raw_sale_id,file,order_id,fecha_raw,fecha_parsed_dayfirst,fecha_parsed_monthfirst,auth_dayfirst_month,auth_monthfirst_month,monto,other_dates
4f02f3f4-9f6b-4f72-b796-071abb5a727f,1  abril   2026 - 31  mayo   2026.xlsx,3230176196,2026-04-01,2026-01-04 00:00:00,2026-04-01 00:00:00,2026-01,2026-04,30244.0,"{'Fecha creación de la orden': Timestamp('2026-03-30 16:17:14'), 'Fecha de Entrega': Timestamp('2026-01-04 10:52:04'), 'Fecha de transacción': Timestamp('2026-01-04 00:00:00')}"
5716f9f0-d478-476a-91e9-8e739757ff80,1  abril   2026 - 31  mayo   2026.xlsx,3230193204,2026-04-01,2026-01-04 00:00:00,2026-04-01 00:00:00,2026-01,2026-04,26882.0,"{'Fecha creación de la orden': Timestamp('2026-03-30 18:02:25'), 'Fecha de Entrega': Timestamp('2026-01-04 14:12:09'), 'Fecha de transacción': Timestamp('2026-01-04 00:00:00')}"
3efb8f06-fde8-4696-b86b-6c1b75d4d63d,1  abril   2026 - 31  mayo   2026.xlsx,3230266350,2026-04-01,2026-01-04 00:00:00,2026-04-01 00:00:00,2026-01,2026-04,23521.0,"{'Fecha creación de la orden': Timestamp('2026-03-31 00:54:30'), 'Fecha de Entrega': Timestamp('2026-01-04 14:32:10'), 'Fecha de transacción': Timestamp('2026-01-04 00:00:00')}"
1eb2b9d3-cb50-4495-8d7e-ebf5a0748de3,1  abril   2026 - 31  mayo   2026.xlsx,3229979510,2026-04-01,2026-01-04 00:00:00,2026-04-01 00:00:00,2026-01,2026-04,43689.0,"{'Fecha creación de la orden': Timestamp('2026-03-29 15:28:59'), 'Fecha de Entrega': Timestamp('2026-01-04 15:23:59'), 'Fecha de transacción': Timestamp('2026-01-04 00:00:00')}"
e22dc1c3-ce8e-4dc6-94b3-40cf579b4896,1  abril   2026 - 31  mayo   2026.xlsx,3229656950,2026-04-01,2026-01-04 00:00:00,2026-04-01 00:00:00,2026-01,2026-04,30244.0,"{'Fecha creación de la orden': Timestamp('2026-03-27 13:20:05'), 'Fecha de Entrega': Timestamp('2026-01-04 18:32:14'), 'Fecha de transacción': Timestamp('2026-01-04 00:00:00')}"
f942be07-e3ef-443c-b15b-b8aa836d33c2,1  abril   2026 - 31  mayo   2026.xlsx,3229985682,2026-04-02,2026-02-04 00:00:00,2026-04-02 00:00:00,2026-02,2026-04,30244.0,"{'Fecha creación de la orden': Timestamp('2026-03-29 16:03:39'), 'Fecha de Entrega': Timestamp('2026-02-04 11:44:40'), 'Fecha de transacción': Timestamp('2026-02-04 00:00:00')}"
d4da5141-d7a6-4e16-bfb6-beb41db0ca7a,1  abril   2026 - 31  mayo   2026.xlsx,3230346715,2026-04-02,2026-02-04 00:00:00,2026-04-02 00:00:00,2026-02,2026-04,22176.0,"{'Fecha creación de la orden': Timestamp('2026-03-31 15:00:13'), 'Fecha de Entrega': Timestamp('2026-02-04 12:52:03'), 'Fecha de transacción': Timestamp('2026-02-04 00:00:00')}"
ef5d6787-2341-4624-84cb-1d74fcafa623,1  abril   2026 - 31  mayo   2026.xlsx,3230413933,2026-04-02,2026-02-04 00:00:00,2026-04-02 00:00:00,2026-02,2026-04,30244.0,"{'Fecha creación de la orden': Timestamp('2026-03-31 21:42:44'), 'Fecha de Entrega': Timestamp('2026-02-04 13:32:07'), 'Fecha de transacción': Timestamp('2026-02-04 00:00:00')}"
6a122cc7-16a0-44ec-8226-2bbdfdf6c71d,1  abril   2026 - 31  mayo   2026.xlsx,3230332817,2026-04-02,2026-02-04 00:00:00,2026-04-02 00:00:00,2026-02,2026-04,28227.0,"{'Fecha creación de la orden': Timestamp('2026-03-31 13:34:54'), 'Fecha de Entrega': Timestamp('2026-02-04 13:42:04'), 'Fecha de transacción': Timestamp('2026-02-04 00:00:00')}"
7352385a-06e4-4f2e-bbaf-7ec1cb247895,1  abril   2026 - 31  mayo   2026.xlsx,3230445369,2026-04-02,2026-02-04 00:00:00,2026-04-02 00:00:00,2026-02,2026-04,60496.0,"{'Fecha creación de la orden': Timestamp('2026-01-04 00:11:39'), 'Fecha de Entrega': Timestamp('2026-02-04 14:02:07'), 'Fecha de transacción': Timestamp('2026-02-04 00:00:00')}"
969815b6-dc6b-4b90-a70f-1045418140d1,1  abril   2026 - 31  mayo   2026.xlsx,3230442958,2026-04-02,2026-02-04 00:00:00,2026-04-02 00:00:00,2026-02,2026-04,28227.0,"{'Fecha creación de la orden': Timestamp('2026-03-31 23:57:59'), 'Fecha de Entrega': Timestamp('2026-02-04 14:12:07'), 'Fecha de transacción': Timestamp('2026-02-04 00:00:00')}"
47447956-ce33-4761-908a-d3259204dcb0,1  abril   2026 - 31  mayo   2026.xlsx,3230564257,2026-04-06,2026-06-04 00:00:00,2026-04-06 00:00:00,2026-06,2026-04,28227.0,"{'Fecha creación de la orden': Timestamp('2026-01-04 20:20:31'), 'Fecha de Entrega': Timestamp('2026-06-04 16:32:05'), 'Fecha de transacción': Timestamp('2026-06-04 00:00:00')}"
59508296-be3a-4e66-9fc0-5b36e5e196ab,1  abril   2026 - 31  mayo   2026.xlsx,3231046102,2026-04-07,2026-07-04 00:00:00,2026-04-07 00:00:00,2026-07,2026-04,30244.0,"{'Fecha creación de la orden': Timestamp('2026-05-04 20:18:28'), 'Fecha de Entrega': Timestamp('2026-07-04 11:52:13'), 'Fecha de transacción': Timestamp('2026-07-04 00:00:00')}"
095b1b4b-f76b-4ce4-b97a-8472bee366eb,1  abril   2026 - 31  mayo   2026.xlsx,3230899909,2026-04-07,2026-07-04 00:00:00,2026-04-07 00:00:00,2026-07,2026-04,60496.0,"{'Fecha creación de la orden': Timestamp('2026-04-04 15:37:11'), 'Fecha de Entrega': Timestamp('2026-07-04 12:52:07'), 'Fecha de transacción': Timestamp('2026-07-04 00:00:00')}"
1067a50e-a11e-4e4d-8a5c-3021019d53e9,1  abril   2026 - 31  mayo   2026.xlsx,3231048604,2026-04-07,2026-07-04 00:00:00,2026-04-07 00:00:00,2026-07,2026-04,30244.0,"{'Fecha creación de la orden': Timestamp('2026-05-04 20:35:29'), 'Fecha de Entrega': Timestamp('2026-07-04 15:12:10'), 'Fecha de transacción': Timestamp('2026-07-04 00:00:00')}"
39a57776-c4f2-455c-bd01-fdcd9bd856fd,1  abril   2026 - 31  mayo   2026.xlsx,3230783917,2026-04-07,2026-07-04 00:00:00,2026-04-07 00:00:00,2026-07,2026-04,31924.0,"{'Fecha creación de la orden': Timestamp('2026-03-04 14:29:08'), 'Fecha de Entrega': Timestamp('2026-07-04 15:24:04'), 'Fecha de transacción': Timestamp('2026-07-04 00:00:00')}"
34b3dfd7-af3d-49bf-be84-d00ad2142e6d,1  abril   2026 - 31  mayo   2026.xlsx,3230783917,2026-04-07,2026-07-04 00:00:00,2026-04-07 00:00:00,2026-07,2026-04,43689.0,"{'Fecha creación de la orden': Timestamp('2026-03-04 14:29:08'), 'Fecha de Entrega': Timestamp('2026-07-04 15:24:04'), 'Fecha de transacción': Timestamp('2026-07-04 00:00:00')}"
ebf16f37-29f8-443c-a070-296aa690e5ca,1  abril   2026 - 31  mayo   2026.xlsx,3230648003,2026-04-07,2026-07-04 00:00:00,2026-04-07 00:00:00,2026-07,2026-04,30244.0,"{'Fecha creación de la orden': Timestamp('2026-02-04 12:57:26'), 'Fecha de Entrega': Timestamp('2026-07-04 15:42:10'), 'Fecha de transacción': Timestamp('2026-07-04 00:00:00')}"
959e0a91-9ad7-4224-b881-715836c31c0a,1  abril   2026 - 31  mayo   2026.xlsx,3231066142,2026-04-07,2026-07-04 00:00:00,2026-04-07 00:00:00,2026-07,2026-04,30244.0,"{'Fecha creación de la orden': Timestamp('2026-05-04 22:27:11'), 'Fecha de Entrega': Timestamp('2026-07-04 17:52:11'), 'Fecha de transacción': Timestamp('2026-07-04 00:00:00')}"
e02c39e5-8ff1-40e7-a40e-d990ad9e79ae,1  abril   2026 - 31  mayo   2026.xlsx,3229533939,2026-04-08,2026-08-04 00:00:00,2026-04-08 00:00:00,2026-08,2026-04,26882.0,"{'Fecha creación de la orden': Timestamp('2026-03-26 16:30:40'), 'Fecha de Entrega': Timestamp('2026-08-04 13:02:11'), 'Fecha de transacción': Timestamp('2026-08-04 00:00:00')}"
a0e01247-4c0e-4ba5-9df6-ce0ed2d4fc4d,1  abril   2026 - 31  mayo   2026.xlsx,3231171480,2026-04-08,2026-08-04 00:00:00,2026-04-08 00:00:00,2026-08,2026-04,60496.0,"{'Fecha creación de la orden': Timestamp('2026-06-04 21:45:47'), 'Fecha de Entrega': Timestamp('2026-08-04 15:22:07'), 'Fecha de transacción': Timestamp('2026-08-04 00:00:00')}"
e52b5c03-f323-49bf-aa7b-78260c43f97b,1  abril   2026 - 31  mayo   2026.xlsx,3230597218,2026-04-08,2026-08-04 00:00:00,2026-04-08 00:00:00,2026-08,2026-04,21504.0,"{'Fecha creación de la orden': Timestamp('2026-01-04 23:36:48'), 'Fecha de Entrega': Timestamp('2026-08-04 15:42:05'), 'Fecha de transacción': Timestamp('2026-08-04 00:00:00')}"
e63a4cf1-64da-4042-bcfe-f1adeee6754c,1  abril   2026 - 31  mayo   2026.xlsx,3230723038,2026-04-08,2026-08-04 00:00:00,2026-04-08 00:00:00,2026-08,2026-04,19487.0,"{'Fecha creación de la orden': Timestamp('2026-02-04 22:23:29'), 'Fecha de Entrega': Timestamp('2026-08-04 17:32:06'), 'Fecha de transacción': Timestamp('2026-08-04 00:00:00')}"
34094441-6477-40d4-8784-288ddb771383,1  abril   2026 - 31  mayo   2026.xlsx,3231197711,2026-04-09,2026-09-04 00:00:00,2026-04-09 00:00:00,2026-09,2026-04,37807.0,"{'Fecha creación de la orden': Timestamp('2026-07-04 08:54:39'), 'Fecha de Entrega': Timestamp('2026-09-04 13:05:05'), 'Fecha de transacción': Timestamp('2026-09-04 00:00:00')}"
8caeff45-e8c3-481b-9990-5a239278b62d,1  abril   2026 - 31  mayo   2026.xlsx,3231102221,2026-04-10,2026-10-04 00:00:00,2026-04-10 00:00:00,2026-10,2026-04,40328.0,"{'Fecha creación de la orden': Timestamp('2026-06-04 11:06:59'), 'Fecha de Entrega': Timestamp('2026-10-04 11:32:03'), 'Fecha de transacción': Timestamp('2026-10-04 00:00:00')}"
c4b13c8c-8955-4bbc-8286-f09c51646cd1,1  abril   2026 - 31  mayo   2026.xlsx,3231029781,2026-04-10,2026-10-04 00:00:00,2026-04-10 00:00:00,2026-10,2026-04,30244.0,"{'Fecha creación de la orden': Timestamp('2026-05-04 18:19:24'), 'Fecha de Entrega': Timestamp('2026-10-04 12:43:51'), 'Fecha de transacción': Timestamp('2026-10-04 00:00:00')}"
1d0e1674-ad1a-450c-b342-0842acc9faf3,1  abril   2026 - 31  mayo   2026.xlsx,3231306874,2026-04-10,2026-10-04 00:00:00,2026-04-10 00:00:00,2026-10,2026-04,67218.0,"{'Fecha creación de la orden': Timestamp('2026-08-04 11:38:45'), 'Fecha de Entrega': Timestamp('2026-10-04 13:22:12'), 'Fecha de transacción': Timestamp('2026-10-04 00:00:00')}"
887336c6-3228-49d2-b203-449730ef63ad,1  abril   2026 - 31  mayo   2026.xlsx,3231236919,2026-04-10,2026-10-04 00:00:00,2026-04-10 00:00:00,2026-10,2026-04,37807.0,"{'Fecha creación de la orden': Timestamp('2026-07-04 16:11:21'), 'Fecha de Entrega': Timestamp('2026-10-04 13:42:04'), 'Fecha de transacción': Timestamp('2026-10-04 00:00:00')}"
b52e0654-7c69-4c8f-a545-7051dc223815,1  abril   2026 - 31  mayo   2026.xlsx,3231174582,2026-04-10,2026-10-04 00:00:00,2026-04-10 00:00:00,2026-10,2026-04,19319.0,"{'Fecha creación de la orden': Timestamp('2026-06-04 22:09:34'), 'Fecha de Entrega': Timestamp('2026-10-04 14:02:06'), 'Fecha de transacción': Timestamp('2026-10-04 00:00:00')}"
87df28a5-4fe5-41b2-860b-599a162870a7,1  abril   2026 - 31  mayo   2026.xlsx,3231357776,2026-04-10,2026-10-04 00:00:00,2026-04-10 00:00:00,2026-10,2026-04,28563.0,"{'Fecha creación de la orden': Timestamp('2026-08-04 20:28:52'), 'Fecha de Entrega': Timestamp('2026-10-04 15:12:05'), 'Fecha de transacción': Timestamp('2026-10-04 00:00:00')}"
bda30550-afc6-4f33-b806-bc0942e6dd61,1  abril   2026 - 31  mayo   2026.xlsx,3231356245,2026-04-10,2026-10-04 00:00:00,2026-04-10 00:00:00,2026-10,2026-04,37807.0,"{'Fecha creación de la orden': Timestamp('2026-08-04 20:12:07'), 'Fecha de Entrega': Timestamp('2026-10-04 16:12:03'), 'Fecha de transacción': Timestamp('2026-10-04 00:00:00')}"
b987ac53-aab5-417f-9ed5-9a01a5d0ec27,1  abril   2026 - 31  mayo   2026.xlsx,3231493672,2026-04-13,2026-04-13 00:00:00,2026-04-13 00:00:00,2026-04,2026-04,60496.0,"{'Fecha creación de la orden': Timestamp('2026-10-04 06:47:20'), 'Fecha de Entrega': Timestamp('2026-04-13 18:12:03'), 'Fecha de transacción': Timestamp('2026-04-13 00:00:00')}"
187a04c4-1d30-4a16-aa11-2ed5165bba65,1  abril   2026 - 31  mayo   2026.xlsx,3231586274,2026-04-14,2026-04-14 00:00:00,2026-04-14 00:00:00,2026-04,2026-04,67218.0,"{'Fecha creación de la orden': Timestamp('2026-10-04 23:04:08'), 'Fecha de Entrega': Timestamp('2026-04-14 09:55:16'), 'Fecha de transacción': Timestamp('2026-04-14 00:00:00')}"
d6be5bc6-e1bc-429a-89d5-c00df9bce654,1  abril   2026 - 31  mayo   2026.xlsx,3231575254,2026-04-14,2026-04-14 00:00:00,2026-04-14 00:00:00,2026-04,2026-04,26882.0,"{'Fecha creación de la orden': Timestamp('2026-10-04 21:13:56'), 'Fecha de Entrega': Timestamp('2026-04-14 15:02:12'), 'Fecha de transacción': Timestamp('2026-04-14 00:00:00')}"
d7c1a27b-3190-40b5-9f1f-16af0ea08de4,1  abril   2026 - 31  mayo   2026.xlsx,3231775858,2026-04-14,2026-04-14 00:00:00,2026-04-14 00:00:00,2026-04,2026-04,37807.0,"{'Fecha creación de la orden': Timestamp('2026-12-04 23:01:01'), 'Fecha de Entrega': Timestamp('2026-04-14 16:32:14'), 'Fecha de transacción': Timestamp('2026-04-14 00:00:00')}"
82e54bfe-5ec2-4e67-aa54-eb4ee80f9d0a,1  abril   2026 - 31  mayo   2026.xlsx,3231775858,2026-04-14,2026-04-14 00:00:00,2026-04-14 00:00:00,2026-04,2026-04,37807.0,"{'Fecha creación de la orden': Timestamp('2026-12-04 23:01:01'), 'Fecha de Entrega': Timestamp('2026-04-14 16:32:14'), 'Fecha de transacción': Timestamp('2026-04-14 00:00:00')}"
d04fbf9a-848b-410d-80b4-a66fefbf4386,1  abril   2026 - 31  mayo   2026.xlsx,3231713597,2026-04-14,2026-04-14 00:00:00,2026-04-14 00:00:00,2026-04,2026-04,27723.0,"{'Fecha creación de la orden': Timestamp('2026-12-04 12:28:53'), 'Fecha de Entrega': Timestamp('2026-04-14 17:05:06'), 'Fecha de transacción': Timestamp('2026-04-14 00:00:00')}"
a110305a-bbc2-4124-b147-b1467f3fb503,1  abril   2026 - 31  mayo   2026.xlsx,3231668244,2026-04-14,2026-04-14 00:00:00,2026-04-14 00:00:00,2026-04,2026-04,68899.0,"{'Fecha creación de la orden': Timestamp('2026-11-04 20:29:23'), 'Fecha de Entrega': Timestamp('2026-04-14 19:12:12'), 'Fecha de transacción': Timestamp('2026-04-14 00:00:00')}"
f6e22830-481d-419c-97fb-4195dc4872e3,1  abril   2026 - 31  mayo   2026.xlsx,3231865180,2026-04-16,2026-04-16 00:00:00,2026-04-16 00:00:00,2026-04,2026-04,26882.0,"{'Fecha creación de la orden': Timestamp('2026-04-13 21:47:47'), 'Fecha de Entrega': Timestamp('2026-04-16 12:12:09'), 'Fecha de transacción': Timestamp('2026-04-16 00:00:00')}"
7dc0eec0-724b-453c-b32c-f059ade20295,1  abril   2026 - 31  mayo   2026.xlsx,3231937595,2026-04-16,2026-04-16 00:00:00,2026-04-16 00:00:00,2026-04,2026-04,32765.0,"{'Fecha creación de la orden': Timestamp('2026-04-14 17:52:23'), 'Fecha de Entrega': Timestamp('2026-04-16 15:04:18'), 'Fecha de transacción': Timestamp('2026-04-16 00:00:00')}"
ae0a97bf-437a-47e7-9fa5-29d99e72672c,1  abril   2026 - 31  mayo   2026.xlsx,3231539837,2026-04-16,2026-04-16 00:00:00,2026-04-16 00:00:00,2026-04,2026-04,33605.0,"{'Fecha creación de la orden': Timestamp('2026-10-04 15:53:28'), 'Fecha de Entrega': Timestamp('2026-04-16 15:42:14'), 'Fecha de transacción': Timestamp('2026-04-16 00:00:00')}"
43336dcc-e2ed-4c1b-9c76-35ac63407807,1  abril   2026 - 31  mayo   2026.xlsx,3231962187,2026-04-16,2026-04-16 00:00:00,2026-04-16 00:00:00,2026-04,2026-04,19319.0,"{'Fecha creación de la orden': Timestamp('2026-04-14 22:08:46'), 'Fecha de Entrega': Timestamp('2026-04-16 17:02:07'), 'Fecha de transacción': Timestamp('2026-04-16 00:00:00')}"
608bf5f8-5133-48db-aed9-635d2fa82bb8,1  abril   2026 - 31  mayo   2026.xlsx,3231586116,2026-04-17,2026-04-17 00:00:00,2026-04-17 00:00:00,2026-04,2026-04,37807.0,"{'Fecha creación de la orden': Timestamp('2026-10-04 23:02:13'), 'Fecha de Entrega': Timestamp('2026-04-17 12:42:07'), 'Fecha de transacción': Timestamp('2026-04-17 00:00:00')}"
919ba5ce-24d3-4ea1-ab4a-4625553405f1,1  abril   2026 - 31  mayo   2026.xlsx,3231990180,2026-04-17,2026-04-17 00:00:00,2026-04-17 00:00:00,2026-04,2026-04,67218.0,"{'Fecha creación de la orden': Timestamp('2026-04-15 10:24:02'), 'Fecha de Entrega': Timestamp('2026-04-17 16:02:00'), 'Fecha de transacción': Timestamp('2026-04-17 00:00:00')}"
a5278504-0323-4d06-9ae6-e5bfb021bff7,1  abril   2026 - 31  mayo   2026.xlsx,3232017634,2026-04-17,2026-04-17 00:00:00,2026-04-17 00:00:00,2026-04,2026-04,36126.0,"{'Fecha creación de la orden': Timestamp('2026-04-15 15:00:38'), 'Fecha de Entrega': Timestamp('2026-04-17 19:00:16'), 'Fecha de transacción': Timestamp('2026-04-17 00:00:00')}"
f069781e-27b7-4c3b-af9e-62c61a1297db,1  abril   2026 - 31  mayo   2026.xlsx,3232094330,2026-04-17,2026-04-17 00:00:00,2026-04-17 00:00:00,2026-04,2026-04,37807.0,"{'Fecha creación de la orden': Timestamp('2026-04-15 23:36:42'), 'Fecha de Entrega': Timestamp('2026-04-17 21:58:35'), 'Fecha de transacción': Timestamp('2026-04-17 00:00:00')}"
f5b598d5-a49d-48aa-a9f5-8eacb7c02781,1  abril   2026 - 31  mayo   2026.xlsx,3232094330,2026-04-17,2026-04-17 00:00:00,2026-04-17 00:00:00,2026-04,2026-04,37807.0,"{'Fecha creación de la orden': Timestamp('2026-04-15 23:36:42'), 'Fecha de Entrega': Timestamp('2026-04-17 21:58:35'), 'Fecha de transacción': Timestamp('2026-04-17 00:00:00')}"
941053fc-a64b-48ed-a9eb-3937c6645ac0,1  abril   2026 - 31  mayo   2026.xlsx,3231984601,2026-04-18,2026-04-18 00:00:00,2026-04-18 00:00:00,2026-04,2026-04,75622.0,"{'Fecha creación de la orden': Timestamp('2026-04-15 09:03:58'), 'Fecha de Entrega': Timestamp('2026-04-18 09:35:27'), 'Fecha de transacción': Timestamp('2026-04-18 00:00:00')}"
7677fc77-2c82-4200-ba61-c25324cae902,1  abril   2026 - 31  mayo   2026.xlsx,3232152455,2026-04-18,2026-04-18 00:00:00,2026-04-18 00:00:00,2026-04,2026-04,60496.0,"{'Fecha creación de la orden': Timestamp('2026-04-16 13:41:07'), 'Fecha de Entrega': Timestamp('2026-04-18 13:35:30'), 'Fecha de transacción': Timestamp('2026-04-18 00:00:00')}"
51d3b827-8cab-4b65-a86e-f488982d40e9,1  abril   2026 - 31  mayo   2026.xlsx,3232148020,2026-04-20,2026-04-20 00:00:00,2026-04-20 00:00:00,2026-04,2026-04,54613.0,"{'Fecha creación de la orden': Timestamp('2026-04-16 12:58:00'), 'Fecha de Entrega': Timestamp('2026-04-20 13:22:04'), 'Fecha de transacción': Timestamp('2026-04-20 00:00:00')}"
83f72225-22df-4e22-b5f1-8b157f586552,1  abril   2026 - 31  mayo   2026.xlsx,3232148018,2026-04-20,2026-04-20 00:00:00,2026-04-20 00:00:00,2026-04,2026-04,33605.0,"{'Fecha creación de la orden': Timestamp('2026-04-16 12:58:00'), 'Fecha de Entrega': Timestamp('2026-04-20 13:22:05'), 'Fecha de transacción': Timestamp('2026-04-20 00:00:00')}"
607a4688-517a-4c99-8347-89f6ccae71ea,1  abril   2026 - 31  mayo   2026.xlsx,3232155594,2026-04-20,2026-04-20 00:00:00,2026-04-20 00:00:00,2026-04,2026-04,27723.0,"{'Fecha creación de la orden': Timestamp('2026-04-16 14:15:57'), 'Fecha de Entrega': Timestamp('2026-04-20 13:43:10'), 'Fecha de transacción': Timestamp('2026-04-20 00:00:00')}"
38cb9af6-f9ab-477c-97b7-070eadc75e67,1  abril   2026 - 31  mayo   2026.xlsx,3232001869,2026-04-20,2026-04-20 00:00:00,2026-04-20 00:00:00,2026-04,2026-04,37807.0,"{'Fecha creación de la orden': Timestamp('2026-04-15 12:20:30'), 'Fecha de Entrega': Timestamp('2026-04-20 16:22:05'), 'Fecha de transacción': Timestamp('2026-04-20 00:00:00')}"
7a85aa4c-68f6-4fba-b9d0-11d9241da090,1  abril   2026 - 31  mayo   2026.xlsx,3232231480,2026-04-20,2026-04-20 00:00:00,2026-04-20 00:00:00,2026-04,2026-04,48731.0,"{'Fecha creación de la orden': Timestamp('2026-04-17 11:16:09'), 'Fecha de Entrega': Timestamp('2026-04-20 16:43:07'), 'Fecha de transacción': Timestamp('2026-04-20 00:00:00')}"
9a56fa62-74d9-4306-b4bd-86aa2836401a,1  abril   2026 - 31  mayo   2026.xlsx,3232366305,2026-04-21,2026-04-21 00:00:00,2026-04-21 00:00:00,2026-04,2026-04,37807.0,"{'Fecha creación de la orden': Timestamp('2026-04-18 21:37:30'), 'Fecha de Entrega': Timestamp('2026-04-21 12:47:12'), 'Fecha de transacción': Timestamp('2026-04-21 00:00:00')}"
5a3046db-9bb8-4aa0-ae22-45107f5f6018,1  abril   2026 - 31  mayo   2026.xlsx,3232161344,2026-04-21,2026-04-21 00:00:00,2026-04-21 00:00:00,2026-04,2026-04,37807.0,"{'Fecha creación de la orden': Timestamp('2026-04-16 15:16:11'), 'Fecha de Entrega': Timestamp('2026-04-21 15:42:56'), 'Fecha de transacción': Timestamp('2026-04-21 00:00:00')}"
ddcf16a7-f9cc-4286-82a1-338ef9bfe5e4,1  abril   2026 - 31  mayo   2026.xlsx,3232359381,2026-04-21,2026-04-21 00:00:00,2026-04-21 00:00:00,2026-04,2026-04,31924.0,"{'Fecha creación de la orden': Timestamp('2026-04-18 20:14:40'), 'Fecha de Entrega': Timestamp('2026-04-21 15:46:39'), 'Fecha de transacción': Timestamp('2026-04-21 00:00:00')}"
f5961211-208b-4743-9ff1-7ebcc33c7b08,1  abril   2026 - 31  mayo   2026.xlsx,3232369579,2026-04-21,2026-04-21 00:00:00,2026-04-21 00:00:00,2026-04,2026-04,68899.0,"{'Fecha creación de la orden': Timestamp('2026-04-18 22:19:03'), 'Fecha de Entrega': Timestamp('2026-04-21 15:47:09'), 'Fecha de transacción': Timestamp('2026-04-21 00:00:00')}"
9528f866-405b-4959-bb10-138cf70332ae,1  abril   2026 - 31  mayo   2026.xlsx,3232359379,2026-04-21,2026-04-21 00:00:00,2026-04-21 00:00:00,2026-04,2026-04,37807.0,"{'Fecha creación de la orden': Timestamp('2026-04-18 20:14:40'), 'Fecha de Entrega': Timestamp('2026-04-21 18:44:05'), 'Fecha de transacción': Timestamp('2026-04-21 00:00:00')}"
490bca44-43f1-477f-b4ee-0ba7454ffdf5,1  abril   2026 - 31  mayo   2026.xlsx,3232368288,2026-04-22,2026-04-22 00:00:00,2026-04-22 00:00:00,2026-04,2026-04,28563.0,"{'Fecha creación de la orden': Timestamp('2026-04-18 22:01:49'), 'Fecha de Entrega': Timestamp('2026-04-22 07:07:15'), 'Fecha de transacción': Timestamp('2026-04-22 00:00:00')}"
edf38d8e-46bc-4a4f-af2d-b637489371ad,1  abril   2026 - 31  mayo   2026.xlsx,3232679333,2026-04-22,2026-04-22 00:00:00,2026-04-22 00:00:00,2026-04,2026-04,27723.0,"{'Fecha creación de la orden': Timestamp('2026-04-20 18:34:54'), 'Fecha de Entrega': Timestamp('2026-04-22 15:42:10'), 'Fecha de transacción': Timestamp('2026-04-22 00:00:00')}"
719d2e4c-cad6-4946-8bde-a3bffd01a816,1  abril   2026 - 31  mayo   2026.xlsx,3232742716,2026-04-22,2026-04-22 00:00:00,2026-04-22 00:00:00,2026-04,2026-04,40328.0,"{'Fecha creación de la orden': Timestamp('2026-04-20 22:26:46'), 'Fecha de Entrega': Timestamp('2026-04-22 15:44:07'), 'Fecha de transacción': Timestamp('2026-04-22 00:00:00')}"
46bfa501-7a8d-4f36-b66c-6746fa5b71a2,1  abril   2026 - 31  mayo   2026.xlsx,3232742716,2026-04-22,2026-04-22 00:00:00,2026-04-22 00:00:00,2026-04,2026-04,33605.0,"{'Fecha creación de la orden': Timestamp('2026-04-20 22:26:46'), 'Fecha de Entrega': Timestamp('2026-04-22 15:44:07'), 'Fecha de transacción': Timestamp('2026-04-22 00:00:00')}"
c0ff5a36-d4d5-4052-a9ec-defe0a49d184,1  abril   2026 - 31  mayo   2026.xlsx,3232826311,2026-04-22,2026-04-22 00:00:00,2026-04-22 00:00:00,2026-04,2026-04,37807.0,"{'Fecha creación de la orden': Timestamp('2026-04-21 10:18:34'), 'Fecha de Entrega': Timestamp('2026-04-22 18:42:17'), 'Fecha de transacción': Timestamp('2026-04-22 00:00:00')}"
e6cf793d-b1f4-4e8b-b23a-b233f50be836,1  abril   2026 - 31  mayo   2026.xlsx,3232699801,2026-04-22,2026-04-22 00:00:00,2026-04-22 00:00:00,2026-04,2026-04,33605.0,"{'Fecha creación de la orden': Timestamp('2026-04-20 19:57:29'), 'Fecha de Entrega': Timestamp('2026-04-22 18:42:18'), 'Fecha de transacción': Timestamp('2026-04-22 00:00:00')}"
36bfe62a-3afc-4f96-83ad-ec57c08e2976,1  abril   2026 - 31  mayo   2026.xlsx,3233127448,2026-04-24,2026-04-24 00:00:00,2026-04-24 00:00:00,2026-04,2026-04,37807.0,"{'Fecha creación de la orden': Timestamp('2026-04-22 13:19:44'), 'Fecha de Entrega': Timestamp('2026-04-24 12:42:36'), 'Fecha de transacción': Timestamp('2026-04-24 00:00:00')}"
7aeae7ea-c2bc-4cde-904d-7a4bc29ea184,1  abril   2026 - 31  mayo   2026.xlsx,3233280910,2026-04-24,2026-04-24 00:00:00,2026-04-24 00:00:00,2026-04,2026-04,37807.0,"{'Fecha creación de la orden': Timestamp('2026-04-22 23:14:29'), 'Fecha de Entrega': Timestamp('2026-04-24 12:52:03'), 'Fecha de transacción': Timestamp('2026-04-24 00:00:00')}"
8ca17c28-2984-47af-b394-6a312b526bb4,1  abril   2026 - 31  mayo   2026.xlsx,3233331532,2026-04-24,2026-04-24 00:00:00,2026-04-24 00:00:00,2026-04,2026-04,37807.0,"{'Fecha creación de la orden': Timestamp('2026-04-23 06:30:09'), 'Fecha de Entrega': Timestamp('2026-04-24 15:42:27'), 'Fecha de transacción': Timestamp('2026-04-24 00:00:00')}"
ebced02c-0e15-4c16-9e71-affc6f56ba1e,1  abril   2026 - 31  mayo   2026.xlsx,3233656913,2026-04-25,2026-04-25 00:00:00,2026-04-25 00:00:00,2026-04,2026-04,37807.0,"{'Fecha creación de la orden': Timestamp('2026-04-24 01:16:03'), 'Fecha de Entrega': Timestamp('2026-04-25 11:03:37'), 'Fecha de transacción': Timestamp('2026-04-25 00:00:00')}"
d02f2771-485f-48b3-9468-d046a516269b,1  abril   2026 - 31  mayo   2026.xlsx,3233465825,2026-04-25,2026-04-25 00:00:00,2026-04-25 00:00:00,2026-04,2026-04,37807.0,"{'Fecha creación de la orden': Timestamp('2026-04-23 18:17:48'), 'Fecha de Entrega': Timestamp('2026-04-25 15:02:06'), 'Fecha de transacción': Timestamp('2026-04-25 00:00:00')}"
8a88a5bc-5884-4347-9701-4f590e3c50ac,1  abril   2026 - 31  mayo   2026.xlsx,3233789614,2026-04-28,2026-04-28 00:00:00,2026-04-28 00:00:00,2026-04,2026-04,31924.0,"{'Fecha creación de la orden': Timestamp('2026-04-25 13:20:49'), 'Fecha de Entrega': Timestamp('2026-04-28 12:43:46'), 'Fecha de transacción': Timestamp('2026-04-28 00:00:00')}"
64abbb52-e54c-473c-bd8a-7e5e80823a21,1  abril   2026 - 31  mayo   2026.xlsx,3233799720,2026-04-28,2026-04-28 00:00:00,2026-04-28 00:00:00,2026-04,2026-04,28563.0,"{'Fecha creación de la orden': Timestamp('2026-04-25 15:07:26'), 'Fecha de Entrega': Timestamp('2026-04-28 13:42:10'), 'Fecha de transacción': Timestamp('2026-04-28 00:00:00')}"
2f7a0c40-51c7-4e69-b14d-3eb4e49bca6b,1  abril   2026 - 31  mayo   2026.xlsx,3233741604,2026-04-28,2026-04-28 00:00:00,2026-04-28 00:00:00,2026-04,2026-04,68899.0,"{'Fecha creación de la orden': Timestamp('2026-04-24 20:56:33'), 'Fecha de Entrega': Timestamp('2026-04-28 15:43:00'), 'Fecha de transacción': Timestamp('2026-04-28 00:00:00')}"
df2ef93d-d6e4-4d6b-8b49-c39cb9a41bf2,1  abril   2026 - 31  mayo   2026.xlsx,3233830662,2026-04-28,2026-04-28 00:00:00,2026-04-28 00:00:00,2026-04,2026-04,26882.0,"{'Fecha creación de la orden': Timestamp('2026-04-25 20:43:21'), 'Fecha de Entrega': Timestamp('2026-04-28 15:43:09'), 'Fecha de transacción': Timestamp('2026-04-28 00:00:00')}"
4116bb2d-bf98-455c-b56a-a924780abf84,1  abril   2026 - 31  mayo   2026.xlsx,3233710163,2026-04-28,2026-04-28 00:00:00,2026-04-28 00:00:00,2026-04,2026-04,67218.0,"{'Fecha creación de la orden': Timestamp('2026-04-24 15:15:32'), 'Fecha de Entrega': Timestamp('2026-04-28 15:43:34'), 'Fecha de transacción': Timestamp('2026-04-28 00:00:00')}"
2c585cde-87b4-465f-98af-4c25ff1f8c3d,1  abril   2026 - 31  mayo   2026.xlsx,3233788946,2026-04-28,2026-04-28 00:00:00,2026-04-28 00:00:00,2026-04,2026-04,68899.0,"{'Fecha creación de la orden': Timestamp('2026-04-25 13:14:09'), 'Fecha de Entrega': Timestamp('2026-04-28 16:42:06'), 'Fecha de transacción': Timestamp('2026-04-28 00:00:00')}"
779708d9-bc28-4d50-a902-7ae3258b1cfa,1  abril   2026 - 31  mayo   2026.xlsx,3234040761,2026-04-29,2026-04-29 00:00:00,2026-04-29 00:00:00,2026-04,2026-04,71420.0,"{'Fecha creación de la orden': Timestamp('2026-04-27 22:54:26'), 'Fecha de Entrega': Timestamp('2026-04-29 11:12:03'), 'Fecha de transacción': Timestamp('2026-04-29 00:00:00')}"
73fa9efc-5efc-419b-a5e1-94bc75168cf0,1  abril   2026 - 31  mayo   2026.xlsx,3234040761,2026-04-29,2026-04-29 00:00:00,2026-04-29 00:00:00,2026-04,2026-04,71420.0,"{'Fecha creación de la orden': Timestamp('2026-04-27 22:54:26'), 'Fecha de Entrega': Timestamp('2026-04-29 11:12:04'), 'Fecha de transacción': Timestamp('2026-04-29 00:00:00')}"
73523284-ed60-44cc-b213-62d5bc123cd6,1  abril   2026 - 31  mayo   2026.xlsx,3234040761,2026-04-29,2026-04-29 00:00:00,2026-04-29 00:00:00,2026-04,2026-04,67218.0,"{'Fecha creación de la orden': Timestamp('2026-04-27 22:54:26'), 'Fecha de Entrega': Timestamp('2026-04-29 11:13:36'), 'Fecha de transacción': Timestamp('2026-04-29 00:00:00')}"
b1ea1b3f-ea51-4de4-8e1f-d18461ce9cf7,1  abril   2026 - 31  mayo   2026.xlsx,3234043818,2026-04-29,2026-04-29 00:00:00,2026-04-29 00:00:00,2026-04,2026-04,35286.0,"{'Fecha creación de la orden': Timestamp('2026-04-27 23:26:03'), 'Fecha de Entrega': Timestamp('2026-04-29 12:52:04'), 'Fecha de transacción': Timestamp('2026-04-29 00:00:00')}"
28217a02-ad24-428a-97d6-a33620892573,1  abril   2026 - 31  mayo   2026.xlsx,3234229796,2026-05-02,2026-02-05 00:00:00,2026-05-02 00:00:00,2026-02,2026-05,37807.0,"{'Fecha creación de la orden': Timestamp('2026-04-29 21:10:13'), 'Fecha de Entrega': Timestamp('2026-02-05 10:41:41'), 'Fecha de transacción': Timestamp('2026-02-05 00:00:00')}"
e71c6aa5-2648-4631-b33d-31ed88f51203,1  abril   2026 - 31  mayo   2026.xlsx,3234229796,2026-05-02,2026-02-05 00:00:00,2026-05-02 00:00:00,2026-02,2026-05,31924.0,"{'Fecha creación de la orden': Timestamp('2026-04-29 21:10:13'), 'Fecha de Entrega': Timestamp('2026-02-05 10:41:41'), 'Fecha de transacción': Timestamp('2026-02-05 00:00:00')}"
04b191c1-28a1-400f-acdc-e4e8cf1bf7cd,1  abril   2026 - 31  mayo   2026.xlsx,3234258724,2026-05-02,2026-02-05 00:00:00,2026-05-02 00:00:00,2026-02,2026-05,36126.0,"{'Fecha creación de la orden': Timestamp('2026-04-30 08:26:25'), 'Fecha de Entrega': Timestamp('2026-02-05 12:42:04'), 'Fecha de transacción': Timestamp('2026-02-05 00:00:00')}"
5f6bce4b-7ba1-4c40-a2e5-604189add0a3,1  abril   2026 - 31  mayo   2026.xlsx,3234119415,2026-05-02,2026-02-05 00:00:00,2026-05-02 00:00:00,2026-02,2026-05,37807.0,"{'Fecha creación de la orden': Timestamp('2026-04-28 19:43:15'), 'Fecha de Entrega': Timestamp('2026-02-05 13:04:42'), 'Fecha de transacción': Timestamp('2026-02-05 00:00:00')}"
3f30a718-4895-4c40-a1ed-b3c2874f0784,1  abril   2026 - 31  mayo   2026.xlsx,3234119415,2026-05-02,2026-02-05 00:00:00,2026-05-02 00:00:00,2026-02,2026-05,37807.0,"{'Fecha creación de la orden': Timestamp('2026-04-28 19:43:15'), 'Fecha de Entrega': Timestamp('2026-02-05 13:04:42'), 'Fecha de transacción': Timestamp('2026-02-05 00:00:00')}"
48e15760-a9fd-4194-9fbd-9766da34070f,1  abril   2026 - 31  mayo   2026.xlsx,3234114186,2026-05-02,2026-02-05 00:00:00,2026-05-02 00:00:00,2026-02,2026-05,35286.0,"{'Fecha creación de la orden': Timestamp('2026-04-28 18:46:38'), 'Fecha de Entrega': Timestamp('2026-02-05 15:45:27'), 'Fecha de transacción': Timestamp('2026-02-05 00:00:00')}"
a1f710ac-eaa3-42ca-93fa-31e2fa07c51b,1  abril   2026 - 31  mayo   2026.xlsx,3234114186,2026-05-02,2026-02-05 00:00:00,2026-05-02 00:00:00,2026-02,2026-05,37807.0,"{'Fecha creación de la orden': Timestamp('2026-04-28 18:46:38'), 'Fecha de Entrega': Timestamp('2026-02-05 15:45:27'), 'Fecha de transacción': Timestamp('2026-02-05 00:00:00')}"
172fc33e-8794-4e79-95f7-788bbe6fdd58,1  abril   2026 - 31  mayo   2026.xlsx,3234208231,2026-05-04,2026-04-05 00:00:00,2026-05-04 00:00:00,2026-04,2026-05,37807.0,"{'Fecha creación de la orden': Timestamp('2026-04-29 17:17:35'), 'Fecha de Entrega': Timestamp('2026-04-05 06:02:05'), 'Fecha de transacción': Timestamp('2026-04-05 00:00:00')}"
8d3370f9-58e8-4726-a1de-e9a338e5bccc,1  abril   2026 - 31  mayo   2026.xlsx,3234221946,2026-05-04,2026-04-05 00:00:00,2026-05-04 00:00:00,2026-04,2026-05,31924.0,"{'Fecha creación de la orden': Timestamp('2026-04-29 19:47:57'), 'Fecha de Entrega': Timestamp('2026-04-05 15:46:28'), 'Fecha de transacción': Timestamp('2026-04-05 00:00:00')}"
5e1703f9-509a-4f12-a59f-80635d0b70b5,1  abril   2026 - 31  mayo   2026.xlsx,3234566623,2026-05-05,2026-05-05 00:00:00,2026-05-05 00:00:00,2026-05,2026-05,75622.0,"{'Fecha creación de la orden': Timestamp('2026-03-05 10:40:36'), 'Fecha de Entrega': Timestamp('2026-05-05 10:45:38'), 'Fecha de transacción': Timestamp('2026-05-05 00:00:00')}"
96efc647-8e23-4d4a-bd75-5e5fc73bcb58,1  abril   2026 - 31  mayo   2026.xlsx,3234302368,2026-05-05,2026-05-05 00:00:00,2026-05-05 00:00:00,2026-05,2026-05,68899.0,"{'Fecha creación de la orden': Timestamp('2026-04-30 16:27:53'), 'Fecha de Entrega': Timestamp('2026-05-05 11:12:23'), 'Fecha de transacción': Timestamp('2026-05-05 00:00:00')}"
ec894add-a003-4499-b4ff-c990f7e816ab,1  abril   2026 - 31  mayo   2026.xlsx,3234678495,2026-05-05,2026-05-05 00:00:00,2026-05-05 00:00:00,2026-05,2026-05,37807.0,"{'Fecha creación de la orden': Timestamp('2026-04-05 06:59:31'), 'Fecha de Entrega': Timestamp('2026-05-05 11:42:12'), 'Fecha de transacción': Timestamp('2026-05-05 00:00:00')}"
8efec241-4bad-4d62-b633-9fedf5f10010,1  abril   2026 - 31  mayo   2026.xlsx,3234525021,2026-05-05,2026-05-05 00:00:00,2026-05-05 00:00:00,2026-05,2026-05,29403.0,"{'Fecha creación de la orden': Timestamp('2026-02-05 20:14:33'), 'Fecha de Entrega': Timestamp('2026-05-05 14:22:06'), 'Fecha de transacción': Timestamp('2026-05-05 00:00:00')}"
82399249-5cd2-4bc4-8a1e-e608cdce71d8,1  abril   2026 - 31  mayo   2026.xlsx,3234658402,2026-05-06,2026-06-05 00:00:00,2026-05-06 00:00:00,2026-06,2026-05,24361.0,"{'Fecha creación de la orden': Timestamp('2026-03-05 22:40:20'), 'Fecha de Entrega': Timestamp('2026-06-05 09:48:41'), 'Fecha de transacción': Timestamp('2026-06-05 00:00:00')}"
ef8406f9-9d56-4dc9-893b-1eceef4f500f,1  abril   2026 - 31  mayo   2026.xlsx,3234658402,2026-05-06,2026-06-05 00:00:00,2026-05-06 00:00:00,2026-06,2026-05,27723.0,"{'Fecha creación de la orden': Timestamp('2026-03-05 22:40:20'), 'Fecha de Entrega': Timestamp('2026-06-05 09:48:41'), 'Fecha de transacción': Timestamp('2026-06-05 00:00:00')}"
fdf4ee98-833c-4c68-9926-1507a4b4d6b9,1  abril   2026 - 31  mayo   2026.xlsx,3234406864,2026-05-06,2026-06-05 00:00:00,2026-05-06 00:00:00,2026-06,2026-05,16798.0,"{'Fecha creación de la orden': Timestamp('2026-01-05 18:20:08'), 'Fecha de Entrega': Timestamp('2026-06-05 10:07:30'), 'Fecha de transacción': Timestamp('2026-06-05 00:00:00')}"
effb5607-f929-42ef-bf32-d9e8f2306d1b,1  abril   2026 - 31  mayo   2026.xlsx,3234653412,2026-05-06,2026-06-05 00:00:00,2026-05-06 00:00:00,2026-06,2026-05,16798.0,"{'Fecha creación de la orden': Timestamp('2026-03-05 22:09:29'), 'Fecha de Entrega': Timestamp('2026-06-05 12:42:53'), 'Fecha de transacción': Timestamp('2026-06-05 00:00:00')}"
f5ffb335-9973-4d1e-98fa-fdac907a5ee2,1  abril   2026 - 31  mayo   2026.xlsx,3234660104,2026-05-06,2026-06-05 00:00:00,2026-05-06 00:00:00,2026-06,2026-05,16798.0,"{'Fecha creación de la orden': Timestamp('2026-03-05 22:52:23'), 'Fecha de Entrega': Timestamp('2026-06-05 13:05:08'), 'Fecha de transacción': Timestamp('2026-06-05 00:00:00')}"
70c0d24f-d5d6-480b-a98e-1bb1e001e731,1  abril   2026 - 31  mayo   2026.xlsx,3234669588,2026-05-06,2026-06-05 00:00:00,2026-05-06 00:00:00,2026-06,2026-05,68899.0,"{'Fecha creación de la orden': Timestamp('2026-04-05 00:09:40'), 'Fecha de Entrega': Timestamp('2026-06-05 13:05:12'), 'Fecha de transacción': Timestamp('2026-06-05 00:00:00')}"
a91ffe8d-99ca-4c00-9154-47a68865d77b,1  abril   2026 - 31  mayo   2026.xlsx,3234265282,2026-05-06,2026-06-05 00:00:00,2026-05-06 00:00:00,2026-06,2026-05,33605.0,"{'Fecha creación de la orden': Timestamp('2026-04-30 10:05:22'), 'Fecha de Entrega': Timestamp('2026-06-05 14:02:17'), 'Fecha de transacción': Timestamp('2026-06-05 00:00:00')}"
dde3f9da-1b22-44b5-813e-bd732cae566b,1  abril   2026 - 31  mayo   2026.xlsx,3234512263,2026-05-06,2026-06-05 00:00:00,2026-05-06 00:00:00,2026-06,2026-05,23521.0,"{'Fecha creación de la orden': Timestamp('2026-02-05 18:19:16'), 'Fecha de Entrega': Timestamp('2026-06-05 14:34:34'), 'Fecha de transacción': Timestamp('2026-06-05 00:00:00')}"
65fc431a-4516-4c17-bc74-68ec471df6a6,1  abril   2026 - 31  mayo   2026.xlsx,3234812267,2026-05-06,2026-06-05 00:00:00,2026-05-06 00:00:00,2026-06,2026-05,50412.0,"{'Fecha creación de la orden': Timestamp('2026-05-05 09:27:53'), 'Fecha de Entrega': Timestamp('2026-06-05 15:44:15'), 'Fecha de transacción': Timestamp('2026-06-05 00:00:00')}"
10588c27-72a0-44c2-ac8a-65314cb1ba99,1  abril   2026 - 31  mayo   2026.xlsx,3234566321,2026-05-06,2026-06-05 00:00:00,2026-05-06 00:00:00,2026-06,2026-05,115118.0,"{'Fecha creación de la orden': Timestamp('2026-03-05 10:36:39'), 'Fecha de Entrega': Timestamp('2026-06-05 15:44:48'), 'Fecha de transacción': Timestamp('2026-06-05 00:00:00')}"
31206931-ee35-4730-9623-627d4aeaaf47,1  abril   2026 - 31  mayo   2026.xlsx,3234566321,2026-05-06,2026-06-05 00:00:00,2026-05-06 00:00:00,2026-06,2026-05,67218.0,"{'Fecha creación de la orden': Timestamp('2026-03-05 10:36:39'), 'Fecha de Entrega': Timestamp('2026-06-05 15:44:57'), 'Fecha de transacción': Timestamp('2026-06-05 00:00:00')}"
a33b7734-222a-44cd-99c4-5012f410e7be,1  abril   2026 - 31  mayo   2026.xlsx,3234732889,2026-05-06,2026-06-05 00:00:00,2026-05-06 00:00:00,2026-06,2026-05,37807.0,"{'Fecha creación de la orden': Timestamp('2026-04-05 16:12:23'), 'Fecha de Entrega': Timestamp('2026-06-05 15:45:13'), 'Fecha de transacción': Timestamp('2026-06-05 00:00:00')}"
86b34c3f-4009-4061-bdaf-63b7e0747dae,1  abril   2026 - 31  mayo   2026.xlsx,3234732889,2026-05-06,2026-06-05 00:00:00,2026-05-06 00:00:00,2026-06,2026-05,37807.0,"{'Fecha creación de la orden': Timestamp('2026-04-05 16:12:23'), 'Fecha de Entrega': Timestamp('2026-06-05 15:45:13'), 'Fecha de transacción': Timestamp('2026-06-05 00:00:00')}"
6bf6ab80-5998-4f2e-b4b3-e61cfc4ff6ff,1  abril   2026 - 31  mayo   2026.xlsx,3234833478,2026-05-06,2026-06-05 00:00:00,2026-05-06 00:00:00,2026-06,2026-05,67218.0,"{'Fecha creación de la orden': Timestamp('2026-05-05 12:27:43'), 'Fecha de Entrega': Timestamp('2026-06-05 15:45:28'), 'Fecha de transacción': Timestamp('2026-06-05 00:00:00')}"
dd1d51bd-c03a-4a7f-8088-0833e7c02695,1  abril   2026 - 31  mayo   2026.xlsx,3234744201,2026-05-06,2026-06-05 00:00:00,2026-05-06 00:00:00,2026-06,2026-05,25202.0,"{'Fecha creación de la orden': Timestamp('2026-04-05 17:43:07'), 'Fecha de Entrega': Timestamp('2026-06-05 16:12:34'), 'Fecha de transacción': Timestamp('2026-06-05 00:00:00')}"
8f9bc2af-8f04-4482-9ec3-a758b3b7af46,1  abril   2026 - 31  mayo   2026.xlsx,3234744201,2026-05-06,2026-06-05 00:00:00,2026-05-06 00:00:00,2026-06,2026-05,25202.0,"{'Fecha creación de la orden': Timestamp('2026-04-05 17:43:07'), 'Fecha de Entrega': Timestamp('2026-06-05 16:12:34'), 'Fecha de transacción': Timestamp('2026-06-05 00:00:00')}"
8c8edd44-ec7b-42fb-9e8c-d737f47363a3,1  abril   2026 - 31  mayo   2026.xlsx,3234912609,2026-05-06,2026-06-05 00:00:00,2026-05-06 00:00:00,2026-06,2026-05,47050.0,"{'Fecha creación de la orden': Timestamp('2026-05-05 22:25:15'), 'Fecha de Entrega': Timestamp('2026-06-05 18:14:04'), 'Fecha de transacción': Timestamp('2026-06-05 00:00:00')}"
ab1508b4-28ce-40e9-97b7-175417962cfe,1  abril   2026 - 31  mayo   2026.xlsx,3234576335,2026-05-06,2026-06-05 00:00:00,2026-05-06 00:00:00,2026-06,2026-05,16798.0,"{'Fecha creación de la orden': Timestamp('2026-03-05 12:18:53'), 'Fecha de Entrega': Timestamp('2026-06-05 18:42:21'), 'Fecha de transacción': Timestamp('2026-06-05 00:00:00')}"
5b5f79e8-859c-41fd-83b4-31a06692c39b,1  abril   2026 - 31  mayo   2026.xlsx,3234566633,2026-05-06,2026-06-05 00:00:00,2026-05-06 00:00:00,2026-06,2026-05,24361.0,"{'Fecha creación de la orden': Timestamp('2026-03-05 10:40:30'), 'Fecha de Entrega': Timestamp('2026-06-05 18:42:54'), 'Fecha de transacción': Timestamp('2026-06-05 00:00:00')}"
33959be5-5c13-45b9-bdd2-2818eecea6ad,1  abril   2026 - 31  mayo   2026.xlsx,3234884224,2026-05-06,2026-06-05 00:00:00,2026-05-06 00:00:00,2026-06,2026-05,25202.0,"{'Fecha creación de la orden': Timestamp('2026-05-05 19:05:42'), 'Fecha de Entrega': Timestamp('2026-06-05 20:15:15'), 'Fecha de transacción': Timestamp('2026-06-05 00:00:00')}"
40bd2fdb-5c4d-413c-845f-ca8983f546c8,1  abril   2026 - 31  mayo   2026.xlsx,3234955367,2026-05-06,2026-06-05 00:00:00,2026-05-06 00:00:00,2026-06,2026-05,60496.0,"{'Fecha creación de la orden': Timestamp('2026-06-05 11:00:38'), 'Fecha de Entrega': Timestamp('2026-06-05 20:55:45'), 'Fecha de transacción': Timestamp('2026-06-05 00:00:00')}"
a7a7a5f5-fcc2-49fb-95a9-dfb50ec83228,1  abril   2026 - 31  mayo   2026.xlsx,3234942951,2026-05-06,2026-06-05 00:00:00,2026-05-06 00:00:00,2026-06,2026-05,27723.0,"{'Fecha creación de la orden': Timestamp('2026-06-05 09:00:48'), 'Fecha de Entrega': Timestamp('2026-06-05 21:14:56'), 'Fecha de transacción': Timestamp('2026-06-05 00:00:00')}"
cfe186d0-4fbd-4851-9eb8-1641ad8b13e7,1  abril   2026 - 31  mayo   2026.xlsx,3234895736,2026-05-06,2026-06-05 00:00:00,2026-05-06 00:00:00,2026-06,2026-05,22681.0,"{'Fecha creación de la orden': Timestamp('2026-05-05 20:37:43'), 'Fecha de Entrega': Timestamp('2026-06-05 21:14:58'), 'Fecha de transacción': Timestamp('2026-06-05 00:00:00')}"
ec02924b-c784-4b14-b38a-9753548c676f,1  abril   2026 - 31  mayo   2026.xlsx,3234871623,2026-05-07,2026-07-05 00:00:00,2026-05-07 00:00:00,2026-07,2026-05,23521.0,"{'Fecha creación de la orden': Timestamp('2026-05-05 17:21:39'), 'Fecha de Entrega': Timestamp('2026-07-05 14:12:13'), 'Fecha de transacción': Timestamp('2026-07-05 00:00:00')}"
a6f9a009-b43d-474e-ba10-d0c147f04ff5,1  abril   2026 - 31  mayo   2026.xlsx,3234947752,2026-05-07,2026-07-05 00:00:00,2026-05-07 00:00:00,2026-07,2026-05,50412.0,"{'Fecha creación de la orden': Timestamp('2026-06-05 09:55:14'), 'Fecha de Entrega': Timestamp('2026-07-05 18:03:01'), 'Fecha de transacción': Timestamp('2026-07-05 00:00:00')}"
99285c76-1fc6-4ce4-bc26-6a014d2b42e7,1  abril   2026 - 31  mayo   2026.xlsx,3235084917,2026-05-07,2026-07-05 00:00:00,2026-05-07 00:00:00,2026-07,2026-05,21000.0,"{'Fecha creación de la orden': Timestamp('2026-07-05 10:51:50'), 'Fecha de Entrega': Timestamp('2026-07-05 19:21:14'), 'Fecha de transacción': Timestamp('2026-07-05 00:00:00')}"
594045f6-bb01-43fd-b278-212d183b81fe,1  abril   2026 - 31  mayo   2026.xlsx,3235080630,2026-05-07,2026-07-05 00:00:00,2026-05-07 00:00:00,2026-07,2026-05,50412.0,"{'Fecha creación de la orden': Timestamp('2026-07-05 09:48:38'), 'Fecha de Entrega': Timestamp('2026-07-05 21:14:12'), 'Fecha de transacción': Timestamp('2026-07-05 00:00:00')}"
359f955b-ba57-47ce-86e3-8864f9524015,1  abril   2026 - 31  mayo   2026.xlsx,3234997901,2026-05-08,2026-08-05 00:00:00,2026-05-08 00:00:00,2026-08,2026-05,68899.0,"{'Fecha creación de la orden': Timestamp('2026-06-05 16:10:40'), 'Fecha de Entrega': Timestamp('2026-08-05 12:35:30'), 'Fecha de transacción': Timestamp('2026-08-05 00:00:00')}"
6fd4a7e4-980a-4325-a5b8-94fa66582315,1  abril   2026 - 31  mayo   2026.xlsx,3235146233,2026-05-08,2026-08-05 00:00:00,2026-05-08 00:00:00,2026-08,2026-05,60496.0,"{'Fecha creación de la orden': Timestamp('2026-07-05 18:10:13'), 'Fecha de Entrega': Timestamp('2026-08-05 18:05:08'), 'Fecha de transacción': Timestamp('2026-08-05 00:00:00')}"
0efab604-decf-4ef9-9794-45662c5f1dfd,1  abril   2026 - 31  mayo   2026.xlsx,3235222926,2026-05-08,2026-08-05 00:00:00,2026-05-08 00:00:00,2026-08,2026-05,42008.0,"{'Fecha creación de la orden': Timestamp('2026-08-05 12:13:45'), 'Fecha de Entrega': Timestamp('2026-08-05 21:05:07'), 'Fecha de transacción': Timestamp('2026-08-05 00:00:00')}"
ad0a80f9-cd7f-4dba-9f7c-1eaec3e087b3,1  abril   2026 - 31  mayo   2026.xlsx,3234796544,2026-05-09,2026-09-05 00:00:00,2026-05-09 00:00:00,2026-09,2026-05,21840.0,"{'Fecha creación de la orden': Timestamp('2026-05-05 00:26:39'), 'Fecha de Entrega': Timestamp('2026-09-05 12:34:15'), 'Fecha de transacción': Timestamp('2026-09-05 00:00:00')}"
2de32a2d-a8ba-4f89-82d2-3b8106ee10cc,1  abril   2026 - 31  mayo   2026.xlsx,3235341741,2026-05-11,2026-11-05 00:00:00,2026-05-11 00:00:00,2026-11,2026-05,23521.0,"{'Fecha creación de la orden': Timestamp('2026-09-05 16:18:22'), 'Fecha de Entrega': Timestamp('2026-11-05 17:25:09'), 'Fecha de transacción': Timestamp('2026-11-05 00:00:00')}"
a3eb09b1-b4b7-45cb-bea7-44e24b0d16b7,1  abril   2026 - 31  mayo   2026.xlsx,3235412496,2026-05-11,2026-11-05 00:00:00,2026-05-11 00:00:00,2026-11,2026-05,24361.0,"{'Fecha creación de la orden': Timestamp('2026-10-05 13:56:28'), 'Fecha de Entrega': Timestamp('2026-11-05 18:24:04'), 'Fecha de transacción': Timestamp('2026-11-05 00:00:00')}"
dcb4f052-1cfd-4935-86c9-90cbb124df10,1  abril   2026 - 31  mayo   2026.xlsx,3235413225,2026-05-11,2026-11-05 00:00:00,2026-05-11 00:00:00,2026-11,2026-05,22681.0,"{'Fecha creación de la orden': Timestamp('2026-10-05 14:05:48'), 'Fecha de Entrega': Timestamp('2026-11-05 19:23:33'), 'Fecha de transacción': Timestamp('2026-11-05 00:00:00')}"
dd3c789c-a6a4-4939-8427-9ea1b82a315f,1  abril   2026 - 31  mayo   2026.xlsx,3235290667,2026-05-11,2026-11-05 00:00:00,2026-05-11 00:00:00,2026-11,2026-05,37807.0,"{'Fecha creación de la orden': Timestamp('2026-08-05 23:34:02'), 'Fecha de Entrega': Timestamp('2026-11-05 20:23:48'), 'Fecha de transacción': Timestamp('2026-11-05 00:00:00')}"
193a2a46-07b5-495e-9a0f-b09ba8b54cbb,1  abril   2026 - 31  mayo   2026.xlsx,3235456504,2026-05-12,2026-12-05 00:00:00,2026-05-12 00:00:00,2026-12,2026-05,29403.0,"{'Fecha creación de la orden': Timestamp('2026-10-05 22:00:29'), 'Fecha de Entrega': Timestamp('2026-12-05 11:02:14'), 'Fecha de transacción': Timestamp('2026-12-05 00:00:00')}"
40fafd9d-66e5-4cd7-adf8-dfa49dae859d,1  abril   2026 - 31  mayo   2026.xlsx,3235382245,2026-05-12,2026-12-05 00:00:00,2026-05-12 00:00:00,2026-12,2026-05,47050.0,"{'Fecha creación de la orden': Timestamp('2026-09-05 23:52:20'), 'Fecha de Entrega': Timestamp('2026-12-05 14:02:09'), 'Fecha de transacción': Timestamp('2026-12-05 00:00:00')}"
00bed51d-3ff7-433c-974b-a72d988e06fb,1  abril   2026 - 31  mayo   2026.xlsx,3235568945,2026-05-12,2026-12-05 00:00:00,2026-05-12 00:00:00,2026-12,2026-05,28563.0,"{'Fecha creación de la orden': Timestamp('2026-11-05 23:23:16'), 'Fecha de Entrega': Timestamp('2026-12-05 19:05:06'), 'Fecha de transacción': Timestamp('2026-12-05 00:00:00')}"
84b2c9e8-06fb-4a90-9d20-04ccf7a24b48,1  abril   2026 - 31  mayo   2026.xlsx,3235570696,2026-05-12,2026-12-05 00:00:00,2026-05-12 00:00:00,2026-12,2026-05,28563.0,"{'Fecha creación de la orden': Timestamp('2026-11-05 23:41:42'), 'Fecha de Entrega': Timestamp('2026-12-05 22:05:07'), 'Fecha de transacción': Timestamp('2026-12-05 00:00:00')}"
1b8d3733-969c-4fd4-93bf-f0ba026ce50e,1  abril   2026 - 31  mayo   2026.xlsx,3235709105,2026-05-13,2026-05-13 00:00:00,2026-05-13 00:00:00,2026-05,2026-05,22681.0,"{'Fecha creación de la orden': Timestamp('2026-05-13 11:35:24'), 'Fecha de Entrega': Timestamp('2026-05-13 18:05:51'), 'Fecha de transacción': Timestamp('2026-05-13 00:00:00')}"
64a8cd7d-c5cd-49e6-bff3-116973b84452,1  abril   2026 - 31  mayo   2026.xlsx,3235691147,2026-05-13,2026-05-13 00:00:00,2026-05-13 00:00:00,2026-05,2026-05,22681.0,"{'Fecha creación de la orden': Timestamp('2026-05-13 07:37:59'), 'Fecha de Entrega': Timestamp('2026-05-13 19:04:58'), 'Fecha de transacción': Timestamp('2026-05-13 00:00:00')}"
ab6f704f-953e-4a8e-8bd3-fae855200dc3,1  abril   2026 - 31  mayo   2026.xlsx,3235691147,2026-05-13,2026-05-13 00:00:00,2026-05-13 00:00:00,2026-05,2026-05,22681.0,"{'Fecha creación de la orden': Timestamp('2026-05-13 07:37:59'), 'Fecha de Entrega': Timestamp('2026-05-13 19:04:58'), 'Fecha de transacción': Timestamp('2026-05-13 00:00:00')}"
545bbd8f-10f9-4655-a946-a61ecc7ca71e,1  abril   2026 - 31  mayo   2026.xlsx,3235667847,2026-05-14,2026-05-14 00:00:00,2026-05-14 00:00:00,2026-05,2026-05,29403.0,"{'Fecha creación de la orden': Timestamp('2026-12-05 22:00:28'), 'Fecha de Entrega': Timestamp('2026-05-14 10:02:06'), 'Fecha de transacción': Timestamp('2026-05-14 00:00:00')}"
b369acab-3a1b-4d3c-b2f4-ad85e5d6b24a,1  abril   2026 - 31  mayo   2026.xlsx,3235676254,2026-05-14,2026-05-14 00:00:00,2026-05-14 00:00:00,2026-05,2026-05,67218.0,"{'Fecha creación de la orden': Timestamp('2026-12-05 23:10:29'), 'Fecha de Entrega': Timestamp('2026-05-14 10:42:08'), 'Fecha de transacción': Timestamp('2026-05-14 00:00:00')}"
071834d9-ad44-4881-a67a-c85e2669aaa3,1  abril   2026 - 31  mayo   2026.xlsx,3235652505,2026-05-14,2026-05-14 00:00:00,2026-05-14 00:00:00,2026-05,2026-05,21840.0,"{'Fecha creación de la orden': Timestamp('2026-12-05 19:45:57'), 'Fecha de Entrega': Timestamp('2026-05-14 10:52:09'), 'Fecha de transacción': Timestamp('2026-05-14 00:00:00')}"
ed381806-9641-401d-adc2-bef6838fe8c2,1  abril   2026 - 31  mayo   2026.xlsx,3235708615,2026-05-14,2026-05-14 00:00:00,2026-05-14 00:00:00,2026-05,2026-05,29403.0,"{'Fecha creación de la orden': Timestamp('2026-05-13 11:31:08'), 'Fecha de Entrega': Timestamp('2026-05-14 13:22:05'), 'Fecha de transacción': Timestamp('2026-05-14 00:00:00')}"
87abe086-922b-41bb-8eb8-17afd4e79b6e,1  abril   2026 - 31  mayo   2026.xlsx,3235778354,2026-05-14,2026-05-14 00:00:00,2026-05-14 00:00:00,2026-05,2026-05,28563.0,"{'Fecha creación de la orden': Timestamp('2026-05-13 21:15:17'), 'Fecha de Entrega': Timestamp('2026-05-14 17:24:24'), 'Fecha de transacción': Timestamp('2026-05-14 00:00:00')}"
ce03b097-bdf6-4890-8a03-6cc22452e3d5,1  abril   2026 - 31  mayo   2026.xlsx,3235720386,2026-05-14,2026-05-14 00:00:00,2026-05-14 00:00:00,2026-05,2026-05,68899.0,"{'Fecha creación de la orden': Timestamp('2026-05-13 13:11:22'), 'Fecha de Entrega': Timestamp('2026-05-14 19:52:25'), 'Fecha de transacción': Timestamp('2026-05-14 00:00:00')}"
b5d064a3-6a8d-4d28-b202-d573e5eabaa9,1  abril   2026 - 31  mayo   2026.xlsx,3235784116,2026-05-15,2026-05-15 00:00:00,2026-05-15 00:00:00,2026-05,2026-05,22681.0,"{'Fecha creación de la orden': Timestamp('2026-05-13 21:55:14'), 'Fecha de Entrega': Timestamp('2026-05-15 12:42:19'), 'Fecha de transacción': Timestamp('2026-05-15 00:00:00')}"
4e0eb644-e2a1-41fa-96b6-501173873341,1  abril   2026 - 31  mayo   2026.xlsx,3235784116,2026-05-15,2026-05-15 00:00:00,2026-05-15 00:00:00,2026-05,2026-05,22681.0,"{'Fecha creación de la orden': Timestamp('2026-05-13 21:55:14'), 'Fecha de Entrega': Timestamp('2026-05-15 12:42:19'), 'Fecha de transacción': Timestamp('2026-05-15 00:00:00')}"
74f33f1a-0ba2-4632-8a21-fce3df2bc9fe,1  abril   2026 - 31  mayo   2026.xlsx,3235764244,2026-05-15,2026-05-15 00:00:00,2026-05-15 00:00:00,2026-05,2026-05,20160.0,"{'Fecha creación de la orden': Timestamp('2026-05-13 19:21:59'), 'Fecha de Entrega': Timestamp('2026-05-15 15:42:05'), 'Fecha de transacción': Timestamp('2026-05-15 00:00:00')}"
8505aabd-432b-4b3a-8057-f522b39d1032,1  abril   2026 - 31  mayo   2026.xlsx,3235883332,2026-05-15,2026-05-15 00:00:00,2026-05-15 00:00:00,2026-05,2026-05,22681.0,"{'Fecha creación de la orden': Timestamp('2026-05-14 17:41:48'), 'Fecha de Entrega': Timestamp('2026-05-15 17:24:27'), 'Fecha de transacción': Timestamp('2026-05-15 00:00:00')}"
c13793c6-c184-4ff8-b583-c617f7d19e3a,1  abril   2026 - 31  mayo   2026.xlsx,3235721766,2026-05-15,2026-05-15 00:00:00,2026-05-15 00:00:00,2026-05,2026-05,30244.0,"{'Fecha creación de la orden': Timestamp('2026-05-13 13:24:13'), 'Fecha de Entrega': Timestamp('2026-05-15 15:42:08'), 'Fecha de transacción': Timestamp('2026-05-15 00:00:00')}"
8a9d966a-8ee0-452f-a9e3-29f5046a1cfc,1  abril   2026 - 31  mayo   2026.xlsx,3235721766,2026-05-15,2026-05-15 00:00:00,2026-05-15 00:00:00,2026-05,2026-05,30244.0,"{'Fecha creación de la orden': Timestamp('2026-05-13 13:24:13'), 'Fecha de Entrega': Timestamp('2026-05-15 15:42:08'), 'Fecha de transacción': Timestamp('2026-05-15 00:00:00')}"
05e30cda-3555-4a63-957e-ad66cdb384b4,1  abril   2026 - 31  mayo   2026.xlsx,3235721766,2026-05-15,2026-05-15 00:00:00,2026-05-15 00:00:00,2026-05,2026-05,30244.0,"{'Fecha creación de la orden': Timestamp('2026-05-13 13:24:13'), 'Fecha de Entrega': Timestamp('2026-05-15 15:42:08'), 'Fecha de transacción': Timestamp('2026-05-15 00:00:00')}"
765665e6-0bfe-4a89-af1f-2678d65b04a5,1  abril   2026 - 31  mayo   2026.xlsx,3235721766,2026-05-15,2026-05-15 00:00:00,2026-05-15 00:00:00,2026-05,2026-05,30244.0,"{'Fecha creación de la orden': Timestamp('2026-05-13 13:24:13'), 'Fecha de Entrega': Timestamp('2026-05-15 15:42:08'), 'Fecha de transacción': Timestamp('2026-05-15 00:00:00')}"
ad955593-bdad-4abe-99a5-c9ed232fa23a,1  abril   2026 - 31  mayo   2026.xlsx,3235721766,2026-05-15,2026-05-15 00:00:00,2026-05-15 00:00:00,2026-05,2026-05,30244.0,"{'Fecha creación de la orden': Timestamp('2026-05-13 13:24:13'), 'Fecha de Entrega': Timestamp('2026-05-15 15:42:08'), 'Fecha de transacción': Timestamp('2026-05-15 00:00:00')}"
099d6e25-c2c5-4169-8c63-0e93df765012,1  abril   2026 - 31  mayo   2026.xlsx,3235721766,2026-05-15,2026-05-15 00:00:00,2026-05-15 00:00:00,2026-05,2026-05,30244.0,"{'Fecha creación de la orden': Timestamp('2026-05-13 13:24:13'), 'Fecha de Entrega': Timestamp('2026-05-15 15:42:08'), 'Fecha de transacción': Timestamp('2026-05-15 00:00:00')}"
37b1bbaf-6304-4df7-8db5-f91976b7cdeb,1  abril   2026 - 31  mayo   2026.xlsx,3235721766,2026-05-15,2026-05-15 00:00:00,2026-05-15 00:00:00,2026-05,2026-05,30244.0,"{'Fecha creación de la orden': Timestamp('2026-05-13 13:24:13'), 'Fecha de Entrega': Timestamp('2026-05-15 15:42:08'), 'Fecha de transacción': Timestamp('2026-05-15 00:00:00')}"
a5090ad2-2cba-423a-a6ea-8d49e50b9966,1  abril   2026 - 31  mayo   2026.xlsx,3235721766,2026-05-15,2026-05-15 00:00:00,2026-05-15 00:00:00,2026-05,2026-05,30244.0,"{'Fecha creación de la orden': Timestamp('2026-05-13 13:24:13'), 'Fecha de Entrega': Timestamp('2026-05-15 15:42:08'), 'Fecha de transacción': Timestamp('2026-05-15 00:00:00')}"
80da775b-4943-4a49-b15a-abfd1c725107,1  abril   2026 - 31  mayo   2026.xlsx,3235721766,2026-05-15,2026-05-15 00:00:00,2026-05-15 00:00:00,2026-05,2026-05,30244.0,"{'Fecha creación de la orden': Timestamp('2026-05-13 13:24:13'), 'Fecha de Entrega': Timestamp('2026-05-15 15:42:08'), 'Fecha de transacción': Timestamp('2026-05-15 00:00:00')}"
995b46b7-2217-4e2a-947b-d339e88f2342,1  abril   2026 - 31  mayo   2026.xlsx,3235721766,2026-05-15,2026-05-15 00:00:00,2026-05-15 00:00:00,2026-05,2026-05,30244.0,"{'Fecha creación de la orden': Timestamp('2026-05-13 13:24:13'), 'Fecha de Entrega': Timestamp('2026-05-15 15:42:08'), 'Fecha de transacción': Timestamp('2026-05-15 00:00:00')}"
54be46e5-3d71-4905-8fab-aef1ec4462dc,1  abril   2026 - 31  mayo   2026.xlsx,3235829190,2026-05-15,2026-05-15 00:00:00,2026-05-15 00:00:00,2026-05,2026-05,29403.0,"{'Fecha creación de la orden': Timestamp('2026-05-14 10:19:17'), 'Fecha de Entrega': Timestamp('2026-05-15 20:23:55'), 'Fecha de transacción': Timestamp('2026-05-15 00:00:00')}"
b5005415-c29f-414e-8bb4-cb98517d523f,1  abril   2026 - 31  mayo   2026.xlsx,3235719564,2026-05-16,2026-05-16 00:00:00,2026-05-16 00:00:00,2026-05,2026-05,22681.0,"{'Fecha creación de la orden': Timestamp('2026-05-13 13:04:12'), 'Fecha de Entrega': Timestamp('2026-05-16 14:02:05'), 'Fecha de transacción': Timestamp('2026-05-16 00:00:00')}"
f4dce75e-8540-4413-93a8-52dc05d28a3f,1  abril   2026 - 31  mayo   2026.xlsx,3236326183,2026-05-18,2026-05-18 00:00:00,2026-05-18 00:00:00,2026-05,2026-05,26882.0,"{'Fecha creación de la orden': Timestamp('2026-05-18 12:56:33'), 'Fecha de Entrega': Timestamp('2026-05-18 17:15:31'), 'Fecha de transacción': Timestamp('2026-05-18 00:00:00')}"
2802b4cc-bc9e-4cb7-9134-1cf558e489b1,1  abril   2026 - 31  mayo   2026.xlsx,3236007479,2026-05-18,2026-05-18 00:00:00,2026-05-18 00:00:00,2026-05,2026-05,42008.0,"{'Fecha creación de la orden': Timestamp('2026-05-15 18:23:07'), 'Fecha de Entrega': Timestamp('2026-05-18 18:11:38'), 'Fecha de transacción': Timestamp('2026-05-18 00:00:00')}"
f972e679-6c1e-4af8-bdc5-47b4506c06ba,1  abril   2026 - 31  mayo   2026.xlsx,3236055161,2026-05-19,2026-05-19 00:00:00,2026-05-19 00:00:00,2026-05,2026-05,30244.0,"{'Fecha creación de la orden': Timestamp('2026-05-16 08:27:35'), 'Fecha de Entrega': Timestamp('2026-05-19 09:04:16'), 'Fecha de transacción': Timestamp('2026-05-19 00:00:00')}"
12440b8f-3bd2-4dd2-a6e1-c7be808db0c4,1  abril   2026 - 31  mayo   2026.xlsx,3236156012,2026-05-19,2026-05-19 00:00:00,2026-05-19 00:00:00,2026-05,2026-05,28563.0,"{'Fecha creación de la orden': Timestamp('2026-05-17 00:47:57'), 'Fecha de Entrega': Timestamp('2026-05-19 12:12:14'), 'Fecha de transacción': Timestamp('2026-05-19 00:00:00')}"
4e7ac6f5-ba0d-4016-a8f9-f86a1a599d03,1  abril   2026 - 31  mayo   2026.xlsx,3236127329,2026-05-19,2026-05-19 00:00:00,2026-05-19 00:00:00,2026-05,2026-05,37807.0,"{'Fecha creación de la orden': Timestamp('2026-05-16 20:03:55'), 'Fecha de Entrega': Timestamp('2026-05-19 12:52:07'), 'Fecha de transacción': Timestamp('2026-05-19 00:00:00')}"
e2328c04-d27b-40a9-9d95-e0807423ac3b,1  abril   2026 - 31  mayo   2026.xlsx,3235976621,2026-05-19,2026-05-19 00:00:00,2026-05-19 00:00:00,2026-05,2026-05,22681.0,"{'Fecha creación de la orden': Timestamp('2026-05-15 13:58:29'), 'Fecha de Entrega': Timestamp('2026-05-19 15:12:06'), 'Fecha de transacción': Timestamp('2026-05-19 00:00:00')}"
f1c4827d-b415-4e66-bc69-17b79a69a52c,1  abril   2026 - 31  mayo   2026.xlsx,3236417494,2026-05-19,2026-05-19 00:00:00,2026-05-19 00:00:00,2026-05,2026-05,43689.0,"{'Fecha creación de la orden': Timestamp('2026-05-19 09:21:52'), 'Fecha de Entrega': Timestamp('2026-05-19 18:04:48'), 'Fecha de transacción': Timestamp('2026-05-19 00:00:00')}"
f41b7263-31f7-4b40-ac73-741af576fb7f,1  abril   2026 - 31  mayo   2026.xlsx,3236417494,2026-05-19,2026-05-19 00:00:00,2026-05-19 00:00:00,2026-05,2026-05,32765.0,"{'Fecha creación de la orden': Timestamp('2026-05-19 09:21:52'), 'Fecha de Entrega': Timestamp('2026-05-19 18:04:48'), 'Fecha de transacción': Timestamp('2026-05-19 00:00:00')}"
628d2fc7-bd9c-4e84-b1a0-768b895a80ba,1  abril   2026 - 31  mayo   2026.xlsx,3236463115,2026-05-20,2026-05-20 00:00:00,2026-05-20 00:00:00,2026-05,2026-05,47050.0,"{'Fecha creación de la orden': Timestamp('2026-05-19 16:51:55'), 'Fecha de Entrega': Timestamp('2026-05-20 19:23:51'), 'Fecha de transacción': Timestamp('2026-05-20 00:00:00')}"
b536a27a-6f01-4660-b3c5-f043edb7fc63,1  abril   2026 - 31  mayo   2026.xlsx,3236453496,2026-05-20,2026-05-20 00:00:00,2026-05-20 00:00:00,2026-05,2026-05,22681.0,"{'Fecha creación de la orden': Timestamp('2026-05-19 15:20:15'), 'Fecha de Entrega': Timestamp('2026-05-20 20:23:28'), 'Fecha de transacción': Timestamp('2026-05-20 00:00:00')}"
f1f0bfb4-8ef2-4721-b2f5-f7c7c9a1f005,1  abril   2026 - 31  mayo   2026.xlsx,3236490085,2026-05-20,2026-05-20 00:00:00,2026-05-20 00:00:00,2026-05,2026-05,32765.0,"{'Fecha creación de la orden': Timestamp('2026-05-19 21:22:18'), 'Fecha de Entrega': Timestamp('2026-05-20 20:23:34'), 'Fecha de transacción': Timestamp('2026-05-20 00:00:00')}"
b819276b-fbaa-4706-aafe-06e7cc5b22fa,1  abril   2026 - 31  mayo   2026.xlsx,3236448469,2026-05-20,2026-05-20 00:00:00,2026-05-20 00:00:00,2026-05,2026-05,47050.0,"{'Fecha creación de la orden': Timestamp('2026-05-19 14:28:11'), 'Fecha de Entrega': Timestamp('2026-05-20 21:23:10'), 'Fecha de transacción': Timestamp('2026-05-20 00:00:00')}"
fd6fbff2-87f2-49f6-9031-0dee1bc0183c,1  abril   2026 - 31  mayo   2026.xlsx,3236567370,2026-05-22,2026-05-22 00:00:00,2026-05-22 00:00:00,2026-05,2026-05,22681.0,"{'Fecha creación de la orden': Timestamp('2026-05-20 17:14:45'), 'Fecha de Entrega': Timestamp('2026-05-22 19:04:06'), 'Fecha de transacción': Timestamp('2026-05-22 00:00:00')}"
715f03c2-9786-4c94-bbb2-f17d7514dca6,1  abril   2026 - 31  mayo   2026.xlsx,3236557813,2026-05-22,2026-05-22 00:00:00,2026-05-22 00:00:00,2026-05,2026-05,69739.0,"{'Fecha creación de la orden': Timestamp('2026-05-20 15:24:02'), 'Fecha de Entrega': Timestamp('2026-05-22 19:04:11'), 'Fecha de transacción': Timestamp('2026-05-22 00:00:00')}"
434bbc75-234a-4fe6-970d-c50a91b2314b,1  abril   2026 - 31  mayo   2026.xlsx,3236627744,2026-05-22,2026-05-22 00:00:00,2026-05-22 00:00:00,2026-05,2026-05,60496.0,"{'Fecha creación de la orden': Timestamp('2026-05-21 10:58:45'), 'Fecha de Entrega': Timestamp('2026-05-22 19:04:15'), 'Fecha de transacción': Timestamp('2026-05-22 00:00:00')}"
e1961a15-0cb8-441a-a5fc-21c1df78a2ba,1  abril   2026 - 31  mayo   2026.xlsx,3236638527,2026-05-23,2026-05-23 00:00:00,2026-05-23 00:00:00,2026-05,2026-05,68899.0,"{'Fecha creación de la orden': Timestamp('2026-05-21 12:39:38'), 'Fecha de Entrega': Timestamp('2026-05-23 12:32:15'), 'Fecha de transacción': Timestamp('2026-05-23 00:00:00')}"
46ba7274-277e-47b5-b323-509b539f401c,1  abril   2026 - 31  mayo   2026.xlsx,3236688555,2026-05-25,2026-05-25 00:00:00,2026-05-25 00:00:00,2026-05,2026-05,60496.0,"{'Fecha creación de la orden': Timestamp('2026-05-21 20:28:55'), 'Fecha de Entrega': Timestamp('2026-05-22 18:03:37'), 'Fecha de transacción': Timestamp('2026-05-25 00:00:00')}"
127f1b08-9b6d-40c7-8ed1-dbe5f70bedcd,1  abril   2026 - 31  mayo   2026.xlsx,3236205212,2026-05-25,2026-05-25 00:00:00,2026-05-25 00:00:00,2026-05,2026-05,22681.0,"{'Fecha creación de la orden': Timestamp('2026-05-17 15:43:17'), 'Fecha de Entrega': Timestamp('2026-05-25 16:24:09'), 'Fecha de transacción': Timestamp('2026-05-25 00:00:00')}"
c6f22aa6-7d0b-4084-bfbc-4666cfb523fb,1  abril   2026 - 31  mayo   2026.xlsx,3237047309,2026-05-25,2026-05-25 00:00:00,2026-05-25 00:00:00,2026-05,2026-05,30244.0,"{'Fecha creación de la orden': Timestamp('2026-05-25 08:16:47'), 'Fecha de Entrega': Timestamp('2026-05-25 17:23:21'), 'Fecha de transacción': Timestamp('2026-05-25 00:00:00')}"
3de50785-f59b-44f9-afd7-b8247672ab3e,1  abril   2026 - 31  mayo   2026.xlsx,3236830425,2026-05-25,2026-05-25 00:00:00,2026-05-25 00:00:00,2026-05,2026-05,32765.0,"{'Fecha creación de la orden': Timestamp('2026-05-23 09:45:47'), 'Fecha de Entrega': Timestamp('2026-05-25 17:24:15'), 'Fecha de transacción': Timestamp('2026-05-25 00:00:00')}"
c6b23b61-dd1a-4e4c-a5df-112106ed7028,1  abril   2026 - 31  mayo   2026.xlsx,3236768988,2026-05-25,2026-05-25 00:00:00,2026-05-25 00:00:00,2026-05,2026-05,22681.0,"{'Fecha creación de la orden': Timestamp('2026-05-22 16:19:49'), 'Fecha de Entrega': Timestamp('2026-05-25 18:24:02'), 'Fecha de transacción': Timestamp('2026-05-25 00:00:00')}"
e8336921-9285-4bfc-8d78-1baa07990642,1  abril   2026 - 31  mayo   2026.xlsx,3236985671,2026-05-25,2026-05-25 00:00:00,2026-05-25 00:00:00,2026-05,2026-05,68899.0,"{'Fecha creación de la orden': Timestamp('2026-05-24 18:36:55'), 'Fecha de Entrega': Timestamp('2026-05-25 19:23:37'), 'Fecha de transacción': Timestamp('2026-05-25 00:00:00')}"
da30cf8c-760f-4f7b-93a3-891713914701,1  abril   2026 - 31  mayo   2026.xlsx,3236810994,2026-05-25,2026-05-25 00:00:00,2026-05-25 00:00:00,2026-05,2026-05,68899.0,"{'Fecha creación de la orden': Timestamp('2026-05-22 23:14:20'), 'Fecha de Entrega': Timestamp('2026-05-25 19:25:21'), 'Fecha de transacción': Timestamp('2026-05-25 00:00:00')}"
07f61182-e5a0-4951-82a7-51ecf5134346,1  abril   2026 - 31  mayo   2026.xlsx,3236975258,2026-05-25,2026-05-25 00:00:00,2026-05-25 00:00:00,2026-05,2026-05,28563.0,"{'Fecha creación de la orden': Timestamp('2026-05-24 17:13:30'), 'Fecha de Entrega': Timestamp('2026-05-25 20:23:03'), 'Fecha de transacción': Timestamp('2026-05-25 00:00:00')}"
83babb37-81d7-4fa0-b5ca-2f104355da3a,1  abril   2026 - 31  mayo   2026.xlsx,3236779638,2026-05-25,2026-05-25 00:00:00,2026-05-25 00:00:00,2026-05,2026-05,30244.0,"{'Fecha creación de la orden': Timestamp('2026-05-22 17:57:43'), 'Fecha de Entrega': Timestamp('2026-05-25 20:23:51'), 'Fecha de transacción': Timestamp('2026-05-25 00:00:00')}"
e81d75ac-447d-4652-9e40-67762dc76e4a,1  abril   2026 - 31  mayo   2026.xlsx,3236779638,2026-05-25,2026-05-25 00:00:00,2026-05-25 00:00:00,2026-05,2026-05,30244.0,"{'Fecha creación de la orden': Timestamp('2026-05-22 17:57:43'), 'Fecha de Entrega': Timestamp('2026-05-25 20:23:51'), 'Fecha de transacción': Timestamp('2026-05-25 00:00:00')}"
475aa834-66cb-4267-85a7-9cc637cdfb85,1  abril   2026 - 31  mayo   2026.xlsx,3236930169,2026-05-25,2026-05-25 00:00:00,2026-05-25 00:00:00,2026-05,2026-05,37807.0,"{'Fecha creación de la orden': Timestamp('2026-05-24 09:53:50'), 'Fecha de Entrega': Timestamp('2026-05-25 21:23:34'), 'Fecha de transacción': Timestamp('2026-05-25 00:00:00')}"
640adb4b-e456-4a84-b2a1-4e67f3aec63b,1  abril   2026 - 31  mayo   2026.xlsx,3236939263,2026-05-26,2026-05-26 00:00:00,2026-05-26 00:00:00,2026-05,2026-05,22681.0,"{'Fecha creación de la orden': Timestamp('2026-05-24 11:50:28'), 'Fecha de Entrega': Timestamp('2026-05-26 13:42:08'), 'Fecha de transacción': Timestamp('2026-05-26 00:00:00')}"
b9d75bf9-cc6e-4839-ae7c-e22612f7be54,1  abril   2026 - 31  mayo   2026.xlsx,3237018090,2026-05-26,2026-05-26 00:00:00,2026-05-26 00:00:00,2026-05,2026-05,68899.0,"{'Fecha creación de la orden': Timestamp('2026-05-24 22:28:23'), 'Fecha de Entrega': Timestamp('2026-05-26 14:22:06'), 'Fecha de transacción': Timestamp('2026-05-26 00:00:00')}"
31c3926c-cfa8-4012-b8b4-2707fcc4ea0c,1  abril   2026 - 31  mayo   2026.xlsx,3236785631,2026-05-26,2026-05-26 00:00:00,2026-05-26 00:00:00,2026-05,2026-05,64697.0,"{'Fecha creación de la orden': Timestamp('2026-05-22 18:57:56'), 'Fecha de Entrega': Timestamp('2026-05-26 15:22:17'), 'Fecha de transacción': Timestamp('2026-05-26 00:00:00')}"
5ecd3e53-2ead-4d4c-bcbc-b450959e9606,1  abril   2026 - 31  mayo   2026.xlsx,3237114863,2026-05-26,2026-05-26 00:00:00,2026-05-26 00:00:00,2026-05,2026-05,28563.0,"{'Fecha creación de la orden': Timestamp('2026-05-25 19:54:09'), 'Fecha de Entrega': Timestamp('2026-05-26 18:04:24'), 'Fecha de transacción': Timestamp('2026-05-26 00:00:00')}"
d1e158b2-916a-4e5e-b7c5-24a3258dfb69,1  abril   2026 - 31  mayo   2026.xlsx,3237114870,2026-05-26,2026-05-26 00:00:00,2026-05-26 00:00:00,2026-05,2026-05,28563.0,"{'Fecha creación de la orden': Timestamp('2026-05-25 19:54:15'), 'Fecha de Entrega': Timestamp('2026-05-26 18:04:28'), 'Fecha de transacción': Timestamp('2026-05-26 00:00:00')}"
30e97d0e-3688-489d-ab29-b0864ff626eb,1  abril   2026 - 31  mayo   2026.xlsx,3237165703,2026-05-27,2026-05-27 00:00:00,2026-05-27 00:00:00,2026-05,2026-05,60496.0,"{'Fecha creación de la orden': Timestamp('2026-05-26 11:29:54'), 'Fecha de Entrega': Timestamp('2026-05-27 12:42:50'), 'Fecha de transacción': Timestamp('2026-05-27 00:00:00')}"
6de2511a-aad3-45eb-a6b5-6f47898b3f69,1  abril   2026 - 31  mayo   2026.xlsx,3237192225,2026-05-27,2026-05-27 00:00:00,2026-05-27 00:00:00,2026-05,2026-05,28563.0,"{'Fecha creación de la orden': Timestamp('2026-05-26 15:50:50'), 'Fecha de Entrega': Timestamp('2026-05-27 18:23:47'), 'Fecha de transacción': Timestamp('2026-05-27 00:00:00')}"
54e8fc39-5141-4e06-9317-75bba30e4df8,1  abril   2026 - 31  mayo   2026.xlsx,3237327244,2026-05-28,2026-05-28 00:00:00,2026-05-28 00:00:00,2026-05,2026-05,67218.0,"{'Fecha creación de la orden': Timestamp('2026-05-27 21:35:31'), 'Fecha de Entrega': Timestamp('2026-05-28 19:03:58'), 'Fecha de transacción': Timestamp('2026-05-28 00:00:00')}"
298f9efa-5559-4688-ab05-460f48d20639,1  abril   2026 - 31  mayo   2026.xlsx,3237355639,2026-05-28,2026-05-28 00:00:00,2026-05-28 00:00:00,2026-05,2026-05,22681.0,"{'Fecha creación de la orden': Timestamp('2026-05-28 08:58:46'), 'Fecha de Entrega': Timestamp('2026-05-28 20:04:31'), 'Fecha de transacción': Timestamp('2026-05-28 00:00:00')}"
51da45ba-2716-46b1-b435-d9dd3accad37,1  abril   2026 - 31  mayo   2026.xlsx,3237300437,2026-05-29,2026-05-29 00:00:00,2026-05-29 00:00:00,2026-05,2026-05,23521.0,"{'Fecha creación de la orden': Timestamp('2026-05-27 17:03:55'), 'Fecha de Entrega': Timestamp('2026-05-29 16:32:07'), 'Fecha de transacción': Timestamp('2026-05-29 00:00:00')}"
83422079-710b-4b0d-be82-40b3d63b41af,1  abril   2026 - 31  mayo   2026.xlsx,3237446548,2026-05-29,2026-05-29 00:00:00,2026-05-29 00:00:00,2026-05,2026-05,28563.0,"{'Fecha creación de la orden': Timestamp('2026-05-29 00:37:02'), 'Fecha de Entrega': Timestamp('2026-05-29 19:04:28'), 'Fecha de transacción': Timestamp('2026-05-29 00:00:00')}"
b040e336-9f87-4f01-ae15-b888878fbbaa,1  abril   2026 - 31  mayo   2026.xlsx,3237416795,2026-05-29,2026-05-29 00:00:00,2026-05-29 00:00:00,2026-05,2026-05,30244.0,"{'Fecha creación de la orden': Timestamp('2026-05-28 19:29:47'), 'Fecha de Entrega': Timestamp('2026-05-29 20:04:46'), 'Fecha de transacción': Timestamp('2026-05-29 00:00:00')}"
02c54c36-77b5-4bc7-9b7e-ee4da67a3484,1  febrero   2026 - 31  marzo   2026.xlsx,3227937693,2026-03-14,2026-03-14 00:00:00,2026-03-14 00:00:00,2026-03,2026-03,35286.0,"{'Fecha creación de la orden': Timestamp('2026-12-03 15:32:43'), 'Fecha de Entrega': Timestamp('2026-03-14 12:53:50'), 'Fecha de transacción': Timestamp('2026-03-14 00:00:00')}"
a1147512-8e01-411e-9a7f-5670a133e483,1  febrero   2026 - 31  marzo   2026.xlsx,3228101546,2026-03-17,2026-03-17 00:00:00,2026-03-17 00:00:00,2026-03,2026-03,33605.0,"{'Fecha creación de la orden': Timestamp('2026-03-14 10:48:31'), 'Fecha de Entrega': Timestamp('2026-03-17 12:02:05'), 'Fecha de transacción': Timestamp('2026-03-17 00:00:00')}"
116c9b0f-128b-45b2-88eb-4257f7e266e9,1  febrero   2026 - 31  marzo   2026.xlsx,3228244651,2026-03-17,2026-03-17 00:00:00,2026-03-17 00:00:00,2026-03,2026-03,54613.0,"{'Fecha creación de la orden': Timestamp('2026-03-15 19:58:19'), 'Fecha de Entrega': Timestamp('2026-03-17 13:22:05'), 'Fecha de transacción': Timestamp('2026-03-17 00:00:00')}"
271e8f83-f15f-4466-bd4c-7801a1f8406d,1  febrero   2026 - 31  marzo   2026.xlsx,3228502845,2026-03-19,2026-03-19 00:00:00,2026-03-19 00:00:00,2026-03,2026-03,30244.0,"{'Fecha creación de la orden': Timestamp('2026-03-17 23:54:37'), 'Fecha de Entrega': Timestamp('2026-03-19 12:52:07'), 'Fecha de transacción': Timestamp('2026-03-19 00:00:00')}"
cb18d9cd-92e8-4202-a82e-565aac92184d,1  febrero   2026 - 31  marzo   2026.xlsx,3228438189,2026-03-20,2026-03-20 00:00:00,2026-03-20 00:00:00,2026-03,2026-03,33605.0,"{'Fecha creación de la orden': Timestamp('2026-03-17 14:08:48'), 'Fecha de Entrega': Timestamp('2026-03-20 12:32:18'), 'Fecha de transacción': Timestamp('2026-03-20 00:00:00')}"
998fe524-6295-4f41-8d5d-b7d4fc27e7d8,1  febrero   2026 - 31  marzo   2026.xlsx,3228624036,2026-03-20,2026-03-20 00:00:00,2026-03-20 00:00:00,2026-03,2026-03,33605.0,"{'Fecha creación de la orden': Timestamp('2026-03-19 07:24:15'), 'Fecha de Entrega': Timestamp('2026-03-20 15:22:11'), 'Fecha de transacción': Timestamp('2026-03-20 00:00:00')}"
7bc35a8f-544f-4218-980a-39d36e633169,1  febrero   2026 - 31  marzo   2026.xlsx,3228821326,2026-03-24,2026-03-24 00:00:00,2026-03-24 00:00:00,2026-03,2026-03,27723.0,"{'Fecha creación de la orden': Timestamp('2026-03-20 22:13:27'), 'Fecha de Entrega': Timestamp('2026-03-24 10:35:00'), 'Fecha de transacción': Timestamp('2026-03-24 00:00:00')}"
8646acf8-2cf3-4461-bea7-aa920a4f7beb,1  febrero   2026 - 31  marzo   2026.xlsx,3228868492,2026-03-24,2026-03-24 00:00:00,2026-03-24 00:00:00,2026-03,2026-03,40328.0,"{'Fecha creación de la orden': Timestamp('2026-03-21 12:31:53'), 'Fecha de Entrega': Timestamp('2026-03-24 14:02:10'), 'Fecha de transacción': Timestamp('2026-03-24 00:00:00')}"
f9d20d3d-1144-475c-8b62-ce418418f48f,1  febrero   2026 - 31  marzo   2026.xlsx,3229053829,2026-03-24,2026-03-24 00:00:00,2026-03-24 00:00:00,2026-03,2026-03,26882.0,"{'Fecha creación de la orden': Timestamp('2026-03-22 20:39:08'), 'Fecha de Entrega': Timestamp('2026-03-24 14:22:07'), 'Fecha de transacción': Timestamp('2026-03-24 00:00:00')}"
4b4a49a8-90e2-4033-b555-ff5f4376847d,1  febrero   2026 - 31  marzo   2026.xlsx,3229033719,2026-03-24,2026-03-24 00:00:00,2026-03-24 00:00:00,2026-03,2026-03,37807.0,"{'Fecha creación de la orden': Timestamp('2026-03-22 18:22:43'), 'Fecha de Entrega': Timestamp('2026-03-24 17:42:05'), 'Fecha de transacción': Timestamp('2026-03-24 00:00:00')}"
3fb279be-e40f-4f82-808a-011171c5e1fb,1  febrero   2026 - 31  marzo   2026.xlsx,3229033719,2026-03-24,2026-03-24 00:00:00,2026-03-24 00:00:00,2026-03,2026-03,37807.0,"{'Fecha creación de la orden': Timestamp('2026-03-22 18:22:43'), 'Fecha de Entrega': Timestamp('2026-03-24 17:42:05'), 'Fecha de transacción': Timestamp('2026-03-24 00:00:00')}"
378bd276-1e03-49fe-bda1-13f262eada28,1  febrero   2026 - 31  marzo   2026.xlsx,3229203367,2026-03-25,2026-03-25 00:00:00,2026-03-25 00:00:00,2026-03,2026-03,33605.0,"{'Fecha creación de la orden': Timestamp('2026-03-23 22:02:19'), 'Fecha de Entrega': Timestamp('2026-03-25 15:02:09'), 'Fecha de transacción': Timestamp('2026-03-25 00:00:00')}"
69f131b2-a28b-4dae-b551-62823f4e5462,1  febrero   2026 - 31  marzo   2026.xlsx,3229356857,2026-03-26,2026-03-26 00:00:00,2026-03-26 00:00:00,2026-03,2026-03,33605.0,"{'Fecha creación de la orden': Timestamp('2026-03-25 08:33:11'), 'Fecha de Entrega': Timestamp('2026-03-26 11:54:36'), 'Fecha de transacción': Timestamp('2026-03-26 00:00:00')}"
e6d17494-0a22-4d78-a3b9-8709a2b500aa,1  febrero   2026 - 31  marzo   2026.xlsx,3229329355,2026-03-26,2026-03-26 00:00:00,2026-03-26 00:00:00,2026-03,2026-03,33605.0,"{'Fecha creación de la orden': Timestamp('2026-03-24 22:21:19'), 'Fecha de Entrega': Timestamp('2026-03-26 12:12:04'), 'Fecha de transacción': Timestamp('2026-03-26 00:00:00')}"
2ddf7f7a-338c-4c86-865e-ff7306612f1f,1  febrero   2026 - 31  marzo   2026.xlsx,3229329355,2026-03-26,2026-03-26 00:00:00,2026-03-26 00:00:00,2026-03,2026-03,37807.0,"{'Fecha creación de la orden': Timestamp('2026-03-24 22:21:19'), 'Fecha de Entrega': Timestamp('2026-03-26 12:12:04'), 'Fecha de transacción': Timestamp('2026-03-26 00:00:00')}"
12050cea-1489-492c-a416-ead56af5a594,1  febrero   2026 - 31  marzo   2026.xlsx,3229320554,2026-03-27,2026-03-27 00:00:00,2026-03-27 00:00:00,2026-03,2026-03,71420.0,"{'Fecha creación de la orden': Timestamp('2026-03-24 21:12:18'), 'Fecha de Entrega': Timestamp('2026-03-27 10:12:02'), 'Fecha de transacción': Timestamp('2026-03-27 00:00:00')}"
85dd6dff-4003-422d-bee8-ec8eb897ee9f,1  febrero   2026 - 31  marzo   2026.xlsx,3229432620,2026-03-27,2026-03-27 00:00:00,2026-03-27 00:00:00,2026-03,2026-03,30244.0,"{'Fecha creación de la orden': Timestamp('2026-03-25 19:38:33'), 'Fecha de Entrega': Timestamp('2026-03-27 13:02:04'), 'Fecha de transacción': Timestamp('2026-03-27 00:00:00')}"
884359b9-326d-4cf0-be57-778df59b72bb,1  febrero   2026 - 31  marzo   2026.xlsx,3229432619,2026-03-27,2026-03-27 00:00:00,2026-03-27 00:00:00,2026-03,2026-03,31924.0,"{'Fecha creación de la orden': Timestamp('2026-03-25 19:38:33'), 'Fecha de Entrega': Timestamp('2026-03-27 13:02:07'), 'Fecha de transacción': Timestamp('2026-03-27 00:00:00')}"
0d29545b-2c55-4d36-90af-8a8ddc15267e,1  febrero   2026 - 31  marzo   2026.xlsx,3229408650,2026-03-27,2026-03-27 00:00:00,2026-03-27 00:00:00,2026-03,2026-03,26882.0,"{'Fecha creación de la orden': Timestamp('2026-03-25 16:22:32'), 'Fecha de Entrega': Timestamp('2026-03-27 14:02:07'), 'Fecha de transacción': Timestamp('2026-03-27 00:00:00')}"
3c143c23-a166-497f-a1a3-38a3cfbab5b0,1  febrero   2026 - 31  marzo   2026.xlsx,3229463667,2026-03-27,2026-03-27 00:00:00,2026-03-27 00:00:00,2026-03,2026-03,30244.0,"{'Fecha creación de la orden': Timestamp('2026-03-25 23:47:19'), 'Fecha de Entrega': Timestamp('2026-03-27 16:52:04'), 'Fecha de transacción': Timestamp('2026-03-27 00:00:00')}"
c3237e0f-2563-410d-991a-7a0558bbcd23,1  febrero   2026 - 31  marzo   2026.xlsx,3228653373,2026-03-27,2026-03-27 00:00:00,2026-03-27 00:00:00,2026-03,2026-03,33605.0,"{'Fecha creación de la orden': Timestamp('2026-03-19 13:44:35'), 'Fecha de Entrega': Timestamp('2026-03-27 17:55:30'), 'Fecha de transacción': Timestamp('2026-03-27 00:00:00')}"
dbb0b519-73dc-479a-9076-e1d42dec6150,1  febrero   2026 - 31  marzo   2026.xlsx,3229572488,2026-03-28,2026-03-28 00:00:00,2026-03-28 00:00:00,2026-03,2026-03,30244.0,"{'Fecha creación de la orden': Timestamp('2026-03-26 21:12:06'), 'Fecha de Entrega': Timestamp('2026-03-28 10:52:05'), 'Fecha de transacción': Timestamp('2026-03-28 00:00:00')}"
d211aab9-16fc-4c58-ba54-56dc5ae33e61,1  febrero   2026 - 31  marzo   2026.xlsx,3229512195,2026-03-28,2026-03-28 00:00:00,2026-03-28 00:00:00,2026-03,2026-03,30244.0,"{'Fecha creación de la orden': Timestamp('2026-03-26 13:40:11'), 'Fecha de Entrega': Timestamp('2026-03-28 11:14:19'), 'Fecha de transacción': Timestamp('2026-03-28 00:00:00')}"
c5ae3cf2-9343-436b-9e17-683bb9c2ba8e,1  febrero   2026 - 31  marzo   2026.xlsx,3229600888,2026-03-28,2026-03-28 00:00:00,2026-03-28 00:00:00,2026-03,2026-03,30244.0,"{'Fecha creación de la orden': Timestamp('2026-03-27 00:03:46'), 'Fecha de Entrega': Timestamp('2026-03-28 12:13:35'), 'Fecha de transacción': Timestamp('2026-03-28 00:00:00')}"
bad6cca3-43ba-4159-a759-bc296cb7c6a8,1  febrero   2026 - 31  marzo   2026.xlsx,3229499482,2026-03-28,2026-03-28 00:00:00,2026-03-28 00:00:00,2026-03,2026-03,26882.0,"{'Fecha creación de la orden': Timestamp('2026-03-26 12:05:32'), 'Fecha de Entrega': Timestamp('2026-03-28 13:32:06'), 'Fecha de transacción': Timestamp('2026-03-28 00:00:00')}"
bc9a2bce-78e6-4613-9656-a3e7423414fc,1  febrero   2026 - 31  marzo   2026.xlsx,3229614656,2026-03-28,2026-03-28 00:00:00,2026-03-28 00:00:00,2026-03,2026-03,30244.0,"{'Fecha creación de la orden': Timestamp('2026-03-27 05:13:12'), 'Fecha de Entrega': Timestamp('2026-03-28 14:14:29'), 'Fecha de transacción': Timestamp('2026-03-28 00:00:00')}"
3cf5601f-dd37-4935-a60b-f34374232b70,1  febrero   2026 - 31  marzo   2026.xlsx,3229582571,2026-03-28,2026-03-28 00:00:00,2026-03-28 00:00:00,2026-03,2026-03,30244.0,"{'Fecha creación de la orden': Timestamp('2026-03-26 22:14:36'), 'Fecha de Entrega': Timestamp('2026-03-28 20:52:03'), 'Fecha de transacción': Timestamp('2026-03-28 00:00:00')}"
fda7331e-baef-4a4b-b863-4ef2d0b059b4,1  febrero   2026 - 31  marzo   2026.xlsx,3229616172,2026-03-30,2026-03-30 00:00:00,2026-03-30 00:00:00,2026-03,2026-03,26882.0,"{'Fecha creación de la orden': Timestamp('2026-03-27 07:01:12'), 'Fecha de Entrega': Timestamp('2026-03-30 12:02:02'), 'Fecha de transacción': Timestamp('2026-03-30 00:00:00')}"
cfbc9f8d-bd6d-4c20-81d6-e5a5dc683209,1  febrero   2026 - 31  marzo   2026.xlsx,3229945483,2026-03-31,2026-03-31 00:00:00,2026-03-31 00:00:00,2026-03,2026-03,28899.0,"{'Fecha creación de la orden': Timestamp('2026-03-29 12:09:55'), 'Fecha de Entrega': Timestamp('2026-03-31 10:02:06'), 'Fecha de transacción': Timestamp('2026-03-31 00:00:00')}"
2f6195ef-ae67-410a-8f90-1149d82192d2,1  febrero   2026 - 31  marzo   2026.xlsx,3229945483,2026-03-31,2026-03-31 00:00:00,2026-03-31 00:00:00,2026-03,2026-03,29571.0,"{'Fecha creación de la orden': Timestamp('2026-03-29 12:09:55'), 'Fecha de Entrega': Timestamp('2026-03-31 10:02:06'), 'Fecha de transacción': Timestamp('2026-03-31 00:00:00')}"
31573bde-ab0e-4108-9df1-2c0e02495f6c,1  febrero   2026 - 31  marzo   2026.xlsx,3229945483,2026-03-31,2026-03-31 00:00:00,2026-03-31 00:00:00,2026-03,2026-03,29571.0,"{'Fecha creación de la orden': Timestamp('2026-03-29 12:09:55'), 'Fecha de Entrega': Timestamp('2026-03-31 10:02:06'), 'Fecha de transacción': Timestamp('2026-03-31 00:00:00')}"
803e8935-4888-41cc-a344-a550ff997aed,1  febrero   2026 - 31  marzo   2026.xlsx,3229945483,2026-03-31,2026-03-31 00:00:00,2026-03-31 00:00:00,2026-03,2026-03,29571.0,"{'Fecha creación de la orden': Timestamp('2026-03-29 12:09:55'), 'Fecha de Entrega': Timestamp('2026-03-31 10:02:06'), 'Fecha de transacción': Timestamp('2026-03-31 00:00:00')}"
98e5a44c-e02d-495c-8e5d-3bfb206042de,1  febrero   2026 - 31  marzo   2026.xlsx,3229633528,2026-03-31,2026-03-31 00:00:00,2026-03-31 00:00:00,2026-03,2026-03,30244.0,"{'Fecha creación de la orden': Timestamp('2026-03-27 10:49:42'), 'Fecha de Entrega': Timestamp('2026-03-31 10:52:06'), 'Fecha de transacción': Timestamp('2026-03-31 00:00:00')}"
2f9e09d1-0d9e-4940-b19c-41091fdf6d9d,1  febrero   2026 - 31  marzo   2026.xlsx,3229976417,2026-03-31,2026-03-31 00:00:00,2026-03-31 00:00:00,2026-03,2026-03,30244.0,"{'Fecha creación de la orden': Timestamp('2026-03-29 15:11:50'), 'Fecha de Entrega': Timestamp('2026-03-31 10:52:10'), 'Fecha de transacción': Timestamp('2026-03-31 00:00:00')}"
1340c02c-3472-462e-b166-79db04a83ff2,1  febrero   2026 - 31  marzo   2026.xlsx,3229836470,2026-03-31,2026-03-31 00:00:00,2026-03-31 00:00:00,2026-03,2026-03,22176.0,"{'Fecha creación de la orden': Timestamp('2026-03-28 16:31:25'), 'Fecha de Entrega': Timestamp('2026-03-31 11:32:10'), 'Fecha de transacción': Timestamp('2026-03-31 00:00:00')}"
57ebe0af-9435-48b3-ab42-8b606efa2e99,1  febrero   2026 - 31  marzo   2026.xlsx,3229906940,2026-03-31,2026-03-31 00:00:00,2026-03-31 00:00:00,2026-03,2026-03,22176.0,"{'Fecha creación de la orden': Timestamp('2026-03-29 00:10:48'), 'Fecha de Entrega': Timestamp('2026-03-31 13:02:07'), 'Fecha de transacción': Timestamp('2026-03-31 00:00:00')}"
20711dcf-e0a0-4365-aede-f9e5e6c14067,1  febrero   2026 - 31  marzo   2026.xlsx,3229894482,2026-03-31,2026-03-31 00:00:00,2026-03-31 00:00:00,2026-03,2026-03,30244.0,"{'Fecha creación de la orden': Timestamp('2026-03-28 22:44:05'), 'Fecha de Entrega': Timestamp('2026-03-31 13:22:08'), 'Fecha de transacción': Timestamp('2026-03-31 00:00:00')}"
fe90655a-56d3-40cc-98a9-75013c557647,1  febrero   2026 - 31  marzo   2026.xlsx,3229894482,2026-03-31,2026-03-31 00:00:00,2026-03-31 00:00:00,2026-03,2026-03,23521.0,"{'Fecha creación de la orden': Timestamp('2026-03-28 22:44:05'), 'Fecha de Entrega': Timestamp('2026-03-31 13:22:08'), 'Fecha de transacción': Timestamp('2026-03-31 00:00:00')}"
c49a2851-4373-4a14-84b6-5b10f469c032,1  febrero   2026 - 31  marzo   2026.xlsx,3229918594,2026-03-31,2026-03-31 00:00:00,2026-03-31 00:00:00,2026-03,2026-03,30244.0,"{'Fecha creación de la orden': Timestamp('2026-03-29 03:13:50'), 'Fecha de Entrega': Timestamp('2026-03-31 14:32:08'), 'Fecha de transacción': Timestamp('2026-03-31 00:00:00')}"
b0ffa7ad-ea26-4a49-9922-5d49eb7f7d7c,1  febrero   2026 - 31  marzo   2026.xlsx,3230085136,2026-03-31,2026-03-31 00:00:00,2026-03-31 00:00:00,2026-03,2026-03,26882.0,"{'Fecha creación de la orden': Timestamp('2026-03-30 00:10:15'), 'Fecha de Entrega': Timestamp('2026-03-31 15:22:07'), 'Fecha de transacción': Timestamp('2026-03-31 00:00:00')}"
cab77354-5272-4678-b3bd-318c555e07ee,1  febrero   2026 - 31  marzo   2026.xlsx,3230077890,2026-03-31,2026-03-31 00:00:00,2026-03-31 00:00:00,2026-03,2026-03,30244.0,"{'Fecha creación de la orden': Timestamp('2026-03-29 23:36:17'), 'Fecha de Entrega': Timestamp('2026-03-31 16:42:05'), 'Fecha de transacción': Timestamp('2026-03-31 00:00:00')}"
78f90682-a194-4a55-a615-7373ba79ff36,1  febrero   2026 - 31  marzo   2026.xlsx,3230093001,2026-03-31,2026-03-31 00:00:00,2026-03-31 00:00:00,2026-03,2026-03,30244.0,"{'Fecha creación de la orden': Timestamp('2026-03-30 01:05:10'), 'Fecha de Entrega': Timestamp('2026-03-31 17:22:07'), 'Fecha de transacción': Timestamp('2026-03-31 00:00:00')}"
eee717f0-f809-40d7-b134-2ee5a12d78b6,1  febrero   2026 - 31  marzo   2026.xlsx,3229741484,2026-03-31,2026-03-31 00:00:00,2026-03-31 00:00:00,2026-03,2026-03,30244.0,"{'Fecha creación de la orden': Timestamp('2026-03-27 22:47:23'), 'Fecha de Entrega': Timestamp('2026-03-31 17:42:06'), 'Fecha de transacción': Timestamp('2026-03-31 00:00:00')}"
dbd8545f-920a-4a8e-85fa-418e8d135deb,1  febrero   2026 - 31  marzo   2026.xlsx,3229848221,2026-03-31,2026-03-31 00:00:00,2026-03-31 00:00:00,2026-03,2026-03,30244.0,"{'Fecha creación de la orden': Timestamp('2026-03-28 17:56:19'), 'Fecha de Entrega': Timestamp('2026-03-31 18:32:14'), 'Fecha de transacción': Timestamp('2026-03-31 00:00:00')}"
124b702b-e054-4dcd-a074-3bd3fa77f43c,1  febrero   2026 - 31  marzo   2026.xlsx,3230025174,2026-03-31,2026-03-31 00:00:00,2026-03-31 00:00:00,2026-03,2026-03,43689.0,"{'Fecha creación de la orden': Timestamp('2026-03-29 19:32:42'), 'Fecha de Entrega': Timestamp('2026-03-31 18:32:14'), 'Fecha de transacción': Timestamp('2026-03-31 00:00:00')}"
20aa4186-5b8a-4fa4-a869-1305996ef631,1  junio   2026 - 30  junio   2026.xlsx,3238010514,2026-06-01,2026-01-06 00:00:00,2026-06-01 00:00:00,2026-01,2026-06,41336.0,"{'Fecha creación de la orden': Timestamp('2026-01-06 11:06:02'), 'Fecha de Entrega': Timestamp('2026-01-06 17:44:50'), 'Fecha de transacción': Timestamp('2026-01-06 00:00:00')}"
177235e5-f071-4ba5-83ae-b802d54f396b,1  junio   2026 - 30  junio   2026.xlsx,3237799520,2026-06-01,2026-01-06 00:00:00,2026-06-01 00:00:00,2026-01,2026-06,17639.0,"{'Fecha creación de la orden': Timestamp('2026-05-31 23:42:16'), 'Id Artículo': Timestamp('2222-07-26 00:00:00'), 'Fecha de Entrega': Timestamp('2026-01-06 18:24:34'), 'Fecha de transacción': Timestamp('2026-01-06 00:00:00')}"
893a112c-7d83-4d36-938d-805fc0f632b0,1  junio   2026 - 30  junio   2026.xlsx,3237735478,2026-06-01,2026-01-06 00:00:00,2026-06-01 00:00:00,2026-01,2026-06,41336.0,"{'Fecha creación de la orden': Timestamp('2026-05-31 20:12:08'), 'Fecha de Entrega': Timestamp('2026-01-06 18:25:06'), 'Fecha de transacción': Timestamp('2026-01-06 00:00:00')}"
0fba0bef-9a4b-4006-9587-a9e5d1edb1ec,1  junio   2026 - 30  junio   2026.xlsx,3237837820,2026-06-01,2026-01-06 00:00:00,2026-06-01 00:00:00,2026-01,2026-06,41336.0,"{'Fecha creación de la orden': Timestamp('2026-01-06 00:33:38'), 'Fecha de Entrega': Timestamp('2026-01-06 18:44:31'), 'Fecha de transacción': Timestamp('2026-01-06 00:00:00')}"
3f83543a-2216-41e7-b77e-d39ce43b370b,1  junio   2026 - 30  junio   2026.xlsx,3237970015,2026-06-01,2026-01-06 00:00:00,2026-06-01 00:00:00,2026-01,2026-06,25202.0,"{'Fecha creación de la orden': Timestamp('2026-01-06 09:52:23'), 'Fecha de Entrega': Timestamp('2026-01-06 18:44:45'), 'Fecha de transacción': Timestamp('2026-01-06 00:00:00')}"
878cad9a-a1c6-4540-b3fa-2d48f3fe2dd8,1  junio   2026 - 30  junio   2026.xlsx,3237786048,2026-06-01,2026-01-06 00:00:00,2026-06-01 00:00:00,2026-01,2026-06,32765.0,"{'Fecha creación de la orden': Timestamp('2026-05-31 23:12:32'), 'Fecha de Entrega': Timestamp('2026-01-06 18:44:51'), 'Fecha de transacción': Timestamp('2026-01-06 00:00:00')}"
889038db-8c86-4969-ba79-73721d003b9c,1  junio   2026 - 30  junio   2026.xlsx,3237829585,2026-06-01,2026-01-06 00:00:00,2026-06-01 00:00:00,2026-01,2026-06,22681.0,"{'Fecha creación de la orden': Timestamp('2026-01-06 00:24:26'), 'Fecha de Entrega': Timestamp('2026-01-06 18:44:52'), 'Fecha de transacción': Timestamp('2026-01-06 00:00:00')}"
4acf633e-780f-45b8-bc37-6e60fa1dc607,1  junio   2026 - 30  junio   2026.xlsx,3238015353,2026-06-01,2026-01-06 00:00:00,2026-06-01 00:00:00,2026-01,2026-06,17134.0,"{'Fecha creación de la orden': Timestamp('2026-01-06 11:11:47'), 'Fecha de Entrega': Timestamp('2026-01-06 19:23:47'), 'Fecha de transacción': Timestamp('2026-01-06 00:00:00')}"
9e609a1f-1c79-4e8f-895f-324733ecf08b,1  junio   2026 - 30  junio   2026.xlsx,3237904608,2026-06-01,2026-01-06 00:00:00,2026-06-01 00:00:00,2026-01,2026-06,42849.0,"{'Fecha creación de la orden': Timestamp('2026-01-06 06:18:51'), 'Fecha de Entrega': Timestamp('2026-01-06 19:43:32'), 'Fecha de transacción': Timestamp('2026-01-06 00:00:00')}"
1e7f70f5-3fb6-4960-9592-df399fd40663,1  junio   2026 - 30  junio   2026.xlsx,3237699965,2026-06-01,2026-01-06 00:00:00,2026-06-01 00:00:00,2026-01,2026-06,43689.0,"{'Fecha creación de la orden': Timestamp('2026-05-31 16:12:50'), 'Fecha de Entrega': Timestamp('2026-01-06 19:43:34'), 'Fecha de transacción': Timestamp('2026-01-06 00:00:00')}"
298dee7c-6e00-433c-807f-cbb7b35f8f45,1  junio   2026 - 30  junio   2026.xlsx,3237772183,2026-06-01,2026-01-06 00:00:00,2026-06-01 00:00:00,2026-01,2026-06,41336.0,"{'Fecha creación de la orden': Timestamp('2026-05-31 22:35:41'), 'Fecha de Entrega': Timestamp('2026-01-06 19:43:41'), 'Fecha de transacción': Timestamp('2026-01-06 00:00:00')}"
7c198c0e-10f0-478b-b6f9-895e447808a5,1  junio   2026 - 30  junio   2026.xlsx,3237781166,2026-06-01,2026-01-06 00:00:00,2026-06-01 00:00:00,2026-01,2026-06,22681.0,"{'Fecha creación de la orden': Timestamp('2026-05-31 23:00:21'), 'Fecha de Entrega': Timestamp('2026-01-06 20:24:45'), 'Fecha de transacción': Timestamp('2026-01-06 00:00:00')}"
ec33c0c3-1176-4774-9ee5-82051eb73250,1  junio   2026 - 30  junio   2026.xlsx,3237749910,2026-06-01,2026-01-06 00:00:00,2026-06-01 00:00:00,2026-01,2026-06,40328.0,"{'Fecha creación de la orden': Timestamp('2026-05-31 21:20:18'), 'Fecha de Entrega': Timestamp('2026-01-06 20:44:24'), 'Fecha de transacción': Timestamp('2026-01-06 00:00:00')}"
638942ac-2d9d-4a7e-a1bf-fcb0d73f8150,1  junio   2026 - 30  junio   2026.xlsx,3237997214,2026-06-01,2026-01-06 00:00:00,2026-06-01 00:00:00,2026-01,2026-06,17134.0,"{'Fecha creación de la orden': Timestamp('2026-01-06 10:41:08'), 'Fecha de Entrega': Timestamp('2026-01-06 20:44:41'), 'Fecha de transacción': Timestamp('2026-01-06 00:00:00')}"
ff8ef868-70b0-45e1-8e79-f17166dbec30,1  junio   2026 - 30  junio   2026.xlsx,3237776957,2026-06-01,2026-01-06 00:00:00,2026-06-01 00:00:00,2026-01,2026-06,22681.0,"{'Fecha creación de la orden': Timestamp('2026-05-31 22:49:10'), 'Fecha de Entrega': Timestamp('2026-01-06 21:24:02'), 'Fecha de transacción': Timestamp('2026-01-06 00:00:00')}"
18517470-c85e-44ad-9481-e00c4b52fd8f,1  junio   2026 - 30  junio   2026.xlsx,3237823568,2026-06-01,2026-01-06 00:00:00,2026-06-01 00:00:00,2026-01,2026-06,40328.0,"{'Fecha creación de la orden': Timestamp('2026-01-06 00:16:41'), 'Fecha de Entrega': Timestamp('2026-01-06 21:24:10'), 'Fecha de transacción': Timestamp('2026-01-06 00:00:00')}"
ff575a83-7265-409d-a3fc-af010b399730,1  junio   2026 - 30  junio   2026.xlsx,3237787125,2026-06-01,2026-01-06 00:00:00,2026-06-01 00:00:00,2026-01,2026-06,16126.0,"{'Fecha creación de la orden': Timestamp('2026-05-31 23:15:12'), 'Fecha de Entrega': Timestamp('2026-01-06 21:43:12'), 'Fecha de transacción': Timestamp('2026-01-06 00:00:00')}"
d5b5b1c1-d7bf-4727-8430-f215841099ea,1  junio   2026 - 30  junio   2026.xlsx,3237501675,2026-06-01,2026-01-06 00:00:00,2026-06-01 00:00:00,2026-01,2026-06,32765.0,"{'Fecha creación de la orden': Timestamp('2026-05-29 16:37:58'), 'Fecha de Entrega': Timestamp('2026-01-06 22:04:21'), 'Fecha de transacción': Timestamp('2026-01-06 00:00:00')}"
9fa13d04-8767-4fb7-a3b6-89b4840cfe83,1  junio   2026 - 30  junio   2026.xlsx,3237724133,2026-06-01,2026-01-06 00:00:00,2026-06-01 00:00:00,2026-01,2026-06,19319.0,"{'Fecha creación de la orden': Timestamp('2026-05-31 19:07:46'), 'Fecha de Entrega': Timestamp('2026-01-06 22:23:11'), 'Fecha de transacción': Timestamp('2026-01-06 00:00:00')}"
29ed71cc-747b-4677-af8f-5b8857d6545d,1  junio   2026 - 30  junio   2026.xlsx,3237780549,2026-06-01,2026-01-06 00:00:00,2026-06-01 00:00:00,2026-01,2026-06,47891.0,"{'Fecha creación de la orden': Timestamp('2026-05-31 22:58:42'), 'Fecha de Entrega': Timestamp('2026-01-06 22:23:42'), 'Fecha de transacción': Timestamp('2026-01-06 00:00:00')}"
47821615-68bd-4e8d-adca-e0529efaf162,1  junio   2026 - 30  junio   2026.xlsx,3237563018,2026-06-02,2026-02-06 00:00:00,2026-06-02 00:00:00,2026-02,2026-06,22681.0,"{'Fecha creación de la orden': Timestamp('2026-05-30 10:32:51'), 'Fecha de Entrega': Timestamp('2026-02-06 09:25:30'), 'Fecha de transacción': Timestamp('2026-02-06 00:00:00')}"
648fe0bf-d2e4-4016-8bcc-88163cf6b189,1  junio   2026 - 30  junio   2026.xlsx,3237919352,2026-06-02,2026-02-06 00:00:00,2026-06-02 00:00:00,2026-02,2026-06,32765.0,"{'Fecha creación de la orden': Timestamp('2026-01-06 07:44:34'), 'Fecha de Entrega': Timestamp('2026-02-06 10:22:32'), 'Fecha de transacción': Timestamp('2026-02-06 00:00:00')}"
6ed66d3a-e015-4aa3-a20d-ba593d2209de,1  junio   2026 - 30  junio   2026.xlsx,3237806404,2026-06-02,2026-02-06 00:00:00,2026-06-02 00:00:00,2026-02,2026-06,37303.0,"{'Fecha creación de la orden': Timestamp('2026-05-31 23:53:50'), 'Fecha de Entrega': Timestamp('2026-02-06 10:42:50'), 'Fecha de transacción': Timestamp('2026-02-06 00:00:00')}"
f588a397-6bb8-4bde-8770-05631552648a,1  junio   2026 - 30  junio   2026.xlsx,3238033862,2026-06-02,2026-02-06 00:00:00,2026-06-02 00:00:00,2026-02,2026-06,22681.0,"{'Fecha creación de la orden': Timestamp('2026-01-06 11:42:11'), 'Fecha de Entrega': Timestamp('2026-02-06 11:42:15'), 'Fecha de transacción': Timestamp('2026-02-06 00:00:00')}"
84e71a93-f7c2-4938-8171-fd0f1f789605,1  junio   2026 - 30  junio   2026.xlsx,3238033862,2026-06-02,2026-02-06 00:00:00,2026-06-02 00:00:00,2026-02,2026-06,22681.0,"{'Fecha creación de la orden': Timestamp('2026-01-06 11:42:11'), 'Fecha de Entrega': Timestamp('2026-02-06 11:42:15'), 'Fecha de transacción': Timestamp('2026-02-06 00:00:00')}"
7b584fb5-064b-4ecf-b342-3fab80cfd926,1  junio   2026 - 30  junio   2026.xlsx,3237766269,2026-06-02,2026-02-06 00:00:00,2026-06-02 00:00:00,2026-02,2026-06,41336.0,"{'Fecha creación de la orden': Timestamp('2026-05-31 22:17:53'), 'Id Artículo': Timestamp('2214-04-14 00:00:00'), 'Fecha de Entrega': Timestamp('2026-02-06 11:52:47'), 'Fecha de transacción': Timestamp('2026-02-06 00:00:00')}"
29e11d38-abcb-4c8d-bff2-31993b276a5d,1  junio   2026 - 30  junio   2026.xlsx,3238096056,2026-06-02,2026-02-06 00:00:00,2026-06-02 00:00:00,2026-02,2026-06,16126.0,"{'Fecha creación de la orden': Timestamp('2026-01-06 13:28:38'), 'Fecha de Entrega': Timestamp('2026-02-06 11:52:17'), 'Fecha de transacción': Timestamp('2026-02-06 00:00:00')}"
438892a4-912a-4d9f-a02c-175efb9399c0,1  junio   2026 - 30  junio   2026.xlsx,3237731209,2026-06-02,2026-02-06 00:00:00,2026-06-02 00:00:00,2026-02,2026-06,21840.0,"{'Fecha creación de la orden': Timestamp('2026-05-31 19:48:55'), 'Fecha de Entrega': Timestamp('2026-02-06 12:02:04'), 'Fecha de transacción': Timestamp('2026-02-06 00:00:00')}"
7f8a9f94-53f1-4e4e-b7c7-b8b8602540f1,1  junio   2026 - 30  junio   2026.xlsx,3237731209,2026-06-02,2026-02-06 00:00:00,2026-06-02 00:00:00,2026-02,2026-06,21840.0,"{'Fecha creación de la orden': Timestamp('2026-05-31 19:48:55'), 'Fecha de Entrega': Timestamp('2026-02-06 12:02:04'), 'Fecha de transacción': Timestamp('2026-02-06 00:00:00')}"
a4fc26a3-b783-4f5c-8908-e06c3d5e8b9c,1  junio   2026 - 30  junio   2026.xlsx,3237736880,2026-06-02,2026-02-06 00:00:00,2026-06-02 00:00:00,2026-02,2026-06,17134.0,"{'Fecha creación de la orden': Timestamp('2026-05-31 20:19:14'), 'Fecha de Entrega': Timestamp('2026-02-06 13:12:18'), 'Fecha de transacción': Timestamp('2026-02-06 00:00:00')}"
8a6be685-950d-44e1-a4ed-60cf14e723b9,1  junio   2026 - 30  junio   2026.xlsx,3237736880,2026-06-02,2026-02-06 00:00:00,2026-06-02 00:00:00,2026-02,2026-06,22681.0,"{'Fecha creación de la orden': Timestamp('2026-05-31 20:19:14'), 'Fecha de Entrega': Timestamp('2026-02-06 13:12:18'), 'Fecha de transacción': Timestamp('2026-02-06 00:00:00')}"
4bbbf79d-6519-4cff-a32c-f38c03fa8942,1  junio   2026 - 30  junio   2026.xlsx,3238092842,2026-06-02,2026-02-06 00:00:00,2026-06-02 00:00:00,2026-02,2026-06,42849.0,"{'Fecha creación de la orden': Timestamp('2026-01-06 13:23:05'), 'Fecha de Entrega': Timestamp('2026-02-06 19:59:39'), 'Fecha de transacción': Timestamp('2026-02-06 00:00:00')}"
86ddaf75-24e4-4e1b-b6c8-6544a819357f,1  junio   2026 - 30  junio   2026.xlsx,3237577664,2026-06-02,2026-02-06 00:00:00,2026-06-02 00:00:00,2026-02,2026-06,22681.0,"{'Fecha creación de la orden': Timestamp('2026-05-30 13:05:28'), 'Fecha de Entrega': Timestamp('2026-02-06 20:10:11'), 'Fecha de transacción': Timestamp('2026-02-06 00:00:00')}"
c971ccb9-bca9-4bdd-8a20-ea77c8a3972c,1  junio   2026 - 30  junio   2026.xlsx,3238002460,2026-06-02,2026-02-06 00:00:00,2026-06-02 00:00:00,2026-02,2026-06,36294.0,"{'Fecha creación de la orden': Timestamp('2026-01-06 10:50:05'), 'Fecha de Entrega': Timestamp('2026-02-06 22:24:19'), 'Fecha de transacción': Timestamp('2026-02-06 00:00:00')}"
816f788a-7463-464b-96b8-aa551aac64e8,1  junio   2026 - 30  junio   2026.xlsx,3237822264,2026-06-02,2026-02-06 00:00:00,2026-06-02 00:00:00,2026-02,2026-06,21168.0,"{'Fecha creación de la orden': Timestamp('2026-01-06 00:15:23'), 'Fecha de Entrega': Timestamp('2026-02-06 22:24:28'), 'Fecha de transacción': Timestamp('2026-02-06 00:00:00')}"
1ec0aa8f-8664-4ee6-aa1a-5759908182f8,1  junio   2026 - 30  junio   2026.xlsx,3237960931,2026-06-02,2026-02-06 00:00:00,2026-06-02 00:00:00,2026-02,2026-06,36294.0,"{'Fecha creación de la orden': Timestamp('2026-01-06 09:35:12'), 'Fecha de Entrega': Timestamp('2026-02-06 22:30:21'), 'Fecha de transacción': Timestamp('2026-02-06 00:00:00')}"
e6acb697-70de-431f-b226-d3a4bc0d7263,1  junio   2026 - 30  junio   2026.xlsx,3238258073,2026-06-02,2026-02-06 00:00:00,2026-06-02 00:00:00,2026-02,2026-06,36294.0,"{'Fecha creación de la orden': Timestamp('2026-01-06 18:41:57'), 'Fecha de Entrega': Timestamp('2026-02-06 22:44:26'), 'Fecha de transacción': Timestamp('2026-02-06 00:00:00')}"
d7036583-35d1-43fc-a037-a50c48cc2555,1  junio   2026 - 30  junio   2026.xlsx,3238342239,2026-06-02,2026-02-06 00:00:00,2026-06-02 00:00:00,2026-02,2026-06,41336.0,"{'Fecha creación de la orden': Timestamp('2026-01-06 20:58:04'), 'Id Artículo': Timestamp('2340-03-28 00:00:00'), 'Fecha de Entrega': Timestamp('2026-02-06 22:45:55'), 'Fecha de transacción': Timestamp('2026-02-06 00:00:00')}"
a10351f0-7487-4848-a62a-65796dc73c0c,1  junio   2026 - 30  junio   2026.xlsx,3237890880,2026-06-02,2026-02-06 00:00:00,2026-06-02 00:00:00,2026-02,2026-06,36294.0,"{'Fecha creación de la orden': Timestamp('2026-01-06 02:50:32'), 'Fecha de Entrega': Timestamp('2026-02-06 22:49:54'), 'Fecha de transacción': Timestamp('2026-02-06 00:00:00')}"
53446c2c-96e8-4fce-b5fe-08a30da7d966,1  junio   2026 - 30  junio   2026.xlsx,3237882836,2026-06-02,2026-02-06 00:00:00,2026-06-02 00:00:00,2026-02,2026-06,41336.0,"{'Fecha creación de la orden': Timestamp('2026-01-06 02:03:40'), 'Fecha de Entrega': Timestamp('2026-02-06 22:53:25'), 'Fecha de transacción': Timestamp('2026-02-06 00:00:00')}"
9de6b5b8-5ca6-4397-a128-692d76adc370,1  junio   2026 - 30  junio   2026.xlsx,3237808986,2026-06-02,2026-02-06 00:00:00,2026-06-02 00:00:00,2026-02,2026-06,40328.0,"{'Fecha creación de la orden': Timestamp('2026-05-31 23:57:52'), 'Fecha de Entrega': Timestamp('2026-02-06 22:56:52'), 'Fecha de transacción': Timestamp('2026-02-06 00:00:00')}"
22cf7820-f700-491f-b0af-98e657cbb6f1,1  junio   2026 - 30  junio   2026.xlsx,3238416461,2026-06-02,2026-02-06 00:00:00,2026-06-02 00:00:00,2026-02,2026-06,40328.0,"{'Fecha creación de la orden': Timestamp('2026-01-06 22:26:26'), 'Fecha de Entrega': Timestamp('2026-02-06 22:57:51'), 'Fecha de transacción': Timestamp('2026-02-06 00:00:00')}"
f2c836d3-82e6-4450-b93b-87fb17c0a755,1  junio   2026 - 30  junio   2026.xlsx,3238441089,2026-06-02,2026-02-06 00:00:00,2026-06-02 00:00:00,2026-02,2026-06,36294.0,"{'Fecha creación de la orden': Timestamp('2026-01-06 22:54:23'), 'Fecha de Entrega': Timestamp('2026-02-06 23:02:43'), 'Fecha de transacción': Timestamp('2026-02-06 00:00:00')}"
54d01a38-9728-44fe-9634-7b6fbf1ab96b,1  junio   2026 - 30  junio   2026.xlsx,3238002460,2026-06-02,2026-02-06 00:00:00,2026-06-02 00:00:00,2026-02,2026-06,36294.0,"{'Fecha creación de la orden': Timestamp('2026-01-06 10:50:05'), 'Fecha de Entrega': Timestamp('2026-02-06 23:05:44'), 'Fecha de transacción': Timestamp('2026-02-06 00:00:00')}"
aaa1ab1d-fdcb-47e0-8288-804e3bb1c28b,1  junio   2026 - 30  junio   2026.xlsx,3237827379,2026-06-02,2026-02-06 00:00:00,2026-06-02 00:00:00,2026-02,2026-06,36294.0,"{'Fecha creación de la orden': Timestamp('2026-01-06 00:20:47'), 'Fecha de Entrega': Timestamp('2026-02-06 23:07:00'), 'Fecha de transacción': Timestamp('2026-02-06 00:00:00')}"
9a74847a-8f4c-4824-8146-0ab0182ae511,1  junio   2026 - 30  junio   2026.xlsx,3238470803,2026-06-02,2026-02-06 00:00:00,2026-06-02 00:00:00,2026-02,2026-06,21168.0,"{'Fecha creación de la orden': Timestamp('2026-01-06 23:35:15'), 'Fecha de Entrega': Timestamp('2026-02-06 23:07:05'), 'Fecha de transacción': Timestamp('2026-02-06 00:00:00')}"
90d8d38f-4f2f-4224-abc1-208b2ff95cb5,1  junio   2026 - 30  junio   2026.xlsx,3237717379,2026-06-02,2026-02-06 00:00:00,2026-06-02 00:00:00,2026-02,2026-06,21840.0,"{'Fecha creación de la orden': Timestamp('2026-05-31 18:24:21'), 'Fecha de Entrega': Timestamp('2026-02-06 23:19:56'), 'Fecha de transacción': Timestamp('2026-02-06 00:00:00')}"
32bd2856-21d3-4f94-b0f8-5dc08cd25707,1  junio   2026 - 30  junio   2026.xlsx,3237685102,2026-06-02,2026-02-06 00:00:00,2026-06-02 00:00:00,2026-02,2026-06,21840.0,"{'Fecha creación de la orden': Timestamp('2026-05-31 14:07:07'), 'Fecha de Entrega': Timestamp('2026-02-06 23:28:51'), 'Fecha de transacción': Timestamp('2026-02-06 00:00:00')}"
56688b3f-3500-44a3-8fde-3dfa45d5fa02,1  junio   2026 - 30  junio   2026.xlsx,3238258073,2026-06-02,2026-02-06 00:00:00,2026-06-02 00:00:00,2026-02,2026-06,36294.0,"{'Fecha creación de la orden': Timestamp('2026-01-06 18:41:57'), 'Fecha de Entrega': Timestamp('2026-02-06 23:38:27'), 'Fecha de transacción': Timestamp('2026-02-06 00:00:00')}"
9ca48b19-e628-468c-8f91-a038e43195bd,1  junio   2026 - 30  junio   2026.xlsx,3238258073,2026-06-02,2026-02-06 00:00:00,2026-06-02 00:00:00,2026-02,2026-06,36294.0,"{'Fecha creación de la orden': Timestamp('2026-01-06 18:41:57'), 'Fecha de Entrega': Timestamp('2026-02-06 23:40:24'), 'Fecha de transacción': Timestamp('2026-02-06 00:00:00')}"
5c734b01-bbb4-4ca8-81f8-da16d2aa26b0,1  junio   2026 - 30  junio   2026.xlsx,3238092326,2026-06-02,2026-02-06 00:00:00,2026-06-02 00:00:00,2026-02,2026-06,40328.0,"{'Fecha creación de la orden': Timestamp('2026-01-06 13:22:07'), 'Id Artículo': Timestamp('2289-08-19 00:00:00'), 'Fecha de Entrega': Timestamp('2026-02-06 23:44:07'), 'Fecha de transacción': Timestamp('2026-02-06 00:00:00')}"
519fa0c7-6f0a-4eed-b155-48a9a83ed051,1  junio   2026 - 30  junio   2026.xlsx,3238041206,2026-06-02,2026-02-06 00:00:00,2026-06-02 00:00:00,2026-02,2026-06,41336.0,"{'Fecha creación de la orden': Timestamp('2026-01-06 11:54:17'), 'Fecha de Entrega': Timestamp('2026-02-06 23:46:50'), 'Fecha de transacción': Timestamp('2026-02-06 00:00:00')}"
a9f8c955-b762-4f1e-affa-0be082a409dc,1  junio   2026 - 30  junio   2026.xlsx,3238311719,2026-06-02,2026-02-06 00:00:00,2026-06-02 00:00:00,2026-02,2026-06,22681.0,"{'Fecha creación de la orden': Timestamp('2026-01-06 20:14:45'), 'Fecha de Entrega': Timestamp('2026-02-06 23:49:25'), 'Fecha de transacción': Timestamp('2026-02-06 00:00:00')}"
e0cbdec1-3817-4bed-915e-6bd2d01dfcc4,1  junio   2026 - 30  junio   2026.xlsx,3237949599,2026-06-02,2026-02-06 00:00:00,2026-06-02 00:00:00,2026-02,2026-06,36294.0,"{'Fecha creación de la orden': Timestamp('2026-01-06 09:11:01'), 'Fecha de Entrega': Timestamp('2026-02-06 23:49:34'), 'Fecha de transacción': Timestamp('2026-02-06 00:00:00')}"
1817db41-a144-4f6a-a6a5-867dc287a38d,1  junio   2026 - 30  junio   2026.xlsx,3238153648,2026-06-02,2026-02-06 00:00:00,2026-06-02 00:00:00,2026-02,2026-06,36294.0,"{'Fecha creación de la orden': Timestamp('2026-01-06 15:13:31'), 'Fecha de Entrega': Timestamp('2026-02-06 23:50:28'), 'Fecha de transacción': Timestamp('2026-02-06 00:00:00')}"
8faba12a-a136-485a-ae52-9ad186910f20,1  junio   2026 - 30  junio   2026.xlsx,3238456302,2026-06-02,2026-02-06 00:00:00,2026-06-02 00:00:00,2026-02,2026-06,36294.0,"{'Fecha creación de la orden': Timestamp('2026-01-06 23:14:30'), 'Id Artículo': Timestamp('2364-07-29 00:00:00'), 'Fecha de Entrega': Timestamp('2026-02-06 23:53:22'), 'Fecha de transacción': Timestamp('2026-02-06 00:00:00')}"
d8b15329-9a86-4582-8bd5-818d9accff73,1  junio   2026 - 30  junio   2026.xlsx,3238456302,2026-06-02,2026-02-06 00:00:00,2026-06-02 00:00:00,2026-02,2026-06,36294.0,"{'Fecha creación de la orden': Timestamp('2026-01-06 23:14:30'), 'Id Artículo': Timestamp('2364-07-30 00:00:00'), 'Fecha de Entrega': Timestamp('2026-02-06 23:53:23'), 'Fecha de transacción': Timestamp('2026-02-06 00:00:00')}"
d831c49d-05a8-4dcf-8b8b-00f1496c8fb2,1  junio   2026 - 30  junio   2026.xlsx,3238178847,2026-06-02,2026-02-06 00:00:00,2026-06-02 00:00:00,2026-02,2026-06,21168.0,"{'Fecha creación de la orden': Timestamp('2026-01-06 16:03:25'), 'Fecha de Entrega': Timestamp('2026-02-06 23:58:18'), 'Fecha de transacción': Timestamp('2026-02-06 00:00:00')}"
4da498a2-438b-44b9-a9f7-bf0cb125641e,1  junio   2026 - 30  junio   2026.xlsx,3238418675,2026-06-03,2026-03-06 00:00:00,2026-06-03 00:00:00,2026-03,2026-06,33773.0,"{'Fecha creación de la orden': Timestamp('2026-01-06 22:28:56'), 'Fecha de Entrega': Timestamp('2026-03-06 00:04:42'), 'Fecha de transacción': Timestamp('2026-03-06 00:00:00')}"
a580fcc0-e495-4a2d-8387-4b7451f4877e,1  junio   2026 - 30  junio   2026.xlsx,3238059291,2026-06-03,2026-03-06 00:00:00,2026-06-03 00:00:00,2026-03,2026-06,21168.0,"{'Fecha creación de la orden': Timestamp('2026-01-06 12:24:55'), 'Fecha de Entrega': Timestamp('2026-03-06 00:08:25'), 'Fecha de transacción': Timestamp('2026-03-06 00:00:00')}"
9453982f-72dd-4f26-8944-50efc56b30ab,1  junio   2026 - 30  junio   2026.xlsx,3238485921,2026-06-03,2026-03-06 00:00:00,2026-06-03 00:00:00,2026-03,2026-06,16126.0,"{'Fecha creación de la orden': Timestamp('2026-02-06 00:00:33'), 'Fecha de Entrega': Timestamp('2026-03-06 00:16:03'), 'Fecha de transacción': Timestamp('2026-03-06 00:00:00')}"
b7c86657-aa7d-4d59-a679-29f3685ce3dd,1  junio   2026 - 30  junio   2026.xlsx,3238349769,2026-06-03,2026-03-06 00:00:00,2026-06-03 00:00:00,2026-03,2026-06,21168.0,"{'Fecha creación de la orden': Timestamp('2026-01-06 21:07:58'), 'Fecha de Entrega': Timestamp('2026-03-06 00:16:11'), 'Fecha de transacción': Timestamp('2026-03-06 00:00:00')}"
15ff747c-a42e-4a65-be48-94e8526bccb2,1  junio   2026 - 30  junio   2026.xlsx,3238464359,2026-06-03,2026-03-06 00:00:00,2026-06-03 00:00:00,2026-03,2026-06,36294.0,"{'Fecha creación de la orden': Timestamp('2026-01-06 23:25:41'), 'Fecha de Entrega': Timestamp('2026-03-06 00:16:12'), 'Fecha de transacción': Timestamp('2026-03-06 00:00:00')}"
9c10430e-28a0-43c3-bba3-1c708cd7d824,1  junio   2026 - 30  junio   2026.xlsx,3238284363,2026-06-03,2026-03-06 00:00:00,2026-06-03 00:00:00,2026-03,2026-06,40328.0,"{'Fecha creación de la orden': Timestamp('2026-01-06 19:30:38'), 'Fecha de Entrega': Timestamp('2026-03-06 00:18:56'), 'Fecha de transacción': Timestamp('2026-03-06 00:00:00')}"
374d5eae-4459-40de-a173-02759f03d8e2,1  junio   2026 - 30  junio   2026.xlsx,3237760497,2026-06-03,2026-03-06 00:00:00,2026-06-03 00:00:00,2026-03,2026-06,22681.0,"{'Fecha creación de la orden': Timestamp('2026-05-31 21:59:37'), 'Fecha de Entrega': Timestamp('2026-03-06 00:19:51'), 'Fecha de transacción': Timestamp('2026-03-06 00:00:00')}"
8dc3248c-b030-4847-94cc-93ebce6524b5,1  junio   2026 - 30  junio   2026.xlsx,3238158153,2026-06-03,2026-03-06 00:00:00,2026-06-03 00:00:00,2026-03,2026-06,47891.0,"{'Fecha creación de la orden': Timestamp('2026-01-06 15:22:36'), 'Fecha de Entrega': Timestamp('2026-03-06 00:20:02'), 'Fecha de transacción': Timestamp('2026-03-06 00:00:00')}"
a6bd2f66-e8dd-412f-8321-8f2566ab2f13,1  junio   2026 - 30  junio   2026.xlsx,3237967895,2026-06-03,2026-03-06 00:00:00,2026-06-03 00:00:00,2026-03,2026-06,21168.0,"{'Fecha creación de la orden': Timestamp('2026-01-06 09:48:30'), 'Fecha de Entrega': Timestamp('2026-03-06 00:21:11'), 'Fecha de transacción': Timestamp('2026-03-06 00:00:00')}"
f07211f1-0f06-4bb3-8436-7499adc03c18,1  junio   2026 - 30  junio   2026.xlsx,3238370811,2026-06-03,2026-03-06 00:00:00,2026-06-03 00:00:00,2026-03,2026-06,32765.0,"{'Fecha creación de la orden': Timestamp('2026-01-06 21:33:49'), 'Fecha de Entrega': Timestamp('2026-03-06 00:21:31'), 'Fecha de transacción': Timestamp('2026-03-06 00:00:00')}"
823a06d5-8131-4895-94b6-948398bb3ca0,1  junio   2026 - 30  junio   2026.xlsx,3238275130,2026-06-03,2026-03-06 00:00:00,2026-06-03 00:00:00,2026-03,2026-06,41336.0,"{'Fecha creación de la orden': Timestamp('2026-01-06 19:14:07'), 'Fecha de Entrega': Timestamp('2026-03-06 10:13:37'), 'Fecha de transacción': Timestamp('2026-03-06 00:00:00')}"
485d0d32-d92b-46be-a800-57f7944fe69b,1  junio   2026 - 30  junio   2026.xlsx,3238578048,2026-06-03,2026-03-06 00:00:00,2026-06-03 00:00:00,2026-03,2026-06,24361.0,"{'Fecha creación de la orden': Timestamp('2026-02-06 10:11:35'), 'Fecha de Entrega': Timestamp('2026-03-06 12:10:47'), 'Fecha de transacción': Timestamp('2026-03-06 00:00:00')}"
441c7d40-6b9d-4412-9ac7-a7a6bade5c4d,1  junio   2026 - 30  junio   2026.xlsx,3237520571,2026-06-03,2026-03-06 00:00:00,2026-06-03 00:00:00,2026-03,2026-06,64697.0,"{'Fecha creación de la orden': Timestamp('2026-05-29 19:51:54'), 'Fecha de Entrega': Timestamp('2026-03-06 14:03:35'), 'Fecha de transacción': Timestamp('2026-03-06 00:00:00')}"
158bd0d6-63f5-4518-bde8-97708700a1e6,1  junio   2026 - 30  junio   2026.xlsx,3237745124,2026-06-03,2026-03-06 00:00:00,2026-06-03 00:00:00,2026-03,2026-06,41336.0,"{'Fecha creación de la orden': Timestamp('2026-05-31 20:59:47'), 'Fecha de Entrega': Timestamp('2026-03-06 19:40:44'), 'Fecha de transacción': Timestamp('2026-03-06 00:00:00')}"
84eee1ad-28bc-4ef1-9d55-f93ee4673b21,1  junio   2026 - 30  junio   2026.xlsx,3237822119,2026-06-03,2026-03-06 00:00:00,2026-06-03 00:00:00,2026-03,2026-06,16126.0,"{'Fecha creación de la orden': Timestamp('2026-01-06 00:15:20'), 'Fecha de Entrega': Timestamp('2026-03-06 20:31:44'), 'Fecha de transacción': Timestamp('2026-03-06 00:00:00')}"
940af63f-a7cc-4c4b-80d3-299c23ecb507,1  junio   2026 - 30  junio   2026.xlsx,3238990873,2026-06-03,2026-03-06 00:00:00,2026-06-03 00:00:00,2026-03,2026-06,21000.0,"{'Fecha creación de la orden': Timestamp('2026-02-06 23:29:55'), 'Fecha de Entrega': Timestamp('2026-03-06 20:52:41'), 'Fecha de transacción': Timestamp('2026-03-06 00:00:00')}"
28cb7f0d-afd1-4222-8677-9be5ec4606f8,1  junio   2026 - 30  junio   2026.xlsx,3238990873,2026-06-03,2026-03-06 00:00:00,2026-06-03 00:00:00,2026-03,2026-06,27723.0,"{'Fecha creación de la orden': Timestamp('2026-02-06 23:29:55'), 'Fecha de Entrega': Timestamp('2026-03-06 20:52:41'), 'Fecha de transacción': Timestamp('2026-03-06 00:00:00')}"
81d26aa8-9e64-43d7-b9a5-f68afd4fed5c,1  junio   2026 - 30  junio   2026.xlsx,3239008036,2026-06-03,2026-03-06 00:00:00,2026-06-03 00:00:00,2026-03,2026-06,25202.0,"{'Fecha creación de la orden': Timestamp('2026-02-06 23:58:28'), 'Fecha de Entrega': Timestamp('2026-03-06 21:12:38'), 'Fecha de transacción': Timestamp('2026-03-06 00:00:00')}"
cc119270-c405-4ab3-af7c-0df274b26bcc,1  junio   2026 - 30  junio   2026.xlsx,3237944143,2026-06-03,2026-03-06 00:00:00,2026-06-03 00:00:00,2026-03,2026-06,16126.0,"{'Fecha creación de la orden': Timestamp('2026-01-06 08:58:45'), 'Fecha de Entrega': Timestamp('2026-03-06 22:04:25'), 'Fecha de transacción': Timestamp('2026-03-06 00:00:00')}"
7bd1187c-76ee-4693-8e8a-e3c7fa581e4f,1  junio   2026 - 30  junio   2026.xlsx,3238903515,2026-06-03,2026-03-06 00:00:00,2026-06-03 00:00:00,2026-03,2026-06,47050.0,"{'Fecha creación de la orden': Timestamp('2026-02-06 21:35:04'), 'Fecha de Entrega': Timestamp('2026-03-06 22:21:44'), 'Fecha de transacción': Timestamp('2026-03-06 00:00:00')}"
e719e6cd-f7c4-459b-8f53-34890c066079,1  junio   2026 - 30  junio   2026.xlsx,3238909797,2026-06-03,2026-03-06 00:00:00,2026-06-03 00:00:00,2026-03,2026-06,18479.0,"{'Fecha creación de la orden': Timestamp('2026-02-06 21:43:39'), 'Fecha de Entrega': Timestamp('2026-03-06 22:43:40'), 'Fecha de transacción': Timestamp('2026-03-06 00:00:00')}"
964541d4-1873-4804-a578-23cd18a30b86,1  junio   2026 - 30  junio   2026.xlsx,3238944302,2026-06-03,2026-03-06 00:00:00,2026-06-03 00:00:00,2026-03,2026-06,47891.0,"{'Fecha creación de la orden': Timestamp('2026-02-06 22:28:05'), 'Fecha de Entrega': Timestamp('2026-03-06 22:49:29'), 'Fecha de transacción': Timestamp('2026-03-06 00:00:00')}"
7920779e-d28d-49ce-97ac-5ddef4289098,1  junio   2026 - 30  junio   2026.xlsx,3238864783,2026-06-03,2026-03-06 00:00:00,2026-06-03 00:00:00,2026-03,2026-06,20160.0,"{'Fecha creación de la orden': Timestamp('2026-02-06 20:35:54'), 'Fecha de Entrega': Timestamp('2026-03-06 22:57:21'), 'Fecha de transacción': Timestamp('2026-03-06 00:00:00')}"
4e2a01b1-93ef-4aba-b7e2-8a853917db1c,1  junio   2026 - 30  junio   2026.xlsx,3238850235,2026-06-03,2026-03-06 00:00:00,2026-06-03 00:00:00,2026-03,2026-06,49571.0,"{'Fecha creación de la orden': Timestamp('2026-02-06 20:11:07'), 'Fecha de Entrega': Timestamp('2026-03-06 23:43:29'), 'Fecha de transacción': Timestamp('2026-03-06 00:00:00')}"
5994f1c6-be2b-4742-9f7c-550fb8675b61,1  junio   2026 - 30  junio   2026.xlsx,3238663795,2026-06-04,2026-04-06 00:00:00,2026-06-04 00:00:00,2026-04,2026-06,47891.0,"{'Fecha creación de la orden': Timestamp('2026-02-06 13:20:39'), 'Fecha de Entrega': Timestamp('2026-04-06 00:05:07'), 'Fecha de transacción': Timestamp('2026-04-06 00:00:00')}"
b71ebae0-482e-4c20-9afa-ee8d30599beb,1  junio   2026 - 30  junio   2026.xlsx,3239116299,2026-06-04,2026-04-06 00:00:00,2026-06-04 00:00:00,2026-04,2026-06,37807.0,"{'Fecha creación de la orden': Timestamp('2026-03-06 10:46:36'), 'Fecha de Entrega': Timestamp('2026-04-06 12:52:19'), 'Fecha de transacción': Timestamp('2026-04-06 00:00:00')}"
5078d878-8240-4fa4-a3ac-c759c37c59bb,1  junio   2026 - 30  junio   2026.xlsx,3239127926,2026-06-04,2026-04-06 00:00:00,2026-06-04 00:00:00,2026-04,2026-06,25202.0,"{'Fecha creación de la orden': Timestamp('2026-03-06 11:11:50'), 'Fecha de Entrega': Timestamp('2026-04-06 12:59:16'), 'Fecha de transacción': Timestamp('2026-04-06 00:00:00')}"
c7342132-77f3-4f6a-8c18-3995a7b7af8d,1  junio   2026 - 30  junio   2026.xlsx,3238702729,2026-06-04,2026-04-06 00:00:00,2026-06-04 00:00:00,2026-04,2026-06,47050.0,"{'Fecha creación de la orden': Timestamp('2026-02-06 14:47:47'), 'Fecha de Entrega': Timestamp('2026-04-06 16:24:55'), 'Fecha de transacción': Timestamp('2026-04-06 00:00:00')}"
bc726ca9-1b3c-445b-b77b-7f0be0138ac8,1  junio   2026 - 30  junio   2026.xlsx,3238594861,2026-06-04,2026-04-06 00:00:00,2026-06-04 00:00:00,2026-04,2026-06,25202.0,"{'Fecha creación de la orden': Timestamp('2026-02-06 10:51:39'), 'Fecha de Entrega': Timestamp('2026-04-06 17:20:21'), 'Fecha de transacción': Timestamp('2026-04-06 00:00:00')}"
6f6b5d2f-3f37-4059-8c9c-9b77f3de42cb,1  junio   2026 - 30  junio   2026.xlsx,3239346616,2026-06-04,2026-04-06 00:00:00,2026-06-04 00:00:00,2026-04,2026-06,37807.0,"{'Fecha creación de la orden': Timestamp('2026-03-06 18:34:07'), 'Fecha de Entrega': Timestamp('2026-04-06 17:36:23'), 'Fecha de transacción': Timestamp('2026-04-06 00:00:00')}"
fd1a7138-829b-4db6-9354-e9b49ec57a11,1  junio   2026 - 30  junio   2026.xlsx,3238088222,2026-06-04,2026-04-06 00:00:00,2026-06-04 00:00:00,2026-04,2026-06,35286.0,"{'Fecha creación de la orden': Timestamp('2026-01-06 13:14:15'), 'Fecha de Entrega': Timestamp('2026-04-06 18:10:14'), 'Fecha de transacción': Timestamp('2026-04-06 00:00:00')}"
0cd250b6-02c7-4240-b35f-ffbf6c4da67f,1  junio   2026 - 30  junio   2026.xlsx,3239496794,2026-06-04,2026-04-06 00:00:00,2026-06-04 00:00:00,2026-04,2026-06,47050.0,"{'Fecha creación de la orden': Timestamp('2026-03-06 21:59:22'), 'Fecha de Entrega': Timestamp('2026-04-06 18:22:30'), 'Fecha de transacción': Timestamp('2026-04-06 00:00:00')}"
06c6b8ee-e16b-44ce-9cf3-de2a302064dd,1  junio   2026 - 30  junio   2026.xlsx,3238992025,2026-06-04,2026-04-06 00:00:00,2026-06-04 00:00:00,2026-04,2026-06,25202.0,"{'Fecha creación de la orden': Timestamp('2026-02-06 23:31:43'), 'Fecha de Entrega': Timestamp('2026-04-06 19:03:21'), 'Fecha de transacción': Timestamp('2026-04-06 00:00:00')}"
829a86a7-0b05-4985-bdd6-8012258b78f8,1  junio   2026 - 30  junio   2026.xlsx,3238992025,2026-06-04,2026-04-06 00:00:00,2026-06-04 00:00:00,2026-04,2026-06,37807.0,"{'Fecha creación de la orden': Timestamp('2026-02-06 23:31:43'), 'Fecha de Entrega': Timestamp('2026-04-06 19:03:29'), 'Fecha de transacción': Timestamp('2026-04-06 00:00:00')}"
015c8dd0-3b50-48a7-a889-561d4049f1d9,1  junio   2026 - 30  junio   2026.xlsx,3238820352,2026-06-04,2026-04-06 00:00:00,2026-06-04 00:00:00,2026-04,2026-06,42008.0,"{'Fecha creación de la orden': Timestamp('2026-02-06 19:12:12'), 'Fecha de Entrega': Timestamp('2026-04-06 19:21:15'), 'Fecha de transacción': Timestamp('2026-04-06 00:00:00')}"
7b5423b8-d5d0-4e73-9742-5c88a018afc6,1  junio   2026 - 30  junio   2026.xlsx,3237508849,2026-06-04,2026-04-06 00:00:00,2026-06-04 00:00:00,2026-04,2026-06,30244.0,"{'Fecha creación de la orden': Timestamp('2026-05-29 17:49:27'), 'Fecha de Entrega': Timestamp('2026-04-06 19:33:54'), 'Fecha de transacción': Timestamp('2026-04-06 00:00:00')}"
d7bd0f6a-95a8-4bc6-a769-7c0a45ebd308,1  junio   2026 - 30  junio   2026.xlsx,3239290771,2026-06-04,2026-04-06 00:00:00,2026-06-04 00:00:00,2026-04,2026-06,47891.0,"{'Fecha creación de la orden': Timestamp('2026-03-06 16:42:47'), 'Fecha de Entrega': Timestamp('2026-04-06 19:38:40'), 'Fecha de transacción': Timestamp('2026-04-06 00:00:00')}"
4cdde200-c0ea-4439-b6c5-b529fea4bc8f,1  junio   2026 - 30  junio   2026.xlsx,3239161259,2026-06-04,2026-04-06 00:00:00,2026-06-04 00:00:00,2026-04,2026-06,39886.0,"{'Fecha creación de la orden': Timestamp('2026-03-06 12:18:49'), 'Fecha de Entrega': Timestamp('2026-04-06 20:34:17'), 'Fecha de transacción': Timestamp('2026-04-06 00:00:00')}"
78c21222-5cbd-4d51-ad52-f773e6296b0b,1  junio   2026 - 30  junio   2026.xlsx,3239262905,2026-06-04,2026-04-06 00:00:00,2026-06-04 00:00:00,2026-04,2026-06,55454.0,"{'Fecha creación de la orden': Timestamp('2026-03-06 15:46:19'), 'Fecha de Entrega': Timestamp('2026-04-06 20:44:28'), 'Fecha de transacción': Timestamp('2026-04-06 00:00:00')}"
271a3c08-bd70-4ab5-bf86-2d270339ca89,1  junio   2026 - 30  junio   2026.xlsx,3239255050,2026-06-04,2026-04-06 00:00:00,2026-06-04 00:00:00,2026-04,2026-06,49571.0,"{'Fecha creación de la orden': Timestamp('2026-03-06 15:30:42'), 'Fecha de Entrega': Timestamp('2026-04-06 21:04:55'), 'Fecha de transacción': Timestamp('2026-04-06 00:00:00')}"
cb448312-df89-4d18-83da-d6228366d254,1  junio   2026 - 30  junio   2026.xlsx,3238906016,2026-06-04,2026-04-06 00:00:00,2026-06-04 00:00:00,2026-04,2026-06,35286.0,"{'Fecha creación de la orden': Timestamp('2026-02-06 21:38:24'), 'Fecha de Entrega': Timestamp('2026-04-06 21:13:07'), 'Fecha de transacción': Timestamp('2026-04-06 00:00:00')}"
85b4dcb5-e490-4740-9441-c002a6c33257,1  junio   2026 - 30  junio   2026.xlsx,3239519013,2026-06-04,2026-04-06 00:00:00,2026-06-04 00:00:00,2026-04,2026-06,30244.0,"{'Fecha creación de la orden': Timestamp('2026-03-06 22:21:24'), 'Fecha de Entrega': Timestamp('2026-04-06 21:51:08'), 'Fecha de transacción': Timestamp('2026-04-06 00:00:00')}"
6174e46b-d56b-406c-888b-d80a09d379b2,1  junio   2026 - 30  junio   2026.xlsx,3239416789,2026-06-04,2026-04-06 00:00:00,2026-06-04 00:00:00,2026-04,2026-06,45343.0,"{'Fecha creación de la orden': Timestamp('2026-03-06 20:25:59'), 'Fecha de Entrega': Timestamp('2026-04-06 22:04:26'), 'Fecha de transacción': Timestamp('2026-04-06 00:00:00')}"
b5167f3a-c279-4a15-8ac4-e007b265c473,1  junio   2026 - 30  junio   2026.xlsx,3239157108,2026-06-04,2026-04-06 00:00:00,2026-06-04 00:00:00,2026-04,2026-06,42008.0,"{'Fecha creación de la orden': Timestamp('2026-03-06 12:10:36'), 'Fecha de Entrega': Timestamp('2026-04-06 22:44:56'), 'Fecha de transacción': Timestamp('2026-04-06 00:00:00')}"
ed45c69c-480f-4dea-ad04-9d4973471065,1  junio   2026 - 30  junio   2026.xlsx,3239486631,2026-06-05,2026-05-06 00:00:00,2026-06-05 00:00:00,2026-05,2026-06,47891.0,"{'Fecha creación de la orden': Timestamp('2026-03-06 21:49:26'), 'Fecha de Entrega': Timestamp('2026-05-06 08:24:49'), 'Fecha de transacción': Timestamp('2026-05-06 00:00:00')}"
b60ea55a-f21e-4a36-b9e1-0d6468390c45,1  junio   2026 - 30  junio   2026.xlsx,3239668583,2026-06-05,2026-05-06 00:00:00,2026-06-05 00:00:00,2026-05,2026-06,35286.0,"{'Fecha creación de la orden': Timestamp('2026-04-06 02:43:17'), 'Fecha de Entrega': Timestamp('2026-05-06 10:03:26'), 'Fecha de transacción': Timestamp('2026-05-06 00:00:00')}"
5ab4128d-8dd5-47b5-b49e-a7d7117a316d,1  junio   2026 - 30  junio   2026.xlsx,3239623913,2026-06-05,2026-05-06 00:00:00,2026-06-05 00:00:00,2026-05,2026-06,47891.0,"{'Fecha creación de la orden': Timestamp('2026-03-06 23:55:00'), 'Fecha de Entrega': Timestamp('2026-05-06 10:30:34'), 'Fecha de transacción': Timestamp('2026-05-06 00:00:00')}"
f950937b-06ac-4366-82d3-241c3817bbe3,1  junio   2026 - 30  junio   2026.xlsx,3239530985,2026-06-05,2026-05-06 00:00:00,2026-06-05 00:00:00,2026-05,2026-06,25202.0,"{'Fecha creación de la orden': Timestamp('2026-03-06 22:32:36'), 'Fecha de Entrega': Timestamp('2026-05-06 10:35:45'), 'Fecha de transacción': Timestamp('2026-05-06 00:00:00')}"
e41e88aa-66d1-4cba-baa3-f9712eea8d6a,1  junio   2026 - 30  junio   2026.xlsx,3238956340,2026-06-05,2026-05-06 00:00:00,2026-06-05 00:00:00,2026-05,2026-06,52933.0,"{'Fecha creación de la orden': Timestamp('2026-02-06 22:43:10'), 'Fecha de Entrega': Timestamp('2026-05-06 14:22:17'), 'Fecha de transacción': Timestamp('2026-05-06 00:00:00')}"
9bc7cdd1-ca29-402e-9d72-85e23c9f2b5f,1  junio   2026 - 30  junio   2026.xlsx,3238656366,2026-06-05,2026-05-06 00:00:00,2026-06-05 00:00:00,2026-05,2026-06,42008.0,"{'Fecha creación de la orden': Timestamp('2026-02-06 13:04:55'), 'Fecha de Entrega': Timestamp('2026-05-06 14:22:33'), 'Fecha de transacción': Timestamp('2026-05-06 00:00:00')}"
4d85c681-7f9d-4376-8796-9a019d691e55,1  junio   2026 - 30  junio   2026.xlsx,3239323342,2026-06-05,2026-05-06 00:00:00,2026-06-05 00:00:00,2026-05,2026-06,44529.0,"{'Fecha creación de la orden': Timestamp('2026-03-06 17:48:27'), 'Id Artículo': Timestamp('2538-02-02 00:00:00'), 'Fecha de Entrega': Timestamp('2026-05-06 14:32:21'), 'Fecha de transacción': Timestamp('2026-05-06 00:00:00')}"
899d0035-ac39-4420-be39-0d5f6a4b2a7a,1  junio   2026 - 30  junio   2026.xlsx,3239684236,2026-06-05,2026-05-06 00:00:00,2026-06-05 00:00:00,2026-05,2026-06,21840.0,"{'Fecha creación de la orden': Timestamp('2026-04-06 09:33:52'), 'Fecha de Entrega': Timestamp('2026-05-06 15:34:32'), 'Fecha de transacción': Timestamp('2026-05-06 00:00:00')}"
0c4e5094-9cb5-436c-b096-4a6fb8b0aa3f,1  junio   2026 - 30  junio   2026.xlsx,3239592558,2026-06-05,2026-05-06 00:00:00,2026-06-05 00:00:00,2026-05,2026-06,47050.0,"{'Fecha creación de la orden': Timestamp('2026-03-06 23:28:07'), 'Fecha de Entrega': Timestamp('2026-05-06 16:02:23'), 'Fecha de transacción': Timestamp('2026-05-06 00:00:00')}"
e1583bd7-49ce-448c-96ea-6434767abd3d,1  junio   2026 - 30  junio   2026.xlsx,3239703561,2026-06-05,2026-05-06 00:00:00,2026-06-05 00:00:00,2026-05,2026-06,37807.0,"{'Fecha creación de la orden': Timestamp('2026-04-06 12:05:27'), 'Fecha de Entrega': Timestamp('2026-05-06 16:12:14'), 'Fecha de transacción': Timestamp('2026-05-06 00:00:00')}"
3565eabe-9c2f-441c-bb0b-2022af71f04a,1  junio   2026 - 30  junio   2026.xlsx,3239228033,2026-06-05,2026-05-06 00:00:00,2026-06-05 00:00:00,2026-05,2026-06,42008.0,"{'Fecha creación de la orden': Timestamp('2026-03-06 14:34:57'), 'Fecha de Entrega': Timestamp('2026-05-06 18:10:28'), 'Fecha de transacción': Timestamp('2026-05-06 00:00:00')}"
2de9c06f-73d0-42bd-9543-68903ad7e047,1  junio   2026 - 30  junio   2026.xlsx,3239644951,2026-06-05,2026-05-06 00:00:00,2026-06-05 00:00:00,2026-05,2026-06,19319.0,"{'Fecha creación de la orden': Timestamp('2026-04-06 00:16:46'), 'Fecha de Entrega': Timestamp('2026-05-06 18:24:53'), 'Fecha de transacción': Timestamp('2026-05-06 00:00:00')}"
bad4bb2c-0d7c-4493-8341-3db6a1a15cb9,1  junio   2026 - 30  junio   2026.xlsx,3237942122,2026-06-05,2026-05-06 00:00:00,2026-06-05 00:00:00,2026-05,2026-06,40328.0,"{'Fecha creación de la orden': Timestamp('2026-01-06 08:53:52'), 'Fecha de Entrega': Timestamp('2026-05-06 18:28:59'), 'Fecha de transacción': Timestamp('2026-05-06 00:00:00')}"
b42b2de8-4a1d-43bb-907b-34eedede4ffc,1  junio   2026 - 30  junio   2026.xlsx,3237942122,2026-06-05,2026-05-06 00:00:00,2026-06-05 00:00:00,2026-05,2026-06,47891.0,"{'Fecha creación de la orden': Timestamp('2026-01-06 08:53:52'), 'Fecha de Entrega': Timestamp('2026-05-06 18:29:00'), 'Fecha de transacción': Timestamp('2026-05-06 00:00:00')}"
cd8f1668-fc2c-4deb-bdb9-8a096214bbe8,1  junio   2026 - 30  junio   2026.xlsx,3239491447,2026-06-05,2026-05-06 00:00:00,2026-06-05 00:00:00,2026-05,2026-06,37807.0,"{'Fecha creación de la orden': Timestamp('2026-03-06 21:54:10'), 'Fecha de Entrega': Timestamp('2026-05-06 18:34:06'), 'Fecha de transacción': Timestamp('2026-05-06 00:00:00')}"
08e15453-ec97-40d7-ae5c-d9461822c55c,1  junio   2026 - 30  junio   2026.xlsx,3239601485,2026-06-05,2026-05-06 00:00:00,2026-06-05 00:00:00,2026-05,2026-06,47050.0,"{'Fecha creación de la orden': Timestamp('2026-03-06 23:36:03'), 'Fecha de Entrega': Timestamp('2026-05-06 18:37:25'), 'Fecha de transacción': Timestamp('2026-05-06 00:00:00')}"
bf137c38-cecf-41c5-a856-60ba4f065b1b,1  junio   2026 - 30  junio   2026.xlsx,3239292967,2026-06-05,2026-05-06 00:00:00,2026-06-05 00:00:00,2026-05,2026-06,47050.0,"{'Fecha creación de la orden': Timestamp('2026-03-06 16:47:16'), 'Fecha de Entrega': Timestamp('2026-05-06 18:39:23'), 'Fecha de transacción': Timestamp('2026-05-06 00:00:00')}"
ed3b359d-fef2-4832-b0d0-a7c095823fae,1  junio   2026 - 30  junio   2026.xlsx,3239532115,2026-06-05,2026-05-06 00:00:00,2026-06-05 00:00:00,2026-05,2026-06,47891.0,"{'Fecha creación de la orden': Timestamp('2026-03-06 22:33:39'), 'Fecha de Entrega': Timestamp('2026-05-06 18:45:40'), 'Fecha de transacción': Timestamp('2026-05-06 00:00:00')}"
7dcbc180-4f74-468a-b85d-eebd3ffa3558,1  junio   2026 - 30  junio   2026.xlsx,3238839563,2026-06-05,2026-05-06 00:00:00,2026-06-05 00:00:00,2026-05,2026-06,43689.0,"{'Fecha creación de la orden': Timestamp('2026-02-06 19:51:13'), 'Fecha de Entrega': Timestamp('2026-05-06 18:46:46'), 'Fecha de transacción': Timestamp('2026-05-06 00:00:00')}"
3802fef2-e3e0-4ecc-a21f-9deac5beddc9,1  junio   2026 - 30  junio   2026.xlsx,3239649384,2026-06-05,2026-05-06 00:00:00,2026-06-05 00:00:00,2026-05,2026-06,49571.0,"{'Fecha creación de la orden': Timestamp('2026-04-06 00:26:32'), 'Fecha de Entrega': Timestamp('2026-05-06 18:46:48'), 'Fecha de transacción': Timestamp('2026-05-06 00:00:00')}"
deed5e95-e962-468e-943a-c9221c12d3f3,1  junio   2026 - 30  junio   2026.xlsx,3239115855,2026-06-05,2026-05-06 00:00:00,2026-06-05 00:00:00,2026-05,2026-06,20160.0,"{'Fecha creación de la orden': Timestamp('2026-03-06 10:45:47'), 'Fecha de Entrega': Timestamp('2026-05-06 18:55:36'), 'Fecha de transacción': Timestamp('2026-05-06 00:00:00')}"
930cc825-ca85-472a-be1a-301bbb6dd48c,1  junio   2026 - 30  junio   2026.xlsx,3239677688,2026-06-05,2026-05-06 00:00:00,2026-06-05 00:00:00,2026-05,2026-06,55454.0,"{'Fecha creación de la orden': Timestamp('2026-04-06 08:25:33'), 'Fecha de Entrega': Timestamp('2026-05-06 19:02:43'), 'Fecha de transacción': Timestamp('2026-05-06 00:00:00')}"
9ff8f79f-e2e3-46ba-bdf4-01443ff2f19b,1  junio   2026 - 30  junio   2026.xlsx,3239687632,2026-06-05,2026-05-06 00:00:00,2026-06-05 00:00:00,2026-05,2026-06,44529.0,"{'Fecha creación de la orden': Timestamp('2026-04-06 10:05:16'), 'Fecha de Entrega': Timestamp('2026-05-06 19:05:43'), 'Fecha de transacción': Timestamp('2026-05-06 00:00:00')}"
0803b058-3fc7-44f9-a716-7a6eddb5e6a7,1  junio   2026 - 30  junio   2026.xlsx,3239737605,2026-06-05,2026-05-06 00:00:00,2026-06-05 00:00:00,2026-05,2026-06,19319.0,"{'Fecha creación de la orden': Timestamp('2026-04-06 16:28:04'), 'Fecha de Entrega': Timestamp('2026-05-06 20:24:40'), 'Fecha de transacción': Timestamp('2026-05-06 00:00:00')}"
675ea46e-ff8f-4471-9904-0ccecf9fefda,1  junio   2026 - 30  junio   2026.xlsx,3239776071,2026-06-06,2026-06-06 00:00:00,2026-06-06 00:00:00,2026-06,2026-06,55454.0,"{'Fecha creación de la orden': Timestamp('2026-04-06 21:32:19'), 'Fecha de Entrega': Timestamp('2026-06-06 11:34:02'), 'Fecha de transacción': Timestamp('2026-06-06 00:00:00')}"
24cc24a8-9ba3-4022-8233-4dc07ff052e6,1  junio   2026 - 30  junio   2026.xlsx,3238383592,2026-06-06,2026-06-06 00:00:00,2026-06-06 00:00:00,2026-06,2026-06,36294.0,"{'Fecha creación de la orden': Timestamp('2026-01-06 21:49:03'), 'Fecha de Entrega': Timestamp('2026-06-06 12:22:30'), 'Fecha de transacción': Timestamp('2026-06-06 00:00:00')}"
e4fe8137-e4e1-441a-8b3d-2e78fdafa389,1  junio   2026 - 30  junio   2026.xlsx,3239767967,2026-06-06,2026-06-06 00:00:00,2026-06-06 00:00:00,2026-06,2026-06,42008.0,"{'Fecha creación de la orden': Timestamp('2026-04-06 20:32:15'), 'Fecha de Entrega': Timestamp('2026-06-06 12:22:53'), 'Fecha de transacción': Timestamp('2026-06-06 00:00:00')}"
c994ff91-b638-4152-b4f5-116cbdecf3ae,1  junio   2026 - 30  junio   2026.xlsx,3237933647,2026-06-06,2026-06-06 00:00:00,2026-06-06 00:00:00,2026-06,2026-06,22681.0,"{'Fecha creación de la orden': Timestamp('2026-01-06 08:32:22'), 'Fecha de Entrega': Timestamp('2026-06-06 13:02:09'), 'Fecha de transacción': Timestamp('2026-06-06 00:00:00')}"
d7be4084-f28f-4ed3-b60f-7e15cffb522b,1  junio   2026 - 30  junio   2026.xlsx,3238401915,2026-06-06,2026-06-06 00:00:00,2026-06-06 00:00:00,2026-06,2026-06,21168.0,"{'Fecha creación de la orden': Timestamp('2026-01-06 22:10:04'), 'Fecha de Entrega': Timestamp('2026-06-06 13:32:30'), 'Fecha de transacción': Timestamp('2026-06-06 00:00:00')}"
c2549b2f-d03a-4f23-b66f-8857e5e14f6f,1  junio   2026 - 30  junio   2026.xlsx,3239592558,2026-06-06,2026-06-06 00:00:00,2026-06-06 00:00:00,2026-06,2026-06,42008.0,"{'Fecha creación de la orden': Timestamp('2026-03-06 23:28:07'), 'Fecha de Entrega': Timestamp('2026-06-06 13:32:36'), 'Fecha de transacción': Timestamp('2026-06-06 00:00:00')}"
ed50c058-808e-4c22-8407-de5b56231a81,1  junio   2026 - 30  junio   2026.xlsx,3239392139,2026-06-06,2026-06-06 00:00:00,2026-06-06 00:00:00,2026-06,2026-06,42008.0,"{'Fecha creación de la orden': Timestamp('2026-03-06 19:50:00'), 'Fecha de Entrega': Timestamp('2026-06-06 13:42:41'), 'Fecha de transacción': Timestamp('2026-06-06 00:00:00')}"
4fac448a-a6c9-46e7-9d12-1d76041016db,1  junio   2026 - 30  junio   2026.xlsx,3238283384,2026-06-06,2026-06-06 00:00:00,2026-06-06 00:00:00,2026-06,2026-06,40328.0,"{'Fecha creación de la orden': Timestamp('2026-01-06 19:28:52'), 'Fecha de Entrega': Timestamp('2026-06-06 15:12:40'), 'Fecha de transacción': Timestamp('2026-06-06 00:00:00')}"
b3ef11f1-ef6e-465e-b292-682bb57a263c,1  junio   2026 - 30  junio   2026.xlsx,3238252605,2026-06-06,2026-06-06 00:00:00,2026-06-06 00:00:00,2026-06,2026-06,47891.0,"{'Fecha creación de la orden': Timestamp('2026-01-06 18:31:26'), 'Fecha de Entrega': Timestamp('2026-06-06 15:12:40'), 'Fecha de transacción': Timestamp('2026-06-06 00:00:00')}"
e10ad0b8-2f97-4f99-9382-631993e3fae6,1  junio   2026 - 30  junio   2026.xlsx,3239796338,2026-06-06,2026-06-06 00:00:00,2026-06-06 00:00:00,2026-06,2026-06,19319.0,"{'Fecha creación de la orden': Timestamp('2026-05-06 00:04:46'), 'Fecha de Entrega': Timestamp('2026-06-06 16:04:44'), 'Fecha de transacción': Timestamp('2026-06-06 00:00:00')}"
3334269c-89fd-4a5b-aa62-f3f88f2a613b,1  junio   2026 - 30  junio   2026.xlsx,3239823578,2026-06-06,2026-06-06 00:00:00,2026-06-06 00:00:00,2026-06,2026-06,24361.0,"{'Fecha creación de la orden': Timestamp('2026-05-06 11:08:40'), 'Fecha de Entrega': Timestamp('2026-06-06 17:05:38'), 'Fecha de transacción': Timestamp('2026-06-06 00:00:00')}"
7f673be4-b2cf-4e12-9f3d-e597256c3066,1  junio   2026 - 30  junio   2026.xlsx,3238276095,2026-06-06,2026-06-06 00:00:00,2026-06-06 00:00:00,2026-06,2026-06,41336.0,"{'Fecha creación de la orden': Timestamp('2026-01-06 19:15:49'), 'Fecha de Entrega': Timestamp('2026-06-06 17:42:07'), 'Fecha de transacción': Timestamp('2026-06-06 00:00:00')}"
fe50be32-a248-4b38-ac01-6756f2e3d468,1  junio   2026 - 30  junio   2026.xlsx,3238276095,2026-06-06,2026-06-06 00:00:00,2026-06-06 00:00:00,2026-06,2026-06,47891.0,"{'Fecha creación de la orden': Timestamp('2026-01-06 19:15:49'), 'Fecha de Entrega': Timestamp('2026-06-06 17:42:10'), 'Fecha de transacción': Timestamp('2026-06-06 00:00:00')}"
26242b47-93b6-4932-8bfd-45dd6760989a,1  junio   2026 - 30  junio   2026.xlsx,3239807485,2026-06-06,2026-06-06 00:00:00,2026-06-06 00:00:00,2026-06,2026-06,25202.0,"{'Fecha creación de la orden': Timestamp('2026-05-06 07:36:36'), 'Fecha de Entrega': Timestamp('2026-06-06 18:04:13'), 'Fecha de transacción': Timestamp('2026-06-06 00:00:00')}"
cd4d6731-5ecc-41b6-9da2-1175a1420ce8,1  junio   2026 - 30  junio   2026.xlsx,3239789856,2026-06-06,2026-06-06 00:00:00,2026-06-06 00:00:00,2026-06,2026-06,42008.0,"{'Fecha creación de la orden': Timestamp('2026-04-06 23:09:59'), 'Fecha de Entrega': Timestamp('2026-06-06 18:42:12'), 'Fecha de transacción': Timestamp('2026-06-06 00:00:00')}"
b42ef6b4-cb4c-4556-ab24-53dac0e95741,1  junio   2026 - 30  junio   2026.xlsx,3239314626,2026-06-06,2026-06-06 00:00:00,2026-06-06 00:00:00,2026-06,2026-06,20160.0,"{'Fecha creación de la orden': Timestamp('2026-03-06 17:31:32'), 'Fecha de Entrega': Timestamp('2026-06-06 21:04:23'), 'Fecha de transacción': Timestamp('2026-06-06 00:00:00')}"
931f0f91-1e80-4758-9316-b8769ca0c8c7,1  junio   2026 - 30  junio   2026.xlsx,3238203589,2026-06-07,2026-07-06 00:00:00,2026-06-07 00:00:00,2026-07,2026-06,22681.0,"{'Fecha creación de la orden': Timestamp('2026-01-06 16:53:25'), 'Fecha de Entrega': Timestamp('2026-07-06 20:42:19'), 'Fecha de transacción': Timestamp('2026-07-06 00:00:00')}"
d1aa0fd8-c610-4fcb-b6b0-bf47445fd1fe,1  junio   2026 - 30  junio   2026.xlsx,3238451514,2026-06-08,2026-08-06 00:00:00,2026-06-08 00:00:00,2026-08,2026-06,22681.0,"{'Fecha creación de la orden': Timestamp('2026-01-06 23:08:02'), 'Fecha de Entrega': Timestamp('2026-08-06 10:22:36'), 'Fecha de transacción': Timestamp('2026-08-06 00:00:00')}"
9ff367f4-72bc-472c-9374-0c9b33194c07,1  junio   2026 - 30  junio   2026.xlsx,3238451514,2026-06-08,2026-08-06 00:00:00,2026-06-08 00:00:00,2026-08,2026-06,36294.0,"{'Fecha creación de la orden': Timestamp('2026-01-06 23:08:02'), 'Fecha de Entrega': Timestamp('2026-08-06 10:22:42'), 'Fecha de transacción': Timestamp('2026-08-06 00:00:00')}"
4eb968cf-6eb1-4e57-a6ad-e9226468137d,1  junio   2026 - 30  junio   2026.xlsx,3238545138,2026-06-08,2026-08-06 00:00:00,2026-06-08 00:00:00,2026-08,2026-06,52933.0,"{'Fecha creación de la orden': Timestamp('2026-02-06 08:33:01'), 'Fecha de Entrega': Timestamp('2026-08-06 10:32:08'), 'Fecha de transacción': Timestamp('2026-08-06 00:00:00')}"
fbaafd76-309f-460d-ba04-8aec26d24188,1  junio   2026 - 30  junio   2026.xlsx,3238314136,2026-06-08,2026-08-06 00:00:00,2026-06-08 00:00:00,2026-08,2026-06,42849.0,"{'Fecha creación de la orden': Timestamp('2026-01-06 20:18:24'), 'Fecha de Entrega': Timestamp('2026-08-06 11:32:22'), 'Fecha de transacción': Timestamp('2026-08-06 00:00:00')}"
ed6a96f6-a46a-47ca-888d-44092b486d4d,1  junio   2026 - 30  junio   2026.xlsx,3238260502,2026-06-08,2026-08-06 00:00:00,2026-06-08 00:00:00,2026-08,2026-06,17639.0,"{'Fecha creación de la orden': Timestamp('2026-01-06 18:46:48'), 'Fecha de Entrega': Timestamp('2026-08-06 13:52:19'), 'Fecha de transacción': Timestamp('2026-08-06 00:00:00')}"
71a7c5a3-bbbe-4868-a1ef-3f6a6863faed,1  junio   2026 - 30  junio   2026.xlsx,3238350190,2026-06-08,2026-08-06 00:00:00,2026-06-08 00:00:00,2026-08,2026-06,22681.0,"{'Fecha creación de la orden': Timestamp('2026-01-06 21:08:31'), 'Fecha de Entrega': Timestamp('2026-08-06 15:25:19'), 'Fecha de transacción': Timestamp('2026-08-06 00:00:00')}"
05c1fb86-6004-4d29-b53e-9bac66a191fc,1  junio   2026 - 30  junio   2026.xlsx,3238231035,2026-06-08,2026-08-06 00:00:00,2026-06-08 00:00:00,2026-08,2026-06,36294.0,"{'Fecha creación de la orden': Timestamp('2026-01-06 17:47:09'), 'Fecha de Entrega': Timestamp('2026-08-06 15:32:28'), 'Fecha de transacción': Timestamp('2026-08-06 00:00:00')}"
b485e889-fd2f-4895-93df-2dcc41aaba96,1  junio   2026 - 30  junio   2026.xlsx,3238183185,2026-06-08,2026-08-06 00:00:00,2026-06-08 00:00:00,2026-08,2026-06,40328.0,"{'Fecha creación de la orden': Timestamp('2026-01-06 16:12:19'), 'Fecha de Entrega': Timestamp('2026-08-06 15:32:27'), 'Fecha de transacción': Timestamp('2026-08-06 00:00:00')}"
d20e824b-b742-4a45-9506-ac3fb3c8fe2b,1  junio   2026 - 30  junio   2026.xlsx,3238273307,2026-06-08,2026-08-06 00:00:00,2026-06-08 00:00:00,2026-08,2026-06,42849.0,"{'Fecha creación de la orden': Timestamp('2026-01-06 19:10:46'), 'Fecha de Entrega': Timestamp('2026-08-06 15:54:08'), 'Fecha de transacción': Timestamp('2026-08-06 00:00:00')}"
37d4934a-b228-445a-84e2-62d2d75f5bf6,1  junio   2026 - 30  junio   2026.xlsx,3238392233,2026-06-08,2026-08-06 00:00:00,2026-06-08 00:00:00,2026-08,2026-06,35286.0,"{'Fecha creación de la orden': Timestamp('2026-01-06 21:59:00'), 'Fecha de Entrega': Timestamp('2026-08-06 16:04:46'), 'Fecha de transacción': Timestamp('2026-08-06 00:00:00')}"
165696a5-8cbf-469a-9f8c-46d9c16e80e4,1  junio   2026 - 30  junio   2026.xlsx,3239861722,2026-06-08,2026-08-06 00:00:00,2026-06-08 00:00:00,2026-08,2026-06,30244.0,"{'Fecha creación de la orden': Timestamp('2026-05-06 16:33:40'), 'Fecha de Entrega': Timestamp('2026-08-06 17:06:38'), 'Fecha de transacción': Timestamp('2026-08-06 00:00:00')}"
d0dfc258-950d-466d-8ee2-89290cd264d4,1  junio   2026 - 30  junio   2026.xlsx,3239926622,2026-06-08,2026-08-06 00:00:00,2026-06-08 00:00:00,2026-08,2026-06,47891.0,"{'Fecha creación de la orden': Timestamp('2026-06-06 09:47:27'), 'Fecha de Entrega': Timestamp('2026-08-06 17:25:56'), 'Fecha de transacción': Timestamp('2026-08-06 00:00:00')}"
1c4ede72-7d1a-44ce-a710-06749339edfc,1  junio   2026 - 30  junio   2026.xlsx,3240101015,2026-06-08,2026-08-06 00:00:00,2026-06-08 00:00:00,2026-08,2026-06,19319.0,"{'Fecha creación de la orden': Timestamp('2026-07-06 20:46:26'), 'Fecha de Entrega': Timestamp('2026-08-06 17:26:01'), 'Fecha de transacción': Timestamp('2026-08-06 00:00:00')}"
e27ada54-1882-463f-8d70-7785bb85a9ea,1  junio   2026 - 30  junio   2026.xlsx,3238317858,2026-06-08,2026-08-06 00:00:00,2026-06-08 00:00:00,2026-08,2026-06,21168.0,"{'Fecha creación de la orden': Timestamp('2026-01-06 20:23:53'), 'Fecha de Entrega': Timestamp('2026-08-06 17:52:06'), 'Fecha de transacción': Timestamp('2026-08-06 00:00:00')}"
ffe7a913-d076-410d-adbe-c46bf5e897aa,1  junio   2026 - 30  junio   2026.xlsx,3238321944,2026-06-08,2026-08-06 00:00:00,2026-06-08 00:00:00,2026-08,2026-06,36294.0,"{'Fecha creación de la orden': Timestamp('2026-01-06 20:30:01'), 'Fecha de Entrega': Timestamp('2026-08-06 17:52:06'), 'Fecha de transacción': Timestamp('2026-08-06 00:00:00')}"
bf771662-0e7a-4338-8b0f-83509455eafc,1  junio   2026 - 30  junio   2026.xlsx,3239973707,2026-06-08,2026-08-06 00:00:00,2026-06-08 00:00:00,2026-08,2026-06,30244.0,"{'Fecha creación de la orden': Timestamp('2026-06-06 17:20:25'), 'Fecha de Entrega': Timestamp('2026-08-06 18:05:53'), 'Fecha de transacción': Timestamp('2026-08-06 00:00:00')}"
303ea43c-1e68-4246-916b-5d576fd71542,1  junio   2026 - 30  junio   2026.xlsx,3239973707,2026-06-08,2026-08-06 00:00:00,2026-06-08 00:00:00,2026-08,2026-06,30244.0,"{'Fecha creación de la orden': Timestamp('2026-06-06 17:20:25'), 'Fecha de Entrega': Timestamp('2026-08-06 18:05:53'), 'Fecha de transacción': Timestamp('2026-08-06 00:00:00')}"
94f32b04-d016-4951-8e8a-e84e432952f0,1  junio   2026 - 30  junio   2026.xlsx,3239403439,2026-06-08,2026-08-06 00:00:00,2026-06-08 00:00:00,2026-08,2026-06,42008.0,"{'Fecha creación de la orden': Timestamp('2026-03-06 20:06:51'), 'Fecha de Entrega': Timestamp('2026-08-06 18:52:27'), 'Fecha de transacción': Timestamp('2026-08-06 00:00:00')}"
6d0c86e1-7bc7-4f9d-b0c8-cb5e71bc8716,1  junio   2026 - 30  junio   2026.xlsx,3240041984,2026-06-08,2026-08-06 00:00:00,2026-06-08 00:00:00,2026-08,2026-06,55454.0,"{'Fecha creación de la orden': Timestamp('2026-07-06 12:19:46'), 'Fecha de Entrega': Timestamp('2026-08-06 19:06:18'), 'Fecha de transacción': Timestamp('2026-08-06 00:00:00')}"
22d48f64-4310-4de5-a688-1b487f38f6b2,1  junio   2026 - 30  junio   2026.xlsx,3239916481,2026-06-08,2026-08-06 00:00:00,2026-06-08 00:00:00,2026-08,2026-06,55454.0,"{'Fecha creación de la orden': Timestamp('2026-06-06 01:29:49'), 'Fecha de Entrega': Timestamp('2026-08-06 19:24:47'), 'Fecha de transacción': Timestamp('2026-08-06 00:00:00')}"
4152d720-4d1a-437b-8e2e-5078ea3e01e9,1  junio   2026 - 30  junio   2026.xlsx,3239911909,2026-06-08,2026-08-06 00:00:00,2026-06-08 00:00:00,2026-08,2026-06,37807.0,"{'Fecha creación de la orden': Timestamp('2026-06-06 00:12:45'), 'Fecha de Entrega': Timestamp('2026-08-06 20:24:21'), 'Fecha de transacción': Timestamp('2026-08-06 00:00:00')}"
59fa849e-5481-44bf-975b-05258c4bdcc9,1  junio   2026 - 30  junio   2026.xlsx,3240099948,2026-06-08,2026-08-06 00:00:00,2026-06-08 00:00:00,2026-08,2026-06,49571.0,"{'Fecha creación de la orden': Timestamp('2026-07-06 20:39:44'), 'Fecha de Entrega': Timestamp('2026-08-06 21:06:00'), 'Fecha de transacción': Timestamp('2026-08-06 00:00:00')}"
137def41-04a0-45ff-a55e-6e8374fc20c4,1  junio   2026 - 30  junio   2026.xlsx,3240099948,2026-06-08,2026-08-06 00:00:00,2026-06-08 00:00:00,2026-08,2026-06,47050.0,"{'Fecha creación de la orden': Timestamp('2026-07-06 20:39:44'), 'Fecha de Entrega': Timestamp('2026-08-06 21:06:07'), 'Fecha de transacción': Timestamp('2026-08-06 00:00:00')}"
780e3152-0901-4c4c-b1c1-3828b7a86e30,1  junio   2026 - 30  junio   2026.xlsx,3240088195,2026-06-08,2026-08-06 00:00:00,2026-06-08 00:00:00,2026-08,2026-06,41168.0,"{'Fecha creación de la orden': Timestamp('2026-07-06 19:10:31'), 'Fecha de Entrega': Timestamp('2026-08-06 22:05:13'), 'Fecha de transacción': Timestamp('2026-08-06 00:00:00')}"
529de87c-ca0a-4ab1-97ac-210500d418e5,1  junio   2026 - 30  junio   2026.xlsx,3240054727,2026-06-09,2026-09-06 00:00:00,2026-06-09 00:00:00,2026-09,2026-06,47050.0,"{'Fecha creación de la orden': Timestamp('2026-07-06 14:22:04'), 'Fecha de Entrega': Timestamp('2026-09-06 17:42:08'), 'Fecha de transacción': Timestamp('2026-09-06 00:00:00')}"
a5f6f88e-f9f5-4077-ad59-1d72a1e99dd7,1  junio   2026 - 30  junio   2026.xlsx,3240054727,2026-06-09,2026-09-06 00:00:00,2026-06-09 00:00:00,2026-09,2026-06,42008.0,"{'Fecha creación de la orden': Timestamp('2026-07-06 14:22:04'), 'Fecha de Entrega': Timestamp('2026-09-06 17:42:09'), 'Fecha de transacción': Timestamp('2026-09-06 00:00:00')}"
feae9e74-fa8f-492d-a222-5bf805bc8a56,1  junio   2026 - 30  junio   2026.xlsx,3240069811,2026-06-09,2026-09-06 00:00:00,2026-06-09 00:00:00,2026-09,2026-06,25202.0,"{'Fecha creación de la orden': Timestamp('2026-07-06 16:42:43'), 'Fecha de Entrega': Timestamp('2026-09-06 19:32:24'), 'Fecha de transacción': Timestamp('2026-09-06 00:00:00')}"
3132e683-46fe-411a-a6e8-1ea446b4ff2c,1  junio   2026 - 30  junio   2026.xlsx,3240237669,2026-06-09,2026-09-06 00:00:00,2026-06-09 00:00:00,2026-09,2026-06,20160.0,"{'Fecha creación de la orden': Timestamp('2026-08-06 23:31:14'), 'Fecha de Entrega': Timestamp('2026-09-06 20:43:50'), 'Fecha de transacción': Timestamp('2026-09-06 00:00:00')}"
378691bb-cd58-43a1-b70c-23efda7149e1,1  junio   2026 - 30  junio   2026.xlsx,3240145187,2026-06-10,2026-10-06 00:00:00,2026-06-10 00:00:00,2026-10,2026-06,21000.0,"{'Fecha creación de la orden': Timestamp('2026-08-06 09:51:39'), 'Fecha de Entrega': Timestamp('2026-10-06 13:12:08'), 'Fecha de transacción': Timestamp('2026-10-06 00:00:00')}"
0024c45b-af74-4ca5-acfb-c6f26df3a7f9,1  junio   2026 - 30  junio   2026.xlsx,3240251106,2026-06-10,2026-10-06 00:00:00,2026-06-10 00:00:00,2026-10,2026-06,57134.0,"{'Fecha creación de la orden': Timestamp('2026-09-06 08:16:45'), 'Fecha de Entrega': Timestamp('2026-10-06 18:42:08'), 'Fecha de transacción': Timestamp('2026-10-06 00:00:00')}"
ed1d83c2-8cdb-4155-aa12-07813b8d6015,1  junio   2026 - 30  junio   2026.xlsx,3240258619,2026-06-10,2026-10-06 00:00:00,2026-06-10 00:00:00,2026-10,2026-06,47891.0,"{'Fecha creación de la orden': Timestamp('2026-09-06 10:26:44'), 'Fecha de Entrega': Timestamp('2026-10-06 20:07:54'), 'Fecha de transacción': Timestamp('2026-10-06 00:00:00')}"
94c1736d-5dae-48ec-bb07-5827a7e296e6,1  junio   2026 - 30  junio   2026.xlsx,3240258619,2026-06-10,2026-10-06 00:00:00,2026-06-10 00:00:00,2026-10,2026-06,47891.0,"{'Fecha creación de la orden': Timestamp('2026-09-06 10:26:44'), 'Fecha de Entrega': Timestamp('2026-10-06 20:07:56'), 'Fecha de transacción': Timestamp('2026-10-06 00:00:00')}"
f1a545ad-6962-4336-8224-80cd1d655a6d,1  junio   2026 - 30  junio   2026.xlsx,3240258619,2026-06-10,2026-10-06 00:00:00,2026-06-10 00:00:00,2026-10,2026-06,47891.0,"{'Fecha creación de la orden': Timestamp('2026-09-06 10:26:44'), 'Fecha de Entrega': Timestamp('2026-10-06 20:08:00'), 'Fecha de transacción': Timestamp('2026-10-06 00:00:00')}"
12885f6d-9fd8-42bf-96a7-f6032459bfd7,1  junio   2026 - 30  junio   2026.xlsx,3240258619,2026-06-10,2026-10-06 00:00:00,2026-06-10 00:00:00,2026-10,2026-06,47891.0,"{'Fecha creación de la orden': Timestamp('2026-09-06 10:26:44'), 'Fecha de Entrega': Timestamp('2026-10-06 20:08:04'), 'Fecha de transacción': Timestamp('2026-10-06 00:00:00')}"
08df571b-e6ed-42eb-90f7-ca7640e0dfe5,1  junio   2026 - 30  junio   2026.xlsx,3240018176,2026-06-11,2026-11-06 00:00:00,2026-06-11 00:00:00,2026-11,2026-06,42008.0,"{'Fecha creación de la orden': Timestamp('2026-07-06 00:22:14'), 'Fecha de Entrega': Timestamp('2026-11-06 12:32:22'), 'Fecha de transacción': Timestamp('2026-11-06 00:00:00')}"
458fcf13-8b90-4ca5-a797-375cc3af946d,1  junio   2026 - 30  junio   2026.xlsx,3240359716,2026-06-11,2026-11-06 00:00:00,2026-06-11 00:00:00,2026-11,2026-06,47891.0,"{'Fecha creación de la orden': Timestamp('2026-10-06 11:33:02'), 'Fecha de Entrega': Timestamp('2026-11-06 12:52:28'), 'Fecha de transacción': Timestamp('2026-11-06 00:00:00')}"
8e93e202-d829-4b51-aaa4-762602cc0481,1  junio   2026 - 30  junio   2026.xlsx,3240495106,2026-06-11,2026-11-06 00:00:00,2026-06-11 00:00:00,2026-11,2026-06,22681.0,"{'Fecha creación de la orden': Timestamp('2026-11-06 00:35:53'), 'Fecha de Entrega': Timestamp('2026-11-06 18:06:30'), 'Fecha de transacción': Timestamp('2026-11-06 00:00:00')}"
a45a23fc-4310-4654-8ecc-b4be68e168a7,1  junio   2026 - 30  junio   2026.xlsx,3240495106,2026-06-11,2026-11-06 00:00:00,2026-06-11 00:00:00,2026-11,2026-06,31924.0,"{'Fecha creación de la orden': Timestamp('2026-11-06 00:35:53'), 'Fecha de Entrega': Timestamp('2026-11-06 18:06:30'), 'Fecha de transacción': Timestamp('2026-11-06 00:00:00')}"
2d53310c-41b9-4946-98c4-35ef41e15793,1  junio   2026 - 30  junio   2026.xlsx,3240387954,2026-06-11,2026-11-06 00:00:00,2026-06-11 00:00:00,2026-11,2026-06,25202.0,"{'Fecha creación de la orden': Timestamp('2026-10-06 16:20:20'), 'Fecha de Entrega': Timestamp('2026-11-06 18:06:57'), 'Fecha de transacción': Timestamp('2026-11-06 00:00:00')}"
d8018eee-2444-4790-ad2c-25cedb958432,1  junio   2026 - 30  junio   2026.xlsx,3240520432,2026-06-11,2026-11-06 00:00:00,2026-06-11 00:00:00,2026-11,2026-06,60496.0,"{'Fecha creación de la orden': Timestamp('2026-11-06 11:07:14'), 'Fecha de Entrega': Timestamp('2026-11-06 18:25:10'), 'Fecha de transacción': Timestamp('2026-11-06 00:00:00')}"
2e757636-7fa5-4900-b622-748b57ff6a0c,1  junio   2026 - 30  junio   2026.xlsx,3240439032,2026-06-11,2026-11-06 00:00:00,2026-06-11 00:00:00,2026-11,2026-06,25202.0,"{'Fecha creación de la orden': Timestamp('2026-10-06 21:43:12'), 'Fecha de Entrega': Timestamp('2026-11-06 20:55:35'), 'Fecha de transacción': Timestamp('2026-11-06 00:00:00')}"
5e88ef18-d03d-474e-8daf-90ed00d32eb2,1  junio   2026 - 30  junio   2026.xlsx,3240454753,2026-06-12,2026-12-06 00:00:00,2026-06-12 00:00:00,2026-12,2026-06,60496.0,"{'Fecha creación de la orden': Timestamp('2026-10-06 22:46:41'), 'Fecha de Entrega': Timestamp('2026-12-06 12:44:07'), 'Fecha de transacción': Timestamp('2026-12-06 00:00:00')}"
55c60997-283f-4838-8cde-dd8f26c6b205,1  junio   2026 - 30  junio   2026.xlsx,3240512305,2026-06-12,2026-12-06 00:00:00,2026-06-12 00:00:00,2026-12,2026-06,52092.0,"{'Fecha creación de la orden': Timestamp('2026-11-06 09:46:26'), 'Fecha de Entrega': Timestamp('2026-12-06 12:52:26'), 'Fecha de transacción': Timestamp('2026-12-06 00:00:00')}"
6d0e8378-6ef9-4977-ab0d-5fe1a5f2f9f0,1  junio   2026 - 30  junio   2026.xlsx,3239517661,2026-06-12,2026-12-06 00:00:00,2026-06-12 00:00:00,2026-12,2026-06,47891.0,"{'Fecha creación de la orden': Timestamp('2026-03-06 22:20:11'), 'Fecha de Entrega': Timestamp('2026-12-06 16:32:10'), 'Fecha de transacción': Timestamp('2026-12-06 00:00:00')}"
60989621-04eb-41c5-b4be-62391fe04dc8,1  junio   2026 - 30  junio   2026.xlsx,3240563637,2026-06-12,2026-12-06 00:00:00,2026-06-12 00:00:00,2026-12,2026-06,47891.0,"{'Fecha creación de la orden': Timestamp('2026-11-06 17:51:16'), 'Fecha de Entrega': Timestamp('2026-12-06 19:31:48'), 'Fecha de transacción': Timestamp('2026-12-06 00:00:00')}"
8d4ddfcf-7ed7-4578-a5c7-c5713dd090c9,1  junio   2026 - 30  junio   2026.xlsx,3240608231,2026-06-13,2026-06-13 00:00:00,2026-06-13 00:00:00,2026-06,2026-06,21840.0,"{'Fecha creación de la orden': Timestamp('2026-12-06 02:54:04'), 'Fecha de Entrega': Timestamp('2026-06-13 12:42:16'), 'Fecha de transacción': Timestamp('2026-06-13 00:00:00')}"
4d16f641-064e-430f-bfd9-602317f8b814,1  junio   2026 - 30  junio   2026.xlsx,3238386266,2026-06-13,2026-06-13 00:00:00,2026-06-13 00:00:00,2026-06,2026-06,16126.0,"{'Fecha creación de la orden': Timestamp('2026-01-06 21:52:11'), 'Fecha de Entrega': Timestamp('2026-06-13 13:13:44'), 'Fecha de transacción': Timestamp('2026-06-13 00:00:00')}"
58cb40fd-75a7-48ed-94fb-7031ebd72e01,1  junio   2026 - 30  junio   2026.xlsx,3240580231,2026-06-15,2026-06-15 00:00:00,2026-06-15 00:00:00,2026-06,2026-06,43689.0,"{'Fecha creación de la orden': Timestamp('2026-11-06 20:39:07'), 'Fecha de Entrega': Timestamp('2026-06-15 10:55:32'), 'Fecha de transacción': Timestamp('2026-06-15 00:00:00')}"
8a4b85ac-5d16-40b6-b326-958e453a9e56,1  junio   2026 - 30  junio   2026.xlsx,3240715966,2026-06-15,2026-06-15 00:00:00,2026-06-15 00:00:00,2026-06,2026-06,25202.0,"{'Fecha creación de la orden': Timestamp('2026-06-13 11:35:06'), 'Fecha de Entrega': Timestamp('2026-06-15 17:23:55'), 'Fecha de transacción': Timestamp('2026-06-15 00:00:00')}"
5a93dc0b-547c-4f23-88c2-5d20edafd68c,1  junio   2026 - 30  junio   2026.xlsx,3240780028,2026-06-15,2026-06-15 00:00:00,2026-06-15 00:00:00,2026-06,2026-06,21000.0,"{'Fecha creación de la orden': Timestamp('2026-06-13 23:01:45'), 'Fecha de Entrega': Timestamp('2026-06-15 17:23:57'), 'Fecha de transacción': Timestamp('2026-06-15 00:00:00')}"
0654cc4b-3dbd-446b-8ee6-06585dc56b14,1  junio   2026 - 30  junio   2026.xlsx,3240714749,2026-06-15,2026-06-15 00:00:00,2026-06-15 00:00:00,2026-06,2026-06,25202.0,"{'Fecha creación de la orden': Timestamp('2026-06-13 11:21:35'), 'Fecha de Entrega': Timestamp('2026-06-15 18:24:15'), 'Fecha de transacción': Timestamp('2026-06-15 00:00:00')}"
10eed00c-7274-45e1-9ead-6ec8cf5c08e3,1  junio   2026 - 30  junio   2026.xlsx,3240882359,2026-06-15,2026-06-15 00:00:00,2026-06-15 00:00:00,2026-06,2026-06,30244.0,"{'Fecha creación de la orden': Timestamp('2026-06-15 00:25:36'), 'Id Artículo': Timestamp('2725-09-23 00:00:00'), 'Fecha de Entrega': Timestamp('2026-06-15 19:24:11'), 'Fecha de transacción': Timestamp('2026-06-15 00:00:00')}"
9e00453e-eccc-49b5-bda1-abefa3a3e5d8,1  junio   2026 - 30  junio   2026.xlsx,3240735558,2026-06-15,2026-06-15 00:00:00,2026-06-15 00:00:00,2026-06,2026-06,21000.0,"{'Fecha creación de la orden': Timestamp('2026-06-13 15:08:16'), 'Fecha de Entrega': Timestamp('2026-06-15 20:24:06'), 'Fecha de transacción': Timestamp('2026-06-15 00:00:00')}"
dc67f850-16ec-43d9-90ed-affc4175de63,1  junio   2026 - 30  junio   2026.xlsx,3240753645,2026-06-16,2026-06-16 00:00:00,2026-06-16 00:00:00,2026-06,2026-06,47891.0,"{'Fecha creación de la orden': Timestamp('2026-06-13 18:13:27'), 'Id Artículo': Timestamp('2713-04-05 00:00:00'), 'Fecha de Entrega': Timestamp('2026-06-16 10:32:07'), 'Fecha de transacción': Timestamp('2026-06-16 00:00:00')}"
9fa1cd2d-94ce-4320-9090-12a26c5ec1d3,1  junio   2026 - 30  junio   2026.xlsx,3240802902,2026-06-16,2026-06-16 00:00:00,2026-06-16 00:00:00,2026-06,2026-06,23521.0,"{'Fecha creación de la orden': Timestamp('2026-06-14 11:30:49'), 'Fecha de Entrega': Timestamp('2026-06-16 10:42:24'), 'Fecha de transacción': Timestamp('2026-06-16 00:00:00')}"
b99e44c4-8d71-4f14-9c30-3eb7f429b7f6,1  junio   2026 - 30  junio   2026.xlsx,3240802902,2026-06-16,2026-06-16 00:00:00,2026-06-16 00:00:00,2026-06,2026-06,42008.0,"{'Fecha creación de la orden': Timestamp('2026-06-14 11:30:49'), 'Fecha de Entrega': Timestamp('2026-06-16 10:42:24'), 'Fecha de transacción': Timestamp('2026-06-16 00:00:00')}"
8386b329-5fd9-48bc-bc60-b5d16d7cb3ee,1  junio   2026 - 30  junio   2026.xlsx,3240802902,2026-06-16,2026-06-16 00:00:00,2026-06-16 00:00:00,2026-06,2026-06,31924.0,"{'Fecha creación de la orden': Timestamp('2026-06-14 11:30:49'), 'Fecha de Entrega': Timestamp('2026-06-16 10:42:24'), 'Fecha de transacción': Timestamp('2026-06-16 00:00:00')}"
c8af8dfa-257c-4fa6-a0b7-1170581597b7,1  junio   2026 - 30  junio   2026.xlsx,3240877775,2026-06-16,2026-06-16 00:00:00,2026-06-16 00:00:00,2026-06,2026-06,43689.0,"{'Fecha creación de la orden': Timestamp('2026-06-14 23:36:34'), 'Fecha de Entrega': Timestamp('2026-06-16 13:22:11'), 'Fecha de transacción': Timestamp('2026-06-16 00:00:00')}"
29fcb8cc-644c-4f22-8d74-86cce768b5e0,1  junio   2026 - 30  junio   2026.xlsx,3240848630,2026-06-16,2026-06-16 00:00:00,2026-06-16 00:00:00,2026-06,2026-06,21000.0,"{'Fecha creación de la orden': Timestamp('2026-06-14 19:29:02'), 'Fecha de Entrega': Timestamp('2026-06-16 14:02:12'), 'Fecha de transacción': Timestamp('2026-06-16 00:00:00')}"
78b8e2b0-1b05-4512-b1bf-8f4062c0e15c,1  junio   2026 - 30  junio   2026.xlsx,3240683508,2026-06-16,2026-06-16 00:00:00,2026-06-16 00:00:00,2026-06,2026-06,42008.0,"{'Fecha creación de la orden': Timestamp('2026-12-06 21:45:39'), 'Id Artículo': Timestamp('2707-12-24 00:00:00'), 'Fecha de Entrega': Timestamp('2026-06-16 14:12:23'), 'Fecha de transacción': Timestamp('2026-06-16 00:00:00')}"
7b33bf57-51c8-4fc6-8403-fafade703781,1  junio   2026 - 30  junio   2026.xlsx,3240783899,2026-06-16,2026-06-16 00:00:00,2026-06-16 00:00:00,2026-06,2026-06,37807.0,"{'Fecha creación de la orden': Timestamp('2026-06-13 23:52:43'), 'Fecha de Entrega': Timestamp('2026-06-16 14:42:05'), 'Fecha de transacción': Timestamp('2026-06-16 00:00:00')}"
115f706c-97e6-4949-a1cf-226dde4cbcb0,1  junio   2026 - 30  junio   2026.xlsx,3240783899,2026-06-16,2026-06-16 00:00:00,2026-06-16 00:00:00,2026-06,2026-06,37807.0,"{'Fecha creación de la orden': Timestamp('2026-06-13 23:52:43'), 'Fecha de Entrega': Timestamp('2026-06-16 14:42:11'), 'Fecha de transacción': Timestamp('2026-06-16 00:00:00')}"
bb50074d-1efd-461d-85a1-5f631972ca10,1  junio   2026 - 30  junio   2026.xlsx,3240892017,2026-06-16,2026-06-16 00:00:00,2026-06-16 00:00:00,2026-06,2026-06,25202.0,"{'Fecha creación de la orden': Timestamp('2026-06-15 08:38:36'), 'Fecha de Entrega': Timestamp('2026-06-16 16:12:11'), 'Fecha de transacción': Timestamp('2026-06-16 00:00:00')}"
e356c76b-304f-48ae-9a23-8b40d5e1fb79,1  junio   2026 - 30  junio   2026.xlsx,3240934067,2026-06-16,2026-06-16 00:00:00,2026-06-16 00:00:00,2026-06,2026-06,25202.0,"{'Fecha creación de la orden': Timestamp('2026-06-15 16:07:19'), 'Fecha de Entrega': Timestamp('2026-06-16 18:05:37'), 'Fecha de transacción': Timestamp('2026-06-16 00:00:00')}"
35d41be4-5819-490a-90bc-deb437ed080b,1  junio   2026 - 30  junio   2026.xlsx,3240807736,2026-06-16,2026-06-16 00:00:00,2026-06-16 00:00:00,2026-06,2026-06,55454.0,"{'Fecha creación de la orden': Timestamp('2026-06-14 12:26:00'), 'Fecha de Entrega': Timestamp('2026-06-16 19:02:36'), 'Fecha de transacción': Timestamp('2026-06-16 00:00:00')}"
6d022332-fea6-40fa-a27d-08f2c5240594,1  junio   2026 - 30  junio   2026.xlsx,3240702056,2026-06-16,2026-06-16 00:00:00,2026-06-16 00:00:00,2026-06,2026-06,47891.0,"{'Fecha creación de la orden': Timestamp('2026-06-13 04:03:01'), 'Fecha de Entrega': Timestamp('2026-06-16 19:52:05'), 'Fecha de transacción': Timestamp('2026-06-16 00:00:00')}"
2a2abbd4-eb30-4fb9-9d5b-bf76862d85af,1  junio   2026 - 30  junio   2026.xlsx,3240894134,2026-06-16,2026-06-16 00:00:00,2026-06-16 00:00:00,2026-06,2026-06,21000.0,"{'Fecha creación de la orden': Timestamp('2026-06-15 09:22:18'), 'Fecha de Entrega': Timestamp('2026-06-16 20:03:56'), 'Fecha de transacción': Timestamp('2026-06-16 00:00:00')}"
d92c5741-8571-4226-b1c3-dba882a0461f,1  junio   2026 - 30  junio   2026.xlsx,3241003424,2026-06-17,2026-06-17 00:00:00,2026-06-17 00:00:00,2026-06,2026-06,22681.0,"{'Fecha creación de la orden': Timestamp('2026-06-16 07:47:09'), 'Fecha de Entrega': Timestamp('2026-06-17 11:42:09'), 'Fecha de transacción': Timestamp('2026-06-17 00:00:00')}"
76a50ab2-509a-429d-b8a0-071066f6fe40,1  junio   2026 - 30  junio   2026.xlsx,3240953480,2026-06-17,2026-06-17 00:00:00,2026-06-17 00:00:00,2026-06,2026-06,30244.0,"{'Fecha creación de la orden': Timestamp('2026-06-15 19:08:01'), 'Fecha de Entrega': Timestamp('2026-06-17 13:12:10'), 'Fecha de transacción': Timestamp('2026-06-17 00:00:00')}"
4cec73ed-92af-4d2c-910e-305ccc31e117,1  junio   2026 - 30  junio   2026.xlsx,3240913306,2026-06-17,2026-06-17 00:00:00,2026-06-17 00:00:00,2026-06,2026-06,55454.0,"{'Fecha creación de la orden': Timestamp('2026-06-15 12:49:51'), 'Fecha de Entrega': Timestamp('2026-06-17 14:22:07'), 'Fecha de transacción': Timestamp('2026-06-17 00:00:00')}"
9e156cdf-6441-48bc-bab5-cc1c55c02c3f,1  junio   2026 - 30  junio   2026.xlsx,3241046541,2026-06-17,2026-06-17 00:00:00,2026-06-17 00:00:00,2026-06,2026-06,55454.0,"{'Fecha creación de la orden': Timestamp('2026-06-16 15:38:21'), 'Fecha de Entrega': Timestamp('2026-06-17 18:06:47'), 'Fecha de transacción': Timestamp('2026-06-17 00:00:00')}"
dd2789e8-e36c-4d1e-a240-eb1c6d7b8774,1  junio   2026 - 30  junio   2026.xlsx,3241027804,2026-06-17,2026-06-17 00:00:00,2026-06-17 00:00:00,2026-06,2026-06,22681.0,"{'Fecha creación de la orden': Timestamp('2026-06-16 12:43:13'), 'Id Artículo': Timestamp('2741-12-30 00:00:00'), 'Fecha de Entrega': Timestamp('2026-06-17 18:06:55'), 'Fecha de transacción': Timestamp('2026-06-17 00:00:00')}"
03e6d252-97e7-4981-83d6-04b670f3d97e,1  junio   2026 - 30  junio   2026.xlsx,3241074545,2026-06-17,2026-06-17 00:00:00,2026-06-17 00:00:00,2026-06,2026-06,49571.0,"{'Fecha creación de la orden': Timestamp('2026-06-16 20:04:03'), 'Id Artículo': Timestamp('2746-09-04 00:00:00'), 'Fecha de Entrega': Timestamp('2026-06-17 18:06:58'), 'Fecha de transacción': Timestamp('2026-06-17 00:00:00')}"
cce1e52a-82a7-427f-8018-3bfe7da1d391,1  junio   2026 - 30  junio   2026.xlsx,3241059515,2026-06-17,2026-06-17 00:00:00,2026-06-17 00:00:00,2026-06,2026-06,47891.0,"{'Fecha creación de la orden': Timestamp('2026-06-16 17:37:42'), 'Fecha de Entrega': Timestamp('2026-06-17 19:05:36'), 'Fecha de transacción': Timestamp('2026-06-17 00:00:00')}"
59d37cb1-c65a-4fdf-bbf3-f7fc38b167e4,1  junio   2026 - 30  junio   2026.xlsx,3241078399,2026-06-18,2026-06-18 00:00:00,2026-06-18 00:00:00,2026-06,2026-06,47891.0,"{'Fecha creación de la orden': Timestamp('2026-06-16 20:36:55'), 'Fecha de Entrega': Timestamp('2026-06-18 11:02:24'), 'Fecha de transacción': Timestamp('2026-06-18 00:00:00')}"
99ef6b24-6477-49cd-9d25-4929b563e3c1,1  junio   2026 - 30  junio   2026.xlsx,3241138271,2026-06-18,2026-06-18 00:00:00,2026-06-18 00:00:00,2026-06,2026-06,35286.0,"{'Fecha creación de la orden': Timestamp('2026-06-17 12:56:19'), 'Fecha de Entrega': Timestamp('2026-06-18 17:06:06'), 'Fecha de transacción': Timestamp('2026-06-18 00:00:00')}"
1e49635b-099a-4ed2-8147-bb8208bae1a1,1  junio   2026 - 30  junio   2026.xlsx,3241241840,2026-06-18,2026-06-18 00:00:00,2026-06-18 00:00:00,2026-06,2026-06,29403.0,"{'Fecha creación de la orden': Timestamp('2026-06-18 12:14:35'), 'Fecha de Entrega': Timestamp('2026-06-18 17:06:12'), 'Fecha de transacción': Timestamp('2026-06-18 00:00:00')}"
6c295afa-3da9-4489-b353-b220a2926126,1  junio   2026 - 30  junio   2026.xlsx,3241180786,2026-06-18,2026-06-18 00:00:00,2026-06-18 00:00:00,2026-06,2026-06,53773.0,"{'Fecha creación de la orden': Timestamp('2026-06-17 19:33:10'), 'Fecha de Entrega': Timestamp('2026-06-18 19:05:15'), 'Fecha de transacción': Timestamp('2026-06-18 00:00:00')}"
f6e0992a-1820-4678-8522-7c007bfb97e6,1  junio   2026 - 30  junio   2026.xlsx,3241196324,2026-06-18,2026-06-18 00:00:00,2026-06-18 00:00:00,2026-06,2026-06,47050.0,"{'Fecha creación de la orden': Timestamp('2026-06-17 21:54:46'), 'Fecha de Entrega': Timestamp('2026-06-18 19:05:26'), 'Fecha de transacción': Timestamp('2026-06-18 00:00:00')}"
89c7c46c-90ab-40fd-bc93-d50e351d0a61,1  junio   2026 - 30  junio   2026.xlsx,3241151423,2026-06-18,2026-06-18 00:00:00,2026-06-18 00:00:00,2026-06,2026-06,42008.0,"{'Fecha creación de la orden': Timestamp('2026-06-17 15:00:36'), 'Fecha de Entrega': Timestamp('2026-06-18 20:04:59'), 'Fecha de transacción': Timestamp('2026-06-18 00:00:00')}"
749875fc-bc43-45ca-af17-a50451eb2362,1  junio   2026 - 30  junio   2026.xlsx,3241142220,2026-06-19,2026-06-19 00:00:00,2026-06-19 00:00:00,2026-06,2026-06,49571.0,"{'Fecha creación de la orden': Timestamp('2026-06-17 13:32:29'), 'Id Artículo': Timestamp('2752-04-30 00:00:00'), 'Fecha de Entrega': Timestamp('2026-06-19 10:32:04'), 'Fecha de transacción': Timestamp('2026-06-19 00:00:00')}"
e2515fd0-dc4d-4d87-ab54-cd23200b80ce,1  junio   2026 - 30  junio   2026.xlsx,3241344735,2026-06-20,2026-06-20 00:00:00,2026-06-20 00:00:00,2026-06,2026-06,47891.0,"{'Fecha creación de la orden': Timestamp('2026-06-19 12:11:28'), 'Fecha de Entrega': Timestamp('2026-06-20 09:32:06'), 'Fecha de transacción': Timestamp('2026-06-20 00:00:00')}"
047d09c1-d4a3-41c8-81fa-dbbb2b451625,1  junio   2026 - 30  junio   2026.xlsx,3241267085,2026-06-20,2026-06-20 00:00:00,2026-06-20 00:00:00,2026-06,2026-06,30244.0,"{'Fecha creación de la orden': Timestamp('2026-06-18 16:09:35'), 'Fecha de Entrega': Timestamp('2026-06-20 11:34:37'), 'Fecha de transacción': Timestamp('2026-06-20 00:00:00')}"
642f231b-6670-4bfe-86cd-6c4f5f372403,1  junio   2026 - 30  junio   2026.xlsx,3241276795,2026-06-20,2026-06-20 00:00:00,2026-06-20 00:00:00,2026-06,2026-06,25202.0,"{'Fecha creación de la orden': Timestamp('2026-06-18 17:39:20'), 'Fecha de Entrega': Timestamp('2026-06-20 12:52:06'), 'Fecha de transacción': Timestamp('2026-06-20 00:00:00')}"
6e9f8e22-6d97-413f-a706-e736cc5e53ff,1  junio   2026 - 30  junio   2026.xlsx,3241555162,2026-06-22,2026-06-22 00:00:00,2026-06-22 00:00:00,2026-06,2026-06,47050.0,"{'Fecha creación de la orden': Timestamp('2026-06-21 20:40:38'), 'Fecha de Entrega': Timestamp('2026-06-22 17:24:52'), 'Fecha de transacción': Timestamp('2026-06-22 00:00:00')}"
3eb27615-6ce3-4373-98a0-9e7e37e8cf0b,1  junio   2026 - 30  junio   2026.xlsx,3241533043,2026-06-22,2026-06-22 00:00:00,2026-06-22 00:00:00,2026-06,2026-06,49571.0,"{'Fecha creación de la orden': Timestamp('2026-06-21 16:37:16'), 'Fecha de Entrega': Timestamp('2026-06-22 17:24:55'), 'Fecha de transacción': Timestamp('2026-06-22 00:00:00')}"
36924907-48bf-461a-a1b6-003f27062d33,1  junio   2026 - 30  junio   2026.xlsx,3241499852,2026-06-22,2026-06-22 00:00:00,2026-06-22 00:00:00,2026-06,2026-06,42008.0,"{'Fecha creación de la orden': Timestamp('2026-06-21 04:19:02'), 'Fecha de Entrega': Timestamp('2026-06-22 17:24:56'), 'Fecha de transacción': Timestamp('2026-06-22 00:00:00')}"
d12fe668-bfa1-4679-b89b-1702e3912a88,1  junio   2026 - 30  junio   2026.xlsx,3241478897,2026-06-22,2026-06-22 00:00:00,2026-06-22 00:00:00,2026-06,2026-06,42008.0,"{'Fecha creación de la orden': Timestamp('2026-06-20 20:48:55'), 'Fecha de Entrega': Timestamp('2026-06-22 17:25:01'), 'Fecha de transacción': Timestamp('2026-06-22 00:00:00')}"
381bfc86-314e-49cb-a51a-8b9050d5556c,1  junio   2026 - 30  junio   2026.xlsx,3241474747,2026-06-22,2026-06-22 00:00:00,2026-06-22 00:00:00,2026-06,2026-06,47050.0,"{'Fecha creación de la orden': Timestamp('2026-06-20 19:59:09'), 'Fecha de Entrega': Timestamp('2026-06-22 18:24:49'), 'Fecha de transacción': Timestamp('2026-06-22 00:00:00')}"
2e8ad7f2-cda2-4402-9323-971003e50932,1  junio   2026 - 30  junio   2026.xlsx,3241472316,2026-06-22,2026-06-22 00:00:00,2026-06-22 00:00:00,2026-06,2026-06,32765.0,"{'Fecha creación de la orden': Timestamp('2026-06-20 19:30:54'), 'Fecha de Entrega': Timestamp('2026-06-22 19:24:25'), 'Fecha de transacción': Timestamp('2026-06-22 00:00:00')}"
f4a36225-4470-4c3c-b2d7-4c36b035fbbe,1  junio   2026 - 30  junio   2026.xlsx,3241531640,2026-06-22,2026-06-22 00:00:00,2026-06-22 00:00:00,2026-06,2026-06,47050.0,"{'Fecha creación de la orden': Timestamp('2026-06-21 16:20:12'), 'Fecha de Entrega': Timestamp('2026-06-22 19:24:45'), 'Fecha de transacción': Timestamp('2026-06-22 00:00:00')}"
4aa84b00-78ff-4843-9eaf-ee05a7d73014,1  junio   2026 - 30  junio   2026.xlsx,3241483251,2026-06-22,2026-06-22 00:00:00,2026-06-22 00:00:00,2026-06,2026-06,47050.0,"{'Fecha creación de la orden': Timestamp('2026-06-20 21:40:44'), 'Fecha de Entrega': Timestamp('2026-06-22 20:23:47'), 'Fecha de transacción': Timestamp('2026-06-22 00:00:00')}"
542160b2-24e5-4599-b7de-40ad90c05f52,1  junio   2026 - 30  junio   2026.xlsx,3241518489,2026-06-23,2026-06-23 00:00:00,2026-06-23 00:00:00,2026-06,2026-06,49571.0,"{'Fecha creación de la orden': Timestamp('2026-06-21 13:29:17'), 'Fecha de Entrega': Timestamp('2026-06-23 11:03:47'), 'Fecha de transacción': Timestamp('2026-06-23 00:00:00')}"
af2b8c2e-edc9-4edf-add9-6f5ef823ebcf,1  junio   2026 - 30  junio   2026.xlsx,3241412697,2026-06-23,2026-06-23 00:00:00,2026-06-23 00:00:00,2026-06,2026-06,19319.0,"{'Fecha creación de la orden': Timestamp('2026-06-20 00:59:32'), 'Fecha de Entrega': Timestamp('2026-06-23 12:42:11'), 'Fecha de transacción': Timestamp('2026-06-23 00:00:00')}"
792146f1-e3ae-4dfd-952a-67f52082af81,1  junio   2026 - 30  junio   2026.xlsx,3241504858,2026-06-23,2026-06-23 00:00:00,2026-06-23 00:00:00,2026-06,2026-06,21000.0,"{'Fecha creación de la orden': Timestamp('2026-06-21 10:09:04'), 'Fecha de Entrega': Timestamp('2026-06-23 14:22:07'), 'Fecha de transacción': Timestamp('2026-06-23 00:00:00')}"
17751f03-fdc9-49a9-bb9a-9db8ac7d82c2,1  junio   2026 - 30  junio   2026.xlsx,3241417144,2026-06-23,2026-06-23 00:00:00,2026-06-23 00:00:00,2026-06,2026-06,41168.0,"{'Fecha creación de la orden': Timestamp('2026-06-20 07:19:03'), 'Fecha de Entrega': Timestamp('2026-06-23 16:02:06'), 'Fecha de transacción': Timestamp('2026-06-23 00:00:00')}"
e2da092e-12ca-46b2-8bc9-514f1467fb25,1  junio   2026 - 30  junio   2026.xlsx,3238950254,2026-06-23,2026-06-23 00:00:00,2026-06-23 00:00:00,2026-06,2026-06,19319.0,"{'Fecha creación de la orden': Timestamp('2026-02-06 22:35:46'), 'Fecha de Entrega': Timestamp('2026-06-23 17:52:06'), 'Fecha de transacción': Timestamp('2026-06-23 00:00:00')}"
640e3f23-846c-4f41-a1de-a6a32e76bebc,1  junio   2026 - 30  junio   2026.xlsx,3241653861,2026-06-23,2026-06-23 00:00:00,2026-06-23 00:00:00,2026-06,2026-06,23521.0,"{'Fecha creación de la orden': Timestamp('2026-06-22 20:48:19'), 'Fecha de Entrega': Timestamp('2026-06-23 18:05:20'), 'Fecha de transacción': Timestamp('2026-06-23 00:00:00')}"
4e585807-a1c2-4e6d-a095-47fdcdc51928,1  junio   2026 - 30  junio   2026.xlsx,3241653861,2026-06-23,2026-06-23 00:00:00,2026-06-23 00:00:00,2026-06,2026-06,31924.0,"{'Fecha creación de la orden': Timestamp('2026-06-22 20:48:19'), 'Fecha de Entrega': Timestamp('2026-06-23 18:05:20'), 'Fecha de transacción': Timestamp('2026-06-23 00:00:00')}"
b8250ca2-e7e3-4e9f-b113-db28705f43a2,1  junio   2026 - 30  junio   2026.xlsx,3241654501,2026-06-23,2026-06-23 00:00:00,2026-06-23 00:00:00,2026-06,2026-06,47891.0,"{'Fecha creación de la orden': Timestamp('2026-06-22 20:54:05'), 'Fecha de Entrega': Timestamp('2026-06-23 18:05:49'), 'Fecha de transacción': Timestamp('2026-06-23 00:00:00')}"
ab0b6ca7-82a0-4070-b3b3-62bb42df88af,1  junio   2026 - 30  junio   2026.xlsx,3241702736,2026-06-23,2026-06-23 00:00:00,2026-06-23 00:00:00,2026-06,2026-06,43689.0,"{'Fecha creación de la orden': Timestamp('2026-06-23 12:06:57'), 'Fecha de Entrega': Timestamp('2026-06-23 19:05:47'), 'Fecha de transacción': Timestamp('2026-06-23 00:00:00')}"
73a555c6-c22b-4f6c-8a5f-685d52bd7e13,1  junio   2026 - 30  junio   2026.xlsx,3241684237,2026-06-23,2026-06-23 00:00:00,2026-06-23 00:00:00,2026-06,2026-06,47891.0,"{'Fecha creación de la orden': Timestamp('2026-06-23 07:34:52'), 'Fecha de Entrega': Timestamp('2026-06-23 20:06:12'), 'Fecha de transacción': Timestamp('2026-06-23 00:00:00')}"
57c4f217-2dc0-4036-bf32-e2fbfb5be080,1  junio   2026 - 30  junio   2026.xlsx,3241747355,2026-06-24,2026-06-24 00:00:00,2026-06-24 00:00:00,2026-06,2026-06,29403.0,"{'Fecha creación de la orden': Timestamp('2026-06-23 19:33:49'), 'Fecha de Entrega': Timestamp('2026-06-24 17:05:44'), 'Fecha de transacción': Timestamp('2026-06-24 00:00:00')}"
d3514be6-b091-44e9-ac83-73f5448695e3,1  junio   2026 - 30  junio   2026.xlsx,3241747789,2026-06-24,2026-06-24 00:00:00,2026-06-24 00:00:00,2026-06,2026-06,47891.0,"{'Fecha creación de la orden': Timestamp('2026-06-23 19:38:14'), 'Fecha de Entrega': Timestamp('2026-06-24 18:05:48'), 'Fecha de transacción': Timestamp('2026-06-24 00:00:00')}"
3e5581ef-310b-4f56-aa72-8a212568d287,1  junio   2026 - 30  junio   2026.xlsx,3241773731,2026-06-24,2026-06-24 00:00:00,2026-06-24 00:00:00,2026-06,2026-06,53773.0,"{'Fecha creación de la orden': Timestamp('2026-06-23 23:38:24'), 'Fecha de Entrega': Timestamp('2026-06-24 18:05:53'), 'Fecha de transacción': Timestamp('2026-06-24 00:00:00')}"
d790d373-1798-4908-addc-b1d032af40d8,1  junio   2026 - 30  junio   2026.xlsx,3241799498,2026-06-24,2026-06-24 00:00:00,2026-06-24 00:00:00,2026-06,2026-06,20160.0,"{'Fecha creación de la orden': Timestamp('2026-06-24 11:19:53'), 'Fecha de Entrega': Timestamp('2026-06-24 18:05:55'), 'Fecha de transacción': Timestamp('2026-06-24 00:00:00')}"
947f5070-a816-4554-98b1-a0650a863445,1  junio   2026 - 30  junio   2026.xlsx,3241790916,2026-06-24,2026-06-24 00:00:00,2026-06-24 00:00:00,2026-06,2026-06,20160.0,"{'Fecha creación de la orden': Timestamp('2026-06-24 09:43:21'), 'Fecha de Entrega': Timestamp('2026-06-24 18:06:15'), 'Fecha de transacción': Timestamp('2026-06-24 00:00:00')}"
20869228-04ae-4b35-859f-03d3d43e018e,1  junio   2026 - 30  junio   2026.xlsx,3241780332,2026-06-24,2026-06-24 00:00:00,2026-06-24 00:00:00,2026-06,2026-06,25202.0,"{'Fecha creación de la orden': Timestamp('2026-06-24 01:11:42'), 'Fecha de Entrega': Timestamp('2026-06-24 20:05:44'), 'Fecha de transacción': Timestamp('2026-06-24 00:00:00')}"
ef8115f8-da2f-4f5a-bc90-57986de2d432,1  junio   2026 - 30  junio   2026.xlsx,3241654371,2026-06-25,2026-06-25 00:00:00,2026-06-25 00:00:00,2026-06,2026-06,49571.0,"{'Fecha creación de la orden': Timestamp('2026-06-22 20:52:53'), 'Fecha de Entrega': Timestamp('2026-06-25 10:33:19'), 'Fecha de transacción': Timestamp('2026-06-25 00:00:00')}"
f10cbf61-89e1-44c5-ab44-7b5e333f2589,1  junio   2026 - 30  junio   2026.xlsx,3241654371,2026-06-25,2026-06-25 00:00:00,2026-06-25 00:00:00,2026-06,2026-06,55454.0,"{'Fecha creación de la orden': Timestamp('2026-06-22 20:52:53'), 'Fecha de Entrega': Timestamp('2026-06-25 10:33:53'), 'Fecha de transacción': Timestamp('2026-06-25 00:00:00')}"
c4c2d242-45de-45f9-85fa-81e60095ebc4,1  junio   2026 - 30  junio   2026.xlsx,3241728309,2026-06-25,2026-06-25 00:00:00,2026-06-25 00:00:00,2026-06,2026-06,21840.0,"{'Fecha creación de la orden': Timestamp('2026-06-23 16:17:25'), 'Fecha de Entrega': Timestamp('2026-06-25 13:42:09'), 'Fecha de transacción': Timestamp('2026-06-25 00:00:00')}"
426f99e4-a9aa-453e-9f03-cac15c2ef903,1  junio   2026 - 30  junio   2026.xlsx,3241906100,2026-06-25,2026-06-25 00:00:00,2026-06-25 00:00:00,2026-06,2026-06,47050.0,"{'Fecha creación de la orden': Timestamp('2026-06-25 11:18:41'), 'Fecha de Entrega': Timestamp('2026-06-25 16:24:40'), 'Fecha de transacción': Timestamp('2026-06-25 00:00:00')}"
5505e7c6-c0d2-49e4-8721-10758211ce9e,1  junio   2026 - 30  junio   2026.xlsx,3241826333,2026-06-25,2026-06-25 00:00:00,2026-06-25 00:00:00,2026-06,2026-06,53773.0,"{'Fecha creación de la orden': Timestamp('2026-06-24 15:39:18'), 'Fecha de Entrega': Timestamp('2026-06-25 17:23:16'), 'Fecha de transacción': Timestamp('2026-06-25 00:00:00')}"
63f16799-b862-4687-b07c-58104c9bb0a3,1  junio   2026 - 30  junio   2026.xlsx,3241896065,2026-06-25,2026-06-25 00:00:00,2026-06-25 00:00:00,2026-06,2026-06,19319.0,"{'Fecha creación de la orden': Timestamp('2026-06-25 09:19:46'), 'Fecha de Entrega': Timestamp('2026-06-25 17:23:18'), 'Fecha de transacción': Timestamp('2026-06-25 00:00:00')}"
c9216995-e395-4b50-b03e-9b4a0e01398c,1  junio   2026 - 30  junio   2026.xlsx,3241814200,2026-06-25,2026-06-25 00:00:00,2026-06-25 00:00:00,2026-06,2026-06,23521.0,"{'Fecha creación de la orden': Timestamp('2026-06-24 13:36:05'), 'Fecha de Entrega': Timestamp('2026-06-25 17:23:23'), 'Fecha de transacción': Timestamp('2026-06-25 00:00:00')}"
92f67325-4b03-4cff-a14e-3b501cf19557,1  junio   2026 - 30  junio   2026.xlsx,3241826333,2026-06-25,2026-06-25 00:00:00,2026-06-25 00:00:00,2026-06,2026-06,57134.0,"{'Fecha creación de la orden': Timestamp('2026-06-24 15:39:18'), 'Fecha de Entrega': Timestamp('2026-06-25 17:23:25'), 'Fecha de transacción': Timestamp('2026-06-25 00:00:00')}"
ef4a9bb4-5f67-4392-84af-bcc83e3c6834,1  junio   2026 - 30  junio   2026.xlsx,3241907142,2026-06-26,2026-06-26 00:00:00,2026-06-26 00:00:00,2026-06,2026-06,37807.0,"{'Fecha creación de la orden': Timestamp('2026-06-25 11:27:49'), 'Fecha de Entrega': Timestamp('2026-06-26 11:22:05'), 'Fecha de transacción': Timestamp('2026-06-26 00:00:00')}"
5292490b-1562-408f-b767-bbeac7eef359,1  junio   2026 - 30  junio   2026.xlsx,3241818495,2026-06-26,2026-06-26 00:00:00,2026-06-26 00:00:00,2026-06,2026-06,25202.0,"{'Fecha creación de la orden': Timestamp('2026-06-24 14:21:20'), 'Fecha de Entrega': Timestamp('2026-06-26 17:24:25'), 'Fecha de transacción': Timestamp('2026-06-26 00:00:00')}"
a8ac73a7-8142-47c4-ad7e-1283fde2c3d0,1  junio   2026 - 30  junio   2026.xlsx,3241829686,2026-06-26,2026-06-26 00:00:00,2026-06-26 00:00:00,2026-06,2026-06,36966.0,"{'Fecha creación de la orden': Timestamp('2026-06-24 16:09:33'), 'Fecha de Entrega': Timestamp('2026-06-26 18:23:53'), 'Fecha de transacción': Timestamp('2026-06-26 00:00:00')}"
2c45113d-e7d9-4f25-a905-b7623d5b553c,1  junio   2026 - 30  junio   2026.xlsx,3241981632,2026-06-26,2026-06-26 00:00:00,2026-06-26 00:00:00,2026-06,2026-06,30244.0,"{'Fecha creación de la orden': Timestamp('2026-06-25 23:28:37'), 'Id Artículo': Timestamp('2835-06-16 00:00:00'), 'Fecha de Entrega': Timestamp('2026-06-26 18:24:33'), 'Fecha de transacción': Timestamp('2026-06-26 00:00:00')}"
bb59a7f3-281a-4e81-8cbd-8a49cb03b283,1  junio   2026 - 30  junio   2026.xlsx,3241996604,2026-06-26,2026-06-26 00:00:00,2026-06-26 00:00:00,2026-06,2026-06,19319.0,"{'Fecha creación de la orden': Timestamp('2026-06-26 06:09:41'), 'Id Artículo': Timestamp('2836-01-02 00:00:00'), 'Fecha de Entrega': Timestamp('2026-06-26 19:23:49'), 'Fecha de transacción': Timestamp('2026-06-26 00:00:00')}"
be14f4ae-dada-4d85-9a50-602866b996d1,1  junio   2026 - 30  junio   2026.xlsx,3241987620,2026-06-26,2026-06-26 00:00:00,2026-06-26 00:00:00,2026-06,2026-06,55454.0,"{'Fecha creación de la orden': Timestamp('2026-06-26 00:26:13'), 'Fecha de Entrega': Timestamp('2026-06-26 20:23:38'), 'Fecha de transacción': Timestamp('2026-06-26 00:00:00')}"
c14ae265-19a0-473e-a395-45d620466543,1  junio   2026 - 30  junio   2026.xlsx,3241965701,2026-06-26,2026-06-26 00:00:00,2026-06-26 00:00:00,2026-06,2026-06,50412.0,"{'Fecha creación de la orden': Timestamp('2026-06-25 21:13:10'), 'Fecha de Entrega': Timestamp('2026-06-26 20:24:21'), 'Fecha de transacción': Timestamp('2026-06-26 00:00:00')}"
4d7205db-68cf-4729-8d00-8eaa516535fe,1  junio   2026 - 30  junio   2026.xlsx,3241965156,2026-06-27,2026-06-27 00:00:00,2026-06-27 00:00:00,2026-06,2026-06,27555.0,"{'Fecha creación de la orden': Timestamp('2026-06-25 21:08:24'), 'Fecha de Entrega': Timestamp('2026-06-27 10:52:05'), 'Fecha de transacción': Timestamp('2026-06-27 00:00:00')}"
874c2931-a338-47f4-a24f-9649a6c945f2,1  junio   2026 - 30  junio   2026.xlsx,3241975975,2026-06-27,2026-06-27 00:00:00,2026-06-27 00:00:00,2026-06,2026-06,40328.0,"{'Fecha creación de la orden': Timestamp('2026-06-25 22:38:59'), 'Fecha de Entrega': Timestamp('2026-06-27 11:42:07'), 'Fecha de transacción': Timestamp('2026-06-27 00:00:00')}"
39f797e8-9541-4481-9746-64d2d7e1d8f7,1  junio   2026 - 30  junio   2026.xlsx,3241970974,2026-06-27,2026-06-27 00:00:00,2026-06-27 00:00:00,2026-06,2026-06,20160.0,"{'Fecha creación de la orden': Timestamp('2026-06-25 21:57:35'), 'Fecha de Entrega': Timestamp('2026-06-27 14:12:07'), 'Fecha de transacción': Timestamp('2026-06-27 00:00:00')}"
218d5567-95f3-425f-91ec-b57720a7b07a,1  junio   2026 - 30  junio   2026.xlsx,3241962484,2026-06-27,2026-06-27 00:00:00,2026-06-27 00:00:00,2026-06,2026-06,50412.0,"{'Fecha creación de la orden': Timestamp('2026-06-25 20:43:24'), 'Fecha de Entrega': Timestamp('2026-06-27 14:12:07'), 'Fecha de transacción': Timestamp('2026-06-27 00:00:00')}"
68cfb3a3-77ee-48e4-88d5-5953212a24f8,1  junio   2026 - 30  junio   2026.xlsx,3241974824,2026-06-27,2026-06-27 00:00:00,2026-06-27 00:00:00,2026-06,2026-06,55454.0,"{'Fecha creación de la orden': Timestamp('2026-06-25 22:29:41'), 'Fecha de Entrega': Timestamp('2026-06-27 14:44:34'), 'Fecha de transacción': Timestamp('2026-06-27 00:00:00')}"
31337504-eeec-4479-9d37-f9751763b32a,1  junio   2026 - 30  junio   2026.xlsx,3241968040,2026-06-30,2026-06-30 00:00:00,2026-06-30 00:00:00,2026-06,2026-06,27555.0,"{'Fecha creación de la orden': Timestamp('2026-06-25 21:33:33'), 'Fecha de Entrega': Timestamp('2026-06-30 14:32:07'), 'Fecha de transacción': Timestamp('2026-06-30 00:00:00')}"
f821d309-cbb8-40de-94a7-5a074a6ce2f4,1  junio   2026 - 30  junio   2026.xlsx,3242407458,2026-06-30,2026-06-30 00:00:00,2026-06-30 00:00:00,2026-06,2026-06,20160.0,"{'Fecha creación de la orden': Timestamp('2026-06-30 10:46:58'), 'Fecha de Entrega': Timestamp('2026-06-30 17:25:41'), 'Fecha de transacción': Timestamp('2026-06-30 00:00:00')}"
aeb11563-7f68-434c-be96-a0bbb25c7200,1  junio   2026 - 30  junio   2026.xlsx,3242031503,2026-06-30,2026-06-30 00:00:00,2026-06-30 00:00:00,2026-06,2026-06,23521.0,"{'Fecha creación de la orden': Timestamp('2026-06-26 14:28:40'), 'Fecha de Entrega': Timestamp('2026-06-30 18:25:27'), 'Fecha de transacción': Timestamp('2026-06-30 00:00:00')}"
56dbde3e-74e9-4724-ba42-f715cf081ea4,1  junio   2026 - 30  junio   2026.xlsx,3242077326,2026-06-30,2026-06-30 00:00:00,2026-06-30 00:00:00,2026-06,2026-06,50412.0,"{'Fecha creación de la orden': Timestamp('2026-06-26 22:26:09'), 'Id Artículo': Timestamp('2844-02-24 00:00:00'), 'Fecha de Entrega': Timestamp('2026-06-30 19:24:40'), 'Fecha de transacción': Timestamp('2026-06-30 00:00:00')}"
934f81fe-2c34-4342-adbb-d3cde5ee3959,1  junio   2026 - 30  junio   2026.xlsx,3242375612,2026-06-30,2026-06-30 00:00:00,2026-06-30 00:00:00,2026-06,2026-06,30244.0,"{'Fecha creación de la orden': Timestamp('2026-06-29 22:45:19'), 'Fecha de Entrega': Timestamp('2026-06-30 19:24:58'), 'Fecha de transacción': Timestamp('2026-06-30 00:00:00')}"
9a515d9b-ee66-480e-b636-dcb4042a3598,1  junio   2026 - 30  junio   2026.xlsx,3242152188,2026-06-30,2026-06-30 00:00:00,2026-06-30 00:00:00,2026-06,2026-06,25202.0,"{'Fecha creación de la orden': Timestamp('2026-06-27 18:54:23'), 'Fecha de Entrega': Timestamp('2026-06-30 19:25:11'), 'Fecha de transacción': Timestamp('2026-06-30 00:00:00')}"
9fc6ed63-bec4-4521-b9bc-8419975d24bd,1  junio   2026 - 30  junio   2026.xlsx,3242184178,2026-06-30,2026-06-30 00:00:00,2026-06-30 00:00:00,2026-06,2026-06,20160.0,"{'Fecha creación de la orden': Timestamp('2026-06-28 01:30:57'), 'Fecha de Entrega': Timestamp('2026-06-30 19:25:28'), 'Fecha de transacción': Timestamp('2026-06-30 00:00:00')}"
6ccda777-dc02-4215-b3c1-2177ec710651,1  junio   2026 - 30  junio   2026.xlsx,3242184178,2026-06-30,2026-06-30 00:00:00,2026-06-30 00:00:00,2026-06,2026-06,20160.0,"{'Fecha creación de la orden': Timestamp('2026-06-28 01:30:57'), 'Fecha de Entrega': Timestamp('2026-06-30 19:25:28'), 'Fecha de transacción': Timestamp('2026-06-30 00:00:00')}"
c8781347-6faa-4095-8839-a78b5801070d,1  junio   2026 - 30  junio   2026.xlsx,3242394894,2026-06-30,2026-06-30 00:00:00,2026-06-30 00:00:00,2026-06,2026-06,50412.0,"{'Fecha creación de la orden': Timestamp('2026-06-30 03:28:28'), 'Fecha de Entrega': Timestamp('2026-06-30 19:25:24'), 'Fecha de transacción': Timestamp('2026-06-30 00:00:00')}"
525217e3-63ce-4837-8158-3c32c8070bbd,1  junio   2026 - 30  junio   2026.xlsx,3242129784,2026-06-30,2026-06-30 00:00:00,2026-06-30 00:00:00,2026-06,2026-06,52933.0,"{'Fecha creación de la orden': Timestamp('2026-06-27 14:56:50'), 'Fecha de Entrega': Timestamp('2026-06-30 19:25:21'), 'Fecha de transacción': Timestamp('2026-06-30 00:00:00')}"
9fb44696-7c24-438f-86e5-b0b89c3e7694,1  junio   2026 - 30  junio   2026.xlsx,3242320292,2026-06-30,2026-06-30 00:00:00,2026-06-30 00:00:00,2026-06,2026-06,55454.0,"{'Fecha creación de la orden': Timestamp('2026-06-29 15:02:37'), 'Fecha de Entrega': Timestamp('2026-06-30 20:24:01'), 'Fecha de transacción': Timestamp('2026-06-30 00:00:00')}"
0f02b63a-7233-4978-b036-3dbfe92887e7,1  junio   2026 - 30  junio   2026.xlsx,3242317453,2026-06-30,2026-06-30 00:00:00,2026-06-30 00:00:00,2026-06,2026-06,30244.0,"{'Fecha creación de la orden': Timestamp('2026-06-29 14:35:46'), 'Fecha de Entrega': Timestamp('2026-06-30 20:24:02'), 'Fecha de transacción': Timestamp('2026-06-30 00:00:00')}"
032c9e21-c6da-4f5f-89a7-5c20eb0b56f4,1  junio   2026 - 30  junio   2026.xlsx,3242329369,2026-06-30,2026-06-30 00:00:00,2026-06-30 00:00:00,2026-06,2026-06,46210.0,"{'Fecha creación de la orden': Timestamp('2026-06-29 16:28:19'), 'Fecha de Entrega': Timestamp('2026-06-30 20:24:23'), 'Fecha de transacción': Timestamp('2026-06-30 00:00:00')}"
70ae8a75-e616-4d7f-88f7-82118a2cee98,1  junio   2026 - 30  junio   2026.xlsx,3242346531,2026-06-30,2026-06-30 00:00:00,2026-06-30 00:00:00,2026-06,2026-06,37807.0,"{'Fecha creación de la orden': Timestamp('2026-06-29 18:56:13'), 'Fecha de Entrega': Timestamp('2026-06-30 20:24:49'), 'Fecha de transacción': Timestamp('2026-06-30 00:00:00')}"
d003e81c-a454-4a8f-8d34-8fef78830f5e,1  junio   2026 - 30  junio   2026.xlsx,3242097945,2026-06-30,2026-06-30 00:00:00,2026-06-30 00:00:00,2026-06,2026-06,47891.0,"{'Fecha creación de la orden': Timestamp('2026-06-27 08:44:32'), 'Fecha de Entrega': Timestamp('2026-06-30 20:25:09'), 'Fecha de transacción': Timestamp('2026-06-30 00:00:00')}"
d0213f90-831a-45fd-8ad9-b4622daa808e,1  junio   2026 - 30  junio   2026.xlsx,3242296982,2026-06-30,2026-06-30 00:00:00,2026-06-30 00:00:00,2026-06,2026-06,46210.0,"{'Fecha creación de la orden': Timestamp('2026-06-29 11:26:34'), 'Fecha de Entrega': Timestamp('2026-06-30 20:25:11'), 'Fecha de transacción': Timestamp('2026-06-30 00:00:00')}"
7cc5c25e-fd27-4053-86bb-e4b9161a8f77,1  junio   2026 - 30  junio   2026.xlsx,3242330951,2026-06-30,2026-06-30 00:00:00,2026-06-30 00:00:00,2026-06,2026-06,55454.0,"{'Fecha creación de la orden': Timestamp('2026-06-29 16:42:21'), 'Fecha de Entrega': Timestamp('2026-06-30 20:25:14'), 'Fecha de transacción': Timestamp('2026-06-30 00:00:00')}"
c38d411f-f33d-4f7e-8a5a-1e14f259f564,1  junio   2026 - 30  junio   2026.xlsx,3242173537,2026-06-30,2026-06-30 00:00:00,2026-06-30 00:00:00,2026-06,2026-06,37807.0,"{'Fecha creación de la orden': Timestamp('2026-06-27 22:49:30'), 'Fecha de Entrega': Timestamp('2026-06-30 20:25:31'), 'Fecha de transacción': Timestamp('2026-06-30 00:00:00')}"
8413a7f7-3fe9-437e-bbe2-64eaf82ff8c3,1  junio   2026 - 30  junio   2026.xlsx,3242238108,2026-06-30,2026-06-30 00:00:00,2026-06-30 00:00:00,2026-06,2026-06,50412.0,"{'Fecha creación de la orden': Timestamp('2026-06-28 18:24:53'), 'Fecha de Entrega': Timestamp('2026-06-30 21:24:46'), 'Fecha de transacción': Timestamp('2026-06-30 00:00:00')}"
306f1595-da62-4081-9298-a60c049c671d,1  junio   2026 - 30  junio   2026.xlsx,3242314666,2026-06-30,2026-06-30 00:00:00,2026-06-30 00:00:00,2026-06,2026-06,25202.0,"{'Fecha creación de la orden': Timestamp('2026-06-29 14:08:42'), 'Fecha de Entrega': Timestamp('2026-06-30 21:24:54'), 'Fecha de transacción': Timestamp('2026-06-30 00:00:00')}"
