Número de factura;Order number;Date created;Estado del pedido;Subtotal de artículos (con impuestos);Gastos de envío (con impuestos);Precio total (con impuestos);Commission (excluding taxes);Impuestos sobre la comisión;Amount transferred to tienda (including taxes);Quantity;Producto;Product SKU;Offer SKU;Fecha de confirmación del pago;Shipping method;Shipping address last name;Shipping address first name;Shipping address company;Shipping address street 1;Shipping address street 2;Dirección de entrega: complementaria;Shipping address zip;Shipping address city;Shipping address state;Shipping address country;Billing address last name;Billing address first name;Billing address company;Billing address street 1;Billing address street 2;Dirección de facturación: complementaria;Billing address zip;Billing address city;Billing address state;Billing address country;Subtotal de artículos (sin impuestos);Impuestos sobre artículos;Gastos de envío (sin impuestos);Impuestos sobre gastos de envío;Precio total (sin impuestos);Impuestos sobre el precio total;Currency
000000508667;23136652801-A;06/12/2024 01:21:19;Reembolsado;16990;990;17980;3398;0.0000;13592;1;ENTERITO CORTO TIPO CARGO FUCSIA NICOPOLY;MPM10000693658-3;N04066SM;06/12/2024 01:21:21;4d_Retiro Tienda Ripley Parque Arauco;Caamano;Nayareth;;"Avenida Kennedy 5413 ";4to Piso. Modulo Retiro en Tienda;;;LAS CONDES;REG.METROPOLITANA;CL;Caamano;Nayareth;;Pedro Riveros 1521;;;;LAS CONDES;REG.METROPOLITANA;CL;16990;0;990;0;17980;0;CLP
000000508667;23229738801-A;01/01/2025 11:12:08;Reembolsado;41990;0;41990;8398;0.0000;33592;1;CHAQUETA ECOCUERO TIPO BIKER NEGRO NICOPOLY;MPM10001735076-3;N02107BL-5;01/01/2025 11:12:09;11d_Retiro Tienda Ripley Temuco;Millahuan;Lutgarda;;"Arturo Prat 656, Temuco ";2do Piso. Modulo Retiro en Tienda;;;TEMUCO;IX REGION;CL;Millahuan;Lutgarda;;Camino internacional icalma Sn;;;;TEMUCO;IX REGION;CL;41990;0;0;0;41990;0;CLP
000000508667;23232400801-A;02/01/2025 16:25:47;Cerrado;15990;990;16980;3198;0.0000;12792;1;MAXI VESTIDO TAJO Y COSTURAS CAFÉ NICOPOLY;MPM10001448938-1;N04266UL;02/01/2025 16:25:49;14d_Retiro Tienda Ripley Arica;Benavides;Hannah;;"Av. Diego Portales 640, Arica ";2do Piso. Modulo Retiro en Tienda;;;ARICA;XV REGION;CL;Benavides;Hannah;;Diego Portales 1283;;;;ARICA;XV REGION;CL;15990;0;990;0;16980;0;CLP
000000508667;23251358501-A;10/01/2025 12:09:12;Reembolsado;20990;6045;27035;4198;0.0000;16792;1;PANTALÓN TIPO SATÍN NEGRO NICOPOLY;MPM10001916756-2;N05018BM;10/01/2025 12:09:13;Flujo Crossdock- Ripley PAQ;ARAYA;DOMINIC;;lauca 1696;S/N;;;ARICA;XV REGION;CL;ARAYA;DOMINIC;;lauca 1696;;;;ARICA;XV REGION;CL;20990;0;6045;0;27035;0;CLP
000000508667;23252032301-A;10/01/2025 17:56:54;Cerrado;17990;990;18980;3598;0.0000;14392;1;FALDA DENIM TAJO FRONTAL AZUL NICOPOLY;MPM10001465761-1;N04269CS;10/01/2025 17:56:55;5d_Retiro Tienda Ripley Los Ángeles;Silva;Nicole;;"Valdivia 440, Los Angeles ";" 3er Piso. Servicio al Cliente";;;LOS ANGELES;VIII REGION;CL;Cabezas;Ricardo;;Avenida Oriente 755;;;;LOS ANGELES;VIII REGION;CL;17990;0;990;0;18980;0;CLP
000000508667;23258287601-A;13/01/2025 20:55:49;Reembolsado;14990;0;14990;2998;0.0000;11992;1;VESTIDO CORTO CUELLO HALTER BLANCO NICOPOLY;MPM10001878055-1;N04063AL-5;13/01/2025 20:55:50;10d_Retiro Tienda Ripley Antofagasta;Reyes;Carolina;;"Arturo Prat 530 ";" 4to Piso. Servicio al Cliente";;;ANTOFAGASTA;II REGION;CL;Reyes;Carolina;;Oficina Paposo 227;;;;ANTOFAGASTA;II REGION;CL;14990;0;0;0;14990;0;CLP
000000508667;23263391801-A;16/01/2025 09:08:40;Reembolsado;16490;990;17480;3298;0.0000;13192;1;PANTALÓN CON PINZAS RECTO BEIGE NICOPOLY;MPM10001752500-2;N04277GL-5;16/01/2025 09:08:41;4d_Retiro Tienda Ripley Puente;RIVEROS;PIA;;"21 de Mayo 698 ";4to Piso. Modulo Retiro en Tienda;;;SANTIAGO;REG.METROPOLITANA;CL;Riveros;Karen;;Beaucheff 2887;;;;SANTIAGO;REG.METROPOLITANA;CL;16490;0;990;0;17480;0;CLP
000000508667;23269859201-A;19/01/2025 18:25:02;Reembolsado;17490;990;18480;3498;0.0000;13992;1;PANTALÓN MUJER NICOPOLY ROJO TIRO ALTO BÁSICO;MPM10001752474-2;N10373DM-5;19/01/2025 18:25:03;5d_Retiro Tienda Ripley Talca;"Ferrada ";"Paulina ";;"8 Oriente 1212 ";" 2do Piso. Modulo Retiro en Tienda";;;TALCA;VII REGION;CL;"Ferrada ";"Paulina ";;ralco 881;;;;TALCA;VII REGION;CL;17490;0;990;0;18480;0;CLP
000000508667;23270044201-A;19/01/2025 19:57:50;Reembolsado;17490;0;17490;3498;0.0000;13992;1;PANTALÓN MUJER NICOPOLY ROJO TIRO ALTO BÁSICO;MPM10001752474-2;N10373DM-5;19/01/2025 19:57:51;4d_Retiro Tienda Ripley Plaza Egaña;"Melndez Arias ";"Elvira ";;"Larrain 5800 ";" 3er Piso. Modulo Retiro en Tienda";;;NUNOA;REG.METROPOLITANA;CL;"Melndez Arias ";"Elvira ";;Avenida Grecia  3980;;;;NUNOA;REG.METROPOLITANA;CL;17490;0;0;0;17490;0;CLP
000000508667;23270193501-A;19/01/2025 21:17:08;Reembolsado;17990;990;18980;3598;0.0000;14392;1;FALDA MUJER NICOPOLY AZUL DENIM TAJO FRONTAL;MPM10001465761-3;N04269CM;19/01/2025 21:17:09;4d_Retiro Tienda Ripley Arauco Maipu;Izquierdo;"Antonia ";;"Av. Americo Vespucio 399 ";" 2do Piso. Modulo Retiro en Tienda";;;MAIPU;REG.METROPOLITANA;CL;Nuñez;Sara;;Dalila 2876;;;;MAIPU;REG.METROPOLITANA;CL;17990;0;990;0;18980;0;CLP
000000508667;23270589101-A;20/01/2025 00:04:33;Reembolsado;16490;495;16985;3298;0.0000;13192;1;PANTALÓN MUJER NICOPOLY ROJO PIERNA ANCHA;MPM10001856324-2;N04017DL-5;20/01/2025 00:04:35;4d_Retiro Tienda Ripley Crillon;Aranguibel;Nayrelis;;"Agustinas #1025 ";Piso -1. Modulo Retiro en Tienda;;;SANTIAGO;REG.METROPOLITANA;CL;Aranguibel;Nayrelis;;San Diego 895;;;;SANTIAGO;REG.METROPOLITANA;CL;16490;0;495;0;16985;0;CLP
000000508667;23270589101-A;20/01/2025 00:04:33;Reembolsado;16490;495;16985;3298;0.0000;13192;1;PANTALÓN MUJER NICOPOLY ROJO PIERNA ANCHA;MPM10001856324-3;N04017DM-5;20/01/2025 00:04:35;4d_Retiro Tienda Ripley Crillon;Aranguibel;Nayrelis;;"Agustinas #1025 ";Piso -1. Modulo Retiro en Tienda;;;SANTIAGO;REG.METROPOLITANA;CL;Aranguibel;Nayrelis;;San Diego 895;;;;SANTIAGO;REG.METROPOLITANA;CL;16490;0;495;0;16985;0;CLP
000000508667;23278876101-A;23/01/2025 23:59:12;Cerrado;9990;2195;12185;1998;0.0000;7992;1;CROP TOP JASPEADO BLANCO NICOPOLY;MPM10001849445-3;N05021AM;23/01/2025 23:59:14;Flujo Same day BX;Gonzalez;María;;Eulogio Altamirano 1130;S/N;;;RENCA;REG.METROPOLITANA;CL;Gonzalez;María;;Eulogio Altamirano 1130;;;;RENCA;REG.METROPOLITANA;CL;9990;0;2195;0;12185;0;CLP
000000508667;23278876101-A;23/01/2025 23:59:12;Cerrado;15990;2195;18185;3198;0.0000;12792;1;PANTALÓN MUJER NICOPOLY BLANCO TIRO ALTO JASPEADO;MPM10001849485-2;N05022AM;23/01/2025 23:59:14;Flujo Same day BX;Gonzalez;María;;Eulogio Altamirano 1130;S/N;;;RENCA;REG.METROPOLITANA;CL;Gonzalez;María;;Eulogio Altamirano 1130;;;;RENCA;REG.METROPOLITANA;CL;15990;0;2195;0;18185;0;CLP
000000508667;23279041702-A;24/01/2025 03:10:53;Reembolsado;15990;0;15990;3198;0.0000;12792;1;PANTALÓN MUJER NICOPOLY BLANCO TIRO ALTO JASPEADO;MPM10001849485-2;N05022AM;24/01/2025 03:10:56;5d_Retiro Tienda Ripley Chillán;"Sepúlveda ";"Camila ";;"5 de Abril 699 ";4to Piso. Centro de atención al Cliente;;;CHILLAN;VIII REGION;CL;Fuentes;Carmen;;El avellano 1040;;;;CHILLAN;VIII REGION;CL;15990;0;0;0;15990;0;CLP
000000508667;23280136301-A;24/01/2025 18:28:24;Reembolsado;27990;990;28980;5598;0.0000;22392;1;ENTERITO MUJER NICOPOLY NEGRO BUSTIER ENCAJE;MPM10001919198-3;N05023BS;24/01/2025 18:28:25;5d_Retiro Tienda Ripley Quilpué;Morales;Camila;;"Claudio Vicuña 992, Quilpue ";" 3er Piso. Modulo Retiro en Tienda";;;QUILPUE;V REGION;CL;Morales;Camila;;Peyronet 1484;;;;QUILPUE;V REGION;CL;27990;0;990;0;28980;0;CLP
000000508667;23280232001-A;24/01/2025 19:20:34;Cerrado;20990;495;21485;4198;0.0000;16792;1;BLAZER SIN MANGAS BOLSILLOS NEGRO NICOPOLY;MPM10001752522-1;N04294BM-5;24/01/2025 19:20:35;10d_Retiro Tienda Ripley Antofagasta;Toro;"Cristian ";;"Arturo Prat 530 ";" 4to Piso. Servicio al Cliente";;;ANTOFAGASTA;II REGION;CL;Sandoval;Mario;;Celia castro 1543;;;;ANTOFAGASTA;II REGION;CL;20990;0;495;0;21485;0;CLP
000000508667;23280232001-A;24/01/2025 19:20:34;Cerrado;20990;495;21485;4198;0.0000;16792;1;BLAZER SIN MANGAS BOTÓN LÚCUMA NICOPOLY;MPM10001448908-2;N04294FM;24/01/2025 19:20:35;10d_Retiro Tienda Ripley Antofagasta;Toro;"Cristian ";;"Arturo Prat 530 ";" 4to Piso. Servicio al Cliente";;;ANTOFAGASTA;II REGION;CL;Sandoval;Mario;;Celia castro 1543;;;;ANTOFAGASTA;II REGION;CL;20990;0;495;0;21485;0;CLP
000000508667;23280248002-A;24/01/2025 19:28:31;Reembolsado;25990;4980;30970;5198;0.0000;20792;1;CHAQUETA CUELLO CAMISERO ECOCUERO NEGRO NICOPOLY;MPM10001383864-1;N04228BXL;24/01/2025 19:28:32;Flujo Crossdock- Ripley PAQ;Luna Fuentes;"Jacquelinne ";;Castellón 1367;1404;;;CONCEPCION;VIII REGION;CL;Luna Fuentes;"Jacquelinne ";;Castellón 1367;;;;CONCEPCION;VIII REGION;CL;25990;0;4980;0;30970;0;CLP
000000508667;23281425401-A;25/01/2025 15:26:47;Reembolsado;18990;990;19980;3038;0.0000;15952;1;SOBRECAMISA TIPO PANA BROCHES TAUPE NICOPOLY;MPM10001713151-3;N05050LM;25/01/2025 15:26:48;8d_Retiro Tienda Ripley Castellón;Campos;"Jasmin ";;"Castellon 520, Concepcion ";6to Piso. Servicio al Cliente;;;CONCEPCION;VIII REGION;CL;Campos;Hilda;;Juan Luis San Fuentes 83;;;;CONCEPCION;VIII REGION;CL;18990;0;990;0;19980;0;CLP
000000508667;23282485701-A;26/01/2025 09:47:51;Reembolsado;12990;2396;15386;2078;0.0000;10912;1;BODY ESCOTE ENCAJE BLANCO NICOPOLY;MPM10001878089-1;N02151AM-5;26/01/2025 09:47:52;Flujo Crossdock- Ripley PAQ;Avila;Natalia;;El Raleo 2646;2646;;;CURICO;VII REGION;CL;Avila;Natalia;;El Raleo 2646;;;;CURICO;VII REGION;CL;12990;0;2396;0;15386;0;CLP
000000508667;23282485701-A;26/01/2025 09:47:51;Reembolsado;26490;2396;28886;4238;0.0000;22252;1;ENTERITO MUJER NICOPOLY BLANCO CON ENCAJE;MPM10001849450-1;N05040AM;26/01/2025 09:47:52;Flujo Crossdock- Ripley PAQ;Avila;Natalia;;El Raleo 2646;2646;;;CURICO;VII REGION;CL;Avila;Natalia;;El Raleo 2646;;;;CURICO;VII REGION;CL;26490;0;2396;0;28886;0;CLP
000000508667;23282485701-A;26/01/2025 09:47:51;Reembolsado;17490;2396;19886;2798;0.0000;14692;1;PANTALÓN MUJER NICOPOLY BLANCO TIRO ALTO BÁSICO;MPM10001752475-4;N10373AM-5;26/01/2025 09:47:52;Flujo Crossdock- Ripley PAQ;Avila;Natalia;;El Raleo 2646;2646;;;CURICO;VII REGION;CL;Avila;Natalia;;El Raleo 2646;;;;CURICO;VII REGION;CL;17490;0;2396;0;19886;0;CLP
000000508667;23283059501-A;26/01/2025 16:01:32;Reembolsado;26490;0;26490;4238;0.0000;22252;1;BLAZER BOLSILLOS Y BOTÓN BLANCO NICOPOLY;MPM10001752451-2;N04260AM-5;26/01/2025 16:01:33;4d_Retiro Tienda Ripley San Bernardo;Becerra;Pamela;;"Av. Pdte. Jorge Alessandri Rodríguez 20040, San Bernardo ";2do Piso. Modulo Retiro en Tienda;;;SN.BERNARDO;REG.METROPOLITANA;CL;Becerra;Pamela;;O'Higgins 1128;;;;SN.BERNARDO;REG.METROPOLITANA;CL;26490;0;0;0;26490;0;CLP
000000508667;23283474601-A;26/01/2025 19:35:54;Reembolsado;24990;117;25107;3998;0.0000;20992;1;BLAZER LARGO MANGA DRAPEADA KHAKI NICOPOLY;MPM10001465243-1;N04262LL;26/01/2025 19:35:55;Flujo Same day BX;Lizama;Maria Paz;;Las araucarias 7991;S/N;;;CERRILLOS;REG.METROPOLITANA;CL;Lizama;Maria Paz;;Las araucarias 7991;;;;CERRILLOS;REG.METROPOLITANA;CL;24990;0;117;0;25107;0;CLP
000000508667;23283959001-A;26/01/2025 23:34:56;Cerrado;9990;990;10980;1598;0.0000;8392;1;SWEATER DELGADO DETALLES PERLAS GRIS NICOPOLY;MPM10001735004-3;N03095NM-5;26/01/2025 23:34:57;5d_Retiro Tienda Ripley Rancagua;Cornejo;Maria Jose;;"José Domingo Mujica 490 ";" 3er Piso. Modulo Retiro en Tienda";;;RANCAGUA;VI REGION;CL;Cornejo;Maria Jose;;pasaje 2 187;;;;RANCAGUA;VI REGION;CL;9990;0;990;0;10980;0;CLP
000000508667;23284048001-A;27/01/2025 00:24:24;Cerrado;19990;990;20980;3998;0.0000;15992;1;BLUSA BOLSILLOS CARGO VERDE OLIVA NICOPOLY;MPM10001916737-1;N05072EM;27/01/2025 00:24:25;10d_Retiro Tienda Ripley Antofagasta;"Gomez ";"Madeleine ";;"Arturo Prat 530 ";" 4to Piso. Servicio al Cliente";;;ANTOFAGASTA;II REGION;CL;Araya;Nora;;El oro  8235;;;;ANTOFAGASTA;II REGION;CL;19990;0;990;0;20980;0;CLP
000000508667;23284550801-A;27/01/2025 12:22:24;Reembolsado;39990;1990;41980;7998;0.0000;31992;1;MAXI VESTIDO MUJER NICOPOLY AZUL CORTE IMPERIO FLORAL;MPM10001752469-3;N04010PM-5;27/01/2025 12:22:25;Flujo Crossdock- Ripley PAQ;Molina;Marcia;;LAS FRAMBUESAS PARCELA, BATUCO 12;"CASA ";;;LAMPA;REG.METROPOLITANA;CL;Molina;Marcia;;LAS FRAMBUESAS PARCELA, BATUCO 12;;;;LAMPA;REG.METROPOLITANA;CL;39990;0;1990;0;41980;0;CLP
000000508667;23285911801-A;27/01/2025 23:22:22;Reembolsado;13990;6045;20035;2798;0.0000;11192;1;VESTIDO CORTO MUJER NICOPOLY CELESTE ABERTURAS MANGAS;MPM10001849480-4;N02336KM-5;27/01/2025 23:22:23;Flujo Crossdock- Ripley PAQ;Gallardo;Jeanette;;Villa Don Dario, pasaje Los Cerezos 056;casa;;;SAN FERNANDO;VI REGION;CL;Gallardo;Jeanette;;Villa Don Dario, pasaje Los Cerezos 056;;;;SAN FERNANDO;VI REGION;CL;13990;0;6045;0;20035;0;CLP
000000508667;23286805101-A;28/01/2025 14:19:32;Reembolsado;25990;4990;30980;5198;0.0000;20792;1;VESTIDO MUJER NICOPOLY BLANCO STRAPLESS Y ESCOTE V;MPM10001856335-4;N05011AS;28/01/2025 14:19:33;Flujo Crossdock- Ripley PAQ;Solar;Rufina Del Carmen;;19 norte A  3;3157;;;TALCA;VII REGION;CL;Solar;Rufina Del Carmen;;19 norte A  3;;;;TALCA;VII REGION;CL;25990;0;4990;0;30980;0;CLP
000000508667;23286842101-A;28/01/2025 14:37:56;Reembolsado;15990;3990;19980;3198;0.0000;12792;1;PANTALÓN MUJER NICOPOLY BLANCO TIRO ALTO JASPEADO;MPM10001849485-2;N05022AM;28/01/2025 14:37:57;Flujo Same day BX;Aravena;Nancy;;Dedalo 671;Casa;;;MAIPU;REG.METROPOLITANA;CL;Aravena;Nancy;;Dedalo 671;;;;MAIPU;REG.METROPOLITANA;CL;15990;0;3990;0;19980;0;CLP
000000508667;23287500901-A;28/01/2025 19:12:11;Reembolsado;25990;3990;29980;5198;0.0000;20792;1;VESTIDO MUJER NICOPOLY NEGRO STRAPLESS Y ESCOTE V;MPM10001856352-1;N05011BL;28/01/2025 19:12:12;Flujo Same day BX;Inostroza;Denisse;;Los ingenieros 4588;S/N;;;MACUL;REG.METROPOLITANA;CL;Inostroza;Denisse;;Los ingenieros 4588;;;;MACUL;REG.METROPOLITANA;CL;25990;0;3990;0;29980;0;CLP
000000508667;23288358601-A;29/01/2025 01:21:59;Reembolsado;18990;2396;21386;3798;0.0000;15192;1;PANTALÓN MUJER NICOPOLY NEGRO RECTO COSTURA FRONTAL;MPM10001713171-3;N04301BS-5;29/01/2025 01:22:01;Flujo Crossdock- Ripley PAQ;Hernandez;Sofia;;Avenida Valparaíso San José 00;S/N;;;MELIPILLA;REG.METROPOLITANA;CL;Hernandez;Sofia;;Avenida Valparaíso San José 00;;;;MELIPILLA;REG.METROPOLITANA;CL;18990;0;2396;0;21386;0;CLP
000000508667;23288358601-A;29/01/2025 01:21:59;Reembolsado;15990;2396;18386;3198;0.0000;12792;1;PANTALÓN MUJER NICOPOLY ROSADO TIRO ALTO JASPEADO;MPM10001849483-3;N05022HS;29/01/2025 01:22:01;Flujo Crossdock- Ripley PAQ;Hernandez;Sofia;;Avenida Valparaíso San José 00;S/N;;;MELIPILLA;REG.METROPOLITANA;CL;Hernandez;Sofia;;Avenida Valparaíso San José 00;;;;MELIPILLA;REG.METROPOLITANA;CL;15990;0;2396;0;18386;0;CLP
000000508667;23290325501-A;29/01/2025 22:22:46;Cerrado;22490;990;23480;4498;0.0000;17992;1;ENTERITO MUJER NICOPOLY VERDE OLIVA LAZO Y HEBILLA;MPM10001849448-1;N04058MS-5;29/01/2025 22:22:47;10d_Retiro Tienda Ripley Iquique;Romero;Sandra;;"Vivar 550 ";" 4to Piso. Servicio al Cliente";;;IQUIQUE;I REGION;CL;Romero;Sandra;;santa teresa 4089;;;;IQUIQUE;I REGION;CL;22490;0;990;0;23480;0;CLP
000000508667;23282148001OPL-A;30/01/2025 09:38:50;Cerrado;16490;0;16490;3298;0.0000;13192;1;PANTALÓN MUJER NICOPOLY ROJO PIERNA ANCHA;MPM10001856324-4;N04017DS-5;30/01/2025 09:38:51;10d_Retiro Tienda Ripley Calama;Vilchez;Jhunior;CL;"Balmaceda 3242, Calama ";0;;0;CALAMA;II REGION;CL;Vilchez;Jhunior;;"Balmaceda 3242, Calama ";"Balmaceda 3242, Calama ";;0;CALAMA;II REGION;CL;16490;0;0;0;16490;0;CLP
000000508667;23291584201-A;30/01/2025 15:23:25;Reembolsado;25990;2195;28185;5198;0.0000;20792;1;BLUSA BÁSICA BOTONERA INVISIBLE LILA NICOPOLY;MPM10000693682-2;N00089ZXL-3;30/01/2025 15:23:27;Flujo Same day BX;Cliente;Felipe;;Escampavía Janequeo 9361;S/N;;;LAS CONDES;REG.METROPOLITANA;CL;Cliente;Felipe;;Escampavía Janequeo 9361;;;;LAS CONDES;REG.METROPOLITANA;CL;25990;0;2195;0;28185;0;CLP
000000508667;23291584201-A;30/01/2025 15:23:25;Reembolsado;25990;2195;28185;5198;0.0000;20792;1;BLUSA BOTONERA INVISIBLE BÁSICA PÚRPURA NICOPOLY;MPM10001448828-2;N00089VXL-4;30/01/2025 15:23:27;Flujo Same day BX;Cliente;Felipe;;Escampavía Janequeo 9361;S/N;;;LAS CONDES;REG.METROPOLITANA;CL;Cliente;Felipe;;Escampavía Janequeo 9361;;;;LAS CONDES;REG.METROPOLITANA;CL;25990;0;2195;0;28185;0;CLP
000000508667;23292132701-A;30/01/2025 19:16:23;Cerrado;26490;0;26490;5298;0.0000;21192;1;BLAZER BOLSILLOS Y BOTÓN  NEGRO NICOPOLY;MPM10001752517-2;N04260BXL-5;30/01/2025 19:16:24;Flujo Crossdock- Ripley PAQ;Morales;Mixy;;Pasaje Las Calas, Villa Campo Alegre 17;S/N;;;CALERA;V REGION;CL;Morales;Mixy;;Pasaje Las Calas, Villa Campo Alegre 17;;;;CALERA;V REGION;CL;26490;0;0;0;26490;0;CLP
000000508667;23292132701-A;30/01/2025 19:16:23;Cerrado;16490;0;16490;3298;0.0000;13192;1;PANTALÓN MUJER NICOPOLY CELESTE PIERNA ANCHA;MPM10001856342-3;N04017KL-5;30/01/2025 19:16:24;Flujo Crossdock- Ripley PAQ;Morales;Mixy;;Pasaje Las Calas, Villa Campo Alegre 17;S/N;;;CALERA;V REGION;CL;Morales;Mixy;;Pasaje Las Calas, Villa Campo Alegre 17;;;;CALERA;V REGION;CL;16490;0;0;0;16490;0;CLP
000000508667;23292632701-A;30/01/2025 22:56:33;Reembolsado;18990;990;19980;3798;0.0000;15192;1;VESTIDO ACANALADO MUJER NICOPOLY ROJO OFF THE SHOULDER;MPM10001710246-2;N05064DL;30/01/2025 22:56:34;10d_Retiro Tienda Ripley Calama;Mercado Maizares;Maria Jose;;"Balmaceda 3242, Calama ";" 2do Piso. Servicio al Cliente";;;CALAMA;II REGION;CL;Mercado Maizares;Maria Jose;;alpaca 1487;;;;CALAMA;II REGION;CL;18990;0;990;0;19980;0;CLP
000000508667;23295073301-A;01/02/2025 00:08:32;Reembolsado;14990;990;15980;2998;0.0000;11992;1;VESTIDO MUJER NICOPOLY AMARILLO CORTE IMPERIO;MPM10001878088-3;N04114FL-5;01/02/2025 00:08:33;5d_Retiro Tienda Ripley Rancagua;Lopez;Fernanda;;"José Domingo Mujica 490 ";" 3er Piso. Modulo Retiro en Tienda";;;RANCAGUA;VI REGION;CL;Cid;Elias;;central 1107, recreo 1107;;;;RANCAGUA;VI REGION;CL;14990;0;990;0;15980;0;CLP
000000508667;23296629201-A;01/02/2025 19:27:07;Reembolsado;25990;330;26320;5198;0.0000;20792;1;VESTIDO MUJER NICOPOLY NEGRO STRAPLESS Y ESCOTE V;MPM10001856352-1;N05011BL;01/02/2025 19:27:08;5d_Retiro Tienda Ripley Rancagua;Cliente;Jeannette;;"José Domingo Mujica 490 ";" 3er Piso. Modulo Retiro en Tienda";;;RANCAGUA;VI REGION;CL;Cliente;Jeannette;;Galilea, pasaje anzio 1936;;;;RANCAGUA;VI REGION;CL;25990;0;330;0;26320;0;CLP
000000508667;23296629201-A;01/02/2025 19:27:07;Reembolsado;25990;330;26320;5198;0.0000;20792;1;VESTIDO MUJER NICOPOLY NEGRO STRAPLESS Y ESCOTE V;MPM10001856352-4;N05011BM;01/02/2025 19:27:08;5d_Retiro Tienda Ripley Rancagua;Cliente;Jeannette;;"José Domingo Mujica 490 ";" 3er Piso. Modulo Retiro en Tienda";;;RANCAGUA;VI REGION;CL;Cliente;Jeannette;;Galilea, pasaje anzio 1936;;;;RANCAGUA;VI REGION;CL;25990;0;330;0;26320;0;CLP
000000508667;23296801301-A;01/02/2025 20:46:11;Reembolsado;20990;495;21485;4198;0.0000;16792;1;PANTALÓN MUJER NICOPOLY CELESTE TIRO ALTO BÁSICO;MPM10001752484-3;N10373CL-5;01/02/2025 20:46:12;5d_Retiro Tienda Ripley Valparaíso;Peña;Nadia;;"Plaza Victoria 1646 ";" 4to Piso. Servicio al Cliente";;;VALPARAISO;V REGION;CL;Antiguay;Paula;;detective barahona 450;;;;VALPARAISO;V REGION;CL;20990;0;495;0;21485;0;CLP
000000508667;23296801301-A;01/02/2025 20:46:11;Reembolsado;22490;495;22985;4498;0.0000;17992;1;ENTERITO MUJER NICOPOLY VERDE OLIVA LAZO Y HEBILLA;MPM10001849448-4;N04058ML-5;01/02/2025 20:46:12;5d_Retiro Tienda Ripley Valparaíso;Peña;Nadia;;"Plaza Victoria 1646 ";" 4to Piso. Servicio al Cliente";;;VALPARAISO;V REGION;CL;Antiguay;Paula;;detective barahona 450;;;;VALPARAISO;V REGION;CL;22490;0;495;0;22985;0;CLP
000000508667;23297074601-A;01/02/2025 22:54:53;Cerrado;16490;495;16985;3298;0.0000;13192;1;PANTALÓN MUJER NICOPOLY CELESTE PIERNA ANCHA;MPM10001856342-2;N04017KS-5;01/02/2025 22:54:54;5d_Retiro Tienda Ripley El Trébol;Piceros;Scarleth;;"Avenida Jorge Alessandri 3177 ";" 3er Piso. Modulo Retiro en Tienda";;;TALCAHUANO;VIII REGION;CL;Piceros;Scarleth;;Fragata María Isabel 174 174;;;;TALCAHUANO;VIII REGION;CL;16490;0;495;0;16985;0;CLP
000000508667;23299510302-A;02/02/2025 23:12:22;Reembolsado;34990;0;34990;6998;0.0000;27992;1;FULFILLMENT-PANTALÓN PIERNA ANCHA CON PASADOR VERDE OSCURO NICOPOLY;MPM10002146397-4;N05298ES-FF;02/02/2025 23:12:24;FF_MATRIX_STS;Yáñez;Paulina;;"Avenida Libertad 1348 ";" Piso 4. Modulo Retiro en Tienda";;;VI.A DEL MA;V REGION;CL;Yáñez;Paulina;;3 oriente 640;;;;VI.A DEL MA;V REGION;CL;34990;0;0;0;34990;0;CLP
000000508667;23300154801-A;03/02/2025 10:45:57;Cerrado;15990;990;16980;3198;0.0000;12792;1;PANTALÓN MUJER NICOPOLY BLANCO TIRO ALTO JASPEADO;MPM10001849485-2;N05022AM;03/02/2025 10:45:58;10d_Retiro Tienda Ripley Antofagasta;valdes;mauricio;;"Arturo Prat 530 ";" 4to Piso. Servicio al Cliente";;;ANTOFAGASTA;II REGION;CL;Barros;Beatriz;;Stgo humberstone 280 32;;;;ANTOFAGASTA;II REGION;CL;15990;0;990;0;16980;0;CLP
000000508667;23300393001-A;03/02/2025 12:29:13;Reembolsado;15990;990;16980;3198;0.0000;12792;1;PANTALÓN MUJER NICOPOLY BLANCO TIRO ALTO JASPEADO;MPM10001849485-2;N05022AM;03/02/2025 12:29:14;5d_Retiro Tienda Ripley El Trébol;Bravo;Javiera;;"Avenida Jorge Alessandri 3177 ";" 3er Piso. Modulo Retiro en Tienda";;;TALCAHUANO;VIII REGION;CL;Bravo;Javiera;;Av torreones oeste condominio asturias concepcion 1986;;;;TALCAHUANO;VIII REGION;CL;15990;0;990;0;16980;0;CLP
000000508667;23301848801-A;03/02/2025 21:24:16;Reembolsado;13990;990;14980;2798;0.0000;11192;1;CROP TOP ESPALDA ELASTICADA MAGENTA NICOPOLY;MPM10001503477-3;N10368ZXL-4;03/02/2025 21:24:17;5d_Retiro Tienda Ripley Mall Concepción;Garces;Maricelli;;"Barros Arana 1068, Concepcion ";" 3er Piso. Modulo Retiro en Tienda";;;CONCEPCION;VIII REGION;CL;Garces;Maricelli;;San Pablo 116;;;;CONCEPCION;VIII REGION;CL;13990;0;990;0;14980;0;CLP
000000508667;23302564101-A;04/02/2025 02:42:48;Cerrado;11990;0;11990;2398;0.0000;9592;1;POLERA HALTER CALADA BICOLOR FUCSIA NICOPOLY;MPM10001856347-2;N05132SL;04/02/2025 02:42:49;4d_Retiro Tienda Ripley Arauco Maipu;Molina;Constanza;;"Av. Americo Vespucio 399 ";" 2do Piso. Modulo Retiro en Tienda";;;MAIPU;REG.METROPOLITANA;CL;Molina;Constanza;;Rio Trancura  9639;;;;MAIPU;REG.METROPOLITANA;CL;11990;0;0;0;11990;0;CLP
000000508667;23302889701-A;04/02/2025 11:06:16;Cerrado;19990;990;20980;3998;0.0000;15992;1;VESTIDO MUJER NICOPOLY NEGRO PABILO CON VOLANTES;MPM10001878064-2;N05013BM;04/02/2025 11:06:16;5d_Retiro Tienda Ripley Curicó;Parra;"Berta ";;"Av.OHiggins 201 ";" 2do Piso. Servicio al Cliente";;;CURICO;VII REGION;CL;Parra;"Berta ";;" Sebastián de rauquén 1238";;;;CURICO;VII REGION;CL;19990;0;990;0;20980;0;CLP
000000508667;23303180001-A;04/02/2025 13:05:24;Cerrado;9990;495;10485;1998;0.0000;7992;1;CROP ENCAJE BLANCO NICOPOLY;MPM10001916725-1;N04032AM-5;04/02/2025 13:05:26;5d_Retiro Tienda Ripley Los Ángeles;Formandoy;Daniela;;"Valdivia 440, Los Angeles ";" 3er Piso. Servicio al Cliente";;;LOS ANGELES;VIII REGION;CL;Formandoy;Daniela;;Los Canelos 187;;;;LOS ANGELES;VIII REGION;CL;9990;0;495;0;10485;0;CLP
000000508667;23303180001-A;04/02/2025 13:05:24;Cerrado;15990;495;16485;3198;0.0000;12792;1;PANTALÓN MUJER NICOPOLY BLANCO TIRO ALTO JASPEADO;MPM10001849485-2;N05022AM;04/02/2025 13:05:26;5d_Retiro Tienda Ripley Los Ángeles;Formandoy;Daniela;;"Valdivia 440, Los Angeles ";" 3er Piso. Servicio al Cliente";;;LOS ANGELES;VIII REGION;CL;Formandoy;Daniela;;Los Canelos 187;;;;LOS ANGELES;VIII REGION;CL;15990;0;495;0;16485;0;CLP
000000508667;23303231301-A;04/02/2025 13:26:55;Reembolsado;41980;495;42475;8396;0.0000;33584;2;PANTALÓN MUJER NICOPOLY NEGRO TIRO ALTO BÁSICO;MPM10001752482-4;N10373BM-5;04/02/2025 13:26:56;8d_Retiro Tienda Ripley Copiapo;"Mellado ";"Francisca ";;"Calle Maipu S/N, Copiapo ";" 2do Piso. Servicio al Cliente";;;COPIAPO;III REGION;CL;"Mellado ";"Francisca ";;Changos 1667;;;;COPIAPO;III REGION;CL;41980;0;495;0;42475;0;CLP
000000508667;23303231301-A;04/02/2025 13:26:55;Reembolsado;20990;495;21485;4198;0.0000;16792;1;PANTALÓN MUJER NICOPOLY KHAKI TIRO ALTO BÁSICO;MPM10001752467-4;N10373LM-5;04/02/2025 13:26:56;8d_Retiro Tienda Ripley Copiapo;"Mellado ";"Francisca ";;"Calle Maipu S/N, Copiapo ";" 2do Piso. Servicio al Cliente";;;COPIAPO;III REGION;CL;"Mellado ";"Francisca ";;Changos 1667;;;;COPIAPO;III REGION;CL;20990;0;495;0;21485;0;CLP
000000508667;23303531601-A;04/02/2025 15:23:22;Cerrado;26490;990;27480;5298;0.0000;21192;1;BLAZER BOLSILLOS Y BOTÓN  NEGRO NICOPOLY;MPM10001752517-4;N04260BS-5;04/02/2025 15:23:23;10d_Retiro Tienda Ripley Pto. Montt Costanera;Gajardo Maturana;Catalina;;"Juan Soler Manfredini 10 ";" 6to Piso. Modulo Retiro en Tienda";;;PTO.MONTT;X REGION;CL;Gajardo Maturana;Catalina;;Velero Grasbrook 2630;;;;PTO.MONTT;X REGION;CL;26490;0;990;0;27480;0;CLP
000000508667;23304264701-A;04/02/2025 20:02:42;Reembolsado;31990;990;32980;6398;0.0000;25592;1;ENTERITO MUJER NICOPOLY NEGRO ESCOTE V Y LAZO;MPM10001856357-3;N05010BS;04/02/2025 20:02:43;5d_Retiro Tienda Ripley Talca;Garcia;Denisse;;"8 Oriente 1212 ";" 2do Piso. Modulo Retiro en Tienda";;;TALCA;VII REGION;CL;Garcia;Denisse;;Jose valdebenito  vll aires del maipo 3402;;;;TALCA;VII REGION;CL;31990;0;990;0;32980;0;CLP
000000508667;23304356604-A;04/02/2025 20:38:35;Cerrado;17990;0;17990;3598;0.0000;14392;1;SOBRECAMISA LARGA ESCOCÉS ROJO NICOPOLY;MPM00047480552-3;N02162DM;04/02/2025 20:38:36;8d_Retiro Tienda Ripley Castellón;Victoriano;Marly;;"Castellon 520, Concepcion ";6to Piso. Servicio al Cliente;;;CONCEPCION;VIII REGION;CL;Victoriano;Marly;;Antena VIII nro 534;;;;CONCEPCION;VIII REGION;CL;17990;0;0;0;17990;0;CLP
000000508667;23306819601-A;05/02/2025 19:10:29;Reembolsado;31990;990;32980;6398;0.0000;25592;1;VESTIDO MUJER NICOPOLY ROJO PLISADO ASIMÉTRICO;MPM10001849452-3;N05100DS;05/02/2025 19:10:30;4d_Retiro Tienda Ripley Plaza Egaña;Rivera;Daniela;;"Larrain 5800 ";" 3er Piso. Modulo Retiro en Tienda";;;NUNOA;REG.METROPOLITANA;CL;Rivera;Daniela;;Av salvador 2111;;;;NUNOA;REG.METROPOLITANA;CL;31990;0;990;0;32980;0;CLP
000000508667;23306834401-A;05/02/2025 19:20:42;Reembolsado;25990;990;26980;5198;0.0000;20792;1;VESTIDO MUJER NICOPOLY ROJO STRAPLESS Y ESCOTE V;MPM10001856332-2;N05011DS;05/02/2025 19:20:44;5d_Retiro Tienda Ripley Rancagua;Perdomo;"Daniel ";;"José Domingo Mujica 490 ";" 3er Piso. Modulo Retiro en Tienda";;;RANCAGUA;VI REGION;CL;"Palacios ";Carla;;Av Espana 445;;;;RANCAGUA;VI REGION;CL;25990;0;990;0;26980;0;CLP
000000508667;23307789502-A;06/02/2025 07:34:47;Reembolsado;34990;0;34990;6998;0.0000;27992;1;FULFILLMENT-PANTALÓN PIERNA ANCHA CON PASADOR NEGRO NICOPOLY;MPM10002146394-1;N05298BM-FF;06/02/2025 07:34:48;FF_MATRIX;Ulloa;Karen Valeria;;Santa fe camino a la montaña huerto 95;S/N;;;LOS ANGELES;VIII REGION;CL;Ulloa;Karen Valeria;;Santa fe camino a la montaña huerto 95;;;;LOS ANGELES;VIII REGION;CL;34990;0;0;0;34990;0;CLP
000000508667;23308078801-A;06/02/2025 11:06:04;Reembolsado;15990;495;16485;3198;0.0000;12792;1;PANTALÓN MUJER NICOPOLY ROSADO TIRO ALTO JASPEADO;MPM10001849483-3;N05022HS;06/02/2025 11:06:06;14d_Retiro Tienda Ripley Arica;Flores;Romina;;"Av. Diego Portales 640, Arica ";2do Piso. Modulo Retiro en Tienda;;;ARICA;XV REGION;CL;Flores;Romina;;Amador Neghme  828;;;;ARICA;XV REGION;CL;15990;0;495;0;16485;0;CLP
000000508667;23308078801-A;06/02/2025 11:06:04;Reembolsado;9990;495;10485;1998;0.0000;7992;1;CROP TOP JASPEADO ROSADO NICOPOLY;MPM10001849456-1;N05021HS;06/02/2025 11:06:06;14d_Retiro Tienda Ripley Arica;Flores;Romina;;"Av. Diego Portales 640, Arica ";2do Piso. Modulo Retiro en Tienda;;;ARICA;XV REGION;CL;Flores;Romina;;Amador Neghme  828;;;;ARICA;XV REGION;CL;9990;0;495;0;10485;0;CLP
000000508667;23308510101-A;06/02/2025 13:59:25;Reembolsado;15990;990;16980;3198;0.0000;12792;1;PANTALÓN MUJER NICOPOLY BLANCO TIRO ALTO JASPEADO;MPM10001849485-2;N05022AM;06/02/2025 13:59:26;10d_Retiro Tienda Ripley Portal Temuco;Cortes;Patricia;;"Avenida Alemania 0671 ";3er Piso, Modulo Retiro en Tienda;;;TEMUCO;IX REGION;CL;Cortes;Patricia;;Los Poetas 0480;;;;TEMUCO;IX REGION;CL;15990;0;990;0;16980;0;CLP
000000508667;23309315201-A;06/02/2025 19:15:34;Cerrado;13990;990;14980;2798;0.0000;11192;1;SHORT MUJER NICOPOLY CREMA HOLGADO;MPM10001878071-1;N05078AM;06/02/2025 19:15:35;4d_Retiro Tienda Ripley Crillon;Salazar;Matias;;"Agustinas #1025 ";Piso -1. Modulo Retiro en Tienda;;;SANTIAGO;REG.METROPOLITANA;CL;Rubilar;Francisca;;gran avenida jose miguel carrera 10063;;;;SANTIAGO;REG.METROPOLITANA;CL;13990;0;990;0;14980;0;CLP
000000508667;23309394101-A;06/02/2025 19:50:32;Cerrado;15990;990;16980;3198;0.0000;12792;1;PANTALÓN MUJER NICOPOLY BLANCO TIRO ALTO JASPEADO;MPM10001849485-2;N05022AM;06/02/2025 19:50:34;10d_Retiro Tienda Ripley Pto. Montt Costanera;Ojeda;"Viviana ";;"Juan Soler Manfredini 10 ";" 6to Piso. Modulo Retiro en Tienda";;;PTO.MONTT;X REGION;CL;Ojeda;Luisa;;Bombero guillermo grebe 330 330;;;;PTO.MONTT;X REGION;CL;15990;0;990;0;16980;0;CLP
000000508667;23309470301-A;06/02/2025 20:24:31;Cerrado;20990;990;21980;4198;0.0000;16792;1;PANTALÓN MUJER NICOPOLY NEGRO TIPO SATÍN;MPM10001916756-2;N05018BM;06/02/2025 20:24:33;10d_Retiro Tienda Ripley La Serena;Vega;Natalie;;"Gregorio Cordovez 499 ";" 3er Piso. Modulo Retiro en Tienda";;;LA SERENA;IV REGION;CL;Carcamo;Lucinda;;Los Viñedos 4918;;;;LA SERENA;IV REGION;CL;20990;0;990;0;21980;0;CLP
000000508667;23309658801-A;06/02/2025 21:44:34;Reembolsado;34990;0;34990;6998;0.0000;27992;1;FULFILLMENT-PANTALÓN PIERNA ANCHA CON PASADOR NEGRO NICOPOLY;MPM10002146394-4;N05298BL-FF;06/02/2025 21:44:35;FF_MATRIX;Zumelzu;Katherine;;Martinez de Rozas 1048;S/N;;;CURACAVI;REG.METROPOLITANA;CL;Zumelzu;Katherine;;Martinez de Rozas 1048;;;;CURACAVI;REG.METROPOLITANA;CL;34990;0;0;0;34990;0;CLP
000000508667;23309658802-A;06/02/2025 21:44:34;Reembolsado;20990;1840;22830;4198;0.0000;16792;1;PANTALÓN MUJER NICOPOLY CELESTE TIRO ALTO BÁSICO;MPM10001752484-3;N10373CL-5;06/02/2025 21:44:36;Flujo Crossdock- Ripley PAQ;Zumelzu;Katherine;;Martinez de Rozas 1048;S/N;;;CURACAVI;REG.METROPOLITANA;CL;Zumelzu;Katherine;;Martinez de Rozas 1048;;;;CURACAVI;REG.METROPOLITANA;CL;20990;0;1840;0;22830;0;CLP
000000508667;23309658802-A;06/02/2025 21:44:34;Cerrado;15990;1840;17830;3198;0.0000;12792;1;CÁRDIGAN PUNTO FANTASÍA GRIS NICOPOLY;MPM00040989076-3;N02086IXL;06/02/2025 21:44:36;Flujo Crossdock- Ripley PAQ;Zumelzu;Katherine;;Martinez de Rozas 1048;S/N;;;CURACAVI;REG.METROPOLITANA;CL;Zumelzu;Katherine;;Martinez de Rozas 1048;;;;CURACAVI;REG.METROPOLITANA;CL;15990;0;1840;0;17830;0;CLP
000000508667;23309708301-A;06/02/2025 22:01:57;Reembolsado;28990;0;28990;5798;0.0000;23192;1;FULFILLMENT-GILET ESPALDA AJUSTABLE BEIGE NICOPOLY;MPM10002146371-2;N04273GL-6-FF;06/02/2025 22:01:58;FF_MATRIX;"Sepulveda ";Angelica;;Intendente Fontana  3051;Casa;;;SAN JAVIER;VII REGION;CL;"Sepulveda ";Angelica;;Intendente Fontana  3051;;;;SAN JAVIER;VII REGION;CL;28990;0;0;0;28990;0;CLP
000000508667;23310262801-A;07/02/2025 07:52:19;Reembolsado;22490;0;22490;4498;0.0000;17992;1;ENTERITO MUJER NICOPOLY VERDE OLIVA LAZO Y HEBILLA;MPM10001849448-4;N04058ML-5;07/02/2025 07:52:20;5d_Retiro Tienda Ripley Los Andes;Auza;Maria;;"Santa Teresita 683 ";2do Piso. Servicio al Cliente;;;LOS ANDES;V REGION;CL;Auza;Maria;;Hermano Jacinto 199;;;;LOS ANDES;V REGION;CL;22490;0;0;0;22490;0;CLP
000000508667;23310616201-A;07/02/2025 11:56:09;Cerrado;9990;990;10980;1998;0.0000;7992;1;CHALECO PIED DE POULE CAFÉ NICOPOLY;MPM00044384970-3;N02219UM;07/02/2025 11:56:11;5d_Retiro Tienda Ripley Los Ángeles;Gutirrez;Vannia;;"Valdivia 440, Los Angeles ";" 3er Piso. Servicio al Cliente";;;LOS ANGELES;VIII REGION;CL;Gutirrez;Vannia;;La llanura 1253;;;;LOS ANGELES;VIII REGION;CL;9990;0;990;0;10980;0;CLP
000000508667;23311268401-A;07/02/2025 17:01:23;Cerrado;12990;990;13980;2598;0.0000;10392;1;BODY HALTER TIPO SATÍN BURDEO NICOPOLY;MPM10001878232-1;N05047TM;07/02/2025 17:01:24;5d_Retiro Tienda Ripley Talca;Meneses;Cecilia;;"8 Oriente 1212 ";" 2do Piso. Modulo Retiro en Tienda";;;TALCA;VII REGION;CL;Meneses;Cecilia;;13 norte 3576 3576;;;;TALCA;VII REGION;CL;12990;0;990;0;13980;0;CLP
000000508667;23311625101-A;07/02/2025 19:49:47;Cerrado;15990;495;16485;3198;0.0000;12792;1;BLUSA ENCAJE HOMBROS FUCSIA NICOPOLY;MPM10001491781-1;N04242SM;07/02/2025 19:49:49;5d_Retiro Tienda Ripley Mall Concepción;Dotte;Andrea;;"Barros Arana 1068, Concepcion ";" 3er Piso. Modulo Retiro en Tienda";;;CONCEPCION;VIII REGION;CL;Dotte;Andrea;;Bernardo Ohiggins 330;;;;CONCEPCION;VIII REGION;CL;15990;0;495;0;16485;0;CLP
000000508667;23311625101-A;07/02/2025 19:49:47;Cerrado;21990;495;22485;4398;0.0000;17592;1;BLUSA CUELLO MAO FLORAL BLANCO NICOPOLY;MPM10002122185-1;N05270AM;07/02/2025 19:49:49;5d_Retiro Tienda Ripley Mall Concepción;Dotte;Andrea;;"Barros Arana 1068, Concepcion ";" 3er Piso. Modulo Retiro en Tienda";;;CONCEPCION;VIII REGION;CL;Dotte;Andrea;;Bernardo Ohiggins 330;;;;CONCEPCION;VIII REGION;CL;21990;0;495;0;22485;0;CLP
000000508667;23311881201-A;07/02/2025 22:10:10;Reembolsado;17990;1996;19986;3598;0.0000;14392;1;PANTALÓN MUJER NICOPOLY BLANCO TIPO SATÍN;MPM10001916754-3;N05018AM;07/02/2025 22:10:11;Flujo Crossdock- Ripley PAQ;Vidal;Silvana;;avenida del solar 21;21;;;TALCA;VII REGION;CL;Vidal;Silvana;;avenida del solar 21;;;;TALCA;VII REGION;CL;17990;0;1996;0;19986;0;CLP
000000508667;23311881201-A;07/02/2025 22:10:10;Reembolsado;20990;1996;22986;4198;0.0000;16792;1;PANTALÓN MUJER NICOPOLY ROJO TIRO ALTO BÁSICO;MPM10001752474-2;N10373DM-5;07/02/2025 22:10:11;Flujo Crossdock- Ripley PAQ;Vidal;Silvana;;avenida del solar 21;21;;;TALCA;VII REGION;CL;Vidal;Silvana;;avenida del solar 21;;;;TALCA;VII REGION;CL;20990;0;1996;0;22986;0;CLP
000000508667;23312158101-A;08/02/2025 00:43:09;Reembolsado;17990;990;18980;3598;0.0000;14392;1;PANTALÓN MUJER NICOPOLY BLANCO TIPO SATÍN;MPM10001916754-3;N05018AM;08/02/2025 00:43:11;4d_Retiro Tienda Ripley San Bernardo;Castro;Magdalena;;"Av. Pdte. Jorge Alessandri Rodríguez 20040, San Bernardo ";2do Piso. Modulo Retiro en Tienda;;;SN.BERNARDO;REG.METROPOLITANA;CL;Castro;Magdalena;;Las Alforjas 2031;;;;SN.BERNARDO;REG.METROPOLITANA;CL;17990;0;990;0;18980;0;CLP
000000508667;23312610001-A;08/02/2025 12:54:36;Reembolsado;20990;990;21980;4198;0.0000;16792;1;PANTALÓN MUJER NICOPOLY CELESTE TIRO ALTO BÁSICO;MPM10001752484-3;N10373CL-5;08/02/2025 12:54:37;4d_Retiro Tienda Ripley Costanera Center;Cliente;Viviana;;"Avenida Andrés Bello 2422 ";" 1er Piso. Modulo Retiro en Tienda";;;PROVIDENCIA;REG.METROPOLITANA;CL;Cliente;Viviana;;Diagonal Vicuña Mackenna 2004;;;;PROVIDENCIA;REG.METROPOLITANA;CL;20990;0;990;0;21980;0;CLP
000000508667;23312715501-A;08/02/2025 13:52:08;Cerrado;28990;0;28990;5798;0.0000;23192;1;FULFILLMENT-GILET ESPALDA AJUSTABLE NEGRO NICOPOLY;MPM10002146383-2;N04273BM-6-FF;08/02/2025 13:52:09;FF_MATRIX;Martinez Caceres;Lidy Vanessa;;Julio echeverria 398;Casa;;;SALAMANCA;IV REGION;CL;Martinez Caceres;Lidy Vanessa;;Julio echeverria 398;;;;SALAMANCA;IV REGION;CL;28990;0;0;0;28990;0;CLP
000000508667;23312814501-A;08/02/2025 14:50:27;Cerrado;16990;990;17980;3398;0.0000;13592;1;VESTIDO MUJER NICOPOLY NEGRO FLORES PABILO AJUSTABLE;MPM10001916730-2;N05138BS;08/02/2025 14:50:28;10d_Retiro Tienda Ripley San Fernando;Tobar;"Eduardo ";;"Bernardo Ohiggins 701 ";" 3er Piso. Modulo Retiro en Tienda";;;SAN FERNANDO;VI REGION;CL;"Leiva Gaete ";"Maria Fernanda ";;Eliana Gutierrez villa Lomas de Colchagua  1027;;;;SAN FERNANDO;VI REGION;CL;16990;0;990;0;17980;0;CLP
000000508667;23312831001-A;08/02/2025 15:03:04;Cerrado;26490;11990;38480;5298;0.0000;21192;1;BLAZER BOLSILLOS Y BOTÓN ROJO NICOPOLY;MPM10001752521-3;N04260DM-5;08/02/2025 15:03:06;Flujo Crossdock- Ripley PAQ;Arriagada;Daniela;;Arturo Alessandri 269;S/N;;;CALBUCO;X REGION;CL;Arriagada;Daniela;;Arturo Alessandri 269;;;;CALBUCO;X REGION;CL;26490;0;11990;0;38480;0;CLP
000000508667;23313133601-A;08/02/2025 17:26:38;Reembolsado;20990;990;21980;4198;0.0000;16792;1;PANTALÓN MUJER NICOPOLY AZUL GRISÁCEO PRETINA ANCHA;MPM10001848635-3;N05081CXL;08/02/2025 17:26:39;5d_Retiro Tienda Ripley Curicó;"Inostroza Correa ";Olivia;;"Av.OHiggins 201 ";" 2do Piso. Servicio al Cliente";;;CURICO;VII REGION;CL;"Inostroza Correa ";Olivia;;Avenida Fermin Vivaceta 1702;;;;CURICO;VII REGION;CL;20990;0;990;0;21980;0;CLP
000000508667;23313536901-A;08/02/2025 21:14:11;Cerrado;9990;990;10980;1998;0.0000;7992;1;BLUSA LEOPARD NEGRO NICOPOLY;MPM00040170066-3;N02158BXL;08/02/2025 21:14:12;4d_Retiro Tienda Ripley Parque Arauco;Velasquez;Paulina;;"Avenida Kennedy 5413 ";4to Piso. Modulo Retiro en Tienda;;;LAS CONDES;REG.METROPOLITANA;CL;Velasquez;Paulina;;las hualtatas 9387;;;;LAS CONDES;REG.METROPOLITANA;CL;9990;0;990;0;10980;0;CLP
000000508667;23313585101-A;08/02/2025 21:42:01;Cerrado;26490;990;27480;5298;0.0000;21192;1;BLAZER BOLSILLOS Y BOTÓN CELESTE NICOPOLY;MPM10001752431-2;N04260CL-5;08/02/2025 21:42:03;10d_Retiro Tienda Ripley La Serena;Vera Muñoz;Bárbara;;"Gregorio Cordovez 499 ";" 3er Piso. Modulo Retiro en Tienda";;;LA SERENA;IV REGION;CL;Vera Muñoz;Bárbara;;pasaje cincuenta y tres oriete 2124;;;;LA SERENA;IV REGION;CL;26490;0;990;0;27480;0;CLP
000000508667;23313784201-A;08/02/2025 23:27:43;Reembolsado;9990;990;10980;1998;0.0000;7992;1;CROP ENCAJE BLANCO NICOPOLY;MPM10001916725-1;N04032AM-5;08/02/2025 23:27:45;5d_Retiro Tienda Ripley Viña del Mar Sucre;Gallardo;Lorena;;"Sucre 290, Viña ";5to Piso. Modulo Retiro en Tienda;;;VI.A DEL MA;V REGION;CL;Gallardo;Lorena;;Manuel Villagra 837;;;;VI.A DEL MA;V REGION;CL;9990;0;990;0;10980;0;CLP
000000508667;23313933801-A;09/02/2025 01:18:41;Cerrado;20990;495;21485;4198;0.0000;16792;1;PANTALÓN MUJER NICOPOLY AZUL GRISÁCEO PRETINA ANCHA;MPM10001848635-2;N05081CM;09/02/2025 01:18:43;6d_Retiro Tienda Ripley Nueva Valdivia;Escobar;Natacha;;"Arauco 561 ";" 3er Piso. Servicio al Cliente";;;VALDIVIA;XIV REGION;CL;Escobar;Natacha;;Los Hurones 1751;;;;VALDIVIA;XIV REGION;CL;20990;0;495;0;21485;0;CLP
000000508667;23313933801-A;09/02/2025 01:18:42;Cerrado;20990;495;21485;4198;0.0000;16792;1;PANTALÓN MUJER NICOPOLY AZUL GRISÁCEO PRETINA ANCHA;MPM10001848635-1;N05081CS;09/02/2025 01:18:43;6d_Retiro Tienda Ripley Nueva Valdivia;Escobar;Natacha;;"Arauco 561 ";" 3er Piso. Servicio al Cliente";;;VALDIVIA;XIV REGION;CL;Escobar;Natacha;;Los Hurones 1751;;;;VALDIVIA;XIV REGION;CL;20990;0;495;0;21485;0;CLP
000000508667;23314003901-A;09/02/2025 03:24:30;Cerrado;14990;990;15980;2998;0.0000;11992;1;TOP ACANALADO HOMBROS CAÍDOS BICOLOR NICOPOLY;MPM10001856348-3;N05129NS;09/02/2025 03:24:31;5d_Retiro Tienda Ripley Quilpué;Guzmn;Alejandra;;"Claudio Vicuña 992, Quilpue ";" 3er Piso. Modulo Retiro en Tienda";;;QUILPUE;V REGION;CL;Guzmn;Alejandra;;Diego de Almagro 32;;;;QUILPUE;V REGION;CL;14990;0;990;0;15980;0;CLP
000000508667;23314023001-A;09/02/2025 05:19:15;Cerrado;21990;990;22980;4398;0.0000;17592;1;ENTERITO MUJER NICOPOLY BURDEO DETALLES DORADOS HOMBROS;MPM00081462634-3;N03017TM;09/02/2025 05:19:18;10d_Retiro Tienda Ripley Antofagasta;Bravo;"Coried ";;"Arturo Prat 530 ";" 4to Piso. Servicio al Cliente";;;ANTOFAGASTA;II REGION;CL;Bravo;"Coried ";;Pasaje Nuevo 230;;;;ANTOFAGASTA;II REGION;CL;21990;0;990;0;22980;0;CLP
000000508667;23314436501-A;09/02/2025 13:39:23;Cerrado;16990;0;16990;3398;0.0000;13592;1;CÁRDIGAN BOTONES ACANALADO NEGRO NICOPOLY;MPM10001491765-3;N04180BL;09/02/2025 13:39:24;5d_Retiro Tienda Ripley Chillán;"Pérez ";Ecatheri;;"5 de Abril 699 ";4to Piso. Centro de atención al Cliente;;;CHILLAN;VIII REGION;CL;Paz Orellana;Denna Clara;;Avenida coihueco 281;;;;CHILLAN;VIII REGION;CL;16990;0;0;0;16990;0;CLP
000000508667;23314704901-A;09/02/2025 16:10:34;Cerrado;13990;990;14980;2798;0.0000;11192;1;VESTIDO CORTO MUJER NICOPOLY BLANCO ABERTURAS MANGAS;MPM10001849478-1;N02336AM-5;09/02/2025 16:10:35;5d_Retiro Tienda Ripley Chillán;"Ibañez ";"Jessica ";;"5 de Abril 699 ";4to Piso. Centro de atención al Cliente;;;CHILLAN;VIII REGION;CL;"Ibaez ";Lorena;;Republica  748;;;;CHILLAN;VIII REGION;CL;13990;0;990;0;14980;0;CLP
000000508667;23315399401-A;09/02/2025 21:43:52;Reembolsado;14990;7990;22980;2998;0.0000;11992;1;BLUSA BÁSICA ESCOTE EN V ROJO NICOPOLY;MPM10001856344-2;N02493DL-5;09/02/2025 21:43:53;Flujo Crossdock- Ripley PAQ;"Matus ";"Perla ";;Barros arana 04195;Casa;;;TEMUCO;IX REGION;CL;"Matus ";"Perla ";;Barros arana 04195;;;;TEMUCO;IX REGION;CL;14990;0;7990;0;22980;0;CLP
000000508667;23315504301-A;09/02/2025 22:23:16;Cerrado;18990;0;18990;3798;0.0000;15192;1;ENTERITO LARGO MUJER NICOPOLY NEGRO COMFY;MPM10001916740-4;N02413BS-5;09/02/2025 22:23:17;5d_Retiro Tienda Ripley Marina Arauco;San Martin;Vania;;"Avenida Libertad 1348 ";" Piso 4. Modulo Retiro en Tienda";;;VI.A DEL MA;V REGION;CL;San Martin;Vania;;Pasaje reyes catolicos curauma 64;;;;VI.A DEL MA;V REGION;CL;18990;0;0;0;18990;0;CLP
000000508667;23315579801-A;09/02/2025 22:48:30;Cerrado;39990;0;39990;7998;0.0000;31992;1;BLAZER LARGO MANGA DRAPEADA KHAKI NICOPOLY;MPM10001465243-3;N04262LM;09/02/2025 22:48:31;5d_Retiro Tienda Ripley Talca;"Gonzlez ";"Constanza ";;"8 Oriente 1212 ";" 2do Piso. Modulo Retiro en Tienda";;;TALCA;VII REGION;CL;"Gonzlez ";"Constanza ";;11 y media oriente  3189;;;;TALCA;VII REGION;CL;39990;0;0;0;39990;0;CLP
000000508667;23315579801-A;09/02/2025 22:48:30;Cerrado;22490;0;22490;4498;0.0000;17992;1;ENTERITO MUJER NICOPOLY VERDE OLIVA LAZO Y HEBILLA;MPM10001849448-3;N04058MM-5;09/02/2025 22:48:31;5d_Retiro Tienda Ripley Talca;"Gonzlez ";"Constanza ";;"8 Oriente 1212 ";" 2do Piso. Modulo Retiro en Tienda";;;TALCA;VII REGION;CL;"Gonzlez ";"Constanza ";;11 y media oriente  3189;;;;TALCA;VII REGION;CL;22490;0;0;0;22490;0;CLP
000000508667;23315742201-A;09/02/2025 23:55:03;Cerrado;53990;990;54980;10798;0.0000;43192;1;VESTIDO CUELLO ALTO BURDEO NICOPOLY;MPM10002128948-3;N05198TL;09/02/2025 23:55:04;5d_Retiro Tienda Ripley Los Ángeles;Leiva Núñez;Paulina Ruth;;"Valdivia 440, Los Angeles ";" 3er Piso. Servicio al Cliente";;;LOS ANGELES;VIII REGION;CL;Leiva Núñez;Paulina Ruth;;Volcán Lonquimay 69;;;;LOS ANGELES;VIII REGION;CL;53990;0;990;0;54980;0;CLP
000000508667;23315919801-A;10/02/2025 01:38:03;Reembolsado;22490;990;23480;4498;0.0000;17992;1;ENTERITO MUJER NICOPOLY VERDE OLIVA LAZO Y HEBILLA;MPM10001849448-2;N04058MXL-5;10/02/2025 01:38:04;10d_Retiro Tienda Ripley Portal Temuco;Marin;Valeria;;"Avenida Alemania 0671 ";3er Piso, Modulo Retiro en Tienda;;;TEMUCO;IX REGION;CL;Marin;Valeria;;Torrijos 02105;;;;TEMUCO;IX REGION;CL;22490;0;990;0;23480;0;CLP
000000508667;23316662301-A;10/02/2025 14:05:21;Reembolsado;24990;990;25980;4998;0.0000;19992;1;PANTALÓN MUJER NICOPOLY CELESTE PINZAS TIRO ALTO;MPM10001752461-3;N04120KL-5;10/02/2025 14:05:22;5d_Retiro Tienda Ripley El Trébol;Martnez;Paulina;;"Avenida Jorge Alessandri 3177 ";" 3er Piso. Modulo Retiro en Tienda";;;TALCAHUANO;VIII REGION;CL;Martnez;Paulina;;Guillermo Holley 15;;;;TALCAHUANO;VIII REGION;CL;24990;0;990;0;25980;0;CLP
000000508667;23316672201-A;10/02/2025 14:09:48;Cerrado;7990;990;8980;1598;0.0000;6392;1;CROP TOP ASIMÉTRICO NEGRO NICOPOLY;MPM10001916749-3;N05097BM;10/02/2025 14:09:50;4d_Retiro Tienda Ripley Crillon;Ollarz;Astrid;;"Agustinas #1025 ";Piso -1. Modulo Retiro en Tienda;;;SANTIAGO;REG.METROPOLITANA;CL;Ollarz;Astrid;;Toesca  1929;;;;SANTIAGO;REG.METROPOLITANA;CL;7990;0;990;0;8980;0;CLP
000000508667;23316840501-A;10/02/2025 15:18:40;Cerrado;18990;6595;25585;3798;0.0000;15192;1;PANTALÓN MUJER NICOPOLY CELESTE RECTO COSTURA FRONTAL;MPM10001829347-1;N04301KM-5;10/02/2025 15:18:41;Flujo Crossdock- Ripley PAQ;Melín;Massiel;;Ercilla 205;S/N;;;LOS SAUCES;IX REGION;CL;Melín;Massiel;;Ercilla 205;;;;LOS SAUCES;IX REGION;CL;18990;0;6595;0;25585;0;CLP
000000508667;23316840501-A;10/02/2025 15:18:40;Cerrado;15990;6595;22585;3198;0.0000;12792;1;PANTALÓN MUJER NICOPOLY ROSADO TIRO ALTO JASPEADO;MPM10001849483-3;N05022HS;10/02/2025 15:18:41;Flujo Crossdock- Ripley PAQ;Melín;Massiel;;Ercilla 205;S/N;;;LOS SAUCES;IX REGION;CL;Melín;Massiel;;Ercilla 205;;;;LOS SAUCES;IX REGION;CL;15990;0;6595;0;22585;0;CLP
000000508667;23317033001-A;10/02/2025 16:28:10;Cerrado;9990;495;10485;1998;0.0000;7992;1;CROP ENCAJE NEGRO NICOPOLY;MPM10001916739-3;N04032BS-5;10/02/2025 16:28:11;5d_Retiro Tienda Ripley Rancagua;Norambuena;Nidia;;"José Domingo Mujica 490 ";" 3er Piso. Modulo Retiro en Tienda";;;RANCAGUA;VI REGION;CL;Norambuena;Nidia;;Calle Astorga  56;;;;RANCAGUA;VI REGION;CL;9990;0;495;0;10485;0;CLP
000000508667;23317033001-A;10/02/2025 16:28:10;Cerrado;9990;495;10485;1998;0.0000;7992;1;CROP TOP JASPEADO BLANCO NICOPOLY;MPM10001849445-2;N05021AS;10/02/2025 16:28:11;5d_Retiro Tienda Ripley Rancagua;Norambuena;Nidia;;"José Domingo Mujica 490 ";" 3er Piso. Modulo Retiro en Tienda";;;RANCAGUA;VI REGION;CL;Norambuena;Nidia;;Calle Astorga  56;;;;RANCAGUA;VI REGION;CL;9990;0;495;0;10485;0;CLP
000000508667;23317993401-A;10/02/2025 22:49:14;Cerrado;16990;990;17980;3398;0.0000;13592;1;BLUSA EFECTO CRUZADO TIPO SATÍN GRIS NICOPOLY;MPM10001491737-3;N04297NM;10/02/2025 22:49:15;5d_Retiro Tienda Ripley El Trébol;Olguin;Patricia;;"Avenida Jorge Alessandri 3177 ";" 3er Piso. Modulo Retiro en Tienda";;;TALCAHUANO;VIII REGION;CL;Olguin;Patricia;;Gobernador Juan Henriquez 384;;;;TALCAHUANO;VIII REGION;CL;16990;0;990;0;17980;0;CLP
000000508667;23318053901-A;10/02/2025 23:11:26;Cerrado;16490;990;17480;3298;0.0000;13192;1;VESTIDO MUJER NICOPOLY ROJO TUBO CON STRASS;MPM10001849451-2;N05119DM;10/02/2025 23:11:28;10d_Retiro Tienda Ripley La Serena;Arriagada;Catalina;;"Gregorio Cordovez 499 ";" 3er Piso. Modulo Retiro en Tienda";;;LA SERENA;IV REGION;CL;Arriagada;Catalina;;AVDA René Schneider 2010;;;;LA SERENA;IV REGION;CL;16490;0;990;0;17480;0;CLP
000000508667;23318206801-A;11/02/2025 00:02:58;Reembolsado;12990;248;13238;2598;0.0000;10392;1;VESTIDO ESCOTE V FLORES VERDE NICOPOLY;MPM10000705702-4;N04141ES;11/02/2025 00:02:59;5d_Retiro Tienda Ripley Mall Concepción;Cadiz;Lidia;;"Barros Arana 1068, Concepcion ";" 3er Piso. Modulo Retiro en Tienda";;;CONCEPCION;VIII REGION;CL;Cadiz;Lidia;;Roberto Ovalle  1;;;;CONCEPCION;VIII REGION;CL;12990;0;248;0;13238;0;CLP
000000508667;23318206801-A;11/02/2025 00:02:58;Reembolsado;13990;248;14238;2798;0.0000;11192;1;VESTIDO CORTO MUJER NICOPOLY CELESTE ABERTURAS MANGAS;MPM10001849480-3;N02336KS-5;11/02/2025 00:02:59;5d_Retiro Tienda Ripley Mall Concepción;Cadiz;Lidia;;"Barros Arana 1068, Concepcion ";" 3er Piso. Modulo Retiro en Tienda";;;CONCEPCION;VIII REGION;CL;Cadiz;Lidia;;Roberto Ovalle  1;;;;CONCEPCION;VIII REGION;CL;13990;0;248;0;14238;0;CLP
000000508667;23318206801-A;11/02/2025 00:02:58;Reembolsado;26490;248;26738;5298;0.0000;21192;1;BLAZER BOLSILLOS Y BOTÓN CELESTE NICOPOLY;MPM10001752431-3;N04260CS-5;11/02/2025 00:02:59;5d_Retiro Tienda Ripley Mall Concepción;Cadiz;Lidia;;"Barros Arana 1068, Concepcion ";" 3er Piso. Modulo Retiro en Tienda";;;CONCEPCION;VIII REGION;CL;Cadiz;Lidia;;Roberto Ovalle  1;;;;CONCEPCION;VIII REGION;CL;26490;0;248;0;26738;0;CLP
000000508667;23318206801-A;11/02/2025 00:02:58;Reembolsado;11990;248;12238;2398;0.0000;9592;1;TOP BÁSICO TIPO SATÍN CELESTE NICOPOLY;MPM10001919207-3;N05098KS;11/02/2025 00:02:59;5d_Retiro Tienda Ripley Mall Concepción;Cadiz;Lidia;;"Barros Arana 1068, Concepcion ";" 3er Piso. Modulo Retiro en Tienda";;;CONCEPCION;VIII REGION;CL;Cadiz;Lidia;;Roberto Ovalle  1;;;;CONCEPCION;VIII REGION;CL;11990;0;248;0;12238;0;CLP
000000508667;23318222401-A;11/02/2025 00:10:08;Reembolsado;39990;990;40980;7998;0.0000;31992;1;VESTIDO CORTO SIN MANGAS NEGRO NICOPOLY;MPM10002122165-3;N05258BL;11/02/2025 00:10:09;4d_Retiro Tienda Ripley Plaza Egaña;Sanmartin;Paola;;"Larrain 5800 ";" 3er Piso. Modulo Retiro en Tienda";;;NUNOA;REG.METROPOLITANA;CL;Sanmartin;Paola;;Los aliagas 557;;;;NUNOA;REG.METROPOLITANA;CL;39990;0;990;0;40980;0;CLP
000000508667;23318353001-A;11/02/2025 01:44:19;Reembolsado;28990;990;29980;5798;0.0000;23192;1;VESTIDO CAMISERO ALGODÓN MUJER NICOPOLY CELESTE TIPO DENIM;MPM10001849442-3;N05099KS;11/02/2025 01:44:21;18d_Retiro Tienda Ripley Punta Arenas;Perez;Pilar;;"Avda. E Frei Montalva 01110 Local 194 ";" 2do Piso. Servicio al Cliente";;;PTA.ARENAS;XII REGION;CL;Perez;Pilar;;Jorge lagos  066;;;;PTA.ARENAS;XII REGION;CL;28990;0;990;0;29980;0;CLP
000000508667;23318408701-A;11/02/2025 05:03:30;Reembolsado;49990;0;49990;9998;0.0000;39992;1;FULFILLMENT-ENTERITO CRUZADO 2 BOTONES NEGRO NICOPOLY;MPM10002146398-1;N05308BL-FF;11/02/2025 05:03:32;FF_MATRIX_DX;Erices;Cecilia;;Julio Verne 2454;Casa;;;MAIPU;REG.METROPOLITANA;CL;Erices;Cecilia;;Julio Verne 2454;;;;MAIPU;REG.METROPOLITANA;CL;49990;0;0;0;49990;0;CLP
000000508667;23318436701-A;11/02/2025 07:44:42;Cerrado;13990;248;14238;2798;0.0000;11192;1;SHORT MUJER NICOPOLY AZUL GRISÁCEO HOLGADO;MPM10001878076-2;N05078CM;11/02/2025 07:44:44;4d_Retiro Tienda Ripley Parque Arauco;"Gonzalez ";Zaira;;"Avenida Kennedy 5413 ";4to Piso. Modulo Retiro en Tienda;;;LAS CONDES;REG.METROPOLITANA;CL;Ruz;Sabrina;;Francisco de villagra 6580;;;;LAS CONDES;REG.METROPOLITANA;CL;13990;0;248;0;14238;0;CLP
000000508667;23318436701-A;11/02/2025 07:44:42;Cerrado;12490;248;12738;2498;0.0000;9992;1;CALZA MUJER NICOPOLY BURDEO LISA CON CIERRE S;MPM10001465170-2;N04295TM;11/02/2025 07:44:44;4d_Retiro Tienda Ripley Parque Arauco;"Gonzalez ";Zaira;;"Avenida Kennedy 5413 ";4to Piso. Modulo Retiro en Tienda;;;LAS CONDES;REG.METROPOLITANA;CL;Ruz;Sabrina;;Francisco de villagra 6580;;;;LAS CONDES;REG.METROPOLITANA;CL;12490;0;248;0;12738;0;CLP
000000508667;23318436701-A;11/02/2025 07:44:42;Cerrado;9990;248;10238;1998;0.0000;7992;1;BODY TEXTURIZADO ACANALADO ROSADO NICOPOLY;MPM10001713169-3;N05003HM;11/02/2025 07:44:44;4d_Retiro Tienda Ripley Parque Arauco;"Gonzalez ";Zaira;;"Avenida Kennedy 5413 ";4to Piso. Modulo Retiro en Tienda;;;LAS CONDES;REG.METROPOLITANA;CL;Ruz;Sabrina;;Francisco de villagra 6580;;;;LAS CONDES;REG.METROPOLITANA;CL;9990;0;248;0;10238;0;CLP
000000508667;23318436701-A;11/02/2025 07:44:42;Cerrado;11990;248;12238;2398;0.0000;9592;1;CÁRDIGAN CORTO SIN MANGAS LILA NICOPOLY;MPM00087456870-3;N03115ZM;11/02/2025 07:44:44;4d_Retiro Tienda Ripley Parque Arauco;"Gonzalez ";Zaira;;"Avenida Kennedy 5413 ";4to Piso. Modulo Retiro en Tienda;;;LAS CONDES;REG.METROPOLITANA;CL;Ruz;Sabrina;;Francisco de villagra 6580;;;;LAS CONDES;REG.METROPOLITANA;CL;11990;0;248;0;12238;0;CLP
000000508667;23318871901-A;11/02/2025 12:28:42;Cerrado;26490;990;27480;5298;0.0000;21192;1;ENTERITO MUJER NICOPOLY BLANCO CON ENCAJE;MPM10001849450-1;N05040AM;11/02/2025 12:28:43;10d_Retiro Tienda Ripley La Serena;Rojas;Katherinne;;"Gregorio Cordovez 499 ";" 3er Piso. Modulo Retiro en Tienda";;;LA SERENA;IV REGION;CL;Rojas;Katherinne;;Pasaje pintor Juan pereira 388;;;;LA SERENA;IV REGION;CL;26490;0;990;0;27480;0;CLP
000000508667;23319298801-A;11/02/2025 15:30:02;Reembolsado;26490;0;26490;5298;0.0000;21192;1;BLAZER BOLSILLOS Y BOTÓN  NEGRO NICOPOLY;MPM10001752517-2;N04260BXL-5;11/02/2025 15:30:04;4d_Retiro Tienda Ripley Plaza Vespucio;Crespo;Andrea;;"Av. Vicuña Mackenna Ote. 7110, La Florida ";3er Piso. Modulo Retiro en Tienda;;;LA FLORIDA;REG.METROPOLITANA;CL;Crespo;Andrea;;Pasaje 3  1750;;;;LA FLORIDA;REG.METROPOLITANA;CL;26490;0;0;0;26490;0;CLP
000000508667;23319355301-A;11/02/2025 15:54:03;Reembolsado;15990;495;16485;3198;0.0000;12792;1;PANTALÓN MUJER NICOPOLY CELESTE TIRO ALTO JASPEADO;MPM10001849482-3;N05022KS;11/02/2025 15:54:04;11d_Retiro Tienda Ripley Temuco;"Lpez Antilef ";Graciela;;"Arturo Prat 656, Temuco ";2do Piso. Modulo Retiro en Tienda;;;TEMUCO;IX REGION;CL;"Lpez Antilef ";Graciela;;Francisco varela  0465;;;;TEMUCO;IX REGION;CL;15990;0;495;0;16485;0;CLP
000000508667;23319355301-A;11/02/2025 15:54:03;Reembolsado;9990;495;10485;1998;0.0000;7992;1;CROP TOP JASPEADO CELESTE NICOPOLY;MPM10001849443-1;N05021KS;11/02/2025 15:54:04;11d_Retiro Tienda Ripley Temuco;"Lpez Antilef ";Graciela;;"Arturo Prat 656, Temuco ";2do Piso. Modulo Retiro en Tienda;;;TEMUCO;IX REGION;CL;"Lpez Antilef ";Graciela;;Francisco varela  0465;;;;TEMUCO;IX REGION;CL;9990;0;495;0;10485;0;CLP
000000508667;23319658201-A;11/02/2025 17:48:22;Cerrado;53990;990;54980;10798;0.0000;43192;1;VESTIDO CUELLO ALTO BURDEO NICOPOLY;MPM10002128948-3;N05198TL;11/02/2025 17:48:23;10d_Retiro Tienda Ripley Pto. Montt Costanera;Villarroel;Ana;;"Juan Soler Manfredini 10 ";" 6to Piso. Modulo Retiro en Tienda";;;PTO.MONTT;X REGION;CL;Villarroel;Ana;;Arturo prat 231;;;;PTO.MONTT;X REGION;CL;53990;0;990;0;54980;0;CLP
000000508667;23319939601-A;11/02/2025 19:46:56;Cerrado;17990;6980;24970;3598;0.0000;14392;1;FALDA MUJER NICOPOLY AZUL DENIM TAJO FRONTAL;MPM10001465761-3;N04269CM;11/02/2025 19:46:58;Flujo Crossdock- Ripley PAQ;Urzúa;Orlando;;Sta aida parcela 14 sitio 17 colina  135;17;;;COLINA;REG.METROPOLITANA;CL;Urzúa;Orlando;;Sta aida parcela 14 sitio 17 colina  135;;;;COLINA;REG.METROPOLITANA;CL;17990;0;6980;0;24970;0;CLP
000000508667;23320364701-A;11/02/2025 22:32:07;Cerrado;13990;990;14980;2798;0.0000;11192;1;CROP TOP ESPALDA ELASTICADA MAGENTA NICOPOLY;MPM10001503477-3;N10368ZXL-4;11/02/2025 22:32:08;5d_Retiro Tienda Ripley Valparaíso;Norambuena;Fabiola;;"Plaza Victoria 1646 ";" 4to Piso. Servicio al Cliente";;;VALPARAISO;V REGION;CL;Norambuena;Fabiola;;Los mirlos 554;;;;VALPARAISO;V REGION;CL;13990;0;990;0;14980;0;CLP
000000508667;23320807501-A;12/02/2025 07:50:37;Cerrado;13990;990;14980;2798;0.0000;11192;1;SHORT MUJER NICOPOLY VERDE MUSGO HOLGADO;MPM10001878087-1;N05078MM;12/02/2025 07:50:39;4d_Retiro Tienda Ripley Plaza Egaña;Cliente;Macarena;;"Larrain 5800 ";" 3er Piso. Modulo Retiro en Tienda";;;NUNOA;REG.METROPOLITANA;CL;Cliente;Macarena;;duble almeyda 3055;;;;NUNOA;REG.METROPOLITANA;CL;13990;0;990;0;14980;0;CLP
000000508667;23320806101-A;12/02/2025 07:50:49;Cerrado;18990;990;19980;3798;0.0000;15192;1;SOBRECAMISA TIPO PANA BROCHES BLANCO NICOPOLY;MPM10001713148-3;N05050AM;12/02/2025 07:50:51;5d_Retiro Tienda Ripley Viña del Mar Sucre;Palacios;Camila;;"Sucre 290, Viña ";5to Piso. Modulo Retiro en Tienda;;;VI.A DEL MA;V REGION;CL;Palacios;Camila;;Calle entrelomas 110;;;;VI.A DEL MA;V REGION;CL;18990;0;990;0;19980;0;CLP
000000508667;23320836401-A;12/02/2025 08:41:51;Reembolsado;15990;124;16114;3198;0.0000;12792;1;PANTALÓN MUJER NICOPOLY BLANCO TIRO ALTO JASPEADO;MPM10001849485-2;N05022AM;12/02/2025 08:41:53;4d_Retiro Tienda Ripley Huechuraba;Dee;"Matias ";;"Av. Americo Vespucio Norte 1737 ";" 2do Piso. Modulo Retiro en Tienda";;;HUECHURABA;REG.METROPOLITANA;CL;Herrera;Carolina;;Río Baker  1034;;;;HUECHURABA;REG.METROPOLITANA;CL;15990;0;124;0;16114;0;CLP
000000508667;23320836401-A;12/02/2025 08:41:51;Reembolsado;20990;124;21114;4198;0.0000;16792;1;PANTALÓN MUJER NICOPOLY BLANCO TIRO ALTO BÁSICO;MPM10001752475-4;N10373AM-5;12/02/2025 08:41:53;4d_Retiro Tienda Ripley Huechuraba;Dee;"Matias ";;"Av. Americo Vespucio Norte 1737 ";" 2do Piso. Modulo Retiro en Tienda";;;HUECHURABA;REG.METROPOLITANA;CL;Herrera;Carolina;;Río Baker  1034;;;;HUECHURABA;REG.METROPOLITANA;CL;20990;0;124;0;21114;0;CLP
000000508667;23320836401-A;12/02/2025 08:41:51;Reembolsado;20990;124;21114;4198;0.0000;16792;1;PANTALÓN MUJER NICOPOLY BLANCO TIRO ALTO BÁSICO;MPM10001752475-1;N10373AL-5;12/02/2025 08:41:53;4d_Retiro Tienda Ripley Huechuraba;Dee;"Matias ";;"Av. Americo Vespucio Norte 1737 ";" 2do Piso. Modulo Retiro en Tienda";;;HUECHURABA;REG.METROPOLITANA;CL;Herrera;Carolina;;Río Baker  1034;;;;HUECHURABA;REG.METROPOLITANA;CL;20990;0;124;0;21114;0;CLP
000000508667;23320836401-A;12/02/2025 08:41:51;Cerrado;17990;124;18114;3598;0.0000;14392;1;PANTALÓN MUJER NICOPOLY BLANCO TIPO SATÍN;MPM10001916754-3;N05018AM;12/02/2025 08:41:53;4d_Retiro Tienda Ripley Huechuraba;Dee;"Matias ";;"Av. Americo Vespucio Norte 1737 ";" 2do Piso. Modulo Retiro en Tienda";;;HUECHURABA;REG.METROPOLITANA;CL;Herrera;Carolina;;Río Baker  1034;;;;HUECHURABA;REG.METROPOLITANA;CL;17990;0;124;0;18114;0;CLP
000000508667;23320836401-A;12/02/2025 08:41:51;Reembolsado;9990;124;10114;1998;0.0000;7992;1;CROP TOP JASPEADO BLANCO NICOPOLY;MPM10001849445-3;N05021AM;12/02/2025 08:41:53;4d_Retiro Tienda Ripley Huechuraba;Dee;"Matias ";;"Av. Americo Vespucio Norte 1737 ";" 2do Piso. Modulo Retiro en Tienda";;;HUECHURABA;REG.METROPOLITANA;CL;Herrera;Carolina;;Río Baker  1034;;;;HUECHURABA;REG.METROPOLITANA;CL;9990;0;124;0;10114;0;CLP
000000508667;23320836401-A;12/02/2025 08:41:51;Reembolsado;9990;124;10114;1998;0.0000;7992;1;CROP TOP JASPEADO BLANCO NICOPOLY;MPM10001849445-1;N05021AL;12/02/2025 08:41:53;4d_Retiro Tienda Ripley Huechuraba;Dee;"Matias ";;"Av. Americo Vespucio Norte 1737 ";" 2do Piso. Modulo Retiro en Tienda";;;HUECHURABA;REG.METROPOLITANA;CL;Herrera;Carolina;;Río Baker  1034;;;;HUECHURABA;REG.METROPOLITANA;CL;9990;0;124;0;10114;0;CLP
000000508667;23320836401-A;12/02/2025 08:41:51;Reembolsado;14990;124;15114;2998;0.0000;11992;1;BODY ESCOTE ENCAJE BLANCO NICOPOLY;MPM10001878089-1;N02151AM-5;12/02/2025 08:41:53;4d_Retiro Tienda Ripley Huechuraba;Dee;"Matias ";;"Av. Americo Vespucio Norte 1737 ";" 2do Piso. Modulo Retiro en Tienda";;;HUECHURABA;REG.METROPOLITANA;CL;Herrera;Carolina;;Río Baker  1034;;;;HUECHURABA;REG.METROPOLITANA;CL;14990;0;124;0;15114;0;CLP
000000508667;23320836401-A;12/02/2025 08:41:51;Reembolsado;26990;124;27114;5398;0.0000;21592;1;PANTALÓN MUJER NICOPOLY BLANCO PIERNA ANCHA;MPM10001856323-1;N04017AM-5;12/02/2025 08:41:53;4d_Retiro Tienda Ripley Huechuraba;Dee;"Matias ";;"Av. Americo Vespucio Norte 1737 ";" 2do Piso. Modulo Retiro en Tienda";;;HUECHURABA;REG.METROPOLITANA;CL;Herrera;Carolina;;Río Baker  1034;;;;HUECHURABA;REG.METROPOLITANA;CL;26990;0;124;0;27114;0;CLP
000000508667;23320884701-A;12/02/2025 09:28:36;Reembolsado;13990;1596;15586;2798;0.0000;11192;1;CROP TOP ESPALDA ELASTICADA LILA NICOPOLY;MPM10001503475-4;N10368VM-4;12/02/2025 09:28:38;Flujo Same day BX;Blau;Catalina;;Quilpue 4198;S/N;;;NUNOA;REG.METROPOLITANA;CL;Blau;Catalina;;Quilpue 4198;;;;NUNOA;REG.METROPOLITANA;CL;13990;0;1596;0;15586;0;CLP
000000508667;23320884701-A;12/02/2025 09:28:36;Reembolsado;9990;1596;11586;1998;0.0000;7992;1;CROP TOP JASPEADO CELESTE NICOPOLY;MPM10001849443-3;N05021KM;12/02/2025 09:28:38;Flujo Same day BX;Blau;Catalina;;Quilpue 4198;S/N;;;NUNOA;REG.METROPOLITANA;CL;Blau;Catalina;;Quilpue 4198;;;;NUNOA;REG.METROPOLITANA;CL;9990;0;1596;0;11586;0;CLP
000000508667;23320884701-A;12/02/2025 09:28:36;Reembolsado;9990;1596;11586;1998;0.0000;7992;1;CROP TOP JASPEADO ROSADO NICOPOLY;MPM10001849456-2;N05021HM;12/02/2025 09:28:38;Flujo Same day BX;Blau;Catalina;;Quilpue 4198;S/N;;;NUNOA;REG.METROPOLITANA;CL;Blau;Catalina;;Quilpue 4198;;;;NUNOA;REG.METROPOLITANA;CL;9990;0;1596;0;11586;0;CLP
000000508667;23321055901-A;12/02/2025 11:06:10;Cerrado;15990;990;16980;3198;0.0000;12792;1;CÁRDIGAN PUNTO FINO CADENETAS GRIS NICOPOLY;MPM10001465231-4;N04254NL;12/02/2025 11:06:11;10d_Retiro Tienda Ripley La Serena;"Trigo ";Valentina;;"Gregorio Cordovez 499 ";" 3er Piso. Modulo Retiro en Tienda";;;LA SERENA;IV REGION;CL;"Trigo ";Valentina;;Juan Pablo I 1026;;;;LA SERENA;IV REGION;CL;15990;0;990;0;16980;0;CLP
000000508667;23321163201-A;12/02/2025 11:56:53;Cerrado;15990;495;16485;3198;0.0000;12792;1;PANTALÓN MUJER NICOPOLY ROSADO TIRO ALTO JASPEADO;MPM10001849483-3;N05022HS;12/02/2025 11:56:55;4d_Retiro Tienda Ripley Plaza Egaña;Prez Zanni;Fabiana;;"Larrain 5800 ";" 3er Piso. Modulo Retiro en Tienda";;;NUNOA;REG.METROPOLITANA;CL;Prez Zanni;Fabiana;;Calle Los Girasoles 5512;;;;NUNOA;REG.METROPOLITANA;CL;15990;0;495;0;16485;0;CLP
000000508667;23321163201-A;12/02/2025 11:56:53;Cerrado;15990;495;16485;3198;0.0000;12792;1;PANTALÓN MUJER NICOPOLY CELESTE TIRO ALTO JASPEADO;MPM10001849482-3;N05022KS;12/02/2025 11:56:55;4d_Retiro Tienda Ripley Plaza Egaña;Prez Zanni;Fabiana;;"Larrain 5800 ";" 3er Piso. Modulo Retiro en Tienda";;;NUNOA;REG.METROPOLITANA;CL;Prez Zanni;Fabiana;;Calle Los Girasoles 5512;;;;NUNOA;REG.METROPOLITANA;CL;15990;0;495;0;16485;0;CLP
000000508667;23321182201-A;12/02/2025 12:06:01;Cerrado;29990;990;30980;5998;0.0000;23992;1;BLAZER SIN MANGAS BOLSILLOS NEGRO NICOPOLY;MPM10001752522-1;N04294BM-5;12/02/2025 12:06:02;8d_Retiro Tienda Ripley Castellón;Cliente;Elizabeth;;"Castellon 520, Concepcion ";6to Piso. Servicio al Cliente;;;CONCEPCION;VIII REGION;CL;Cliente;Elizabeth;;Calle 19 de febrero Sector Villa CAP 54;;;;CONCEPCION;VIII REGION;CL;29990;0;990;0;30980;0;CLP
000000508667;23321479001-A;12/02/2025 14:18:09;Cerrado;19790;2195;21985;3958;0.0000;15832;1;VESTIDO FLORAL NUDO NEGRO NICOPOLY;MPM10000705718-3;N04132BM;12/02/2025 14:18:10;Flujo Same day BX;Caceres;Nadia;;Avenida Papa san teleforo  9417;S/N;;;PUDAHUEL;REG.METROPOLITANA;CL;Caceres;Nadia;;Avenida Papa san teleforo  9417;;;;PUDAHUEL;REG.METROPOLITANA;CL;19790;0;2195;0;21985;0;CLP
000000508667;23321479001-A;12/02/2025 14:18:09;Cerrado;19990;2195;22185;3998;0.0000;15992;1;VESTIDO MUJER NICOPOLY NEGRO PABILO CON VOLANTES;MPM10001878064-2;N05013BM;12/02/2025 14:18:10;Flujo Same day BX;Caceres;Nadia;;Avenida Papa san teleforo  9417;S/N;;;PUDAHUEL;REG.METROPOLITANA;CL;Caceres;Nadia;;Avenida Papa san teleforo  9417;;;;PUDAHUEL;REG.METROPOLITANA;CL;19990;0;2195;0;22185;0;CLP
000000508667;23321485802-A;12/02/2025 14:23:21;Cerrado;15990;3990;19980;3198;0.0000;12792;1;PANTALÓN MUJER NICOPOLY BLANCO TIRO ALTO JASPEADO;MPM10001849485-2;N05022AM;12/02/2025 14:23:23;Flujo Same day BX;Fuentes;Marcia;;Av pedro aguirre cerda 0398;107;;;LA CISTERNA;REG.METROPOLITANA;CL;Fuentes;Marcia;;Av pedro aguirre cerda 0398;;;;LA CISTERNA;REG.METROPOLITANA;CL;15990;0;3990;0;19980;0;CLP
000000508667;23321632301-A;12/02/2025 15:24:37;Cerrado;22990;2195;25185;4598;0.0000;18392;1;VESTIDO CORTO MUJER NICOPOLY NEGRO TULIPÁN;MPM10001878058-2;N04064BM-5;12/02/2025 15:24:39;Flujo Same day BX;Beas Marigual;Miguel;;Avenida Dorsal 1301;T1734;;;CONCHALI;REG.METROPOLITANA;CL;Beas Marigual;Miguel;;Avenida Dorsal 1301;;;;CONCHALI;REG.METROPOLITANA;CL;22990;0;2195;0;25185;0;CLP
000000508667;23321632301-A;12/02/2025 15:24:37;Cerrado;19990;2195;22185;3998;0.0000;15992;1;VESTIDO FALDÓN CON VOLANTES NEGRO NICOPOLY;MPM10000705722-4;N04086BL;12/02/2025 15:24:39;Flujo Same day BX;Beas Marigual;Miguel;;Avenida Dorsal 1301;T1734;;;CONCHALI;REG.METROPOLITANA;CL;Beas Marigual;Miguel;;Avenida Dorsal 1301;;;;CONCHALI;REG.METROPOLITANA;CL;19990;0;2195;0;22185;0;CLP
000000508667;23321969201-A;12/02/2025 17:43:02;Cerrado;49990;0;49990;9998;0.0000;39992;1;FULFILLMENT-BLAZER LARGO CUELLO CRUZADO ROJO OSCURO NICOPOLY;MPM10002146370-2;N05299DM-FF;12/02/2025 17:43:03;FF_MATRIX;Rivera;Carla;;Los Talaveras 370;313;;;NUNOA;REG.METROPOLITANA;CL;Rivera;Carla;;Los Talaveras 370;;;;NUNOA;REG.METROPOLITANA;CL;49990;0;0;0;49990;0;CLP
000000508667;23321969201-A;12/02/2025 17:43:02;Cerrado;49990;0;49990;9998;0.0000;39992;1;FULFILLMENT-BLAZER LARGO CUELLO CRUZADO NEGRO NICOPOLY;MPM10002146369-3;N05299BM-FF;12/02/2025 17:43:03;FF_MATRIX;Rivera;Carla;;Los Talaveras 370;313;;;NUNOA;REG.METROPOLITANA;CL;Rivera;Carla;;Los Talaveras 370;;;;NUNOA;REG.METROPOLITANA;CL;49990;0;0;0;49990;0;CLP
000000508667;23321969201-A;12/02/2025 17:43:02;Cerrado;49990;0;49990;9998;0.0000;39992;1;FULFILLMENT-BLAZER LARGO CUELLO CRUZADO MORADO NICOPOLY;MPM10002146363-1;N05299ZM-FF;12/02/2025 17:43:03;FF_MATRIX;Rivera;Carla;;Los Talaveras 370;313;;;NUNOA;REG.METROPOLITANA;CL;Rivera;Carla;;Los Talaveras 370;;;;NUNOA;REG.METROPOLITANA;CL;49990;0;0;0;49990;0;CLP
000000508667;23322162602-A;12/02/2025 19:03:00;Cerrado;14990;495;15485;2998;0.0000;11992;1;BODY ESCOTE ENCAJE ROJO NICOPOLY;MPM10001878084-3;N02151DL-5;12/02/2025 19:03:01;5d_Retiro Tienda Ripley Chillán;Hermosilla;"Maritza ";;"5 de Abril 699 ";4to Piso. Centro de atención al Cliente;;;CHILLAN;VIII REGION;CL;Hermosilla;"Maritza ";;Flores Millan 1342;;;;CHILLAN;VIII REGION;CL;14990;0;495;0;15485;0;CLP
000000508667;23322162602-A;12/02/2025 19:03:00;Reembolsado;15990;495;16485;3198;0.0000;12792;1;PANTALÓN MUJER NICOPOLY CELESTE TIRO ALTO JASPEADO;MPM10001849482-2;N05022KL;12/02/2025 19:03:01;5d_Retiro Tienda Ripley Chillán;Hermosilla;"Maritza ";;"5 de Abril 699 ";4to Piso. Centro de atención al Cliente;;;CHILLAN;VIII REGION;CL;Hermosilla;"Maritza ";;Flores Millan 1342;;;;CHILLAN;VIII REGION;CL;15990;0;495;0;16485;0;CLP
000000508667;23322277601-A;12/02/2025 19:55:15;Cerrado;20990;990;21980;4198;0.0000;16792;1;PANTALÓN MUJER NICOPOLY CELESTE TIRO ALTO BÁSICO;MPM10001752484-1;N10373CM-5;12/02/2025 19:55:16;5d_Retiro Tienda Ripley Quilpué;Soto;"Karen ";;"Claudio Vicuña 992, Quilpue ";" 3er Piso. Modulo Retiro en Tienda";;;QUILPUE;V REGION;CL;Vergara;Marcela;;Viento sur 23 molinos del sol  23;;;;QUILPUE;V REGION;CL;20990;0;990;0;21980;0;CLP
000000508667;23322525001-A;12/02/2025 21:52:58;Cerrado;12990;990;13980;2598;0.0000;10392;1;VESTIDO ESCOTE V FLORES VERDE NICOPOLY;MPM10000705702-3;N04141EM;12/02/2025 21:53:00;4d_Retiro Tienda Ripley Crillon;Gonzalez;"Iris ";;"Agustinas #1025 ";Piso -1. Modulo Retiro en Tienda;;;SANTIAGO;REG.METROPOLITANA;CL;Gonzalez;"Iris ";;San nicolas  1320;;;;SANTIAGO;REG.METROPOLITANA;CL;12990;0;990;0;13980;0;CLP
000000508667;23322611101-A;12/02/2025 22:24:31;Cerrado;20990;2195;23185;4198;0.0000;16792;1;PANTALÓN MUJER NICOPOLY ROJO TIRO ALTO BÁSICO;MPM10001752474-3;N10373DL-5;12/02/2025 22:24:32;Flujo Same day BX;Loor Rivadeneira;Maria Isabel;;Pasaje San Adolfo villa San Francisco 3124;Casa;;;PUENTE ALTO;REG.METROPOLITANA;CL;Loor Rivadeneira;Maria Isabel;;Pasaje San Adolfo villa San Francisco 3124;;;;PUENTE ALTO;REG.METROPOLITANA;CL;20990;0;2195;0;23185;0;CLP
000000508667;23322611101-A;12/02/2025 22:24:31;Cerrado;37990;2195;40185;7598;0.0000;30392;1;VESTIDO TIPO BLAZER ROJO NICOPOLY;MPM10002128953-3;N05257DL;12/02/2025 22:24:32;Flujo Same day BX;Loor Rivadeneira;Maria Isabel;;Pasaje San Adolfo villa San Francisco 3124;Casa;;;PUENTE ALTO;REG.METROPOLITANA;CL;Loor Rivadeneira;Maria Isabel;;Pasaje San Adolfo villa San Francisco 3124;;;;PUENTE ALTO;REG.METROPOLITANA;CL;37990;0;2195;0;40185;0;CLP
000000508667;23322738801-A;12/02/2025 23:21:22;Cerrado;28990;0;28990;5798;0.0000;23192;1;FULFILLMENT-GILET ESPALDA AJUSTABLE BEIGE NICOPOLY;MPM10002146371-3;N04273GM-6-FF;12/02/2025 23:21:23;FF_MATRIX;Castro;Catherine;;Pasaje Conguillio 1718;Casa;;;P.LAS CASAS;IX REGION;CL;Castro;Catherine;;Pasaje Conguillio 1718;;;;P.LAS CASAS;IX REGION;CL;28990;0;0;0;28990;0;CLP
000000508667;23322738801-A;12/02/2025 23:21:22;Cerrado;28990;0;28990;5798;0.0000;23192;1;FULFILLMENT-GILET ESPALDA AJUSTABLE NEGRO NICOPOLY;MPM10002146383-2;N04273BM-6-FF;12/02/2025 23:21:23;FF_MATRIX;Castro;Catherine;;Pasaje Conguillio 1718;Casa;;;P.LAS CASAS;IX REGION;CL;Castro;Catherine;;Pasaje Conguillio 1718;;;;P.LAS CASAS;IX REGION;CL;28990;0;0;0;28990;0;CLP
000000508667;23322859901-A;12/02/2025 23:52:05;Cerrado;18990;3990;22980;3798;0.0000;15192;1;VESTIDO MUJER NICOPOLY NEGRO HOLGADO CON BRILLOS;MPM10001878074-2;N05077BM;12/02/2025 23:52:06;Flujo Same day BX;"Godoy ";"Daniela ";;Manuel Antonio Tocornal  383;1404;;;SANTIAGO;REG.METROPOLITANA;CL;"Godoy ";"Daniela ";;Manuel Antonio Tocornal  383;;;;SANTIAGO;REG.METROPOLITANA;CL;18990;0;3990;0;22980;0;CLP
000000508667;23322890001-A;13/02/2025 00:06:36;Cerrado;11990;4980;16970;2398;0.0000;9592;1;POLERA HALTER CALADA BICOLOR FUCSIA NICOPOLY;MPM10001856347-3;N05132SM;13/02/2025 00:06:37;Flujo Crossdock- Ripley PAQ;"Herrera ";"Gisel ";;Lago tarahuin 16416;60;;;SN.BERNARDO;REG.METROPOLITANA;CL;"Herrera ";"Gisel ";;Lago tarahuin 16416;;;;SN.BERNARDO;REG.METROPOLITANA;CL;11990;0;4980;0;16970;0;CLP
000000508667;23322951001-A;13/02/2025 00:34:36;Cerrado;31990;0;31990;6398;0.0000;25592;1;BLAZER BOLSILLOS CON SOLAPAS KHAKI NICOPOLY;MPM10001437613-4;N04260LXL;13/02/2025 00:34:38;10d_Retiro Tienda Ripley Antofagasta;González Quiñonez;Paula Andrea;;"Arturo Prat 530 ";" 4to Piso. Servicio al Cliente";;;ANTOFAGASTA;II REGION;CL;González Quiñonez;Paula Andrea;;Pasaje los Quirquinchos 1363;;;;ANTOFAGASTA;II REGION;CL;31990;0;0;0;31990;0;CLP
000000508667;23323133001-A;13/02/2025 08:21:50;Cerrado;25990;0;25990;5198;0.0000;20792;1;FULFILLMENT-GILET BÁSICO 4 BOTONES NEGRO NICOPOLY;MPM10002146380-1;N05262BS-FF;13/02/2025 08:21:52;FF_MATRIX_DX;Daz;Beln;;Emilia Tellez  5253;174;;;NUNOA;REG.METROPOLITANA;CL;Daz;Beln;;Emilia Tellez  5253;;;;NUNOA;REG.METROPOLITANA;CL;25990;0;0;0;25990;0;CLP
000000508667;23323619501-A;13/02/2025 13:03:50;Cerrado;17990;990;18980;3598;0.0000;14392;1;SOBRECAMISA LARGA ESCOCÉS ROJO NICOPOLY;MPM00047480552-1;N02162DL;13/02/2025 13:03:51;5d_Retiro Tienda Ripley El Trébol;Zapata;Jessica;;"Avenida Jorge Alessandri 3177 ";" 3er Piso. Modulo Retiro en Tienda";;;TALCAHUANO;VIII REGION;CL;Zapata;Jessica;;Infante 232;;;;TALCAHUANO;VIII REGION;CL;17990;0;990;0;18980;0;CLP
000000508667;23323629201-A;13/02/2025 13:08:58;Cerrado;15990;990;16980;3198;0.0000;12792;1;PANTALÓN MUJER NICOPOLY ROSADO TIRO ALTO JASPEADO;MPM10001849483-1;N05022HM;13/02/2025 13:08:59;5d_Retiro Tienda Ripley Chillán;Gutierrez;Andrea;;"5 de Abril 699 ";4to Piso. Centro de atención al Cliente;;;CHILLAN;VIII REGION;CL;Gutierrez;Andrea;;la herreria 765;;;;CHILLAN;VIII REGION;CL;15990;0;990;0;16980;0;CLP
000000508667;23324130001-A;13/02/2025 16:41:58;Cerrado;13990;990;14980;2798;0.0000;11192;1;ENTERITO MUJER NICOPOLY MORADO CORTO FLOREADO;MPM10001878059-1;N05127AM;13/02/2025 16:42:00;5d_Retiro Tienda Ripley La Calera;Ahumada;Monserrat;;"JJ Perez 90, La Calera ";" 2do Piso. Modulo Retiro en Tienda";;;CALERA;V REGION;CL;Ahumada;Monserrat;;sol del inca 1758;;;;CALERA;V REGION;CL;13990;0;990;0;14980;0;CLP
000000508667;23324264301-A;13/02/2025 17:39:35;Reembolsado;20990;990;21980;4198;0.0000;16792;1;PANTALÓN MUJER NICOPOLY ROJO TIRO ALTO BÁSICO;MPM10001752474-2;N10373DM-5;13/02/2025 17:39:36;4d_Retiro Tienda Ripley Plaza Egaña;Jara;Vanessa;;"Larrain 5800 ";" 3er Piso. Modulo Retiro en Tienda";;;NUNOA;REG.METROPOLITANA;CL;Jara;Vanessa;;Caicura 8618;;;;NUNOA;REG.METROPOLITANA;CL;20990;0;990;0;21980;0;CLP
000000508667;23324274801-A;13/02/2025 17:49:46;Reembolsado;26490;495;26985;5298;0.0000;21192;1;BLAZER BOLSILLOS Y BOTÓN CELESTE NICOPOLY;MPM10001752431-2;N04260CL-5;13/02/2025 17:49:48;4d_Retiro Tienda Ripley Plaza Egaña;Krstulovic;"Luz Maria ";;"Larrain 5800 ";" 3er Piso. Modulo Retiro en Tienda";;;NUNOA;REG.METROPOLITANA;CL;Carboni;Marcela;;diagonal oriente  5302;;;;NUNOA;REG.METROPOLITANA;CL;26490;0;495;0;26985;0;CLP
000000508667;23324274801-A;13/02/2025 17:49:46;Reembolsado;20990;495;21485;4198;0.0000;16792;1;PANTALÓN MUJER NICOPOLY CELESTE TIRO ALTO BÁSICO;MPM10001752484-3;N10373CL-5;13/02/2025 17:49:48;4d_Retiro Tienda Ripley Plaza Egaña;Krstulovic;"Luz Maria ";;"Larrain 5800 ";" 3er Piso. Modulo Retiro en Tienda";;;NUNOA;REG.METROPOLITANA;CL;Carboni;Marcela;;diagonal oriente  5302;;;;NUNOA;REG.METROPOLITANA;CL;20990;0;495;0;21485;0;CLP
000000508667;23324295901-A;13/02/2025 17:53:43;Cerrado;14990;990;15980;2998;0.0000;11992;1;BODY ESCOTE ENCAJE ROJO NICOPOLY;MPM10001878084-2;N02151DM-5;13/02/2025 17:53:44;10d_Retiro Tienda Ripley La Serena;Milla;Carmen;;"Gregorio Cordovez 499 ";" 3er Piso. Modulo Retiro en Tienda";;;LA SERENA;IV REGION;CL;Milla;Carmen;;avenida mirador sur  3910;;;;LA SERENA;IV REGION;CL;14990;0;990;0;15980;0;CLP
000000508667;23324340701-A;13/02/2025 18:14:33;Cerrado;19790;3990;23780;3958;0.0000;15832;1;VESTIDO FLORAL NUDO NEGRO NICOPOLY;MPM10000705718-4;N04132BS;13/02/2025 18:14:35;Flujo Same day BX;Gutiérrez;Valentina;;Avenida Alfredo Silva Carvallo 1701;S/N;;;MAIPU;REG.METROPOLITANA;CL;Gutiérrez;Valentina;;Avenida Alfredo Silva Carvallo 1701;;;;MAIPU;REG.METROPOLITANA;CL;19790;0;3990;0;23780;0;CLP
000000508667;23325089301-A;13/02/2025 23:40:32;Cerrado;15990;4990;20980;3198;0.0000;12792;1;VESTIDO DRAPEADO AJUSTADO VERDE PETRÓLEO NICOPOLY;MPM00071262104-4;N02456EM;13/02/2025 23:40:33;Flujo Crossdock- Ripley PAQ;Arriagada Mller;Cristina;;Parques de carriel valle de maule 9390;43;;;CONCEPCION;VIII REGION;CL;Arriagada Mller;Cristina;;Parques de carriel valle de maule 9390;;;;CONCEPCION;VIII REGION;CL;15990;0;4990;0;20980;0;CLP
000000508667;23325468001-A;14/02/2025 10:26:13;Reembolsado;31990;495;32485;6398;0.0000;25592;1;VESTIDO MUJER NICOPOLY AZUL PLISADO ASIMÉTRICO REY;MPM10001849453-3;N05100CS;14/02/2025 10:26:14;8d_Retiro Tienda Ripley Castellón;Ramrez;Solange;;"Castellon 520, Concepcion ";6to Piso. Servicio al Cliente;;;CONCEPCION;VIII REGION;CL;Ramrez;Solange;;AVENIDA laguna Grande 800;;;;CONCEPCION;VIII REGION;CL;31990;0;495;0;32485;0;CLP
000000508667;23325468001-A;14/02/2025 10:26:13;Reembolsado;31990;495;32485;6398;0.0000;25592;1;VESTIDO MUJER NICOPOLY AZUL PLISADO ASIMÉTRICO REY;MPM10001849453-2;N05100CM;14/02/2025 10:26:14;8d_Retiro Tienda Ripley Castellón;Ramrez;Solange;;"Castellon 520, Concepcion ";6to Piso. Servicio al Cliente;;;CONCEPCION;VIII REGION;CL;Ramrez;Solange;;AVENIDA laguna Grande 800;;;;CONCEPCION;VIII REGION;CL;31990;0;495;0;32485;0;CLP
000000508667;23325793501-A;14/02/2025 13:47:49;Cerrado;16990;990;17980;3398;0.0000;13592;1;VESTIDO CORTO MUJER NICOPOLY ROJO ABERTURAS MANGAS;MPM10001849479-3;N02336DS-5;14/02/2025 13:47:51;5d_Retiro Tienda Ripley Chillán;Sepúlveda;Marcela;;"5 de Abril 699 ";4to Piso. Centro de atención al Cliente;;;CHILLAN;VIII REGION;CL;Sepulveda;Marcela;;Los alerces 923 923;;;;CHILLAN;VIII REGION;CL;16990;0;990;0;17980;0;CLP
000000508667;23325968701-A;14/02/2025 15:40:23;Cerrado;29990;0;29990;5998;0.0000;23992;1;BLAZER CON SOLAPA BLANCO NICOPOLY;MPM10001849469-4;N05062AM;14/02/2025 15:40:25;5d_Retiro Tienda Ripley Valparaíso;Segovia;Olga;;"Plaza Victoria 1646 ";" 4to Piso. Servicio al Cliente";;;VALPARAISO;V REGION;CL;Segovia;Olga;;Calle tercera 837;;;;VALPARAISO;V REGION;CL;29990;0;0;0;29990;0;CLP
000000508667;23325968702-A;14/02/2025 15:40:24;Reembolsado;49990;0;49990;9998;0.0000;39992;1;FULFILLMENT-ENTERITO CRUZADO 2 BOTONES VERDE OSCURO NICOPOLY;MPM10002146393-2;N05308EM-FF;14/02/2025 15:40:25;FF_MATRIX_STS;Segovia;Olga;;"Plaza Victoria 1646 ";" 4to Piso. Servicio al Cliente";;;VALPARAISO;V REGION;CL;Segovia;Olga;;Calle tercera 837;;;;VALPARAISO;V REGION;CL;49990;0;0;0;49990;0;CLP
000000508667;23326181501-A;14/02/2025 17:30:32;Cerrado;44990;495;45485;8998;0.0000;35992;1;BLAZER DE TOPE BOTONES DECORATIVOS ROJO OSCURO NICOPOLY;MPM10002122203-1;N05301DS;14/02/2025 17:30:33;5d_Retiro Tienda Ripley Marina Arauco;Yáñez;Paulina;;"Avenida Libertad 1348 ";" Piso 4. Modulo Retiro en Tienda";;;VI.A DEL MA;V REGION;CL;Yáñez;Paulina;;3 oriente 640;;;;VI.A DEL MA;V REGION;CL;44990;0;495;0;45485;0;CLP
000000508667;23326181501-A;14/02/2025 17:30:32;Cerrado;34990;495;35485;6998;0.0000;27992;1;PANTALÓN PIERNA ANCHA CON PASADOR ROJO OSCURO NICOPOLY;MPM10002122201-3;N05298DS;14/02/2025 17:30:33;5d_Retiro Tienda Ripley Marina Arauco;Yáñez;Paulina;;"Avenida Libertad 1348 ";" Piso 4. Modulo Retiro en Tienda";;;VI.A DEL MA;V REGION;CL;Yáñez;Paulina;;3 oriente 640;;;;VI.A DEL MA;V REGION;CL;34990;0;495;0;35485;0;CLP
000000508667;23326523401-A;14/02/2025 20:59:43;Cerrado;37990;990;38980;7598;0.0000;30392;1;VESTIDO TIPO BLAZER ROJO NICOPOLY;MPM10002128953-3;N05257DL;14/02/2025 20:59:44;8d_Retiro Tienda Ripley Castellón;Victoriano;Marly;;"Castellon 520, Concepcion ";6to Piso. Servicio al Cliente;;;CONCEPCION;VIII REGION;CL;Victoriano;Marly;;Antena VIII nro 534;;;;CONCEPCION;VIII REGION;CL;37990;0;990;0;38980;0;CLP
000000508667;23326622201-A;14/02/2025 21:58:35;Cerrado;18990;990;19980;3798;0.0000;15192;1;SOBRECAMISA TIPO PANA BROCHES BLANCO NICOPOLY;MPM10001713148-3;N05050AM;14/02/2025 21:58:36;4d_Retiro Tienda Ripley Plaza Oeste;González Contreras;Andrea;;"Américo Vespucio 1501 ";" 3er Piso. Modulo Retiro en Tienda";;;CERRILLOS;REG.METROPOLITANA;CL;González Contreras;Andrea;;Manuel Ojeda 53;;;;CERRILLOS;REG.METROPOLITANA;CL;18990;0;990;0;19980;0;CLP
000000508667;23326667001-A;14/02/2025 22:26:29;Cerrado;14990;990;15980;2998;0.0000;11992;1;BODY ESCOTE ENCAJE ROJO NICOPOLY;MPM10001878084-2;N02151DM-5;14/02/2025 22:26:30;4d_Retiro Tienda Ripley Arauco Maipu;Cardenas;Javiera;;"Av. Americo Vespucio 399 ";" 2do Piso. Modulo Retiro en Tienda";;;MAIPU;REG.METROPOLITANA;CL;Cardenas;Javiera;;Isabel riquelme sur 1459;;;;MAIPU;REG.METROPOLITANA;CL;14990;0;990;0;15980;0;CLP
000000508667;23326800401-A;14/02/2025 23:55:25;Cerrado;15990;5990;21980;3198;0.0000;12792;1;PANTALÓN MUJER NICOPOLY BLANCO TIRO ALTO JASPEADO;MPM10001849485-2;N05022AM;14/02/2025 23:55:26;Flujo Crossdock- Ripley PAQ;Loos;Liesbeth;;Av troncal 501 los boldos 410 410;410;;;QUILPUE;V REGION;CL;Loos;Liesbeth;;Av troncal 501 los boldos 410 410;;;;QUILPUE;V REGION;CL;15990;0;5990;0;21980;0;CLP
000000508667;23326851602-A;15/02/2025 00:30:48;Cerrado;13990;990;14980;2798;0.0000;11192;1;SHORT MUJER NICOPOLY VERDE MUSGO HOLGADO;MPM10001878087-2;N05078MS;15/02/2025 00:30:49;4d_Retiro Tienda Ripley Alameda;"Alvarado Gamboa ";"Karen ";;"Av Libertador Bernardo O'Higgins 3470, Santiago ";3er Piso. Modulo Retiro en Tienda;;;EST.CENTRAL;REG.METROPOLITANA;CL;"Alvarado Gamboa ";"Karen ";;Williams Rebolledo  1841;;;;EST.CENTRAL;REG.METROPOLITANA;CL;13990;0;990;0;14980;0;CLP
000000508667;23326942601-A;15/02/2025 03:45:13;Reembolsado;29990;0;29990;5998;0.0000;23992;1;CHAQUETA QUILT TIPO CAMISERA OLIVA NICOPOLY;MPM10001383865-2;N04190MS;15/02/2025 03:45:15;5d_Retiro Tienda Ripley Marina Arauco;Zamora;"Ester ";;"Avenida Libertad 1348 ";" Piso 4. Modulo Retiro en Tienda";;;VI.A DEL MA;V REGION;CL;Zamora;"Ester ";;Las Heras forestal 16;;;;VI.A DEL MA;V REGION;CL;29990;0;0;0;29990;0;CLP
000000508667;23327006001-A;15/02/2025 09:33:59;Cerrado;41990;990;42980;8398;0.0000;33592;1;BLAZER LARGO 4 BOTONES CELESTE NICOPOLY;MPM10001752437-2;N00212KM-5;15/02/2025 09:34:01;5d_Retiro Tienda Ripley Marina Arauco;Quiones;Catalina;;"Avenida Libertad 1348 ";" Piso 4. Modulo Retiro en Tienda";;;VI.A DEL MA;V REGION;CL;Quiones;Catalina;;Las camelias 29;;;;VI.A DEL MA;V REGION;CL;41990;0;990;0;42980;0;CLP
000000508667;23327109901-A;15/02/2025 11:14:52;Cerrado;19790;495;20285;3958;0.0000;15832;1;VESTIDO FLORAL NUDO BLANCO NICOPOLY;MPM10000705717-2;N04132AM;15/02/2025 11:14:54;4d_Retiro Tienda Ripley Plaza Oeste;Caceres;Nadia;;"Américo Vespucio 1501 ";" 3er Piso. Modulo Retiro en Tienda";;;CERRILLOS;REG.METROPOLITANA;CL;Caceres;Nadia;;Avenida Papa san teleforo  9417;;;;CERRILLOS;REG.METROPOLITANA;CL;19790;0;495;0;20285;0;CLP
000000508667;23327109901-A;15/02/2025 11:14:52;Cerrado;7990;495;8485;1598;0.0000;6392;1;TOP HOMBROS CAÍDOS NEGRO NICOPOLY;MPM10001878992-3;N05067BM;15/02/2025 11:14:54;4d_Retiro Tienda Ripley Plaza Oeste;Caceres;Nadia;;"Américo Vespucio 1501 ";" 3er Piso. Modulo Retiro en Tienda";;;CERRILLOS;REG.METROPOLITANA;CL;Caceres;Nadia;;Avenida Papa san teleforo  9417;;;;CERRILLOS;REG.METROPOLITANA;CL;7990;0;495;0;8485;0;CLP
000000508667;23327617001-A;15/02/2025 16:40:58;Cerrado;12990;3990;16980;2598;0.0000;10392;1;VESTIDO ESCOTE V FLORES VERDE NICOPOLY;MPM10000705702-3;N04141EM;15/02/2025 16:40:59;Flujo Same day BX;Rojas;Guisela;;Carlos Ossandón 951;F;;;LA REINA;REG.METROPOLITANA;CL;Rojas;Guisela;;Carlos Ossandón 951;;;;LA REINA;REG.METROPOLITANA;CL;12990;0;3990;0;16980;0;CLP
000000508667;23327652001-A;15/02/2025 17:03:22;Cerrado;31990;8990;40980;6398;0.0000;25592;1;ENTERITO MUJER NICOPOLY NEGRO ESCOTE V Y LAZO;MPM10001856357-3;N05010BS;15/02/2025 17:03:24;Flujo Crossdock- Ripley PAQ;González;Filomena;;Callejón Santa Leonor 7;Casa;;;SAG.FAMILIA;VII REGION;CL;González;Filomena;;Callejón Santa Leonor 7;;;;SAG.FAMILIA;VII REGION;CL;31990;0;8990;0;40980;0;CLP
000000508667;23328127201-A;15/02/2025 21:40:16;Cerrado;25990;990;26980;5198;0.0000;20792;1;VESTIDO MUJER NICOPOLY NEGRO STRAPLESS Y ESCOTE V;MPM10001856352-2;N05011BXL;15/02/2025 21:40:18;5d_Retiro Tienda Ripley El Trébol;Boudon;Alexis;;"Avenida Jorge Alessandri 3177 ";" 3er Piso. Modulo Retiro en Tienda";;;TALCAHUANO;VIII REGION;CL;Saavedra;Yerin;;Obispo Hipólito Salas 245;;;;TALCAHUANO;VIII REGION;CL;25990;0;990;0;26980;0;CLP
000000508667;23328224601-A;15/02/2025 22:39:46;Cerrado;26990;990;27980;5398;0.0000;21592;1;PANTALÓN MUJER NICOPOLY BLANCO PIERNA ANCHA;MPM10001856323-1;N04017AM-5;15/02/2025 22:39:47;5d_Retiro Tienda Ripley Talca;Varela;Anexia;;"8 Oriente 1212 ";" 2do Piso. Modulo Retiro en Tienda";;;TALCA;VII REGION;CL;Varela;Anexia;;lote1G1 parcela 7 san jorge sur 1G1;;;;TALCA;VII REGION;CL;26990;0;990;0;27980;0;CLP
000000508667;23328374401-A;16/02/2025 00:02:41;Cerrado;15990;3990;19980;3198;0.0000;12792;1;PANTALÓN MUJER NICOPOLY BLANCO TIRO ALTO JASPEADO;MPM10001849485-1;N05022AS;16/02/2025 00:02:42;Flujo Same day BX;Pedrazs;Catherine;;Avenida Holanda 320;305;;;PROVIDENCIA;REG.METROPOLITANA;CL;Pedrazs;Catherine;;Avenida Holanda 320;;;;PROVIDENCIA;REG.METROPOLITANA;CL;15990;0;3990;0;19980;0;CLP
000000508667;23328595501-A;16/02/2025 10:45:39;Reembolsado;20990;990;21980;4198;0.0000;16792;1;PANTALÓN MUJER NICOPOLY ROJO TIRO ALTO BÁSICO;MPM10001752474-2;N10373DM-5;16/02/2025 10:45:41;5d_Retiro Tienda Ripley Mall Concepción;Cuevas Leal;Tatiana;;"Barros Arana 1068, Concepcion ";" 3er Piso. Modulo Retiro en Tienda";;;CONCEPCION;VIII REGION;CL;Cuevas Leal;Tatiana;;Pedro de Valdivia  611;;;;CONCEPCION;VIII REGION;CL;20990;0;990;0;21980;0;CLP
000000508667;23328665601-A;16/02/2025 11:42:43;Cerrado;16990;3990;20980;3398;0.0000;13592;1;VESTIDO CORTO MUJER NICOPOLY NEGRO ABERTURAS MANGAS;MPM10001849481-1;N02336BM-5;16/02/2025 11:42:45;Flujo Same day BX;Katz;Sandra;;Avenida Francisco Bilbao 3561;408;;;PROVIDENCIA;REG.METROPOLITANA;CL;Katz;Sandra;;Avenida Francisco Bilbao 3561;;;;PROVIDENCIA;REG.METROPOLITANA;CL;16990;0;3990;0;20980;0;CLP
000000508667;23328888101-A;16/02/2025 13:54:35;Cerrado;21990;990;22980;4398;0.0000;17592;1;VESTIDO PLISADO VUELITOS NEGRO NICOPOLY;MPM00071351018-4;N02341BM;16/02/2025 13:54:37;5d_Retiro Tienda Ripley El Trébol;"Villegas ";"Emely ";;"Avenida Jorge Alessandri 3177 ";" 3er Piso. Modulo Retiro en Tienda";;;TALCAHUANO;VIII REGION;CL;"Villegas ";"Emely ";;Chillancito, Los Castaños  230;;;;TALCAHUANO;VIII REGION;CL;21990;0;990;0;22980;0;CLP
000000508667;23328980201-A;16/02/2025 14:50:49;Cerrado;15990;990;16980;3198;0.0000;12792;1;PANTALÓN MUJER NICOPOLY CELESTE TIRO ALTO JASPEADO;MPM10001849482-2;N05022KL;16/02/2025 14:50:51;5d_Retiro Tienda Ripley Viña del Mar Sucre;Lagos;Maria;;"Sucre 290, Viña ";5to Piso. Modulo Retiro en Tienda;;;VI.A DEL MA;V REGION;CL;Lagos;Maria;;subida claude 490;;;;VI.A DEL MA;V REGION;CL;15990;0;990;0;16980;0;CLP
000000508667;23329132201-A;16/02/2025 16:21:59;Cerrado;24990;3990;28980;4998;0.0000;19992;1;SHORT BÁSICO TIRO ALTO NEGRO NICOPOLY;MPM10002122140-2;N05260BM;16/02/2025 16:22:00;Flujo Same day BX;Gadea;Victoria;;Los Ginkos 13447;Casa;;;LAS CONDES;REG.METROPOLITANA;CL;Gadea;Victoria;;Los Ginkos 13447;;;;LAS CONDES;REG.METROPOLITANA;CL;24990;0;3990;0;28980;0;CLP
000000508667;23329321701-A;16/02/2025 17:54:03;Cerrado;14990;1596;16586;2998;0.0000;11992;1;TOP ACANALADO HOMBROS CAÍDOS BICOLOR NICOPOLY;MPM10001856348-3;N05129NS;16/02/2025 17:54:04;Flujo Same day BX;Herrera;Genesis;;Del rodeo 244;S/N;;;QUILICURA;REG.METROPOLITANA;CL;Herrera;Genesis;;Del rodeo 244;;;;QUILICURA;REG.METROPOLITANA;CL;14990;0;1596;0;16586;0;CLP
000000508667;23329321701-A;16/02/2025 17:54:03;Cerrado;9990;1596;11586;1998;0.0000;7992;1;CROP ENCAJE NEGRO NICOPOLY;MPM10001916739-1;N04032BM-5;16/02/2025 17:54:04;Flujo Same day BX;Herrera;Genesis;;Del rodeo 244;S/N;;;QUILICURA;REG.METROPOLITANA;CL;Herrera;Genesis;;Del rodeo 244;;;;QUILICURA;REG.METROPOLITANA;CL;9990;0;1596;0;11586;0;CLP
000000508667;23329321701-A;16/02/2025 17:54:03;Cerrado;15990;1596;17586;3198;0.0000;12792;1;PANTALÓN MUJER NICOPOLY BLANCO TIRO ALTO JASPEADO;MPM10001849485-2;N05022AM;16/02/2025 17:54:04;Flujo Same day BX;Herrera;Genesis;;Del rodeo 244;S/N;;;QUILICURA;REG.METROPOLITANA;CL;Herrera;Genesis;;Del rodeo 244;;;;QUILICURA;REG.METROPOLITANA;CL;15990;0;1596;0;17586;0;CLP
000000508667;23329388801-A;16/02/2025 18:25:16;Cerrado;31990;990;32980;6398;0.0000;25592;1;VESTIDO MUJER NICOPOLY ROJO PLISADO ASIMÉTRICO;MPM10001849452-2;N05100DM;16/02/2025 18:25:17;4d_Retiro Tienda Ripley Arauco Maipu;Valderrama;Gabriela;;"Av. Americo Vespucio 399 ";" 2do Piso. Modulo Retiro en Tienda";;;MAIPU;REG.METROPOLITANA;CL;Castillo;Raul Fernando;;Neptuno 097;;;;MAIPU;REG.METROPOLITANA;CL;31990;0;990;0;32980;0;CLP
000000508667;23329473801-A;16/02/2025 19:06:48;Cerrado;23990;2329;26319;4798;0.0000;19192;1;PANTALÓN MUJER NICOPOLY GRIS PINZAS RECTO;MPM10001497456-3;N04298NS;16/02/2025 19:06:51;Flujo Crossdock- Ripley PAQ;Bustamante Guerrero;Katherine Andrea;;Serrano 30;S/N;;;LINARES;VII REGION;CL;Bustamante Guerrero;Katherine Andrea;;Serrano 30;;;;LINARES;VII REGION;CL;23990;0;2329;0;26319;0;CLP
000000508667;23329473801-A;16/02/2025 19:06:48;Cerrado;23990;2329;26319;4798;0.0000;19192;1;PANTALÓN MUJER NICOPOLY BURDEO PINZAS RECTO;MPM10001497453-2;N04298TS;16/02/2025 19:06:51;Flujo Crossdock- Ripley PAQ;Bustamante Guerrero;Katherine Andrea;;Serrano 30;S/N;;;LINARES;VII REGION;CL;Bustamante Guerrero;Katherine Andrea;;Serrano 30;;;;LINARES;VII REGION;CL;23990;0;2329;0;26319;0;CLP
000000508667;23329473801-A;16/02/2025 19:06:48;Cerrado;20990;2329;23319;4198;0.0000;16792;1;PANTALÓN MUJER NICOPOLY KHAKI TIRO ALTO BÁSICO;MPM10001752467-1;N10373LS-5;16/02/2025 19:06:51;Flujo Crossdock- Ripley PAQ;Bustamante Guerrero;Katherine Andrea;;Serrano 30;S/N;;;LINARES;VII REGION;CL;Bustamante Guerrero;Katherine Andrea;;Serrano 30;;;;LINARES;VII REGION;CL;20990;0;2329;0;23319;0;CLP
000000508667;23329487702-A;16/02/2025 19:10:43;Cerrado;17990;3990;21980;3598;0.0000;14392;1;FALDA MUJER NICOPOLY AZUL MEDIO DENIM TAJO FRONTAL;MPM10001465759-1;N04269KL;16/02/2025 19:10:45;Flujo Same day BX;Fuentes;Elizabeth;;Salar Ascotan 1306;S/N;;;PUDAHUEL;REG.METROPOLITANA;CL;Fuentes;Elizabeth;;Salar Ascotan 1306;;;;PUDAHUEL;REG.METROPOLITANA;CL;17990;0;3990;0;21980;0;CLP
000000508667;23329743801-A;16/02/2025 21:26:23;Reembolsado;12490;330;12820;2498;0.0000;9992;1;CALZA MUJER NICOPOLY CAFÉ LISA CON CIERRE;MPM10001465390-1;N04295RM;16/02/2025 21:26:24;5d_Retiro Tienda Ripley Talca;Jaque;Grace;;"8 Oriente 1212 ";" 2do Piso. Modulo Retiro en Tienda";;;TALCA;VII REGION;CL;Jaque;Grace;;Semillero  00;;;;TALCA;VII REGION;CL;12490;0;330;0;12820;0;CLP
000000508667;23329743801-A;16/02/2025 21:26:23;Cerrado;14990;330;15320;2998;0.0000;11992;1;VESTIDO MUJER NICOPOLY NEGRO HOLGADO CON MANGAS CALADAS;MPM10001919205-2;N05120BM;16/02/2025 21:26:24;5d_Retiro Tienda Ripley Talca;Jaque;Grace;;"8 Oriente 1212 ";" 2do Piso. Modulo Retiro en Tienda";;;TALCA;VII REGION;CL;Jaque;Grace;;Semillero  00;;;;TALCA;VII REGION;CL;14990;0;330;0;15320;0;CLP
000000508667;23329743801-A;16/02/2025 21:26:23;Reembolsado;20990;330;21320;4198;0.0000;16792;1;PANTALÓN MUJER NICOPOLY KHAKI TIRO ALTO BÁSICO;MPM10001752467-4;N10373LM-5;16/02/2025 21:26:24;5d_Retiro Tienda Ripley Talca;Jaque;Grace;;"8 Oriente 1212 ";" 2do Piso. Modulo Retiro en Tienda";;;TALCA;VII REGION;CL;Jaque;Grace;;Semillero  00;;;;TALCA;VII REGION;CL;20990;0;330;0;21320;0;CLP
000000508667;23330064001-A;16/02/2025 23:51:39;Cerrado;15990;330;16320;3198;0.0000;12792;1;PANTALÓN MUJER NICOPOLY ROSADO TIRO ALTO JASPEADO;MPM10001849483-1;N05022HM;16/02/2025 23:51:40;10d_Retiro Tienda Ripley Iquique;Cáceres;Pamela;;"Vivar 550 ";" 4to Piso. Servicio al Cliente";;;IQUIQUE;I REGION;CL;Cáceres;Pamela;;Orella 965;;;;IQUIQUE;I REGION;CL;15990;0;330;0;16320;0;CLP
000000508667;23330064001-A;16/02/2025 23:51:39;Cerrado;15990;330;16320;3198;0.0000;12792;1;PANTALÓN MUJER NICOPOLY BLANCO TIRO ALTO JASPEADO;MPM10001849485-2;N05022AM;16/02/2025 23:51:40;10d_Retiro Tienda Ripley Iquique;Cáceres;Pamela;;"Vivar 550 ";" 4to Piso. Servicio al Cliente";;;IQUIQUE;I REGION;CL;Cáceres;Pamela;;Orella 965;;;;IQUIQUE;I REGION;CL;15990;0;330;0;16320;0;CLP
000000508667;23330064001-A;16/02/2025 23:51:39;Cerrado;15990;330;16320;3198;0.0000;12792;1;PANTALÓN MUJER NICOPOLY CELESTE TIRO ALTO JASPEADO;MPM10001849482-1;N05022KM;16/02/2025 23:51:40;10d_Retiro Tienda Ripley Iquique;Cáceres;Pamela;;"Vivar 550 ";" 4to Piso. Servicio al Cliente";;;IQUIQUE;I REGION;CL;Cáceres;Pamela;;Orella 965;;;;IQUIQUE;I REGION;CL;15990;0;330;0;16320;0;CLP
000000508667;23330121201-A;17/02/2025 00:26:18;Cerrado;15990;0;15990;3198;0.0000;12792;1;LEGGINS MUJER NICOPOLY CAFÉ LEGGING TIRO ALTO COSTURAS FRONTALES;MPM00089318452-1;N03032RL;17/02/2025 00:26:19;5d_Retiro Tienda Ripley Quilpué;Aguirre;Ximena;;"Claudio Vicuña 992, Quilpue ";" 3er Piso. Modulo Retiro en Tienda";;;QUILPUE;V REGION;CL;Aguirre;Ximena;;Condell sur 306;;;;QUILPUE;V REGION;CL;15990;0;0;0;15990;0;CLP
000000508667;23330121201-A;17/02/2025 00:26:18;Cerrado;15990;0;15990;3198;0.0000;12792;1;LEGGINS MUJER NICOPOLY BURDEO LEGGING TIRO ALTO COSTURAS FRONTALES;MPM00089316440-1;N03032TM;17/02/2025 00:26:19;5d_Retiro Tienda Ripley Quilpué;Aguirre;Ximena;;"Claudio Vicuña 992, Quilpue ";" 3er Piso. Modulo Retiro en Tienda";;;QUILPUE;V REGION;CL;Aguirre;Ximena;;Condell sur 306;;;;QUILPUE;V REGION;CL;15990;0;0;0;15990;0;CLP
000000508667;23330254602-A;17/02/2025 06:33:52;Cerrado;18990;4990;23980;3798;0.0000;15192;1;SOBRECAMISA TIPO PANA BROCHES BLANCO NICOPOLY;MPM10001713148-3;N05050AM;17/02/2025 06:33:54;Flujo Crossdock- Ripley PAQ;Angel;Gabriela;;Luis Abalos Lavanderos #1822 1822;Casa;;;LA SERENA;IV REGION;CL;Angel;Gabriela;;Luis Abalos Lavanderos #1822 1822;;;;LA SERENA;IV REGION;CL;18990;0;4990;0;23980;0;CLP
000000508667;23330259901-A;17/02/2025 07:17:49;Cerrado;49990;0;49990;9998;0.0000;39992;1;FULFILLMENT-BLAZER LARGO CUELLO CRUZADO KHAKI NICOPOLY;MPM10002146382-1;N05299LS-FF;17/02/2025 07:17:53;FF_MATRIX_STS;Godoy Fredes;Lorena Gabriela;;"Arturo Prat 530 ";" 4to Piso. Servicio al Cliente";;;ANTOFAGASTA;II REGION;CL;Godoy Fredes;Lorena Gabriela;;manuel antonio matta 2510;;;;ANTOFAGASTA;II REGION;CL;49990;0;0;0;49990;0;CLP
000000508667;23330427201-A;17/02/2025 10:49:45;Cerrado;26490;0;26490;5298;0.0000;21192;1;BLAZER BOLSILLOS Y BOTÓN  NEGRO NICOPOLY;MPM10001752517-1;N04260BM-5;17/02/2025 10:49:46;Flujo Same day BX;Cabezas;Javiera;;Del Inca 4421 Depto 133;133;;;LAS CONDES;REG.METROPOLITANA;CL;Cabezas;Javiera;;Del Inca 4421 Depto 133;;;;LAS CONDES;REG.METROPOLITANA;CL;26490;0;0;0;26490;0;CLP
000000508667;23330550201-A;17/02/2025 11:49:31;Cerrado;15990;0;15990;3198;0.0000;12792;1;PANTALÓN MUJER NICOPOLY CELESTE TIRO ALTO JASPEADO;MPM10001849482-1;N05022KM;17/02/2025 11:49:32;4d_Retiro Tienda Ripley Plaza Egaña;Alvarez De Guzman;Constanza;;"Larrain 5800 ";" 3er Piso. Modulo Retiro en Tienda";;;NUNOA;REG.METROPOLITANA;CL;Alvarez De Guzman;Constanza;;Irarrázaval 3785;;;;NUNOA;REG.METROPOLITANA;CL;15990;0;0;0;15990;0;CLP
000000508667;23330665602-A;17/02/2025 12:51:19;Cerrado;14990;3990;18980;2998;0.0000;11992;1;VESTIDO MUJER NICOPOLY NEGRO HOLGADO CON MANGAS CALADAS;MPM10001919205-2;N05120BM;17/02/2025 12:51:21;Flujo Same day BX;Loyola Venegas;Araceli;;Kant 3843;S/N;;;MAIPU;REG.METROPOLITANA;CL;Loyola Venegas;Araceli;;Kant 3843;;;;MAIPU;REG.METROPOLITANA;CL;14990;0;3990;0;18980;0;CLP
000000508667;23330967401-A;17/02/2025 15:11:22;Cerrado;15990;5495;21485;3198;0.0000;12792;1;PANTALÓN MUJER NICOPOLY CELESTE TIRO ALTO JASPEADO;MPM10001849482-1;N05022KM;17/02/2025 15:11:23;Flujo Crossdock- Ripley PAQ;Martinez Caceres;Lidy Vanessa;;Julio echeverria 398;Casa;;;SALAMANCA;IV REGION;CL;Martinez Caceres;Lidy Vanessa;;Julio echeverria 398;;;;SALAMANCA;IV REGION;CL;15990;0;5495;0;21485;0;CLP
000000508667;23330967401-A;17/02/2025 15:11:22;Cerrado;9990;5495;15485;1998;0.0000;7992;1;CROP TOP JASPEADO CELESTE NICOPOLY;MPM10001849443-3;N05021KM;17/02/2025 15:11:23;Flujo Crossdock- Ripley PAQ;Martinez Caceres;Lidy Vanessa;;Julio echeverria 398;Casa;;;SALAMANCA;IV REGION;CL;Martinez Caceres;Lidy Vanessa;;Julio echeverria 398;;;;SALAMANCA;IV REGION;CL;9990;0;5495;0;15485;0;CLP
000000508667;23331346901-A;17/02/2025 17:50:10;Cerrado;49990;0;49990;9998;0.0000;39992;1;FULFILLMENT-BLAZER LARGO CUELLO CRUZADO VERDE OSCURO NICOPOLY;MPM10002146366-1;N05299EXL-FF;17/02/2025 17:50:12;FF_MATRIX;Fernández Román;Isabel;;El Trébol 4 condom El Duraznal P D32;S/N;;;C. DE TANGO;REG.METROPOLITANA;CL;Fernández Román;Isabel;;El Trébol 4 condom El Duraznal P D32;;;;C. DE TANGO;REG.METROPOLITANA;CL;49990;0;0;0;49990;0;CLP
000000508667;23331717501-A;17/02/2025 20:47:41;Cerrado;14990;990;15980;2998;0.0000;11992;1;VESTIDO CORTO MUJER NICOPOLY ROSADO CUELLO HALTER;MPM10001878077-1;N04063HM-5;17/02/2025 20:47:42;4d_Retiro Tienda Ripley Florida Center;Lupallante;Vanessa Lucial;;"Vicuña Mackenna Oriente 6100, La Florida ";3er Piso. Modulo Retiro en Tienda;;;LA FLORIDA;REG.METROPOLITANA;CL;Lupallante;Vanessa Lucial;;Álvarez de Toledo 845;;;;LA FLORIDA;REG.METROPOLITANA;CL;14990;0;990;0;15980;0;CLP
000000508667;23331795101-A;17/02/2025 21:22:40;Cerrado;13990;990;14980;2798;0.0000;11192;1;ENTERITO MUJER NICOPOLY MORADO CORTO FLOREADO;MPM10001878059-3;N05127AS;17/02/2025 21:22:41;4d_Retiro Tienda Ripley Arauco Maipu;Ortiz;Daniela;;"Av. Americo Vespucio 399 ";" 2do Piso. Modulo Retiro en Tienda";;;MAIPU;REG.METROPOLITANA;CL;Ortiz;Daniela;;Tierra fertil 1745;;;;MAIPU;REG.METROPOLITANA;CL;13990;0;990;0;14980;0;CLP
000000508667;23331835801-A;17/02/2025 21:37:05;Reembolsado;15990;990;16980;3198;0.0000;12792;1;PANTALÓN MUJER NICOPOLY BLANCO TIRO ALTO JASPEADO;MPM10001849485-2;N05022AM;17/02/2025 21:37:06;5d_Retiro Tienda Ripley Talca;Verdugo;Lorena;;"8 Oriente 1212 ";" 2do Piso. Modulo Retiro en Tienda";;;TALCA;VII REGION;CL;Verdugo;Lorena;;Villa doña antonia san javier 604;;;;TALCA;VII REGION;CL;15990;0;990;0;16980;0;CLP
000000508667;23331848201-A;17/02/2025 21:41:58;Cerrado;19990;3990;23980;3998;0.0000;15992;1;VESTIDO MUJER NICOPOLY NEGRO PABILO CON VOLANTES;MPM10001878064-2;N05013BM;17/02/2025 21:42:00;Flujo Same day BX;Huerta;Belen;;Pedro montt montt 1332;S/N;;;PUENTE ALTO;REG.METROPOLITANA;CL;Huerta;Belen;;Pedro montt montt 1332;;;;PUENTE ALTO;REG.METROPOLITANA;CL;19990;0;3990;0;23980;0;CLP
000000508667;23331860401-A;17/02/2025 21:49:08;Cerrado;25990;0;25990;5198;0.0000;20792;1;FULFILLMENT-GILET BÁSICO 4 BOTONES NEGRO NICOPOLY;MPM10002146380-1;N05262BS-FF;17/02/2025 21:49:10;FF_MATRIX_STS;Rocuant;Bayron;;"José Domingo Mujica 490 ";" 3er Piso. Modulo Retiro en Tienda";;;RANCAGUA;VI REGION;CL;Rivera;Yailin;;Pasaje queilen 1505;;;;RANCAGUA;VI REGION;CL;25990;0;0;0;25990;0;CLP
000000508667;23332061501-A;17/02/2025 23:03:36;Cerrado;16990;990;17980;3398;0.0000;13592;1;BLUSA EFECTO CRUZADO TIPO SATÍN NEGRO NICOPOLY;MPM10001491742-4;N04297BL;17/02/2025 23:03:38;5d_Retiro Tienda Ripley Los Ángeles;Saavedra;David;;"Valdivia 440, Los Angeles ";" 3er Piso. Servicio al Cliente";;;LOS ANGELES;VIII REGION;CL;"Saavedra ";Luz;;Calle Cibeles 201;;;;LOS ANGELES;VIII REGION;CL;16990;0;990;0;17980;0;CLP
000000508667;23332511401-A;18/02/2025 10:08:35;Cerrado;13990;990;14980;2798;0.0000;11192;1;VESTIDO CORTO MUJER NICOPOLY BLANCO ABERTURAS MANGAS;MPM10001849478-1;N02336AM-5;18/02/2025 10:08:37;10d_Retiro Tienda Ripley Antofagasta;Julio;Janet;;"Arturo Prat 530 ";" 4to Piso. Servicio al Cliente";;;ANTOFAGASTA;II REGION;CL;Julio;Janet;;Hector rojas albornoz  9727;;;;ANTOFAGASTA;II REGION;CL;13990;0;990;0;14980;0;CLP
000000508667;23332524301-A;18/02/2025 10:21:29;Cerrado;13990;3990;17980;2798;0.0000;11192;1;VESTIDO FLORES DETALLES DORADOS AMARILLO NICOPOLY;MPM00071262894-2;N02470FL;18/02/2025 10:21:30;Flujo Same day BX;Contreras Rioseco;"Constanza Analia ";;Río Douro 7915;Casa;;;CERRO NAVIA;REG.METROPOLITANA;CL;Contreras Rioseco;"Constanza Analia ";;Río Douro 7915;;;;CERRO NAVIA;REG.METROPOLITANA;CL;13990;0;3990;0;17980;0;CLP
000000508667;23332634501-A;18/02/2025 11:29:18;Cerrado;18990;0;18990;3798;0.0000;15192;1;SOBRECAMISA TIPO PANA BROCHES BLANCO NICOPOLY;MPM10001713148-3;N05050AM;18/02/2025 11:29:19;5d_Retiro Tienda Ripley Talca;"Poblete ";"Karen ";;"8 Oriente 1212 ";" 2do Piso. Modulo Retiro en Tienda";;;TALCA;VII REGION;CL;"Poblete ";"Karen ";;"11 norte  1035 ";;;;TALCA;VII REGION;CL;18990;0;0;0;18990;0;CLP
000000508667;23332673101-A;18/02/2025 11:47:28;Cerrado;13990;990;14980;2798;0.0000;11192;1;VESTIDO FLORES DETALLES DORADOS AMARILLO NICOPOLY;MPM00071262894-1;N02470FM;18/02/2025 11:47:29;5d_Retiro Tienda Ripley Rancagua;Pereda;Diego;;"José Domingo Mujica 490 ";" 3er Piso. Modulo Retiro en Tienda";;;RANCAGUA;VI REGION;CL;Pereda;Diego;;Villa Torres del paine  0704;;;;RANCAGUA;VI REGION;CL;13990;0;990;0;14980;0;CLP
000000508667;23332687002-A;18/02/2025 11:54:59;Reembolsado;14990;990;15980;2998;0.0000;11992;1;VESTIDO TAJO Y VUELO CELESTE NICOPOLY;MPM00066161664-5;N02306KS;18/02/2025 11:55:01;4d_Retiro Tienda Ripley Plaza Oeste;Manzo;Andrea Beatriz;;"Américo Vespucio 1501 ";" 3er Piso. Modulo Retiro en Tienda";;;CERRILLOS;REG.METROPOLITANA;CL;Manzo;Andrea Beatriz;;Cerro altar  1910;;;;CERRILLOS;REG.METROPOLITANA;CL;14990;0;990;0;15980;0;CLP
000000508667;23332806201-A;18/02/2025 12:49:52;Cerrado;14990;0;14990;2998;0.0000;11992;1;FALDA MUJER NICOPOLY BURDEO MIDI ACANALADA;MPM10001491710-1;N04176TL;18/02/2025 12:49:54;Flujo Same day BX;Fuentes Vargas;Beatriz Soledad;;Antonio Varas 880;OFICI;;;PROVIDENCIA;REG.METROPOLITANA;CL;Fuentes Vargas;Beatriz Soledad;;Antonio Varas 880;;;;PROVIDENCIA;REG.METROPOLITANA;CL;14990;0;0;0;14990;0;CLP
000000508667;23332806201-A;18/02/2025 12:49:52;Cerrado;14990;0;14990;2998;0.0000;11992;1;FALDA MUJER NICOPOLY NEGRO MIDI ACANALADA;MPM10001491711-1;N04176BL;18/02/2025 12:49:54;Flujo Same day BX;Fuentes Vargas;Beatriz Soledad;;Antonio Varas 880;OFICI;;;PROVIDENCIA;REG.METROPOLITANA;CL;Fuentes Vargas;Beatriz Soledad;;Antonio Varas 880;;;;PROVIDENCIA;REG.METROPOLITANA;CL;14990;0;0;0;14990;0;CLP
000000508667;23332807301-A;18/02/2025 12:50:08;Cerrado;26490;4796;31286;5298;0.0000;21192;1;BLAZER BOLSILLOS Y BOTÓN CELESTE NICOPOLY;MPM10001752431-1;N04260CM-5;18/02/2025 12:50:10;Flujo Crossdock- Ripley PAQ;Ayancan;Luz Eliana;;Trafulmapu 166;Casa;;;CALBUCO;X REGION;CL;Ayancan;Luz Eliana;;Trafulmapu 166;;;;CALBUCO;X REGION;CL;26490;0;4796;0;31286;0;CLP
000000508667;23332807301-A;18/02/2025 12:50:08;Cerrado;26490;4796;31286;5298;0.0000;21192;1;BLAZER BOLSILLOS Y BOTÓN ROJO NICOPOLY;MPM10001752521-3;N04260DM-5;18/02/2025 12:50:10;Flujo Crossdock- Ripley PAQ;Ayancan;Luz Eliana;;Trafulmapu 166;Casa;;;CALBUCO;X REGION;CL;Ayancan;Luz Eliana;;Trafulmapu 166;;;;CALBUCO;X REGION;CL;26490;0;4796;0;31286;0;CLP
000000508667;23332807301-A;18/02/2025 12:50:08;Cerrado;31990;4796;36786;6398;0.0000;25592;1;BLAZER BOLSILLOS CON SOLAPAS KHAKI NICOPOLY;MPM10001437613-3;N04260LM;18/02/2025 12:50:10;Flujo Crossdock- Ripley PAQ;Ayancan;Luz Eliana;;Trafulmapu 166;Casa;;;CALBUCO;X REGION;CL;Ayancan;Luz Eliana;;Trafulmapu 166;;;;CALBUCO;X REGION;CL;31990;0;4796;0;36786;0;CLP
000000508667;23333349001-A;18/02/2025 17:12:49;Cerrado;23990;990;24980;4798;0.0000;19192;1;PANTALÓN MUJER NICOPOLY ÓXIDO PINZAS RECTO;MPM10001497472-4;N04298RXL;18/02/2025 17:12:51;5d_Retiro Tienda Ripley El Trébol;Muscat;Waleska;;"Avenida Jorge Alessandri 3177 ";" 3er Piso. Modulo Retiro en Tienda";;;TALCAHUANO;VIII REGION;CL;Muscat;Waleska;;Pasaje 8  126;;;;TALCAHUANO;VIII REGION;CL;23990;0;990;0;24980;0;CLP
000000508667;23333395701-A;18/02/2025 17:30:52;Cerrado;15990;330;16320;3198;0.0000;12792;1;PANTALÓN MUJER NICOPOLY BLANCO TIRO ALTO JASPEADO;MPM10001849485-2;N05022AM;18/02/2025 17:30:53;5d_Retiro Tienda Ripley Valparaíso;Bastidas;Carol;;"Plaza Victoria 1646 ";" 4to Piso. Servicio al Cliente";;;VALPARAISO;V REGION;CL;Bastidas;Carol;;Avenida curauma sur 2442 264;;;;VALPARAISO;V REGION;CL;15990;0;330;0;16320;0;CLP
000000508667;23333395701-A;18/02/2025 17:30:52;Cerrado;24990;330;25320;4998;0.0000;19992;1;PANTALÓN MUJER NICOPOLY CELESTE PINZAS TIRO ALTO;MPM10001752461-4;N04120KM-5;18/02/2025 17:30:53;5d_Retiro Tienda Ripley Valparaíso;Bastidas;Carol;;"Plaza Victoria 1646 ";" 4to Piso. Servicio al Cliente";;;VALPARAISO;V REGION;CL;Bastidas;Carol;;Avenida curauma sur 2442 264;;;;VALPARAISO;V REGION;CL;24990;0;330;0;25320;0;CLP
000000508667;23333395701-A;18/02/2025 17:30:52;Cerrado;16490;330;16820;3298;0.0000;13192;1;PANTALÓN MUJER NICOPOLY CELESTE PIERNA ANCHA;MPM10001856342-4;N04017KM-5;18/02/2025 17:30:53;5d_Retiro Tienda Ripley Valparaíso;Bastidas;Carol;;"Plaza Victoria 1646 ";" 4to Piso. Servicio al Cliente";;;VALPARAISO;V REGION;CL;Bastidas;Carol;;Avenida curauma sur 2442 264;;;;VALPARAISO;V REGION;CL;16490;0;330;0;16820;0;CLP
000000508667;23333599001-A;18/02/2025 19:04:28;Cerrado;21990;4990;26980;4398;0.0000;17592;1;ENTERITO MUJER NICOPOLY BURDEO DETALLES DORADOS HOMBROS;MPM00081462634-2;N03017TL;18/02/2025 19:04:29;Flujo Crossdock- Ripley PAQ;Catalan;Ernestina;;AVENIDA PDTE SALVADOR ALLENDE PARADER 12;S/N;;;RANCAGUA;VI REGION;CL;Catalan;Ernestina;;AVENIDA PDTE SALVADOR ALLENDE PARADER 12;;;;RANCAGUA;VI REGION;CL;21990;0;4990;0;26980;0;CLP
000000508667;23333606401-A;18/02/2025 19:08:34;Cerrado;20990;990;21980;4198;0.0000;16792;1;VESTIDO ASIMÉTRICO MUJER NICOPOLY CELESTE;MPM10001878070-1;N05086KM;18/02/2025 19:08:35;11d_Retiro Tienda Ripley Temuco;"Huentecura Canio ";"Cecilia ";;"Arturo Prat 656, Temuco ";2do Piso. Modulo Retiro en Tienda;;;TEMUCO;IX REGION;CL;"Huentecura Canio ";"Cecilia ";;"Rudecindo Ortega  1575 ";;;;TEMUCO;IX REGION;CL;20990;0;990;0;21980;0;CLP
000000508667;23333678401-A;18/02/2025 19:39:08;Cerrado;17990;4990;22980;3598;0.0000;14392;1;SHORT MUJER NICOPOLY GRIS BÁSICO FORMAL;MPM10001437619-3;N04049NM-4;18/02/2025 19:39:09;Flujo Crossdock- Ripley PAQ;Guzman Covarrubias;"Maria Fernanda ";;Independencia 470;51;;;RANCAGUA;VI REGION;CL;Guzman Covarrubias;"Maria Fernanda ";;Independencia 470;;;;RANCAGUA;VI REGION;CL;17990;0;4990;0;22980;0;CLP
000000508667;23333682901-A;18/02/2025 19:44:22;Cerrado;12990;990;13980;2598;0.0000;10392;1;BODY HALTER TIPO SATÍN BURDEO NICOPOLY;MPM10001878232-3;N05047TL;18/02/2025 19:44:24;4d_Retiro Tienda Ripley Plaza Oeste;Montenegro;Marcela;;"Américo Vespucio 1501 ";" 3er Piso. Modulo Retiro en Tienda";;;CERRILLOS;REG.METROPOLITANA;CL;Montenegro;Marcela;;Pakistán  1229;;;;CERRILLOS;REG.METROPOLITANA;CL;12990;0;990;0;13980;0;CLP
000000508667;23333705502-A;18/02/2025 19:53:36;Reembolsado;28990;0;28990;5798;0.0000;23192;1;FULFILLMENT-GILET ESPALDA AJUSTABLE ROJO NICOPOLY;MPM10002146385-3;N04273DM-6-FF;18/02/2025 19:53:38;FF_MATRIX;Saez;Soledad;;Acceso sur a Penco km 7,95  654;654;;;CONCEPCION;VIII REGION;CL;Saez;Soledad;;Acceso sur a Penco km 7,95  654;;;;CONCEPCION;VIII REGION;CL;28990;0;0;0;28990;0;CLP
000000508667;23333771301-A;18/02/2025 20:25:45;Reembolsado;20990;3990;24980;4198;0.0000;16792;1;VESTIDO ASIMÉTRICO MUJER NICOPOLY CELESTE;MPM10001878070-1;N05086KM;18/02/2025 20:25:46;Flujo Same day BX;Naveas;Loreto;;SIERRA ESMERALDA 3967;CASA;;;PE.ALOLEN;REG.METROPOLITANA;CL;Naveas;Loreto;;SIERRA ESMERALDA 3967;;;;PE.ALOLEN;REG.METROPOLITANA;CL;20990;0;3990;0;24980;0;CLP
000000508667;23333922201-A;18/02/2025 21:38:52;Reembolsado;23990;990;24980;4798;0.0000;19192;1;PANTALÓN MUJER NICOPOLY BURDEO PINZAS RECTO;MPM10001497453-4;N04298TL;18/02/2025 21:38:53;5d_Retiro Tienda Ripley Valparaíso;Leiva;"Marcela ";;"Plaza Victoria 1646 ";" 4to Piso. Servicio al Cliente";;;VALPARAISO;V REGION;CL;Leiva;"Marcela ";;Del Maitén  10;;;;VALPARAISO;V REGION;CL;23990;0;990;0;24980;0;CLP
000000508667;23333960601-A;18/02/2025 21:51:20;Cerrado;31990;4395;36385;6398;0.0000;25592;1;VESTIDO MUJER NICOPOLY ROJO PLISADO ASIMÉTRICO;MPM10001849452-2;N05100DM;18/02/2025 21:51:22;Flujo Crossdock- Ripley PAQ;Palma;Constanza;;Cienfuegos 1290;S/N;;;SAN JAVIER;VII REGION;CL;Palma;Constanza;;Cienfuegos 1290;;;;SAN JAVIER;VII REGION;CL;31990;0;4395;0;36385;0;CLP
000000508667;23333960601-A;18/02/2025 21:51:20;Cerrado;16990;4395;21385;3398;0.0000;13592;1;VESTIDO CORTO MUJER NICOPOLY NEGRO ABERTURAS MANGAS;MPM10001849481-1;N02336BM-5;18/02/2025 21:51:22;Flujo Crossdock- Ripley PAQ;Palma;Constanza;;Cienfuegos 1290;S/N;;;SAN JAVIER;VII REGION;CL;Palma;Constanza;;Cienfuegos 1290;;;;SAN JAVIER;VII REGION;CL;16990;0;4395;0;21385;0;CLP
000000508667;23334123601-A;18/02/2025 22:55:50;Cerrado;22990;990;23980;4598;0.0000;18392;1;VESTIDO CORTO MUJER NICOPOLY NEGRO TULIPÁN;MPM10001878058-2;N04064BM-5;18/02/2025 22:55:51;4d_Retiro Tienda Ripley Plaza Vespucio;González;Pau;;"Av. Vicuña Mackenna Ote. 7110, La Florida ";3er Piso. Modulo Retiro en Tienda;;;LA FLORIDA;REG.METROPOLITANA;CL;González;Pau;;Colombia 7300 132;;;;LA FLORIDA;REG.METROPOLITANA;CL;22990;0;990;0;23980;0;CLP
000000508667;23334321401-A;19/02/2025 00:31:36;Cerrado;13990;2195;16185;2798;0.0000;11192;1;ENTERITO MUJER NICOPOLY MORADO CORTO FLOREADO;MPM10001878059-1;N05127AM;19/02/2025 00:31:37;Flujo Same day BX;Parada Corrales;Patricia;;carlos salas herrera 4245;Casa;;;CONCHALI;REG.METROPOLITANA;CL;Parada Corrales;Patricia;;carlos salas herrera 4245;;;;CONCHALI;REG.METROPOLITANA;CL;13990;0;2195;0;16185;0;CLP
000000508667;23334321401-A;19/02/2025 00:31:36;Cerrado;15990;2195;18185;3198;0.0000;12792;1;PANTALÓN MUJER NICOPOLY CELESTE TIRO ALTO JASPEADO;MPM10001849482-2;N05022KL;19/02/2025 00:31:37;Flujo Same day BX;Parada Corrales;Patricia;;carlos salas herrera 4245;Casa;;;CONCHALI;REG.METROPOLITANA;CL;Parada Corrales;Patricia;;carlos salas herrera 4245;;;;CONCHALI;REG.METROPOLITANA;CL;15990;0;2195;0;18185;0;CLP
000000508667;23334362901-A;19/02/2025 01:03:51;Reembolsado;15990;990;16980;3198;0.0000;12792;1;PANTALÓN MUJER NICOPOLY BLANCO TIRO ALTO JASPEADO;MPM10001849485-1;N05022AS;19/02/2025 01:03:53;4d_Retiro Tienda Ripley Costanera Center;Varas;Constanza;;"Avenida Andrés Bello 2422 ";" 1er Piso. Modulo Retiro en Tienda";;;PROVIDENCIA;REG.METROPOLITANA;CL;Varas;Constanza;;Briones luco 0198;;;;PROVIDENCIA;REG.METROPOLITANA;CL;15990;0;990;0;16980;0;CLP
000000508667;23334513001-A;19/02/2025 09:09:44;Cerrado;25990;0;25990;5198;0.0000;20792;1;FULFILLMENT-GILET BÁSICO 4 BOTONES VERDE OSCURO NICOPOLY;MPM10002146374-1;N05262EL-FF;19/02/2025 09:09:46;FF_MATRIX_DX;Cabrera;Judith;;Sofia carmona 91;J 139;;;LA GRANJA;REG.METROPOLITANA;CL;Cabrera;Judith;;Sofia carmona 91;;;;LA GRANJA;REG.METROPOLITANA;CL;25990;0;0;0;25990;0;CLP
000000508667;23334555703-A;19/02/2025 09:50:44;Reembolsado;16990;0;16990;3398;0.0000;13592;1;CÁRDIGAN BOTONES ACANALADO BURDEOS NICOPOLY;MPM10001491756-2;N04180TM;19/02/2025 09:50:46;5d_Retiro Tienda Ripley Valparaíso;Araneda;Angelica;;"Plaza Victoria 1646 ";" 4to Piso. Servicio al Cliente";;;VALPARAISO;V REGION;CL;Araneda;Angelica;;Amunategui 2500;;;;VALPARAISO;V REGION;CL;16990;0;0;0;16990;0;CLP
000000508667;23334779901-A;19/02/2025 11:57:17;Reembolsado;26490;3990;30480;5298;0.0000;21192;1;BLAZER BOLSILLOS Y BOTÓN ROJO NICOPOLY;MPM10001752521-3;N04260DM-5;19/02/2025 11:57:18;Flujo Same day BX;Delgado;Irene;;LOS ALMENDROS  6897;S/N;;;PE.ALOLEN;REG.METROPOLITANA;CL;Delgado;Irene;;LOS ALMENDROS  6897;;;;PE.ALOLEN;REG.METROPOLITANA;CL;26490;0;3990;0;30480;0;CLP
000000508667;23334906301-A;19/02/2025 13:00:35;Cerrado;26490;990;27480;5298;0.0000;21192;1;BLAZER BOLSILLOS Y BOTÓN ROJO NICOPOLY;MPM10001752521-2;N04260DS-5;19/02/2025 13:00:36;10d_Retiro Tienda Ripley La Serena;"Valenzuela ";Aura;;"Gregorio Cordovez 499 ";" 3er Piso. Modulo Retiro en Tienda";;;LA SERENA;IV REGION;CL;"Sepulveda ";Mariel;;Pasaje navidad 3850;;;;LA SERENA;IV REGION;CL;26490;0;990;0;27480;0;CLP
000000508667;23334982902-A;19/02/2025 13:36:42;Reembolsado;26490;0;26490;5298;0.0000;21192;1;BLAZER BOLSILLOS Y BOTÓN CELESTE NICOPOLY;MPM10001752431-1;N04260CM-5;19/02/2025 13:36:43;5d_Retiro Tienda Ripley Talca;Caceres;Constanza;;"8 Oriente 1212 ";" 2do Piso. Modulo Retiro en Tienda";;;TALCA;VII REGION;CL;Caceres;Constanza;;24 y media norte J 4139;;;;TALCA;VII REGION;CL;26490;0;0;0;26490;0;CLP
000000508667;23335128101-A;19/02/2025 14:43:52;Cerrado;15990;2195;18185;3198;0.0000;12792;1;BLUSA ESCOTE V SIN MANGAS NEGRO NICOPOLY;MPM10001919206-3;N05136BM;19/02/2025 14:43:54;Flujo Crossdock- Ripley PAQ;Alcaino;Johanna;;pasaje 16 sur  03629;casa;;;LO ESPEJO;REG.METROPOLITANA;CL;Alcaino;Johanna;;pasaje 16 sur  03629;;;;LO ESPEJO;REG.METROPOLITANA;CL;15990;0;2195;0;18185;0;CLP
000000508667;23335128101-A;19/02/2025 14:43:52;Cerrado;15990;2195;18185;3198;0.0000;12792;1;BLUSA ESCOTE V SIN MANGAS ROJO NICOPOLY;MPM10001919210-3;N05136DM;19/02/2025 14:43:54;Flujo Crossdock- Ripley PAQ;Alcaino;Johanna;;pasaje 16 sur  03629;casa;;;LO ESPEJO;REG.METROPOLITANA;CL;Alcaino;Johanna;;pasaje 16 sur  03629;;;;LO ESPEJO;REG.METROPOLITANA;CL;15990;0;2195;0;18185;0;CLP
000000508667;23335294801-A;19/02/2025 16:04:47;Cerrado;15990;0;15990;3198;0.0000;12792;1;CÁRDIGAN PUNTO FANTASÍA GRIS NICOPOLY;MPM00040989076-3;N02086IXL;19/02/2025 16:04:49;10d_Retiro Tienda Ripley Portal Temuco;Darwitg;"Tamara ";;"Avenida Alemania 0671 ";3er Piso, Modulo Retiro en Tienda;;;TEMUCO;IX REGION;CL;Darwitg;"Tamara ";;Sargento aldea 0992;;;;TEMUCO;IX REGION;CL;15990;0;0;0;15990;0;CLP
000000508667;23335439801-A;19/02/2025 17:13:43;Reembolsado;16990;495;17485;3398;0.0000;13592;1;VESTIDO CORTO MUJER NICOPOLY NEGRO ABERTURAS MANGAS;MPM10001849481-1;N02336BM-5;19/02/2025 17:13:44;4d_Retiro Tienda Ripley Alameda;Aguila;Constanza;;"Av Libertador Bernardo O'Higgins 3470, Santiago ";3er Piso. Modulo Retiro en Tienda;;;EST.CENTRAL;REG.METROPOLITANA;CL;Aguila;Constanza;;Exequiel Fernández 1928;;;;EST.CENTRAL;REG.METROPOLITANA;CL;16990;0;495;0;17485;0;CLP
000000508667;23335439801-A;19/02/2025 17:13:43;Reembolsado;16990;495;17485;3398;0.0000;13592;1;VESTIDO CORTO MUJER NICOPOLY ROJO ABERTURAS MANGAS;MPM10001849479-3;N02336DS-5;19/02/2025 17:13:44;4d_Retiro Tienda Ripley Alameda;Aguila;Constanza;;"Av Libertador Bernardo O'Higgins 3470, Santiago ";3er Piso. Modulo Retiro en Tienda;;;EST.CENTRAL;REG.METROPOLITANA;CL;Aguila;Constanza;;Exequiel Fernández 1928;;;;EST.CENTRAL;REG.METROPOLITANA;CL;16990;0;495;0;17485;0;CLP
000000508667;23335453701-A;19/02/2025 17:19:26;Reembolsado;14990;980;15970;2998;0.0000;11992;1;BODY ESCOTE ENCAJE ROJO NICOPOLY;MPM10001878084-1;N02151DS-5;19/02/2025 17:19:28;Flujo Crossdock- Ripley PAQ;Valenzuela;Valeria;;Los ganaderos 03681;Casa;;;TEMUCO;IX REGION;CL;Valenzuela;Valeria;;Los ganaderos 03681;;;;TEMUCO;IX REGION;CL;14990;0;980;0;15970;0;CLP
000000508667;23335778701-A;19/02/2025 20:15:23;Cerrado;35990;0;35990;7198;0.0000;28792;1;FULFILLMENT-PANTALÓN RECTO CON PINZAS ROJO NICOPOLY;MPM10002146400-1;N04277DM-6-FF;19/02/2025 20:15:25;FF_MATRIX;Cid;Javier;;Calle el bosque 610;Casa;;;LOS ANGELES;VIII REGION;CL;Cid;Javier;;Calle el bosque 610;;;;LOS ANGELES;VIII REGION;CL;35990;0;0;0;35990;0;CLP
000000508667;23335822801-A;19/02/2025 20:37:50;Cerrado;26490;990;27480;5298;0.0000;21192;1;BLAZER BOLSILLOS Y BOTÓN  NEGRO NICOPOLY;MPM10001752517-1;N04260BM-5;19/02/2025 20:37:51;5d_Retiro Tienda Ripley Rancagua;"Leviqueo ";"Alvaro ";;"José Domingo Mujica 490 ";" 3er Piso. Modulo Retiro en Tienda";;;RANCAGUA;VI REGION;CL;"Leviqueo ";"Alvaro ";;Condominio camino real  174;;;;RANCAGUA;VI REGION;CL;26490;0;990;0;27480;0;CLP
000000508667;23335920101-A;19/02/2025 21:28:29;Cerrado;15990;990;16980;3198;0.0000;12792;1;CÁRDIGAN PUNTO FINO CADENETAS NEGRO NICOPOLY;MPM10001465232-2;N04254BL;19/02/2025 21:28:30;5d_Retiro Tienda Ripley Valparaíso;Céspedes;Camila;;"Plaza Victoria 1646 ";" 4to Piso. Servicio al Cliente";;;VALPARAISO;V REGION;CL;Cspedes;Rosa;;Tomas ramos 909;;;;VALPARAISO;V REGION;CL;15990;0;990;0;16980;0;CLP
000000508667;23335996701-A;19/02/2025 22:04:21;Cerrado;14990;990;15980;2998;0.0000;11992;1;BODY ESCOTE ENCAJE BLANCO NICOPOLY;MPM10001878089-1;N02151AM-5;19/02/2025 22:04:22;4d_Retiro Tienda Ripley Tobalaba;Guerra;Lilian;;"Av. Camilo Henríquez 3296, Puente Alto ";2do Piso. Modulo Retiro en Tienda;;;PUENTE ALTO;REG.METROPOLITANA;CL;Guerra;Lilian;;pasaje aku aku 3619;;;;PUENTE ALTO;REG.METROPOLITANA;CL;14990;0;990;0;15980;0;CLP
000000508667;23336043001-A;19/02/2025 22:21:22;Cerrado;16490;990;17480;3298;0.0000;13192;1;PANTALÓN MUJER NICOPOLY CELESTE PIERNA ANCHA;MPM10001856342-4;N04017KM-5;19/02/2025 22:21:24;4d_Retiro Tienda Ripley Arauco Maipu;"Lizana ";Ivan;;"Av. Americo Vespucio 399 ";" 2do Piso. Modulo Retiro en Tienda";;;MAIPU;REG.METROPOLITANA;CL;Contreras;Zoila;;Casiopea  8712;;;;MAIPU;REG.METROPOLITANA;CL;16490;0;990;0;17480;0;CLP
000000508667;23336116001-A;19/02/2025 22:54:23;Cerrado;37990;6990;44980;7598;0.0000;30392;1;VESTIDO TIPO BLAZER ROJO NICOPOLY;MPM10002128953-2;N05257DM;19/02/2025 22:54:24;Flujo Crossdock- Ripley PAQ;Kaplan;Patricia;;Condominio Polo Santa Esther 1810;1810;;;COLINA;REG.METROPOLITANA;CL;Kaplan;Patricia;;Condominio Polo Santa Esther 1810;;;;COLINA;REG.METROPOLITANA;CL;37990;0;6990;0;44980;0;CLP
000000508667;23336365901-A;20/02/2025 00:48:24;Cerrado;17990;990;18980;3598;0.0000;14392;1;SOBRECAMISA LARGA ESCOCÉS ROJO NICOPOLY;MPM00047480552-3;N02162DM;20/02/2025 00:48:25;5d_Retiro Tienda Ripley Talca;Lpez Ramos;Carolina Andrea;;"8 Oriente 1212 ";" 2do Piso. Modulo Retiro en Tienda";;;TALCA;VII REGION;CL;Lpez Ramos;Carolina Andrea;;Calle San Javier  1899;;;;TALCA;VII REGION;CL;17990;0;990;0;18980;0;CLP
000000508667;23336504902-A;20/02/2025 07:52:52;Cerrado;10990;3990;14980;2198;0.0000;8792;1;BODY ACANALADO MANGA CORTA ROJO NICOPOLY;MPM00084130528-4;N03129YL;20/02/2025 07:52:54;Flujo Same day BX;Garcs;Paloma;;GUARINO GUARINI 2337;Casa;;;LA FLORIDA;REG.METROPOLITANA;CL;Garcs;Paloma;;GUARINO GUARINI 2337;;;;LA FLORIDA;REG.METROPOLITANA;CL;10990;0;3990;0;14980;0;CLP
000000508667;23336531901-A;20/02/2025 08:46:23;Cerrado;28990;0;28990;5798;0.0000;23192;1;FULFILLMENT-GILET ESPALDA AJUSTABLE NEGRO NICOPOLY;MPM10002146383-1;N04273BL-6-FF;20/02/2025 08:46:25;FF_MATRIX_DX;Araya;Claudia;;joaquin edward bello 8907;S/N;;;LA GRANJA;REG.METROPOLITANA;CL;Araya;Claudia;;joaquin edward bello 8907;;;;LA GRANJA;REG.METROPOLITANA;CL;28990;0;0;0;28990;0;CLP
000000508667;23336691001-A;20/02/2025 11:02:50;Reembolsado;15990;495;16485;3198;0.0000;12792;1;PANTALÓN MUJER NICOPOLY ROSADO TIRO ALTO JASPEADO;MPM10001849483-2;N05022HL;20/02/2025 11:02:51;4d_Retiro Tienda Ripley Arauco Maipu;Frigerio;Marjorie;;"Av. Americo Vespucio 399 ";" 2do Piso. Modulo Retiro en Tienda";;;MAIPU;REG.METROPOLITANA;CL;Frigerio;Marjorie;;Las torres 0285;;;;MAIPU;REG.METROPOLITANA;CL;15990;0;495;0;16485;0;CLP
000000508667;23336691001-A;20/02/2025 11:02:50;Reembolsado;9990;495;10485;1998;0.0000;7992;1;CROP TOP JASPEADO ROSADO NICOPOLY;MPM10001849456-3;N05021HL;20/02/2025 11:02:51;4d_Retiro Tienda Ripley Arauco Maipu;Frigerio;Marjorie;;"Av. Americo Vespucio 399 ";" 2do Piso. Modulo Retiro en Tienda";;;MAIPU;REG.METROPOLITANA;CL;Frigerio;Marjorie;;Las torres 0285;;;;MAIPU;REG.METROPOLITANA;CL;9990;0;495;0;10485;0;CLP
000000508667;23336992301-A;20/02/2025 13:21:28;Cerrado;15990;495;16485;3198;0.0000;12792;1;PANTALÓN MUJER NICOPOLY CELESTE TIRO ALTO JASPEADO;MPM10001849482-2;N05022KL;20/02/2025 13:21:29;4d_Retiro Tienda Ripley Florida Center;Bobadilla;Maite;;"Vicuña Mackenna Oriente 6100, La Florida ";3er Piso. Modulo Retiro en Tienda;;;LA FLORIDA;REG.METROPOLITANA;CL;Bobadilla;Maite;;Froilán Roa 5739;;;;LA FLORIDA;REG.METROPOLITANA;CL;15990;0;495;0;16485;0;CLP
000000508667;23336992301-A;20/02/2025 13:21:28;Cerrado;15990;495;16485;3198;0.0000;12792;1;PANTALÓN MUJER NICOPOLY ROSADO TIRO ALTO JASPEADO;MPM10001849483-2;N05022HL;20/02/2025 13:21:29;4d_Retiro Tienda Ripley Florida Center;Bobadilla;Maite;;"Vicuña Mackenna Oriente 6100, La Florida ";3er Piso. Modulo Retiro en Tienda;;;LA FLORIDA;REG.METROPOLITANA;CL;Bobadilla;Maite;;Froilán Roa 5739;;;;LA FLORIDA;REG.METROPOLITANA;CL;15990;0;495;0;16485;0;CLP
000000508667;23337216301-A;20/02/2025 15:04:30;Cerrado;28990;0;28990;5798;0.0000;23192;1;FULFILLMENT-GILET ESPALDA AJUSTABLE ROJO NICOPOLY;MPM10002146385-3;N04273DM-6-FF;20/02/2025 15:04:32;FF_MATRIX_STS;Silva;Carolina;;"Av. Americo Vespucio 399 ";" 2do Piso. Modulo Retiro en Tienda";;;MAIPU;REG.METROPOLITANA;CL;Silva;Carolina;;avenida las flores 1656;;;;MAIPU;REG.METROPOLITANA;CL;28990;0;0;0;28990;0;CLP
000000508667;23337316201-A;20/02/2025 15:42:37;Cerrado;15990;495;16485;3198;0.0000;12792;1;PANTALÓN MUJER NICOPOLY ROSADO TIRO ALTO JASPEADO;MPM10001849483-3;N05022HS;20/02/2025 15:42:39;5d_Retiro Tienda Ripley La Calera;Morales Silva;Maria;;"JJ Perez 90, La Calera ";" 2do Piso. Modulo Retiro en Tienda";;;CALERA;V REGION;CL;Morales Silva;Maria;;Chacabuco 960;;;;CALERA;V REGION;CL;15990;0;495;0;16485;0;CLP
000000508667;23337316201-A;20/02/2025 15:42:37;Cerrado;9990;495;10485;1998;0.0000;7992;1;CROP TOP JASPEADO ROSADO NICOPOLY;MPM10001849456-2;N05021HM;20/02/2025 15:42:39;5d_Retiro Tienda Ripley La Calera;Morales Silva;Maria;;"JJ Perez 90, La Calera ";" 2do Piso. Modulo Retiro en Tienda";;;CALERA;V REGION;CL;Morales Silva;Maria;;Chacabuco 960;;;;CALERA;V REGION;CL;9990;0;495;0;10485;0;CLP
000000508667;23337403501-A;20/02/2025 16:16:56;Cerrado;26490;990;27480;5298;0.0000;21192;1;BLAZER BOLSILLOS Y BOTÓN CELESTE NICOPOLY;MPM10001752431-1;N04260CM-5;20/02/2025 16:16:58;5d_Retiro Tienda Ripley Quilpué;Lavaseco;Burbujas;;"Claudio Vicuña 992, Quilpue ";" 3er Piso. Modulo Retiro en Tienda";;;QUILPUE;V REGION;CL;Lavaseco;Burbujas;;Independencia 496;;;;QUILPUE;V REGION;CL;26490;0;990;0;27480;0;CLP
000000508667;23337585001-A;20/02/2025 17:27:40;Cerrado;16990;990;17980;3398;0.0000;13592;1;VESTIDO ENCAJE ASIMÉTRICO AZUL REY NICOPOLY;MPM00071351074-3;N02483CS;20/02/2025 17:27:42;5d_Retiro Tienda Ripley Rancagua;Vargas;Olivia;;"José Domingo Mujica 490 ";" 3er Piso. Modulo Retiro en Tienda";;;RANCAGUA;VI REGION;CL;Vargas;Olivia;;Avda sta teresa de los andes 03620;;;;RANCAGUA;VI REGION;CL;16990;0;990;0;17980;0;CLP
000000508667;23337637001-A;20/02/2025 17:51:37;Cerrado;13990;990;14980;2798;0.0000;11192;1;VESTIDO CORTO MUJER NICOPOLY BLANCO ABERTURAS MANGAS;MPM10001849478-3;N02336AS-5;20/02/2025 17:51:39;5d_Retiro Tienda Ripley Viña del Mar Sucre;Varela Berrios;Karola Andrea;;"Sucre 290, Viña ";5to Piso. Modulo Retiro en Tienda;;;VI.A DEL MA;V REGION;CL;Varela Berrios;Karola Andrea;;Calle nueve 481-i reñaca alto  481-i;;;;VI.A DEL MA;V REGION;CL;13990;0;990;0;14980;0;CLP
000000508667;23337774901-A;20/02/2025 18:54:30;Cerrado;26490;3990;30480;5298;0.0000;21192;1;BLAZER BOLSILLOS Y BOTÓN ROJO NICOPOLY;MPM10001752521-3;N04260DM-5;20/02/2025 18:54:31;Flujo Same day BX;Jahn;Natalia;;Francisco de Villagra 77;2207;;;NUNOA;REG.METROPOLITANA;CL;Jahn;Natalia;;Francisco de Villagra 77;;;;NUNOA;REG.METROPOLITANA;CL;26490;0;3990;0;30480;0;CLP
000000508667;23338077301-A;20/02/2025 20:53:53;Cerrado;15990;495;16485;3198;0.0000;12792;1;PANTALÓN MUJER NICOPOLY ROSADO TIRO ALTO JASPEADO;MPM10001849483-1;N05022HM;20/02/2025 20:53:54;4d_Retiro Tienda Ripley Huechuraba;"Arancibia ";"Fabiola ";;"Av. Americo Vespucio Norte 1737 ";" 2do Piso. Modulo Retiro en Tienda";;;HUECHURABA;REG.METROPOLITANA;CL;"Arancibia ";"Fabiola ";;Juan Guzmán Cruchaga  490;;;;HUECHURABA;REG.METROPOLITANA;CL;15990;0;495;0;16485;0;CLP
000000508667;23338077301-A;20/02/2025 20:53:53;Cerrado;15990;495;16485;3198;0.0000;12792;1;PANTALÓN MUJER NICOPOLY BLANCO TIRO ALTO JASPEADO;MPM10001849485-2;N05022AM;20/02/2025 20:53:54;4d_Retiro Tienda Ripley Huechuraba;"Arancibia ";"Fabiola ";;"Av. Americo Vespucio Norte 1737 ";" 2do Piso. Modulo Retiro en Tienda";;;HUECHURABA;REG.METROPOLITANA;CL;"Arancibia ";"Fabiola ";;Juan Guzmán Cruchaga  490;;;;HUECHURABA;REG.METROPOLITANA;CL;15990;0;495;0;16485;0;CLP
000000508667;23338121301-A;20/02/2025 21:10:44;Cerrado;25990;990;26980;5198;0.0000;20792;1;GILET LEOPARDO CAFÉ NICOPOLY;MPM10002146560-2;N05304LM;20/02/2025 21:10:45;5d_Retiro Tienda Ripley Marina Arauco;Arizaga;Carolina;;"Avenida Libertad 1348 ";" Piso 4. Modulo Retiro en Tienda";;;VI.A DEL MA;V REGION;CL;Arizaga;Carolina;;condominio portal del mar parcela 72;;;;VI.A DEL MA;V REGION;CL;25990;0;990;0;26980;0;CLP
000000508667;23338277301-A;20/02/2025 22:08:44;Reembolsado;26490;990;27480;5298;0.0000;21192;1;BLAZER BOLSILLOS Y BOTÓN ROJO NICOPOLY;MPM10001752521-3;N04260DM-5;20/02/2025 22:08:45;10d_Retiro Tienda Ripley Portal Temuco;Silva;Cesar;;"Avenida Alemania 0671 ";3er Piso, Modulo Retiro en Tienda;;;TEMUCO;IX REGION;CL;Silva;Cesar;;18 septiembre 340;;;;TEMUCO;IX REGION;CL;26490;0;990;0;27480;0;CLP
000000508667;23338317001-A;20/02/2025 22:21:01;Cerrado;15990;495;16485;3198;0.0000;12792;1;PANTALÓN MUJER NICOPOLY ROSADO TIRO ALTO JASPEADO;MPM10001849483-1;N05022HM;20/02/2025 22:21:02;5d_Retiro Tienda Ripley Quilpué;Gallardo Leiva;Catherine;;"Claudio Vicuña 992, Quilpue ";" 3er Piso. Modulo Retiro en Tienda";;;QUILPUE;V REGION;CL;Gallardo Leiva;Catherine;;Figueroa larrain 01319;;;;QUILPUE;V REGION;CL;15990;0;495;0;16485;0;CLP
000000508667;23338317001-A;20/02/2025 22:21:01;Cerrado;9990;495;10485;1998;0.0000;7992;1;CROP TOP JASPEADO ROSADO NICOPOLY;MPM10001849456-2;N05021HM;20/02/2025 22:21:02;5d_Retiro Tienda Ripley Quilpué;Gallardo Leiva;Catherine;;"Claudio Vicuña 992, Quilpue ";" 3er Piso. Modulo Retiro en Tienda";;;QUILPUE;V REGION;CL;Gallardo Leiva;Catherine;;Figueroa larrain 01319;;;;QUILPUE;V REGION;CL;9990;0;495;0;10485;0;CLP
000000508667;23338432202-A;20/02/2025 22:58:25;Cerrado;39990;990;40980;7998;0.0000;31992;1;BLAZER CRUZADO PIED DE POULE BLANCO/NEGRO NICOPOLY;MPM10001465238-3;N04156BM;20/02/2025 22:58:27;10d_Retiro Tienda Ripley San Fernando;Pino;Patricia;;"Bernardo Ohiggins 701 ";" 3er Piso. Modulo Retiro en Tienda";;;SAN FERNANDO;VI REGION;CL;Pino;Patricia;;San Fernando  0453;;;;SAN FERNANDO;VI REGION;CL;39990;0;990;0;40980;0;CLP
000000508667;23338600401-A;21/02/2025 00:01:46;Cerrado;21990;0;21990;4398;0.0000;17592;1;SWEATER MANGAS DETALLES PERLAS CELESTE NICOPOLY;MPM10002160488-1;N03095KS-6;21/02/2025 00:01:47;5d_Retiro Tienda Ripley El Trébol;Riquelme Vidal;Beatriz;;"Avenida Jorge Alessandri 3177 ";" 3er Piso. Modulo Retiro en Tienda";;;TALCAHUANO;VIII REGION;CL;Riquelme Vidal;Beatriz;;Jardines de andalien Pasaje  9;;;;TALCAHUANO;VIII REGION;CL;21990;0;0;0;21990;0;CLP
000000508667;23339022301-A;21/02/2025 10:55:45;Cerrado;24990;3990;28980;4998;0.0000;19992;1;PANTALÓN MUJER NICOPOLY ROJO PINZAS TIRO ALTO;MPM10001752477-4;N04120DL-5;21/02/2025 10:55:46;Flujo Same day BX;Mejias Cabrera;Sabina;;Nemesio Antunez 370;S/N;;;MAIPU;REG.METROPOLITANA;CL;Mejias Cabrera;Sabina;;Nemesio Antunez 370;;;;MAIPU;REG.METROPOLITANA;CL;24990;0;3990;0;28980;0;CLP
000000508667;23339220701-A;21/02/2025 12:32:22;Reembolsado;18990;1596;20586;3798;0.0000;15192;1;VESTIDO MUJER NICOPOLY BEIGE HOLGADO CON BRILLOS KHAKI;MPM10001878065-2;N05077LM;21/02/2025 12:32:24;Flujo Same day BX;Rubio Gaspar;Ingrid Yoseany;;orense 3341;S/N;;;MAIPU;REG.METROPOLITANA;CL;Rubio Gaspar;Ingrid Yoseany;;orense 3341;;;;MAIPU;REG.METROPOLITANA;CL;18990;0;1596;0;20586;0;CLP
000000508667;23339220701-A;21/02/2025 12:32:22;Cerrado;15990;1596;17586;3198;0.0000;12792;1;TAPADO CALADO LARGO NEGRO NICOPOLY;MPM10001856349-1;N05110BF;21/02/2025 12:32:24;Flujo Same day BX;Rubio Gaspar;Ingrid Yoseany;;orense 3341;S/N;;;MAIPU;REG.METROPOLITANA;CL;Rubio Gaspar;Ingrid Yoseany;;orense 3341;;;;MAIPU;REG.METROPOLITANA;CL;15990;0;1596;0;17586;0;CLP
000000508667;23339220701-A;21/02/2025 12:32:22;Cerrado;18990;1596;20586;3798;0.0000;15192;1;VESTIDO ACANALADO MUJER NICOPOLY NEGRO OFF THE SHOULDER;MPM10001710244-3;N05064BL;21/02/2025 12:32:24;Flujo Same day BX;Rubio Gaspar;Ingrid Yoseany;;orense 3341;S/N;;;MAIPU;REG.METROPOLITANA;CL;Rubio Gaspar;Ingrid Yoseany;;orense 3341;;;;MAIPU;REG.METROPOLITANA;CL;18990;0;1596;0;20586;0;CLP
000000508667;23339223801-A;21/02/2025 12:34:20;Cerrado;9990;990;10980;1998;0.0000;7992;1;BODY ESCOTE DRAPEADO LENTEJUELAS NEGRO NICOPOLY;MPM10001916748-3;N05014BM;21/02/2025 12:34:22;10d_Retiro Tienda Ripley San Fernando;Cliente;"Carla ";;"Bernardo Ohiggins 701 ";" 3er Piso. Modulo Retiro en Tienda";;;SAN FERNANDO;VI REGION;CL;Cliente;"Carla ";;Ignacio carrera pinto 84;;;;SAN FERNANDO;VI REGION;CL;9990;0;990;0;10980;0;CLP
000000508667;23339463901-A;21/02/2025 14:31:04;Cerrado;20990;990;21980;4198;0.0000;16792;1;PANTALÓN MUJER NICOPOLY CELESTE TIRO ALTO BÁSICO;MPM10001752484-4;N10373CS-5;21/02/2025 14:31:06;4d_Retiro Tienda Ripley Arauco Maipu;Rodriguez;Marcela Andrea;;"Av. Americo Vespucio 399 ";" 2do Piso. Modulo Retiro en Tienda";;;MAIPU;REG.METROPOLITANA;CL;Rodriguez;Marcela Andrea;;LOS MAITENES ORIENTE  1253;;;;MAIPU;REG.METROPOLITANA;CL;20990;0;990;0;21980;0;CLP
000000508667;23339774202-A;21/02/2025 16:58:38;Reembolsado;22490;5990;28480;4498;0.0000;17992;1;ENTERITO MUJER NICOPOLY VERDE OLIVA LAZO Y HEBILLA;MPM10001849448-2;N04058MXL-5;21/02/2025 16:58:39;Flujo Crossdock- Ripley PAQ;Lorca;Mally Paz;;3 norte  676;20;;;VI.A DEL MA;V REGION;CL;Lorca;Mally Paz;;3 norte  676;;;;VI.A DEL MA;V REGION;CL;22490;0;5990;0;28480;0;CLP
000000508667;23340259802-A;21/02/2025 20:58:55;Reembolsado;49990;0;49990;9998;0.0000;39992;1;FULFILLMENT-BLAZER DE TOPE MANGA 3/4 BURDEO NICOPOLY;MPM10002146384-2;N03049TS-6-FF;21/02/2025 20:58:57;FF_MATRIX_STS;Figarola;Belen;;"Bernardo Ohiggins 701 ";" 3er Piso. Modulo Retiro en Tienda";;;SAN FERNANDO;VI REGION;CL;Figarola;Belen;;Av Bernardo O Higgins Mall Vivo DOITE 701;;;;SAN FERNANDO;VI REGION;CL;49990;0;0;0;49990;0;CLP
000000508667;23340259801-A;21/02/2025 20:58:55;Cerrado;29990;0;29990;5998;0.0000;23992;1;CHAQUETA QUILT TIPO CAMISERA MARRÓN NICOPOLY;MPM10001384249-3;N04190US;21/02/2025 20:58:57;10d_Retiro Tienda Ripley San Fernando;Figarola;Belen;;"Bernardo Ohiggins 701 ";" 3er Piso. Modulo Retiro en Tienda";;;SAN FERNANDO;VI REGION;CL;Figarola;Belen;;Av Bernardo O Higgins Mall Vivo DOITE 701;;;;SAN FERNANDO;VI REGION;CL;29990;0;0;0;29990;0;CLP
000000508667;23340337601-A;21/02/2025 21:42:31;Cerrado;23990;4990;28980;4798;0.0000;19192;1;SWEATER CUELLO BOTE AZUL ACERO NICOPOLY;MPM10002128967-2;N05212CS;21/02/2025 21:42:33;Flujo Crossdock- Ripley PAQ;Granda;Claudia;;Avenida laguna de curauma 496 496;Casa;;;VALPARAISO;V REGION;CL;Granda;Claudia;;Avenida laguna de curauma 496 496;;;;VALPARAISO;V REGION;CL;23990;0;4990;0;28980;0;CLP
000000508667;23340611102-A;22/02/2025 00:20:10;Cerrado;49990;0;49990;9998;0.0000;39992;1;FULFILLMENT-BLAZER LARGO CUELLO CRUZADO ROJO OSCURO NICOPOLY;MPM10002146370-2;N05299DM-FF;22/02/2025 00:20:11;FF_MATRIX;Venegas Donoso;Tamara;;Av vespucio 642;505;;;MAIPU;REG.METROPOLITANA;CL;Venegas Donoso;Tamara;;Av vespucio 642;;;;MAIPU;REG.METROPOLITANA;CL;49990;0;0;0;49990;0;CLP
000000508667;23340611101-A;22/02/2025 00:20:11;Cerrado;16490;0;16490;3298;0.0000;13192;1;PANTALÓN MUJER NICOPOLY ROJO PIERNA ANCHA;MPM10001856324-3;N04017DM-5;22/02/2025 00:20:12;Flujo Same day BX;Venegas Donoso;Tamara;;Av vespucio 642;505;;;MAIPU;REG.METROPOLITANA;CL;Venegas Donoso;Tamara;;Av vespucio 642;;;;MAIPU;REG.METROPOLITANA;CL;16490;0;0;0;16490;0;CLP
000000508667;23340611101-A;22/02/2025 00:20:11;Cerrado;15990;0;15990;3198;0.0000;12792;1;PANTALÓN MUJER NICOPOLY BLANCO TIRO ALTO JASPEADO;MPM10001849485-2;N05022AM;22/02/2025 00:20:12;Flujo Same day BX;Venegas Donoso;Tamara;;Av vespucio 642;505;;;MAIPU;REG.METROPOLITANA;CL;Venegas Donoso;Tamara;;Av vespucio 642;;;;MAIPU;REG.METROPOLITANA;CL;15990;0;0;0;15990;0;CLP
000000508667;23340729603-A;22/02/2025 03:05:54;Cerrado;13990;3990;17980;2798;0.0000;11192;1;VESTIDO FLORES DETALLES DORADOS AMARILLO NICOPOLY;MPM00071262894-1;N02470FM;22/02/2025 03:05:57;Flujo Same day BX;Figueroa;Monica;;Lord Cochrane 173;502 A;;;SANTIAGO;REG.METROPOLITANA;CL;Figueroa;Monica;;Lord Cochrane 173;;;;SANTIAGO;REG.METROPOLITANA;CL;13990;0;3990;0;17980;0;CLP
000000508667;23340844101-A;22/02/2025 10:25:42;Cerrado;14990;6090;21080;2998;0.0000;11992;1;BODY ESCOTE ENCAJE ROJO NICOPOLY;MPM10001878084-1;N02151DS-5;22/02/2025 10:25:43;Flujo Crossdock- Ripley PAQ;Valenzuela;Valeria;;German winkel 620;Casa;;;TEO.SCHMIDT;IX REGION;CL;Valenzuela;Valeria;;German winkel 620;;;;TEO.SCHMIDT;IX REGION;CL;14990;0;6090;0;21080;0;CLP
000000508667;23340844101-A;22/02/2025 10:25:42;Cerrado;12990;6090;19080;2598;0.0000;10392;1;POLERA TRANSPARENTE DE ENCAJE BLANCO INVIERNO NICOPOLY;MPM10001713144-2;N05043AS;22/02/2025 10:25:43;Flujo Crossdock- Ripley PAQ;Valenzuela;Valeria;;German winkel 620;Casa;;;TEO.SCHMIDT;IX REGION;CL;Valenzuela;Valeria;;German winkel 620;;;;TEO.SCHMIDT;IX REGION;CL;12990;0;6090;0;19080;0;CLP
000000508667;23340846101-A;22/02/2025 10:30:05;Cerrado;28990;0;28990;5798;0.0000;23192;1;FULFILLMENT-GILET ESPALDA AJUSTABLE BEIGE NICOPOLY;MPM10002146371-3;N04273GM-6-FF;22/02/2025 10:30:06;FF_MATRIX;Parra;Elizabeth;;Manuia 9595 9595;Casa;;;PUDAHUEL;REG.METROPOLITANA;CL;Parra;Elizabeth;;Manuia 9595 9595;;;;PUDAHUEL;REG.METROPOLITANA;CL;28990;0;0;0;28990;0;CLP
000000508667;23341636701-A;22/02/2025 18:00:21;Reembolsado;20990;990;21980;4198;0.0000;16792;1;PANTALÓN MUJER NICOPOLY KHAKI TIRO ALTO BÁSICO;MPM10001752467-1;N10373LS-5;22/02/2025 18:00:22;5d_Retiro Tienda Ripley Quilpué;Martínez Narváez;María José;;"Claudio Vicuña 992, Quilpue ";" 3er Piso. Modulo Retiro en Tienda";;;QUILPUE;V REGION;CL;Martínez Narváez;María José;;Pasaje La Grieta 1060;;;;QUILPUE;V REGION;CL;20990;0;990;0;21980;0;CLP
000000508667;23341700501-A;22/02/2025 18:35:18;Cerrado;15990;990;16980;3198;0.0000;12792;1;PANTALÓN MUJER NICOPOLY ROSADO TIRO ALTO JASPEADO;MPM10001849483-2;N05022HL;22/02/2025 18:35:21;5d_Retiro Tienda Ripley Los Ángeles;Muoz;Bannya;;"Valdivia 440, Los Angeles ";" 3er Piso. Servicio al Cliente";;;LOS ANGELES;VIII REGION;CL;Muoz;Bannya;;Avenida Poniente 211 villa galilea 211;;;;LOS ANGELES;VIII REGION;CL;15990;0;990;0;16980;0;CLP
000000508667;23341943802-A;22/02/2025 20:46:00;Cerrado;15990;990;16980;3198;0.0000;12792;1;BLUSA ESCOTE V SIN MANGAS BLANCO NICOPOLY;MPM10001919209-3;N05136AM;22/02/2025 20:46:01;4d_Retiro Tienda Ripley Los Dominicos;Modrego;Marcela;;"Padre Hurtado Sur 875 ";1er Piso. Servicio al Cliente;;;LAS CONDES;REG.METROPOLITANA;CL;Modrego;Marcela;;Martin de Zamora 5245;;;;LAS CONDES;REG.METROPOLITANA;CL;15990;0;990;0;16980;0;CLP
000000508667;23342101601-A;22/02/2025 22:12:54;Cerrado;28990;0;28990;5798;0.0000;23192;1;FULFILLMENT-GILET ESPALDA AJUSTABLE NEGRO NICOPOLY;MPM10002146383-1;N04273BL-6-FF;22/02/2025 22:12:56;FF_MATRIX;Vargas Soto;Monica Cecilia;;Cruz del sur 03197;S/N;;;RANCAGUA;VI REGION;CL;Vargas Soto;Monica Cecilia;;Cruz del sur 03197;;;;RANCAGUA;VI REGION;CL;28990;0;0;0;28990;0;CLP
000000508667;23342114701-A;22/02/2025 22:21:15;Cerrado;24990;990;25980;4998;0.0000;19992;1;CÁRDIGAN FLORES 3D NEGRO NICOPOLY;MPM10001735009-2;N04316BM-5;22/02/2025 22:21:18;10d_Retiro Tienda Ripley Pto. Montt Costanera;Vera;Daniela;;"Juan Soler Manfredini 10 ";" 6to Piso. Modulo Retiro en Tienda";;;PTO.MONTT;X REGION;CL;Vera;Daniela;;Población Mirador Del Sol Calle Jade 5822;;;;PTO.MONTT;X REGION;CL;24990;0;990;0;25980;0;CLP
000000508667;23342371501-A;23/02/2025 01:10:15;Cerrado;49990;0;49990;9998;0.0000;39992;1;CHAQUETA MAO ECOCUERO NEGRO NICOPOLY;MPM10001383872-2;N02106BS-4;23/02/2025 01:10:16;5d_Retiro Tienda Ripley Chillán;Torres;Carmen Gloria;;"5 de Abril 699 ";4to Piso. Centro de atención al Cliente;;;CHILLAN;VIII REGION;CL;Villegas;Vannia;;San sebastian  1541;;;;CHILLAN;VIII REGION;CL;49990;0;0;0;49990;0;CLP
000000508667;23342371501-A;23/02/2025 01:10:15;Cerrado;26490;0;26490;5298;0.0000;21192;1;BLAZER BOLSILLOS Y BOTÓN  NEGRO NICOPOLY;MPM10001752517-4;N04260BS-5;23/02/2025 01:10:16;5d_Retiro Tienda Ripley Chillán;Torres;Carmen Gloria;;"5 de Abril 699 ";4to Piso. Centro de atención al Cliente;;;CHILLAN;VIII REGION;CL;Villegas;Vannia;;San sebastian  1541;;;;CHILLAN;VIII REGION;CL;26490;0;0;0;26490;0;CLP
000000508667;23342535401-A;23/02/2025 10:20:40;Cerrado;15990;3196;19186;3198;0.0000;12792;1;PANTALÓN MUJER NICOPOLY ROSADO TIRO ALTO JASPEADO;MPM10001849483-1;N05022HM;23/02/2025 10:20:42;Flujo Crossdock- Ripley PAQ;Fuentes;Karen;;Villa las salinas 2108;S/N;;;SAN JAVIER;VII REGION;CL;Fuentes;Karen;;Villa las salinas 2108;;;;SAN JAVIER;VII REGION;CL;15990;0;3196;0;19186;0;CLP
000000508667;23342535401-A;23/02/2025 10:20:40;Cerrado;15990;3196;19186;3198;0.0000;12792;1;PANTALÓN MUJER NICOPOLY BLANCO TIRO ALTO JASPEADO;MPM10001849485-2;N05022AM;23/02/2025 10:20:42;Flujo Crossdock- Ripley PAQ;Fuentes;Karen;;Villa las salinas 2108;S/N;;;SAN JAVIER;VII REGION;CL;Fuentes;Karen;;Villa las salinas 2108;;;;SAN JAVIER;VII REGION;CL;15990;0;3196;0;19186;0;CLP
000000508667;23342535401-A;23/02/2025 10:20:40;Cerrado;15990;3196;19186;3198;0.0000;12792;1;PANTALÓN MUJER NICOPOLY CELESTE TIRO ALTO JASPEADO;MPM10001849482-1;N05022KM;23/02/2025 10:20:42;Flujo Crossdock- Ripley PAQ;Fuentes;Karen;;Villa las salinas 2108;S/N;;;SAN JAVIER;VII REGION;CL;Fuentes;Karen;;Villa las salinas 2108;;;;SAN JAVIER;VII REGION;CL;15990;0;3196;0;19186;0;CLP
000000508667;23342726301-A;23/02/2025 12:33:53;Cerrado;20990;0;20990;4198;0.0000;16792;1;PANTALÓN MUJER NICOPOLY AZUL GRISÁCEO PRETINA ANCHA;MPM10001848635-2;N05081CM;23/02/2025 12:33:54;Flujo Same day BX;Martinez;Raquel;;Hernando de Aguirre  1738;12;;;PROVIDENCIA;REG.METROPOLITANA;CL;Martinez;Raquel;;Hernando de Aguirre  1738;;;;PROVIDENCIA;REG.METROPOLITANA;CL;20990;0;0;0;20990;0;CLP
000000508667;23343194201-A;23/02/2025 16:24:34;Cerrado;20990;990;21980;4198;0.0000;16792;1;VESTIDO ASIMÉTRICO MUJER NICOPOLY CELESTE;MPM10001878070-1;N05086KM;23/02/2025 16:24:36;4d_Retiro Tienda Ripley Crillon;Barrera;Aracelli;;"Agustinas #1025 ";Piso -1. Modulo Retiro en Tienda;;;SANTIAGO;REG.METROPOLITANA;CL;Barrera;Aracelli;;Avenida Santa Rosa 325;;;;SANTIAGO;REG.METROPOLITANA;CL;20990;0;990;0;21980;0;CLP
000000508667;23343260501-A;23/02/2025 16:51:55;Cerrado;23990;0;23990;4798;0.0000;19192;1;PANTALÓN MUJER NICOPOLY BURDEO PINZAS RECTO;MPM10001497453-4;N04298TL;23/02/2025 16:51:56;4d_Retiro Tienda Ripley Crillon;Vargas;Carolina;;"Agustinas #1025 ";Piso -1. Modulo Retiro en Tienda;;;SANTIAGO;REG.METROPOLITANA;CL;Vargas;Carolina;;Santo Domingo  1457;;;;SANTIAGO;REG.METROPOLITANA;CL;23990;0;0;0;23990;0;CLP
000000508667;23343260501-A;23/02/2025 16:51:55;Cerrado;12990;0;12990;2598;0.0000;10392;1;SWEATER TIPO HILO MANGA PRINCESA NARANJA NICOPOLY;MPM10001491753-3;N04249RM;23/02/2025 16:51:56;4d_Retiro Tienda Ripley Crillon;Vargas;Carolina;;"Agustinas #1025 ";Piso -1. Modulo Retiro en Tienda;;;SANTIAGO;REG.METROPOLITANA;CL;Vargas;Carolina;;Santo Domingo  1457;;;;SANTIAGO;REG.METROPOLITANA;CL;12990;0;0;0;12990;0;CLP
000000508667;23343260501-A;23/02/2025 16:51:55;Cerrado;23990;0;23990;4798;0.0000;19192;1;PANTALÓN MUJER NICOPOLY GRIS PINZAS RECTO;MPM10001497456-2;N04298NL;23/02/2025 16:51:56;4d_Retiro Tienda Ripley Crillon;Vargas;Carolina;;"Agustinas #1025 ";Piso -1. Modulo Retiro en Tienda;;;SANTIAGO;REG.METROPOLITANA;CL;Vargas;Carolina;;Santo Domingo  1457;;;;SANTIAGO;REG.METROPOLITANA;CL;23990;0;0;0;23990;0;CLP
000000508667;23343460801-A;23/02/2025 18:08:16;Cerrado;15990;0;15990;3198;0.0000;12792;1;PANTALÓN MUJER NICOPOLY CELESTE TIRO ALTO JASPEADO;MPM10001849482-1;N05022KM;23/02/2025 18:08:17;Flujo Crossdock- Ripley PAQ;Hernandez;Nathaly;;La divisa  0340;S/N;;;SN.BERNARDO;REG.METROPOLITANA;CL;Hernandez;Nathaly;;La divisa  0340;;;;SN.BERNARDO;REG.METROPOLITANA;CL;15990;0;0;0;15990;0;CLP
000000508667;23343517702-A;23/02/2025 18:29:27;Cerrado;12490;3990;16480;2498;0.0000;9992;1;CALZA MUJER NICOPOLY BURDEO LISA CON CIERRE S;MPM10001465170-2;N04295TM;23/02/2025 18:29:28;Flujo Same day BX;Ferrer;Nataly;;ARTURO PRAT 621;414A;;;SANTIAGO;REG.METROPOLITANA;CL;Ferrer;Nataly;;ARTURO PRAT 621;;;;SANTIAGO;REG.METROPOLITANA;CL;12490;0;3990;0;16480;0;CLP
000000508667;23343728901-A;23/02/2025 19:43:15;Cerrado;26490;990;27480;5298;0.0000;21192;1;BLAZER BOLSILLOS Y BOTÓN ROJO NICOPOLY;MPM10001752521-3;N04260DM-5;23/02/2025 19:43:16;11d_Retiro Tienda Ripley Temuco;Sepulveda;Estrella;;"Arturo Prat 656, Temuco ";2do Piso. Modulo Retiro en Tienda;;;TEMUCO;IX REGION;CL;Sepulveda;Estrella;;Sangers  1191;;;;TEMUCO;IX REGION;CL;26490;0;990;0;27480;0;CLP
000000508667;23343789701-A;23/02/2025 20:07:47;Cerrado;13990;990;14980;2798;0.0000;11192;1;SHORT MUJER NICOPOLY CREMA HOLGADO;MPM10001878071-1;N05078AM;23/02/2025 20:07:48;4d_Retiro Tienda Ripley Parque Arauco;Soto;Javiera Pia;;"Avenida Kennedy 5413 ";4to Piso. Modulo Retiro en Tienda;;;LAS CONDES;REG.METROPOLITANA;CL;Soto;Javiera Pia;;Alonso de cordova 5320 5320;;;;LAS CONDES;REG.METROPOLITANA;CL;13990;0;990;0;14980;0;CLP
000000508667;23343867501-A;23/02/2025 20:37:17;Cerrado;14990;495;15485;2998;0.0000;11992;1;VESTIDO MUJER NICOPOLY NEGRO HOLGADO CON MANGAS CALADAS;MPM10001919205-2;N05120BM;23/02/2025 20:37:18;4d_Retiro Tienda Ripley Tobalaba;Martinez;Elizabeth;;"Av. Camilo Henríquez 3296, Puente Alto ";2do Piso. Modulo Retiro en Tienda;;;PUENTE ALTO;REG.METROPOLITANA;CL;Martinez;Elizabeth;;Avenida Ejercito libertador  2120;;;;PUENTE ALTO;REG.METROPOLITANA;CL;14990;0;495;0;15485;0;CLP
000000508667;23343867501-A;23/02/2025 20:37:17;Cerrado;15990;495;16485;3198;0.0000;12792;1;PANTALÓN MUJER NICOPOLY ROSADO TIRO ALTO JASPEADO;MPM10001849483-1;N05022HM;23/02/2025 20:37:18;4d_Retiro Tienda Ripley Tobalaba;Martinez;Elizabeth;;"Av. Camilo Henríquez 3296, Puente Alto ";2do Piso. Modulo Retiro en Tienda;;;PUENTE ALTO;REG.METROPOLITANA;CL;Martinez;Elizabeth;;Avenida Ejercito libertador  2120;;;;PUENTE ALTO;REG.METROPOLITANA;CL;15990;0;495;0;16485;0;CLP
000000508667;23344204501-A;23/02/2025 22:24:29;Cerrado;15990;4395;20385;3198;0.0000;12792;1;CÁRDIGAN PUNTO FINO CADENETAS CAFÉ NICOPOLY;MPM10001465228-1;N04254UM;23/02/2025 22:24:31;Flujo Crossdock- Ripley PAQ;Cifuentes;Valeria;;pasaje libertad los filtros 377;casa;;;LEBU;VIII REGION;CL;Cifuentes;Valeria;;pasaje libertad los filtros 377;;;;LEBU;VIII REGION;CL;15990;0;4395;0;20385;0;CLP
000000508667;23344204501-A;23/02/2025 22:24:29;Cerrado;21990;4395;26385;4398;0.0000;17592;1;SWEATER MANGAS DETALLES PERLAS LILA NICOPOLY;MPM10002160519-1;N03095ZM-6;23/02/2025 22:24:31;Flujo Crossdock- Ripley PAQ;Cifuentes;Valeria;;pasaje libertad los filtros 377;casa;;;LEBU;VIII REGION;CL;Cifuentes;Valeria;;pasaje libertad los filtros 377;;;;LEBU;VIII REGION;CL;21990;0;4395;0;26385;0;CLP
000000508667;23344294201-A;23/02/2025 22:50:43;Cerrado;15990;2745;18735;3198;0.0000;12792;1;PANTALÓN MUJER NICOPOLY ROSADO TIRO ALTO JASPEADO;MPM10001849483-1;N05022HM;23/02/2025 22:50:45;Flujo Crossdock- Ripley PAQ;Godoy;Keylis;;22 norte  1520;203 torre D;;;TALCA;VII REGION;CL;Godoy;Keylis;;22 norte  1520;;;;TALCA;VII REGION;CL;15990;0;2745;0;18735;0;CLP
000000508667;23344294201-A;23/02/2025 22:50:43;Cerrado;9990;2745;12735;1998;0.0000;7992;1;CROP TOP JASPEADO ROSADO NICOPOLY;MPM10001849456-2;N05021HM;23/02/2025 22:50:45;Flujo Crossdock- Ripley PAQ;Godoy;Keylis;;22 norte  1520;203 torre D;;;TALCA;VII REGION;CL;Godoy;Keylis;;22 norte  1520;;;;TALCA;VII REGION;CL;9990;0;2745;0;12735;0;CLP
000000508667;23344486001-A;23/02/2025 23:47:37;Cerrado;20990;3990;24980;4198;0.0000;16792;1;PANTALÓN MUJER NICOPOLY AZUL GRISÁCEO PRETINA ANCHA;MPM10001848635-2;N05081CM;23/02/2025 23:47:38;Flujo Same day BX;Silva;Gracia;;La Serena 762 762;Casa;;;LAS CONDES;REG.METROPOLITANA;CL;Silva;Gracia;;La Serena 762 762;;;;LAS CONDES;REG.METROPOLITANA;CL;20990;0;3990;0;24980;0;CLP
000000508667;23344527001-A;23/02/2025 23:56:29;Cerrado;14990;1996;16986;2998;0.0000;11992;1;TOP ACANALADO HOMBROS CAÍDOS BICOLOR NICOPOLY;MPM10001856348-2;N05129NM;23/02/2025 23:56:30;Flujo Crossdock- Ripley PAQ;San Martn;Catalina;;Avenida Curauma Sur 2442;253;;;VALPARAISO;V REGION;CL;San Martn;Catalina;;Avenida Curauma Sur 2442;;;;VALPARAISO;V REGION;CL;14990;0;1996;0;16986;0;CLP
000000508667;23344527001-A;23/02/2025 23:56:29;Cerrado;25990;1996;27986;5198;0.0000;20792;1;CALZA SKINNY VICHY CON CIERRE BLANCO/NEGRO NICOPOLY;MPM10002122148-3;N03033AM-6;23/02/2025 23:56:30;Flujo Crossdock- Ripley PAQ;San Martn;Catalina;;Avenida Curauma Sur 2442;253;;;VALPARAISO;V REGION;CL;San Martn;Catalina;;Avenida Curauma Sur 2442;;;;VALPARAISO;V REGION;CL;25990;0;1996;0;27986;0;CLP
000000508667;23344527001-A;23/02/2025 23:56:29;Cerrado;12490;1996;14486;2498;0.0000;9992;1;CALZA MUJER NICOPOLY BURDEO LISA CON CIERRE S;MPM10001465170-2;N04295TM;23/02/2025 23:56:30;Flujo Crossdock- Ripley PAQ;San Martn;Catalina;;Avenida Curauma Sur 2442;253;;;VALPARAISO;V REGION;CL;San Martn;Catalina;;Avenida Curauma Sur 2442;;;;VALPARAISO;V REGION;CL;12490;0;1996;0;14486;0;CLP
000000508667;23344934201-A;24/02/2025 09:47:35;Cerrado;28990;0;28990;5798;0.0000;23192;1;FULFILLMENT-GILET ESPALDA AJUSTABLE NEGRO NICOPOLY;MPM10002146383-2;N04273BM-6-FF;24/02/2025 09:47:36;FF_MATRIX;Molina;Sebastian;;Porblacion cóndores de chile pasaje las torcazas #615 615;S/N;;;NANCAGUA;VI REGION;CL;Molina;Sebastian;;Porblacion cóndores de chile pasaje las torcazas #615 615;;;;NANCAGUA;VI REGION;CL;28990;0;0;0;28990;0;CLP
000000508667;23345014801-A;24/02/2025 10:32:10;Cerrado;21990;1845;23835;4398;0.0000;17592;1;VESTIDO PLISADO VUELITOS ROJO ESCARLATA NICOPOLY;MPM00071351300-4;N02341DM;24/02/2025 10:32:11;Flujo Crossdock- Ripley PAQ;Varas;Jaime;;Blanca Estela 1355;22;;;CON-CON;V REGION;CL;Varas;Jaime;;Blanca Estela 1355;;;;CON-CON;V REGION;CL;21990;0;1845;0;23835;0;CLP
000000508667;23345014801-A;24/02/2025 10:32:10;Cerrado;21990;1845;23835;4398;0.0000;17592;1;VESTIDO PLISADO VUELITOS NEGRO NICOPOLY;MPM00071351018-4;N02341BM;24/02/2025 10:32:11;Flujo Crossdock- Ripley PAQ;Varas;Jaime;;Blanca Estela 1355;22;;;CON-CON;V REGION;CL;Varas;Jaime;;Blanca Estela 1355;;;;CON-CON;V REGION;CL;21990;0;1845;0;23835;0;CLP
000000508667;23345071101-A;24/02/2025 10:56:22;Cerrado;20990;990;21980;4198;0.0000;16792;1;PANTALÓN MUJER NICOPOLY AZUL GRISÁCEO PRETINA ANCHA;MPM10001848635-2;N05081CM;24/02/2025 10:56:23;5d_Retiro Tienda Ripley El Trébol;Gonzalez;Brenda;;"Avenida Jorge Alessandri 3177 ";" 3er Piso. Modulo Retiro en Tienda";;;TALCAHUANO;VIII REGION;CL;Gonzalez;Brenda;;Avenida siete lagunas 939;;;;TALCAHUANO;VIII REGION;CL;20990;0;990;0;21980;0;CLP
000000508667;23345157801-A;24/02/2025 11:31:31;Reembolsado;18990;990;19980;3798;0.0000;15192;1;VESTIDO MUJER NICOPOLY CELESTE ESCOTE V PROFUNDO;MPM10001919208-1;N05103KS;24/02/2025 11:31:33;4d_Retiro Tienda Ripley Plaza Vespucio;Padilla;Marta;;"Av. Vicuña Mackenna Ote. 7110, La Florida ";3er Piso. Modulo Retiro en Tienda;;;LA FLORIDA;REG.METROPOLITANA;CL;Padilla;Marta;;Capellán Florencio Infante  3010;;;;LA FLORIDA;REG.METROPOLITANA;CL;18990;0;990;0;19980;0;CLP
000000508667;23345673101-A;24/02/2025 14:37:33;Cerrado;37990;990;38980;7598;0.0000;30392;1;VESTIDO TIPO BLAZER NEGRO NICOPOLY;MPM10002128954-3;N05257BL;24/02/2025 14:37:34;4d_Retiro Tienda Ripley Tobalaba;Salgado;Erika;;"Av. Camilo Henríquez 3296, Puente Alto ";2do Piso. Modulo Retiro en Tienda;;;PUENTE ALTO;REG.METROPOLITANA;CL;Salgado;Erika;;Bombero Antonio muaid 635;;;;PUENTE ALTO;REG.METROPOLITANA;CL;37990;0;990;0;38980;0;CLP
000000508667;23346055601-A;24/02/2025 17:11:10;Cerrado;16490;6990;23480;3298;0.0000;13192;1;PANTALÓN MUJER NICOPOLY ROJO PIERNA ANCHA;MPM10001856324-3;N04017DM-5;24/02/2025 17:11:12;Flujo Crossdock- Ripley PAQ;Vilches Toro;Constanza Valeska;;Bernardo ohiggins  2767;Ofici;;;SAN ANTONIO;V REGION;CL;Vilches Toro;Constanza Valeska;;Bernardo ohiggins  2767;;;;SAN ANTONIO;V REGION;CL;16490;0;6990;0;23480;0;CLP
000000508667;23346117301-A;24/02/2025 17:34:44;Reembolsado;12990;990;13980;2598;0.0000;10392;1;VESTIDO ESCOTE V FLORES VERDE NICOPOLY;MPM10000705702-3;N04141EM;24/02/2025 17:34:45;4d_Retiro Tienda Ripley Costanera Center;Castro;Alicia;;"Avenida Andrés Bello 2422 ";" 1er Piso. Modulo Retiro en Tienda";;;PROVIDENCIA;REG.METROPOLITANA;CL;Castro;Alicia;;Nueva uno Poniente 2268;;;;PROVIDENCIA;REG.METROPOLITANA;CL;12990;0;990;0;13980;0;CLP
000000508667;23346762501-A;24/02/2025 21:55:25;Cerrado;26490;990;27480;5298;0.0000;21192;1;ENTERITO MUJER NICOPOLY ROJO CON ENCAJE;MPM10001849447-3;N05040DM;24/02/2025 21:55:26;4d_Retiro Tienda Ripley Florida Center;Rejas;Yandira;;"Vicuña Mackenna Oriente 6100, La Florida ";3er Piso. Modulo Retiro en Tienda;;;LA FLORIDA;REG.METROPOLITANA;CL;Rejas;Yandira;;Avenida Fleming  8607;;;;LA FLORIDA;REG.METROPOLITANA;CL;26490;0;990;0;27480;0;CLP
000000508667;23346886101-A;24/02/2025 22:39:55;Reembolsado;25990;0;25990;5198;0.0000;20792;1;VESTIDO MUJER NICOPOLY NEGRO STRAPLESS Y ESCOTE V;MPM10001856352-3;N05011BS;24/02/2025 22:39:56;4d_Retiro Tienda Ripley Tobalaba;Pinilla Moena;Maria Elena Ignacia;;"Av. Camilo Henríquez 3296, Puente Alto ";2do Piso. Modulo Retiro en Tienda;;;PUENTE ALTO;REG.METROPOLITANA;CL;Pinilla Moena;Maria Elena Ignacia;;Angel pimentel 0285;;;;PUENTE ALTO;REG.METROPOLITANA;CL;25990;0;0;0;25990;0;CLP
000000508667;23346881401-A;24/02/2025 22:41:14;Reembolsado;16990;990;17980;3398;0.0000;13592;1;VESTIDO MUJER NICOPOLY NEGRO HALTER LAZO DECORATIVO;MPM10001465227-1;N04267BS;24/02/2025 22:41:15;4d_Retiro Tienda Ripley Crillon;Arratia;Valentina;;"Agustinas #1025 ";Piso -1. Modulo Retiro en Tienda;;;SANTIAGO;REG.METROPOLITANA;CL;Arratia;Valentina;;El belloto 879;;;;SANTIAGO;REG.METROPOLITANA;CL;16990;0;990;0;17980;0;CLP
000000508667;23347048501-A;24/02/2025 23:34:30;Cerrado;31990;4990;36980;6398;0.0000;25592;1;VESTIDO MUJER NICOPOLY ROJO PLISADO ASIMÉTRICO;MPM10001849452-2;N05100DM;24/02/2025 23:34:32;Flujo Crossdock- Ripley PAQ;Kandalaf;"Katterine ";;pasaje 4 y medio norte villa don mati 3447;S/N;;;TALCA;VII REGION;CL;Kandalaf;"Katterine ";;pasaje 4 y medio norte villa don mati 3447;;;;TALCA;VII REGION;CL;31990;0;4990;0;36980;0;CLP
000000508667;23347308501-A;25/02/2025 02:54:32;Cerrado;14990;2195;17185;2998;0.0000;11992;1;FALDA MUJER NICOPOLY GRIS MIDI ACANALADA;MPM10001491709-3;N04176NL;25/02/2025 02:54:34;Flujo Same day BX;Rodrguez;Mariela;;Palqui 2933;122;;;NUNOA;REG.METROPOLITANA;CL;Rodrguez;Mariela;;Palqui 2933;;;;NUNOA;REG.METROPOLITANA;CL;14990;0;2195;0;17185;0;CLP
000000508667;23347308501-A;25/02/2025 02:54:32;Cerrado;14990;2195;17185;2998;0.0000;11992;1;FALDA MUJER NICOPOLY CAFÉ MIDI ACANALADA;MPM10001491713-1;N04176UL;25/02/2025 02:54:34;Flujo Same day BX;Rodrguez;Mariela;;Palqui 2933;122;;;NUNOA;REG.METROPOLITANA;CL;Rodrguez;Mariela;;Palqui 2933;;;;NUNOA;REG.METROPOLITANA;CL;14990;0;2195;0;17185;0;CLP
000000508667;23347415901-A;25/02/2025 08:58:27;Cerrado;20990;2195;23185;4198;0.0000;16792;1;PANTALÓN MUJER NICOPOLY AZUL GRISÁCEO PRETINA ANCHA;MPM10001848635-1;N05081CS;25/02/2025 08:58:28;Flujo Same day BX;Cliente;Francesca;;Víctor Rae 4777;705;;;LAS CONDES;REG.METROPOLITANA;CL;Cliente;Francesca;;Víctor Rae 4777;;;;LAS CONDES;REG.METROPOLITANA;CL;20990;0;2195;0;23185;0;CLP
000000508667;23347415901-A;25/02/2025 08:58:27;Cerrado;36990;2195;39185;7398;0.0000;29592;1;PANTALÓN BÁSICO PIERNA ANCHA NEGRO NICOPOLY;MPM10002128946-3;N05203BS;25/02/2025 08:58:28;Flujo Same day BX;Cliente;Francesca;;Víctor Rae 4777;705;;;LAS CONDES;REG.METROPOLITANA;CL;Cliente;Francesca;;Víctor Rae 4777;;;;LAS CONDES;REG.METROPOLITANA;CL;36990;0;2195;0;39185;0;CLP
000000508667;23347556001-A;25/02/2025 10:41:25;Cerrado;15990;0;15990;3198;0.0000;12792;1;PANTALÓN MUJER NICOPOLY BLANCO TIRO ALTO JASPEADO;MPM10001849485-2;N05022AM;25/02/2025 10:41:26;Flujo Same day BX;Rojas;Dayana;;Caldera sur 1488;S/N;;;MAIPU;REG.METROPOLITANA;CL;Rojas;Dayana;;Caldera sur 1488;;;;MAIPU;REG.METROPOLITANA;CL;15990;0;0;0;15990;0;CLP
000000508667;23347761201-A;25/02/2025 12:22:02;Cerrado;41990;3990;45980;8398;0.0000;33592;1;BLAZER LARGO 4 BOTONES NEGRO NICOPOLY;MPM10001752448-3;N00212BM-5;25/02/2025 12:22:03;Flujo Crossdock- Ripley PAQ;Hidalgo;Bernardita;;Sierra madre  7456;Casa;;;LO ESPEJO;REG.METROPOLITANA;CL;Hidalgo;Bernardita;;Sierra madre  7456;;;;LO ESPEJO;REG.METROPOLITANA;CL;41990;0;3990;0;45980;0;CLP
000000508667;23347843901-A;25/02/2025 13:00:00;Reembolsado;25990;0;25990;5198;0.0000;20792;1;FULFILLMENT-GILET BÁSICO 4 BOTONES NEGRO NICOPOLY;MPM10002146380-3;N05262BXL-FF;25/02/2025 13:00:02;FF_MATRIX_DX;Farinelli Candelori;Constanza;;Avenida Ricardo Cumming 1191;Casa;;;SANTIAGO;REG.METROPOLITANA;CL;Farinelli Candelori;Constanza;;Avenida Ricardo Cumming 1191;;;;SANTIAGO;REG.METROPOLITANA;CL;25990;0;0;0;25990;0;CLP
000000508667;23347843901-A;25/02/2025 13:00:00;Reembolsado;44990;0;44990;8998;0.0000;35992;1;FULFILLMENT-BLAZER DE TOPE BOTONES DECORATIVOS NEGRO NICOPOLY;MPM10002146390-4;N05301BXL-FF;25/02/2025 13:00:02;FF_MATRIX_DX;Farinelli Candelori;Constanza;;Avenida Ricardo Cumming 1191;Casa;;;SANTIAGO;REG.METROPOLITANA;CL;Farinelli Candelori;Constanza;;Avenida Ricardo Cumming 1191;;;;SANTIAGO;REG.METROPOLITANA;CL;44990;0;0;0;44990;0;CLP
000000508667;23347843901-A;25/02/2025 13:00:00;Reembolsado;34990;0;34990;6998;0.0000;27992;1;FULFILLMENT-PANTALÓN PIERNA ANCHA CON PASADOR NEGRO NICOPOLY;MPM10002146394-3;N05298BXL-FF;25/02/2025 13:00:02;FF_MATRIX_DX;Farinelli Candelori;Constanza;;Avenida Ricardo Cumming 1191;Casa;;;SANTIAGO;REG.METROPOLITANA;CL;Farinelli Candelori;Constanza;;Avenida Ricardo Cumming 1191;;;;SANTIAGO;REG.METROPOLITANA;CL;34990;0;0;0;34990;0;CLP
000000508667;23347863901-A;25/02/2025 13:06:46;Reembolsado;34990;0;34990;6998;0.0000;27992;1;FULFILLMENT-PANTALÓN PIERNA ANCHA CON PASADOR VERDE OSCURO NICOPOLY;MPM10002146397-2;N05298EXL-FF;25/02/2025 13:06:47;FF_MATRIX_DX;Farinelli Candelori;Constanza;;Avenida Ricardo Cumming 1191;Casa;;;SANTIAGO;REG.METROPOLITANA;CL;Farinelli Candelori;Constanza;;Avenida Ricardo Cumming 1191;;;;SANTIAGO;REG.METROPOLITANA;CL;34990;0;0;0;34990;0;CLP
000000508667;23347863901-A;25/02/2025 13:06:46;Cerrado;44990;0;44990;8998;0.0000;35992;1;FULFILLMENT-BLAZER DE TOPE BOTONES DECORATIVOSVERDE OSCURO NICOPOLY;MPM10002146375-3;N05301EXL-FF;25/02/2025 13:06:47;FF_MATRIX_DX;Farinelli Candelori;Constanza;;Avenida Ricardo Cumming 1191;Casa;;;SANTIAGO;REG.METROPOLITANA;CL;Farinelli Candelori;Constanza;;Avenida Ricardo Cumming 1191;;;;SANTIAGO;REG.METROPOLITANA;CL;44990;0;0;0;44990;0;CLP
000000508667;23347863901-A;25/02/2025 13:06:46;Reembolsado;25990;0;25990;5198;0.0000;20792;1;FULFILLMENT-GILET BÁSICO 4 BOTONES VERDE OSCURO NICOPOLY;MPM10002146374-3;N05262EXL-FF;25/02/2025 13:06:47;FF_MATRIX_DX;Farinelli Candelori;Constanza;;Avenida Ricardo Cumming 1191;Casa;;;SANTIAGO;REG.METROPOLITANA;CL;Farinelli Candelori;Constanza;;Avenida Ricardo Cumming 1191;;;;SANTIAGO;REG.METROPOLITANA;CL;25990;0;0;0;25990;0;CLP
000000508667;23348938302-A;26/02/2025 11:19:14;Cerrado;27990;3990;31980;5598;0.0000;22392;1;ENTERITO MUJER NICOPOLY NEGRO BUSTIER ENCAJE;MPM10001919198-1;N05023BM;26/02/2025 11:19:15;Flujo Same day BX;Novoa;Ursula;;aracari  585;"casa ";;;MAIPU;REG.METROPOLITANA;CL;Novoa;Ursula;;aracari  585;;;;MAIPU;REG.METROPOLITANA;CL;27990;0;3990;0;31980;0;CLP
000000508667;23349197801-A;26/02/2025 12:56:42;Reembolsado;16990;3990;20980;3398;0.0000;13592;1;VESTIDO MUJER NICOPOLY NEGRO HALTER LAZO DECORATIVO;MPM10001465227-2;N04267BM;26/02/2025 12:56:43;Flujo Same day BX;Martinez Ayala;"Juan Carlos ";;Francisco Bilbao 1861 1861;32H;;;PROVIDENCIA;REG.METROPOLITANA;CL;Martinez Ayala;"Juan Carlos ";;Francisco Bilbao 1861 1861;;;;PROVIDENCIA;REG.METROPOLITANA;CL;16990;0;3990;0;20980;0;CLP
000000508667;23349278701-A;26/02/2025 13:29:09;Cerrado;15990;2195;18185;3198;0.0000;12792;1;PANTALÓN MUJER NICOPOLY ROSADO TIRO ALTO JASPEADO;MPM10001849483-1;N05022HM;26/02/2025 13:29:11;Flujo Same day BX;Trejos Arriagada;Claudia Sandra Del Carmen;;hernan cortes 2939;2 F;;;SANTIAGO;REG.METROPOLITANA;CL;Trejos Arriagada;Claudia Sandra Del Carmen;;hernan cortes 2939;;;;SANTIAGO;REG.METROPOLITANA;CL;15990;0;2195;0;18185;0;CLP
000000508667;23349278701-A;26/02/2025 13:29:09;Cerrado;15990;2195;18185;3198;0.0000;12792;1;PANTALÓN MUJER NICOPOLY BLANCO TIRO ALTO JASPEADO;MPM10001849485-2;N05022AM;26/02/2025 13:29:11;Flujo Same day BX;Trejos Arriagada;Claudia Sandra Del Carmen;;hernan cortes 2939;2 F;;;SANTIAGO;REG.METROPOLITANA;CL;Trejos Arriagada;Claudia Sandra Del Carmen;;hernan cortes 2939;;;;SANTIAGO;REG.METROPOLITANA;CL;15990;0;2195;0;18185;0;CLP
000000508667;23350027201-A;26/02/2025 18:05:22;Cerrado;15990;3990;19980;3198;0.0000;12792;1;PANTALÓN MUJER NICOPOLY CELESTE TIRO ALTO JASPEADO;MPM10001849482-2;N05022KL;26/02/2025 18:05:24;Flujo Same day BX;Castillo Bahamondes;Marjorie Andrea;;Carmen  566;2313;;;SANTIAGO;REG.METROPOLITANA;CL;Castillo Bahamondes;Marjorie Andrea;;Carmen  566;;;;SANTIAGO;REG.METROPOLITANA;CL;15990;0;3990;0;19980;0;CLP
000000508667;23350136901-A;26/02/2025 18:50:08;Cerrado;26490;3990;30480;5298;0.0000;21192;1;BLAZER BOLSILLOS Y BOTÓN ROJO NICOPOLY;MPM10001752521-2;N04260DS-5;26/02/2025 18:50:09;Flujo Same day BX;Rettig Rodriguez;Poulette;;La gloria 30;194;;;LAS CONDES;REG.METROPOLITANA;CL;Rettig Rodriguez;Poulette;;La gloria 30;;;;LAS CONDES;REG.METROPOLITANA;CL;26490;0;3990;0;30480;0;CLP
000000508667;23350139601-A;26/02/2025 18:52:22;Reembolsado;28990;0;28990;5798;0.0000;23192;1;FULFILLMENT-GILET ESPALDA AJUSTABLE BEIGE NICOPOLY;MPM10002146371-2;N04273GL-6-FF;26/02/2025 18:52:24;FF_MATRIX;Osorio;Pamela;;Gran Avenida Jose Miguel Carrera 4310;1101;;;SAN MIGUEL;REG.METROPOLITANA;CL;Osorio;Pamela;;Gran Avenida Jose Miguel Carrera 4310;;;;SAN MIGUEL;REG.METROPOLITANA;CL;28990;0;0;0;28990;0;CLP
000000508667;23350582201-A;26/02/2025 21:31:35;Reembolsado;26490;3990;30480;5298;0.0000;21192;1;ENTERITO MUJER NICOPOLY ROJO CON ENCAJE;MPM10001849447-3;N05040DM;26/02/2025 21:31:37;Flujo Same day BX;Torres;Priscila;;AV EL PERAL 07078;"CONDOMINIO TERRAZAS ";;;PUENTE ALTO;REG.METROPOLITANA;CL;Torres;Priscila;;AV EL PERAL 07078;;;;PUENTE ALTO;REG.METROPOLITANA;CL;26490;0;3990;0;30480;0;CLP
000000508667;23350772601-A;26/02/2025 22:34:19;Cerrado;21990;3990;25980;4398;0.0000;17592;1;VESTIDO MIDI MUJER NICOPOLY NEGRO ESCOTE DRAPEADO;MPM10001752462-1;N05035BM;26/02/2025 22:34:21;Flujo Same day BX;Gonzlez;Valeria;;Diagonal paraguay 160;204;;;SANTIAGO;REG.METROPOLITANA;CL;Gonzlez;Valeria;;Diagonal paraguay 160;;;;SANTIAGO;REG.METROPOLITANA;CL;21990;0;3990;0;25980;0;CLP
000000508667;23350983601-A;26/02/2025 23:44:00;Reembolsado;44990;0;44990;8998;0.0000;35992;1;FULFILLMENT-BLAZER DE TOPE BOTONES DECORATIVOS KHAKI NICOPOLY;MPM10002146367-3;N05301LS-FF;26/02/2025 23:44:01;FF_MATRIX;Astargo;Esperanza;;Calle Los ciruelos 60;Casa;;;RINCONADA;V REGION;CL;Astargo;Esperanza;;Calle Los ciruelos 60;;;;RINCONADA;V REGION;CL;44990;0;0;0;44990;0;CLP
000000508667;23350983601-A;26/02/2025 23:44:00;Reembolsado;34990;0;34990;6998;0.0000;27992;1;FULFILLMENT-PANTALÓN PIERNA ANCHA CON PASADOR KHAKI NICOPOLY;MPM10002146386-4;N05298LS-FF;26/02/2025 23:44:01;FF_MATRIX;Astargo;Esperanza;;Calle Los ciruelos 60;Casa;;;RINCONADA;V REGION;CL;Astargo;Esperanza;;Calle Los ciruelos 60;;;;RINCONADA;V REGION;CL;34990;0;0;0;34990;0;CLP
000000508667;23351050501-A;27/02/2025 00:03:34;Reembolsado;15990;3990;19980;3198;0.0000;12792;1;CÁRDIGAN PUNTO FINO CADENETAS NEGRO NICOPOLY;MPM10001465232-2;N04254BL;27/02/2025 00:03:35;Flujo Same day BX;Varas;Cyntia;;Rio baker 5192 pte alto 5192;Casa;;;PUENTE ALTO;REG.METROPOLITANA;CL;Varas;Cyntia;;Rio baker 5192 pte alto 5192;;;;PUENTE ALTO;REG.METROPOLITANA;CL;15990;0;3990;0;19980;0;CLP
000000508667;23351477301-A;27/02/2025 09:22:54;Reembolsado;15990;3990;19980;3198;0.0000;12792;1;PANTALÓN MUJER NICOPOLY CELESTE TIRO ALTO JASPEADO;MPM10001849482-1;N05022KM;27/02/2025 09:22:55;Flujo Same day BX;Aviles;Javiera;;Millahue 620;S/N;;;MAIPU;REG.METROPOLITANA;CL;Aviles;Javiera;;Millahue 620;;;;MAIPU;REG.METROPOLITANA;CL;15990;0;3990;0;19980;0;CLP
