Número de factura;Order number;Date created;Estado del pedido;Subtotal de artículos (con impuestos);Gastos de envío (con impuestos);Precio total (con impuestos);Commission (excluding taxes);Impuestos sobre la comisión;Amount transferred to tienda (including taxes);Quantity;Producto;Product SKU;Offer SKU;Fecha de confirmación del pago;Shipping method;Shipping address last name;Shipping address first name;Shipping address company;Shipping address street 1;Shipping address street 2;Dirección de entrega: complementaria;Shipping address zip;Shipping address city;Shipping address state;Shipping address country;Billing address last name;Billing address first name;Billing address company;Billing address street 1;Billing address street 2;Dirección de facturación: complementaria;Billing address zip;Billing address city;Billing address state;Billing address country;Subtotal de artículos (sin impuestos);Impuestos sobre artículos;Gastos de envío (sin impuestos);Impuestos sobre gastos de envío;Precio total (sin impuestos);Impuestos sobre el precio total;Currency
000000503106;23016293201-A;27/10/2024 21:18:43;Reembolsado;26980;0;26980;5396;0.0000;21584;1;PANTALÓN CON PINZAS RECTO ROJO NICOPOLY;MPM10001752496-4;N04277DM-5;27/10/2024 21:18:45;5d_Retiro Tienda Ripley El Trébol;Vera Saldia;Nicole;;"Avenida Jorge Alessandri 3177 ";" 3er Piso. Modulo Retiro en Tienda";;;TALCAHUANO;VIII REGION;CL;Vera Saldia;Nicole;;AVN UNO 594;;;;TALCAHUANO;VIII REGION;CL;26980;0;0;0;26980;0;CLP
000000503106;23049116301-A;13/11/2024 09:42:22;Reembolsado;32990;0;32990;6598;0.0000;26392;1;PANTALÓN RECTO COSTURA FRONTAL NEGRO NICOPOLY;MPM10001713171-1;N04301BM-5;13/11/2024 09:42:22;Flujo Crossdock- Ripley PAQ;Duran;Maria Sandra;;BLANCO ENCALADA 841;CASA;;;QUILLOTA;V REGION;CL;Duran;Maria Sandra;;BLANCO ENCALADA 841;;;;QUILLOTA;V REGION;CL;32990;0;0;0;32990;0;CLP
000000503106;23083595301-A;29/11/2024 00:11:44;Reembolsado;22480;990;23470;4496;0.0000;17984;1;VESTIDO ESCOTE V PROFUNDO LILA NICOPOLY;MPM10001919214-3;N05103ZM;29/11/2024 00:11:45;4d_Retiro Tienda Ripley Plaza Egaña;Escobar;Veronica;;"Larrain 5800 ";" 3er Piso. Modulo Retiro en Tienda";;;NUNOA;REG.METROPOLITANA;CL;Escobar;Veronica;;Santa Luisa de Marillac 1048;;;;NUNOA;REG.METROPOLITANA;CL;22480;0;990;0;23470;0;CLP
000000503106;23086401901-A;29/11/2024 10:55:46;Reembolsado;17080;990;18070;3416;0.0000;13664;1;MAXI VESTIDO TAJO Y COSTURAS GRIS NICOPOLY;MPM10001448879-3;N04266NM;29/11/2024 10:55:48;4d_Retiro Tienda Ripley Parque Arauco;Arenas;Diego;;"Avenida Kennedy 5413 ";4to Piso. Modulo Retiro en Tienda;;;LAS CONDES;REG.METROPOLITANA;CL;Arenas;Diego;;Francisco Bilbao 800;;;;LAS CONDES;REG.METROPOLITANA;CL;17080;0;990;0;18070;0;CLP
000000503106;23087808301-A;29/11/2024 13:00:55;Reembolsado;20680;330;21010;4136;0.0000;16544;1;VESTIDO HALTER LAZO DECORATIVO FUCSIA NICOPOLY;MPM10001465218-3;N04267SM;29/11/2024 13:00:57;5d_Retiro Tienda Ripley Los Andes;Johnson;Carina Alejandra;;"Santa Teresita 683 ";2do Piso. Servicio al Cliente;;;LOS ANDES;V REGION;CL;Johnson;Carina Alejandra;;Jose Tomas de la Fuente Villa Sarmien 1497;;;;LOS ANDES;V REGION;CL;20680;0;330;0;21010;0;CLP
000000503106;23088639601-A;29/11/2024 14:28:06;Reembolsado;31990;990;32980;6398;0.0000;25592;1;BLAZER 4 BOTONES DECORATIVOS ROJO NICOPOLY;MPM10001713162-1;N10046DM-5;29/11/2024 14:28:08;10d_Retiro Tienda Ripley Iquique;Leiva Rojas;Ingrid;;"Vivar 550 ";" 4to Piso. Servicio al Cliente";;;IQUIQUE;I REGION;CL;Leiva Rojas;Ingrid;;Las azucenas  2068;;;;IQUIQUE;I REGION;CL;31990;0;990;0;32980;0;CLP
000000503106;23095076601-A;30/11/2024 00:34:48;Cerrado;19990;0;19990;3998;0.0000;15992;1;VESTIDO ESCOTE SEMI CORAZÓN NEGRO NICOPOLY;MPM10001919197-1;N05061BM;30/11/2024 00:34:49;5d_Retiro Tienda Ripley Marina Arauco;Perez Perez;Jorge Humberto;;"Avenida Libertad 1348 ";" Piso 4. Modulo Retiro en Tienda";;;VI.A DEL MA;V REGION;CL;Perez Perez;Jorge Humberto;;Sevilla 034;;;;VI.A DEL MA;V REGION;CL;19990;0;0;0;19990;0;CLP
000000503106;23097049401-A;30/11/2024 11:23:06;Reembolsado;28990;0;28990;5798;0.0000;23192;1;PANTALÓN PALAZZO TAJOS LILA NICOPOLY;MPM10001503441-3;N10369VXL-4;30/11/2024 11:23:07;10d_Retiro Tienda Ripley Iquique;Contreras Ceballos;Marcela Alejandra;;"Vivar 550 ";" 4to Piso. Servicio al Cliente";;;IQUIQUE;I REGION;CL;Contreras Ceballos;Marcela Alejandra;;avda proyectada  2620;;;;IQUIQUE;I REGION;CL;28990;0;0;0;28990;0;CLP
000000503106;23097049401-A;30/11/2024 11:23:06;Reembolsado;28990;0;28990;5798;0.0000;23192;1;PANTALÓN PALAZZO TAJOS NEGRO NICOPOLY;MPM10001503453-1;N10369BXL-4;30/11/2024 11:23:07;10d_Retiro Tienda Ripley Iquique;Contreras Ceballos;Marcela Alejandra;;"Vivar 550 ";" 4to Piso. Servicio al Cliente";;;IQUIQUE;I REGION;CL;Contreras Ceballos;Marcela Alejandra;;avda proyectada  2620;;;;IQUIQUE;I REGION;CL;28990;0;0;0;28990;0;CLP
000000503106;23101104601-A;30/11/2024 20:20:22;Reembolsado;19990;990;20980;3998;0.0000;15992;1;VESTIDO ESCOTE SEMI CORAZÓN NEGRO NICOPOLY;MPM10001919197-3;N05061BL;30/11/2024 20:20:23;4d_Retiro Tienda Ripley Florida Center;Rodriguez;Marcela;;"Vicuña Mackenna Oriente 6100, La Florida ";3er Piso. Modulo Retiro en Tienda;;;LA FLORIDA;REG.METROPOLITANA;CL;Faundez;Francisca;;Los algarrobos norte 5070;;;;LA FLORIDA;REG.METROPOLITANA;CL;19990;0;990;0;20980;0;CLP
000000503106;23103171701-A;01/12/2024 09:27:46;Reembolsado;21580;990;22570;4316;0.0000;17264;1;PANTALÓN TIRO ALTO BÁSICO ROJO NICOPOLY;MPM10001752474-2;N10373DM-5;01/12/2024 09:27:47;4d_Retiro Tienda Ripley Costanera Center;Marchant;Katerine;;"Avenida Andrés Bello 2422 ";" 1er Piso. Modulo Retiro en Tienda";;;PROVIDENCIA;REG.METROPOLITANA;CL;Marchant;Katerine;;Presidente errazurriZ 4383;;;;PROVIDENCIA;REG.METROPOLITANA;CL;21580;0;990;0;22570;0;CLP
000000503106;23103203301-A;01/12/2024 09:35:56;Reembolsado;28990;248;29238;5798;0.0000;23192;1;PANTALÓN PALAZZO TAJOS MAGENTA NICOPOLY;MPM10001503442-4;N10369ZS-4;01/12/2024 09:35:57;14d_Retiro Tienda Ripley Arica;Fernndez Vargas;"Alejandra ";;"Av. Diego Portales 640, Arica ";2do Piso. Modulo Retiro en Tienda;;;ARICA;XV REGION;CL;Fernndez Vargas;"Alejandra ";;Manuel Martínez  1135;;;;ARICA;XV REGION;CL;28990;0;248;0;29238;0;CLP
000000503106;23106249601-A;01/12/2024 16:07:21;Reembolsado;25990;990;26980;5198;0.0000;20792;1;PANTALÓN CON PINZAS RECTO NEGRO NICOPOLY;MPM10001752472-3;N04277BL-5;01/12/2024 16:07:22;4d_Retiro Tienda Ripley Crillon;Orellana;Carol;;"Agustinas #1025 ";Piso -1. Modulo Retiro en Tienda;;;SANTIAGO;REG.METROPOLITANA;CL;Orellana;Carol;;jose miguel carrera 476 476;;;;SANTIAGO;REG.METROPOLITANA;CL;25990;0;990;0;26980;0;CLP
000000503106;23106582101-A;01/12/2024 16:37:50;Reembolsado;32990;990;33980;6598;0.0000;26392;1;BLAZER LARGO 4 BOTONES NEGRO NICOPOLY;MPM10001752448-3;N00212BM-5;01/12/2024 16:37:51;5d_Retiro Tienda Ripley Valparaíso;Araos;Carla;;"Plaza Victoria 1646 ";" 4to Piso. Servicio al Cliente";;;VALPARAISO;V REGION;CL;Araos;Carla;;Oscar Bonilla 452;;;;VALPARAISO;V REGION;CL;32990;0;990;0;33980;0;CLP
000000503106;23108396901-A;01/12/2024 19:26:45;Reembolsado;19780;0;19780;3956;0.0000;15824;1;VESTIDO PABILO CON VOLANTES ROJO NICOPOLY;MPM10001878062-3;N05013DM;01/12/2024 19:26:46;4d_Retiro Tienda Ripley Tobalaba;Friz;Cecilia;;"Av. Camilo Henríquez 3296, Puente Alto ";2do Piso. Modulo Retiro en Tienda;;;PUENTE ALTO;REG.METROPOLITANA;CL;Merino Gajardo;Alberto;;Nonato Coo 3752;;;;PUENTE ALTO;REG.METROPOLITANA;CL;19780;0;0;0;19780;0;CLP
000000503106;23109449501-A;01/12/2024 21:03:54;Reembolsado;31990;990;32980;6398;0.0000;25592;1;ENTERITO ESCOTE CRUZADO ROJO NICOPOLY;MPM10001856339-1;N05044DM;01/12/2024 21:03:55;4d_Retiro Tienda Ripley Plaza Egaña;Cid;Pamela;;"Larrain 5800 ";" 3er Piso. Modulo Retiro en Tienda";;;NUNOA;REG.METROPOLITANA;CL;Cid;Pamela;;Diagonal Oriente 5670;;;;NUNOA;REG.METROPOLITANA;CL;31990;0;990;0;32980;0;CLP
000000503106;23109622601-A;01/12/2024 21:19:12;Cerrado;35990;2980;38970;7198;0.0000;28792;1;ENTERITO EFECTO DOS PIEZAS ROJO NICOPOLY;MPM10001752505-3;N04018JL-5;01/12/2024 21:19:13;Flujo Same day BX;Basualdo;Pia;;Napoleon 3059;203;;;LAS CONDES;REG.METROPOLITANA;CL;Basualdo;Pia;;Napoleon 3059;;;;LAS CONDES;REG.METROPOLITANA;CL;35990;0;2980;0;38970;0;CLP
000000503106;23109883501-A;01/12/2024 21:38:13;Cerrado;17990;47;18037;3598;0.0000;14392;1;BLUSA HALTER AZUL ELÉCTRICO NICOPOLY;MPM10001437606-3;N04192CM;01/12/2024 21:38:15;Flujo Same day BX;Luque;Andrea;;Carlos silva vildosola  7788;S/N;;;LA REINA;REG.METROPOLITANA;CL;Luque;Andrea;;Carlos silva vildosola  7788;;;;LA REINA;REG.METROPOLITANA;CL;17990;0;47;0;18037;0;CLP
000000503106;23109883501-A;01/12/2024 21:38:13;Cerrado;15990;47;16037;3198;0.0000;12792;1;CÁRDIGAN PUNTO FINO CADENETAS AZUL PETRÓLEO NICOPOLY;MPM10001465226-4;N04254ES;01/12/2024 21:38:15;Flujo Same day BX;Luque;Andrea;;Carlos silva vildosola  7788;S/N;;;LA REINA;REG.METROPOLITANA;CL;Luque;Andrea;;Carlos silva vildosola  7788;;;;LA REINA;REG.METROPOLITANA;CL;15990;0;47;0;16037;0;CLP
000000503106;23109883501-A;01/12/2024 21:38:13;Cerrado;15990;47;16037;3198;0.0000;12792;1;BLUSA ENCAJE HOMBROS NEGRO NICOPOLY;MPM10001491720-3;N04242BM;01/12/2024 21:38:15;Flujo Same day BX;Luque;Andrea;;Carlos silva vildosola  7788;S/N;;;LA REINA;REG.METROPOLITANA;CL;Luque;Andrea;;Carlos silva vildosola  7788;;;;LA REINA;REG.METROPOLITANA;CL;15990;0;47;0;16037;0;CLP
000000503106;23112720001-A;02/12/2024 00:06:16;Reembolsado;28990;990;29980;5798;0.0000;23192;1;PANTALÓN PALAZZO TAJOS MAGENTA NICOPOLY;MPM10001503442-1;N10369ZXL-4;02/12/2024 00:06:17;5d_Retiro Tienda Ripley Los Andes;Rojas;Valeria;;"Santa Teresita 683 ";2do Piso. Servicio al Cliente;;;LOS ANDES;V REGION;CL;Rojas;Valeria;;Av.libertad  1125;;;;LOS ANDES;V REGION;CL;28990;0;990;0;29980;0;CLP
000000503106;23113164901-A;02/12/2024 00:42:58;Cerrado;24990;495;25485;4998;0.0000;19992;1;VESTIDO CON FALDÓN PLISADO FUCSIA NICOPOLY;MPM10001916732-3;N05042SS;02/12/2024 00:42:59;4d_Retiro Tienda Ripley Plaza Egaña;Ordenes;Paulina;;"Larrain 5800 ";" 3er Piso. Modulo Retiro en Tienda";;;NUNOA;REG.METROPOLITANA;CL;Ordenes;Paulina;;la cañada 6231 406;;;;NUNOA;REG.METROPOLITANA;CL;24990;0;495;0;25485;0;CLP
000000503106;23113164901-A;02/12/2024 00:42:58;Cerrado;28780;495;29275;5756;0.0000;23024;1;ENTERITO CON ENCAJE ROJO NICOPOLY;MPM10001849447-1;N05040DS;02/12/2024 00:42:59;4d_Retiro Tienda Ripley Plaza Egaña;Ordenes;Paulina;;"Larrain 5800 ";" 3er Piso. Modulo Retiro en Tienda";;;NUNOA;REG.METROPOLITANA;CL;Ordenes;Paulina;;la cañada 6231 406;;;;NUNOA;REG.METROPOLITANA;CL;28780;0;495;0;29275;0;CLP
000000503106;23119338601-A;02/12/2024 20:32:31;Reembolsado;22190;0;22190;4438;0.0000;17752;1;PANTALÓN PALAZZO TAJOS MAGENTA NICOPOLY;MPM10001503442-4;N10369ZS-4;02/12/2024 20:32:32;5d_Retiro Tienda Ripley Talca;Vidal;Sally;;"8 Oriente 1212 ";" 2do Piso. Modulo Retiro en Tienda";;;TALCA;VII REGION;CL;Vidal;Sally;;2 norte 733;;;;TALCA;VII REGION;CL;22190;0;0;0;22190;0;CLP
000000503106;23119338601-A;02/12/2024 20:32:31;Reembolsado;22190;0;22190;4438;0.0000;17752;1;PANTALÓN PALAZZO TAJOS NEGRO NICOPOLY;MPM10001503453-3;N10369BS-4;02/12/2024 20:32:32;5d_Retiro Tienda Ripley Talca;Vidal;Sally;;"8 Oriente 1212 ";" 2do Piso. Modulo Retiro en Tienda";;;TALCA;VII REGION;CL;Vidal;Sally;;2 norte 733;;;;TALCA;VII REGION;CL;22190;0;0;0;22190;0;CLP
000000503106;23122265001-A;02/12/2024 23:34:35;Reembolsado;31790;0;31790;6358;0.0000;25432;1;CHAQUETA ECOCUERO TIPO BIKER NEGRO NICOPOLY;MPM10001735076-1;N02107BM-5;02/12/2024 23:34:36;5d_Retiro Tienda Ripley Mall Concepción;Vasquez;Sonia;;"Barros Arana 1068, Concepcion ";" 3er Piso. Modulo Retiro en Tienda";;;CONCEPCION;VIII REGION;CL;Vasquez;Sonia;;Calle Esperanza pasaje 18 casa  2762;;;;CONCEPCION;VIII REGION;CL;31790;0;0;0;31790;0;CLP
000000503106;23123064801-A;03/12/2024 00:20:30;Reembolsado;15590;990;16580;3118;0.0000;12472;1;BLUSA BOTONERA INVISIBLE ROJO NICOPOLY;MPM10001713153-4;N00089DXL-5;03/12/2024 00:20:31;4d_Retiro Tienda Ripley Plaza Vespucio;Miranda;"Pablo ";;"Av. Vicuña Mackenna Ote. 7110, La Florida ";3er Piso. Modulo Retiro en Tienda;;;LA FLORIDA;REG.METROPOLITANA;CL;"Nez ";"Viviana ";;Pasaje Leif Ericson 9280;;;;LA FLORIDA;REG.METROPOLITANA;CL;15590;0;990;0;16580;0;CLP
000000503106;23123913001-A;03/12/2024 08:52:40;Reembolsado;23990;2195;26185;4798;0.0000;19192;1;VESTIDO PABILO CON VOLANTES NEGRO NICOPOLY;MPM10001878064-2;N05013BM;03/12/2024 08:52:42;Flujo Same day BX;San Miguel;Jose;;louisiana  1218;S/N;;;VITACURA;REG.METROPOLITANA;CL;San Miguel;Jose;;louisiana  1218;;;;VITACURA;REG.METROPOLITANA;CL;23990;0;2195;0;26185;0;CLP
000000503106;23123913001-A;03/12/2024 08:52:40;Reembolsado;20390;2195;22585;4078;0.0000;16312;1;VESTIDO ESCOTE SEMI CORAZÓN NEGRO NICOPOLY;MPM10001919197-1;N05061BM;03/12/2024 08:52:42;Flujo Same day BX;San Miguel;Jose;;louisiana  1218;S/N;;;VITACURA;REG.METROPOLITANA;CL;San Miguel;Jose;;louisiana  1218;;;;VITACURA;REG.METROPOLITANA;CL;20390;0;2195;0;22585;0;CLP
000000503106;23124698501-A;03/12/2024 12:00:45;Reembolsado;27590;990;28580;5518;0.0000;22072;1;ENTERITO ESCOTE V Y LAZO AZUL NICOPOLY;MPM10001856334-1;N05010CM;03/12/2024 12:00:46;5d_Retiro Tienda Ripley Talca;Vega Cancino;Mara Jos;;"8 Oriente 1212 ";" 2do Piso. Modulo Retiro en Tienda";;;TALCA;VII REGION;CL;Vega Cancino;Mara Jos;;30 oriente Condominio San Agustín 312;;;;TALCA;VII REGION;CL;27590;0;990;0;28580;0;CLP
000000503106;23125058001-A;03/12/2024 13:14:28;Reembolsado;22190;495;22685;4438;0.0000;17752;1;FALDA DENIM TAJO FRONTAL AZUL NICOPOLY;MPM10001465761-1;N04269CS;03/12/2024 13:14:29;5d_Retiro Tienda Ripley Talca;Vidal;Sally;;"8 Oriente 1212 ";" 2do Piso. Modulo Retiro en Tienda";;;TALCA;VII REGION;CL;Vidal;Sally;;2 norte 733;;;;TALCA;VII REGION;CL;22190;0;495;0;22685;0;CLP
000000503106;23126366701-A;03/12/2024 17:52:59;Reembolsado;23990;990;24980;4798;0.0000;19192;1;BLAZER 4 BOTONES DECORATIVOS ROJO NICOPOLY;MPM10001713162-1;N10046DM-5;03/12/2024 17:53:01;10d_Retiro Tienda Ripley Iquique;Leiva Rojas;Ingrid;;"Vivar 550 ";" 4to Piso. Servicio al Cliente";;;IQUIQUE;I REGION;CL;Leiva Rojas;Ingrid;;Las azucenas  2068;;;;IQUIQUE;I REGION;CL;23990;0;990;0;24980;0;CLP
000000503106;23127984801-A;03/12/2024 23:11:29;Reembolsado;16190;495;16685;3238;0.0000;12952;1;GILET MEZCLA LINO BEIGE NICOPOLY;MPM10001878066-3;N05019LS;03/12/2024 23:11:31;4d_Retiro Tienda Ripley Costanera Center;Fredes;Macarena;;"Avenida Andrés Bello 2422 ";" 1er Piso. Modulo Retiro en Tienda";;;PROVIDENCIA;REG.METROPOLITANA;CL;Fredes;Macarena;;Coventry 1049;;;;PROVIDENCIA;REG.METROPOLITANA;CL;16190;0;495;0;16685;0;CLP
000000503106;23127984801-A;03/12/2024 23:11:30;Reembolsado;25190;495;25685;5038;0.0000;20152;1;BLAZER SIN MANGAS BOLSILLOS BEIGE NICOPOLY;MPM10001752518-4;N04294GS-5;03/12/2024 23:11:31;4d_Retiro Tienda Ripley Costanera Center;Fredes;Macarena;;"Avenida Andrés Bello 2422 ";" 1er Piso. Modulo Retiro en Tienda";;;PROVIDENCIA;REG.METROPOLITANA;CL;Fredes;Macarena;;Coventry 1049;;;;PROVIDENCIA;REG.METROPOLITANA;CL;25190;0;495;0;25685;0;CLP
000000503106;23132170501-A;04/12/2024 23:10:04;Reembolsado;29990;0;29990;5998;0.0000;23992;1;BLAZER LARGO MANGA DRAPEADA KHAKI NICOPOLY;MPM10001465243-1;N04262LL;04/12/2024 23:10:06;10d_Retiro Tienda Ripley Portal Temuco;Carrasco;Inti;;"Avenida Alemania 0671 ";3er Piso, Modulo Retiro en Tienda;;;TEMUCO;IX REGION;CL;Carrasco;Inti;;pasaje el sauce 471;;;;TEMUCO;IX REGION;CL;29990;0;0;0;29990;0;CLP
000000503106;23132544401-A;05/12/2024 00:42:36;Reembolsado;31990;4395;36385;6398;0.0000;25592;1;BLAZER 4 BOTONES DECORATIVOS ROJO NICOPOLY;MPM10001713162-1;N10046DM-5;05/12/2024 00:42:37;Flujo Crossdock- Ripley PAQ;"Moya ";"Susana ";;calle los robles  1425;Casa;;;SAN JAVIER;VII REGION;CL;"Moya ";"Susana ";;calle los robles  1425;;;;SAN JAVIER;VII REGION;CL;31990;0;4395;0;36385;0;CLP
000000503106;23132544401-A;05/12/2024 00:42:36;Reembolsado;25990;4395;30385;5198;0.0000;20792;1;PANTALÓN CON PINZAS RECTO ROJO NICOPOLY;MPM10001752496-2;N04277DL-5;05/12/2024 00:42:37;Flujo Crossdock- Ripley PAQ;"Moya ";"Susana ";;calle los robles  1425;Casa;;;SAN JAVIER;VII REGION;CL;"Moya ";"Susana ";;calle los robles  1425;;;;SAN JAVIER;VII REGION;CL;25990;0;4395;0;30385;0;CLP
000000503106;23138698301-A;06/12/2024 16:45:45;Reembolsado;29990;5990;35980;5998;0.0000;23992;1;BLAZER CON SOLAPA ROJO NICOPOLY;MPM10001849468-2;N05062DS;06/12/2024 16:45:46;Flujo Crossdock- Ripley PAQ;"Fuentes ";"Joselyn ";;Los cipreces lomas coloradas  7151;casa;;;SP D LA PAZ;VIII REGION;CL;"Fuentes ";"Joselyn ";;Los cipreces lomas coloradas  7151;;;;SP D LA PAZ;VIII REGION;CL;29990;0;5990;0;35980;0;CLP
000000503106;23140544801-A;07/12/2024 00:43:53;Reembolsado;16990;0;16990;3398;0.0000;13592;1;ENTERITO CORTO TIPO CARGO FUCSIA NICOPOLY;MPM10000693658-1;N04066SL;07/12/2024 00:43:54;5d_Retiro Tienda Ripley Los Ángeles;Vidal;Karin Antonia;;"Valdivia 440, Los Angeles ";" 3er Piso. Servicio al Cliente";;;LOS ANGELES;VIII REGION;CL;Vidal;Karin Antonia;;Padre Hurtado 1130;;;;LOS ANGELES;VIII REGION;CL;16990;0;0;0;16990;0;CLP
000000503106;23141611402-A;07/12/2024 13:07:13;Reembolsado;18990;3990;22980;3798;0.0000;15192;1;PANTALÓN TIRO ALTO JASPEADO BLANCO NICOPOLY;MPM10001849485-2;N05022AM;07/12/2024 13:07:15;Flujo Same day BX;Cabas;Ricardo;;Villaseca  600;404;;;NUNOA;REG.METROPOLITANA;CL;Cabas;Ricardo;;Villaseca  600;;;;NUNOA;REG.METROPOLITANA;CL;18990;0;3990;0;22980;0;CLP
000000503106;23144323001-A;08/12/2024 00:03:53;Reembolsado;16990;0;16990;3398;0.0000;13592;1;ENTERITO CORTO TIPO CARGO FUCSIA NICOPOLY;MPM10000693658-1;N04066SL;08/12/2024 00:03:55;4d_Retiro Tienda Ripley Plaza Oeste;Bustamante;Berta;;"Américo Vespucio 1501 ";" 3er Piso. Modulo Retiro en Tienda";;;CERRILLOS;REG.METROPOLITANA;CL;Bustamante;Berta;;Arturo prat 5274;;;;CERRILLOS;REG.METROPOLITANA;CL;16990;0;0;0;16990;0;CLP
000000503106;23144400801-A;08/12/2024 00:23:44;Reembolsado;31990;990;32980;6398;0.0000;25592;1;ENTERITO LARGO CUELLO HALTER ROJO NICOPOLY;MPM10001752508-2;N02284DS-5;08/12/2024 00:23:45;8d_Retiro Tienda Ripley Copiapo;Gómez Espejo;Andrea;;"Calle Maipu S/N, Copiapo ";" 2do Piso. Servicio al Cliente";;;COPIAPO;III REGION;CL;Gómez Espejo;Andrea;;Guillermo Matta 779;;;;COPIAPO;III REGION;CL;31990;0;990;0;32980;0;CLP
000000503106;23147692401-A;08/12/2024 20:48:11;Cerrado;28990;990;29980;5798;0.0000;23192;1;PANTALÓN PALAZZO TAJOS LILA NICOPOLY;MPM10001503441-3;N10369VXL-4;08/12/2024 20:48:12;5d_Retiro Tienda Ripley Talca;"Canales Godoy ";"Dionicio Antonio ";;"8 Oriente 1212 ";" 2do Piso. Modulo Retiro en Tienda";;;TALCA;VII REGION;CL;"Canales Godoy ";"Dionicio Antonio ";;Los aromos  839;;;;TALCA;VII REGION;CL;28990;0;990;0;29980;0;CLP
000000503106;23149664001-A;09/12/2024 10:59:25;Cerrado;49990;3990;53980;9998;0.0000;39992;1;VESTIDO PLISADO ASIMÉTRICO ROJO NICOPOLY;MPM10001849452-1;N05100DL;09/12/2024 10:59:26;Flujo Same day BX;Figueroa;Yurailys;;Lira 570;204;;;SANTIAGO;REG.METROPOLITANA;CL;Figueroa;Yurailys;;Lira 570;;;;SANTIAGO;REG.METROPOLITANA;CL;49990;0;3990;0;53980;0;CLP
000000503106;23150552901-A;09/12/2024 14:14:50;Reembolsado;22990;990;23980;4598;0.0000;18392;1;VESTIDO ESCOTE SEMI CORAZÓN NEGRO NICOPOLY;MPM10001919197-2;N05061BS;09/12/2024 14:14:51;4d_Retiro Tienda Ripley Tobalaba;Acuña;Gladys;;"Av. Camilo Henríquez 3296, Puente Alto ";2do Piso. Modulo Retiro en Tienda;;;PUENTE ALTO;REG.METROPOLITANA;CL;Acuña;Gladys;;Antares 0919;;;;PUENTE ALTO;REG.METROPOLITANA;CL;22990;0;990;0;23980;0;CLP
000000503106;23150569101-A;09/12/2024 14:18:11;Reembolsado;22990;990;23980;4598;0.0000;18392;1;PANTALÓN TIRO ALTO JASPEADO BLANCO NICOPOLY;MPM10001849485-2;N05022AM;09/12/2024 14:18:12;5d_Retiro Tienda Ripley Chillán;Hermosilla;Francisca;;"5 de Abril 699 ";4to Piso. Centro de atención al Cliente;;;CHILLAN;VIII REGION;CL;Hermosilla;Francisca;;bulnes 525;;;;CHILLAN;VIII REGION;CL;22990;0;990;0;23980;0;CLP
000000503106;23151678401-A;09/12/2024 18:42:00;Reembolsado;39990;990;40980;7998;0.0000;31992;1;BLAZER BOLSILLOS Y BOTÓN  NEGRO NICOPOLY;MPM10001752517-2;N04260BXL-5;09/12/2024 18:42:01;4d_Retiro Tienda Ripley San Bernardo;Hormazabal;Carola;;"Av. Pdte. Jorge Alessandri Rodríguez 20040, San Bernardo ";2do Piso. Modulo Retiro en Tienda;;;SN.BERNARDO;REG.METROPOLITANA;CL;Hormazabal;Carola;;SANTA MARTA 683;;;;SN.BERNARDO;REG.METROPOLITANA;CL;39990;0;990;0;40980;0;CLP
000000503106;23155078001-A;10/12/2024 13:19:38;Reembolsado;22990;990;23980;4598;0.0000;18392;1;VESTIDO ESCOTE SEMI CORAZÓN NEGRO NICOPOLY;MPM10001919197-1;N05061BM;10/12/2024 13:19:39;5d_Retiro Tienda Ripley Rancagua;"Salinas ";Aldo;;"José Domingo Mujica 490 ";" 3er Piso. Modulo Retiro en Tienda";;;RANCAGUA;VI REGION;CL;Ortuzar Diaz;Claudia;;AVDA CIRCUNVALACION PONIENTE 2845;;;;RANCAGUA;VI REGION;CL;22990;0;990;0;23980;0;CLP
000000503106;23155372301-A;10/12/2024 14:27:56;Reembolsado;36990;990;37980;7398;0.0000;29592;1;ENTERITO ESCOTE V Y LAZO ROJO NICOPOLY;MPM10001856359-1;N05010DS;10/12/2024 14:27:57;5d_Retiro Tienda Ripley Rancagua;Pino;Isabel;;"José Domingo Mujica 490 ";" 3er Piso. Modulo Retiro en Tienda";;;RANCAGUA;VI REGION;CL;Pino;Isabel;;Pasaje los manzanos  063;;;;RANCAGUA;VI REGION;CL;36990;0;990;0;37980;0;CLP
000000503106;23156824801-A;10/12/2024 19:39:33;Reembolsado;37990;0;37990;7598;0.0000;30392;1;CHAQUETA BIKER ECOCUERO CORTA NEGRO  NICOPOLY;MPM10001383962-4;N04201BL;10/12/2024 19:39:35;5d_Retiro Tienda Ripley Chillán;Anguita;"Bárbara ";;"5 de Abril 699 ";4to Piso. Centro de atención al Cliente;;;CHILLAN;VIII REGION;CL;Parra;Jessica;;Esmeralda 927;;;;CHILLAN;VIII REGION;CL;37990;0;0;0;37990;0;CLP
000000503106;23158416701-A;11/12/2024 01:07:47;Cerrado;24990;990;25980;4998;0.0000;19992;1;ENTERITO LARGO COMFY NEGRO NICOPOLY;MPM10001916740-3;N02413BM-5;11/12/2024 01:07:48;5d_Retiro Tienda Ripley Quilpué;Salas;Marcela;;"Claudio Vicuña 992, Quilpue ";" 3er Piso. Modulo Retiro en Tienda";;;QUILPUE;V REGION;CL;Salas;Marcela;;Pasaje dos  0247;;;;QUILPUE;V REGION;CL;24990;0;990;0;25980;0;CLP
000000503106;23161862801-A;11/12/2024 20:07:09;Reembolsado;15990;990;16980;3198;0.0000;12792;1;VESTIDO DRAPEADO AJUSTADO ROSADO NICOPOLY;MPM00070951230-4;N02456HM;11/12/2024 20:07:10;4d_Retiro Tienda Ripley Huechuraba;Gonzalez;"Nicol ";;"Av. Americo Vespucio Norte 1737 ";" 2do Piso. Modulo Retiro en Tienda";;;HUECHURABA;REG.METROPOLITANA;CL;Gonzalez;"Nicol ";;Avenida Manuel Antonio Matta 801;;;;HUECHURABA;REG.METROPOLITANA;CL;15990;0;990;0;16980;0;CLP
000000503106;23162748501-A;11/12/2024 22:43:55;Reembolsado;29990;990;30980;5998;0.0000;23992;1;VESTIDO STRAPLESS Y ESCOTE V ROJO NICOPOLY;MPM10001856332-4;N05011DM;11/12/2024 22:43:56;10d_Retiro Tienda Ripley San Fernando;Valladares;Carla;;"Bernardo Ohiggins 701 ";" 3er Piso. Modulo Retiro en Tienda";;;SAN FERNANDO;VI REGION;CL;Valladares;Carla;;Pasaje oriente 148;;;;SAN FERNANDO;VI REGION;CL;29990;0;990;0;30980;0;CLP
000000503106;23166493501-A;12/12/2024 17:10:54;Reembolsado;41990;0;41990;8398;0.0000;33592;1;CHAQUETA ECOCUERO TIPO BIKER NEGRO NICOPOLY;MPM10001735076-3;N02107BL-5;12/12/2024 17:10:55;4d_Retiro Tienda Ripley Plaza Egaña;Rosas;Mario;;"Larrain 5800 ";" 3er Piso. Modulo Retiro en Tienda";;;NUNOA;REG.METROPOLITANA;CL;Rosas;Mario;;Portal sur 6941;;;;NUNOA;REG.METROPOLITANA;CL;41990;0;0;0;41990;0;CLP
000000503106;23166865201-A;12/12/2024 18:23:56;Reembolsado;21990;495;22485;4398;0.0000;17592;1;GILET MEZCLA LINO BEIGE NICOPOLY;MPM10001878066-1;N05019LM;12/12/2024 18:23:57;4d_Retiro Tienda Ripley Crillon;Flores Villagran;Ana Maria;;"Agustinas #1025 ";Piso -1. Modulo Retiro en Tienda;;;SANTIAGO;REG.METROPOLITANA;CL;Flores Villagran;Ana Maria;;teatinos 56;;;;SANTIAGO;REG.METROPOLITANA;CL;21990;0;495;0;22485;0;CLP
000000503106;23166865201-A;12/12/2024 18:23:56;Reembolsado;18990;495;19485;3798;0.0000;15192;1;PANTALÓN MEZCLA LINO BEIGE NICOPOLY;MPM10001878069-3;N05020LM;12/12/2024 18:23:57;4d_Retiro Tienda Ripley Crillon;Flores Villagran;Ana Maria;;"Agustinas #1025 ";Piso -1. Modulo Retiro en Tienda;;;SANTIAGO;REG.METROPOLITANA;CL;Flores Villagran;Ana Maria;;teatinos 56;;;;SANTIAGO;REG.METROPOLITANA;CL;18990;0;495;0;19485;0;CLP
000000503106;23168359801-A;12/12/2024 22:59:36;Reembolsado;22990;1690;24680;4598;0.0000;18392;1;PANTALÓN TIRO ALTO JASPEADO BLANCO NICOPOLY;MPM10001849485-2;N05022AM;12/12/2024 22:59:37;Flujo Same day BX;Caceres;Alysson;;9 oriente 4307;Casa;;;LO ESPEJO;REG.METROPOLITANA;CL;Caceres;Alysson;;9 oriente 4307;;;;LO ESPEJO;REG.METROPOLITANA;CL;22990;0;1690;0;24680;0;CLP
000000503106;23168359801-A;12/12/2024 22:59:36;Reembolsado;21990;1690;23680;4398;0.0000;17592;1;GILET MEZCLA LINO BLANCO NICOPOLY;MPM10001878072-2;N05019AM;12/12/2024 22:59:37;Flujo Same day BX;Caceres;Alysson;;9 oriente 4307;Casa;;;LO ESPEJO;REG.METROPOLITANA;CL;Caceres;Alysson;;9 oriente 4307;;;;LO ESPEJO;REG.METROPOLITANA;CL;21990;0;1690;0;23680;0;CLP
000000503106;23168524201-A;12/12/2024 23:30:49;Cerrado;17990;990;18980;3598;0.0000;14392;1;VESTIDO ACANALADO CUELLO ALTO VERDE NICOPOLY;MPM10001710242-2;N05055EM;12/12/2024 23:30:50;10d_Retiro Tienda Ripley Calama;Madariaga;Rossy;;"Balmaceda 3242, Calama ";" 2do Piso. Servicio al Cliente";;;CALAMA;II REGION;CL;Madariaga;Rossy;;Federico Errazuris sur 3645;;;;CALAMA;II REGION;CL;17990;0;990;0;18980;0;CLP
000000503106;23168879601-A;13/12/2024 00:38:53;Cerrado;32990;990;33980;6598;0.0000;26392;1;VESTIDO MIDI ESCOTE DRAPEADO BLANCO NICOPOLY;MPM10001752473-1;N05035AM;13/12/2024 00:38:55;5d_Retiro Tienda Ripley Mall Concepción;Fuentes;Camila Constanza;;"Barros Arana 1068, Concepcion ";" 3er Piso. Modulo Retiro en Tienda";;;CONCEPCION;VIII REGION;CL;Fuentes;Camila Constanza;;Av. Los Pintores 8776;;;;CONCEPCION;VIII REGION;CL;32990;0;990;0;33980;0;CLP
000000503106;23171599202-A;13/12/2024 17:27:51;Reembolsado;19990;0;19990;3998;0.0000;15992;1;SHORT BÁSICO FORMAL NEGRO NICOPOLY;MPM10001437614-1;N04049BS-4;13/12/2024 17:27:53;Flujo Same day BX;Barahona;Veronica;;Rigoberto Jara  141 bloc 4;314;;;QUILICURA;REG.METROPOLITANA;CL;Barahona;Veronica;;Rigoberto Jara  141 bloc 4;;;;QUILICURA;REG.METROPOLITANA;CL;19990;0;0;0;19990;0;CLP
000000503106;23172807501-A;13/12/2024 21:52:14;Cerrado;26990;495;27485;5398;0.0000;21592;1;VESTIDO PABILO CON VOLANTES NEGRO NICOPOLY;MPM10001878064-2;N05013BM;13/12/2024 21:52:16;10d_Retiro Tienda Ripley Antofagasta;Olivares;Cintia;;"Arturo Prat 530 ";" 4to Piso. Servicio al Cliente";;;ANTOFAGASTA;II REGION;CL;Olivares;Cintia;;Covadonga Vieja 432;;;;ANTOFAGASTA;II REGION;CL;26990;0;495;0;27485;0;CLP
000000503106;23172807501-A;13/12/2024 21:52:14;Cerrado;24990;495;25485;4998;0.0000;19992;1;ENTERITO LARGO COMFY NEGRO NICOPOLY;MPM10001916740-3;N02413BM-5;13/12/2024 21:52:16;10d_Retiro Tienda Ripley Antofagasta;Olivares;Cintia;;"Arturo Prat 530 ";" 4to Piso. Servicio al Cliente";;;ANTOFAGASTA;II REGION;CL;Olivares;Cintia;;Covadonga Vieja 432;;;;ANTOFAGASTA;II REGION;CL;24990;0;495;0;25485;0;CLP
000000503106;23174339201-A;14/12/2024 11:19:28;Reembolsado;17990;990;18980;3598;0.0000;14392;1;FALDA DENIM TAJO FRONTAL AZUL NICOPOLY;MPM10001465761-3;N04269CM;14/12/2024 11:19:29;5d_Retiro Tienda Ripley Los Ángeles;Silva;Nicole;;"Valdivia 440, Los Angeles ";" 3er Piso. Servicio al Cliente";;;LOS ANGELES;VIII REGION;CL;Silva;Nicole;;Avenida oriente  755;;;;LOS ANGELES;VIII REGION;CL;17990;0;990;0;18980;0;CLP
000000503106;23175465701-A;14/12/2024 15:32:57;Reembolsado;31990;0;31990;6398;0.0000;25592;1;BLAZER 4 BOTONES DECORATIVOS NEGRO NICOPOLY;MPM10001713165-4;N10046BM-5;14/12/2024 15:32:58;5d_Retiro Tienda Ripley El Trébol;Muoz;Rodrigo;;"Avenida Jorge Alessandri 3177 ";" 3er Piso. Modulo Retiro en Tienda";;;TALCAHUANO;VIII REGION;CL;Muoz;Rodrigo;;Los cisnes 785;;;;TALCAHUANO;VIII REGION;CL;31990;0;0;0;31990;0;CLP
000000503106;23175811302-A;14/12/2024 16:37:10;Reembolsado;13990;3990;17980;2798;0.0000;11192;1;BLUSA ASIMÉTRICA ROJO NICOPOLY;MPM10001919202-2;N05096DL;14/12/2024 16:37:11;Flujo Same day BX;"Contreras Mendez ";Jose Marcelino;;Pasaje dos 280;Casa;;;LA FLORIDA;REG.METROPOLITANA;CL;"Contreras Mendez ";Jose Marcelino;;Pasaje dos 280;;;;LA FLORIDA;REG.METROPOLITANA;CL;13990;0;3990;0;17980;0;CLP
000000503106;23176421901-A;14/12/2024 18:35:20;Reembolsado;19990;3990;23980;3998;0.0000;15992;1;BLUSA CUELLO MAO TIPO SATÍN VERDE OSCURO NICOPOLY;MPM10001465179-2;N04264EL;14/12/2024 18:35:22;Flujo Same day BX;Neira;Gloria;;Liquidambar seis 18318;Casa;;;MAIPU;REG.METROPOLITANA;CL;Neira;Gloria;;Liquidambar seis 18318;;;;MAIPU;REG.METROPOLITANA;CL;19990;0;3990;0;23980;0;CLP
000000503106;23177925201-A;15/12/2024 00:06:19;Cerrado;24990;990;25980;4998;0.0000;19992;1;VESTIDO TIPO CAMISERO LEOPARD CAFÉ NICOPOLY;MPM10001848651-4;N05123UM;15/12/2024 00:06:20;5d_Retiro Tienda Ripley Viña del Mar Sucre;Robles;May;;"Sucre 290, Viña ";5to Piso. Modulo Retiro en Tienda;;;VI.A DEL MA;V REGION;CL;Robles;May;;amunategui recreo 1919;;;;VI.A DEL MA;V REGION;CL;24990;0;990;0;25980;0;CLP
000000503106;23178732201-A;15/12/2024 10:44:53;Reembolsado;36990;7990;44980;7398;0.0000;29592;1;ENTERITO ESCOTE V Y LAZO AZUL NICOPOLY;MPM10001856334-1;N05010CM;15/12/2024 10:44:54;Flujo Crossdock- Ripley PAQ;Droghetti;Aldo;;18 de Septiembre 622;304 A;;;TEMUCO;IX REGION;CL;Droghetti;Aldo;;18 de Septiembre 622;;;;TEMUCO;IX REGION;CL;36990;0;7990;0;44980;0;CLP
000000503106;23186656901-A;16/12/2024 17:51:26;Reembolsado;17990;495;18485;3598;0.0000;14392;1;FALDA DENIM TAJO FRONTAL AZUL NICOPOLY;MPM10001465761-1;N04269CS;16/12/2024 17:51:27;5d_Retiro Tienda Ripley Valparaíso;Olavarria;Maria Carolina;;"Plaza Victoria 1646 ";" 4to Piso. Servicio al Cliente";;;VALPARAISO;V REGION;CL;Olavarria;Maria Carolina;;Pasaje Roberto Matta Echaurren 252;;;;VALPARAISO;V REGION;CL;17990;0;495;0;18485;0;CLP
000000503106;23188400901-A;16/12/2024 22:29:36;Reembolsado;19990;2796;22786;3998;0.0000;15992;1;VESTIDO HALTER LAZO DECORATIVO NEGRO NICOPOLY;MPM10001465227-2;N04267BM;16/12/2024 22:29:37;Flujo Crossdock- Ripley PAQ;Gonzalez  Molina;Maria;;La rinconada  huelquen paine 5 b;"Casa ";;;PAINE;REG.METROPOLITANA;CL;Gonzalez  Molina;Maria;;La rinconada  huelquen paine 5 b;;;;PAINE;REG.METROPOLITANA;CL;19990;0;2796;0;22786;0;CLP
000000503106;23188400901-A;16/12/2024 22:29:36;Reembolsado;21990;2796;24786;4398;0.0000;17592;1;VESTIDO CORTO ABERTURAS MANGAS NEGRO NICOPOLY;MPM10001849481-1;N02336BM-5;16/12/2024 22:29:37;Flujo Crossdock- Ripley PAQ;Gonzalez  Molina;Maria;;La rinconada  huelquen paine 5 b;"Casa ";;;PAINE;REG.METROPOLITANA;CL;Gonzalez  Molina;Maria;;La rinconada  huelquen paine 5 b;;;;PAINE;REG.METROPOLITANA;CL;21990;0;2796;0;24786;0;CLP
000000503106;23188400901-A;16/12/2024 22:29:36;Reembolsado;32990;2796;35786;6598;0.0000;26392;1;VESTIDO MIDI ESCOTE DRAPEADO NEGRO NICOPOLY;MPM10001752462-3;N05035BL;16/12/2024 22:29:37;Flujo Crossdock- Ripley PAQ;Gonzalez  Molina;Maria;;La rinconada  huelquen paine 5 b;"Casa ";;;PAINE;REG.METROPOLITANA;CL;Gonzalez  Molina;Maria;;La rinconada  huelquen paine 5 b;;;;PAINE;REG.METROPOLITANA;CL;32990;0;2796;0;35786;0;CLP
000000503106;23188483601-A;16/12/2024 22:37:37;Reembolsado;4990;495;5485;998;0.0000;3992;1;TOP STRAPLESS ELASTICADO NEGRO NICOPOLY;MPM10000700257-2;N04123BS;16/12/2024 22:37:39;4d_Retiro Tienda Ripley Los Dominicos;Marquez;Maria Isabel;;"Padre Hurtado Sur 875 ";1er Piso. Servicio al Cliente;;;LAS CONDES;REG.METROPOLITANA;CL;Marquez;Maria Isabel;;Santa magdalena sofia barat 335;;;;LAS CONDES;REG.METROPOLITANA;CL;4990;0;495;0;5485;0;CLP
000000503106;23188483601-A;16/12/2024 22:37:37;Reembolsado;4990;495;5485;998;0.0000;3992;1;PETO BÁSICO ACANALADO AZUL MARINO NICOPOLY;MPM00035391620-2;N10219PS;16/12/2024 22:37:39;4d_Retiro Tienda Ripley Los Dominicos;Marquez;Maria Isabel;;"Padre Hurtado Sur 875 ";1er Piso. Servicio al Cliente;;;LAS CONDES;REG.METROPOLITANA;CL;Marquez;Maria Isabel;;Santa magdalena sofia barat 335;;;;LAS CONDES;REG.METROPOLITANA;CL;4990;0;495;0;5485;0;CLP
000000503106;23193937801-A;17/12/2024 20:43:11;Reembolsado;24990;990;25980;4998;0.0000;19992;1;VESTIDO CON FALDÓN PLISADO AZUL NICOPOLY;MPM10001916724-3;N05042CM;17/12/2024 20:43:12;4d_Retiro Tienda Ripley Crillon;Vargas;Paulina;;"Agustinas #1025 ";Piso -1. Modulo Retiro en Tienda;;;SANTIAGO;REG.METROPOLITANA;CL;Vargas;Paulina;;Huerfanos 1845;;;;SANTIAGO;REG.METROPOLITANA;CL;24990;0;990;0;25980;0;CLP
000000503106;23194705601-A;17/12/2024 22:51:39;Reembolsado;34990;990;35980;6998;0.0000;27992;1;VESTIDO CAMISERO TIPO DENIM NICOPOLY;MPM10001849442-4;N05099KL;17/12/2024 22:51:40;6d_Retiro Tienda Ripley Nueva Valdivia;Iakovleva;Yulia;;"Arauco 561 ";" 3er Piso. Servicio al Cliente";;;VALDIVIA;XIV REGION;CL;Iakovleva;Yulia;;Los Boldos 498;;;;VALDIVIA;XIV REGION;CL;34990;0;990;0;35980;0;CLP
000000503106;23194985801-A;17/12/2024 23:29:44;Cerrado;37990;3990;41980;7598;0.0000;30392;1;CHAQUETA BIKER ECOCUERO CORTA NEGRO  NICOPOLY;MPM10001383962-4;N04201BL;17/12/2024 23:29:45;Flujo Same day BX;Valdebenito;Sergio;;Calle Thiare 1037;Casa;;;MAIPU;REG.METROPOLITANA;CL;Valdebenito;Sergio;;Calle Thiare 1037;;;;MAIPU;REG.METROPOLITANA;CL;37990;0;3990;0;41980;0;CLP
000000503106;23199434502-A;18/12/2024 22:35:27;Reembolsado;4990;0;4990;998;0.0000;3992;1;PETO ESCOTE EN V AZUL ELÉCTRICO NICOPOLY;MPM00035392018-3;N10252CL;18/12/2024 22:35:28;4d_Retiro Tienda Ripley Huechuraba;"Higuera ";Susana;;"Av. Americo Vespucio Norte 1737 ";" 2do Piso. Modulo Retiro en Tienda";;;HUECHURABA;REG.METROPOLITANA;CL;"Higuera ";Susana;;Alberto undurraga 1626;;;;HUECHURABA;REG.METROPOLITANA;CL;4990;0;0;0;4990;0;CLP
000000503106;23200793801-A;19/12/2024 10:26:37;Reembolsado;24990;990;25980;4998;0.0000;19992;1;VESTIDO ESCOTE V PROFUNDO CELESTE NICOPOLY;MPM10001919208-1;N05103KS;19/12/2024 10:26:39;10d_Retiro Tienda Ripley San Fernando;"Abarca ";"Natalia ";;"Bernardo Ohiggins 701 ";" 3er Piso. Modulo Retiro en Tienda";;;SAN FERNANDO;VI REGION;CL;Pino;Patricia;;San Fernando  0453;;;;SAN FERNANDO;VI REGION;CL;24990;0;990;0;25980;0;CLP
000000503106;23205184701-A;20/12/2024 09:55:24;Cerrado;31990;1185;33175;6398;0.0000;25592;1;ENTERITO CON ENCAJE BLANCO NICOPOLY;MPM10001849450-2;N05040AS;20/12/2024 09:55:26;Flujo Same day BX;Barahona;Veronica;;Rigoberto Jara  141 bloc 4;314;;;QUILICURA;REG.METROPOLITANA;CL;Barahona;Veronica;;Rigoberto Jara  141 bloc 4;;;;QUILICURA;REG.METROPOLITANA;CL;31990;0;1185;0;33175;0;CLP
000000503106;23205184701-A;20/12/2024 09:55:24;Cerrado;31990;1185;33175;6398;0.0000;25592;1;ENTERITO CON ENCAJE ROJO NICOPOLY;MPM10001849447-1;N05040DS;20/12/2024 09:55:26;Flujo Same day BX;Barahona;Veronica;;Rigoberto Jara  141 bloc 4;314;;;QUILICURA;REG.METROPOLITANA;CL;Barahona;Veronica;;Rigoberto Jara  141 bloc 4;;;;QUILICURA;REG.METROPOLITANA;CL;31990;0;1185;0;33175;0;CLP
000000503106;23206791201-A;20/12/2024 17:46:56;Reembolsado;19990;0;19990;3998;0.0000;15992;1;VESTIDO HOLGADO CON MANGAS CALADAS NEGRO NICOPOLY;MPM10001919205-1;N05120BXL;20/12/2024 17:46:57;5d_Retiro Tienda Ripley Quilpué;Duarte Hidalgo;Luis;;"Claudio Vicuña 992, Quilpue ";" 3er Piso. Modulo Retiro en Tienda";;;QUILPUE;V REGION;CL;Duarte Hidalgo;Luis;;ramon angel jara 545;;;;QUILPUE;V REGION;CL;19990;0;0;0;19990;0;CLP
000000503106;23207003201-A;20/12/2024 19:03:05;Cerrado;18990;3990;22980;3798;0.0000;15192;1;PANTALÓN MEZCLA LINO BEIGE NICOPOLY;MPM10001878069-2;N05020LS;20/12/2024 19:03:06;Flujo Same day BX;Miranda Morales;Miguel Angel;;Lazo 1439;8;;;SAN MIGUEL;REG.METROPOLITANA;CL;Miranda Morales;Miguel Angel;;Lazo 1439;;;;SAN MIGUEL;REG.METROPOLITANA;CL;18990;0;3990;0;22980;0;CLP
000000503106;23208102901-A;21/12/2024 08:42:43;Reembolsado;29990;990;30980;5998;0.0000;23992;1;CÁRDIGAN FLORES 3D NEGRO NICOPOLY;MPM10001735009-1;N04316BS-5;21/12/2024 08:42:45;4d_Retiro Tienda Ripley Florida Center;Corvalán;Ignacio;;"Vicuña Mackenna Oriente 6100, La Florida ";3er Piso. Modulo Retiro en Tienda;;;LA FLORIDA;REG.METROPOLITANA;CL;Baeza;"Carmen ";;Manio 6315;;;;LA FLORIDA;REG.METROPOLITANA;CL;29990;0;990;0;30980;0;CLP
000000503106;23208771901-A;21/12/2024 14:31:59;Reembolsado;25990;990;26980;5198;0.0000;20792;1;CHAQUETA BOMBER BROCHES CAMEL NICOPOLY;MPM10001465279-3;N04263RM;21/12/2024 14:32:01;5d_Retiro Tienda Ripley La Calera;Cataldo;Marilyn;;"JJ Perez 90, La Calera ";" 2do Piso. Modulo Retiro en Tienda";;;CALERA;V REGION;CL;Cataldo;Marilyn;;ortiz de rosas 1286;;;;CALERA;V REGION;CL;25990;0;990;0;26980;0;CLP
000000503106;23208984001-A;21/12/2024 16:04:57;Cerrado;19990;2195;22185;3998;0.0000;15992;1;BODY HALTER TIPO SATÍN VERDE OSCURO NICOPOLY;MPM10001878226-3;N05047ES;21/12/2024 16:04:58;Flujo Same day BX;Fernandez;Marianni;;Cuarta avenida 1175;1102;;;SAN MIGUEL;REG.METROPOLITANA;CL;Fernandez;Marianni;;Cuarta avenida 1175;;;;SAN MIGUEL;REG.METROPOLITANA;CL;19990;0;2195;0;22185;0;CLP
000000503106;23208984001-A;21/12/2024 16:04:57;Cerrado;19990;2195;22185;3998;0.0000;15992;1;BODY HALTER TIPO SATÍN VERDE OSCURO NICOPOLY;MPM10001878226-2;N05047EM;21/12/2024 16:04:58;Flujo Same day BX;Fernandez;Marianni;;Cuarta avenida 1175;1102;;;SAN MIGUEL;REG.METROPOLITANA;CL;Fernandez;Marianni;;Cuarta avenida 1175;;;;SAN MIGUEL;REG.METROPOLITANA;CL;19990;0;2195;0;22185;0;CLP
000000503106;23210291001-A;22/12/2024 09:53:44;Reembolsado;11990;990;12980;2398;0.0000;9592;1;VESTIDO FLORAL NUDO NEGRO NICOPOLY;MPM10000705718-3;N04132BM;22/12/2024 09:53:46;4d_Retiro Tienda Ripley Tobalaba;"González ";"Alexis ";;"Av. Camilo Henríquez 3296, Puente Alto ";2do Piso. Modulo Retiro en Tienda;;;PUENTE ALTO;REG.METROPOLITANA;CL;Ibarra;Daniela;;La travesia poniente 1080;;;;PUENTE ALTO;REG.METROPOLITANA;CL;11990;0;990;0;12980;0;CLP
000000503106;23210792202-A;22/12/2024 14:09:59;Cerrado;12990;0;12990;2598;0.0000;10392;1;SOBRECAMISA LEÑADORA NARANJO NICOPOLY;MPM00047830552-2;N02235RM;22/12/2024 14:10:00;8d_Retiro Tienda Ripley Castellón;Vallejos;Francia;;"Castellon 520, Concepcion ";6to Piso. Servicio al Cliente;;;CONCEPCION;VIII REGION;CL;Vallejos;Francia;;Lautaro 1208;;;;CONCEPCION;VIII REGION;CL;12990;0;0;0;12990;0;CLP
000000503106;23211876501-A;22/12/2024 21:53:35;Reembolsado;41990;0;41990;8398;0.0000;33592;1;CHAQUETA ECOCUERO TIPO BIKER NEGRO NICOPOLY;MPM10001735076-3;N02107BL-5;22/12/2024 21:53:36;5d_Retiro Tienda Ripley El Trébol;Villalobos;"Carmen ";;"Avenida Jorge Alessandri 3177 ";" 3er Piso. Modulo Retiro en Tienda";;;TALCAHUANO;VIII REGION;CL;Villalobos;"Carmen ";;Pasaje Rosita renard 8965;;;;TALCAHUANO;VIII REGION;CL;41990;0;0;0;41990;0;CLP
000000503106;23212025201-A;22/12/2024 22:54:02;Reembolsado;19990;0;19990;3998;0.0000;15992;1;BLUSA CUELLO MAO TIPO SATÍN ROJO NICOPOLY;MPM10001465211-1;N04264DS;22/12/2024 22:54:03;Flujo Same day BX;Espinoza;Claudia;;pasaje puerto llifen 0556;casa;;;QUILICURA;REG.METROPOLITANA;CL;Espinoza;Claudia;;pasaje puerto llifen 0556;;;;QUILICURA;REG.METROPOLITANA;CL;19990;0;0;0;19990;0;CLP
000000503106;23212025201-A;22/12/2024 22:54:02;Reembolsado;19990;0;19990;3998;0.0000;15992;1;BLUSA CUELLO MAO BOTONES ROJO NICOPOLY;MPM10001878083-1;N02509DS-5;22/12/2024 22:54:03;Flujo Same day BX;Espinoza;Claudia;;pasaje puerto llifen 0556;casa;;;QUILICURA;REG.METROPOLITANA;CL;Espinoza;Claudia;;pasaje puerto llifen 0556;;;;QUILICURA;REG.METROPOLITANA;CL;19990;0;0;0;19990;0;CLP
000000503106;23212193401-A;23/12/2024 00:13:18;Reembolsado;11990;990;12980;2398;0.0000;9592;1;CROP TOP ASIMÉTRICO NEGRO NICOPOLY;MPM10001916749-1;N05097BL;23/12/2024 00:13:19;4d_Retiro Tienda Ripley Costanera Center;Corvalan Pacheco;Maria Ignacia;;"Avenida Andrés Bello 2422 ";" 1er Piso. Modulo Retiro en Tienda";;;PROVIDENCIA;REG.METROPOLITANA;CL;Corvalan Pacheco;Maria Ignacia;;Alcalde Jorge monckeberg 35;;;;PROVIDENCIA;REG.METROPOLITANA;CL;11990;0;990;0;12980;0;CLP
000000503106;23212976301-A;23/12/2024 14:18:21;Reembolsado;7990;495;8485;1598;0.0000;6392;1;FALDA MIDI ELASTICADA ROJO NICOPOLY;MPM10000700284-2;N04124DL;23/12/2024 14:18:23;4d_Retiro Tienda Ripley Plaza Vespucio;Poseck;Vekcy;;"Av. Vicuña Mackenna Ote. 7110, La Florida ";3er Piso. Modulo Retiro en Tienda;;;LA FLORIDA;REG.METROPOLITANA;CL;Poseck;Vekcy;;Vicuna mackenna poniente 6800;;;;LA FLORIDA;REG.METROPOLITANA;CL;7990;0;495;0;8485;0;CLP
000000503106;23212976301-A;23/12/2024 14:18:21;Reembolsado;4990;495;5485;998;0.0000;3992;1;TOP STRAPLESS ELASTICADO ROJO NICOPOLY;MPM10000700247-3;N04123DL;23/12/2024 14:18:23;4d_Retiro Tienda Ripley Plaza Vespucio;Poseck;Vekcy;;"Av. Vicuña Mackenna Ote. 7110, La Florida ";3er Piso. Modulo Retiro en Tienda;;;LA FLORIDA;REG.METROPOLITANA;CL;Poseck;Vekcy;;Vicuna mackenna poniente 6800;;;;LA FLORIDA;REG.METROPOLITANA;CL;4990;0;495;0;5485;0;CLP
000000503106;23213698601-A;23/12/2024 20:52:59;Reembolsado;34990;990;35980;6998;0.0000;27992;1;VESTIDO CAMISERO TIPO DENIM NICOPOLY;MPM10001849442-2;N05099KM;23/12/2024 20:53:01;4d_Retiro Tienda Ripley Tobalaba;Valenzuela;Ximena Valenzuela;;"Av. Camilo Henríquez 3296, Puente Alto ";2do Piso. Modulo Retiro en Tienda;;;PUENTE ALTO;REG.METROPOLITANA;CL;Valenzuela;Ximena Valenzuela;;Los monjes 3208;;;;PUENTE ALTO;REG.METROPOLITANA;CL;34990;0;990;0;35980;0;CLP
000000503106;23215718401-A;25/12/2024 12:06:55;Reembolsado;32990;3990;36980;6598;0.0000;26392;1;VESTIDO MIDI ESCOTE DRAPEADO BLANCO NICOPOLY;MPM10001752473-4;N05035AXL;25/12/2024 12:06:56;Flujo Same day BX;Ruiz;Carolina;;Nicomedes Guzmán  5556;S/N;;;MACUL;REG.METROPOLITANA;CL;Ruiz;Carolina;;Nicomedes Guzmán  5556;;;;MACUL;REG.METROPOLITANA;CL;32990;0;3990;0;36980;0;CLP
000000503106;23215893101-A;25/12/2024 13:26:57;Cerrado;18990;330;19320;3798;0.0000;15192;1;BLUSA BÁSICA ESCOTE EN V CELESTE NICOPOLY;MPM10001856354-2;N02493KM-5;25/12/2024 13:26:58;4d_Retiro Tienda Ripley Crillon;Matamala;Jessica;;"Agustinas #1025 ";Piso -1. Modulo Retiro en Tienda;;;SANTIAGO;REG.METROPOLITANA;CL;Matamala;Jessica;;Florencia  1435;;;;SANTIAGO;REG.METROPOLITANA;CL;18990;0;330;0;19320;0;CLP
000000503106;23215893101-A;25/12/2024 13:26:57;Cerrado;27990;330;28320;5598;0.0000;22392;1;PANTALÓN CON PINZAS RECTO NEGRO NICOPOLY;MPM10001752472-4;N04277BM-5;25/12/2024 13:26:58;4d_Retiro Tienda Ripley Crillon;Matamala;Jessica;;"Agustinas #1025 ";Piso -1. Modulo Retiro en Tienda;;;SANTIAGO;REG.METROPOLITANA;CL;Matamala;Jessica;;Florencia  1435;;;;SANTIAGO;REG.METROPOLITANA;CL;27990;0;330;0;28320;0;CLP
000000503106;23216002801-A;25/12/2024 14:15:28;Cerrado;32990;990;33980;6598;0.0000;26392;1;VESTIDO TIPO SATÍN PRINT ABSTRACTO ROSADO NICOPOLY;MPM10001916723-2;N05122HXL;25/12/2024 14:15:29;4d_Retiro Tienda Ripley Los Dominicos;Arenas Reinoso;Lidia;;"Padre Hurtado Sur 875 ";1er Piso. Servicio al Cliente;;;LAS CONDES;REG.METROPOLITANA;CL;Arenas Reinoso;Lidia;;Portada de guías 8870;;;;LAS CONDES;REG.METROPOLITANA;CL;32990;0;990;0;33980;0;CLP
000000503106;23216007101-A;25/12/2024 14:19:04;Reembolsado;31990;3990;35980;6398;0.0000;25592;1;ENTERITO CON ENCAJE BLANCO NICOPOLY;MPM10001849450-1;N05040AM;25/12/2024 14:19:06;Flujo Same day BX;Peralta;Sofia;;celerino pereira1905 depto;606;;;NUNOA;REG.METROPOLITANA;CL;Peralta;Sofia;;celerino pereira1905 depto;;;;NUNOA;REG.METROPOLITANA;CL;31990;0;3990;0;35980;0;CLP
000000503106;23216671901-A;25/12/2024 19:55:22;Reembolsado;39990;990;40980;7998;0.0000;31992;1;ENTERITO BUSTIER ENCAJE NEGRO NICOPOLY;MPM10001919198-1;N05023BM;25/12/2024 19:55:24;10d_Retiro Tienda Ripley Antofagasta;Cavallaro;Marcela;;"Arturo Prat 530 ";" 4to Piso. Servicio al Cliente";;;ANTOFAGASTA;II REGION;CL;Cavallaro;Marcela;;del alto 8425;;;;ANTOFAGASTA;II REGION;CL;39990;0;990;0;40980;0;CLP
000000503106;23217112801-A;25/12/2024 23:11:19;Reembolsado;21990;0;21990;4398;0.0000;17592;1;GILET MEZCLA LINO BEIGE NICOPOLY;MPM10001878066-1;N05019LM;25/12/2024 23:11:20;8d_Retiro Tienda Ripley Coquimbo;Gallegos;Pilar;;"Baquedano 86 ";" 1er Piso. Servicio al Cliente";;;COQUIMBO;IV REGION;CL;Gallegos;Pilar;;Wenceslao Vergara 928;;;;COQUIMBO;IV REGION;CL;21990;0;0;0;21990;0;CLP
000000503106;23217112801-A;25/12/2024 23:11:19;Reembolsado;18990;0;18990;3798;0.0000;15192;1;PANTALÓN MEZCLA LINO BEIGE NICOPOLY;MPM10001878069-1;N05020LL;25/12/2024 23:11:20;8d_Retiro Tienda Ripley Coquimbo;Gallegos;Pilar;;"Baquedano 86 ";" 1er Piso. Servicio al Cliente";;;COQUIMBO;IV REGION;CL;Gallegos;Pilar;;Wenceslao Vergara 928;;;;COQUIMBO;IV REGION;CL;18990;0;0;0;18990;0;CLP
000000503106;23217281301-A;26/12/2024 00:17:40;Reembolsado;45990;0;45990;9198;0.0000;36792;1;MAXI VESTIDO CORTE IMPERIO FLORAL AZUL NICOPOLY;MPM10001752469-3;N04010PM-5;26/12/2024 00:17:41;Flujo Crossdock- Ripley PAQ;Zrate;Magdalena Rosario;;Bombero Victor Silva  14416;S/N;;;SN.BERNARDO;REG.METROPOLITANA;CL;Zrate;Magdalena Rosario;;Bombero Victor Silva  14416;;;;SN.BERNARDO;REG.METROPOLITANA;CL;45990;0;0;0;45990;0;CLP
000000503106;23217695201-A;26/12/2024 10:39:57;Reembolsado;19990;3990;23980;3998;0.0000;15992;1;VESTIDO CORTO CUELLO HALTER BLANCO NICOPOLY;MPM10001878055-4;N04063AM-5;26/12/2024 10:39:58;Flujo Same day BX;Padilla;Violeta;;Jose Miguel Carrera 13248;1701;;;EL BOSQUE;REG.METROPOLITANA;CL;Padilla;Violeta;;Jose Miguel Carrera 13248;;;;EL BOSQUE;REG.METROPOLITANA;CL;19990;0;3990;0;23980;0;CLP
000000503106;23217805301-A;26/12/2024 11:28:04;Reembolsado;22990;3990;26980;4598;0.0000;18392;1;VESTIDO TUBO CON STRASS ROJO NICOPOLY;MPM10001849451-2;N05119DM;26/12/2024 11:28:05;Flujo Same day BX;Palacio;Johana;;santa sofia de lo cañas calle tres 73;casa;;;LA FLORIDA;REG.METROPOLITANA;CL;Palacio;Johana;;santa sofia de lo cañas calle tres 73;;;;LA FLORIDA;REG.METROPOLITANA;CL;22990;0;3990;0;26980;0;CLP
000000503106;23218807501-A;26/12/2024 18:22:38;Cerrado;18990;990;19980;3798;0.0000;15192;1;CHALECO GILET RAYAS KHAKI NICOPOLY;MPM10001491782-2;N04306LM;26/12/2024 18:22:39;5d_Retiro Tienda Ripley Mall Concepción;Mellado;Karina;;"Barros Arana 1068, Concepcion ";" 3er Piso. Modulo Retiro en Tienda";;;CONCEPCION;VIII REGION;CL;Mellado;Karina;;21 de mayo, pasaje Iquique 32;;;;CONCEPCION;VIII REGION;CL;18990;0;990;0;19980;0;CLP
000000503106;23219369001-A;26/12/2024 22:08:00;Reembolsado;31990;495;32485;6398;0.0000;25592;1;BLAZER SIN MANGAS BOLSILLOS NEGRO NICOPOLY;MPM10001752522-1;N04294BM-5;26/12/2024 22:08:01;5d_Retiro Tienda Ripley Viña del Mar Sucre;Llarllure;Solange;;"Sucre 290, Viña ";5to Piso. Modulo Retiro en Tienda;;;VI.A DEL MA;V REGION;CL;Llarllure;Solange;;Camino los ingleses  715;;;;VI.A DEL MA;V REGION;CL;31990;0;495;0;32485;0;CLP
000000503106;23219369001-A;26/12/2024 22:08:00;Reembolsado;12990;495;13485;2598;0.0000;10392;1;BODY ESCOTE DRAPEADO LENTEJUELAS NEGRO NICOPOLY;MPM10001916748-3;N05014BM;26/12/2024 22:08:01;5d_Retiro Tienda Ripley Viña del Mar Sucre;Llarllure;Solange;;"Sucre 290, Viña ";5to Piso. Modulo Retiro en Tienda;;;VI.A DEL MA;V REGION;CL;Llarllure;Solange;;Camino los ingleses  715;;;;VI.A DEL MA;V REGION;CL;12990;0;495;0;13485;0;CLP
000000503106;23219514801-A;26/12/2024 22:55:34;Reembolsado;19990;990;20980;3998;0.0000;15992;1;VESTIDO HALTER LAZO DECORATIVO NEGRO NICOPOLY;MPM10001465227-2;N04267BM;26/12/2024 22:55:35;8d_Retiro Tienda Ripley Copiapo;Segovia;Naisla;;"Calle Maipu S/N, Copiapo ";" 2do Piso. Servicio al Cliente";;;COPIAPO;III REGION;CL;Segovia;Naisla;;Callejon Pedro Leon Gallo 645;;;;COPIAPO;III REGION;CL;19990;0;990;0;20980;0;CLP
000000503106;23219807601-A;27/12/2024 00:46:56;Reembolsado;18990;0;18990;3798;0.0000;15192;1;PANTALÓN MEZCLA LINO BEIGE NICOPOLY;MPM10001878069-3;N05020LM;27/12/2024 00:46:57;4d_Retiro Tienda Ripley Crillon;"Vargas ";"Francisca ";;"Agustinas #1025 ";Piso -1. Modulo Retiro en Tienda;;;SANTIAGO;REG.METROPOLITANA;CL;Vargas;Gaston;;Cirujano Guzmán  70;;;;SANTIAGO;REG.METROPOLITANA;CL;18990;0;0;0;18990;0;CLP
000000503106;23220047201-A;27/12/2024 09:12:53;Reembolsado;22990;990;23980;4598;0.0000;18392;1;VESTIDO ESCOTE SEMI CORAZÓN VERDE OSCURO NICOPOLY;MPM10001919215-2;N05061ES;27/12/2024 09:12:54;5d_Retiro Tienda Ripley Valparaíso;Rojas;Monica;;"Plaza Victoria 1646 ";" 4to Piso. Servicio al Cliente";;;VALPARAISO;V REGION;CL;Rojas;Monica;;Calle Pedro de Oña Cerro Mariposa 725;;;;VALPARAISO;V REGION;CL;22990;0;990;0;23980;0;CLP
000000503106;23220134401-A;27/12/2024 10:15:50;Reembolsado;27490;3990;31480;5498;0.0000;21992;1;ENTERITO TIPO SATÍN ESCOTE V  UVA NICOPOLY;MPM00079771056-2;N03079ZM;27/12/2024 10:15:51;Flujo Same day BX;Valdes Quintanilla;Luz;;Irarrazaval 5225;205;;;NUNOA;REG.METROPOLITANA;CL;Valdes Quintanilla;Luz;;Irarrazaval 5225;;;;NUNOA;REG.METROPOLITANA;CL;27490;0;3990;0;31480;0;CLP
000000503106;23222516401-A;28/12/2024 11:06:45;Reembolsado;39990;0;39990;7998;0.0000;31992;1;ENTERITO BUSTIER ENCAJE NEGRO NICOPOLY;MPM10001919198-2;N05023BL;28/12/2024 11:06:46;4d_Retiro Tienda Ripley Plaza Oeste;Quintanilla;Barbara;;"Américo Vespucio 1501 ";" 3er Piso. Modulo Retiro en Tienda";;;CERRILLOS;REG.METROPOLITANA;CL;Quintanilla;Barbara;;Dirigente Israel Méndez 2403;;;;CERRILLOS;REG.METROPOLITANA;CL;39990;0;0;0;39990;0;CLP
000000503106;23222728401-A;28/12/2024 12:48:39;Cerrado;18990;990;19980;3798;0.0000;15192;1;PANTALÓN MEZCLA LINO BLANCO NICOPOLY;MPM10001878082-2;N05020AM;28/12/2024 12:48:40;5d_Retiro Tienda Ripley La Calera;"Herrera ";"Roxana ";;"JJ Perez 90, La Calera ";" 2do Piso. Modulo Retiro en Tienda";;;CALERA;V REGION;CL;"Herrera ";"Roxana ";;Habana 729;;;;CALERA;V REGION;CL;18990;0;990;0;19980;0;CLP
000000503106;23223049901-A;28/12/2024 15:20:40;Reembolsado;44990;3990;48980;8998;0.0000;35992;1;VESTIDO PLISADO ASIMÉTRICO ROJO NICOPOLY;MPM10001849452-2;N05100DM;28/12/2024 15:20:41;Flujo Same day BX;Perez;Yohana;;Raul labbe 12940;Depto;;;LO BARNECHEA;REG.METROPOLITANA;CL;Perez;Yohana;;Raul labbe 12940;;;;LO BARNECHEA;REG.METROPOLITANA;CL;44990;0;3990;0;48980;0;CLP
000000503106;23223989601-A;28/12/2024 22:31:16;Cerrado;15990;990;16980;3198;0.0000;12792;1;CROP TOP ESPALDA ELASTICADA LILA NICOPOLY;MPM10001503475-4;N10368VM-4;28/12/2024 22:31:17;5d_Retiro Tienda Ripley Curicó;Muoz;Yoselin;;"Av.OHiggins 201 ";" 2do Piso. Servicio al Cliente";;;CURICO;VII REGION;CL;Muoz;Yoselin;;Luis cruz martines 09;;;;CURICO;VII REGION;CL;15990;0;990;0;16980;0;CLP
000000503106;23224928801-A;29/12/2024 14:02:51;Reembolsado;21990;3990;25980;4398;0.0000;17592;1;ENTERITO DETALLES DORADOS HOMBROS BURDEO NICOPOLY;MPM00081462634-3;N03017TM;29/12/2024 14:02:52;Flujo Same day BX;Bustamante;Maria Jose;;Manutara 3055;S/N;;;CERRILLOS;REG.METROPOLITANA;CL;Bustamante;Maria Jose;;Manutara 3055;;;;CERRILLOS;REG.METROPOLITANA;CL;21990;0;3990;0;25980;0;CLP
000000503106;23225214401-A;29/12/2024 16:26:56;Reembolsado;15990;990;16980;3198;0.0000;12792;1;ENTERITO CORTO FLOREADO MORADO NICOPOLY;MPM10001878059-2;N05127AL;29/12/2024 16:26:57;5d_Retiro Tienda Ripley Los Ángeles;Ortega;"Maria ";;"Valdivia 440, Los Angeles ";" 3er Piso. Servicio al Cliente";;;LOS ANGELES;VIII REGION;CL;Lopez;Waldo;;Licanlebo 1025;;;;LOS ANGELES;VIII REGION;CL;15990;0;990;0;16980;0;CLP
000000503106;23225236201-A;29/12/2024 16:36:18;Reembolsado;26390;990;27380;5278;0.0000;21112;1;VESTIDO UN HOMBRO Y TAJO FUCSIA NICOPOLY;MPM00084129770-1;N03077SM;29/12/2024 16:36:19;11d_Retiro Tienda Ripley Temuco;Contreras;Elena;;"Arturo Prat 656, Temuco ";2do Piso. Modulo Retiro en Tienda;;;TEMUCO;IX REGION;CL;Contreras;Elena;;Daniel osses 372;;;;TEMUCO;IX REGION;CL;26390;0;990;0;27380;0;CLP
000000503106;23227125701-A;30/12/2024 14:37:40;Reembolsado;14990;0;14990;2998;0.0000;11992;1;VESTIDO MINI FLORES NEGRO NICOPOLY;MPM10000700283-3;N04097BM;30/12/2024 14:37:42;4d_Retiro Tienda Ripley Alameda;Vidal;Diodina;;"Av Libertador Bernardo O'Higgins 3470, Santiago ";3er Piso. Modulo Retiro en Tienda;;;EST.CENTRAL;REG.METROPOLITANA;CL;Vidal;Diodina;;Braulio arenas villa José donoso 11049;;;;EST.CENTRAL;REG.METROPOLITANA;CL;14990;0;0;0;14990;0;CLP
000000503106;23228487201-A;31/12/2024 09:43:18;Reembolsado;17990;3990;21980;3598;0.0000;14392;1;VESTIDO CORTO CUELLO HALTER BLANCO NICOPOLY;MPM10001878055-4;N04063AM-5;31/12/2024 09:43:19;Flujo Same day BX;Leon;Francisca;;Sucre 1687;311;;;NUNOA;REG.METROPOLITANA;CL;Leon;Francisca;;Sucre 1687;;;;NUNOA;REG.METROPOLITANA;CL;17990;0;3990;0;21980;0;CLP
000000503106;23229041201-A;31/12/2024 15:40:00;Reembolsado;24990;990;25980;4998;0.0000;19992;1;PANTALÓN PINZAS TIRO ALTO KHAKI NICOPOLY;MPM10001752498-3;N04120LM-5;31/12/2024 15:40:01;10d_Retiro Tienda Ripley San Fernando;Pino;Patricia;;"Bernardo Ohiggins 701 ";" 3er Piso. Modulo Retiro en Tienda";;;SAN FERNANDO;VI REGION;CL;Pino;Patricia;;San Fernando  0453;;;;SAN FERNANDO;VI REGION;CL;24990;0;990;0;25980;0;CLP
000000503106;23229165501-A;31/12/2024 17:00:04;Reembolsado;12990;990;13980;2598;0.0000;10392;1;BODY ESCOTE DRAPEADO LENTEJUELAS NEGRO NICOPOLY;MPM10001916748-3;N05014BM;31/12/2024 17:00:06;5d_Retiro Tienda Ripley El Trébol;Ramrez;Solange;;"Avenida Jorge Alessandri 3177 ";" 3er Piso. Modulo Retiro en Tienda";;;TALCAHUANO;VIII REGION;CL;Ramrez;Solange;;AVENIDA laguna Grande 800;;;;TALCAHUANO;VIII REGION;CL;12990;0;990;0;13980;0;CLP
000000503106;23229738801-A;01/01/2025 11:12:08;Reembolsado;41990;0;41990;8398;0.0000;33592;1;CHAQUETA ECOCUERO TIPO BIKER NEGRO NICOPOLY;MPM10001735076-3;N02107BL-5;01/01/2025 11:12:09;11d_Retiro Tienda Ripley Temuco;Millahuan;Lutgarda;;"Arturo Prat 656, Temuco ";2do Piso. Modulo Retiro en Tienda;;;TEMUCO;IX REGION;CL;Millahuan;Lutgarda;;Camino internacional icalma Sn;;;;TEMUCO;IX REGION;CL;41990;0;0;0;41990;0;CLP
000000503106;23229945901-A;01/01/2025 13:50:39;Reembolsado;31990;990;32980;6398;0.0000;25592;1;ENTERITO CON ENCAJE NEGRO NICOPOLY;MPM10001849465-1;N05040BM;01/01/2025 13:50:40;4d_Retiro Tienda Ripley Plaza Egaña;Miranda;Daniela;;"Larrain 5800 ";" 3er Piso. Modulo Retiro en Tienda";;;NUNOA;REG.METROPOLITANA;CL;Miranda;Daniela;;Av los zapadores  1832;;;;NUNOA;REG.METROPOLITANA;CL;31990;0;990;0;32980;0;CLP
000000503106;23230022303-A;01/01/2025 14:41:54;Reembolsado;16990;0;16990;3398;0.0000;13592;1;VESTIDO TIPO SATÍN DETALLES DRAPEADOS NARANJA NICOPOLY;MPM00071350122-4;N02424JM;01/01/2025 14:41:55;5d_Retiro Tienda Ripley Viña del Mar Sucre;Trujillo;Macarena;;"Sucre 290, Viña ";5to Piso. Modulo Retiro en Tienda;;;VI.A DEL MA;V REGION;CL;Trujillo;Macarena;;2 poniente  232;;;;VI.A DEL MA;V REGION;CL;16990;0;0;0;16990;0;CLP
000000503106;23230135701-A;01/01/2025 16:02:05;Cerrado;4990;0;4990;998;0.0000;3992;1;TOP STRAPLESS ELASTICADO NEGRO NICOPOLY;MPM10000700257-2;N04123BS;01/01/2025 16:02:07;10d_Retiro Tienda Ripley San Fernando;Roman;Sandra;;"Bernardo Ohiggins 701 ";" 3er Piso. Modulo Retiro en Tienda";;;SAN FERNANDO;VI REGION;CL;Roman;Sandra;;el carmen de los lingues 0;;;;SAN FERNANDO;VI REGION;CL;4990;0;0;0;4990;0;CLP
000000503106;23230288001-A;01/01/2025 17:30:57;Reembolsado;22990;0;22990;4598;0.0000;18392;1;SOBRECAMISA TIPO PANA BROCHES TAUPE NICOPOLY;MPM10001713151-3;N05050LM;01/01/2025 17:30:58;5d_Retiro Tienda Ripley Mall Concepción;"Alarcon ";Francesca;;"Barros Arana 1068, Concepcion ";" 3er Piso. Modulo Retiro en Tienda";;;CONCEPCION;VIII REGION;CL;"Lopez ";"Hugo ";;viterbo 2677;;;;CONCEPCION;VIII REGION;CL;22990;0;0;0;22990;0;CLP
000000503106;23230507201-A;01/01/2025 19:31:35;Reembolsado;14990;990;15980;2998;0.0000;11992;1;VESTIDO TAJO Y VUELO MOSTAZA NICOPOLY;MPM00066161606-3;N02306FS;01/01/2025 19:31:36;4d_Retiro Tienda Ripley Florida Center;Cabrera;Rafaella;;"Vicuña Mackenna Oriente 6100, La Florida ";3er Piso. Modulo Retiro en Tienda;;;LA FLORIDA;REG.METROPOLITANA;CL;Cabrera;Rafaella;;General Freire  199;;;;LA FLORIDA;REG.METROPOLITANA;CL;14990;0;990;0;15980;0;CLP
000000503106;23231314101-A;02/01/2025 08:36:31;Reembolsado;4990;990;5980;998;0.0000;3992;1;PETO ESCOTE EN V AZUL MARINO NICOPOLY;MPM00035390488-3;N10252PS;02/01/2025 08:36:34;5d_Retiro Tienda Ripley Mall Concepción;Cid;"Daniela ";;"Barros Arana 1068, Concepcion ";" 3er Piso. Modulo Retiro en Tienda";;;CONCEPCION;VIII REGION;CL;Cid;"Daniela ";;Población 12 de Octubre Campanario 1189;;;;CONCEPCION;VIII REGION;CL;4990;0;990;0;5980;0;CLP
000000503106;23231592301-A;02/01/2025 11:30:59;Cerrado;36990;990;37980;7398;0.0000;29592;1;BLAZER BOLSILLOS CON SOLAPAS AZUL MEDIO NICOPOLY;MPM10001437599-2;N04260KM;02/01/2025 11:31:00;5d_Retiro Tienda Ripley Viña del Mar Sucre;Caro;Paola;;"Sucre 290, Viña ";5to Piso. Modulo Retiro en Tienda;;;VI.A DEL MA;V REGION;CL;Caro;Paola;;21 de mayo 2030 depto 1001 A 2030;;;;VI.A DEL MA;V REGION;CL;36990;0;990;0;37980;0;CLP
000000503106;23231681901-A;02/01/2025 12:03:55;Cerrado;31990;3990;35980;6398;0.0000;25592;1;BLAZER 4 BOTONES DECORATIVOS NEGRO NICOPOLY;MPM10001713165-3;N10046BS-5;02/01/2025 12:03:56;Flujo Same day BX;Miranda;Nicole;;Goleta la comodoro 342;S/N;;;MAIPU;REG.METROPOLITANA;CL;Miranda;Nicole;;Goleta la comodoro 342;;;;MAIPU;REG.METROPOLITANA;CL;31990;0;3990;0;35980;0;CLP
000000503106;23233140301-A;02/01/2025 21:07:26;Cerrado;18990;990;19980;3798;0.0000;15192;1;PANTALÓN TIRO ALTO JASPEADO BLANCO NICOPOLY;MPM10001849485-2;N05022AM;02/01/2025 21:07:28;5d_Retiro Tienda Ripley Mall Concepción;San Martin;Katherine;;"Barros Arana 1068, Concepcion ";" 3er Piso. Modulo Retiro en Tienda";;;CONCEPCION;VIII REGION;CL;San Martin;Katherine;;Los jardines de andalien pasaje 5  49;;;;CONCEPCION;VIII REGION;CL;18990;0;990;0;19980;0;CLP
000000503106;23233164201-A;02/01/2025 21:16:42;Cerrado;16990;990;17980;3398;0.0000;13592;1;CÁRDIGAN BOTONES ACANALADO NEGRO NICOPOLY;MPM10001491765-1;N04180BM;02/01/2025 21:16:43;5d_Retiro Tienda Ripley Los Ángeles;"Espinoza ";"Brbara ";;"Valdivia 440, Los Angeles ";" 3er Piso. Servicio al Cliente";;;LOS ANGELES;VIII REGION;CL;"Espinoza ";"Brbara ";;Carlos Pezoa Véliz  0202;;;;LOS ANGELES;VIII REGION;CL;16990;0;990;0;17980;0;CLP
000000503106;23233420001-A;02/01/2025 22:38:14;Cerrado;21990;3990;25980;4398;0.0000;17592;1;PANTALÓN RECTO COSTURA FRONTAL NEGRO NICOPOLY;MPM10001713171-3;N04301BS-5;02/01/2025 22:38:15;Flujo Same day BX;Plaza;Aileen;;Villasana 2039;G16;;;QTA. NORMAL;REG.METROPOLITANA;CL;Plaza;Aileen;;Villasana 2039;;;;QTA. NORMAL;REG.METROPOLITANA;CL;21990;0;3990;0;25980;0;CLP
000000503106;23234325301-A;03/01/2025 11:22:52;Cerrado;11990;495;12485;2398;0.0000;9592;1;CROP ENCAJE NEGRO NICOPOLY;MPM10001916739-2;N04032BL-5;03/01/2025 11:22:53;10d_Retiro Tienda Ripley La Serena;"Bugueo Herbas ";"Michele ";;"Gregorio Cordovez 499 ";" 3er Piso. Modulo Retiro en Tienda";;;LA SERENA;IV REGION;CL;"Bugueo Herbas ";"Michele ";;Avenida las palmeras 7000;;;;LA SERENA;IV REGION;CL;11990;0;495;0;12485;0;CLP
000000503106;23234595901-A;03/01/2025 13:11:25;Cerrado;17990;990;18980;3598;0.0000;14392;1;FALDA DENIM TAJO FRONTAL AZUL NICOPOLY;MPM10001465761-3;N04269CM;03/01/2025 13:11:26;5d_Retiro Tienda Ripley Los Ángeles;Munoz;Ingrid;;"Valdivia 440, Los Angeles ";" 3er Piso. Servicio al Cliente";;;LOS ANGELES;VIII REGION;CL;Munoz;Ingrid;;Las tranqueras 1456;;;;LOS ANGELES;VIII REGION;CL;17990;0;990;0;18980;0;CLP
000000503106;23235801001-A;03/01/2025 21:41:40;Cerrado;12990;990;13980;2598;0.0000;10392;1;SWEATER TIPO HILO MANGA PRINCESA MOSTAZA NICOPOLY;MPM10001491761-1;N04249FL;03/01/2025 21:41:41;5d_Retiro Tienda Ripley Los Ángeles;Sotomayor;Susana;;"Valdivia 440, Los Angeles ";" 3er Piso. Servicio al Cliente";;;LOS ANGELES;VIII REGION;CL;Sotomayor;Susana;;Los cormoranes  230;;;;LOS ANGELES;VIII REGION;CL;12990;0;990;0;13980;0;CLP
000000503106;23236260001-A;04/01/2025 01:21:16;Cerrado;15990;990;16980;3198;0.0000;12792;1;CÁRDIGAN PUNTO FANTASÍA AMARILLO NICOPOLY;MPM00040988946-1;N02086FXL;04/01/2025 01:21:17;10d_Retiro Tienda Ripley Portal Temuco;Muñoz Sandoval;Camila;;"Avenida Alemania 0671 ";3er Piso, Modulo Retiro en Tienda;;;TEMUCO;IX REGION;CL;Sandoval Troncoso;"Roxana ";;camino botrolhue 02483;;;;TEMUCO;IX REGION;CL;15990;0;990;0;16980;0;CLP
000000503106;23236324601-A;04/01/2025 02:45:17;Reembolsado;23990;3845;27835;4798;0.0000;19192;1;PANTALÓN TIRO ALTO BÁSICO BLANCO NICOPOLY;MPM10001752475-4;N10373AM-5;04/01/2025 02:45:19;Flujo Crossdock- Ripley PAQ;Lopez;Gladys;;Villa Camilo Mori  pasaje Pedro Lira  0254;Casa;;;GRANEROS;VI REGION;CL;Lopez;Gladys;;Villa Camilo Mori  pasaje Pedro Lira  0254;;;;GRANEROS;VI REGION;CL;23990;0;3845;0;27835;0;CLP
000000503106;23236503101-A;04/01/2025 10:09:01;Cerrado;12990;0;12990;2598;0.0000;10392;1;BODY ESCOTE DRAPEADO LENTEJUELAS NEGRO NICOPOLY;MPM10001916748-1;N05014BS;04/01/2025 10:09:03;10d_Retiro Tienda Ripley Iquique;Ignacio Mamani;Olga Rossamary;;"Vivar 550 ";" 4to Piso. Servicio al Cliente";;;IQUIQUE;I REGION;CL;Ignacio Mamani;Olga Rossamary;;Bernardino guerra  2535;;;;IQUIQUE;I REGION;CL;12990;0;0;0;12990;0;CLP
000000503106;23236539301-A;04/01/2025 10:38:20;Reembolsado;22190;0;22190;4438;0.0000;17752;1;PANTALÓN MEZCLA LINO BLANCO NICOPOLY;MPM10001878082-2;N05020AM;04/01/2025 10:38:21;4d_Retiro Tienda Ripley Los Dominicos;Hurtado;Consuelo;;"Padre Hurtado Sur 875 ";1er Piso. Servicio al Cliente;;;LAS CONDES;REG.METROPOLITANA;CL;Hurtado;Consuelo;;Ricardo Cox 1497;;;;LAS CONDES;REG.METROPOLITANA;CL;22190;0;0;0;22190;0;CLP
000000503106;23236883501-A;04/01/2025 13:26:33;Reembolsado;19990;990;20980;3998;0.0000;15992;1;VESTIDO HALTER LAZO DECORATIVO MORADO NICOPOLY;MPM10001465763-3;N04267ZS;04/01/2025 13:26:35;10d_Retiro Tienda Ripley San Fernando;Abarca;Natalia;;"Bernardo Ohiggins 701 ";" 3er Piso. Modulo Retiro en Tienda";;;SAN FERNANDO;VI REGION;CL;Pino;Patricia;;San Fernando  0453;;;;SAN FERNANDO;VI REGION;CL;19990;0;990;0;20980;0;CLP
000000503106;23237183101-A;04/01/2025 15:51:51;Cerrado;23990;495;24485;4798;0.0000;19192;1;PANTALÓN TIRO ALTO BÁSICO BLANCO NICOPOLY;MPM10001752475-1;N10373AL-5;04/01/2025 15:51:52;8d_Retiro Tienda Ripley Puerto Montt;Barros Hirsch;Federico;;"Urmeneta 595, Puerto Montt ";4to Piso. Servicio al Cliente;;;PTO.MONTT;X REGION;CL;Acuña;Mariana;;Av. Manuel Montt, torre B 2339;;;;PTO.MONTT;X REGION;CL;23990;0;495;0;24485;0;CLP
000000503106;23237183101-A;04/01/2025 15:51:51;Cerrado;13990;495;14485;2798;0.0000;11192;1;TOP BÁSICO TIPO SATÍN CELESTE NICOPOLY;MPM10001919207-4;N05098KL;04/01/2025 15:51:52;8d_Retiro Tienda Ripley Puerto Montt;Barros Hirsch;Federico;;"Urmeneta 595, Puerto Montt ";4to Piso. Servicio al Cliente;;;PTO.MONTT;X REGION;CL;Acuña;Mariana;;Av. Manuel Montt, torre B 2339;;;;PTO.MONTT;X REGION;CL;13990;0;495;0;14485;0;CLP
000000503106;23237534901-A;04/01/2025 18:14:30;Cerrado;19990;198;20188;3998;0.0000;15992;1;TAPADO CALADO LARGO NEGRO NICOPOLY;MPM10001856349-1;N05110BF;04/01/2025 18:14:31;8d_Retiro Tienda Ripley Castellón;Victoriano;Marly;;"Castellon 520, Concepcion ";6to Piso. Servicio al Cliente;;;CONCEPCION;VIII REGION;CL;Victoriano;Marly;;Antena VIII nro 534;;;;CONCEPCION;VIII REGION;CL;19990;0;198;0;20188;0;CLP
000000503106;23237534901-A;04/01/2025 18:14:30;Cerrado;19190;198;19388;3838;0.0000;15352;1;TAPADO ESCOTE EN V MEZCLA LINO CRUDO NICOPOLY;MPM10001916752-3;N05207AM;04/01/2025 18:14:31;8d_Retiro Tienda Ripley Castellón;Victoriano;Marly;;"Castellon 520, Concepcion ";6to Piso. Servicio al Cliente;;;CONCEPCION;VIII REGION;CL;Victoriano;Marly;;Antena VIII nro 534;;;;CONCEPCION;VIII REGION;CL;19190;0;198;0;19388;0;CLP
000000503106;23237534901-A;04/01/2025 18:14:30;Cerrado;14990;198;15188;2998;0.0000;11992;1;CALZA LISA CON CIERRE CAFÉ NICOPOLY;MPM10001465390-3;N04295RL;04/01/2025 18:14:31;8d_Retiro Tienda Ripley Castellón;Victoriano;Marly;;"Castellon 520, Concepcion ";6to Piso. Servicio al Cliente;;;CONCEPCION;VIII REGION;CL;Victoriano;Marly;;Antena VIII nro 534;;;;CONCEPCION;VIII REGION;CL;14990;0;198;0;15188;0;CLP
000000503106;23237534901-A;04/01/2025 18:14:30;Cerrado;14990;198;15188;2998;0.0000;11992;1;CALZA LISA CON CIERRE BURDEOS NICOPOLY;MPM10001465170-1;N04295TL;04/01/2025 18:14:31;8d_Retiro Tienda Ripley Castellón;Victoriano;Marly;;"Castellon 520, Concepcion ";6to Piso. Servicio al Cliente;;;CONCEPCION;VIII REGION;CL;Victoriano;Marly;;Antena VIII nro 534;;;;CONCEPCION;VIII REGION;CL;14990;0;198;0;15188;0;CLP
000000503106;23237534901-A;04/01/2025 18:14:30;Cerrado;12990;198;13188;2598;0.0000;10392;1;BODY ESCOTE DRAPEADO LENTEJUELAS BURDEO NICOPOLY;MPM10001916741-1;N05014TL;04/01/2025 18:14:31;8d_Retiro Tienda Ripley Castellón;Victoriano;Marly;;"Castellon 520, Concepcion ";6to Piso. Servicio al Cliente;;;CONCEPCION;VIII REGION;CL;Victoriano;Marly;;Antena VIII nro 534;;;;CONCEPCION;VIII REGION;CL;12990;0;198;0;13188;0;CLP
000000503106;23237594201-A;04/01/2025 18:35:00;Reembolsado;45990;990;46980;9198;0.0000;36792;1;MAXI VESTIDO CORTE IMPERIO FLORAL AZUL NICOPOLY;MPM10001752469-3;N04010PM-5;04/01/2025 18:35:01;4d_Retiro Tienda Ripley Plaza Egaña;"Alarcón ";"Álvaro ";;"Larrain 5800 ";" 3er Piso. Modulo Retiro en Tienda";;;NUNOA;REG.METROPOLITANA;CL;Guzman;Antonia;;San Cristian 4819;;;;NUNOA;REG.METROPOLITANA;CL;45990;0;990;0;46980;0;CLP
000000503106;23237671802-A;04/01/2025 19:07:24;Reembolsado;16990;3990;20980;3398;0.0000;13592;1;VESTIDO CORTO TIPO SATÍN NEGRO NICOPOLY;MPM00071352018-2;N02492BS;04/01/2025 19:07:25;Flujo Same day BX;Santos;Constanza;;Alvarez de toledo  978;710;;;SAN MIGUEL;REG.METROPOLITANA;CL;Santos;Constanza;;Alvarez de toledo  978;;;;SAN MIGUEL;REG.METROPOLITANA;CL;16990;0;3990;0;20980;0;CLP
000000503106;23238107302-A;04/01/2025 22:07:52;Reembolsado;9990;0;9990;1998;0.0000;7992;1;BLUSA SATÍN ENCAJE TIRANTE ANCHO VERDE NICOPOLY;MPM10000693727-3;N04054EXS;04/01/2025 22:07:53;4d_Retiro Tienda Ripley Costanera Center;Testart;Lorena;;"Avenida Andrés Bello 2422 ";" 1er Piso. Modulo Retiro en Tienda";;;PROVIDENCIA;REG.METROPOLITANA;CL;Testart;Lorena;;Rosario norte 410;;;;PROVIDENCIA;REG.METROPOLITANA;CL;9990;0;0;0;9990;0;CLP
000000503106;23238107302-A;04/01/2025 22:07:52;Reembolsado;10990;0;10990;2198;0.0000;8792;1;BODY ACANALADO MANGA LARGA AMARILLO NICOPOLY;MPM00084130371-4;N03130FS;04/01/2025 22:07:53;4d_Retiro Tienda Ripley Costanera Center;Testart;Lorena;;"Avenida Andrés Bello 2422 ";" 1er Piso. Modulo Retiro en Tienda";;;PROVIDENCIA;REG.METROPOLITANA;CL;Testart;Lorena;;Rosario norte 410;;;;PROVIDENCIA;REG.METROPOLITANA;CL;10990;0;0;0;10990;0;CLP
000000503106;23238243401-A;04/01/2025 23:09:09;Reembolsado;14990;990;15980;2998;0.0000;11992;1;FALDA MIDI ACANALADA NEGRO NICOPOLY;MPM10001491711-3;N04176BM;04/01/2025 23:09:10;4d_Retiro Tienda Ripley Tobalaba;Salgado;Manuel;;"Av. Camilo Henríquez 3296, Puente Alto ";2do Piso. Modulo Retiro en Tienda;;;PUENTE ALTO;REG.METROPOLITANA;CL;Catalan;Doris;;Londres 3434;;;;PUENTE ALTO;REG.METROPOLITANA;CL;14990;0;990;0;15980;0;CLP
000000503106;23239698001-A;05/01/2025 17:32:31;Reembolsado;17990;495;18485;3598;0.0000;14392;1;BODY ESCOTE ENCAJE BLANCO NICOPOLY;MPM10001878089-2;N02151AS-5;05/01/2025 17:32:32;Flujo Crossdock- Ripley PAQ;Ormeno Parada;Priscila;;Baquedano 462;S/N;;;LINARES;VII REGION;CL;Ormeno Parada;Priscila;;Baquedano 462;;;;LINARES;VII REGION;CL;17990;0;495;0;18485;0;CLP
000000503106;23240945601-A;06/01/2025 01:11:34;Cerrado;11990;990;12980;2398;0.0000;9592;1;CAMISA TIPO FRANELA CUADRILLÉ NARANJO NICOPOLY;MPM00045574288-1;N02236JXL;06/01/2025 01:11:35;10d_Retiro Tienda Ripley La Serena;Debia;Melisa;;"Gregorio Cordovez 499 ";" 3er Piso. Modulo Retiro en Tienda";;;LA SERENA;IV REGION;CL;Debia;Melisa;;Ramon vatela 5015;;;;LA SERENA;IV REGION;CL;11990;0;990;0;12980;0;CLP
000000503106;23240972501-A;06/01/2025 01:32:51;Reembolsado;39990;0;39990;7998;0.0000;31992;1;VESTIDO PLISADO ASIMÉTRICO ROJO NICOPOLY;MPM10001849452-3;N05100DS;06/01/2025 01:32:52;4d_Retiro Tienda Ripley Plaza Egaña;Ramirez;Veronica Cecilia;;"Larrain 5800 ";" 3er Piso. Modulo Retiro en Tienda";;;NUNOA;REG.METROPOLITANA;CL;Ramirez;Veronica Cecilia;;Villaseca 123;;;;NUNOA;REG.METROPOLITANA;CL;39990;0;0;0;39990;0;CLP
000000503106;23240972501-A;06/01/2025 01:32:51;Reembolsado;39990;0;39990;7998;0.0000;31992;1;VESTIDO PLISADO ASIMÉTRICO ROJO NICOPOLY;MPM10001849452-2;N05100DM;06/01/2025 01:32:52;4d_Retiro Tienda Ripley Plaza Egaña;Ramirez;Veronica Cecilia;;"Larrain 5800 ";" 3er Piso. Modulo Retiro en Tienda";;;NUNOA;REG.METROPOLITANA;CL;Ramirez;Veronica Cecilia;;Villaseca 123;;;;NUNOA;REG.METROPOLITANA;CL;39990;0;0;0;39990;0;CLP
000000503106;23240972501-A;06/01/2025 01:32:51;Reembolsado;28990;0;28990;5798;0.0000;23192;1;VESTIDO STRAPLESS Y ESCOTE V ROJO NICOPOLY;MPM10001856332-2;N05011DS;06/01/2025 01:32:52;4d_Retiro Tienda Ripley Plaza Egaña;Ramirez;Veronica Cecilia;;"Larrain 5800 ";" 3er Piso. Modulo Retiro en Tienda";;;NUNOA;REG.METROPOLITANA;CL;Ramirez;Veronica Cecilia;;Villaseca 123;;;;NUNOA;REG.METROPOLITANA;CL;28990;0;0;0;28990;0;CLP
000000503106;23240972501-A;06/01/2025 01:32:51;Reembolsado;28990;0;28990;5798;0.0000;23192;1;VESTIDO STRAPLESS Y ESCOTE V NEGRO NICOPOLY;MPM10001856352-4;N05011BM;06/01/2025 01:32:52;4d_Retiro Tienda Ripley Plaza Egaña;Ramirez;Veronica Cecilia;;"Larrain 5800 ";" 3er Piso. Modulo Retiro en Tienda";;;NUNOA;REG.METROPOLITANA;CL;Ramirez;Veronica Cecilia;;Villaseca 123;;;;NUNOA;REG.METROPOLITANA;CL;28990;0;0;0;28990;0;CLP
000000503106;23240972501-A;06/01/2025 01:32:51;Reembolsado;39990;0;39990;7998;0.0000;31992;1;VESTIDO PLISADO ASIMÉTRICO AZUL REY NICOPOLY;MPM10001849453-2;N05100CM;06/01/2025 01:32:52;4d_Retiro Tienda Ripley Plaza Egaña;Ramirez;Veronica Cecilia;;"Larrain 5800 ";" 3er Piso. Modulo Retiro en Tienda";;;NUNOA;REG.METROPOLITANA;CL;Ramirez;Veronica Cecilia;;Villaseca 123;;;;NUNOA;REG.METROPOLITANA;CL;39990;0;0;0;39990;0;CLP
000000503106;23240972501-A;06/01/2025 01:32:51;Reembolsado;39990;0;39990;7998;0.0000;31992;1;VESTIDO PLISADO ASIMÉTRICO AZUL REY NICOPOLY;MPM10001849453-3;N05100CS;06/01/2025 01:32:52;4d_Retiro Tienda Ripley Plaza Egaña;Ramirez;Veronica Cecilia;;"Larrain 5800 ";" 3er Piso. Modulo Retiro en Tienda";;;NUNOA;REG.METROPOLITANA;CL;Ramirez;Veronica Cecilia;;Villaseca 123;;;;NUNOA;REG.METROPOLITANA;CL;39990;0;0;0;39990;0;CLP
000000503106;23241197601-A;06/01/2025 09:44:18;Cerrado;13990;990;14980;2798;0.0000;11192;1;POLERA HALTER CALADA BICOLOR AZUL MARINO NICOPOLY;MPM10001856346-3;N05132PS;06/01/2025 09:44:19;6d_Retiro Tienda Ripley Nueva Valdivia;Paredes;Lorena;;"Arauco 561 ";" 3er Piso. Servicio al Cliente";;;VALDIVIA;XIV REGION;CL;Paredes;Lorena;;Cabo blanco  40;;;;VALDIVIA;XIV REGION;CL;13990;0;990;0;14980;0;CLP
000000503106;23241358701-A;06/01/2025 11:18:05;Reembolsado;21990;990;22980;4398;0.0000;17592;1;VESTIDO PLISADO VUELITOS VERDE NICOPOLY;MPM00071350358-4;N02341ES;06/01/2025 11:18:07;4d_Retiro Tienda Ripley San Bernardo;San Martin;Katherin;;"Av. Pdte. Jorge Alessandri Rodríguez 20040, San Bernardo ";2do Piso. Modulo Retiro en Tienda;;;SN.BERNARDO;REG.METROPOLITANA;CL;San Martn;Vanessa;;Pasaje santa Ema 2229;;;;SN.BERNARDO;REG.METROPOLITANA;CL;21990;0;990;0;22980;0;CLP
000000503106;23242258101-A;06/01/2025 17:16:36;Cerrado;13990;990;14980;2798;0.0000;11192;1;MAXI VESTIDO TAJO Y COSTURAS CAFÉ NICOPOLY;MPM10001448938-3;N04266UM;06/01/2025 17:16:37;5d_Retiro Tienda Ripley Chillán;Orrego;Fernanda;;"5 de Abril 699 ";4to Piso. Centro de atención al Cliente;;;CHILLAN;VIII REGION;CL;Orrego;Fernanda;;itihue 559;;;;CHILLAN;VIII REGION;CL;13990;0;990;0;14980;0;CLP
000000503106;23242908301-A;06/01/2025 21:34:20;Cerrado;18990;990;19980;3798;0.0000;15192;1;PANTALÓN TIRO ALTO JASPEADO BLANCO NICOPOLY;MPM10001849485-1;N05022AS;06/01/2025 21:34:21;11d_Retiro Tienda Ripley Temuco;Acua;"Miriel ";;"Arturo Prat 656, Temuco ";2do Piso. Modulo Retiro en Tienda;;;TEMUCO;IX REGION;CL;Acua;"Miriel ";;Los Leones 1370;;;;TEMUCO;IX REGION;CL;18990;0;990;0;19980;0;CLP
000000503106;23243354901-A;06/01/2025 23:49:10;Cerrado;14990;4990;19980;2998;0.0000;11992;1;VESTIDO CORTO CUELLO HALTER ROSADO NICOPOLY;MPM10001878077-1;N04063HM-5;06/01/2025 23:49:11;Flujo Crossdock- Ripley PAQ;Salazar;Leslie;;Antofagasta 556;S/N;;;RANCAGUA;VI REGION;CL;Salazar;Leslie;;Antofagasta 556;;;;RANCAGUA;VI REGION;CL;14990;0;4990;0;19980;0;CLP
000000503106;23243438501-A;07/01/2025 00:22:23;Cerrado;22190;990;23180;4438;0.0000;17752;1;PANTALÓN MEZCLA LINO BLANCO NICOPOLY;MPM10001878082-3;N05020AL;07/01/2025 00:22:24;4d_Retiro Tienda Ripley Arauco Maipu;Cabezas;Olivia;;"Av. Americo Vespucio 399 ";" 2do Piso. Modulo Retiro en Tienda";;;MAIPU;REG.METROPOLITANA;CL;Cabezas;Olivia;;La puntilla 2523;;;;MAIPU;REG.METROPOLITANA;CL;22190;0;990;0;23180;0;CLP
000000503106;23244069101-A;07/01/2025 12:20:58;Cerrado;14990;990;15980;2998;0.0000;11992;1;VESTIDO CORTO CUELLO HALTER NEGRO NICOPOLY;MPM10001878067-4;N04063BS-5;07/01/2025 12:20:59;5d_Retiro Tienda Ripley Marina Arauco;Hernandez;Stephanie;;"Avenida Libertad 1348 ";" Piso 4. Modulo Retiro en Tienda";;;VI.A DEL MA;V REGION;CL;Hernandez;Stephanie;;10 norte 817 817;;;;VI.A DEL MA;V REGION;CL;14990;0;990;0;15980;0;CLP
000000503106;23244099101-A;07/01/2025 12:32:03;Cerrado;15990;990;16980;3198;0.0000;12792;1;CÁRDIGAN PUNTO FANTASÍA MENTA NICOPOLY;MPM00047758590-3;N02086EXL;07/01/2025 12:32:04;10d_Retiro Tienda Ripley Pto. Montt Costanera;Jara duncan;"Francisco javier ";;"Juan Soler Manfredini 10 ";" 6to Piso. Modulo Retiro en Tienda";;;PTO.MONTT;X REGION;CL;Gonzalez Carcamo;Yasna Caterin;;Parque industrial 205;;;;PTO.MONTT;X REGION;CL;15990;0;990;0;16980;0;CLP
000000503106;23244443101-A;07/01/2025 14:55:06;Reembolsado;20990;990;21980;4198;0.0000;16792;1;PANTALÓN TIRO ALTO BÁSICO ROJO NICOPOLY;MPM10001752474-2;N10373DM-5;07/01/2025 14:55:07;4d_Retiro Tienda Ripley Costanera Center;Allendes;Sandra;;"Avenida Andrés Bello 2422 ";" 1er Piso. Modulo Retiro en Tienda";;;PROVIDENCIA;REG.METROPOLITANA;CL;Allendes;Sandra;;Rosario Sur 234;;;;PROVIDENCIA;REG.METROPOLITANA;CL;20990;0;990;0;21980;0;CLP
000000503106;23246187401-A;08/01/2025 07:01:51;Cerrado;13990;495;14485;2798;0.0000;11192;1;SHORT HOLGADO BEIGE NICOPOLY;MPM10001878080-3;N05078LM;08/01/2025 07:01:53;5d_Retiro Tienda Ripley El Trébol;Rojas;Alina;;"Avenida Jorge Alessandri 3177 ";" 3er Piso. Modulo Retiro en Tienda";;;TALCAHUANO;VIII REGION;CL;Rojas;Alina;;Loa acacios 1755;;;;TALCAHUANO;VIII REGION;CL;13990;0;495;0;14485;0;CLP
000000503106;23246283301-A;08/01/2025 09:17:38;Reembolsado;21990;990;22980;4398;0.0000;17592;1;VESTIDO PLISADO VUELITOS VERDE NICOPOLY;MPM00071350358-4;N02341ES;08/01/2025 09:17:39;4d_Retiro Tienda Ripley Costanera Center;Ulloa;Fabiana Alejandra;;"Avenida Andrés Bello 2422 ";" 1er Piso. Modulo Retiro en Tienda";;;PROVIDENCIA;REG.METROPOLITANA;CL;Ulloa;Fabiana Alejandra;;Duque de kent 0960;;;;PROVIDENCIA;REG.METROPOLITANA;CL;21990;0;990;0;22980;0;CLP
000000503106;23246477601-A;08/01/2025 11:11:58;Cerrado;18990;8990;27980;3798;0.0000;15192;1;PANTALÓN TIRO ALTO JASPEADO ROSADO NICOPOLY;MPM10001849483-2;N05022HL;08/01/2025 11:12:00;Flujo Crossdock- Ripley PAQ;Valenzuela;Jacqueline;;Av.ingrniero Jorge Pérez 20;Casa;;;LOS ANDES;V REGION;CL;Valenzuela;Jacqueline;;Av.ingrniero Jorge Pérez 20;;;;LOS ANDES;V REGION;CL;18990;0;8990;0;27980;0;CLP
000000503106;23246817001-A;08/01/2025 13:21:40;Cerrado;9990;495;10485;1998;0.0000;7992;1;CROP TOP ASIMÉTRICO RAYADO NICOPOLY;MPM10001916731-1;N05097AL;08/01/2025 13:21:42;10d_Retiro Tienda Ripley Calama;"Mundaca ";"Katherine ";;"Balmaceda 3242, Calama ";" 2do Piso. Servicio al Cliente";;;CALAMA;II REGION;CL;"Mundaca ";"Katherine ";;Pasaje mejillones  4032;;;;CALAMA;II REGION;CL;9990;0;495;0;10485;0;CLP
000000503106;23246817001-A;08/01/2025 13:21:40;Cerrado;14990;495;15485;2998;0.0000;11992;1;TOP ACANALADO HOMBROS CAÍDOS NEGRO NICOPOLY;MPM10001856351-2;N05129BM;08/01/2025 13:21:42;10d_Retiro Tienda Ripley Calama;"Mundaca ";"Katherine ";;"Balmaceda 3242, Calama ";" 2do Piso. Servicio al Cliente";;;CALAMA;II REGION;CL;"Mundaca ";"Katherine ";;Pasaje mejillones  4032;;;;CALAMA;II REGION;CL;14990;0;495;0;15485;0;CLP
000000503106;23246945601-A;08/01/2025 14:21:04;Cerrado;16990;990;17980;3398;0.0000;13592;1;VESTIDO ENCAJE ASIMÉTRICO AZUL REY NICOPOLY;MPM00071351074-1;N02483CM;08/01/2025 14:21:07;4d_Retiro Tienda Ripley Crillon;Gutierrez;Geraldhinne;;"Agustinas #1025 ";Piso -1. Modulo Retiro en Tienda;;;SANTIAGO;REG.METROPOLITANA;CL;Gutierrez;Geraldhinne;;Florida  1308;;;;SANTIAGO;REG.METROPOLITANA;CL;16990;0;990;0;17980;0;CLP
000000503106;23247065401-A;08/01/2025 15:10:02;Cerrado;25990;0;25990;5198;0.0000;20792;1;VESTIDO STRAPLESS Y ESCOTE V ROJO NICOPOLY;MPM10001856332-2;N05011DS;08/01/2025 15:10:04;4d_Retiro Tienda Ripley Tobalaba;"Martinez ";"Evelyn ";;"Av. Camilo Henríquez 3296, Puente Alto ";2do Piso. Modulo Retiro en Tienda;;;PUENTE ALTO;REG.METROPOLITANA;CL;"Martinez ";"Evelyn ";;camino del agua  4400;;;;PUENTE ALTO;REG.METROPOLITANA;CL;25990;0;0;0;25990;0;CLP
000000503106;23247210701-A;08/01/2025 16:01:28;Cerrado;16990;990;17980;3398;0.0000;13592;1;VESTIDO CORTO ABERTURAS MANGAS BLANCO NICOPOLY;MPM10001849478-1;N02336AM-5;08/01/2025 16:01:29;5d_Retiro Tienda Ripley Rancagua;Allende;Vanessa;;"José Domingo Mujica 490 ";" 3er Piso. Modulo Retiro en Tienda";;;RANCAGUA;VI REGION;CL;Allende;Vanessa;;Francisco Baeza  02376;;;;RANCAGUA;VI REGION;CL;16990;0;990;0;17980;0;CLP
000000503106;23247657201-A;08/01/2025 19:07:30;Cerrado;12990;990;13980;2598;0.0000;10392;1;BODY ESCOTE DRAPEADO LENTEJUELAS BURDEO NICOPOLY;MPM10001916741-1;N05014TL;08/01/2025 19:07:31;5d_Retiro Tienda Ripley Talca;Pérez Vásquez;Isadora Margarita;;"8 Oriente 1212 ";" 2do Piso. Modulo Retiro en Tienda";;;TALCA;VII REGION;CL;Pérez Vásquez;Isadora Margarita;;10 norte 37 y 38 oriente 86;;;;TALCA;VII REGION;CL;12990;0;990;0;13980;0;CLP
000000503106;23247660401-A;08/01/2025 19:08:25;Cerrado;31990;990;32980;6398;0.0000;25592;1;BLAZER SIN MANGAS BOLSILLOS CELESTE NICOPOLY;MPM10001752525-4;N04294KL-5;08/01/2025 19:08:26;4d_Retiro Tienda Ripley Plaza Egaña;Aguilera Parra;Nelcy;;"Larrain 5800 ";" 3er Piso. Modulo Retiro en Tienda";;;NUNOA;REG.METROPOLITANA;CL;Aguilera Parra;Nelcy;;Quasimodo  2029;;;;NUNOA;REG.METROPOLITANA;CL;31990;0;990;0;32980;0;CLP
000000503106;23247724501-A;08/01/2025 19:40:52;Reembolsado;22990;495;23485;4598;0.0000;18392;1;ENTERITO LAZO Y HEBILLA VERDE OLIVA NICOPOLY;MPM10001849448-2;N04058MXL-5;08/01/2025 19:40:54;5d_Retiro Tienda Ripley Viña del Mar Sucre;Olivos;Jeniffer Andrea;;"Sucre 290, Viña ";5to Piso. Modulo Retiro en Tienda;;;VI.A DEL MA;V REGION;CL;Olivos;Jeniffer Andrea;;Avenida Chile  70;;;;VI.A DEL MA;V REGION;CL;22990;0;495;0;23485;0;CLP
000000503106;23247724501-A;08/01/2025 19:40:52;Reembolsado;23990;495;24485;4798;0.0000;19192;1;VESTIDO PABILO CON VOLANTES NEGRO NICOPOLY;MPM10001878064-3;N05013BL;08/01/2025 19:40:54;5d_Retiro Tienda Ripley Viña del Mar Sucre;Olivos;Jeniffer Andrea;;"Sucre 290, Viña ";5to Piso. Modulo Retiro en Tienda;;;VI.A DEL MA;V REGION;CL;Olivos;Jeniffer Andrea;;Avenida Chile  70;;;;VI.A DEL MA;V REGION;CL;23990;0;495;0;24485;0;CLP
000000503106;23247955001-A;08/01/2025 21:12:23;Cerrado;14990;990;15980;2998;0.0000;11992;1;TOP ACANALADO HOMBROS CAÍDOS BICOLOR NICOPOLY;MPM10001856348-2;N05129NM;08/01/2025 21:12:24;10d_Retiro Tienda Ripley La Serena;Ordenes;Lissette;;"Gregorio Cordovez 499 ";" 3er Piso. Modulo Retiro en Tienda";;;LA SERENA;IV REGION;CL;Ordenes;Lissette;;Eloisa Poppe 1121;;;;LA SERENA;IV REGION;CL;14990;0;990;0;15980;0;CLP
000000503106;23248017901-A;08/01/2025 21:40:19;Cerrado;20990;990;21980;4198;0.0000;16792;1;VESTIDO TIPO SATÍN PRINT FLOR ABSTRACTA CELESTE  NICOPOLY;MPM10001919211-3;N05102CL;08/01/2025 21:40:20;8d_Retiro Tienda Ripley Puerto Montt;Villarroel;Fabiola Andrea;;"Urmeneta 595, Puerto Montt ";4to Piso. Servicio al Cliente;;;PTO.MONTT;X REGION;CL;Villarroel;Fabiola Andrea;;Los deportistas 1321;;;;PTO.MONTT;X REGION;CL;20990;0;990;0;21980;0;CLP
000000503106;23248097301-A;08/01/2025 22:09:10;Reembolsado;16990;990;17980;3398;0.0000;13592;1;VESTIDO CORTO ABERTURAS MANGAS BLANCO NICOPOLY;MPM10001849478-1;N02336AM-5;08/01/2025 22:09:12;4d_Retiro Tienda Ripley Crillon;Lizcano;Claudia;;"Agustinas #1025 ";Piso -1. Modulo Retiro en Tienda;;;SANTIAGO;REG.METROPOLITANA;CL;Lizcano;Claudia;;San Francisco 294;;;;SANTIAGO;REG.METROPOLITANA;CL;16990;0;990;0;17980;0;CLP
000000503106;23248149401-A;08/01/2025 22:26:01;Cerrado;21990;495;22485;4398;0.0000;17592;1;VESTIDO CORTE IMPERIO AZUL NICOPOLY;MPM10001878057-1;N04114PM-5;08/01/2025 22:26:02;14d_Retiro Tienda Ripley Arica;Fernandez Vargas;Alejandra;;"Av. Diego Portales 640, Arica ";2do Piso. Modulo Retiro en Tienda;;;ARICA;XV REGION;CL;Fernandez Vargas;Alejandra;;Manuel Martínez  1135;;;;ARICA;XV REGION;CL;21990;0;495;0;22485;0;CLP
000000503106;23248149401-A;08/01/2025 22:26:01;Cerrado;28990;495;29485;5798;0.0000;23192;1;PANTALÓN PALAZZO TAJOS NEGRO NICOPOLY;MPM10001503453-4;N10369BM-4;08/01/2025 22:26:02;14d_Retiro Tienda Ripley Arica;Fernandez Vargas;Alejandra;;"Av. Diego Portales 640, Arica ";2do Piso. Modulo Retiro en Tienda;;;ARICA;XV REGION;CL;Fernandez Vargas;Alejandra;;Manuel Martínez  1135;;;;ARICA;XV REGION;CL;28990;0;495;0;29485;0;CLP
000000503106;23248154001-A;08/01/2025 22:34:02;Cerrado;20990;990;21980;4198;0.0000;16792;1;VESTIDO CON FALDÓN PLISADO FUCSIA NICOPOLY;MPM10001916732-3;N05042SS;08/01/2025 22:34:03;6d_Retiro Tienda Ripley Nueva Valdivia;"Gallardo Ovalle ";Nancy;;"Arauco 561 ";" 3er Piso. Servicio al Cliente";;;VALDIVIA;XIV REGION;CL;"Gallardo Ovalle ";Nancy;;Aucuman  043;;;;VALDIVIA;XIV REGION;CL;20990;0;990;0;21980;0;CLP
000000503106;23248457901-A;09/01/2025 00:11:56;Cerrado;17990;990;18980;3598;0.0000;14392;1;VESTIDO ACANALADO CON BOTONES FUCSIA NICOPOLY;MPM10001848648-1;N05133SS;09/01/2025 00:11:58;5d_Retiro Tienda Ripley Talca;Yaez;"Lorena ";;"8 Oriente 1212 ";" 2do Piso. Modulo Retiro en Tienda";;;TALCA;VII REGION;CL;Yaez;"Lorena ";;Persa Rodoviario  161;;;;TALCA;VII REGION;CL;17990;0;990;0;18980;0;CLP
000000503106;23249221901-A;09/01/2025 12:52:13;Reembolsado;18990;990;19980;3798;0.0000;15192;1;SOBRECAMISA TIPO PANA BROCHES BLANCO NICOPOLY;MPM10001713148-3;N05050AM;09/01/2025 12:52:14;5d_Retiro Tienda Ripley El Trébol;Ascencio Ascencio;Yohanna Stephanie;;"Avenida Jorge Alessandri 3177 ";" 3er Piso. Modulo Retiro en Tienda";;;TALCAHUANO;VIII REGION;CL;Ascencio Ascencio;Yohanna Stephanie;;La Marina 7310;;;;TALCAHUANO;VIII REGION;CL;18990;0;990;0;19980;0;CLP
000000503106;23249336801-A;09/01/2025 13:41:13;Cerrado;14990;0;14990;2998;0.0000;11992;1;TOP ACANALADO HOMBROS CAÍDOS BICOLOR NICOPOLY;MPM10001856348-3;N05129NS;09/01/2025 13:41:14;5d_Retiro Tienda Ripley Rancagua;Campos;Brbara Valentina;;"José Domingo Mujica 490 ";" 3er Piso. Modulo Retiro en Tienda";;;RANCAGUA;VI REGION;CL;Campos;Brbara Valentina;;Rio simpson 1243;;;;RANCAGUA;VI REGION;CL;14990;0;0;0;14990;0;CLP
000000503106;23249400801-A;09/01/2025 14:09:27;Reembolsado;18990;990;19980;3798;0.0000;15192;1;PANTALÓN RECTO COSTURA FRONTAL NEGRO NICOPOLY;MPM10001713171-3;N04301BS-5;09/01/2025 14:09:28;5d_Retiro Tienda Ripley Viña del Mar Sucre;Del canto;Christopher;;"Sucre 290, Viña ";5to Piso. Modulo Retiro en Tienda;;;VI.A DEL MA;V REGION;CL;Valdes;Johana;;Pasaje parque lauca 4794;;;;VI.A DEL MA;V REGION;CL;18990;0;990;0;19980;0;CLP
000000503106;23249590601-A;09/01/2025 15:27:33;Cerrado;38190;5990;44180;7638;0.0000;30552;1;BLAZER MANGAS DRAPEADAS 3/4 GRIS NICOPOLY;MPM10001437591-3;N03049NM-4;09/01/2025 15:27:34;Flujo Crossdock- Ripley PAQ;Acua;Carolina;;Pasaje cinco villa kennedy 25;25;;;CHILLAN;VIII REGION;CL;Acua;Carolina;;Pasaje cinco villa kennedy 25;;;;CHILLAN;VIII REGION;CL;38190;0;5990;0;44180;0;CLP
000000503106;23249664301-A;09/01/2025 15:55:21;Reembolsado;20990;0;20990;4198;0.0000;16792;1;VESTIDO ASIMÉTRICO LILA NICOPOLY;MPM10001878061-3;N05086ZM;09/01/2025 15:55:22;Flujo Crossdock- Ripley PAQ;Molina;Carolina;;Puntilla de Huara 207;S/N;;;LOS ANGELES;VIII REGION;CL;Molina;Carolina;;Puntilla de Huara 207;;;;LOS ANGELES;VIII REGION;CL;20990;0;0;0;20990;0;CLP
000000503106;23249664301-A;09/01/2025 15:55:21;Reembolsado;20990;0;20990;4198;0.0000;16792;1;VESTIDO ASIMÉTRICO CELESTE NICOPOLY;MPM10001878070-1;N05086KM;09/01/2025 15:55:22;Flujo Crossdock- Ripley PAQ;Molina;Carolina;;Puntilla de Huara 207;S/N;;;LOS ANGELES;VIII REGION;CL;Molina;Carolina;;Puntilla de Huara 207;;;;LOS ANGELES;VIII REGION;CL;20990;0;0;0;20990;0;CLP
000000503106;23249664301-A;09/01/2025 15:55:21;Reembolsado;18990;0;18990;3798;0.0000;15192;1;VESTIDO ESCOTE V PROFUNDO CELESTE NICOPOLY;MPM10001919208-2;N05103KM;09/01/2025 15:55:22;Flujo Crossdock- Ripley PAQ;Molina;Carolina;;Puntilla de Huara 207;S/N;;;LOS ANGELES;VIII REGION;CL;Molina;Carolina;;Puntilla de Huara 207;;;;LOS ANGELES;VIII REGION;CL;18990;0;0;0;18990;0;CLP
000000503106;23249747901-A;09/01/2025 16:31:11;Cerrado;19190;990;20180;3838;0.0000;15352;1;TAPADO ESCOTE EN V MEZCLA LINO CRUDO NICOPOLY;MPM10001916752-3;N05207AM;09/01/2025 16:31:12;4d_Retiro Tienda Ripley Tobalaba;Arroyo Campos;Claudia Yisel;;"Av. Camilo Henríquez 3296, Puente Alto ";2do Piso. Modulo Retiro en Tienda;;;PUENTE ALTO;REG.METROPOLITANA;CL;Arroyo Campos;Claudia Yisel;;Pasaje Caristo Sur 1254;;;;PUENTE ALTO;REG.METROPOLITANA;CL;19190;0;990;0;20180;0;CLP
000000503106;23249769301-A;09/01/2025 16:40:00;Cerrado;11990;990;12980;2398;0.0000;9592;1;BLUSA ASIMÉTRICA ROJO NICOPOLY;MPM10001919202-1;N05096DM;09/01/2025 16:40:01;5d_Retiro Tienda Ripley El Trébol;Torres;Ana;;"Avenida Jorge Alessandri 3177 ";" 3er Piso. Modulo Retiro en Tienda";;;TALCAHUANO;VIII REGION;CL;Torres;Ana;;Santa María 158;;;;TALCAHUANO;VIII REGION;CL;11990;0;990;0;12980;0;CLP
000000503106;23249775001-A;09/01/2025 16:42:14;Cerrado;17990;990;18980;3598;0.0000;14392;1;VESTIDO ACANALADO CON BOTONES FUCSIA NICOPOLY;MPM10001848648-2;N05133SL;09/01/2025 16:42:15;8d_Retiro Tienda Ripley Puerto Montt;Villarroel;Barbara;;"Urmeneta 595, Puerto Montt ";4to Piso. Servicio al Cliente;;;PTO.MONTT;X REGION;CL;Villarroel;Barbara;;Calle babor 1393;;;;PTO.MONTT;X REGION;CL;17990;0;990;0;18980;0;CLP
000000503106;23249846801-A;09/01/2025 17:08:35;Cerrado;13990;990;14980;2798;0.0000;11192;1;MAXI VESTIDO TAJO Y COSTURAS CAFÉ NICOPOLY;MPM10001448938-3;N04266UM;09/01/2025 17:08:36;5d_Retiro Tienda Ripley El Trébol;Arevalo;Rosemarie;;"Avenida Jorge Alessandri 3177 ";" 3er Piso. Modulo Retiro en Tienda";;;TALCAHUANO;VIII REGION;CL;Arevalo;Rosemarie;;Baldomero Sánchez 613;;;;TALCAHUANO;VIII REGION;CL;13990;0;990;0;14980;0;CLP
000000503106;23250327801-A;09/01/2025 20:54:47;Cerrado;35990;990;36980;7198;0.0000;28792;1;TRENCH MIDI ÓXIDO NICOPOLY;MPM00048128728-1;N02298RL;09/01/2025 20:54:48;5d_Retiro Tienda Ripley Viña del Mar Sucre;Gutierrez Silva;Claudia Andrea;;"Sucre 290, Viña ";5to Piso. Modulo Retiro en Tienda;;;VI.A DEL MA;V REGION;CL;Gutierrez Silva;Claudia Andrea;;Calle jackson 900;;;;VI.A DEL MA;V REGION;CL;35990;0;990;0;36980;0;CLP
000000503106;23250499101-A;09/01/2025 22:12:20;Cerrado;16990;990;17980;3398;0.0000;13592;1;VESTIDO HALTER LAZO DECORATIVO NEGRO NICOPOLY;MPM10001465227-2;N04267BM;09/01/2025 22:12:21;5d_Retiro Tienda Ripley Chillán;Toro;Angela;;"5 de Abril 699 ";4to Piso. Centro de atención al Cliente;;;CHILLAN;VIII REGION;CL;Toro;Angela;;Los Araucanos  848;;;;CHILLAN;VIII REGION;CL;16990;0;990;0;17980;0;CLP
000000503106;23250510501-A;09/01/2025 22:15:07;Cerrado;18990;0;18990;3798;0.0000;15192;1;ENTERITO LARGO COMFY NEGRO NICOPOLY;MPM10001916740-3;N02413BM-5;09/01/2025 22:15:08;8d_Retiro Tienda Ripley Castellón;Campos;"María ";;"Castellon 520, Concepcion ";6to Piso. Servicio al Cliente;;;CONCEPCION;VIII REGION;CL;Gonzalez Gutierrez;Maria;;Anibal pinto 222;;;;CONCEPCION;VIII REGION;CL;18990;0;0;0;18990;0;CLP
000000503106;23250510501-A;09/01/2025 22:15:07;Cerrado;26990;0;26990;5398;0.0000;21592;1;ENTERITO EFECTO DOS PIEZAS CELESTE NICOPOLY;MPM10001752510-3;N04018KM-5;09/01/2025 22:15:08;8d_Retiro Tienda Ripley Castellón;Campos;"María ";;"Castellon 520, Concepcion ";6to Piso. Servicio al Cliente;;;CONCEPCION;VIII REGION;CL;Gonzalez Gutierrez;Maria;;Anibal pinto 222;;;;CONCEPCION;VIII REGION;CL;26990;0;0;0;26990;0;CLP
000000503106;23250648601-A;09/01/2025 23:05:21;Reembolsado;31990;990;32980;6398;0.0000;25592;1;BLAZER BOLSILLOS Y BOTÓN BLANCO NICOPOLY;MPM10001752451-2;N04260AM-5;09/01/2025 23:05:23;4d_Retiro Tienda Ripley Costanera Center;Barrera;Gislaine;;"Avenida Andrés Bello 2422 ";" 1er Piso. Modulo Retiro en Tienda";;;PROVIDENCIA;REG.METROPOLITANA;CL;Barrera;Gislaine;;pasaje errante 9087 9087;;;;PROVIDENCIA;REG.METROPOLITANA;CL;31990;0;990;0;32980;0;CLP
000000503106;23251084301-A;10/01/2025 09:30:34;Cerrado;16990;990;17980;3398;0.0000;13592;1;BLUSA EFECTO CRUZADO TIPO SATÍN NEGRO NICOPOLY;MPM10001491742-4;N04297BL;10/01/2025 09:30:35;4d_Retiro Tienda Ripley Alto Las Condes;Cabello;Carolina;;"Avenida Kennedy 9001, Local 1136 ";" 4to Piso. Modulo Retiro en Tienda";;;LAS CONDES;REG.METROPOLITANA;CL;Cabello;Carolina;;Los Olivos 12289;;;;LAS CONDES;REG.METROPOLITANA;CL;16990;0;990;0;17980;0;CLP
000000503106;23251267501-A;10/01/2025 11:23:35;Cerrado;17990;2980;20970;3598;0.0000;14392;1;FALDA DENIM TAJO FRONTAL AZUL NICOPOLY;MPM10001465761-1;N04269CS;10/01/2025 11:23:36;Flujo Same day BX;Almazabal;Belen;;Balmaceda 312;11 torre 4;;;EL BOSQUE;REG.METROPOLITANA;CL;Almazabal;Belen;;Balmaceda 312;;;;EL BOSQUE;REG.METROPOLITANA;CL;17990;0;2980;0;20970;0;CLP
000000503106;23251313401-A;10/01/2025 11:46:42;Cerrado;26990;3990;30980;5398;0.0000;21592;1;ENTERITO EFECTO DOS PIEZAS CELESTE NICOPOLY;MPM10001752510-2;N04018KS-5;10/01/2025 11:46:43;Flujo Same day BX;Escalona;Paula;;Calle Toro Villa Altos de Quilicura 1490;Casa;;;QUILICURA;REG.METROPOLITANA;CL;Escalona;Paula;;Calle Toro Villa Altos de Quilicura 1490;;;;QUILICURA;REG.METROPOLITANA;CL;26990;0;3990;0;30980;0;CLP
000000503106;23251358501-A;10/01/2025 12:09:12;Reembolsado;20990;6045;27035;4198;0.0000;16792;1;PANTALÓN TIPO SATÍN NEGRO NICOPOLY;MPM10001916756-2;N05018BM;10/01/2025 12:09:13;Flujo Crossdock- Ripley PAQ;ARAYA;DOMINIC;;lauca 1696;S/N;;;ARICA;XV REGION;CL;ARAYA;DOMINIC;;lauca 1696;;;;ARICA;XV REGION;CL;20990;0;6045;0;27035;0;CLP
000000503106;23251358501-A;10/01/2025 12:09:12;Cerrado;26490;6045;32535;5298;0.0000;21192;1;PANTALÓN PIERNA ANCHA NEGRO NICOPOLY;MPM10001856328-4;N04017BM-5;10/01/2025 12:09:13;Flujo Crossdock- Ripley PAQ;ARAYA;DOMINIC;;lauca 1696;S/N;;;ARICA;XV REGION;CL;ARAYA;DOMINIC;;lauca 1696;;;;ARICA;XV REGION;CL;26490;0;6045;0;32535;0;CLP
000000503106;23251865301-A;10/01/2025 16:34:40;Cerrado;16990;1138;18128;3398;0.0000;13592;1;VESTIDO HALTER LAZO DECORATIVO MORADO NICOPOLY;MPM10001465763-1;N04267ZM;10/01/2025 16:34:42;Flujo Crossdock- Ripley PAQ;Fuentealba;Eduardo;;Jardín del Este  2548;54;;;CHILLAN;VIII REGION;CL;Fuentealba;Eduardo;;Jardín del Este  2548;;;;CHILLAN;VIII REGION;CL;16990;0;1138;0;18128;0;CLP
000000503106;23251865301-A;10/01/2025 16:34:40;Cerrado;14990;1138;16128;2998;0.0000;11992;1;VESTIDO CORTO CUELLO HALTER CELESTE NICOPOLY;MPM10001878060-1;N04063KM-5;10/01/2025 16:34:42;Flujo Crossdock- Ripley PAQ;Fuentealba;Eduardo;;Jardín del Este  2548;54;;;CHILLAN;VIII REGION;CL;Fuentealba;Eduardo;;Jardín del Este  2548;;;;CHILLAN;VIII REGION;CL;14990;0;1138;0;16128;0;CLP
000000503106;23251865301-A;10/01/2025 16:34:40;Cerrado;16090;1138;17228;3218;0.0000;12872;1;BLUSA HALTER NEGRO NICOPOLY;MPM10001437585-1;N04192BM;10/01/2025 16:34:42;Flujo Crossdock- Ripley PAQ;Fuentealba;Eduardo;;Jardín del Este  2548;54;;;CHILLAN;VIII REGION;CL;Fuentealba;Eduardo;;Jardín del Este  2548;;;;CHILLAN;VIII REGION;CL;16090;0;1138;0;17228;0;CLP
000000503106;23251865301-A;10/01/2025 16:34:40;Cerrado;11990;1138;13128;2398;0.0000;9592;1;BLUSA ASIMÉTRICA ROJO NICOPOLY;MPM10001919202-1;N05096DM;10/01/2025 16:34:42;Flujo Crossdock- Ripley PAQ;Fuentealba;Eduardo;;Jardín del Este  2548;54;;;CHILLAN;VIII REGION;CL;Fuentealba;Eduardo;;Jardín del Este  2548;;;;CHILLAN;VIII REGION;CL;11990;0;1138;0;13128;0;CLP
000000503106;23251865301-A;10/01/2025 16:34:40;Cerrado;11990;1138;13128;2398;0.0000;9592;1;BLUSA ASIMÉTRICA NEGRO NICOPOLY;MPM10001919213-3;N05096BL;10/01/2025 16:34:42;Flujo Crossdock- Ripley PAQ;Fuentealba;Eduardo;;Jardín del Este  2548;54;;;CHILLAN;VIII REGION;CL;Fuentealba;Eduardo;;Jardín del Este  2548;;;;CHILLAN;VIII REGION;CL;11990;0;1138;0;13128;0;CLP
000000503106;23251865301-A;10/01/2025 16:34:40;Cerrado;12990;1138;14128;2598;0.0000;10392;1;BLUSA MANGAS VUELOS CELESTE NICOPOLY;MPM10001860534-4;N00312KM-5;10/01/2025 16:34:42;Flujo Crossdock- Ripley PAQ;Fuentealba;Eduardo;;Jardín del Este  2548;54;;;CHILLAN;VIII REGION;CL;Fuentealba;Eduardo;;Jardín del Este  2548;;;;CHILLAN;VIII REGION;CL;12990;0;1138;0;14128;0;CLP
000000503106;23251865301-A;10/01/2025 16:34:40;Cerrado;17990;1138;19128;3598;0.0000;14392;1;SHORT BÁSICO FORMAL NEGRO NICOPOLY;MPM10001437614-3;N04049BM-4;10/01/2025 16:34:42;Flujo Crossdock- Ripley PAQ;Fuentealba;Eduardo;;Jardín del Este  2548;54;;;CHILLAN;VIII REGION;CL;Fuentealba;Eduardo;;Jardín del Este  2548;;;;CHILLAN;VIII REGION;CL;17990;0;1138;0;19128;0;CLP
000000503106;23251865301-A;10/01/2025 16:34:40;Cerrado;16990;1138;18128;3398;0.0000;13592;1;BLUSA BÁSICA ESCOTE EN V ROJO NICOPOLY;MPM10001856344-2;N02493DL-5;10/01/2025 16:34:42;Flujo Crossdock- Ripley PAQ;Fuentealba;Eduardo;;Jardín del Este  2548;54;;;CHILLAN;VIII REGION;CL;Fuentealba;Eduardo;;Jardín del Este  2548;;;;CHILLAN;VIII REGION;CL;16990;0;1138;0;18128;0;CLP
000000503106;23251865301-A;10/01/2025 16:34:40;Cerrado;16990;1138;18128;3398;0.0000;13592;1;BLUSA BÁSICA ESCOTE EN V CELESTE NICOPOLY;MPM10001856354-3;N02493KL-5;10/01/2025 16:34:42;Flujo Crossdock- Ripley PAQ;Fuentealba;Eduardo;;Jardín del Este  2548;54;;;CHILLAN;VIII REGION;CL;Fuentealba;Eduardo;;Jardín del Este  2548;;;;CHILLAN;VIII REGION;CL;16990;0;1138;0;18128;0;CLP
000000503106;23251865301-A;10/01/2025 16:34:40;Cerrado;11990;1138;13128;2398;0.0000;9592;1;BLUSA SATÍN ENCAJE TIRANTE ANCHO MOSTAZA NICOPOLY;MPM10000693719-2;N04054FL;10/01/2025 16:34:42;Flujo Crossdock- Ripley PAQ;Fuentealba;Eduardo;;Jardín del Este  2548;54;;;CHILLAN;VIII REGION;CL;Fuentealba;Eduardo;;Jardín del Este  2548;;;;CHILLAN;VIII REGION;CL;11990;0;1138;0;13128;0;CLP
000000503106;23251942801-A;10/01/2025 17:15:03;Cerrado;11990;2980;14970;2398;0.0000;9592;1;POLERA HALTER CALADA BICOLOR FUCSIA NICOPOLY;MPM10001856347-3;N05132SM;10/01/2025 17:15:04;Flujo Same day BX;Latorre;Heidi Guzmn;;Fray Andresito 49;S/N;;;SANTIAGO;REG.METROPOLITANA;CL;Latorre;Heidi Guzmn;;Fray Andresito 49;;;;SANTIAGO;REG.METROPOLITANA;CL;11990;0;2980;0;14970;0;CLP
000000503106;23252293701-A;10/01/2025 20:08:37;Cerrado;16990;990;17980;3398;0.0000;13592;1;VESTIDO CORTO TIPO SATÍN BURDEOS NICOPOLY;MPM00071350678-2;N02492TM;10/01/2025 20:08:39;5d_Retiro Tienda Ripley Valparaíso;Leon;"Karen ";;"Plaza Victoria 1646 ";" 4to Piso. Servicio al Cliente";;;VALPARAISO;V REGION;CL;Leon;"Karen ";;Ruda poniente  6;;;;VALPARAISO;V REGION;CL;16990;0;990;0;17980;0;CLP
000000503106;23252359401-A;10/01/2025 20:47:07;Cerrado;14990;990;15980;2998;0.0000;11992;1;VESTIDO CORTO CUELLO HALTER NEGRO NICOPOLY;MPM10001878067-1;N04063BM-5;10/01/2025 20:47:08;11d_Retiro Tienda Ripley Temuco;Millan;Maria;;"Arturo Prat 656, Temuco ";2do Piso. Modulo Retiro en Tienda;;;TEMUCO;IX REGION;CL;Millan;Maria;;Quepe, pasaje Newen  21;;;;TEMUCO;IX REGION;CL;14990;0;990;0;15980;0;CLP
000000503106;23252413201-A;10/01/2025 21:22:08;Reembolsado;18990;990;19980;3798;0.0000;15192;1;PANTALÓN TIRO ALTO JASPEADO ROSADO NICOPOLY;MPM10001849483-2;N05022HL;10/01/2025 21:22:09;4d_Retiro Tienda Ripley Arauco Maipu;Aguilera;Carmen;;"Av. Americo Vespucio 399 ";" 2do Piso. Modulo Retiro en Tienda";;;MAIPU;REG.METROPOLITANA;CL;Aguilera;Carmen;;Manchester 378;;;;MAIPU;REG.METROPOLITANA;CL;18990;0;990;0;19980;0;CLP
000000503106;23252811401-A;11/01/2025 00:57:06;Cerrado;11990;990;12980;2398;0.0000;9592;1;BLUSA ASIMÉTRICA ROJO NICOPOLY;MPM10001919202-3;N05096DS;11/01/2025 00:57:07;5d_Retiro Tienda Ripley Quilpué;Olavarria;Javiera;;"Claudio Vicuña 992, Quilpue ";" 3er Piso. Modulo Retiro en Tienda";;;QUILPUE;V REGION;CL;Olavarria;Javiera;;Puerto del sur  2539;;;;QUILPUE;V REGION;CL;11990;0;990;0;12980;0;CLP
000000503106;23252826501-A;11/01/2025 01:12:41;Cerrado;20990;990;21980;4198;0.0000;16792;1;VESTIDO CON FALDÓN PLISADO FUCSIA NICOPOLY;MPM10001916732-1;N05042SM;11/01/2025 01:12:43;4d_Retiro Tienda Ripley Plaza Egaña;Venegas;Catherine Valeria;;"Larrain 5800 ";" 3er Piso. Modulo Retiro en Tienda";;;NUNOA;REG.METROPOLITANA;CL;Venegas;Catherine Valeria;;Bremen  29;;;;NUNOA;REG.METROPOLITANA;CL;20990;0;990;0;21980;0;CLP
000000503106;23252946901-A;11/01/2025 08:32:24;Cerrado;18990;990;19980;3798;0.0000;15192;1;CHALECO GILET RAYAS KHAKI NICOPOLY;MPM10001491782-2;N04306LM;11/01/2025 08:32:26;10d_Retiro Tienda Ripley Portal Temuco;Catril Sandoval;Carola Vanessa;;"Avenida Alemania 0671 ";3er Piso, Modulo Retiro en Tienda;;;TEMUCO;IX REGION;CL;Catril Sandoval;Carola Vanessa;;Calle aquiles herrera lautaro  661;;;;TEMUCO;IX REGION;CL;18990;0;990;0;19980;0;CLP
000000503106;23253004101-A;11/01/2025 09:52:37;Cerrado;9990;990;10980;1998;0.0000;7992;1;TOP BÁSICO LEOPARDO TIPO SATÍN GRIS NICOPOLY;MPM10001919199-4;N05125IM;11/01/2025 09:52:38;5d_Retiro Tienda Ripley Talca;Olfos;Sonia;;"8 Oriente 1212 ";" 2do Piso. Modulo Retiro en Tienda";;;TALCA;VII REGION;CL;Olfos;Sonia;;6 oriente 1820;;;;TALCA;VII REGION;CL;9990;0;990;0;10980;0;CLP
000000503106;23253008401-A;11/01/2025 09:59:11;Cerrado;27990;0;27990;5598;0.0000;22392;1;BLUSA BOLSILLOS CARGO VERDE OLIVA NICOPOLY;MPM10001916737-1;N05072EM;11/01/2025 09:59:12;4d_Retiro Tienda Ripley Plaza Oeste;Guajardo;Francisco;;"Américo Vespucio 1501 ";" 3er Piso. Modulo Retiro en Tienda";;;CERRILLOS;REG.METROPOLITANA;CL;Guajardo;Francisco;;Lautaro 18379;;;;CERRILLOS;REG.METROPOLITANA;CL;27990;0;0;0;27990;0;CLP
000000503106;23253258101-A;11/01/2025 12:44:48;Cerrado;27990;2195;30185;5598;0.0000;22392;1;ENTERITO BUSTIER ENCAJE NEGRO NICOPOLY;MPM10001919198-1;N05023BM;11/01/2025 12:44:50;Flujo Same day BX;Molina;Jeneidys;;Alcalde pedro alarcon  932;1813;;;SAN MIGUEL;REG.METROPOLITANA;CL;Molina;Jeneidys;;Alcalde pedro alarcon  932;;;;SAN MIGUEL;REG.METROPOLITANA;CL;27990;0;2195;0;30185;0;CLP
000000503106;23253258101-A;11/01/2025 12:44:48;Cerrado;18990;2195;21185;3798;0.0000;15192;1;ENTERITO LARGO COMFY NEGRO NICOPOLY;MPM10001916740-3;N02413BM-5;11/01/2025 12:44:50;Flujo Same day BX;Molina;Jeneidys;;Alcalde pedro alarcon  932;1813;;;SAN MIGUEL;REG.METROPOLITANA;CL;Molina;Jeneidys;;Alcalde pedro alarcon  932;;;;SAN MIGUEL;REG.METROPOLITANA;CL;18990;0;2195;0;21185;0;CLP
000000503106;23253318601-A;11/01/2025 13:18:26;Cerrado;39990;0;39990;7998;0.0000;31992;1;MAXI VESTIDO CORTE IMPERIO FLORAL AZUL NICOPOLY;MPM10001752469-2;N04010PS-5;11/01/2025 13:18:27;5d_Retiro Tienda Ripley El Trébol;Del Campo Saavedra;Karla;;"Avenida Jorge Alessandri 3177 ";" 3er Piso. Modulo Retiro en Tienda";;;TALCAHUANO;VIII REGION;CL;Del Campo Saavedra;Karla;;Las Heras 1550;;;;TALCAHUANO;VIII REGION;CL;39990;0;0;0;39990;0;CLP
000000503106;23253318601-A;11/01/2025 13:18:26;Cerrado;18990;0;18990;3798;0.0000;15192;1;VESTIDO ESCOTE V PROFUNDO CELESTE NICOPOLY;MPM10001919208-1;N05103KS;11/01/2025 13:18:27;5d_Retiro Tienda Ripley El Trébol;Del Campo Saavedra;Karla;;"Avenida Jorge Alessandri 3177 ";" 3er Piso. Modulo Retiro en Tienda";;;TALCAHUANO;VIII REGION;CL;Del Campo Saavedra;Karla;;Las Heras 1550;;;;TALCAHUANO;VIII REGION;CL;18990;0;0;0;18990;0;CLP
000000503106;23253455501-A;11/01/2025 14:38:15;Reembolsado;26990;0;26990;5398;0.0000;21592;1;ENTERITO EFECTO DOS PIEZAS ROJO NICOPOLY;MPM10001752505-1;N04018JM-5;11/01/2025 14:38:15;5d_Retiro Tienda Ripley Rancagua;Castillo;Daniela;;"José Domingo Mujica 490 ";" 3er Piso. Modulo Retiro en Tienda";;;RANCAGUA;VI REGION;CL;Castillo;Daniela;;Jose gil de castro  065;;;;RANCAGUA;VI REGION;CL;26990;0;0;0;26990;0;CLP
000000503106;23253687201-A;11/01/2025 16:48:46;Cerrado;18990;990;19980;3798;0.0000;15192;1;PANTALÓN RECTO COSTURA FRONTAL BURDEOS NICOPOLY;MPM10001713143-3;N04301DL-5;11/01/2025 16:48:47;10d_Retiro Tienda Ripley Antofagasta;Madaariaga;Silvana;;"Arturo Prat 530 ";" 4to Piso. Servicio al Cliente";;;ANTOFAGASTA;II REGION;CL;Madaariaga;Silvana;;Alfonso perez carrete 710;;;;ANTOFAGASTA;II REGION;CL;18990;0;990;0;19980;0;CLP
000000503106;23253810501-A;11/01/2025 17:52:45;Cerrado;18990;990;19980;3798;0.0000;15192;1;PANTALÓN TIRO ALTO JASPEADO BLANCO NICOPOLY;MPM10001849485-2;N05022AM;11/01/2025 17:52:46;5d_Retiro Tienda Ripley Mall Concepción;Baldizán;Isabel;;"Barros Arana 1068, Concepcion ";" 3er Piso. Modulo Retiro en Tienda";;;CONCEPCION;VIII REGION;CL;Baldizán;Isabel;;Ohiggins 1564;;;;CONCEPCION;VIII REGION;CL;18990;0;990;0;19980;0;CLP
000000503106;23253867302-A;11/01/2025 18:17:29;Cerrado;37990;0;37990;7598;0.0000;30392;1;CHAQUETA BIKER ECOCUERO CORTA NEGRO  NICOPOLY;MPM10001383962-4;N04201BL;11/01/2025 18:17:30;Flujo Crossdock- Ripley PAQ;Silva;Paola;;La obra pasaje los paltos 1559  1559;casa;;;SAN JAVIER;VII REGION;CL;Silva;Paola;;La obra pasaje los paltos 1559  1559;;;;SAN JAVIER;VII REGION;CL;37990;0;0;0;37990;0;CLP
000000503106;23254043301-A;11/01/2025 19:50:37;Cerrado;32990;3990;36980;6598;0.0000;26392;1;PANTALÓN CON PINZAS RECTO NEGRO NICOPOLY;MPM10001752472-4;N04277BM-5;11/01/2025 19:50:38;Flujo Same day BX;Cardenas Martines;Marta;;Laguna Cauquenes 288;S/N;;;PUDAHUEL;REG.METROPOLITANA;CL;Cardenas Martines;Marta;;Laguna Cauquenes 288;;;;PUDAHUEL;REG.METROPOLITANA;CL;32990;0;3990;0;36980;0;CLP
000000503106;23254068801-A;11/01/2025 20:07:40;Reembolsado;26490;990;27480;5298;0.0000;21192;1;PANTALÓN PIERNA ANCHA NEGRO NICOPOLY;MPM10001856328-4;N04017BM-5;11/01/2025 20:07:41;4d_Retiro Tienda Ripley Los Dominicos;Barra;Fabiola;;"Padre Hurtado Sur 875 ";1er Piso. Servicio al Cliente;;;LAS CONDES;REG.METROPOLITANA;CL;Barra;Fabiola;;Schiller 2349;;;;LAS CONDES;REG.METROPOLITANA;CL;26490;0;990;0;27480;0;CLP
000000503106;23254132701-A;11/01/2025 20:43:00;Cerrado;12990;0;12990;2598;0.0000;10392;1;VESTIDO ESCOTE V FLORES VERDE NICOPOLY;MPM10000705702-2;N04141EXS;11/01/2025 20:43:01;Flujo Same day BX;Castaeda;Melisa;;Libertad 30;Depto 1105;;;MAIPU;REG.METROPOLITANA;CL;Castaeda;Melisa;;Libertad 30;;;;MAIPU;REG.METROPOLITANA;CL;12990;0;0;0;12990;0;CLP
000000503106;23254267101-A;11/01/2025 22:03:12;Cerrado;18990;990;19980;3798;0.0000;15192;1;PANTALÓN TIRO ALTO JASPEADO BLANCO NICOPOLY;MPM10001849485-3;N05022AL;11/01/2025 22:03:13;5d_Retiro Tienda Ripley Mall Concepción;Orellana Navarrete;Carla;;"Barros Arana 1068, Concepcion ";" 3er Piso. Modulo Retiro en Tienda";;;CONCEPCION;VIII REGION;CL;Orellana Navarrete;Carla;;Avenida Las Margaritas  1719;;;;CONCEPCION;VIII REGION;CL;18990;0;990;0;19980;0;CLP
000000503106;23254412901-A;11/01/2025 23:23:17;Cerrado;22190;0;22190;4438;0.0000;17752;1;PANTALÓN MEZCLA LINO BLANCO NICOPOLY;MPM10001878082-2;N05020AM;11/01/2025 23:23:18;10d_Retiro Tienda Ripley Antofagasta;Saldias;Katerine;;"Arturo Prat 530 ";" 4to Piso. Servicio al Cliente";;;ANTOFAGASTA;II REGION;CL;Saldias;Katerine;;Antilhue  01302;;;;ANTOFAGASTA;II REGION;CL;22190;0;0;0;22190;0;CLP
000000503106;23254504001-A;12/01/2025 00:21:54;Cerrado;18990;495;19485;3798;0.0000;15192;1;PANTALÓN RECTO COSTURA FRONTAL BURDEOS NICOPOLY;MPM10001713143-4;N04301DM-5;12/01/2025 00:21:56;4d_Retiro Tienda Ripley Costanera Center;Muñoz;"Nathaly ";;"Avenida Andrés Bello 2422 ";" 1er Piso. Modulo Retiro en Tienda";;;PROVIDENCIA;REG.METROPOLITANA;CL;Maureira;Javier;;Queb del salado 1033;;;;PROVIDENCIA;REG.METROPOLITANA;CL;18990;0;495;0;19485;0;CLP
000000503106;23254504001-A;12/01/2025 00:21:54;Cerrado;11990;495;12485;2398;0.0000;9592;1;TOP BÁSICO TIPO SATÍN NEGRO NICOPOLY;MPM10001919212-4;N05098BS;12/01/2025 00:21:56;4d_Retiro Tienda Ripley Costanera Center;Muñoz;"Nathaly ";;"Avenida Andrés Bello 2422 ";" 1er Piso. Modulo Retiro en Tienda";;;PROVIDENCIA;REG.METROPOLITANA;CL;Maureira;Javier;;Queb del salado 1033;;;;PROVIDENCIA;REG.METROPOLITANA;CL;11990;0;495;0;12485;0;CLP
000000503106;23254515801-A;12/01/2025 00:30:01;Cerrado;14990;990;15980;2998;0.0000;11992;1;TOP ACANALADO HOMBROS CAÍDOS BICOLOR NICOPOLY;MPM10001856348-2;N05129NM;12/01/2025 00:30:02;5d_Retiro Tienda Ripley Viña del Mar Sucre;Aguilera;Debora;;"Sucre 290, Viña ";5to Piso. Modulo Retiro en Tienda;;;VI.A DEL MA;V REGION;CL;Aguilera;Debora;;calle el golf n°75 a granadilla 1;;;;VI.A DEL MA;V REGION;CL;14990;0;990;0;15980;0;CLP
000000503106;23254552401-A;12/01/2025 00:55:29;Cerrado;12990;495;13485;2598;0.0000;10392;1;BLUSA SIN MANGAS LILA NICOPOLY;MPM10001916746-4;N05071ZS;12/01/2025 00:55:31;6d_Retiro Tienda Ripley Nueva Valdivia;De la maza;Paulo;;"Arauco 561 ";" 3er Piso. Servicio al Cliente";;;VALDIVIA;XIV REGION;CL;Cliente;Erika;;Pasaje arriagada 1500;;;;VALDIVIA;XIV REGION;CL;12990;0;495;0;13485;0;CLP
000000503106;23254552401-A;12/01/2025 00:55:29;Cerrado;12990;495;13485;2598;0.0000;10392;1;BLUSA SIN MANGAS CELESTE NICOPOLY;MPM10001916738-2;N05071KS;12/01/2025 00:55:31;6d_Retiro Tienda Ripley Nueva Valdivia;De la maza;Paulo;;"Arauco 561 ";" 3er Piso. Servicio al Cliente";;;VALDIVIA;XIV REGION;CL;Cliente;Erika;;Pasaje arriagada 1500;;;;VALDIVIA;XIV REGION;CL;12990;0;495;0;13485;0;CLP
000000503106;23254564301-A;12/01/2025 01:04:11;Cerrado;21990;5990;27980;4398;0.0000;17592;1;VESTIDO PLISADO VUELITOS NEGRO NICOPOLY;MPM00071351018-4;N02341BM;12/01/2025 01:04:13;Flujo Crossdock- Ripley PAQ;Reyes;Gregoria Ivonne;;calle ocho  6204;" ";;;TALCAHUANO;VIII REGION;CL;Reyes;Gregoria Ivonne;;calle ocho  6204;;;;TALCAHUANO;VIII REGION;CL;21990;0;5990;0;27980;0;CLP
000000503106;23254585701-A;12/01/2025 01:24:53;Reembolsado;23990;990;24980;4798;0.0000;19192;1;VESTIDO PABILO CON VOLANTES NEGRO NICOPOLY;MPM10001878064-4;N05013BS;12/01/2025 01:24:54;4d_Retiro Tienda Ripley Tobalaba;Ramírez;Ángela;;"Av. Camilo Henríquez 3296, Puente Alto ";2do Piso. Modulo Retiro en Tienda;;;PUENTE ALTO;REG.METROPOLITANA;CL;Riveros;Yasna;;Mamá Kristina 1619;;;;PUENTE ALTO;REG.METROPOLITANA;CL;23990;0;990;0;24980;0;CLP
000000503106;23254664401-A;12/01/2025 06:48:59;Cerrado;19990;990;20980;3998;0.0000;15992;1;VESTIDO CALADO FLORAL VERDE OSCURO NICOPOLY;MPM00071351852-2;N02465EM;12/01/2025 06:49:01;10d_Retiro Tienda Ripley Iquique;"Mamani Viza ";"Freddy Nilson ";;"Vivar 550 ";" 4to Piso. Servicio al Cliente";;;IQUIQUE;I REGION;CL;Puma;Marina;;Calle uno 3576;;;;IQUIQUE;I REGION;CL;19990;0;990;0;20980;0;CLP
000000503106;23254909501-A;12/01/2025 11:49:00;Cerrado;36990;0;36990;7398;0.0000;29592;1;BLAZER BOLSILLOS Y BOTÓN CELESTE NICOPOLY;MPM10001752431-1;N04260CM-5;12/01/2025 11:49:01;4d_Retiro Tienda Ripley Arauco Maipu;Maldonado;Maira;;"Av. Americo Vespucio 399 ";" 2do Piso. Modulo Retiro en Tienda";;;MAIPU;REG.METROPOLITANA;CL;Maldonado;Maira;;Manchester 584;;;;MAIPU;REG.METROPOLITANA;CL;36990;0;0;0;36990;0;CLP
000000503106;23254924201-A;12/01/2025 11:57:17;Cerrado;22990;3990;26980;4598;0.0000;18392;1;ENTERITO LAZO Y HEBILLA VERDE OLIVA NICOPOLY;MPM10001849448-3;N04058MM-5;12/01/2025 11:57:19;Flujo Same day BX;Polanco;Estefany;;Colombia 7738;909;;;LA FLORIDA;REG.METROPOLITANA;CL;Polanco;Estefany;;Colombia 7738;;;;LA FLORIDA;REG.METROPOLITANA;CL;22990;0;3990;0;26980;0;CLP
000000503106;23254942101-A;12/01/2025 12:06:54;Cerrado;15990;3285;19275;3198;0.0000;12792;1;CÁRDIGAN PUNTO FANTASÍA GRIS NICOPOLY;MPM00040989076-3;N02086IXL;12/01/2025 12:06:56;Flujo Crossdock- Ripley PAQ;Fuentes Morales;Mauricio Alejandro;;Viana 1255;601;;;VI.A DEL MA;V REGION;CL;Fuentes Morales;Mauricio Alejandro;;Viana 1255;;;;VI.A DEL MA;V REGION;CL;15990;0;3285;0;19275;0;CLP
000000503106;23254942101-A;12/01/2025 12:06:54;Cerrado;15990;3285;19275;3198;0.0000;12792;1;CÁRDIGAN PUNTO FANTASÍA CELESTE NICOPOLY;MPM00040988916-1;N02086KXL;12/01/2025 12:06:56;Flujo Crossdock- Ripley PAQ;Fuentes Morales;Mauricio Alejandro;;Viana 1255;601;;;VI.A DEL MA;V REGION;CL;Fuentes Morales;Mauricio Alejandro;;Viana 1255;;;;VI.A DEL MA;V REGION;CL;15990;0;3285;0;19275;0;CLP
000000503106;23255010801-A;12/01/2025 12:42:12;Cerrado;14990;495;15485;2998;0.0000;11992;1;VESTIDO CORTO CUELLO HALTER ROSADO NICOPOLY;MPM10001878077-2;N04063HL-5;12/01/2025 12:42:13;5d_Retiro Tienda Ripley Mall Concepción;Cruz;Marta;;"Barros Arana 1068, Concepcion ";" 3er Piso. Modulo Retiro en Tienda";;;CONCEPCION;VIII REGION;CL;Cruz;Marta;;Calle Esperanza 330 T.1;;;;CONCEPCION;VIII REGION;CL;14990;0;495;0;15485;0;CLP
000000503106;23255010801-A;12/01/2025 12:42:12;Cerrado;14990;495;15485;2998;0.0000;11992;1;VESTIDO CORTO CUELLO HALTER NEGRO NICOPOLY;MPM10001878067-1;N04063BM-5;12/01/2025 12:42:13;5d_Retiro Tienda Ripley Mall Concepción;Cruz;Marta;;"Barros Arana 1068, Concepcion ";" 3er Piso. Modulo Retiro en Tienda";;;CONCEPCION;VIII REGION;CL;Cruz;Marta;;Calle Esperanza 330 T.1;;;;CONCEPCION;VIII REGION;CL;14990;0;495;0;15485;0;CLP
000000503106;23255194702-A;12/01/2025 14:21:28;Cerrado;17990;990;18980;3598;0.0000;14392;1;SHORT BÁSICO FORMAL NEGRO NICOPOLY;MPM10001437614-3;N04049BM-4;12/01/2025 14:21:29;4d_Retiro Tienda Ripley Arauco Maipu;Armijo;Joceline;;"Av. Americo Vespucio 399 ";" 2do Piso. Modulo Retiro en Tienda";;;MAIPU;REG.METROPOLITANA;CL;Armijo;Joceline;;Los ceibos 1100 116;;;;MAIPU;REG.METROPOLITANA;CL;17990;0;990;0;18980;0;CLP
000000503106;23255538801-A;12/01/2025 17:05:48;Reembolsado;13990;4396;18386;2798;0.0000;11192;1;MAXI VESTIDO TAJO Y COSTURAS CAFÉ NICOPOLY;MPM10001448938-3;N04266UM;12/01/2025 17:05:49;Flujo Crossdock- Ripley PAQ;Milla;Marcela;;Emile sironvalle 710;Depto;;;ANTOFAGASTA;II REGION;CL;Milla;Marcela;;Emile sironvalle 710;;;;ANTOFAGASTA;II REGION;CL;13990;0;4396;0;18386;0;CLP
000000503106;23255538801-A;12/01/2025 17:05:48;Reembolsado;27990;4396;32386;5598;0.0000;22392;1;ENTERITO BUSTIER ENCAJE NEGRO NICOPOLY;MPM10001919198-1;N05023BM;12/01/2025 17:05:49;Flujo Crossdock- Ripley PAQ;Milla;Marcela;;Emile sironvalle 710;Depto;;;ANTOFAGASTA;II REGION;CL;Milla;Marcela;;Emile sironvalle 710;;;;ANTOFAGASTA;II REGION;CL;27990;0;4396;0;32386;0;CLP
000000503106;23255538801-A;12/01/2025 17:05:48;Reembolsado;25990;4396;30386;5198;0.0000;20792;1;VESTIDO STRAPLESS Y ESCOTE V NEGRO NICOPOLY;MPM10001856352-1;N05011BL;12/01/2025 17:05:49;Flujo Crossdock- Ripley PAQ;Milla;Marcela;;Emile sironvalle 710;Depto;;;ANTOFAGASTA;II REGION;CL;Milla;Marcela;;Emile sironvalle 710;;;;ANTOFAGASTA;II REGION;CL;25990;0;4396;0;30386;0;CLP
000000503106;23255739802-A;12/01/2025 18:37:40;Reembolsado;15990;0;15990;3198;0.0000;12792;1;TAPADO CALADO LARGO NEGRO NICOPOLY;MPM10001856349-1;N05110BF;12/01/2025 18:37:41;Flujo Crossdock- Ripley PAQ;JORQUERA;MARIA TERESA;;Mercedes 425;1204;;;VALPARAISO;V REGION;CL;JORQUERA;MARIA TERESA;;Mercedes 425;;;;VALPARAISO;V REGION;CL;15990;0;0;0;15990;0;CLP
000000503106;23256081401-A;12/01/2025 21:11:27;Reembolsado;18990;495;19485;3798;0.0000;15192;1;PANTALÓN TIRO ALTO JASPEADO ROSADO NICOPOLY;MPM10001849483-2;N05022HL;12/01/2025 21:11:29;4d_Retiro Tienda Ripley Plaza Oeste;"Barrios ";"Ana Maria ";;"Américo Vespucio 1501 ";" 3er Piso. Modulo Retiro en Tienda";;;CERRILLOS;REG.METROPOLITANA;CL;"Barrios ";"Ana Maria ";;Pje aerodromo alto Palena  3030;;;;CERRILLOS;REG.METROPOLITANA;CL;18990;0;495;0;19485;0;CLP
000000503106;23256081401-A;12/01/2025 21:11:27;Reembolsado;18990;495;19485;3798;0.0000;15192;1;PANTALÓN TIRO ALTO JASPEADO BLANCO NICOPOLY;MPM10001849485-3;N05022AL;12/01/2025 21:11:29;4d_Retiro Tienda Ripley Plaza Oeste;"Barrios ";"Ana Maria ";;"Américo Vespucio 1501 ";" 3er Piso. Modulo Retiro en Tienda";;;CERRILLOS;REG.METROPOLITANA;CL;"Barrios ";"Ana Maria ";;Pje aerodromo alto Palena  3030;;;;CERRILLOS;REG.METROPOLITANA;CL;18990;0;495;0;19485;0;CLP
000000503106;23256135001-A;12/01/2025 21:36:28;Cerrado;27990;990;28980;5598;0.0000;22392;1;CHAQUETA CUELLO MAO ECOCUERO KHAKI NICOPOLY;MPM10000316159-1;N02106LM;12/01/2025 21:36:30;4d_Retiro Tienda Ripley Crillon;Cliente;Liliana;;"Agustinas #1025 ";Piso -1. Modulo Retiro en Tienda;;;SANTIAGO;REG.METROPOLITANA;CL;Cliente;Liliana;;Avenida Lo Espejo 490;;;;SANTIAGO;REG.METROPOLITANA;CL;27990;0;990;0;28980;0;CLP
000000503106;23256265101-A;12/01/2025 22:24:19;Reembolsado;27990;990;28980;5598;0.0000;22392;1;CHAQUETA CUELLO MAO ECOCUERO BLANCO NICOPOLY;MPM10000316150-4;N02106AXL;12/01/2025 22:24:20;5d_Retiro Tienda Ripley Rancagua;Cabrera Ortega;Gissella Del Carmen;;"José Domingo Mujica 490 ";" 3er Piso. Modulo Retiro en Tienda";;;RANCAGUA;VI REGION;CL;Cabrera Ortega;Gissella Del Carmen;;Cuevas 0164;;;;RANCAGUA;VI REGION;CL;27990;0;990;0;28980;0;CLP
000000503106;23256281301-A;12/01/2025 22:31:33;Cerrado;15990;3990;19980;3198;0.0000;12792;1;TAPADO CALADO LARGO NEGRO NICOPOLY;MPM10001856349-1;N05110BF;12/01/2025 22:31:34;Flujo Same day BX;Olmedo;Luz;;millantu 1356;S/N;;;EL BOSQUE;REG.METROPOLITANA;CL;Olmedo;Luz;;millantu 1356;;;;EL BOSQUE;REG.METROPOLITANA;CL;15990;0;3990;0;19980;0;CLP
000000503106;23256455701-A;12/01/2025 23:42:41;Cerrado;12990;990;13980;2598;0.0000;10392;1;VESTIDO ESCOTE V FLORES VERDE NICOPOLY;MPM10000705702-3;N04141EM;12/01/2025 23:42:42;11d_Retiro Tienda Ripley Temuco;Colli;"Rayen ";;"Arturo Prat 656, Temuco ";2do Piso. Modulo Retiro en Tienda;;;TEMUCO;IX REGION;CL;Colli;Clara;;Volcán Puyehue 47;;;;TEMUCO;IX REGION;CL;12990;0;990;0;13980;0;CLP
000000503106;23256497701-A;13/01/2025 00:00:49;Cerrado;25990;495;26485;5198;0.0000;20792;1;CHAQUETA BOMBER BROCHES CAMEL NICOPOLY;MPM10001465279-3;N04263RM;13/01/2025 00:00:51;5d_Retiro Tienda Ripley Viña del Mar Sucre;"Acosta ";Michelle;;"Sucre 290, Viña ";5to Piso. Modulo Retiro en Tienda;;;VI.A DEL MA;V REGION;CL;"Acosta ";Michelle;;Av Valparaíso 1327;;;;VI.A DEL MA;V REGION;CL;25990;0;495;0;26485;0;CLP
000000503106;23256497701-A;13/01/2025 00:00:49;Cerrado;18990;495;19485;3798;0.0000;15192;1;PANTALÓN RECTO COSTURA FRONTAL NEGRO NICOPOLY;MPM10001713171-1;N04301BM-5;13/01/2025 00:00:51;5d_Retiro Tienda Ripley Viña del Mar Sucre;"Acosta ";Michelle;;"Sucre 290, Viña ";5to Piso. Modulo Retiro en Tienda;;;VI.A DEL MA;V REGION;CL;"Acosta ";Michelle;;Av Valparaíso 1327;;;;VI.A DEL MA;V REGION;CL;18990;0;495;0;19485;0;CLP
000000503106;23256584801-A;13/01/2025 00:50:39;Cerrado;31990;990;32980;6398;0.0000;25592;1;VESTIDO PLISADO ASIMÉTRICO AZUL REY NICOPOLY;MPM10001849453-2;N05100CM;13/01/2025 00:50:41;10d_Retiro Tienda Ripley Portal Temuco;Concha;Paula;;"Avenida Alemania 0671 ";3er Piso, Modulo Retiro en Tienda;;;TEMUCO;IX REGION;CL;Concha;Paula;;Avenida Olimpia 1680;;;;TEMUCO;IX REGION;CL;31990;0;990;0;32980;0;CLP
000000503106;23256659401-A;13/01/2025 01:49:40;Reembolsado;12990;1129;14119;2598;0.0000;10392;1;VESTIDO ESCOTE V FLORES VERDE NICOPOLY;MPM10000705702-2;N04141EXS;13/01/2025 01:49:42;Flujo Crossdock- Ripley PAQ;Catalan;Mayli;;Conjunto premio nobel de literatura,pasaje coplas , quillota 809;Casa;;;QUILLOTA;V REGION;CL;Catalan;Mayli;;Conjunto premio nobel de literatura,pasaje coplas , quillota 809;;;;QUILLOTA;V REGION;CL;12990;0;1129;0;14119;0;CLP
000000503106;23256659401-A;13/01/2025 01:49:40;Reembolsado;22190;1129;23319;4438;0.0000;17752;1;VESTIDO UN HOMBRO Y TAJO FUCSIA NICOPOLY;MPM00084129770-3;N03077SS;13/01/2025 01:49:42;Flujo Crossdock- Ripley PAQ;Catalan;Mayli;;Conjunto premio nobel de literatura,pasaje coplas , quillota 809;Casa;;;QUILLOTA;V REGION;CL;Catalan;Mayli;;Conjunto premio nobel de literatura,pasaje coplas , quillota 809;;;;QUILLOTA;V REGION;CL;22190;0;1129;0;23319;0;CLP
000000503106;23256659401-A;13/01/2025 01:49:40;Reembolsado;16990;1129;18119;3398;0.0000;13592;1;VESTIDO CORTO TIPO SATÍN BURDEOS NICOPOLY;MPM00071350678-3;N02492TXS;13/01/2025 01:49:42;Flujo Crossdock- Ripley PAQ;Catalan;Mayli;;Conjunto premio nobel de literatura,pasaje coplas , quillota 809;Casa;;;QUILLOTA;V REGION;CL;Catalan;Mayli;;Conjunto premio nobel de literatura,pasaje coplas , quillota 809;;;;QUILLOTA;V REGION;CL;16990;0;1129;0;18119;0;CLP
000000503106;23256762401-A;13/01/2025 08:38:25;Cerrado;9990;990;10980;1998;0.0000;7992;1;BODY FLORAL FUCSIA NICOPOLY;MPM00071081656-2;N02411SXL;13/01/2025 08:38:26;4d_Retiro Tienda Ripley Plaza Vespucio;Troncoso;Joscelyn;;"Av. Vicuña Mackenna Ote. 7110, La Florida ";3er Piso. Modulo Retiro en Tienda;;;LA FLORIDA;REG.METROPOLITANA;CL;Troncoso;Joscelyn;;Cerro Blanco 1672;;;;LA FLORIDA;REG.METROPOLITANA;CL;9990;0;990;0;10980;0;CLP
000000503106;23256866701-A;13/01/2025 10:06:28;Reembolsado;18990;990;19980;3798;0.0000;15192;1;VESTIDO ESCOTE V PROFUNDO CELESTE NICOPOLY;MPM10001919208-1;N05103KS;13/01/2025 10:06:29;5d_Retiro Tienda Ripley El Trébol;Yamal;Felipe;;"Avenida Jorge Alessandri 3177 ";" 3er Piso. Modulo Retiro en Tienda";;;TALCAHUANO;VIII REGION;CL;Leniz;Florencia;;Los reyes 300;;;;TALCAHUANO;VIII REGION;CL;18990;0;990;0;19980;0;CLP
000000503106;23256996901-A;13/01/2025 11:18:29;Reembolsado;26990;7990;34980;5398;0.0000;21592;1;ENTERITO EFECTO DOS PIEZAS CELESTE NICOPOLY;MPM10001752510-3;N04018KM-5;13/01/2025 11:18:29;Flujo Crossdock- Ripley PAQ;Carrasco;Javiera;;Villa Don Sebastia Pasaje 4 316;Casa;;;VILLA ALEGR;VII REGION;CL;Carrasco;Javiera;;Villa Don Sebastia Pasaje 4 316;;;;VILLA ALEGR;VII REGION;CL;26990;0;7990;0;34980;0;CLP
000000503106;23257264101-A;13/01/2025 13:24:47;Cerrado;17990;990;18980;3598;0.0000;14392;1;VESTIDO FLORES PABILO AJUSTABLE NEGRO NICOPOLY;MPM10001916730-1;N05138BM;13/01/2025 13:24:48;4d_Retiro Tienda Ripley Plaza Vespucio;Pino;Marta;;"Av. Vicuña Mackenna Ote. 7110, La Florida ";3er Piso. Modulo Retiro en Tienda;;;LA FLORIDA;REG.METROPOLITANA;CL;Pino;Marta;;Pilcomayo 882;;;;LA FLORIDA;REG.METROPOLITANA;CL;17990;0;990;0;18980;0;CLP
000000503106;23257292801-A;13/01/2025 13:38:33;Cerrado;11990;990;12980;2398;0.0000;9592;1;CROP TOP LACE UP BLANCO NICOPOLY;MPM10001916729-2;N05017AM;13/01/2025 13:38:34;4d_Retiro Tienda Ripley San Bernardo;Gaete;Ivania;;"Av. Pdte. Jorge Alessandri Rodríguez 20040, San Bernardo ";2do Piso. Modulo Retiro en Tienda;;;SN.BERNARDO;REG.METROPOLITANA;CL;Gaete;Ivania;;Eyzaguirre  85;;;;SN.BERNARDO;REG.METROPOLITANA;CL;11990;0;990;0;12980;0;CLP
000000503106;23257508401-A;13/01/2025 15:16:43;Cerrado;13990;990;14980;2798;0.0000;11192;1;MAXI VESTIDO TAJO Y COSTURAS CAFÉ NICOPOLY;MPM10001448938-3;N04266UM;13/01/2025 15:16:45;4d_Retiro Tienda Ripley San Bernardo;"Vargas Silva ";"Brbara ";;"Av. Pdte. Jorge Alessandri Rodríguez 20040, San Bernardo ";2do Piso. Modulo Retiro en Tienda;;;SN.BERNARDO;REG.METROPOLITANA;CL;"Vargas Silva ";"Brbara ";;Crescente Errazuriz  1495;;;;SN.BERNARDO;REG.METROPOLITANA;CL;13990;0;990;0;14980;0;CLP
000000503106;23257624801-A;13/01/2025 16:06:23;Cerrado;20990;990;21980;4198;0.0000;16792;1;ENTERITO CORTO FLORES LAZO LILA NICOPOLY;MPM10001916726-4;N05065CM;13/01/2025 16:06:24;4d_Retiro Tienda Ripley Alameda;Gallardo Vega;Catalina;;"Av Libertador Bernardo O'Higgins 3470, Santiago ";3er Piso. Modulo Retiro en Tienda;;;EST.CENTRAL;REG.METROPOLITANA;CL;Gallardo Vega;Catalina;;Avenida victor jara 3866;;;;EST.CENTRAL;REG.METROPOLITANA;CL;20990;0;990;0;21980;0;CLP
000000503106;23257723801-A;13/01/2025 16:42:48;Cerrado;27990;990;28980;5598;0.0000;22392;1;CHAQUETA CUELLO MAO ECOCUERO BLANCO NICOPOLY;MPM10000316150-4;N02106AXL;13/01/2025 16:42:50;5d_Retiro Tienda Ripley Rancagua;"Riquelme ";"Vernica ";;"José Domingo Mujica 490 ";" 3er Piso. Modulo Retiro en Tienda";;;RANCAGUA;VI REGION;CL;"Riquelme ";"Vernica ";;Pasaje chequen  0702;;;;RANCAGUA;VI REGION;CL;27990;0;990;0;28980;0;CLP
000000503106;23257905201-A;13/01/2025 17:59:47;Cerrado;13990;0;13990;2798;0.0000;11192;1;MAXI VESTIDO TAJO Y COSTURAS CAFÉ NICOPOLY;MPM10001448938-3;N04266UM;13/01/2025 17:59:49;5d_Retiro Tienda Ripley Quilpué;Muoz;"Paz ";;"Claudio Vicuña 992, Quilpue ";" 3er Piso. Modulo Retiro en Tienda";;;QUILPUE;V REGION;CL;Muoz;"Paz ";;Avenida el Rincon 960 30;;;;QUILPUE;V REGION;CL;13990;0;0;0;13990;0;CLP
000000503106;23257952401-A;13/01/2025 18:22:47;Cerrado;13990;990;14980;2798;0.0000;11192;1;MAXI VESTIDO TAJO Y COSTURAS GRIS NICOPOLY;MPM10001448879-3;N04266NM;13/01/2025 18:22:48;4d_Retiro Tienda Ripley Plaza Vespucio;Jans;darinka;;"Av. Vicuña Mackenna Ote. 7110, La Florida ";3er Piso. Modulo Retiro en Tienda;;;LA FLORIDA;REG.METROPOLITANA;CL;Meza;Ines;;Doctor johow 987;;;;LA FLORIDA;REG.METROPOLITANA;CL;13990;0;990;0;14980;0;CLP
000000503106;23258063001-A;13/01/2025 19:12:42;Cerrado;13990;3990;17980;2798;0.0000;11192;1;MINI FALDA CINTURÓN FUCSIA NICOPOLY;MPM00090371756-2;N03122SS;13/01/2025 19:12:43;Flujo Same day BX;Acevedo;Andrea;;MARTIN DE ZAMORA 4909 dpto 33 0;S/N;;;LAS CONDES;REG.METROPOLITANA;CL;Acevedo;Andrea;;MARTIN DE ZAMORA 4909 dpto 33 0;;;;LAS CONDES;REG.METROPOLITANA;CL;13990;0;3990;0;17980;0;CLP
000000503106;23258163001-A;13/01/2025 19:56:57;Cerrado;12990;3990;16980;2598;0.0000;10392;1;BODY ESCOTE DRAPEADO LENTEJUELAS NEGRO NICOPOLY;MPM10001916748-3;N05014BM;13/01/2025 19:56:58;Flujo Same day BX;Sez;Ema;;Cinco Oriente 2265;Casa;;;PE.ALOLEN;REG.METROPOLITANA;CL;Sez;Ema;;Cinco Oriente 2265;;;;PE.ALOLEN;REG.METROPOLITANA;CL;12990;0;3990;0;16980;0;CLP
000000503106;23258442301-A;13/01/2025 21:59:06;Cerrado;17990;0;17990;3598;0.0000;14392;1;SHORT BÁSICO FORMAL NEGRO NICOPOLY;MPM10001437614-3;N04049BM-4;13/01/2025 21:59:08;4d_Retiro Tienda Ripley Costanera Center;"Peñaloza Santa Ana ";"Valeria paz del Carmen ";;"Avenida Andrés Bello 2422 ";" 1er Piso. Modulo Retiro en Tienda";;;PROVIDENCIA;REG.METROPOLITANA;CL;Cliente;Esteban;;COLON 1320;;;;PROVIDENCIA;REG.METROPOLITANA;CL;17990;0;0;0;17990;0;CLP
000000503106;23258457401-A;13/01/2025 22:07:06;Cerrado;11990;990;12980;2398;0.0000;9592;1;CROP TOP MEZCLA LINO CRUDO NICOPOLY;MPM10001916750-1;N05085AM;13/01/2025 22:07:07;4d_Retiro Tienda Ripley Plaza Vespucio;Aracena;Valeska;;"Av. Vicuña Mackenna Ote. 7110, La Florida ";3er Piso. Modulo Retiro en Tienda;;;LA FLORIDA;REG.METROPOLITANA;CL;Aracena;Valeska;;Caleta Barranquillas 982;;;;LA FLORIDA;REG.METROPOLITANA;CL;11990;0;990;0;12980;0;CLP
000000503106;23258573401-A;13/01/2025 22:53:25;Cerrado;20990;990;21980;4198;0.0000;16792;1;VESTIDO CORTO TULIPÁN NEGRO NICOPOLY;MPM10001878058-2;N04064BM-5;13/01/2025 22:53:26;5d_Retiro Tienda Ripley Mall Concepción;Constabel;Javiera;;"Barros Arana 1068, Concepcion ";" 3er Piso. Modulo Retiro en Tienda";;;CONCEPCION;VIII REGION;CL;Constabel;Javiera;;Collao 750;;;;CONCEPCION;VIII REGION;CL;20990;0;990;0;21980;0;CLP
000000503106;23258595901-A;13/01/2025 22:59:08;Reembolsado;14990;990;15980;2998;0.0000;11992;1;VESTIDO CORTO CUELLO HALTER BLANCO NICOPOLY;MPM10001878055-3;N04063AS-5;13/01/2025 22:59:10;5d_Retiro Tienda Ripley Rancagua;Salazar;Leslie;;"José Domingo Mujica 490 ";" 3er Piso. Modulo Retiro en Tienda";;;RANCAGUA;VI REGION;CL;Salazar;Leslie;;Antofagasta 556;;;;RANCAGUA;VI REGION;CL;14990;0;990;0;15980;0;CLP
000000503106;23258608701-A;13/01/2025 23:03:31;Cerrado;26490;495;26985;5298;0.0000;21192;1;PANTALÓN PIERNA ANCHA BLANCO NICOPOLY;MPM10001856323-1;N04017AM-5;13/01/2025 23:03:33;4d_Retiro Tienda Ripley Costanera Center;Rodriguez Bello;Icela Marili;;"Avenida Andrés Bello 2422 ";" 1er Piso. Modulo Retiro en Tienda";;;PROVIDENCIA;REG.METROPOLITANA;CL;Rodriguez Bello;Icela Marili;;Rivas Vicuña 1590;;;;PROVIDENCIA;REG.METROPOLITANA;CL;26490;0;495;0;26985;0;CLP
000000503106;23258608701-A;13/01/2025 23:03:31;Cerrado;11990;495;12485;2398;0.0000;9592;1;CROP TOP LACE UP BLANCO NICOPOLY;MPM10001916729-2;N05017AM;13/01/2025 23:03:33;4d_Retiro Tienda Ripley Costanera Center;Rodriguez Bello;Icela Marili;;"Avenida Andrés Bello 2422 ";" 1er Piso. Modulo Retiro en Tienda";;;PROVIDENCIA;REG.METROPOLITANA;CL;Rodriguez Bello;Icela Marili;;Rivas Vicuña 1590;;;;PROVIDENCIA;REG.METROPOLITANA;CL;11990;0;495;0;12485;0;CLP
000000503106;23258617801-A;13/01/2025 23:08:38;Cerrado;18990;330;19320;3798;0.0000;15192;1;PANTALÓN RECTO COSTURA FRONTAL BURDEOS NICOPOLY;MPM10001713143-4;N04301DM-5;13/01/2025 23:08:39;10d_Retiro Tienda Ripley Antofagasta;Reyes;Gladys;;"Arturo Prat 530 ";" 4to Piso. Servicio al Cliente";;;ANTOFAGASTA;II REGION;CL;Reyes;Gladys;;Calle Panamá  1560;;;;ANTOFAGASTA;II REGION;CL;18990;0;330;0;19320;0;CLP
000000503106;23258617801-A;13/01/2025 23:08:38;Cerrado;18990;330;19320;3798;0.0000;15192;1;PANTALÓN RECTO COSTURA FRONTAL  CELESTE NICOPOLY;MPM10001829347-1;N04301KM-5;13/01/2025 23:08:39;10d_Retiro Tienda Ripley Antofagasta;Reyes;Gladys;;"Arturo Prat 530 ";" 4to Piso. Servicio al Cliente";;;ANTOFAGASTA;II REGION;CL;Reyes;Gladys;;Calle Panamá  1560;;;;ANTOFAGASTA;II REGION;CL;18990;0;330;0;19320;0;CLP
000000503106;23258617801-A;13/01/2025 23:08:38;Cerrado;21990;330;22320;4398;0.0000;17592;1;PANTALÓN CON COSTURAS FRONTALES RECTO AZUL ACERO NICOPOLY;MPM10001448885-2;N04301CM;13/01/2025 23:08:39;10d_Retiro Tienda Ripley Antofagasta;Reyes;Gladys;;"Arturo Prat 530 ";" 4to Piso. Servicio al Cliente";;;ANTOFAGASTA;II REGION;CL;Reyes;Gladys;;Calle Panamá  1560;;;;ANTOFAGASTA;II REGION;CL;21990;0;330;0;22320;0;CLP
000000503106;23258681001-A;13/01/2025 23:34:54;Cerrado;14990;990;15980;2998;0.0000;11992;1;VESTIDO TAJO Y VUELO CELESTE NICOPOLY;MPM00066161664-3;N02306KM;13/01/2025 23:34:55;5d_Retiro Tienda Ripley Talca;Saavedra;Andrea;;"8 Oriente 1212 ";" 2do Piso. Modulo Retiro en Tienda";;;TALCA;VII REGION;CL;Saavedra;Andrea;;7 oriente 17 norte 2723;;;;TALCA;VII REGION;CL;14990;0;990;0;15980;0;CLP
000000503106;23258729301-A;13/01/2025 23:57:45;Cerrado;15990;0;15990;3198;0.0000;12792;1;VESTIDO DRAPEADO AJUSTADO NEGRO NICOPOLY;MPM00071262742-2;N02456BM;13/01/2025 23:57:46;4d_Retiro Tienda Ripley Florida Center;Astudillo;Ana;;"Vicuña Mackenna Oriente 6100, La Florida ";3er Piso. Modulo Retiro en Tienda;;;LA FLORIDA;REG.METROPOLITANA;CL;Astudillo;Ana;;La habana 352;;;;LA FLORIDA;REG.METROPOLITANA;CL;15990;0;0;0;15990;0;CLP
000000503106;23258729301-A;13/01/2025 23:57:45;Cerrado;21990;0;21990;4398;0.0000;17592;1;VESTIDO PLISADO VUELITOS NEGRO NICOPOLY;MPM00071351018-4;N02341BM;13/01/2025 23:57:46;4d_Retiro Tienda Ripley Florida Center;Astudillo;Ana;;"Vicuña Mackenna Oriente 6100, La Florida ";3er Piso. Modulo Retiro en Tienda;;;LA FLORIDA;REG.METROPOLITANA;CL;Astudillo;Ana;;La habana 352;;;;LA FLORIDA;REG.METROPOLITANA;CL;21990;0;0;0;21990;0;CLP
000000503106;23259098101-A;14/01/2025 10:32:19;Cerrado;13990;990;14980;2798;0.0000;11192;1;MAXI VESTIDO TAJO Y COSTURAS CAFÉ NICOPOLY;MPM10001448938-3;N04266UM;14/01/2025 10:32:20;4d_Retiro Tienda Ripley Florida Center;Cantin Rosas;Marieta;;"Vicuña Mackenna Oriente 6100, La Florida ";3er Piso. Modulo Retiro en Tienda;;;LA FLORIDA;REG.METROPOLITANA;CL;Cantin Rosas;Marieta;;Volcan antillanca 3344 3344;;;;LA FLORIDA;REG.METROPOLITANA;CL;13990;0;990;0;14980;0;CLP
000000503106;23259099201-A;14/01/2025 10:35:48;Reembolsado;18990;990;19980;3798;0.0000;15192;1;PANTALÓN TIRO ALTO JASPEADO BLANCO NICOPOLY;MPM10001849485-2;N05022AM;14/01/2025 10:35:49;4d_Retiro Tienda Ripley Crillon;Manriquez;Rosa;;"Agustinas #1025 ";Piso -1. Modulo Retiro en Tienda;;;SANTIAGO;REG.METROPOLITANA;CL;Manriquez;Rosa;;MAULLIN 15089;;;;SANTIAGO;REG.METROPOLITANA;CL;18990;0;990;0;19980;0;CLP
000000503106;23259249701-A;14/01/2025 11:53:51;Cerrado;14990;990;15980;2998;0.0000;11992;1;VESTIDO CORTO CUELLO HALTER ROSADO NICOPOLY;MPM10001878077-2;N04063HL-5;14/01/2025 11:53:52;4d_Retiro Tienda Ripley Alto Las Condes;Ramirez;"Maria ";;"Avenida Kennedy 9001, Local 1136 ";" 4to Piso. Modulo Retiro en Tienda";;;LAS CONDES;REG.METROPOLITANA;CL;Ramirez;"Maria ";;Las taguas 1517;;;;LAS CONDES;REG.METROPOLITANA;CL;14990;0;990;0;15980;0;CLP
000000503106;23259340801-A;14/01/2025 12:39:39;Reembolsado;18990;990;19980;3798;0.0000;15192;1;PANTALÓN TIRO ALTO JASPEADO BLANCO NICOPOLY;MPM10001849485-3;N05022AL;14/01/2025 12:39:41;10d_Retiro Tienda Ripley Pto. Montt Costanera;Arenas;Fernanda;;"Juan Soler Manfredini 10 ";" 6to Piso. Modulo Retiro en Tienda";;;PTO.MONTT;X REGION;CL;Arenas;Fernanda;;pasaje lago elizalde 2025;;;;PTO.MONTT;X REGION;CL;18990;0;990;0;19980;0;CLP
000000503106;23259349501-A;14/01/2025 12:43:46;Reembolsado;18990;990;19980;3798;0.0000;15192;1;VESTIDO ACANALADO OFF THE SHOULDER NEGRO NICOPOLY;MPM10001710244-3;N05064BL;14/01/2025 12:43:47;8d_Retiro Tienda Ripley Copiapo;Ledezma Valenzuela;Natalia Ktherine;;"Calle Maipu S/N, Copiapo ";" 2do Piso. Servicio al Cliente";;;COPIAPO;III REGION;CL;Ledezma Valenzuela;Natalia Ktherine;;Avenida costanera sur 2610 429;;;;COPIAPO;III REGION;CL;18990;0;990;0;19980;0;CLP
000000503106;23259366701-A;14/01/2025 12:51:25;Reembolsado;20990;3990;24980;4198;0.0000;16792;1;VESTIDO CORTO TULIPÁN NEGRO NICOPOLY;MPM10001878058-2;N04064BM-5;14/01/2025 12:51:26;Flujo Same day BX;Velsquez;Nataly;;Aralias cuatro 125;Casa;;;MAIPU;REG.METROPOLITANA;CL;Velsquez;Nataly;;Aralias cuatro 125;;;;MAIPU;REG.METROPOLITANA;CL;20990;0;3990;0;24980;0;CLP
000000503106;23259396901-A;14/01/2025 13:08:40;Cerrado;18990;990;19980;3798;0.0000;15192;1;ENTERITO LARGO COMFY NEGRO NICOPOLY;MPM10001916740-3;N02413BM-5;14/01/2025 13:08:42;5d_Retiro Tienda Ripley Rancagua;Pinto;Marisa;;"José Domingo Mujica 490 ";" 3er Piso. Modulo Retiro en Tienda";;;RANCAGUA;VI REGION;CL;Pinto;Marisa;;Villa Don Dario pasaje los nogales 065;;;;RANCAGUA;VI REGION;CL;18990;0;990;0;19980;0;CLP
000000503106;23259423601-A;14/01/2025 13:17:47;Reembolsado;12990;495;13485;2598;0.0000;10392;1;VESTIDO ESCOTE V FLORES VERDE NICOPOLY;MPM10000705702-4;N04141ES;14/01/2025 13:17:48;5d_Retiro Tienda Ripley Viña del Mar Sucre;Catalan;Mayli;;"Sucre 290, Viña ";5to Piso. Modulo Retiro en Tienda;;;VI.A DEL MA;V REGION;CL;Catalan;Mayli;;Conjunto premio nobel de literatura,pasaje coplas , quillota 809;;;;VI.A DEL MA;V REGION;CL;12990;0;495;0;13485;0;CLP
000000503106;23259423601-A;14/01/2025 13:17:47;Reembolsado;16990;495;17485;3398;0.0000;13592;1;VESTIDO CORTO TIPO SATÍN BURDEOS NICOPOLY;MPM00071350678-1;N02492TS;14/01/2025 13:17:48;5d_Retiro Tienda Ripley Viña del Mar Sucre;Catalan;Mayli;;"Sucre 290, Viña ";5to Piso. Modulo Retiro en Tienda;;;VI.A DEL MA;V REGION;CL;Catalan;Mayli;;Conjunto premio nobel de literatura,pasaje coplas , quillota 809;;;;VI.A DEL MA;V REGION;CL;16990;0;495;0;17485;0;CLP
000000503106;23259423201-A;14/01/2025 13:18:11;Reembolsado;39990;5990;45980;7998;0.0000;31992;1;MAXI VESTIDO CORTE IMPERIO FLORAL AZUL NICOPOLY;MPM10001752469-2;N04010PS-5;14/01/2025 13:18:12;Flujo Crossdock- Ripley PAQ;Moltedo;Antonia;;Las perlas norte 2291;92;;;VI.A DEL MA;V REGION;CL;Moltedo;Antonia;;Las perlas norte 2291;;;;VI.A DEL MA;V REGION;CL;39990;0;5990;0;45980;0;CLP
000000503106;23259792001-A;14/01/2025 15:41:04;Cerrado;20990;3990;24980;4198;0.0000;16792;1;PANTALÓN TIRO ALTO BÁSICO CELESTE NICOPOLY;MPM10001752484-1;N10373CM-5;14/01/2025 15:41:05;Flujo Same day BX;Aballay;Betzabe;;Domingo santa maria 4442;513;;;RENCA;REG.METROPOLITANA;CL;Aballay;Betzabe;;Domingo santa maria 4442;;;;RENCA;REG.METROPOLITANA;CL;20990;0;3990;0;24980;0;CLP
000000503106;23260122801-A;14/01/2025 18:06:41;Reembolsado;14990;990;15980;2998;0.0000;11992;1;VESTIDO TAJO Y VUELO MOSTAZA NICOPOLY;MPM00066161606-5;N02306FM;14/01/2025 18:06:42;4d_Retiro Tienda Ripley Los Dominicos;Lillo Montecinos;Josefa;;"Padre Hurtado Sur 875 ";1er Piso. Servicio al Cliente;;;LAS CONDES;REG.METROPOLITANA;CL;Lillo Montecinos;Josefa;;Florencio barrios 1268;;;;LAS CONDES;REG.METROPOLITANA;CL;14990;0;990;0;15980;0;CLP
000000503106;23260437601-A;14/01/2025 20:38:29;Cerrado;18990;990;19980;3798;0.0000;15192;1;PANTALÓN RECTO COSTURA FRONTAL BLANCO NICOPOLY;MPM10001713158-2;N04301AM-5;14/01/2025 20:38:31;5d_Retiro Tienda Ripley Chillán;Belmar;"Nicolette ";;"5 de Abril 699 ";4to Piso. Centro de atención al Cliente;;;CHILLAN;VIII REGION;CL;Belmar;"Nicolette ";;del rosario 1107;;;;CHILLAN;VIII REGION;CL;18990;0;990;0;19980;0;CLP
000000503106;23260460801-A;14/01/2025 20:48:05;Cerrado;20990;4395;25385;4198;0.0000;16792;1;PANTALÓN TIPO SATÍN NEGRO NICOPOLY;MPM10001916756-2;N05018BM;14/01/2025 20:48:06;Flujo Crossdock- Ripley PAQ;Glvez;"Javiera ";;Gabriela Mistral 108;"Casa ";;;MOSTAZAL;VI REGION;CL;Glvez;"Javiera ";;Gabriela Mistral 108;;;;MOSTAZAL;VI REGION;CL;20990;0;4395;0;25385;0;CLP
000000503106;23260460801-A;14/01/2025 20:48:05;Cerrado;11990;4395;16385;2398;0.0000;9592;1;CROP TOP LACE UP NEGRO NICOPOLY;MPM10001916743-2;N05017BM;14/01/2025 20:48:06;Flujo Crossdock- Ripley PAQ;Glvez;"Javiera ";;Gabriela Mistral 108;"Casa ";;;MOSTAZAL;VI REGION;CL;Glvez;"Javiera ";;Gabriela Mistral 108;;;;MOSTAZAL;VI REGION;CL;11990;0;4395;0;16385;0;CLP
000000503106;23260466401-A;14/01/2025 20:52:34;Cerrado;20990;990;21980;4198;0.0000;16792;1;PANTALÓN TIPO SATÍN BLANCO NICOPOLY;MPM10001916754-3;N05018AM;14/01/2025 20:52:35;4d_Retiro Tienda Ripley Plaza Vespucio;Carrasco;Pilar;;"Av. Vicuña Mackenna Ote. 7110, La Florida ";3er Piso. Modulo Retiro en Tienda;;;LA FLORIDA;REG.METROPOLITANA;CL;Carrasco;Pilar;;San Pablo  10877;;;;LA FLORIDA;REG.METROPOLITANA;CL;20990;0;990;0;21980;0;CLP
000000503106;23260652201-A;14/01/2025 22:13:58;Cerrado;18990;990;19980;3798;0.0000;15192;1;VESTIDO ESCOTE V PROFUNDO CELESTE NICOPOLY;MPM10001919208-2;N05103KM;14/01/2025 22:13:59;4d_Retiro Tienda Ripley Costanera Center;Butto;Catalina;;"Avenida Andrés Bello 2422 ";" 1er Piso. Modulo Retiro en Tienda";;;PROVIDENCIA;REG.METROPOLITANA;CL;Butto;Catalina;;Francisco de villagra  327;;;;PROVIDENCIA;REG.METROPOLITANA;CL;18990;0;990;0;19980;0;CLP
000000503106;23260732201-A;14/01/2025 22:43:16;Cerrado;31990;3990;35980;6398;0.0000;25592;1;BLAZER BOLSILLOS Y BOTÓN BLANCO NICOPOLY;MPM10001752451-2;N04260AM-5;14/01/2025 22:43:17;Flujo Same day BX;Rodriguez;Leonardo;;Las higueras 3080;S/N;;;LA FLORIDA;REG.METROPOLITANA;CL;Rodriguez;Leonardo;;Las higueras 3080;;;;LA FLORIDA;REG.METROPOLITANA;CL;31990;0;3990;0;35980;0;CLP
000000503106;23260864601-A;14/01/2025 23:37:52;Cerrado;14990;0;14990;2998;0.0000;11992;1;VESTIDO CORTO CUELLO HALTER NEGRO NICOPOLY;MPM10001878067-1;N04063BM-5;14/01/2025 23:37:53;4d_Retiro Tienda Ripley Parque Arauco;Figueroa;Camila;;"Avenida Kennedy 5413 ";4to Piso. Modulo Retiro en Tienda;;;LAS CONDES;REG.METROPOLITANA;CL;Figueroa;Camila;;Fuerte Arauco 3870;;;;LAS CONDES;REG.METROPOLITANA;CL;14990;0;0;0;14990;0;CLP
000000503106;23260864601-A;14/01/2025 23:37:52;Reembolsado;21990;0;21990;4398;0.0000;17592;1;VESTIDO CORTE IMPERIO AZUL NICOPOLY;MPM10001878057-2;N04114PL-5;14/01/2025 23:37:53;4d_Retiro Tienda Ripley Parque Arauco;Figueroa;Camila;;"Avenida Kennedy 5413 ";4to Piso. Modulo Retiro en Tienda;;;LAS CONDES;REG.METROPOLITANA;CL;Figueroa;Camila;;Fuerte Arauco 3870;;;;LAS CONDES;REG.METROPOLITANA;CL;21990;0;0;0;21990;0;CLP
000000503106;23260864601-A;14/01/2025 23:37:52;Reembolsado;18990;0;18990;3798;0.0000;15192;1;PANTALÓN TIRO ALTO JASPEADO BLANCO NICOPOLY;MPM10001849485-3;N05022AL;14/01/2025 23:37:53;4d_Retiro Tienda Ripley Parque Arauco;Figueroa;Camila;;"Avenida Kennedy 5413 ";4to Piso. Modulo Retiro en Tienda;;;LAS CONDES;REG.METROPOLITANA;CL;Figueroa;Camila;;Fuerte Arauco 3870;;;;LAS CONDES;REG.METROPOLITANA;CL;18990;0;0;0;18990;0;CLP
000000503106;23260866401-A;14/01/2025 23:40:02;Cerrado;19990;3990;23980;3998;0.0000;15992;1;VESTIDO CALADO FLORAL NARANJA NICOPOLY;MPM00071350624-4;N02465JS;14/01/2025 23:40:04;Flujo Same day BX;Risso;Andrea;;Carlos Alvarado 6788;S/N;;;LAS CONDES;REG.METROPOLITANA;CL;Risso;Andrea;;Carlos Alvarado 6788;;;;LAS CONDES;REG.METROPOLITANA;CL;19990;0;3990;0;23980;0;CLP
000000503106;23261043801-A;15/01/2025 01:52:20;Reembolsado;22190;990;23180;4438;0.0000;17752;1;PANTALÓN MEZCLA LINO BEIGE NICOPOLY;MPM10001878069-3;N05020LM;15/01/2025 01:52:21;5d_Retiro Tienda Ripley Valparaíso;Arriagada;Macarena Del Carmen;;"Plaza Victoria 1646 ";" 4to Piso. Servicio al Cliente";;;VALPARAISO;V REGION;CL;Arriagada;Macarena Del Carmen;;Paseo La Alborada 1991;;;;VALPARAISO;V REGION;CL;22190;0;990;0;23180;0;CLP
000000503106;23261107401-A;15/01/2025 06:52:21;Cerrado;16990;3990;20980;3398;0.0000;13592;1;BLUSA BÁSICA ESCOTE EN V NEGRO NICOPOLY;MPM10001856343-1;N02493BL-5;15/01/2025 06:52:23;Flujo Same day BX;Reyes;Valentina;;Avenida vicuna mackenna 1231;2823;;;NUNOA;REG.METROPOLITANA;CL;Reyes;Valentina;;Avenida vicuna mackenna 1231;;;;NUNOA;REG.METROPOLITANA;CL;16990;0;3990;0;20980;0;CLP
000000503106;23261217501-A;15/01/2025 09:38:58;Cerrado;19990;990;20980;3998;0.0000;15992;1;BLUSA BOLSILLOS CARGO VERDE OLIVA NICOPOLY;MPM10001916737-2;N05072EL;15/01/2025 09:39:00;5d_Retiro Tienda Ripley Mall Concepción;Agurto;Montserrat;;"Barros Arana 1068, Concepcion ";" 3er Piso. Modulo Retiro en Tienda";;;CONCEPCION;VIII REGION;CL;Agurto;Montserrat;;Pinares  10;;;;CONCEPCION;VIII REGION;CL;19990;0;990;0;20980;0;CLP
000000503106;23261243701-A;15/01/2025 09:54:16;Cerrado;14990;990;15980;2998;0.0000;11992;1;VESTIDO ACANALADO CON BOTONES FUCSIA NICOPOLY;MPM10001848648-2;N05133SL;15/01/2025 09:54:17;4d_Retiro Tienda Ripley San Bernardo;Neira crisostomo;"Luis Rodrigo ";;"Av. Pdte. Jorge Alessandri Rodríguez 20040, San Bernardo ";2do Piso. Modulo Retiro en Tienda;;;SN.BERNARDO;REG.METROPOLITANA;CL;Perez;"Natalia ";;Pasaje Braulio Arenas sur 15594;;;;SN.BERNARDO;REG.METROPOLITANA;CL;14990;0;990;0;15980;0;CLP
000000503106;23261315901-A;15/01/2025 10:37:16;Cerrado;26490;8990;35480;5298;0.0000;21192;1;CHAQUETA ECOCUERO TIPO BIKER NEGRO NICOPOLY;MPM10001735076-2;N02107BS-5;15/01/2025 10:37:17;Flujo Crossdock- Ripley PAQ;Baez;Maria Constanza;;Los Olmos San Esteban 548;no;;;LOS ANDES;V REGION;CL;Baez;Maria Constanza;;Los Olmos San Esteban 548;;;;LOS ANDES;V REGION;CL;26490;0;8990;0;35480;0;CLP
000000503106;23261468401-A;15/01/2025 12:01:16;Cerrado;13490;990;14480;2698;0.0000;10792;1;MAXI VESTIDO TAJO Y COSTURAS GRIS NICOPOLY;MPM10001448879-3;N04266NM;15/01/2025 12:01:18;5d_Retiro Tienda Ripley Mall Concepción;Cardenas;Adriana;;"Barros Arana 1068, Concepcion ";" 3er Piso. Modulo Retiro en Tienda";;;CONCEPCION;VIII REGION;CL;Cardenas;Adriana;;Los Tineos 25;;;;CONCEPCION;VIII REGION;CL;13490;0;990;0;14480;0;CLP
000000503106;23261572001-A;15/01/2025 12:50:05;Cerrado;16990;2195;19185;3398;0.0000;13592;1;VESTIDO HALTER LAZO DECORATIVO NEGRO NICOPOLY;MPM10001465227-2;N04267BM;15/01/2025 12:50:06;Flujo Same day BX;Soto;Humberto;;ALEJANDRO GUZMAN 555;10251;;;EL BOSQUE;REG.METROPOLITANA;CL;Soto;Humberto;;ALEJANDRO GUZMAN 555;;;;EL BOSQUE;REG.METROPOLITANA;CL;16990;0;2195;0;19185;0;CLP
000000503106;23261572001-A;15/01/2025 12:50:05;Cerrado;12990;2195;15185;2598;0.0000;10392;1;VESTIDO CORTO CUELLO HALTER NEGRO NICOPOLY;MPM10001878067-1;N04063BM-5;15/01/2025 12:50:06;Flujo Same day BX;Soto;Humberto;;ALEJANDRO GUZMAN 555;10251;;;EL BOSQUE;REG.METROPOLITANA;CL;Soto;Humberto;;ALEJANDRO GUZMAN 555;;;;EL BOSQUE;REG.METROPOLITANA;CL;12990;0;2195;0;15185;0;CLP
000000503106;23261587701-A;15/01/2025 12:54:19;Cerrado;20990;0;20990;4198;0.0000;16792;1;BLAZER SIN MANGAS BOLSILLOS CELESTE NICOPOLY;MPM10001752525-4;N04294KL-5;15/01/2025 12:54:21;8d_Retiro Tienda Ripley Puerto Montt;"Paredes ";Cristina;;"Urmeneta 595, Puerto Montt ";4to Piso. Servicio al Cliente;;;PTO.MONTT;X REGION;CL;"Paredes ";Cristina;;Avda Norte Sur 1 artesanos de alerce3 1483;;;;PTO.MONTT;X REGION;CL;20990;0;0;0;20990;0;CLP
000000503106;23261594904-A;15/01/2025 12:57:31;Cerrado;26490;1345;27835;5298;0.0000;21192;1;CHAQUETA ECOCUERO TIPO BIKER NEGRO NICOPOLY;MPM10001735076-1;N02107BM-5;15/01/2025 12:57:33;Flujo Crossdock- Ripley PAQ;Romero;Fernanda;;Caupolicán 848;16;;;LIMACHE;V REGION;CL;Romero;Fernanda;;Caupolicán 848;;;;LIMACHE;V REGION;CL;26490;0;1345;0;27835;0;CLP
000000503106;23261594904-A;15/01/2025 12:57:31;Cerrado;26490;1345;27835;5298;0.0000;21192;1;CHAQUETA ECOCUERO TIPO BIKER CAFÉ NICOPOLY;MPM10001735077-4;N02107UM-5;15/01/2025 12:57:33;Flujo Crossdock- Ripley PAQ;Romero;Fernanda;;Caupolicán 848;16;;;LIMACHE;V REGION;CL;Romero;Fernanda;;Caupolicán 848;;;;LIMACHE;V REGION;CL;26490;0;1345;0;27835;0;CLP
000000503106;23261697601-A;15/01/2025 13:49:33;Reembolsado;12990;990;13980;2598;0.0000;10392;1;VESTIDO CORTO CUELLO HALTER BLANCO NICOPOLY;MPM10001878055-3;N04063AS-5;15/01/2025 13:49:35;5d_Retiro Tienda Ripley Rancagua;Salazar;Leslie;;"José Domingo Mujica 490 ";" 3er Piso. Modulo Retiro en Tienda";;;RANCAGUA;VI REGION;CL;Salazar;Leslie;;Antofagasta 556;;;;RANCAGUA;VI REGION;CL;12990;0;990;0;13980;0;CLP
000000503106;23261762501-A;15/01/2025 14:22:09;Cerrado;16490;990;17480;3298;0.0000;13192;1;VESTIDO TUBO CON STRASS ROJO NICOPOLY;MPM10001849451-3;N05119DL;15/01/2025 14:22:11;4d_Retiro Tienda Ripley Puente;Pariapaza;Emma;;"21 de Mayo 698 ";4to Piso. Modulo Retiro en Tienda;;;SANTIAGO;REG.METROPOLITANA;CL;Pariapaza;Emma;;Pasaje Uno 2605;;;;SANTIAGO;REG.METROPOLITANA;CL;16490;0;990;0;17480;0;CLP
000000503106;23261833101-A;15/01/2025 14:56:56;Reembolsado;12990;990;13980;2598;0.0000;10392;1;VESTIDO CORTO CUELLO HALTER NEGRO NICOPOLY;MPM10001878067-4;N04063BS-5;15/01/2025 14:56:57;4d_Retiro Tienda Ripley Costanera Center;Levrini;Maria Soledad;;"Avenida Andrés Bello 2422 ";" 1er Piso. Modulo Retiro en Tienda";;;PROVIDENCIA;REG.METROPOLITANA;CL;Levrini;Maria Soledad;;Vasco de gama 4490;;;;PROVIDENCIA;REG.METROPOLITANA;CL;12990;0;990;0;13980;0;CLP
000000503106;23261853701-A;15/01/2025 15:05:57;Cerrado;15990;3990;19980;3198;0.0000;12792;1;ENTERITO LARGO COMFY NEGRO NICOPOLY;MPM10001916740-3;N02413BM-5;15/01/2025 15:05:58;Flujo Same day BX;Riveros;Gabriela Flora Belen;;Calle nido de zorzal 949;S/N;;;PUDAHUEL;REG.METROPOLITANA;CL;Riveros;Gabriela Flora Belen;;Calle nido de zorzal 949;;;;PUDAHUEL;REG.METROPOLITANA;CL;15990;0;3990;0;19980;0;CLP
000000503106;23261916501-A;15/01/2025 15:36:23;Cerrado;9990;990;10980;1998;0.0000;7992;1;CROP TOP LACE UP BLANCO NICOPOLY;MPM10001916729-2;N05017AM;15/01/2025 15:36:25;5d_Retiro Tienda Ripley Chillán;"Romero ";"Jacqueline ";;"5 de Abril 699 ";4to Piso. Centro de atención al Cliente;;;CHILLAN;VIII REGION;CL;Orellana;"Daniela ";;Abraham noman  2551;;;;CHILLAN;VIII REGION;CL;9990;0;990;0;10980;0;CLP
000000503106;23262029701-A;15/01/2025 16:22:45;Cerrado;26490;10990;37480;5298;0.0000;21192;1;CHAQUETA ECOCUERO TIPO BIKER NEGRO NICOPOLY;MPM10001735076-3;N02107BL-5;15/01/2025 16:22:47;Flujo Crossdock- Ripley PAQ;Yaez;Marcia;;El niche callejon los olivos 257;Casa;;;SAN VICENTE;VI REGION;CL;Yaez;Marcia;;El niche callejon los olivos 257;;;;SAN VICENTE;VI REGION;CL;26490;0;10990;0;37480;0;CLP
000000503106;23262043001-A;15/01/2025 16:30:34;Cerrado;18490;990;19480;3698;0.0000;14792;1;VESTIDO ESCOTE V PROFUNDO CELESTE NICOPOLY;MPM10001919208-2;N05103KM;15/01/2025 16:30:35;5d_Retiro Tienda Ripley Los Andes;Lazo Lopez;Maria Elizabeth;;"Santa Teresita 683 ";2do Piso. Servicio al Cliente;;;LOS ANDES;V REGION;CL;Lazo Lopez;Maria Elizabeth;;Angamos 1717 1717;;;;LOS ANDES;V REGION;CL;18490;0;990;0;19480;0;CLP
000000503106;23262229701-A;15/01/2025 17:57:26;Cerrado;16490;495;16985;3298;0.0000;13192;1;PANTALÓN RECTO PINZAS BURDEOS NICOPOLY;MPM10001437620-1;N04277TM;15/01/2025 17:57:27;5d_Retiro Tienda Ripley Los Andes;Delgado;Katheryn;;"Santa Teresita 683 ";2do Piso. Servicio al Cliente;;;LOS ANDES;V REGION;CL;Delgado;Denisse;;Calle longotoma 639;;;;LOS ANDES;V REGION;CL;16490;0;495;0;16985;0;CLP
000000503106;23262229701-A;15/01/2025 17:57:26;Cerrado;28990;495;29485;5798;0.0000;23192;1;MAXI VESTIDO CORTE IMPERIO FLORAL AZUL NICOPOLY;MPM10001752469-3;N04010PM-5;15/01/2025 17:57:27;5d_Retiro Tienda Ripley Los Andes;Delgado;Katheryn;;"Santa Teresita 683 ";2do Piso. Servicio al Cliente;;;LOS ANDES;V REGION;CL;Delgado;Denisse;;Calle longotoma 639;;;;LOS ANDES;V REGION;CL;28990;0;495;0;29485;0;CLP
000000503106;23262259501-A;15/01/2025 18:10:10;Cerrado;17990;1996;19986;3598;0.0000;14392;1;PANTALÓN TIPO SATÍN NEGRO NICOPOLY;MPM10001916756-2;N05018BM;15/01/2025 18:10:11;Flujo Crossdock- Ripley PAQ;Valenzuela;Fernanda;;eusebio lillo 1574 casa 30 1574;casa;;;RANCAGUA;VI REGION;CL;Valenzuela;Fernanda;;eusebio lillo 1574 casa 30 1574;;;;RANCAGUA;VI REGION;CL;17990;0;1996;0;19986;0;CLP
000000503106;23262259501-A;15/01/2025 18:10:10;Reembolsado;16490;1996;18486;3298;0.0000;13192;1;PANTALÓN PIERNA ANCHA BLANCO NICOPOLY;MPM10001856323-1;N04017AM-5;15/01/2025 18:10:11;Flujo Crossdock- Ripley PAQ;Valenzuela;Fernanda;;eusebio lillo 1574 casa 30 1574;casa;;;RANCAGUA;VI REGION;CL;Valenzuela;Fernanda;;eusebio lillo 1574 casa 30 1574;;;;RANCAGUA;VI REGION;CL;16490;0;1996;0;18486;0;CLP
000000503106;23262259501-A;15/01/2025 18:10:10;Reembolsado;9990;1996;11986;1998;0.0000;7992;1;CROP TOP ESPALDA ELASTICADA NEGRO NICOPOLY;MPM10001503464-1;N10368BL-4;15/01/2025 18:10:11;Flujo Crossdock- Ripley PAQ;Valenzuela;Fernanda;;eusebio lillo 1574 casa 30 1574;casa;;;RANCAGUA;VI REGION;CL;Valenzuela;Fernanda;;eusebio lillo 1574 casa 30 1574;;;;RANCAGUA;VI REGION;CL;9990;0;1996;0;11986;0;CLP
000000503106;23262288401-A;15/01/2025 18:21:55;Cerrado;23990;990;24980;4798;0.0000;19192;1;CHAQUETA MAO ECOCUERO CAFÉ NICOPOLY;MPM10001385117-3;N02106US-4;15/01/2025 18:21:56;6d_Retiro Tienda Ripley Nueva Valdivia;Sanhueza;Manuel;;"Arauco 561 ";" 3er Piso. Servicio al Cliente";;;VALDIVIA;XIV REGION;CL;Sanhueza;Manuel;;Los ulmos 020 020;;;;VALDIVIA;XIV REGION;CL;23990;0;990;0;24980;0;CLP
000000503106;23262289701-A;15/01/2025 18:23:01;Cerrado;31990;990;32980;6398;0.0000;25592;1;VESTIDO PLISADO ASIMÉTRICO AZUL REY NICOPOLY;MPM10001849453-2;N05100CM;15/01/2025 18:23:03;5d_Retiro Tienda Ripley Marina Arauco;Mujica;Paula;;"Avenida Libertad 1348 ";" Piso 4. Modulo Retiro en Tienda";;;VI.A DEL MA;V REGION;CL;Mujica;Paula;;6 norte 539;;;;VI.A DEL MA;V REGION;CL;31990;0;990;0;32980;0;CLP
000000503106;23262387003-A;15/01/2025 19:06:04;Cerrado;12990;0;12990;2598;0.0000;10392;1;BODY ESCOTE DRAPEADO LENTEJUELAS NEGRO NICOPOLY;MPM10001916748-3;N05014BM;15/01/2025 19:06:05;10d_Retiro Tienda Ripley Portal Temuco;Barrio;Natali;;"Avenida Alemania 0671 ";3er Piso, Modulo Retiro en Tienda;;;TEMUCO;IX REGION;CL;Barrio;Natali;;"Paicavi  1143 ";;;;TEMUCO;IX REGION;CL;12990;0;0;0;12990;0;CLP
000000503106;23262389301-A;15/01/2025 19:06:57;Cerrado;11990;2980;14970;2398;0.0000;9592;1;VESTIDO CALADO FORRO ROSADO NICOPOLY;MPM00071262168-4;N02327HXL;15/01/2025 19:06:59;Flujo Same day BX;Ramos;Milena;;Premio nobel 3450;812;;;MACUL;REG.METROPOLITANA;CL;Ramos;Milena;;Premio nobel 3450;;;;MACUL;REG.METROPOLITANA;CL;11990;0;2980;0;14970;0;CLP
000000503106;23262474502-A;15/01/2025 19:45:44;Cerrado;9990;990;10980;1998;0.0000;7992;1;BLUSA SATÍN ENCAJE TIRANTE ANCHO LILA NICOPOLY;MPM10000693725-1;N04054ZS;15/01/2025 19:45:45;4d_Retiro Tienda Ripley Plaza Egaña;Alvarez;Maria Paz;;"Larrain 5800 ";" 3er Piso. Modulo Retiro en Tienda";;;NUNOA;REG.METROPOLITANA;CL;Alvarez;Maria Paz;;Los Laureles  6991;;;;NUNOA;REG.METROPOLITANA;CL;9990;0;990;0;10980;0;CLP
000000503106;23262483701-A;15/01/2025 19:53:20;Cerrado;21990;495;22485;4398;0.0000;17592;1;VESTIDO PLISADO VUELITOS VERDE NICOPOLY;MPM00071350358-4;N02341ES;15/01/2025 19:53:21;4d_Retiro Tienda Ripley Alto Las Condes;Espiritu;Venessa;;"Avenida Kennedy 9001, Local 1136 ";" 4to Piso. Modulo Retiro en Tienda";;;LAS CONDES;REG.METROPOLITANA;CL;Espiritu;Venessa;;Barbastro 11183;;;;LAS CONDES;REG.METROPOLITANA;CL;21990;0;495;0;22485;0;CLP
000000503106;23262483701-A;15/01/2025 19:53:20;Cerrado;12990;495;13485;2598;0.0000;10392;1;BODY HALTER TIPO SATÍN NEGRO NICOPOLY;MPM10001878231-1;N05047BS;15/01/2025 19:53:21;4d_Retiro Tienda Ripley Alto Las Condes;Espiritu;Venessa;;"Avenida Kennedy 9001, Local 1136 ";" 4to Piso. Modulo Retiro en Tienda";;;LAS CONDES;REG.METROPOLITANA;CL;Espiritu;Venessa;;Barbastro 11183;;;;LAS CONDES;REG.METROPOLITANA;CL;12990;0;495;0;13485;0;CLP
000000503106;23262539501-A;15/01/2025 20:21:12;Reembolsado;20990;330;21320;4198;0.0000;16792;1;BLAZER SIN MANGAS BOLSILLOS NEGRO NICOPOLY;MPM10001752522-4;N04294BS-5;15/01/2025 20:21:13;10d_Retiro Tienda Ripley Antofagasta;Ortega;Yorka;;"Arturo Prat 530 ";" 4to Piso. Servicio al Cliente";;;ANTOFAGASTA;II REGION;CL;Sandoval;Mario;;Celia castro 1543;;;;ANTOFAGASTA;II REGION;CL;20990;0;330;0;21320;0;CLP
000000503106;23262539501-A;15/01/2025 20:21:12;Reembolsado;20990;330;21320;4198;0.0000;16792;1;BLAZER SIN MANGAS BOLSILLOS CELESTE NICOPOLY;MPM10001752525-2;N04294KM-5;15/01/2025 20:21:13;10d_Retiro Tienda Ripley Antofagasta;Ortega;Yorka;;"Arturo Prat 530 ";" 4to Piso. Servicio al Cliente";;;ANTOFAGASTA;II REGION;CL;Sandoval;Mario;;Celia castro 1543;;;;ANTOFAGASTA;II REGION;CL;20990;0;330;0;21320;0;CLP
000000503106;23262539501-A;15/01/2025 20:21:12;Reembolsado;20990;330;21320;4198;0.0000;16792;1;BLAZER SIN MANGAS BOTÓN LÚCUMA NICOPOLY;MPM10001448908-1;N04294FS;15/01/2025 20:21:13;10d_Retiro Tienda Ripley Antofagasta;Ortega;Yorka;;"Arturo Prat 530 ";" 4to Piso. Servicio al Cliente";;;ANTOFAGASTA;II REGION;CL;Sandoval;Mario;;Celia castro 1543;;;;ANTOFAGASTA;II REGION;CL;20990;0;330;0;21320;0;CLP
000000503106;23262551801-A;15/01/2025 20:25:08;Cerrado;20990;495;21485;4198;0.0000;16792;1;BLAZER LARGO 4 BOTONES BLANCO NICOPOLY;MPM10001752445-4;N00212AM-5;15/01/2025 20:25:09;10d_Retiro Tienda Ripley Pto. Montt Costanera;Soto;Mauren;;"Juan Soler Manfredini 10 ";" 6to Piso. Modulo Retiro en Tienda";;;PTO.MONTT;X REGION;CL;Soto;Mauren;;Mauren Soto;;;;PTO.MONTT;X REGION;CL;20990;0;495;0;21485;0;CLP
000000503106;23262551801-A;15/01/2025 20:25:08;Cerrado;20990;495;21485;4198;0.0000;16792;1;BLAZER LARGO 4 BOTONES NEGRO NICOPOLY;MPM10001752448-2;N00212BL-5;15/01/2025 20:25:09;10d_Retiro Tienda Ripley Pto. Montt Costanera;Soto;Mauren;;"Juan Soler Manfredini 10 ";" 6to Piso. Modulo Retiro en Tienda";;;PTO.MONTT;X REGION;CL;Soto;Mauren;;Mauren Soto;;;;PTO.MONTT;X REGION;CL;20990;0;495;0;21485;0;CLP
000000503106;23262616701-A;15/01/2025 20:50:54;Reembolsado;15990;990;16980;3198;0.0000;12792;1;PANTALÓN PINZAS TIRO ALTO CELESTE NICOPOLY;MPM10001752461-3;N04120KL-5;15/01/2025 20:50:55;4d_Retiro Tienda Ripley Plaza Vespucio;Medina;Romina;;"Av. Vicuña Mackenna Ote. 7110, La Florida ";3er Piso. Modulo Retiro en Tienda;;;LA FLORIDA;REG.METROPOLITANA;CL;Medina;Romina;;Villasana 2045;;;;LA FLORIDA;REG.METROPOLITANA;CL;15990;0;990;0;16980;0;CLP
000000503106;23262637201-A;15/01/2025 20:59:30;Cerrado;20990;990;21980;4198;0.0000;16792;1;BLAZER LARGO 4 BOTONES KHAKI NICOPOLY;MPM10001752459-2;N00212LL-5;15/01/2025 20:59:31;10d_Retiro Tienda Ripley Pto. Montt Costanera;Soto;Mauren;;"Juan Soler Manfredini 10 ";" 6to Piso. Modulo Retiro en Tienda";;;PTO.MONTT;X REGION;CL;Soto;Mauren;;Mauren Soto;;;;PTO.MONTT;X REGION;CL;20990;0;990;0;21980;0;CLP
000000503106;23262639701-A;15/01/2025 21:01:24;Cerrado;16990;990;17980;3398;0.0000;13592;1;VESTIDO HALTER LAZO DECORATIVO MORADO NICOPOLY;MPM10001465763-1;N04267ZM;15/01/2025 21:01:25;10d_Retiro Tienda Ripley Portal Temuco;Figueroa;Dilma;;"Avenida Alemania 0671 ";3er Piso, Modulo Retiro en Tienda;;;TEMUCO;IX REGION;CL;Figueroa;Dilma;;Coyanco 0746;;;;TEMUCO;IX REGION;CL;16990;0;990;0;17980;0;CLP
000000503106;23262697901-A;15/01/2025 21:25:01;Cerrado;18990;495;19485;3798;0.0000;15192;1;SOBRECAMISA TIPO PANA BROCHES BLANCO NICOPOLY;MPM10001713148-3;N05050AM;15/01/2025 21:25:02;8d_Retiro Tienda Ripley Castellón;Mardones Arteaga;Camila;;"Castellon 520, Concepcion ";6to Piso. Servicio al Cliente;;;CONCEPCION;VIII REGION;CL;Mardones Arteaga;Camila;;pedro de valdivia 159;;;;CONCEPCION;VIII REGION;CL;18990;0;495;0;19485;0;CLP
000000503106;23262697901-A;15/01/2025 21:25:01;Cerrado;10990;495;11485;2198;0.0000;8792;1;BLUSA BÁSICA ESCOTE EN V ROJO NICOPOLY;MPM10001856344-1;N02493DM-5;15/01/2025 21:25:02;8d_Retiro Tienda Ripley Castellón;Mardones Arteaga;Camila;;"Castellon 520, Concepcion ";6to Piso. Servicio al Cliente;;;CONCEPCION;VIII REGION;CL;Mardones Arteaga;Camila;;pedro de valdivia 159;;;;CONCEPCION;VIII REGION;CL;10990;0;495;0;11485;0;CLP
000000503106;23262716101-A;15/01/2025 21:32:19;Cerrado;12990;248;13238;2598;0.0000;10392;1;VESTIDO CORTO CUELLO HALTER BLANCO NICOPOLY;MPM10001878055-3;N04063AS-5;15/01/2025 21:32:20;4d_Retiro Tienda Ripley Plaza Egaña;Gallardo;Rossana;;"Larrain 5800 ";" 3er Piso. Modulo Retiro en Tienda";;;NUNOA;REG.METROPOLITANA;CL;Gallardo;Rossana;;Regina Pacis 760;;;;NUNOA;REG.METROPOLITANA;CL;12990;0;248;0;13238;0;CLP
000000503106;23262716101-A;15/01/2025 21:32:19;Reembolsado;16990;248;17238;3398;0.0000;13592;1;VESTIDO HALTER LAZO DECORATIVO NEGRO NICOPOLY;MPM10001465227-2;N04267BM;15/01/2025 21:32:20;4d_Retiro Tienda Ripley Plaza Egaña;Gallardo;Rossana;;"Larrain 5800 ";" 3er Piso. Modulo Retiro en Tienda";;;NUNOA;REG.METROPOLITANA;CL;Gallardo;Rossana;;Regina Pacis 760;;;;NUNOA;REG.METROPOLITANA;CL;16990;0;248;0;17238;0;CLP
000000503106;23262716101-A;15/01/2025 21:32:19;Cerrado;12990;248;13238;2598;0.0000;10392;1;VESTIDO ESCOTE V FLORES VERDE NICOPOLY;MPM10000705702-3;N04141EM;15/01/2025 21:32:20;4d_Retiro Tienda Ripley Plaza Egaña;Gallardo;Rossana;;"Larrain 5800 ";" 3er Piso. Modulo Retiro en Tienda";;;NUNOA;REG.METROPOLITANA;CL;Gallardo;Rossana;;Regina Pacis 760;;;;NUNOA;REG.METROPOLITANA;CL;12990;0;248;0;13238;0;CLP
000000503106;23262716101-A;15/01/2025 21:32:19;Cerrado;18490;248;18738;3698;0.0000;14792;1;VESTIDO CORTE IMPERIO AZUL NICOPOLY;MPM10001878057-1;N04114PM-5;15/01/2025 21:32:20;4d_Retiro Tienda Ripley Plaza Egaña;Gallardo;Rossana;;"Larrain 5800 ";" 3er Piso. Modulo Retiro en Tienda";;;NUNOA;REG.METROPOLITANA;CL;Gallardo;Rossana;;Regina Pacis 760;;;;NUNOA;REG.METROPOLITANA;CL;18490;0;248;0;18738;0;CLP
000000503106;23262733401-A;15/01/2025 21:37:48;Cerrado;18490;990;19480;3698;0.0000;14792;1;VESTIDO CORTE IMPERIO AMARILLO NICOPOLY;MPM10001878088-2;N04114FS-5;15/01/2025 21:37:50;5d_Retiro Tienda Ripley Chillán;"Muoz lvarez ";"Pamela Andrea ";;"5 de Abril 699 ";4to Piso. Centro de atención al Cliente;;;CHILLAN;VIII REGION;CL;"Muoz lvarez ";"Pamela Andrea ";;Las Rosas 488 Condominio Cumbres de Lantaño  488;;;;CHILLAN;VIII REGION;CL;18490;0;990;0;19480;0;CLP
000000503106;23262751601-A;15/01/2025 21:45:20;Reembolsado;12490;990;13480;2498;0.0000;9992;1;FALDA MIDI ACANALADA NEGRO NICOPOLY;MPM10001491711-1;N04176BL;15/01/2025 21:45:21;10d_Retiro Tienda Ripley Pto. Montt Costanera;"Añazco ";"Antonia ";;"Juan Soler Manfredini 10 ";" 6to Piso. Modulo Retiro en Tienda";;;PTO.MONTT;X REGION;CL;Carcamo Gallegos;Carolina;;Egaña 85;;;;PTO.MONTT;X REGION;CL;12490;0;990;0;13480;0;CLP
000000503106;23262771801-A;15/01/2025 21:50:26;Cerrado;13990;990;14980;2798;0.0000;11192;1;VESTIDO CORTO ABERTURAS MANGAS BLANCO NICOPOLY;MPM10001849478-1;N02336AM-5;15/01/2025 21:50:27;4d_Retiro Tienda Ripley Florida Center;Becerra;Kiara;;"Vicuña Mackenna Oriente 6100, La Florida ";3er Piso. Modulo Retiro en Tienda;;;LA FLORIDA;REG.METROPOLITANA;CL;Becerra;Milagros;;PASAJE FLUORITA 1460;;;;LA FLORIDA;REG.METROPOLITANA;CL;13990;0;990;0;14980;0;CLP
000000503106;23262771101-A;15/01/2025 21:52:06;Cerrado;13990;990;14980;2798;0.0000;11192;1;VESTIDO CORTO ABERTURAS MANGAS CELESTE NICOPOLY;MPM10001849480-4;N02336KM-5;15/01/2025 21:52:08;5d_Retiro Tienda Ripley Los Andes;Alfaro;Belén;;"Santa Teresita 683 ";2do Piso. Servicio al Cliente;;;LOS ANDES;V REGION;CL;Alfaro;Belén;;Luis Bossay Leiva, Villa Horizonte 171;;;;LOS ANDES;V REGION;CL;13990;0;990;0;14980;0;CLP
000000503106;23262823601-A;15/01/2025 22:11:12;Cerrado;16490;141;16631;3298;0.0000;13192;1;PANTALÓN RECTO COSTURA FRONTAL BURDEOS NICOPOLY;MPM10001713143-3;N04301DL-5;15/01/2025 22:11:14;10d_Retiro Tienda Ripley Portal Temuco;Araneda;Savka;;"Avenida Alemania 0671 ";3er Piso, Modulo Retiro en Tienda;;;TEMUCO;IX REGION;CL;Paredes;"Adriana ";;Bogota 3300 Villa Nuevo Mundo 3300;;;;TEMUCO;IX REGION;CL;16490;0;141;0;16631;0;CLP
000000503106;23262823601-A;15/01/2025 22:11:12;Cerrado;15990;141;16131;3198;0.0000;12792;1;PANTALÓN PINZAS TIRO ALTO BLANCO NICOPOLY;MPM10001752491-3;N04120AL-5;15/01/2025 22:11:14;10d_Retiro Tienda Ripley Portal Temuco;Araneda;Savka;;"Avenida Alemania 0671 ";3er Piso, Modulo Retiro en Tienda;;;TEMUCO;IX REGION;CL;Paredes;"Adriana ";;Bogota 3300 Villa Nuevo Mundo 3300;;;;TEMUCO;IX REGION;CL;15990;0;141;0;16131;0;CLP
000000503106;23262823601-A;15/01/2025 22:11:12;Cerrado;12490;141;12631;2498;0.0000;9992;1;CALZA LISA CON CIERRE BURDEOS NICOPOLY;MPM10001465170-1;N04295TL;15/01/2025 22:11:14;10d_Retiro Tienda Ripley Portal Temuco;Araneda;Savka;;"Avenida Alemania 0671 ";3er Piso, Modulo Retiro en Tienda;;;TEMUCO;IX REGION;CL;Paredes;"Adriana ";;Bogota 3300 Villa Nuevo Mundo 3300;;;;TEMUCO;IX REGION;CL;12490;0;141;0;12631;0;CLP
000000503106;23262823601-A;15/01/2025 22:11:12;Cerrado;15990;141;16131;3198;0.0000;12792;1;CÁRDIGAN PUNTO FANTASÍA MENTA NICOPOLY;MPM00047758590-4;N02086EL;15/01/2025 22:11:14;10d_Retiro Tienda Ripley Portal Temuco;Araneda;Savka;;"Avenida Alemania 0671 ";3er Piso, Modulo Retiro en Tienda;;;TEMUCO;IX REGION;CL;Paredes;"Adriana ";;Bogota 3300 Villa Nuevo Mundo 3300;;;;TEMUCO;IX REGION;CL;15990;0;141;0;16131;0;CLP
000000503106;23262823601-A;15/01/2025 22:11:12;Cerrado;9990;141;10131;1998;0.0000;7992;1;SWEATER DELGADO DETALLES PERLAS NEGRO NICOPOLY;MPM10001735003-3;N03095BM-5;15/01/2025 22:11:14;10d_Retiro Tienda Ripley Portal Temuco;Araneda;Savka;;"Avenida Alemania 0671 ";3er Piso, Modulo Retiro en Tienda;;;TEMUCO;IX REGION;CL;Paredes;"Adriana ";;Bogota 3300 Villa Nuevo Mundo 3300;;;;TEMUCO;IX REGION;CL;9990;0;141;0;10131;0;CLP
000000503106;23262823601-A;15/01/2025 22:11:12;Cerrado;9990;141;10131;1998;0.0000;7992;1;SWEATER CUELLO V ACANALADO BLANCO NICOPOLY;MPM10001734996-3;N04253AL-5;15/01/2025 22:11:14;10d_Retiro Tienda Ripley Portal Temuco;Araneda;Savka;;"Avenida Alemania 0671 ";3er Piso, Modulo Retiro en Tienda;;;TEMUCO;IX REGION;CL;Paredes;"Adriana ";;Bogota 3300 Villa Nuevo Mundo 3300;;;;TEMUCO;IX REGION;CL;9990;0;141;0;10131;0;CLP
000000503106;23262823601-A;15/01/2025 22:11:12;Cerrado;18990;141;19131;3798;0.0000;15192;1;SOBRECAMISA TIPO PANA BROCHES TAUPE NICOPOLY;MPM10001713151-1;N05050LL;15/01/2025 22:11:14;10d_Retiro Tienda Ripley Portal Temuco;Araneda;Savka;;"Avenida Alemania 0671 ";3er Piso, Modulo Retiro en Tienda;;;TEMUCO;IX REGION;CL;Paredes;"Adriana ";;Bogota 3300 Villa Nuevo Mundo 3300;;;;TEMUCO;IX REGION;CL;18990;0;141;0;19131;0;CLP
000000503106;23262859601-A;15/01/2025 22:25:08;Cerrado;16490;495;16985;3298;0.0000;13192;1;PANTALÓN RECTO COSTURA FRONTAL BLANCO NICOPOLY;MPM10001713158-2;N04301AM-5;15/01/2025 22:25:09;8d_Retiro Tienda Ripley Copiapo;Muoz;"Valentina ";;"Calle Maipu S/N, Copiapo ";" 2do Piso. Servicio al Cliente";;;COPIAPO;III REGION;CL;Muoz;"Valentina ";;Avenida el Palomar  1892;;;;COPIAPO;III REGION;CL;16490;0;495;0;16985;0;CLP
000000503106;23262859601-A;15/01/2025 22:25:08;Cerrado;14990;495;15485;2998;0.0000;11992;1;PANTALÓN VESTIR COSTURAS FRONTALES CAMEL NICOPOLY;MPM10001448851-3;N03030UM-4;15/01/2025 22:25:09;8d_Retiro Tienda Ripley Copiapo;Muoz;"Valentina ";;"Calle Maipu S/N, Copiapo ";" 2do Piso. Servicio al Cliente";;;COPIAPO;III REGION;CL;Muoz;"Valentina ";;Avenida el Palomar  1892;;;;COPIAPO;III REGION;CL;14990;0;495;0;15485;0;CLP
000000503106;23262869201-A;15/01/2025 22:28:03;Cerrado;19990;3990;23980;3998;0.0000;15992;1;VESTIDO PABILO CON VOLANTES NEGRO NICOPOLY;MPM10001878064-1;N05013BXL;15/01/2025 22:28:04;Flujo Same day BX;Tapia;Claudia;;hamburgo  800;506;;;NUNOA;REG.METROPOLITANA;CL;Tapia;Claudia;;hamburgo  800;;;;NUNOA;REG.METROPOLITANA;CL;19990;0;3990;0;23980;0;CLP
000000503106;23262962802-A;15/01/2025 23:04:38;Cerrado;12490;495;12985;2498;0.0000;9992;1;CÁRDIGAN PUNTO FINO CADENETAS NEGRO NICOPOLY;MPM10001465232-1;N04254BM;15/01/2025 23:04:40;5d_Retiro Tienda Ripley La Calera;"Herrera ";"Roxana ";;"JJ Perez 90, La Calera ";" 2do Piso. Modulo Retiro en Tienda";;;CALERA;V REGION;CL;"Herrera ";"Roxana ";;Habana 729;;;;CALERA;V REGION;CL;12490;0;495;0;12985;0;CLP
000000503106;23262962802-A;15/01/2025 23:04:38;Cerrado;12490;495;12985;2498;0.0000;9992;1;CÁRDIGAN PUNTO FINO CADENETAS GRIS NICOPOLY;MPM10001465231-3;N04254NM;15/01/2025 23:04:40;5d_Retiro Tienda Ripley La Calera;"Herrera ";"Roxana ";;"JJ Perez 90, La Calera ";" 2do Piso. Modulo Retiro en Tienda";;;CALERA;V REGION;CL;"Herrera ";"Roxana ";;Habana 729;;;;CALERA;V REGION;CL;12490;0;495;0;12985;0;CLP
000000503106;23263005001-A;15/01/2025 23:20:00;Cerrado;23990;330;24320;4798;0.0000;19192;1;BLAZER MANGAS DRAPEADAS 3/4 GRIS NICOPOLY;MPM10001437591-3;N03049NM-4;15/01/2025 23:20:02;11d_Retiro Tienda Ripley Temuco;Ortiz;Vesnia;;"Arturo Prat 656, Temuco ";2do Piso. Modulo Retiro en Tienda;;;TEMUCO;IX REGION;CL;Ortiz;Vesnia;;Las cebras 1836;;;;TEMUCO;IX REGION;CL;23990;0;330;0;24320;0;CLP
000000503106;23263005001-A;15/01/2025 23:20:00;Cerrado;20990;330;21320;4198;0.0000;16792;1;BLAZER LARGO 4 BOTONES CELESTE NICOPOLY;MPM10001752437-3;N00212KS-5;15/01/2025 23:20:02;11d_Retiro Tienda Ripley Temuco;Ortiz;Vesnia;;"Arturo Prat 656, Temuco ";2do Piso. Modulo Retiro en Tienda;;;TEMUCO;IX REGION;CL;Ortiz;Vesnia;;Las cebras 1836;;;;TEMUCO;IX REGION;CL;20990;0;330;0;21320;0;CLP
000000503106;23263005001-A;15/01/2025 23:20:00;Cerrado;26490;330;26820;5298;0.0000;21192;1;CHAQUETA ECOCUERO TIPO BIKER NEGRO NICOPOLY;MPM10001735076-1;N02107BM-5;15/01/2025 23:20:02;11d_Retiro Tienda Ripley Temuco;Ortiz;Vesnia;;"Arturo Prat 656, Temuco ";2do Piso. Modulo Retiro en Tienda;;;TEMUCO;IX REGION;CL;Ortiz;Vesnia;;Las cebras 1836;;;;TEMUCO;IX REGION;CL;26490;0;330;0;26820;0;CLP
000000503106;23263017001-A;15/01/2025 23:22:34;Reembolsado;16490;495;16985;3298;0.0000;13192;1;PANTALÓN PIERNA ANCHA NEGRO NICOPOLY;MPM10001856328-4;N04017BM-5;15/01/2025 23:22:35;5d_Retiro Tienda Ripley Viña del Mar Sucre;Del canto;"Christopher ";;"Sucre 290, Viña ";5to Piso. Modulo Retiro en Tienda;;;VI.A DEL MA;V REGION;CL;Valdes;Johana;;Pasaje parque lauca 4794;;;;VI.A DEL MA;V REGION;CL;16490;0;495;0;16985;0;CLP
000000503106;23263017001-A;15/01/2025 23:22:34;Reembolsado;16490;495;16985;3298;0.0000;13192;1;PANTALÓN RECTO COSTURA FRONTAL NEGRO NICOPOLY;MPM10001713171-1;N04301BM-5;15/01/2025 23:22:35;5d_Retiro Tienda Ripley Viña del Mar Sucre;Del canto;"Christopher ";;"Sucre 290, Viña ";5to Piso. Modulo Retiro en Tienda;;;VI.A DEL MA;V REGION;CL;Valdes;Johana;;Pasaje parque lauca 4794;;;;VI.A DEL MA;V REGION;CL;16490;0;495;0;16985;0;CLP
000000503106;23263095301-A;15/01/2025 23:54:03;Cerrado;18990;990;19980;3798;0.0000;15192;1;PANTALÓN TIRO ALTO JASPEADO BLANCO NICOPOLY;MPM10001849485-2;N05022AM;15/01/2025 23:54:04;10d_Retiro Tienda Ripley Antofagasta;Farias;Nicol;;"Arturo Prat 530 ";" 4to Piso. Servicio al Cliente";;;ANTOFAGASTA;II REGION;CL;Farias;Nicol;;galleguillos lorca 404 404;;;;ANTOFAGASTA;II REGION;CL;18990;0;990;0;19980;0;CLP
000000503106;23263229901-A;16/01/2025 01:12:18;Reembolsado;28990;990;29980;5798;0.0000;23192;1;MAXI VESTIDO CORTE IMPERIO FLORAL AZUL NICOPOLY;MPM10001752469-3;N04010PM-5;16/01/2025 01:12:21;5d_Retiro Tienda Ripley Mall Concepción;Carrasco;Yenny;;"Barros Arana 1068, Concepcion ";" 3er Piso. Modulo Retiro en Tienda";;;CONCEPCION;VIII REGION;CL;Carrasco;Yenny;;Calle los aromos 2273;;;;CONCEPCION;VIII REGION;CL;28990;0;990;0;29980;0;CLP
000000503106;23263235601-A;16/01/2025 01:17:39;Reembolsado;17490;248;17738;3498;0.0000;13992;1;PANTALÓN TIRO ALTO BÁSICO NEGRO NICOPOLY;MPM10001752482-4;N10373BM-5;16/01/2025 01:17:41;10d_Retiro Tienda Ripley San Fernando;Fresard;Evelyn;;"Bernardo Ohiggins 701 ";" 3er Piso. Modulo Retiro en Tienda";;;SAN FERNANDO;VI REGION;CL;Fresard;Evelyn;;Pasaje Titiritero José Pepe Ferrari  0392;;;;SAN FERNANDO;VI REGION;CL;17490;0;248;0;17738;0;CLP
000000503106;23263235601-A;16/01/2025 01:17:39;Reembolsado;17490;248;17738;3498;0.0000;13992;1;PANTALÓN TIRO ALTO BÁSICO CELESTE NICOPOLY;MPM10001752484-1;N10373CM-5;16/01/2025 01:17:41;10d_Retiro Tienda Ripley San Fernando;Fresard;Evelyn;;"Bernardo Ohiggins 701 ";" 3er Piso. Modulo Retiro en Tienda";;;SAN FERNANDO;VI REGION;CL;Fresard;Evelyn;;Pasaje Titiritero José Pepe Ferrari  0392;;;;SAN FERNANDO;VI REGION;CL;17490;0;248;0;17738;0;CLP
000000503106;23263235601-A;16/01/2025 01:17:39;Reembolsado;17490;248;17738;3498;0.0000;13992;1;PANTALÓN TIRO ALTO BÁSICO ROJO NICOPOLY;MPM10001752474-2;N10373DM-5;16/01/2025 01:17:41;10d_Retiro Tienda Ripley San Fernando;Fresard;Evelyn;;"Bernardo Ohiggins 701 ";" 3er Piso. Modulo Retiro en Tienda";;;SAN FERNANDO;VI REGION;CL;Fresard;Evelyn;;Pasaje Titiritero José Pepe Ferrari  0392;;;;SAN FERNANDO;VI REGION;CL;17490;0;248;0;17738;0;CLP
000000503106;23263235601-A;16/01/2025 01:17:39;Reembolsado;17490;248;17738;3498;0.0000;13992;1;PANTALÓN TIRO ALTO BÁSICO KHAKI NICOPOLY;MPM10001752467-4;N10373LM-5;16/01/2025 01:17:41;10d_Retiro Tienda Ripley San Fernando;Fresard;Evelyn;;"Bernardo Ohiggins 701 ";" 3er Piso. Modulo Retiro en Tienda";;;SAN FERNANDO;VI REGION;CL;Fresard;Evelyn;;Pasaje Titiritero José Pepe Ferrari  0392;;;;SAN FERNANDO;VI REGION;CL;17490;0;248;0;17738;0;CLP
000000503106;23263323301-A;16/01/2025 07:14:09;Cerrado;18490;495;18985;3698;0.0000;14792;1;PANTALÓN PALAZZO TAJOS CAFÉ NICOPOLY;MPM10001503440-1;N10369UL-4;16/01/2025 07:14:13;10d_Retiro Tienda Ripley La Serena;Gomez;Nataniel;;"Gregorio Cordovez 499 ";" 3er Piso. Modulo Retiro en Tienda";;;LA SERENA;IV REGION;CL;Gomez;Nataniel;;Sector residencial los peñones 7;;;;LA SERENA;IV REGION;CL;18490;0;495;0;18985;0;CLP
000000503106;23263323301-A;16/01/2025 07:14:10;Cerrado;9990;495;10485;1998;0.0000;7992;1;CROP TOP ESPALDA ELASTICADA CAFÉ NICOPOLY;MPM10001503462-3;N10368UL-4;16/01/2025 07:14:13;10d_Retiro Tienda Ripley La Serena;Gomez;Nataniel;;"Gregorio Cordovez 499 ";" 3er Piso. Modulo Retiro en Tienda";;;LA SERENA;IV REGION;CL;Gomez;Nataniel;;Sector residencial los peñones 7;;;;LA SERENA;IV REGION;CL;9990;0;495;0;10485;0;CLP
000000503106;23263327001-A;16/01/2025 07:23:41;Cerrado;12990;990;13980;2598;0.0000;10392;1;BODY HALTER TIPO SATÍN BLANCO NICOPOLY;MPM10001878229-1;N05047AM;16/01/2025 07:23:43;10d_Retiro Tienda Ripley Pto. Montt Costanera;Cardenas;Conny;;"Juan Soler Manfredini 10 ";" 6to Piso. Modulo Retiro en Tienda";;;PTO.MONTT;X REGION;CL;Cardenas;Alejandra;;Galvarino Riveros  7;;;;PTO.MONTT;X REGION;CL;12990;0;990;0;13980;0;CLP
000000503106;23263346401-A;16/01/2025 08:17:08;Cerrado;17490;990;18480;3498;0.0000;13992;1;ENTERITO CORTO FLORES LAZO LILA NICOPOLY;MPM10001916726-4;N05065CM;16/01/2025 08:17:09;5d_Retiro Tienda Ripley El Trébol;Ceballos;Alan;;"Avenida Jorge Alessandri 3177 ";" 3er Piso. Modulo Retiro en Tienda";;;TALCAHUANO;VIII REGION;CL;Ceballos;Alan;;Calle Uno 825;;;;TALCAHUANO;VIII REGION;CL;17490;0;990;0;18480;0;CLP
000000503106;23263391801-A;16/01/2025 09:08:40;Reembolsado;16490;990;17480;3298;0.0000;13192;1;PANTALÓN CON PINZAS RECTO BEIGE NICOPOLY;MPM10001752500-2;N04277GL-5;16/01/2025 09:08:41;4d_Retiro Tienda Ripley Puente;RIVEROS;PIA;;"21 de Mayo 698 ";4to Piso. Modulo Retiro en Tienda;;;SANTIAGO;REG.METROPOLITANA;CL;Riveros;Karen;;Beaucheff 2887;;;;SANTIAGO;REG.METROPOLITANA;CL;16490;0;990;0;17480;0;CLP
000000503106;23263395301-A;16/01/2025 09:14:11;Cerrado;13990;990;14980;2798;0.0000;11192;1;VESTIDO CORTO ABERTURAS MANGAS CELESTE NICOPOLY;MPM10001849480-1;N02336KL-5;16/01/2025 09:14:12;4d_Retiro Tienda Ripley Plaza Egaña;Sanhueza;Marcela;;"Larrain 5800 ";" 3er Piso. Modulo Retiro en Tienda";;;NUNOA;REG.METROPOLITANA;CL;Sanhueza;Marcela;;Psje Caleta Chaihuin 1632;;;;NUNOA;REG.METROPOLITANA;CL;13990;0;990;0;14980;0;CLP
000000503106;23263406601-A;16/01/2025 09:22:05;Cerrado;12990;3980;16970;2598;0.0000;10392;1;CHALECO GILET RAYAS KHAKI NICOPOLY;MPM10001491782-2;N04306LM;16/01/2025 09:22:06;Flujo Same day BX;Angulo;Magdalena;;Los almendros 440;1;;;LAS CONDES;REG.METROPOLITANA;CL;Angulo;Magdalena;;Los almendros 440;;;;LAS CONDES;REG.METROPOLITANA;CL;12990;0;3980;0;16970;0;CLP
000000503106;23263514302-A;16/01/2025 10:34:12;Cerrado;13990;990;14980;2798;0.0000;11192;1;VESTIDO CORTO ABERTURAS MANGAS BLANCO NICOPOLY;MPM10001849478-3;N02336AS-5;16/01/2025 10:34:13;4d_Retiro Tienda Ripley Tobalaba;Godoy;Rosa;;"Av. Camilo Henríquez 3296, Puente Alto ";2do Piso. Modulo Retiro en Tienda;;;PUENTE ALTO;REG.METROPOLITANA;CL;Godoy;Rosa;;pasaje soldado ortega 13785;;;;PUENTE ALTO;REG.METROPOLITANA;CL;13990;0;990;0;14980;0;CLP
000000503106;23263540901-A;16/01/2025 10:51:20;Cerrado;12990;990;13980;2598;0.0000;10392;1;TOP ACANALADO HOMBROS CAÍDOS BICOLOR NICOPOLY;MPM10001856348-2;N05129NM;16/01/2025 10:51:21;4d_Retiro Tienda Ripley Florida Center;Alarcn;Jennifer;;"Vicuña Mackenna Oriente 6100, La Florida ";3er Piso. Modulo Retiro en Tienda;;;LA FLORIDA;REG.METROPOLITANA;CL;Alarcn;Jennifer;;Vicuña Mackenna poniente  6456;;;;LA FLORIDA;REG.METROPOLITANA;CL;12990;0;990;0;13980;0;CLP
000000503106;23263559601-A;16/01/2025 11:01:36;Cerrado;13490;990;14480;2698;0.0000;10792;1;MAXI VESTIDO TAJO Y COSTURAS CAFÉ NICOPOLY;MPM10001448938-3;N04266UM;16/01/2025 11:01:38;4d_Retiro Tienda Ripley Florida Center;Alarcn;Jennifer;;"Vicuña Mackenna Oriente 6100, La Florida ";3er Piso. Modulo Retiro en Tienda;;;LA FLORIDA;REG.METROPOLITANA;CL;Alarcn;Jennifer;;Vicuña Mackenna poniente  6456;;;;LA FLORIDA;REG.METROPOLITANA;CL;13490;0;990;0;14480;0;CLP
000000503106;23263596301-A;16/01/2025 11:21:45;Cerrado;16490;990;17480;3298;0.0000;13192;1;PANTALÓN RECTO COSTURA FRONTAL BURDEOS NICOPOLY;MPM10001713143-4;N04301DM-5;16/01/2025 11:21:46;4d_Retiro Tienda Ripley Tobalaba;Catrileo Hueraman;Elizabeth;;"Av. Camilo Henríquez 3296, Puente Alto ";2do Piso. Modulo Retiro en Tienda;;;PUENTE ALTO;REG.METROPOLITANA;CL;Catrileo Hueraman;Elizabeth;;berna 1 sur 1506;;;;PUENTE ALTO;REG.METROPOLITANA;CL;16490;0;990;0;17480;0;CLP
000000503106;23263689501-A;16/01/2025 12:05:14;Cerrado;19990;4395;24385;3998;0.0000;15992;1;VESTIDO PABILO CON VOLANTES NEGRO NICOPOLY;MPM10001878064-2;N05013BM;16/01/2025 12:05:15;Flujo Crossdock- Ripley PAQ;Villagrán;Priscilla;;Los temos 0625;S/N;;;MULCHEN;VIII REGION;CL;Villagrán;Priscilla;;Los temos 0625;;;;MULCHEN;VIII REGION;CL;19990;0;4395;0;24385;0;CLP
000000503106;23263689501-A;16/01/2025 12:05:14;Cerrado;17490;4395;21885;3498;0.0000;13992;1;VESTIDO FLORES PABILO AJUSTABLE NEGRO NICOPOLY;MPM10001916730-1;N05138BM;16/01/2025 12:05:15;Flujo Crossdock- Ripley PAQ;Villagrán;Priscilla;;Los temos 0625;S/N;;;MULCHEN;VIII REGION;CL;Villagrán;Priscilla;;Los temos 0625;;;;MULCHEN;VIII REGION;CL;17490;0;4395;0;21885;0;CLP
000000503106;23263714701-A;16/01/2025 12:17:36;Cerrado;16990;990;17980;3398;0.0000;13592;1;VESTIDO CON FALDÓN PLISADO FUCSIA NICOPOLY;MPM10001916732-3;N05042SS;16/01/2025 12:17:37;4d_Retiro Tienda Ripley Crillon;Saenz;"Juanita ";;"Agustinas #1025 ";Piso -1. Modulo Retiro en Tienda;;;SANTIAGO;REG.METROPOLITANA;CL;Saenz;"Juanita ";;Costanera sur 6872;;;;SANTIAGO;REG.METROPOLITANA;CL;16990;0;990;0;17980;0;CLP
000000503106;23263721701-A;16/01/2025 12:20:13;Cerrado;12990;990;13980;2598;0.0000;10392;1;VESTIDO ESCOTE V FLORES VERDE NICOPOLY;MPM10000705702-4;N04141ES;16/01/2025 12:20:14;4d_Retiro Tienda Ripley Crillon;Sandoval;Viviana;;"Agustinas #1025 ";Piso -1. Modulo Retiro en Tienda;;;SANTIAGO;REG.METROPOLITANA;CL;Sandoval;Viviana;;San Isidro 930;;;;SANTIAGO;REG.METROPOLITANA;CL;12990;0;990;0;13980;0;CLP
000000503106;23263721301-A;16/01/2025 12:21:43;Cerrado;22990;990;23980;4598;0.0000;18392;1;ENTERITO ESCOTE V Y LAZO AZUL NICOPOLY;MPM10001856334-3;N05010CS;16/01/2025 12:21:44;5d_Retiro Tienda Ripley Mall Concepción;"Garcia ";"Jocelin ";;"Barros Arana 1068, Concepcion ";" 3er Piso. Modulo Retiro en Tienda";;;CONCEPCION;VIII REGION;CL;"Garcia ";"Jocelin ";;Ohiggins  820;;;;CONCEPCION;VIII REGION;CL;22990;0;990;0;23980;0;CLP
000000503106;23263736401-A;16/01/2025 12:24:54;Cerrado;11990;495;12485;2398;0.0000;9592;1;CHALECO CUELLO V OVERSIZE UVA NICOPOLY;MPM00040170010-3;N02088TM;16/01/2025 12:24:55;4d_Retiro Tienda Ripley Los Dominicos;Reyes;Monica;;"Padre Hurtado Sur 875 ";1er Piso. Servicio al Cliente;;;LAS CONDES;REG.METROPOLITANA;CL;Reyes;Monica;;cerro catedral Norte  12284;;;;LAS CONDES;REG.METROPOLITANA;CL;11990;0;495;0;12485;0;CLP
000000503106;23263736401-A;16/01/2025 12:24:54;Cerrado;11990;495;12485;2398;0.0000;9592;1;CHALECO CUELLO V OVERSIZE MOSTAZA NICOPOLY;MPM00040171974-3;N02088FS;16/01/2025 12:24:55;4d_Retiro Tienda Ripley Los Dominicos;Reyes;Monica;;"Padre Hurtado Sur 875 ";1er Piso. Servicio al Cliente;;;LAS CONDES;REG.METROPOLITANA;CL;Reyes;Monica;;cerro catedral Norte  12284;;;;LAS CONDES;REG.METROPOLITANA;CL;11990;0;495;0;12485;0;CLP
000000503106;23263739501-A;16/01/2025 12:34:31;Reembolsado;26490;990;27480;5298;0.0000;21192;1;ENTERITO CON ENCAJE BLANCO NICOPOLY;MPM10001849450-1;N05040AM;16/01/2025 12:34:33;10d_Retiro Tienda Ripley Portal Temuco;Beltran;Katalina;;"Avenida Alemania 0671 ";3er Piso, Modulo Retiro en Tienda;;;TEMUCO;IX REGION;CL;Beltran;Katalina;;Gabriela Mistral 989;;;;TEMUCO;IX REGION;CL;26490;0;990;0;27480;0;CLP
000000503106;23263854101-A;16/01/2025 13:25:57;Reembolsado;18990;990;19980;3798;0.0000;15192;1;PANTALÓN TIRO ALTO JASPEADO BLANCO NICOPOLY;MPM10001849485-3;N05022AL;16/01/2025 13:25:59;10d_Retiro Tienda Ripley Antofagasta;Castro;Daniza;;"Arturo Prat 530 ";" 4to Piso. Servicio al Cliente";;;ANTOFAGASTA;II REGION;CL;Naranjo;Jacqueline;;Avenida 18 de septiembre 2543;;;;ANTOFAGASTA;II REGION;CL;18990;0;990;0;19980;0;CLP
000000503106;23263892401-A;16/01/2025 13:44:04;Reembolsado;22490;990;23480;4498;0.0000;17992;1;ENTERITO LAZO Y HEBILLA VERDE OLIVA NICOPOLY;MPM10001849448-4;N04058ML-5;16/01/2025 13:44:06;5d_Retiro Tienda Ripley Mall Concepción;Olivieri;Florencia;;"Barros Arana 1068, Concepcion ";" 3er Piso. Modulo Retiro en Tienda";;;CONCEPCION;VIII REGION;CL;Olivieri;Florencia;;ohiggins  115;;;;CONCEPCION;VIII REGION;CL;22490;0;990;0;23480;0;CLP
000000503106;23263966901-A;16/01/2025 14:26:31;Cerrado;12990;3990;16980;2598;0.0000;10392;1;VESTIDO CORTO CUELLO HALTER CELESTE NICOPOLY;MPM10001878060-1;N04063KM-5;16/01/2025 14:26:32;Flujo Same day BX;Sepulveda;Rodrigo;;Wells 239;casa;;;PUENTE ALTO;REG.METROPOLITANA;CL;Sepulveda;Rodrigo;;Wells 239;;;;PUENTE ALTO;REG.METROPOLITANA;CL;12990;0;3990;0;16980;0;CLP
000000503106;23264032401-A;16/01/2025 14:58:26;Cerrado;28990;990;29980;5798;0.0000;23192;1;MAXI VESTIDO CORTE IMPERIO FLORAL AZUL NICOPOLY;MPM10001752469-3;N04010PM-5;16/01/2025 14:58:27;5d_Retiro Tienda Ripley Chillán;Orellana Arriagada;Carlota;;"5 de Abril 699 ";4to Piso. Centro de atención al Cliente;;;CHILLAN;VIII REGION;CL;Orellana Arriagada;Carlota;;Luis Hermosilla 1683;;;;CHILLAN;VIII REGION;CL;28990;0;990;0;29980;0;CLP
000000503106;23264217101-A;16/01/2025 16:17:40;Cerrado;20990;10990;31980;4198;0.0000;16792;1;BLAZER LARGO 4 BOTONES NEGRO NICOPOLY;MPM10001752448-3;N00212BM-5;16/01/2025 16:17:41;Flujo Crossdock- Ripley PAQ;Courtin;Victoria;;Ancud 432;S/N;;;SAN FERNANDO;VI REGION;CL;Courtin;Victoria;;Ancud 432;;;;SAN FERNANDO;VI REGION;CL;20990;0;10990;0;31980;0;CLP
000000503106;23264235101-A;16/01/2025 16:24:56;Cerrado;20990;990;21980;4198;0.0000;16792;1;BLAZER SIN MANGAS BOLSILLOS NEGRO NICOPOLY;MPM10001752522-1;N04294BM-5;16/01/2025 16:24:57;4d_Retiro Tienda Ripley Crillon;"Muoz ";"Marilyn ";;"Agustinas #1025 ";Piso -1. Modulo Retiro en Tienda;;;SANTIAGO;REG.METROPOLITANA;CL;"Muoz ";"Marilyn ";;Mar del plata  182;;;;SANTIAGO;REG.METROPOLITANA;CL;20990;0;990;0;21980;0;CLP
000000503106;23264333301-A;16/01/2025 17:06:45;Cerrado;12990;990;13980;2598;0.0000;10392;1;VESTIDO ESCOTE V FLORES VERDE NICOPOLY;MPM10000705702-4;N04141ES;16/01/2025 17:06:46;4d_Retiro Tienda Ripley Arauco Maipu;Gálvez;Pilar;;"Av. Americo Vespucio 399 ";" 2do Piso. Modulo Retiro en Tienda";;;MAIPU;REG.METROPOLITANA;CL;Gálvez;Pilar;;Aurora mira 4827;;;;MAIPU;REG.METROPOLITANA;CL;12990;0;990;0;13980;0;CLP
000000503106;23264385002-A;16/01/2025 17:30:50;Cerrado;15990;495;16485;3198;0.0000;12792;1;BLUSA CON LAZO DESMONTABLE NEGRO NICOPOLY;MPM10001752519-3;N04270BM-5;16/01/2025 17:30:51;4d_Retiro Tienda Ripley Arauco Maipu;Araya;Romina;;"Av. Americo Vespucio 399 ";" 2do Piso. Modulo Retiro en Tienda";;;MAIPU;REG.METROPOLITANA;CL;Araya;Romina;;doctor lehuede 4139;;;;MAIPU;REG.METROPOLITANA;CL;15990;0;495;0;16485;0;CLP
000000503106;23264385002-A;16/01/2025 17:30:50;Cerrado;15990;495;16485;3198;0.0000;12792;1;BLUSA CON LAZO DESMONTABLE BLANCO NICOPOLY;MPM10001752453-2;N04270AM-5;16/01/2025 17:30:51;4d_Retiro Tienda Ripley Arauco Maipu;Araya;Romina;;"Av. Americo Vespucio 399 ";" 2do Piso. Modulo Retiro en Tienda";;;MAIPU;REG.METROPOLITANA;CL;Araya;Romina;;doctor lehuede 4139;;;;MAIPU;REG.METROPOLITANA;CL;15990;0;495;0;16485;0;CLP
000000503106;23264428801-A;16/01/2025 17:53:03;Cerrado;19990;990;20980;3998;0.0000;15992;1;VESTIDO PABILO CON VOLANTES NEGRO NICOPOLY;MPM10001878064-2;N05013BM;16/01/2025 17:53:04;5d_Retiro Tienda Ripley Valparaíso;Hoy;"Catalina ";;"Plaza Victoria 1646 ";" 4to Piso. Servicio al Cliente";;;VALPARAISO;V REGION;CL;Hoy;Pamela;;sendero de los eucaliptos 2027;;;;VALPARAISO;V REGION;CL;19990;0;990;0;20980;0;CLP
000000503106;23264446901-A;16/01/2025 18:02:21;Cerrado;18490;3845;22335;3698;0.0000;14792;1;PANTALÓN MEZCLA LINO BLANCO NICOPOLY;MPM10001878082-2;N05020AM;16/01/2025 18:02:22;Flujo Crossdock- Ripley PAQ;Ortega;Jael;;Barros lucos 1980;Ofic;;;LAMPA;REG.METROPOLITANA;CL;Ortega;Jael;;Barros lucos 1980;;;;LAMPA;REG.METROPOLITANA;CL;18490;0;3845;0;22335;0;CLP
000000503106;23264446901-A;16/01/2025 18:02:21;Cerrado;18990;3845;22835;3798;0.0000;15192;1;PANTALÓN TIRO ALTO JASPEADO ROSADO NICOPOLY;MPM10001849483-1;N05022HM;16/01/2025 18:02:22;Flujo Crossdock- Ripley PAQ;Ortega;Jael;;Barros lucos 1980;Ofic;;;LAMPA;REG.METROPOLITANA;CL;Ortega;Jael;;Barros lucos 1980;;;;LAMPA;REG.METROPOLITANA;CL;18990;0;3845;0;22835;0;CLP
000000503106;23264459301-A;16/01/2025 18:08:40;Reembolsado;19990;990;20980;3998;0.0000;15992;1;TRENCH MIDI TAUPE NICOPOLY;MPM00048128496-2;N02298LXL;16/01/2025 18:08:42;5d_Retiro Tienda Ripley Viña del Mar Sucre;Olivos;Carolina Sofia;;"Sucre 290, Viña ";5to Piso. Modulo Retiro en Tienda;;;VI.A DEL MA;V REGION;CL;Olivos;Carolina Sofia;;Errazuriz 690 viña del mar piso 2 690;;;;VI.A DEL MA;V REGION;CL;19990;0;990;0;20980;0;CLP
000000503106;23264478901-A;16/01/2025 18:17:55;Cerrado;16490;6990;23480;3298;0.0000;13192;1;PANTALÓN PIERNA ANCHA BLANCO NICOPOLY;MPM10001856323-1;N04017AM-5;16/01/2025 18:17:56;Flujo Crossdock- Ripley PAQ;Andrea;Carolina;;av hermanos tobar  620;"casa ";;;CARTAGENA;V REGION;CL;Andrea;Carolina;;av hermanos tobar  620;;;;CARTAGENA;V REGION;CL;16490;0;6990;0;23480;0;CLP
000000503106;23264479601-A;16/01/2025 18:22:36;Cerrado;12990;990;13980;2598;0.0000;10392;1;VESTIDO CORTO CUELLO HALTER ROSADO NICOPOLY;MPM10001878077-1;N04063HM-5;16/01/2025 18:22:37;4d_Retiro Tienda Ripley Plaza Egaña;Honores Perez;Pedro;;"Larrain 5800 ";" 3er Piso. Modulo Retiro en Tienda";;;NUNOA;REG.METROPOLITANA;CL;Ramirez;Evelyn;;ALEJANDRO AZOLAS 3003;;;;NUNOA;REG.METROPOLITANA;CL;12990;0;990;0;13980;0;CLP
000000503106;23264729101-A;16/01/2025 20:31:19;Cerrado;17990;0;17990;3598;0.0000;14392;1;VESTIDO CORTO TULIPÁN NEGRO NICOPOLY;MPM10001878058-2;N04064BM-5;16/01/2025 20:31:21;4d_Retiro Tienda Ripley Alameda;Diaz;Yohana;;"Av Libertador Bernardo O'Higgins 3470, Santiago ";3er Piso. Modulo Retiro en Tienda;;;EST.CENTRAL;REG.METROPOLITANA;CL;Diaz;Yohana;;Santa ines de Miraflores  8;;;;EST.CENTRAL;REG.METROPOLITANA;CL;17990;0;0;0;17990;0;CLP
000000503106;23264784901-A;16/01/2025 20:58:33;Cerrado;11490;990;12480;2298;0.0000;9192;1;BLUSA MANGAS VUELOS NEGRO NICOPOLY;MPM10001856360-2;N00312BM-5;16/01/2025 20:58:35;5d_Retiro Tienda Ripley Chillán;Suazo;Ximena;;"5 de Abril 699 ";4to Piso. Centro de atención al Cliente;;;CHILLAN;VIII REGION;CL;Suazo;Ximena;;18 DE SEPTIEMBRE EDIFICIO 18 S 246;;;;CHILLAN;VIII REGION;CL;11490;0;990;0;12480;0;CLP
000000503106;23264828601-A;16/01/2025 21:19:13;Cerrado;20990;3990;24980;4198;0.0000;16792;1;BLAZER LARGO 4 BOTONES BLANCO NICOPOLY;MPM10001752445-4;N00212AM-5;16/01/2025 21:19:14;Flujo Same day BX;Toro Cancino;Nayareth Fernanda;;Avda las Torres Huechuraba 745;39;;;HUECHURABA;REG.METROPOLITANA;CL;Toro Cancino;Nayareth Fernanda;;Avda las Torres Huechuraba 745;;;;HUECHURABA;REG.METROPOLITANA;CL;20990;0;3990;0;24980;0;CLP
000000503106;23264920601-A;16/01/2025 22:01:01;Reembolsado;10990;990;11980;2198;0.0000;8792;1;BLUSA BÁSICA ESCOTE EN V ROJO NICOPOLY;MPM10001856344-1;N02493DM-5;16/01/2025 22:01:03;5d_Retiro Tienda Ripley Quilpué;Valencia;Jeannette;;"Claudio Vicuña 992, Quilpue ";" 3er Piso. Modulo Retiro en Tienda";;;QUILPUE;V REGION;CL;Valencia;Jeannette;;Pasaje Las Quilas 3141;;;;QUILPUE;V REGION;CL;10990;0;990;0;11980;0;CLP
000000503106;23264921401-A;16/01/2025 22:04:12;Cerrado;20990;330;21320;4198;0.0000;16792;1;BLAZER LARGO 4 BOTONES CELESTE NICOPOLY;MPM10001752437-3;N00212KS-5;16/01/2025 22:04:14;4d_Retiro Tienda Ripley Parque Arauco;Lopez;Pamela  Fabiola;;"Avenida Kennedy 5413 ";4to Piso. Modulo Retiro en Tienda;;;LAS CONDES;REG.METROPOLITANA;CL;Lopez;Pamela  Fabiola;;Cerro La Parva 980;;;;LAS CONDES;REG.METROPOLITANA;CL;20990;0;330;0;21320;0;CLP
000000503106;23264921401-A;16/01/2025 22:04:12;Cerrado;24990;330;25320;4998;0.0000;19992;1;BLAZER LARGO MANGA DRAPEADA KHAKI NICOPOLY;MPM10001465243-4;N04262LS;16/01/2025 22:04:14;4d_Retiro Tienda Ripley Parque Arauco;Lopez;Pamela  Fabiola;;"Avenida Kennedy 5413 ";4to Piso. Modulo Retiro en Tienda;;;LAS CONDES;REG.METROPOLITANA;CL;Lopez;Pamela  Fabiola;;Cerro La Parva 980;;;;LAS CONDES;REG.METROPOLITANA;CL;24990;0;330;0;25320;0;CLP
000000503106;23264921401-A;16/01/2025 22:04:13;Cerrado;20990;330;21320;4198;0.0000;16792;1;BLAZER LARGO 4 BOTONES NEGRO NICOPOLY;MPM10001752448-1;N00212BS-5;16/01/2025 22:04:14;4d_Retiro Tienda Ripley Parque Arauco;Lopez;Pamela  Fabiola;;"Avenida Kennedy 5413 ";4to Piso. Modulo Retiro en Tienda;;;LAS CONDES;REG.METROPOLITANA;CL;Lopez;Pamela  Fabiola;;Cerro La Parva 980;;;;LAS CONDES;REG.METROPOLITANA;CL;20990;0;330;0;21320;0;CLP
000000503106;23264932501-A;16/01/2025 22:07:27;Cerrado;12990;990;13980;2598;0.0000;10392;1;VESTIDO CORTO CUELLO HALTER BLANCO NICOPOLY;MPM10001878055-1;N04063AL-5;16/01/2025 22:07:28;5d_Retiro Tienda Ripley Rancagua;"Riquelme ";"Vernica ";;"José Domingo Mujica 490 ";" 3er Piso. Modulo Retiro en Tienda";;;RANCAGUA;VI REGION;CL;"Riquelme ";"Vernica ";;Pasaje chequen  0702;;;;RANCAGUA;VI REGION;CL;12990;0;990;0;13980;0;CLP
000000503106;23264967101-A;16/01/2025 22:22:41;Reembolsado;18990;0;18990;3798;0.0000;15192;1;SOBRECAMISA TIPO PANA BROCHES TAUPE NICOPOLY;MPM10001713151-3;N05050LM;16/01/2025 22:22:42;5d_Retiro Tienda Ripley Mall Concepción;Marin;Johanna;;"Barros Arana 1068, Concepcion ";" 3er Piso. Modulo Retiro en Tienda";;;CONCEPCION;VIII REGION;CL;Marin;Johanna;;Los lirios 95;;;;CONCEPCION;VIII REGION;CL;18990;0;0;0;18990;0;CLP
000000503106;23265277301-A;17/01/2025 00:55:22;Reembolsado;14990;990;15980;2998;0.0000;11992;1;VESTIDO TAJO Y VUELO CELESTE NICOPOLY;MPM00066161664-2;N02306KL;17/01/2025 00:55:23;10d_Retiro Tienda Ripley San Fernando;Celis;Barbara;;"Bernardo Ohiggins 701 ";" 3er Piso. Modulo Retiro en Tienda";;;SAN FERNANDO;VI REGION;CL;Celis;Barbara;;Angostura  5;;;;SAN FERNANDO;VI REGION;CL;14990;0;990;0;15980;0;CLP
000000503106;23265316801-A;17/01/2025 01:31:18;Cerrado;20990;990;21980;4198;0.0000;16792;1;BLAZER SIN MANGAS BOLSILLOS NEGRO NICOPOLY;MPM10001752522-1;N04294BM-5;17/01/2025 01:31:19;4d_Retiro Tienda Ripley San Bernardo;"Cubillos ";"Romina ";;"Av. Pdte. Jorge Alessandri Rodríguez 20040, San Bernardo ";2do Piso. Modulo Retiro en Tienda;;;SN.BERNARDO;REG.METROPOLITANA;CL;Lagos Cruz;Cesar Francoise;;Colon sur 461;;;;SN.BERNARDO;REG.METROPOLITANA;CL;20990;0;990;0;21980;0;CLP
000000503106;23265463801-A;17/01/2025 09:20:44;Cerrado;17490;990;18480;3498;0.0000;13992;1;VESTIDO FLORES PABILO AJUSTABLE CELESTE NICOPOLY;MPM10001916727-2;N05138KM;17/01/2025 09:20:46;5d_Retiro Tienda Ripley Chillán;RIVAS;ELIZABETH;;"5 de Abril 699 ";4to Piso. Centro de atención al Cliente;;;CHILLAN;VIII REGION;CL;RIVAS;ELIZABETH;;Avenida collin 777;;;;CHILLAN;VIII REGION;CL;17490;0;990;0;18480;0;CLP
000000503106;23265927401-A;17/01/2025 13:49:04;Cerrado;18490;990;19480;3698;0.0000;14792;1;PANTALÓN MUJER NICOPOLY BEIGE MEZCLA LINO;MPM10001878069-3;N05020LM;17/01/2025 13:49:05;4d_Retiro Tienda Ripley Florida Center;Clavero;Daniela;;"Vicuña Mackenna Oriente 6100, La Florida ";3er Piso. Modulo Retiro en Tienda;;;LA FLORIDA;REG.METROPOLITANA;CL;Clavero;Daniela;;Froilan roa 5739;;;;LA FLORIDA;REG.METROPOLITANA;CL;18490;0;990;0;19480;0;CLP
000000503106;23265947501-A;17/01/2025 14:02:50;Cerrado;15990;990;16980;3198;0.0000;12792;1;BLUSA CON LAZO DESMONTABLE ROJO NICOPOLY;MPM10001752438-2;N04270DL-5;17/01/2025 14:02:51;5d_Retiro Tienda Ripley Valparaíso;Fonseca Retamal;Gabriela;;"Plaza Victoria 1646 ";" 4to Piso. Servicio al Cliente";;;VALPARAISO;V REGION;CL;Fonseca Retamal;Gabriela;;Municipio 151 151;;;;VALPARAISO;V REGION;CL;15990;0;990;0;16980;0;CLP
000000503106;23266005601-A;17/01/2025 14:33:08;Cerrado;18490;990;19480;3698;0.0000;14792;1;PANTALÓN MUJER NICOPOLY BEIGE MEZCLA LINO;MPM10001878069-1;N05020LL;17/01/2025 14:33:09;4d_Retiro Tienda Ripley Plaza Vespucio;Navarro;Claudia;;"Av. Vicuña Mackenna Ote. 7110, La Florida ";3er Piso. Modulo Retiro en Tienda;;;LA FLORIDA;REG.METROPOLITANA;CL;Navarro;Claudia;;Brecha 10776;;;;LA FLORIDA;REG.METROPOLITANA;CL;18490;0;990;0;19480;0;CLP
000000503106;23266093701-A;17/01/2025 15:15:57;Reembolsado;16490;330;16820;3298;0.0000;13192;1;PANTALÓN MUJER NICOPOLY BLANCO RECTO COSTURA FRONTAL;MPM10001713158-2;N04301AM-5;17/01/2025 15:15:58;5d_Retiro Tienda Ripley Mall Concepción;Huircaleo;Marcia;;"Barros Arana 1068, Concepcion ";" 3er Piso. Modulo Retiro en Tienda";;;CONCEPCION;VIII REGION;CL;Huircaleo;Marcia;;Roberto ortiz 585;;;;CONCEPCION;VIII REGION;CL;16490;0;330;0;16820;0;CLP
000000503106;23266093701-A;17/01/2025 15:15:57;Reembolsado;16490;330;16820;3298;0.0000;13192;1;PANTALÓN MUJER NICOPOLY BURDEO RECTO COSTURA FRONTAL;MPM10001713143-4;N04301DM-5;17/01/2025 15:15:58;5d_Retiro Tienda Ripley Mall Concepción;Huircaleo;Marcia;;"Barros Arana 1068, Concepcion ";" 3er Piso. Modulo Retiro en Tienda";;;CONCEPCION;VIII REGION;CL;Huircaleo;Marcia;;Roberto ortiz 585;;;;CONCEPCION;VIII REGION;CL;16490;0;330;0;16820;0;CLP
000000503106;23266093701-A;17/01/2025 15:15:57;Cerrado;12990;330;13320;2598;0.0000;10392;1;BLUSA BOTONERA INVISIBLE CELESTE NICOPOLY;MPM10001713161-3;N00089KL-5;17/01/2025 15:15:58;5d_Retiro Tienda Ripley Mall Concepción;Huircaleo;Marcia;;"Barros Arana 1068, Concepcion ";" 3er Piso. Modulo Retiro en Tienda";;;CONCEPCION;VIII REGION;CL;Huircaleo;Marcia;;Roberto ortiz 585;;;;CONCEPCION;VIII REGION;CL;12990;0;330;0;13320;0;CLP
000000503106;23266109101-A;17/01/2025 15:25:45;Cerrado;17990;0;17990;3598;0.0000;14392;1;PANTALÓN MUJER NICOPOLY NEGRO TIPO SATÍN;MPM10001916756-2;N05018BM;17/01/2025 15:25:46;5d_Retiro Tienda Ripley Quilpué;Tapia;Yaritza;;"Claudio Vicuña 992, Quilpue ";" 3er Piso. Modulo Retiro en Tienda";;;QUILPUE;V REGION;CL;Tapia;Yaritza;;Lagunillas #108, cerro placeres 108;;;;QUILPUE;V REGION;CL;17990;0;0;0;17990;0;CLP
000000503106;23266109101-A;17/01/2025 15:25:45;Reembolsado;10990;0;10990;2198;0.0000;8792;1;CROP TOP JASPEADO BLANCO NICOPOLY;MPM10001849445-1;N05021AL;17/01/2025 15:25:46;5d_Retiro Tienda Ripley Quilpué;Tapia;Yaritza;;"Claudio Vicuña 992, Quilpue ";" 3er Piso. Modulo Retiro en Tienda";;;QUILPUE;V REGION;CL;Tapia;Yaritza;;Lagunillas #108, cerro placeres 108;;;;QUILPUE;V REGION;CL;10990;0;0;0;10990;0;CLP
000000503106;23266340701-A;17/01/2025 17:11:30;Cerrado;19990;6990;26980;3998;0.0000;15992;1;BLUSA BOLSILLOS CARGO CAFÉ NICOPOLY;MPM10001916757-3;N05072UL;17/01/2025 17:11:31;Flujo Crossdock- Ripley PAQ;Morales Montenegro;Katherine;;los lirios  920;Casa 57, cooperativa fermin garcia;;;EL TABO;V REGION;CL;Morales Montenegro;Katherine;;los lirios  920;;;;EL TABO;V REGION;CL;19990;0;6990;0;26980;0;CLP
000000503106;23266359201-A;17/01/2025 17:21:20;Cerrado;23990;990;24980;4798;0.0000;19192;1;CHAQUETA MAO ECOCUERO NEGRO NICOPOLY;MPM10001383872-4;N02106BM-4;17/01/2025 17:21:21;4d_Retiro Tienda Ripley Crillon;Valenzuela Fuentes;Francesca;;"Agustinas #1025 ";Piso -1. Modulo Retiro en Tienda;;;SANTIAGO;REG.METROPOLITANA;CL;Valenzuela Fuentes;Francesca;;Nataniel Cox 599;;;;SANTIAGO;REG.METROPOLITANA;CL;23990;0;990;0;24980;0;CLP
000000503106;23266373301-A;17/01/2025 17:27:04;Cerrado;18990;0;18990;3798;0.0000;15192;1;PANTALÓN MUJER NICOPOLY ROSADO TIRO ALTO JASPEADO;MPM10001849483-1;N05022HM;17/01/2025 17:27:06;4d_Retiro Tienda Ripley Plaza Egaña;Carvajal;Nicole;;"Larrain 5800 ";" 3er Piso. Modulo Retiro en Tienda";;;NUNOA;REG.METROPOLITANA;CL;Carvajal;Nicole;;Fray andres 278;;;;NUNOA;REG.METROPOLITANA;CL;18990;0;0;0;18990;0;CLP
000000503106;23266373301-A;17/01/2025 17:27:04;Cerrado;18990;0;18990;3798;0.0000;15192;1;PANTALÓN MUJER NICOPOLY BLANCO TIRO ALTO JASPEADO;MPM10001849485-2;N05022AM;17/01/2025 17:27:06;4d_Retiro Tienda Ripley Plaza Egaña;Carvajal;Nicole;;"Larrain 5800 ";" 3er Piso. Modulo Retiro en Tienda";;;NUNOA;REG.METROPOLITANA;CL;Carvajal;Nicole;;Fray andres 278;;;;NUNOA;REG.METROPOLITANA;CL;18990;0;0;0;18990;0;CLP
000000503106;23266382301-A;17/01/2025 17:33:40;Reembolsado;20990;495;21485;4198;0.0000;16792;1;BLAZER LARGO 4 BOTONES BLANCO NICOPOLY;MPM10001752445-4;N00212AM-5;17/01/2025 17:33:41;10d_Retiro Tienda Ripley Pto. Montt Costanera;Velasquez;Gloria Martina;;"Juan Soler Manfredini 10 ";" 6to Piso. Modulo Retiro en Tienda";;;PTO.MONTT;X REGION;CL;Velasquez;Gloria Martina;;Augusto goecke  281;;;;PTO.MONTT;X REGION;CL;20990;0;495;0;21485;0;CLP
000000503106;23266382301-A;17/01/2025 17:33:40;Reembolsado;20990;495;21485;4198;0.0000;16792;1;BLAZER LARGO 4 BOTONES NEGRO NICOPOLY;MPM10001752448-3;N00212BM-5;17/01/2025 17:33:41;10d_Retiro Tienda Ripley Pto. Montt Costanera;Velasquez;Gloria Martina;;"Juan Soler Manfredini 10 ";" 6to Piso. Modulo Retiro en Tienda";;;PTO.MONTT;X REGION;CL;Velasquez;Gloria Martina;;Augusto goecke  281;;;;PTO.MONTT;X REGION;CL;20990;0;495;0;21485;0;CLP
000000503106;23266407401-A;17/01/2025 17:45:37;Cerrado;28990;990;29980;5798;0.0000;23192;1;MAXI VESTIDO MUJER NICOPOLY AZUL CORTE IMPERIO FLORAL;MPM10001752469-3;N04010PM-5;17/01/2025 17:45:38;10d_Retiro Tienda Ripley La Serena;Figueroa;Rocio;;"Gregorio Cordovez 499 ";" 3er Piso. Modulo Retiro en Tienda";;;LA SERENA;IV REGION;CL;Figueroa;Rocio;;Av. Gabriela Mistral 3614;;;;LA SERENA;IV REGION;CL;28990;0;990;0;29980;0;CLP
000000503106;23266622001-A;17/01/2025 19:45:54;Cerrado;26490;3990;30480;5298;0.0000;21192;1;BLAZER CRUZADO PIED DE POULE BLANCO/NEGRO NICOPOLY;MPM10001465238-3;N04156BM;17/01/2025 19:45:55;Flujo Same day BX;Araya;Sonia;;General Bulnes 1203;i 44;;;SANTIAGO;REG.METROPOLITANA;CL;Araya;Sonia;;General Bulnes 1203;;;;SANTIAGO;REG.METROPOLITANA;CL;26490;0;3990;0;30480;0;CLP
000000503106;23266625001-A;17/01/2025 19:48:53;Reembolsado;11990;990;12980;2398;0.0000;9592;1;ENTERITO MUJER NICOPOLY NEGRO CORTO FLOREADO;MPM10001878068-3;N05127BS;17/01/2025 19:48:54;4d_Retiro Tienda Ripley Parque Arauco;Ruiz;Pamela;;"Avenida Kennedy 5413 ";4to Piso. Modulo Retiro en Tienda;;;LAS CONDES;REG.METROPOLITANA;CL;Ruiz;Pamela;;Pasaje perseo 569;;;;LAS CONDES;REG.METROPOLITANA;CL;11990;0;990;0;12980;0;CLP
000000503106;23266732001-A;17/01/2025 20:48:02;Cerrado;17490;990;18480;3498;0.0000;13992;1;PANTALÓN MUJER NICOPOLY KHAKI DE VESTIR RAYAS;MPM10001491771-3;N04307LM;17/01/2025 20:48:03;4d_Retiro Tienda Ripley Plaza Egaña;Cantin Rosas;Marieta;;"Larrain 5800 ";" 3er Piso. Modulo Retiro en Tienda";;;NUNOA;REG.METROPOLITANA;CL;Cantin Rosas;Marieta;;Volcan antillanca 3344 3344;;;;NUNOA;REG.METROPOLITANA;CL;17490;0;990;0;18480;0;CLP
000000503106;23266859401-A;17/01/2025 22:01:31;Cerrado;12990;495;13485;2598;0.0000;10392;1;VESTIDO CORTO MUJER NICOPOLY NEGRO CUELLO HALTER;MPM10001878067-4;N04063BS-5;17/01/2025 22:01:32;4d_Retiro Tienda Ripley Plaza Vespucio;Montiel Laubscher;Jocelyn;;"Av. Vicuña Mackenna Ote. 7110, La Florida ";3er Piso. Modulo Retiro en Tienda;;;LA FLORIDA;REG.METROPOLITANA;CL;Montiel Laubscher;Jocelyn;;los clarines  10865;;;;LA FLORIDA;REG.METROPOLITANA;CL;12990;0;495;0;13485;0;CLP
000000503106;23266859401-A;17/01/2025 22:01:31;Cerrado;15990;495;16485;3198;0.0000;12792;1;ENTERITO LARGO MUJER NICOPOLY NEGRO COMFY;MPM10001916740-3;N02413BM-5;17/01/2025 22:01:32;4d_Retiro Tienda Ripley Plaza Vespucio;Montiel Laubscher;Jocelyn;;"Av. Vicuña Mackenna Ote. 7110, La Florida ";3er Piso. Modulo Retiro en Tienda;;;LA FLORIDA;REG.METROPOLITANA;CL;Montiel Laubscher;Jocelyn;;los clarines  10865;;;;LA FLORIDA;REG.METROPOLITANA;CL;15990;0;495;0;16485;0;CLP
000000503106;23266866501-A;17/01/2025 22:06:04;Reembolsado;12490;990;13480;2498;0.0000;9992;1;SHORT MUJER NICOPOLY CAMEL BÁSICO FORMAL;MPM10001437615-1;N04049UL-4;17/01/2025 22:06:05;5d_Retiro Tienda Ripley Los Ángeles;Orellana;"Teresa ";;"Valdivia 440, Los Angeles ";" 3er Piso. Servicio al Cliente";;;LOS ANGELES;VIII REGION;CL;Castro;Texia;;Los terrones 308 parque sor Vicenta  308;;;;LOS ANGELES;VIII REGION;CL;12490;0;990;0;13480;0;CLP
000000503106;23266898401-A;17/01/2025 22:23:30;Reembolsado;14990;0;14990;2998;0.0000;11992;1;PANTALÓN VESTIR MUJER NICOPOLY CAMEL COSTURAS FRONTALES;MPM10001448851-2;N03030US-4;17/01/2025 22:23:32;5d_Retiro Tienda Ripley Marina Arauco;"Lara ";Claudia;;"Avenida Libertad 1348 ";" Piso 4. Modulo Retiro en Tienda";;;VI.A DEL MA;V REGION;CL;"Lara ";Claudia;;Medio aoriente 1175;;;;VI.A DEL MA;V REGION;CL;14990;0;0;0;14990;0;CLP
000000503106;23266898401-A;17/01/2025 22:23:30;Reembolsado;17990;0;17990;3598;0.0000;14392;1;PANTALÓN MUJER NICOPOLY BURDEO RECTO BOTONES S;MPM00045574588-3;N02280TS;17/01/2025 22:23:32;5d_Retiro Tienda Ripley Marina Arauco;"Lara ";Claudia;;"Avenida Libertad 1348 ";" Piso 4. Modulo Retiro en Tienda";;;VI.A DEL MA;V REGION;CL;"Lara ";Claudia;;Medio aoriente 1175;;;;VI.A DEL MA;V REGION;CL;17990;0;0;0;17990;0;CLP
000000503106;23267023801-A;17/01/2025 23:20:24;Cerrado;23990;990;24980;4798;0.0000;19192;1;CHAQUETA MAO ECOCUERO NEGRO NICOPOLY;MPM10001383872-4;N02106BM-4;17/01/2025 23:20:25;5d_Retiro Tienda Ripley Quilpué;Arancibia;Gabriela;;"Claudio Vicuña 992, Quilpue ";" 3er Piso. Modulo Retiro en Tienda";;;QUILPUE;V REGION;CL;Arancibia;Gabriela;;Chopin  2659;;;;QUILPUE;V REGION;CL;23990;0;990;0;24980;0;CLP
000000503106;23267253801-A;18/01/2025 07:04:14;Cerrado;15990;990;16980;3198;0.0000;12792;1;BLUSA CON LAZO DESMONTABLE ROJO NICOPOLY;MPM10001752438-2;N04270DL-5;18/01/2025 07:04:18;10d_Retiro Tienda Ripley Antofagasta;Fuster;Sophie;;"Arturo Prat 530 ";" 4to Piso. Servicio al Cliente";;;ANTOFAGASTA;II REGION;CL;O?Neill;"Janice ";;Barros Arana  5531;;;;ANTOFAGASTA;II REGION;CL;15990;0;990;0;16980;0;CLP
000000503106;23267255601-A;18/01/2025 07:13:27;Reembolsado;16490;990;17480;3298;0.0000;13192;1;PANTALÓN MUJER NICOPOLY ROJO PIERNA ANCHA;MPM10001856324-3;N04017DM-5;18/01/2025 07:13:28;10d_Retiro Tienda Ripley Calama;Vilchez;Jhunior;;"Balmaceda 3242, Calama ";" 2do Piso. Servicio al Cliente";;;CALAMA;II REGION;CL;Vilchez;Jhunior;;Faustino sarmiento 3578;;;;CALAMA;II REGION;CL;16490;0;990;0;17480;0;CLP
000000503106;23267330501-A;18/01/2025 09:58:55;Cerrado;9990;495;10485;1998;0.0000;7992;1;CROP TOP ESPALDA ELASTICADA MAGENTA NICOPOLY;MPM10001503477-4;N10368ZM-4;18/01/2025 09:58:56;5d_Retiro Tienda Ripley Talca;Betancourt Pantoja;Juana Paola;;"8 Oriente 1212 ";" 2do Piso. Modulo Retiro en Tienda";;;TALCA;VII REGION;CL;Betancourt Pantoja;Juana Paola;;Once medio ote D  3106;;;;TALCA;VII REGION;CL;9990;0;495;0;10485;0;CLP
000000503106;23267330501-A;18/01/2025 09:58:55;Reembolsado;15990;495;16485;3198;0.0000;12792;1;PANTALÓN MUJER NICOPOLY BLANCO PINZAS TIRO ALTO;MPM10001752491-4;N04120AS-5;18/01/2025 09:58:56;5d_Retiro Tienda Ripley Talca;Betancourt Pantoja;Juana Paola;;"8 Oriente 1212 ";" 2do Piso. Modulo Retiro en Tienda";;;TALCA;VII REGION;CL;Betancourt Pantoja;Juana Paola;;Once medio ote D  3106;;;;TALCA;VII REGION;CL;15990;0;495;0;16485;0;CLP
000000503106;23267449401-A;18/01/2025 11:29:47;Cerrado;13990;330;14320;2798;0.0000;11192;1;POLERA MANGA LARGA CUELLO CAMISERO NEGRO NICOPOLY;MPM10001710249-3;N05028BM;18/01/2025 11:29:49;5d_Retiro Tienda Ripley Chillán;Cereceda   Vsquez;Yohana  Maribel;;"5 de Abril 699 ";4to Piso. Centro de atención al Cliente;;;CHILLAN;VIII REGION;CL;Cereceda   Vsquez;Yohana  Maribel;;Villa islas del sur pasaje isla Lenno 1165;;;;CHILLAN;VIII REGION;CL;13990;0;330;0;14320;0;CLP
000000503106;23267449401-A;18/01/2025 11:29:47;Cerrado;13990;330;14320;2798;0.0000;11192;1;POLERA MANGA LARGA CUELLO CAMISERO ROJO NICOPOLY;MPM10001710254-2;N05028DM;18/01/2025 11:29:49;5d_Retiro Tienda Ripley Chillán;Cereceda   Vsquez;Yohana  Maribel;;"5 de Abril 699 ";4to Piso. Centro de atención al Cliente;;;CHILLAN;VIII REGION;CL;Cereceda   Vsquez;Yohana  Maribel;;Villa islas del sur pasaje isla Lenno 1165;;;;CHILLAN;VIII REGION;CL;13990;0;330;0;14320;0;CLP
000000503106;23267449401-A;18/01/2025 11:29:47;Cerrado;16490;330;16820;3298;0.0000;13192;1;PANTALÓN MUJER NICOPOLY BLANCO RECTO COSTURA FRONTAL;MPM10001713158-2;N04301AM-5;18/01/2025 11:29:49;5d_Retiro Tienda Ripley Chillán;Cereceda   Vsquez;Yohana  Maribel;;"5 de Abril 699 ";4to Piso. Centro de atención al Cliente;;;CHILLAN;VIII REGION;CL;Cereceda   Vsquez;Yohana  Maribel;;Villa islas del sur pasaje isla Lenno 1165;;;;CHILLAN;VIII REGION;CL;16490;0;330;0;16820;0;CLP
000000503106;23267507001-A;18/01/2025 12:10:19;Cerrado;19990;990;20980;3998;0.0000;15992;1;TRENCH MIDI ÓXIDO NICOPOLY;MPM00048128728-4;N02298RM;18/01/2025 12:10:20;5d_Retiro Tienda Ripley Talca;Alvarez;Tamara;;"8 Oriente 1212 ";" 2do Piso. Modulo Retiro en Tienda";;;TALCA;VII REGION;CL;Alvarez;Tamara;;pasaje 14 y media sur 1661;;;;TALCA;VII REGION;CL;19990;0;990;0;20980;0;CLP
000000503106;23267521501-A;18/01/2025 12:20:25;Cerrado;26490;990;27480;5298;0.0000;21192;1;BLAZER BOLSILLOS Y BOTÓN ROJO NICOPOLY;MPM10001752521-4;N04260DL-5;18/01/2025 12:20:26;5d_Retiro Tienda Ripley Mall Concepción;Chavez;Fabiola;;"Barros Arana 1068, Concepcion ";" 3er Piso. Modulo Retiro en Tienda";;;CONCEPCION;VIII REGION;CL;Chavez;Fabiola;;Barrio arturo subterra  120;;;;CONCEPCION;VIII REGION;CL;26490;0;990;0;27480;0;CLP
000000503106;23267648001-A;18/01/2025 13:47:32;Cerrado;23990;990;24980;4798;0.0000;19192;1;BLAZER MANGA 3/4 AJUSTADA CON PLIEGUES NEGRO NICOPOLY;MPM10001752792-4;N03049BM-5;18/01/2025 13:47:33;4d_Retiro Tienda Ripley Huechuraba;Soto;Marcela;;"Av. Americo Vespucio Norte 1737 ";" 2do Piso. Modulo Retiro en Tienda";;;HUECHURABA;REG.METROPOLITANA;CL;Soto;Marcela;;Antuhuenu  7307;;;;HUECHURABA;REG.METROPOLITANA;CL;23990;0;990;0;24980;0;CLP
000000503106;23267862101-A;18/01/2025 15:58:27;Cerrado;17990;0;17990;3598;0.0000;14392;1;PANTALÓN MUJER NICOPOLY AZUL GRISÁCEO PRETINA ANCHA;MPM10001848635-3;N05081CXL;18/01/2025 15:58:29;10d_Retiro Tienda Ripley Iquique;Ayavire;Evelyn;;"Vivar 550 ";" 4to Piso. Servicio al Cliente";;;IQUIQUE;I REGION;CL;Ayavire;Evelyn;;Mejillones 2257;;;;IQUIQUE;I REGION;CL;17990;0;0;0;17990;0;CLP
000000503106;23268042601-A;18/01/2025 17:31:17;Cerrado;26490;990;27480;5298;0.0000;21192;1;CHAQUETA ECOCUERO TIPO BIKER NEGRO NICOPOLY;MPM10001735076-3;N02107BL-5;18/01/2025 17:31:18;5d_Retiro Tienda Ripley La Calera;Vera;Tamara;;"JJ Perez 90, La Calera ";" 2do Piso. Modulo Retiro en Tienda";;;CALERA;V REGION;CL;Vera;Tamara;;José Joaquín Pérez  247;;;;CALERA;V REGION;CL;26490;0;990;0;27480;0;CLP
000000503106;23268061802-A;18/01/2025 17:42:33;Cerrado;12990;0;12990;2598;0.0000;10392;1;VESTIDO ESCOTE V FLORES VERDE NICOPOLY;MPM10000705702-3;N04141EM;18/01/2025 17:42:34;5d_Retiro Tienda Ripley Chillán;Sepulveda;Yocelin;;"5 de Abril 699 ";4to Piso. Centro de atención al Cliente;;;CHILLAN;VIII REGION;CL;Sepulveda;Yocelin;;Minas del prado 0;;;;CHILLAN;VIII REGION;CL;12990;0;0;0;12990;0;CLP
000000503106;23268280902-A;18/01/2025 19:42:16;Cerrado;16490;990;17480;3298;0.0000;13192;1;PANTALÓN MUJER NICOPOLY BURDEO RECTO PINZAS S;MPM10001437620-1;N04277TM;18/01/2025 19:42:18;4d_Retiro Tienda Ripley Arauco Maipu;Jorquera;Grisel;;"Av. Americo Vespucio 399 ";" 2do Piso. Modulo Retiro en Tienda";;;MAIPU;REG.METROPOLITANA;CL;Jorquera;Grisel;;coronel francisco montes 5563;;;;MAIPU;REG.METROPOLITANA;CL;16490;0;990;0;17480;0;CLP
000000503106;23268293701-A;18/01/2025 19:47:13;Cerrado;23990;990;24980;4798;0.0000;19192;1;CHAQUETA CUELLO MAO ECOCUERO BURDEOS NICOPOLY;MPM00043455312-1;N02106TS;18/01/2025 19:47:14;10d_Retiro Tienda Ripley Iquique;Cayo;Karen;;"Vivar 550 ";" 4to Piso. Servicio al Cliente";;;IQUIQUE;I REGION;CL;Cayo;Karen;;Matilla 3451;;;;IQUIQUE;I REGION;CL;23990;0;990;0;24980;0;CLP
000000503106;23268342601-A;18/01/2025 20:17:30;Cerrado;16490;990;17480;3298;0.0000;13192;1;PANTALÓN MUJER NICOPOLY NEGRO CON PINZAS RECTO;MPM10001752472-1;N04277BS-5;18/01/2025 20:17:31;10d_Retiro Tienda Ripley Antofagasta;Argana;Julieta;;"Arturo Prat 530 ";" 4to Piso. Servicio al Cliente";;;ANTOFAGASTA;II REGION;CL;Argana;Julieta;;Manuel antonio matta 2429;;;;ANTOFAGASTA;II REGION;CL;16490;0;990;0;17480;0;CLP
000000503106;23268361002-A;18/01/2025 20:27:12;Reembolsado;13990;0;13990;2798;0.0000;11192;1;BLUSA ESCOTE V SIN MANGAS CELESTE NICOPOLY;MPM10001919200-1;N05136KS;18/01/2025 20:27:13;Flujo Same day BX;Yévenes;Jimena;;Pasaje Municipio 384;Casa;;;LO PRADO;REG.METROPOLITANA;CL;Yévenes;Jimena;;Pasaje Municipio 384;;;;LO PRADO;REG.METROPOLITANA;CL;13990;0;0;0;13990;0;CLP
000000503106;23268501701-A;18/01/2025 21:55:10;Cerrado;26490;990;27480;5298;0.0000;21192;1;BLAZER BOLSILLOS Y BOTÓN ROJO NICOPOLY;MPM10001752521-4;N04260DL-5;18/01/2025 21:55:11;5d_Retiro Tienda Ripley Mall Concepción;Coloma;Francisca Danae;;"Barros Arana 1068, Concepcion ";" 3er Piso. Modulo Retiro en Tienda";;;CONCEPCION;VIII REGION;CL;Coloma;Francisca Danae;;San Martin 109;;;;CONCEPCION;VIII REGION;CL;26490;0;990;0;27480;0;CLP
000000503106;23268638801-A;18/01/2025 23:12:03;Cerrado;9490;990;10480;1898;0.0000;7592;1;TOP BÁSICO LEOPARDO TIPO SATÍN CAFÉ NICOPOLY;MPM10001919203-2;N05125LS;18/01/2025 23:12:04;6d_Retiro Tienda Ripley Nueva Valdivia;Gonzalez;Francisca;;"Arauco 561 ";" 3er Piso. Servicio al Cliente";;;VALDIVIA;XIV REGION;CL;Gonzalez;Francisca;;Avenida Toro Bayo 2255;;;;VALDIVIA;XIV REGION;CL;9490;0;990;0;10480;0;CLP
000000503106;23268715901-A;18/01/2025 23:59:31;Cerrado;15990;990;16980;3198;0.0000;12792;1;BLUSA CON LAZO DESMONTABLE BLANCO NICOPOLY;MPM10001752453-2;N04270AM-5;18/01/2025 23:59:32;4d_Retiro Tienda Ripley San Bernardo;Lillo;"Ana ";;"Av. Pdte. Jorge Alessandri Rodríguez 20040, San Bernardo ";2do Piso. Modulo Retiro en Tienda;;;SN.BERNARDO;REG.METROPOLITANA;CL;Lillo;"Ana ";;Almirante Riveros 0630 torre 12 dpto 110;;;;SN.BERNARDO;REG.METROPOLITANA;CL;15990;0;990;0;16980;0;CLP
000000503106;23268721801-A;19/01/2025 00:06:48;Cerrado;16990;3990;20980;3398;0.0000;13592;1;PANTALÓN MUJER NICOPOLY BURDEO PINZAS RECTO;MPM10001497453-2;N04298TS;19/01/2025 00:06:49;Flujo Same day BX;Mellado;Katherine;;Segunda Avenida  1179;204;;;SAN MIGUEL;REG.METROPOLITANA;CL;Mellado;Katherine;;Segunda Avenida  1179;;;;SAN MIGUEL;REG.METROPOLITANA;CL;16990;0;3990;0;20980;0;CLP
000000503106;23268817401-A;19/01/2025 01:23:24;Cerrado;26490;6990;33480;5298;0.0000;21192;1;CHAQUETA ECOCUERO TIPO BIKER NEGRO NICOPOLY;MPM10001735076-3;N02107BL-5;19/01/2025 01:23:25;Flujo Crossdock- Ripley PAQ;Bustamante;Rebeca;;Agua de la parra 2026;S/N;;;PETORCA;V REGION;CL;Bustamante;Rebeca;;Agua de la parra 2026;;;;PETORCA;V REGION;CL;26490;0;6990;0;33480;0;CLP
000000503106;23268895601-A;19/01/2025 08:07:28;Cerrado;26490;990;27480;5298;0.0000;21192;1;BLAZER BOLSILLOS CON SOLAPAS KHAKI NICOPOLY;MPM10001437613-4;N04260LXL;19/01/2025 08:07:31;5d_Retiro Tienda Ripley El Trébol;Silva;Rosa;;"Avenida Jorge Alessandri 3177 ";" 3er Piso. Modulo Retiro en Tienda";;;TALCAHUANO;VIII REGION;CL;Silva;Rosa;;Covadonga 240;;;;TALCAHUANO;VIII REGION;CL;26490;0;990;0;27480;0;CLP
000000503106;23268901501-A;19/01/2025 08:26:45;Cerrado;18990;0;18990;3798;0.0000;15192;1;PANTALÓN MUJER NICOPOLY BLANCO TIRO ALTO JASPEADO;MPM10001849485-3;N05022AL;19/01/2025 08:26:46;4d_Retiro Tienda Ripley Huechuraba;Alvarez Salazar;Ivonne;;"Av. Americo Vespucio Norte 1737 ";" 2do Piso. Modulo Retiro en Tienda";;;HUECHURABA;REG.METROPOLITANA;CL;Alvarez Salazar;Ivonne;;Pasaje Guayaquil 495;;;;HUECHURABA;REG.METROPOLITANA;CL;18990;0;0;0;18990;0;CLP
000000503106;23268942301-A;19/01/2025 09:42:34;Cerrado;9990;990;10980;1998;0.0000;7992;1;BODY FLORAL FUCSIA NICOPOLY;MPM00071081656-2;N02411SXL;19/01/2025 09:42:36;5d_Retiro Tienda Ripley Valparaíso;"Diaz ";"JOSEPH ";;"Plaza Victoria 1646 ";" 4to Piso. Servicio al Cliente";;;VALPARAISO;V REGION;CL;Cofre;Stephanie;;El Vergel 145;;;;VALPARAISO;V REGION;CL;9990;0;990;0;10980;0;CLP
000000503106;23268989101-A;19/01/2025 10:33:26;Cerrado;11990;5980;17970;2398;0.0000;9592;1;VESTIDO CALADO FORRO ROSADO NICOPOLY;MPM00071262168-1;N02327HM;19/01/2025 10:33:27;Flujo Crossdock- Ripley PAQ;"Nez Santibaez ";"Maria Teresa ";;Alejandro galaz  337;Casa, al frente condominio los Lirios;;;CASABLANCA;V REGION;CL;"Nez Santibaez ";"Maria Teresa ";;Alejandro galaz  337;;;;CASABLANCA;V REGION;CL;11990;0;5980;0;17970;0;CLP
000000503106;23269006101-A;19/01/2025 10:40:44;Cerrado;12990;0;12990;2598;0.0000;10392;1;BODY HALTER TIPO SATÍN BLANCO NICOPOLY;MPM10001878229-2;N05047AL;19/01/2025 10:40:46;Flujo Crossdock- Ripley PAQ;Fernndez Matamala;"Daniela ";;San Martin 140;1107;;;CONCEPCION;VIII REGION;CL;Fernndez Matamala;"Daniela ";;San Martin 140;;;;CONCEPCION;VIII REGION;CL;12990;0;0;0;12990;0;CLP
000000503106;23269006101-A;19/01/2025 10:40:44;Cerrado;12990;0;12990;2598;0.0000;10392;1;BODY HALTER TIPO SATÍN VERDE OSCURO NICOPOLY;MPM10001878226-1;N05047EL;19/01/2025 10:40:46;Flujo Crossdock- Ripley PAQ;Fernndez Matamala;"Daniela ";;San Martin 140;1107;;;CONCEPCION;VIII REGION;CL;Fernndez Matamala;"Daniela ";;San Martin 140;;;;CONCEPCION;VIII REGION;CL;12990;0;0;0;12990;0;CLP
000000503106;23269006101-A;19/01/2025 10:40:44;Cerrado;18490;0;18490;3698;0.0000;14792;1;PANTALÓN MUJER NICOPOLY BLANCO MEZCLA LINO;MPM10001878082-3;N05020AL;19/01/2025 10:40:46;Flujo Crossdock- Ripley PAQ;Fernndez Matamala;"Daniela ";;San Martin 140;1107;;;CONCEPCION;VIII REGION;CL;Fernndez Matamala;"Daniela ";;San Martin 140;;;;CONCEPCION;VIII REGION;CL;18490;0;0;0;18490;0;CLP
000000503106;23269006101-A;19/01/2025 10:40:45;Cerrado;13990;0;13990;2798;0.0000;11192;1;VESTIDO CORTO MUJER NICOPOLY BLANCO ABERTURAS MANGAS;MPM10001849478-1;N02336AM-5;19/01/2025 10:40:46;Flujo Crossdock- Ripley PAQ;Fernndez Matamala;"Daniela ";;San Martin 140;1107;;;CONCEPCION;VIII REGION;CL;Fernndez Matamala;"Daniela ";;San Martin 140;;;;CONCEPCION;VIII REGION;CL;13990;0;0;0;13990;0;CLP
000000503106;23269034101-A;19/01/2025 11:07:05;Reembolsado;24990;3980;28970;4998;0.0000;19992;1;CHAQUETA BIKER ECOCUERO CORTA NEGRO  NICOPOLY;MPM10001383962-1;N04201BXL;19/01/2025 11:07:06;Flujo Same day BX;Castillo;Elisa;;Avenida la florida 10269;Depto 820;;;LA FLORIDA;REG.METROPOLITANA;CL;Castillo;Elisa;;Avenida la florida 10269;;;;LA FLORIDA;REG.METROPOLITANA;CL;24990;0;3980;0;28970;0;CLP
000000503106;23269079101-A;19/01/2025 11:43:44;Cerrado;15990;0;15990;3198;0.0000;12792;1;ENTERITO LARGO MUJER NICOPOLY NEGRO COMFY;MPM10001916740-4;N02413BS-5;19/01/2025 11:43:45;5d_Retiro Tienda Ripley Viña del Mar Sucre;Segura;Myriam;;"Sucre 290, Viña ";5to Piso. Modulo Retiro en Tienda;;;VI.A DEL MA;V REGION;CL;Segura;Myriam;;Valparaíso 1327;;;;VI.A DEL MA;V REGION;CL;15990;0;0;0;15990;0;CLP
000000503106;23269104301-A;19/01/2025 12:00:17;Cerrado;9990;990;10980;1998;0.0000;7992;1;BLUSA SATÍN ENCAJE TIRANTE ANCHO LILA NICOPOLY;MPM10000693725-4;N04054ZL;19/01/2025 12:00:18;4d_Retiro Tienda Ripley Tobalaba;Castro;Felipe;;"Av. Camilo Henríquez 3296, Puente Alto ";2do Piso. Modulo Retiro en Tienda;;;PUENTE ALTO;REG.METROPOLITANA;CL;Castro;Felipe;;Calle Nocedal / punta de dama 0585;;;;PUENTE ALTO;REG.METROPOLITANA;CL;9990;0;990;0;10980;0;CLP
000000503106;23269153202-A;19/01/2025 12:28:33;Cerrado;12990;990;13980;2598;0.0000;10392;1;VESTIDO CORTO MUJER NICOPOLY BLANCO CUELLO HALTER;MPM10001878055-4;N04063AM-5;19/01/2025 12:28:35;5d_Retiro Tienda Ripley Marina Arauco;Loyola;Bernardita;;"Avenida Libertad 1348 ";" Piso 4. Modulo Retiro en Tienda";;;VI.A DEL MA;V REGION;CL;Loyola;Bernardita;;pasaje 38  villa dulce 294;;;;VI.A DEL MA;V REGION;CL;12990;0;990;0;13980;0;CLP
000000503106;23269230001-A;19/01/2025 13:19:21;Cerrado;22190;495;22685;4438;0.0000;17752;1;VESTIDO UN HOMBRO Y TAJO MUJER NICOPOLY FUCSIA;MPM00084129770-3;N03077SS;19/01/2025 13:19:22;4d_Retiro Tienda Ripley Costanera Center;Villagra;Isabel;;"Avenida Andrés Bello 2422 ";" 1er Piso. Modulo Retiro en Tienda";;;PROVIDENCIA;REG.METROPOLITANA;CL;Villagra;Isabel;;epu 421;;;;PROVIDENCIA;REG.METROPOLITANA;CL;22190;0;495;0;22685;0;CLP
000000503106;23269230001-A;19/01/2025 13:19:21;Cerrado;21990;495;22485;4398;0.0000;17592;1;VESTIDO PLISADO VUELITOS VERDE NICOPOLY;MPM00071350358-3;N02341EXS;19/01/2025 13:19:22;4d_Retiro Tienda Ripley Costanera Center;Villagra;Isabel;;"Avenida Andrés Bello 2422 ";" 1er Piso. Modulo Retiro en Tienda";;;PROVIDENCIA;REG.METROPOLITANA;CL;Villagra;Isabel;;epu 421;;;;PROVIDENCIA;REG.METROPOLITANA;CL;21990;0;495;0;22485;0;CLP
000000503106;23269304701-A;19/01/2025 13:54:07;Cerrado;16490;990;17480;3298;0.0000;13192;1;PANTALÓN MUJER NICOPOLY LÚCUMA CON COSTURAS FRONTALES RECTO;MPM10001448833-2;N04301FXL;19/01/2025 13:54:08;5d_Retiro Tienda Ripley Marina Arauco;Pulgar;Gloria;;"Avenida Libertad 1348 ";" Piso 4. Modulo Retiro en Tienda";;;VI.A DEL MA;V REGION;CL;Pulgar;Gloria;;Emiliano figueroa 172;;;;VI.A DEL MA;V REGION;CL;16490;0;990;0;17480;0;CLP
000000503106;23269422401-A;19/01/2025 15:00:36;Cerrado;16490;495;16985;3298;0.0000;13192;1;PANTALÓN MUJER NICOPOLY BURDEO RECTO PINZAS S;MPM10001437620-1;N04277TM;19/01/2025 15:00:38;5d_Retiro Tienda Ripley Mall Concepción;Romero;Tamara;;"Barros Arana 1068, Concepcion ";" 3er Piso. Modulo Retiro en Tienda";;;CONCEPCION;VIII REGION;CL;Romero;Tamara;;Av. Chacabuco 249;;;;CONCEPCION;VIII REGION;CL;16490;0;495;0;16985;0;CLP
000000503106;23269422401-A;19/01/2025 15:00:36;Cerrado;16490;495;16985;3298;0.0000;13192;1;PANTALÓN MUJER NICOPOLY NEGRO CON PINZAS RECTO;MPM10001752472-4;N04277BM-5;19/01/2025 15:00:38;5d_Retiro Tienda Ripley Mall Concepción;Romero;Tamara;;"Barros Arana 1068, Concepcion ";" 3er Piso. Modulo Retiro en Tienda";;;CONCEPCION;VIII REGION;CL;Romero;Tamara;;Av. Chacabuco 249;;;;CONCEPCION;VIII REGION;CL;16490;0;495;0;16985;0;CLP
000000503106;23269741801-A;19/01/2025 17:27:23;Cerrado;13990;990;14980;2798;0.0000;11192;1;VESTIDO CORTO MUJER NICOPOLY BLANCO ABERTURAS MANGAS;MPM10001849478-1;N02336AM-5;19/01/2025 17:27:24;5d_Retiro Tienda Ripley Viña del Mar Sucre;Paoa;Raul;;"Sucre 290, Viña ";5to Piso. Modulo Retiro en Tienda;;;VI.A DEL MA;V REGION;CL;Paoa;Raul;;Asturias  1630;;;;VI.A DEL MA;V REGION;CL;13990;0;990;0;14980;0;CLP
000000503106;23269742501-A;19/01/2025 17:29:38;Cerrado;13990;990;14980;2798;0.0000;11192;1;SHORT MUJER NICOPOLY AZUL GRISÁCEO HOLGADO;MPM10001878076-3;N05078CS;19/01/2025 17:29:40;4d_Retiro Tienda Ripley Tobalaba;Ossandón;Susana;;"Av. Camilo Henríquez 3296, Puente Alto ";2do Piso. Modulo Retiro en Tienda;;;PUENTE ALTO;REG.METROPOLITANA;CL;Ossandón;Susana;;el parronal 07544;;;;PUENTE ALTO;REG.METROPOLITANA;CL;13990;0;990;0;14980;0;CLP
000000503106;23269779401-A;19/01/2025 17:45:52;Cerrado;20990;990;21980;4198;0.0000;16792;1;BLAZER LARGO 4 BOTONES KHAKI NICOPOLY;MPM10001752459-2;N00212LL-5;19/01/2025 17:45:54;10d_Retiro Tienda Ripley Calama;Tapia;Stephanie;;"Balmaceda 3242, Calama ";" 2do Piso. Servicio al Cliente";;;CALAMA;II REGION;CL;Tapia;Stephanie;;Vasco de gama 2192;;;;CALAMA;II REGION;CL;20990;0;990;0;21980;0;CLP
000000503106;23269858101-A;19/01/2025 18:25:46;Cerrado;26490;990;27480;5298;0.0000;21192;1;CHAQUETA ECOCUERO TIPO BIKER NEGRO NICOPOLY;MPM10001735076-2;N02107BS-5;19/01/2025 18:25:47;5d_Retiro Tienda Ripley Rancagua;becerra bustos;Juan;;"José Domingo Mujica 490 ";" 3er Piso. Modulo Retiro en Tienda";;;RANCAGUA;VI REGION;CL;Vargas Pavez;Claudia;;avenida kennedy 01325;;;;RANCAGUA;VI REGION;CL;26490;0;990;0;27480;0;CLP
000000503106;23269948601-A;19/01/2025 19:11:19;Cerrado;15990;3845;19835;3198;0.0000;12792;1;PANTALÓN MUJER NICOPOLY CELESTE PINZAS TIRO ALTO;MPM10001752461-4;N04120KM-5;19/01/2025 19:11:20;Flujo Crossdock- Ripley PAQ;Reyes;Gisselle;;Tirso de Molina 955;S/N;;;P. HURTADO;REG.METROPOLITANA;CL;Reyes;Gisselle;;Tirso de Molina 955;;;;P. HURTADO;REG.METROPOLITANA;CL;15990;0;3845;0;19835;0;CLP
000000503106;23269948601-A;19/01/2025 19:11:19;Cerrado;15990;3845;19835;3198;0.0000;12792;1;PANTALÓN MUJER NICOPOLY KHAKI PINZAS TIRO ALTO;MPM10001752498-3;N04120LM-5;19/01/2025 19:11:20;Flujo Crossdock- Ripley PAQ;Reyes;Gisselle;;Tirso de Molina 955;S/N;;;P. HURTADO;REG.METROPOLITANA;CL;Reyes;Gisselle;;Tirso de Molina 955;;;;P. HURTADO;REG.METROPOLITANA;CL;15990;0;3845;0;19835;0;CLP
000000503106;23270008301-A;19/01/2025 19:41:49;Cerrado;28990;495;29485;5798;0.0000;23192;1;MAXI VESTIDO MUJER NICOPOLY AZUL CORTE IMPERIO FLORAL;MPM10001752469-3;N04010PM-5;19/01/2025 19:41:50;5d_Retiro Tienda Ripley Mall Concepción;Valenzuela;Maria Jesus;;"Barros Arana 1068, Concepcion ";" 3er Piso. Modulo Retiro en Tienda";;;CONCEPCION;VIII REGION;CL;Valenzuela;Maria Jesus;;Maipú 1318;;;;CONCEPCION;VIII REGION;CL;28990;0;495;0;29485;0;CLP
000000503106;23270008301-A;19/01/2025 19:41:49;Cerrado;12990;495;13485;2598;0.0000;10392;1;VESTIDO CORTO MUJER NICOPOLY ROSADO CUELLO HALTER;MPM10001878077-1;N04063HM-5;19/01/2025 19:41:50;5d_Retiro Tienda Ripley Mall Concepción;Valenzuela;Maria Jesus;;"Barros Arana 1068, Concepcion ";" 3er Piso. Modulo Retiro en Tienda";;;CONCEPCION;VIII REGION;CL;Valenzuela;Maria Jesus;;Maipú 1318;;;;CONCEPCION;VIII REGION;CL;12990;0;495;0;13485;0;CLP
000000503106;23270041501-A;19/01/2025 19:57:25;Cerrado;20990;2796;23786;4198;0.0000;16792;1;BLAZER LARGO 4 BOTONES NEGRO NICOPOLY;MPM10001752448-4;N00212BXL-5;19/01/2025 19:57:26;Flujo Crossdock- Ripley PAQ;Vergara;Daniela;;Calle Ramón Freire 317;S/N;;;QUILLOTA;V REGION;CL;Vergara;Daniela;;Calle Ramón Freire 317;;;;QUILLOTA;V REGION;CL;20990;0;2796;0;23786;0;CLP
000000503106;23270041501-A;19/01/2025 19:57:25;Cerrado;26490;2796;29286;5298;0.0000;21192;1;CHAQUETA ECOCUERO TIPO BIKER CAFÉ NICOPOLY;MPM10001735077-1;N02107UXL-5;19/01/2025 19:57:26;Flujo Crossdock- Ripley PAQ;Vergara;Daniela;;Calle Ramón Freire 317;S/N;;;QUILLOTA;V REGION;CL;Vergara;Daniela;;Calle Ramón Freire 317;;;;QUILLOTA;V REGION;CL;26490;0;2796;0;29286;0;CLP
000000503106;23270041501-A;19/01/2025 19:57:25;Cerrado;16490;2796;19286;3298;0.0000;13192;1;PANTALÓN MUJER NICOPOLY ROJO PIERNA ANCHA;MPM10001856324-2;N04017DL-5;19/01/2025 19:57:26;Flujo Crossdock- Ripley PAQ;Vergara;Daniela;;Calle Ramón Freire 317;S/N;;;QUILLOTA;V REGION;CL;Vergara;Daniela;;Calle Ramón Freire 317;;;;QUILLOTA;V REGION;CL;16490;0;2796;0;19286;0;CLP
000000503106;23270044201-A;19/01/2025 19:57:50;Reembolsado;17490;0;17490;3498;0.0000;13992;1;PANTALÓN MUJER NICOPOLY ROJO TIRO ALTO BÁSICO;MPM10001752474-2;N10373DM-5;19/01/2025 19:57:51;4d_Retiro Tienda Ripley Plaza Egaña;"Melndez Arias ";"Elvira ";;"Larrain 5800 ";" 3er Piso. Modulo Retiro en Tienda";;;NUNOA;REG.METROPOLITANA;CL;"Melndez Arias ";"Elvira ";;Avenida Grecia  3980;;;;NUNOA;REG.METROPOLITANA;CL;17490;0;0;0;17490;0;CLP
000000503106;23270172301-A;19/01/2025 21:04:49;Cerrado;13490;8990;22480;2698;0.0000;10792;1;TAPADO CALADO LARGO NEGRO NICOPOLY;MPM10001856349-1;N05110BF;19/01/2025 21:04:50;Flujo Crossdock- Ripley PAQ;Leighton;Gilda;;Pasaje Pehuen 115;S/N;;;VILLARICA;IX REGION;CL;Leighton;Gilda;;Pasaje Pehuen 115;;;;VILLARICA;IX REGION;CL;13490;0;8990;0;22480;0;CLP
000000503106;23270193501-A;19/01/2025 21:17:08;Reembolsado;17990;990;18980;3598;0.0000;14392;1;FALDA MUJER NICOPOLY AZUL DENIM TAJO FRONTAL;MPM10001465761-3;N04269CM;19/01/2025 21:17:09;4d_Retiro Tienda Ripley Arauco Maipu;Izquierdo;"Antonia ";;"Av. Americo Vespucio 399 ";" 2do Piso. Modulo Retiro en Tienda";;;MAIPU;REG.METROPOLITANA;CL;Nuñez;Sara;;Dalila 2876;;;;MAIPU;REG.METROPOLITANA;CL;17990;0;990;0;18980;0;CLP
000000503106;23270208601-A;19/01/2025 21:22:13;Cerrado;24990;0;24990;4998;0.0000;19992;1;BLAZER LARGO MANGA DRAPEADA KHAKI NICOPOLY;MPM10001465243-3;N04262LM;19/01/2025 21:22:14;Flujo Crossdock- Ripley PAQ;Segovia;Naisla;;Callejon Pedro Leon Gallo 645;B 307;;;COPIAPO;III REGION;CL;Segovia;Naisla;;Callejon Pedro Leon Gallo 645;;;;COPIAPO;III REGION;CL;24990;0;0;0;24990;0;CLP
000000503106;23270227102-A;19/01/2025 21:32:54;Cerrado;12490;0;12490;2498;0.0000;9992;1;CÁRDIGAN PUNTO FINO CADENETAS NEGRO NICOPOLY;MPM10001465232-3;N04254BXL;19/01/2025 21:32:55;5d_Retiro Tienda Ripley Viña del Mar Sucre;Vera;Javiera;;"Sucre 290, Viña ";5to Piso. Modulo Retiro en Tienda;;;VI.A DEL MA;V REGION;CL;Vera;Javiera;;"Calle Limache  el salto  3334 ";;;;VI.A DEL MA;V REGION;CL;12490;0;0;0;12490;0;CLP
000000503106;23270238401-A;19/01/2025 21:38:04;Reembolsado;17990;330;18320;3598;0.0000;14392;1;VESTIDO CORTO MUJER NICOPOLY NEGRO TULIPÁN;MPM10001878058-3;N04064BS-5;19/01/2025 21:38:05;4d_Retiro Tienda Ripley Plaza Egaña;Fuentes;Susan;;"Larrain 5800 ";" 3er Piso. Modulo Retiro en Tienda";;;NUNOA;REG.METROPOLITANA;CL;Fuentes;Susan;;El Mercante 1036, Ñuñoa 1036;;;;NUNOA;REG.METROPOLITANA;CL;17990;0;330;0;18320;0;CLP
000000503106;23270238401-A;19/01/2025 21:38:04;Cerrado;16490;330;16820;3298;0.0000;13192;1;VESTIDO MUJER NICOPOLY NEGRO TUBO CON STRASS;MPM10001849460-1;N05119BS;19/01/2025 21:38:05;4d_Retiro Tienda Ripley Plaza Egaña;Fuentes;Susan;;"Larrain 5800 ";" 3er Piso. Modulo Retiro en Tienda";;;NUNOA;REG.METROPOLITANA;CL;Fuentes;Susan;;El Mercante 1036, Ñuñoa 1036;;;;NUNOA;REG.METROPOLITANA;CL;16490;0;330;0;16820;0;CLP
000000503106;23270238401-A;19/01/2025 21:38:04;Cerrado;12990;330;13320;2598;0.0000;10392;1;BODY HALTER TIPO SATÍN BURDEO NICOPOLY;MPM10001878232-2;N05047TS;19/01/2025 21:38:05;4d_Retiro Tienda Ripley Plaza Egaña;Fuentes;Susan;;"Larrain 5800 ";" 3er Piso. Modulo Retiro en Tienda";;;NUNOA;REG.METROPOLITANA;CL;Fuentes;Susan;;El Mercante 1036, Ñuñoa 1036;;;;NUNOA;REG.METROPOLITANA;CL;12990;0;330;0;13320;0;CLP
000000503106;23270366601-A;19/01/2025 22:33:38;Reembolsado;18990;0;18990;3798;0.0000;15192;1;PANTALÓN MUJER NICOPOLY BLANCO TIRO ALTO JASPEADO;MPM10001849485-1;N05022AS;19/01/2025 22:33:39;5d_Retiro Tienda Ripley Chillán;San Martin;Marcia;;"5 de Abril 699 ";4to Piso. Centro de atención al Cliente;;;CHILLAN;VIII REGION;CL;San Martin;Marcia;;Anibalpinto 323;;;;CHILLAN;VIII REGION;CL;18990;0;0;0;18990;0;CLP
000000503106;23270396501-A;19/01/2025 22:45:36;Reembolsado;16490;990;17480;3298;0.0000;13192;1;PANTALÓN MUJER NICOPOLY BLANCO CON PINZAS RECTO;MPM10001752463-4;N04277AL-5;19/01/2025 22:45:37;4d_Retiro Tienda Ripley Plaza Vespucio;Medina;Viviana;;"Av. Vicuña Mackenna Ote. 7110, La Florida ";3er Piso. Modulo Retiro en Tienda;;;LA FLORIDA;REG.METROPOLITANA;CL;Lopez;Graciela;;Walker Martinez 1244;;;;LA FLORIDA;REG.METROPOLITANA;CL;16490;0;990;0;17480;0;CLP
000000503106;23270438301-A;19/01/2025 23:03:42;Cerrado;22190;0;22190;4438;0.0000;17752;1;VESTIDO UN HOMBRO Y TAJO MUJER NICOPOLY FUCSIA;MPM00084129770-3;N03077SS;19/01/2025 23:03:43;4d_Retiro Tienda Ripley Plaza Egaña;Apolo;Andrea;;"Larrain 5800 ";" 3er Piso. Modulo Retiro en Tienda";;;NUNOA;REG.METROPOLITANA;CL;Apolo;Andrea;;Irarrazaval 2220;;;;NUNOA;REG.METROPOLITANA;CL;22190;0;0;0;22190;0;CLP
000000503106;23270438301-A;19/01/2025 23:03:42;Cerrado;16990;0;16990;3398;0.0000;13592;1;VESTIDO TIPO SATÍN DETALLES DRAPEADOS NARANJA NICOPOLY;MPM00071350122-3;N02424JS;19/01/2025 23:03:43;4d_Retiro Tienda Ripley Plaza Egaña;Apolo;Andrea;;"Larrain 5800 ";" 3er Piso. Modulo Retiro en Tienda";;;NUNOA;REG.METROPOLITANA;CL;Apolo;Andrea;;Irarrazaval 2220;;;;NUNOA;REG.METROPOLITANA;CL;16990;0;0;0;16990;0;CLP
000000503106;23270481701-A;19/01/2025 23:21:11;Cerrado;27990;3990;31980;5598;0.0000;22392;1;ENTERITO MUJER NICOPOLY NEGRO BUSTIER ENCAJE;MPM10001919198-1;N05023BM;19/01/2025 23:21:12;Flujo Same day BX;"Sagredo ";"Tamara ";;Avenida providencia 1126;S/N;;;PROVIDENCIA;REG.METROPOLITANA;CL;"Sagredo ";"Tamara ";;Avenida providencia 1126;;;;PROVIDENCIA;REG.METROPOLITANA;CL;27990;0;3990;0;31980;0;CLP
000000503106;23270564701-A;19/01/2025 23:50:41;Cerrado;13490;0;13490;2698;0.0000;10792;1;CÁRDIGAN BOTONES ACANALADO BURDEOS NICOPOLY;MPM10001491756-2;N04180TM;19/01/2025 23:50:42;4d_Retiro Tienda Ripley Plaza Egaña;Ordenes;Paulina;;"Larrain 5800 ";" 3er Piso. Modulo Retiro en Tienda";;;NUNOA;REG.METROPOLITANA;CL;Ordenes;Paulina;;la cañada 6231 406;;;;NUNOA;REG.METROPOLITANA;CL;13490;0;0;0;13490;0;CLP
000000503106;23270564701-A;19/01/2025 23:50:41;Cerrado;12490;0;12490;2498;0.0000;9992;1;FALDA MUJER NICOPOLY BURDEO MIDI ACANALADA;MPM10001491710-3;N04176TS;19/01/2025 23:50:42;4d_Retiro Tienda Ripley Plaza Egaña;Ordenes;Paulina;;"Larrain 5800 ";" 3er Piso. Modulo Retiro en Tienda";;;NUNOA;REG.METROPOLITANA;CL;Ordenes;Paulina;;la cañada 6231 406;;;;NUNOA;REG.METROPOLITANA;CL;12490;0;0;0;12490;0;CLP
000000503106;23270564701-A;19/01/2025 23:50:41;Reembolsado;21990;0;21990;4398;0.0000;17592;1;CHAQUETA BOMBER BROCHES BLANCO INVIERNO NICOPOLY;MPM10001465285-4;N04263AM;19/01/2025 23:50:42;4d_Retiro Tienda Ripley Plaza Egaña;Ordenes;Paulina;;"Larrain 5800 ";" 3er Piso. Modulo Retiro en Tienda";;;NUNOA;REG.METROPOLITANA;CL;Ordenes;Paulina;;la cañada 6231 406;;;;NUNOA;REG.METROPOLITANA;CL;21990;0;0;0;21990;0;CLP
000000503106;23270564701-A;19/01/2025 23:50:41;Reembolsado;17990;0;17990;3598;0.0000;14392;1;PANTALÓN MUJER NICOPOLY NEGRO TIPO SATÍN;MPM10001916756-2;N05018BM;19/01/2025 23:50:42;4d_Retiro Tienda Ripley Plaza Egaña;Ordenes;Paulina;;"Larrain 5800 ";" 3er Piso. Modulo Retiro en Tienda";;;NUNOA;REG.METROPOLITANA;CL;Ordenes;Paulina;;la cañada 6231 406;;;;NUNOA;REG.METROPOLITANA;CL;17990;0;0;0;17990;0;CLP
000000503106;23270579201-A;20/01/2025 00:01:47;Cerrado;11990;495;12485;2398;0.0000;9592;1;VESTIDO CALADO FORRO ROSADO NICOPOLY;MPM00071262168-2;N02327HL;20/01/2025 00:01:48;4d_Retiro Tienda Ripley Puente;Marchant;Lessly;;"21 de Mayo 698 ";4to Piso. Modulo Retiro en Tienda;;;SANTIAGO;REG.METROPOLITANA;CL;Marchant;Lessly;;Calle Cementerio Pasaje Herrera 7;;;;SANTIAGO;REG.METROPOLITANA;CL;11990;0;495;0;12485;0;CLP
000000503106;23270579201-A;20/01/2025 00:01:47;Cerrado;11990;495;12485;2398;0.0000;9592;1;VESTIDO CALADO FORRO NEGRO NICOPOLY;MPM00071262702-4;N02327BL;20/01/2025 00:01:48;4d_Retiro Tienda Ripley Puente;Marchant;Lessly;;"21 de Mayo 698 ";4to Piso. Modulo Retiro en Tienda;;;SANTIAGO;REG.METROPOLITANA;CL;Marchant;Lessly;;Calle Cementerio Pasaje Herrera 7;;;;SANTIAGO;REG.METROPOLITANA;CL;11990;0;495;0;12485;0;CLP
000000503106;23270589101-A;20/01/2025 00:04:33;Reembolsado;16490;495;16985;3298;0.0000;13192;1;PANTALÓN MUJER NICOPOLY ROJO PIERNA ANCHA;MPM10001856324-2;N04017DL-5;20/01/2025 00:04:35;4d_Retiro Tienda Ripley Crillon;Aranguibel;Nayrelis;;"Agustinas #1025 ";Piso -1. Modulo Retiro en Tienda;;;SANTIAGO;REG.METROPOLITANA;CL;Aranguibel;Nayrelis;;San Diego 895;;;;SANTIAGO;REG.METROPOLITANA;CL;16490;0;495;0;16985;0;CLP
000000503106;23270589101-A;20/01/2025 00:04:33;Reembolsado;16490;495;16985;3298;0.0000;13192;1;PANTALÓN MUJER NICOPOLY ROJO PIERNA ANCHA;MPM10001856324-3;N04017DM-5;20/01/2025 00:04:35;4d_Retiro Tienda Ripley Crillon;Aranguibel;Nayrelis;;"Agustinas #1025 ";Piso -1. Modulo Retiro en Tienda;;;SANTIAGO;REG.METROPOLITANA;CL;Aranguibel;Nayrelis;;San Diego 895;;;;SANTIAGO;REG.METROPOLITANA;CL;16490;0;495;0;16985;0;CLP
000000503106;23270590202-A;20/01/2025 00:05:37;Cerrado;12990;0;12990;2598;0.0000;10392;1;CHALECO GILET RAYAS KHAKI NICOPOLY;MPM10001491782-2;N04306LM;20/01/2025 00:05:39;Flujo Same day BX;Rodriguez Bello;Icela Marili;;Rivas Vicuña 1590;420 Torre Andacollo;;;QTA. NORMAL;REG.METROPOLITANA;CL;Rodriguez Bello;Icela Marili;;Rivas Vicuña 1590;;;;QTA. NORMAL;REG.METROPOLITANA;CL;12990;0;0;0;12990;0;CLP
000000503106;23270659101-A;20/01/2025 00:41:04;Cerrado;12990;495;13485;2598;0.0000;10392;1;BLUSA BOTONERA INVISIBLE CELESTE NICOPOLY;MPM10001713161-3;N00089KL-5;20/01/2025 00:41:05;10d_Retiro Tienda Ripley La Serena;Cuevas Castillo;Yanett;;"Gregorio Cordovez 499 ";" 3er Piso. Modulo Retiro en Tienda";;;LA SERENA;IV REGION;CL;Cuevas Castillo;Yanett;;Rio claro villa potrerillos 167;;;;LA SERENA;IV REGION;CL;12990;0;495;0;13485;0;CLP
000000503106;23270659101-A;20/01/2025 00:41:04;Cerrado;10990;495;11485;2198;0.0000;8792;1;SWEATER TIPO HILO MANGA PRINCESA NARANJA NICOPOLY;MPM10001491753-2;N04249RL;20/01/2025 00:41:05;10d_Retiro Tienda Ripley La Serena;Cuevas Castillo;Yanett;;"Gregorio Cordovez 499 ";" 3er Piso. Modulo Retiro en Tienda";;;LA SERENA;IV REGION;CL;Cuevas Castillo;Yanett;;Rio claro villa potrerillos 167;;;;LA SERENA;IV REGION;CL;10990;0;495;0;11485;0;CLP
000000503106;23270793901-A;20/01/2025 07:39:23;Cerrado;12490;990;13480;2498;0.0000;9992;1;SHORT MUJER NICOPOLY NEGRO BÁSICO FORMAL;MPM10001437614-3;N04049BM-4;20/01/2025 07:39:24;4d_Retiro Tienda Ripley Crillon;Lemee;Sonja;;"Agustinas #1025 ";Piso -1. Modulo Retiro en Tienda;;;SANTIAGO;REG.METROPOLITANA;CL;Lemee;Sonja;;san matin  841;;;;SANTIAGO;REG.METROPOLITANA;CL;12490;0;990;0;13480;0;CLP
000000503106;23271073201-A;20/01/2025 11:36:55;Cerrado;12990;990;13980;2598;0.0000;10392;1;MAXI VESTIDO MUJER NICOPOLY CAFÉ TAJO Y COSTURAS;MPM10001448938-3;N04266UM;20/01/2025 11:36:56;4d_Retiro Tienda Ripley Plaza Oeste;Escobar;Erick;;"Américo Vespucio 1501 ";" 3er Piso. Modulo Retiro en Tienda";;;CERRILLOS;REG.METROPOLITANA;CL;Yaez;Jennifer;;Avenida Diagonal Travesia 588;;;;CERRILLOS;REG.METROPOLITANA;CL;12990;0;990;0;13980;0;CLP
000000503106;23271148401-A;20/01/2025 12:14:39;Cerrado;22990;970;23960;4598;0.0000;18392;1;ENTERITO MUJER NICOPOLY VERDE OLIVA LAZO Y HEBILLA;MPM10001849448-1;N04058MS-5;20/01/2025 12:14:40;Flujo Crossdock- Ripley PAQ;Torres;"Jennifer ";;avenida claudio arrau leon   villa rukan 205;S/N;;;VI.A DEL MA;V REGION;CL;Torres;"Jennifer ";;avenida claudio arrau leon   villa rukan 205;;;;VI.A DEL MA;V REGION;CL;22990;0;970;0;23960;0;CLP
000000503106;23271168101-A;20/01/2025 12:26:26;Cerrado;22190;990;23180;4438;0.0000;17752;1;VESTIDO UN HOMBRO Y TAJO MUJER NICOPOLY FUCSIA;MPM00084129770-3;N03077SS;20/01/2025 12:26:27;4d_Retiro Tienda Ripley Plaza Egaña;San Martín Cornejo;Ana Vanessa;;"Larrain 5800 ";" 3er Piso. Modulo Retiro en Tienda";;;NUNOA;REG.METROPOLITANA;CL;San Martín Cornejo;Ana Vanessa;;Von Schroeder 385;;;;NUNOA;REG.METROPOLITANA;CL;22190;0;990;0;23180;0;CLP
000000503106;23271228901-A;20/01/2025 12:52:27;Cerrado;10990;77;11067;2198;0.0000;8792;1;BODY ACANALADO MANGA LARGA ROJO NICOPOLY;MPM00084129352-4;N03130YM;20/01/2025 12:52:28;Flujo Crossdock- Ripley PAQ;Cofre;Cecilia;;Huaytiquina 860;Casa;;;CALAMA;II REGION;CL;Cofre;Cecilia;;Huaytiquina 860;;;;CALAMA;II REGION;CL;10990;0;77;0;11067;0;CLP
000000503106;23271228901-A;20/01/2025 12:52:27;Cerrado;9990;77;10067;1998;0.0000;7992;1;BODY ESCOTE DRAPEADO LENTEJUELAS BURDEO NICOPOLY;MPM10001916741-3;N05014TM;20/01/2025 12:52:28;Flujo Crossdock- Ripley PAQ;Cofre;Cecilia;;Huaytiquina 860;Casa;;;CALAMA;II REGION;CL;Cofre;Cecilia;;Huaytiquina 860;;;;CALAMA;II REGION;CL;9990;0;77;0;10067;0;CLP
000000503106;23271228901-A;20/01/2025 12:52:27;Cerrado;9990;77;10067;1998;0.0000;7992;1;BODY ESCOTE DRAPEADO LENTEJUELAS NEGRO NICOPOLY;MPM10001916748-3;N05014BM;20/01/2025 12:52:28;Flujo Crossdock- Ripley PAQ;Cofre;Cecilia;;Huaytiquina 860;Casa;;;CALAMA;II REGION;CL;Cofre;Cecilia;;Huaytiquina 860;;;;CALAMA;II REGION;CL;9990;0;77;0;10067;0;CLP
000000503106;23271228901-A;20/01/2025 12:52:27;Cerrado;10990;77;11067;2198;0.0000;8792;1;BODY ACANALADO MANGA LARGA AMARILLO NICOPOLY;MPM00084130371-4;N03130FS;20/01/2025 12:52:28;Flujo Crossdock- Ripley PAQ;Cofre;Cecilia;;Huaytiquina 860;Casa;;;CALAMA;II REGION;CL;Cofre;Cecilia;;Huaytiquina 860;;;;CALAMA;II REGION;CL;10990;0;77;0;11067;0;CLP
000000503106;23271228901-A;20/01/2025 12:52:27;Cerrado;14990;77;15067;2998;0.0000;11992;1;CALZA MUJER NICOPOLY BURDEO LISA CON CIERRE S;MPM10001465170-2;N04295TM;20/01/2025 12:52:28;Flujo Crossdock- Ripley PAQ;Cofre;Cecilia;;Huaytiquina 860;Casa;;;CALAMA;II REGION;CL;Cofre;Cecilia;;Huaytiquina 860;;;;CALAMA;II REGION;CL;14990;0;77;0;15067;0;CLP
000000503106;23271303201-A;20/01/2025 13:30:55;Cerrado;20990;3990;24980;4198;0.0000;16792;1;PANTALÓN MUJER NICOPOLY BLANCO HOLGADO PRETINA ALTA;MPM10001752499-1;N05006AM;20/01/2025 13:30:57;Flujo Same day BX;Fuentes;Patricia;;Balmaceda 2150;1309;;;SANTIAGO;REG.METROPOLITANA;CL;Fuentes;Patricia;;Balmaceda 2150;;;;SANTIAGO;REG.METROPOLITANA;CL;20990;0;3990;0;24980;0;CLP
000000503106;23271681901-A;20/01/2025 16:37:43;Cerrado;27990;0;27990;5598;0.0000;22392;1;ENTERITO MUJER NICOPOLY NEGRO BUSTIER ENCAJE;MPM10001919198-1;N05023BM;20/01/2025 16:37:44;4d_Retiro Tienda Ripley Plaza Egaña;Sez;Ema;;"Larrain 5800 ";" 3er Piso. Modulo Retiro en Tienda";;;NUNOA;REG.METROPOLITANA;CL;Sez;Ema;;Cinco Oriente 2265;;;;NUNOA;REG.METROPOLITANA;CL;27990;0;0;0;27990;0;CLP
000000503106;23271766801-A;20/01/2025 17:15:52;Reembolsado;20990;990;21980;4198;0.0000;16792;1;PANTALÓN MUJER NICOPOLY BLANCO HOLGADO PRETINA ALTA;MPM10001752499-1;N05006AM;20/01/2025 17:15:53;5d_Retiro Tienda Ripley Valparaíso;Torres Abrigo;Susan;;"Plaza Victoria 1646 ";" 4to Piso. Servicio al Cliente";;;VALPARAISO;V REGION;CL;Torres Abrigo;Susan;;Pacifico 781-A;;;;VALPARAISO;V REGION;CL;20990;0;990;0;21980;0;CLP
000000503106;23271953301-A;20/01/2025 18:51:04;Reembolsado;14990;0;14990;2998;0.0000;11992;1;VESTIDO TAJO Y VUELO CELESTE NICOPOLY;MPM00066161664-2;N02306KL;20/01/2025 18:51:05;Flujo Crossdock- Ripley PAQ;Canales;Patricia;;Valles de santa fe, psj Ana riffo Gar 240;S/N;;;CURICO;VII REGION;CL;Canales;Patricia;;Valles de santa fe, psj Ana riffo Gar 240;;;;CURICO;VII REGION;CL;14990;0;0;0;14990;0;CLP
000000503106;23271953301-A;20/01/2025 18:51:04;Reembolsado;14990;0;14990;2998;0.0000;11992;1;VESTIDO CORTO MUJER NICOPOLY CELESTE CUELLO HALTER;MPM10001878060-3;N04063KL-5;20/01/2025 18:51:05;Flujo Crossdock- Ripley PAQ;Canales;Patricia;;Valles de santa fe, psj Ana riffo Gar 240;S/N;;;CURICO;VII REGION;CL;Canales;Patricia;;Valles de santa fe, psj Ana riffo Gar 240;;;;CURICO;VII REGION;CL;14990;0;0;0;14990;0;CLP
000000503106;23272029501-A;20/01/2025 19:28:18;Cerrado;18990;3990;22980;3798;0.0000;15192;1;ENTERITO LARGO MUJER NICOPOLY NEGRO COMFY;MPM10001916740-3;N02413BM-5;20/01/2025 19:28:19;Flujo Same day BX;Garrido;Cecilia;;Galvarino Gallardo 1654;403;;;PROVIDENCIA;REG.METROPOLITANA;CL;Garrido;Cecilia;;Galvarino Gallardo 1654;;;;PROVIDENCIA;REG.METROPOLITANA;CL;18990;0;3990;0;22980;0;CLP
000000503106;23272249701-A;20/01/2025 21:13:10;Cerrado;14990;6990;21980;2998;0.0000;11992;1;VESTIDO CORTO MUJER NICOPOLY NEGRO CUELLO HALTER;MPM10001878067-1;N04063BM-5;20/01/2025 21:13:11;Flujo Crossdock- Ripley PAQ;Saavedra;Macarena;;Camino el mirador 15030;Cas25;;;COLINA;REG.METROPOLITANA;CL;Saavedra;Macarena;;Camino el mirador 15030;;;;COLINA;REG.METROPOLITANA;CL;14990;0;6990;0;21980;0;CLP
000000503106;23272375501-A;20/01/2025 22:09:08;Cerrado;15990;0;15990;3198;0.0000;12792;1;PANTALÓN MUJER NICOPOLY CELESTE TIRO ALTO JASPEADO;MPM10001849482-3;N05022KS;20/01/2025 22:09:09;4d_Retiro Tienda Ripley Plaza Vespucio;Espinoza;Merab;;"Av. Vicuña Mackenna Ote. 7110, La Florida ";3er Piso. Modulo Retiro en Tienda;;;LA FLORIDA;REG.METROPOLITANA;CL;Espinoza;Merab;;Avenida Vicuña Mackenna poniente 6837;;;;LA FLORIDA;REG.METROPOLITANA;CL;15990;0;0;0;15990;0;CLP
000000503106;23272381101-A;20/01/2025 22:10:21;Cerrado;12990;495;13485;2598;0.0000;10392;1;MAXI VESTIDO MUJER NICOPOLY CAFÉ TAJO Y COSTURAS;MPM10001448938-3;N04266UM;20/01/2025 22:10:22;4d_Retiro Tienda Ripley Tobalaba;Araya;Rosa;;"Av. Camilo Henríquez 3296, Puente Alto ";2do Piso. Modulo Retiro en Tienda;;;PUENTE ALTO;REG.METROPOLITANA;CL;Araya;Rosa;;Apoquindo 3400;;;;PUENTE ALTO;REG.METROPOLITANA;CL;12990;0;495;0;13485;0;CLP
000000503106;23272381101-A;20/01/2025 22:10:21;Cerrado;12990;495;13485;2598;0.0000;10392;1;MAXI VESTIDO MUJER NICOPOLY GRIS TAJO Y COSTURAS;MPM10001448879-3;N04266NM;20/01/2025 22:10:22;4d_Retiro Tienda Ripley Tobalaba;Araya;Rosa;;"Av. Camilo Henríquez 3296, Puente Alto ";2do Piso. Modulo Retiro en Tienda;;;PUENTE ALTO;REG.METROPOLITANA;CL;Araya;Rosa;;Apoquindo 3400;;;;PUENTE ALTO;REG.METROPOLITANA;CL;12990;0;495;0;13485;0;CLP
000000503106;23272394701-A;20/01/2025 22:16:00;Reembolsado;16990;990;17980;3398;0.0000;13592;1;VESTIDO ENCAJE ASIMÉTRICO AZUL REY NICOPOLY;MPM00071351074-3;N02483CS;20/01/2025 22:16:01;4d_Retiro Tienda Ripley Los Dominicos;Escobar;Luz Maria;;"Padre Hurtado Sur 875 ";1er Piso. Servicio al Cliente;;;LAS CONDES;REG.METROPOLITANA;CL;Escobar;Luz Maria;;Los Militares  5620;;;;LAS CONDES;REG.METROPOLITANA;CL;16990;0;990;0;17980;0;CLP
000000503106;23272444001-A;20/01/2025 22:37:27;Cerrado;16990;0;16990;3398;0.0000;13592;1;BLUSA EFECTO CRUZADO TIPO SATÍN GRIS NICOPOLY;MPM10001491737-3;N04297NM;20/01/2025 22:37:28;Flujo Same day BX;Sanchez;Paula;;Pasaje Francisco de villagra 6378;F;;;LA REINA;REG.METROPOLITANA;CL;Sanchez;Paula;;Pasaje Francisco de villagra 6378;;;;LA REINA;REG.METROPOLITANA;CL;16990;0;0;0;16990;0;CLP
000000503106;23272444001-A;20/01/2025 22:37:27;Cerrado;16990;0;16990;3398;0.0000;13592;1;BLUSA EFECTO CRUZADO TIPO SATÍN BLANCO NICOPOLY;MPM10001491754-4;N04297AM;20/01/2025 22:37:28;Flujo Same day BX;Sanchez;Paula;;Pasaje Francisco de villagra 6378;F;;;LA REINA;REG.METROPOLITANA;CL;Sanchez;Paula;;Pasaje Francisco de villagra 6378;;;;LA REINA;REG.METROPOLITANA;CL;16990;0;0;0;16990;0;CLP
000000503106;23272500301-A;20/01/2025 22:57:21;Cerrado;11990;0;11990;2398;0.0000;9592;1;TOP BÁSICO TIPO SATÍN CELESTE NICOPOLY;MPM10001919207-3;N05098KS;20/01/2025 22:57:22;5d_Retiro Tienda Ripley Mall Concepción;Espinoza;Catherine;;"Barros Arana 1068, Concepcion ";" 3er Piso. Modulo Retiro en Tienda";;;CONCEPCION;VIII REGION;CL;Espinoza;Catherine;;Las heras 1925;;;;CONCEPCION;VIII REGION;CL;11990;0;0;0;11990;0;CLP
000000503106;23272633201-A;20/01/2025 23:49:42;Cerrado;12990;0;12990;2598;0.0000;10392;1;VESTIDO ESCOTE V FLORES VERDE NICOPOLY;MPM10000705702-3;N04141EM;20/01/2025 23:49:43;4d_Retiro Tienda Ripley Plaza Oeste;"Reyes ";Claudio;;"Américo Vespucio 1501 ";" 3er Piso. Modulo Retiro en Tienda";;;CERRILLOS;REG.METROPOLITANA;CL;Carranco;Patricia;;Chungungo 5280;;;;CERRILLOS;REG.METROPOLITANA;CL;12990;0;0;0;12990;0;CLP
000000503106;23272720301-A;21/01/2025 00:46:59;Cerrado;24990;495;25485;4998;0.0000;19992;1;VESTIDO MIDI MUJER NICOPOLY ROJO ACANALADO;MPM10001437622-1;N04224DL;21/01/2025 00:47:01;4d_Retiro Tienda Ripley Huechuraba;Arcos;Julia;;"Av. Americo Vespucio Norte 1737 ";" 2do Piso. Modulo Retiro en Tienda";;;HUECHURABA;REG.METROPOLITANA;CL;Arcos;Julia;;Altos del Valle 1220;;;;HUECHURABA;REG.METROPOLITANA;CL;24990;0;495;0;25485;0;CLP
000000503106;23272720301-A;21/01/2025 00:46:59;Cerrado;20990;495;21485;4198;0.0000;16792;1;VESTIDO FALDÓN CON VOLANTES FUCSIA NICOPOLY;MPM10000705721-1;N04086SL;21/01/2025 00:47:01;4d_Retiro Tienda Ripley Huechuraba;Arcos;Julia;;"Av. Americo Vespucio Norte 1737 ";" 2do Piso. Modulo Retiro en Tienda";;;HUECHURABA;REG.METROPOLITANA;CL;Arcos;Julia;;Altos del Valle 1220;;;;HUECHURABA;REG.METROPOLITANA;CL;20990;0;495;0;21485;0;CLP
000000503106;23273090601-A;21/01/2025 11:09:32;Cerrado;14990;990;15980;2998;0.0000;11992;1;VESTIDO CORTO MUJER NICOPOLY ROSADO CUELLO HALTER;MPM10001878077-2;N04063HL-5;21/01/2025 11:09:33;4d_Retiro Tienda Ripley Tobalaba;VILLAFAÑA;ANGELA;;"Av. Camilo Henríquez 3296, Puente Alto ";2do Piso. Modulo Retiro en Tienda;;;PUENTE ALTO;REG.METROPOLITANA;CL;VILLAFAÑA;ANGELA;;Miguel covarrubias 2872;;;;PUENTE ALTO;REG.METROPOLITANA;CL;14990;0;990;0;15980;0;CLP
000000503106;23273200901-A;21/01/2025 11:59:01;Cerrado;11990;990;12980;2398;0.0000;9592;1;CROP TOP LACE UP NEGRO NICOPOLY;MPM10001916743-2;N05017BM;21/01/2025 11:59:02;4d_Retiro Tienda Ripley Plaza Egaña;Cliente;Valentina;;"Larrain 5800 ";" 3er Piso. Modulo Retiro en Tienda";;;NUNOA;REG.METROPOLITANA;CL;Cliente;Valentina;;Contramaestre Micalvi 15;;;;NUNOA;REG.METROPOLITANA;CL;11990;0;990;0;12980;0;CLP
000000503106;23273330601-A;21/01/2025 12:59:06;Cerrado;14990;990;15980;2998;0.0000;11992;1;VESTIDO MUJER NICOPOLY AMARILLO CORTE IMPERIO;MPM10001878088-1;N04114FM-5;21/01/2025 12:59:07;5d_Retiro Tienda Ripley Valparaíso;Klahn;Patricia;;"Plaza Victoria 1646 ";" 4to Piso. Servicio al Cliente";;;VALPARAISO;V REGION;CL;Klahn;Patricia;;Ines 84;;;;VALPARAISO;V REGION;CL;14990;0;990;0;15980;0;CLP
000000503106;23273713901-A;21/01/2025 15:50:04;Cerrado;25990;990;26980;5198;0.0000;20792;1;VESTIDO MIDI MUJER NICOPOLY NEGRO ESCOTE DRAPEADO;MPM10001752462-1;N05035BM;21/01/2025 15:50:05;10d_Retiro Tienda Ripley Antofagasta;Bravo;Marta;;"Arturo Prat 530 ";" 4to Piso. Servicio al Cliente";;;ANTOFAGASTA;II REGION;CL;Bravo;Marta;;"av angamos 1100  112 ";;;;ANTOFAGASTA;II REGION;CL;25990;0;990;0;26980;0;CLP
000000503106;23273814802-A;21/01/2025 16:28:01;Cerrado;12990;0;12990;2598;0.0000;10392;1;MAXI VESTIDO MUJER NICOPOLY GRIS TAJO Y COSTURAS;MPM10001448879-3;N04266NM;21/01/2025 16:28:02;Flujo Same day BX;Mieres;Adamayris;;Avenida Francia 1157 1157;Depto;;;INDEPENDENC;REG.METROPOLITANA;CL;Mieres;Adamayris;;Avenida Francia 1157 1157;;;;INDEPENDENC;REG.METROPOLITANA;CL;12990;0;0;0;12990;0;CLP
000000503106;23273946602-A;21/01/2025 17:24:08;Cerrado;12990;6990;19980;2598;0.0000;10392;1;MAXI VESTIDO MUJER NICOPOLY CAFÉ TAJO Y COSTURAS;MPM10001448938-3;N04266UM;21/01/2025 17:24:09;Flujo Crossdock- Ripley PAQ;Santis Gonzalez;Malori Catherinna;;Pasaje Roberto Vargas Castillo 01707;Casa;;;GRANEROS;VI REGION;CL;Santis Gonzalez;Malori Catherinna;;Pasaje Roberto Vargas Castillo 01707;;;;GRANEROS;VI REGION;CL;12990;0;6990;0;19980;0;CLP
000000503106;23274027401-A;21/01/2025 18:03:56;Cerrado;12990;990;13980;2598;0.0000;10392;1;MAXI VESTIDO MUJER NICOPOLY CAFÉ TAJO Y COSTURAS;MPM10001448938-3;N04266UM;21/01/2025 18:03:57;5d_Retiro Tienda Ripley Rancagua;Orrego;Yamilet;;"José Domingo Mujica 490 ";" 3er Piso. Modulo Retiro en Tienda";;;RANCAGUA;VI REGION;CL;Orrego;Yamilet;;Parque koke block 385 385;;;;RANCAGUA;VI REGION;CL;12990;0;990;0;13980;0;CLP
000000503106;23274257101-A;21/01/2025 19:56:35;Reembolsado;15990;990;16980;3198;0.0000;12792;1;PANTALÓN MUJER NICOPOLY BLANCO TIRO ALTO JASPEADO;MPM10001849485-2;N05022AM;21/01/2025 19:56:36;10d_Retiro Tienda Ripley San Fernando;Rojas;Araceli Fernanda Del Carmen Rojas Lisboa;;"Bernardo Ohiggins 701 ";" 3er Piso. Modulo Retiro en Tienda";;;SAN FERNANDO;VI REGION;CL;Rojas;Araceli Fernanda Del Carmen Rojas Lisboa;;Villa Las Tinajas 0206;;;;SAN FERNANDO;VI REGION;CL;15990;0;990;0;16980;0;CLP
000000503106;23274262801-A;21/01/2025 19:59:06;Cerrado;22990;3980;26970;4598;0.0000;18392;1;SOBRECAMISA TIPO PANA BROCHES BLANCO NICOPOLY;MPM10001713148-2;N05050AL;21/01/2025 19:59:07;Flujo Crossdock- Ripley PAQ;Silva;Paola;;La obra pasaje los paltos 1559  1559;casa;;;SAN JAVIER;VII REGION;CL;Silva;Paola;;La obra pasaje los paltos 1559  1559;;;;SAN JAVIER;VII REGION;CL;22990;0;3980;0;26970;0;CLP
000000503106;23274680701-A;21/01/2025 23:04:12;Cerrado;11990;990;12980;2398;0.0000;9592;1;BLUSA SATÍN ENCAJE TIRANTE ANCHO LILA NICOPOLY;MPM10000693725-1;N04054ZS;21/01/2025 23:04:13;10d_Retiro Tienda Ripley Pto. Montt Costanera;Bravo;Camila;;"Juan Soler Manfredini 10 ";" 6to Piso. Modulo Retiro en Tienda";;;PTO.MONTT;X REGION;CL;Bravo;Camila;;Lago Peñuelas 1987;;;;PTO.MONTT;X REGION;CL;11990;0;990;0;12980;0;CLP
000000503106;23274801501-A;21/01/2025 23:55:45;Cerrado;21990;3990;25980;4398;0.0000;17592;1;VESTIDO MUJER NICOPOLY NEGRO PABILO CON VOLANTES;MPM10001878064-1;N05013BXL;21/01/2025 23:55:46;Flujo Same day BX;Weidmann;Gisleyne;;Pasaje Corindo 5566;S/N;;;CONCHALI;REG.METROPOLITANA;CL;Weidmann;Gisleyne;;Pasaje Corindo 5566;;;;CONCHALI;REG.METROPOLITANA;CL;21990;0;3990;0;25980;0;CLP
000000503106;23274829601-A;22/01/2025 00:08:35;Reembolsado;20990;3990;24980;4198;0.0000;16792;1;VESTIDO MUJER NICOPOLY CELESTE TIPO SATÍN PRINT FLOR ABSTRACTA;MPM10001919211-1;N05102CM;22/01/2025 00:08:36;Flujo Same day BX;De Paulo;Fernanda;;tierra fertil 1835;F121;;;MAIPU;REG.METROPOLITANA;CL;De Paulo;Fernanda;;tierra fertil 1835;;;;MAIPU;REG.METROPOLITANA;CL;20990;0;3990;0;24980;0;CLP
000000503106;23274912201-A;22/01/2025 01:05:43;Cerrado;13990;0;13990;2798;0.0000;11192;1;SHORT MUJER NICOPOLY BEIGE HOLGADO;MPM10001878080-3;N05078LM;22/01/2025 01:05:44;Flujo Crossdock- Ripley PAQ;Avalos;Carla;;Calle Iquique  64;S/N;;;VALPARAISO;V REGION;CL;Avalos;Carla;;Calle Iquique  64;;;;VALPARAISO;V REGION;CL;13990;0;0;0;13990;0;CLP
000000503106;23275035401-A;22/01/2025 08:13:17;Cerrado;14990;990;15980;2998;0.0000;11992;1;BLUSA BÁSICA ESCOTE EN V ROJO NICOPOLY;MPM10001856344-2;N02493DL-5;22/01/2025 08:13:19;5d_Retiro Tienda Ripley Quilpué;Valencia;Jeannette;;"Claudio Vicuña 992, Quilpue ";" 3er Piso. Modulo Retiro en Tienda";;;QUILPUE;V REGION;CL;Valencia;Jeannette;;Pasaje Las Quilas 3141;;;;QUILPUE;V REGION;CL;14990;0;990;0;15980;0;CLP
000000503106;23275105801-A;22/01/2025 09:29:18;Cerrado;27990;990;28980;5598;0.0000;22392;1;BLAZER BOTONES DECORATIVOS CREMA NICOPOLY;MPM00059820366-1;N10046AL;22/01/2025 09:29:20;5d_Retiro Tienda Ripley Mall Concepción;Salgado;Susana;;"Barros Arana 1068, Concepcion ";" 3er Piso. Modulo Retiro en Tienda";;;CONCEPCION;VIII REGION;CL;Salgado;Susana;;Pasaje 10 casa 167 Valle San Eugenio 167;;;;CONCEPCION;VIII REGION;CL;27990;0;990;0;28980;0;CLP
000000503106;23275283901-A;22/01/2025 11:23:19;Cerrado;15990;990;16980;3198;0.0000;12792;1;LEGGINS MUJER NICOPOLY BURDEO LEGGING TIRO ALTO COSTURAS FRONTALES;MPM00089316440-3;N03032TL;22/01/2025 11:23:20;4d_Retiro Tienda Ripley Plaza Vespucio;Allauca;"Elsa ";;"Av. Vicuña Mackenna Ote. 7110, La Florida ";3er Piso. Modulo Retiro en Tienda;;;LA FLORIDA;REG.METROPOLITANA;CL;Allauca;"Elsa ";;chile españa 353;;;;LA FLORIDA;REG.METROPOLITANA;CL;15990;0;990;0;16980;0;CLP
000000503106;23275590101-A;22/01/2025 14:03:15;Reembolsado;12990;0;12990;2598;0.0000;10392;1;MAXI VESTIDO MUJER NICOPOLY CAFÉ TAJO Y COSTURAS;MPM10001448938-3;N04266UM;22/01/2025 14:03:17;4d_Retiro Tienda Ripley Costanera Center;Ospina Castro;"Claudia Milena ";;"Avenida Andrés Bello 2422 ";" 1er Piso. Modulo Retiro en Tienda";;;PROVIDENCIA;REG.METROPOLITANA;CL;Ospina Castro;"Claudia Milena ";;San Pablo  3610;;;;PROVIDENCIA;REG.METROPOLITANA;CL;12990;0;0;0;12990;0;CLP
000000503106;23276077201-A;22/01/2025 17:53:33;Cerrado;18990;2195;21185;3798;0.0000;15192;1;VESTIDO ACANALADO MUJER NICOPOLY NEGRO OFF THE SHOULDER;MPM10001710244-3;N05064BL;22/01/2025 17:53:35;Flujo Same day BX;De Lima Bezerra Cavalcanti;"Isabella ";;Rey Alberto 4280;Depto 63;;;SAN MIGUEL;REG.METROPOLITANA;CL;De Lima Bezerra Cavalcanti;"Isabella ";;Rey Alberto 4280;;;;SAN MIGUEL;REG.METROPOLITANA;CL;18990;0;2195;0;21185;0;CLP
000000503106;23276077201-A;22/01/2025 17:53:33;Cerrado;11990;2195;14185;2398;0.0000;9592;1;VESTIDO CALADO FORRO NEGRO NICOPOLY;MPM00071262702-4;N02327BL;22/01/2025 17:53:35;Flujo Same day BX;De Lima Bezerra Cavalcanti;"Isabella ";;Rey Alberto 4280;Depto 63;;;SAN MIGUEL;REG.METROPOLITANA;CL;De Lima Bezerra Cavalcanti;"Isabella ";;Rey Alberto 4280;;;;SAN MIGUEL;REG.METROPOLITANA;CL;11990;0;2195;0;14185;0;CLP
000000503106;23276353201-A;22/01/2025 20:11:48;Cerrado;14990;990;15980;2998;0.0000;11992;1;VESTIDO CORTO MUJER NICOPOLY BLANCO CUELLO HALTER;MPM10001878055-1;N04063AL-5;22/01/2025 20:11:49;5d_Retiro Tienda Ripley La Calera;Marchant;Gabriela;;"JJ Perez 90, La Calera ";" 2do Piso. Modulo Retiro en Tienda";;;CALERA;V REGION;CL;Marchant;Gabriela;;carlos condell 716;;;;CALERA;V REGION;CL;14990;0;990;0;15980;0;CLP
000000503106;23276411001-A;22/01/2025 20:39:37;Cerrado;12990;990;13980;2598;0.0000;10392;1;MAXI VESTIDO MUJER NICOPOLY CAFÉ TAJO Y COSTURAS;MPM10001448938-3;N04266UM;22/01/2025 20:39:39;10d_Retiro Tienda Ripley Pto. Montt Costanera;Matus;Catalina;;"Juan Soler Manfredini 10 ";" 6to Piso. Modulo Retiro en Tienda";;;PTO.MONTT;X REGION;CL;Matus;Catalina;;Juan soler manfredini 41;;;;PTO.MONTT;X REGION;CL;12990;0;990;0;13980;0;CLP
000000503106;23276631201-A;22/01/2025 22:18:12;Cerrado;25990;990;26980;5198;0.0000;20792;1;VESTIDO MIDI MUJER NICOPOLY NEGRO ESCOTE DRAPEADO;MPM10001752462-1;N05035BM;22/01/2025 22:18:14;4d_Retiro Tienda Ripley Huechuraba;Larenas;Rocio;;"Av. Americo Vespucio Norte 1737 ";" 2do Piso. Modulo Retiro en Tienda";;;HUECHURABA;REG.METROPOLITANA;CL;Orellana;Esteban;;Tierras lindas 487;;;;HUECHURABA;REG.METROPOLITANA;CL;25990;0;990;0;26980;0;CLP
000000503106;23276742101-A;22/01/2025 22:58:47;Cerrado;31990;990;32980;6398;0.0000;25592;1;BLAZER BOLSILLOS Y BOTÓN CELESTE NICOPOLY;MPM10001752431-3;N04260CS-5;22/01/2025 22:58:48;10d_Retiro Tienda Ripley Portal Temuco;Moreira Cárcamo;Natalia;;"Avenida Alemania 0671 ";3er Piso, Modulo Retiro en Tienda;;;TEMUCO;IX REGION;CL;Moreira Cárcamo;Natalia;;Candelaria 60;;;;TEMUCO;IX REGION;CL;31990;0;990;0;32980;0;CLP
000000503106;23276848601-A;22/01/2025 23:43:04;Cerrado;14990;495;15485;2998;0.0000;11992;1;BLUSA BÁSICA ESCOTE EN V ROJO NICOPOLY;MPM10001856344-2;N02493DL-5;22/01/2025 23:43:06;10d_Retiro Tienda Ripley Portal Temuco;Gallardo;Ana;;"Avenida Alemania 0671 ";3er Piso, Modulo Retiro en Tienda;;;TEMUCO;IX REGION;CL;Gallardo;Ana;;Las Azaleas 871;;;;TEMUCO;IX REGION;CL;14990;0;495;0;15485;0;CLP
000000503106;23276848601-A;22/01/2025 23:43:04;Cerrado;19990;495;20485;3998;0.0000;15992;1;BLUSA CUELLO MAO TIPO SATÍN PALO ROSA NICOPOLY;MPM10001465193-1;N04264HL;22/01/2025 23:43:06;10d_Retiro Tienda Ripley Portal Temuco;Gallardo;Ana;;"Avenida Alemania 0671 ";3er Piso, Modulo Retiro en Tienda;;;TEMUCO;IX REGION;CL;Gallardo;Ana;;Las Azaleas 871;;;;TEMUCO;IX REGION;CL;19990;0;495;0;20485;0;CLP
000000503106;23276864201-A;22/01/2025 23:47:29;Cerrado;16990;0;16990;3398;0.0000;13592;1;SWEATER DETALLE PUNTO CALADO GRIS NICOPOLY;MPM10001465181-2;N04229NM;22/01/2025 23:47:30;Flujo Same day BX;Fontalva;Barbara Loreto;;Sargento Aldea 507;S/N;;;EL BOSQUE;REG.METROPOLITANA;CL;Fontalva;Barbara Loreto;;Sargento Aldea 507;;;;EL BOSQUE;REG.METROPOLITANA;CL;16990;0;0;0;16990;0;CLP
000000503106;23276914101-A;23/01/2025 00:15:18;Reembolsado;31990;990;32980;6398;0.0000;25592;1;VESTIDO MUJER NICOPOLY ROJO PLISADO ASIMÉTRICO;MPM10001849452-2;N05100DM;23/01/2025 00:15:19;4d_Retiro Tienda Ripley Alto Las Condes;Mujica;Ignacia;;"Avenida Kennedy 9001, Local 1136 ";" 4to Piso. Modulo Retiro en Tienda";;;LAS CONDES;REG.METROPOLITANA;CL;Mujica;Ignacia;;Marcel Duhaut  2956;;;;LAS CONDES;REG.METROPOLITANA;CL;31990;0;990;0;32980;0;CLP
000000503106;23277045201-A;23/01/2025 01:40:45;Cerrado;17990;6990;24980;3598;0.0000;14392;1;FALDA MUJER NICOPOLY AZUL MEDIO DENIM TAJO FRONTAL;MPM10001465759-2;N04269KM;23/01/2025 01:40:46;Flujo Crossdock- Ripley PAQ;Romero;Sandra;;RIO MALLECO LOS MONTES 1347;casa;;;RENGO;VI REGION;CL;Romero;Sandra;;RIO MALLECO LOS MONTES 1347;;;;RENGO;VI REGION;CL;17990;0;6990;0;24980;0;CLP
000000503106;23277227301-A;23/01/2025 09:41:27;Cerrado;16990;990;17980;3398;0.0000;13592;1;VESTIDO CORTO MUJER NICOPOLY CELESTE ABERTURAS MANGAS;MPM10001849480-4;N02336KM-5;23/01/2025 09:41:28;4d_Retiro Tienda Ripley Florida Center;Paz Martin;Sarah;;"Vicuña Mackenna Oriente 6100, La Florida ";3er Piso. Modulo Retiro en Tienda;;;LA FLORIDA;REG.METROPOLITANA;CL;Paz Martin;Sarah;;Vicuna Mackenna Poniente 6436;;;;LA FLORIDA;REG.METROPOLITANA;CL;16990;0;990;0;17980;0;CLP
000000503106;23277236601-A;23/01/2025 09:49:20;Cerrado;15990;990;16980;3198;0.0000;12792;1;CÁRDIGAN PUNTO FANTASÍA CELESTE NICOPOLY;MPM00040988916-1;N02086KXL;23/01/2025 09:49:22;4d_Retiro Tienda Ripley Arauco Maipu;Vera Oliva;Karina;;"Av. Americo Vespucio 399 ";" 2do Piso. Modulo Retiro en Tienda";;;MAIPU;REG.METROPOLITANA;CL;Vera Oliva;Karina;;Templo Votivo 750;;;;MAIPU;REG.METROPOLITANA;CL;15990;0;990;0;16980;0;CLP
000000503106;23277234801-A;23/01/2025 09:49:44;Cerrado;18990;990;19980;3798;0.0000;15192;1;CALZA MUJER NICOPOLY BURDEOS/NEGRO VICHY CON CIERRE;MPM10001465171-2;N03033TL-4;23/01/2025 09:49:46;5d_Retiro Tienda Ripley Rancagua;Retamales;Tania;;"José Domingo Mujica 490 ";" 3er Piso. Modulo Retiro en Tienda";;;RANCAGUA;VI REGION;CL;Retamales;Tania;;regidor heriberto alvarez callejon los pardos copequen 1339;;;;RANCAGUA;VI REGION;CL;18990;0;990;0;19980;0;CLP
000000503106;23277244101-A;23/01/2025 09:55:51;Cerrado;27990;3990;31980;5598;0.0000;22392;1;ENTERITO MUJER NICOPOLY NEGRO BUSTIER ENCAJE;MPM10001919198-1;N05023BM;23/01/2025 09:55:52;Flujo Same day BX;Abate;Jennifer;;Av. Grecia 3348;A1701;;;NUNOA;REG.METROPOLITANA;CL;Abate;Jennifer;;Av. Grecia 3348;;;;NUNOA;REG.METROPOLITANA;CL;27990;0;3990;0;31980;0;CLP
000000503106;23277295501-A;23/01/2025 10:37:37;Cerrado;41990;6990;48980;8398;0.0000;33592;1;CHAQUETA ECOCUERO TIPO BIKER NEGRO NICOPOLY;MPM10001735076-2;N02107BS-5;23/01/2025 10:37:39;Flujo Crossdock- Ripley PAQ;Gaete;Constanza;;Av Urmeneta 1157 CC2;152;;;LIMACHE;V REGION;CL;Gaete;Constanza;;Av Urmeneta 1157 CC2;;;;LIMACHE;V REGION;CL;41990;0;6990;0;48980;0;CLP
000000503106;23277694601-A;23/01/2025 13:53:11;Cerrado;12990;990;13980;2598;0.0000;10392;1;MAXI VESTIDO MUJER NICOPOLY CAFÉ TAJO Y COSTURAS;MPM10001448938-3;N04266UM;23/01/2025 13:53:12;5d_Retiro Tienda Ripley Viña del Mar Sucre;Vera;"Giovana ";;"Sucre 290, Viña ";5to Piso. Modulo Retiro en Tienda;;;VI.A DEL MA;V REGION;CL;Vera;"Giovana ";;Pje la palma chilena   23;;;;VI.A DEL MA;V REGION;CL;12990;0;990;0;13980;0;CLP
000000503106;23277888201-A;23/01/2025 15:28:00;Cerrado;25990;3990;29980;5198;0.0000;20792;1;BLUSA BÁSICA BOTONERA INVISIBLE AMARILLO NICOPOLY;MPM10000693728-2;N00089FL-3;23/01/2025 15:28:01;Flujo Same day BX;Griñen;Ana Rocio;;TEMPLO VOTIVO 172;CASA;;;MAIPU;REG.METROPOLITANA;CL;Griñen;Ana Rocio;;TEMPLO VOTIVO 172;;;;MAIPU;REG.METROPOLITANA;CL;25990;0;3990;0;29980;0;CLP
000000503106;23277960001-A;23/01/2025 16:01:35;Cerrado;14990;990;15980;2998;0.0000;11992;1;VESTIDO MUJER NICOPOLY AMARILLO CORTE IMPERIO;MPM10001878088-3;N04114FL-5;23/01/2025 16:01:36;5d_Retiro Tienda Ripley Quilpué;Campos;Consuelo;;"Claudio Vicuña 992, Quilpue ";" 3er Piso. Modulo Retiro en Tienda";;;QUILPUE;V REGION;CL;Campos;Consuelo;;Infante 0220;;;;QUILPUE;V REGION;CL;14990;0;990;0;15980;0;CLP
000000503106;23278142001-A;23/01/2025 17:28:34;Cerrado;31990;3990;35980;6398;0.0000;25592;1;BLAZER BOLSILLOS Y BOTÓN BLANCO NICOPOLY;MPM10001752451-2;N04260AM-5;23/01/2025 17:28:35;Flujo Same day BX;Arellano;Fabian;;ramon barros luco 9139;34;;;SAN RAMON;REG.METROPOLITANA;CL;Arellano;Fabian;;ramon barros luco 9139;;;;SAN RAMON;REG.METROPOLITANA;CL;31990;0;3990;0;35980;0;CLP
000000503106;23278149901-A;23/01/2025 17:31:58;Cerrado;18990;8990;27980;3798;0.0000;15192;1;PANTALÓN MUJER NICOPOLY BURDEO RECTO COSTURA FRONTAL;MPM10001713143-4;N04301DM-5;23/01/2025 17:32:00;Flujo Crossdock- Ripley PAQ;Nuez;"Carmen ";;Bernardo O Higgins  1473;S/N;;;CABILDO;V REGION;CL;Nuez;"Carmen ";;Bernardo O Higgins  1473;;;;CABILDO;V REGION;CL;18990;0;8990;0;27980;0;CLP
000000503106;23278777901-A;23/01/2025 23:09:04;Cerrado;22990;3990;26980;4598;0.0000;18392;1;ENTERITO MUJER NICOPOLY VERDE OLIVA LAZO Y HEBILLA;MPM10001849448-1;N04058MS-5;23/01/2025 23:09:05;Flujo Same day BX;Aguilera;Amaru;;Premio Nobel 3295;706;;;MACUL;REG.METROPOLITANA;CL;Aguilera;Amaru;;Premio Nobel 3295;;;;MACUL;REG.METROPOLITANA;CL;22990;0;3990;0;26980;0;CLP
000000503106;23278785901-A;23/01/2025 23:13:27;Cerrado;12990;0;12990;2598;0.0000;10392;1;MAXI VESTIDO MUJER NICOPOLY GRIS TAJO Y COSTURAS;MPM10001448879-3;N04266NM;23/01/2025 23:13:29;Flujo Same day BX;Castillo;Evelyn;;Jacinto benavente 9254;"Casa de 2 pisos ";;;SAN RAMON;REG.METROPOLITANA;CL;Castillo;Evelyn;;Jacinto benavente 9254;;;;SAN RAMON;REG.METROPOLITANA;CL;12990;0;0;0;12990;0;CLP
000000503106;23278876101-A;23/01/2025 23:59:12;Cerrado;9990;2195;12185;1998;0.0000;7992;1;CROP TOP JASPEADO BLANCO NICOPOLY;MPM10001849445-3;N05021AM;23/01/2025 23:59:14;Flujo Same day BX;Gonzalez;María;;Eulogio Altamirano 1130;S/N;;;RENCA;REG.METROPOLITANA;CL;Gonzalez;María;;Eulogio Altamirano 1130;;;;RENCA;REG.METROPOLITANA;CL;9990;0;2195;0;12185;0;CLP
000000503106;23278876101-A;23/01/2025 23:59:12;Cerrado;15990;2195;18185;3198;0.0000;12792;1;PANTALÓN MUJER NICOPOLY BLANCO TIRO ALTO JASPEADO;MPM10001849485-2;N05022AM;23/01/2025 23:59:14;Flujo Same day BX;Gonzalez;María;;Eulogio Altamirano 1130;S/N;;;RENCA;REG.METROPOLITANA;CL;Gonzalez;María;;Eulogio Altamirano 1130;;;;RENCA;REG.METROPOLITANA;CL;15990;0;2195;0;18185;0;CLP
000000503106;23279073801-A;24/01/2025 07:17:28;Cerrado;29990;495;30485;5998;0.0000;23992;1;BLAZER CON SOLAPA KHAKI NICOPOLY;MPM10001849473-1;N05062LM;24/01/2025 07:17:29;5d_Retiro Tienda Ripley La Calera;Tapia  Pea;Giselle;;"JJ Perez 90, La Calera ";" 2do Piso. Modulo Retiro en Tienda";;;CALERA;V REGION;CL;Tapia  Pea;Giselle;;Constitucion 055;;;;CALERA;V REGION;CL;29990;0;495;0;30485;0;CLP
000000503106;23279073801-A;24/01/2025 07:17:28;Cerrado;31990;495;32485;6398;0.0000;25592;1;VESTIDO MUJER NICOPOLY AZUL PLISADO ASIMÉTRICO REY;MPM10001849453-3;N05100CS;24/01/2025 07:17:29;5d_Retiro Tienda Ripley La Calera;Tapia  Pea;Giselle;;"JJ Perez 90, La Calera ";" 2do Piso. Modulo Retiro en Tienda";;;CALERA;V REGION;CL;Tapia  Pea;Giselle;;Constitucion 055;;;;CALERA;V REGION;CL;31990;0;495;0;32485;0;CLP
000000503106;23279254301-A;24/01/2025 10:45:10;Cerrado;19990;990;20980;3998;0.0000;15992;1;BLAZER 4 BOTONES DECORATIVOS NEGRO NICOPOLY;MPM10001713165-2;N10046BL-5;24/01/2025 10:45:11;5d_Retiro Tienda Ripley Viña del Mar Sucre;Sotomayor;Marcela;;"Sucre 290, Viña ";5to Piso. Modulo Retiro en Tienda;;;VI.A DEL MA;V REGION;CL;Sotomayor;Marcela;;2 norte 330;;;;VI.A DEL MA;V REGION;CL;19990;0;990;0;20980;0;CLP
000000503106;23279410002-A;24/01/2025 12:09:02;Cerrado;28990;0;28990;5798;0.0000;23192;1;MAXI VESTIDO MUJER NICOPOLY AZUL CORTE IMPERIO FLORAL;MPM10001752469-2;N04010PS-5;24/01/2025 12:09:03;Flujo Same day BX;Martnez Reyes;Allan;;CALLE DOÑA JAVIERA 1007;S/N;;;PUENTE ALTO;REG.METROPOLITANA;CL;Martnez Reyes;Allan;;CALLE DOÑA JAVIERA 1007;;;;PUENTE ALTO;REG.METROPOLITANA;CL;28990;0;0;0;28990;0;CLP
000000503106;23280402002-A;24/01/2025 20:54:14;Cerrado;12990;0;12990;2598;0.0000;10392;1;BLUSA BOTONERA INVISIBLE NEGRO NICOPOLY;MPM10001713154-3;N00089BS-5;24/01/2025 20:54:15;Flujo Same day BX;Calipuy;Stephany;;Parque Central 584;casa;;;RECOLETA;REG.METROPOLITANA;CL;Calipuy;Stephany;;Parque Central 584;;;;RECOLETA;REG.METROPOLITANA;CL;12990;0;0;0;12990;0;CLP
000000503106;23280827901-A;25/01/2025 01:47:29;Cerrado;27990;0;27990;4478;0.0000;23512;1;ENTERITO MUJER NICOPOLY NEGRO BUSTIER ENCAJE;MPM10001919198-3;N05023BS;25/01/2025 01:47:30;Flujo Same day BX;Aranguiz;Constanza;;Blanco Garcés 50;22d;;;EST.CENTRAL;REG.METROPOLITANA;CL;Aranguiz;Constanza;;Blanco Garcés 50;;;;EST.CENTRAL;REG.METROPOLITANA;CL;27990;0;0;0;27990;0;CLP
000000503106;23281808801-A;25/01/2025 19:14:35;Cerrado;28990;3990;32980;4638;0.0000;24352;1;MAXI VESTIDO MUJER NICOPOLY AZUL CORTE IMPERIO FLORAL;MPM10001752469-3;N04010PM-5;25/01/2025 19:14:36;Flujo Same day BX;Saez;Vania;;Avenida Ejercito libertador 2120;136;;;PUENTE ALTO;REG.METROPOLITANA;CL;Saez;Vania;;Avenida Ejercito libertador 2120;;;;PUENTE ALTO;REG.METROPOLITANA;CL;28990;0;3990;0;32980;0;CLP
000000503106;23282184101-A;25/01/2025 23:08:36;Reembolsado;26490;2980;29470;4238;0.0000;22252;1;BLAZER BOLSILLOS Y BOTÓN BLANCO NICOPOLY;MPM10001752451-2;N04260AM-5;25/01/2025 23:08:38;Flujo Same day BX;Friz;Barbara Soledad;;QUILPUE 4279;CASA;;;NUNOA;REG.METROPOLITANA;CL;Friz;Barbara Soledad;;QUILPUE 4279;;;;NUNOA;REG.METROPOLITANA;CL;26490;0;2980;0;29470;0;CLP
000000503106;23282392901-A;26/01/2025 02:36:10;Cerrado;15990;2980;18970;2558;0.0000;13432;1;PANTALÓN MUJER NICOPOLY BLANCO TIRO ALTO JASPEADO;MPM10001849485-1;N05022AS;26/01/2025 02:36:12;Flujo Same day BX;Soto;"Valentina ";;Golf lomas de la dehesa 9361;Casa;;;LO BARNECHEA;REG.METROPOLITANA;CL;Soto;"Valentina ";;Golf lomas de la dehesa 9361;;;;LO BARNECHEA;REG.METROPOLITANA;CL;15990;0;2980;0;18970;0;CLP
000000503106;23282866901-A;26/01/2025 14:10:50;Cerrado;11490;2195;13685;1838;0.0000;9652;1;BLUSA ENCAJE HOMBROS NEGRO NICOPOLY;MPM10001491720-2;N04242BS;26/01/2025 14:10:52;Flujo Same day BX;Valdes;Vanessa;;Avenida Almirante Blanco Encalada 1727;310;;;SANTIAGO;REG.METROPOLITANA;CL;Valdes;Vanessa;;Avenida Almirante Blanco Encalada 1727;;;;SANTIAGO;REG.METROPOLITANA;CL;11490;0;2195;0;13685;0;CLP
000000503106;23282866901-A;26/01/2025 14:10:50;Cerrado;10990;2195;13185;1758;0.0000;9232;1;BLUSA SIN MANGAS BLANCO NICOPOLY;MPM10001916736-1;N05071AS;26/01/2025 14:10:52;Flujo Same day BX;Valdes;Vanessa;;Avenida Almirante Blanco Encalada 1727;310;;;SANTIAGO;REG.METROPOLITANA;CL;Valdes;Vanessa;;Avenida Almirante Blanco Encalada 1727;;;;SANTIAGO;REG.METROPOLITANA;CL;10990;0;2195;0;13185;0;CLP
000000503106;23282894501-A;26/01/2025 14:29:05;Reembolsado;13990;1596;15586;2238;0.0000;11752;1;SHORT MUJER NICOPOLY CREMA HOLGADO;MPM10001878071-3;N05078AS;26/01/2025 14:29:06;Flujo Same day BX;Silva;"Clemencia ";;Carlos XII 120;1803 B;;;LAS CONDES;REG.METROPOLITANA;CL;Silva;"Clemencia ";;Carlos XII 120;;;;LAS CONDES;REG.METROPOLITANA;CL;13990;0;1596;0;15586;0;CLP
000000503106;23282894501-A;26/01/2025 14:29:05;Reembolsado;13990;1596;15586;2238;0.0000;11752;1;SHORT MUJER NICOPOLY AZUL GRISÁCEO HOLGADO;MPM10001878076-3;N05078CS;26/01/2025 14:29:06;Flujo Same day BX;Silva;"Clemencia ";;Carlos XII 120;1803 B;;;LAS CONDES;REG.METROPOLITANA;CL;Silva;"Clemencia ";;Carlos XII 120;;;;LAS CONDES;REG.METROPOLITANA;CL;13990;0;1596;0;15586;0;CLP
000000503106;23282894501-A;26/01/2025 14:29:05;Cerrado;10990;1596;12586;1758;0.0000;9232;1;BLUSA BÁSICA ESCOTE EN V ROJO NICOPOLY;MPM10001856344-4;N02493DS-5;26/01/2025 14:29:06;Flujo Same day BX;Silva;"Clemencia ";;Carlos XII 120;1803 B;;;LAS CONDES;REG.METROPOLITANA;CL;Silva;"Clemencia ";;Carlos XII 120;;;;LAS CONDES;REG.METROPOLITANA;CL;10990;0;1596;0;12586;0;CLP
000000503106;23283165601-A;26/01/2025 16:54:38;Cerrado;17990;3990;21980;2878;0.0000;15112;1;PANTALÓN MUJER NICOPOLY NEGRO TIPO SATÍN;MPM10001916756-2;N05018BM;26/01/2025 16:54:39;Flujo Same day BX;Ruiz;Maria;;Avenida Vicuña Mackenna 2004;1007A;;;SANTIAGO;REG.METROPOLITANA;CL;Ruiz;Maria;;Avenida Vicuña Mackenna 2004;;;;SANTIAGO;REG.METROPOLITANA;CL;17990;0;3990;0;21980;0;CLP
000000503106;23283400101-A;26/01/2025 18:57:47;Reembolsado;24990;1596;26586;3998;0.0000;20992;1;BLAZER LARGO MANGA DRAPEADA NEGRO NICOPOLY;MPM10001465248-3;N04262BL;26/01/2025 18:57:48;Flujo Same day BX;Jopia;"Katherine ";;calle cuadro verde  130;dpto 43, torre 6;;;EST.CENTRAL;REG.METROPOLITANA;CL;Jopia;"Katherine ";;calle cuadro verde  130;;;;EST.CENTRAL;REG.METROPOLITANA;CL;24990;0;1596;0;26586;0;CLP
000000503106;23283400101-A;26/01/2025 18:57:47;Reembolsado;24990;1596;26586;3998;0.0000;20992;1;BLAZER LARGO MANGA DRAPEADA KHAKI NICOPOLY;MPM10001465243-1;N04262LL;26/01/2025 18:57:48;Flujo Same day BX;Jopia;"Katherine ";;calle cuadro verde  130;dpto 43, torre 6;;;EST.CENTRAL;REG.METROPOLITANA;CL;Jopia;"Katherine ";;calle cuadro verde  130;;;;EST.CENTRAL;REG.METROPOLITANA;CL;24990;0;1596;0;26586;0;CLP
000000503106;23283400101-A;26/01/2025 18:57:47;Reembolsado;24990;1596;26586;3998;0.0000;20992;1;BLAZER LARGO MANGA DRAPEADA AZUL MEDIO NICOPOLY;MPM10001465239-1;N04262KL;26/01/2025 18:57:48;Flujo Same day BX;Jopia;"Katherine ";;calle cuadro verde  130;dpto 43, torre 6;;;EST.CENTRAL;REG.METROPOLITANA;CL;Jopia;"Katherine ";;calle cuadro verde  130;;;;EST.CENTRAL;REG.METROPOLITANA;CL;24990;0;1596;0;26586;0;CLP
000000503106;23283474601-A;26/01/2025 19:35:54;Cerrado;15990;117;16107;2558;0.0000;13432;1;PANTALÓN MUJER NICOPOLY CELESTE PINZAS TIRO ALTO;MPM10001752461-3;N04120KL-5;26/01/2025 19:35:55;Flujo Same day BX;Lizama;Maria Paz;;Las araucarias 7991;S/N;;;CERRILLOS;REG.METROPOLITANA;CL;Lizama;Maria Paz;;Las araucarias 7991;;;;CERRILLOS;REG.METROPOLITANA;CL;15990;0;117;0;16107;0;CLP
000000503106;23283474601-A;26/01/2025 19:35:54;Cerrado;12990;117;13107;2078;0.0000;10912;1;BLUSA BOTONERA INVISIBLE BÁSICA KHAKI NICOPOLY;MPM10001448811-4;N00089UM-4;26/01/2025 19:35:55;Flujo Same day BX;Lizama;Maria Paz;;Las araucarias 7991;S/N;;;CERRILLOS;REG.METROPOLITANA;CL;Lizama;Maria Paz;;Las araucarias 7991;;;;CERRILLOS;REG.METROPOLITANA;CL;12990;0;117;0;13107;0;CLP
000000503106;23283474601-A;26/01/2025 19:35:54;Cerrado;10990;117;11107;1758;0.0000;9232;1;BLUSA BÁSICA ESCOTE EN V CELESTE NICOPOLY;MPM10001856354-3;N02493KL-5;26/01/2025 19:35:55;Flujo Same day BX;Lizama;Maria Paz;;Las araucarias 7991;S/N;;;CERRILLOS;REG.METROPOLITANA;CL;Lizama;Maria Paz;;Las araucarias 7991;;;;CERRILLOS;REG.METROPOLITANA;CL;10990;0;117;0;11107;0;CLP
000000503106;23283474601-A;26/01/2025 19:35:54;Cerrado;10990;117;11107;1758;0.0000;9232;1;BLUSA BÁSICA ESCOTE EN V ROJO NICOPOLY;MPM10001856344-2;N02493DL-5;26/01/2025 19:35:55;Flujo Same day BX;Lizama;Maria Paz;;Las araucarias 7991;S/N;;;CERRILLOS;REG.METROPOLITANA;CL;Lizama;Maria Paz;;Las araucarias 7991;;;;CERRILLOS;REG.METROPOLITANA;CL;10990;0;117;0;11107;0;CLP
000000503106;23283474601-A;26/01/2025 19:35:54;Reembolsado;24990;117;25107;3998;0.0000;20992;1;BLAZER LARGO MANGA DRAPEADA KHAKI NICOPOLY;MPM10001465243-1;N04262LL;26/01/2025 19:35:55;Flujo Same day BX;Lizama;Maria Paz;;Las araucarias 7991;S/N;;;CERRILLOS;REG.METROPOLITANA;CL;Lizama;Maria Paz;;Las araucarias 7991;;;;CERRILLOS;REG.METROPOLITANA;CL;24990;0;117;0;25107;0;CLP
000000503106;23283915701-A;26/01/2025 23:15:19;Cerrado;15990;758;16748;2558;0.0000;13432;1;PANTALÓN MUJER NICOPOLY BLANCO TIRO ALTO JASPEADO;MPM10001849485-1;N05022AS;26/01/2025 23:15:21;Flujo Same day BX;Arango;"Magdalena ";;avenida san luis de macul  4355;403 A;;;PE.ALOLEN;REG.METROPOLITANA;CL;Arango;"Magdalena ";;avenida san luis de macul  4355;;;;PE.ALOLEN;REG.METROPOLITANA;CL;15990;0;758;0;16748;0;CLP
000000503106;23283915701-A;26/01/2025 23:15:19;Cerrado;15990;758;16748;2558;0.0000;13432;1;PANTALÓN MUJER NICOPOLY CELESTE PINZAS TIRO ALTO;MPM10001752461-4;N04120KM-5;26/01/2025 23:15:21;Flujo Same day BX;Arango;"Magdalena ";;avenida san luis de macul  4355;403 A;;;PE.ALOLEN;REG.METROPOLITANA;CL;Arango;"Magdalena ";;avenida san luis de macul  4355;;;;PE.ALOLEN;REG.METROPOLITANA;CL;15990;0;758;0;16748;0;CLP
000000503106;23283915701-A;26/01/2025 23:15:19;Cerrado;17990;758;18748;2878;0.0000;15112;1;PANTALÓN MUJER NICOPOLY NEGRO TIPO SATÍN;MPM10001916756-2;N05018BM;26/01/2025 23:15:21;Flujo Same day BX;Arango;"Magdalena ";;avenida san luis de macul  4355;403 A;;;PE.ALOLEN;REG.METROPOLITANA;CL;Arango;"Magdalena ";;avenida san luis de macul  4355;;;;PE.ALOLEN;REG.METROPOLITANA;CL;17990;0;758;0;18748;0;CLP
000000503106;23283915701-A;26/01/2025 23:15:19;Cerrado;22490;758;23248;3598;0.0000;18892;1;ENTERITO MUJER NICOPOLY VERDE OLIVA LAZO Y HEBILLA;MPM10001849448-1;N04058MS-5;26/01/2025 23:15:21;Flujo Same day BX;Arango;"Magdalena ";;avenida san luis de macul  4355;403 A;;;PE.ALOLEN;REG.METROPOLITANA;CL;Arango;"Magdalena ";;avenida san luis de macul  4355;;;;PE.ALOLEN;REG.METROPOLITANA;CL;22490;0;758;0;23248;0;CLP
000000503106;23283915701-A;26/01/2025 23:15:19;Cerrado;13990;758;14748;2238;0.0000;11752;1;VESTIDO CORTO MUJER NICOPOLY CELESTE ABERTURAS MANGAS;MPM10001849480-4;N02336KM-5;26/01/2025 23:15:21;Flujo Same day BX;Arango;"Magdalena ";;avenida san luis de macul  4355;403 A;;;PE.ALOLEN;REG.METROPOLITANA;CL;Arango;"Magdalena ";;avenida san luis de macul  4355;;;;PE.ALOLEN;REG.METROPOLITANA;CL;13990;0;758;0;14748;0;CLP
000000503106;23283915701-A;26/01/2025 23:15:19;Cerrado;14990;758;15748;2398;0.0000;12592;1;VESTIDO MUJER NICOPOLY NEGRO HOLGADO CON MANGAS CALADAS;MPM10001919205-2;N05120BM;26/01/2025 23:15:21;Flujo Same day BX;Arango;"Magdalena ";;avenida san luis de macul  4355;403 A;;;PE.ALOLEN;REG.METROPOLITANA;CL;Arango;"Magdalena ";;avenida san luis de macul  4355;;;;PE.ALOLEN;REG.METROPOLITANA;CL;14990;0;758;0;15748;0;CLP
000000503106;23283915701-A;26/01/2025 23:15:19;Cerrado;20990;758;21748;3358;0.0000;17632;1;BLAZER LARGO 4 BOTONES NEGRO NICOPOLY;MPM10001752448-1;N00212BS-5;26/01/2025 23:15:21;Flujo Same day BX;Arango;"Magdalena ";;avenida san luis de macul  4355;403 A;;;PE.ALOLEN;REG.METROPOLITANA;CL;Arango;"Magdalena ";;avenida san luis de macul  4355;;;;PE.ALOLEN;REG.METROPOLITANA;CL;20990;0;758;0;21748;0;CLP
000000503106;23283915701-A;26/01/2025 23:15:19;Cerrado;12490;758;13248;1998;0.0000;10492;1;BLUSA EFECTO CRUZADO TIPO SATÍN NEGRO NICOPOLY;MPM10001491742-2;N04297BS;26/01/2025 23:15:21;Flujo Same day BX;Arango;"Magdalena ";;avenida san luis de macul  4355;403 A;;;PE.ALOLEN;REG.METROPOLITANA;CL;Arango;"Magdalena ";;avenida san luis de macul  4355;;;;PE.ALOLEN;REG.METROPOLITANA;CL;12490;0;758;0;13248;0;CLP
000000503106;23283915701-A;26/01/2025 23:15:19;Cerrado;10990;758;11748;1758;0.0000;9232;1;SWEATER TIPO HILO MANGA PRINCESA NARANJA NICOPOLY;MPM10001491753-1;N04249RS;26/01/2025 23:15:21;Flujo Same day BX;Arango;"Magdalena ";;avenida san luis de macul  4355;403 A;;;PE.ALOLEN;REG.METROPOLITANA;CL;Arango;"Magdalena ";;avenida san luis de macul  4355;;;;PE.ALOLEN;REG.METROPOLITANA;CL;10990;0;758;0;11748;0;CLP
000000503106;23283915701-A;26/01/2025 23:15:19;Cerrado;21490;758;22248;3438;0.0000;18052;1;BLAZER CON SOLAPA NEGRO NICOPOLY;MPM10001849470-4;N05062BM;26/01/2025 23:15:21;Flujo Same day BX;Arango;"Magdalena ";;avenida san luis de macul  4355;403 A;;;PE.ALOLEN;REG.METROPOLITANA;CL;Arango;"Magdalena ";;avenida san luis de macul  4355;;;;PE.ALOLEN;REG.METROPOLITANA;CL;21490;0;758;0;22248;0;CLP
000000503106;23284158901-A;27/01/2025 01:36:08;Cerrado;25990;3990;29980;5198;0.0000;20792;1;GILET BÁSICO 4 BOTONES NEGRO NICOPOLY;MPM10002122200-1;N05262BL;27/01/2025 01:36:09;Flujo Same day BX;Viera;Antonia;;Raúl Hernán leppe 2845;S/N;;;MAIPU;REG.METROPOLITANA;CL;Viera;Antonia;;Raúl Hernán leppe 2845;;;;MAIPU;REG.METROPOLITANA;CL;25990;0;3990;0;29980;0;CLP
000000503106;23284270801-A;27/01/2025 08:53:19;Cerrado;15990;1297;17287;3198;0.0000;12792;1;PANTALÓN MUJER NICOPOLY BLANCO TIRO ALTO JASPEADO;MPM10001849485-2;N05022AM;27/01/2025 08:53:21;Flujo Same day BX;Guzman Suazo;Gisela;;BAQUEDANO  10287;CASA;;;EL BOSQUE;REG.METROPOLITANA;CL;Guzman Suazo;Gisela;;BAQUEDANO  10287;;;;EL BOSQUE;REG.METROPOLITANA;CL;15990;0;1297;0;17287;0;CLP
000000503106;23284270801-A;27/01/2025 08:53:19;Cerrado;15990;1297;17287;3198;0.0000;12792;1;ENTERITO LARGO MUJER NICOPOLY NEGRO COMFY;MPM10001916740-3;N02413BM-5;27/01/2025 08:53:21;Flujo Same day BX;Guzman Suazo;Gisela;;BAQUEDANO  10287;CASA;;;EL BOSQUE;REG.METROPOLITANA;CL;Guzman Suazo;Gisela;;BAQUEDANO  10287;;;;EL BOSQUE;REG.METROPOLITANA;CL;15990;0;1297;0;17287;0;CLP
000000503106;23284270801-A;27/01/2025 08:53:19;Cerrado;9990;1297;11287;1998;0.0000;7992;1;CROP TOP JASPEADO BLANCO NICOPOLY;MPM10001849445-3;N05021AM;27/01/2025 08:53:21;Flujo Same day BX;Guzman Suazo;Gisela;;BAQUEDANO  10287;CASA;;;EL BOSQUE;REG.METROPOLITANA;CL;Guzman Suazo;Gisela;;BAQUEDANO  10287;;;;EL BOSQUE;REG.METROPOLITANA;CL;9990;0;1297;0;11287;0;CLP
000000503106;23284270801-A;27/01/2025 08:53:19;Cerrado;7490;1297;8787;1498;0.0000;5992;1;CROP ENCAJE BLANCO NICOPOLY;MPM10001916725-1;N04032AM-5;27/01/2025 08:53:21;Flujo Same day BX;Guzman Suazo;Gisela;;BAQUEDANO  10287;CASA;;;EL BOSQUE;REG.METROPOLITANA;CL;Guzman Suazo;Gisela;;BAQUEDANO  10287;;;;EL BOSQUE;REG.METROPOLITANA;CL;7490;0;1297;0;8787;0;CLP
