Número de factura;Order number;Date created;Estado del pedido;Subtotal de artículos (con impuestos);Gastos de envío (con impuestos);Precio total (con impuestos);Commission (excluding taxes);Impuestos sobre la comisión;Amount transferred to tienda (including taxes);Quantity;Producto;Product SKU;Offer SKU;Fecha de confirmación del pago;Shipping method;Shipping address last name;Shipping address first name;Shipping address company;Shipping address street 1;Shipping address street 2;Dirección de entrega: complementaria;Shipping address zip;Shipping address city;Shipping address state;Shipping address country;Billing address last name;Billing address first name;Billing address company;Billing address street 1;Billing address street 2;Dirección de facturación: complementaria;Billing address zip;Billing address city;Billing address state;Billing address country;Subtotal de artículos (sin impuestos);Impuestos sobre artículos;Gastos de envío (sin impuestos);Impuestos sobre gastos de envío;Precio total (sin impuestos);Impuestos sobre el precio total;Currency
000000514115;23082100401-A;28/11/2024 21:23:05;Cerrado;19990;990;20980;3998;0.0000;15992;1;VESTIDO CORTO ABERTURAS MANGAS ROJO NICOPOLY;MPM10001849479-2;N02336DM-5;28/11/2024 21:23:06;4d_Retiro Tienda Ripley Crillon;Corro;Ximena;;"Agustinas #1025 ";Piso -1. Modulo Retiro en Tienda;;;SANTIAGO;REG.METROPOLITANA;CL;Corro;Ximena;;Los placeres 7490;;;;SANTIAGO;REG.METROPOLITANA;CL;19990;0;990;0;20980;0;CLP
000000514115;23117213303-A;02/12/2024 16:34:33;Cerrado;26390;990;27380;5278;0.0000;21112;1;VESTIDO UN HOMBRO Y TAJO FUCSIA NICOPOLY;MPM00084129770-2;N03077SL;02/12/2024 16:34:34;4d_Retiro Tienda Ripley Costanera Center;Bustos;Camila;;"Avenida Andrés Bello 2422 ";" 1er Piso. Modulo Retiro en Tienda";;;PROVIDENCIA;REG.METROPOLITANA;CL;Bustos;Camila;;Luis Thayer Ojeda 260;;;;PROVIDENCIA;REG.METROPOLITANA;CL;26390;0;990;0;27380;0;CLP
000000514115;23143535801-A;07/12/2024 21:00:42;Cerrado;17990;990;18980;3598;0.0000;14392;1;PANTALÓN VESTIR COSTURAS FRONTALES NEGRO NICOPOLY;MPM10001448847-2;N03030BS-4;07/12/2024 21:00:43;4d_Retiro Tienda Ripley Huechuraba;Trigo;Teresa;;"Av. Americo Vespucio Norte 1737 ";" 2do Piso. Modulo Retiro en Tienda";;;HUECHURABA;REG.METROPOLITANA;CL;Trigo;Teresa;;carlos Condell 0182;;;;HUECHURABA;REG.METROPOLITANA;CL;17990;0;990;0;18980;0;CLP
000000514115;23238592901-A;05/01/2025 05:12:46;Reembolsado;21990;990;22980;4398;0.0000;17592;1;ENTERITO DETALLES DORADOS HOMBROS BURDEO NICOPOLY;MPM00081462634-1;N03017TS;05/01/2025 05:12:48;4d_Retiro Tienda Ripley Costanera Center;Ramirez;Mauricio;;"Avenida Andrés Bello 2422 ";" 1er Piso. Modulo Retiro en Tienda";;;PROVIDENCIA;REG.METROPOLITANA;CL;Meza;Jacqueline;;Segunda transversal 3496;;;;PROVIDENCIA;REG.METROPOLITANA;CL;21990;0;990;0;22980;0;CLP
000000514115;23301869501-A;03/02/2025 21:30:34;Cerrado;29990;495;30485;5998;0.0000;23992;1;BLAZER SIN MANGAS BOLSILLOS CELESTE NICOPOLY;MPM10001752525-4;N04294KL-5;03/02/2025 21:30:35;10d_Retiro Tienda Ripley Antofagasta;Cortes;Margarita;;"Arturo Prat 530 ";" 4to Piso. Servicio al Cliente";;;ANTOFAGASTA;II REGION;CL;Cortes;Margarita;;maipu 1548;;;;ANTOFAGASTA;II REGION;CL;29990;0;495;0;30485;0;CLP
000000514115;23301869501-A;03/02/2025 21:30:34;Cerrado;18990;495;19485;3798;0.0000;15192;1;PANTALÓN MUJER NICOPOLY CELESTE RECTO COSTURA FRONTAL;MPM10001829347-1;N04301KM-5;03/02/2025 21:30:35;10d_Retiro Tienda Ripley Antofagasta;Cortes;Margarita;;"Arturo Prat 530 ";" 4to Piso. Servicio al Cliente";;;ANTOFAGASTA;II REGION;CL;Cortes;Margarita;;maipu 1548;;;;ANTOFAGASTA;II REGION;CL;18990;0;495;0;19485;0;CLP
000000514115;23318353001-A;11/02/2025 01:44:19;Reembolsado;28990;990;29980;5798;0.0000;23192;1;VESTIDO CAMISERO ALGODÓN MUJER NICOPOLY CELESTE TIPO DENIM;MPM10001849442-3;N05099KS;11/02/2025 01:44:21;18d_Retiro Tienda Ripley Punta Arenas;Perez;Pilar;;"Avda. E Frei Montalva 01110 Local 194 ";" 2do Piso. Servicio al Cliente";;;PTA.ARENAS;XII REGION;CL;Perez;Pilar;;Jorge lagos  066;;;;PTA.ARENAS;XII REGION;CL;28990;0;990;0;29980;0;CLP
000000514115;23332352201-A;18/02/2025 02:51:27;Cerrado;22490;990;23480;4498;0.0000;17992;1;ENTERITO MUJER NICOPOLY VERDE OLIVA LAZO Y HEBILLA;MPM10001849448-1;N04058MS-5;18/02/2025 02:51:29;18d_Retiro Tienda Ripley Punta Arenas;Canales;"Rodrigo ";;"Avda. E Frei Montalva 01110 Local 194 ";" 2do Piso. Servicio al Cliente";;;PTA.ARENAS;XII REGION;CL;Molina;Mabel;;Julian fox  0381;;;;PTA.ARENAS;XII REGION;CL;22490;0;990;0;23480;0;CLP
000000514115;23335572501-A;19/02/2025 18:20:01;Reembolsado;20990;330;21320;4198;0.0000;16792;1;PANTALÓN MUJER NICOPOLY KHAKI TIRO ALTO BÁSICO;MPM10001752467-1;N10373LS-5;19/02/2025 18:20:02;10d_Retiro Tienda Ripley Antofagasta;Rojas;Jeymmy;;"Arturo Prat 530 ";" 4to Piso. Servicio al Cliente";;;ANTOFAGASTA;II REGION;CL;Rojas;Jeymmy;;Avenida Cerro Paranal 271;;;;ANTOFAGASTA;II REGION;CL;20990;0;330;0;21320;0;CLP
000000514115;23335572501-A;19/02/2025 18:20:01;Reembolsado;20990;330;21320;4198;0.0000;16792;1;PANTALÓN MUJER NICOPOLY NEGRO TIRO ALTO BÁSICO;MPM10001752482-2;N10373BS-5;19/02/2025 18:20:02;10d_Retiro Tienda Ripley Antofagasta;Rojas;Jeymmy;;"Arturo Prat 530 ";" 4to Piso. Servicio al Cliente";;;ANTOFAGASTA;II REGION;CL;Rojas;Jeymmy;;Avenida Cerro Paranal 271;;;;ANTOFAGASTA;II REGION;CL;20990;0;330;0;21320;0;CLP
000000514115;23335572501-A;19/02/2025 18:20:01;Reembolsado;13990;330;14320;2798;0.0000;11192;1;CROP TOP ESCOTE CRUZADO AZUL REY NICOPOLY;MPM00084055698-2;N03107CS;19/02/2025 18:20:02;10d_Retiro Tienda Ripley Antofagasta;Rojas;Jeymmy;;"Arturo Prat 530 ";" 4to Piso. Servicio al Cliente";;;ANTOFAGASTA;II REGION;CL;Rojas;Jeymmy;;Avenida Cerro Paranal 271;;;;ANTOFAGASTA;II REGION;CL;13990;0;330;0;14320;0;CLP
000000514115;23337637001-A;20/02/2025 17:51:37;Cerrado;13990;990;14980;2798;0.0000;11192;1;VESTIDO CORTO MUJER NICOPOLY BLANCO ABERTURAS MANGAS;MPM10001849478-3;N02336AS-5;20/02/2025 17:51:39;5d_Retiro Tienda Ripley Viña del Mar Sucre;Varela Berrios;Karola Andrea;;"Sucre 290, Viña ";5to Piso. Modulo Retiro en Tienda;;;VI.A DEL MA;V REGION;CL;Varela Berrios;Karola Andrea;;Calle nueve 481-i reñaca alto  481-i;;;;VI.A DEL MA;V REGION;CL;13990;0;990;0;14980;0;CLP
000000514115;23339463901-A;21/02/2025 14:31:04;Cerrado;20990;990;21980;4198;0.0000;16792;1;PANTALÓN MUJER NICOPOLY CELESTE TIRO ALTO BÁSICO;MPM10001752484-4;N10373CS-5;21/02/2025 14:31:06;4d_Retiro Tienda Ripley Arauco Maipu;Rodriguez;Marcela Andrea;;"Av. Americo Vespucio 399 ";" 2do Piso. Modulo Retiro en Tienda";;;MAIPU;REG.METROPOLITANA;CL;Rodriguez;Marcela Andrea;;LOS MAITENES ORIENTE  1253;;;;MAIPU;REG.METROPOLITANA;CL;20990;0;990;0;21980;0;CLP
000000514115;23340664401-A;22/02/2025 01:09:04;Cerrado;49990;0;49990;9998;0.0000;39992;1;FULFILLMENT-BLAZER LARGO CUELLO CRUZADO VERDE OSCURO NICOPOLY;MPM10002146366-1;N05299EXL-FF;22/02/2025 01:09:05;FF_MATRIX;Norambuena;Constanza;;Lautaro 16;Casa;;;LINARES;VII REGION;CL;Norambuena;Constanza;;Lautaro 16;;;;LINARES;VII REGION;CL;49990;0;0;0;49990;0;CLP
000000514115;23350582201-A;26/02/2025 21:31:35;Reembolsado;26490;3990;30480;5298;0.0000;21192;1;ENTERITO MUJER NICOPOLY ROJO CON ENCAJE;MPM10001849447-3;N05040DM;26/02/2025 21:31:37;Flujo Same day BX;Torres;Priscila;;AV EL PERAL 07078;"CONDOMINIO TERRAZAS ";;;PUENTE ALTO;REG.METROPOLITANA;CL;Torres;Priscila;;AV EL PERAL 07078;;;;PUENTE ALTO;REG.METROPOLITANA;CL;26490;0;3990;0;30480;0;CLP
000000514115;23351477301-A;27/02/2025 09:22:54;Reembolsado;15990;3990;19980;3198;0.0000;12792;1;PANTALÓN MUJER NICOPOLY CELESTE TIRO ALTO JASPEADO;MPM10001849482-1;N05022KM;27/02/2025 09:22:55;Flujo Same day BX;Aviles;Javiera;;Millahue 620;S/N;;;MAIPU;REG.METROPOLITANA;CL;Aviles;Javiera;;Millahue 620;;;;MAIPU;REG.METROPOLITANA;CL;15990;0;3990;0;19980;0;CLP
000000514115;23351696501-A;27/02/2025 11:25:23;Cerrado;15990;0;15990;3198;0.0000;12792;1;PANTALÓN MUJER NICOPOLY ROSADO TIRO ALTO JASPEADO;MPM10001849483-1;N05022HM;27/02/2025 11:25:25;18d_Retiro Tienda Ripley Punta Arenas;Ojeda Ruiz;Blanca Esther;;"Avda. E Frei Montalva 01110 Local 194 ";" 2do Piso. Servicio al Cliente";;;PTA.ARENAS;XII REGION;CL;Ojeda Ruiz;Blanca Esther;;Juan salvo 0955;;;;PTA.ARENAS;XII REGION;CL;15990;0;0;0;15990;0;CLP
000000514115;23354638101-A;28/02/2025 13:21:46;Reembolsado;31990;6990;38980;6398;0.0000;25592;1;GILET TEJIDO HILO BLANCO NICOPOLY;MPM10002146561-2;N05264AL;28/02/2025 13:21:47;Flujo Crossdock- Ripley PAQ;Alfaro Saavedra;"Valentina ";;Francisco javier krugger  2500;138;;;BUIN;REG.METROPOLITANA;CL;Alfaro Saavedra;"Valentina ";;Francisco javier krugger  2500;;;;BUIN;REG.METROPOLITANA;CL;31990;0;6990;0;38980;0;CLP
000000514115;23358487101-A;01/03/2025 20:24:49;Reembolsado;31990;990;32980;6398;0.0000;25592;1;BLAZER BOLSILLOS CON SOLAPAS KHAKI NICOPOLY;MPM10001437613-2;N04260LS;01/03/2025 20:24:51;4d_Retiro Tienda Ripley Parque Arauco;Cantillana;Antonella;;"Avenida Kennedy 5413 ";4to Piso. Modulo Retiro en Tienda;;;LAS CONDES;REG.METROPOLITANA;CL;Cantillana;Antonella;;Av Quilin 4931;;;;LAS CONDES;REG.METROPOLITANA;CL;31990;0;990;0;32980;0;CLP
000000514115;23359267701-A;02/03/2025 02:12:30;Reembolsado;12990;990;13980;2598;0.0000;10392;1;BODY HALTER TIPO SATÍN NEGRO NICOPOLY;MPM10001878231-3;N05047BL;02/03/2025 02:12:32;10d_Retiro Tienda Ripley San Fernando;Medina;Angelica;;"Bernardo Ohiggins 701 ";" 3er Piso. Modulo Retiro en Tienda";;;SAN FERNANDO;VI REGION;CL;Medina;Angelica;;German Riesco 1502;;;;SAN FERNANDO;VI REGION;CL;12990;0;990;0;13980;0;CLP
000000514115;23359898301-A;02/03/2025 14:01:55;Cerrado;13990;990;14980;2798;0.0000;11192;1;SHORT MUJER NICOPOLY AZUL GRISÁCEO HOLGADO;MPM10001878076-2;N05078CM;02/03/2025 14:01:57;5d_Retiro Tienda Ripley Mall Concepción;"Gajardo ";"Fabiola ";;"Barros Arana 1068, Concepcion ";" 3er Piso. Modulo Retiro en Tienda";;;CONCEPCION;VIII REGION;CL;"Gajardo ";"Fabiola ";;Av Pedro de valdivia 904;;;;CONCEPCION;VIII REGION;CL;13990;0;990;0;14980;0;CLP
000000514115;23361556201-A;02/03/2025 22:45:02;Reembolsado;25990;0;25990;5198;0.0000;20792;1;CALZA SKINNY VICHY CON CIERRE AZUL/NEGRO NICOPOLY;MPM10002122139-2;N03033CM-6;02/03/2025 22:45:04;10d_Retiro Tienda Ripley Pto. Montt Costanera;Fontealba;Carolina;;"Juan Soler Manfredini 10 ";" 6to Piso. Modulo Retiro en Tienda";;;PTO.MONTT;X REGION;CL;Fontealba;Carolina;;Avenida Austral 1401 1401;;;;PTO.MONTT;X REGION;CL;25990;0;0;0;25990;0;CLP
000000514115;23361791301-A;02/03/2025 23:48:58;Reembolsado;12490;3990;16480;2498;0.0000;9992;1;CALZA MUJER NICOPOLY CAFÉ LISA CON CIERRE;MPM10001465390-1;N04295RM;02/03/2025 23:48:59;Flujo Same day BX;Bustos;Paola;;Brown Norte 788;210;;;NUNOA;REG.METROPOLITANA;CL;Bustos;Paola;;Brown Norte 788;;;;NUNOA;REG.METROPOLITANA;CL;12490;0;3990;0;16480;0;CLP
000000514115;23362907201-A;03/03/2025 14:26:33;Reembolsado;24990;495;25485;4998;0.0000;19992;1;PANTALÓN MUJER NICOPOLY ROJO PINZAS TIRO ALTO;MPM10001752477-4;N04120DL-5;03/03/2025 14:26:34;4d_Retiro Tienda Ripley Plaza Egaña;Tizamo;Valeria;;"Larrain 5800 ";" 3er Piso. Modulo Retiro en Tienda";;;NUNOA;REG.METROPOLITANA;CL;Tizamo;Valeria;;Duble Almeyda  3443;;;;NUNOA;REG.METROPOLITANA;CL;24990;0;495;0;25485;0;CLP
000000514115;23365621701-A;04/03/2025 13:58:48;Cerrado;28990;990;29980;5798;0.0000;23192;1;ENTERITO MUJER NICOPOLY NEGRO CON ENCAJE;MPM10001849465-1;N05040BM;04/03/2025 13:58:49;11d_Retiro Tienda Ripley Temuco;Levil;Isabel;;"Arturo Prat 656, Temuco ";2do Piso. Modulo Retiro en Tienda;;;TEMUCO;IX REGION;CL;Levil;Isabel;;Bahía Mansa 1130;;;;TEMUCO;IX REGION;CL;28990;0;990;0;29980;0;CLP
000000514115;23365626801-A;04/03/2025 14:02:33;Cerrado;21990;990;22980;4398;0.0000;17592;1;VESTIDO MUJER NICOPOLY NEGRO PABILO CON VOLANTES;MPM10001878064-2;N05013BM;04/03/2025 14:02:35;10d_Retiro Tienda Ripley Antofagasta;Guerra;Rodrigo;;"Arturo Prat 530 ";" 4to Piso. Servicio al Cliente";;;ANTOFAGASTA;II REGION;CL;Guerra;Rodrigo;;Uribe 305;;;;ANTOFAGASTA;II REGION;CL;21990;0;990;0;22980;0;CLP
000000514115;23365691702-A;04/03/2025 14:29:01;Cerrado;9990;495;10485;1998;0.0000;7992;1;CROP ENCAJE NEGRO NICOPOLY;MPM10001916739-3;N04032BS-5;04/03/2025 14:29:02;5d_Retiro Tienda Ripley Talca;Tejos;Sergio;;"8 Oriente 1212 ";" 2do Piso. Modulo Retiro en Tienda";;;TALCA;VII REGION;CL;Antunez Vergara;María Bernardita;;Chorrillos 1499A;;;;TALCA;VII REGION;CL;9990;0;495;0;10485;0;CLP
000000514115;23365691702-A;04/03/2025 14:29:01;Cerrado;7990;495;8485;1598;0.0000;6392;1;CROP TOP ASIMÉTRICO RAYADO NICOPOLY;MPM10001916731-2;N05097AS;04/03/2025 14:29:02;5d_Retiro Tienda Ripley Talca;Tejos;Sergio;;"8 Oriente 1212 ";" 2do Piso. Modulo Retiro en Tienda";;;TALCA;VII REGION;CL;Antunez Vergara;María Bernardita;;Chorrillos 1499A;;;;TALCA;VII REGION;CL;7990;0;495;0;8485;0;CLP
000000514115;23366563001-A;04/03/2025 19:58:55;Reembolsado;25990;330;26320;5198;0.0000;20792;1;VESTIDO MUJER NICOPOLY BLANCO STRAPLESS Y ESCOTE V;MPM10001856335-1;N05011AXL;04/03/2025 19:58:57;4d_Retiro Tienda Ripley Costanera Center;Borgeaud;Charles;;"Avenida Andrés Bello 2422 ";" 1er Piso. Modulo Retiro en Tienda";;;PROVIDENCIA;REG.METROPOLITANA;CL;Borgeaud;Charles;;Warren Smith 98;;;;PROVIDENCIA;REG.METROPOLITANA;CL;25990;0;330;0;26320;0;CLP
000000514115;23367087701-A;04/03/2025 22:49:30;Cerrado;15990;495;16485;3198;0.0000;12792;1;PANTALÓN MUJER NICOPOLY ROSADO TIRO ALTO JASPEADO;MPM10001849483-1;N05022HM;04/03/2025 22:49:32;5d_Retiro Tienda Ripley Talca;"Rodrguez ";"Gloria ";;"8 Oriente 1212 ";" 2do Piso. Modulo Retiro en Tienda";;;TALCA;VII REGION;CL;"Rodrguez ";"Gloria ";;41 oriente 11 norte  2089;;;;TALCA;VII REGION;CL;15990;0;495;0;16485;0;CLP
000000514115;23367087701-A;04/03/2025 22:49:30;Cerrado;9990;495;10485;1998;0.0000;7992;1;CROP TOP JASPEADO ROSADO NICOPOLY;MPM10001849456-3;N05021HL;04/03/2025 22:49:32;5d_Retiro Tienda Ripley Talca;"Rodrguez ";"Gloria ";;"8 Oriente 1212 ";" 2do Piso. Modulo Retiro en Tienda";;;TALCA;VII REGION;CL;"Rodrguez ";"Gloria ";;41 oriente 11 norte  2089;;;;TALCA;VII REGION;CL;9990;0;495;0;10485;0;CLP
000000514115;23367107701-A;04/03/2025 22:54:08;Cerrado;14990;990;15980;2998;0.0000;11992;1;VESTIDO CORTO MUJER NICOPOLY ROSADO CUELLO HALTER;MPM10001878077-1;N04063HM-5;04/03/2025 22:54:09;8d_Retiro Tienda Ripley Copiapo;Rivera;Lisbeth;;"Calle Maipu S/N, Copiapo ";" 2do Piso. Servicio al Cliente";;;COPIAPO;III REGION;CL;Rivera;Lisbeth;;Borgoño 451;;;;COPIAPO;III REGION;CL;14990;0;990;0;15980;0;CLP
000000514115;23367893401-A;05/03/2025 11:36:04;Reembolsado;37990;990;38980;7598;0.0000;30392;1;CHAQUETA BIKER ECOCUERO CORTA NEGRO  NICOPOLY;MPM10001383962-3;N04201BS;05/03/2025 11:36:06;5d_Retiro Tienda Ripley Valparaíso;Olavarria;Maria Carolina;;"Plaza Victoria 1646 ";" 4to Piso. Servicio al Cliente";;;VALPARAISO;V REGION;CL;Olavarria;Maria Carolina;;Pasaje Roberto Matta Echaurren 252;;;;VALPARAISO;V REGION;CL;37990;0;990;0;38980;0;CLP
000000514115;23367914801-A;05/03/2025 11:46:11;Reembolsado;31980;5489;37469;6396;0.0000;25584;2;PANTALÓN MUJER NICOPOLY CELESTE TIRO ALTO JASPEADO;MPM10001849482-1;N05022KM;05/03/2025 11:46:13;Flujo Crossdock- Ripley PAQ;Horta;Cristian;;24 norte 3294;S/N;;;TALCA;VII REGION;CL;Horta;Cristian;;24 norte 3294;;;;TALCA;VII REGION;CL;31980;0;5489;0;37469;0;CLP
000000514115;23367917701-A;05/03/2025 11:47:27;Reembolsado;14990;0;14990;2998;0.0000;11992;1;BODY ESCOTE ENCAJE BLANCO NICOPOLY;MPM10001878089-1;N02151AM-5;05/03/2025 11:47:28;Flujo Crossdock- Ripley PAQ;Uribe;Valeria;;Bellavista 1755;S/N;;;CONCEPCION;VIII REGION;CL;Uribe;Valeria;;Bellavista 1755;;;;CONCEPCION;VIII REGION;CL;14990;0;0;0;14990;0;CLP
000000514115;23367917701-A;05/03/2025 11:47:27;Reembolsado;9990;0;9990;1998;0.0000;7992;1;BODY ESCOTE DRAPEADO LENTEJUELAS NEGRO NICOPOLY;MPM10001916748-3;N05014BM;05/03/2025 11:47:28;Flujo Crossdock- Ripley PAQ;Uribe;Valeria;;Bellavista 1755;S/N;;;CONCEPCION;VIII REGION;CL;Uribe;Valeria;;Bellavista 1755;;;;CONCEPCION;VIII REGION;CL;9990;0;0;0;9990;0;CLP
000000514115;23367917701-A;05/03/2025 11:47:27;Reembolsado;28990;0;28990;5798;0.0000;23192;1;ENTERITO MUJER NICOPOLY BLANCO CON ENCAJE;MPM10001849450-1;N05040AM;05/03/2025 11:47:28;Flujo Crossdock- Ripley PAQ;Uribe;Valeria;;Bellavista 1755;S/N;;;CONCEPCION;VIII REGION;CL;Uribe;Valeria;;Bellavista 1755;;;;CONCEPCION;VIII REGION;CL;28990;0;0;0;28990;0;CLP
000000514115;23367967601-A;05/03/2025 12:12:26;Reembolsado;15990;0;15990;3198;0.0000;12792;1;PANTALÓN MUJER NICOPOLY BLANCO TIRO ALTO JASPEADO;MPM10001849485-1;N05022AS;05/03/2025 12:12:28;Flujo Same day BX;Cornejo;Angelina;;Los clarines 3078;104;;;MACUL;REG.METROPOLITANA;CL;Cornejo;Angelina;;Los clarines 3078;;;;MACUL;REG.METROPOLITANA;CL;15990;0;0;0;15990;0;CLP
000000514115;23370246101-A;06/03/2025 10:54:05;Cerrado;20990;495;21485;4198;0.0000;16792;1;PANTALÓN MUJER NICOPOLY CELESTE TIRO ALTO BÁSICO;MPM10001752484-1;N10373CM-5;06/03/2025 10:54:07;4d_Retiro Tienda Ripley Plaza Oeste;Bravo Lizama;Luzmira Andrea;;"Américo Vespucio 1501 ";" 3er Piso. Modulo Retiro en Tienda";;;CERRILLOS;REG.METROPOLITANA;CL;Bravo Lizama;Luzmira Andrea;;CAMINO A MELIPILLA  2259;;;;CERRILLOS;REG.METROPOLITANA;CL;20990;0;495;0;21485;0;CLP
000000514115;23370246101-A;06/03/2025 10:54:05;Cerrado;20990;495;21485;4198;0.0000;16792;1;PANTALÓN MUJER NICOPOLY ROJO TIRO ALTO BÁSICO;MPM10001752474-2;N10373DM-5;06/03/2025 10:54:07;4d_Retiro Tienda Ripley Plaza Oeste;Bravo Lizama;Luzmira Andrea;;"Américo Vespucio 1501 ";" 3er Piso. Modulo Retiro en Tienda";;;CERRILLOS;REG.METROPOLITANA;CL;Bravo Lizama;Luzmira Andrea;;CAMINO A MELIPILLA  2259;;;;CERRILLOS;REG.METROPOLITANA;CL;20990;0;495;0;21485;0;CLP
000000514115;23370451101-A;06/03/2025 12:22:32;Reembolsado;22990;990;23980;4598;0.0000;18392;1;ENTERITO MUJER NICOPOLY VERDE OLIVA LAZO Y HEBILLA;MPM10001849448-3;N04058MM-5;06/03/2025 12:22:34;4d_Retiro Tienda Ripley Huechuraba;Penaloza;Karina;;"Av. Americo Vespucio Norte 1737 ";" 2do Piso. Modulo Retiro en Tienda";;;HUECHURABA;REG.METROPOLITANA;CL;Penaloza;Karina;;Finlandia  3954;;;;HUECHURABA;REG.METROPOLITANA;CL;22990;0;990;0;23980;0;CLP
000000514115;23370819301-A;06/03/2025 15:08:26;Cerrado;18990;0;18990;3798;0.0000;15192;1;VESTIDO MUJER NICOPOLY CELESTE ESCOTE V PROFUNDO;MPM10001919208-1;N05103KS;06/03/2025 15:08:27;10d_Retiro Tienda Ripley Antofagasta;Cortes Rojas;Maria Teresa;;"Arturo Prat 530 ";" 4to Piso. Servicio al Cliente";;;ANTOFAGASTA;II REGION;CL;Cortes Rojas;Maria Teresa;;Galleguillos lorca 768;;;;ANTOFAGASTA;II REGION;CL;18990;0;0;0;18990;0;CLP
000000514115;23372280501-A;07/03/2025 00:55:02;Cerrado;14990;990;15980;2998;0.0000;11992;1;BODY HALTER TIPO SATÍN BURDEO NICOPOLY;MPM10001878232-3;N05047TL;07/03/2025 00:55:03;5d_Retiro Tienda Ripley Mall Concepción;Santi;"Patricia ";;"Barros Arana 1068, Concepcion ";" 3er Piso. Modulo Retiro en Tienda";;;CONCEPCION;VIII REGION;CL;Rodriguez;Michael;;Ejercito 435;;;;CONCEPCION;VIII REGION;CL;14990;0;990;0;15980;0;CLP
000000514115;23372468801-A;07/03/2025 09:10:04;Reembolsado;14990;990;15980;2998;0.0000;11992;1;VESTIDO MUJER NICOPOLY NEGRO HOLGADO CON MANGAS CALADAS;MPM10001919205-2;N05120BM;07/03/2025 09:10:05;4d_Retiro Tienda Ripley Huechuraba;Correa Escanilla;Karen;;"Av. Americo Vespucio Norte 1737 ";" 2do Piso. Modulo Retiro en Tienda";;;HUECHURABA;REG.METROPOLITANA;CL;Correa Escanilla;Karen;;Alberto Undurraga 2063 2063;;;;HUECHURABA;REG.METROPOLITANA;CL;14990;0;990;0;15980;0;CLP
000000514115;23372601701-A;07/03/2025 10:39:07;Cerrado;16990;990;17980;3398;0.0000;13592;1;VESTIDO MUJER NICOPOLY CELESTE FLORES PABILO AJUSTABLE;MPM10001916727-2;N05138KM;07/03/2025 10:39:09;4d_Retiro Tienda Ripley Tobalaba;Carreno;Isabel;;"Av. Camilo Henríquez 3296, Puente Alto ";2do Piso. Modulo Retiro en Tienda;;;PUENTE ALTO;REG.METROPOLITANA;CL;Carreno;Isabel;;Avenida las nieves oriente 2516;;;;PUENTE ALTO;REG.METROPOLITANA;CL;16990;0;990;0;17980;0;CLP
000000514115;23372895601-A;07/03/2025 12:59:00;Cerrado;9990;990;10980;1998;0.0000;7992;1;BODY ESCOTE DRAPEADO LENTEJUELAS NEGRO NICOPOLY;MPM10001916748-3;N05014BM;07/03/2025 12:59:02;5d_Retiro Tienda Ripley Los Ángeles;Escobar;Belen;;"Valdivia 440, Los Angeles ";" 3er Piso. Servicio al Cliente";;;LOS ANGELES;VIII REGION;CL;Escobar;Belen;;Av Alcázar 558;;;;LOS ANGELES;VIII REGION;CL;9990;0;990;0;10980;0;CLP
000000514115;23373683702-A;07/03/2025 19:36:34;Reembolsado;21990;0;21990;4398;0.0000;17592;1;ENTERITO MUJER NICOPOLY MORADO TIPO SATÍN ESCOTE V UVA;MPM00079771056-3;N03079ZS;07/03/2025 19:36:36;5d_Retiro Tienda Ripley Quilpué;Sanchez;"María José ";;"Claudio Vicuña 992, Quilpue ";" 3er Piso. Modulo Retiro en Tienda";;;QUILPUE;V REGION;CL;Vargas;Nancy;;Barros Arana 993;;;;QUILPUE;V REGION;CL;21990;0;0;0;21990;0;CLP
000000514115;23373874801-A;07/03/2025 21:12:12;Cerrado;20990;330;21320;4198;0.0000;16792;1;PANTALÓN MUJER NICOPOLY AZUL GRISÁCEO PRETINA ANCHA;MPM10001848635-1;N05081CS;07/03/2025 21:12:13;8d_Retiro Tienda Ripley Castellón;Flores;Valentina;;"Castellon 520, Concepcion ";6to Piso. Servicio al Cliente;;;CONCEPCION;VIII REGION;CL;Flores;Valentina;;ayinrehue 2475;;;;CONCEPCION;VIII REGION;CL;20990;0;330;0;21320;0;CLP
000000514115;23373874801-A;07/03/2025 21:12:12;Cerrado;12990;330;13320;2598;0.0000;10392;1;SWEATER TIPO HILO MANGA PRINCESA NARANJA NICOPOLY;MPM10001491753-1;N04249RS;07/03/2025 21:12:13;8d_Retiro Tienda Ripley Castellón;Flores;Valentina;;"Castellon 520, Concepcion ";6to Piso. Servicio al Cliente;;;CONCEPCION;VIII REGION;CL;Flores;Valentina;;ayinrehue 2475;;;;CONCEPCION;VIII REGION;CL;12990;0;330;0;13320;0;CLP
000000514115;23373874801-A;07/03/2025 21:12:12;Cerrado;9990;330;10320;1998;0.0000;7992;1;BODY TEXTURIZADO ACANALADO GRIS NICOPOLY;MPM10001713170-2;N05003IS;07/03/2025 21:12:13;8d_Retiro Tienda Ripley Castellón;Flores;Valentina;;"Castellon 520, Concepcion ";6to Piso. Servicio al Cliente;;;CONCEPCION;VIII REGION;CL;Flores;Valentina;;ayinrehue 2475;;;;CONCEPCION;VIII REGION;CL;9990;0;330;0;10320;0;CLP
000000514115;23373922001-A;07/03/2025 21:29:20;Cerrado;53990;990;54980;10798;0.0000;43192;1;TRENCH HEBILLA KHAKI NICOPOLY;MPM10002635823-1;N05051US-6;07/03/2025 21:29:23;5d_Retiro Tienda Ripley Mall Concepción;Pezo;Andrea;;"Barros Arana 1068, Concepcion ";" 3er Piso. Modulo Retiro en Tienda";;;CONCEPCION;VIII REGION;CL;Pezo;Andrea;;O'Higgins 385;;;;CONCEPCION;VIII REGION;CL;53990;0;990;0;54980;0;CLP
000000514115;23373962301-A;07/03/2025 21:39:00;Reembolsado;23990;990;24980;4798;0.0000;19192;1;PANTALÓN MUJER NICOPOLY GRIS PINZAS RECTO;MPM10001497456-1;N04298NM;07/03/2025 21:39:01;5d_Retiro Tienda Ripley Mall Concepción;Varela;Camila;;"Barros Arana 1068, Concepcion ";" 3er Piso. Modulo Retiro en Tienda";;;CONCEPCION;VIII REGION;CL;Varela;Camila;;Aníbal Pinto 817;;;;CONCEPCION;VIII REGION;CL;23990;0;990;0;24980;0;CLP
000000514115;23374291001-A;07/03/2025 23:56:40;Reembolsado;20990;990;21980;4198;0.0000;16792;1;PANTALÓN MUJER NICOPOLY ROJO TIRO ALTO BÁSICO;MPM10001752474-2;N10373DM-5;07/03/2025 23:56:41;4d_Retiro Tienda Ripley Crillon;Zuniga Lopez;Patricia;;"Agustinas #1025 ";Piso -1. Modulo Retiro en Tienda;;;SANTIAGO;REG.METROPOLITANA;CL;Zuniga Lopez;Patricia;;Bellavista  165;;;;SANTIAGO;REG.METROPOLITANA;CL;20990;0;990;0;21980;0;CLP
000000514115;23375394901-A;08/03/2025 17:29:39;Reembolsado;20990;495;21485;4198;0.0000;16792;1;PANTALÓN MUJER NICOPOLY BLANCO TIRO ALTO BÁSICO;MPM10001752475-1;N10373AL-5;08/03/2025 17:29:40;5d_Retiro Tienda Ripley Viña del Mar Sucre;Cliente;"Constanza ";;"Sucre 290, Viña ";5to Piso. Modulo Retiro en Tienda;;;VI.A DEL MA;V REGION;CL;Cliente;"Constanza ";;Avenida Gómez Carreño 4065;;;;VI.A DEL MA;V REGION;CL;20990;0;495;0;21485;0;CLP
000000514115;23375394901-A;08/03/2025 17:29:39;Reembolsado;18990;495;19485;3798;0.0000;15192;1;PANTALÓN MUJER NICOPOLY CELESTE RECTO COSTURA FRONTAL;MPM10001829347-1;N04301KM-5;08/03/2025 17:29:40;5d_Retiro Tienda Ripley Viña del Mar Sucre;Cliente;"Constanza ";;"Sucre 290, Viña ";5to Piso. Modulo Retiro en Tienda;;;VI.A DEL MA;V REGION;CL;Cliente;"Constanza ";;Avenida Gómez Carreño 4065;;;;VI.A DEL MA;V REGION;CL;18990;0;495;0;19485;0;CLP
000000514115;23375651501-A;08/03/2025 19:30:31;Reembolsado;25990;495;26485;5198;0.0000;20792;1;SWEATER MANGA RAGLÁN BLANCO INVIERNO NICOPOLY;MPM10002635846-2;N05253AS;08/03/2025 19:30:32;8d_Retiro Tienda Ripley Puerto Montt;Peña;Manuel;;"Urmeneta 595, Puerto Montt ";4to Piso. Servicio al Cliente;;;PTO.MONTT;X REGION;CL;Rosas;Cristóbal;;Ejercito 30;;;;PTO.MONTT;X REGION;CL;25990;0;495;0;26485;0;CLP
000000514115;23375651501-A;08/03/2025 19:30:31;Reembolsado;19990;495;20485;3998;0.0000;15992;1;BLUSA CUELLO MAO TIPO SATÍN VERDE OSCURO NICOPOLY;MPM10001465179-3;N04264EM;08/03/2025 19:30:32;8d_Retiro Tienda Ripley Puerto Montt;Peña;Manuel;;"Urmeneta 595, Puerto Montt ";4to Piso. Servicio al Cliente;;;PTO.MONTT;X REGION;CL;Rosas;Cristóbal;;Ejercito 30;;;;PTO.MONTT;X REGION;CL;19990;0;495;0;20485;0;CLP
000000514115;23376065401-A;08/03/2025 22:52:44;Reembolsado;18990;0;18990;3798;0.0000;15192;1;PANTALÓN MUJER NICOPOLY AZUL ACERO CON COSTURAS FRONTALES RECTO;MPM10001448885-2;N04301CM;08/03/2025 22:52:45;5d_Retiro Tienda Ripley Talca;General Leiva;María José;;"8 Oriente 1212 ";" 2do Piso. Modulo Retiro en Tienda";;;TALCA;VII REGION;CL;General Leiva;María José;;32 y media Oriente A 1948;;;;TALCA;VII REGION;CL;18990;0;0;0;18990;0;CLP
000000514115;23376065402-A;08/03/2025 22:52:44;Cerrado;28990;0;28990;5798;0.0000;23192;1;FULFILLMENT-GILET ESPALDA AJUSTABLE NEGRO NICOPOLY;MPM10002146383-3;N04273BS-6-FF;08/03/2025 22:52:46;FF_MATRIX_STS;General Leiva;María José;;"8 Oriente 1212 ";" 2do Piso. Modulo Retiro en Tienda";;;TALCA;VII REGION;CL;General Leiva;María José;;32 y media Oriente A 1948;;;;TALCA;VII REGION;CL;28990;0;0;0;28990;0;CLP
000000514115;23376361801-A;09/03/2025 02:26:47;Cerrado;20990;990;21980;4198;0.0000;16792;1;PANTALÓN MUJER NICOPOLY CELESTE TIRO ALTO BÁSICO;MPM10001752484-1;N10373CM-5;09/03/2025 02:26:50;4d_Retiro Tienda Ripley Plaza Vespucio;Brito;Mara Francisca;;"Av. Vicuña Mackenna Ote. 7110, La Florida ";3er Piso. Modulo Retiro en Tienda;;;LA FLORIDA;REG.METROPOLITANA;CL;Brito;Mara Francisca;;Lago Pirihueico 6502 6502;;;;LA FLORIDA;REG.METROPOLITANA;CL;20990;0;990;0;21980;0;CLP
000000514115;23376390501-A;09/03/2025 04:43:31;Reembolsado;31990;990;32980;6398;0.0000;25592;1;BLAZER BOLSILLOS CON SOLAPAS AZUL MEDIO NICOPOLY;MPM10001437599-2;N04260KM;09/03/2025 04:43:35;4d_Retiro Tienda Ripley Huechuraba;Gaete;Veronica;;"Av. Americo Vespucio Norte 1737 ";" 2do Piso. Modulo Retiro en Tienda";;;HUECHURABA;REG.METROPOLITANA;CL;Gaete;Veronica;;santa elena de huechuraba 1398;;;;HUECHURABA;REG.METROPOLITANA;CL;31990;0;990;0;32980;0;CLP
000000514115;23376623301-A;09/03/2025 11:46:41;Reembolsado;36990;44;37034;7398;0.0000;29592;1;PANTALÓN BÁSICO PIERNA ANCHA BEIGE NICOPOLY;MPM10002128944-3;N05203AM;09/03/2025 11:46:43;Flujo Same day BX;Sepulveda;Constanza;;Grecia 3348;421 B;;;NUNOA;REG.METROPOLITANA;CL;Sepulveda;Constanza;;Grecia 3348;;;;NUNOA;REG.METROPOLITANA;CL;36990;0;44;0;37034;0;CLP
000000514115;23376845001-A;09/03/2025 13:41:18;Cerrado;21990;0;21990;4398;0.0000;17592;1;VESTIDO MUJER NICOPOLY NEGRO PABILO CON VOLANTES;MPM10001878064-2;N05013BM;09/03/2025 13:41:19;11d_Retiro Tienda Ripley Temuco;Jofre;Barbara;;"Arturo Prat 656, Temuco ";2do Piso. Modulo Retiro en Tienda;;;TEMUCO;IX REGION;CL;Jofre;Barbara;;Pasaje codpa 02160;;;;TEMUCO;IX REGION;CL;21990;0;0;0;21990;0;CLP
000000514115;23376845001-A;09/03/2025 13:41:18;Cerrado;9990;0;9990;1998;0.0000;7992;1;CROP ENCAJE NEGRO NICOPOLY;MPM10001916739-1;N04032BM-5;09/03/2025 13:41:19;11d_Retiro Tienda Ripley Temuco;Jofre;Barbara;;"Arturo Prat 656, Temuco ";2do Piso. Modulo Retiro en Tienda;;;TEMUCO;IX REGION;CL;Jofre;Barbara;;Pasaje codpa 02160;;;;TEMUCO;IX REGION;CL;9990;0;0;0;9990;0;CLP
000000514115;23377563801-A;09/03/2025 18:45:38;Cerrado;20990;990;21980;4198;0.0000;16792;1;PANTALÓN MUJER NICOPOLY NEGRO TIRO ALTO BÁSICO;MPM10001752482-2;N10373BS-5;09/03/2025 18:45:40;10d_Retiro Tienda Ripley La Serena;Araya;"Camila ";;"Gregorio Cordovez 499 ";" 3er Piso. Modulo Retiro en Tienda";;;LA SERENA;IV REGION;CL;Duran;Giselle;;Callejón la Capilla parcela Miraflores 5;;;;LA SERENA;IV REGION;CL;20990;0;990;0;21980;0;CLP
000000514115;23378012401-A;09/03/2025 21:48:13;Reembolsado;41990;0;41990;8398;0.0000;33592;1;PANTALÓN CARROT NEGRO NICOPOLY;MPM10002128950-1;N05242BL;09/03/2025 21:48:15;Flujo Same day BX;Gacitua;Camila;;San Francisco 526;615;;;SANTIAGO;REG.METROPOLITANA;CL;Gacitua;Camila;;San Francisco 526;;;;SANTIAGO;REG.METROPOLITANA;CL;41990;0;0;0;41990;0;CLP
000000514115;23378085101-A;09/03/2025 22:12:02;Cerrado;49990;0;49990;9998;0.0000;39992;1;FULFILLMENT-BLAZER LARGO CUELLO CRUZADO VERDE OSCURO NICOPOLY;MPM10002146366-4;N05299ES-FF;09/03/2025 22:12:04;FF_MATRIX_STS;Osorio;Pamela;;"Arauco 561 ";" 3er Piso. Servicio al Cliente";;;VALDIVIA;XIV REGION;CL;Osorio;Pamela;;Almirante Latorre 220;;;;VALDIVIA;XIV REGION;CL;49990;0;0;0;49990;0;CLP
000000514115;23378093001-A;09/03/2025 22:14:53;Cerrado;18990;990;19980;3798;0.0000;15192;1;PANTALÓN MUJER NICOPOLY NEGRO RECTO COSTURA FRONTAL;MPM10001713171-3;N04301BS-5;09/03/2025 22:14:55;10d_Retiro Tienda Ripley La Serena;ROBLEDO VERGARA;NILDA;;"Gregorio Cordovez 499 ";" 3er Piso. Modulo Retiro en Tienda";;;LA SERENA;IV REGION;CL;ROBLEDO VERGARA;NILDA;;pasaje rayen  3005;;;;LA SERENA;IV REGION;CL;18990;0;990;0;19980;0;CLP
000000514115;23378291801-A;09/03/2025 23:14:56;Cerrado;13990;990;14980;2798;0.0000;11192;1;CROP TOP ESPALDA ELASTICADA MAGENTA NICOPOLY;MPM10001503477-3;N10368ZXL-4;09/03/2025 23:14:57;4d_Retiro Tienda Ripley Plaza Vespucio;Fuentealba;Francesca;;"Av. Vicuña Mackenna Ote. 7110, La Florida ";3er Piso. Modulo Retiro en Tienda;;;LA FLORIDA;REG.METROPOLITANA;CL;Aucapn;Sonia;;El Acero 10896;;;;LA FLORIDA;REG.METROPOLITANA;CL;13990;0;990;0;14980;0;CLP
000000514115;23378338301-A;09/03/2025 23:32:04;Cerrado;7990;990;8980;1598;0.0000;6392;1;CROP TOP ASIMÉTRICO RAYADO NICOPOLY;MPM10001916731-2;N05097AS;09/03/2025 23:32:05;4d_Retiro Tienda Ripley Costanera Center;Catriao;Paula;;"Avenida Andrés Bello 2422 ";" 1er Piso. Modulo Retiro en Tienda";;;PROVIDENCIA;REG.METROPOLITANA;CL;Catriao;Paula;;Antonio bellet 305;;;;PROVIDENCIA;REG.METROPOLITANA;CL;7990;0;990;0;8980;0;CLP
000000514115;23378426101-A;10/03/2025 00:09:13;Cerrado;20990;990;21980;4198;0.0000;16792;1;PANTALÓN MUJER NICOPOLY NEGRO TIRO ALTO BÁSICO;MPM10001752482-2;N10373BS-5;10/03/2025 00:09:14;5d_Retiro Tienda Ripley Chillán;Duran Navarrete;Maria Fernanda;;"5 de Abril 699 ";4to Piso. Centro de atención al Cliente;;;CHILLAN;VIII REGION;CL;Duran Navarrete;Maria Fernanda;;Villa cordillera pasaje los laureles  1769;;;;CHILLAN;VIII REGION;CL;20990;0;990;0;21980;0;CLP
000000514115;23378466501-A;10/03/2025 00:29:09;Cerrado;18990;990;19980;3798;0.0000;15192;1;VESTIDO MUJER NICOPOLY NEGRO TUBO CON STRASS;MPM10001849460-3;N05119BM;10/03/2025 00:29:10;4d_Retiro Tienda Ripley Plaza Egaña;Abarza Monsalves;Cinthia Onette Abigail;;"Larrain 5800 ";" 3er Piso. Modulo Retiro en Tienda";;;NUNOA;REG.METROPOLITANA;CL;Abarza Monsalves;Cinthia Onette Abigail;;Brown sur 48;;;;NUNOA;REG.METROPOLITANA;CL;18990;0;990;0;19980;0;CLP
000000514115;23378618801-A;10/03/2025 07:32:25;Cerrado;14990;990;15980;2998;0.0000;11992;1;VESTIDO MUJER NICOPOLY AMARILLO CORTE IMPERIO;MPM10001878088-3;N04114FL-5;10/03/2025 07:32:27;5d_Retiro Tienda Ripley Viña del Mar Sucre;Cisternas Rojas;Ruth;;"Sucre 290, Viña ";5to Piso. Modulo Retiro en Tienda;;;VI.A DEL MA;V REGION;CL;Cisternas Rojas;Ruth;;el litre 920;;;;VI.A DEL MA;V REGION;CL;14990;0;990;0;15980;0;CLP
000000514115;23378966101-A;10/03/2025 11:37:03;Reembolsado;20990;0;20990;4198;0.0000;16792;1;PANTALÓN MUJER NICOPOLY BLANCO TIRO ALTO BÁSICO;MPM10001752475-3;N10373AS-5;10/03/2025 11:37:04;5d_Retiro Tienda Ripley Los Ángeles;Campos;Daniela;;"Valdivia 440, Los Angeles ";" 3er Piso. Servicio al Cliente";;;LOS ANGELES;VIII REGION;CL;Campos;Daniela;;Santiago  904;;;;LOS ANGELES;VIII REGION;CL;20990;0;0;0;20990;0;CLP
000000514115;23379024302-A;10/03/2025 11:59:43;Reembolsado;15990;990;16980;3198;0.0000;12792;1;PANTALÓN MUJER NICOPOLY CELESTE TIRO ALTO JASPEADO;MPM10001849482-2;N05022KL;10/03/2025 11:59:44;4d_Retiro Tienda Ripley San Bernardo;"Rodrguez ";"Yuli ";;"Av. Pdte. Jorge Alessandri Rodríguez 20040, San Bernardo ";2do Piso. Modulo Retiro en Tienda;;;SN.BERNARDO;REG.METROPOLITANA;CL;"Rodrguez ";"Yuli ";;Transversal sur,camino cerrillo 5;;;;SN.BERNARDO;REG.METROPOLITANA;CL;15990;0;990;0;16980;0;CLP
000000514115;23379150501-A;10/03/2025 12:56:14;Cerrado;11990;990;12980;2398;0.0000;9592;1;CAMISA TIPO FRANELA CUADRILLÉ AMARILLO NICOPOLY;MPM00045574178-1;N02236FL;10/03/2025 12:56:15;6d_Retiro Tienda Ripley Nueva Valdivia;Tudela;Karla;;"Arauco 561 ";" 3er Piso. Servicio al Cliente";;;VALDIVIA;XIV REGION;CL;Tudela;Karla;;Paillao parcela 34 lote 2 34;;;;VALDIVIA;XIV REGION;CL;11990;0;990;0;12980;0;CLP
000000514115;23379329101-A;10/03/2025 14:14:55;Cerrado;25990;990;26980;5198;0.0000;20792;1;CHAQUETA BOMBER BROCHES CAMEL NICOPOLY;MPM10001465279-3;N04263RM;10/03/2025 14:14:56;10d_Retiro Tienda Ripley La Serena;Godoy Rojas;Francisca;;"Gregorio Cordovez 499 ";" 3er Piso. Modulo Retiro en Tienda";;;LA SERENA;IV REGION;CL;Godoy Rojas;Francisca;;Sixto Cortés Alcayaga 1557;;;;LA SERENA;IV REGION;CL;25990;0;990;0;26980;0;CLP
000000514115;23379373501-A;10/03/2025 14:35:51;Cerrado;20990;0;20990;4198;0.0000;16792;1;PANTALÓN MUJER NICOPOLY CELESTE TIRO ALTO BÁSICO;MPM10001752484-1;N10373CM-5;10/03/2025 14:35:53;11d_Retiro Tienda Ripley Temuco;Quintrel Cayuqueo;Ingrit P;;"Arturo Prat 656, Temuco ";2do Piso. Modulo Retiro en Tienda;;;TEMUCO;IX REGION;CL;Quintrel Cayuqueo;Ingrit P;;Aragón  130;;;;TEMUCO;IX REGION;CL;20990;0;0;0;20990;0;CLP
000000514115;23379464301-A;10/03/2025 15:19:37;Cerrado;25990;0;25990;5198;0.0000;20792;1;CHAQUETA BOMBER BROCHES CAMEL NICOPOLY;MPM10001465279-3;N04263RM;10/03/2025 15:19:38;4d_Retiro Tienda Ripley Plaza Egaña;Rivas;Karisbell;;"Larrain 5800 ";" 3er Piso. Modulo Retiro en Tienda";;;NUNOA;REG.METROPOLITANA;CL;Rivas;Karisbell;;Bremen  1701;;;;NUNOA;REG.METROPOLITANA;CL;25990;0;0;0;25990;0;CLP
000000514115;23379995901-A;10/03/2025 18:40:31;Cerrado;29990;0;29990;5998;0.0000;23992;1;CÁRDIGAN CROP PERLAS ROJO NICOPOLY;MPM10002160522-3;N05227DL;10/03/2025 18:40:33;5d_Retiro Tienda Ripley Curicó;Lagos;Patricia;;"Av.OHiggins 201 ";" 2do Piso. Servicio al Cliente";;;CURICO;VII REGION;CL;Lagos;Patricia;;La rinconada parcela  56;;;;CURICO;VII REGION;CL;29990;0;0;0;29990;0;CLP
000000514115;23380522501-A;10/03/2025 22:01:43;Cerrado;21990;990;22980;4398;0.0000;17592;1;CÁRDIGAN FLOREADO CELESTE NICOPOLY;MPM10001734993-1;N05108KS;10/03/2025 22:01:44;4d_Retiro Tienda Ripley Los Dominicos;Aedo;Carolina;;"Padre Hurtado Sur 875 ";1er Piso. Servicio al Cliente;;;LAS CONDES;REG.METROPOLITANA;CL;Aedo;Carolina;;Peñuelas 9086;;;;LAS CONDES;REG.METROPOLITANA;CL;21990;0;990;0;22980;0;CLP
000000514115;23380737701-A;10/03/2025 23:01:11;Cerrado;16990;0;16990;3398;0.0000;13592;1;CÁRDIGAN CORTO BOTONES MAGENTA NICOPOLY;MPM00044384794-1;N02288SL;10/03/2025 23:01:12;5d_Retiro Tienda Ripley Mall Concepción;Rivera;Victoria;;"Barros Arana 1068, Concepcion ";" 3er Piso. Modulo Retiro en Tienda";;;CONCEPCION;VIII REGION;CL;Rivera;Victoria;;Calle 4 nonguen 540;;;;CONCEPCION;VIII REGION;CL;16990;0;0;0;16990;0;CLP
000000514115;23380848901-A;10/03/2025 23:37:53;Cerrado;44990;990;45980;8998;0.0000;35992;1;CHAQUETA CORTA TIPO GAMUZA OLIVA NICOPOLY;MPM10002635832-1;N05173MM;10/03/2025 23:37:55;5d_Retiro Tienda Ripley La Calera;Cornu;Denisse;;"JJ Perez 90, La Calera ";" 2do Piso. Modulo Retiro en Tienda";;;CALERA;V REGION;CL;Cornu;Denisse;;Camino los ingleses 965;;;;CALERA;V REGION;CL;44990;0;990;0;45980;0;CLP
000000514115;23380889801-A;10/03/2025 23:55:25;Reembolsado;22990;330;23320;4598;0.0000;18392;1;ENTERITO MUJER NICOPOLY VERDE OLIVA LAZO Y HEBILLA;MPM10001849448-3;N04058MM-5;10/03/2025 23:55:26;4d_Retiro Tienda Ripley Los Dominicos;Leighton;Alexandra;;"Padre Hurtado Sur 875 ";1er Piso. Servicio al Cliente;;;LAS CONDES;REG.METROPOLITANA;CL;Leighton;Alexandra;;Tiziano 56;;;;LAS CONDES;REG.METROPOLITANA;CL;22990;0;330;0;23320;0;CLP
000000514115;23380889801-A;10/03/2025 23:55:25;Reembolsado;15990;330;16320;3198;0.0000;12792;1;PANTALÓN MUJER NICOPOLY ROSADO TIRO ALTO JASPEADO;MPM10001849483-1;N05022HM;10/03/2025 23:55:26;4d_Retiro Tienda Ripley Los Dominicos;Leighton;Alexandra;;"Padre Hurtado Sur 875 ";1er Piso. Servicio al Cliente;;;LAS CONDES;REG.METROPOLITANA;CL;Leighton;Alexandra;;Tiziano 56;;;;LAS CONDES;REG.METROPOLITANA;CL;15990;0;330;0;16320;0;CLP
000000514115;23380889801-A;10/03/2025 23:55:25;Reembolsado;15990;330;16320;3198;0.0000;12792;1;PANTALÓN MUJER NICOPOLY CELESTE TIRO ALTO JASPEADO;MPM10001849482-1;N05022KM;10/03/2025 23:55:26;4d_Retiro Tienda Ripley Los Dominicos;Leighton;Alexandra;;"Padre Hurtado Sur 875 ";1er Piso. Servicio al Cliente;;;LAS CONDES;REG.METROPOLITANA;CL;Leighton;Alexandra;;Tiziano 56;;;;LAS CONDES;REG.METROPOLITANA;CL;15990;0;330;0;16320;0;CLP
000000514115;23380909001-A;11/03/2025 00:04:24;Cerrado;21990;990;22980;4398;0.0000;17592;1;SWEATER MANGAS DETALLES PERLAS ÓXIDO NICOPOLY;MPM10002160486-1;N03095RM-6;11/03/2025 00:04:25;5d_Retiro Tienda Ripley El Trébol;Fuentealba;Cecilia;;"Avenida Jorge Alessandri 3177 ";" 3er Piso. Modulo Retiro en Tienda";;;TALCAHUANO;VIII REGION;CL;Fuentealba;Cecilia;;Valle Grande 2420;;;;TALCAHUANO;VIII REGION;CL;21990;0;990;0;22980;0;CLP
000000514115;23381122601-A;11/03/2025 08:03:38;Cerrado;9990;990;10980;1998;0.0000;7992;1;CROP TOP JASPEADO CELESTE NICOPOLY;MPM10001849443-2;N05021KL;11/03/2025 08:03:40;8d_Retiro Tienda Ripley Castellón;Coronado;Camila;;"Castellon 520, Concepcion ";6to Piso. Servicio al Cliente;;;CONCEPCION;VIII REGION;CL;Coronado;Camila;;Bolshauzer  46;;;;CONCEPCION;VIII REGION;CL;9990;0;990;0;10980;0;CLP
000000514115;23381884001-A;11/03/2025 14:52:44;Cerrado;18990;990;19980;3798;0.0000;15192;1;PANTALÓN MUJER NICOPOLY NEGRO RECTO COSTURA FRONTAL;MPM10001713171-1;N04301BM-5;11/03/2025 14:52:46;4d_Retiro Tienda Ripley Plaza Egaña;Carrasco;Cindy;;"Larrain 5800 ";" 3er Piso. Modulo Retiro en Tienda";;;NUNOA;REG.METROPOLITANA;CL;Carrasco;Cindy;;Manuel Rodríguez 647;;;;NUNOA;REG.METROPOLITANA;CL;18990;0;990;0;19980;0;CLP
000000514115;23381909301-A;11/03/2025 15:00:16;Cerrado;9990;0;9990;1998;0.0000;7992;1;CROP TOP JASPEADO CELESTE NICOPOLY;MPM10001849443-1;N05021KS;11/03/2025 15:00:17;4d_Retiro Tienda Ripley Plaza Vespucio;Vega;Jose;;"Av. Vicuña Mackenna Ote. 7110, La Florida ";3er Piso. Modulo Retiro en Tienda;;;LA FLORIDA;REG.METROPOLITANA;CL;Nuez Wattier;Javiera;;Pedro Riveros 1521;;;;LA FLORIDA;REG.METROPOLITANA;CL;9990;0;0;0;9990;0;CLP
000000514115;23381909301-A;11/03/2025 15:00:16;Cerrado;15990;0;15990;3198;0.0000;12792;1;PANTALÓN MUJER NICOPOLY CELESTE TIRO ALTO JASPEADO;MPM10001849482-3;N05022KS;11/03/2025 15:00:17;4d_Retiro Tienda Ripley Plaza Vespucio;Vega;Jose;;"Av. Vicuña Mackenna Ote. 7110, La Florida ";3er Piso. Modulo Retiro en Tienda;;;LA FLORIDA;REG.METROPOLITANA;CL;Nuez Wattier;Javiera;;Pedro Riveros 1521;;;;LA FLORIDA;REG.METROPOLITANA;CL;15990;0;0;0;15990;0;CLP
000000514115;23382085401-A;11/03/2025 16:14:33;Cerrado;49990;4990;54980;9998;0.0000;39992;1;CHAQUETA CUELLO MAO NEGRO NICOPOLY;MPM10002617347-4;N02106BXL-6;11/03/2025 16:14:34;Flujo Crossdock- Ripley PAQ;Arellano Guzman;Carolina;;San Miguel 0674;S/N;;;LA PINTANA;REG.METROPOLITANA;CL;Arellano Guzman;Carolina;;San Miguel 0674;;;;LA PINTANA;REG.METROPOLITANA;CL;49990;0;4990;0;54980;0;CLP
000000514115;23382321101-A;11/03/2025 17:50:37;Cerrado;27990;990;28980;5598;0.0000;22392;1;CALZA TIPO GAMUZA NEGRO NICOPOLY;MPM10002160471-3;N05307BS;11/03/2025 17:50:38;4d_Retiro Tienda Ripley Tobalaba;Castro;"Soledad ";;"Av. Camilo Henríquez 3296, Puente Alto ";2do Piso. Modulo Retiro en Tienda;;;PUENTE ALTO;REG.METROPOLITANA;CL;Castro;"Soledad ";;San Martin 1095;;;;PUENTE ALTO;REG.METROPOLITANA;CL;27990;0;990;0;28980;0;CLP
000000514115;23382339002-A;11/03/2025 17:59:10;Cerrado;37990;4796;42786;7598;0.0000;30392;1;VESTIDO TIPO BLAZER ROJO NICOPOLY;MPM10002128953-3;N05257DL;11/03/2025 17:59:14;Flujo Crossdock- Ripley PAQ;Villalobos;Irene;;Avenida Arturo Prat  1199;Depto;;;IQUIQUE;I REGION;CL;Villalobos;Irene;;Avenida Arturo Prat  1199;;;;IQUIQUE;I REGION;CL;37990;0;4796;0;42786;0;CLP
000000514115;23382339002-A;11/03/2025 17:59:10;Cerrado;37990;4796;42786;7598;0.0000;30392;1;VESTIDO TIPO BLAZER NEGRO NICOPOLY;MPM10002128954-3;N05257BL;11/03/2025 17:59:14;Flujo Crossdock- Ripley PAQ;Villalobos;Irene;;Avenida Arturo Prat  1199;Depto;;;IQUIQUE;I REGION;CL;Villalobos;Irene;;Avenida Arturo Prat  1199;;;;IQUIQUE;I REGION;CL;37990;0;4796;0;42786;0;CLP
000000514115;23382339002-A;11/03/2025 17:59:10;Cerrado;15990;4796;20786;3198;0.0000;12792;1;BLUSA ESCOTE V SIN MANGAS BLANCO NICOPOLY;MPM10001919209-3;N05136AM;11/03/2025 17:59:14;Flujo Crossdock- Ripley PAQ;Villalobos;Irene;;Avenida Arturo Prat  1199;Depto;;;IQUIQUE;I REGION;CL;Villalobos;Irene;;Avenida Arturo Prat  1199;;;;IQUIQUE;I REGION;CL;15990;0;4796;0;20786;0;CLP
000000514115;23382346001-A;11/03/2025 18:01:36;Cerrado;15990;495;16485;3198;0.0000;12792;1;PANTALÓN MUJER NICOPOLY CELESTE TIRO ALTO JASPEADO;MPM10001849482-1;N05022KM;11/03/2025 18:01:38;8d_Retiro Tienda Ripley Puerto Montt;Riquelme;Makarenna;;"Urmeneta 595, Puerto Montt ";4to Piso. Servicio al Cliente;;;PTO.MONTT;X REGION;CL;Riquelme;Makarenna;;volcan casa blanca 2170 35;;;;PTO.MONTT;X REGION;CL;15990;0;495;0;16485;0;CLP
000000514115;23382346001-A;11/03/2025 18:01:37;Cerrado;9990;495;10485;1998;0.0000;7992;1;CROP TOP JASPEADO CELESTE NICOPOLY;MPM10001849443-3;N05021KM;11/03/2025 18:01:38;8d_Retiro Tienda Ripley Puerto Montt;Riquelme;Makarenna;;"Urmeneta 595, Puerto Montt ";4to Piso. Servicio al Cliente;;;PTO.MONTT;X REGION;CL;Riquelme;Makarenna;;volcan casa blanca 2170 35;;;;PTO.MONTT;X REGION;CL;9990;0;495;0;10485;0;CLP
000000514115;23382462101-A;11/03/2025 18:58:13;Cerrado;7990;990;8980;1598;0.0000;6392;1;CROP TOP ASIMÉTRICO RAYADO NICOPOLY;MPM10001916731-1;N05097AL;11/03/2025 18:58:14;4d_Retiro Tienda Ripley Florida Center;Salinas;"Camila ";;"Vicuña Mackenna Oriente 6100, La Florida ";3er Piso. Modulo Retiro en Tienda;;;LA FLORIDA;REG.METROPOLITANA;CL;Salinas;"Camila ";;santa raquel  10279;;;;LA FLORIDA;REG.METROPOLITANA;CL;7990;0;990;0;8980;0;CLP
000000514115;23382539501-A;11/03/2025 19:37:39;Cerrado;21590;0;21590;4318;0.0000;17272;1;PANTALÓN MUJER NICOPOLY LILA RECTO BOTONES;MPM00045575994-1;N02280ZXL;11/03/2025 19:37:41;4d_Retiro Tienda Ripley Florida Center;Montupil;Yesenia;;"Vicuña Mackenna Oriente 6100, La Florida ";3er Piso. Modulo Retiro en Tienda;;;LA FLORIDA;REG.METROPOLITANA;CL;Montupil;Yesenia;;San pablo 1295;;;;LA FLORIDA;REG.METROPOLITANA;CL;21590;0;0;0;21590;0;CLP
000000514115;23382539501-A;11/03/2025 19:37:39;Cerrado;23990;0;23990;4798;0.0000;19192;1;PANTALÓN MUJER NICOPOLY ÓXIDO PINZAS RECTO;MPM10001497472-4;N04298RXL;11/03/2025 19:37:41;4d_Retiro Tienda Ripley Florida Center;Montupil;Yesenia;;"Vicuña Mackenna Oriente 6100, La Florida ";3er Piso. Modulo Retiro en Tienda;;;LA FLORIDA;REG.METROPOLITANA;CL;Montupil;Yesenia;;San pablo 1295;;;;LA FLORIDA;REG.METROPOLITANA;CL;23990;0;0;0;23990;0;CLP
000000514115;23382614101-A;11/03/2025 20:17:02;Cerrado;24990;990;25980;4998;0.0000;19992;1;PANTALÓN MUJER NICOPOLY BLANCO PINZAS TIRO ALTO;MPM10001752491-4;N04120AS-5;11/03/2025 20:17:03;5d_Retiro Tienda Ripley Talca;Betancourt Pantoja;Juana Paola;;"8 Oriente 1212 ";" 2do Piso. Modulo Retiro en Tienda";;;TALCA;VII REGION;CL;Betancourt Pantoja;Juana Paola;;Once medio ote D  3106;;;;TALCA;VII REGION;CL;24990;0;990;0;25980;0;CLP
000000514115;23382643901-A;11/03/2025 20:28:28;Cerrado;14990;0;14990;2998;0.0000;11992;1;FALDA MUJER NICOPOLY NEGRO MIDI ACANALADA;MPM10001491711-3;N04176BM;11/03/2025 20:28:30;5d_Retiro Tienda Ripley Marina Arauco;Muoz;"Priscilla ";;"Avenida Libertad 1348 ";" Piso 4. Modulo Retiro en Tienda";;;VI.A DEL MA;V REGION;CL;Muoz;"Priscilla ";;Calle Angamos, Edif.R2, U de Valpo 655;;;;VI.A DEL MA;V REGION;CL;14990;0;0;0;14990;0;CLP
000000514115;23383059301-A;11/03/2025 22:50:27;Reembolsado;20990;990;21980;4198;0.0000;16792;1;PANTALÓN MUJER NICOPOLY BLANCO HOLGADO PRETINA ALTA;MPM10001752499-1;N05006AM;11/03/2025 22:50:28;4d_Retiro Tienda Ripley Plaza Vespucio;Hermosilla;Rosa;;"Av. Vicuña Mackenna Ote. 7110, La Florida ";3er Piso. Modulo Retiro en Tienda;;;LA FLORIDA;REG.METROPOLITANA;CL;Hermosilla;Rosa;;Rio Imperial  1052;;;;LA FLORIDA;REG.METROPOLITANA;CL;20990;0;990;0;21980;0;CLP
000000514115;23383148801-A;11/03/2025 23:18:52;Cerrado;16990;990;17980;3398;0.0000;13592;1;VESTIDO CORTO MUJER NICOPOLY BLANCO ABERTURAS MANGAS;MPM10001849478-1;N02336AM-5;11/03/2025 23:18:54;5d_Retiro Tienda Ripley Marina Arauco;Flores;Gabriela;;"Avenida Libertad 1348 ";" Piso 4. Modulo Retiro en Tienda";;;VI.A DEL MA;V REGION;CL;Flores;Gabriela;;Jose Manuel Balmaceda 673;;;;VI.A DEL MA;V REGION;CL;16990;0;990;0;17980;0;CLP
000000514115;23383158601-A;11/03/2025 23:24:51;Cerrado;21990;990;22980;4398;0.0000;17592;1;SWEATER DELGADO DETALLES PERLAS GRIS NICOPOLY;MPM10001735004-3;N03095NM-5;11/03/2025 23:24:52;5d_Retiro Tienda Ripley Marina Arauco;Cliente;Paulina Fernanda;;"Avenida Libertad 1348 ";" Piso 4. Modulo Retiro en Tienda";;;VI.A DEL MA;V REGION;CL;Cliente;Paulina Fernanda;;Artesana Pina Valencia  39;;;;VI.A DEL MA;V REGION;CL;21990;0;990;0;22980;0;CLP
000000514115;23383212901-A;11/03/2025 23:46:00;Reembolsado;18990;990;19980;3798;0.0000;15192;1;PANTALÓN MUJER NICOPOLY NEGRO RECTO COSTURA FRONTAL;MPM10001713171-3;N04301BS-5;11/03/2025 23:46:02;4d_Retiro Tienda Ripley Puente;"Berrios ";"Fernanda ";;"21 de Mayo 698 ";4to Piso. Modulo Retiro en Tienda;;;SANTIAGO;REG.METROPOLITANA;CL;"Berrios ";"Fernanda ";;Avenida Independencia 4123;;;;SANTIAGO;REG.METROPOLITANA;CL;18990;0;990;0;19980;0;CLP
000000514115;23383493501-A;12/03/2025 08:38:01;Cerrado;14990;495;15485;2998;0.0000;11992;1;FALDA MUJER NICOPOLY GRIS MIDI ACANALADA;MPM10001491709-2;N04176NM;12/03/2025 08:38:03;4d_Retiro Tienda Ripley Costanera Center;Valenzuela;Carolina;;"Avenida Andrés Bello 2422 ";" 1er Piso. Modulo Retiro en Tienda";;;PROVIDENCIA;REG.METROPOLITANA;CL;Valenzuela;Carolina;;Capitan Orella 2464;;;;PROVIDENCIA;REG.METROPOLITANA;CL;14990;0;495;0;15485;0;CLP
000000514115;23383493501-A;12/03/2025 08:38:01;Cerrado;14990;495;15485;2998;0.0000;11992;1;FALDA MUJER NICOPOLY BURDEO MIDI ACANALADA;MPM10001491710-2;N04176TM;12/03/2025 08:38:03;4d_Retiro Tienda Ripley Costanera Center;Valenzuela;Carolina;;"Avenida Andrés Bello 2422 ";" 1er Piso. Modulo Retiro en Tienda";;;PROVIDENCIA;REG.METROPOLITANA;CL;Valenzuela;Carolina;;Capitan Orella 2464;;;;PROVIDENCIA;REG.METROPOLITANA;CL;14990;0;495;0;15485;0;CLP
000000514115;23383529601-A;12/03/2025 09:07:23;Cerrado;49990;0;49990;9998;0.0000;39992;1;BOMBER TIPO GAMUZA CAMEL NICOPOLY;MPM10002635841-3;N05184US;12/03/2025 09:07:25;Flujo Crossdock- Ripley PAQ;Sanchez;Tamara;;primera 1430;casa1;;;VILLA ALEMA;V REGION;CL;Sanchez;Tamara;;primera 1430;;;;VILLA ALEMA;V REGION;CL;49990;0;0;0;49990;0;CLP
000000514115;23384203201-A;12/03/2025 14:30:18;Cerrado;24990;990;25980;4998;0.0000;19992;1;SHORT BÁSICO TIRO ALTO AZUL ACERO NICOPOLY;MPM10002122156-3;N05260CM;12/03/2025 14:30:19;10d_Retiro Tienda Ripley Portal Temuco;"Vidal ";"Florencia ";;"Avenida Alemania 0671 ";3er Piso, Modulo Retiro en Tienda;;;TEMUCO;IX REGION;CL;Valenzuela;Ana;;sargento Aldea  232;;;;TEMUCO;IX REGION;CL;24990;0;990;0;25980;0;CLP
000000514115;23384257001-A;12/03/2025 14:48:11;Cerrado;27990;2195;30185;5598;0.0000;22392;1;CALZA TIPO GAMUZA CAMEL NICOPOLY;MPM10002160536-2;N05307UM;12/03/2025 14:48:13;Flujo Same day BX;Cerda;Adriana;;La quebrada 12357;Casa;;;LO BARNECHEA;REG.METROPOLITANA;CL;Cerda;Adriana;;La quebrada 12357;;;;LO BARNECHEA;REG.METROPOLITANA;CL;27990;0;2195;0;30185;0;CLP
000000514115;23384257001-A;12/03/2025 14:48:11;Cerrado;27990;2195;30185;5598;0.0000;22392;1;CALZA TIPO GAMUZA NEGRO NICOPOLY;MPM10002160471-2;N05307BM;12/03/2025 14:48:13;Flujo Same day BX;Cerda;Adriana;;La quebrada 12357;Casa;;;LO BARNECHEA;REG.METROPOLITANA;CL;Cerda;Adriana;;La quebrada 12357;;;;LO BARNECHEA;REG.METROPOLITANA;CL;27990;0;2195;0;30185;0;CLP
000000514115;23384290901-A;12/03/2025 14:57:32;Reembolsado;25990;0;25990;5198;0.0000;20792;1;FULFILLMENT-GILET BÁSICO 4 BOTONES NEGRO NICOPOLY;MPM10002146380-2;N05262BL-FF;12/03/2025 14:57:34;FF_MATRIX;Gacitua;Camila;;San Francisco 526;615;;;SANTIAGO;REG.METROPOLITANA;CL;Gacitua;Camila;;San Francisco 526;;;;SANTIAGO;REG.METROPOLITANA;CL;25990;0;0;0;25990;0;CLP
000000514115;23384399201-A;12/03/2025 15:41:53;Cerrado;27990;990;28980;5598;0.0000;22392;1;BLAZER BOTONES DECORATIVOS CREMA NICOPOLY;MPM00059820366-1;N10046AL;12/03/2025 15:41:55;5d_Retiro Tienda Ripley Los Ángeles;Gallegos;Victoria;;"Valdivia 440, Los Angeles ";" 3er Piso. Servicio al Cliente";;;LOS ANGELES;VIII REGION;CL;Gallegos;Victoria;;Villa puerto alegre 1665;;;;LOS ANGELES;VIII REGION;CL;27990;0;990;0;28980;0;CLP
000000514115;23384520601-A;12/03/2025 16:35:31;Cerrado;25990;0;25990;5198;0.0000;20792;1;FULFILLMENT-GILET BÁSICO 4 BOTONES NEGRO NICOPOLY;MPM10002146380-1;N05262BS-FF;12/03/2025 16:35:32;FF_MATRIX_STS;"Arias ";"Luis ";;"Arturo Prat 530 ";" 4to Piso. Servicio al Cliente";;;ANTOFAGASTA;II REGION;CL;Arias;Rakel;;"Av cerro paranal  515 ";;;;ANTOFAGASTA;II REGION;CL;25990;0;0;0;25990;0;CLP
000000514115;23384520601-A;12/03/2025 16:35:31;Cerrado;49990;0;49990;9998;0.0000;39992;1;FULFILLMENT-BLAZER LARGO CUELLO CRUZADO MORADO NICOPOLY;MPM10002146363-1;N05299ZM-FF;12/03/2025 16:35:32;FF_MATRIX_STS;"Arias ";"Luis ";;"Arturo Prat 530 ";" 4to Piso. Servicio al Cliente";;;ANTOFAGASTA;II REGION;CL;Arias;Rakel;;"Av cerro paranal  515 ";;;;ANTOFAGASTA;II REGION;CL;49990;0;0;0;49990;0;CLP
000000514115;23384780201-A;12/03/2025 18:16:31;Reembolsado;31990;990;32980;6398;0.0000;25592;1;VESTIDO MUJER NICOPOLY AZUL PLISADO ASIMÉTRICO REY;MPM10001849453-3;N05100CS;12/03/2025 18:16:33;4d_Retiro Tienda Ripley Huechuraba;"Prieto ";Pablo;;"Av. Americo Vespucio Norte 1737 ";" 2do Piso. Modulo Retiro en Tienda";;;HUECHURABA;REG.METROPOLITANA;CL;Castelblanco;Alejandra;;El ceibo  Santa Cecilia Colina 151-A;;;;HUECHURABA;REG.METROPOLITANA;CL;31990;0;990;0;32980;0;CLP
000000514115;23384827001-A;12/03/2025 18:43:46;Cerrado;28990;990;29980;5798;0.0000;23192;1;ENTERITO MUJER NICOPOLY NEGRO CON ENCAJE;MPM10001849465-1;N05040BM;12/03/2025 18:43:47;4d_Retiro Tienda Ripley Plaza Egaña;Hernández;Missu;;"Larrain 5800 ";" 3er Piso. Modulo Retiro en Tienda";;;NUNOA;REG.METROPOLITANA;CL;Hernández;Missu;;Volcan san pablo 8787;;;;NUNOA;REG.METROPOLITANA;CL;28990;0;990;0;29980;0;CLP
000000514115;23384891801-A;12/03/2025 19:16:28;Cerrado;15990;0;15990;3198;0.0000;12792;1;PANTALÓN MUJER NICOPOLY BLANCO TIRO ALTO JASPEADO;MPM10001849485-1;N05022AS;12/03/2025 19:16:29;4d_Retiro Tienda Ripley Crillon;Chaparro;Kathy;;"Agustinas #1025 ";Piso -1. Modulo Retiro en Tienda;;;SANTIAGO;REG.METROPOLITANA;CL;Chaparro;Kathy;;Duble almeyda  2020;;;;SANTIAGO;REG.METROPOLITANA;CL;15990;0;0;0;15990;0;CLP
000000514115;23384901701-A;12/03/2025 19:22:42;Cerrado;16990;990;17980;3398;0.0000;13592;1;VESTIDO MUJER NICOPOLY NEGRO HALTER LAZO DECORATIVO;MPM10001465227-2;N04267BM;12/03/2025 19:22:43;5d_Retiro Tienda Ripley Talca;Flores Vergara;Maria Graciela;;"8 Oriente 1212 ";" 2do Piso. Modulo Retiro en Tienda";;;TALCA;VII REGION;CL;Diaz Flores;Carla;;24 sur 4 poniente villa ecuador 488;;;;TALCA;VII REGION;CL;16990;0;990;0;17980;0;CLP
000000514115;23384942701-A;12/03/2025 19:42:48;Cerrado;9990;6595;16585;1998;0.0000;7992;1;CROP ENCAJE NEGRO NICOPOLY;MPM10001916739-1;N04032BM-5;12/03/2025 19:42:49;Flujo Crossdock- Ripley PAQ;Vilches Vargas;Claudia;;Avenida Ramon perez opazo 3160;S/N;;;ALTO HOSPICIO;I REGION;CL;Vilches Vargas;Claudia;;Avenida Ramon perez opazo 3160;;;;ALTO HOSPICIO;I REGION;CL;9990;0;6595;0;16585;0;CLP
000000514115;23384942701-A;12/03/2025 19:42:48;Cerrado;16990;6595;23585;3398;0.0000;13592;1;CÁRDIGAN CORTO BOTONES MOSTAZA NICOPOLY;MPM00044384814-1;N02288FM;12/03/2025 19:42:49;Flujo Crossdock- Ripley PAQ;Vilches Vargas;Claudia;;Avenida Ramon perez opazo 3160;S/N;;;ALTO HOSPICIO;I REGION;CL;Vilches Vargas;Claudia;;Avenida Ramon perez opazo 3160;;;;ALTO HOSPICIO;I REGION;CL;16990;0;6595;0;23585;0;CLP
000000514115;23384998001-A;12/03/2025 20:07:27;Reembolsado;20990;990;21980;4198;0.0000;16792;1;PANTALÓN MUJER NICOPOLY KHAKI TIRO ALTO BÁSICO;MPM10001752467-4;N10373LM-5;12/03/2025 20:07:28;11d_Retiro Tienda Ripley Temuco;"Sepulveda ";"Patricia ";;"Arturo Prat 656, Temuco ";2do Piso. Modulo Retiro en Tienda;;;TEMUCO;IX REGION;CL;Bustos;Maria;;Bulnes 123;;;;TEMUCO;IX REGION;CL;20990;0;990;0;21980;0;CLP
000000514115;23385015801-A;12/03/2025 20:14:20;Cerrado;14990;495;15485;2998;0.0000;11992;1;VESTIDO MUJER NICOPOLY NEGRO HOLGADO CON MANGAS CALADAS;MPM10001919205-2;N05120BM;12/03/2025 20:14:21;5d_Retiro Tienda Ripley Talca;"Diaz ";"Carla ";;"8 Oriente 1212 ";" 2do Piso. Modulo Retiro en Tienda";;;TALCA;VII REGION;CL;Flores;Maria Graciela;;Villa Ecuador pasaje 24 sur con 4 pte 488;;;;TALCA;VII REGION;CL;14990;0;495;0;15485;0;CLP
000000514115;23385015801-A;12/03/2025 20:14:20;Cerrado;16990;495;17485;3398;0.0000;13592;1;VESTIDO CORTO MUJER NICOPOLY ROJO ABERTURAS MANGAS;MPM10001849479-3;N02336DS-5;12/03/2025 20:14:21;5d_Retiro Tienda Ripley Talca;"Diaz ";"Carla ";;"8 Oriente 1212 ";" 2do Piso. Modulo Retiro en Tienda";;;TALCA;VII REGION;CL;Flores;Maria Graciela;;Villa Ecuador pasaje 24 sur con 4 pte 488;;;;TALCA;VII REGION;CL;16990;0;495;0;17485;0;CLP
000000514115;23385171703-A;12/03/2025 21:30:24;Cerrado;35990;0;35990;7198;0.0000;28792;1;FULFILLMENT-PANTALÓN RECTO CON PINZAS BEIGE NICOPOLY;MPM10002146389-2;N04277GL-6-FF;12/03/2025 21:30:25;FF_MATRIX;Barrera;Blanca;;Poeta Pio Baroja 10886;S/N;;;LA PINTANA;REG.METROPOLITANA;CL;Barrera;Blanca;;Poeta Pio Baroja 10886;;;;LA PINTANA;REG.METROPOLITANA;CL;35990;0;0;0;35990;0;CLP
000000514115;23385458801-A;12/03/2025 23:10:31;Cerrado;34990;0;34990;6998;0.0000;27992;1;FULFILLMENT-PANTALÓN PIERNA ANCHA CON PASADOR MORADO NICOPOLY;MPM10002146392-3;N05298ZXL-FF;12/03/2025 23:10:33;FF_MATRIX_STS;Chinga;Paula;;"Av. Diego Portales 640, Arica ";2do Piso. Modulo Retiro en Tienda;;;ARICA;XV REGION;CL;"Bravo ";Roxana;;Pasaje 11  937;;;;ARICA;XV REGION;CL;34990;0;0;0;34990;0;CLP
000000514115;23385458801-A;12/03/2025 23:10:31;Cerrado;25990;0;25990;5198;0.0000;20792;1;FULFILLMENT-GILET BÁSICO 4 BOTONES MORADO NICOPOLY;MPM10002146378-3;N05262ZXL-FF;12/03/2025 23:10:33;FF_MATRIX_STS;Chinga;Paula;;"Av. Diego Portales 640, Arica ";2do Piso. Modulo Retiro en Tienda;;;ARICA;XV REGION;CL;"Bravo ";Roxana;;Pasaje 11  937;;;;ARICA;XV REGION;CL;25990;0;0;0;25990;0;CLP
000000514115;23385556201-A;12/03/2025 23:51:06;Cerrado;9990;990;10980;1998;0.0000;7992;1;CROP ENCAJE NEGRO NICOPOLY;MPM10001916739-2;N04032BL-5;12/03/2025 23:51:08;10d_Retiro Tienda Ripley Antofagasta;Espinoza;"Selene  Susana ";;"Arturo Prat 530 ";" 4to Piso. Servicio al Cliente";;;ANTOFAGASTA;II REGION;CL;Espinoza;"Selene  Susana ";;Avenida Grecia 1816;;;;ANTOFAGASTA;II REGION;CL;9990;0;990;0;10980;0;CLP
000000514115;23385745902-A;13/03/2025 07:28:25;Reembolsado;26990;0;26990;5398;0.0000;21592;1;PANTALÓN MUJER NICOPOLY CELESTE PIERNA ANCHA;MPM10001856342-3;N04017KL-5;13/03/2025 07:28:27;Flujo Crossdock- Ripley PAQ;Cruz;Jessica;;Pasaje viento sur  27;Casa;;;VILLA ALEMA;V REGION;CL;Cruz;Jessica;;Pasaje viento sur  27;;;;VILLA ALEMA;V REGION;CL;26990;0;0;0;26990;0;CLP
000000514115;23385745902-A;13/03/2025 07:28:25;Cerrado;31990;0;31990;6398;0.0000;25592;1;CAMISA RAYAS NEGRO NICOPOLY;MPM10002146559-1;N05200BL;13/03/2025 07:28:27;Flujo Crossdock- Ripley PAQ;Cruz;Jessica;;Pasaje viento sur  27;Casa;;;VILLA ALEMA;V REGION;CL;Cruz;Jessica;;Pasaje viento sur  27;;;;VILLA ALEMA;V REGION;CL;31990;0;0;0;31990;0;CLP
000000514115;23385745902-A;13/03/2025 07:28:25;Cerrado;32990;0;32990;6598;0.0000;26392;1;SWEATER GILET BLANCO NICOPOLY;MPM10002627246-3;N05266GL;13/03/2025 07:28:27;Flujo Crossdock- Ripley PAQ;Cruz;Jessica;;Pasaje viento sur  27;Casa;;;VILLA ALEMA;V REGION;CL;Cruz;Jessica;;Pasaje viento sur  27;;;;VILLA ALEMA;V REGION;CL;32990;0;0;0;32990;0;CLP
000000514115;23385784601-A;13/03/2025 08:25:38;Reembolsado;16990;990;17980;3398;0.0000;13592;1;SWEATER DETALLE PUNTO CALADO GRIS NICOPOLY;MPM10001465181-3;N04229NL;13/03/2025 08:25:39;10d_Retiro Tienda Ripley Pto. Montt Costanera;Barrientos Guenchur;Yorka Viviana;;"Juan Soler Manfredini 10 ";" 6to Piso. Modulo Retiro en Tienda";;;PTO.MONTT;X REGION;CL;Barrientos Guenchur;Yorka Viviana;;Pasaje lepihue  5137;;;;PTO.MONTT;X REGION;CL;16990;0;990;0;17980;0;CLP
000000514115;23385832001-A;13/03/2025 09:14:05;Cerrado;25990;3990;29980;5198;0.0000;20792;1;VESTIDO MUJER NICOPOLY BLANCO STRAPLESS Y ESCOTE V;MPM10001856335-2;N05011AL;13/03/2025 09:14:06;Flujo Same day BX;Morales;Gabriela;;Arcángel 1211;1604;;;SAN MIGUEL;REG.METROPOLITANA;CL;Morales;Gabriela;;Arcángel 1211;;;;SAN MIGUEL;REG.METROPOLITANA;CL;25990;0;3990;0;29980;0;CLP
000000514115;23385893201-A;13/03/2025 09:50:34;Cerrado;27990;6990;34980;5598;0.0000;22392;1;CALZA TIPO GAMUZA NEGRO NICOPOLY;MPM10002160471-1;N05307BL;13/03/2025 09:50:36;Flujo Crossdock- Ripley PAQ;Frugone;Jocelyne;;Flora lobos 1143;S/N;;;BUIN;REG.METROPOLITANA;CL;Frugone;Jocelyne;;Flora lobos 1143;;;;BUIN;REG.METROPOLITANA;CL;27990;0;6990;0;34980;0;CLP
000000514115;23386304901-A;13/03/2025 13:21:57;Cerrado;18990;2195;21185;3798;0.0000;15192;1;PANTALÓN MUJER NICOPOLY BURDEO RECTO COSTURA FRONTAL;MPM10001713143-2;N04301DS-5;13/03/2025 13:21:59;Flujo Same day BX;Estay;Claudia;;Torres del Paine 8593;S/N;;;LA FLORIDA;REG.METROPOLITANA;CL;Estay;Claudia;;Torres del Paine 8593;;;;LA FLORIDA;REG.METROPOLITANA;CL;18990;0;2195;0;21185;0;CLP
000000514115;23386304901-A;13/03/2025 13:21:57;Cerrado;20990;2195;23185;4198;0.0000;16792;1;PANTALÓN MUJER NICOPOLY CELESTE TIRO ALTO BÁSICO;MPM10001752484-4;N10373CS-5;13/03/2025 13:21:59;Flujo Same day BX;Estay;Claudia;;Torres del Paine 8593;S/N;;;LA FLORIDA;REG.METROPOLITANA;CL;Estay;Claudia;;Torres del Paine 8593;;;;LA FLORIDA;REG.METROPOLITANA;CL;20990;0;2195;0;23185;0;CLP
000000514115;23386447501-A;13/03/2025 14:30:53;Cerrado;9990;495;10485;1998;0.0000;7992;1;CROP TOP JASPEADO ROSADO NICOPOLY;MPM10001849456-2;N05021HM;13/03/2025 14:30:55;4d_Retiro Tienda Ripley Plaza Egaña;Iturra;Ivonne;;"Larrain 5800 ";" 3er Piso. Modulo Retiro en Tienda";;;NUNOA;REG.METROPOLITANA;CL;Iturra;Ivonne;;Jorge washington 325;;;;NUNOA;REG.METROPOLITANA;CL;9990;0;495;0;10485;0;CLP
000000514115;23386447501-A;13/03/2025 14:30:53;Cerrado;15990;495;16485;3198;0.0000;12792;1;PANTALÓN MUJER NICOPOLY ROSADO TIRO ALTO JASPEADO;MPM10001849483-1;N05022HM;13/03/2025 14:30:55;4d_Retiro Tienda Ripley Plaza Egaña;Iturra;Ivonne;;"Larrain 5800 ";" 3er Piso. Modulo Retiro en Tienda";;;NUNOA;REG.METROPOLITANA;CL;Iturra;Ivonne;;Jorge washington 325;;;;NUNOA;REG.METROPOLITANA;CL;15990;0;495;0;16485;0;CLP
000000514115;23386590201-A;13/03/2025 15:36:48;Cerrado;15990;990;16980;3198;0.0000;12792;1;PANTALÓN MUJER NICOPOLY BLANCO TIRO ALTO JASPEADO;MPM10001849485-1;N05022AS;13/03/2025 15:36:50;4d_Retiro Tienda Ripley Los Dominicos;Lillo;Carlos;;"Padre Hurtado Sur 875 ";1er Piso. Servicio al Cliente;;;LAS CONDES;REG.METROPOLITANA;CL;Lillo;Carlos;;Avenida Cristobal Colon 7000;;;;LAS CONDES;REG.METROPOLITANA;CL;15990;0;990;0;16980;0;CLP
000000514115;23387126201-A;13/03/2025 19:50:11;Reembolsado;20990;990;21980;3778;0.0000;17212;1;PANTALÓN MUJER NICOPOLY CELESTE TIRO ALTO BÁSICO;MPM10001752484-1;N10373CM-5;13/03/2025 19:50:12;4d_Retiro Tienda Ripley Florida Center;Valdez;Gabriela;;"Vicuña Mackenna Oriente 6100, La Florida ";3er Piso. Modulo Retiro en Tienda;;;LA FLORIDA;REG.METROPOLITANA;CL;Valdez;Gabriela;;Alonso de ercilla 8624 8624;;;;LA FLORIDA;REG.METROPOLITANA;CL;20990;0;990;0;21980;0;CLP
000000514115;23387188301-A;13/03/2025 20:25:31;Reembolsado;31990;3990;35980;5758;0.0000;26232;1;ENTERITO MUJER NICOPOLY NEGRO ESCOTE V Y LAZO;MPM10001856357-3;N05010BS;13/03/2025 20:25:32;Flujo Same day BX;Claussen;Maria;;Menorah 226;Casa;;;QUILICURA;REG.METROPOLITANA;CL;Claussen;Maria;;Menorah 226;;;;QUILICURA;REG.METROPOLITANA;CL;31990;0;3990;0;35980;0;CLP
000000514115;23387296801-A;13/03/2025 21:18:48;Cerrado;14990;990;15980;2698;0.0000;12292;1;VESTIDO CORTO MUJER NICOPOLY CELESTE CUELLO HALTER;MPM10001878060-3;N04063KL-5;13/03/2025 21:18:50;5d_Retiro Tienda Ripley Valparaíso;Gonzalez;"Sofia ";;"Plaza Victoria 1646 ";" 4to Piso. Servicio al Cliente";;;VALPARAISO;V REGION;CL;Cáceres Rojas;Charlotte;;Alcazar 82;;;;VALPARAISO;V REGION;CL;14990;0;990;0;15980;0;CLP
000000514115;23387305101-A;13/03/2025 21:21:52;Cerrado;14990;990;15980;2698;0.0000;12292;1;VESTIDO MUJER NICOPOLY NEGRO HOLGADO CON MANGAS CALADAS;MPM10001919205-3;N05120BS;13/03/2025 21:21:54;4d_Retiro Tienda Ripley Plaza Egaña;Varela;Catherine;;"Larrain 5800 ";" 3er Piso. Modulo Retiro en Tienda";;;NUNOA;REG.METROPOLITANA;CL;Varela;Catherine;;leonardo da vinci 6742;;;;NUNOA;REG.METROPOLITANA;CL;14990;0;990;0;15980;0;CLP
000000514115;23387526102-A;13/03/2025 22:46:25;Cerrado;25990;495;26485;4678;0.0000;21312;1;SWEATER CUELLO POLO NEGRO NICOPOLY;MPM10002635851-2;N05250BM;13/03/2025 22:46:26;10d_Retiro Tienda Ripley Pto. Montt Costanera;Nahuelpan;Carolina Andrea;;"Juan Soler Manfredini 10 ";" 6to Piso. Modulo Retiro en Tienda";;;PTO.MONTT;X REGION;CL;Nahuelpan;Carolina Andrea;;psje barcelona 1851;;;;PTO.MONTT;X REGION;CL;25990;0;495;0;26485;0;CLP
000000514115;23387526102-A;13/03/2025 22:46:25;Cerrado;25990;495;26485;4678;0.0000;21312;1;SWEATER MANGA RAGLÁN GRIS NICOPOLY;MPM10002635863-2;N05253IM;13/03/2025 22:46:26;10d_Retiro Tienda Ripley Pto. Montt Costanera;Nahuelpan;Carolina Andrea;;"Juan Soler Manfredini 10 ";" 6to Piso. Modulo Retiro en Tienda";;;PTO.MONTT;X REGION;CL;Nahuelpan;Carolina Andrea;;psje barcelona 1851;;;;PTO.MONTT;X REGION;CL;25990;0;495;0;26485;0;CLP
000000514115;23387550603-A;13/03/2025 23:02:18;Cerrado;49990;0;49990;8998;0.0000;40992;1;FULFILLMENT-BLAZER DE TOPE MANGA 3/4 BEIGE NICOPOLY;MPM10002146372-2;N03049GXL-6-FF;13/03/2025 23:02:19;FF_MATRIX;León Jiménez;Paulina;;Tulahuen 0464;Casa;;;QUILICURA;REG.METROPOLITANA;CL;León Jiménez;Paulina;;Tulahuen 0464;;;;QUILICURA;REG.METROPOLITANA;CL;49990;0;0;0;49990;0;CLP
000000514115;23387694001-A;14/03/2025 00:05:44;Cerrado;11990;990;12980;2158;0.0000;9832;1;BLUSA ASIMÉTRICA NEGRO NICOPOLY;MPM10001919213-1;N05096BM;14/03/2025 00:05:45;4d_Retiro Tienda Ripley Tobalaba;Aguilera;Victoria Pilar;;"Av. Camilo Henríquez 3296, Puente Alto ";2do Piso. Modulo Retiro en Tienda;;;PUENTE ALTO;REG.METROPOLITANA;CL;Aguilera;Victoria Pilar;;Santa magdalena poniente 873 873;;;;PUENTE ALTO;REG.METROPOLITANA;CL;11990;0;990;0;12980;0;CLP
000000514115;23387736701-A;14/03/2025 00:29:26;Cerrado;10490;990;11480;1888;0.0000;8602;1;BLUSA BOLSILLOS TIPO SATÍN PALO ROSA NICOPOLY;MPM10000392899-2;N04031LXL;14/03/2025 00:29:28;5d_Retiro Tienda Ripley Viña del Mar Sucre;Retamal;Gabriela;;"Sucre 290, Viña ";5to Piso. Modulo Retiro en Tienda;;;VI.A DEL MA;V REGION;CL;Retamal;Gabriela;;Manuel montt 860;;;;VI.A DEL MA;V REGION;CL;10490;0;990;0;11480;0;CLP
000000514115;23388019101-A;14/03/2025 09:49:09;Cerrado;41990;0;41990;7558;0.0000;34432;1;PANTALÓN CARROT KHAKI NICOPOLY;MPM10002128952-1;N05242LM;14/03/2025 09:49:12;11d_Retiro Tienda Ripley Temuco;Luengo;Nivea;;"Arturo Prat 656, Temuco ";2do Piso. Modulo Retiro en Tienda;;;TEMUCO;IX REGION;CL;Luengo;Nivea;;Pasaje rio maipo cajón 722;;;;TEMUCO;IX REGION;CL;41990;0;0;0;41990;0;CLP
000000514115;23388030401-A;14/03/2025 09:55:51;Cerrado;20990;495;21485;3778;0.0000;17212;1;PANTALÓN MUJER NICOPOLY KHAKI TIRO ALTO BÁSICO;MPM10001752467-4;N10373LM-5;14/03/2025 09:55:52;4d_Retiro Tienda Ripley Alameda;Perez;Constanza;;"Av Libertador Bernardo O'Higgins 3470, Santiago ";3er Piso. Modulo Retiro en Tienda;;;EST.CENTRAL;REG.METROPOLITANA;CL;Perez;Constanza;;Pasaje el escudo 0900;;;;EST.CENTRAL;REG.METROPOLITANA;CL;20990;0;495;0;21485;0;CLP
000000514115;23388030401-A;14/03/2025 09:55:51;Cerrado;23990;495;24485;4318;0.0000;19672;1;PANTALÓN MUJER NICOPOLY BURDEO PINZAS RECTO;MPM10001497453-3;N04298TM;14/03/2025 09:55:52;4d_Retiro Tienda Ripley Alameda;Perez;Constanza;;"Av Libertador Bernardo O'Higgins 3470, Santiago ";3er Piso. Modulo Retiro en Tienda;;;EST.CENTRAL;REG.METROPOLITANA;CL;Perez;Constanza;;Pasaje el escudo 0900;;;;EST.CENTRAL;REG.METROPOLITANA;CL;23990;0;495;0;24485;0;CLP
000000514115;23388120701-A;14/03/2025 10:40:21;Cerrado;28990;0;28990;5218;0.0000;23772;1;FULFILLMENT-GILET ESPALDA AJUSTABLE BEIGE NICOPOLY;MPM10002146371-1;N04273GS-6-FF;14/03/2025 10:40:22;FF_MATRIX;Godoy Cañete;Maria Ignacia;;Juan Guillermo Day 92;Casa;;;PALMILLA;VI REGION;CL;Godoy Cañete;Maria Ignacia;;Juan Guillermo Day 92;;;;PALMILLA;VI REGION;CL;28990;0;0;0;28990;0;CLP
000000514115;23388275201-A;14/03/2025 11:57:09;Cerrado;49990;0;49990;8998;0.0000;40992;1;FULFILLMENT-BLAZER LARGO CUELLO CRUZADO MORADO NICOPOLY;MPM10002146363-1;N05299ZM-FF;14/03/2025 11:57:10;FF_MATRIX_STS;Rocco;Randy;;"Calle Maipu S/N, Copiapo ";" 2do Piso. Servicio al Cliente";;;COPIAPO;III REGION;CL;Rocco;Randy;;Ejército libertador 432;;;;COPIAPO;III REGION;CL;49990;0;0;0;49990;0;CLP
000000514115;23388367201-A;14/03/2025 12:39:58;Cerrado;25990;3990;29980;4678;0.0000;21312;1;VESTIDO MUJER NICOPOLY NEGRO STRAPLESS Y ESCOTE V;MPM10001856352-3;N05011BS;14/03/2025 12:40:00;Flujo Same day BX;Sales;Paz;;Tomas moro  1075;1301;;;LAS CONDES;REG.METROPOLITANA;CL;Sales;Paz;;Tomas moro  1075;;;;LAS CONDES;REG.METROPOLITANA;CL;25990;0;3990;0;29980;0;CLP
000000514115;23388924301-A;14/03/2025 17:29:02;Cerrado;49990;12990;62980;8998;0.0000;40992;1;BLAZER CUELLO MAO KHAKI NICOPOLY;MPM10002160480-1;N00156LM-6;14/03/2025 17:29:03;Flujo Crossdock- Ripley PAQ;Araya;Cinthia;;Exótica 252;Casa;;;TOCOPILLA;II REGION;CL;Araya;Cinthia;;Exótica 252;;;;TOCOPILLA;II REGION;CL;49990;0;12990;0;62980;0;CLP
000000514115;23388953701-A;14/03/2025 17:42:06;Cerrado;14990;990;15980;2698;0.0000;12292;1;BODY ESCOTE ENCAJE BLANCO NICOPOLY;MPM10001878089-2;N02151AS-5;14/03/2025 17:42:07;4d_Retiro Tienda Ripley Tobalaba;Barrios;Sandra Del Carmen;;"Av. Camilo Henríquez 3296, Puente Alto ";2do Piso. Modulo Retiro en Tienda;;;PUENTE ALTO;REG.METROPOLITANA;CL;Barrios;Sandra Del Carmen;;Calle Salas  8973;;;;PUENTE ALTO;REG.METROPOLITANA;CL;14990;0;990;0;15980;0;CLP
000000514115;23388966201-A;14/03/2025 17:47:15;Cerrado;23290;990;24280;4192;0.0000;19098;1;CHAQUETA BOMBER BROCHES CAMEL NICOPOLY;MPM10001465279-3;N04263RM;14/03/2025 17:47:17;5d_Retiro Tienda Ripley Mall Concepción;Bravo;"Anais ";;"Barros Arana 1068, Concepcion ";" 3er Piso. Modulo Retiro en Tienda";;;CONCEPCION;VIII REGION;CL;Bahamondez;Jacqueline;;Pasaje pinares  520;;;;CONCEPCION;VIII REGION;CL;23290;0;990;0;24280;0;CLP
000000514115;23388995201-A;14/03/2025 18:03:24;Cerrado;14290;495;14785;2572;0.0000;11718;1;PANTALÓN MUJER NICOPOLY CELESTE TIRO ALTO JASPEADO;MPM10001849482-2;N05022KL;14/03/2025 18:03:25;10d_Retiro Tienda Ripley Calama;Veliz;Katalyna Andrea;;"Balmaceda 3242, Calama ";" 2do Piso. Servicio al Cliente";;;CALAMA;II REGION;CL;Veliz;Katalyna Andrea;;Av. Balmaceda sur 1939;;;;CALAMA;II REGION;CL;14290;0;495;0;14785;0;CLP
000000514115;23388995201-A;14/03/2025 18:03:24;Cerrado;12490;495;12985;2248;0.0000;10242;1;CROP TOP ESPALDA ELASTICADA LILA NICOPOLY;MPM10001503475-3;N10368VL-4;14/03/2025 18:03:25;10d_Retiro Tienda Ripley Calama;Veliz;Katalyna Andrea;;"Balmaceda 3242, Calama ";" 2do Piso. Servicio al Cliente";;;CALAMA;II REGION;CL;Veliz;Katalyna Andrea;;Av. Balmaceda sur 1939;;;;CALAMA;II REGION;CL;12490;0;495;0;12985;0;CLP
000000514115;23389004201-A;14/03/2025 18:08:28;Cerrado;29990;990;30980;5398;0.0000;24592;1;CÁRDIGAN CROP PERLAS ROJO NICOPOLY;MPM10002160522-1;N05227DM;14/03/2025 18:08:30;10d_Retiro Tienda Ripley Portal Temuco;Escobar;Maria Paz;;"Avenida Alemania 0671 ";3er Piso, Modulo Retiro en Tienda;;;TEMUCO;IX REGION;CL;Escobar;Maria Paz;;Los filósofos  0251;;;;TEMUCO;IX REGION;CL;29990;0;990;0;30980;0;CLP
000000514115;23389151601-A;14/03/2025 19:25:40;Cerrado;25990;990;26980;4678;0.0000;21312;1;VESTIDO MUJER NICOPOLY BLANCO STRAPLESS Y ESCOTE V;MPM10001856335-1;N05011AXL;14/03/2025 19:25:41;4d_Retiro Tienda Ripley Alameda;Munoz;Aracelli;;"Av Libertador Bernardo O'Higgins 3470, Santiago ";3er Piso. Modulo Retiro en Tienda;;;EST.CENTRAL;REG.METROPOLITANA;CL;Munoz;Aracelli;;pzla. El damasco 98;;;;EST.CENTRAL;REG.METROPOLITANA;CL;25990;0;990;0;26980;0;CLP
000000514115;23389206201-A;14/03/2025 19:51:25;Cerrado;32990;495;33485;5938;0.0000;27052;1;SWEATER GILET NEGRONICOPOLY;MPM10002627240-3;N05266BM;14/03/2025 19:51:26;5d_Retiro Tienda Ripley Quilpué;Cruz;Jessica;;"Claudio Vicuña 992, Quilpue ";" 3er Piso. Modulo Retiro en Tienda";;;QUILPUE;V REGION;CL;Cruz;Jessica;;Pasaje viento sur  27;;;;QUILPUE;V REGION;CL;32990;0;495;0;33485;0;CLP
000000514115;23389206201-A;14/03/2025 19:51:25;Cerrado;24190;495;24685;4354;0.0000;19836;1;PANTALÓN MUJER NICOPOLY CELESTE PIERNA ANCHA;MPM10001856342-4;N04017KM-5;14/03/2025 19:51:26;5d_Retiro Tienda Ripley Quilpué;Cruz;Jessica;;"Claudio Vicuña 992, Quilpue ";" 3er Piso. Modulo Retiro en Tienda";;;QUILPUE;V REGION;CL;Cruz;Jessica;;Pasaje viento sur  27;;;;QUILPUE;V REGION;CL;24190;0;495;0;24685;0;CLP
000000514115;23389220601-A;14/03/2025 19:59:38;Cerrado;9990;990;10980;1798;0.0000;8192;1;BODY ESCOTE DRAPEADO LENTEJUELAS NEGRO NICOPOLY;MPM10001916748-1;N05014BS;14/03/2025 19:59:39;5d_Retiro Tienda Ripley Rancagua;"Vergara ";"Catalina ";;"José Domingo Mujica 490 ";" 3er Piso. Modulo Retiro en Tienda";;;RANCAGUA;VI REGION;CL;"Vergara ";"Catalina ";;Avenida nueva Einstein 290;;;;RANCAGUA;VI REGION;CL;9990;0;990;0;10980;0;CLP
000000514115;23389304301-A;14/03/2025 20:48:36;Cerrado;21990;990;22980;3958;0.0000;18032;1;ENTERITO MUJER NICOPOLY MORADO TIPO SATÍN ESCOTE V UVA;MPM00079771056-3;N03079ZS;14/03/2025 20:48:38;5d_Retiro Tienda Ripley Quilpué;"Sánchez ";"María José ";;"Claudio Vicuña 992, Quilpue ";" 3er Piso. Modulo Retiro en Tienda";;;QUILPUE;V REGION;CL;Vargas;Nancy;;Barros Arana 993;;;;QUILPUE;V REGION;CL;21990;0;990;0;22980;0;CLP
000000514115;23389401701-A;14/03/2025 21:40:58;Cerrado;34990;0;34990;6298;0.0000;28692;1;FULFILLMENT-PANTALÓN PIERNA ANCHA CON PASADOR ROJO OSCURO NICOPOLY;MPM10002146395-4;N05298DM-FF;14/03/2025 21:41:00;FF_MATRIX_STS;Sanchez;Javiera;;"Baquedano 86 ";" 1er Piso. Servicio al Cliente";;;COQUIMBO;IV REGION;CL;Sanchez;Javiera;;el tesoro del sur 63;;;;COQUIMBO;IV REGION;CL;34990;0;0;0;34990;0;CLP
000000514115;23389401701-A;14/03/2025 21:40:59;Cerrado;34990;0;34990;6298;0.0000;28692;1;FULFILLMENT-PANTALÓN PIERNA ANCHA CON PASADOR VERDE OSCURO NICOPOLY;MPM10002146397-1;N05298EM-FF;14/03/2025 21:41:00;FF_MATRIX_STS;Sanchez;Javiera;;"Baquedano 86 ";" 1er Piso. Servicio al Cliente";;;COQUIMBO;IV REGION;CL;Sanchez;Javiera;;el tesoro del sur 63;;;;COQUIMBO;IV REGION;CL;34990;0;0;0;34990;0;CLP
000000514115;23389401701-A;14/03/2025 21:40:59;Cerrado;44990;0;44990;8098;0.0000;36892;1;FULFILLMENT-BLAZER DE TOPE BOTONES DECORATIVOS ROJO OSCURO NICOPOLY;MPM10002146376-2;N05301DS-FF;14/03/2025 21:41:00;FF_MATRIX_STS;Sanchez;Javiera;;"Baquedano 86 ";" 1er Piso. Servicio al Cliente";;;COQUIMBO;IV REGION;CL;Sanchez;Javiera;;el tesoro del sur 63;;;;COQUIMBO;IV REGION;CL;44990;0;0;0;44990;0;CLP
000000514115;23389401701-A;14/03/2025 21:40:59;Cerrado;44990;0;44990;8098;0.0000;36892;1;FULFILLMENT-BLAZER DE TOPE BOTONES DECORATIVOSVERDE OSCURO NICOPOLY;MPM10002146375-1;N05301ES-FF;14/03/2025 21:41:00;FF_MATRIX_STS;Sanchez;Javiera;;"Baquedano 86 ";" 1er Piso. Servicio al Cliente";;;COQUIMBO;IV REGION;CL;Sanchez;Javiera;;el tesoro del sur 63;;;;COQUIMBO;IV REGION;CL;44990;0;0;0;44990;0;CLP
000000514115;23389464701-A;14/03/2025 22:08:44;Cerrado;21490;990;22480;3868;0.0000;17622;1;PANTALÓN MUJER NICOPOLY ÓXIDO PINZAS RECTO;MPM10001497472-3;N04298RS;14/03/2025 22:08:46;4d_Retiro Tienda Ripley Crillon;Arriagada;Cecilia;;"Agustinas #1025 ";Piso -1. Modulo Retiro en Tienda;;;SANTIAGO;REG.METROPOLITANA;CL;Arriagada;Cecilia;;Salitrera pena chica 2313;;;;SANTIAGO;REG.METROPOLITANA;CL;21490;0;990;0;22480;0;CLP
000000514115;23389868201-A;15/03/2025 09:10:20;Reembolsado;24990;0;24990;4498;0.0000;20492;1;BLAZER BOTONES DECORATIVOS CREMA NICOPOLY;MPM00059820366-1;N10046AL;15/03/2025 09:10:21;5d_Retiro Tienda Ripley Los Ángeles;Muoz;Vivian;;"Valdivia 440, Los Angeles ";" 3er Piso. Servicio al Cliente";;;LOS ANGELES;VIII REGION;CL;Muoz;Vivian;;Avda Oriente 1279;;;;LOS ANGELES;VIII REGION;CL;24990;0;0;0;24990;0;CLP
000000514115;23389879501-A;15/03/2025 09:22:45;Cerrado;19690;990;20680;3544;0.0000;16146;1;CÁRDIGAN FLOREADO CELESTE NICOPOLY;MPM10001734993-2;N05108KM;15/03/2025 09:22:47;4d_Retiro Tienda Ripley Plaza Vespucio;"Medina ";"Jorge ";;"Av. Vicuña Mackenna Ote. 7110, La Florida ";3er Piso. Modulo Retiro en Tienda;;;LA FLORIDA;REG.METROPOLITANA;CL;Medina;Romina;;Villasana 2045;;;;LA FLORIDA;REG.METROPOLITANA;CL;19690;0;990;0;20680;0;CLP
000000514115;23390105401-A;15/03/2025 12:04:26;Cerrado;8980;2195;11175;1616;0.0000;7364;1;CROP ENCAJE NEGRO NICOPOLY;MPM10001916739-2;N04032BL-5;15/03/2025 12:04:27;Flujo Same day BX;Vera Madrid;Jennifer Tamara;;Estrella solitaria 5626;401;;;NUNOA;REG.METROPOLITANA;CL;Vera Madrid;Jennifer Tamara;;Estrella solitaria 5626;;;;NUNOA;REG.METROPOLITANA;CL;8980;0;2195;0;11175;0;CLP
000000514115;23390105401-A;15/03/2025 12:04:26;Cerrado;13390;2195;15585;2410;0.0000;10980;1;BODY ESCOTE ENCAJE BLANCO NICOPOLY;MPM10001878089-1;N02151AM-5;15/03/2025 12:04:27;Flujo Same day BX;Vera Madrid;Jennifer Tamara;;Estrella solitaria 5626;401;;;NUNOA;REG.METROPOLITANA;CL;Vera Madrid;Jennifer Tamara;;Estrella solitaria 5626;;;;NUNOA;REG.METROPOLITANA;CL;13390;0;2195;0;15585;0;CLP
000000514115;23390483002-A;15/03/2025 15:28:44;Cerrado;14290;0;14290;2572;0.0000;11718;1;PANTALÓN MUJER NICOPOLY ROSADO TIRO ALTO JASPEADO;MPM10001849483-1;N05022HM;15/03/2025 15:28:45;8d_Retiro Tienda Ripley Puerto Montt;"Milla ";"Sybil ";;"Urmeneta 595, Puerto Montt ";4to Piso. Servicio al Cliente;;;PTO.MONTT;X REGION;CL;Milla;Luis;;San José 1060;;;;PTO.MONTT;X REGION;CL;14290;0;0;0;14290;0;CLP
000000514115;23390614301-A;15/03/2025 16:35:26;Cerrado;34990;0;34990;6298;0.0000;28692;1;FULFILLMENT-PANTALÓN PIERNA ANCHA CON PASADOR NEGRO NICOPOLY;MPM10002146394-2;N05298BS-FF;15/03/2025 16:35:28;FF_MATRIX_STS;Barra;Fabiola;;"Avenida Kennedy 5413 ";4to Piso. Modulo Retiro en Tienda;;;LAS CONDES;REG.METROPOLITANA;CL;Barra;Fabiola;;Schiller 2349;;;;LAS CONDES;REG.METROPOLITANA;CL;34990;0;0;0;34990;0;CLP
000000514115;23390614302-A;15/03/2025 16:35:26;Cerrado;23990;0;23990;4318;0.0000;19672;1;SWEATER DISEÑO CADENETAS BURDEO NICOPOLY;MPM10002160498-4;N04252TS-6;15/03/2025 16:35:28;4d_Retiro Tienda Ripley Parque Arauco;Barra;Fabiola;;"Avenida Kennedy 5413 ";4to Piso. Modulo Retiro en Tienda;;;LAS CONDES;REG.METROPOLITANA;CL;Barra;Fabiola;;Schiller 2349;;;;LAS CONDES;REG.METROPOLITANA;CL;23990;0;0;0;23990;0;CLP
000000514115;23390614302-A;15/03/2025 16:35:27;Cerrado;15990;0;15990;2878;0.0000;13112;1;BLUSA ESCOTE V SIN MANGAS CELESTE NICOPOLY;MPM10001919200-1;N05136KS;15/03/2025 16:35:28;4d_Retiro Tienda Ripley Parque Arauco;Barra;Fabiola;;"Avenida Kennedy 5413 ";4to Piso. Modulo Retiro en Tienda;;;LAS CONDES;REG.METROPOLITANA;CL;Barra;Fabiola;;Schiller 2349;;;;LAS CONDES;REG.METROPOLITANA;CL;15990;0;0;0;15990;0;CLP
000000514115;23390757002-A;15/03/2025 17:40:28;Cerrado;14290;990;15280;2572;0.0000;11718;1;PANTALÓN MUJER NICOPOLY CELESTE TIRO ALTO JASPEADO;MPM10001849482-2;N05022KL;15/03/2025 17:40:30;4d_Retiro Tienda Ripley Huechuraba;Astete;Jovita  Andrea;;"Av. Americo Vespucio Norte 1737 ";" 2do Piso. Modulo Retiro en Tienda";;;HUECHURABA;REG.METROPOLITANA;CL;Astete;Jovita  Andrea;;Pasaje conguillio 1688;;;;HUECHURABA;REG.METROPOLITANA;CL;14290;0;990;0;15280;0;CLP
000000514115;23390835902-A;15/03/2025 18:15:16;Cerrado;44990;0;44990;8098;0.0000;36892;1;FULFILLMENT-BLAZER DE TOPE BOTONES DECORATIVOS KHAKI NICOPOLY;MPM10002146367-1;N05301LM-FF;15/03/2025 18:15:17;FF_MATRIX;Briones Millar;Maria Del Carmen;;Alcázar 1965;S/N;;;CHILLAN;VIII REGION;CL;Briones Millar;Maria Del Carmen;;Alcázar 1965;;;;CHILLAN;VIII REGION;CL;44990;0;0;0;44990;0;CLP
000000514115;23390979301-A;15/03/2025 19:28:30;Cerrado;24990;0;24990;4498;0.0000;20492;1;BLAZER BOTONES DECORATIVOS CREMA NICOPOLY;MPM00059820366-1;N10046AL;15/03/2025 19:28:31;4d_Retiro Tienda Ripley Crillon;"Villegas ";"Makarena ";;"Agustinas #1025 ";Piso -1. Modulo Retiro en Tienda;;;SANTIAGO;REG.METROPOLITANA;CL;"Canilla Lillo ";Sabka;;calle la luna 76;;;;SANTIAGO;REG.METROPOLITANA;CL;24990;0;0;0;24990;0;CLP
000000514115;23390997801-A;15/03/2025 19:36:38;Reembolsado;31990;990;32980;5758;0.0000;26232;1;GILET TEJIDO HILO BURDEO NICOPOLY;MPM10002146552-3;N05264TM;15/03/2025 19:36:39;4d_Retiro Tienda Ripley Florida Center;"Moyano ";"Ana ";;"Vicuña Mackenna Oriente 6100, La Florida ";3er Piso. Modulo Retiro en Tienda;;;LA FLORIDA;REG.METROPOLITANA;CL;Opazo;Sergio;;Pasaje 14 1109;;;;LA FLORIDA;REG.METROPOLITANA;CL;31990;0;990;0;32980;0;CLP
000000514115;23391156301-A;15/03/2025 20:58:27;Cerrado;9990;0;9990;1798;0.0000;8192;1;BODY TEXTURIZADO ACANALADO ROSADO NICOPOLY;MPM10001713169-2;N05003HL;15/03/2025 20:58:28;8d_Retiro Tienda Ripley Castellón;Rivas Paredes;Camila;;"Castellon 520, Concepcion ";6to Piso. Servicio al Cliente;;;CONCEPCION;VIII REGION;CL;Rivas Paredes;Camila;;Chaiten  8692;;;;CONCEPCION;VIII REGION;CL;9990;0;0;0;9990;0;CLP
000000514115;23391540801-A;16/03/2025 00:15:27;Cerrado;44890;0;44890;8080;0.0000;36810;1;BLAZER PATRÓN ESPIGA GRIS CLARO NICOPOLY;MPM10001497651-3;N04159IS;16/03/2025 00:15:28;5d_Retiro Tienda Ripley Marina Arauco;Chacana;Sandra;;"Avenida Libertad 1348 ";" Piso 4. Modulo Retiro en Tienda";;;VI.A DEL MA;V REGION;CL;Chacana;Sandra;;AVENIDA LAS MARAVILLAS  18;;;;VI.A DEL MA;V REGION;CL;44890;0;0;0;44890;0;CLP
000000514115;23391556401-A;16/03/2025 00:29:37;Cerrado;15190;990;16180;2734;0.0000;12456;1;VESTIDO CORTO MUJER NICOPOLY BLANCO ABERTURAS MANGAS;MPM10001849478-1;N02336AM-5;16/03/2025 00:29:39;4d_Retiro Tienda Ripley Arauco Maipu;Valderrama;Gabriela;;"Av. Americo Vespucio 399 ";" 2do Piso. Modulo Retiro en Tienda";;;MAIPU;REG.METROPOLITANA;CL;Castillo;Raul Fernando;;Neptuno 097;;;;MAIPU;REG.METROPOLITANA;CL;15190;0;990;0;16180;0;CLP
000000514115;23391585201-A;16/03/2025 00:53:39;Cerrado;14990;990;15980;2698;0.0000;12292;1;CALZA MUJER NICOPOLY BURDEO LISA CON CIERRE S;MPM10001465170-4;N04295TS;16/03/2025 00:53:41;4d_Retiro Tienda Ripley Alameda;Schroeder;Daniela;;"Av Libertador Bernardo O'Higgins 3470, Santiago ";3er Piso. Modulo Retiro en Tienda;;;EST.CENTRAL;REG.METROPOLITANA;CL;Schroeder;Daniela;;Pedro León Ugalde 864 202;;;;EST.CENTRAL;REG.METROPOLITANA;CL;14990;0;990;0;15980;0;CLP
000000514115;23391621901-A;16/03/2025 01:46:19;Reembolsado;25090;0;25090;4516;0.0000;20574;1;BLUSA BOLSILLOS CARGO KHAKI NICOPOLY;MPM10001916755-3;N05072LM;16/03/2025 01:46:21;14d_Retiro Tienda Ripley Arica;Salgado;"Paulina ";;"Av. Diego Portales 640, Arica ";2do Piso. Modulo Retiro en Tienda;;;ARICA;XV REGION;CL;Salgado;"Paulina ";;Onix  2387;;;;ARICA;XV REGION;CL;25090;0;0;0;25090;0;CLP
000000514115;23391621901-A;16/03/2025 01:46:19;Cerrado;33190;0;33190;5974;0.0000;27216;1;CHAQUETA CUELLO CAMISERO ECOCUERO NEGRO NICOPOLY;MPM10001383864-3;N04228BS;16/03/2025 01:46:21;14d_Retiro Tienda Ripley Arica;Salgado;"Paulina ";;"Av. Diego Portales 640, Arica ";2do Piso. Modulo Retiro en Tienda;;;ARICA;XV REGION;CL;Salgado;"Paulina ";;Onix  2387;;;;ARICA;XV REGION;CL;33190;0;0;0;33190;0;CLP
000000514115;23391669501-A;16/03/2025 04:03:46;Cerrado;25090;3980;29070;4516;0.0000;20574;1;BLAZER 4 BOTONES DECORATIVOS NEGRO NICOPOLY;MPM10001713165-1;N10046BXL-5;16/03/2025 04:03:48;Flujo Same day BX;Vizcaya;Mara Soledad;;leonardo da vinci 7031;S/N;;;LA REINA;REG.METROPOLITANA;CL;Vizcaya;Mara Soledad;;leonardo da vinci 7031;;;;LA REINA;REG.METROPOLITANA;CL;25090;0;3980;0;29070;0;CLP
000000514115;23391696501-A;16/03/2025 08:01:41;Cerrado;19690;330;20020;3544;0.0000;16146;1;VESTIDO MUJER NICOPOLY NEGRO PABILO CON VOLANTES;MPM10001878064-2;N05013BM;16/03/2025 08:01:43;5d_Retiro Tienda Ripley Los Ángeles;Sanhueza;Susana;;"Valdivia 440, Los Angeles ";" 3er Piso. Servicio al Cliente";;;LOS ANGELES;VIII REGION;CL;Sanhueza;Susana;;PASAJE RENOIR 117;;;;LOS ANGELES;VIII REGION;CL;19690;0;330;0;20020;0;CLP
000000514115;23391696501-A;16/03/2025 08:01:41;Cerrado;14290;330;14620;2572;0.0000;11718;1;PANTALÓN MUJER NICOPOLY BLANCO TIRO ALTO JASPEADO;MPM10001849485-1;N05022AS;16/03/2025 08:01:43;5d_Retiro Tienda Ripley Los Ángeles;Sanhueza;Susana;;"Valdivia 440, Los Angeles ";" 3er Piso. Servicio al Cliente";;;LOS ANGELES;VIII REGION;CL;Sanhueza;Susana;;PASAJE RENOIR 117;;;;LOS ANGELES;VIII REGION;CL;14290;0;330;0;14620;0;CLP
000000514115;23391696501-A;16/03/2025 08:01:41;Cerrado;14290;330;14620;2572;0.0000;11718;1;PANTALÓN MUJER NICOPOLY CELESTE TIRO ALTO JASPEADO;MPM10001849482-3;N05022KS;16/03/2025 08:01:43;5d_Retiro Tienda Ripley Los Ángeles;Sanhueza;Susana;;"Valdivia 440, Los Angeles ";" 3er Piso. Servicio al Cliente";;;LOS ANGELES;VIII REGION;CL;Sanhueza;Susana;;PASAJE RENOIR 117;;;;LOS ANGELES;VIII REGION;CL;14290;0;330;0;14620;0;CLP
000000514115;23391713801-A;16/03/2025 08:46:44;Cerrado;14290;495;14785;2572;0.0000;11718;1;PANTALÓN MUJER NICOPOLY BLANCO TIRO ALTO JASPEADO;MPM10001849485-1;N05022AS;16/03/2025 08:46:46;10d_Retiro Tienda Ripley Portal Temuco;Fuentes;Delany;;"Avenida Alemania 0671 ";3er Piso, Modulo Retiro en Tienda;;;TEMUCO;IX REGION;CL;Palma;Lilia;;Juan Antonio concha 767;;;;TEMUCO;IX REGION;CL;14290;0;495;0;14785;0;CLP
000000514115;23391713801-A;16/03/2025 08:46:44;Cerrado;8980;495;9475;1616;0.0000;7364;1;CROP TOP JASPEADO BLANCO NICOPOLY;MPM10001849445-2;N05021AS;16/03/2025 08:46:46;10d_Retiro Tienda Ripley Portal Temuco;Fuentes;Delany;;"Avenida Alemania 0671 ";3er Piso, Modulo Retiro en Tienda;;;TEMUCO;IX REGION;CL;Palma;Lilia;;Juan Antonio concha 767;;;;TEMUCO;IX REGION;CL;8980;0;495;0;9475;0;CLP
000000514115;23391805001-A;16/03/2025 10:31:20;Cerrado;14990;990;15980;2698;0.0000;12292;1;BODY ESCOTE ENCAJE BLANCO NICOPOLY;MPM10001878089-1;N02151AM-5;16/03/2025 10:31:21;5d_Retiro Tienda Ripley Mall Concepción;Ortega Villa;Maria Paz;;"Barros Arana 1068, Concepcion ";" 3er Piso. Modulo Retiro en Tienda";;;CONCEPCION;VIII REGION;CL;Ortega Villa;Maria Paz;;Los Carrera 2130;;;;CONCEPCION;VIII REGION;CL;14990;0;990;0;15980;0;CLP
000000514115;23391836101-A;16/03/2025 10:49:22;Cerrado;28690;0;28690;5164;0.0000;23526;1;BLAZER BOLSILLOS Y BOTÓN ROJO NICOPOLY;MPM10001752521-3;N04260DM-5;16/03/2025 10:49:23;Flujo Crossdock- Ripley PAQ;Rosales;Zulema;;las araucarias  437;S/N;;;CHILLAN;VIII REGION;CL;Rosales;Zulema;;las araucarias  437;;;;CHILLAN;VIII REGION;CL;28690;0;0;0;28690;0;CLP
000000514115;23391864901-A;16/03/2025 11:04:51;Cerrado;47990;5990;53980;8638;0.0000;39352;1;PARKA SIN MANGAS CORDÓN NEGRO NICOPOLY;MPM10001753190-4;N04319BXL;16/03/2025 11:04:52;Flujo Crossdock- Ripley PAQ;Aguirre;"Clara ";;Av Novena 503 pard 13 Renaca Alto 503;S/N;;;VI.A DEL MA;V REGION;CL;Aguirre;"Clara ";;Av Novena 503 pard 13 Renaca Alto 503;;;;VI.A DEL MA;V REGION;CL;47990;0;5990;0;53980;0;CLP
000000514115;23392110701-A;16/03/2025 13:19:41;Cerrado;21990;990;22980;3958;0.0000;18032;1;VESTIDO MUJER NICOPOLY BEIGE HOLGADO CON BRILLOS KHAKI;MPM10001878065-1;N05077LS;16/03/2025 13:19:42;14d_Retiro Tienda Ripley Arica;Donoso;Katherine;;"Av. Diego Portales 640, Arica ";2do Piso. Modulo Retiro en Tienda;;;ARICA;XV REGION;CL;Donoso;Katherine;;Horizonte  24B;;;;ARICA;XV REGION;CL;21990;0;990;0;22980;0;CLP
000000514115;23392118001-A;16/03/2025 13:22:22;Reembolsado;38780;0;38780;6980;0.0000;31800;2;PANTALÓN MUJER NICOPOLY BURDEO RECTO BOTONES S;MPM00045574588-1;N02280TM;16/03/2025 13:22:23;4d_Retiro Tienda Ripley Huechuraba;Gomez;Nathalie;;"Av. Americo Vespucio Norte 1737 ";" 2do Piso. Modulo Retiro en Tienda";;;HUECHURABA;REG.METROPOLITANA;CL;Gomez;Nathalie;;Olimpia 5360;;;;HUECHURABA;REG.METROPOLITANA;CL;38780;0;0;0;38780;0;CLP
000000514115;23392118001-A;16/03/2025 13:22:22;Reembolsado;24990;0;24990;4498;0.0000;20492;1;BLAZER BOTONES DECORATIVOS CREMA NICOPOLY;MPM00059820366-1;N10046AL;16/03/2025 13:22:23;4d_Retiro Tienda Ripley Huechuraba;Gomez;Nathalie;;"Av. Americo Vespucio Norte 1737 ";" 2do Piso. Modulo Retiro en Tienda";;;HUECHURABA;REG.METROPOLITANA;CL;Gomez;Nathalie;;Olimpia 5360;;;;HUECHURABA;REG.METROPOLITANA;CL;24990;0;0;0;24990;0;CLP
000000514115;23392118001-A;16/03/2025 13:22:22;Reembolsado;12490;0;12490;2248;0.0000;10242;1;SHORT MUJER NICOPOLY CREMA HOLGADO;MPM10001878071-1;N05078AM;16/03/2025 13:22:23;4d_Retiro Tienda Ripley Huechuraba;Gomez;Nathalie;;"Av. Americo Vespucio Norte 1737 ";" 2do Piso. Modulo Retiro en Tienda";;;HUECHURABA;REG.METROPOLITANA;CL;Gomez;Nathalie;;Olimpia 5360;;;;HUECHURABA;REG.METROPOLITANA;CL;12490;0;0;0;12490;0;CLP
000000514115;23392118001-A;16/03/2025 13:22:22;Cerrado;11590;0;11590;2086;0.0000;9504;1;SWEATER TIPO HILO MANGA PRINCESA NARANJA NICOPOLY;MPM10001491753-3;N04249RM;16/03/2025 13:22:23;4d_Retiro Tienda Ripley Huechuraba;Gomez;Nathalie;;"Av. Americo Vespucio Norte 1737 ";" 2do Piso. Modulo Retiro en Tienda";;;HUECHURABA;REG.METROPOLITANA;CL;Gomez;Nathalie;;Olimpia 5360;;;;HUECHURABA;REG.METROPOLITANA;CL;11590;0;0;0;11590;0;CLP
000000514115;23392118001-A;16/03/2025 13:22:22;Reembolsado;12490;0;12490;2248;0.0000;10242;1;SHORT MUJER NICOPOLY AZUL GRISÁCEO HOLGADO;MPM10001878076-2;N05078CM;16/03/2025 13:22:23;4d_Retiro Tienda Ripley Huechuraba;Gomez;Nathalie;;"Av. Americo Vespucio Norte 1737 ";" 2do Piso. Modulo Retiro en Tienda";;;HUECHURABA;REG.METROPOLITANA;CL;Gomez;Nathalie;;Olimpia 5360;;;;HUECHURABA;REG.METROPOLITANA;CL;12490;0;0;0;12490;0;CLP
000000514115;23392118001-A;16/03/2025 13:22:22;Cerrado;11590;0;11590;2086;0.0000;9504;1;SWEATER TIPO HILO MANGA PRINCESA MOSTAZA NICOPOLY;MPM10001491761-3;N04249FM;16/03/2025 13:22:23;4d_Retiro Tienda Ripley Huechuraba;Gomez;Nathalie;;"Av. Americo Vespucio Norte 1737 ";" 2do Piso. Modulo Retiro en Tienda";;;HUECHURABA;REG.METROPOLITANA;CL;Gomez;Nathalie;;Olimpia 5360;;;;HUECHURABA;REG.METROPOLITANA;CL;11590;0;0;0;11590;0;CLP
000000514115;23392392401-A;16/03/2025 15:45:36;Cerrado;29990;990;30980;5398;0.0000;24592;1;CHAQUETA QUILT TIPO CAMISERA OLIVA NICOPOLY;MPM10001383865-3;N04190MXL;16/03/2025 15:45:37;5d_Retiro Tienda Ripley Talca;Venegas;Constanza;;"8 Oriente 1212 ";" 2do Piso. Modulo Retiro en Tienda";;;TALCA;VII REGION;CL;Venegas;Constanza;;Condominio altos de san miguel 352;;;;TALCA;VII REGION;CL;29990;0;990;0;30980;0;CLP
000000514115;23392402101-A;16/03/2025 15:48:28;Cerrado;15990;990;16980;2878;0.0000;13112;1;LEGGINS MUJER NICOPOLY BURDEO LEGGING TIRO ALTO COSTURAS FRONTALES;MPM00089316440-2;N03032TS;16/03/2025 15:48:29;5d_Retiro Tienda Ripley Quilpué;Ruiz;Nicole;;"Claudio Vicuña 992, Quilpue ";" 3er Piso. Modulo Retiro en Tienda";;;QUILPUE;V REGION;CL;Ruiz;Nicole;;Los perales 3136;;;;QUILPUE;V REGION;CL;15990;0;990;0;16980;0;CLP
000000514115;23392491102-A;16/03/2025 16:27:01;Cerrado;39990;3990;43980;7198;0.0000;32792;1;VESTIDO CORTO SIN MANGAS ROJO NICOPOLY;MPM10002122137-1;N05258DL;16/03/2025 16:27:02;Flujo Same day BX;"Ramos ";Ana Mara;;LOS PINOS 482;S/N;;;PUDAHUEL;REG.METROPOLITANA;CL;"Ramos ";Ana Mara;;LOS PINOS 482;;;;PUDAHUEL;REG.METROPOLITANA;CL;39990;0;3990;0;43980;0;CLP
000000514115;23392839902-A;16/03/2025 18:58:03;Cerrado;15990;990;16980;2878;0.0000;13112;1;LEGGINS MUJER NICOPOLY BURDEO LEGGING TIRO ALTO COSTURAS FRONTALES;MPM00089316440-3;N03032TL;16/03/2025 18:58:05;4d_Retiro Tienda Ripley Crillon;Bascuñan;Carolina;;"Agustinas #1025 ";Piso -1. Modulo Retiro en Tienda;;;SANTIAGO;REG.METROPOLITANA;CL;Bascuñan;Carolina;;Avenida lo ovalle 1143;;;;SANTIAGO;REG.METROPOLITANA;CL;15990;0;990;0;16980;0;CLP
000000514115;23393041501-A;16/03/2025 20:16:59;Cerrado;38990;0;38990;7018;0.0000;31972;1;SOBRECAMISA COTELÉ VERDE OSCURO NICOPOLY;MPM10002160504-3;N05201ES;16/03/2025 20:17:00;Flujo Crossdock- Ripley PAQ;Cliente;Judith;;Los Robles TUBUL 055;S/N;;;ARAUCO;VIII REGION;CL;Cliente;Judith;;Los Robles TUBUL 055;;;;ARAUCO;VIII REGION;CL;38990;0;0;0;38990;0;CLP
000000514115;23393113101-A;16/03/2025 20:47:01;Cerrado;9990;495;10485;1798;0.0000;8192;1;BODY TEXTURIZADO ACANALADO GRIS NICOPOLY;MPM10001713170-1;N05003IM;16/03/2025 20:47:03;5d_Retiro Tienda Ripley El Trébol;Figueroa;Rosa Liliana;;"Avenida Jorge Alessandri 3177 ";" 3er Piso. Modulo Retiro en Tienda";;;TALCAHUANO;VIII REGION;CL;Figueroa;Rosa Liliana;;Avenida Chacabuco 1140;;;;TALCAHUANO;VIII REGION;CL;9990;0;495;0;10485;0;CLP
000000514115;23393113101-A;16/03/2025 20:47:01;Cerrado;23290;495;23785;4192;0.0000;19098;1;CALZA MUJER NICOPOLY NEGRO ELASTICADA SKINNY TIPO ENCERADA;MPM10001503437-2;N04299BM;16/03/2025 20:47:03;5d_Retiro Tienda Ripley El Trébol;Figueroa;Rosa Liliana;;"Avenida Jorge Alessandri 3177 ";" 3er Piso. Modulo Retiro en Tienda";;;TALCAHUANO;VIII REGION;CL;Figueroa;Rosa Liliana;;Avenida Chacabuco 1140;;;;TALCAHUANO;VIII REGION;CL;23290;0;495;0;23785;0;CLP
000000514115;23393121401-A;16/03/2025 20:51:46;Cerrado;16990;0;16990;3058;0.0000;13932;1;PANTALÓN MUJER NICOPOLY NEGRO RECTO COSTURA FRONTAL;MPM10001713171-1;N04301BM-5;16/03/2025 20:51:48;11d_Retiro Tienda Ripley Temuco;Reyes;Katherine;;"Arturo Prat 656, Temuco ";2do Piso. Modulo Retiro en Tienda;;;TEMUCO;IX REGION;CL;Reyes;Katherine;;Juanita otinano 01850;;;;TEMUCO;IX REGION;CL;16990;0;0;0;16990;0;CLP
000000514115;23393121401-A;16/03/2025 20:51:46;Cerrado;16990;0;16990;3058;0.0000;13932;1;PANTALÓN MUJER NICOPOLY AZUL ACERO CON COSTURAS FRONTALES RECTO;MPM10001448885-2;N04301CM;16/03/2025 20:51:48;11d_Retiro Tienda Ripley Temuco;Reyes;Katherine;;"Arturo Prat 656, Temuco ";2do Piso. Modulo Retiro en Tienda;;;TEMUCO;IX REGION;CL;Reyes;Katherine;;Juanita otinano 01850;;;;TEMUCO;IX REGION;CL;16990;0;0;0;16990;0;CLP
000000514115;23393121401-A;16/03/2025 20:51:46;Cerrado;14990;0;14990;2698;0.0000;12292;1;CALZA MUJER NICOPOLY CAFÉ LISA CON CIERRE;MPM10001465390-3;N04295RL;16/03/2025 20:51:48;11d_Retiro Tienda Ripley Temuco;Reyes;Katherine;;"Arturo Prat 656, Temuco ";2do Piso. Modulo Retiro en Tienda;;;TEMUCO;IX REGION;CL;Reyes;Katherine;;Juanita otinano 01850;;;;TEMUCO;IX REGION;CL;14990;0;0;0;14990;0;CLP
000000514115;23393121401-A;16/03/2025 20:51:46;Cerrado;19390;0;19390;3490;0.0000;15900;1;PANTALÓN MUJER NICOPOLY BURDEO RECTO BOTONES S;MPM00045574588-4;N02280TL;16/03/2025 20:51:48;11d_Retiro Tienda Ripley Temuco;Reyes;Katherine;;"Arturo Prat 656, Temuco ";2do Piso. Modulo Retiro en Tienda;;;TEMUCO;IX REGION;CL;Reyes;Katherine;;Juanita otinano 01850;;;;TEMUCO;IX REGION;CL;19390;0;0;0;19390;0;CLP
000000514115;23393121401-A;16/03/2025 20:51:46;Cerrado;16990;0;16990;3058;0.0000;13932;1;PANTALÓN MUJER NICOPOLY BURDEO CON COSTURAS FRONTALES RECTO;MPM10001448882-3;N04301TM;16/03/2025 20:51:48;11d_Retiro Tienda Ripley Temuco;Reyes;Katherine;;"Arturo Prat 656, Temuco ";2do Piso. Modulo Retiro en Tienda;;;TEMUCO;IX REGION;CL;Reyes;Katherine;;Juanita otinano 01850;;;;TEMUCO;IX REGION;CL;16990;0;0;0;16990;0;CLP
000000514115;23393332201-A;16/03/2025 22:05:13;Reembolsado;28690;990;29680;5164;0.0000;23526;1;ENTERITO MUJER NICOPOLY NEGRO ESCOTE V Y LAZO;MPM10001856357-3;N05010BS;16/03/2025 22:05:15;4d_Retiro Tienda Ripley Plaza Vespucio;Soto;Jimena;;"Av. Vicuña Mackenna Ote. 7110, La Florida ";3er Piso. Modulo Retiro en Tienda;;;LA FLORIDA;REG.METROPOLITANA;CL;Leone;Roberto;;Las torcazas 474;;;;LA FLORIDA;REG.METROPOLITANA;CL;28690;0;990;0;29680;0;CLP
000000514115;23393372701-A;16/03/2025 22:18:53;Cerrado;17990;990;18980;3238;0.0000;14752;1;FALDA MUJER NICOPOLY AZUL MEDIO DENIM TAJO FRONTAL;MPM10001465759-3;N04269KS;16/03/2025 22:18:54;5d_Retiro Tienda Ripley Curicó;Seguel;"Rosa ";;"Av.OHiggins 201 ";" 2do Piso. Servicio al Cliente";;;CURICO;VII REGION;CL;Seguel;"Rosa ";;Villa Primavera, calle Echeverria 2796;;;;CURICO;VII REGION;CL;17990;0;990;0;18980;0;CLP
000000514115;23393583701-A;16/03/2025 23:33:45;Cerrado;14990;990;15980;2698;0.0000;12292;1;VESTIDO CORTO MUJER NICOPOLY ROSADO CUELLO HALTER;MPM10001878077-1;N04063HM-5;16/03/2025 23:33:46;4d_Retiro Tienda Ripley San Bernardo;Maldonado;Romina;;"Av. Pdte. Jorge Alessandri Rodríguez 20040, San Bernardo ";2do Piso. Modulo Retiro en Tienda;;;SN.BERNARDO;REG.METROPOLITANA;CL;Maldonado;Romina;;Luis Hinojosa pascua 1740;;;;SN.BERNARDO;REG.METROPOLITANA;CL;14990;0;990;0;15980;0;CLP
000000514115;23393605601-A;16/03/2025 23:42:00;Cerrado;33190;990;34180;5974;0.0000;27216;1;CHAQUETA CUELLO CAMISERO ECOCUERO CAFÉ NICOPOLY;MPM10001383853-4;N04228UM;16/03/2025 23:42:01;5d_Retiro Tienda Ripley Viña del Mar Sucre;Peña;Natalia;;"Sucre 290, Viña ";5to Piso. Modulo Retiro en Tienda;;;VI.A DEL MA;V REGION;CL;Rubio;German;;cien aguilas 248 villa alemana 248;;;;VI.A DEL MA;V REGION;CL;33190;0;990;0;34180;0;CLP
000000514115;23393765703-A;17/03/2025 01:38:25;Cerrado;8980;3990;12970;1616;0.0000;7364;1;CROP ENCAJE NEGRO NICOPOLY;MPM10001916739-3;N04032BS-5;17/03/2025 01:38:27;Flujo Same day BX;Cisternas Cheuqueo;Ninoska Alejandra;;Ejercito Libertador  3899;80;;;PUENTE ALTO;REG.METROPOLITANA;CL;Cisternas Cheuqueo;Ninoska Alejandra;;Ejercito Libertador  3899;;;;PUENTE ALTO;REG.METROPOLITANA;CL;8980;0;3990;0;12970;0;CLP
000000514115;23393765301-A;17/03/2025 01:44:32;Cerrado;13990;3990;17980;2518;0.0000;11472;1;CROP TOP ESPALDA ELASTICADA MAGENTA NICOPOLY;MPM10001503477-3;N10368ZXL-4;17/03/2025 01:44:34;Flujo Same day BX;Arenas Cerda;Daniela;;Maria  2830;Casa;;;SAN JOAQUIN;REG.METROPOLITANA;CL;Arenas Cerda;Daniela;;Maria  2830;;;;SAN JOAQUIN;REG.METROPOLITANA;CL;13990;0;3990;0;17980;0;CLP
000000514115;23393824201-A;17/03/2025 07:09:46;Reembolsado;16990;495;17485;3058;0.0000;13932;1;PANTALÓN MUJER NICOPOLY BURDEO CON COSTURAS FRONTALES RECTO;MPM10001448882-4;N04301TL;17/03/2025 07:09:50;5d_Retiro Tienda Ripley Los Ángeles;"Gutiérrez ";Teresa;;"Valdivia 440, Los Angeles ";" 3er Piso. Servicio al Cliente";;;LOS ANGELES;VIII REGION;CL;Lieuw-Hie;Paul;;don mario 1156;;;;LOS ANGELES;VIII REGION;CL;16990;0;495;0;17485;0;CLP
000000514115;23393824201-A;17/03/2025 07:09:46;Reembolsado;16990;495;17485;3058;0.0000;13932;1;PANTALÓN MUJER NICOPOLY BURDEO CON COSTURAS FRONTALES RECTO;MPM10001448882-3;N04301TM;17/03/2025 07:09:50;5d_Retiro Tienda Ripley Los Ángeles;"Gutiérrez ";Teresa;;"Valdivia 440, Los Angeles ";" 3er Piso. Servicio al Cliente";;;LOS ANGELES;VIII REGION;CL;Lieuw-Hie;Paul;;don mario 1156;;;;LOS ANGELES;VIII REGION;CL;16990;0;495;0;17485;0;CLP
000000514115;23394157901-A;17/03/2025 11:35:16;Cerrado;23290;990;24280;4192;0.0000;19098;1;VESTIDO MUJER NICOPOLY NEGRO STRAPLESS Y ESCOTE V;MPM10001856352-3;N05011BS;17/03/2025 11:35:17;4d_Retiro Tienda Ripley Arauco Maipu;López;Carolina;;"Av. Americo Vespucio 399 ";" 2do Piso. Modulo Retiro en Tienda";;;MAIPU;REG.METROPOLITANA;CL;López;Carolina;;German Garces 1683;;;;MAIPU;REG.METROPOLITANA;CL;23290;0;990;0;24280;0;CLP
000000514115;23394217101-A;17/03/2025 12:06:09;Cerrado;20590;0;20590;3706;0.0000;16884;1;ENTERITO MUJER NICOPOLY VERDE OLIVA LAZO Y HEBILLA;MPM10001849448-4;N04058ML-5;17/03/2025 12:06:10;Flujo Crossdock- Ripley PAQ;Abbott;Ana;;Clentauro 608;Casa;;;VALPARAISO;V REGION;CL;Abbott;Ana;;Clentauro 608;;;;VALPARAISO;V REGION;CL;20590;0;0;0;20590;0;CLP
000000514115;23394300001-A;17/03/2025 12:47:44;Cerrado;13390;990;14380;2410;0.0000;10980;1;BODY HALTER TIPO SATÍN BURDEO NICOPOLY;MPM10001878232-3;N05047TL;17/03/2025 12:47:46;5d_Retiro Tienda Ripley Mall Concepción;Luengo;"Paz ";;"Barros Arana 1068, Concepcion ";" 3er Piso. Modulo Retiro en Tienda";;;CONCEPCION;VIII REGION;CL;Luengo;"Paz ";;ignacio carrera pinto  014;;;;CONCEPCION;VIII REGION;CL;13390;0;990;0;14380;0;CLP
000000514115;23394359401-A;17/03/2025 13:21:33;Reembolsado;54990;3990;58980;9898;0.0000;45092;1;VESTIDO LARGO CUELLO MOCK BURDEO NICOPOLY;MPM10002627268-3;N05311TS;17/03/2025 13:21:34;Flujo Same day BX;Urrejola;Elena;;Francisco Bulnes Correa 1227;B;;;LAS CONDES;REG.METROPOLITANA;CL;Urrejola;Elena;;Francisco Bulnes Correa 1227;;;;LAS CONDES;REG.METROPOLITANA;CL;54990;0;3990;0;58980;0;CLP
000000514115;23394558501-A;17/03/2025 14:57:47;Cerrado;35890;990;36880;6460;0.0000;29430;1;BLAZER CRUZADO PIED DE POULE BLANCO/NEGRO NICOPOLY;MPM10001465238-3;N04156BM;17/03/2025 14:57:49;5d_Retiro Tienda Ripley Marina Arauco;Carreo;Karla;;"Avenida Libertad 1348 ";" Piso 4. Modulo Retiro en Tienda";;;VI.A DEL MA;V REGION;CL;Carreo;Karla;;Pasaje Murta, Villa Botania. 2110;;;;VI.A DEL MA;V REGION;CL;35890;0;990;0;36880;0;CLP
000000514115;23394878701-A;17/03/2025 17:30:47;Cerrado;35990;5990;41980;6478;0.0000;29512;1;PANTALÓN MUJER NICOPOLY CAMEL RECTO PINZAS;MPM10001437611-2;N04277UM;17/03/2025 17:30:48;Flujo Crossdock- Ripley PAQ;Vasquez;Maria Carolina;;Avda.andalue , Torre 3 1440;904;;;SP D LA PAZ;VIII REGION;CL;Vasquez;Maria Carolina;;Avda.andalue , Torre 3 1440;;;;SP D LA PAZ;VIII REGION;CL;35990;0;5990;0;41980;0;CLP
000000514115;23395136101-A;17/03/2025 19:42:23;Cerrado;44990;0;44990;8098;0.0000;36892;1;FULFILLMENT-BLAZER DE TOPE BOTONES DECORATIVOSVERDE OSCURO NICOPOLY;MPM10002146375-1;N05301ES-FF;17/03/2025 19:42:25;FF_MATRIX;Rojas;Fabiola;;Madrid 708;Casa;;;CHILLAN;VIII REGION;CL;Rojas;Fabiola;;Madrid 708;;;;CHILLAN;VIII REGION;CL;44990;0;0;0;44990;0;CLP
000000514115;23395172401-A;17/03/2025 20:04:54;Cerrado;24990;495;25485;4498;0.0000;20492;1;PANTALÓN MUJER NICOPOLY KHAKI PINZAS TIRO ALTO;MPM10001752498-2;N04120LL-5;17/03/2025 20:04:55;6d_Retiro Tienda Ripley Nueva Valdivia;Viacava;Aldo;;"Arauco 561 ";" 3er Piso. Servicio al Cliente";;;VALDIVIA;XIV REGION;CL;Viacava;Aldo;;Ramon picarte  1211;;;;VALDIVIA;XIV REGION;CL;24990;0;495;0;25485;0;CLP
000000514115;23395172401-A;17/03/2025 20:04:54;Cerrado;24990;495;25485;4498;0.0000;20492;1;PANTALÓN MUJER NICOPOLY ROJO PINZAS TIRO ALTO;MPM10001752477-4;N04120DL-5;17/03/2025 20:04:55;6d_Retiro Tienda Ripley Nueva Valdivia;Viacava;Aldo;;"Arauco 561 ";" 3er Piso. Servicio al Cliente";;;VALDIVIA;XIV REGION;CL;Viacava;Aldo;;Ramon picarte  1211;;;;VALDIVIA;XIV REGION;CL;24990;0;495;0;25485;0;CLP
000000514115;23395180601-A;17/03/2025 20:05:09;Cerrado;49990;7990;57980;8998;0.0000;40992;1;FULFILLMENT-BLAZER LARGO CUELLO CRUZADO ROJO OSCURO NICOPOLY;MPM10002146370-1;N05299DXL-FF;17/03/2025 20:05:10;FF_MATRIX;Riffo Fica;Carola Andrea;;Huillinco 806 806;Avenida principal;;;CA.ETE;VIII REGION;CL;Riffo Fica;Carola Andrea;;Huillinco 806 806;;;;CA.ETE;VIII REGION;CL;49990;0;7990;0;57980;0;CLP
000000514115;23395281001-A;17/03/2025 20:46:05;Cerrado;28690;990;29680;5164;0.0000;23526;1;BLAZER BOLSILLOS CON SOLAPAS AZUL MEDIO NICOPOLY;MPM10001437599-1;N04260KS;17/03/2025 20:46:06;4d_Retiro Tienda Ripley Crillon;Bustos;Jenny;;"Agustinas #1025 ";Piso -1. Modulo Retiro en Tienda;;;SANTIAGO;REG.METROPOLITANA;CL;Karina;Ines;;Pje don Ignacio de la carrera 1464;;;;SANTIAGO;REG.METROPOLITANA;CL;28690;0;990;0;29680;0;CLP
000000514115;23395300801-A;17/03/2025 20:55:28;Cerrado;49990;0;49990;8998;0.0000;40992;1;CHAQUETA CUELLO MAO ECOCUERO ROSA CHICLE NICOPOLY;MPM10000316132-4;N02106SL;17/03/2025 20:55:29;5d_Retiro Tienda Ripley Los Ángeles;Zavala Calderon;Evelyn;;"Valdivia 440, Los Angeles ";" 3er Piso. Servicio al Cliente";;;LOS ANGELES;VIII REGION;CL;Zavala Calderon;Evelyn;;Baquedano  448;;;;LOS ANGELES;VIII REGION;CL;49990;0;0;0;49990;0;CLP
000000514115;23395372901-A;17/03/2025 21:24:03;Cerrado;21990;990;22980;3958;0.0000;18032;1;BLUSA CUELLO MAO FLORAL NEGRO NICOPOLY;MPM10002122192-1;N05270BS;17/03/2025 21:24:05;6d_Retiro Tienda Ripley Nueva Valdivia;De la maza;"Paulo ";;"Arauco 561 ";" 3er Piso. Servicio al Cliente";;;VALDIVIA;XIV REGION;CL;Cliente;Erika;;Anselmo de la cruz labarca 1094;;;;VALDIVIA;XIV REGION;CL;21990;0;990;0;22980;0;CLP
000000514115;23395571501-A;17/03/2025 22:27:57;Reembolsado;49990;0;49990;8998;0.0000;40992;1;CHAQUETA CUELLO MAO NEGRO NICOPOLY;MPM10002617347-1;N02106BL-6;17/03/2025 22:27:58;5d_Retiro Tienda Ripley Valparaíso;Castro;Erika;;"Plaza Victoria 1646 ";" 4to Piso. Servicio al Cliente";;;VALPARAISO;V REGION;CL;Castro;Erika;;"Hanga roa  Villa Rapa Nui Block B 279 ";;;;VALPARAISO;V REGION;CL;49990;0;0;0;49990;0;CLP
000000514115;23395697001-A;17/03/2025 23:10:36;Cerrado;18790;990;19780;3382;0.0000;15408;1;PANTALÓN MUJER NICOPOLY ROJO TIRO ALTO BÁSICO;MPM10001752474-3;N10373DL-5;17/03/2025 23:10:37;4d_Retiro Tienda Ripley Crillon;Barra;Jeannette;;"Agustinas #1025 ";Piso -1. Modulo Retiro en Tienda;;;SANTIAGO;REG.METROPOLITANA;CL;Barra;Jeannette;;Morande 59;;;;SANTIAGO;REG.METROPOLITANA;CL;18790;0;990;0;19780;0;CLP
000000514115;23395688401-A;17/03/2025 23:10:37;Cerrado;28690;990;29680;5164;0.0000;23526;1;BLAZER BOLSILLOS CON SOLAPAS AZUL MEDIO NICOPOLY;MPM10001437599-3;N04260KL;17/03/2025 23:10:38;4d_Retiro Tienda Ripley San Bernardo;Esparza;Ivonne;;"Av. Pdte. Jorge Alessandri Rodríguez 20040, San Bernardo ";2do Piso. Modulo Retiro en Tienda;;;SN.BERNARDO;REG.METROPOLITANA;CL;Riquelme;Nayaret;;ernest uthoff 03125;;;;SN.BERNARDO;REG.METROPOLITANA;CL;28690;0;990;0;29680;0;CLP
000000514115;23395781701-A;17/03/2025 23:42:58;Cerrado;28690;990;29680;5164;0.0000;23526;1;BLAZER BOLSILLOS Y BOTÓN  NEGRO NICOPOLY;MPM10001752517-4;N04260BS-5;17/03/2025 23:43:00;8d_Retiro Tienda Ripley Coquimbo;Garcia;"Jasmina ";;"Baquedano 86 ";" 1er Piso. Servicio al Cliente";;;COQUIMBO;IV REGION;CL;Garcia;"Jasmina ";;Fray diego de ocana 838;;;;COQUIMBO;IV REGION;CL;28690;0;990;0;29680;0;CLP
000000514115;23395795501-A;17/03/2025 23:50:42;Cerrado;19990;990;20980;3598;0.0000;16392;1;MINI FALDA LEOPARDO CAFÉ NICOPOLY;MPM10002146549-1;N05309US;17/03/2025 23:50:44;4d_Retiro Tienda Ripley Alameda;"Alvarado Gamboa ";"Karen ";;"Av Libertador Bernardo O'Higgins 3470, Santiago ";3er Piso. Modulo Retiro en Tienda;;;EST.CENTRAL;REG.METROPOLITANA;CL;"Alvarado Gamboa ";"Karen ";;Williams Rebolledo  1841;;;;EST.CENTRAL;REG.METROPOLITANA;CL;19990;0;990;0;20980;0;CLP
000000514115;23395896601-A;18/03/2025 01:02:19;Cerrado;19690;0;19690;3544;0.0000;16146;1;CÁRDIGAN FLOREADO CELESTE NICOPOLY;MPM10001734993-2;N05108KM;18/03/2025 01:02:21;Flujo Crossdock- Ripley PAQ;Parada;Yocelyn;;Los andes 89;Villa san ramon,palomares;;;CONCEPCION;VIII REGION;CL;Parada;Yocelyn;;Los andes 89;;;;CONCEPCION;VIII REGION;CL;19690;0;0;0;19690;0;CLP
000000514115;23395997601-A;18/03/2025 08:03:15;Cerrado;14990;495;15485;2698;0.0000;12292;1;VESTIDO MUJER NICOPOLY AMARILLO CORTE IMPERIO;MPM10001878088-3;N04114FL-5;18/03/2025 08:03:16;5d_Retiro Tienda Ripley La Calera;Escalona;Erna;;"JJ Perez 90, La Calera ";" 2do Piso. Modulo Retiro en Tienda";;;CALERA;V REGION;CL;Escalona;Erna;;Santiago Bueras 20;;;;CALERA;V REGION;CL;14990;0;495;0;15485;0;CLP
000000514115;23395997601-A;18/03/2025 08:03:15;Cerrado;11590;495;12085;2086;0.0000;9504;1;SWEATER PELUDO RECOGIDO LATERAL ROSA NICOPOLY;MPM10001465173-1;N04173HL;18/03/2025 08:03:16;5d_Retiro Tienda Ripley La Calera;Escalona;Erna;;"JJ Perez 90, La Calera ";" 2do Piso. Modulo Retiro en Tienda";;;CALERA;V REGION;CL;Escalona;Erna;;Santiago Bueras 20;;;;CALERA;V REGION;CL;11590;0;495;0;12085;0;CLP
000000514115;23396044901-A;18/03/2025 08:52:20;Cerrado;18790;990;19780;3382;0.0000;15408;1;VESTIDO MUJER NICOPOLY ROJO DE PUNTO TRENZADO;MPM10001465221-1;N04188DL;18/03/2025 08:52:22;4d_Retiro Tienda Ripley Crillon;Moraga;Cynthia;;"Agustinas #1025 ";Piso -1. Modulo Retiro en Tienda;;;SANTIAGO;REG.METROPOLITANA;CL;Moraga;Cynthia;;Rojas Magallanes  577;;;;SANTIAGO;REG.METROPOLITANA;CL;18790;0;990;0;19780;0;CLP
000000514115;23396152001-A;18/03/2025 10:13:10;Cerrado;16990;495;17485;3058;0.0000;13932;1;SWEATER PUNTO FANTASÍA LUREX ROSA NICOPOLY;MPM10001465174-1;N04244HM;18/03/2025 10:13:12;4d_Retiro Tienda Ripley Arauco Maipu;Armijo;Joceline;;"Av. Americo Vespucio 399 ";" 2do Piso. Modulo Retiro en Tienda";;;MAIPU;REG.METROPOLITANA;CL;Armijo;Joceline;;Los ceibos 1100 116;;;;MAIPU;REG.METROPOLITANA;CL;16990;0;495;0;17485;0;CLP
000000514115;23396152001-A;18/03/2025 10:13:10;Cerrado;25990;495;26485;4678;0.0000;21312;1;SWEATER ESCOTE PROFUNDO BLANCO NICOPOLY;MPM10002627253-1;N05324AM;18/03/2025 10:13:12;4d_Retiro Tienda Ripley Arauco Maipu;Armijo;Joceline;;"Av. Americo Vespucio 399 ";" 2do Piso. Modulo Retiro en Tienda";;;MAIPU;REG.METROPOLITANA;CL;Armijo;Joceline;;Los ceibos 1100 116;;;;MAIPU;REG.METROPOLITANA;CL;25990;0;495;0;26485;0;CLP
000000514115;23396173301-A;18/03/2025 10:26:23;Cerrado;12990;990;13980;2338;0.0000;10652;1;SWEATER PELUDO RECOGIDO LATERAL ROSA NICOPOLY;MPM10001465173-3;N04173HS;18/03/2025 10:26:25;4d_Retiro Tienda Ripley Plaza Vespucio;Jara Rivera;Claudia;;"Av. Vicuña Mackenna Ote. 7110, La Florida ";3er Piso. Modulo Retiro en Tienda;;;LA FLORIDA;REG.METROPOLITANA;CL;Jara Rivera;Claudia;;Calle nueva 141;;;;LA FLORIDA;REG.METROPOLITANA;CL;12990;0;990;0;13980;0;CLP
000000514115;23396191701-A;18/03/2025 10:38:55;Cerrado;14990;6990;21980;2698;0.0000;12292;1;BODY ESCOTE ENCAJE ROJO NICOPOLY;MPM10001878084-2;N02151DM-5;18/03/2025 10:38:56;Flujo Crossdock- Ripley PAQ;Cardenas;Solange;;Calle Libertad 225;Casa2;;;CHIGUAYANTE;VIII REGION;CL;Cardenas;Solange;;Calle Libertad 225;;;;CHIGUAYANTE;VIII REGION;CL;14990;0;6990;0;21980;0;CLP
000000514115;23396280001-A;18/03/2025 11:22:19;Cerrado;14990;3990;18980;2698;0.0000;12292;1;BODY ESCOTE ENCAJE BLANCO NICOPOLY;MPM10001878089-1;N02151AM-5;18/03/2025 11:22:20;Flujo Same day BX;Gomez;Barbara;;Dublé Almeyda 2560;1101;;;NUNOA;REG.METROPOLITANA;CL;Gomez;Barbara;;Dublé Almeyda 2560;;;;NUNOA;REG.METROPOLITANA;CL;14990;0;3990;0;18980;0;CLP
000000514115;23396390701-A;18/03/2025 12:08:31;Cerrado;28690;990;29680;5164;0.0000;23526;1;BLAZER BOLSILLOS Y BOTÓN CELESTE NICOPOLY;MPM10001752431-3;N04260CS-5;18/03/2025 12:08:33;8d_Retiro Tienda Ripley Castellón;Pellet;Marjorie;;"Castellon 520, Concepcion ";6to Piso. Servicio al Cliente;;;CONCEPCION;VIII REGION;CL;Pellet;Marjorie;;Calle Marina de Chile block 2592;;;;CONCEPCION;VIII REGION;CL;28690;0;990;0;29680;0;CLP
000000514115;23396416601-A;18/03/2025 12:24:01;Cerrado;18790;0;18790;3382;0.0000;15408;1;PANTALÓN MUJER NICOPOLY KHAKI TIRO ALTO BÁSICO;MPM10001752467-4;N10373LM-5;18/03/2025 12:24:03;4d_Retiro Tienda Ripley Costanera Center;"Espinoza Rivas ";Araceli Alejandra;;"Avenida Andrés Bello 2422 ";" 1er Piso. Modulo Retiro en Tienda";;;PROVIDENCIA;REG.METROPOLITANA;CL;"Espinoza Rivas ";Araceli Alejandra;;Av. Troncal San Francisco 2140 Casa 89;;;;PROVIDENCIA;REG.METROPOLITANA;CL;18790;0;0;0;18790;0;CLP
000000514115;23396643201-A;18/03/2025 14:36:15;Cerrado;25990;5990;31980;4678;0.0000;21312;1;VESTIDO MUJER NICOPOLY NEGRO STRAPLESS Y ESCOTE V;MPM10001856352-4;N05011BM;18/03/2025 14:36:16;Flujo Crossdock- Ripley PAQ;Correa;Maria Jesus;;4 norte  1093;201;;;VI.A DEL MA;V REGION;CL;Correa;Maria Jesus;;4 norte  1093;;;;VI.A DEL MA;V REGION;CL;25990;0;5990;0;31980;0;CLP
000000514115;23396658801-A;18/03/2025 14:43:34;Cerrado;74990;3990;78980;13498;0.0000;61492;1;ABRIGO LARGO LAZO NEGRO NICOPOLY;MPM10002646306-4;N04227BM-6;18/03/2025 14:43:35;Flujo Same day BX;Guedez;Maryuri;;LIRA 441;131;;;SANTIAGO;REG.METROPOLITANA;CL;Guedez;Maryuri;;LIRA 441;;;;SANTIAGO;REG.METROPOLITANA;CL;74990;0;3990;0;78980;0;CLP
000000514115;23396668502-A;18/03/2025 14:52:28;Cerrado;21990;3980;25970;3958;0.0000;18032;1;ENTERITO MUJER NICOPOLY MORADO TIPO SATÍN ESCOTE V UVA;MPM00079771056-3;N03079ZS;18/03/2025 14:52:29;Flujo Same day BX;Mejia;Jennifer;;Av. Presidente Riesco 2963;204;;;LAS CONDES;REG.METROPOLITANA;CL;Mejia;Jennifer;;Av. Presidente Riesco 2963;;;;LAS CONDES;REG.METROPOLITANA;CL;21990;0;3980;0;25970;0;CLP
000000514115;23362907201SEL-A;18/03/2025 15:00:24;Cerrado;24990;0;24990;4498;0.0000;20492;1;PANTALÓN MUJER NICOPOLY ROJO PINZAS TIRO ALTO;MPM10001752477-4;N04120DL-5;18/03/2025 15:00:25;4d_Retiro Tienda Ripley Plaza Egaña;Tizamo;Valeria;CL;"Larrain 5800 ";0;;0;NUNOA;REG.METROPOLITANA;CL;Tizamo;Valeria;;"Larrain 5800 ";"Larrain 5800 ";;0;NUNOA;REG.METROPOLITANA;CL;24990;0;0;0;24990;0;CLP
000000514115;23396883901-A;18/03/2025 16:56:58;Cerrado;17990;0;17990;3238;0.0000;14752;1;VESTIDO MUJER NICOPOLY BLANCO DE PUNTO TRENZADO;MPM10001465315-3;N04188AL;18/03/2025 16:56:59;Flujo Crossdock- Ripley PAQ;Olivares;Margarita Emilia;;Esmeralda valle hermoso  352;S/N;;;LA LIGUA;V REGION;CL;Olivares;Margarita Emilia;;Esmeralda valle hermoso  352;;;;LA LIGUA;V REGION;CL;17990;0;0;0;17990;0;CLP
000000514115;23396918301-A;18/03/2025 17:18:39;Cerrado;25090;990;26080;4516;0.0000;20574;1;BLUSA BOLSILLOS CARGO KHAKI NICOPOLY;MPM10001916755-3;N05072LM;18/03/2025 17:18:40;4d_Retiro Tienda Ripley Florida Center;Navarro Arias;Ana;;"Vicuña Mackenna Oriente 6100, La Florida ";3er Piso. Modulo Retiro en Tienda;;;LA FLORIDA;REG.METROPOLITANA;CL;Navarro Arias;Ana;;Pasje Volcan viedma.Villa Los Aromos 3796;;;;LA FLORIDA;REG.METROPOLITANA;CL;25090;0;990;0;26080;0;CLP
000000514115;23348938302OPL-A;18/03/2025 17:38:08;Cerrado;27990;0;27990;5038;0.0000;22952;1;ENTERITO MUJER NICOPOLY NEGRO BUSTIER ENCAJE;MPM10001919198-1;N05023BM;18/03/2025 17:38:09;Flujo Same day BX;Novoa;Ursula;CL;aracari  585;0;;0;MAIPU;REG.METROPOLITANA;CL;Novoa;Ursula;;aracari  585;aracari  585;;0;MAIPU;REG.METROPOLITANA;CL;27990;0;0;0;27990;0;CLP
000000514115;23397214401-A;18/03/2025 20:03:38;Cerrado;8980;165;9145;1616;0.0000;7364;1;CROP TOP JASPEADO ROSADO NICOPOLY;MPM10001849456-1;N05021HS;18/03/2025 20:03:40;4d_Retiro Tienda Ripley San Bernardo;"Valenzuela ";"Consuelo ";;"Av. Pdte. Jorge Alessandri Rodríguez 20040, San Bernardo ";2do Piso. Modulo Retiro en Tienda;;;SN.BERNARDO;REG.METROPOLITANA;CL;Valenzuela;Francisco;;Dario Soto  879;;;;SN.BERNARDO;REG.METROPOLITANA;CL;8980;0;165;0;9145;0;CLP
000000514115;23397214401-A;18/03/2025 20:03:38;Cerrado;8980;165;9145;1616;0.0000;7364;1;CROP TOP JASPEADO CELESTE NICOPOLY;MPM10001849443-1;N05021KS;18/03/2025 20:03:40;4d_Retiro Tienda Ripley San Bernardo;"Valenzuela ";"Consuelo ";;"Av. Pdte. Jorge Alessandri Rodríguez 20040, San Bernardo ";2do Piso. Modulo Retiro en Tienda;;;SN.BERNARDO;REG.METROPOLITANA;CL;Valenzuela;Francisco;;Dario Soto  879;;;;SN.BERNARDO;REG.METROPOLITANA;CL;8980;0;165;0;9145;0;CLP
000000514115;23397214401-A;18/03/2025 20:03:38;Cerrado;8980;165;9145;1616;0.0000;7364;1;CROP ENCAJE NEGRO NICOPOLY;MPM10001916739-3;N04032BS-5;18/03/2025 20:03:40;4d_Retiro Tienda Ripley San Bernardo;"Valenzuela ";"Consuelo ";;"Av. Pdte. Jorge Alessandri Rodríguez 20040, San Bernardo ";2do Piso. Modulo Retiro en Tienda;;;SN.BERNARDO;REG.METROPOLITANA;CL;Valenzuela;Francisco;;Dario Soto  879;;;;SN.BERNARDO;REG.METROPOLITANA;CL;8980;0;165;0;9145;0;CLP
000000514115;23397214401-A;18/03/2025 20:03:38;Cerrado;14290;165;14455;2572;0.0000;11718;1;PANTALÓN MUJER NICOPOLY CELESTE TIRO ALTO JASPEADO;MPM10001849482-3;N05022KS;18/03/2025 20:03:40;4d_Retiro Tienda Ripley San Bernardo;"Valenzuela ";"Consuelo ";;"Av. Pdte. Jorge Alessandri Rodríguez 20040, San Bernardo ";2do Piso. Modulo Retiro en Tienda;;;SN.BERNARDO;REG.METROPOLITANA;CL;Valenzuela;Francisco;;Dario Soto  879;;;;SN.BERNARDO;REG.METROPOLITANA;CL;14290;0;165;0;14455;0;CLP
000000514115;23397214401-A;18/03/2025 20:03:38;Cerrado;14290;165;14455;2572;0.0000;11718;1;PANTALÓN MUJER NICOPOLY BLANCO TIRO ALTO JASPEADO;MPM10001849485-1;N05022AS;18/03/2025 20:03:40;4d_Retiro Tienda Ripley San Bernardo;"Valenzuela ";"Consuelo ";;"Av. Pdte. Jorge Alessandri Rodríguez 20040, San Bernardo ";2do Piso. Modulo Retiro en Tienda;;;SN.BERNARDO;REG.METROPOLITANA;CL;Valenzuela;Francisco;;Dario Soto  879;;;;SN.BERNARDO;REG.METROPOLITANA;CL;14290;0;165;0;14455;0;CLP
000000514115;23397214401-A;18/03/2025 20:03:38;Cerrado;8980;165;9145;1616;0.0000;7364;1;CROP TOP JASPEADO BLANCO NICOPOLY;MPM10001849445-2;N05021AS;18/03/2025 20:03:40;4d_Retiro Tienda Ripley San Bernardo;"Valenzuela ";"Consuelo ";;"Av. Pdte. Jorge Alessandri Rodríguez 20040, San Bernardo ";2do Piso. Modulo Retiro en Tienda;;;SN.BERNARDO;REG.METROPOLITANA;CL;Valenzuela;Francisco;;Dario Soto  879;;;;SN.BERNARDO;REG.METROPOLITANA;CL;8980;0;165;0;9145;0;CLP
000000514115;23397224501-A;18/03/2025 20:05:30;Reembolsado;31990;0;31990;5758;0.0000;26232;1;CAMISA RAYAS CELESTE NICOPOLY;MPM10002146558-4;N05200CXL;18/03/2025 20:05:31;Flujo Crossdock- Ripley PAQ;Marin;Claudia;;AVENIDA ESTACION  01200;S/N;;;RANCAGUA;VI REGION;CL;Marin;Claudia;;AVENIDA ESTACION  01200;;;;RANCAGUA;VI REGION;CL;31990;0;0;0;31990;0;CLP
000000514115;23397461101-A;18/03/2025 22:01:34;Cerrado;13390;3990;17380;2410;0.0000;10980;1;VESTIDO CORTO MUJER NICOPOLY ROSADO CUELLO HALTER;MPM10001878077-2;N04063HL-5;18/03/2025 22:01:35;Flujo Same day BX;Navarro;Camila;;Sazie 2054;505;;;SANTIAGO;REG.METROPOLITANA;CL;Navarro;Camila;;Sazie 2054;;;;SANTIAGO;REG.METROPOLITANA;CL;13390;0;3990;0;17380;0;CLP
000000514115;23397942101-A;19/03/2025 08:53:12;Cerrado;16990;330;17320;3058;0.0000;13932;1;VESTIDO MUJER NICOPOLY ROJO TUBO CON STRASS;MPM10001849451-2;N05119DM;19/03/2025 08:53:14;5d_Retiro Tienda Ripley Chillán;Llanos;Marilyn Alejandra;;"5 de Abril 699 ";4to Piso. Centro de atención al Cliente;;;CHILLAN;VIII REGION;CL;Llanos;Marilyn Alejandra;;placilla 399;;;;CHILLAN;VIII REGION;CL;16990;0;330;0;17320;0;CLP
000000514115;23397942101-A;19/03/2025 08:53:12;Reembolsado;35980;330;36310;6476;0.0000;29504;2;VESTIDO MUJER NICOPOLY ROJO DE PUNTO TRENZADO;MPM10001465221-3;N04188DM;19/03/2025 08:53:14;5d_Retiro Tienda Ripley Chillán;Llanos;Marilyn Alejandra;;"5 de Abril 699 ";4to Piso. Centro de atención al Cliente;;;CHILLAN;VIII REGION;CL;Llanos;Marilyn Alejandra;;placilla 399;;;;CHILLAN;VIII REGION;CL;35980;0;330;0;36310;0;CLP
000000514115;23397942101-A;19/03/2025 08:53:12;Cerrado;14290;330;14620;2572;0.0000;11718;1;CÁRDIGAN PUNTO FINO CADENETAS ROJO NICOPOLY;MPM10001465230-1;N04254DL;19/03/2025 08:53:14;5d_Retiro Tienda Ripley Chillán;Llanos;Marilyn Alejandra;;"5 de Abril 699 ";4to Piso. Centro de atención al Cliente;;;CHILLAN;VIII REGION;CL;Llanos;Marilyn Alejandra;;placilla 399;;;;CHILLAN;VIII REGION;CL;14290;0;330;0;14620;0;CLP
000000514115;23398038601-A;19/03/2025 10:16:02;Cerrado;18990;990;19980;3418;0.0000;15572;1;VESTIDO ACANALADO MUJER NICOPOLY ROJO OFF THE SHOULDER;MPM10001710246-2;N05064DL;19/03/2025 10:16:04;4d_Retiro Tienda Ripley Alameda;"GUTIERREZ ROMERO ";"CINDY ";;"Av Libertador Bernardo O'Higgins 3470, Santiago ";3er Piso. Modulo Retiro en Tienda;;;EST.CENTRAL;REG.METROPOLITANA;CL;Romero;Ana;;navidad 2708;;;;EST.CENTRAL;REG.METROPOLITANA;CL;18990;0;990;0;19980;0;CLP
000000514115;23398146402-A;19/03/2025 11:21:54;Reembolsado;14290;990;15280;2572;0.0000;11718;1;PANTALÓN MUJER NICOPOLY CELESTE TIRO ALTO JASPEADO;MPM10001849482-1;N05022KM;19/03/2025 11:21:57;4d_Retiro Tienda Ripley Plaza Egaña;Alvarado;Nicole;;"Larrain 5800 ";" 3er Piso. Modulo Retiro en Tienda";;;NUNOA;REG.METROPOLITANA;CL;Alvarado;Nicole;;san juan bosco  4841;;;;NUNOA;REG.METROPOLITANA;CL;14290;0;990;0;15280;0;CLP
000000514115;23398346601-A;19/03/2025 12:56:08;Reembolsado;14290;990;15280;2572;0.0000;11718;1;PANTALÓN MUJER NICOPOLY CELESTE TIRO ALTO JASPEADO;MPM10001849482-3;N05022KS;19/03/2025 12:56:09;4d_Retiro Tienda Ripley Plaza Vespucio;Perez;Richard Eusebio;;"Av. Vicuña Mackenna Ote. 7110, La Florida ";3er Piso. Modulo Retiro en Tienda;;;LA FLORIDA;REG.METROPOLITANA;CL;Perez;Richard Eusebio;;Avenida Americo Vespucio 0875;;;;LA FLORIDA;REG.METROPOLITANA;CL;14290;0;990;0;15280;0;CLP
000000514115;23398433901-A;19/03/2025 13:53:05;Cerrado;21990;4990;26980;3958;0.0000;18032;1;ENTERITO MUJER NICOPOLY NEGRO TIPO SATÍN ESCOTE V;MPM00081462572-3;N03079BS;19/03/2025 13:53:06;Flujo Crossdock- Ripley PAQ;Henriquez;Aracely;;Pasaje Uno 254;S/N;;;CONCEPCION;VIII REGION;CL;Henriquez;Aracely;;Pasaje Uno 254;;;;CONCEPCION;VIII REGION;CL;21990;0;4990;0;26980;0;CLP
000000514115;23399129201-A;19/03/2025 20:45:09;Reembolsado;49990;3845;53835;8998;0.0000;40992;1;CHAQUETA CUELLO MAO NEGRO NICOPOLY;MPM10002617347-1;N02106BL-6;19/03/2025 20:45:10;Flujo Crossdock- Ripley PAQ;Meza;"Mara ";;Ignacio carrera pinto la copa Colina 252;Casa;;;COLINA;REG.METROPOLITANA;CL;Meza;"Mara ";;Ignacio carrera pinto la copa Colina 252;;;;COLINA;REG.METROPOLITANA;CL;49990;0;3845;0;53835;0;CLP
000000514115;23399129201-A;19/03/2025 20:45:09;Reembolsado;32990;3845;36835;5938;0.0000;27052;1;CAMISA BÁSICA ALGODÓN BLANCO NICOPOLY;MPM10002128956-2;N05285AS;19/03/2025 20:45:10;Flujo Crossdock- Ripley PAQ;Meza;"Mara ";;Ignacio carrera pinto la copa Colina 252;Casa;;;COLINA;REG.METROPOLITANA;CL;Meza;"Mara ";;Ignacio carrera pinto la copa Colina 252;;;;COLINA;REG.METROPOLITANA;CL;32990;0;3845;0;36835;0;CLP
000000514115;23399191801-A;19/03/2025 21:14:15;Cerrado;8980;0;8980;1616;0.0000;7364;1;CROP TOP JASPEADO BLANCO NICOPOLY;MPM10001849445-2;N05021AS;19/03/2025 21:14:16;Flujo Same day BX;Aldunate;Tania;;Jose Miguel Carrera 321;1301;;;SANTIAGO;REG.METROPOLITANA;CL;Aldunate;Tania;;Jose Miguel Carrera 321;;;;SANTIAGO;REG.METROPOLITANA;CL;8980;0;0;0;8980;0;CLP
000000514115;23399369301-A;19/03/2025 22:32:04;Reembolsado;49990;0;49990;8998;0.0000;40992;1;FULFILLMENT-BLAZER LARGO CUELLO CRUZADO MORADO NICOPOLY;MPM10002146363-1;N05299ZM-FF;19/03/2025 22:32:05;FF_MATRIX;Baez;Claudia;;Avenida Luis Thayer Ojeda  558;21;;;PROVIDENCIA;REG.METROPOLITANA;CL;Baez;Claudia;;Avenida Luis Thayer Ojeda  558;;;;PROVIDENCIA;REG.METROPOLITANA;CL;49990;0;0;0;49990;0;CLP
000000514115;23399394801-A;19/03/2025 22:41:42;Cerrado;14290;3990;18280;2572;0.0000;11718;1;PANTALÓN MUJER NICOPOLY ROSADO TIRO ALTO JASPEADO;MPM10001849483-1;N05022HM;19/03/2025 22:41:44;Flujo Same day BX;Hidalgo;Maria;;Salta 1851;Casa;;;QTA. NORMAL;REG.METROPOLITANA;CL;Hidalgo;Maria;;Salta 1851;;;;QTA. NORMAL;REG.METROPOLITANA;CL;14290;0;3990;0;18280;0;CLP
000000514115;23399410701-A;19/03/2025 22:49:41;Cerrado;18790;3990;22780;3382;0.0000;15408;1;PANTALÓN MUJER NICOPOLY BLANCO TIPO SATÍN;MPM10001916754-3;N05018AM;19/03/2025 22:49:43;Flujo Same day BX;Hidalgo;Maria;;Salta 1851;Casa;;;QTA. NORMAL;REG.METROPOLITANA;CL;Hidalgo;Maria;;Salta 1851;;;;QTA. NORMAL;REG.METROPOLITANA;CL;18790;0;3990;0;22780;0;CLP
000000514115;23399549901-A;19/03/2025 23:59:49;Reembolsado;23290;8990;32280;4192;0.0000;19098;1;VESTIDO MUJER NICOPOLY BLANCO STRAPLESS Y ESCOTE V;MPM10001856335-1;N05011AXL;19/03/2025 23:59:51;Flujo Crossdock- Ripley PAQ;Guerrero;Alejandra;;Avda Juan Pablo II  vista cordillera  61;Casa;;;LOS ANDES;V REGION;CL;Guerrero;Alejandra;;Avda Juan Pablo II  vista cordillera  61;;;;LOS ANDES;V REGION;CL;23290;0;8990;0;32280;0;CLP
000000514115;23399787301-A;20/03/2025 09:52:19;Cerrado;19990;990;20980;3598;0.0000;16392;1;VESTIDO MIDI MUJER NICOPOLY ROJO ACANALADO;MPM10001437622-3;N04224DM;20/03/2025 09:52:20;10d_Retiro Tienda Ripley Portal Temuco;Salazar Pino;Jeritza;;"Avenida Alemania 0671 ";3er Piso, Modulo Retiro en Tienda;;;TEMUCO;IX REGION;CL;Salazar Pino;Jeritza;;panama 0110;;;;TEMUCO;IX REGION;CL;19990;0;990;0;20980;0;CLP
000000514115;23399928501-A;20/03/2025 11:24:51;Cerrado;25090;0;25090;4516;0.0000;20574;1;ENTERITO MUJER NICOPOLY NEGRO BUSTIER ENCAJE;MPM10001919198-1;N05023BM;20/03/2025 11:24:52;4d_Retiro Tienda Ripley Crillon;"Gonzalez Marin ";Maria Paz;;"Agustinas #1025 ";Piso -1. Modulo Retiro en Tienda;;;SANTIAGO;REG.METROPOLITANA;CL;"Gonzalez Marin ";Maria Paz;;pasaje confraternidad  5122;;;;SANTIAGO;REG.METROPOLITANA;CL;25090;0;0;0;25090;0;CLP
000000514115;23399928501-A;20/03/2025 11:24:51;Cerrado;28690;0;28690;5164;0.0000;23526;1;BLAZER BOLSILLOS Y BOTÓN  NEGRO NICOPOLY;MPM10001752517-1;N04260BM-5;20/03/2025 11:24:52;4d_Retiro Tienda Ripley Crillon;"Gonzalez Marin ";Maria Paz;;"Agustinas #1025 ";Piso -1. Modulo Retiro en Tienda;;;SANTIAGO;REG.METROPOLITANA;CL;"Gonzalez Marin ";Maria Paz;;pasaje confraternidad  5122;;;;SANTIAGO;REG.METROPOLITANA;CL;28690;0;0;0;28690;0;CLP
000000514115;23399928501-A;20/03/2025 11:24:51;Cerrado;18790;0;18790;3382;0.0000;15408;1;PANTALÓN MUJER NICOPOLY NEGRO TIRO ALTO BÁSICO;MPM10001752482-2;N10373BS-5;20/03/2025 11:24:52;4d_Retiro Tienda Ripley Crillon;"Gonzalez Marin ";Maria Paz;;"Agustinas #1025 ";Piso -1. Modulo Retiro en Tienda;;;SANTIAGO;REG.METROPOLITANA;CL;"Gonzalez Marin ";Maria Paz;;pasaje confraternidad  5122;;;;SANTIAGO;REG.METROPOLITANA;CL;18790;0;0;0;18790;0;CLP
000000514115;23399928501-A;20/03/2025 11:24:51;Cerrado;35890;0;35890;6460;0.0000;29430;1;BLAZER CRUZADO PIED DE POULE BLANCO/NEGRO NICOPOLY;MPM10001465238-3;N04156BM;20/03/2025 11:24:52;4d_Retiro Tienda Ripley Crillon;"Gonzalez Marin ";Maria Paz;;"Agustinas #1025 ";Piso -1. Modulo Retiro en Tienda;;;SANTIAGO;REG.METROPOLITANA;CL;"Gonzalez Marin ";Maria Paz;;pasaje confraternidad  5122;;;;SANTIAGO;REG.METROPOLITANA;CL;35890;0;0;0;35890;0;CLP
000000514115;23399950901-A;20/03/2025 11:36:18;Cerrado;49980;0;49980;8996;0.0000;40984;2;BLUSA CON LAZO DESMONTABLE ROJO NICOPOLY;MPM10001752438-3;N04270DS-5;20/03/2025 11:36:20;4d_Retiro Tienda Ripley Costanera Center;Navia Vera;Ruth Elizabeth;;"Avenida Andrés Bello 2422 ";" 1er Piso. Modulo Retiro en Tienda";;;PROVIDENCIA;REG.METROPOLITANA;CL;Navia Vera;Ruth Elizabeth;;monte altay 0330;;;;PROVIDENCIA;REG.METROPOLITANA;CL;49980;0;0;0;49980;0;CLP
000000514115;23399950901-A;20/03/2025 11:36:18;Cerrado;24990;0;24990;4498;0.0000;20492;1;BLUSA CON LAZO DESMONTABLE ROJO NICOPOLY;MPM10001752438-1;N04270DM-5;20/03/2025 11:36:20;4d_Retiro Tienda Ripley Costanera Center;Navia Vera;Ruth Elizabeth;;"Avenida Andrés Bello 2422 ";" 1er Piso. Modulo Retiro en Tienda";;;PROVIDENCIA;REG.METROPOLITANA;CL;Navia Vera;Ruth Elizabeth;;monte altay 0330;;;;PROVIDENCIA;REG.METROPOLITANA;CL;24990;0;0;0;24990;0;CLP
000000514115;23400352701-A;20/03/2025 15:47:29;Cerrado;13390;330;13720;2410;0.0000;10980;1;BODY ESCOTE ENCAJE ROJO NICOPOLY;MPM10001878084-1;N02151DS-5;20/03/2025 15:47:31;4d_Retiro Tienda Ripley Plaza Oeste;Barrios;Sandra Del Carmen;;"Américo Vespucio 1501 ";" 3er Piso. Modulo Retiro en Tienda";;;CERRILLOS;REG.METROPOLITANA;CL;Barrios;Sandra Del Carmen;;Calle Salas  8973;;;;CERRILLOS;REG.METROPOLITANA;CL;13390;0;330;0;13720;0;CLP
000000514115;23400352701-A;20/03/2025 15:47:29;Cerrado;15190;330;15520;2734;0.0000;12456;1;VESTIDO CORTO MUJER NICOPOLY BLANCO ABERTURAS MANGAS;MPM10001849478-3;N02336AS-5;20/03/2025 15:47:31;4d_Retiro Tienda Ripley Plaza Oeste;Barrios;Sandra Del Carmen;;"Américo Vespucio 1501 ";" 3er Piso. Modulo Retiro en Tienda";;;CERRILLOS;REG.METROPOLITANA;CL;Barrios;Sandra Del Carmen;;Calle Salas  8973;;;;CERRILLOS;REG.METROPOLITANA;CL;15190;0;330;0;15520;0;CLP
000000514115;23400352701-A;20/03/2025 15:47:29;Cerrado;9990;330;10320;1798;0.0000;8192;1;BODY TEXTURIZADO ACANALADO GRIS NICOPOLY;MPM10001713170-2;N05003IS;20/03/2025 15:47:31;4d_Retiro Tienda Ripley Plaza Oeste;Barrios;Sandra Del Carmen;;"Américo Vespucio 1501 ";" 3er Piso. Modulo Retiro en Tienda";;;CERRILLOS;REG.METROPOLITANA;CL;Barrios;Sandra Del Carmen;;Calle Salas  8973;;;;CERRILLOS;REG.METROPOLITANA;CL;9990;0;330;0;10320;0;CLP
000000514115;23400750701-A;20/03/2025 20:02:28;Cerrado;8980;3990;12970;1616;0.0000;7364;1;CROP TOP JASPEADO CELESTE NICOPOLY;MPM10001849443-3;N05021KM;20/03/2025 20:02:30;Flujo Same day BX;Hidalgo;Maria;;Salta 1851;Casa;;;QTA. NORMAL;REG.METROPOLITANA;CL;Hidalgo;Maria;;Salta 1851;;;;QTA. NORMAL;REG.METROPOLITANA;CL;8980;0;3990;0;12970;0;CLP
000000514115;23400846901-A;20/03/2025 20:59:53;Cerrado;13390;495;13885;2410;0.0000;10980;1;BODY ESCOTE ENCAJE BLANCO NICOPOLY;MPM10001878089-2;N02151AS-5;20/03/2025 20:59:56;4d_Retiro Tienda Ripley Florida Center;Villegas;Tamara;;"Vicuña Mackenna Oriente 6100, La Florida ";3er Piso. Modulo Retiro en Tienda;;;LA FLORIDA;REG.METROPOLITANA;CL;Villegas;Tamara;;Vicuna Mackenna Poniente 6491;;;;LA FLORIDA;REG.METROPOLITANA;CL;13390;0;495;0;13885;0;CLP
000000514115;23400846901-A;20/03/2025 20:59:53;Cerrado;13390;495;13885;2410;0.0000;10980;1;BODY ESCOTE ENCAJE ROJO NICOPOLY;MPM10001878084-2;N02151DM-5;20/03/2025 20:59:56;4d_Retiro Tienda Ripley Florida Center;Villegas;Tamara;;"Vicuña Mackenna Oriente 6100, La Florida ";3er Piso. Modulo Retiro en Tienda;;;LA FLORIDA;REG.METROPOLITANA;CL;Villegas;Tamara;;Vicuna Mackenna Poniente 6491;;;;LA FLORIDA;REG.METROPOLITANA;CL;13390;0;495;0;13885;0;CLP
000000514115;23400914601-A;20/03/2025 21:35:42;Cerrado;25990;495;26485;4678;0.0000;21312;1;SWEATER MANGA RAGLÁN BLANCO INVIERNO NICOPOLY;MPM10002635846-2;N05253AS;20/03/2025 21:35:44;8d_Retiro Tienda Ripley Puerto Montt;Peña;Manuel;;"Urmeneta 595, Puerto Montt ";4to Piso. Servicio al Cliente;;;PTO.MONTT;X REGION;CL;Rosas;Cristóbal;;Ejercito 30;;;;PTO.MONTT;X REGION;CL;25990;0;495;0;26485;0;CLP
000000514115;23400914601-A;20/03/2025 21:35:42;Cerrado;17890;495;18385;3220;0.0000;14670;1;BLUSA CUELLO MAO TIPO SATÍN VERDE OSCURO NICOPOLY;MPM10001465179-3;N04264EM;20/03/2025 21:35:44;8d_Retiro Tienda Ripley Puerto Montt;Peña;Manuel;;"Urmeneta 595, Puerto Montt ";4to Piso. Servicio al Cliente;;;PTO.MONTT;X REGION;CL;Rosas;Cristóbal;;Ejercito 30;;;;PTO.MONTT;X REGION;CL;17890;0;495;0;18385;0;CLP
000000514115;23400908701-A;20/03/2025 21:35:47;Reembolsado;9990;3990;13980;1798;0.0000;8192;1;BODY ESCOTE DRAPEADO LENTEJUELAS BURDEO NICOPOLY;MPM10001916741-3;N05014TM;20/03/2025 21:35:48;Flujo Same day BX;Labrana;Paula;;Card Antonio Samoré 10068;Casa;;;LA GRANJA;REG.METROPOLITANA;CL;Labrana;Paula;;Card Antonio Samoré 10068;;;;LA GRANJA;REG.METROPOLITANA;CL;9990;0;3990;0;13980;0;CLP
000000514115;23400931301-A;20/03/2025 21:44:39;Cerrado;19990;3980;23970;3598;0.0000;16392;1;MINI FALDA LEOPARDO CAFÉ NICOPOLY;MPM10002146549-3;N05309UM;20/03/2025 21:44:41;Flujo Same day BX;Astudillo Fuentes;Rita Magdalena;;Colombia 7664;601;;;LA FLORIDA;REG.METROPOLITANA;CL;Astudillo Fuentes;Rita Magdalena;;Colombia 7664;;;;LA FLORIDA;REG.METROPOLITANA;CL;19990;0;3980;0;23970;0;CLP
000000514115;23400938701-A;20/03/2025 21:46:07;Cerrado;14290;495;14785;2572;0.0000;11718;1;PANTALÓN MUJER NICOPOLY ROSADO TIRO ALTO JASPEADO;MPM10001849483-1;N05022HM;20/03/2025 21:46:08;5d_Retiro Tienda Ripley Chillán;Seguel;Pia;;"5 de Abril 699 ";4to Piso. Centro de atención al Cliente;;;CHILLAN;VIII REGION;CL;Seguel;Pia;;museo san francisco 3271;;;;CHILLAN;VIII REGION;CL;14290;0;495;0;14785;0;CLP
000000514115;23400938701-A;20/03/2025 21:46:07;Cerrado;8980;495;9475;1616;0.0000;7364;1;CROP TOP JASPEADO ROSADO NICOPOLY;MPM10001849456-3;N05021HL;20/03/2025 21:46:08;5d_Retiro Tienda Ripley Chillán;Seguel;Pia;;"5 de Abril 699 ";4to Piso. Centro de atención al Cliente;;;CHILLAN;VIII REGION;CL;Seguel;Pia;;museo san francisco 3271;;;;CHILLAN;VIII REGION;CL;8980;0;495;0;9475;0;CLP
000000514115;23401103701-A;20/03/2025 23:07:14;Reembolsado;18990;0;18990;3418;0.0000;15572;1;PANTALÓN MUJER NICOPOLY BURDEO RECTO COSTURA FRONTAL;MPM10001713143-2;N04301DS-5;20/03/2025 23:07:15;5d_Retiro Tienda Ripley Valparaíso;Buzeta;Pablo;;"Plaza Victoria 1646 ";" 4to Piso. Servicio al Cliente";;;VALPARAISO;V REGION;CL;Olivares;Francisca;;Cardenal Samore  2171;;;;VALPARAISO;V REGION;CL;18990;0;0;0;18990;0;CLP
000000514115;23401109201-A;20/03/2025 23:12:20;Cerrado;24990;3980;28970;4498;0.0000;20492;1;BLUSA CON LAZO DESMONTABLE ROJO NICOPOLY;MPM10001752438-3;N04270DS-5;20/03/2025 23:12:22;Flujo Same day BX;Curapil;Ingrid;;Lo marcoleta 0467;Casa;;;QUILICURA;REG.METROPOLITANA;CL;Curapil;Ingrid;;Lo marcoleta 0467;;;;QUILICURA;REG.METROPOLITANA;CL;24990;0;3980;0;28970;0;CLP
000000514115;23401161201-A;20/03/2025 23:36:17;Cerrado;16990;990;17980;3058;0.0000;13932;1;VESTIDO MUJER NICOPOLY NEGRO TUBO CON STRASS;MPM10001849460-3;N05119BM;20/03/2025 23:36:19;4d_Retiro Tienda Ripley Arauco Maipu;"Antillanca ";Eduardo;;"Av. Americo Vespucio 399 ";" 2do Piso. Modulo Retiro en Tienda";;;MAIPU;REG.METROPOLITANA;CL;Perez;Patricia;;Avenida José Manuel Guzmán Riesco  1280;;;;MAIPU;REG.METROPOLITANA;CL;16990;0;990;0;17980;0;CLP
000000514115;23401183601-A;20/03/2025 23:52:14;Cerrado;14290;990;15280;2572;0.0000;11718;1;BLUSA ESCOTE V SIN MANGAS ROJO NICOPOLY;MPM10001919210-3;N05136DM;20/03/2025 23:52:15;4d_Retiro Tienda Ripley Parque Arauco;Torres;Sandra;;"Avenida Kennedy 5413 ";4to Piso. Modulo Retiro en Tienda;;;LAS CONDES;REG.METROPOLITANA;CL;Torres;Sandra;;Departamental antiguo 2526;;;;LAS CONDES;REG.METROPOLITANA;CL;14290;0;990;0;15280;0;CLP
000000514115;23401542801-A;21/03/2025 11:12:32;Cerrado;14290;990;15280;2572;0.0000;11718;1;PANTALÓN MUJER NICOPOLY BLANCO TIRO ALTO JASPEADO;MPM10001849485-1;N05022AS;21/03/2025 11:12:33;4d_Retiro Tienda Ripley Costanera Center;Olave;Camila;;"Avenida Andrés Bello 2422 ";" 1er Piso. Modulo Retiro en Tienda";;;PROVIDENCIA;REG.METROPOLITANA;CL;Olave;Camila;;gran avenida jose miguel carrera 10157;;;;PROVIDENCIA;REG.METROPOLITANA;CL;14290;0;990;0;15280;0;CLP
000000514115;23401650001-A;21/03/2025 12:26:15;Cerrado;15190;0;15190;2734;0.0000;12456;1;CÁRDIGAN CORTO BOTONES MAGENTA NICOPOLY;MPM00044384794-1;N02288SL;21/03/2025 12:26:17;5d_Retiro Tienda Ripley Los Ángeles;Lopez;Waldo;;"Valdivia 440, Los Angeles ";" 3er Piso. Servicio al Cliente";;;LOS ANGELES;VIII REGION;CL;Lopez;Waldo;;Licanlebo 1025;;;;LOS ANGELES;VIII REGION;CL;15190;0;0;0;15190;0;CLP
000000514115;23401940801-A;21/03/2025 16:07:33;Cerrado;14990;990;15980;2698;0.0000;12292;1;BODY HALTER TIPO SATÍN NEGRO NICOPOLY;MPM10001878231-1;N05047BS;21/03/2025 16:07:34;10d_Retiro Tienda Ripley San Fernando;Peña;Catalina;;"Bernardo Ohiggins 701 ";" 3er Piso. Modulo Retiro en Tienda";;;SAN FERNANDO;VI REGION;CL;Peña;Catalina;;Poblacion Lautaro pasaje 8 456;;;;SAN FERNANDO;VI REGION;CL;14990;0;990;0;15980;0;CLP
000000514115;23402289002-A;21/03/2025 20:07:24;Reembolsado;49990;0;49990;8998;0.0000;40992;1;FULFILLMENT-BLAZER LARGO CUELLO CRUZADO VERDE OSCURO NICOPOLY;MPM10002146366-4;N05299ES-FF;21/03/2025 20:07:25;FF_MATRIX;Albanez;Lorena;;Ricardo Matte Perez  431;204;;;PROVIDENCIA;REG.METROPOLITANA;CL;Albanez;Lorena;;Ricardo Matte Perez  431;;;;PROVIDENCIA;REG.METROPOLITANA;CL;49990;0;0;0;49990;0;CLP
000000514115;23402296201-A;21/03/2025 20:10:57;Cerrado;49990;3845;53835;8998;0.0000;40992;1;CHAQUETA CUELLO MAO NEGRO NICOPOLY;MPM10002617347-4;N02106BXL-6;21/03/2025 20:10:59;Flujo Crossdock- Ripley PAQ;Meza;"Mara ";;Ignacio carrera pinto la copa Colina 252;Casa;;;COLINA;REG.METROPOLITANA;CL;Meza;"Mara ";;Ignacio carrera pinto la copa Colina 252;;;;COLINA;REG.METROPOLITANA;CL;49990;0;3845;0;53835;0;CLP
000000514115;23402296201-A;21/03/2025 20:10:57;Cerrado;39990;3845;43835;7198;0.0000;32792;1;CAMISA PLIEGUES CINTURA ROJO NICOPOLY;MPM10002160478-4;N05267DL;21/03/2025 20:10:59;Flujo Crossdock- Ripley PAQ;Meza;"Mara ";;Ignacio carrera pinto la copa Colina 252;Casa;;;COLINA;REG.METROPOLITANA;CL;Meza;"Mara ";;Ignacio carrera pinto la copa Colina 252;;;;COLINA;REG.METROPOLITANA;CL;39990;0;3845;0;43835;0;CLP
000000514115;23402440101-A;21/03/2025 21:51:56;Cerrado;49990;0;49990;8998;0.0000;40992;1;FULFILLMENT-BLAZER LARGO CUELLO CRUZADO VERDE OSCURO NICOPOLY;MPM10002146366-3;N05299EM-FF;21/03/2025 21:51:57;FF_MATRIX;Varela Rojas;Maritza;;37 oriente 9 y media norte 1994;Casa;;;TALCA;VII REGION;CL;Varela Rojas;Maritza;;37 oriente 9 y media norte 1994;;;;TALCA;VII REGION;CL;49990;0;0;0;49990;0;CLP
000000514115;23403110701-A;22/03/2025 13:32:00;Cerrado;25090;495;25585;4516;0.0000;20574;1;ENTERITO MUJER NICOPOLY NEGRO BUSTIER ENCAJE;MPM10001919198-1;N05023BM;22/03/2025 13:32:01;4d_Retiro Tienda Ripley Arauco Maipu;Osses;Daniela;;"Av. Americo Vespucio 399 ";" 2do Piso. Modulo Retiro en Tienda";;;MAIPU;REG.METROPOLITANA;CL;Osses;Daniela;;TITAN 4900;;;;MAIPU;REG.METROPOLITANA;CL;25090;0;495;0;25585;0;CLP
000000514115;23403110701-A;22/03/2025 13:32:00;Cerrado;16990;495;17485;3058;0.0000;13932;1;VESTIDO ACANALADO MUJER NICOPOLY NEGRO OFF THE SHOULDER;MPM10001710244-3;N05064BL;22/03/2025 13:32:01;4d_Retiro Tienda Ripley Arauco Maipu;Osses;Daniela;;"Av. Americo Vespucio 399 ";" 2do Piso. Modulo Retiro en Tienda";;;MAIPU;REG.METROPOLITANA;CL;Osses;Daniela;;TITAN 4900;;;;MAIPU;REG.METROPOLITANA;CL;16990;0;495;0;17485;0;CLP
000000514115;23403278601-A;22/03/2025 15:31:18;Cerrado;49990;0;49990;8998;0.0000;40992;1;FULFILLMENT-BLAZER LARGO CUELLO CRUZADO MORADO NICOPOLY;MPM10002146363-4;N05299ZL-FF;22/03/2025 15:31:19;FF_MATRIX;Baez;Claudia;;Avenida Luis Thayer Ojeda  558;21;;;PROVIDENCIA;REG.METROPOLITANA;CL;Baez;Claudia;;Avenida Luis Thayer Ojeda  558;;;;PROVIDENCIA;REG.METROPOLITANA;CL;49990;0;0;0;49990;0;CLP
000000514115;23403456101-A;22/03/2025 17:18:01;Cerrado;8980;0;8980;1616;0.0000;7364;1;CHALECO PIED DE POULE CAFÉ NICOPOLY;MPM00044384970-3;N02219UM;22/03/2025 17:18:02;Flujo Crossdock- Ripley PAQ;"Gonzlez ";"Paola ";;Calle Pablo Maratt cerro el litre  4;4;;;VALPARAISO;V REGION;CL;"Gonzlez ";"Paola ";;Calle Pablo Maratt cerro el litre  4;;;;VALPARAISO;V REGION;CL;8980;0;0;0;8980;0;CLP
000000514115;23403613901-A;22/03/2025 18:52:34;Cerrado;57380;1379;58759;10328;0.0000;47052;2;BLAZER BOLSILLOS Y BOTÓN ROJO NICOPOLY;MPM10001752521-3;N04260DM-5;22/03/2025 18:52:36;Flujo Same day BX;Serrano;Karina;;Antonio Varas 1485;402;;;PROVIDENCIA;REG.METROPOLITANA;CL;Serrano;Karina;;Antonio Varas 1485;;;;PROVIDENCIA;REG.METROPOLITANA;CL;57380;0;1379;0;58759;0;CLP
000000514115;23403613801-A;22/03/2025 18:52:41;Cerrado;54990;11990;66980;9898;0.0000;45092;1;BOMBER ECOCUERO NEGRO NICOPOLY;MPM10002635840-1;N05153BS;22/03/2025 18:52:42;Flujo Crossdock- Ripley PAQ;"Acua ";Denisse;;Pasaje San Pedro  112;Casa;;;LONQUIMAY;IX REGION;CL;"Acua ";Denisse;;Pasaje San Pedro  112;;;;LONQUIMAY;IX REGION;CL;54990;0;11990;0;66980;0;CLP
000000514115;23403863401-A;22/03/2025 21:28:53;Cerrado;11990;990;12980;2158;0.0000;9832;1;CHALECO CUELLO V OVERSIZE ROSA NICOPOLY;MPM00040172304-1;N02088HS;22/03/2025 21:28:55;4d_Retiro Tienda Ripley Tobalaba;Morales Arriagada;Nathalie;;"Av. Camilo Henríquez 3296, Puente Alto ";2do Piso. Modulo Retiro en Tienda;;;PUENTE ALTO;REG.METROPOLITANA;CL;Morales Arriagada;Nathalie;;Pasaje Cuatro 767;;;;PUENTE ALTO;REG.METROPOLITANA;CL;11990;0;990;0;12980;0;CLP
000000514115;23404161301-A;23/03/2025 00:48:06;Cerrado;14990;3990;18980;2698;0.0000;12292;1;BODY HALTER TIPO SATÍN BURDEO NICOPOLY;MPM10001878232-1;N05047TM;23/03/2025 00:48:08;Flujo Same day BX;Catalan;Veronica;;cerro colorado 5030;of802;;;LAS CONDES;REG.METROPOLITANA;CL;Catalan;Veronica;;cerro colorado 5030;;;;LAS CONDES;REG.METROPOLITANA;CL;14990;0;3990;0;18980;0;CLP
000000514115;23404231501-A;23/03/2025 04:31:10;Cerrado;34990;0;34990;6298;0.0000;28692;1;FULFILLMENT-PANTALÓN PIERNA ANCHA CON PASADOR MORADO NICOPOLY;MPM10002146392-3;N05298ZXL-FF;23/03/2025 04:31:14;FF_MATRIX;Anza;Noelia;;Manuel Antonio tocornal 343;213;;;SANTIAGO;REG.METROPOLITANA;CL;Anza;Noelia;;Manuel Antonio tocornal 343;;;;SANTIAGO;REG.METROPOLITANA;CL;34990;0;0;0;34990;0;CLP
000000514115;23404232401-A;23/03/2025 04:48:06;Cerrado;28990;0;28990;5218;0.0000;23772;1;FULFILLMENT-GILET ESPALDA AJUSTABLE ROJO NICOPOLY;MPM10002146385-3;N04273DM-6-FF;23/03/2025 04:48:08;FF_MATRIX;Acevedo;Evelyn;;Grecia 2134;Casa;;;MELIPILLA;REG.METROPOLITANA;CL;Acevedo;Evelyn;;Grecia 2134;;;;MELIPILLA;REG.METROPOLITANA;CL;28990;0;0;0;28990;0;CLP
000000514115;23404309101-A;23/03/2025 10:09:10;Cerrado;15190;0;15190;2734;0.0000;12456;1;VESTIDO CORTO MUJER NICOPOLY NEGRO ABERTURAS MANGAS;MPM10001849481-1;N02336BM-5;23/03/2025 10:09:12;Flujo Same day BX;Labbe;Fanny;;Ingeniero Budge 858;S/N;;;SAN MIGUEL;REG.METROPOLITANA;CL;Labbe;Fanny;;Ingeniero Budge 858;;;;SAN MIGUEL;REG.METROPOLITANA;CL;15190;0;0;0;15190;0;CLP
000000514115;23404364901-A;23/03/2025 11:06:41;Cerrado;39990;663;40653;7198;0.0000;32792;1;BLAZER LARGO MANGA DRAPEADA KHAKI NICOPOLY;MPM10001465243-1;N04262LL;23/03/2025 11:06:44;Flujo Crossdock- Ripley PAQ;Torres;"Alejandra ";;Pto Aysen 1254;S/N;;;RANCAGUA;VI REGION;CL;Torres;"Alejandra ";;Pto Aysen 1254;;;;RANCAGUA;VI REGION;CL;39990;0;663;0;40653;0;CLP
000000514115;23404364901-A;23/03/2025 11:06:41;Cerrado;29990;663;30653;5398;0.0000;24592;1;SWEATER DISEÑO ROMBOS MAGENTA NICOPOLY;MPM10002160508-1;N05213ZL;23/03/2025 11:06:44;Flujo Crossdock- Ripley PAQ;Torres;"Alejandra ";;Pto Aysen 1254;S/N;;;RANCAGUA;VI REGION;CL;Torres;"Alejandra ";;Pto Aysen 1254;;;;RANCAGUA;VI REGION;CL;29990;0;663;0;30653;0;CLP
000000514115;23404364901-A;23/03/2025 11:06:41;Cerrado;26240;663;26903;4723;0.0000;21517;1;CALZA MUJER NICOPOLY NEGRO CIERRES DECORATIVOS;MPM10001710252-2;N05049BL;23/03/2025 11:06:44;Flujo Crossdock- Ripley PAQ;Torres;"Alejandra ";;Pto Aysen 1254;S/N;;;RANCAGUA;VI REGION;CL;Torres;"Alejandra ";;Pto Aysen 1254;;;;RANCAGUA;VI REGION;CL;26240;0;663;0;26903;0;CLP
000000514115;23404425401-A;23/03/2025 11:51:37;Reembolsado;16990;248;17238;3058;0.0000;13932;1;VESTIDO CORTO MUJER NICOPOLY ROJO ABERTURAS MANGAS;MPM10001849479-3;N02336DS-5;23/03/2025 11:51:39;4d_Retiro Tienda Ripley Los Dominicos;Alberto;Silvana;;"Padre Hurtado Sur 875 ";1er Piso. Servicio al Cliente;;;LAS CONDES;REG.METROPOLITANA;CL;Alberto;Silvana;;Oscar castro 1335;;;;LAS CONDES;REG.METROPOLITANA;CL;16990;0;248;0;17238;0;CLP
000000514115;23404425401-A;23/03/2025 11:51:37;Reembolsado;16990;248;17238;3058;0.0000;13932;1;VESTIDO MUJER NICOPOLY NEGRO HALTER LAZO DECORATIVO;MPM10001465227-1;N04267BS;23/03/2025 11:51:39;4d_Retiro Tienda Ripley Los Dominicos;Alberto;Silvana;;"Padre Hurtado Sur 875 ";1er Piso. Servicio al Cliente;;;LAS CONDES;REG.METROPOLITANA;CL;Alberto;Silvana;;Oscar castro 1335;;;;LAS CONDES;REG.METROPOLITANA;CL;16990;0;248;0;17238;0;CLP
000000514115;23404425401-A;23/03/2025 11:51:37;Reembolsado;39990;248;40238;7198;0.0000;32792;1;VESTIDO CORTO SIN MANGAS ROJO NICOPOLY;MPM10002122137-3;N05258DS;23/03/2025 11:51:39;4d_Retiro Tienda Ripley Los Dominicos;Alberto;Silvana;;"Padre Hurtado Sur 875 ";1er Piso. Servicio al Cliente;;;LAS CONDES;REG.METROPOLITANA;CL;Alberto;Silvana;;Oscar castro 1335;;;;LAS CONDES;REG.METROPOLITANA;CL;39990;0;248;0;40238;0;CLP
000000514115;23404425401-A;23/03/2025 11:51:37;Reembolsado;39990;248;40238;7198;0.0000;32792;1;VESTIDO CORTO SIN MANGAS ROJO NICOPOLY;MPM10002122137-2;N05258DM;23/03/2025 11:51:39;4d_Retiro Tienda Ripley Los Dominicos;Alberto;Silvana;;"Padre Hurtado Sur 875 ";1er Piso. Servicio al Cliente;;;LAS CONDES;REG.METROPOLITANA;CL;Alberto;Silvana;;Oscar castro 1335;;;;LAS CONDES;REG.METROPOLITANA;CL;39990;0;248;0;40238;0;CLP
000000514115;23404563901-A;23/03/2025 13:19:59;Cerrado;28690;990;29680;5164;0.0000;23526;1;ENTERITO MUJER NICOPOLY NEGRO ESCOTE V Y LAZO;MPM10001856357-3;N05010BS;23/03/2025 13:20:01;5d_Retiro Tienda Ripley Quilpué;"Sánchez ";"María José ";;"Claudio Vicuña 992, Quilpue ";" 3er Piso. Modulo Retiro en Tienda";;;QUILPUE;V REGION;CL;Vargas;Nancy;;Barros Arana 993;;;;QUILPUE;V REGION;CL;28690;0;990;0;29680;0;CLP
000000514115;23404701701-A;23/03/2025 14:49:19;Cerrado;49990;0;49990;8998;0.0000;40992;1;FULFILLMENT-BLAZER LARGO CUELLO CRUZADO MORADO NICOPOLY;MPM10002146363-3;N05299ZS-FF;23/03/2025 14:49:21;FF_MATRIX;Castro Dominguez;Maria Isabel;;Fuenteovejuna 1387;S/N;;;LAS CONDES;REG.METROPOLITANA;CL;Castro Dominguez;Maria Isabel;;Fuenteovejuna 1387;;;;LAS CONDES;REG.METROPOLITANA;CL;49990;0;0;0;49990;0;CLP
000000514115;23404818501-A;23/03/2025 16:07:56;Cerrado;22390;0;22390;4030;0.0000;18360;1;BLUSA CON LAZO DESMONTABLE ROJO NICOPOLY;MPM10001752438-1;N04270DM-5;23/03/2025 16:07:57;5d_Retiro Tienda Ripley Rancagua;Aguilar Parada;Maria Karina;;"José Domingo Mujica 490 ";" 3er Piso. Modulo Retiro en Tienda";;;RANCAGUA;VI REGION;CL;Aguilar Parada;Maria Karina;;Avenida Austral 318;;;;RANCAGUA;VI REGION;CL;22390;0;0;0;22390;0;CLP
000000514115;23404851201-A;23/03/2025 16:27:28;Cerrado;23990;495;24485;4318;0.0000;19672;1;PANTALÓN MUJER NICOPOLY BURDEO PINZAS RECTO;MPM10001497453-3;N04298TM;23/03/2025 16:27:30;6d_Retiro Tienda Ripley Nueva Valdivia;Candia;Camila;;"Arauco 561 ";" 3er Piso. Servicio al Cliente";;;VALDIVIA;XIV REGION;CL;Candia;Camila;;Avenida ramon picarte  1530;;;;VALDIVIA;XIV REGION;CL;23990;0;495;0;24485;0;CLP
000000514115;23404851201-A;23/03/2025 16:27:28;Cerrado;21990;495;22485;3958;0.0000;18032;1;SWEATER RAYAS BLANCO INVIERNO NICOPOLY;MPM10002160526-1;N05245AM;23/03/2025 16:27:30;6d_Retiro Tienda Ripley Nueva Valdivia;Candia;Camila;;"Arauco 561 ";" 3er Piso. Servicio al Cliente";;;VALDIVIA;XIV REGION;CL;Candia;Camila;;Avenida ramon picarte  1530;;;;VALDIVIA;XIV REGION;CL;21990;0;495;0;22485;0;CLP
000000514115;23405085901-A;23/03/2025 18:33:24;Cerrado;33990;0;33990;6118;0.0000;27872;1;BLUSA CEBRA BEIGE NICOPOLY;MPM10002617338-2;N05321US;23/03/2025 18:33:27;Flujo Same day BX;Abarca;Lorena;;Salar de Llamara Norte 1948;CASA;;;MAIPU;REG.METROPOLITANA;CL;Abarca;Lorena;;Salar de Llamara Norte 1948;;;;MAIPU;REG.METROPOLITANA;CL;33990;0;0;0;33990;0;CLP
000000514115;23405354001-A;23/03/2025 21:03:18;Cerrado;22390;990;23380;4030;0.0000;18360;1;BLUSA CON LAZO DESMONTABLE CELESTE NICOPOLY;MPM10001752432-3;N04270KM-5;23/03/2025 21:03:19;4d_Retiro Tienda Ripley Plaza Oeste;"Vargas ";"Ana María ";;"Américo Vespucio 1501 ";" 3er Piso. Modulo Retiro en Tienda";;;CERRILLOS;REG.METROPOLITANA;CL;Alzamora;Natalia;;avenida las torres 149;;;;CERRILLOS;REG.METROPOLITANA;CL;22390;0;990;0;23380;0;CLP
000000514115;23405394201-A;23/03/2025 21:23:04;Cerrado;14290;0;14290;2572;0.0000;11718;1;BLUSA ENCAJE HOMBROS NEGRO NICOPOLY;MPM10001491720-2;N04242BS;23/03/2025 21:23:05;4d_Retiro Tienda Ripley Plaza Egaña;Reyes;Valentina;;"Larrain 5800 ";" 3er Piso. Modulo Retiro en Tienda";;;NUNOA;REG.METROPOLITANA;CL;Reyes;Valentina;;Avenida vicuna mackenna 1231;;;;NUNOA;REG.METROPOLITANA;CL;14290;0;0;0;14290;0;CLP
000000514115;23405397401-A;23/03/2025 21:24:05;Reembolsado;14290;990;15280;2572;0.0000;11718;1;PANTALÓN MUJER NICOPOLY CELESTE TIRO ALTO JASPEADO;MPM10001849482-1;N05022KM;23/03/2025 21:24:07;4d_Retiro Tienda Ripley Plaza Vespucio;Perez;Richard Eusebio;;"Av. Vicuña Mackenna Ote. 7110, La Florida ";3er Piso. Modulo Retiro en Tienda;;;LA FLORIDA;REG.METROPOLITANA;CL;Perez;Richard Eusebio;;Avenida Americo Vespucio 0875;;;;LA FLORIDA;REG.METROPOLITANA;CL;14290;0;990;0;15280;0;CLP
000000514115;23405483901-A;23/03/2025 21:59:51;Cerrado;10780;990;11770;1940;0.0000;8840;1;TOP BÁSICO TIPO SATÍN NEGRO NICOPOLY;MPM10001919212-1;N05098BM;23/03/2025 21:59:52;10d_Retiro Tienda Ripley Pto. Montt Costanera;Maldonado;Gabriela;;"Juan Soler Manfredini 10 ";" 6to Piso. Modulo Retiro en Tienda";;;PTO.MONTT;X REGION;CL;Sanchez;Doris;;Los carrera 493;;;;PTO.MONTT;X REGION;CL;10780;0;990;0;11770;0;CLP
000000514115;23405564904-A;23/03/2025 22:33:36;Reembolsado;61990;3970;65960;11158;0.0000;50832;1;VESTIDO CAMISERO CINTURÓN AZUL MARINO NICOPOLY;MPM10002128942-3;N05259PL;23/03/2025 22:33:37;Flujo Same day BX;Nieves;Carolina;;Santa Elena 1298;907;;;SANTIAGO;REG.METROPOLITANA;CL;Nieves;Carolina;;Santa Elena 1298;;;;SANTIAGO;REG.METROPOLITANA;CL;61990;0;3970;0;65960;0;CLP
000000514115;23405651301-A;23/03/2025 23:13:07;Cerrado;21990;0;21990;3958;0.0000;18032;1;PANTALÓN MUJER NICOPOLY ROJO PINZAS TIRO ALTO;MPM10001752477-1;N04120DS-5;23/03/2025 23:13:08;Flujo Same day BX;Quintana;Margarita;;Julio Philippi 7776;Casa;;;PUDAHUEL;REG.METROPOLITANA;CL;Quintana;Margarita;;Julio Philippi 7776;;;;PUDAHUEL;REG.METROPOLITANA;CL;21990;0;0;0;21990;0;CLP
000000514115;23405651301-A;23/03/2025 23:13:07;Cerrado;22390;0;22390;4030;0.0000;18360;1;PANTALÓN MUJER NICOPOLY NEGRO PINZAS TIRO ALTO;MPM10001752471-1;N04120BS-5;23/03/2025 23:13:08;Flujo Same day BX;Quintana;Margarita;;Julio Philippi 7776;Casa;;;PUDAHUEL;REG.METROPOLITANA;CL;Quintana;Margarita;;Julio Philippi 7776;;;;PUDAHUEL;REG.METROPOLITANA;CL;22390;0;0;0;22390;0;CLP
000000514115;23405651301-A;23/03/2025 23:13:07;Cerrado;24190;0;24190;4354;0.0000;19836;1;PANTALÓN MUJER NICOPOLY BLANCO PIERNA ANCHA;MPM10001856323-1;N04017AM-5;23/03/2025 23:13:08;Flujo Same day BX;Quintana;Margarita;;Julio Philippi 7776;Casa;;;PUDAHUEL;REG.METROPOLITANA;CL;Quintana;Margarita;;Julio Philippi 7776;;;;PUDAHUEL;REG.METROPOLITANA;CL;24190;0;0;0;24190;0;CLP
000000514115;23405677001-A;23/03/2025 23:25:27;Cerrado;23290;0;23290;4192;0.0000;19098;1;CHAQUETA BOMBER BROCHES CAMEL NICOPOLY;MPM10001465279-4;N04263RL;23/03/2025 23:25:28;Flujo Same day BX;Pavez;Estefania De Los Angeles;;El arroyo 100;73;;;MAIPU;REG.METROPOLITANA;CL;Pavez;Estefania De Los Angeles;;El arroyo 100;;;;MAIPU;REG.METROPOLITANA;CL;23290;0;0;0;23290;0;CLP
000000514115;23405773001-A;24/03/2025 00:26:36;Cerrado;21990;990;22980;3958;0.0000;18032;1;VESTIDO MUJER NICOPOLY NEGRO PABILO CON VOLANTES;MPM10001878064-4;N05013BS;24/03/2025 00:26:37;4d_Retiro Tienda Ripley Costanera Center;Montecino;Stefania;;"Avenida Andrés Bello 2422 ";" 1er Piso. Modulo Retiro en Tienda";;;PROVIDENCIA;REG.METROPOLITANA;CL;Montecino;Stefania;;apolo 4186;;;;PROVIDENCIA;REG.METROPOLITANA;CL;21990;0;990;0;22980;0;CLP
000000514115;23405868401-A;24/03/2025 07:38:19;Cerrado;22390;3990;26380;4030;0.0000;18360;1;BLUSA CON LAZO DESMONTABLE ROJO NICOPOLY;MPM10001752438-2;N04270DL-5;24/03/2025 07:38:21;Flujo Same day BX;Diaz;Pamela;;Istria  1618;"Casa ";;;CERRO NAVIA;REG.METROPOLITANA;CL;Diaz;Pamela;;Istria  1618;;;;CERRO NAVIA;REG.METROPOLITANA;CL;22390;0;3990;0;26380;0;CLP
000000514115;23406112301-A;24/03/2025 11:26:02;Reembolsado;23290;990;24280;4192;0.0000;19098;1;VESTIDO MUJER NICOPOLY NEGRO STRAPLESS Y ESCOTE V;MPM10001856352-1;N05011BL;24/03/2025 11:26:03;4d_Retiro Tienda Ripley Los Dominicos;Collarte;Felipe;;"Padre Hurtado Sur 875 ";1er Piso. Servicio al Cliente;;;LAS CONDES;REG.METROPOLITANA;CL;Woldarsky;Satsha;;Félix De Amésti 963;;;;LAS CONDES;REG.METROPOLITANA;CL;23290;0;990;0;24280;0;CLP
000000514115;23406833401-A;24/03/2025 18:21:08;Cerrado;20990;3990;24980;3778;0.0000;17212;1;PANTALÓN MUJER NICOPOLY BLANCO HOLGADO PRETINA ALTA;MPM10001752499-1;N05006AM;24/03/2025 18:21:10;Flujo Same day BX;Cceres;Marcia;;José Manuel Infante 2320;56 B;;;NUNOA;REG.METROPOLITANA;CL;Cceres;Marcia;;José Manuel Infante 2320;;;;NUNOA;REG.METROPOLITANA;CL;20990;0;3990;0;24980;0;CLP
000000514115;23407027001-A;24/03/2025 20:23:34;Cerrado;28690;5990;34680;5164;0.0000;23526;1;BLAZER BOLSILLOS CON SOLAPAS KHAKI NICOPOLY;MPM10001437613-1;N04260LL;24/03/2025 20:23:36;Flujo Crossdock- Ripley PAQ;Ceballos Olguin;"Evie Jimena ";;Luis uribe 150;9;;;QUILPUE;V REGION;CL;Ceballos Olguin;"Evie Jimena ";;Luis uribe 150;;;;QUILPUE;V REGION;CL;28690;0;5990;0;34680;0;CLP
000000514115;23407091001-A;24/03/2025 21:00:21;Cerrado;69990;3990;73980;12598;0.0000;57392;1;ABRIGO SOLAPA REDONDA NEGRONICOPOLY;MPM10002646294-3;N05252BM;24/03/2025 21:00:22;Flujo Same day BX;Sepulveda;Fabian;;Echeñique 7435;J;;;LA REINA;REG.METROPOLITANA;CL;Sepulveda;Fabian;;Echeñique 7435;;;;LA REINA;REG.METROPOLITANA;CL;69990;0;3990;0;73980;0;CLP
000000514115;23407319302-A;24/03/2025 22:36:34;Reembolsado;14290;0;14290;2572;0.0000;11718;1;PANTALÓN MUJER NICOPOLY CELESTE TIRO ALTO JASPEADO;MPM10001849482-1;N05022KM;24/03/2025 22:36:36;Flujo Crossdock- Ripley PAQ;Ramrez;Maria Constanza;;Pob Ignacio Carrera Pinto  6;S/N;;;HIJUELAS;V REGION;CL;Ramrez;Maria Constanza;;Pob Ignacio Carrera Pinto  6;;;;HIJUELAS;V REGION;CL;14290;0;0;0;14290;0;CLP
000000514115;23407366001-A;24/03/2025 22:55:25;Cerrado;19690;0;19690;3544;0.0000;16146;1;CÁRDIGAN FLOREADO CELESTE NICOPOLY;MPM10001734993-1;N05108KS;24/03/2025 22:55:26;Flujo Crossdock- Ripley PAQ;Aguilera Valdano;Prisila;;Anibal Pinto 486;204 segundo piso;;;CONCEPCION;VIII REGION;CL;Aguilera Valdano;Prisila;;Anibal Pinto 486;;;;CONCEPCION;VIII REGION;CL;19690;0;0;0;19690;0;CLP
000000514115;23407894301-A;25/03/2025 11:34:54;Cerrado;57990;10990;68980;10438;0.0000;47552;1;CHAQUETA CORTA IMPERMEABLE NEGRO NICOPOLY;MPM10002635843-2;N05190BS;25/03/2025 11:34:55;Flujo Crossdock- Ripley PAQ;Villalon;"Valeria ";;Arauco 2798;Casa;;;CALAMA;II REGION;CL;Villalon;"Valeria ";;Arauco 2798;;;;CALAMA;II REGION;CL;57990;0;10990;0;68980;0;CLP
000000514115;23407964401-A;25/03/2025 12:13:35;Cerrado;34990;1990;36980;6298;0.0000;28692;1;FULFILLMENT-PANTALÓN PIERNA ANCHA CON PASADOR KHAKI NICOPOLY;MPM10002146386-2;N05298LL-FF;25/03/2025 12:13:37;FF_MATRIX;Novoa;Cinthia;;Condell 520;S/N;;;VICTORIA;IX REGION;CL;Novoa;Cinthia;;Condell 520;;;;VICTORIA;IX REGION;CL;34990;0;1990;0;36980;0;CLP
000000514115;23408456901-A;25/03/2025 17:11:25;Cerrado;37990;3990;41980;6838;0.0000;31152;1;VESTIDO TIPO BLAZER NEGRO NICOPOLY;MPM10002128954-1;N05257BS;25/03/2025 17:11:26;Flujo Same day BX;Carrillo;Lorena;;Roman Diaz  390;Dpto 402;;;PROVIDENCIA;REG.METROPOLITANA;CL;Carrillo;Lorena;;Roman Diaz  390;;;;PROVIDENCIA;REG.METROPOLITANA;CL;37990;0;3990;0;41980;0;CLP
000000514115;23408488501-A;25/03/2025 17:27:20;Cerrado;16090;1740;17830;2896;0.0000;13194;1;FALDA MUJER NICOPOLY AZUL MEDIO DENIM TAJO FRONTAL;MPM10001465759-1;N04269KL;25/03/2025 17:27:22;Flujo Crossdock- Ripley PAQ;Varos;Francisca;;Avenida Mauque 0525;413;;;RANCAGUA;VI REGION;CL;Varos;Francisca;;Avenida Mauque 0525;;;;RANCAGUA;VI REGION;CL;16090;0;1740;0;17830;0;CLP
000000514115;23408488501-A;25/03/2025 17:27:20;Cerrado;8980;1740;10720;1616;0.0000;7364;1;CHALECO PIED DE POULE CAFÉ NICOPOLY;MPM00044384970-2;N02219UL;25/03/2025 17:27:22;Flujo Crossdock- Ripley PAQ;Varos;Francisca;;Avenida Mauque 0525;413;;;RANCAGUA;VI REGION;CL;Varos;Francisca;;Avenida Mauque 0525;;;;RANCAGUA;VI REGION;CL;8980;0;1740;0;10720;0;CLP
000000514115;23408995801-A;25/03/2025 21:58:38;Cerrado;28690;3980;32670;5164;0.0000;23526;1;BLAZER BOLSILLOS Y BOTÓN  NEGRO NICOPOLY;MPM10001752517-1;N04260BM-5;25/03/2025 21:58:39;Flujo Same day BX;"Saavedra ";"Jeniffer ";;"Juan Martínez de Rozas  2572 ";Casa;;;SANTIAGO;REG.METROPOLITANA;CL;"Saavedra ";"Jeniffer ";;"Juan Martínez de Rozas  2572 ";;;;SANTIAGO;REG.METROPOLITANA;CL;28690;0;3980;0;32670;0;CLP
000000514115;23409034901-A;25/03/2025 22:15:15;Cerrado;14290;3990;18280;2572;0.0000;11718;1;PANTALÓN MUJER NICOPOLY CELESTE TIRO ALTO JASPEADO;MPM10001849482-1;N05022KM;25/03/2025 22:15:17;Flujo Same day BX;Hidalgo;Maria;;Salta 1851;Casa;;;QTA. NORMAL;REG.METROPOLITANA;CL;Hidalgo;Maria;;Salta 1851;;;;QTA. NORMAL;REG.METROPOLITANA;CL;14290;0;3990;0;18280;0;CLP
000000514115;23409079901-A;25/03/2025 22:32:57;Reembolsado;20590;0;20590;3706;0.0000;16884;1;ENTERITO MUJER NICOPOLY VERDE OLIVA LAZO Y HEBILLA;MPM10001849448-2;N04058MXL-5;25/03/2025 22:32:59;Flujo Same day BX;Carrasco Vasquez;Ana Maria;;San Juan 3729;S/N;;;SAN JOAQUIN;REG.METROPOLITANA;CL;Carrasco Vasquez;Ana Maria;;San Juan 3729;;;;SAN JOAQUIN;REG.METROPOLITANA;CL;20590;0;0;0;20590;0;CLP
000000514115;23409660001-A;26/03/2025 11:14:39;Cerrado;37990;3990;41980;6838;0.0000;31152;1;CHAQUETA BIKER ECOCUERO CORTA NEGRO  NICOPOLY;MPM10001383962-3;N04201BS;26/03/2025 11:14:41;Flujo Same day BX;Morales Diaz;Christian;;Amanda Labarca 10529;Casa;;;LA GRANJA;REG.METROPOLITANA;CL;Morales Diaz;Christian;;Amanda Labarca 10529;;;;LA GRANJA;REG.METROPOLITANA;CL;37990;0;3990;0;41980;0;CLP
000000514115;23410124803-A;26/03/2025 15:11:14;Cerrado;19690;3990;23680;3544;0.0000;16146;1;VESTIDO MUJER NICOPOLY BEIGE HOLGADO CON BRILLOS KHAKI;MPM10001878065-2;N05077LM;26/03/2025 15:11:16;Flujo Same day BX;Bustamante;Evelyn;;santa clara 839;S/N;;;HUECHURABA;REG.METROPOLITANA;CL;Bustamante;Evelyn;;santa clara 839;;;;HUECHURABA;REG.METROPOLITANA;CL;19690;0;3990;0;23680;0;CLP
000000514115;23410211701-A;26/03/2025 15:56:05;Cerrado;28690;1980;30670;5164;0.0000;23526;1;BLAZER BOLSILLOS CON SOLAPAS KHAKI NICOPOLY;MPM10001437613-1;N04260LL;26/03/2025 15:56:06;Flujo Same day BX;Devia;Javiera;;don simon 2361 2361;casa;;;PE.ALOLEN;REG.METROPOLITANA;CL;Devia;Javiera;;don simon 2361 2361;;;;PE.ALOLEN;REG.METROPOLITANA;CL;28690;0;1980;0;30670;0;CLP
