Número de factura;Order number;Date created;Estado del pedido;Subtotal de artículos (con impuestos);Gastos de envío (con impuestos);Precio total (con impuestos);Commission (excluding taxes);Impuestos sobre la comisión;Amount transferred to tienda (including taxes);Quantity;Producto;Product SKU;Offer SKU;Fecha de confirmación del pago;Shipping method;Shipping address last name;Shipping address first name;Shipping address company;Shipping address street 1;Shipping address street 2;Dirección de entrega: complementaria;Shipping address zip;Shipping address city;Shipping address state;Shipping address country;Billing address last name;Billing address first name;Billing address company;Billing address street 1;Billing address street 2;Dirección de facturación: complementaria;Billing address zip;Billing address city;Billing address state;Billing address country;Subtotal de artículos (sin impuestos);Impuestos sobre artículos;Gastos de envío (sin impuestos);Impuestos sobre gastos de envío;Precio total (sin impuestos);Impuestos sobre el precio total;Currency
000000553661;24065565301-A;14/10/2025 13:22:11;Reembolsado;32990;0;32990;5938;0.0000;27052;1;PANTALON ENTALLADO COSTURAS DELANTERAS BLANCO NICOPOLY;MPM10000316118-4;N03030AM;14/10/2025 13:22:12;Flujo Crossdock- Ripley PAQ;Contreras;Geraldine;;Diez de julio 357;Casa;;;MAIPU;REG.METROPOLITANA;CL;Contreras;Geraldine;;Diez de julio 357;;;;MAIPU;REG.METROPOLITANA;CL;32990;0;0;0;32990;0;CLP
000000553661;24089297001-A;29/10/2025 12:03:26;Reembolsado;43990;990;44980;7918;0.0000;36072;1;ENTERITO CINTURON AJUSTABLE VERDE OSCURO NICOPOLY;MPM10003032193-2;N06091EL;29/10/2025 12:03:29;5d_Retiro Tienda Ripley La Calera;Cofre Fernndez;"Enzo ";;"JJ Perez 90, La Calera ";" 2do Piso. Modulo Retiro en Tienda";;;LA CALERA;V REGION;CL;Cofre Fernndez;"Enzo ";;pasaje francisco de villagra 42;;;;LA CALERA;V REGION;CL;43990;0;990;0;44980;0;CLP
000000553661;24093002101-A;31/10/2025 13:28:02;Reembolsado;13990;990;14980;2518;0.0000;11472;1;FALDA MUJER NICOPOLY BURDEO TUBO CIERRE;MPM00084139820-2;N03063TL;31/10/2025 13:28:04;10d_Retiro Tienda Ripley La Serena;Godoy;Paulina;;"Gregorio Cordovez 499 ";" 3er Piso. Modulo Retiro en Tienda";;;LA SERENA;IV REGION;CL;Godoy;Paulina;;Colo Colo 858;;;;LA SERENA;IV REGION;CL;13990;0;990;0;14980;0;CLP
000000553661;24095317101-A;01/11/2025 19:09:38;Reembolsado;29990;0;29990;5398;0.0000;24592;1;BLAZER LARGO DE TOPE NEGRO NICOPOLY;MPM10002635853-1;N05275BL;01/11/2025 19:09:39;5d_Retiro Tienda Ripley Talca;Mondaca Muoz;Yenniffer;;"8 Oriente 1212 ";" 2do Piso. Modulo Retiro en Tienda";;;TALCA;VII REGION;CL;Mondaca Muoz;Yenniffer;;Talca 000;;;;TALCA;VII REGION;CL;29990;0;0;0;29990;0;CLP
000000553661;24095818701-A;01/11/2025 23:03:31;Reembolsado;19990;495;20485;3598;0.0000;16392;1;SHORT MUJER NICOPOLY BURDEO BÁSICO TIRO ALTO;MPM10002122155-1;N05260TM;01/11/2025 23:03:32;5d_Retiro Tienda Ripley El Trébol;Alarcon Arriagada;Ruth Betty;;"Avenida Jorge Alessandri 3177 ";" 3er Piso. Modulo Retiro en Tienda";;;TALCAHUANO;VIII REGION;CL;Alarcon Arriagada;Ruth Betty;;valladolid 9393;;;;TALCAHUANO;VIII REGION;CL;19990;0;495;0;20485;0;CLP
000000553661;24098186801-A;03/11/2025 00:36:21;Reembolsado;23990;990;24980;4318;0.0000;19672;1;GILET LARGO CON BOTONES BLANCO;MPM10002910437-1;N06135AM;03/11/2025 00:36:23;11d_Retiro Tienda Ripley Temuco;"Rocha ";"Katty ";;"Arturo Prat 656, Temuco ";2do Piso. Modulo Retiro en Tienda;;;TEMUCO;IX REGION;CL;Rocha;Carolina;;Volc 1625;;;;TEMUCO;IX REGION;CL;23990;0;990;0;24980;0;CLP
000000553661;24098417902-A;03/11/2025 09:21:10;Reembolsado;21990;195;22185;3958;0.0000;18032;1;GILET BASICO HILO BURDEO NICOPOLY;MPM10002842877-3;N05264TS-7;03/11/2025 09:21:12;Flujo Crossdock- Ripley PAQ;Simunovic;Varina;;Gertrudis echenique 165;124;;;LAS CONDES;REG.METROPOLITANA;CL;Simunovic;Varina;;Gertrudis echenique 165;;;;LAS CONDES;REG.METROPOLITANA;CL;21990;0;195;0;22185;0;CLP
000000553661;24104332001-A;05/11/2025 21:11:08;Reembolsado;17490;0;17490;3148;0.0000;14342;1;VESTIDO MUJER NICOPOLY NEGRO TIPO BLAZER;MPM10002128954-1;N05257BS;05/11/2025 21:11:09;4d_Retiro Tienda Ripley Arauco Maipu;Carrion Barahona;Irene;;"Av. Americo Vespucio 399 ";" 2do Piso. Modulo Retiro en Tienda";;;MAIPU;REG.METROPOLITANA;CL;Carrion Barahona;Irene;;Jose manuel borgoño 3421;;;;MAIPU;REG.METROPOLITANA;CL;17490;0;0;0;17490;0;CLP
000000553661;24106694201-A;06/11/2025 22:55:05;Reembolsado;35990;0;35990;6478;0.0000;29512;1;FULFILLMENT-PANTALON VESTIR RECTO KHAKI NICOPOLY;MPM10002952985-3;N06039LM-FF;06/11/2025 22:55:07;FF_MATRIX_STS;Pavez Salgado;Jessica;;"8 Oriente 1212 ";" 2do Piso. Modulo Retiro en Tienda";;;TALCA;VII REGION;CL;Pavez Salgado;Jessica;;4 oriente 6 norte 1701;;;;TALCA;VII REGION;CL;35990;0;0;0;35990;0;CLP
000000553661;24107305101-A;07/11/2025 11:47:54;Reembolsado;23990;990;24980;4318;0.0000;19672;1;BLUSA ENCAJE DETALLE LENTEJUELAS BLANCO NICOPOLY;MPM10003032207-2;N06142AS;07/11/2025 11:47:56;4d_Retiro Tienda Ripley Los Dominicos;Ortega;Victoria;;"Padre Hurtado Sur 875 ";1er Piso. Servicio al Cliente;;;LAS CONDES;REG.METROPOLITANA;CL;Ortega;Victoria;;av san luis 20555;;;;LAS CONDES;REG.METROPOLITANA;CL;23990;0;990;0;24980;0;CLP
000000553661;24108251502-A;07/11/2025 20:43:41;Reembolsado;24990;0;24990;4498;0.0000;20492;1;BLUSA CON LAZO DESMONTABLE ROJO NICOPOLY;MPM10001752438-1;N04270DM-5;07/11/2025 20:43:42;5d_Retiro Tienda Ripley Talca;Alvarez;Danae;;"8 Oriente 1212 ";" 2do Piso. Modulo Retiro en Tienda";;;TALCA;VII REGION;CL;Alvarez;Danae;;23 media norte 3952;;;;TALCA;VII REGION;CL;24990;0;0;0;24990;0;CLP
000000553661;24108480301-A;07/11/2025 22:47:28;Reembolsado;20990;990;21980;3778;0.0000;17212;1;GILET LARGO CON BOTONES NEGRO;MPM10002910447-2;N06135BM;07/11/2025 22:47:29;4d_Retiro Tienda Ripley Parque Arauco;Salgado;"Joaquin ";;"Avenida Kennedy 5413 ";4to Piso. Modulo Retiro en Tienda;;;LAS CONDES;REG.METROPOLITANA;CL;Novoa;Ruth;;Estocolmo 540;;;;LAS CONDES;REG.METROPOLITANA;CL;20990;0;990;0;21980;0;CLP
000000553661;24108491601-A;07/11/2025 22:53:51;Reembolsado;20990;990;21980;3778;0.0000;17212;1;GILET LARGO CON BOTONES CAFE;MPM10002910425-2;N06135UM;07/11/2025 22:53:53;4d_Retiro Tienda Ripley Parque Arauco;Salgado;"Joaquin ";;"Avenida Kennedy 5413 ";4to Piso. Modulo Retiro en Tienda;;;LAS CONDES;REG.METROPOLITANA;CL;Novoa;Ruth;;Estocolmo 540;;;;LAS CONDES;REG.METROPOLITANA;CL;20990;0;990;0;21980;0;CLP
000000553661;24108849902-A;08/11/2025 09:54:47;Reembolsado;20990;0;20990;3778;0.0000;17212;1;GILET BASICO AJUSTABLE ROJO NICOPOLY;MPM10002842897-1;N04273DXL-7;08/11/2025 09:54:49;Flujo Crossdock- Ripley PAQ;Llanos;Marilyn Alejandra;;Mendoza 1921;S/N;;;QTA. NORMAL;REG.METROPOLITANA;CL;Llanos;Marilyn Alejandra;;Mendoza 1921;;;;QTA. NORMAL;REG.METROPOLITANA;CL;20990;0;0;0;20990;0;CLP
000000553661;24108849902-A;08/11/2025 09:54:47;Reembolsado;19990;0;19990;3598;0.0000;16392;1;GILET BASICO HILO BLANCO NICOPOLY;MPM10002842882-3;N05264AM-7;08/11/2025 09:54:49;Flujo Crossdock- Ripley PAQ;Llanos;Marilyn Alejandra;;Mendoza 1921;S/N;;;QTA. NORMAL;REG.METROPOLITANA;CL;Llanos;Marilyn Alejandra;;Mendoza 1921;;;;QTA. NORMAL;REG.METROPOLITANA;CL;19990;0;0;0;19990;0;CLP
000000553661;24109473401-A;08/11/2025 16:39:53;Recibido;28990;990;29980;5218;0.0000;23772;1;VESTIDO FLOREADO BOTONES DELANTEROS FUCSIA NICOPOLY;MPM10003037311-3;N06054SM;08/11/2025 16:39:54;5d_Retiro Tienda Ripley Quilpué;Astudillo Paz;Sandra;;"Claudio Vicuña 992, Quilpue ";" 3er Piso. Modulo Retiro en Tienda";;;QUILPUE;V REGION;CL;Astudillo Paz;Sandra;;sta rosa 16;;;;QUILPUE;V REGION;CL;28990;0;990;0;29980;0;CLP
000000553661;24109911202-A;08/11/2025 20:34:05;Reembolsado;31990;0;31990;5758;0.0000;26232;1;BLAZER MUJER NICOPOLY ROJO CUELLO MAO;MPM10002160481-4;N00156DL-6;08/11/2025 20:34:06;5d_Retiro Tienda Ripley El Trébol;Berrios;Karen;;"Avenida Jorge Alessandri 3177 ";" 3er Piso. Modulo Retiro en Tienda";;;TALCAHUANO;VIII REGION;CL;Berrios;Karen;;Avenida santa María  7550;;;;TALCAHUANO;VIII REGION;CL;31990;0;0;0;31990;0;CLP
000000553661;24109993302-A;08/11/2025 21:20:46;Reembolsado;24990;0;24990;4498;0.0000;20492;1;CHAQUETA CORTA TIPO GAMUZA CAMEL NICOPOLY;MPM10002635827-1;N05173UXL;08/11/2025 21:20:47;5d_Retiro Tienda Ripley Mall Concepción;Toledo;Geraldine;;"Barros Arana 1068, Concepcion ";" 3er Piso. Modulo Retiro en Tienda";;;CONCEPCION;VIII REGION;CL;Toledo;Geraldine;;Pasaje 1  22;;;;CONCEPCION;VIII REGION;CL;24990;0;0;0;24990;0;CLP
000000553661;24109993302-A;08/11/2025 21:20:46;Reembolsado;24990;0;24990;4498;0.0000;20492;1;CHAQUETA CORTA TIPO GAMUZA BLANCO INVIERNO INVIERNO NICOPOLY;MPM10002635829-1;N05173AL;08/11/2025 21:20:47;5d_Retiro Tienda Ripley Mall Concepción;Toledo;Geraldine;;"Barros Arana 1068, Concepcion ";" 3er Piso. Modulo Retiro en Tienda";;;CONCEPCION;VIII REGION;CL;Toledo;Geraldine;;Pasaje 1  22;;;;CONCEPCION;VIII REGION;CL;24990;0;0;0;24990;0;CLP
000000553661;24110048901-A;08/11/2025 21:51:08;Reembolsado;25990;495;26485;4678;0.0000;21312;1;VESTIDO CINTURA ELASTICADA FLORES NARANJA NICOPOLY;MPM10003032291-2;N06162RM;08/11/2025 21:51:09;4d_Retiro Tienda Ripley Florida Center;Ardiles;Alejandra;;"Vicuña Mackenna Oriente 6100, La Florida ";3er Piso. Modulo Retiro en Tienda;;;LA FLORIDA;REG.METROPOLITANA;CL;Parada;Maria;;Miguel de Unamuno  6052;;;;LA FLORIDA;REG.METROPOLITANA;CL;25990;0;495;0;26485;0;CLP
000000553661;24110891901-A;09/11/2025 13:10:52;Reembolsado;48990;0;48990;8818;0.0000;40172;1;FULFILLMENT-ENTERITO HALTER CON CINTURON LAZO FUCSIA NICOPOLY;MPM10003037781-3;N05036SM-FF;09/11/2025 13:10:54;FF_MATRIX_STS;Oviedo;Claudia;;"Vivar 550 ";" 4to Piso. Servicio al Cliente";;;IQUIQUE;I REGION;CL;Oviedo;Claudia;;AVENIDA SALVADOR ALLENDE GOSSENS 1668;;;;IQUIQUE;I REGION;CL;48990;0;0;0;48990;0;CLP
000000553661;24110970401-A;09/11/2025 13:58:43;Reembolsado;32990;263;33253;5938;0.0000;27052;1;VESTIDO LARGO CUELLO MOCK BURDEO NICOPOLY;MPM10002627268-1;N05311TM;09/11/2025 13:58:45;Flujo Crossdock- Ripley PAQ;Mira;Carolina;;Jorge caceres 503;1202;;;LA CISTERNA;REG.METROPOLITANA;CL;Mira;Carolina;;Jorge caceres 503;;;;LA CISTERNA;REG.METROPOLITANA;CL;32990;0;263;0;33253;0;CLP
000000553661;24110970401-A;09/11/2025 13:58:43;Reembolsado;34990;263;35253;6298;0.0000;28692;1;ENTERITO MUJER NICOPOLY NEGRO CRUZADO 2 BOTONES;MPM10002122126-1;N05308BM;09/11/2025 13:58:45;Flujo Crossdock- Ripley PAQ;Mira;Carolina;;Jorge caceres 503;1202;;;LA CISTERNA;REG.METROPOLITANA;CL;Mira;Carolina;;Jorge caceres 503;;;;LA CISTERNA;REG.METROPOLITANA;CL;34990;0;263;0;35253;0;CLP
000000553661;24110970401-A;09/11/2025 13:58:43;Reembolsado;61990;263;62253;11158;0.0000;50832;1;VESTIDO LARGO TIRANTES CRUZADOS NEGRO NICOPOLY;MPM10002979450-2;N06145BM;09/11/2025 13:58:45;Flujo Crossdock- Ripley PAQ;Mira;Carolina;;Jorge caceres 503;1202;;;LA CISTERNA;REG.METROPOLITANA;CL;Mira;Carolina;;Jorge caceres 503;;;;LA CISTERNA;REG.METROPOLITANA;CL;61990;0;263;0;62253;0;CLP
000000553661;24111254301-A;09/11/2025 16:19:32;Recibido;26990;990;27980;4858;0.0000;22132;1;BLAZER LARGO DE TOPE ROJO NICOPOLY;MPM10002635835-3;N05275DM;09/11/2025 16:19:33;8d_Retiro Tienda Ripley Copiapo;Cortes May;Valezka;;"Calle Maipu S/N, Copiapo ";" 2do Piso. Servicio al Cliente";;;COPIAPO;III REGION;CL;Cortes May;Valezka;;Araucaria de Nueva Guinea  655;;;;COPIAPO;III REGION;CL;26990;0;990;0;27980;0;CLP
000000553661;24111662801-A;09/11/2025 19:30:16;Reembolsado;48990;990;49980;8818;0.0000;40172;1;VESTIDO LARGO FLOREADO ROSADO NICOPOLY;MPM10003037833-4;N06076SM;09/11/2025 19:30:17;5d_Retiro Tienda Ripley Talca;Cliente;Javiera;;"8 Oriente 1212 ";" 2do Piso. Modulo Retiro en Tienda";;;TALCA;VII REGION;CL;Cliente;Javiera;;30 oriente 1420;;;;TALCA;VII REGION;CL;48990;0;990;0;49980;0;CLP
000000553661;24112344601-A;09/11/2025 23:57:48;Reembolsado;17990;990;18980;3238;0.0000;14752;1;VESTIDO MUJER NICOPOLY CAFÉ TIPO CAMISERO LEOPARD;MPM10001848651-4;N05123UM;09/11/2025 23:57:49;4d_Retiro Tienda Ripley Costanera Center;Valdivia;"Gustavo ";;"Avenida Andrés Bello 2422 ";" 1er Piso. Modulo Retiro en Tienda";;;PROVIDENCIA;REG.METROPOLITANA;CL;Gomez;Carolina;;MANUEL DE SALAS  211;;;;PROVIDENCIA;REG.METROPOLITANA;CL;17990;0;990;0;18980;0;CLP
000000553661;24112591001-A;10/11/2025 09:01:53;Reembolsado;36990;0;36990;6658;0.0000;30332;1;BLAZER DE TOPE MANGA 3/4 RECOGIDA CELESTE NICOPOLY;MPM10002842900-1;N03049CM-7;10/11/2025 09:01:55;10d_Retiro Tienda Ripley Calama;Medrano;Celia;;"Balmaceda 3242, Calama ";" 2do Piso. Servicio al Cliente";;;CALAMA;II REGION;CL;Medrano;Celia;;pje los cactus 765;;;;CALAMA;II REGION;CL;36990;0;0;0;36990;0;CLP
000000553661;24113321801-A;10/11/2025 15:12:04;Recibido;26990;0;26990;4858;0.0000;22132;1;TRENCH PRINCIPE DE GALES LAZO GRIS NICOPOLY;MPM00048421784-3;N02290IS;10/11/2025 15:12:05;5d_Retiro Tienda Ripley Quilpué;Escarate;Claudia;;"Claudio Vicuña 992, Quilpue ";" 3er Piso. Modulo Retiro en Tienda";;;QUILPUE;V REGION;CL;Escarate;Claudia;;san jorge  belloto sur 672;;;;QUILPUE;V REGION;CL;26990;0;0;0;26990;0;CLP
000000553661;24113585001-A;10/11/2025 17:02:00;Recibido;28990;990;29980;5218;0.0000;23772;1;VESTIDO MUJER NICOPOLY NEGRO CUELLO ALTO;MPM10002128943-2;N05198BM;10/11/2025 17:02:01;4d_Retiro Tienda Ripley Plaza Vespucio;Herrera;Natalia;;"Av. Vicuña Mackenna Ote. 7110, La Florida ";3er Piso. Modulo Retiro en Tienda;;;LA FLORIDA;REG.METROPOLITANA;CL;Herrera;Natalia;;Rucalin 12521;;;;LA FLORIDA;REG.METROPOLITANA;CL;28990;0;990;0;29980;0;CLP
000000553661;24113880701-A;10/11/2025 19:22:13;Recibido;25990;990;26980;4678;0.0000;21312;1;VESTIDO CAMISERO ALGODÓN MUJER NICOPOLY CELESTE TIPO DENIM;MPM10001849442-3;N05099KS;10/11/2025 19:22:14;4d_Retiro Tienda Ripley Plaza Egaña;Medina;Paulina;;"Larrain 5800 ";" 3er Piso. Modulo Retiro en Tienda";;;NUNOA;REG.METROPOLITANA;CL;Medina;Paulina;;Ictinos  716;;;;NUNOA;REG.METROPOLITANA;CL;25990;0;990;0;26980;0;CLP
000000553661;24114128001-A;10/11/2025 20:48:31;Recibido;34990;990;35980;6298;0.0000;28692;1;BLAZER UN BOTON AZUL ACERO NICOPOLY;MPM10002635836-3;N05318CL;10/11/2025 20:48:32;5d_Retiro Tienda Ripley Los Andes;Diaz;Ingrid;;"Santa Teresita 683 ";2do Piso. Servicio al Cliente;;;LOS ANDES;V REGION;CL;Diaz;Ingrid;;Escritor Miguel Luis Rocuant 235;;;;LOS ANDES;V REGION;CL;34990;0;990;0;35980;0;CLP
000000553661;24116487801-A;11/11/2025 17:06:22;Recibido;11990;495;12485;2158;0.0000;9832;1;TOP BASICO TIPO SATIN NEGRO NICOPOLY;MPM10001919212-4;N05098BS;11/11/2025 17:06:24;4d_Retiro Tienda Ripley Huechuraba;Pardo;"Yanara ";;"Av. Americo Vespucio Norte 1737 ";" 2do Piso. Modulo Retiro en Tienda";;;HUECHURABA;REG.METROPOLITANA;CL;Pardo;"Yanara ";;Los quillayes 6191;;;;HUECHURABA;REG.METROPOLITANA;CL;11990;0;495;0;12485;0;CLP
000000553661;24116487801-A;11/11/2025 17:06:22;Recibido;13990;495;14485;2518;0.0000;11472;1;FALDA MUJER NICOPOLY BURDEO TUBO CIERRE;MPM00084139820-3;N03063TM;11/11/2025 17:06:24;4d_Retiro Tienda Ripley Huechuraba;Pardo;"Yanara ";;"Av. Americo Vespucio Norte 1737 ";" 2do Piso. Modulo Retiro en Tienda";;;HUECHURABA;REG.METROPOLITANA;CL;Pardo;"Yanara ";;Los quillayes 6191;;;;HUECHURABA;REG.METROPOLITANA;CL;13990;0;495;0;14485;0;CLP
000000553661;24116699601-A;11/11/2025 18:16:38;Reembolsado;36990;2745;39735;6658;0.0000;30332;1;PANTALÓN PALAZZO MUJER NICOPOLY MAGENTA TAJOS;MPM10001503442-1;N10369ZXL-4;11/11/2025 18:16:40;Flujo Crossdock- Ripley PAQ;Cliente;Marjorie;;Cerro techado 07681;S/N;;;PUENTE ALTO;REG.METROPOLITANA;CL;Cliente;Marjorie;;Cerro techado 07681;;;;PUENTE ALTO;REG.METROPOLITANA;CL;36990;0;2745;0;39735;0;CLP
000000553661;24116699601-A;11/11/2025 18:16:38;Reembolsado;19990;2745;22735;3598;0.0000;16392;1;CROP TOP ESPALDA ELASTICADA MAGENTA NICOPOLY;MPM10001503477-3;N10368ZXL-4;11/11/2025 18:16:40;Flujo Crossdock- Ripley PAQ;Cliente;Marjorie;;Cerro techado 07681;S/N;;;PUENTE ALTO;REG.METROPOLITANA;CL;Cliente;Marjorie;;Cerro techado 07681;;;;PUENTE ALTO;REG.METROPOLITANA;CL;19990;0;2745;0;22735;0;CLP
000000553661;24117544801-A;11/11/2025 22:34:49;Reembolsado;19990;990;20980;3598;0.0000;16392;1;BLUSA CUELLO MAO TIPO SATÍN ROJO NICOPOLY;MPM10001465211-3;N04264DL;11/11/2025 22:34:51;4d_Retiro Tienda Ripley Crillon;Leiva Bohle;Loreto Bessy;;"Agustinas #1025 ";Piso -1. Modulo Retiro en Tienda;;;SANTIAGO;REG.METROPOLITANA;CL;Leiva Bohle;Loreto Bessy;;Escandinavia  240;;;;SANTIAGO;REG.METROPOLITANA;CL;19990;0;990;0;20980;0;CLP
000000553661;24117619801-A;11/11/2025 22:50:07;Reembolsado;29990;4990;34980;5398;0.0000;24592;1;BLAZER 6 BOTONES NEGRO;MPM10002912800-3;N06001BM;11/11/2025 22:50:08;Flujo Crossdock- Ripley PAQ;Valenzuela;Maria Antonieta;;Parcelacion tierra calma, padre hurtado 132;Casa;;;P. HURTADO;REG.METROPOLITANA;CL;Valenzuela;Maria Antonieta;;Parcelacion tierra calma, padre hurtado 132;;;;P. HURTADO;REG.METROPOLITANA;CL;29990;0;4990;0;34980;0;CLP
000000553661;24117742501-A;11/11/2025 23:20:38;Reembolsado;37990;0;37990;6838;0.0000;31152;1;BLAZER BOLSILLOS CON SOLAPAS KHAKI NICOPOLY;MPM10001437613-3;N04260LM;11/11/2025 23:20:39;5d_Retiro Tienda Ripley Viña del Mar Sucre;Diaz Gomez;Barbara;;"Sucre 290, Viña ";5to Piso. Modulo Retiro en Tienda;;;VI.A DEL MA;V REGION;CL;Diaz Gomez;Barbara;;av borinquen 234;;;;VI.A DEL MA;V REGION;CL;37990;0;0;0;37990;0;CLP
000000553661;24117742501-A;11/11/2025 23:20:38;Reembolsado;26990;0;26990;4858;0.0000;22132;1;BLAZER MUJER NICOPOLY ROJO LAZO DELANTERO;MPM10002128976-2;N05276DM;11/11/2025 23:20:39;5d_Retiro Tienda Ripley Viña del Mar Sucre;Diaz Gomez;Barbara;;"Sucre 290, Viña ";5to Piso. Modulo Retiro en Tienda;;;VI.A DEL MA;V REGION;CL;Diaz Gomez;Barbara;;av borinquen 234;;;;VI.A DEL MA;V REGION;CL;26990;0;0;0;26990;0;CLP
000000553661;24117839701-A;11/11/2025 23:49:06;Reembolsado;31990;330;32320;5758;0.0000;26232;1;BLAZER MUJER NICOPOLY MORADO CUELLO MAO;MPM10002160537-4;N00156ZM-6;11/11/2025 23:49:08;4d_Retiro Tienda Ripley Costanera Center;Troncoso;Marcia;;"Avenida Andrés Bello 2422 ";" 1er Piso. Modulo Retiro en Tienda";;;PROVIDENCIA;REG.METROPOLITANA;CL;Troncoso;Marcia;;Los Crisantemos 833;;;;PROVIDENCIA;REG.METROPOLITANA;CL;31990;0;330;0;32320;0;CLP
000000553661;24117887301-A;12/11/2025 00:05:32;Recibido;41990;0;41990;7558;0.0000;34432;1;FULFILLMENT-JEANS WIDE LEG BLANCOS NICOPOLY;MPM10002964101-3;N06137A36-FF;12/11/2025 00:05:33;FF_MATRIX_STS;Gonzalez;"Anais ";;"Calle Maipu S/N, Copiapo ";" 2do Piso. Servicio al Cliente";;;COPIAPO;III REGION;CL;Gonzalez;Pedro;;Castilla 121;;;;COPIAPO;III REGION;CL;41990;0;0;0;41990;0;CLP
000000553661;24118558801-A;12/11/2025 12:13:37;Reembolsado;21990;990;22980;3958;0.0000;18032;1;PANTALÓN MUJER NICOPOLY BLANCO PINZAS TIRO ALTO;MPM10001752491-4;N04120AS-5;12/11/2025 12:13:38;5d_Retiro Tienda Ripley Viña del Mar Sucre;Majmud;Cristina;;"Sucre 290, Viña ";5to Piso. Modulo Retiro en Tienda;;;VI.A DEL MA;V REGION;CL;Majmud;Cristina;;Garay alto 1189;;;;VI.A DEL MA;V REGION;CL;21990;0;990;0;22980;0;CLP
000000553661;24118685001-A;12/11/2025 13:22:06;Reembolsado;32990;0;32990;5938;0.0000;27052;1;VESTIDO LARGO CUELLO MOCK AZUL NICOPOLY;MPM10002627274-1;N05311PM;12/11/2025 13:22:08;5d_Retiro Tienda Ripley El Trébol;Arteaga Silva;Caterine Vanesa;;"Avenida Jorge Alessandri 3177 ";" 3er Piso. Modulo Retiro en Tienda";;;TALCAHUANO;VIII REGION;CL;Arteaga Silva;Caterine Vanesa;;Auxiliar Guillermo Alarcón 593;;;;TALCAHUANO;VIII REGION;CL;32990;0;0;0;32990;0;CLP
000000553661;24118963001-A;12/11/2025 15:55:29;Recibido;39990;0;39990;7198;0.0000;32792;1;BLAZER CUELLO CRUZADO ROJO NICOPOLY;MPM10002842890-2;N05299DM-7;12/11/2025 15:55:30;6d_Retiro Tienda Ripley Nueva Valdivia;Quezadab;Yolanda;;"Arauco 561 ";" 3er Piso. Servicio al Cliente";;;VALDIVIA;XIV REGION;CL;Quezadab;Yolanda;;Llifen 100;;;;VALDIVIA;XIV REGION;CL;39990;0;0;0;39990;0;CLP
000000553661;24119356501-A;12/11/2025 19:35:10;Reembolsado;37990;0;37990;6838;0.0000;31152;1;FULFILLMENT-BLAZER MANGA DETALLE DRAPEADO MORADO NICOPOLY;MPM10002975139-2;N02481ZXL-4-FF;12/11/2025 19:35:11;FF_MATRIX;Torres Silva;Ingrid;;Neptuno  2056;Casa;;;QTA. NORMAL;REG.METROPOLITANA;CL;Torres Silva;Ingrid;;Neptuno  2056;;;;QTA. NORMAL;REG.METROPOLITANA;CL;37990;0;0;0;37990;0;CLP
000000553661;24119876501-A;12/11/2025 23:54:07;Recibido;16990;990;17980;3058;0.0000;13932;1;VESTIDO CORTO MUJER NICOPOLY BLANCO ABERTURAS MANGAS;MPM10001849478-3;N02336AS-5;12/11/2025 23:54:08;10d_Retiro Tienda Ripley Antofagasta;Grados;Luis;;"Arturo Prat 530 ";" 4to Piso. Servicio al Cliente";;;ANTOFAGASTA;II REGION;CL;Grados;Luis;;Avelino Contardo  1163;;;;ANTOFAGASTA;II REGION;CL;16990;0;990;0;17980;0;CLP
000000553661;24119960901-A;13/11/2025 01:09:47;Reembolsado;29990;0;29990;5398;0.0000;24592;1;VESTIDO LARGO CUELLO MOCK BURDEO NICOPOLY;MPM10002627268-1;N05311TM;13/11/2025 01:09:49;Flujo Crossdock- Ripley PAQ;Diaz;Carolina;;Paineo 7179;S/N;;;HUECHURABA;REG.METROPOLITANA;CL;Diaz;Carolina;;Paineo 7179;;;;HUECHURABA;REG.METROPOLITANA;CL;29990;0;0;0;29990;0;CLP
000000553661;24119960902-A;13/11/2025 01:09:47;Reembolsado;48990;0;48990;8818;0.0000;40172;1;FULFILLMENT-VESTIDO AJUSTADO CUT OUT NEGRO NICOPOLY;MPM10003043492-1;N06146BL-FF;13/11/2025 01:09:50;FF_MATRIX_DX;Diaz;Carolina;;Paineo 7179;S/N;;;HUECHURABA;REG.METROPOLITANA;CL;Diaz;Carolina;;Paineo 7179;;;;HUECHURABA;REG.METROPOLITANA;CL;48990;0;0;0;48990;0;CLP
000000553661;24120297201-A;13/11/2025 11:07:02;Reembolsado;29990;990;30980;5398;0.0000;24592;1;BLAZER 6 BOTONES NEGRO;MPM10002912800-4;N06001BXL;13/11/2025 11:07:03;5d_Retiro Tienda Ripley Rancagua;Varos;Francisca;;"José Domingo Mujica 490 ";" 3er Piso. Modulo Retiro en Tienda";;;RANCAGUA;VI REGION;CL;Varos;Francisca;;Avenida Mauque 0525;;;;RANCAGUA;VI REGION;CL;29990;0;990;0;30980;0;CLP
000000553661;24120404601-A;13/11/2025 12:06:36;Recibido;36990;0;36990;6658;0.0000;30332;1;FULFILLMENT-TAPADO TEJIDO TIPO CROCHET NEGRO NICOPOLY;MPM10002964102-1;N06083BL-FF;13/11/2025 12:06:37;FF_MATRIX_STS;Olivares;Alejandra;;"Baquedano 86 ";" 1er Piso. Servicio al Cliente";;;COQUIMBO;IV REGION;CL;Olivares;Alejandra;;Tarapaca 1312;;;;COQUIMBO;IV REGION;CL;36990;0;0;0;36990;0;CLP
000000553661;24120826601-A;13/11/2025 16:13:02;Recibido;19990;0;19990;3598;0.0000;16392;1;GILET BASICO HILO NEGRO NICOPOLY;MPM10002842889-1;N05264BM-7;13/11/2025 16:13:04;5d_Retiro Tienda Ripley Mall Concepción;Quiroz;"Yohanna ";;"Barros Arana 1068, Concepcion ";" 3er Piso. Modulo Retiro en Tienda";;;CONCEPCION;VIII REGION;CL;Quiroz;"Yohanna ";;Las palmas  1179;;;;CONCEPCION;VIII REGION;CL;19990;0;0;0;19990;0;CLP
000000553661;24121133701-A;13/11/2025 18:54:57;Reembolsado;19990;990;20980;3598;0.0000;16392;1;VESTIDO MUJER NICOPOLY CAFÉ TIPO CAMISERO LEOPARD;MPM10001848651-2;N05123UL;13/11/2025 18:54:58;10d_Retiro Tienda Ripley La Serena;Diaz Cerda;"Mara Jos ";;"Gregorio Cordovez 499 ";" 3er Piso. Modulo Retiro en Tienda";;;LA SERENA;IV REGION;CL;Diaz Cerda;"Mara Jos ";;El olivillo  5287;;;;LA SERENA;IV REGION;CL;19990;0;990;0;20980;0;CLP
000000553661;24121354701-A;13/11/2025 20:58:23;Reembolsado;17990;990;18980;3238;0.0000;14752;1;GILET 4 BOTONES VERDE NICOPOLY;MPM10002842869-1;N05262EM-7;13/11/2025 20:58:25;5d_Retiro Tienda Ripley Viña del Mar Sucre;Valenzuela;Adriana;;"Sucre 290, Viña ";5to Piso. Modulo Retiro en Tienda;;;VI.A DEL MA;V REGION;CL;Valenzuela;Adriana;;Pasaje Lord Cochrane Villa Linda 524;;;;VI.A DEL MA;V REGION;CL;17990;0;990;0;18980;0;CLP
000000553661;24121396101-A;13/11/2025 21:19:44;Reembolsado;19990;495;20485;3598;0.0000;16392;1;GILET BASICO HILO BURDEO NICOPOLY;MPM10002842877-3;N05264TS-7;13/11/2025 21:19:46;10d_Retiro Tienda Ripley San Fernando;Rojas;Daniela;;"Bernardo Ohiggins 701 ";" 3er Piso. Modulo Retiro en Tienda";;;SAN FERNANDO;VI REGION;CL;Rojas;Daniela;;Parque Industrial sn 0;;;;SAN FERNANDO;VI REGION;CL;19990;0;495;0;20485;0;CLP
000000553661;24121396101-A;13/11/2025 21:19:44;Reembolsado;23990;495;24485;4318;0.0000;19672;1;GILET LARGO CON BOTONES BLANCO;MPM10002910437-2;N06135AL;13/11/2025 21:19:46;10d_Retiro Tienda Ripley San Fernando;Rojas;Daniela;;"Bernardo Ohiggins 701 ";" 3er Piso. Modulo Retiro en Tienda";;;SAN FERNANDO;VI REGION;CL;Rojas;Daniela;;Parque Industrial sn 0;;;;SAN FERNANDO;VI REGION;CL;23990;0;495;0;24485;0;CLP
000000553661;24121596101-A;13/11/2025 22:55:59;Reembolsado;28990;0;28990;5218;0.0000;23772;1;ENTERITO CUELLO MOCK BURDEO NICOPOLY;MPM10002627263-2;N05313TL;13/11/2025 22:56:01;Flujo Crossdock- Ripley PAQ;Calderon;Jenifer;;LOS TOPACIOS 1380 QUILPUE 1380;J504;;;QUILPUE;V REGION;CL;Calderon;Jenifer;;LOS TOPACIOS 1380 QUILPUE 1380;;;;QUILPUE;V REGION;CL;28990;0;0;0;28990;0;CLP
000000553661;24121596101-A;13/11/2025 22:55:59;Reembolsado;61990;0;61990;11158;0.0000;50832;1;VESTIDO LARGO TIRANTES CRUZADOS NEGRO NICOPOLY;MPM10002979450-1;N06145BL;13/11/2025 22:56:01;Flujo Crossdock- Ripley PAQ;Calderon;Jenifer;;LOS TOPACIOS 1380 QUILPUE 1380;J504;;;QUILPUE;V REGION;CL;Calderon;Jenifer;;LOS TOPACIOS 1380 QUILPUE 1380;;;;QUILPUE;V REGION;CL;61990;0;0;0;61990;0;CLP
000000553661;24121596101-A;13/11/2025 22:55:59;Reembolsado;44990;0;44990;8098;0.0000;36892;1;VESTIDO LARGO FLOREADO ROSADO NICOPOLY;MPM10003037833-3;N06076SXL;13/11/2025 22:56:01;Flujo Crossdock- Ripley PAQ;Calderon;Jenifer;;LOS TOPACIOS 1380 QUILPUE 1380;J504;;;QUILPUE;V REGION;CL;Calderon;Jenifer;;LOS TOPACIOS 1380 QUILPUE 1380;;;;QUILPUE;V REGION;CL;44990;0;0;0;44990;0;CLP
000000553661;24121665701-A;13/11/2025 23:30:56;Reembolsado;19990;495;20485;3598;0.0000;16392;1;BLUSA CUELLO V TIPO GASA CELESTE NICOPOLY;MPM10001752450-1;N04111KM-5;13/11/2025 23:30:57;4d_Retiro Tienda Ripley Arauco Maipu;Ortega;Paola;;"Av. Americo Vespucio 399 ";" 2do Piso. Modulo Retiro en Tienda";;;MAIPU;REG.METROPOLITANA;CL;Ortega;Paola;;Ana Hanga Koe 1252;;;;MAIPU;REG.METROPOLITANA;CL;19990;0;495;0;20485;0;CLP
000000553661;24121666701-A;13/11/2025 23:31:18;Recibido;24990;990;25980;4498;0.0000;20492;1;CARDIGAN TIPO CROCHET BOTONES DORADOS BEIGE NICOPOLY;MPM10002950329-3;N06066AS;13/11/2025 23:31:25;10d_Retiro Tienda Ripley Antofagasta;Frias;Karina;;"Arturo Prat 530 ";" 4to Piso. Servicio al Cliente";;;ANTOFAGASTA;II REGION;CL;Frias;Karina;;Castro 5954;;;;ANTOFAGASTA;II REGION;CL;24990;0;990;0;25980;0;CLP
000000553661;24121943901-A;14/11/2025 09:26:13;Recibido;23990;0;23990;4318;0.0000;19672;1;VESTIDO LARGO CON ABERTURAS LATERALES NEGRO NICOPOLY;MPM10003031643-3;N06035BL;14/11/2025 09:26:15;4d_Retiro Tienda Ripley Huechuraba;Zuleta;Daniela;;"Av. Americo Vespucio Norte 1737 ";" 2do Piso. Modulo Retiro en Tienda";;;HUECHURABA;REG.METROPOLITANA;CL;Zuleta;Daniela;;Camino de Los fresnos 1133;;;;HUECHURABA;REG.METROPOLITANA;CL;23990;0;0;0;23990;0;CLP
000000553661;24122036201-A;14/11/2025 10:34:19;Reembolsado;36990;0;36990;6658;0.0000;30332;1;BLAZER CUELLO CRUZADO MORADO NICOPOLY;MPM10002842881-2;N05299ZXL-7;14/11/2025 10:34:20;5d_Retiro Tienda Ripley Valparaíso;Moreno;"Veronica ";;"Plaza Victoria 1646 ";" 4to Piso. Servicio al Cliente";;;VALPARAISO;V REGION;CL;Pontio;"Carolina ";;Pasaje mireya 5;;;;VALPARAISO;V REGION;CL;36990;0;0;0;36990;0;CLP
000000553661;24122109702-A;14/11/2025 11:22:30;Reembolsado;22990;0;22990;4138;0.0000;18852;1;GILET HALTER ESPALDA DESCUBIERTA NEGRO NICOPOLY;MPM10002977924-1;N06065BS;14/11/2025 11:22:32;4d_Retiro Tienda Ripley Alameda;Solis Soto;Edison;;"Av Libertador Bernardo O'Higgins 3470, Santiago ";3er Piso. Modulo Retiro en Tienda;;;EST.CENTRAL;REG.METROPOLITANA;CL;Solis Soto;Edison;;rafael sotomayor 563;;;;EST.CENTRAL;REG.METROPOLITANA;CL;22990;0;0;0;22990;0;CLP
000000553661;24122109701-A;14/11/2025 11:22:30;Reembolsado;28990;0;28990;5218;0.0000;23772;1;FULFILLMENT-GILET HALTER ESPALDA DESCUBIERTA BLANCO NICOPOLY;MPM10002995212-4;N06065AS-FF;14/11/2025 11:22:31;FF_MATRIX_STS;Solis Soto;Edison;;"Av Libertador Bernardo O'Higgins 3470, Santiago ";3er Piso. Modulo Retiro en Tienda;;;EST.CENTRAL;REG.METROPOLITANA;CL;Solis Soto;Edison;;rafael sotomayor 563;;;;EST.CENTRAL;REG.METROPOLITANA;CL;28990;0;0;0;28990;0;CLP
000000553661;24122392601-A;14/11/2025 14:18:24;Recibido;25990;0;25990;4678;0.0000;21312;1;VESTIDO MUJER NICOPOLY BLANCO STRAPLESS Y ESCOTE V;MPM10001856335-3;N05011AM;14/11/2025 14:18:25;5d_Retiro Tienda Ripley Talca;Machuca;Nicole;;"8 Oriente 1212 ";" 2do Piso. Modulo Retiro en Tienda";;;TALCA;VII REGION;CL;"Herrera ";"Francisca ";;Pasaje 7 1/2 Poniente A con 27 1/2 Sur 1136;;;;TALCA;VII REGION;CL;25990;0;0;0;25990;0;CLP
000000553661;24122392601-A;14/11/2025 14:18:24;Reembolsado;25990;0;25990;4678;0.0000;21312;1;VESTIDO MUJER NICOPOLY BLANCO STRAPLESS Y ESCOTE V;MPM10001856335-2;N05011AL;14/11/2025 14:18:25;5d_Retiro Tienda Ripley Talca;Machuca;Nicole;;"8 Oriente 1212 ";" 2do Piso. Modulo Retiro en Tienda";;;TALCA;VII REGION;CL;"Herrera ";"Francisca ";;Pasaje 7 1/2 Poniente A con 27 1/2 Sur 1136;;;;TALCA;VII REGION;CL;25990;0;0;0;25990;0;CLP
000000553661;24122832901-A;14/11/2025 18:40:28;Reembolsado;35990;5990;41980;6478;0.0000;29512;1;VESTIDO ASIME TRICO FLORAL VERDE NICOPOLY;MPM10003037797-4;N06173EL;14/11/2025 18:40:29;Flujo Crossdock- Ripley PAQ;Soto;Macarena;;Villa las pircas beatriz urra 30;Casa;;;REQUINOA;VI REGION;CL;Soto;Macarena;;Villa las pircas beatriz urra 30;;;;REQUINOA;VI REGION;CL;35990;0;5990;0;41980;0;CLP
000000553661;24123072101-A;14/11/2025 21:04:40;Reembolsado;29990;0;29990;5398;0.0000;24592;1;BLAZER LARGO DE TOPE NEGRO NICOPOLY;MPM10002635853-2;N05275BM;14/11/2025 21:04:41;5d_Retiro Tienda Ripley El Trébol;Inostroza;Javiera;;"Avenida Jorge Alessandri 3177 ";" 3er Piso. Modulo Retiro en Tienda";;;TALCAHUANO;VIII REGION;CL;Inostroza;Javiera;;Calle 6 47 6;;;;TALCAHUANO;VIII REGION;CL;29990;0;0;0;29990;0;CLP
000000553661;24123214601-A;14/11/2025 22:19:35;Recibido;29990;990;30980;5398;0.0000;24592;1;BLAZER MUJER NICOPOLY NEGRO LAZO DELANTERO;MPM10002128962-3;N05276BS;14/11/2025 22:19:36;5d_Retiro Tienda Ripley Mall Concepción;Fuentes;"Camila ";;"Barros Arana 1068, Concepcion ";" 3er Piso. Modulo Retiro en Tienda";;;CONCEPCION;VIII REGION;CL;Fuentes;"Camila ";;"Pilpilco  #9315 ";;;;CONCEPCION;VIII REGION;CL;29990;0;990;0;30980;0;CLP
000000553661;24123264601-A;14/11/2025 22:43:27;Recibido;34990;990;35980;6298;0.0000;28692;1;ENTERITO MUJER NICOPOLY ROJO OSCURO CUT OUT ESCOTE;MPM10002122134-3;N05303TM;14/11/2025 22:43:28;5d_Retiro Tienda Ripley Chillán;"Carrasco ";Cliente;;"5 de Abril 699 ";4to Piso. Centro de atención al Cliente;;;CHILLAN;VIII REGION;CL;"Carrasco ";Cliente;;Pedro Lagos 668;;;;CHILLAN;VIII REGION;CL;34990;0;990;0;35980;0;CLP
000000553661;24123324901-A;14/11/2025 23:14:32;Recibido;9990;495;10485;1798;0.0000;8192;1;POLERA CUELLO REDONDO NEGRO NICOPOLY;MPM10002661330-1;N05330BM;14/11/2025 23:14:33;11d_Retiro Tienda Ripley Temuco;Vejar Salinas;Carmen Leonora;;"Arturo Prat 656, Temuco ";2do Piso. Modulo Retiro en Tienda;;;TEMUCO;IX REGION;CL;Vejar Salinas;Carmen Leonora;;magdalena mira 2900;;;;TEMUCO;IX REGION;CL;9990;0;495;0;10485;0;CLP
000000553661;24123324901-A;14/11/2025 23:14:32;Recibido;9990;495;10485;1798;0.0000;8192;1;POLERA CUELLO REDONDO BLANCO NICOPOLY;MPM10002661344-2;N05330AM;14/11/2025 23:14:33;11d_Retiro Tienda Ripley Temuco;Vejar Salinas;Carmen Leonora;;"Arturo Prat 656, Temuco ";2do Piso. Modulo Retiro en Tienda;;;TEMUCO;IX REGION;CL;Vejar Salinas;Carmen Leonora;;magdalena mira 2900;;;;TEMUCO;IX REGION;CL;9990;0;495;0;10485;0;CLP
000000553661;24123368701-A;14/11/2025 23:39:10;Recibido;17990;990;18980;3238;0.0000;14752;1;VESTIDO MUJER NICOPOLY CAFÉ TIPO CAMISERO LEOPARD;MPM10001848651-3;N05123US;14/11/2025 23:39:12;6d_Retiro Tienda Ripley Nueva Valdivia;Lopez;Patricia;;"Arauco 561 ";" 3er Piso. Servicio al Cliente";;;VALDIVIA;XIV REGION;CL;Lopez;Patricia;;Intendente luis damann asenjo 962;;;;VALDIVIA;XIV REGION;CL;17990;0;990;0;18980;0;CLP
000000553661;24123784002-A;15/11/2025 11:24:38;Recibido;29990;990;30980;5398;0.0000;24592;1;BOMBER ECOCUERO NEGRO NICOPOLY;MPM10002635840-2;N05153BXL;15/11/2025 11:24:40;5d_Retiro Tienda Ripley Marina Arauco;Seemann;Aurora;;"Avenida Libertad 1348 ";" Piso 4. Modulo Retiro en Tienda";;;VI.A DEL MA;V REGION;CL;Seemann;Aurora;;Los laureles 270 valdivia 270;;;;VI.A DEL MA;V REGION;CL;29990;0;990;0;30980;0;CLP
000000553661;24123869001-A;15/11/2025 12:21:10;Recibido;24990;495;25485;4498;0.0000;20492;1;TRENCH PRINCIPE DE GALES LAZO GRIS NICOPOLY;MPM00048421784-3;N02290IS;15/11/2025 12:21:11;10d_Retiro Tienda Ripley Antofagasta;Torres;Katty;;"Arturo Prat 530 ";" 4to Piso. Servicio al Cliente";;;ANTOFAGASTA;II REGION;CL;Torres;Katty;;Alejandro Flores 3298;;;;ANTOFAGASTA;II REGION;CL;24990;0;495;0;25485;0;CLP
000000553661;24123869001-A;15/11/2025 12:21:10;Recibido;26990;495;27485;4858;0.0000;22132;1;BLAZER LARGO DE TOPE NEGRO NICOPOLY;MPM10002635853-3;N05275BS;15/11/2025 12:21:11;10d_Retiro Tienda Ripley Antofagasta;Torres;Katty;;"Arturo Prat 530 ";" 4to Piso. Servicio al Cliente";;;ANTOFAGASTA;II REGION;CL;Torres;Katty;;Alejandro Flores 3298;;;;ANTOFAGASTA;II REGION;CL;26990;0;495;0;27485;0;CLP
000000553661;24123929001-A;15/11/2025 12:55:39;Reembolsado;48990;990;49980;8818;0.0000;40172;1;ENTERITO HALTER CON CINTURON LAZO FUCSIA NICOPOLY;MPM10001752465-3;N05036SL;15/11/2025 12:55:40;5d_Retiro Tienda Ripley Quilpué;Tureo;Ivonne;;"Claudio Vicuña 992, Quilpue ";" 3er Piso. Modulo Retiro en Tienda";;;QUILPUE;V REGION;CL;Tureo;Ivonne;;isla quiriquina 1495;;;;QUILPUE;V REGION;CL;48990;0;990;0;49980;0;CLP
000000553661;24124114401-A;15/11/2025 14:49:54;Reembolsado;36990;0;36990;6658;0.0000;30332;1;FULFILLMENT-PANTALON MUJER NICOPOLY BEIGE MEZCLA LINO;MPM10003037754-1;N05020LM-FF;15/11/2025 14:49:55;FF_MATRIX;Valdés Romero;Katherine;;Calle La Empresa 290;Casa;;;QUILICURA;REG.METROPOLITANA;CL;Valdés Romero;Katherine;;Calle La Empresa 290;;;;QUILICURA;REG.METROPOLITANA;CL;36990;0;0;0;36990;0;CLP
000000553661;24124249902-A;15/11/2025 16:03:32;Recibido;28990;0;28990;5218;0.0000;23772;1;VESTIDO MUJER NICOPOLY NEGRO CUELLO ALTO;MPM10002128943-1;N05198BS;15/11/2025 16:03:33;10d_Retiro Tienda Ripley Antofagasta;Antiirre;Lucia;;"Arturo Prat 530 ";" 4to Piso. Servicio al Cliente";;;ANTOFAGASTA;II REGION;CL;Antiirre;Lucia;;Vallenar 566;;;;ANTOFAGASTA;II REGION;CL;28990;0;0;0;28990;0;CLP
000000553661;24124396201-A;15/11/2025 17:18:56;Recibido;29990;0;29990;5398;0.0000;24592;1;BLAZER MUJER NICOPOLY NEGRO LAZO DELANTERO;MPM10002128962-2;N05276BM;15/11/2025 17:18:57;10d_Retiro Tienda Ripley La Serena;"Cortes ";"lorena ";;"Gregorio Cordovez 499 ";" 3er Piso. Modulo Retiro en Tienda";;;LA SERENA;IV REGION;CL;Urquieta;Fernando;;Coquimbito n23 - D305 D-305;;;;LA SERENA;IV REGION;CL;29990;0;0;0;29990;0;CLP
000000553661;24124462001-A;15/11/2025 17:56:24;Reembolsado;49990;0;49990;8998;0.0000;40992;1;FULFILLMENT-BLAZER LARGO 4 BOTONES ROSADO NICOPOLY;MPM10002943889-1;N05299HM-FF;15/11/2025 17:56:25;FF_MATRIX;Lillo;Evelyn;;Taitao 1036;S/N;;;LA PINTANA;REG.METROPOLITANA;CL;Lillo;Evelyn;;Taitao 1036;;;;LA PINTANA;REG.METROPOLITANA;CL;49990;0;0;0;49990;0;CLP
000000553661;24124522801-A;15/11/2025 18:24:22;Reembolsado;28990;0;28990;5218;0.0000;23772;1;ENTERITO CUELLO MOCK BURDEO NICOPOLY;MPM10002627263-3;N05313TM;15/11/2025 18:24:23;Flujo Crossdock- Ripley PAQ;Jara;Carol;;Av Salvador allende 423;S/N;;;HUECHURABA;REG.METROPOLITANA;CL;Jara;Carol;;Av Salvador allende 423;;;;HUECHURABA;REG.METROPOLITANA;CL;28990;0;0;0;28990;0;CLP
000000553661;24124522801-A;15/11/2025 18:24:22;Reembolsado;22990;0;22990;4138;0.0000;18852;1;VESTIDO CUELLO MOCK NEGRONICOPOLY;MPM10002627271-2;N05292BS;15/11/2025 18:24:23;Flujo Crossdock- Ripley PAQ;Jara;Carol;;Av Salvador allende 423;S/N;;;HUECHURABA;REG.METROPOLITANA;CL;Jara;Carol;;Av Salvador allende 423;;;;HUECHURABA;REG.METROPOLITANA;CL;22990;0;0;0;22990;0;CLP
000000553661;24124522801-A;15/11/2025 18:24:22;Reembolsado;36990;0;36990;6658;0.0000;30332;1;BLAZER CUELLO CRUZADO ROJO NICOPOLY;MPM10002842890-1;N05299DS-7;15/11/2025 18:24:23;Flujo Crossdock- Ripley PAQ;Jara;Carol;;Av Salvador allende 423;S/N;;;HUECHURABA;REG.METROPOLITANA;CL;Jara;Carol;;Av Salvador allende 423;;;;HUECHURABA;REG.METROPOLITANA;CL;36990;0;0;0;36990;0;CLP
000000553661;24124857001-A;15/11/2025 21:18:05;Recibido;9990;990;10980;1798;0.0000;8192;1;CROP TOP JASPEADO BLANCO NICOPOLY;MPM10001849445-3;N05021AM;15/11/2025 21:18:06;4d_Retiro Tienda Ripley Arauco Maipu;"Dumigual ";"Marcelo ";;"Av. Americo Vespucio 399 ";" 2do Piso. Modulo Retiro en Tienda";;;MAIPU;REG.METROPOLITANA;CL;Dumigual;Paula;;Camino bajos de Santa Cruz 1141;;;;MAIPU;REG.METROPOLITANA;CL;9990;0;990;0;10980;0;CLP
000000553661;24124930701-A;15/11/2025 21:57:48;Reembolsado;37990;990;38980;6838;0.0000;31152;1;ENTERITO MUJER NICOPOLY ROJO OSCURO CUT OUT ESCOTE;MPM10002122134-3;N05303TM;15/11/2025 21:57:49;5d_Retiro Tienda Ripley Marina Arauco;"Santander ";"Elizabeth ";;"Avenida Libertad 1348 ";" Piso 4. Modulo Retiro en Tienda";;;VI.A DEL MA;V REGION;CL;Molina;Jos;;jose parrasia 085;;;;VI.A DEL MA;V REGION;CL;37990;0;990;0;38980;0;CLP
000000553661;24124956901-A;15/11/2025 22:05:30;Recibido;29990;0;29990;5398;0.0000;24592;1;BLAZER FLOREADO CELESTE NICOPOLY;MPM10002627259-2;N05320KL;15/11/2025 22:05:31;5d_Retiro Tienda Ripley Mall Concepción;Araya;Daniella;;"Barros Arana 1068, Concepcion ";" 3er Piso. Modulo Retiro en Tienda";;;CONCEPCION;VIII REGION;CL;Araya;Daniella;;Collao  1948;;;;CONCEPCION;VIII REGION;CL;29990;0;0;0;29990;0;CLP
000000553661;24124999901-A;15/11/2025 22:25:45;Reembolsado;28990;0;28990;5218;0.0000;23772;1;ENTERITO CUELLO MOCK BURDEO NICOPOLY;MPM10002627263-1;N05313TS;15/11/2025 22:25:46;8d_Retiro Tienda Ripley Castellón;Gutierrez;Veronica;;"Castellon 520, Concepcion ";6to Piso. Servicio al Cliente;;;CONCEPCION;VIII REGION;CL;Gutierrez;Veronica;;avenida san pedro del valle 2315;;;;CONCEPCION;VIII REGION;CL;28990;0;0;0;28990;0;CLP
000000553661;24125019901-A;15/11/2025 22:37:46;Recibido;32990;990;33980;5938;0.0000;27052;1;VESTIDO LARGO CUELLO MOCK BURDEO NICOPOLY;MPM10002627268-3;N05311TS;15/11/2025 22:37:47;5d_Retiro Tienda Ripley Chillán;Aravena;Claudia;;"5 de Abril 699 ";4to Piso. Centro de atención al Cliente;;;CHILLAN;VIII REGION;CL;Aravena;Claudia;;Pueblo Seco 3479;;;;CHILLAN;VIII REGION;CL;32990;0;990;0;33980;0;CLP
000000553661;24125044401-A;15/11/2025 22:49:12;Recibido;49990;990;50980;8998;0.0000;40992;1;CHAQUETA CUELLO MAO CAFE NICOPOLY;MPM10002617339-2;N02106OS-6;15/11/2025 22:49:13;4d_Retiro Tienda Ripley Costanera Center;Quiñones;Nicole;;"Avenida Andrés Bello 2422 ";" 1er Piso. Modulo Retiro en Tienda";;;PROVIDENCIA;REG.METROPOLITANA;CL;Quiñones;Nicole;;perez valenzuela 1209;;;;PROVIDENCIA;REG.METROPOLITANA;CL;49990;0;990;0;50980;0;CLP
000000553661;24125095002-A;15/11/2025 23:16:04;Recibido;32990;0;32990;5938;0.0000;27052;1;BLAZER 6 BOTONES NEGRO;MPM10002912800-4;N06001BXL;15/11/2025 23:16:06;11d_Retiro Tienda Ripley Temuco;"Echeverria ";"Betsy ";;"Arturo Prat 656, Temuco ";2do Piso. Modulo Retiro en Tienda;;;TEMUCO;IX REGION;CL;"Echeverria ";"Betsy ";;Centenario 01258;;;;TEMUCO;IX REGION;CL;32990;0;0;0;32990;0;CLP
000000553661;24125272601-A;16/11/2025 01:52:48;Recibido;41990;0;41990;7558;0.0000;34432;1;BLAZER BOLSILLOS Y BOTÓN ROJO NICOPOLY;MPM10001752521-3;N04260DM-5;16/11/2025 01:52:49;Flujo Crossdock- Ripley PAQ;Leon;JessicaEmilia;;Urmeneta  1536;S/N;;;CONCHALI;REG.METROPOLITANA;CL;Leon;JessicaEmilia;;Urmeneta  1536;;;;CONCHALI;REG.METROPOLITANA;CL;41990;0;0;0;41990;0;CLP
000000553661;24125330301-A;16/11/2025 07:17:12;Recibido;24990;0;24990;4498;0.0000;20492;1;VESTIDO CAMISERO CEBRA CAFE  NICOPOLY;MPM10002977800-1;N06169UM;16/11/2025 07:17:14;4d_Retiro Tienda Ripley Florida Center;Muoz;Angela;;"Vicuña Mackenna Oriente 6100, La Florida ";3er Piso. Modulo Retiro en Tienda;;;LA FLORIDA;REG.METROPOLITANA;CL;Muoz;Angela;;Avda. Macul 6305;;;;LA FLORIDA;REG.METROPOLITANA;CL;24990;0;0;0;24990;0;CLP
000000553661;24125423701-A;16/11/2025 10:08:02;Recibido;29990;0;29990;5398;0.0000;24592;1;BLAZER FLOREADO CELESTE NICOPOLY;MPM10002627259-3;N05320KS;16/11/2025 10:08:03;4d_Retiro Tienda Ripley Tobalaba;Ossandon;Patricia;;"Av. Camilo Henríquez 3296, Puente Alto ";2do Piso. Modulo Retiro en Tienda;;;PUENTE ALTO;REG.METROPOLITANA;CL;Ossandon;Patricia;;Av Canal de la Luz 3912;;;;PUENTE ALTO;REG.METROPOLITANA;CL;29990;0;0;0;29990;0;CLP
000000553661;24125423701-A;16/11/2025 10:08:02;Recibido;29990;0;29990;5398;0.0000;24592;1;BLAZER FLOREADO NEGRO NICOPOLY;MPM10002627264-1;N05320BS;16/11/2025 10:08:03;4d_Retiro Tienda Ripley Tobalaba;Ossandon;Patricia;;"Av. Camilo Henríquez 3296, Puente Alto ";2do Piso. Modulo Retiro en Tienda;;;PUENTE ALTO;REG.METROPOLITANA;CL;Ossandon;Patricia;;Av Canal de la Luz 3912;;;;PUENTE ALTO;REG.METROPOLITANA;CL;29990;0;0;0;29990;0;CLP
000000553661;24125452701-A;16/11/2025 10:36:51;Reembolsado;25990;990;26980;4678;0.0000;21312;1;PANTALON LEOPARDO CAFE  NICOPOLY;MPM10003032189-4;N06074US;16/11/2025 10:36:53;5d_Retiro Tienda Ripley Los Andes;"Aranda ";"Mariana ";;"Santa Teresita 683 ";2do Piso. Servicio al Cliente;;;LOS ANDES;V REGION;CL;"Aranda ";"Mariana ";;Calle duco 1050;;;;LOS ANDES;V REGION;CL;25990;0;990;0;26980;0;CLP
000000553661;24125561201-A;16/11/2025 12:12:42;Recibido;28990;0;28990;5218;0.0000;23772;1;ENTERITO CUELLO MOCK BURDEO NICOPOLY;MPM10002627263-1;N05313TS;16/11/2025 12:12:43;8d_Retiro Tienda Ripley Copiapo;Urbina;Anahi;;"Calle Maipu S/N, Copiapo ";" 2do Piso. Servicio al Cliente";;;COPIAPO;III REGION;CL;Urbina;Anahi;;calle del rio  2212;;;;COPIAPO;III REGION;CL;28990;0;0;0;28990;0;CLP
000000553661;24125706701-A;16/11/2025 14:04:32;Recibido;33990;990;34980;6118;0.0000;27872;1;ENTERITO ESCOTE CRUZADO BURDEO NICOPOLY;MPM10003031626-3;N05044TL;16/11/2025 14:04:33;5d_Retiro Tienda Ripley La Calera;Olivares;"Nicole ";;"JJ Perez 90, La Calera ";" 2do Piso. Modulo Retiro en Tienda";;;LA CALERA;V REGION;CL;Olivares;"Nicole ";;4 esquinas hijuelas 00000;;;;LA CALERA;V REGION;CL;33990;0;990;0;34980;0;CLP
000000553661;24125767401-A;16/11/2025 14:50:50;Recibido;32990;0;32990;5938;0.0000;27052;1;BOMBER ECOCUERO NEGRO NICOPOLY;MPM10002635840-4;N05153BM;16/11/2025 14:50:51;5d_Retiro Tienda Ripley Quilpué;"Quintana ";"Lisset ";;"Claudio Vicuña 992, Quilpue ";" 3er Piso. Modulo Retiro en Tienda";;;QUILPUE;V REGION;CL;"Quintana ";"Lisset ";;Peru  515;;;;QUILPUE;V REGION;CL;32990;0;0;0;32990;0;CLP
000000553661;24125974901-A;16/11/2025 17:01:45;Recibido;44990;0;44990;8098;0.0000;36892;1;FULFILLMENT-BLAZER BASICO DE TOPE ROSADO NICOPOLY;MPM10002943894-4;N05301HS-FF;16/11/2025 17:01:46;FF_MATRIX_STS;Barraza;"Constanza ";;"Sucre 290, Viña ";5to Piso. Modulo Retiro en Tienda;;;VI.A DEL MA;V REGION;CL;Astorga;Roxana Victoria;;Carmen 249 cerró placeres 249;;;;VI.A DEL MA;V REGION;CL;44990;0;0;0;44990;0;CLP
000000553661;24125992401-A;16/11/2025 17:09:56;Reembolsado;23990;990;24980;4318;0.0000;19672;1;PANTALON ENTALLADO COSTURAS DELANTERAS BLANCO NICOPOLY;MPM10000316118-2;N03030AS;16/11/2025 17:09:58;5d_Retiro Tienda Ripley Quilpué;Estay Yuivar;Roxana;;"Claudio Vicuña 992, Quilpue ";" 3er Piso. Modulo Retiro en Tienda";;;QUILPUE;V REGION;CL;Estay Yuivar;Roxana;;Londres 1378;;;;QUILPUE;V REGION;CL;23990;0;990;0;24980;0;CLP
000000553661;24126262101-A;16/11/2025 19:43:47;Recibido;35990;7990;43980;6478;0.0000;29512;1;VESTIDO ASIME TRICO FLORAL VERDE NICOPOLY;MPM10003037797-3;N06173EM;16/11/2025 19:43:48;Flujo Crossdock- Ripley PAQ;Lermanda Riquelme;Ana Margot;;Helios 585 dpto a301 585;"A301 ";;;LOS ANGELES;VIII REGION;CL;Lermanda Riquelme;Ana Margot;;Helios 585 dpto a301 585;;;;LOS ANGELES;VIII REGION;CL;35990;0;7990;0;43980;0;CLP
000000553661;24126544701-A;16/11/2025 22:01:54;Reembolsado;23990;0;23990;4318;0.0000;19672;1;GILET LARGO CON BOTONES BLANCO;MPM10002910437-1;N06135AM;16/11/2025 22:01:55;4d_Retiro Tienda Ripley Parque Arauco;"Lahuasi ";Ximena;;"Avenida Kennedy 5413 ";4to Piso. Modulo Retiro en Tienda;;;LAS CONDES;REG.METROPOLITANA;CL;"Lahuasi ";Ximena;;Camino de la Aguada  14087;;;;LAS CONDES;REG.METROPOLITANA;CL;23990;0;0;0;23990;0;CLP
000000553661;24126544701-A;16/11/2025 22:01:54;Reembolsado;25990;0;25990;4678;0.0000;21312;1;PANTALÓN MUJER NICOPOLY BLANCO CARROT;MPM10002128951-4;N05242AM;16/11/2025 22:01:55;4d_Retiro Tienda Ripley Parque Arauco;"Lahuasi ";Ximena;;"Avenida Kennedy 5413 ";4to Piso. Modulo Retiro en Tienda;;;LAS CONDES;REG.METROPOLITANA;CL;"Lahuasi ";Ximena;;Camino de la Aguada  14087;;;;LAS CONDES;REG.METROPOLITANA;CL;25990;0;0;0;25990;0;CLP
000000553661;24126544701-A;16/11/2025 22:01:54;Reembolsado;33990;0;33990;6118;0.0000;27872;1;BLAZER SIN MANGAS BOLSILLOS BLANCO;MPM10001752435-3;N04294AS-5;16/11/2025 22:01:55;4d_Retiro Tienda Ripley Parque Arauco;"Lahuasi ";Ximena;;"Avenida Kennedy 5413 ";4to Piso. Modulo Retiro en Tienda;;;LAS CONDES;REG.METROPOLITANA;CL;"Lahuasi ";Ximena;;Camino de la Aguada  14087;;;;LAS CONDES;REG.METROPOLITANA;CL;33990;0;0;0;33990;0;CLP
000000553661;24126642801-A;16/11/2025 22:43:39;Recibido;17990;495;18485;3238;0.0000;14752;1;CARDIGAN BASICO MORADO  NICOPOLY;MPM10002924255-2;N06010ZL;16/11/2025 22:43:40;10d_Retiro Tienda Ripley Pto. Montt Costanera;"Ravest ";"Miriam ";;"Juan Soler Manfredini 10 ";" 6to Piso. Modulo Retiro en Tienda";;;PTO.MONTT;X REGION;CL;Ravest;"Miriam ";;Aeropuerto mocopulli 3540;;;;PTO.MONTT;X REGION;CL;17990;0;495;0;18485;0;CLP
000000553661;24126642801-A;16/11/2025 22:43:39;Recibido;19990;495;20485;3598;0.0000;16392;1;CÁRDIGAN MUJER NICOPOLY ROJO CROP PERLAS;MPM10002160522-3;N05227DL;16/11/2025 22:43:40;10d_Retiro Tienda Ripley Pto. Montt Costanera;"Ravest ";"Miriam ";;"Juan Soler Manfredini 10 ";" 6to Piso. Modulo Retiro en Tienda";;;PTO.MONTT;X REGION;CL;Ravest;"Miriam ";;Aeropuerto mocopulli 3540;;;;PTO.MONTT;X REGION;CL;19990;0;495;0;20485;0;CLP
000000553661;24126772301-A;16/11/2025 23:33:06;Reembolsado;36990;0;36990;6658;0.0000;30332;1;BLAZER CUELLO CRUZADO MORADO NICOPOLY;MPM10002842881-4;N05299ZS-7;16/11/2025 23:33:07;5d_Retiro Tienda Ripley Quilpué;"Hernández ";"Katalina ";;"Claudio Vicuña 992, Quilpue ";" 3er Piso. Modulo Retiro en Tienda";;;QUILPUE;V REGION;CL;Saavedra;Julia;;avenida republica 75 limache 75;;;;QUILPUE;V REGION;CL;36990;0;0;0;36990;0;CLP
000000553661;24126812103-A;16/11/2025 23:55:58;Reembolsado;17990;1970;19960;3238;0.0000;14752;1;VESTIDO MUJER NICOPOLY CAFÉ TIPO CAMISERO LEOPARD;MPM10001848651-3;N05123US;16/11/2025 23:55:59;Flujo Crossdock- Ripley PAQ;Jara;Carol;;Av Salvador allende 423;S/N;;;HUECHURABA;REG.METROPOLITANA;CL;Jara;Carol;;Av Salvador allende 423;;;;HUECHURABA;REG.METROPOLITANA;CL;17990;0;1970;0;19960;0;CLP
000000553661;24126874101-A;17/11/2025 00:39:45;Recibido;20990;990;21980;3778;0.0000;17212;1;BLUSA LEOPARDO CAFE  NICOPOLY;MPM10002617348-2;N05321FM;17/11/2025 00:39:47;4d_Retiro Tienda Ripley Crillon;"Silva ";"Claudia ";;"Agustinas #1025 ";Piso -1. Modulo Retiro en Tienda;;;SANTIAGO;REG.METROPOLITANA;CL;"Silva ";"Claudia ";;Nicanor de la Sotta  3655;;;;SANTIAGO;REG.METROPOLITANA;CL;20990;0;990;0;21980;0;CLP
000000553661;24126970501-A;17/11/2025 08:03:52;Recibido;32990;990;33980;5938;0.0000;27052;1;VESTIDO LARGO CUELLO MOCK BURDEO NICOPOLY;MPM10002627268-1;N05311TM;17/11/2025 08:03:54;10d_Retiro Tienda Ripley Portal Temuco;Saavedra;"Yulianna ";;"Avenida Alemania 0671 ";3er Piso, Modulo Retiro en Tienda;;;TEMUCO;IX REGION;CL;Saavedra;Yenifer;;Prieto norte  227;;;;TEMUCO;IX REGION;CL;32990;0;990;0;33980;0;CLP
000000553661;24127097901-A;17/11/2025 10:08:21;Reembolsado;28990;990;29980;5218;0.0000;23772;1;VESTIDO FLOREADO BOTONES DELANTEROS FUCSIA NICOPOLY;MPM10003037311-1;N06054SXL;17/11/2025 10:08:22;10d_Retiro Tienda Ripley San Fernando;Madrid;Maria Fernanda;;"Bernardo Ohiggins 701 ";" 3er Piso. Modulo Retiro en Tienda";;;SAN FERNANDO;VI REGION;CL;Madrid;Maria Fernanda;;Juan jimenez  371;;;;SAN FERNANDO;VI REGION;CL;28990;0;990;0;29980;0;CLP
000000553661;24127247501-A;17/11/2025 11:30:55;Reembolsado;23990;0;23990;4318;0.0000;19672;1;GILET LARGO CON BOTONES BURDEO;MPM10002910427-1;N06135TS;17/11/2025 11:30:56;Flujo Crossdock- Ripley PAQ;Pino;"Javiera ";;Santa Clara 2930 2930;412;;;CONCEPCION;VIII REGION;CL;Pino;"Javiera ";;Santa Clara 2930 2930;;;;CONCEPCION;VIII REGION;CL;23990;0;0;0;23990;0;CLP
000000553661;24127280601-A;17/11/2025 11:46:21;Reembolsado;36990;0;36990;6658;0.0000;30332;1;BLAZER CUELLO CRUZADO MORADO NICOPOLY;MPM10002842881-3;N05299ZL-7;17/11/2025 11:46:22;4d_Retiro Tienda Ripley Plaza Vespucio;Alvial;Victoria;;"Av. Vicuña Mackenna Ote. 7110, La Florida ";3er Piso. Modulo Retiro en Tienda;;;LA FLORIDA;REG.METROPOLITANA;CL;Alvial;Victoria;;Pasaje cuatro 9665 La Patria 9665;;;;LA FLORIDA;REG.METROPOLITANA;CL;36990;0;0;0;36990;0;CLP
000000553661;24127324201-A;17/11/2025 12:10:59;Recibido;25990;495;26485;4678;0.0000;21312;1;PANTALON BASICO ROJO NICOPOLY;MPM10002842867-4;N05298DM-7;17/11/2025 12:11:00;5d_Retiro Tienda Ripley El Trébol;Espinoza;"Ivana ";;"Avenida Jorge Alessandri 3177 ";" 3er Piso. Modulo Retiro en Tienda";;;TALCAHUANO;VIII REGION;CL;Farfal;Magaly;;Jaime repullo  3545;;;;TALCAHUANO;VIII REGION;CL;25990;0;495;0;26485;0;CLP
000000553661;24127324201-A;17/11/2025 12:10:59;Recibido;17990;495;18485;3238;0.0000;14752;1;GILET 4 BOTONES ROJO NICOPOLY;MPM10002842871-1;N05262DM-7;17/11/2025 12:11:00;5d_Retiro Tienda Ripley El Trébol;Espinoza;"Ivana ";;"Avenida Jorge Alessandri 3177 ";" 3er Piso. Modulo Retiro en Tienda";;;TALCAHUANO;VIII REGION;CL;Farfal;Magaly;;Jaime repullo  3545;;;;TALCAHUANO;VIII REGION;CL;17990;0;495;0;18485;0;CLP
000000553661;24127402201-A;17/11/2025 12:47:24;Recibido;31990;990;32980;5758;0.0000;26232;1;ENTERITO CUELLO MOCK BURDEO NICOPOLY;MPM10002627263-1;N05313TS;17/11/2025 12:47:27;10d_Retiro Tienda Ripley La Serena;Aguirre;Paloma;;"Gregorio Cordovez 499 ";" 3er Piso. Modulo Retiro en Tienda";;;LA SERENA;IV REGION;CL;Aguirre;Paloma;;Juan de Dios peni 586 586;;;;LA SERENA;IV REGION;CL;31990;0;990;0;32980;0;CLP
000000553661;24127575501-A;17/11/2025 14:18:50;Recibido;48990;990;49980;8818;0.0000;40172;1;VESTIDO LARGO FLOREADO ROSADO NICOPOLY;MPM10003037833-1;N06076SS;17/11/2025 14:18:52;5d_Retiro Tienda Ripley Mall Concepción;Vergara Parra;Daniela Alejandra;;"Barros Arana 1068, Concepcion ";" 3er Piso. Modulo Retiro en Tienda";;;CONCEPCION;VIII REGION;CL;Vergara Parra;Daniela Alejandra;;Avenida las Margaritas  1328;;;;CONCEPCION;VIII REGION;CL;48990;0;990;0;49980;0;CLP
000000553661;24127596701-A;17/11/2025 14:31:05;Recibido;23990;990;24980;4318;0.0000;19672;1;VESTIDO LARGO CON ABERTURAS LATERALES NEGRO NICOPOLY;MPM10003031643-2;N06035BM;17/11/2025 14:31:07;4d_Retiro Tienda Ripley Puente;Leyton;Viviana;;"21 de Mayo 698 ";4to Piso. Modulo Retiro en Tienda;;;SANTIAGO;REG.METROPOLITANA;CL;Leyton;Viviana;;Arturo Prat 324;;;;SANTIAGO;REG.METROPOLITANA;CL;23990;0;990;0;24980;0;CLP
000000553661;24127611601-A;17/11/2025 14:36:52;Recibido;36990;3990;40980;6658;0.0000;30332;1;BLAZER CUELLO CRUZADO MORADO NICOPOLY;MPM10002842881-2;N05299ZXL-7;17/11/2025 14:36:53;Flujo Crossdock- Ripley PAQ;Valdebenito;Eleazar;;Manuel luengo, Carampangue  323;Casa;;;ARAUCO;VIII REGION;CL;Valdebenito;Eleazar;;Manuel luengo, Carampangue  323;;;;ARAUCO;VIII REGION;CL;36990;0;3990;0;40980;0;CLP
000000553661;24127656101-A;17/11/2025 15:07:08;Recibido;34990;0;34990;6298;0.0000;28692;1;FULFILLMENT-BLAZER CUELLO SIN SOLAPA NEGRO NICOPOLY;MPM10002975133-2;N05140BS-FF;17/11/2025 15:07:10;FF_MATRIX_STS;Avila Lefin;Sandivel  Estefany;;"Arauco 561 ";" 3er Piso. Servicio al Cliente";;;VALDIVIA;XIV REGION;CL;Avila Lefin;Sandivel  Estefany;;Jose Victorino Lastarria pasaje 5 582;;;;VALDIVIA;XIV REGION;CL;34990;0;0;0;34990;0;CLP
000000553661;24127924302-A;17/11/2025 17:16:04;Recibido;14990;990;15980;2698;0.0000;12292;1;BODY HALTER TIPO SATIN NEGRO NICOPOLY;MPM10001878231-3;N05047BL;17/11/2025 17:16:05;5d_Retiro Tienda Ripley Los Ángeles;Inostroza;Andrea Eliana;;"Valdivia 440, Los Angeles ";" 3er Piso. Servicio al Cliente";;;LOS ANGELES;VIII REGION;CL;Inostroza;Andrea Eliana;;EL PINO 101;;;;LOS ANGELES;VIII REGION;CL;14990;0;990;0;15980;0;CLP
000000553661;24127934601-A;17/11/2025 17:24:02;Recibido;30990;990;31980;5578;0.0000;25412;1;ENTERITO ESCOTE CRUZADO BLANCO NICOPOLY;MPM10001856330-2;N05044AL;17/11/2025 17:24:03;4d_Retiro Tienda Ripley Arauco Maipu;Nunez;Nicole;;"Av. Americo Vespucio 399 ";" 2do Piso. Modulo Retiro en Tienda";;;MAIPU;REG.METROPOLITANA;CL;Nunez;Nicole;;Av. Laguna Sur 8736;;;;MAIPU;REG.METROPOLITANA;CL;30990;0;990;0;31980;0;CLP
000000553661;24127976101-A;17/11/2025 17:46:01;Recibido;44990;0;44990;8098;0.0000;36892;1;FULFILLMENT-BLAZER BASICO DE TOPE AZUL NICOPOLY;MPM10002943897-4;N05301KM-FF;17/11/2025 17:46:02;FF_MATRIX;Lamuño;Carolina;;Tucapel 664;1202;;;CONCEPCION;VIII REGION;CL;Lamuño;Carolina;;Tucapel 664;;;;CONCEPCION;VIII REGION;CL;44990;0;0;0;44990;0;CLP
000000553661;24127976101-A;17/11/2025 17:46:01;Recibido;34990;0;34990;6298;0.0000;28692;1;FULFILLMENT-PANTALON BASICO CELESTE NICOPOLY;MPM10002952981-4;N05298KL-FF;17/11/2025 17:46:02;FF_MATRIX;Lamuño;Carolina;;Tucapel 664;1202;;;CONCEPCION;VIII REGION;CL;Lamuño;Carolina;;Tucapel 664;;;;CONCEPCION;VIII REGION;CL;34990;0;0;0;34990;0;CLP
000000553661;24128203301-A;17/11/2025 19:40:13;Recibido;32990;990;33980;5938;0.0000;27052;1;VESTIDO ALGODÓN MUJER NICOPOLY CAFÉ SAFARI CUELLO CAMISERO;MPM10002122834-3;N05268LL;17/11/2025 19:40:15;4d_Retiro Tienda Ripley Puente;Santana;Claudio;;"21 de Mayo 698 ";4to Piso. Modulo Retiro en Tienda;;;SANTIAGO;REG.METROPOLITANA;CL;Santana;Claudio;;la rioja 2304;;;;SANTIAGO;REG.METROPOLITANA;CL;32990;0;990;0;33980;0;CLP
000000553661;24128217301-A;17/11/2025 19:47:23;Reembolsado;23990;0;23990;4318;0.0000;19672;1;BLUSA ENCAJE DETALLE LENTEJUELAS BLANCO NICOPOLY;MPM10003032207-1;N06142AXL;17/11/2025 19:47:24;5d_Retiro Tienda Ripley Quilpué;Valencia;Jeannette;;"Claudio Vicuña 992, Quilpue ";" 3er Piso. Modulo Retiro en Tienda";;;QUILPUE;V REGION;CL;Valencia;Jeannette;;Pasaje Las Quilas 3141;;;;QUILPUE;V REGION;CL;23990;0;0;0;23990;0;CLP
000000553661;24128217302-A;17/11/2025 19:47:23;Reembolsado;34990;0;34990;6298;0.0000;28692;1;FULFILLMENT-PANTALON BASICO ROSADO NICOPOLY;MPM10002952997-3;N05298HXL-FF;17/11/2025 19:47:24;FF_MATRIX_STS;Valencia;Jeannette;;"Claudio Vicuña 992, Quilpue ";" 3er Piso. Modulo Retiro en Tienda";;;QUILPUE;V REGION;CL;Valencia;Jeannette;;Pasaje Las Quilas 3141;;;;QUILPUE;V REGION;CL;34990;0;0;0;34990;0;CLP
000000553661;24128217302-A;17/11/2025 19:47:23;Reembolsado;35990;0;35990;6478;0.0000;29512;1;FULFILLMENT-PANTALON CON PINZAS RECTO ROSADO NICOPOLY;MPM10002943925-1;N04277HXL-5-FF;17/11/2025 19:47:24;FF_MATRIX_STS;Valencia;Jeannette;;"Claudio Vicuña 992, Quilpue ";" 3er Piso. Modulo Retiro en Tienda";;;QUILPUE;V REGION;CL;Valencia;Jeannette;;Pasaje Las Quilas 3141;;;;QUILPUE;V REGION;CL;35990;0;0;0;35990;0;CLP
000000553661;24128266101-A;17/11/2025 20:12:37;Recibido;35990;0;35990;6478;0.0000;29512;1;FULFILLMENT-PANTALON CON PINZAS RECTO ROSADO NICOPOLY;MPM10002943925-2;N04277HM-5-FF;17/11/2025 20:12:38;FF_MATRIX_STS;Uribe;Verónica;;"Sucre 290, Viña ";5to Piso. Modulo Retiro en Tienda;;;VI.A DEL MA;V REGION;CL;Uribe;Verónica;;Borinquen población Puerto Rico 207;;;;VI.A DEL MA;V REGION;CL;35990;0;0;0;35990;0;CLP
000000553661;24128268101-A;17/11/2025 20:13:45;Recibido;19990;990;20980;3598;0.0000;16392;1;GILET LEOPARD CAFE  NICOPOLY;MPM10002842888-1;N05304LS-7;17/11/2025 20:13:46;10d_Retiro Tienda Ripley Portal Temuco;Chahin;Natalia;;"Avenida Alemania 0671 ";3er Piso, Modulo Retiro en Tienda;;;TEMUCO;IX REGION;CL;Chahin;Natalia;;Puerta de Castilla 265 265;;;;TEMUCO;IX REGION;CL;19990;0;990;0;20980;0;CLP
000000553661;24128348001-A;17/11/2025 20:51:54;Reembolsado;19990;0;19990;3598;0.0000;16392;1;GILET BASICO HILO NEGRO NICOPOLY;MPM10002842889-2;N05264BS-7;17/11/2025 20:51:55;4d_Retiro Tienda Ripley Huechuraba;Soto Tejo;"Luis ";;"Av. Americo Vespucio Norte 1737 ";" 2do Piso. Modulo Retiro en Tienda";;;HUECHURABA;REG.METROPOLITANA;CL;Mansilla Alvarez;Nayira;;Calle manzanilla 2101;;;;HUECHURABA;REG.METROPOLITANA;CL;19990;0;0;0;19990;0;CLP
000000553661;24128443001-A;17/11/2025 21:35:37;Recibido;22990;990;23980;4138;0.0000;18852;1;GILET BASICO AJUSTABLE ROJO NICOPOLY;MPM10002842897-2;N04273DM-7;17/11/2025 21:35:38;4d_Retiro Tienda Ripley Plaza Egaña;Cortes;Carolina;;"Larrain 5800 ";" 3er Piso. Modulo Retiro en Tienda";;;NUNOA;REG.METROPOLITANA;CL;Cortes;Carolina;;Francisco de Villagra 127;;;;NUNOA;REG.METROPOLITANA;CL;22990;0;990;0;23980;0;CLP
000000553661;24128667601-A;17/11/2025 23:00:22;Recibido;33990;0;33990;6118;0.0000;27872;1;BLAZER SIN MANGAS BOLSILLOS CAFE;MPM10002942345-2;N04294OXL;17/11/2025 23:00:23;5d_Retiro Tienda Ripley Rancagua;Moscoso;Claudia;;"José Domingo Mujica 490 ";" 3er Piso. Modulo Retiro en Tienda";;;RANCAGUA;VI REGION;CL;Moscoso;Claudia;;Germán Riesco 1502;;;;RANCAGUA;VI REGION;CL;33990;0;0;0;33990;0;CLP
000000553661;24128667601-A;17/11/2025 23:00:22;Recibido;33990;0;33990;6118;0.0000;27872;1;BLAZER SIN MANGAS BOLSILLOS NEGRO;MPM10001752522-2;N04294BXL-5;17/11/2025 23:00:23;5d_Retiro Tienda Ripley Rancagua;Moscoso;Claudia;;"José Domingo Mujica 490 ";" 3er Piso. Modulo Retiro en Tienda";;;RANCAGUA;VI REGION;CL;Moscoso;Claudia;;Germán Riesco 1502;;;;RANCAGUA;VI REGION;CL;33990;0;0;0;33990;0;CLP
000000553661;24128663701-A;17/11/2025 23:00:35;Recibido;17990;990;18980;3238;0.0000;14752;1;FALDA MUJER NICOPOLY AZUL MEDIO DENIM TAJO FRONTAL;MPM10001465759-3;N04269KS;17/11/2025 23:00:36;5d_Retiro Tienda Ripley Mall Concepción;ESCOBAR;CARLOS;;"Barros Arana 1068, Concepcion ";" 3er Piso. Modulo Retiro en Tienda";;;CONCEPCION;VIII REGION;CL;Escobar;Sofia;;Calle Pique Carlos 120;;;;CONCEPCION;VIII REGION;CL;17990;0;990;0;18980;0;CLP
000000553661;24128879501-A;18/11/2025 01:15:39;Reembolsado;9990;990;10980;1798;0.0000;8192;1;POLERA ESCOTE EN V BASICA AZUL MARINO NICOPOLY;MPM10002967414-3;N06124PS;18/11/2025 01:15:41;5d_Retiro Tienda Ripley Rancagua;Leon;Alondra;;"José Domingo Mujica 490 ";" 3er Piso. Modulo Retiro en Tienda";;;RANCAGUA;VI REGION;CL;Leon;Alondra;;pasaje camino del amanecer 03638 03638;;;;RANCAGUA;VI REGION;CL;9990;0;990;0;10980;0;CLP
000000553661;24128986401-A;18/11/2025 08:29:52;Reembolsado;36990;4990;41980;6658;0.0000;30332;1;PANTALÓN PALAZZO MUJER NICOPOLY VERDE TAJOS;MPM10001503443-1;N10369EL-4;18/11/2025 08:29:53;Flujo Crossdock- Ripley PAQ;Rivera;Ruth;;Marlén Bozán Ramos 1500;Casa;;;BUIN;REG.METROPOLITANA;CL;Rivera;Ruth;;Marlén Bozán Ramos 1500;;;;BUIN;REG.METROPOLITANA;CL;36990;0;4990;0;41980;0;CLP
000000553661;24129050601-A;18/11/2025 09:25:41;Reembolsado;17990;0;17990;3238;0.0000;14752;1;BLUSA MUJER NICOPOLY AZUL REY PRINT ABSTRACTO;MPM10002160510-3;N05272CM;18/11/2025 09:25:42;4d_Retiro Tienda Ripley Huechuraba;Vega;"Katherine ";;"Av. Americo Vespucio Norte 1737 ";" 2do Piso. Modulo Retiro en Tienda";;;HUECHURABA;REG.METROPOLITANA;CL;Sandoval;Claudio;;Pasaje Roberto Matta 81;;;;HUECHURABA;REG.METROPOLITANA;CL;17990;0;0;0;17990;0;CLP
000000553661;24129208201-A;18/11/2025 11:15:43;Recibido;9990;990;10980;1798;0.0000;8192;1;CROP TOP JASPEADO ROSADO NICOPOLY;MPM10001849456-2;N05021HM;18/11/2025 11:15:44;5d_Retiro Tienda Ripley El Trébol;Bahamondes Lara;Claudia;;"Avenida Jorge Alessandri 3177 ";" 3er Piso. Modulo Retiro en Tienda";;;TALCAHUANO;VIII REGION;CL;Bahamondes Lara;Claudia;;Balmaceda 527 A;;;;TALCAHUANO;VIII REGION;CL;9990;0;990;0;10980;0;CLP
000000553661;24129225801-A;18/11/2025 11:30:48;Recibido;31990;0;31990;5758;0.0000;26232;1;ENTERITO CUELLO MOCK BURDEO NICOPOLY;MPM10002627263-2;N05313TL;18/11/2025 11:30:49;5d_Retiro Tienda Ripley La Calera;Delgado;Liset;;"JJ Perez 90, La Calera ";" 2do Piso. Modulo Retiro en Tienda";;;LA CALERA;V REGION;CL;Delgado;Liset;;Mejillones 90;;;;LA CALERA;V REGION;CL;31990;0;0;0;31990;0;CLP
000000553661;24129294001-A;18/11/2025 12:03:10;Recibido;31990;8990;40980;5758;0.0000;26232;1;ENTERITO CUELLO MOCK BURDEO NICOPOLY;MPM10002627263-3;N05313TM;18/11/2025 12:03:11;Flujo Crossdock- Ripley PAQ;Julio Torres;Lidia;;Nicolas Tirado 90;91 B;;;ANTOFAGASTA;II REGION;CL;Julio Torres;Lidia;;Nicolas Tirado 90;;;;ANTOFAGASTA;II REGION;CL;31990;0;8990;0;40980;0;CLP
000000553661;24129359701-A;18/11/2025 12:34:43;Recibido;27990;2195;30185;5038;0.0000;22952;1;VESTIDO ESCOTE CUADRADO NEGRO NICOPOLY;MPM10003032204-2;N06128BM;18/11/2025 12:34:44;Flujo Crossdock- Ripley PAQ;Arevalo;Evelyn;;Avenida Vicuña Mackena Poniente 6456;710A;;;LA FLORIDA;REG.METROPOLITANA;CL;Arevalo;Evelyn;;Avenida Vicuña Mackena Poniente 6456;;;;LA FLORIDA;REG.METROPOLITANA;CL;27990;0;2195;0;30185;0;CLP
000000553661;24129359701-A;18/11/2025 12:34:43;Recibido;31990;2195;34185;5758;0.0000;26232;1;VESTIDO FLOREADO BOTONES DELANTEROS FUCSIA NICOPOLY;MPM10003037311-3;N06054SM;18/11/2025 12:34:44;Flujo Crossdock- Ripley PAQ;Arevalo;Evelyn;;Avenida Vicuña Mackena Poniente 6456;710A;;;LA FLORIDA;REG.METROPOLITANA;CL;Arevalo;Evelyn;;Avenida Vicuña Mackena Poniente 6456;;;;LA FLORIDA;REG.METROPOLITANA;CL;31990;0;2195;0;34185;0;CLP
000000553661;24129581101-A;18/11/2025 14:23:01;Recibido;49990;0;49990;8998;0.0000;40992;1;FULFILLMENT-BLAZER MANGA 3/4 AJUSTADA CON PLIEGUES BLANCO;MPM10002943892-3;N03049AL-FF;18/11/2025 14:23:02;FF_MATRIX_STS;"Hernndez ";"Javiera ";;"Avenida Andrés Bello 2422 ";" 1er Piso. Modulo Retiro en Tienda";;;PROVIDENCIA;REG.METROPOLITANA;CL;"Hernndez ";"Javiera ";;Carmen 319;;;;PROVIDENCIA;REG.METROPOLITANA;CL;49990;0;0;0;49990;0;CLP
000000553661;24129581101-A;18/11/2025 14:23:01;Reembolsado;35990;0;35990;6478;0.0000;29512;1;FULFILLMENT-PANTALON MUJER NICOPOLY BLANCO CON PINZAS RECTO;MPM10002943927-4;N04277AL-5-FF;18/11/2025 14:23:02;FF_MATRIX_STS;"Hernndez ";"Javiera ";;"Avenida Andrés Bello 2422 ";" 1er Piso. Modulo Retiro en Tienda";;;PROVIDENCIA;REG.METROPOLITANA;CL;"Hernndez ";"Javiera ";;Carmen 319;;;;PROVIDENCIA;REG.METROPOLITANA;CL;35990;0;0;0;35990;0;CLP
000000553661;24129590502-A;18/11/2025 14:26:36;Recibido;35990;0;35990;6478;0.0000;29512;1;FULFILLMENT-PANTALON MUJER NICOPOLY BLANCO CON PINZAS RECTO;MPM10002943927-4;N04277AL-5-FF;18/11/2025 14:26:38;FF_MATRIX;Martinez Vergara;Fredy;;Longotoma, san Manuel, La Ligua 16;S/N;;;LA LIGUA;V REGION;CL;Martinez Vergara;Fredy;;Longotoma, san Manuel, La Ligua 16;;;;LA LIGUA;V REGION;CL;35990;0;0;0;35990;0;CLP
000000553661;24129590501-A;18/11/2025 14:26:37;Recibido;20990;1835;22825;3778;0.0000;17212;1;GILET BASICO AJUSTABLE ROJO NICOPOLY;MPM10002842897-4;N04273DL-7;18/11/2025 14:26:39;Flujo Crossdock- Ripley PAQ;Martinez Vergara;Fredy;;Longotoma, san Manuel, La Ligua 16;S/N;;;LA LIGUA;V REGION;CL;Martinez Vergara;Fredy;;Longotoma, san Manuel, La Ligua 16;;;;LA LIGUA;V REGION;CL;20990;0;1835;0;22825;0;CLP
000000553661;24129590501-A;18/11/2025 14:26:37;Recibido;13990;1835;15825;2518;0.0000;11472;1;SWEATER MUJER NICOPOLY NEGRO DISEÑO TRENZADO;MPM10002160524-2;N04289BL-6;18/11/2025 14:26:39;Flujo Crossdock- Ripley PAQ;Martinez Vergara;Fredy;;Longotoma, san Manuel, La Ligua 16;S/N;;;LA LIGUA;V REGION;CL;Martinez Vergara;Fredy;;Longotoma, san Manuel, La Ligua 16;;;;LA LIGUA;V REGION;CL;13990;0;1835;0;15825;0;CLP
000000553661;24129745301-A;18/11/2025 15:41:09;Recibido;65980;0;65980;11876;0.0000;54104;2;BLAZER BASICO DE TOPE ROJO NICOPOLY;MPM10002843023-4;N05301DM-7;18/11/2025 15:41:10;4d_Retiro Tienda Ripley Costanera Center;"Gómez ";"Marta ";;"Avenida Andrés Bello 2422 ";" 1er Piso. Modulo Retiro en Tienda";;;PROVIDENCIA;REG.METROPOLITANA;CL;Oros;"Ester ";;ISIDORA GOYENECHEA 3477;;;;PROVIDENCIA;REG.METROPOLITANA;CL;65980;0;0;0;65980;0;CLP
000000553661;24130120301-A;18/11/2025 18:52:58;Recibido;31990;990;32980;5758;0.0000;26232;1;ENTERITO CUELLO MOCK BURDEO NICOPOLY;MPM10002627263-3;N05313TM;18/11/2025 18:52:59;5d_Retiro Tienda Ripley Talca;Huenupi;Matias;;"8 Oriente 1212 ";" 2do Piso. Modulo Retiro en Tienda";;;TALCA;VII REGION;CL;"Valenzuela ";Arlette;;Villa pucara, 5 oriente entre 21 y 25 0468;;;;TALCA;VII REGION;CL;31990;0;990;0;32980;0;CLP
000000553661;24130239301-A;18/11/2025 19:54:48;Reembolsado;57990;0;57990;10438;0.0000;47552;1;FULFILLMENT-VESTIDO LARGO ESCOTE DRAPEADO MORADO NICOPOLY;MPM10002975114-3;N06078ZXL-FF;18/11/2025 19:54:50;FF_MATRIX;Soto;Abigail;;Carlos aviles 745;S/N;;;MELIPILLA;REG.METROPOLITANA;CL;Soto;Abigail;;Carlos aviles 745;;;;MELIPILLA;REG.METROPOLITANA;CL;57990;0;0;0;57990;0;CLP
000000553661;24130250201-A;18/11/2025 19:58:11;Recibido;49990;0;49990;8998;0.0000;40992;1;FULFILLMENT-BLAZER MANGA 3/4 AJUSTADA CON PLIEGUES ROSADO NICOPOLY;MPM10002943909-5;N03049HM-5-FF;18/11/2025 19:58:12;FF_MATRIX;Zelada Arrué;Britney;;AVENIDA ARGENTINA 1138A QUINTERO 1138A;S/N;;;QUINTERO;V REGION;CL;Zelada Arrué;Britney;;AVENIDA ARGENTINA 1138A QUINTERO 1138A;;;;QUINTERO;V REGION;CL;49990;0;0;0;49990;0;CLP
000000553661;24130250201-A;18/11/2025 19:58:11;Recibido;49990;0;49990;8998;0.0000;40992;1;FULFILLMENT-BLAZER MANGA 3/4 AJUSTADA CON PLIEGUES CELESTE NICOPOLY;MPM10002943895-3;N03049KM-5-FF;18/11/2025 19:58:12;FF_MATRIX;Zelada Arrué;Britney;;AVENIDA ARGENTINA 1138A QUINTERO 1138A;S/N;;;QUINTERO;V REGION;CL;Zelada Arrué;Britney;;AVENIDA ARGENTINA 1138A QUINTERO 1138A;;;;QUINTERO;V REGION;CL;49990;0;0;0;49990;0;CLP
000000553661;24130349601-A;18/11/2025 20:45:41;Recibido;34990;0;34990;6298;0.0000;28692;1;BLAZER UN BOTON AZUL ACERO NICOPOLY;MPM10002635836-3;N05318CL;18/11/2025 20:45:42;5d_Retiro Tienda Ripley Rancagua;Cortes;Daisy;;"José Domingo Mujica 490 ";" 3er Piso. Modulo Retiro en Tienda";;;RANCAGUA;VI REGION;CL;Cortes;Daisy;;Calle valle del cachapoal 1831 1831;;;;RANCAGUA;VI REGION;CL;34990;0;0;0;34990;0;CLP
000000553661;24130393401-A;18/11/2025 21:05:21;Recibido;9990;3990;13980;1798;0.0000;8192;1;POLERA ESCOTE EN V BASICA ROSADO NICOPOLY;MPM10002968382-2;N06124HXL;18/11/2025 21:05:23;Flujo Crossdock- Ripley PAQ;Fernández;Pilar;;Pasaje el ulmo 8433;S/N;;;CERRO NAVIA;REG.METROPOLITANA;CL;Fernández;Pilar;;Pasaje el ulmo 8433;;;;CERRO NAVIA;REG.METROPOLITANA;CL;9990;0;3990;0;13980;0;CLP
000000553661;24130421801-A;18/11/2025 21:17:33;Recibido;28990;0;28990;5218;0.0000;23772;1;ENTERITO CUELLO MOCK BURDEO NICOPOLY;MPM10002627263-1;N05313TS;18/11/2025 21:17:34;Flujo Crossdock- Ripley PAQ;Vargas;Isabel;;Montecarlo 9638;S/N;;;LA FLORIDA;REG.METROPOLITANA;CL;Vargas;Isabel;;Montecarlo 9638;;;;LA FLORIDA;REG.METROPOLITANA;CL;28990;0;0;0;28990;0;CLP
000000553661;24130423901-A;18/11/2025 21:20:19;Recibido;43990;990;44980;7918;0.0000;36072;1;ENTERITO CINTURON AJUSTABLE MORADO NICOPOLY;MPM10003032192-3;N06091ZL;18/11/2025 21:20:21;5d_Retiro Tienda Ripley El Trébol;"Castro ";"Karina ";;"Avenida Jorge Alessandri 3177 ";" 3er Piso. Modulo Retiro en Tienda";;;TALCAHUANO;VIII REGION;CL;"Castro ";"Karina ";;Villa Universitaria 5;;;;TALCAHUANO;VIII REGION;CL;43990;0;990;0;44980;0;CLP
000000553661;24130429101-A;18/11/2025 21:21:51;Recibido;31990;0;31990;5758;0.0000;26232;1;VESTIDO MUJER NICOPOLY AZUL MARINO CUELLO ALTO;MPM10002128949-3;N05198PM;18/11/2025 21:21:52;5d_Retiro Tienda Ripley Mall Concepción;"Mora ";"Lesly ";;"Barros Arana 1068, Concepcion ";" 3er Piso. Modulo Retiro en Tienda";;;CONCEPCION;VIII REGION;CL;"Mora ";"Lesly ";;Pasaje 8 4463 hualpen  4463;;;;CONCEPCION;VIII REGION;CL;31990;0;0;0;31990;0;CLP
000000553661;24130462701-A;18/11/2025 21:36:39;Recibido;22990;990;23980;4138;0.0000;18852;1;BLUSA CON LAZO DESMONTABLE ROJO NICOPOLY;MPM10001752438-1;N04270DM-5;18/11/2025 21:36:40;8d_Retiro Tienda Ripley Puerto Montt;Ballesteros;Karina;;"Urmeneta 595, Puerto Montt ";4to Piso. Servicio al Cliente;;;PTO.MONTT;X REGION;CL;Ballesteros;Karina;;NELSON BAHAMONDES ROJAS 6078;;;;PTO.MONTT;X REGION;CL;22990;0;990;0;23980;0;CLP
000000553661;24130523701-A;18/11/2025 22:04:09;Recibido;29990;0;29990;5398;0.0000;24592;1;BOMBER ECOCUERO NEGRO NICOPOLY;MPM10002635840-1;N05153BS;18/11/2025 22:04:11;5d_Retiro Tienda Ripley Rancagua;"Sanhueza ";"Barbara ";;"José Domingo Mujica 490 ";" 3er Piso. Modulo Retiro en Tienda";;;RANCAGUA;VI REGION;CL;Zarate;Ana Luisa;;Avenida austral 401;;;;RANCAGUA;VI REGION;CL;29990;0;0;0;29990;0;CLP
000000553661;24130610001-A;18/11/2025 22:40:20;Recibido;36990;0;36990;6658;0.0000;30332;1;BLAZER DE TOPE MANGA 3/4 RECOGIDA ROJO NICOPOLY;MPM10002842868-3;N03049DXL-7;18/11/2025 22:40:21;4d_Retiro Tienda Ripley Plaza Egaña;Morales Pavez;Luis Alberto;;"Larrain 5800 ";" 3er Piso. Modulo Retiro en Tienda";;;NUNOA;REG.METROPOLITANA;CL;Morales Pavez;Luis Alberto;;RIO DOURO 7915;;;;NUNOA;REG.METROPOLITANA;CL;36990;0;0;0;36990;0;CLP
000000553661;24130668601-A;18/11/2025 23:08:00;Recibido;19990;0;19990;3598;0.0000;16392;1;SHORT MUJER NICOPOLY ROJO BÁSICO TIRO ALTO;MPM10002122142-3;N05260DL;18/11/2025 23:08:01;5d_Retiro Tienda Ripley Mall Concepción;Concha;Evelyn Gisela;;"Barros Arana 1068, Concepcion ";" 3er Piso. Modulo Retiro en Tienda";;;CONCEPCION;VIII REGION;CL;Concha;Evelyn Gisela;;Tucapel 591 Todo Market 591;;;;CONCEPCION;VIII REGION;CL;19990;0;0;0;19990;0;CLP
000000553661;24130689001-A;18/11/2025 23:16:09;Reembolsado;23990;0;23990;4318;0.0000;19672;1;GILET LARGO CON BOTONES BLANCO;MPM10002910437-1;N06135AM;18/11/2025 23:16:10;4d_Retiro Tienda Ripley Parque Arauco;Arcos;Andrea;;"Avenida Kennedy 5413 ";4to Piso. Modulo Retiro en Tienda;;;LAS CONDES;REG.METROPOLITANA;CL;Arcos;Andrea;;Avenida Cristobal Colon  5267;;;;LAS CONDES;REG.METROPOLITANA;CL;23990;0;0;0;23990;0;CLP
000000553661;24130738801-A;18/11/2025 23:42:55;Recibido;17990;990;18980;3238;0.0000;14752;1;BLUSA BASICA ESCOTE EN V BLANCO NICOPOLY;MPM10001856331-1;N02493AM-5;18/11/2025 23:42:57;10d_Retiro Tienda Ripley Portal Temuco;Zurita;Ana;;"Avenida Alemania 0671 ";3er Piso, Modulo Retiro en Tienda;;;TEMUCO;IX REGION;CL;Zurita;Ana;;VICUNA MAKENNA 1041;;;;TEMUCO;IX REGION;CL;17990;0;990;0;18980;0;CLP
000000553661;24130788001-A;19/11/2025 00:12:52;Recibido;23990;4990;28980;4318;0.0000;19672;1;GILET LARGO CON BOTONES BURDEO;MPM10002910427-3;N06135TM;19/11/2025 00:12:53;Flujo Crossdock- Ripley PAQ;Vargas;Silvia;;Eduardo cordero  0521;Casa;;;PUENTE ALTO;REG.METROPOLITANA;CL;Vargas;Silvia;;Eduardo cordero  0521;;;;PUENTE ALTO;REG.METROPOLITANA;CL;23990;0;4990;0;28980;0;CLP
000000553661;24130868201-A;19/11/2025 01:21:57;Recibido;36990;0;36990;6658;0.0000;30332;1;BLAZER CUELLO CRUZADO MORADO NICOPOLY;MPM10002842881-1;N05299ZM-7;19/11/2025 01:21:58;5d_Retiro Tienda Ripley La Calera;Marmol Gil;Barbara;;"JJ Perez 90, La Calera ";" 2do Piso. Modulo Retiro en Tienda";;;LA CALERA;V REGION;CL;Marmol Gil;Barbara;;El legislador 104;;;;LA CALERA;V REGION;CL;36990;0;0;0;36990;0;CLP
000000553661;24130868201-A;19/11/2025 01:21:57;Recibido;17990;0;17990;3238;0.0000;14752;1;GILET 4 BOTONES LILA NICOPOLY;MPM10002842896-4;N05262ZM-7;19/11/2025 01:21:58;5d_Retiro Tienda Ripley La Calera;Marmol Gil;Barbara;;"JJ Perez 90, La Calera ";" 2do Piso. Modulo Retiro en Tienda";;;LA CALERA;V REGION;CL;Marmol Gil;Barbara;;El legislador 104;;;;LA CALERA;V REGION;CL;17990;0;0;0;17990;0;CLP
000000553661;24130896501-A;19/11/2025 02:15:18;Recibido;25990;0;25990;4678;0.0000;21312;1;FULFILLMENT-GILET 4 BOTONES BLANCO NICOPOLY;MPM10002952977-4;N05262AL-FF;19/11/2025 02:15:20;FF_MATRIX;Lorie;Andrea;;Pasaje zacarias Navarro 245;S/N;;;LOS ANDES;V REGION;CL;Lorie;Andrea;;Pasaje zacarias Navarro 245;;;;LOS ANDES;V REGION;CL;25990;0;0;0;25990;0;CLP
000000553661;24130913001-A;19/11/2025 05:03:32;Recibido;45990;990;46980;8278;0.0000;37712;1;VESTIDO TUL FLOREADO FUCSIA NICOPOLY;MPM10003032203-2;N06108SXL;19/11/2025 05:03:34;5d_Retiro Tienda Ripley Quilpué;Calderon;Jenifer;;"Claudio Vicuña 992, Quilpue ";" 3er Piso. Modulo Retiro en Tienda";;;QUILPUE;V REGION;CL;Calderon;Jenifer;;LOS TOPACIOS 1380 QUILPUE 1380;;;;QUILPUE;V REGION;CL;45990;0;990;0;46980;0;CLP
000000553661;24131036001-A;19/11/2025 09:14:09;Recibido;49990;0;49990;8998;0.0000;40992;1;FULFILLMENT-BLAZER CUELLO CRUZADO BLANCO NICOPOLY;MPM10002943914-5;N05299AM-FF;19/11/2025 09:14:10;FF_MATRIX;Arteaga Marn;Jorge Nibaldo;;Avenida San Ignacio 1290;21;;;P. HURTADO;REG.METROPOLITANA;CL;Arteaga Marn;Jorge Nibaldo;;Avenida San Ignacio 1290;;;;P. HURTADO;REG.METROPOLITANA;CL;49990;0;0;0;49990;0;CLP
000000553661;24131079501-A;19/11/2025 09:52:59;Recibido;31990;990;32980;5758;0.0000;26232;1;VESTIDO FLOREADO BOTONES DELANTEROS FUCSIA NICOPOLY;MPM10003037311-1;N06054SXL;19/11/2025 09:53:00;5d_Retiro Tienda Ripley Talca;Chodin;Daniela;;"8 Oriente 1212 ";" 2do Piso. Modulo Retiro en Tienda";;;TALCA;VII REGION;CL;Chodin;Daniela;;1 norte 5 ote 1209;;;;TALCA;VII REGION;CL;31990;0;990;0;32980;0;CLP
000000553661;24131107401-A;19/11/2025 10:10:06;Recibido;29990;3990;33980;5398;0.0000;24592;1;BLAZER 6 BOTONES NEGRO;MPM10002912800-4;N06001BXL;19/11/2025 10:10:07;Flujo Crossdock- Ripley PAQ;Hernandez;Tanya;;Camino la golondrina 8558;8558;;;VITACURA;REG.METROPOLITANA;CL;Hernandez;Tanya;;Camino la golondrina 8558;;;;VITACURA;REG.METROPOLITANA;CL;29990;0;3990;0;33980;0;CLP
000000553661;24131238401-A;19/11/2025 11:22:06;Recibido;17990;990;18980;3238;0.0000;14752;1;SHORT MUJER NICOPOLY ROJO BÁSICO TIRO ALTO;MPM10002122142-1;N05260DM;19/11/2025 11:22:07;4d_Retiro Tienda Ripley Alameda;Huilipan;Liliana Libet;;"Av Libertador Bernardo O'Higgins 3470, Santiago ";3er Piso. Modulo Retiro en Tienda;;;EST.CENTRAL;REG.METROPOLITANA;CL;Huilipan;Liliana Libet;;Pasaje Siete 2065;;;;EST.CENTRAL;REG.METROPOLITANA;CL;17990;0;990;0;18980;0;CLP
000000553661;24131355101-A;19/11/2025 12:19:21;Reembolsado;12990;990;13980;2338;0.0000;10652;1;TOP PRINT SNAKE AZUL NICOPOLY;MPM10001849441-2;N05115CM;19/11/2025 12:19:23;4d_Retiro Tienda Ripley Costanera Center;Troncoso;Marcia;;"Avenida Andrés Bello 2422 ";" 1er Piso. Modulo Retiro en Tienda";;;PROVIDENCIA;REG.METROPOLITANA;CL;Troncoso;Marcia;;Los Crisantemos 833;;;;PROVIDENCIA;REG.METROPOLITANA;CL;12990;0;990;0;13980;0;CLP
000000553661;24131453701-A;19/11/2025 13:15:00;Recibido;48990;990;49980;8818;0.0000;40172;1;VESTIDO LARGO FLOREADO ROSADO NICOPOLY;MPM10003037833-2;N06076SL;19/11/2025 13:15:01;5d_Retiro Tienda Ripley Talca;Cliente;Javiera;;"8 Oriente 1212 ";" 2do Piso. Modulo Retiro en Tienda";;;TALCA;VII REGION;CL;Cliente;Javiera;;30 oriente 1420;;;;TALCA;VII REGION;CL;48990;0;990;0;49980;0;CLP
000000553661;24131634001-A;19/11/2025 15:00:26;Recibido;25990;0;25990;4678;0.0000;21312;1;PANTALON LEOPARDO CAFE  NICOPOLY;MPM10003032189-4;N06074US;19/11/2025 15:00:27;5d_Retiro Tienda Ripley Valparaíso;"Benni ";"Ingrid ";;"Plaza Victoria 1646 ";" 4to Piso. Servicio al Cliente";;;VALPARAISO;V REGION;CL;Benni Caceres;Renzo;;Pasaje olivar 81;;;;VALPARAISO;V REGION;CL;25990;0;0;0;25990;0;CLP
000000553661;24131650901-A;19/11/2025 15:09:11;Reembolsado;32990;990;33980;5938;0.0000;27052;1;BLAZER 6 BOTONES NEGRO;MPM10002912800-4;N06001BXL;19/11/2025 15:09:13;11d_Retiro Tienda Ripley Temuco;"Rivera ";Karina;;"Arturo Prat 656, Temuco ";2do Piso. Modulo Retiro en Tienda;;;TEMUCO;IX REGION;CL;"Rivera ";Karina;;Galindo  149;;;;TEMUCO;IX REGION;CL;32990;0;990;0;33980;0;CLP
000000553661;24131768801-A;19/11/2025 16:21:14;Recibido;25990;990;26980;4678;0.0000;21312;1;PANTALON LEOPARDO CAFE  NICOPOLY;MPM10003032189-2;N06074UL;19/11/2025 16:21:15;5d_Retiro Tienda Ripley Quilpué;Araya Carvajal;Katherine;;"Claudio Vicuña 992, Quilpue ";" 3er Piso. Modulo Retiro en Tienda";;;QUILPUE;V REGION;CL;Araya Carvajal;Katherine;;Secchi 3;;;;QUILPUE;V REGION;CL;25990;0;990;0;26980;0;CLP
000000553661;24131910601-A;19/11/2025 17:45:21;Recibido;25990;990;26980;4678;0.0000;21312;1;BLUSA BASICA BOTONERA INVISIBLE NEGRO NICOPOLY;MPM10001713154-4;N00089BL-5;19/11/2025 17:45:23;4d_Retiro Tienda Ripley San Bernardo;Rojas;Carolina;;"Av. Pdte. Jorge Alessandri Rodríguez 20040, San Bernardo ";2do Piso. Modulo Retiro en Tienda;;;SN.BERNARDO;REG.METROPOLITANA;CL;Rojas;Carolina;;Bulnee 872;;;;SN.BERNARDO;REG.METROPOLITANA;CL;25990;0;990;0;26980;0;CLP
000000553661;24131979301-A;19/11/2025 18:28:29;Reembolsado;23990;2195;26185;4318;0.0000;19672;1;GILET LARGO CON BOTONES BLANCO;MPM10002910437-2;N06135AL;19/11/2025 18:28:31;Flujo Crossdock- Ripley PAQ;Oportus Lencinas;Sara Angelica;;OSLO 443;81;;;LAS CONDES;REG.METROPOLITANA;CL;Oportus Lencinas;Sara Angelica;;OSLO 443;;;;LAS CONDES;REG.METROPOLITANA;CL;23990;0;2195;0;26185;0;CLP
000000553661;24131979301-A;19/11/2025 18:28:29;Recibido;22990;2195;25185;4138;0.0000;18852;1;GILET BASICO AJUSTABLE ROJO NICOPOLY;MPM10002842897-4;N04273DL-7;19/11/2025 18:28:31;Flujo Crossdock- Ripley PAQ;Oportus Lencinas;Sara Angelica;;OSLO 443;81;;;LAS CONDES;REG.METROPOLITANA;CL;Oportus Lencinas;Sara Angelica;;OSLO 443;;;;LAS CONDES;REG.METROPOLITANA;CL;22990;0;2195;0;25185;0;CLP
000000553661;24131989901-A;19/11/2025 18:34:24;Recibido;36990;0;36990;6658;0.0000;30332;1;FULFILLMENT-PANTALON MUJER NICOPOLY BEIGE MEZCLA LINO;MPM10003037754-1;N05020LM-FF;19/11/2025 18:34:25;FF_MATRIX_STS;Pizarro;Katherine;;"JJ Perez 90, La Calera ";" 2do Piso. Modulo Retiro en Tienda";;;LA CALERA;V REGION;CL;Pizarro;Katherine;;parque nacional nevado tres cruces 17;;;;LA CALERA;V REGION;CL;36990;0;0;0;36990;0;CLP
000000553661;24132039301-A;19/11/2025 19:06:45;Reembolsado;17990;495;18485;3238;0.0000;14752;1;POLERA ENCAJE ESCOTE NUDO NEGRO NICOPOLY;MPM10002951856-3;N06107BL;19/11/2025 19:06:47;5d_Retiro Tienda Ripley Rancagua;Aviles;Byron;;"José Domingo Mujica 490 ";" 3er Piso. Modulo Retiro en Tienda";;;RANCAGUA;VI REGION;CL;Perez;Johana;;Camino vecinal los Troncos 217;;;;RANCAGUA;VI REGION;CL;17990;0;495;0;18485;0;CLP
000000553661;24132039301-A;19/11/2025 19:06:45;Reembolsado;17990;495;18485;3238;0.0000;14752;1;POLERA ENCAJE MANGA LARGA CAFE  NICOPOLY;MPM10002962923-3;N06020UL;19/11/2025 19:06:47;5d_Retiro Tienda Ripley Rancagua;Aviles;Byron;;"José Domingo Mujica 490 ";" 3er Piso. Modulo Retiro en Tienda";;;RANCAGUA;VI REGION;CL;Perez;Johana;;Camino vecinal los Troncos 217;;;;RANCAGUA;VI REGION;CL;17990;0;495;0;18485;0;CLP
000000553661;24132143401-A;19/11/2025 20:04:26;Recibido;25990;0;25990;4678;0.0000;21312;1;VESTIDO CAMISERO ALGODÓN MUJER NICOPOLY CELESTE TIPO DENIM;MPM10001849442-3;N05099KS;19/11/2025 20:04:27;10d_Retiro Tienda Ripley La Serena;"Vargas Álvarez ";"Valeska ";;"Gregorio Cordovez 499 ";" 3er Piso. Modulo Retiro en Tienda";;;LA SERENA;IV REGION;CL;"lvarez Contreras  ";"Rosa Catalina ";;Ruperto Contreras arancibia  695;;;;LA SERENA;IV REGION;CL;25990;0;0;0;25990;0;CLP
000000553661;24132143401-A;19/11/2025 20:04:26;Recibido;20990;0;20990;3778;0.0000;17212;1;ENTERITO MUJER NICOPOLY VERDE OLIVA LAZO Y HEBILLA;MPM10001849448-3;N04058MM-5;19/11/2025 20:04:27;10d_Retiro Tienda Ripley La Serena;"Vargas Álvarez ";"Valeska ";;"Gregorio Cordovez 499 ";" 3er Piso. Modulo Retiro en Tienda";;;LA SERENA;IV REGION;CL;"lvarez Contreras  ";"Rosa Catalina ";;Ruperto Contreras arancibia  695;;;;LA SERENA;IV REGION;CL;20990;0;0;0;20990;0;CLP
000000553661;24132359502-A;19/11/2025 21:55:55;Recibido;45990;0;45990;8278;0.0000;37712;1;ENTERITO MUJER NICOPOLY NEGRO EFECTO DOS PIEZAS;MPM10001752433-2;N04018BM-5;19/11/2025 21:55:57;Flujo Crossdock- Ripley PAQ;Lizama Zambrano;Jose Luis;;Quintay 1162;S/N;;;EL BOSQUE;REG.METROPOLITANA;CL;Lizama Zambrano;Jose Luis;;Quintay 1162;;;;EL BOSQUE;REG.METROPOLITANA;CL;45990;0;0;0;45990;0;CLP
000000553661;24132454101-A;19/11/2025 22:36:49;Recibido;35990;0;35990;6478;0.0000;29512;1;FULFILLMENT-PANTALON CON PINZAS RECTO ROSADO NICOPOLY;MPM10002943925-2;N04277HM-5-FF;19/11/2025 22:36:51;FF_MATRIX;Fonseca;Patricia;;Pasaje Santa Bernardita villa sta Ana 398;Casa;;;RENGO;VI REGION;CL;Fonseca;Patricia;;Pasaje Santa Bernardita villa sta Ana 398;;;;RENGO;VI REGION;CL;35990;0;0;0;35990;0;CLP
000000553661;24132479001-A;19/11/2025 22:46:32;Recibido;17990;0;17990;3238;0.0000;14752;1;GILET 4 BOTONES ROJO NICOPOLY;MPM10002842871-3;N05262DXL-7;19/11/2025 22:46:34;Flujo Crossdock- Ripley PAQ;Barrera;Paulina Andrea;;Santa fe 2149;S/N;;;QTA. NORMAL;REG.METROPOLITANA;CL;Barrera;Paulina Andrea;;Santa fe 2149;;;;QTA. NORMAL;REG.METROPOLITANA;CL;17990;0;0;0;17990;0;CLP
000000553661;24132761201-A;20/11/2025 07:06:08;Reembolsado;17990;990;18980;3238;0.0000;14752;1;SHORT MUJER NICOPOLY ROJO BÁSICO TIRO ALTO;MPM10002122142-2;N05260DS;20/11/2025 07:06:10;4d_Retiro Tienda Ripley Los Dominicos;Pons;Ximena;;"Padre Hurtado Sur 875 ";1er Piso. Servicio al Cliente;;;LAS CONDES;REG.METROPOLITANA;CL;Pons;Ximena;;Guampillla 1881;;;;LAS CONDES;REG.METROPOLITANA;CL;17990;0;990;0;18980;0;CLP
000000553661;24132892201-A;20/11/2025 09:54:28;Recibido;33990;990;34980;6118;0.0000;27872;1;VESTIDO CORTO FLORAL CON VUELOS CRUZADOS BLANCO NICOPOLY;MPM10003037799-2;N06163AS;20/11/2025 09:54:30;4d_Retiro Tienda Ripley Parque Arauco;Plaza;"Alejandra ";;"Avenida Kennedy 5413 ";4to Piso. Modulo Retiro en Tienda;;;LAS CONDES;REG.METROPOLITANA;CL;Plaza;"Alejandra ";;Pedro Canisio 1103;;;;LAS CONDES;REG.METROPOLITANA;CL;33990;0;990;0;34980;0;CLP
000000553661;24132939501-A;20/11/2025 10:24:19;Recibido;36990;3980;40970;6658;0.0000;30332;1;BLAZER LARGO MANGA DRAPEADA AZUL MEDIO NICOPOLY;MPM10001465239-4;N04262KM;20/11/2025 10:24:20;Flujo Crossdock- Ripley PAQ;Naranjo Ibaceta;Aracelli Alejandra;;CALLE PCIPAL LA VI 0;CASA;;;CABILDO;V REGION;CL;Naranjo Ibaceta;Aracelli Alejandra;;CALLE PCIPAL LA VI 0;;;;CABILDO;V REGION;CL;36990;0;3980;0;40970;0;CLP
000000553661;24132942501-A;20/11/2025 10:28:32;Recibido;39990;990;40980;7198;0.0000;32792;1;BLAZER CUELLO CRUZADO ROJO NICOPOLY;MPM10002842890-2;N05299DM-7;20/11/2025 10:28:34;8d_Retiro Tienda Ripley Puerto Montt;Loayza;Claudia;;"Urmeneta 595, Puerto Montt ";4to Piso. Servicio al Cliente;;;PTO.MONTT;X REGION;CL;Loayza;Claudia;;CLARO DE LUNA 21;;;;PTO.MONTT;X REGION;CL;39990;0;990;0;40980;0;CLP
000000553661;24133045601-A;20/11/2025 11:29:39;Recibido;33990;990;34980;6118;0.0000;27872;1;BLAZER SIN MANGAS BOLSILLOS ROSADO;MPM10002942346-4;N04294HXL;20/11/2025 11:29:40;4d_Retiro Tienda Ripley Tobalaba;Lefno;Camila;;"Av. Camilo Henríquez 3296, Puente Alto ";2do Piso. Modulo Retiro en Tienda;;;PUENTE ALTO;REG.METROPOLITANA;CL;Lefno;Camila;;Los viñedos 6412;;;;PUENTE ALTO;REG.METROPOLITANA;CL;33990;0;990;0;34980;0;CLP
000000553661;24133069101-A;20/11/2025 11:43:15;Recibido;22990;990;23980;4138;0.0000;18852;1;GILET HALTER ESPALDA DESCUBIERTA NEGRO NICOPOLY;MPM10002977924-4;N06065BM;20/11/2025 11:43:16;4d_Retiro Tienda Ripley Alameda;Solis Soto;Edison;;"Av Libertador Bernardo O'Higgins 3470, Santiago ";3er Piso. Modulo Retiro en Tienda;;;EST.CENTRAL;REG.METROPOLITANA;CL;Solis Soto;Edison;;manuel antonio matta 1091;;;;EST.CENTRAL;REG.METROPOLITANA;CL;22990;0;990;0;23980;0;CLP
000000553661;24133280601-A;20/11/2025 13:36:09;Recibido;17990;990;18980;3238;0.0000;14752;1;GILET 4 BOTONES ROJO NICOPOLY;MPM10002842871-1;N05262DM-7;20/11/2025 13:36:11;4d_Retiro Tienda Ripley Puente;Riquelme;Carolina;;"21 de Mayo 698 ";4to Piso. Modulo Retiro en Tienda;;;SANTIAGO;REG.METROPOLITANA;CL;Riquelme;Carolina;;La hondonada  8407;;;;SANTIAGO;REG.METROPOLITANA;CL;17990;0;990;0;18980;0;CLP
000000553661;24133399401-A;20/11/2025 14:46:21;Reembolsado;57990;0;57990;10438;0.0000;47552;1;FULFILLMENT-VESTIDO LARGO ESCOTE DRAPEADO MORADO NICOPOLY;MPM10002975114-3;N06078ZXL-FF;20/11/2025 14:46:22;FF_MATRIX;Harper;Valeri;;Av Condell 1857;401;;;NUNOA;REG.METROPOLITANA;CL;Harper;Valeri;;Av Condell 1857;;;;NUNOA;REG.METROPOLITANA;CL;57990;0;0;0;57990;0;CLP
000000553661;24133688101-A;20/11/2025 17:27:00;Recibido;25990;0;25990;4678;0.0000;21312;1;PANTALON BASICO ROJO NICOPOLY;MPM10002842867-1;N05298DXL-7;20/11/2025 17:27:02;4d_Retiro Tienda Ripley Costanera Center;Diaz;Steffi;;"Avenida Andrés Bello 2422 ";" 1er Piso. Modulo Retiro en Tienda";;;PROVIDENCIA;REG.METROPOLITANA;CL;Diaz;Steffi;;martin de solier 4064;;;;PROVIDENCIA;REG.METROPOLITANA;CL;25990;0;0;0;25990;0;CLP
000000553661;24133688101-A;20/11/2025 17:27:00;Recibido;32990;0;32990;5938;0.0000;27052;1;BLAZER BASICO DE TOPE ROJO NICOPOLY;MPM10002843023-1;N05301DXL-7;20/11/2025 17:27:02;4d_Retiro Tienda Ripley Costanera Center;Diaz;Steffi;;"Avenida Andrés Bello 2422 ";" 1er Piso. Modulo Retiro en Tienda";;;PROVIDENCIA;REG.METROPOLITANA;CL;Diaz;Steffi;;martin de solier 4064;;;;PROVIDENCIA;REG.METROPOLITANA;CL;32990;0;0;0;32990;0;CLP
000000553661;24133712701-A;20/11/2025 17:43:20;Reembolsado;37990;0;37990;6838;0.0000;31152;1;FULFILLMENT-BLAZER MANGA DETALLE DRAPEADO MORADO NICOPOLY;MPM10002975139-1;N02481ZS-4-FF;20/11/2025 17:43:21;FF_MATRIX;Torres Silva;Ingrid;;Neptuno  2056;Casa;;;QTA. NORMAL;REG.METROPOLITANA;CL;Torres Silva;Ingrid;;Neptuno  2056;;;;QTA. NORMAL;REG.METROPOLITANA;CL;37990;0;0;0;37990;0;CLP
000000553661;24133723001-A;20/11/2025 17:49:22;Recibido;17990;3340;21330;3238;0.0000;14752;1;CALZA SKINNY TIPO ENCERADA NEGRO NICOPOLY;MPM10002635868-1;N05316BM;20/11/2025 17:49:24;Flujo Crossdock- Ripley PAQ;Ponce;Sara Elizabeth;;Baquedano 2231;38;;;QUINTERO;V REGION;CL;Ponce;Sara Elizabeth;;Baquedano 2231;;;;QUINTERO;V REGION;CL;17990;0;3340;0;21330;0;CLP
000000553661;24133723001-A;20/11/2025 17:49:22;Recibido;29990;3340;33330;5398;0.0000;24592;1;CHAQUETA BIKER ECOCUERO GRIS NICOPOLY;MPM10001383961-4;N02107NS-4;20/11/2025 17:49:24;Flujo Crossdock- Ripley PAQ;Ponce;Sara Elizabeth;;Baquedano 2231;38;;;QUINTERO;V REGION;CL;Ponce;Sara Elizabeth;;Baquedano 2231;;;;QUINTERO;V REGION;CL;29990;0;3340;0;33330;0;CLP
000000553661;24133851301-A;20/11/2025 19:07:32;Recibido;17990;990;18980;3238;0.0000;14752;1;CAMISA MUJER NICOPOLY ROJO BÁSICA;MPM10002128973-4;N05181DL;20/11/2025 19:07:33;4d_Retiro Tienda Ripley Florida Center;"Valdebenito Belmar ";Victor;;"Vicuña Mackenna Oriente 6100, La Florida ";3er Piso. Modulo Retiro en Tienda;;;LA FLORIDA;REG.METROPOLITANA;CL;"Valdebenito Belmar ";Victor;;Pedro de valdivia 7367;;;;LA FLORIDA;REG.METROPOLITANA;CL;17990;0;990;0;18980;0;CLP
000000553661;24133905101-A;20/11/2025 19:44:45;Reembolsado;26990;0;26990;4858;0.0000;22132;1;BLAZER MUJER NICOPOLY ROJO LAZO DELANTERO;MPM10002128976-3;N05276DS;20/11/2025 19:44:46;Flujo Crossdock- Ripley PAQ;Romero;Nilsa;;Av los jazmimes 1506;Dt408;;;NUNOA;REG.METROPOLITANA;CL;Romero;Nilsa;;Av los jazmimes 1506;;;;NUNOA;REG.METROPOLITANA;CL;26990;0;0;0;26990;0;CLP
000000553661;24133932501-A;20/11/2025 20:00:10;Recibido;37990;990;38980;6838;0.0000;31152;1;ENTERITO MUJER NICOPOLY CUT OUT ESCOTE COBRE;MPM10002122129-2;N05303UL;20/11/2025 20:00:12;4d_Retiro Tienda Ripley Parque Arauco;Perez;Claudia;;"Avenida Kennedy 5413 ";4to Piso. Modulo Retiro en Tienda;;;LAS CONDES;REG.METROPOLITANA;CL;Perez;Claudia;;Los Maitenes Condominio Los Bosques 22;;;;LAS CONDES;REG.METROPOLITANA;CL;37990;0;990;0;38980;0;CLP
000000553661;24133934701-A;20/11/2025 20:01:29;Reembolsado;18990;990;19980;3418;0.0000;15572;1;BLUSA PRINT SERPIENTE MORADO NICOPOLY;MPM10002970117-1;N06046ZM;20/11/2025 20:01:31;4d_Retiro Tienda Ripley San Bernardo;Ferrada;"Francisca ";;"Av. Pdte. Jorge Alessandri Rodríguez 20040, San Bernardo ";2do Piso. Modulo Retiro en Tienda;;;SN.BERNARDO;REG.METROPOLITANA;CL;Rojas;Ana;;Pali aike 1255;;;;SN.BERNARDO;REG.METROPOLITANA;CL;18990;0;990;0;19980;0;CLP
000000553661;24133951601-A;20/11/2025 20:11:48;Recibido;19990;869;20859;3598;0.0000;16392;1;SWEATER MUJER NICOPOLY MAGENTA BÁSICO CUELLO REDONDO;MPM10002160475-1;N04248ZS-6;20/11/2025 20:11:50;Flujo Crossdock- Ripley PAQ;Rodriguez;Carolina;;Avenida Surcos de Agua 1184;501 A;;;VALPARAISO;V REGION;CL;Rodriguez;Carolina;;Avenida Surcos de Agua 1184;;;;VALPARAISO;V REGION;CL;19990;0;869;0;20859;0;CLP
000000553661;24133951601-A;20/11/2025 20:11:48;Recibido;29990;869;30859;5398;0.0000;24592;1;BLAZER ESCOCE S NEGRO NICOPOLY;MPM00042475306-1;N02222BS;20/11/2025 20:11:50;Flujo Crossdock- Ripley PAQ;Rodriguez;Carolina;;Avenida Surcos de Agua 1184;501 A;;;VALPARAISO;V REGION;CL;Rodriguez;Carolina;;Avenida Surcos de Agua 1184;;;;VALPARAISO;V REGION;CL;29990;0;869;0;30859;0;CLP
000000553661;24133951601-A;20/11/2025 20:11:48;Recibido;9990;869;10859;1798;0.0000;8192;1;POLERA ESCOTE EN V BASICA NEGRO NICOPOLY;MPM10002965971-3;N06124BS;20/11/2025 20:11:50;Flujo Crossdock- Ripley PAQ;Rodriguez;Carolina;;Avenida Surcos de Agua 1184;501 A;;;VALPARAISO;V REGION;CL;Rodriguez;Carolina;;Avenida Surcos de Agua 1184;;;;VALPARAISO;V REGION;CL;9990;0;869;0;10859;0;CLP
000000553661;24133951601-A;20/11/2025 20:11:48;Recibido;19990;869;20859;3598;0.0000;16392;1;SWEATER MUJER NICOPOLY CELESTE BÁSICO CUELLO REDONDO;MPM10002160533-3;N04248KS-6;20/11/2025 20:11:50;Flujo Crossdock- Ripley PAQ;Rodriguez;Carolina;;Avenida Surcos de Agua 1184;501 A;;;VALPARAISO;V REGION;CL;Rodriguez;Carolina;;Avenida Surcos de Agua 1184;;;;VALPARAISO;V REGION;CL;19990;0;869;0;20859;0;CLP
000000553661;24134054101-A;20/11/2025 21:06:53;Recibido;33990;495;34485;6118;0.0000;27872;1;VESTIDO FLORAL VOLANTES CELESTE NICOPOLY;MPM10003037326-3;N06171KL;20/11/2025 21:06:54;4d_Retiro Tienda Ripley San Bernardo;Coloma;Pabla;;"Av. Pdte. Jorge Alessandri Rodríguez 20040, San Bernardo ";2do Piso. Modulo Retiro en Tienda;;;SN.BERNARDO;REG.METROPOLITANA;CL;Coloma;Pabla;;Club viluco 2103;;;;SN.BERNARDO;REG.METROPOLITANA;CL;33990;0;495;0;34485;0;CLP
000000553661;24134054101-A;20/11/2025 21:06:53;Recibido;35990;495;36485;6478;0.0000;29512;1;VESTIDO ASIME TRICO FLORAL VERDE NICOPOLY;MPM10003037797-1;N06173EXL;20/11/2025 21:06:54;4d_Retiro Tienda Ripley San Bernardo;Coloma;Pabla;;"Av. Pdte. Jorge Alessandri Rodríguez 20040, San Bernardo ";2do Piso. Modulo Retiro en Tienda;;;SN.BERNARDO;REG.METROPOLITANA;CL;Coloma;Pabla;;Club viluco 2103;;;;SN.BERNARDO;REG.METROPOLITANA;CL;35990;0;495;0;36485;0;CLP
000000553661;24134084201-A;20/11/2025 21:22:15;Recibido;22990;3990;26980;4138;0.0000;18852;1;BLUSA CON LAZO DESMONTABLE ROJO NICOPOLY;MPM10001752438-1;N04270DM-5;20/11/2025 21:22:18;Flujo Crossdock- Ripley PAQ;Barros;Carla;;El Roble 526;Casa;;;RECOLETA;REG.METROPOLITANA;CL;Barros;Carla;;El Roble 526;;;;RECOLETA;REG.METROPOLITANA;CL;22990;0;3990;0;26980;0;CLP
000000553661;24134130301-A;20/11/2025 21:47:15;Recibido;23990;0;23990;4318;0.0000;19672;1;GILET LARGO CON BOTONES BLANCO;MPM10002910437-1;N06135AM;20/11/2025 21:47:16;4d_Retiro Tienda Ripley Plaza Egaña;Cortes;Jenny;;"Larrain 5800 ";" 3er Piso. Modulo Retiro en Tienda";;;NUNOA;REG.METROPOLITANA;CL;Cortes;Jenny;;Principe de Gales 5921;;;;NUNOA;REG.METROPOLITANA;CL;23990;0;0;0;23990;0;CLP
000000553661;24134214501-A;20/11/2025 22:24:20;Recibido;25990;990;26980;4678;0.0000;21312;1;VESTIDO CAMISERO ALGODÓN MUJER NICOPOLY CELESTE TIPO DENIM;MPM10001849442-3;N05099KS;20/11/2025 22:24:21;4d_Retiro Tienda Ripley San Bernardo;Barahona;Jocelyn;;"Av. Pdte. Jorge Alessandri Rodríguez 20040, San Bernardo ";2do Piso. Modulo Retiro en Tienda;;;SN.BERNARDO;REG.METROPOLITANA;CL;Barahona;Jocelyn;;Valle de Colchagua norte  406;;;;SN.BERNARDO;REG.METROPOLITANA;CL;25990;0;990;0;26980;0;CLP
000000553661;24134222802-A;20/11/2025 22:28:56;Recibido;33990;0;33990;6118;0.0000;27872;1;BLAZER SIN MANGAS BOLSILLOS NEGRO;MPM10001752522-1;N04294BM-5;20/11/2025 22:28:57;4d_Retiro Tienda Ripley Puente;"Fuentes ";"CARLA ";;"21 de Mayo 698 ";4to Piso. Modulo Retiro en Tienda;;;SANTIAGO;REG.METROPOLITANA;CL;Barrera;Rafael;;Santa sofia 1282;;;;SANTIAGO;REG.METROPOLITANA;CL;33990;0;0;0;33990;0;CLP
000000553661;24134264401-A;20/11/2025 22:47:14;Recibido;34990;0;34990;6298;0.0000;28692;1;FULFILLMENT-PANTALON BASICO CELESTE NICOPOLY;MPM10002952981-3;N05298KM-FF;20/11/2025 22:47:15;FF_MATRIX_STS;Zapata;Valentina;;"Arturo Prat 656, Temuco ";2do Piso. Modulo Retiro en Tienda;;;TEMUCO;IX REGION;CL;Zapata;Valentina;;los filósofos 0740;;;;TEMUCO;IX REGION;CL;34990;0;0;0;34990;0;CLP
000000553661;24134261901-A;20/11/2025 22:47:27;Recibido;34990;990;35980;6298;0.0000;28692;1;BLAZER UN BOTON ROJO NICOPOLY;MPM10002635855-2;N05318TM;20/11/2025 22:47:28;4d_Retiro Tienda Ripley Plaza Oeste;Donoso Hidalgo;Maricel;;"Américo Vespucio 1501 ";" 3er Piso. Modulo Retiro en Tienda";;;CERRILLOS;REG.METROPOLITANA;CL;Donoso Hidalgo;Maricel;;Pasaje Tannat 1138;;;;CERRILLOS;REG.METROPOLITANA;CL;34990;0;990;0;35980;0;CLP
000000553661;24134319601-A;20/11/2025 23:13:09;Recibido;22990;990;23980;4138;0.0000;18852;1;GILET BASICO AJUSTABLE ROJO NICOPOLY;MPM10002842897-3;N04273DS-7;20/11/2025 23:13:11;4d_Retiro Tienda Ripley Alameda;"Nuez Araya ";"Gabriela ";;"Av Libertador Bernardo O'Higgins 3470, Santiago ";3er Piso. Modulo Retiro en Tienda;;;EST.CENTRAL;REG.METROPOLITANA;CL;"Nuez Araya ";"Gabriela ";;Matucana 31;;;;EST.CENTRAL;REG.METROPOLITANA;CL;22990;0;990;0;23980;0;CLP
000000553661;24134380701-A;20/11/2025 23:44:58;Reembolsado;35990;0;35990;6478;0.0000;29512;1;FULFILLMENT-PANTALON VESTIR RECTO KHAKI NICOPOLY;MPM10002952985-2;N06039LXL-FF;20/11/2025 23:44:59;FF_MATRIX_STS;Orellana;Isabel Arline;;"JJ Perez 90, La Calera ";" 2do Piso. Modulo Retiro en Tienda";;;LA CALERA;V REGION;CL;Orellana;Isabel Arline;;Villa altos del valle pasaje el viver 62;;;;LA CALERA;V REGION;CL;35990;0;0;0;35990;0;CLP
000000553661;24134482401-A;21/11/2025 00:42:47;Recibido;17990;990;18980;3238;0.0000;14752;1;GILET LEOPARD CAFE  NICOPOLY;MPM10002842888-4;N05304LM-7;21/11/2025 00:42:49;4d_Retiro Tienda Ripley Arauco Maipu;Romero;Maria Paz;;"Av. Americo Vespucio 399 ";" 2do Piso. Modulo Retiro en Tienda";;;MAIPU;REG.METROPOLITANA;CL;Romero;Maria Paz;;Tierra Fertil 1835;;;;MAIPU;REG.METROPOLITANA;CL;17990;0;990;0;18980;0;CLP
000000553661;24134553902-A;21/11/2025 04:08:02;Recibido;32990;3990;36980;5938;0.0000;27052;1;BLAZER 6 BOTONES NEGRO;MPM10002912800-1;N06001BS;21/11/2025 04:08:04;Flujo Crossdock- Ripley PAQ;Saavedra;Tania;;Holanda  87;202;;;PROVIDENCIA;REG.METROPOLITANA;CL;Saavedra;Tania;;Holanda  87;;;;PROVIDENCIA;REG.METROPOLITANA;CL;32990;0;3990;0;36980;0;CLP
000000553661;24134586401-A;21/11/2025 07:27:27;Recibido;26990;990;27980;4858;0.0000;22132;1;VESTIDO CAMISERO CEBRA CAFE  NICOPOLY;MPM10002977800-3;N06169UL;21/11/2025 07:27:29;5d_Retiro Tienda Ripley Chillán;"Valderrama ";Carmen Maria  Antonieta;;"5 de Abril 699 ";4to Piso. Centro de atención al Cliente;;;CHILLAN;VIII REGION;CL;"Valderrama ";Carmen Maria  Antonieta;;Alcalde Francisco Arrau 1355;;;;CHILLAN;VIII REGION;CL;26990;0;990;0;27980;0;CLP
000000553661;24134600801-A;21/11/2025 07:52:05;Recibido;20990;990;21980;3778;0.0000;17212;1;PANTALÓN MUJER NICOPOLY ROJO TIRO ALTO BÁSICO;MPM10001752474-4;N10373DS-5;21/11/2025 07:52:07;5d_Retiro Tienda Ripley Los Ángeles;Cuevas;Karen;;"Valdivia 440, Los Angeles ";" 3er Piso. Servicio al Cliente";;;LOS ANGELES;VIII REGION;CL;Cuevas;Karen;;Villa Pulmahue parcela Z 29;;;;LOS ANGELES;VIII REGION;CL;20990;0;990;0;21980;0;CLP
000000553661;24134769001-A;21/11/2025 10:24:31;Reembolsado;36990;0;36990;6658;0.0000;30332;1;BLAZER DE TOPE MANGA 3/4 RECOGIDA ROJO NICOPOLY;MPM10002842868-1;N03049DS-7;21/11/2025 10:24:32;5d_Retiro Tienda Ripley Los Ángeles;"Villagrán ";"Antonia ";;"Valdivia 440, Los Angeles ";" 3er Piso. Servicio al Cliente";;;LOS ANGELES;VIII REGION;CL;Fritz;Nilda;;Manuel Rodriguez 954;;;;LOS ANGELES;VIII REGION;CL;36990;0;0;0;36990;0;CLP
000000553661;24134769001-A;21/11/2025 10:24:31;Reembolsado;25990;0;25990;4678;0.0000;21312;1;PANTALÓN MUJER NICOPOLY ROJO RECTO CON PINZAS;MPM10002122135-3;N04277DM-6;21/11/2025 10:24:32;5d_Retiro Tienda Ripley Los Ángeles;"Villagrán ";"Antonia ";;"Valdivia 440, Los Angeles ";" 3er Piso. Servicio al Cliente";;;LOS ANGELES;VIII REGION;CL;Fritz;Nilda;;Manuel Rodriguez 954;;;;LOS ANGELES;VIII REGION;CL;25990;0;0;0;25990;0;CLP
000000553661;24134816101-A;21/11/2025 10:53:20;Recibido;49990;0;49990;8998;0.0000;40992;1;FULFILLMENT-BLAZER MANGA 3/4 AJUSTADA CON PLIEGUES MARRON;MPM10002943891-4;N03049OXL-FF;21/11/2025 10:53:21;FF_MATRIX_STS;Carcamo;Yasna;;"Valdivia 440, Los Angeles ";" 3er Piso. Servicio al Cliente";;;LOS ANGELES;VIII REGION;CL;Carcamo;"Isania ";;La constitución  1898;;;;LOS ANGELES;VIII REGION;CL;49990;0;0;0;49990;0;CLP
000000553661;24134816101-A;21/11/2025 10:53:20;Recibido;35990;0;35990;6478;0.0000;29512;1;FULFILLMENT-PANTALON BASICO PIERNA ANCHA MARRON NICOPOLY;MPM10002943922-2;N04277OXL-FF;21/11/2025 10:53:21;FF_MATRIX_STS;Carcamo;Yasna;;"Valdivia 440, Los Angeles ";" 3er Piso. Servicio al Cliente";;;LOS ANGELES;VIII REGION;CL;Carcamo;"Isania ";;La constitución  1898;;;;LOS ANGELES;VIII REGION;CL;35990;0;0;0;35990;0;CLP
000000553661;24135001101-A;21/11/2025 12:32:53;Recibido;32990;495;33485;5938;0.0000;27052;1;BLAZER BASICO DE TOPE ROJO NICOPOLY;MPM10002843023-2;N05301DS-7;21/11/2025 12:32:54;5d_Retiro Tienda Ripley El Trébol;ESPINOZA;IVANA;;"Avenida Jorge Alessandri 3177 ";" 3er Piso. Modulo Retiro en Tienda";;;TALCAHUANO;VIII REGION;CL;Farfal;Magaly;;Jaime repullo  3545;;;;TALCAHUANO;VIII REGION;CL;32990;0;495;0;33485;0;CLP
000000553661;24135001101-A;21/11/2025 12:32:53;Recibido;17990;495;18485;3238;0.0000;14752;1;GILET LEOPARD CAFE  NICOPOLY;MPM10002842888-4;N05304LM-7;21/11/2025 12:32:54;5d_Retiro Tienda Ripley El Trébol;ESPINOZA;IVANA;;"Avenida Jorge Alessandri 3177 ";" 3er Piso. Modulo Retiro en Tienda";;;TALCAHUANO;VIII REGION;CL;Farfal;Magaly;;Jaime repullo  3545;;;;TALCAHUANO;VIII REGION;CL;17990;0;495;0;18485;0;CLP
000000553661;24135059101-A;21/11/2025 13:04:41;Reembolsado;23990;3990;27980;4318;0.0000;19672;1;GILET LARGO CON BOTONES BLANCO;MPM10002910437-2;N06135AL;21/11/2025 13:04:43;Flujo Crossdock- Ripley PAQ;Muoz;Marisol;;central oriente 42;S/N;;;LA FLORIDA;REG.METROPOLITANA;CL;Muoz;Marisol;;central oriente 42;;;;LA FLORIDA;REG.METROPOLITANA;CL;23990;0;3990;0;27980;0;CLP
000000553661;24135244001-A;21/11/2025 15:03:54;Recibido;23990;4990;28980;4318;0.0000;19672;1;VESTIDO LARGO CON ABERTURAS LATERALES NEGRO NICOPOLY;MPM10003031643-3;N06035BL;21/11/2025 15:03:56;Flujo Crossdock- Ripley PAQ;Urbina;Julia;;pasaje santa Teresa 810;casa;;;CURACAVI;REG.METROPOLITANA;CL;Urbina;Julia;;pasaje santa Teresa 810;;;;CURACAVI;REG.METROPOLITANA;CL;23990;0;4990;0;28980;0;CLP
000000553661;24135258101-A;21/11/2025 15:08:08;Recibido;9990;990;10980;1798;0.0000;8192;1;BODY TEXTURIZADO ACANALADO GRIS NICOPOLY;MPM10001713170-1;N05003IM;21/11/2025 15:08:11;4d_Retiro Tienda Ripley Crillon;Manganelly;Yoselin;;"Agustinas #1025 ";Piso -1. Modulo Retiro en Tienda;;;SANTIAGO;REG.METROPOLITANA;CL;Manganelly;Yoselin;;Morandé  617;;;;SANTIAGO;REG.METROPOLITANA;CL;9990;0;990;0;10980;0;CLP
000000553661;24135318301-A;21/11/2025 15:45:40;Recibido;17990;0;17990;3238;0.0000;14752;1;CALZA SKINNY TIPO ENCERADA NEGRO NICOPOLY;MPM10002635868-3;N05316BS;21/11/2025 15:45:41;11d_Retiro Tienda Ripley Temuco;Valle;Marina;;"Arturo Prat 656, Temuco ";2do Piso. Modulo Retiro en Tienda;;;TEMUCO;IX REGION;CL;Valle;Marina;;Vicuña Mackenna 214;;;;TEMUCO;IX REGION;CL;17990;0;0;0;17990;0;CLP
000000553661;24135428801-A;21/11/2025 16:45:53;Recibido;20990;330;21320;3778;0.0000;17212;1;GILET BASICO AJUSTABLE CELESTE NICOPOLY;MPM10002842870-1;N04273CS-7;21/11/2025 16:45:54;6d_Retiro Tienda Ripley Nueva Valdivia;Silva;Diana;;"Arauco 561 ";" 3er Piso. Servicio al Cliente";;;VALDIVIA;XIV REGION;CL;Silva Aguilar;"Juan Carlos ";;San Eugenio 621;;;;VALDIVIA;XIV REGION;CL;20990;0;330;0;21320;0;CLP
000000553661;24135428801-A;21/11/2025 16:45:53;Recibido;36990;330;37320;6658;0.0000;30332;1;BLAZER DE TOPE MANGA 3/4 RECOGIDA CELESTE NICOPOLY;MPM10002842900-4;N03049CS-7;21/11/2025 16:45:54;6d_Retiro Tienda Ripley Nueva Valdivia;Silva;Diana;;"Arauco 561 ";" 3er Piso. Servicio al Cliente";;;VALDIVIA;XIV REGION;CL;Silva Aguilar;"Juan Carlos ";;San Eugenio 621;;;;VALDIVIA;XIV REGION;CL;36990;0;330;0;37320;0;CLP
000000553661;24135428801-A;21/11/2025 16:45:53;Recibido;17990;330;18320;3238;0.0000;14752;1;SHORT MUJER NICOPOLY AZUL ACERO BÁSICO TIRO ALTO;MPM10002122156-1;N05260CS;21/11/2025 16:45:54;6d_Retiro Tienda Ripley Nueva Valdivia;Silva;Diana;;"Arauco 561 ";" 3er Piso. Servicio al Cliente";;;VALDIVIA;XIV REGION;CL;Silva Aguilar;"Juan Carlos ";;San Eugenio 621;;;;VALDIVIA;XIV REGION;CL;17990;0;330;0;18320;0;CLP
000000553661;24135605201-A;21/11/2025 18:14:12;Recibido;49990;0;49990;8998;0.0000;40992;1;FULFILLMENT-BLAZER MANGA 3/4 AJUSTADA CON PLIEGUES CELESTE NICOPOLY;MPM10002943895-3;N03049KM-5-FF;21/11/2025 18:14:13;FF_MATRIX;Silva;Bernardita;;Camino de las vertientes 1035;Casa;;;LAS CONDES;REG.METROPOLITANA;CL;Silva;Bernardita;;Camino de las vertientes 1035;;;;LAS CONDES;REG.METROPOLITANA;CL;49990;0;0;0;49990;0;CLP
000000553661;24135873801-A;21/11/2025 20:46:41;Recibido;34990;0;34990;6298;0.0000;28692;1;FULFILLMENT-PANTALÓN MUJER NICOPOLY NEGRO PIERNA ANCHA CON PASADOR;MPM10002146394-1;N05298BM-FF;21/11/2025 20:46:42;FF_MATRIX;"Zamora Cuevas ";"Catalina Ignacia ";;José Miguel Carrera 825;PDI;;;VILLARICA;IX REGION;CL;"Zamora Cuevas ";"Catalina Ignacia ";;José Miguel Carrera 825;;;;VILLARICA;IX REGION;CL;34990;0;0;0;34990;0;CLP
000000553661;24135937901-A;21/11/2025 21:25:00;Recibido;26990;0;26990;4858;0.0000;22132;1;BLAZER LARGO DE TOPE NEGRO NICOPOLY;MPM10002635853-3;N05275BS;21/11/2025 21:25:01;Flujo Crossdock- Ripley PAQ;Rojas Basualto;Alejandra Yannina;;Undécima  1616;"Casa ";;;VALPARAISO;V REGION;CL;Rojas Basualto;Alejandra Yannina;;Undécima  1616;;;;VALPARAISO;V REGION;CL;26990;0;0;0;26990;0;CLP
000000553661;24136050801-A;21/11/2025 22:28:22;Recibido;43990;8990;52980;7918;0.0000;36072;1;ENTERITO CINTURON AJUSTABLE MORADO NICOPOLY;MPM10003032192-2;N06091ZM;21/11/2025 22:28:24;Flujo Crossdock- Ripley PAQ;"Lancapichun ";"Paulina ";;Avenida Los Fundadores  1080;S/N;;;PTO.MONTT;X REGION;CL;"Lancapichun ";"Paulina ";;Avenida Los Fundadores  1080;;;;PTO.MONTT;X REGION;CL;43990;0;8990;0;52980;0;CLP
000000553661;24136338201-A;22/11/2025 03:17:02;Reembolsado;29990;0;29990;5398;0.0000;24592;1;VESTIDO ALGODÓN MUJER NICOPOLY CAFÉ SAFARI CUELLO CAMISERO;MPM10002122834-3;N05268LL;22/11/2025 03:17:04;Flujo Crossdock- Ripley PAQ;Valenzuela;Damaris;;Baquedano 2010;Depto;;;SN.BERNARDO;REG.METROPOLITANA;CL;Valenzuela;Damaris;;Baquedano 2010;;;;SN.BERNARDO;REG.METROPOLITANA;CL;29990;0;0;0;29990;0;CLP
000000553661;24136338202-A;22/11/2025 03:17:03;Reembolsado;31990;0;31990;5758;0.0000;26232;1;FULFILLMENT-GILET RAYAS DIPLOMATICAS GRIS NICOPOLY;MPM10002952983-1;N06040NL-FF;22/11/2025 03:17:06;FF_MATRIX;Valenzuela;Damaris;;Baquedano 2010;Depto;;;SN.BERNARDO;REG.METROPOLITANA;CL;Valenzuela;Damaris;;Baquedano 2010;;;;SN.BERNARDO;REG.METROPOLITANA;CL;31990;0;0;0;31990;0;CLP
000000553661;24136416801-A;22/11/2025 09:06:57;Recibido;39990;0;39990;7198;0.0000;32792;1;BLAZER CUELLO CRUZADO KHAKI NICOPOLY;MPM10002843162-1;N05299LL-7;22/11/2025 09:06:58;5d_Retiro Tienda Ripley Talca;Gallrdo;Rosa;;"8 Oriente 1212 ";" 2do Piso. Modulo Retiro en Tienda";;;TALCA;VII REGION;CL;Gallrdo;Rosa;;12 oriente esquina 1 norte  1160;;;;TALCA;VII REGION;CL;39990;0;0;0;39990;0;CLP
000000553661;24136423501-A;22/11/2025 09:11:48;Recibido;23990;2745;26735;4318;0.0000;19672;1;VESTIDO LARGO CON ABERTURAS LATERALES NEGRO NICOPOLY;MPM10003031643-2;N06035BM;22/11/2025 09:11:49;Flujo Crossdock- Ripley PAQ;Gonzalez;Sandra Amelia;;51 oriente Hacienda La Esmeralda  1138;1138;;;TALCA;VII REGION;CL;Gonzalez;Sandra Amelia;;51 oriente Hacienda La Esmeralda  1138;;;;TALCA;VII REGION;CL;23990;0;2745;0;26735;0;CLP
000000553661;24136423501-A;22/11/2025 09:11:48;Recibido;24990;2745;27735;4498;0.0000;20492;1;VESTIDO CAMISERO CEBRA CAFE  NICOPOLY;MPM10002977800-1;N06169UM;22/11/2025 09:11:49;Flujo Crossdock- Ripley PAQ;Gonzalez;Sandra Amelia;;51 oriente Hacienda La Esmeralda  1138;1138;;;TALCA;VII REGION;CL;Gonzalez;Sandra Amelia;;51 oriente Hacienda La Esmeralda  1138;;;;TALCA;VII REGION;CL;24990;0;2745;0;27735;0;CLP
000000553661;24136522301-A;22/11/2025 10:44:56;Reembolsado;23990;990;24980;4318;0.0000;19672;1;VESTIDO LARGO CON ABERTURAS LATERALES NEGRO NICOPOLY;MPM10003031643-2;N06035BM;22/11/2025 10:44:57;5d_Retiro Tienda Ripley Los Andes;Lazo Lopez;Maria Elizabeth;;"Santa Teresita 683 ";2do Piso. Servicio al Cliente;;;LOS ANDES;V REGION;CL;Lazo Lopez;Maria Elizabeth;;Angamos 1717 1717;;;;LOS ANDES;V REGION;CL;23990;0;990;0;24980;0;CLP
000000553661;24136655401-A;22/11/2025 12:12:05;Recibido;28990;990;29980;5218;0.0000;23772;1;VESTIDO CAMISERO ALGODÓN MUJER NICOPOLY CELESTE TIPO DENIM;MPM10001849442-3;N05099KS;22/11/2025 12:12:06;5d_Retiro Tienda Ripley Los Andes;Troncoso Moreno;Alejandra;;"Santa Teresita 683 ";2do Piso. Servicio al Cliente;;;LOS ANDES;V REGION;CL;Troncoso Moreno;Alejandra;;Calle Amadeo Casarino Candia 1601;;;;LOS ANDES;V REGION;CL;28990;0;990;0;29980;0;CLP
000000553661;24136762402-A;22/11/2025 13:18:41;Recibido;34990;0;34990;6298;0.0000;28692;1;FULFILLMENT-PANTALON BASICO CELESTE NICOPOLY;MPM10002952981-1;N05298KS-FF;22/11/2025 13:18:43;FF_MATRIX;Fuentes;Nazareth;;Sagitario 234;S/N;;;SN.BERNARDO;REG.METROPOLITANA;CL;Fuentes;Nazareth;;Sagitario 234;;;;SN.BERNARDO;REG.METROPOLITANA;CL;34990;0;0;0;34990;0;CLP
000000553661;24136762401-A;22/11/2025 13:18:42;Recibido;22990;0;22990;4138;0.0000;18852;1;GILET HALTER ESPALDA DESCUBIERTA CELESTE NICOPOLY;MPM10002977965-2;N06065KS;22/11/2025 13:18:43;Flujo Crossdock- Ripley PAQ;Fuentes;Nazareth;;Sagitario 234;S/N;;;SN.BERNARDO;REG.METROPOLITANA;CL;Fuentes;Nazareth;;Sagitario 234;;;;SN.BERNARDO;REG.METROPOLITANA;CL;22990;0;0;0;22990;0;CLP
000000553661;24136799801-A;22/11/2025 13:42:18;Recibido;19990;0;19990;3598;0.0000;16392;1;GILET LEOPARD CAFE  NICOPOLY;MPM10002842888-2;N05304LL-7;22/11/2025 13:42:19;5d_Retiro Tienda Ripley Los Ángeles;Buegos;Patricia;;"Valdivia 440, Los Angeles ";" 3er Piso. Servicio al Cliente";;;LOS ANGELES;VIII REGION;CL;Buegos;Patricia;;Amanda labarca 1306;;;;LOS ANGELES;VIII REGION;CL;19990;0;0;0;19990;0;CLP
000000553661;24137018001-A;22/11/2025 15:53:35;Recibido;25990;0;25990;4678;0.0000;21312;1;TOP ENCAJE ESCOTE V NEGRO NICOPOLY;MPM10003037647-3;N06094BL;22/11/2025 15:53:37;Flujo Crossdock- Ripley PAQ;Machuca;Jonathan Miguel;;Av. El villar 1331;S/N;;;PAINE;REG.METROPOLITANA;CL;Machuca;Jonathan Miguel;;Av. El villar 1331;;;;PAINE;REG.METROPOLITANA;CL;25990;0;0;0;25990;0;CLP
000000553661;24137018002-A;22/11/2025 15:53:36;Recibido;41990;0;41990;7558;0.0000;34432;1;FULFILLMENT-JEANS PIERNA WIDE LEG AZUL NICOPOLY;MPM10002964095-5;N06136C40-FF;22/11/2025 15:53:37;FF_MATRIX;Machuca;Jonathan Miguel;;Av. El villar 1331;S/N;;;PAINE;REG.METROPOLITANA;CL;Machuca;Jonathan Miguel;;Av. El villar 1331;;;;PAINE;REG.METROPOLITANA;CL;41990;0;0;0;41990;0;CLP
000000553661;24137031301-A;22/11/2025 16:02:34;Recibido;26990;990;27980;4858;0.0000;22132;1;VESTIDO CAMISERO CEBRA CAFE  NICOPOLY;MPM10002977800-1;N06169UM;22/11/2025 16:02:35;5d_Retiro Tienda Ripley El Trébol;Toledo;Miriam;;"Avenida Jorge Alessandri 3177 ";" 3er Piso. Modulo Retiro en Tienda";;;TALCAHUANO;VIII REGION;CL;Toledo;Miriam;;rio loa  44;;;;TALCAHUANO;VIII REGION;CL;26990;0;990;0;27980;0;CLP
000000553661;24137168401-A;22/11/2025 17:14:19;Reembolsado;37990;990;38980;6838;0.0000;31152;1;ENTERITO MUJER NICOPOLY ROJO OSCURO CUT OUT ESCOTE;MPM10002122134-1;N05303TL;22/11/2025 17:14:20;5d_Retiro Tienda Ripley Mall Concepción;Iturra;"Claudia ";;"Barros Arana 1068, Concepcion ";" 3er Piso. Modulo Retiro en Tienda";;;CONCEPCION;VIII REGION;CL;Iturra;"Claudia ";;Las palomas 7802;;;;CONCEPCION;VIII REGION;CL;37990;0;990;0;38980;0;CLP
000000553661;24137183501-A;22/11/2025 17:20:20;Recibido;36990;0;36990;6658;0.0000;30332;1;FULFILLMENT-PANTALON MUJER NICOPOLY BEIGE MEZCLA LINO;MPM10003037754-3;N05020LS-FF;22/11/2025 17:20:21;FF_MATRIX;Valdés Romero;Katherine;;Calle La Empresa 290;Casa;;;QUILICURA;REG.METROPOLITANA;CL;Valdés Romero;Katherine;;Calle La Empresa 290;;;;QUILICURA;REG.METROPOLITANA;CL;36990;0;0;0;36990;0;CLP
000000553661;24137255601-A;22/11/2025 17:57:11;Reembolsado;31990;0;31990;5758;0.0000;26232;1;BLAZER UN BOTON KHAKI NICOPOLY;MPM10002635831-2;N05318LM;22/11/2025 17:57:13;5d_Retiro Tienda Ripley El Trébol;Figueroa;"Constanza ";;"Avenida Jorge Alessandri 3177 ";" 3er Piso. Modulo Retiro en Tienda";;;TALCAHUANO;VIII REGION;CL;Figueroa;"Constanza ";;AVENIDA CRISTOBAL COLON 8185;;;;TALCAHUANO;VIII REGION;CL;31990;0;0;0;31990;0;CLP
000000553661;24137255301-A;22/11/2025 17:59:57;Reembolsado;29990;0;29990;5398;0.0000;24592;1;BOMBER TIPO GAMUZA BLANCO INVIERNO INVIERNO NICOPOLY;MPM10002635865-3;N05184AM;22/11/2025 18:00:00;Flujo Crossdock- Ripley PAQ;Castillo;Dixy;;Agustinas 1612;1910;;;SANTIAGO;REG.METROPOLITANA;CL;Castillo;Dixy;;Agustinas 1612;;;;SANTIAGO;REG.METROPOLITANA;CL;29990;0;0;0;29990;0;CLP
000000553661;24137316401-A;22/11/2025 18:29:56;Recibido;41990;0;41990;7558;0.0000;34432;1;BLAZER BOLSILLOS Y BOTÓN ROJO NICOPOLY;MPM10001752521-3;N04260DM-5;22/11/2025 18:29:57;10d_Retiro Tienda Ripley San Fernando;Allendes;Carolina;;"Bernardo Ohiggins 701 ";" 3er Piso. Modulo Retiro en Tienda";;;SAN FERNANDO;VI REGION;CL;Allendes;Carolina;;el carrizal chimbarongo n3;;;;SAN FERNANDO;VI REGION;CL;41990;0;0;0;41990;0;CLP
000000553661;24137339401-A;22/11/2025 18:40:45;Reembolsado;45990;990;46980;8278;0.0000;37712;1;VESTIDO TUL FLOREADO FUCSIA NICOPOLY;MPM10003032203-4;N06108SS;22/11/2025 18:40:47;4d_Retiro Tienda Ripley Huechuraba;Paredes;Juan Pablo;;"Av. Americo Vespucio Norte 1737 ";" 2do Piso. Modulo Retiro en Tienda";;;HUECHURABA;REG.METROPOLITANA;CL;Paredes;Juan Pablo;;Pasaje Aranjuez Norte  160;;;;HUECHURABA;REG.METROPOLITANA;CL;45990;0;990;0;46980;0;CLP
000000553661;24137343001-A;22/11/2025 18:43:22;Recibido;19990;5990;25980;3598;0.0000;16392;1;BLUSA MUJER NICOPOLY AZUL REY PRINT ABSTRACTO;MPM10002160510-1;N05272CS;22/11/2025 18:43:24;Flujo Crossdock- Ripley PAQ;Castano Rivera;Patricia;;Avenida Las Rosas  1679;Dpto211;;;SP D LA PAZ;VIII REGION;CL;Castano Rivera;Patricia;;Avenida Las Rosas  1679;;;;SP D LA PAZ;VIII REGION;CL;19990;0;5990;0;25980;0;CLP
000000553661;24137394701-A;22/11/2025 19:13:17;Recibido;23990;0;23990;4318;0.0000;19672;1;GILET LARGO CON BOTONES BLANCO;MPM10002910437-2;N06135AL;22/11/2025 19:13:19;Flujo Crossdock- Ripley PAQ;Barrios;Nicolas;;Av San Manuel 4381;4381;;;MAIPU;REG.METROPOLITANA;CL;Barrios;Nicolas;;Av San Manuel 4381;;;;MAIPU;REG.METROPOLITANA;CL;23990;0;0;0;23990;0;CLP
000000553661;24137442401-A;22/11/2025 19:37:41;Reembolsado;23990;990;24980;4318;0.0000;19672;1;VESTIDO MUJER NICOPOLY ROJO STRAPLESS Y ESCOTE V;MPM10001856332-2;N05011DS;22/11/2025 19:37:43;4d_Retiro Tienda Ripley Tobalaba;Acuña;Natalia;;"Av. Camilo Henríquez 3296, Puente Alto ";2do Piso. Modulo Retiro en Tienda;;;PUENTE ALTO;REG.METROPOLITANA;CL;Acuña;Natalia;;Pje. Ing. Guilermo Wheelright 2785;;;;PUENTE ALTO;REG.METROPOLITANA;CL;23990;0;990;0;24980;0;CLP
000000553661;24137613001-A;22/11/2025 21:18:36;Recibido;28990;2190;31180;5218;0.0000;23772;1;VESTIDO FLOREADO BOTONES DELANTEROS FUCSIA NICOPOLY;MPM10003037311-2;N06054SS;22/11/2025 21:18:38;Flujo Crossdock- Ripley PAQ;LLANOS;DANIELS;;avenida el guanaco norte  1560;52;;;HUECHURABA;REG.METROPOLITANA;CL;LLANOS;DANIELS;;avenida el guanaco norte  1560;;;;HUECHURABA;REG.METROPOLITANA;CL;28990;0;2190;0;31180;0;CLP
000000553661;24137613001-A;22/11/2025 21:18:36;Recibido;33990;2190;36180;6118;0.0000;27872;1;VESTIDO CORTO FLORAL CON VUELOS CRUZADOS FUCSIA NICOPOLY;MPM10003037830-1;N06163BS;22/11/2025 21:18:38;Flujo Crossdock- Ripley PAQ;LLANOS;DANIELS;;avenida el guanaco norte  1560;52;;;HUECHURABA;REG.METROPOLITANA;CL;LLANOS;DANIELS;;avenida el guanaco norte  1560;;;;HUECHURABA;REG.METROPOLITANA;CL;33990;0;2190;0;36180;0;CLP
000000553661;24137670201-A;22/11/2025 21:57:02;Recibido;29990;0;29990;5398;0.0000;24592;1;BLAZER MUJER NICOPOLY NEGRO LAZO DELANTERO;MPM10002128962-3;N05276BS;22/11/2025 21:57:04;10d_Retiro Tienda Ripley La Serena;Valdivia;Kamila;;"Gregorio Cordovez 499 ";" 3er Piso. Modulo Retiro en Tienda";;;LA SERENA;IV REGION;CL;Valdivia;Kamila;;Pasaje rio los molles 1909;;;;LA SERENA;IV REGION;CL;29990;0;0;0;29990;0;CLP
000000553661;24137763001-A;22/11/2025 22:51:16;Reembolsado;36990;0;36990;6658;0.0000;30332;1;FULFILLMENT-PANTALON PALAZZO MUJER NICOPOLY NEGRO TAJOS;MPM10003037757-4;N10369BXL-4-FF;22/11/2025 22:51:18;FF_MATRIX;Orellana Loaus;Elizabeth;;PARQUE EL AVELLANO, 48 ORIENTE 3406;CASA;;;TALCA;VII REGION;CL;Orellana Loaus;Elizabeth;;PARQUE EL AVELLANO, 48 ORIENTE 3406;;;;TALCA;VII REGION;CL;36990;0;0;0;36990;0;CLP
000000553661;24137763001-A;22/11/2025 22:51:16;Reembolsado;36990;0;36990;6658;0.0000;30332;1;FULFILLMENT-PANTALON PALAZZO MUJER NICOPOLY VERDE TAJOS;MPM10003037747-4;N10369EXL-4-FF;22/11/2025 22:51:18;FF_MATRIX;Orellana Loaus;Elizabeth;;PARQUE EL AVELLANO, 48 ORIENTE 3406;CASA;;;TALCA;VII REGION;CL;Orellana Loaus;Elizabeth;;PARQUE EL AVELLANO, 48 ORIENTE 3406;;;;TALCA;VII REGION;CL;36990;0;0;0;36990;0;CLP
000000553661;24137763001-A;22/11/2025 22:51:16;Reembolsado;36990;0;36990;6658;0.0000;30332;1;FULFILLMENT-PANTALON PALAZZO TAJOS MOSTAZA NICOPOLY;MPM10003037767-2;N10369FXL-FF;22/11/2025 22:51:18;FF_MATRIX;Orellana Loaus;Elizabeth;;PARQUE EL AVELLANO, 48 ORIENTE 3406;CASA;;;TALCA;VII REGION;CL;Orellana Loaus;Elizabeth;;PARQUE EL AVELLANO, 48 ORIENTE 3406;;;;TALCA;VII REGION;CL;36990;0;0;0;36990;0;CLP
000000553661;24137785302-A;22/11/2025 23:09:19;Recibido;26990;8990;35980;4858;0.0000;22132;1;PANTALÓN MUJER NICOPOLY KHAKI PIERNA ANCHA;MPM10001856322-4;N04017LM-5;22/11/2025 23:09:20;Flujo Crossdock- Ripley PAQ;Elchiver;Verena;;Bima 345;Ofic.;;;PTO.MONTT;X REGION;CL;Elchiver;Verena;;Bima 345;;;;PTO.MONTT;X REGION;CL;26990;0;8990;0;35980;0;CLP
000000553661;24137825801-A;22/11/2025 23:32:40;Recibido;61990;990;62980;11158;0.0000;50832;1;VESTIDO LARGO TIRANTES CRUZADOS NEGRO NICOPOLY;MPM10002979450-2;N06145BM;22/11/2025 23:32:41;5d_Retiro Tienda Ripley Rancagua;Molina;Cecilia;;"José Domingo Mujica 490 ";" 3er Piso. Modulo Retiro en Tienda";;;RANCAGUA;VI REGION;CL;Molina;Cecilia;;Rebeca Aranguiz Alto Lo Castillo 0114;;;;RANCAGUA;VI REGION;CL;61990;0;990;0;62980;0;CLP
000000553661;24137846701-A;22/11/2025 23:45:33;Recibido;17990;4990;22980;3238;0.0000;14752;1;GILET LEOPARD CAFE  NICOPOLY;MPM10002842888-4;N05304LM-7;22/11/2025 23:45:34;Flujo Crossdock- Ripley PAQ;"Lisboa Espinoza ";"Quena Yohana ";;Principal 727;Casa;;;MELIPILLA;REG.METROPOLITANA;CL;"Lisboa Espinoza ";"Quena Yohana ";;Principal 727;;;;MELIPILLA;REG.METROPOLITANA;CL;17990;0;4990;0;22980;0;CLP
000000553661;24137850701-A;22/11/2025 23:47:59;Reembolsado;29990;0;29990;5398;0.0000;24592;1;VESTIDO LARGO CUELLO MOCK BURDEO NICOPOLY;MPM10002627268-1;N05311TM;22/11/2025 23:48:01;5d_Retiro Tienda Ripley Mall Concepción;Recabal;Daisy;;"Barros Arana 1068, Concepcion ";" 3er Piso. Modulo Retiro en Tienda";;;CONCEPCION;VIII REGION;CL;Recabal;Daisy;;" Diaguitas Población Alonso de Ercilla 2  447";;;;CONCEPCION;VIII REGION;CL;29990;0;0;0;29990;0;CLP
000000553661;24138235101-A;23/11/2025 11:28:55;Reembolsado;37990;990;38980;6838;0.0000;31152;1;ENTERITO MUJER NICOPOLY ROJO OSCURO CUT OUT ESCOTE;MPM10002122134-2;N05303TS;23/11/2025 11:28:56;10d_Retiro Tienda Ripley La Serena;Monardez;Karla;;"Gregorio Cordovez 499 ";" 3er Piso. Modulo Retiro en Tienda";;;LA SERENA;IV REGION;CL;Monardez;Karla;;Vichuquen  2146;;;;LA SERENA;IV REGION;CL;37990;0;990;0;38980;0;CLP
000000553661;24138326701-A;23/11/2025 12:19:32;Recibido;37990;7990;45980;6838;0.0000;31152;1;ENTERITO MUJER NICOPOLY ROJO OSCURO CUT OUT ESCOTE;MPM10002122134-2;N05303TS;23/11/2025 12:19:33;Flujo Crossdock- Ripley PAQ;Vergara;Sofia Belén;;Juan Esteban Montero 25;S/N;;;LICANTEN;VII REGION;CL;Vergara;Sofia Belén;;Juan Esteban Montero 25;;;;LICANTEN;VII REGION;CL;37990;0;7990;0;45980;0;CLP
000000553661;24138337001-A;23/11/2025 12:24:10;Recibido;31990;990;32980;5758;0.0000;26232;1;ENTERITO CUELLO MOCK BURDEO NICOPOLY;MPM10002627263-1;N05313TS;23/11/2025 12:24:11;10d_Retiro Tienda Ripley La Serena;Monardez;Karla;;"Gregorio Cordovez 499 ";" 3er Piso. Modulo Retiro en Tienda";;;LA SERENA;IV REGION;CL;Monardez;Karla;;Vichuquen  2146;;;;LA SERENA;IV REGION;CL;31990;0;990;0;32980;0;CLP
000000553661;24138367301-A;23/11/2025 12:44:38;Recibido;33990;3980;37970;6118;0.0000;27872;1;ENTERITO ESCOTE CRUZADO BURDEO NICOPOLY;MPM10003031626-2;N05044TM;23/11/2025 12:44:39;Flujo Crossdock- Ripley PAQ;Jorquera;Nicole;;Pasaje Madrid Rinconada de Guacarhue 00;"Casa Blanca Grande ";;;QTA.TILCOCO;VI REGION;CL;Jorquera;Nicole;;Pasaje Madrid Rinconada de Guacarhue 00;;;;QTA.TILCOCO;VI REGION;CL;33990;0;3980;0;37970;0;CLP
000000553661;24138470901-A;23/11/2025 13:39:07;Recibido;34990;990;35980;6298;0.0000;28692;1;ENTERITO MUJER NICOPOLY ROJO OSCURO CUT OUT ESCOTE;MPM10002122134-3;N05303TM;23/11/2025 13:39:09;4d_Retiro Tienda Ripley Plaza Vespucio;Araya;Rosalia;;"Av. Vicuña Mackenna Ote. 7110, La Florida ";3er Piso. Modulo Retiro en Tienda;;;LA FLORIDA;REG.METROPOLITANA;CL;Araya;Esteban;;Calle rosas 2060;;;;LA FLORIDA;REG.METROPOLITANA;CL;34990;0;990;0;35980;0;CLP
000000553661;24138694801-A;23/11/2025 15:44:42;Recibido;14990;3990;18980;2698;0.0000;12292;1;BODY HALTER TIPO SATIN NEGRO NICOPOLY;MPM10001878231-1;N05047BS;23/11/2025 15:44:43;Flujo Crossdock- Ripley PAQ;Moreno;Consuelo;;Contralmirante Fernandez Vial 10741;3;;;LO BARNECHEA;REG.METROPOLITANA;CL;Moreno;Consuelo;;Contralmirante Fernandez Vial 10741;;;;LO BARNECHEA;REG.METROPOLITANA;CL;14990;0;3990;0;18980;0;CLP
000000553661;24138724401-A;23/11/2025 15:57:08;Recibido;29990;6990;36980;5398;0.0000;24592;1;BOMBER ECOCUERO NEGRO NICOPOLY;MPM10002635840-4;N05153BM;23/11/2025 15:57:09;Flujo Crossdock- Ripley PAQ;Santander;Sara;;Manutara Villa Rapa Nui 1182;S/N;;;QUILLOTA;V REGION;CL;Santander;Sara;;Manutara Villa Rapa Nui 1182;;;;QUILLOTA;V REGION;CL;29990;0;6990;0;36980;0;CLP
000000553661;24138733201-A;23/11/2025 16:01:27;Reembolsado;20990;0;20990;3778;0.0000;17212;1;GILET BASICO AJUSTABLE ROJO NICOPOLY;MPM10002842897-2;N04273DM-7;23/11/2025 16:01:28;4d_Retiro Tienda Ripley Huechuraba;Rojas;Veronica;;"Av. Americo Vespucio Norte 1737 ";" 2do Piso. Modulo Retiro en Tienda";;;HUECHURABA;REG.METROPOLITANA;CL;Rojas;Veronica;;Condominio Los Parrales, Santa Esther SN;;;;HUECHURABA;REG.METROPOLITANA;CL;20990;0;0;0;20990;0;CLP
000000553661;24138789001-A;23/11/2025 16:27:51;Recibido;33990;990;34980;6118;0.0000;27872;1;BLAZER SIN MANGAS BOLSILLOS BLANCO;MPM10001752435-3;N04294AS-5;23/11/2025 16:27:53;10d_Retiro Tienda Ripley Portal Temuco;Aguayo;Jacqueline;;"Avenida Alemania 0671 ";3er Piso, Modulo Retiro en Tienda;;;TEMUCO;IX REGION;CL;Aguayo;Jacqueline;;Avenida Alemania 0450;;;;TEMUCO;IX REGION;CL;33990;0;990;0;34980;0;CLP
000000553661;24138792301-A;23/11/2025 16:30:05;Recibido;29990;990;30980;5398;0.0000;24592;1;BLAZER 6 BOTONES NEGRO NICOPOLY;MPM10002912800-1;N06001BS;23/11/2025 16:30:07;4d_Retiro Tienda Ripley Plaza Oeste;Montero;Daniela;;"Américo Vespucio 1501 ";" 3er Piso. Modulo Retiro en Tienda";;;CERRILLOS;REG.METROPOLITANA;CL;Montero;Daniela;;Pasaje  13 sur 2586;;;;CERRILLOS;REG.METROPOLITANA;CL;29990;0;990;0;30980;0;CLP
000000553661;24138810101-A;23/11/2025 16:39:24;Reembolsado;24990;495;25485;4498;0.0000;20492;1;VESTIDO TIPO SATIN FLOREADO ROSADO NICOPOLY;MPM10003037324-3;N06159HM;23/11/2025 16:39:26;4d_Retiro Tienda Ripley Arauco Maipu;Zúñiga Forni;Andrea Paz;;"Av. Americo Vespucio 399 ";" 2do Piso. Modulo Retiro en Tienda";;;MAIPU;REG.METROPOLITANA;CL;Zúñiga Forni;Andrea Paz;;Pasaje Cantar de Los Cantares 488;;;;MAIPU;REG.METROPOLITANA;CL;24990;0;495;0;25485;0;CLP
000000553661;24138810101-A;23/11/2025 16:39:24;Recibido;24990;495;25485;4498;0.0000;20492;1;VESTIDO TIPO SATIN FLOREADO ROSADO NICOPOLY;MPM10003037324-1;N06159HL;23/11/2025 16:39:26;4d_Retiro Tienda Ripley Arauco Maipu;Zúñiga Forni;Andrea Paz;;"Av. Americo Vespucio 399 ";" 2do Piso. Modulo Retiro en Tienda";;;MAIPU;REG.METROPOLITANA;CL;Zúñiga Forni;Andrea Paz;;Pasaje Cantar de Los Cantares 488;;;;MAIPU;REG.METROPOLITANA;CL;24990;0;495;0;25485;0;CLP
000000553661;24138876401-A;23/11/2025 17:06:56;Recibido;23990;990;24980;4318;0.0000;19672;1;GILET LARGO CON BOTONES BLANCO;MPM10002910437-3;N06135AS;23/11/2025 17:06:57;4d_Retiro Tienda Ripley Plaza Egaña;"Flores ";"Israel ";;"Larrain 5800 ";" 3er Piso. Modulo Retiro en Tienda";;;NUNOA;REG.METROPOLITANA;CL;Herrera;Luisa;;los pehuenches  01549;;;;NUNOA;REG.METROPOLITANA;CL;23990;0;990;0;24980;0;CLP
000000553661;24138930801-A;23/11/2025 17:26:50;Recibido;41990;0;41990;7558;0.0000;34432;1;BLAZER BOLSILLOS Y BOTÓN NEGRO NICOPOLY;MPM10001752517-3;N04260BL-5;23/11/2025 17:26:52;Flujo Crossdock- Ripley PAQ;Lillo;Ivonne;;Salar de pajonales 1921;S/N;;;MAIPU;REG.METROPOLITANA;CL;Lillo;Ivonne;;Salar de pajonales 1921;;;;MAIPU;REG.METROPOLITANA;CL;41990;0;0;0;41990;0;CLP
000000553661;24138937502-A;23/11/2025 17:30:04;Recibido;19990;3990;23980;3598;0.0000;16392;1;VESTIDO ESCOTE CRUZADO FLORES NEGRAS NICOPOLY;MPM10003032281-3;N06161BM;23/11/2025 17:30:06;Flujo Crossdock- Ripley PAQ;Pia Briceo;Milena;;José Joaquín Vallejos 1260;1105;;;SAN MIGUEL;REG.METROPOLITANA;CL;Pia Briceo;Milena;;José Joaquín Vallejos 1260;;;;SAN MIGUEL;REG.METROPOLITANA;CL;19990;0;3990;0;23980;0;CLP
000000553661;24138947701-A;23/11/2025 17:35:02;Recibido;16990;990;17980;3058;0.0000;13932;1;CARDIGAN DE HILO LEOPARDO FUCSIA NICOPOLY;MPM10001856336-3;N05131SM;23/11/2025 17:35:03;5d_Retiro Tienda Ripley Mall Concepción;"Bravo ";"Anais ";;"Barros Arana 1068, Concepcion ";" 3er Piso. Modulo Retiro en Tienda";;;CONCEPCION;VIII REGION;CL;Bahamondez;Jacqueline;;Pasaje pinares  520;;;;CONCEPCION;VIII REGION;CL;16990;0;990;0;17980;0;CLP
000000553661;24139180101-A;23/11/2025 19:22:21;Recibido;31990;990;32980;5758;0.0000;26232;1;VESTIDO FLOREADO BOTONES DELANTEROS FUCSIA NICOPOLY;MPM10003037311-3;N06054SM;23/11/2025 19:22:22;5d_Retiro Tienda Ripley Los Andes;Alvarez Vargas;Katherine;;"Santa Teresita 683 ";2do Piso. Servicio al Cliente;;;LOS ANDES;V REGION;CL;Alvarez Vargas;Katherine;;Avenida General san Martín 3340;;;;LOS ANDES;V REGION;CL;31990;0;990;0;32980;0;CLP
000000553661;24139194701-A;23/11/2025 19:29:25;Recibido;28990;990;29980;5218;0.0000;23772;1;ENTERITO CUELLO MOCK AZUL NICOPOLY;MPM10002627273-2;N05313PM;23/11/2025 19:29:26;5d_Retiro Tienda Ripley Mall Concepción;Jaccard;Sara;;"Barros Arana 1068, Concepcion ";" 3er Piso. Modulo Retiro en Tienda";;;CONCEPCION;VIII REGION;CL;Jaccard;Sara;;Sanders 10;;;;CONCEPCION;VIII REGION;CL;28990;0;990;0;29980;0;CLP
000000553661;24139265101-A;23/11/2025 20:03:03;Recibido;21990;990;22980;3958;0.0000;18032;1;BLUSA BASICA BOTONERA INVISIBLE BLANCO NICOPOLY;MPM10001713145-3;N00089AS-5;23/11/2025 20:03:04;5d_Retiro Tienda Ripley Talca;Curriir Cceres;Carla;;"8 Oriente 1212 ";" 2do Piso. Modulo Retiro en Tienda";;;TALCA;VII REGION;CL;Curriir Cceres;Carla;;1 Norte 1077;;;;TALCA;VII REGION;CL;21990;0;990;0;22980;0;CLP
000000553661;24139371801-A;23/11/2025 20:52:45;Recibido;17990;5990;23980;3238;0.0000;14752;1;VESTIDO MUJER NICOPOLY CAFÉ TIPO CAMISERO LEOPARD;MPM10001848651-2;N05123UL;23/11/2025 20:52:46;Flujo Crossdock- Ripley PAQ;Farias;Tanya;;Brisas Del Vallepasaje Carlos Isamitt 729;"Casa ";;;RENGO;VI REGION;CL;Farias;Tanya;;Brisas Del Vallepasaje Carlos Isamitt 729;;;;RENGO;VI REGION;CL;17990;0;5990;0;23980;0;CLP
000000553661;24139373301-A;23/11/2025 20:55:01;Reembolsado;9990;0;9990;1798;0.0000;8192;1;CROP TOP JASPEADO ROSADO NICOPOLY;MPM10001849456-2;N05021HM;23/11/2025 20:55:03;5d_Retiro Tienda Ripley Viña del Mar Sucre;Robles;"Javiera ";;"Sucre 290, Viña ";5to Piso. Modulo Retiro en Tienda;;;VI.A DEL MA;V REGION;CL;Robles;Leopoldo;;Ignacio de la carrera, villa camino del sol lV 04;;;;VI.A DEL MA;V REGION;CL;9990;0;0;0;9990;0;CLP
000000553661;24139373301-A;23/11/2025 20:55:01;Reembolsado;9990;0;9990;1798;0.0000;8192;1;CROP TOP JASPEADO ROSADO NICOPOLY;MPM10001849456-3;N05021HL;23/11/2025 20:55:03;5d_Retiro Tienda Ripley Viña del Mar Sucre;Robles;"Javiera ";;"Sucre 290, Viña ";5to Piso. Modulo Retiro en Tienda;;;VI.A DEL MA;V REGION;CL;Robles;Leopoldo;;Ignacio de la carrera, villa camino del sol lV 04;;;;VI.A DEL MA;V REGION;CL;9990;0;0;0;9990;0;CLP
000000553661;24139373301-A;23/11/2025 20:55:01;Reembolsado;9990;0;9990;1798;0.0000;8192;1;CROP TOP JASPEADO BLANCO NICOPOLY;MPM10001849445-3;N05021AM;23/11/2025 20:55:03;5d_Retiro Tienda Ripley Viña del Mar Sucre;Robles;"Javiera ";;"Sucre 290, Viña ";5to Piso. Modulo Retiro en Tienda;;;VI.A DEL MA;V REGION;CL;Robles;Leopoldo;;Ignacio de la carrera, villa camino del sol lV 04;;;;VI.A DEL MA;V REGION;CL;9990;0;0;0;9990;0;CLP
000000553661;24139373301-A;23/11/2025 20:55:01;Recibido;9990;0;9990;1798;0.0000;8192;1;CROP TOP JASPEADO BLANCO NICOPOLY;MPM10001849445-1;N05021AL;23/11/2025 20:55:03;5d_Retiro Tienda Ripley Viña del Mar Sucre;Robles;"Javiera ";;"Sucre 290, Viña ";5to Piso. Modulo Retiro en Tienda;;;VI.A DEL MA;V REGION;CL;Robles;Leopoldo;;Ignacio de la carrera, villa camino del sol lV 04;;;;VI.A DEL MA;V REGION;CL;9990;0;0;0;9990;0;CLP
000000553661;24139373301-A;23/11/2025 20:55:01;Recibido;23990;0;23990;4318;0.0000;19672;1;VESTIDO LARGO CON ABERTURAS LATERALES NEGRO NICOPOLY;MPM10003031643-2;N06035BM;23/11/2025 20:55:03;5d_Retiro Tienda Ripley Viña del Mar Sucre;Robles;"Javiera ";;"Sucre 290, Viña ";5to Piso. Modulo Retiro en Tienda;;;VI.A DEL MA;V REGION;CL;Robles;Leopoldo;;Ignacio de la carrera, villa camino del sol lV 04;;;;VI.A DEL MA;V REGION;CL;23990;0;0;0;23990;0;CLP
000000553661;24139373301-A;23/11/2025 20:55:01;Reembolsado;23990;0;23990;4318;0.0000;19672;1;VESTIDO LARGO CON ABERTURAS LATERALES NEGRO NICOPOLY;MPM10003031643-3;N06035BL;23/11/2025 20:55:03;5d_Retiro Tienda Ripley Viña del Mar Sucre;Robles;"Javiera ";;"Sucre 290, Viña ";5to Piso. Modulo Retiro en Tienda;;;VI.A DEL MA;V REGION;CL;Robles;Leopoldo;;Ignacio de la carrera, villa camino del sol lV 04;;;;VI.A DEL MA;V REGION;CL;23990;0;0;0;23990;0;CLP
000000553661;24139485201-A;23/11/2025 21:46:20;Recibido;9990;990;10980;1798;0.0000;8192;1;BODY ACANALADO MANGA LARGA ROJO NICOPOLY;MPM00084129352-2;N03130YXL;23/11/2025 21:46:21;4d_Retiro Tienda Ripley Alameda;Rubilar Cabrera;Luz Miriam;;"Av Libertador Bernardo O'Higgins 3470, Santiago ";3er Piso. Modulo Retiro en Tienda;;;EST.CENTRAL;REG.METROPOLITANA;CL;Rubilar Cabrera;Luz Miriam;;"Trovador   9109 ";;;;EST.CENTRAL;REG.METROPOLITANA;CL;9990;0;990;0;10980;0;CLP
000000553661;24139483101-A;23/11/2025 21:47:48;Reembolsado;19990;4980;24970;3598;0.0000;16392;1;VESTIDO MUJER NICOPOLY NEGRO HOLGADO CON MANGAS CALADAS;MPM10001919205-2;N05120BM;23/11/2025 21:47:49;Flujo Crossdock- Ripley PAQ;Mocarquer;Pilar;;Camino el algarrobo, cond. lagares 205;35;;;COLINA;REG.METROPOLITANA;CL;Mocarquer;Pilar;;Camino el algarrobo, cond. lagares 205;;;;COLINA;REG.METROPOLITANA;CL;19990;0;4980;0;24970;0;CLP
000000553661;24139650501-A;23/11/2025 22:53:42;Recibido;37990;990;38980;6838;0.0000;31152;1;ENTERITO MUJER NICOPOLY ROJO OSCURO CUT OUT ESCOTE;MPM10002122134-3;N05303TM;23/11/2025 22:53:43;5d_Retiro Tienda Ripley Talca;Neira;Lucia;;"8 Oriente 1212 ";" 2do Piso. Modulo Retiro en Tienda";;;TALCA;VII REGION;CL;Neira;Lucia;;Calle prov de talca con pje san juan 1811;;;;TALCA;VII REGION;CL;37990;0;990;0;38980;0;CLP
000000553661;24139815601-A;24/11/2025 00:06:28;Recibido;28990;0;28990;5218;0.0000;23772;1;FULFILLMENT-GILET BASICO AJUSTABLE NEGRO NICOPOLY;MPM10002943912-3;N04273BM-7-FF;24/11/2025 00:06:29;FF_MATRIX_DX;Cortes;Carla;;Brisas poniente  1538;S/N;;;PUDAHUEL;REG.METROPOLITANA;CL;Cortes;Carla;;Brisas poniente  1538;;;;PUDAHUEL;REG.METROPOLITANA;CL;28990;0;0;0;28990;0;CLP
000000553661;24139927101-A;24/11/2025 02:20:36;Recibido;34990;0;34990;6298;0.0000;28692;1;FULFILLMENT-PANTALÓN MUJER NICOPOLY NEGRO PIERNA ANCHA CON PASADOR;MPM10002146394-1;N05298BM-FF;24/11/2025 02:20:37;FF_MATRIX;Gutierrez;Romina;;Avenida manuel rodriguez 0166;Casa;;;BUIN;REG.METROPOLITANA;CL;Gutierrez;Romina;;Avenida manuel rodriguez 0166;;;;BUIN;REG.METROPOLITANA;CL;34990;0;0;0;34990;0;CLP
000000553661;24139942202-A;24/11/2025 04:05:07;Reembolsado;22990;0;22990;4138;0.0000;18852;1;GILET HALTER ESPALDA DESCUBIERTA BLANCO NICOPOLY;MPM10002977123-3;N06065AM;24/11/2025 04:05:09;Flujo Crossdock- Ripley PAQ;Hoppe;Doménica;;Del Candil 690;306;;;LO BARNECHEA;REG.METROPOLITANA;CL;Hoppe;Doménica;;Del Candil 690;;;;LO BARNECHEA;REG.METROPOLITANA;CL;22990;0;0;0;22990;0;CLP
000000553661;24139942201-A;24/11/2025 04:05:07;Reembolsado;25990;0;25990;4678;0.0000;21312;1;FULFILLMENT-GILET 4 BOTONES BLANCO NICOPOLY;MPM10002952977-1;N05262AM-FF;24/11/2025 04:05:09;FF_MATRIX_DX;Hoppe;Doménica;;Del Candil 690;306;;;LO BARNECHEA;REG.METROPOLITANA;CL;Hoppe;Doménica;;Del Candil 690;;;;LO BARNECHEA;REG.METROPOLITANA;CL;25990;0;0;0;25990;0;CLP
000000553661;24139942201-A;24/11/2025 04:05:07;Reembolsado;28990;0;28990;5218;0.0000;23772;1;FULFILLMENT-GILET BASICO BLANCO NICOPOLY;MPM10002943917-4;N04273AM-FF;24/11/2025 04:05:09;FF_MATRIX_DX;Hoppe;Doménica;;Del Candil 690;306;;;LO BARNECHEA;REG.METROPOLITANA;CL;Hoppe;Doménica;;Del Candil 690;;;;LO BARNECHEA;REG.METROPOLITANA;CL;28990;0;0;0;28990;0;CLP
000000553661;24139942201-A;24/11/2025 04:05:07;Recibido;28990;0;28990;5218;0.0000;23772;1;FULFILLMENT-GILET HALTER ESPALDA DESCUBIERTA BLANCO NICOPOLY;MPM10002995212-4;N06065AS-FF;24/11/2025 04:05:09;FF_MATRIX_DX;Hoppe;Doménica;;Del Candil 690;306;;;LO BARNECHEA;REG.METROPOLITANA;CL;Hoppe;Doménica;;Del Candil 690;;;;LO BARNECHEA;REG.METROPOLITANA;CL;28990;0;0;0;28990;0;CLP
000000553661;24140083801-A;24/11/2025 09:39:58;Recibido;39990;0;39990;7198;0.0000;32792;1;BLAZER CUELLO CRUZADO ROJO NICOPOLY;MPM10002842890-1;N05299DS-7;24/11/2025 09:39:59;4d_Retiro Tienda Ripley Plaza Vespucio;Soto;Josefa;;"Av. Vicuña Mackenna Ote. 7110, La Florida ";3er Piso. Modulo Retiro en Tienda;;;LA FLORIDA;REG.METROPOLITANA;CL;Soto;Josefa;;Lumalla  13259;;;;LA FLORIDA;REG.METROPOLITANA;CL;39990;0;0;0;39990;0;CLP
000000553661;24140120001-A;24/11/2025 10:06:30;Recibido;29990;8990;38980;5398;0.0000;24592;1;BLAZER MUJER NICOPOLY NEGRO LAZO DELANTERO;MPM10002128962-2;N05276BM;24/11/2025 10:06:31;Flujo Crossdock- Ripley PAQ;"Lancapichun ";"Paulina ";;Avenida Los Fundadores  1080;S/N;;;PTO.MONTT;X REGION;CL;"Lancapichun ";"Paulina ";;Avenida Los Fundadores  1080;;;;PTO.MONTT;X REGION;CL;29990;0;8990;0;38980;0;CLP
000000553661;24140322501-A;24/11/2025 11:55:49;Recibido;25990;990;26980;4678;0.0000;21312;1;PANTALON LEOPARDO CAFE  NICOPOLY;MPM10003032189-1;N06074UXL;24/11/2025 11:55:50;4d_Retiro Tienda Ripley Florida Center;Romero Gatica;Clara;;"Vicuña Mackenna Oriente 6100, La Florida ";3er Piso. Modulo Retiro en Tienda;;;LA FLORIDA;REG.METROPOLITANA;CL;Romero Gatica;Clara;;Lapihue 7301;;;;LA FLORIDA;REG.METROPOLITANA;CL;25990;0;990;0;26980;0;CLP
000000553661;24140417501-A;24/11/2025 12:43:51;Recibido;27990;0;27990;5038;0.0000;22952;1;FULFILLMENT-BLUSA VUELOS MANGA LARGA BLANCO;MPM10002943890-1;N06067AL-FF;24/11/2025 12:43:52;FF_MATRIX_STS;Gajardo;"Mariel ";;"Avenida Alemania 0671 ";3er Piso, Modulo Retiro en Tienda;;;TEMUCO;IX REGION;CL;Gajardo;"Mariel ";;Martinez de Rosas  535;;;;TEMUCO;IX REGION;CL;27990;0;0;0;27990;0;CLP
000000553661;24140780602-A;24/11/2025 15:51:14;Reembolsado;44990;4990;49980;8098;0.0000;36892;1;VESTIDO LARGO FLOREADO ROSADO NICOPOLY;MPM10003037833-3;N06076SXL;24/11/2025 15:51:15;Flujo Crossdock- Ripley PAQ;Vargas;Janet;;villa universitaria 5 poniente A 321 321;casa;;;TALCA;VII REGION;CL;Vargas;Janet;;villa universitaria 5 poniente A 321 321;;;;TALCA;VII REGION;CL;44990;0;4990;0;49980;0;CLP
000000553661;24141426301-A;24/11/2025 21:21:15;Recibido;19990;3980;23970;3598;0.0000;16392;1;GILET 4 BOTONES NEGRO NICOPOLY;MPM10002842883-2;N05262BM-7;24/11/2025 21:21:17;Flujo Crossdock- Ripley PAQ;Rijks Carcamo;"Fernanda ";;Marchant pereira 1959;6b;;;PROVIDENCIA;REG.METROPOLITANA;CL;Rijks Carcamo;"Fernanda ";;Marchant pereira 1959;;;;PROVIDENCIA;REG.METROPOLITANA;CL;19990;0;3980;0;23970;0;CLP
000000553661;24141466401-A;24/11/2025 21:34:27;Recibido;32990;3990;36980;5938;0.0000;27052;1;VESTIDO LARGO CUELLO MOCK BURDEO NICOPOLY;MPM10002627268-1;N05311TM;24/11/2025 21:34:28;Flujo Crossdock- Ripley PAQ;Núñez Escalona;Camila;;san isidro 19;1202;;;SANTIAGO;REG.METROPOLITANA;CL;Núñez Escalona;Camila;;san isidro 19;;;;SANTIAGO;REG.METROPOLITANA;CL;32990;0;3990;0;36980;0;CLP
000000553661;24141545901-A;24/11/2025 21:58:08;Recibido;28990;0;28990;5218;0.0000;23772;1;ENTERITO CUELLO MOCK BURDEO NICOPOLY;MPM10002627263-2;N05313TL;24/11/2025 21:58:10;Flujo Crossdock- Ripley PAQ;"Montoya ";Karla;;Avenida doctor Manuel rioseco  850;"Dpto ";;;LOS ANGELES;VIII REGION;CL;"Montoya ";Karla;;Avenida doctor Manuel rioseco  850;;;;LOS ANGELES;VIII REGION;CL;28990;0;0;0;28990;0;CLP
000000553661;24142099801-A;25/11/2025 08:36:43;Recibido;26990;3990;30980;4858;0.0000;22132;1;CHAQUETA BOUCLE  MOCA NICOPOLY;MPM10002646315-1;N05183US;25/11/2025 08:36:45;Flujo Crossdock- Ripley PAQ;Ampuero;Judith Andrea;;Chacabuco 1120;Depto;;;SANTIAGO;REG.METROPOLITANA;CL;Ampuero;Judith Andrea;;Chacabuco 1120;;;;SANTIAGO;REG.METROPOLITANA;CL;26990;0;3990;0;30980;0;CLP
000000553661;24142378201-A;25/11/2025 11:30:28;Reembolsado;35990;0;35990;6478;0.0000;29512;1;VESTIDO ASIME TRICO FLORAL VERDE NICOPOLY;MPM10003037797-3;N06173EM;25/11/2025 11:30:30;Flujo Crossdock- Ripley PAQ;Braniff Rodriguez;Gypsi;;Sucre 1911 56;S/N;;;NUNOA;REG.METROPOLITANA;CL;Braniff Rodriguez;Gypsi;;Sucre 1911 56;;;;NUNOA;REG.METROPOLITANA;CL;35990;0;0;0;35990;0;CLP
000000553661;24142378201-A;25/11/2025 11:30:28;Reembolsado;49990;0;49990;8998;0.0000;40992;1;VESTIDO TUL FLOREADO CELESTE NICOPOLY;MPM10003032195-2;N06108KM;25/11/2025 11:30:30;Flujo Crossdock- Ripley PAQ;Braniff Rodriguez;Gypsi;;Sucre 1911 56;S/N;;;NUNOA;REG.METROPOLITANA;CL;Braniff Rodriguez;Gypsi;;Sucre 1911 56;;;;NUNOA;REG.METROPOLITANA;CL;49990;0;0;0;49990;0;CLP
000000553661;24142386301-A;25/11/2025 11:35:22;Recibido;32990;990;33980;5938;0.0000;27052;1;BLAZER 6 BOTONES NEGRO NICOPOLY;MPM10002912800-4;N06001BXL;25/11/2025 11:35:23;4d_Retiro Tienda Ripley Crillon;Mondaca;Vernica;;"Agustinas #1025 ";Piso -1. Modulo Retiro en Tienda;;;SANTIAGO;REG.METROPOLITANA;CL;Mondaca;Vernica;;Payo  8060;;;;SANTIAGO;REG.METROPOLITANA;CL;32990;0;990;0;33980;0;CLP
000000553661;24142597801-A;25/11/2025 13:03:12;Reembolsado;35990;0;35990;6478;0.0000;29512;1;FULFILLMENT-PANTALON MUJER NICOPOLY CELESTE CON PINZAS RECTO;MPM10002943921-2;N04277KM-5-FF;25/11/2025 13:03:13;FF_MATRIX_DX;Morales;Maria Veronica;;Pirineos 2002;Depto 504;;;PROVIDENCIA;REG.METROPOLITANA;CL;Morales;Maria Veronica;;Pirineos 2002;;;;PROVIDENCIA;REG.METROPOLITANA;CL;35990;0;0;0;35990;0;CLP
000000553661;24143143801-A;25/11/2025 16:50:16;Recibido;29990;990;30980;5398;0.0000;24592;1;BLAZER LARGO DE TOPE NEGRO NICOPOLY;MPM10002635853-2;N05275BM;25/11/2025 16:50:18;Flujo Crossdock- Ripley PAQ;Alfaro;Johanna;;Laguna san Pedro 1231;Casa;;;PE.ALOLEN;REG.METROPOLITANA;CL;Alfaro;Johanna;;Laguna san Pedro 1231;;;;PE.ALOLEN;REG.METROPOLITANA;CL;29990;0;990;0;30980;0;CLP
000000553661;24144221701-A;26/11/2025 05:52:27;Reembolsado;31990;0;31990;5758;0.0000;26232;1;ENTERITO CUELLO MOCK BURDEO NICOPOLY;MPM10002627263-1;N05313TS;26/11/2025 05:52:30;Flujo Crossdock- Ripley PAQ;Sariego;Barbara;;El Roble 534;S/N;;;LIMACHE;V REGION;CL;Sariego;Barbara;;El Roble 534;;;;LIMACHE;V REGION;CL;31990;0;0;0;31990;0;CLP
000000553661;24145712102-A;26/11/2025 20:25:13;Recibido;21440;0;21440;3859;0.0000;17581;1;FULFILLMENT-VESTIDO TIPO CAMISERO ZEBRA CAFE  NICOPOLY;MPM10002964096-2;N06168US-FF;26/11/2025 20:25:14;FF_MATRIX;Caroca;Augusta Victoria;;Alcántara 1026;114;;;LAS CONDES;REG.METROPOLITANA;CL;Caroca;Augusta Victoria;;Alcántara 1026;;;;LAS CONDES;REG.METROPOLITANA;CL;21440;0;0;0;21440;0;CLP
000000553661;24147194301-A;27/11/2025 11:11:21;Reembolsado;26990;8990;35980;4858;0.0000;22132;1;PANTALÓN MUJER NICOPOLY KHAKI PIERNA ANCHA;MPM10001856322-4;N04017LM-5;27/11/2025 11:11:22;Flujo Crossdock- Ripley PAQ;Carvajal;"Carolina ";;Batallones de Atacama  259;S/N;;;COPIAPO;III REGION;CL;Carvajal;"Carolina ";;Batallones de Atacama  259;;;;COPIAPO;III REGION;CL;26990;0;8990;0;35980;0;CLP
