Número de factura;Order number;Date created;Estado del pedido;Subtotal de artículos (con impuestos);Gastos de envío (con impuestos);Precio total (con impuestos);Commission (excluding taxes);Impuestos sobre la comisión;Amount transferred to tienda (including taxes);Quantity;Producto;Product SKU;Offer SKU;Fecha de confirmación del pago;Shipping method;Shipping address last name;Shipping address first name;Shipping address company;Shipping address street 1;Shipping address street 2;Dirección de entrega: complementaria;Shipping address zip;Shipping address city;Shipping address state;Shipping address country;Billing address last name;Billing address first name;Billing address company;Billing address street 1;Billing address street 2;Dirección de facturación: complementaria;Billing address zip;Billing address city;Billing address state;Billing address country;Subtotal de artículos (sin impuestos);Impuestos sobre artículos;Gastos de envío (sin impuestos);Impuestos sobre gastos de envío;Precio total (sin impuestos);Impuestos sobre el precio total;Currency
000000560350;24029783901-A;08/10/2025 13:06:16;Reembolsado;35990;190;36180;6478;0.0000;29512;1;BLAZER LARGO DE TOPE NEGRO NICOPOLY;MPM10002635853-2;N05275BM;08/10/2025 13:06:17;Flujo Same day BX;Donoso;Maria Paulina;;Escribano Diego Rutal 2955;S/N;;;VITACURA;REG.METROPOLITANA;CL;Donoso;Maria Paulina;;Escribano Diego Rutal 2955;;;;VITACURA;REG.METROPOLITANA;CL;35990;0;190;0;36180;0;CLP
000000560350;24114941601-A;11/11/2025 01:21:25;Recibido;28990;0;28990;5218;0.0000;23772;1;TRENCH LAZO HEBILLA KHAKI NICOPOLY;MPM10002635817-3;N05182LS;11/11/2025 01:21:27;4d_Retiro Tienda Ripley Huechuraba;Soto;Veronica;;"Av. Americo Vespucio Norte 1737 ";" 2do Piso. Modulo Retiro en Tienda";;;HUECHURABA;REG.METROPOLITANA;CL;Soto;Veronica;;Las violetas 751;;;;HUECHURABA;REG.METROPOLITANA;CL;28990;0;0;0;28990;0;CLP
000000560350;24117832401-A;11/11/2025 23:46:46;Reembolsado;32990;0;32990;5938;0.0000;27052;1;BLAZER BASICO DE TOPE ROJO NICOPOLY;MPM10002843023-1;N05301DXL-7;11/11/2025 23:46:48;4d_Retiro Tienda Ripley Tobalaba;Chiappa;Andrea;;"Av. Camilo Henríquez 3296, Puente Alto ";2do Piso. Modulo Retiro en Tienda;;;PUENTE ALTO;REG.METROPOLITANA;CL;Chiappa;Andrea;;Avenida Troncal San Francisco 2128;;;;PUENTE ALTO;REG.METROPOLITANA;CL;32990;0;0;0;32990;0;CLP
000000560350;24117832401-A;11/11/2025 23:46:46;Reembolsado;25990;0;25990;4678;0.0000;21312;1;PANTALON BASICO ROJO NICOPOLY;MPM10002842867-1;N05298DXL-7;11/11/2025 23:46:48;4d_Retiro Tienda Ripley Tobalaba;Chiappa;Andrea;;"Av. Camilo Henríquez 3296, Puente Alto ";2do Piso. Modulo Retiro en Tienda;;;PUENTE ALTO;REG.METROPOLITANA;CL;Chiappa;Andrea;;Avenida Troncal San Francisco 2128;;;;PUENTE ALTO;REG.METROPOLITANA;CL;25990;0;0;0;25990;0;CLP
000000560350;24121133701-A;13/11/2025 18:54:57;Reembolsado;19990;990;20980;3598;0.0000;16392;1;VESTIDO MUJER NICOPOLY CAFÉ TIPO CAMISERO LEOPARD;MPM10001848651-2;N05123UL;13/11/2025 18:54:58;10d_Retiro Tienda Ripley La Serena;Diaz Cerda;"Mara Jos ";;"Gregorio Cordovez 499 ";" 3er Piso. Modulo Retiro en Tienda";;;LA SERENA;IV REGION;CL;Diaz Cerda;"Mara Jos ";;El olivillo  5287;;;;LA SERENA;IV REGION;CL;19990;0;990;0;20980;0;CLP
000000560350;24129050601-A;18/11/2025 09:25:41;Reembolsado;17990;0;17990;3238;0.0000;14752;1;BLUSA MUJER NICOPOLY AZUL REY PRINT ABSTRACTO;MPM10002160510-3;N05272CM;18/11/2025 09:25:42;4d_Retiro Tienda Ripley Huechuraba;Vega;"Katherine ";;"Av. Americo Vespucio Norte 1737 ";" 2do Piso. Modulo Retiro en Tienda";;;HUECHURABA;REG.METROPOLITANA;CL;Sandoval;Claudio;;Pasaje Roberto Matta 81;;;;HUECHURABA;REG.METROPOLITANA;CL;17990;0;0;0;17990;0;CLP
000000560350;24130689001-A;18/11/2025 23:16:09;Reembolsado;23990;0;23990;4318;0.0000;19672;1;GILET LARGO CON BOTONES BLANCO;MPM10002910437-1;N06135AM;18/11/2025 23:16:10;4d_Retiro Tienda Ripley Parque Arauco;Arcos;Andrea;;"Avenida Kennedy 5413 ";4to Piso. Modulo Retiro en Tienda;;;LAS CONDES;REG.METROPOLITANA;CL;Arcos;Andrea;;Avenida Cristobal Colon  5267;;;;LAS CONDES;REG.METROPOLITANA;CL;23990;0;0;0;23990;0;CLP
000000560350;24133905101-A;20/11/2025 19:44:45;Reembolsado;26990;0;26990;4858;0.0000;22132;1;BLAZER MUJER NICOPOLY ROJO LAZO DELANTERO;MPM10002128976-3;N05276DS;20/11/2025 19:44:46;Flujo Crossdock- Ripley PAQ;Romero;Nilsa;;Av los jazmimes 1506;Dt408;;;NUNOA;REG.METROPOLITANA;CL;Romero;Nilsa;;Av los jazmimes 1506;;;;NUNOA;REG.METROPOLITANA;CL;26990;0;0;0;26990;0;CLP
000000560350;24151186401-A;27/11/2025 22:56:44;Reembolsado;34990;0;34990;6298;0.0000;28692;1;BLAZER UN BOTON ROJO NICOPOLY;MPM10002635855-2;N05318TM;27/11/2025 22:56:45;5d_Retiro Tienda Ripley Curicó;Siguelnitzky;Carolinne;;"Av.OHiggins 201 ";" 2do Piso. Servicio al Cliente";;;CURICO;VII REGION;CL;Siguelnitzky;Carolinne;;Av curico  1244;;;;CURICO;VII REGION;CL;34990;0;0;0;34990;0;CLP
000000560350;24167434101-A;29/11/2025 12:55:17;Reembolsado;29990;0;29990;5398;0.0000;24592;1;BLAZER MUJER NICOPOLY NEGRO LAZO DELANTERO;MPM10002128962-1;N05276BL;29/11/2025 12:55:19;4d_Retiro Tienda Ripley Los Dominicos;Salvo;Claudia;;"Padre Hurtado Sur 875 ";1er Piso. Servicio al Cliente;;;LAS CONDES;REG.METROPOLITANA;CL;Salvo;Claudia;;Avenida José Pedro Alessandri 605;;;;LAS CONDES;REG.METROPOLITANA;CL;29990;0;0;0;29990;0;CLP
000000560350;24168369702-A;29/11/2025 14:38:49;Reembolsado;32990;3990;36980;5938;0.0000;27052;1;VESTIDO LARGO CUELLO MOCK BURDEO NICOPOLY;MPM10002627268-1;N05311TM;29/11/2025 14:38:50;Flujo Crossdock- Ripley PAQ;Godoy;Sara;;Leonor de la corte 5741;casa;;;QTA. NORMAL;REG.METROPOLITANA;CL;Godoy;Sara;;Leonor de la corte 5741;;;;QTA. NORMAL;REG.METROPOLITANA;CL;32990;0;3990;0;36980;0;CLP
000000560350;24169888101-A;29/11/2025 17:22:07;Recibido;24990;0;24990;4498;0.0000;20492;1;FULFILLMENT-BLAZER CUELLO SIN SOLAPA NEGRO NICOPOLY;MPM10002975133-1;N05140BXL-FF;29/11/2025 17:22:08;FF_MATRIX_STS;Carril;Alejandra;;"Barros Arana 1068, Concepcion ";" 3er Piso. Modulo Retiro en Tienda";;;CONCEPCION;VIII REGION;CL;Carril;Alejandra;;Bahía san Vicente 1079 nueva 1079;;;;CONCEPCION;VIII REGION;CL;24990;0;0;0;24990;0;CLP
000000560350;24172051701-A;29/11/2025 20:59:35;Reembolsado;14490;3990;18480;2608;0.0000;11882;1;TOP PABILO PRINT LEOPARDO CAFE  NICOPOLY;MPM10001856358-3;N05135UL;29/11/2025 20:59:36;Flujo Crossdock- Ripley PAQ;Figueroa;"Alejandra ";;Gral Bustamante 24;4h;;;PROVIDENCIA;REG.METROPOLITANA;CL;Figueroa;"Alejandra ";;Gral Bustamante 24;;;;PROVIDENCIA;REG.METROPOLITANA;CL;14490;0;3990;0;18480;0;CLP
000000560350;24174922401-A;30/11/2025 01:13:12;Recibido;19990;990;20980;3598;0.0000;16392;1;GILET 4 BOTONES NEGRO NICOPOLY;MPM10002842883-2;N05262BM-7;30/11/2025 01:13:13;4d_Retiro Tienda Ripley Costanera Center;Silva;Paula;;"Avenida Andrés Bello 2422 ";" 1er Piso. Modulo Retiro en Tienda";;;PROVIDENCIA;REG.METROPOLITANA;CL;Silva;Paula;;Ricardo Lyon  1600;;;;PROVIDENCIA;REG.METROPOLITANA;CL;19990;0;990;0;20980;0;CLP
000000560350;24176722601-A;30/11/2025 11:31:31;Recibido;31492;990;32482;5669;0.0000;25823;1;ENTERITO MUJER NICOPOLY NEGRO ESCOTE CRUZADO;MPM10001856353-3;N05044BL;30/11/2025 11:31:32;5d_Retiro Tienda Ripley Valparaíso;Diamante;Carolina;;"Plaza Victoria 1646 ";" 4to Piso. Servicio al Cliente";;;VALPARAISO;V REGION;CL;Diamante;Carolina;;Jorge Ross 975;;;;VALPARAISO;V REGION;CL;31492;0;990;0;32482;0;CLP
000000560350;24182494101-A;30/11/2025 19:53:45;Recibido;31990;2190;34180;5758;0.0000;26232;1;ENTERITO CUELLO MOCK BURDEO NICOPOLY;MPM10002627263-3;N05313TM;30/11/2025 19:53:46;Flujo Crossdock- Ripley PAQ;Garcia;Erna Cristina;;Monsenor eyzaguirre 245;82;;;NUNOA;REG.METROPOLITANA;CL;Garcia;Erna Cristina;;Monsenor eyzaguirre 245;;;;NUNOA;REG.METROPOLITANA;CL;31990;0;2190;0;34180;0;CLP
000000560350;24183043401-A;30/11/2025 20:34:27;Reembolsado;21990;990;22980;3958;0.0000;18032;1;GILET BASICO HILO NEGRO NICOPOLY;MPM10002842889-2;N05264BS-7;30/11/2025 20:34:29;4d_Retiro Tienda Ripley Parque Arauco;Simunovic;Varina;;"Avenida Kennedy 5413 ";4to Piso. Modulo Retiro en Tienda;;;LAS CONDES;REG.METROPOLITANA;CL;Simunovic;Varina;;Gertrudis echenique 165;;;;LAS CONDES;REG.METROPOLITANA;CL;21990;0;990;0;22980;0;CLP
000000560350;24184470601-A;30/11/2025 21:50:01;Reembolsado;17990;0;17990;3238;0.0000;14752;1;FULFILLMENT-BLUSA VUELOS MANGA LARGA NEGRO;MPM10002943905-1;N06067BS-FF;30/11/2025 21:50:02;FF_MATRIX_STS;"Valenzuela ";"Fernanda ";;"5 de Abril 699 ";4to Piso. Centro de atención al Cliente;;;CHILLAN;VIII REGION;CL;Troncoso Sandoval;María Eva;;Eleuterio Ramírez  759;;;;CHILLAN;VIII REGION;CL;17990;0;0;0;17990;0;CLP
000000560350;24184844001-A;30/11/2025 22:08:47;Recibido;34990;0;34990;6298;0.0000;28692;1;BLAZER CUELLO CRUZADO MORADO NICOPOLY;MPM10002842881-2;N05299ZXL-7;30/11/2025 22:08:48;4d_Retiro Tienda Ripley Costanera Center;Catalan;Claudia;;"Avenida Andrés Bello 2422 ";" 1er Piso. Modulo Retiro en Tienda";;;PROVIDENCIA;REG.METROPOLITANA;CL;Catalan;Claudia;;Macul 2323;;;;PROVIDENCIA;REG.METROPOLITANA;CL;34990;0;0;0;34990;0;CLP
000000560350;24187070001-A;30/11/2025 23:20:56;Reembolsado;22990;0;22990;4138;0.0000;18852;1;FULFILLMENT-PANTALON CON PINZAS RECTO ROSADO NICOPOLY;MPM10002943925-3;N04277HS-5-FF;30/11/2025 23:20:57;FF_MATRIX;Tapia;Raul;;Pasaje los aromos 10845;Casa;;;LA FLORIDA;REG.METROPOLITANA;CL;Tapia;Raul;;Pasaje los aromos 10845;;;;LA FLORIDA;REG.METROPOLITANA;CL;22990;0;0;0;22990;0;CLP
000000560350;24187070001-A;30/11/2025 23:20:56;Reembolsado;28990;0;28990;5218;0.0000;23772;1;FULFILLMENT-GILET BASICO ROSADO NICOPOLY;MPM10002943907-1;N04273HS-FF;30/11/2025 23:20:57;FF_MATRIX;Tapia;Raul;;Pasaje los aromos 10845;Casa;;;LA FLORIDA;REG.METROPOLITANA;CL;Tapia;Raul;;Pasaje los aromos 10845;;;;LA FLORIDA;REG.METROPOLITANA;CL;28990;0;0;0;28990;0;CLP
000000560350;24188185602-A;30/11/2025 23:55:20;Recibido;29990;0;29990;5398;0.0000;24592;1;BLAZER LARGO DE TOPE NEGRO NICOPOLY;MPM10002635853-2;N05275BM;30/11/2025 23:55:21;5d_Retiro Tienda Ripley El Trébol;Rosemblum;Ionit;;"Avenida Jorge Alessandri 3177 ";" 3er Piso. Modulo Retiro en Tienda";;;TALCAHUANO;VIII REGION;CL;Rosemblum;Ionit;;Pasaje Las Azucenas  185;;;;TALCAHUANO;VIII REGION;CL;29990;0;0;0;29990;0;CLP
000000560350;24189824602-A;01/12/2025 02:26:31;Recibido;25990;0;25990;4678;0.0000;21312;1;FULFILLMENT-GILET 4 BOTONES BLANCO NICOPOLY;MPM10002952977-2;N05262AXL-FF;01/12/2025 02:26:32;FF_MATRIX_STS;Alarcon;Maria;;"Arturo Prat 656, Temuco ";2do Piso. Modulo Retiro en Tienda;;;TEMUCO;IX REGION;CL;Alarcon;Maria;;Claro solar 835;;;;TEMUCO;IX REGION;CL;25990;0;0;0;25990;0;CLP
000000560350;24192220701-A;01/12/2025 12:36:44;Reembolsado;18990;0;18990;3418;0.0000;15572;1;FULFILLMENT-PANTALON BASICO BLANCO NICOPOLY;MPM10002952979-2;N05298AXL-FF;01/12/2025 12:36:45;FF_MATRIX_STS;Cerda;Valentina;;"5 de Abril 699 ";4to Piso. Centro de atención al Cliente;;;CHILLAN;VIII REGION;CL;Cerda;Valentina;;Calle Federico Errazuriz 706;;;;CHILLAN;VIII REGION;CL;18990;0;0;0;18990;0;CLP
000000560350;24193553501-A;01/12/2025 15:15:36;Recibido;18990;990;19980;3418;0.0000;15572;1;VESTIDO ACANALADO MUJER NICOPOLY ROJO OFF THE SHOULDER;MPM10001710246-1;N05064DS;01/12/2025 15:15:39;4d_Retiro Tienda Ripley San Bernardo;Silva Reyes;Thiare;;"Av. Pdte. Jorge Alessandri Rodríguez 20040, San Bernardo ";2do Piso. Modulo Retiro en Tienda;;;SN.BERNARDO;REG.METROPOLITANA;CL;Silva Reyes;Thiare;;Los suspiros 16268;;;;SN.BERNARDO;REG.METROPOLITANA;CL;18990;0;990;0;19980;0;CLP
000000560350;24195078901-A;01/12/2025 18:06:00;Recibido;17490;0;17490;3148;0.0000;14342;1;FULFILLMENT-GILET RAYAS DIPLOMATICAS GRIS NICOPOLY;MPM10002952983-3;N06040NM-FF;01/12/2025 18:06:01;FF_MATRIX_STS;"Barria ";Jorgr;;"Castellon 520, Concepcion ";6to Piso. Servicio al Cliente;;;CONCEPCION;VIII REGION;CL;Quezada Fredes;Karim;;Calle Libertad Condominio Nicole II 272;;;;CONCEPCION;VIII REGION;CL;17490;0;0;0;17490;0;CLP
000000560350;24195078901-A;01/12/2025 18:06:00;Recibido;17990;0;17990;3238;0.0000;14752;1;FULFILLMENT-GILET SASTRE ENTALLADO BLANCO NICOPOLY;MPM10002952993-2;N06063AL-FF;01/12/2025 18:06:01;FF_MATRIX_STS;"Barria ";Jorgr;;"Castellon 520, Concepcion ";6to Piso. Servicio al Cliente;;;CONCEPCION;VIII REGION;CL;Quezada Fredes;Karim;;Calle Libertad Condominio Nicole II 272;;;;CONCEPCION;VIII REGION;CL;17990;0;0;0;17990;0;CLP
000000560350;24195078901-A;01/12/2025 18:06:00;Recibido;19490;0;19490;3508;0.0000;15982;1;FULFILLMENT-PANTALON DE PIERNA RECTA RAYA DIPLOMATICA GRIS NICOPOLY;MPM10002952998-4;N06041NM-FF;01/12/2025 18:06:01;FF_MATRIX_STS;"Barria ";Jorgr;;"Castellon 520, Concepcion ";6to Piso. Servicio al Cliente;;;CONCEPCION;VIII REGION;CL;Quezada Fredes;Karim;;Calle Libertad Condominio Nicole II 272;;;;CONCEPCION;VIII REGION;CL;19490;0;0;0;19490;0;CLP
000000560350;24195078901-A;01/12/2025 18:06:00;Recibido;18490;0;18490;3328;0.0000;15162;1;FULFILLMENT-VESTIDO CAMISERO CEBRA CAFE  NICOPOLY;MPM10002995225-3;N06169UM-FF;01/12/2025 18:06:01;FF_MATRIX_STS;"Barria ";Jorgr;;"Castellon 520, Concepcion ";6to Piso. Servicio al Cliente;;;CONCEPCION;VIII REGION;CL;Quezada Fredes;Karim;;Calle Libertad Condominio Nicole II 272;;;;CONCEPCION;VIII REGION;CL;18490;0;0;0;18490;0;CLP
000000560350;24196032801-A;01/12/2025 19:49:56;Recibido;20390;2195;22585;3670;0.0000;16720;1;VESTIDO CORTO FLORAL CON VUELOS CRUZADOS BLANCO NICOPOLY;MPM10003037799-1;N06163AXL;01/12/2025 19:49:57;Flujo Crossdock- Ripley PAQ;Uribe Burgos;Carola;;Juan Williams noon 1455;501;;;PROVIDENCIA;REG.METROPOLITANA;CL;Uribe Burgos;Carola;;Juan Williams noon 1455;;;;PROVIDENCIA;REG.METROPOLITANA;CL;20390;0;2195;0;22585;0;CLP
000000560350;24196192201-A;01/12/2025 20:06:51;Recibido;16490;990;17480;2968;0.0000;13522;1;VESTIDO LARGO CON ABERTURAS LATERALES NEGRO NICOPOLY;MPM10003031643-1;N06035BS;01/12/2025 20:06:52;5d_Retiro Tienda Ripley Chillán;Abello;Vannya;;"5 de Abril 699 ";4to Piso. Centro de atención al Cliente;;;CHILLAN;VIII REGION;CL;Abello;Vannya;;Camino a Pinto  16;;;;CHILLAN;VIII REGION;CL;16490;0;990;0;17480;0;CLP
000000560350;24198078601-A;01/12/2025 22:22:02;Reembolsado;24490;0;24490;4408;0.0000;20082;1;FULFILLMENT-BLAZER BASICO DE TOPE BLANCO NICOPOLY;MPM10002943904-2;N05301AL-FF;01/12/2025 22:22:03;FF_MATRIX;Gaete Paillaleo;Bernarda Andrea;;CALLE RIO ÑUBLE BLOCK 13;106;;;PENCO;VIII REGION;CL;Gaete Paillaleo;Bernarda Andrea;;CALLE RIO ÑUBLE BLOCK 13;;;;PENCO;VIII REGION;CL;24490;0;0;0;24490;0;CLP
000000560350;24198647801-A;01/12/2025 22:52:09;Recibido;21590;4990;26580;3886;0.0000;17704;1;VESTIDO ASIME TRICO FLORAL VERDE NICOPOLY;MPM10003037797-4;N06173EL;01/12/2025 22:52:10;Flujo Crossdock- Ripley PAQ;Cabrera;Elizabeth;;Pasaje Veintiuno 1837;S/N;;;PUENTE ALTO;REG.METROPOLITANA;CL;Cabrera;Elizabeth;;Pasaje Veintiuno 1837;;;;PUENTE ALTO;REG.METROPOLITANA;CL;21590;0;4990;0;26580;0;CLP
000000560350;24199266901-A;01/12/2025 23:21:54;Recibido;26390;990;27380;4750;0.0000;21640;1;ENTERITO CINTURON AJUSTABLE NEGRO NICOPOLY;MPM10003032190-3;N06091BM;01/12/2025 23:21:55;4d_Retiro Tienda Ripley Tobalaba;Pastor;Carmen;;"Av. Camilo Henríquez 3296, Puente Alto ";2do Piso. Modulo Retiro en Tienda;;;PUENTE ALTO;REG.METROPOLITANA;CL;Pastor;Carmen;;Parque las violetas VI 02479;;;;PUENTE ALTO;REG.METROPOLITANA;CL;26390;0;990;0;27380;0;CLP
000000560350;24200151701-A;02/12/2025 00:00:14;Reembolsado;24490;0;24490;4408;0.0000;20082;1;BLAZER BASICO DE TOPE ROJO NICOPOLY;MPM10002843023-2;N05301DS-7;02/12/2025 00:00:16;4d_Retiro Tienda Ripley Arauco Maipu;Araya;Jenniffer;;"Av. Americo Vespucio 399 ";" 2do Piso. Modulo Retiro en Tienda";;;MAIPU;REG.METROPOLITANA;CL;Araya;Jenniffer;;Franz Bruggens  2010;;;;MAIPU;REG.METROPOLITANA;CL;24490;0;0;0;24490;0;CLP
000000560350;24200151701-A;02/12/2025 00:00:14;Reembolsado;18490;0;18490;3328;0.0000;15162;1;VESTIDO CAMISERO CEBRA CAFE  NICOPOLY;MPM10002977800-4;N06169US;02/12/2025 00:00:16;4d_Retiro Tienda Ripley Arauco Maipu;Araya;Jenniffer;;"Av. Americo Vespucio 399 ";" 2do Piso. Modulo Retiro en Tienda";;;MAIPU;REG.METROPOLITANA;CL;Araya;Jenniffer;;Franz Bruggens  2010;;;;MAIPU;REG.METROPOLITANA;CL;18490;0;0;0;18490;0;CLP
000000560350;24200371101-A;02/12/2025 00:13:51;Recibido;17990;990;18980;3238;0.0000;14752;1;GILET LARGO CON BOTONES BURDEO;MPM10002910427-3;N06135TM;02/12/2025 00:13:52;4d_Retiro Tienda Ripley Plaza Oeste;Adasme;Ian;;"Américo Vespucio 1501 ";" 3er Piso. Modulo Retiro en Tienda";;;CERRILLOS;REG.METROPOLITANA;CL;Adasme;Ian;;cooperacion 5959;;;;CERRILLOS;REG.METROPOLITANA;CL;17990;0;990;0;18980;0;CLP
000000560350;24200847501-A;02/12/2025 01:33:08;Recibido;22190;990;23180;3994;0.0000;18196;1;PANTALÓN MUJER NICOPOLY BLANCO MEZCLA LINO;MPM10001878082-3;N05020AL;02/12/2025 01:33:09;6d_Retiro Tienda Ripley Nueva Valdivia;Guinel;Angela;;"Arauco 561 ";" 3er Piso. Servicio al Cliente";;;VALDIVIA;XIV REGION;CL;Guinel;Angela;;San sebastian 641;;;;VALDIVIA;XIV REGION;CL;22190;0;990;0;23180;0;CLP
000000560350;24201902401-A;02/12/2025 10:58:21;Recibido;20990;0;20990;3778;0.0000;17212;1;FULFILLMENT-BLAZER MANGA DETALLE DRAPEADO NEGRO NICOPOLY;MPM10002975130-2;N02481BS-5-FF;02/12/2025 10:58:22;FF_MATRIX_STS;Suazo;Ximena;;"5 de Abril 699 ";4to Piso. Centro de atención al Cliente;;;CHILLAN;VIII REGION;CL;Suazo;Ximena;;Los Pehuenches 283;;;;CHILLAN;VIII REGION;CL;20990;0;0;0;20990;0;CLP
000000560350;24206803201-A;03/12/2025 08:51:12;Reembolsado;38990;0;38990;7018;0.0000;31972;1;CHAQUETA ECOCUERO TIPO BIKER CAFE  NICOPOLY;MPM10001735077-2;N02107US-5;03/12/2025 08:51:13;4d_Retiro Tienda Ripley San Bernardo;Alcalde;Cliente;;"Av. Pdte. Jorge Alessandri Rodríguez 20040, San Bernardo ";2do Piso. Modulo Retiro en Tienda;;;SN.BERNARDO;REG.METROPOLITANA;CL;Alcalde;Cliente;;Camino la cervera 1000;;;;SN.BERNARDO;REG.METROPOLITANA;CL;38990;0;0;0;38990;0;CLP
000000560350;24207230202-A;03/12/2025 10:57:55;Recibido;18190;495;18685;3274;0.0000;14916;1;BLUSA TRANSPARENTE MANGA GLOBO NEGRO NICOPOLY;MPM10003037320-3;N06155BS;03/12/2025 10:57:56;5d_Retiro Tienda Ripley Mall Concepción;Quijada;Victoria;;"Barros Arana 1068, Concepcion ";" 3er Piso. Modulo Retiro en Tienda";;;CONCEPCION;VIII REGION;CL;Quijada;Victoria;;Calle Canelo 421;;;;CONCEPCION;VIII REGION;CL;18190;0;495;0;18685;0;CLP
000000560350;24207230202-A;03/12/2025 10:57:55;Recibido;11990;495;12485;2158;0.0000;9832;1;TOP TIPO LINO ESTAMPADO CEBRA CAFE  NICOPOLY;MPM10002977772-2;N06166US;03/12/2025 10:57:56;5d_Retiro Tienda Ripley Mall Concepción;Quijada;Victoria;;"Barros Arana 1068, Concepcion ";" 3er Piso. Modulo Retiro en Tienda";;;CONCEPCION;VIII REGION;CL;Quijada;Victoria;;Calle Canelo 421;;;;CONCEPCION;VIII REGION;CL;11990;0;495;0;12485;0;CLP
000000560350;24207230203-A;03/12/2025 10:57:55;Recibido;15390;0;15390;2770;0.0000;12620;1;FULFILLMENT-POLERA HALTER CALADA BLANCO/PLATEADO  NICOPOLY;MPM10002995222-2;N05130IM-FF;03/12/2025 10:57:56;FF_MATRIX_STS;Quijada;Victoria;;"Barros Arana 1068, Concepcion ";" 3er Piso. Modulo Retiro en Tienda";;;CONCEPCION;VIII REGION;CL;Quijada;Victoria;;Calle Canelo 421;;;;CONCEPCION;VIII REGION;CL;15390;0;0;0;15390;0;CLP
000000560350;24207244201-A;03/12/2025 11:00:56;Recibido;16090;0;16090;2896;0.0000;13194;1;FULFILLMENT-BLUSA ENCAJE HOMBROS BLANCO NICOPOLY;MPM10002995224-3;N04242AL-FF;03/12/2025 11:00:57;FF_MATRIX_STS;Reveco;Maria Alejandra;;"Bernardo Ohiggins 701 ";" 3er Piso. Modulo Retiro en Tienda";;;SAN FERNANDO;VI REGION;CL;Reveco;Maria Alejandra;;España 711A;;;;SAN FERNANDO;VI REGION;CL;16090;0;0;0;16090;0;CLP
000000560350;24207801901-A;03/12/2025 13:15:11;Recibido;22990;990;23980;4138;0.0000;18852;1;GILET BASICO AJUSTABLE ROJO NICOPOLY;MPM10002842897-2;N04273DM-7;03/12/2025 13:15:13;5d_Retiro Tienda Ripley Curicó;"Barrios Arriagada ";Carla;;"Av.OHiggins 201 ";" 2do Piso. Servicio al Cliente";;;CURICO;VII REGION;CL;Leon Gonzalez;Maria Jose;;Valle las palmas calle 3, teno 106;;;;CURICO;VII REGION;CL;22990;0;990;0;23980;0;CLP
000000560350;24208416601-A;03/12/2025 15:51:40;Reembolsado;21440;0;21440;3859;0.0000;17581;1;FULFILLMENT-GILET CROP CON SOLAPA KHAKI NICOPOLY;MPM10002952987-3;N06038LS-FF;03/12/2025 15:51:42;FF_MATRIX;Fuenzalida;Melanie;;Avenida Ecuador, pasaje los andes 540;S/N;;;ROMERAL;VII REGION;CL;Fuenzalida;Melanie;;Avenida Ecuador, pasaje los andes 540;;;;ROMERAL;VII REGION;CL;21440;0;0;0;21440;0;CLP
000000560350;24208416601-A;03/12/2025 15:51:40;Reembolsado;21440;0;21440;3859;0.0000;17581;1;FULFILLMENT-GILET CROP CON SOLAPA BLANCO NICOPOLY;MPM10002952992-1;N06038AS-FF;03/12/2025 15:51:42;FF_MATRIX;Fuenzalida;Melanie;;Avenida Ecuador, pasaje los andes 540;S/N;;;ROMERAL;VII REGION;CL;Fuenzalida;Melanie;;Avenida Ecuador, pasaje los andes 540;;;;ROMERAL;VII REGION;CL;21440;0;0;0;21440;0;CLP
000000560350;24209346902-A;03/12/2025 19:17:15;Reembolsado;29990;0;29990;5398;0.0000;24592;1;VESTIDO ALGODÓN MUJER NICOPOLY CAFÉ SAFARI CUELLO CAMISERO;MPM10002122834-2;N05268LM;03/12/2025 19:17:16;Flujo Crossdock- Ripley PAQ;Bustos;Helia;;Avda Parque del Este 06760;3;;;PUENTE ALTO;REG.METROPOLITANA;CL;Bustos;Helia;;Avda Parque del Este 06760;;;;PUENTE ALTO;REG.METROPOLITANA;CL;29990;0;0;0;29990;0;CLP
000000560350;24210281801-A;03/12/2025 22:42:15;Reembolsado;24490;0;24490;4408;0.0000;20082;1;FULFILLMENT-PANTALON BASICO GRIS NICOPOLY;MPM10002952999-3;N05298IS-FF;03/12/2025 22:42:16;FF_MATRIX_STS;Vera;"Alexis ";;"Av. Americo Vespucio 399 ";" 2do Piso. Modulo Retiro en Tienda";;;MAIPU;REG.METROPOLITANA;CL;Saballa;Giselle;;Ohiggins 271;;;;MAIPU;REG.METROPOLITANA;CL;24490;0;0;0;24490;0;CLP
000000560350;24211455002-A;04/12/2025 10:32:34;Recibido;20990;0;20990;3778;0.0000;17212;1;GILET BASICO AJUSTABLE ROJO NICOPOLY;MPM10002842897-3;N04273DS-7;04/12/2025 10:32:35;5d_Retiro Tienda Ripley Los Ángeles;Torres;Valeria;;"Valdivia 440, Los Angeles ";" 3er Piso. Servicio al Cliente";;;LOS ANGELES;VIII REGION;CL;Torres;Valeria;;Manera 908;;;;LOS ANGELES;VIII REGION;CL;20990;0;0;0;20990;0;CLP
000000560350;24211455002-A;04/12/2025 10:32:34;Recibido;25190;0;25190;4534;0.0000;20656;1;PANTALÓN MUJER NICOPOLY ROJO RECTO CON PINZAS;MPM10002122135-3;N04277DM-6;04/12/2025 10:32:35;5d_Retiro Tienda Ripley Los Ángeles;Torres;Valeria;;"Valdivia 440, Los Angeles ";" 3er Piso. Servicio al Cliente";;;LOS ANGELES;VIII REGION;CL;Torres;Valeria;;Manera 908;;;;LOS ANGELES;VIII REGION;CL;25190;0;0;0;25190;0;CLP
000000560350;24213707101-A;04/12/2025 20:30:29;Reembolsado;28790;0;28790;5182;0.0000;23608;1;VESTIDO ASIME TRICO FLORAL VERDE NICOPOLY;MPM10003037797-4;N06173EL;04/12/2025 20:30:30;4d_Retiro Tienda Ripley Plaza Oeste;Reyes;Lidiet;;"Américo Vespucio 1501 ";" 3er Piso. Modulo Retiro en Tienda";;;CERRILLOS;REG.METROPOLITANA;CL;Reyes;Lidiet;;Gran Avenida José Miguel Carrera 11970;;;;CERRILLOS;REG.METROPOLITANA;CL;28790;0;0;0;28790;0;CLP
000000560350;24214508001-A;04/12/2025 23:31:33;Reembolsado;17990;0;17990;3238;0.0000;14752;1;BLUSA BASICA BOTONERA INVISIBLE CELESTE NICOPOLY;MPM10001713161-1;N00089KS-5;04/12/2025 23:31:35;Flujo Crossdock- Ripley PAQ;Fonseca Carrasco;Yesenia Scarlet;;Minero Armando Chávez Romero 1868;S/N;;;CORONEL;VIII REGION;CL;Fonseca Carrasco;Yesenia Scarlet;;Minero Armando Chávez Romero 1868;;;;CORONEL;VIII REGION;CL;17990;0;0;0;17990;0;CLP
000000560350;24216509201-A;05/12/2025 16:17:27;Recibido;25490;495;25985;4588;0.0000;20902;1;BLAZER 6 BOTONES NEGRO NICOPOLY;MPM10002912800-4;N06001BXL;05/12/2025 16:17:28;18d_Retiro Tienda Ripley Punta Arenas;Gonzalez;Johanna;;"Avda. E Frei Montalva 01110 Local 194 ";" 2do Piso. Servicio al Cliente";;;PTA.ARENAS;XII REGION;CL;Gonzalez;Johanna;;Pedro sarmiento de gamboa 1501;;;;PTA.ARENAS;XII REGION;CL;25490;0;495;0;25985;0;CLP
000000560350;24216509201-A;05/12/2025 16:17:27;Recibido;25490;495;25985;4588;0.0000;20902;1;BLAZER 6 BOTONES NEGRO NICOPOLY;MPM10002912800-2;N06001BL;05/12/2025 16:17:28;18d_Retiro Tienda Ripley Punta Arenas;Gonzalez;Johanna;;"Avda. E Frei Montalva 01110 Local 194 ";" 2do Piso. Servicio al Cliente";;;PTA.ARENAS;XII REGION;CL;Gonzalez;Johanna;;Pedro sarmiento de gamboa 1501;;;;PTA.ARENAS;XII REGION;CL;25490;0;495;0;25985;0;CLP
000000560350;24218237701-A;06/12/2025 00:31:10;Reembolsado;31990;0;31990;5758;0.0000;26232;1;FULFILLMENT-ENTERITO CINTURON AJUSTABLE NEGRO NICOPOLY;MPM10003037787-2;N06091BL-FF;06/12/2025 00:31:11;FF_MATRIX_STS;"SEPULVEDA ";MARIA;;"Sucre 290, Viña ";5to Piso. Modulo Retiro en Tienda;;;VI.A DEL MA;V REGION;CL;Sepulveda;Patricia;;Pedro Torres 260;;;;VI.A DEL MA;V REGION;CL;31990;0;0;0;31990;0;CLP
000000560350;24218302501-A;06/12/2025 01:08:03;Recibido;36790;990;37780;6622;0.0000;30168;1;ENTERITO MUJER NICOPOLY CELESTE EFECTO DOS PIEZAS;MPM10001752510-2;N04018KS-5;06/12/2025 01:08:05;5d_Retiro Tienda Ripley Mall Concepción;Gaete;Marlene;;"Barros Arana 1068, Concepcion ";" 3er Piso. Modulo Retiro en Tienda";;;CONCEPCION;VIII REGION;CL;Gaete;Marlene;;Libertad 492;;;;CONCEPCION;VIII REGION;CL;36790;0;990;0;37780;0;CLP
000000560350;24220955401-A;06/12/2025 22:07:07;Reembolsado;18990;0;18990;3418;0.0000;15572;1;FULFILLMENT-VESTIDO LARGO CON ABERTURAS LATERALES NEGRO NICOPOLY;MPM10003037771-1;N06035BL-FF;06/12/2025 22:07:08;FF_MATRIX_STS;Neira;"Evelin ";;"Avenida Jorge Alessandri 3177 ";" 3er Piso. Modulo Retiro en Tienda";;;TALCAHUANO;VIII REGION;CL;Neira;"Evelin ";;Volcan linzor 3871;;;;TALCAHUANO;VIII REGION;CL;18990;0;0;0;18990;0;CLP
000000560350;24221534001-A;07/12/2025 02:20:36;Recibido;17990;990;18980;3238;0.0000;14752;1;VESTIDO ACANALADO MUJER NICOPOLY ROJO CUELLO ALTO;MPM10001710247-2;N05055DS;07/12/2025 02:20:38;10d_Retiro Tienda Ripley Iquique;Torres;Miriam;;"Vivar 550 ";" 4to Piso. Servicio al Cliente";;;IQUIQUE;I REGION;CL;Torres;Miriam;;Av. La Tirana 5445;;;;IQUIQUE;I REGION;CL;17990;0;990;0;18980;0;CLP
000000560350;24222401001-A;07/12/2025 13:37:26;Recibido;25890;3990;29880;4660;0.0000;21230;1;VESTIDO CINTURA ELASTICADA FLORES NARANJA NICOPOLY;MPM10003032291-2;N06162RM;07/12/2025 13:37:27;Flujo Crossdock- Ripley PAQ;Neira;Flor;;Pasaje regidor gregorio bravo 01504;S/N;;;MAIPU;REG.METROPOLITANA;CL;Neira;Flor;;Pasaje regidor gregorio bravo 01504;;;;MAIPU;REG.METROPOLITANA;CL;25890;0;3990;0;29880;0;CLP
000000560350;24225951601-A;08/12/2025 13:09:14;Recibido;25490;990;26480;4588;0.0000;20902;1;BLAZER 6 BOTONES NEGRO NICOPOLY;MPM10002912800-3;N06001BM;08/12/2025 13:09:15;4d_Retiro Tienda Ripley San Bernardo;Trujillo;Fernando;;"Av. Pdte. Jorge Alessandri Rodríguez 20040, San Bernardo ";2do Piso. Modulo Retiro en Tienda;;;SN.BERNARDO;REG.METROPOLITANA;CL;Trujillo;Fernando;;Pasaje hoi 12155;;;;SN.BERNARDO;REG.METROPOLITANA;CL;25490;0;990;0;26480;0;CLP
000000560350;24230373402-A;09/12/2025 13:38:35;Reembolsado;71980;0;71980;12956;0.0000;59024;2;FULFILLMENT-BLAZER MANGA 3/4 AJUSTADA CON PLIEGUES GRIS;MPM10002943916-3;N03049IL-FF;09/12/2025 13:38:36;FF_MATRIX_STS;Gutierrez Arriagada;Jimena;;"Avenida Jorge Alessandri 3177 ";" 3er Piso. Modulo Retiro en Tienda";;;TALCAHUANO;VIII REGION;CL;Gutierrez Arriagada;Jimena;;avellanillo 4630;;;;TALCAHUANO;VIII REGION;CL;71980;0;0;0;71980;0;CLP
000000560350;24235725101-A;10/12/2025 17:51:49;Recibido;20790;990;21780;3742;0.0000;17048;1;VESTIDO TIPO SATIN FLOREADO ROSADO NICOPOLY;MPM10003037324-2;N06159HS;10/12/2025 17:51:52;10d_Retiro Tienda Ripley Pto. Montt Costanera;Gonzalez;Yohanna;;"Juan Soler Manfredini 10 ";" 6to Piso. Modulo Retiro en Tienda";;;PTO.MONTT;X REGION;CL;Gonzalez;Yohanna;;Fuente de Sevilla 1937;;;;PTO.MONTT;X REGION;CL;20790;0;990;0;21780;0;CLP
000000560350;24237680601-A;10/12/2025 23:02:44;Recibido;9990;990;10980;1798;0.0000;8192;1;CROP TOP JASPEADO BLANCO NICOPOLY;MPM10001849445-3;N05021AM;15/12/2025 15:15:52;4d_Retiro Tienda Ripley Florida Center;Del Rio Silva;Daniel;;"Vicuña Mackenna Oriente 6100, La Florida ";3er Piso. Modulo Retiro en Tienda;;;LA FLORIDA;REG.METROPOLITANA;CL;Del Rio Silva;Daniel;;San nicolas 1278;;;;LA FLORIDA;REG.METROPOLITANA;CL;9990;0;990;0;10980;0;CLP
000000560350;24237820801-A;10/12/2025 23:19:04;Recibido;31990;3990;35980;5758;0.0000;26232;1;ENTERITO CUELLO MOCK BURDEO NICOPOLY;MPM10002627263-2;N05313TL;10/12/2025 23:19:05;Flujo Crossdock- Ripley PAQ;Venegas;Enrique;;Corsino ulloa 95;S/N;;;LOS ALAMOS;VIII REGION;CL;Venegas;Enrique;;Corsino ulloa 95;;;;LOS ALAMOS;VIII REGION;CL;31990;0;3990;0;35980;0;CLP
000000560350;24240476401-A;11/12/2025 13:07:06;Recibido;14990;990;15980;2698;0.0000;12292;1;BODY HALTER TIPO SATIN NEGRO NICOPOLY;MPM10001878231-1;N05047BS;11/12/2025 13:07:08;4d_Retiro Tienda Ripley Huechuraba;"Reyes ";"Camila ";;"Av. Americo Vespucio Norte 1737 ";" 2do Piso. Modulo Retiro en Tienda";;;HUECHURABA;REG.METROPOLITANA;CL;"Reyes ";"Camila ";;San bruno altos de Quilicura  1390;;;;HUECHURABA;REG.METROPOLITANA;CL;14990;0;990;0;15980;0;CLP
000000560350;24241755301-A;11/12/2025 16:22:11;Recibido;22990;0;22990;4138;0.0000;18852;1;FULFILLMENT-VESTIDO CAMISERO CEBRA CAFE  NICOPOLY;MPM10002995225-1;N06169UXL-FF;11/12/2025 16:22:12;FF_MATRIX;Rubilar Barrera;Andrea;;San Martin 498;Casa;;;PEMUCO;VIII REGION;CL;Rubilar Barrera;Andrea;;San Martin 498;;;;PEMUCO;VIII REGION;CL;22990;0;0;0;22990;0;CLP
000000560350;24242268202-A;11/12/2025 17:42:49;Reembolsado;18190;0;18190;3274;0.0000;14916;1;VESTIDO ESCOTE CRUZADO FLORES VERDE NICOPLY;MPM10003032288-2;N06161ES;11/12/2025 17:42:50;Flujo Crossdock- Ripley PAQ;Alvarez;Elizabeth;;Pasaje Almendariz 6533;Casa;;;RENCA;REG.METROPOLITANA;CL;Alvarez;Elizabeth;;Pasaje Almendariz 6533;;;;RENCA;REG.METROPOLITANA;CL;18190;0;0;0;18190;0;CLP
000000560350;24242268202-A;11/12/2025 17:42:49;Reembolsado;25990;0;25990;4678;0.0000;21312;1;VESTIDO CORTO FLORAL CON VUELOS CRUZADOS ROSADO NICOPOLY;MPM10003037827-4;N06163HS;11/12/2025 17:42:50;Flujo Crossdock- Ripley PAQ;Alvarez;Elizabeth;;Pasaje Almendariz 6533;Casa;;;RENCA;REG.METROPOLITANA;CL;Alvarez;Elizabeth;;Pasaje Almendariz 6533;;;;RENCA;REG.METROPOLITANA;CL;25990;0;0;0;25990;0;CLP
000000560350;24242268202-A;11/12/2025 17:42:49;Reembolsado;18190;0;18190;3274;0.0000;14916;1;VESTIDO ESCOTE CRUZADO FLORES ROJAS NICOPLY;MPM10003032284-3;N06161DS;11/12/2025 17:42:50;Flujo Crossdock- Ripley PAQ;Alvarez;Elizabeth;;Pasaje Almendariz 6533;Casa;;;RENCA;REG.METROPOLITANA;CL;Alvarez;Elizabeth;;Pasaje Almendariz 6533;;;;RENCA;REG.METROPOLITANA;CL;18190;0;0;0;18190;0;CLP
000000560350;24242268203-A;11/12/2025 17:42:49;Reembolsado;16990;0;16990;3058;0.0000;13932;1;FULFILLMENT-BLUSA NUDO DELANTERO ENCAJE NEGRO NICOPOLY;MPM10002964093-2;N06050BS-FF;11/12/2025 17:42:52;FF_MATRIX;Alvarez;Elizabeth;;Pasaje Almendariz 6533;Casa;;;RENCA;REG.METROPOLITANA;CL;Alvarez;Elizabeth;;Pasaje Almendariz 6533;;;;RENCA;REG.METROPOLITANA;CL;16990;0;0;0;16990;0;CLP
000000560350;24242268203-A;11/12/2025 17:42:49;Reembolsado;19990;0;19990;3598;0.0000;16392;1;FULFILLMENT-BLUSA VUELOS MANGA LARGA CELESTE;MPM10002943906-3;N06067KS-FF;11/12/2025 17:42:52;FF_MATRIX;Alvarez;Elizabeth;;Pasaje Almendariz 6533;Casa;;;RENCA;REG.METROPOLITANA;CL;Alvarez;Elizabeth;;Pasaje Almendariz 6533;;;;RENCA;REG.METROPOLITANA;CL;19990;0;0;0;19990;0;CLP
000000560350;24244061801-A;11/12/2025 22:08:21;Recibido;32990;990;33980;5938;0.0000;27052;1;CHAQUETA BIKER ECOCUERO GRIS NICOPOLY;MPM10001383961-4;N02107NS-4;11/12/2025 22:08:22;5d_Retiro Tienda Ripley Los Ángeles;Vasquez;Katherine;;"Valdivia 440, Los Angeles ";" 3er Piso. Servicio al Cliente";;;LOS ANGELES;VIII REGION;CL;Vasquez;Katherine;;Oro grande 1293;;;;LOS ANGELES;VIII REGION;CL;32990;0;990;0;33980;0;CLP
000000560350;24244391501-A;11/12/2025 22:41:58;Reembolsado;32990;0;32990;5938;0.0000;27052;1;ENTERITO EFECTO DOS PIEZAS MORADO NICOPOLY;MPM10003031554-1;N04018ZM;11/12/2025 22:42:00;5d_Retiro Tienda Ripley Quilpué;Araya;Leticia;;"Claudio Vicuña 992, Quilpue ";" 3er Piso. Modulo Retiro en Tienda";;;QUILPUE;V REGION;CL;Araya;Leticia;;Leucoton 945;;;;QUILPUE;V REGION;CL;32990;0;0;0;32990;0;CLP
000000560350;24244918401-A;11/12/2025 23:35:27;Recibido;24990;990;25980;4498;0.0000;20492;1;VESTIDO CINTURA ELASTICADA FLORES NARANJA NICOPOLY;MPM10003032291-2;N06162RM;11/12/2025 23:35:28;5d_Retiro Tienda Ripley Chillán;Parra;"Raquel ";;"5 de Abril 699 ";4to Piso. Centro de atención al Cliente;;;CHILLAN;VIII REGION;CL;Godoy Luengo;Christian Esteban;;LOS PINOS 690;;;;CHILLAN;VIII REGION;CL;24990;0;990;0;25980;0;CLP
000000560350;24244841401-A;11/12/2025 23:50:43;Reembolsado;34990;0;34990;6298;0.0000;28692;1;ENTERITO HALTER CON CINTURON LAZO FUCSIA NICOPOLY;MPM10001752465-2;N05036SS;11/12/2025 23:50:44;10d_Retiro Tienda Ripley Portal Temuco;Sepulveda;Barbara;;"Avenida Alemania 0671 ";3er Piso, Modulo Retiro en Tienda;;;TEMUCO;IX REGION;CL;Sepulveda;Barbara;;Los musicos  227;;;;TEMUCO;IX REGION;CL;34990;0;0;0;34990;0;CLP
000000560350;24245462201-A;12/12/2025 00:51:34;Recibido;26990;990;27980;4858;0.0000;22132;1;VESTIDO ASIME TRICO FLORAL VERDE NICOPOLY;MPM10003037797-4;N06173EL;12/12/2025 00:51:35;4d_Retiro Tienda Ripley Florida Center;Vega;Pilar;;"Vicuña Mackenna Oriente 6100, La Florida ";3er Piso. Modulo Retiro en Tienda;;;LA FLORIDA;REG.METROPOLITANA;CL;Vega;Pilar;;San Luis 1315;;;;LA FLORIDA;REG.METROPOLITANA;CL;26990;0;990;0;27980;0;CLP
000000560350;24246874301-A;12/12/2025 12:14:13;Recibido;31990;990;32980;5758;0.0000;26232;1;BLAZER CUELLO CRUZADO KHAKI NICOPOLY;MPM10002843162-3;N05299LXL-7;12/12/2025 12:14:14;5d_Retiro Tienda Ripley La Calera;Henriquez;Diego;;"JJ Perez 90, La Calera ";" 2do Piso. Modulo Retiro en Tienda";;;LA CALERA;V REGION;CL;Henriquez;Diego;;Villa Santa Rosa Pasaje 1 Casa 1782;;;;LA CALERA;V REGION;CL;31990;0;990;0;32980;0;CLP
000000560350;24248037401-A;12/12/2025 15:57:41;Recibido;32990;990;33980;5938;0.0000;27052;1;VESTIDO LARGO FLOREADO ROSADO NICOPOLY;MPM10003037833-4;N06076SM;12/12/2025 15:57:42;5d_Retiro Tienda Ripley Mall Concepción;Sanhueza;Fernanda;;"Barros Arana 1068, Concepcion ";" 3er Piso. Modulo Retiro en Tienda";;;CONCEPCION;VIII REGION;CL;Sanhueza;Fernanda;;Parques de carriel 9279;;;;CONCEPCION;VIII REGION;CL;32990;0;990;0;33980;0;CLP
000000560350;24248226301-A;12/12/2025 16:33:14;Recibido;7990;990;8980;1438;0.0000;6552;1;POLERA RAYAS SIN MANGAS AZUL MARINO NICOPOLY;MPM10002969086-4;N06158PXS;12/12/2025 16:33:15;8d_Retiro Tienda Ripley Castellón;Zapata;Estefania;;"Castellon 520, Concepcion ";6to Piso. Servicio al Cliente;;;CONCEPCION;VIII REGION;CL;Zapata;Estefania;;Esperanza 70 D condominio delia isabel  Casa 18;;;;CONCEPCION;VIII REGION;CL;7990;0;990;0;8980;0;CLP
000000560350;24248425401-A;12/12/2025 17:11:51;Recibido;9990;990;10980;1798;0.0000;8192;1;POLERA BASICA CUELLO REDONDO LINEAS ROJO NICOPOLY;MPM10002967724-4;N06113DS;12/12/2025 17:11:52;5d_Retiro Tienda Ripley Mall Concepción;Fuentes Pedreros;Diego;;"Barros Arana 1068, Concepcion ";" 3er Piso. Modulo Retiro en Tienda";;;CONCEPCION;VIII REGION;CL;Fuentes;Hipolito;;collao 750;;;;CONCEPCION;VIII REGION;CL;9990;0;990;0;10980;0;CLP
000000560350;24248671501-A;12/12/2025 17:53:50;Recibido;26990;990;27980;4858;0.0000;22132;1;CHAQUETA CUELLO CAMISERO ECOCUERO NEGRO NICOPOLY;MPM10001383864-4;N04228BM;12/12/2025 17:53:51;5d_Retiro Tienda Ripley Talca;Morales;Francisca;;"8 Oriente 1212 ";" 2do Piso. Modulo Retiro en Tienda";;;TALCA;VII REGION;CL;Ruiz;Barbara;;Sector el parron sn 0;;;;TALCA;VII REGION;CL;26990;0;990;0;27980;0;CLP
000000560350;24249910901-A;12/12/2025 21:48:29;Recibido;23490;0;23490;4228;0.0000;19262;1;VESTIDO CORTO FLORAL CON VUELOS CRUZADOS FUCSIA NICOPOLY;MPM10003037830-2;N06163BL;12/12/2025 21:48:30;5d_Retiro Tienda Ripley Los Ángeles;"Lopez ";"Valeska ";;"Valdivia 440, Los Angeles ";" 3er Piso. Servicio al Cliente";;;LOS ANGELES;VIII REGION;CL;Lopez;Waldo;;Licanlebo 1025;;;;LOS ANGELES;VIII REGION;CL;23490;0;0;0;23490;0;CLP
000000560350;24251083601-A;13/12/2025 05:10:23;Recibido;31990;990;32980;5758;0.0000;26232;1;BLAZER MUJER NICOPOLY NEGRO CUELLO MAO;MPM10002160484-1;N00156BL-6;13/12/2025 05:10:25;8d_Retiro Tienda Ripley Castellón;"Parisot ";"Marianela ";;"Castellon 520, Concepcion ";6to Piso. Servicio al Cliente;;;CONCEPCION;VIII REGION;CL;Pea Seplveda;Javiera;;Lientur 160;;;;CONCEPCION;VIII REGION;CL;31990;0;990;0;32980;0;CLP
000000560350;24251550101-A;13/12/2025 10:49:16;Recibido;27990;3990;31980;5038;0.0000;22952;1;VESTIDO CINTURA ELASTICADA FLORES NARANJA NICOPOLY;MPM10003032291-1;N06162RL;13/12/2025 10:49:17;Flujo Crossdock- Ripley PAQ;Hidalgo;"Cristina ";;jose luis araneda  222;406;;;NUNOA;REG.METROPOLITANA;CL;Hidalgo;"Cristina ";;jose luis araneda  222;;;;NUNOA;REG.METROPOLITANA;CL;27990;0;3990;0;31980;0;CLP
000000560350;24251938001-A;13/12/2025 12:16:34;Recibido;24990;0;24990;4498;0.0000;20492;1;VESTIDO TIPO SATIN FLOREADO ROSADO NICOPOLY;MPM10003037324-3;N06159HM;13/12/2025 12:16:35;4d_Retiro Tienda Ripley Plaza Oeste;"Cornejo ";"Erika ";;"Américo Vespucio 1501 ";" 3er Piso. Modulo Retiro en Tienda";;;CERRILLOS;REG.METROPOLITANA;CL;"Cornejo ";"Erika ";;Las Delicias  20;;;;CERRILLOS;REG.METROPOLITANA;CL;24990;0;0;0;24990;0;CLP
000000560350;24251938001-A;13/12/2025 12:16:34;Recibido;25990;0;25990;4678;0.0000;21312;1;VESTIDO SATINADO ESCOTE FRUNCIDO LILA NICOPOLY;MPM10003037325-3;N06164ZM;13/12/2025 12:16:35;4d_Retiro Tienda Ripley Plaza Oeste;"Cornejo ";"Erika ";;"Américo Vespucio 1501 ";" 3er Piso. Modulo Retiro en Tienda";;;CERRILLOS;REG.METROPOLITANA;CL;"Cornejo ";"Erika ";;Las Delicias  20;;;;CERRILLOS;REG.METROPOLITANA;CL;25990;0;0;0;25990;0;CLP
000000560350;24252176901-A;13/12/2025 13:06:03;Recibido;9990;3990;13980;1798;0.0000;8192;1;POLERA ESCOTE EN V BASICA AZUL MARINO NICOPOLY;MPM10002967414-1;N06124PL;13/12/2025 13:06:05;Flujo Crossdock- Ripley PAQ;Martinez;Carolina;;Curinanca 920;902;;;SAN MIGUEL;REG.METROPOLITANA;CL;Martinez;Carolina;;Curinanca 920;;;;SAN MIGUEL;REG.METROPOLITANA;CL;9990;0;3990;0;13980;0;CLP
000000560350;24252198101-A;13/12/2025 13:09:43;Recibido;17490;990;18480;3148;0.0000;14342;1;VESTIDO FLORES FUCSIA NICOPOLY;MPM10003032191-4;N06093SS;13/12/2025 13:09:44;4d_Retiro Tienda Ripley Huechuraba;Cceres;Patricio;;"Av. Americo Vespucio Norte 1737 ";" 2do Piso. Modulo Retiro en Tienda";;;HUECHURABA;REG.METROPOLITANA;CL;Cceres;Patricio;;recoleta 480;;;;HUECHURABA;REG.METROPOLITANA;CL;17490;0;990;0;18480;0;CLP
000000560350;24253297801-A;13/12/2025 16:44:09;Reembolsado;31492;0;31492;5669;0.0000;25823;1;ENTERITO ESCOTE CRUZADO BURDEO NICOPOLY;MPM10003031626-3;N05044TL;13/12/2025 16:44:10;Flujo Crossdock- Ripley PAQ;Villa;Nicole;;Calle dos oriente 419B 41;S/N;;;CORONEL;VIII REGION;CL;Villa;Nicole;;Calle dos oriente 419B 41;;;;CORONEL;VIII REGION;CL;31492;0;0;0;31492;0;CLP
000000560350;24253828501-A;13/12/2025 18:16:17;Reembolsado;34990;0;34990;6298;0.0000;28692;1;ENTERITO MUJER NICOPOLY NEGRO HALTER CON CINTURÓN LAZO;MPM10001752466-2;N05036BM;13/12/2025 18:16:18;5d_Retiro Tienda Ripley Los Ángeles;Pino;Viviana;;"Valdivia 440, Los Angeles ";" 3er Piso. Servicio al Cliente";;;LOS ANGELES;VIII REGION;CL;Pino;Viviana;;La invernada 0852;;;;LOS ANGELES;VIII REGION;CL;34990;0;0;0;34990;0;CLP
000000560350;24254742401-A;13/12/2025 21:08:32;Reembolsado;26990;0;26990;4858;0.0000;22132;1;FULFILLMENT-PANTALÓN MUJER NICOPOLY NEGRO RECTO CON PINZAS;MPM10002146401-3;N04277BL-6-FF;13/12/2025 21:08:33;FF_MATRIX;"Sepulveda ";Angelica;;Intendente Fontana  3051;Casa;;;SAN JAVIER;VII REGION;CL;"Sepulveda ";Angelica;;Intendente Fontana  3051;;;;SAN JAVIER;VII REGION;CL;26990;0;0;0;26990;0;CLP
000000560350;24254848001-A;13/12/2025 21:26:36;Recibido;17990;0;17990;3238;0.0000;14752;1;CAMISA MUJER NICOPOLY NEGRO PLIEGUES CINTURA;MPM10002160532-1;N05267BS;13/12/2025 21:26:37;5d_Retiro Tienda Ripley Talca;"Rosales Retamal ";"Gabriela ";;"8 Oriente 1212 ";" 2do Piso. Modulo Retiro en Tienda";;;TALCA;VII REGION;CL;Gomez Opazo;Paulina Alejandra;;Población san jose dehesa 209;;;;TALCA;VII REGION;CL;17990;0;0;0;17990;0;CLP
000000560350;24254853101-A;13/12/2025 21:28:11;Recibido;31990;0;31990;5758;0.0000;26232;1;BLAZER SIN MANGAS BOLSILLOS BURDEOS NICOPOLY;MPM10001752514-2;N04294DL-5;13/12/2025 21:28:12;10d_Retiro Tienda Ripley Antofagasta;León León;Roxana Del Rosario;;"Arturo Prat 530 ";" 4to Piso. Servicio al Cliente";;;ANTOFAGASTA;II REGION;CL;León León;Roxana Del Rosario;;SANTA GUILLERMINA 1355;;;;ANTOFAGASTA;II REGION;CL;31990;0;0;0;31990;0;CLP
000000560350;24255396802-A;13/12/2025 22:55:34;Reembolsado;25990;0;25990;4678;0.0000;21312;1;BLUSA BASICA BOTONERA INVISIBLE NEGRO NICOPOLY;MPM10001713154-4;N00089BL-5;13/12/2025 22:55:35;11d_Retiro Tienda Ripley Temuco;Montecinos;Katalina;;"Arturo Prat 656, Temuco ";2do Piso. Modulo Retiro en Tienda;;;TEMUCO;IX REGION;CL;Montecinos;Katalina;;Montes sabinos 507;;;;TEMUCO;IX REGION;CL;25990;0;0;0;25990;0;CLP
000000560350;24255890301-A;14/12/2025 00:21:12;Recibido;23490;990;24480;4228;0.0000;19262;1;VESTIDO CORTO FLORAL CON VUELOS CRUZADOS FUCSIA NICOPOLY;MPM10003037830-4;N06163BXL;14/12/2025 00:21:13;4d_Retiro Tienda Ripley Costanera Center;Reyes;Evelin;;"Avenida Andrés Bello 2422 ";" 1er Piso. Modulo Retiro en Tienda";;;PROVIDENCIA;REG.METROPOLITANA;CL;Urrea;Katherine;;Francisco Puelma 40;;;;PROVIDENCIA;REG.METROPOLITANA;CL;23490;0;990;0;24480;0;CLP
000000560350;24256596301-A;14/12/2025 10:22:32;Recibido;23490;990;24480;4228;0.0000;19262;1;VESTIDO MUJER NICOPOLY BLANCO STRAPLESS Y ESCOTE V;MPM10001856335-1;N05011AXL;14/12/2025 10:22:33;5d_Retiro Tienda Ripley Rancagua;"Gómez ";"Rubén ";;"José Domingo Mujica 490 ";" 3er Piso. Modulo Retiro en Tienda";;;RANCAGUA;VI REGION;CL;Gonzalez;Paula Constanza;;callejon mendoza PARCELA 46 0;;;;RANCAGUA;VI REGION;CL;23490;0;990;0;24480;0;CLP
000000560350;24257972801-A;14/12/2025 15:50:16;Recibido;19990;990;20980;3598;0.0000;16392;1;GILET MEZCLA LINO BLANCO NICOPOLY;MPM10001878072-1;N05019AS;14/12/2025 15:50:17;4d_Retiro Tienda Ripley Parque Arauco;Awad Lucero;Leyla;;"Avenida Kennedy 5413 ";4to Piso. Modulo Retiro en Tienda;;;LAS CONDES;REG.METROPOLITANA;CL;Awad Lucero;Leyla;;La capitania  939;;;;LAS CONDES;REG.METROPOLITANA;CL;19990;0;990;0;20980;0;CLP
000000560350;24258034501-A;14/12/2025 16:01:40;Recibido;26990;0;26990;4858;0.0000;22132;1;BLAZER BASICO DE TOPE ROJO NICOPOLY;MPM10002843023-4;N05301DM-7;14/12/2025 16:01:41;10d_Retiro Tienda Ripley La Serena;Gmez;Jesica Ines;;"Gregorio Cordovez 499 ";" 3er Piso. Modulo Retiro en Tienda";;;LA SERENA;IV REGION;CL;Gmez;Jesica Ines;;Ramón ángel jara 785;;;;LA SERENA;IV REGION;CL;26990;0;0;0;26990;0;CLP
000000560350;24258162701-A;14/12/2025 16:27:36;Reembolsado;29990;0;29990;5398;0.0000;24592;1;BLAZER MUJER NICOPOLY ROJO LAZO DELANTERO;MPM10002128976-1;N05276DL;14/12/2025 16:27:37;5d_Retiro Tienda Ripley Valparaíso;Zamorano Avila;Karen Nicole;;"Plaza Victoria 1646 ";" 4to Piso. Servicio al Cliente";;;VALPARAISO;V REGION;CL;Zamorano Avila;Karen Nicole;;Cuya  16;;;;VALPARAISO;V REGION;CL;29990;0;0;0;29990;0;CLP
000000560350;24259372001-A;14/12/2025 20:24:11;Recibido;32990;0;32990;5938;0.0000;27052;1;VESTIDO LARGO FLOREADO ROSADO NICOPOLY;MPM10003037833-3;N06076SXL;14/12/2025 20:24:11;6d_Retiro Tienda Ripley Nueva Valdivia;Cliente;Berenis Holyanna;;"Arauco 561 ";" 3er Piso. Servicio al Cliente";;;VALDIVIA;XIV REGION;CL;Cliente;Berenis Holyanna;;Avenida Ramon picarte 795 795;;;;VALDIVIA;XIV REGION;CL;32990;0;0;0;32990;0;CLP
000000560350;24260094801-A;14/12/2025 22:28:06;Recibido;14990;0;14990;2698;0.0000;12292;1;TOP ACANALADO HOMBROS CAIDOS NEGRO NICOPOLY;MPM10001856351-1;N05129BS;14/12/2025 22:28:08;5d_Retiro Tienda Ripley El Trébol;Caceres;Monserrat;;"Avenida Jorge Alessandri 3177 ";" 3er Piso. Modulo Retiro en Tienda";;;TALCAHUANO;VIII REGION;CL;Caceres;Monserrat;;pasaje renaico  813;;;;TALCAHUANO;VIII REGION;CL;14990;0;0;0;14990;0;CLP
000000560350;24260739701-A;15/12/2025 00:00:25;Recibido;20990;990;21980;3778;0.0000;17212;1;VESTIDO PLIEGUES EN CINTURA NEGRO NICOPOLY;MPM10002627270-4;N05278BXL;15/12/2025 00:00:26;5d_Retiro Tienda Ripley Chillán;Rivas;Miguel;;"5 de Abril 699 ";4to Piso. Centro de atención al Cliente;;;CHILLAN;VIII REGION;CL;Rivas;Miguel;;Villa Simón Bolívar 7;;;;CHILLAN;VIII REGION;CL;20990;0;990;0;21980;0;CLP
000000560350;24260803901-A;15/12/2025 00:10:49;Recibido;23490;990;24480;4228;0.0000;19262;1;VESTIDO MUJER NICOPOLY BLANCO STRAPLESS Y ESCOTE V;MPM10001856335-2;N05011AL;15/12/2025 00:10:50;5d_Retiro Tienda Ripley Mall Concepción;Reyes;"Fernanda ";;"Barros Arana 1068, Concepcion ";" 3er Piso. Modulo Retiro en Tienda";;;CONCEPCION;VIII REGION;CL;Reyes Espinoza;Hermin Alejandra;;Libertad 460;;;;CONCEPCION;VIII REGION;CL;23490;0;990;0;24480;0;CLP
000000560350;24260857001-A;15/12/2025 00:21:51;Recibido;20990;990;21980;3778;0.0000;17212;1;GILET BASICO AJUSTABLE ROJO NICOPOLY;MPM10002842897-2;N04273DM-7;15/12/2025 00:21:53;4d_Retiro Tienda Ripley Crillon;Hormazabal;Leila;;"Agustinas #1025 ";Piso -1. Modulo Retiro en Tienda;;;SANTIAGO;REG.METROPOLITANA;CL;Hormazabal;Leila;;San Eugenio  1331;;;;SANTIAGO;REG.METROPOLITANA;CL;20990;0;990;0;21980;0;CLP
000000560350;24260902201-A;15/12/2025 00:37:35;Recibido;26990;990;27980;4858;0.0000;22132;1;VESTIDO ASIME TRICO FLORAL FUCSIA NICOPOLY;MPM10003037810-1;N06173SM;15/12/2025 00:37:36;4d_Retiro Tienda Ripley Tobalaba;Muoz;"Antonia ";;"Av. Camilo Henríquez 3296, Puente Alto ";2do Piso. Modulo Retiro en Tienda;;;PUENTE ALTO;REG.METROPOLITANA;CL;Muoz;"Antonia ";;Sauvignon 5035;;;;PUENTE ALTO;REG.METROPOLITANA;CL;26990;0;990;0;27980;0;CLP
000000560350;24261825401-A;15/12/2025 10:50:20;Recibido;29990;0;29990;5398;0.0000;24592;1;CHAQUETA BOUCLE  MOCA NICOPOLY;MPM10002646315-2;N05183UM;15/12/2025 10:50:21;5d_Retiro Tienda Ripley Rancagua;"Sandoval ";"Constanza ";;"José Domingo Mujica 490 ";" 3er Piso. Modulo Retiro en Tienda";;;RANCAGUA;VI REGION;CL;"Sandoval ";"Constanza ";;"Pasaje gabriela mistral  92 ";;;;RANCAGUA;VI REGION;CL;29990;0;0;0;29990;0;CLP
000000560350;24262005301-A;15/12/2025 11:20:03;Recibido;16490;0;16490;2968;0.0000;13522;1;BLUSA CUELLO MAO BOTONES CELESTE NICOPOLY;MPM10001878079-4;N02509KXL-5;15/12/2025 11:20:04;11d_Retiro Tienda Ripley Temuco;"Sandoval Quidel ";"ngela ";;"Arturo Prat 656, Temuco ";2do Piso. Modulo Retiro en Tienda;;;TEMUCO;IX REGION;CL;"Sandoval Quidel ";"ngela ";;Villa Alegre  980;;;;TEMUCO;IX REGION;CL;16490;0;0;0;16490;0;CLP
000000560350;24262355801-A;15/12/2025 12:19:15;Recibido;18190;990;19180;3274;0.0000;14916;1;VESTIDO ESCOTE CRUZADO FLORES VERDE NICOPLY;MPM10003032288-2;N06161ES;15/12/2025 12:19:17;4d_Retiro Tienda Ripley Tobalaba;Hernandez Parra;Mireya;;"Av. Camilo Henríquez 3296, Puente Alto ";2do Piso. Modulo Retiro en Tienda;;;PUENTE ALTO;REG.METROPOLITANA;CL;Hernandez Parra;Mireya;;Pasaje Las Dalias 3324;;;;PUENTE ALTO;REG.METROPOLITANA;CL;18190;0;990;0;19180;0;CLP
000000560350;24262492001-A;15/12/2025 12:40:41;Recibido;28990;3990;32980;5218;0.0000;23772;1;PANTALÓN PALAZZO MUJER NICOPOLY NEGRO TAJOS;MPM10001503453-2;N10369BL-4;15/12/2025 12:40:42;Flujo Crossdock- Ripley PAQ;Carriez;Katherine;;Sancho Panza 1840;1603;;;PROVIDENCIA;REG.METROPOLITANA;CL;Carriez;Katherine;;Sancho Panza 1840;;;;PROVIDENCIA;REG.METROPOLITANA;CL;28990;0;3990;0;32980;0;CLP
000000560350;24262567801-A;15/12/2025 12:52:47;Recibido;41990;990;42980;7558;0.0000;34432;1;BLAZER BOLSILLOS Y BOTÓN ROJO NICOPOLY;MPM10001752521-3;N04260DM-5;15/12/2025 12:52:48;5d_Retiro Tienda Ripley Talca;Santander Gutierrez;Estefania;;"8 Oriente 1212 ";" 2do Piso. Modulo Retiro en Tienda";;;TALCA;VII REGION;CL;Santander Gutierrez;Estefania;;Lo Patricio Parcela 14 1;;;;TALCA;VII REGION;CL;41990;0;990;0;42980;0;CLP
000000560350;24263520001-A;15/12/2025 15:27:46;Reembolsado;21990;990;22980;3958;0.0000;18032;1;GILET LARGO CON BOTONES BURDEO;MPM10002910427-1;N06135TS;15/12/2025 15:27:47;5d_Retiro Tienda Ripley Mall Concepción;Serrano;Romilia;;"Barros Arana 1068, Concepcion ";" 3er Piso. Modulo Retiro en Tienda";;;CONCEPCION;VIII REGION;CL;Serrano;Romilia;;Villarrica 1753 1753;;;;CONCEPCION;VIII REGION;CL;21990;0;990;0;22980;0;CLP
000000560350;24265129201-A;15/12/2025 19:45:04;Recibido;39990;4495;44485;7198;0.0000;32792;1;FULFILLMENT-BLAZER MANGA 3/4 AJUSTADA CON PLIEGUES CELESTE NICOPOLY;MPM10002943895-1;N03049KL-5-FF;15/12/2025 19:45:05;FF_MATRIX;Muoz Burgos;Pablo;;Santiago Humberstone 265;87;;;ANTOFAGASTA;II REGION;CL;Muoz Burgos;Pablo;;Santiago Humberstone 265;;;;ANTOFAGASTA;II REGION;CL;39990;0;4495;0;44485;0;CLP
000000560350;24265129201-A;15/12/2025 19:45:04;Recibido;26990;4495;31485;4858;0.0000;22132;1;FULFILLMENT-PANTALON MUJER NICOPOLY CELESTE CON PINZAS RECTO;MPM10002943921-4;N04277KL-5-FF;15/12/2025 19:45:05;FF_MATRIX;Muoz Burgos;Pablo;;Santiago Humberstone 265;87;;;ANTOFAGASTA;II REGION;CL;Muoz Burgos;Pablo;;Santiago Humberstone 265;;;;ANTOFAGASTA;II REGION;CL;26990;0;4495;0;31485;0;CLP
000000560350;24266191301-A;15/12/2025 22:11:29;Recibido;16490;745;17235;2968;0.0000;13522;1;VESTIDO MUJER NICOPOLY CAFÉ TIPO CAMISERO LEOPARD;MPM10001848651-3;N05123US;15/12/2025 22:11:31;Flujo Crossdock- Ripley PAQ;Sepulveda Pinto;Pamela;;CERRO LOS PLACERES AV PLACERES 206;1408;;;VALPARAISO;V REGION;CL;Sepulveda Pinto;Pamela;;CERRO LOS PLACERES AV PLACERES 206;;;;VALPARAISO;V REGION;CL;16490;0;745;0;17235;0;CLP
000000560350;24266414401-A;15/12/2025 22:36:04;Recibido;9990;990;10980;1798;0.0000;8192;1;CROP TOP JASPEADO CELESTE NICOPOLY;MPM10001849443-1;N05021KS;15/12/2025 22:36:05;4d_Retiro Tienda Ripley Alameda;Pizarro;Denisse;;"Av Libertador Bernardo O'Higgins 3470, Santiago ";3er Piso. Modulo Retiro en Tienda;;;EST.CENTRAL;REG.METROPOLITANA;CL;Pizarro;Denisse;;Río Maule 2904;;;;EST.CENTRAL;REG.METROPOLITANA;CL;9990;0;990;0;10980;0;CLP
000000560350;24266927801-A;15/12/2025 23:31:03;Reembolsado;21990;0;21990;3958;0.0000;18032;1;VESTIDO ESCOTE CUADRADO NEGRO NICOPOLY;MPM10003032204-2;N06128BM;15/12/2025 23:31:04;5d_Retiro Tienda Ripley Talca;Contreras Orozco;Natalia;;"8 Oriente 1212 ";" 2do Piso. Modulo Retiro en Tienda";;;TALCA;VII REGION;CL;Contreras Orozco;Natalia;;1 sur 660;;;;TALCA;VII REGION;CL;21990;0;0;0;21990;0;CLP
000000560350;24266927801-A;15/12/2025 23:31:03;Reembolsado;9990;0;9990;1798;0.0000;8192;1;CROP TOP JASPEADO ROSADO NICOPOLY;MPM10001849456-3;N05021HL;15/12/2025 23:31:04;5d_Retiro Tienda Ripley Talca;Contreras Orozco;Natalia;;"8 Oriente 1212 ";" 2do Piso. Modulo Retiro en Tienda";;;TALCA;VII REGION;CL;Contreras Orozco;Natalia;;1 sur 660;;;;TALCA;VII REGION;CL;9990;0;0;0;9990;0;CLP
000000560350;24267171501-A;16/12/2025 00:03:19;Recibido;28990;0;28990;5218;0.0000;23772;1;FULFILLMENT-PANTALON PALAZZO MUJER NICOPOLY MAGENTA TAJOS;MPM10003037770-4;N10369ZM-4-FF;16/12/2025 00:03:20;FF_MATRIX_STS;Godoy;"Sonia ";;"Valdivia 440, Los Angeles ";" 3er Piso. Servicio al Cliente";;;LOS ANGELES;VIII REGION;CL;Godoy;"Sonia ";;avenida oriente 2050;;;;LOS ANGELES;VIII REGION;CL;28990;0;0;0;28990;0;CLP
000000560350;24267171502-A;16/12/2025 00:03:19;Recibido;34990;0;34990;6298;0.0000;28692;1;BLAZER CUELLO CRUZADO ROJO NICOPOLY;MPM10002842890-1;N05299DS-7;16/12/2025 00:03:21;5d_Retiro Tienda Ripley Los Ángeles;Godoy;"Sonia ";;"Valdivia 440, Los Angeles ";" 3er Piso. Servicio al Cliente";;;LOS ANGELES;VIII REGION;CL;Godoy;"Sonia ";;avenida oriente 2050;;;;LOS ANGELES;VIII REGION;CL;34990;0;0;0;34990;0;CLP
000000560350;24267171502-A;16/12/2025 00:03:19;Recibido;23190;0;23190;4174;0.0000;19016;1;GILET BASICO AJUSTABLE ROJO NICOPOLY;MPM10002842897-2;N04273DM-7;16/12/2025 00:03:21;5d_Retiro Tienda Ripley Los Ángeles;Godoy;"Sonia ";;"Valdivia 440, Los Angeles ";" 3er Piso. Servicio al Cliente";;;LOS ANGELES;VIII REGION;CL;Godoy;"Sonia ";;avenida oriente 2050;;;;LOS ANGELES;VIII REGION;CL;23190;0;0;0;23190;0;CLP
000000560350;24267171502-A;16/12/2025 00:03:19;Recibido;26990;0;26990;4858;0.0000;22132;1;PANTALÓN MUJER NICOPOLY ROJO RECTO CON PINZAS;MPM10002122135-3;N04277DM-6;16/12/2025 00:03:21;5d_Retiro Tienda Ripley Los Ángeles;Godoy;"Sonia ";;"Valdivia 440, Los Angeles ";" 3er Piso. Servicio al Cliente";;;LOS ANGELES;VIII REGION;CL;Godoy;"Sonia ";;avenida oriente 2050;;;;LOS ANGELES;VIII REGION;CL;26990;0;0;0;26990;0;CLP
000000560350;24267205102-A;16/12/2025 00:06:43;Recibido;19990;8990;28980;3598;0.0000;16392;1;FULFILLMENT-GILET CON DRAPEADO LATERAL BLANCO;MPM10002943918-2;N06111AL-FF;16/12/2025 00:06:44;FF_MATRIX;Rivas Hraste;Mara Elena;;Avda Austral  1719;Casa;;;PTO.MONTT;X REGION;CL;Rivas Hraste;Mara Elena;;Avda Austral  1719;;;;PTO.MONTT;X REGION;CL;19990;0;8990;0;28980;0;CLP
000000560350;24268128201-A;16/12/2025 09:27:11;Recibido;21990;0;21990;3958;0.0000;18032;1;FULFILLMENT-TAPADO TEJIDO TIPO CROCHET NEGRO NICOPOLY;MPM10002964102-1;N06083BL-FF;16/12/2025 09:27:12;FF_MATRIX;Castillo Iturrieta;Silvia Isabel;;Brasil  1122;Casa;;;LA SERENA;IV REGION;CL;Castillo Iturrieta;Silvia Isabel;;Brasil  1122;;;;LA SERENA;IV REGION;CL;21990;0;0;0;21990;0;CLP
000000560350;24268524201-A;16/12/2025 10:45:27;Recibido;9990;990;10980;1798;0.0000;8192;1;CROP TOP JASPEADO BLANCO NICOPOLY;MPM10001849445-3;N05021AM;16/12/2025 10:45:28;10d_Retiro Tienda Ripley Antofagasta;Rojas;Karen;;"Arturo Prat 530 ";" 4to Piso. Servicio al Cliente";;;ANTOFAGASTA;II REGION;CL;Rojas;Karen;;Avenida Jaime Guzmán 04200;;;;ANTOFAGASTA;II REGION;CL;9990;0;990;0;10980;0;CLP
000000560350;24269134301-A;16/12/2025 12:21:34;Recibido;7990;3990;11980;1438;0.0000;6552;1;POLERA RAYAS SIN MANGAS AZUL MARINO NICOPOLY;MPM10002969086-1;N06158PS;16/12/2025 12:21:35;Flujo Crossdock- Ripley PAQ;Leonart;Antonia;;Basel 4606;B;;;LO BARNECHEA;REG.METROPOLITANA;CL;Leonart;Antonia;;Basel 4606;;;;LO BARNECHEA;REG.METROPOLITANA;CL;7990;0;3990;0;11980;0;CLP
000000560350;24269898203-A;16/12/2025 14:23:29;Recibido;36990;0;36990;6658;0.0000;30332;1;VESTIDO LARGO FLOREADO ROSADO NICOPOLY;MPM10003037833-2;N06076SL;16/12/2025 14:23:30;Flujo Crossdock- Ripley PAQ;Valenzuela Vivanco;Victoria Maria;;Los tulipanes 0801;Casa;;;TEMUCO;IX REGION;CL;Valenzuela Vivanco;Victoria Maria;;Los tulipanes 0801;;;;TEMUCO;IX REGION;CL;36990;0;0;0;36990;0;CLP
000000560350;24270022201-A;16/12/2025 14:46:17;Recibido;18990;990;19980;3418;0.0000;15572;1;VESTIDO FLORES FUCSIA NICOPOLY;MPM10003032191-1;N06093SXL;16/12/2025 14:46:18;5d_Retiro Tienda Ripley La Calera;Aguilera;Maria Elizabeth;;"JJ Perez 90, La Calera ";" 2do Piso. Modulo Retiro en Tienda";;;LA CALERA;V REGION;CL;Aguilera;Maria Elizabeth;;San Eugenio 1331;;;;LA CALERA;V REGION;CL;18990;0;990;0;19980;0;CLP
000000560350;24270133601-A;16/12/2025 15:03:25;Recibido;14990;990;15980;2698;0.0000;12292;1;CÁRDIGAN CROP FLORES LILA NICOPOLY;MPM10001734998-3;N05106ZL;16/12/2025 15:03:26;4d_Retiro Tienda Ripley Arauco Maipu;Antio;"Claudia ";;"Av. Americo Vespucio 399 ";" 2do Piso. Modulo Retiro en Tienda";;;MAIPU;REG.METROPOLITANA;CL;Antio;"Claudia ";;Salitrera catalina  2271;;;;MAIPU;REG.METROPOLITANA;CL;14990;0;990;0;15980;0;CLP
000000560350;24270420301-A;16/12/2025 15:40:27;Recibido;32990;990;33980;5938;0.0000;27052;1;ENTERITO MUJER NICOPOLY CELESTE EFECTO DOS PIEZAS;MPM10001752510-2;N04018KS-5;16/12/2025 15:40:27;5d_Retiro Tienda Ripley Los Ángeles;Oviedo;"Nancy ";;"Valdivia 440, Los Angeles ";" 3er Piso. Servicio al Cliente";;;LOS ANGELES;VIII REGION;CL;"Barrales ";"Camila ";;alcazar 215 215;;;;LOS ANGELES;VIII REGION;CL;32990;0;990;0;33980;0;CLP
000000560350;24270521602-A;16/12/2025 15:54:22;Reembolsado;31990;0;31990;5758;0.0000;26232;1;BLAZER MUJER NICOPOLY NEGRO CUELLO MAO;MPM10002160484-4;N00156BM-6;16/12/2025 15:54:23;4d_Retiro Tienda Ripley Arauco Maipu;Ramirez Ordoez;Eduardo;;"Av. Americo Vespucio 399 ";" 2do Piso. Modulo Retiro en Tienda";;;MAIPU;REG.METROPOLITANA;CL;Ramirez Ordoez;Eduardo;;Presidente Arturo Alessandri Palma 2087;;;;MAIPU;REG.METROPOLITANA;CL;31990;0;0;0;31990;0;CLP
000000560350;24270522302-A;16/12/2025 15:55:31;Recibido;16490;990;17480;2968;0.0000;13522;1;VESTIDO MUJER NICOPOLY CAFÉ TIPO CAMISERO LEOPARD;MPM10001848651-2;N05123UL;16/12/2025 15:55:32;5d_Retiro Tienda Ripley Rancagua;Miranda;Cristian;;"José Domingo Mujica 490 ";" 3er Piso. Modulo Retiro en Tienda";;;RANCAGUA;VI REGION;CL;Miranda;Cristian;;Av. Lo Castillo 92;;;;RANCAGUA;VI REGION;CL;16490;0;990;0;17480;0;CLP
000000560350;24270662101-A;16/12/2025 16:14:34;Recibido;23990;990;24980;4318;0.0000;19672;1;VESTIDO MUJER NICOPOLY ROJO STRAPLESS Y ESCOTE V;MPM10001856332-1;N05011DXL;16/12/2025 16:14:35;5d_Retiro Tienda Ripley Rancagua;Gonzalez;Paula Constanza;;"José Domingo Mujica 490 ";" 3er Piso. Modulo Retiro en Tienda";;;RANCAGUA;VI REGION;CL;Gonzalez;Paula Constanza;;callejon mendoza PARCELA 46 0;;;;RANCAGUA;VI REGION;CL;23990;0;990;0;24980;0;CLP
000000560350;24270984901-A;16/12/2025 17:02:27;Recibido;27990;990;28980;5038;0.0000;22952;1;VESTIDO CINTURA ELASTICADA FLORES NARANJA NICOPOLY;MPM10003032291-2;N06162RM;16/12/2025 17:02:28;4d_Retiro Tienda Ripley Los Dominicos;Quicceno;Jorge;;"Padre Hurtado Sur 875 ";1er Piso. Servicio al Cliente;;;LAS CONDES;REG.METROPOLITANA;CL;Quicceno;Jorge;;Esteban dellorto 6731;;;;LAS CONDES;REG.METROPOLITANA;CL;27990;0;990;0;28980;0;CLP
000000560350;24271844801-A;16/12/2025 19:19:29;Reembolsado;24990;0;24990;4498;0.0000;20492;1;FULFILLMENT-BLAZER MANGA DETALLE DRAPEADO NEGRO NICOPOLY;MPM10002975130-4;N02481BL-5-FF;16/12/2025 19:19:31;FF_MATRIX;Barriga Sandoval;Johanna;;Pasaje shangrila 785;S/N;;;CHILLAN;VIII REGION;CL;Barriga Sandoval;Johanna;;Pasaje shangrila 785;;;;CHILLAN;VIII REGION;CL;24990;0;0;0;24990;0;CLP
000000560350;24272003301-A;16/12/2025 19:45:35;Recibido;21990;990;22980;3958;0.0000;18032;1;GILET LARGO CON BOTONES BURDEO;MPM10002910427-3;N06135TM;16/12/2025 19:45:36;10d_Retiro Tienda Ripley Portal Temuco;Escobar Gatica;Nicole Andrea;;"Avenida Alemania 0671 ";3er Piso, Modulo Retiro en Tienda;;;TEMUCO;IX REGION;CL;Escobar Gatica;Nicole Andrea;;Eleuterio Ramírez 90;;;;TEMUCO;IX REGION;CL;21990;0;990;0;22980;0;CLP
000000560350;24272215001-A;16/12/2025 20:17:04;Recibido;21990;990;22980;3958;0.0000;18032;1;VESTIDO ESCOTE CUADRADO NEGRO NICOPOLY;MPM10003032204-1;N06128BS;16/12/2025 20:17:05;11d_Retiro Tienda Ripley Temuco;Mendez;Katherinne;;"Arturo Prat 656, Temuco ";2do Piso. Modulo Retiro en Tienda;;;TEMUCO;IX REGION;CL;Mendez;Katherinne;;Francisco poblete  0547;;;;TEMUCO;IX REGION;CL;21990;0;990;0;22980;0;CLP
000000560350;24272618901-A;16/12/2025 21:19:21;Recibido;23190;0;23190;4174;0.0000;19016;1;FULFILLMENT-GILET BASICO ROSADO NICOPOLY;MPM10002943907-2;N04273HL-FF;16/12/2025 21:19:22;FF_MATRIX_STS;Vega Delgado;Javiera;;"Agustinas #1025 ";Piso -1. Modulo Retiro en Tienda;;;SANTIAGO;REG.METROPOLITANA;CL;Vega;Javiera;;Pasaje mar rojo dos oriente 01981;;;;SANTIAGO;REG.METROPOLITANA;CL;23190;0;0;0;23190;0;CLP
000000560350;24272618901-A;16/12/2025 21:19:21;Recibido;23190;0;23190;4174;0.0000;19016;1;FULFILLMENT-GILET BASICO CELESTE NICOPOLY;MPM10002943896-3;N04273KL-FF;16/12/2025 21:19:22;FF_MATRIX_STS;Vega Delgado;Javiera;;"Agustinas #1025 ";Piso -1. Modulo Retiro en Tienda;;;SANTIAGO;REG.METROPOLITANA;CL;Vega;Javiera;;Pasaje mar rojo dos oriente 01981;;;;SANTIAGO;REG.METROPOLITANA;CL;23190;0;0;0;23190;0;CLP
000000560350;24272653901-A;16/12/2025 21:22:35;Recibido;18490;990;19480;3328;0.0000;15162;1;PANTALON LEOPARDO CAFE  NICOPOLY;MPM10003032189-4;N06074US;16/12/2025 21:22:36;10d_Retiro Tienda Ripley Antofagasta;"Salazar ";"Bárbara ";;"Arturo Prat 530 ";" 4to Piso. Servicio al Cliente";;;ANTOFAGASTA;II REGION;CL;Castillo Salinas;Lastenia;;VILLA CASPANA PSJE ELOISA VDA DE ZURITA 7408;;;;ANTOFAGASTA;II REGION;CL;18490;0;990;0;19480;0;CLP
000000560350;24272923003-A;16/12/2025 22:03:53;Recibido;18490;4990;23480;3328;0.0000;15162;1;GILET MEZCLA LINO BLANCO NICOPOLY;MPM10001878072-3;N05019AL;16/12/2025 22:03:55;Flujo Crossdock- Ripley PAQ;Avalos Venegas;Roxana;;Maipu 720;201;;;SN.BERNARDO;REG.METROPOLITANA;CL;Avalos Venegas;Roxana;;Maipu 720;;;;SN.BERNARDO;REG.METROPOLITANA;CL;18490;0;4990;0;23480;0;CLP
000000560350;24272989701-A;16/12/2025 22:11:38;Reembolsado;18490;0;18490;3328;0.0000;15162;1;FULFILLMENT-PANTALON TIPO CREPE  ANIMAL PRINT CAFE  NICOPOLY;MPM10002995231-3;N06103UM-FF;16/12/2025 22:11:39;FF_MATRIX_STS;"Aran Fuentes ";Alejandra;;"Gregorio Cordovez 499 ";" 3er Piso. Modulo Retiro en Tienda";;;LA SERENA;IV REGION;CL;"Aran Fuentes ";Alejandra;;pasaje brescia 517;;;;LA SERENA;IV REGION;CL;18490;0;0;0;18490;0;CLP
000000560350;24273158901-A;16/12/2025 22:32:51;Recibido;9990;990;10980;1798;0.0000;8192;1;CROP TOP JASPEADO ROSADO NICOPOLY;MPM10001849456-1;N05021HS;16/12/2025 22:32:53;5d_Retiro Tienda Ripley Quilpué;Pizarro;Bernarda Veronica;;"Claudio Vicuña 992, Quilpue ";" 3er Piso. Modulo Retiro en Tienda";;;QUILPUE;V REGION;CL;Pizarro;Bernarda Veronica;;Isla guamblin  626;;;;QUILPUE;V REGION;CL;9990;0;990;0;10980;0;CLP
000000560350;24273526701-A;16/12/2025 23:18:38;Reembolsado;21990;0;21990;3958;0.0000;18032;1;FULFILLMENT-GILET HALTER ESPALDA DESCUBIERTA NEGRO NICOPOLY;MPM10002995211-4;N06065BM-FF;16/12/2025 23:18:39;FF_MATRIX;Rivas;Veronica;;Las totoras 8928;S/N;;;VITACURA;REG.METROPOLITANA;CL;Rivas;Veronica;;Las totoras 8928;;;;VITACURA;REG.METROPOLITANA;CL;21990;0;0;0;21990;0;CLP
000000560350;24273584001-A;16/12/2025 23:31:38;Recibido;29990;990;30980;5398;0.0000;24592;1;BLAZER BASICO DE TOPE ROJO NICOPOLY;MPM10002843023-4;N05301DM-7;16/12/2025 23:31:39;5d_Retiro Tienda Ripley Los Ángeles;"Burgos ";Denise;;"Valdivia 440, Los Angeles ";" 3er Piso. Servicio al Cliente";;;LOS ANGELES;VIII REGION;CL;"Burgos ";Denise;;La frontera  812;;;;LOS ANGELES;VIII REGION;CL;29990;0;990;0;30980;0;CLP
000000560350;24273946601-A;17/12/2025 00:20:16;Recibido;19990;990;20980;3598;0.0000;16392;1;CARDIGAN TIPO CROCHET HILO NEGRO NICOPOLY;MPM10002950627-2;N06084BS;17/12/2025 00:20:17;4d_Retiro Tienda Ripley Florida Center;Diaz;Esther;;"Vicuña Mackenna Oriente 6100, La Florida ";3er Piso. Modulo Retiro en Tienda;;;LA FLORIDA;REG.METROPOLITANA;CL;Diaz;Esther;;Pintor Goya 3360;;;;LA FLORIDA;REG.METROPOLITANA;CL;19990;0;990;0;20980;0;CLP
000000560350;24274227101-A;17/12/2025 01:28:58;Recibido;31990;0;31990;5758;0.0000;26232;1;FULFILLMENT-BLAZER CUELLO CRUZADO BLANCO NICOPOLY;MPM10002943914-3;N05299AS-FF;17/12/2025 01:28:59;FF_MATRIX_STS;Marmol Gil;Barbara;;"Claudio Vicuña 992, Quilpue ";" 3er Piso. Modulo Retiro en Tienda";;;QUILPUE;V REGION;CL;Marmol Gil;Barbara;;El legislador 104;;;;QUILPUE;V REGION;CL;31990;0;0;0;31990;0;CLP
000000560350;24274227102-A;17/12/2025 01:28:58;Recibido;16990;0;16990;3058;0.0000;13932;1;SHORT MUJER NICOPOLY BURDEO BÁSICO TIRO ALTO;MPM10002122155-1;N05260TM;17/12/2025 01:29:00;5d_Retiro Tienda Ripley Quilpué;Marmol Gil;Barbara;;"Claudio Vicuña 992, Quilpue ";" 3er Piso. Modulo Retiro en Tienda";;;QUILPUE;V REGION;CL;Marmol Gil;Barbara;;El legislador 104;;;;QUILPUE;V REGION;CL;16990;0;0;0;16990;0;CLP
000000560350;24274312901-A;17/12/2025 02:23:54;Reembolsado;21990;0;21990;3958;0.0000;18032;1;FULFILLMENT-TAPADO TEJIDO TIPO CROCHET CAFE  NICOPOLY;MPM10002964098-1;N06083UL-FF;17/12/2025 02:23:55;FF_MATRIX;Cirano Mendez;Natalia;;avenida los creadores  0260;302 B;;;TEMUCO;IX REGION;CL;Cirano Mendez;Natalia;;avenida los creadores  0260;;;;TEMUCO;IX REGION;CL;21990;0;0;0;21990;0;CLP
000000560350;24274753201-A;17/12/2025 09:34:43;Recibido;29990;495;30485;5398;0.0000;24592;1;BLAZER BASICO DE TOPE ROJO NICOPOLY;MPM10002843023-4;N05301DM-7;17/12/2025 09:34:44;4d_Retiro Tienda Ripley Plaza Egaña;Rojas;"Natalia ";;"Larrain 5800 ";" 3er Piso. Modulo Retiro en Tienda";;;NUNOA;REG.METROPOLITANA;CL;Rojas;"Natalia ";;"Premio nobel 3045 ";;;;NUNOA;REG.METROPOLITANA;CL;29990;0;495;0;30485;0;CLP
000000560350;24274753201-A;17/12/2025 09:34:43;Recibido;29990;495;30485;5398;0.0000;24592;1;BLAZER BASICO DE TOPE MORADO NICOPOLY;MPM10002843019-3;N05301ZM-7;17/12/2025 09:34:44;4d_Retiro Tienda Ripley Plaza Egaña;Rojas;"Natalia ";;"Larrain 5800 ";" 3er Piso. Modulo Retiro en Tienda";;;NUNOA;REG.METROPOLITANA;CL;Rojas;"Natalia ";;"Premio nobel 3045 ";;;;NUNOA;REG.METROPOLITANA;CL;29990;0;495;0;30485;0;CLP
000000560350;24274973001-A;17/12/2025 10:26:47;Recibido;21990;0;21990;3958;0.0000;18032;1;FULFILLMENT-TAPADO TEJIDO TIPO CROCHET NEGRO NICOPOLY;MPM10002964102-2;N06083BS-FF;17/12/2025 10:26:48;FF_MATRIX;Tapia Diaz;Luis;;valle de la luna 711;S/N;;;COPIAPO;III REGION;CL;Tapia Diaz;Luis;;valle de la luna 711;;;;COPIAPO;III REGION;CL;21990;0;0;0;21990;0;CLP
000000560350;24275141401-A;17/12/2025 10:55:21;Recibido;18990;990;19980;3418;0.0000;15572;1;VESTIDO MUJER NICOPOLY ROJO TUBO CON STRASS;MPM10001849451-2;N05119DM;17/12/2025 10:55:21;4d_Retiro Tienda Ripley Crillon;ÑAñez;Creisy;;"Agustinas #1025 ";Piso -1. Modulo Retiro en Tienda;;;SANTIAGO;REG.METROPOLITANA;CL;ÑAñez;Creisy;;Serrano  62;;;;SANTIAGO;REG.METROPOLITANA;CL;18990;0;990;0;19980;0;CLP
000000560350;24275532901-A;17/12/2025 11:59:21;Recibido;9990;990;10980;1798;0.0000;8192;1;BODY TEXTURIZADO ACANALADO CELESTE NICOPOLY;MPM10001713155-2;N05003KL;17/12/2025 11:59:22;10d_Retiro Tienda Ripley Iquique;Cayo;Karen;;"Vivar 550 ";" 4to Piso. Servicio al Cliente";;;IQUIQUE;I REGION;CL;Cayo;Karen;;Matilla 3451;;;;IQUIQUE;I REGION;CL;9990;0;990;0;10980;0;CLP
000000560350;24275763301-A;17/12/2025 12:40:08;Recibido;29990;0;29990;5398;0.0000;24592;1;FULFILLMENT-BLAZER BASICO DE TOPE NEGRO NICOPOLY;MPM10002943911-2;N05301BS-7-FF;17/12/2025 12:40:09;FF_MATRIX_STS;Rojas Catalan;Katherine;;"Plaza Victoria 1646 ";" 4to Piso. Servicio al Cliente";;;VALPARAISO;V REGION;CL;Rojas Catalan;Katherine;;Monte Carlo Sn;;;;VALPARAISO;V REGION;CL;29990;0;0;0;29990;0;CLP
000000560350;24276083401-A;17/12/2025 13:29:38;Recibido;14990;0;14990;2698;0.0000;12292;1;BODY HALTER TIPO SATIN NEGRO NICOPOLY;MPM10001878231-2;N05047BM;17/12/2025 13:29:39;4d_Retiro Tienda Ripley Plaza Egaña;Gass;Rosemary;;"Larrain 5800 ";" 3er Piso. Modulo Retiro en Tienda";;;NUNOA;REG.METROPOLITANA;CL;Gass;Rosemary;;augusto villanueva 399;;;;NUNOA;REG.METROPOLITANA;CL;14990;0;0;0;14990;0;CLP
000000560350;24276388901-A;17/12/2025 14:21:41;Recibido;31990;990;32980;5758;0.0000;26232;1;TRENCH LAZO HEBILLA NEGRO NICOPOLY;MPM10002635819-1;N05182BL;17/12/2025 14:21:42;5d_Retiro Tienda Ripley Los Andes;Tobar;"Marcela ";;"Santa Teresita 683 ";2do Piso. Servicio al Cliente;;;LOS ANDES;V REGION;CL;"Diaz ";"Juan ";;San rafael  3995;;;;LOS ANDES;V REGION;CL;31990;0;990;0;32980;0;CLP
000000560350;24276514501-A;17/12/2025 14:42:25;Reembolsado;29990;0;29990;5398;0.0000;24592;1;FULFILLMENT-JEANS WIDE LEG BLANCOS NICOPOLY;MPM10002964101-1;N06137A38-FF;17/12/2025 14:42:26;FF_MATRIX;Diaz;Yohana;;Santa ines de Miraflores  8;S/N;;;COLINA;REG.METROPOLITANA;CL;Diaz;Yohana;;Santa ines de Miraflores  8;;;;COLINA;REG.METROPOLITANA;CL;29990;0;0;0;29990;0;CLP
000000560350;24276722601-A;17/12/2025 15:16:08;Recibido;39990;990;40980;7198;0.0000;32792;1;CHAQUETA MAO ECOCUERO GRIS NICOPOLY;MPM10001383858-3;N02106NS-4;17/12/2025 15:16:09;5d_Retiro Tienda Ripley El Trébol;Suazo;Olga;;"Avenida Jorge Alessandri 3177 ";" 3er Piso. Modulo Retiro en Tienda";;;TALCAHUANO;VIII REGION;CL;Suazo;Olga;;Calle 105 psje 9 1954;;;;TALCAHUANO;VIII REGION;CL;39990;0;990;0;40980;0;CLP
000000560350;24277229601-A;17/12/2025 16:38:20;Recibido;17990;990;18980;3238;0.0000;14752;1;FALDA MUJER NICOPOLY AZUL MEDIO DENIM TAJO FRONTAL;MPM10001465759-2;N04269KM;17/12/2025 16:38:21;4d_Retiro Tienda Ripley San Bernardo;Rojas;Margarita;;"Av. Pdte. Jorge Alessandri Rodríguez 20040, San Bernardo ";2do Piso. Modulo Retiro en Tienda;;;SN.BERNARDO;REG.METROPOLITANA;CL;Rojas;Margarita;;Domingo correa 290;;;;SN.BERNARDO;REG.METROPOLITANA;CL;17990;0;990;0;18980;0;CLP
000000560350;24277415302-A;17/12/2025 17:06:54;Recibido;27990;990;28980;5038;0.0000;22952;1;BLAZER MUJER NICOPOLY ROJO LAZO DELANTERO;MPM10002128976-3;N05276DS;17/12/2025 17:06:56;8d_Retiro Tienda Ripley Copiapo;"Campos ";"Grismeri ";;"Calle Maipu S/N, Copiapo ";" 2do Piso. Servicio al Cliente";;;COPIAPO;III REGION;CL;Seco Perez;"Victor ";;Copiapó, calle Jorge inostroza 18-69;;;;COPIAPO;III REGION;CL;27990;0;990;0;28980;0;CLP
000000560350;24277584701-A;17/12/2025 17:34:57;Recibido;9990;990;10980;1798;0.0000;8192;1;BODY TEXTURIZADO ACANALADO GRIS NICOPOLY;MPM10001713170-1;N05003IM;17/12/2025 17:34:58;4d_Retiro Tienda Ripley Plaza Egaña;Vargas;Pierina;;"Larrain 5800 ";" 3er Piso. Modulo Retiro en Tienda";;;NUNOA;REG.METROPOLITANA;CL;Vargas;Pierina;;Don camilo 3061;;;;NUNOA;REG.METROPOLITANA;CL;9990;0;990;0;10980;0;CLP
000000560350;24278114601-A;17/12/2025 19:00:28;Recibido;27990;0;27990;5038;0.0000;22952;1;FULFILLMENT-BLAZER BASICO DE TOPE BLANCO NICOPOLY;MPM10002943904-4;N05301AXL-FF;17/12/2025 19:00:28;FF_MATRIX_STS;Madrid;Maria Fernanda;;"Bernardo Ohiggins 701 ";" 3er Piso. Modulo Retiro en Tienda";;;SAN FERNANDO;VI REGION;CL;Madrid;Maria Fernanda;;Juan jimenez  371;;;;SAN FERNANDO;VI REGION;CL;27990;0;0;0;27990;0;CLP
000000560350;24278105101-A;17/12/2025 19:00:35;Recibido;14990;0;14990;2698;0.0000;12292;1;FULFILLMENT-CROP TOP ESPALDA ELASTICADA MAGENTA NICOPOLY;MPM10003037778-3;N10368ZM-4-FF;17/12/2025 19:00:36;FF_MATRIX_STS;Oliva Bogdanovic;Miljka;;"Larrain 5800 ";" 3er Piso. Modulo Retiro en Tienda";;;NUNOA;REG.METROPOLITANA;CL;Oliva Bogdanovic;Miljka;;paseo los arcos norte 366;;;;NUNOA;REG.METROPOLITANA;CL;14990;0;0;0;14990;0;CLP
000000560350;24278209201-A;17/12/2025 19:15:41;Recibido;15990;0;15990;2878;0.0000;13112;1;SWEATER BASICO PERLAS FUCSIA NICOPOLY;MPM10002842901-2;N03095SL-7;17/12/2025 19:15:43;5d_Retiro Tienda Ripley Viña del Mar Sucre;Apablaza;Carola;;"Sucre 290, Viña ";5to Piso. Modulo Retiro en Tienda;;;VI.A DEL MA;V REGION;CL;Apablaza;Carola;;Pasaje el Amanecer curauma 85;;;;VI.A DEL MA;V REGION;CL;15990;0;0;0;15990;0;CLP
000000560350;24278245601-A;17/12/2025 19:22:05;Recibido;23990;0;23990;4318;0.0000;19672;1;FULFILLMENT-VESTIDO SATINADO ESCOTE FRUNCIDO LILA NICOPOLY;MPM10003087992-1;N06164ZS-FF;17/12/2025 19:22:06;FF_MATRIX;Galaz;Alejandro;;Ejercito Libertador 560;217;;;SANTIAGO;REG.METROPOLITANA;CL;Galaz;Alejandro;;Ejercito Libertador 560;;;;SANTIAGO;REG.METROPOLITANA;CL;23990;0;0;0;23990;0;CLP
000000560350;24278932501-A;17/12/2025 21:20:17;Recibido;23990;495;24485;4318;0.0000;19672;1;TAPADO BASICO BOLSILLOS NEGRONICOPOLY;MPM10002635833-1;N05219BM;17/12/2025 21:20:18;5d_Retiro Tienda Ripley Viña del Mar Sucre;Eapinoza;Alida;;"Sucre 290, Viña ";5to Piso. Modulo Retiro en Tienda;;;VI.A DEL MA;V REGION;CL;Eapinoza;Alida;;El Roble 19, villa montes 19;;;;VI.A DEL MA;V REGION;CL;23990;0;495;0;24485;0;CLP
000000560350;24278932501-A;17/12/2025 21:20:17;Recibido;23990;495;24485;4318;0.0000;19672;1;TAPADO BASICO BOLSILLOS CAFE  NICOPOLY;MPM10002635857-1;N05219UM;17/12/2025 21:20:18;5d_Retiro Tienda Ripley Viña del Mar Sucre;Eapinoza;Alida;;"Sucre 290, Viña ";5to Piso. Modulo Retiro en Tienda;;;VI.A DEL MA;V REGION;CL;Eapinoza;Alida;;El Roble 19, villa montes 19;;;;VI.A DEL MA;V REGION;CL;23990;0;495;0;24485;0;CLP
000000560350;24279106601-A;17/12/2025 21:48:15;Recibido;19590;990;20580;3526;0.0000;16064;1;BLUSA BASICA BOTONERA INVISIBLE BLANCO NICOPOLY;MPM10001713145-4;N00089AXL-5;17/12/2025 21:48:16;10d_Retiro Tienda Ripley Portal Temuco;Huenupe;Karla;;"Avenida Alemania 0671 ";3er Piso, Modulo Retiro en Tienda;;;TEMUCO;IX REGION;CL;Huenupe;Karla;;Avenida Pedro de Valdivia 810;;;;TEMUCO;IX REGION;CL;19590;0;990;0;20580;0;CLP
000000560350;24279413001-A;17/12/2025 22:30:34;Reembolsado;35990;0;35990;6478;0.0000;29512;1;FULFILLMENT-ENTERITO EFECTO DOS PIEZAS MORADO NICOPOLY;MPM10003037764-3;N04018ZL-FF;17/12/2025 22:30:35;FF_MATRIX_STS;"Quezada ";Ange;;"Av. Americo Vespucio 399 ";" 2do Piso. Modulo Retiro en Tienda";;;MAIPU;REG.METROPOLITANA;CL;"Quezada ";Ange;;Millahue 342;;;;MAIPU;REG.METROPOLITANA;CL;35990;0;0;0;35990;0;CLP
000000560350;24279598401-A;17/12/2025 22:52:59;Recibido;38990;0;38990;7018;0.0000;31972;1;BLAZER BOLSILLOS CON SOLAPAS AZUL MEDIO NICOPOLY;MPM10001437599-2;N04260KM;17/12/2025 22:53:00;11d_Retiro Tienda Ripley Temuco;Candia Bravo;Miriam Carolina;;"Arturo Prat 656, Temuco ";2do Piso. Modulo Retiro en Tienda;;;TEMUCO;IX REGION;CL;Candia Bravo;Miriam Carolina;;Francisco Pizarro pasaje 1 476;;;;TEMUCO;IX REGION;CL;38990;0;0;0;38990;0;CLP
000000560350;24279691501-A;17/12/2025 23:04:27;Recibido;17490;990;18480;3148;0.0000;14342;1;BLUSA CUELLO V TIPO GASA CELESTE NICOPOLY;MPM10001752450-1;N04111KM-5;17/12/2025 23:04:28;5d_Retiro Tienda Ripley El Trébol;Morales;Nicolas;;"Avenida Jorge Alessandri 3177 ";" 3er Piso. Modulo Retiro en Tienda";;;TALCAHUANO;VIII REGION;CL;Morales;Nicolas;;Ramon carrasco 239;;;;TALCAHUANO;VIII REGION;CL;17490;0;990;0;18480;0;CLP
000000560350;24279745601-A;17/12/2025 23:17:50;Recibido;23190;0;23190;4174;0.0000;19016;1;FULFILLMENT-GILET BASICO CELESTE NICOPOLY;MPM10002943896-1;N04273KS-FF;17/12/2025 23:17:51;FF_MATRIX_STS;Toledo;Krishna;;"Avenida Alemania 0671 ";3er Piso, Modulo Retiro en Tienda;;;TEMUCO;IX REGION;CL;Toledo;Krishna;;Blanco encalada  938;;;;TEMUCO;IX REGION;CL;23190;0;0;0;23190;0;CLP
000000560350;24279871701-A;17/12/2025 23:26:41;Recibido;16490;990;17480;2968;0.0000;13522;1;VESTIDO MUJER NICOPOLY CAFÉ TIPO CAMISERO LEOPARD;MPM10001848651-2;N05123UL;17/12/2025 23:26:42;5d_Retiro Tienda Ripley Quilpué;Gonzalez Bobadilla;Mareth;;"Claudio Vicuña 992, Quilpue ";" 3er Piso. Modulo Retiro en Tienda";;;QUILPUE;V REGION;CL;Gonzalez Bobadilla;Mareth;;Romeral 316;;;;QUILPUE;V REGION;CL;16490;0;990;0;17480;0;CLP
000000560350;24280242901-A;18/12/2025 00:22:07;Reembolsado;18490;0;18490;3328;0.0000;15162;1;FULFILLMENT-BLUSA VUELOS MANGA LARGA NEGRO;MPM10002943905-1;N06067BS-FF;18/12/2025 00:22:08;FF_MATRIX;Abarca;Adela;;La invernada 1;158;;;MOSTAZAL;VI REGION;CL;Abarca;Adela;;La invernada 1;;;;MOSTAZAL;VI REGION;CL;18490;0;0;0;18490;0;CLP
000000560350;24280655401-A;18/12/2025 03:03:25;Recibido;27990;0;27990;5038;0.0000;22952;1;FULFILLMENT-BLAZER BASICO DE TOPE BLANCO NICOPOLY;MPM10002943904-4;N05301AXL-FF;18/12/2025 03:03:26;FF_MATRIX;Gonzalez Plaza;Rosa Yolanda;;colinas del mar isla lenox 551;casa;;;QUINTERO;V REGION;CL;Gonzalez Plaza;Rosa Yolanda;;colinas del mar isla lenox 551;;;;QUINTERO;V REGION;CL;27990;0;0;0;27990;0;CLP
000000560350;24280655401-A;18/12/2025 03:03:25;Recibido;27990;0;27990;5038;0.0000;22952;1;FULFILLMENT-BLAZER BASICO DE TOPE AZUL NICOPOLY;MPM10002943897-3;N05301KXL-FF;18/12/2025 03:03:26;FF_MATRIX;Gonzalez Plaza;Rosa Yolanda;;colinas del mar isla lenox 551;casa;;;QUINTERO;V REGION;CL;Gonzalez Plaza;Rosa Yolanda;;colinas del mar isla lenox 551;;;;QUINTERO;V REGION;CL;27990;0;0;0;27990;0;CLP
000000560350;24280772901-A;18/12/2025 07:36:13;Recibido;32990;141;33131;5938;0.0000;27052;1;ENTERITO EFECTO DOS PIEZAS MORADO NICOPOLY;MPM10003031554-2;N04018ZS;18/12/2025 07:36:15;4d_Retiro Tienda Ripley Huechuraba;Allen;Ximena Elizabeth;;"Av. Americo Vespucio Norte 1737 ";" 2do Piso. Modulo Retiro en Tienda";;;HUECHURABA;REG.METROPOLITANA;CL;Allen;Ximena Elizabeth;;Hector mendez alarcon 24;;;;HUECHURABA;REG.METROPOLITANA;CL;32990;0;141;0;33131;0;CLP
000000560350;24280772901-A;18/12/2025 07:36:13;Recibido;26990;141;27131;4858;0.0000;22132;1;PANTALÓN PALAZZO MUJER NICOPOLY VERDE TAJOS;MPM10001503443-3;N10369ES-4;18/12/2025 07:36:15;4d_Retiro Tienda Ripley Huechuraba;Allen;Ximena Elizabeth;;"Av. Americo Vespucio Norte 1737 ";" 2do Piso. Modulo Retiro en Tienda";;;HUECHURABA;REG.METROPOLITANA;CL;Allen;Ximena Elizabeth;;Hector mendez alarcon 24;;;;HUECHURABA;REG.METROPOLITANA;CL;26990;0;141;0;27131;0;CLP
000000560350;24280772901-A;18/12/2025 07:36:13;Recibido;26990;141;27131;4858;0.0000;22132;1;PANTALÓN PALAZZO MUJER NICOPOLY NEGRO TAJOS;MPM10001503453-3;N10369BS-4;18/12/2025 07:36:15;4d_Retiro Tienda Ripley Huechuraba;Allen;Ximena Elizabeth;;"Av. Americo Vespucio Norte 1737 ";" 2do Piso. Modulo Retiro en Tienda";;;HUECHURABA;REG.METROPOLITANA;CL;Allen;Ximena Elizabeth;;Hector mendez alarcon 24;;;;HUECHURABA;REG.METROPOLITANA;CL;26990;0;141;0;27131;0;CLP
000000560350;24280772901-A;18/12/2025 07:36:13;Recibido;35990;141;36131;6478;0.0000;29512;1;ENTERITO HALTER CON CINTURON LAZO FUCSIA NICOPOLY;MPM10001752465-2;N05036SS;18/12/2025 07:36:15;4d_Retiro Tienda Ripley Huechuraba;Allen;Ximena Elizabeth;;"Av. Americo Vespucio Norte 1737 ";" 2do Piso. Modulo Retiro en Tienda";;;HUECHURABA;REG.METROPOLITANA;CL;Allen;Ximena Elizabeth;;Hector mendez alarcon 24;;;;HUECHURABA;REG.METROPOLITANA;CL;35990;0;141;0;36131;0;CLP
000000560350;24280772901-A;18/12/2025 07:36:13;Recibido;35990;141;36131;6478;0.0000;29512;1;ENTERITO HALTER CON CINTURON LAZO VERDE PETROLEO NICOPOLY;MPM10001752509-2;N05036ES;18/12/2025 07:36:15;4d_Retiro Tienda Ripley Huechuraba;Allen;Ximena Elizabeth;;"Av. Americo Vespucio Norte 1737 ";" 2do Piso. Modulo Retiro en Tienda";;;HUECHURABA;REG.METROPOLITANA;CL;Allen;Ximena Elizabeth;;Hector mendez alarcon 24;;;;HUECHURABA;REG.METROPOLITANA;CL;35990;0;141;0;36131;0;CLP
000000560350;24280772901-A;18/12/2025 07:36:13;Recibido;14990;141;15131;2698;0.0000;12292;1;CROP TOP ESPALDA ELASTICADA NEGRA NICOPOLY;MPM10001503464-4;N10368BS-4;18/12/2025 07:36:15;4d_Retiro Tienda Ripley Huechuraba;Allen;Ximena Elizabeth;;"Av. Americo Vespucio Norte 1737 ";" 2do Piso. Modulo Retiro en Tienda";;;HUECHURABA;REG.METROPOLITANA;CL;Allen;Ximena Elizabeth;;Hector mendez alarcon 24;;;;HUECHURABA;REG.METROPOLITANA;CL;14990;0;141;0;15131;0;CLP
000000560350;24280772901-A;18/12/2025 07:36:13;Recibido;26990;141;27131;4858;0.0000;22132;1;PANTALÓN PALAZZO MUJER NICOPOLY MAGENTA TAJOS;MPM10001503442-4;N10369ZS-4;18/12/2025 07:36:15;4d_Retiro Tienda Ripley Huechuraba;Allen;Ximena Elizabeth;;"Av. Americo Vespucio Norte 1737 ";" 2do Piso. Modulo Retiro en Tienda";;;HUECHURABA;REG.METROPOLITANA;CL;Allen;Ximena Elizabeth;;Hector mendez alarcon 24;;;;HUECHURABA;REG.METROPOLITANA;CL;26990;0;141;0;27131;0;CLP
000000560350;24280772902-A;18/12/2025 07:36:14;Recibido;14990;0;14990;2698;0.0000;12292;1;FULFILLMENT-CROP TOP ESPALDA ELASTICADA MAGENTA NICOPOLY;MPM10003037778-1;N10368ZS-4-FF;18/12/2025 07:36:15;FF_MATRIX_STS;Allen;Ximena Elizabeth;;"Av. Americo Vespucio Norte 1737 ";" 2do Piso. Modulo Retiro en Tienda";;;HUECHURABA;REG.METROPOLITANA;CL;Allen;Ximena Elizabeth;;Hector mendez alarcon 24;;;;HUECHURABA;REG.METROPOLITANA;CL;14990;0;0;0;14990;0;CLP
000000560350;24280772902-A;18/12/2025 07:36:14;Reembolsado;14990;0;14990;2698;0.0000;12292;1;FULFILLMENT-CROP TOP ESPALDA ELASTICADA VERDE NICOPOLY;MPM10003037773-2;N10368ES-4-FF;18/12/2025 07:36:15;FF_MATRIX_STS;Allen;Ximena Elizabeth;;"Av. Americo Vespucio Norte 1737 ";" 2do Piso. Modulo Retiro en Tienda";;;HUECHURABA;REG.METROPOLITANA;CL;Allen;Ximena Elizabeth;;Hector mendez alarcon 24;;;;HUECHURABA;REG.METROPOLITANA;CL;14990;0;0;0;14990;0;CLP
000000560350;24280864801-A;18/12/2025 08:30:31;Recibido;25990;990;26980;4678;0.0000;21312;1;VESTIDO CORTO FLORAL CON VUELOS CRUZADOS FUCSIA NICOPOLY;MPM10003037830-3;N06163BM;18/12/2025 08:30:31;5d_Retiro Tienda Ripley Los Ángeles;Diaz;Yuyuniss;;"Valdivia 440, Los Angeles ";" 3er Piso. Servicio al Cliente";;;LOS ANGELES;VIII REGION;CL;Diaz;Yuyuniss;;Nueva costanera  1288;;;;LOS ANGELES;VIII REGION;CL;25990;0;990;0;26980;0;CLP
000000560350;24280875901-A;18/12/2025 08:32:42;Recibido;25990;0;25990;4678;0.0000;21312;1;FULFILLMENT-JEANS BASICO RECTO AZUL MARINO NICOPOLY;MPM10002943920-1;N05325C42-FF;18/12/2025 08:32:43;FF_MATRIX;Kasis Ramirez;Caroll Andrea;;poblacion independencia 509;Casa;;;LIMACHE;V REGION;CL;Kasis Ramirez;Caroll Andrea;;poblacion independencia 509;;;;LIMACHE;V REGION;CL;25990;0;0;0;25990;0;CLP
000000560350;24280889401-A;18/12/2025 08:39:19;Reembolsado;20990;990;21980;3778;0.0000;17212;1;PANTALÓN MUJER NICOPOLY ROJO TIRO ALTO BÁSICO;MPM10001752474-2;N10373DM-5;18/12/2025 08:39:20;4d_Retiro Tienda Ripley Arauco Maipu;Hevia;Valentina;;"Av. Americo Vespucio 399 ";" 2do Piso. Modulo Retiro en Tienda";;;MAIPU;REG.METROPOLITANA;CL;Hevia;Valentina;;Buenaventura 3220;;;;MAIPU;REG.METROPOLITANA;CL;20990;0;990;0;21980;0;CLP
000000560350;24280908601-A;18/12/2025 08:45:26;Reembolsado;27990;0;27990;5038;0.0000;22952;1;FULFILLMENT-BLAZER BASICO DE TOPE BLANCO NICOPOLY;MPM10002943904-3;N05301AXXL-FF;18/12/2025 08:45:28;FF_MATRIX;Torres;Isabel;;Pasaje volcán paulet  3787;S/N;;;PUENTE ALTO;REG.METROPOLITANA;CL;Torres;Isabel;;Pasaje volcán paulet  3787;;;;PUENTE ALTO;REG.METROPOLITANA;CL;27990;0;0;0;27990;0;CLP
000000560350;24281219701-A;18/12/2025 10:08:57;Recibido;27990;990;28980;5038;0.0000;22952;1;BLAZER MUJER NICOPOLY ROJO LAZO DELANTERO;MPM10002128976-3;N05276DS;18/12/2025 10:08:58;4d_Retiro Tienda Ripley Huechuraba;"Mellado ";"Marco ";;"Av. Americo Vespucio Norte 1737 ";" 2do Piso. Modulo Retiro en Tienda";;;HUECHURABA;REG.METROPOLITANA;CL;Orellana;Soledad;;Marchant Pereira 1795;;;;HUECHURABA;REG.METROPOLITANA;CL;27990;0;990;0;28980;0;CLP
000000560350;24281295501-A;18/12/2025 10:25:57;Recibido;14990;3990;18980;2698;0.0000;12292;1;BODY HALTER TIPO SATIN NEGRO NICOPOLY;MPM10001878231-3;N05047BL;18/12/2025 10:25:58;Flujo Crossdock- Ripley PAQ;Cuevas;Javiera;;Alonso de Córdova 5045;506;;;LAS CONDES;REG.METROPOLITANA;CL;Cuevas;Javiera;;Alonso de Córdova 5045;;;;LAS CONDES;REG.METROPOLITANA;CL;14990;0;3990;0;18980;0;CLP
000000560350;24281427501-A;18/12/2025 10:53:05;Recibido;26990;0;26990;4858;0.0000;22132;1;FULFILLMENT-PANTALON MUJER NICOPOLY BLANCO CON PINZAS RECTO;MPM10002943927-3;N04277AM-5-FF;18/12/2025 10:53:06;FF_MATRIX;Oyarzun;Constanza;;PASAJE SUR 3 1231;CASA;;;COYHAIQUE;XI REGION;CL;Oyarzun;Constanza;;PASAJE SUR 3 1231;;;;COYHAIQUE;XI REGION;CL;26990;0;0;0;26990;0;CLP
000000560350;24281427501-A;18/12/2025 10:53:05;Recibido;26990;0;26990;4858;0.0000;22132;1;FULFILLMENT-PANTALON DE PIERNA RECTA RAYA DIPLOMATICA CELESTE NICOPOLY;MPM10002952986-2;N06041KM-FF;18/12/2025 10:53:06;FF_MATRIX;Oyarzun;Constanza;;PASAJE SUR 3 1231;CASA;;;COYHAIQUE;XI REGION;CL;Oyarzun;Constanza;;PASAJE SUR 3 1231;;;;COYHAIQUE;XI REGION;CL;26990;0;0;0;26990;0;CLP
000000560350;24281914301-A;18/12/2025 12:19:35;Recibido;9990;2745;12735;1798;0.0000;8192;1;CROP TOP JASPEADO BLANCO NICOPOLY;MPM10001849445-3;N05021AM;18/12/2025 12:19:36;Flujo Crossdock- Ripley PAQ;Fuentes Ramirez;Karen;;Armijo 217;parcela23;;;I. DE MAIPO;REG.METROPOLITANA;CL;Fuentes Ramirez;Karen;;Armijo 217;;;;I. DE MAIPO;REG.METROPOLITANA;CL;9990;0;2745;0;12735;0;CLP
000000560350;24281914301-A;18/12/2025 12:19:35;Recibido;9990;2745;12735;1798;0.0000;8192;1;CROP TOP JASPEADO ROSADO NICOPOLY;MPM10001849456-2;N05021HM;18/12/2025 12:19:36;Flujo Crossdock- Ripley PAQ;Fuentes Ramirez;Karen;;Armijo 217;parcela23;;;I. DE MAIPO;REG.METROPOLITANA;CL;Fuentes Ramirez;Karen;;Armijo 217;;;;I. DE MAIPO;REG.METROPOLITANA;CL;9990;0;2745;0;12735;0;CLP
000000560350;24282100001-A;18/12/2025 12:49:57;Recibido;27990;990;28980;5038;0.0000;22952;1;VESTIDO CINTURA ELASTICADA FLORES NARANJA NICOPOLY;MPM10003032291-2;N06162RM;18/12/2025 12:49:59;4d_Retiro Tienda Ripley Florida Center;Jimenez;Ariel;;"Vicuña Mackenna Oriente 6100, La Florida ";3er Piso. Modulo Retiro en Tienda;;;LA FLORIDA;REG.METROPOLITANA;CL;Jimenez;Ariel;;Sexta Avenida 1340;;;;LA FLORIDA;REG.METROPOLITANA;CL;27990;0;990;0;28980;0;CLP
000000560350;24282432001-A;18/12/2025 13:45:49;Recibido;25990;0;25990;4678;0.0000;21312;1;VESTIDO CINTURA ELASTICADA FLORES NARANJA NICOPOLY;MPM10003032291-3;N06162RS;18/12/2025 13:45:49;Flujo Crossdock- Ripley PAQ;Montes Agreda;Ebersh Segundo;;Capitanía General 6241;Casa;;;HUECHURABA;REG.METROPOLITANA;CL;Montes Agreda;Ebersh Segundo;;Capitanía General 6241;;;;HUECHURABA;REG.METROPOLITANA;CL;25990;0;0;0;25990;0;CLP
000000560350;24282662801-A;18/12/2025 14:26:55;Recibido;34990;990;35980;6298;0.0000;28692;1;ENTERITO MUJER NICOPOLY ACERO CUT OUT ESCOTE AZUL;MPM10002122128-1;N05303CM;18/12/2025 14:26:56;5d_Retiro Tienda Ripley Rancagua;Moscoso;Pamela;;"José Domingo Mujica 490 ";" 3er Piso. Modulo Retiro en Tienda";;;RANCAGUA;VI REGION;CL;Moscoso;Pamela;;Avenida provincial 3013;;;;RANCAGUA;VI REGION;CL;34990;0;990;0;35980;0;CLP
000000560350;24282834401-A;18/12/2025 14:55:35;Recibido;18490;3980;22470;3328;0.0000;15162;1;CAMISA BOTONERA ESPALDA BLANCO NICOPOLY;MPM10002952057-1;N06132AL;18/12/2025 14:55:36;Flujo Crossdock- Ripley PAQ;Sandoval;Karina;;Santa Magdalena 68;608;;;PROVIDENCIA;REG.METROPOLITANA;CL;Sandoval;Karina;;Santa Magdalena 68;;;;PROVIDENCIA;REG.METROPOLITANA;CL;18490;0;3980;0;22470;0;CLP
000000560350;24282929301-A;18/12/2025 15:11:31;Recibido;29990;1990;31980;5398;0.0000;24592;1;BLAZER MUJER NICOPOLY NEGRO LAZO DELANTERO;MPM10002128962-2;N05276BM;18/12/2025 15:11:32;Flujo Crossdock- Ripley PAQ;Figueroa;Antonio;;Valencia 1975;S/N;;;SP D LA PAZ;VIII REGION;CL;Figueroa;Antonio;;Valencia 1975;;;;SP D LA PAZ;VIII REGION;CL;29990;0;1990;0;31980;0;CLP
000000560350;24282982601-A;18/12/2025 15:19:17;Recibido;27990;330;28320;5038;0.0000;22952;1;BLAZER BASICO DE TOPE ROJO NICOPOLY;MPM10002843023-2;N05301DS-7;18/12/2025 15:19:18;4d_Retiro Tienda Ripley Plaza Egaña;Peralta;Geraldine;;"Larrain 5800 ";" 3er Piso. Modulo Retiro en Tienda";;;NUNOA;REG.METROPOLITANA;CL;Peralta;Daniela;;Januario Espinoza  7260;;;;NUNOA;REG.METROPOLITANA;CL;27990;0;330;0;28320;0;CLP
000000560350;24282982601-A;18/12/2025 15:19:17;Recibido;20990;330;21320;3778;0.0000;17212;1;GILET BASICO AJUSTABLE ROJO NICOPOLY;MPM10002842897-3;N04273DS-7;18/12/2025 15:19:18;4d_Retiro Tienda Ripley Plaza Egaña;Peralta;Geraldine;;"Larrain 5800 ";" 3er Piso. Modulo Retiro en Tienda";;;NUNOA;REG.METROPOLITANA;CL;Peralta;Daniela;;Januario Espinoza  7260;;;;NUNOA;REG.METROPOLITANA;CL;20990;0;330;0;21320;0;CLP
000000560350;24282982601-A;18/12/2025 15:19:17;Recibido;16990;330;17320;3058;0.0000;13932;1;SHORT MUJER NICOPOLY ROJO BÁSICO TIRO ALTO;MPM10002122142-2;N05260DS;18/12/2025 15:19:18;4d_Retiro Tienda Ripley Plaza Egaña;Peralta;Geraldine;;"Larrain 5800 ";" 3er Piso. Modulo Retiro en Tienda";;;NUNOA;REG.METROPOLITANA;CL;Peralta;Daniela;;Januario Espinoza  7260;;;;NUNOA;REG.METROPOLITANA;CL;16990;0;330;0;17320;0;CLP
000000560350;24283213001-A;18/12/2025 16:01:22;Recibido;29990;5990;35980;5398;0.0000;24592;1;BLAZER BASICO DE TOPE KHAKI NICOPOLY;MPM10002843022-4;N05301LL-7;18/12/2025 16:01:23;Flujo Crossdock- Ripley PAQ;Soto;"Karen ";;Villa los aromos 1241;Casa;;;SAN JAVIER;VII REGION;CL;Soto;"Karen ";;Villa los aromos 1241;;;;SAN JAVIER;VII REGION;CL;29990;0;5990;0;35980;0;CLP
000000560350;24283285801-A;18/12/2025 16:06:09;Recibido;24990;0;24990;4498;0.0000;20492;1;FULFILLMENT-PANTALON MUJER NICOPOLY BLANCO CON PINZAS RECTO;MPM10002943927-1;N04277AS-5-FF;18/12/2025 16:06:10;FF_MATRIX_STS;Lopez;Luis;;"Larrain 5800 ";" 3er Piso. Modulo Retiro en Tienda";;;NUNOA;REG.METROPOLITANA;CL;Lopez;Luis;;pje ensenada 6841;;;;NUNOA;REG.METROPOLITANA;CL;24990;0;0;0;24990;0;CLP
000000560350;24283620401-A;18/12/2025 17:03:18;Recibido;26990;3980;30970;4858;0.0000;22132;1;PANTALÓN PALAZZO MUJER NICOPOLY NEGRO TAJOS;MPM10001503453-2;N10369BL-4;18/12/2025 17:03:19;Flujo Crossdock- Ripley PAQ;Alarcon;Marcela;;el Petrel 8295;villaFlorilana;;;LA FLORIDA;REG.METROPOLITANA;CL;Alarcon;Marcela;;el Petrel 8295;;;;LA FLORIDA;REG.METROPOLITANA;CL;26990;0;3980;0;30970;0;CLP
000000560350;24283830901-A;18/12/2025 17:45:41;Recibido;12990;4990;17980;2338;0.0000;10652;1;BLUSA MANGAS VUELOS NEGRO NICOPOLY;MPM10001856360-2;N00312BM-5;18/12/2025 17:45:43;Flujo Crossdock- Ripley PAQ;Navarro;Jessica;;El Pellin  1413;S/N;;;LAMPA;REG.METROPOLITANA;CL;Navarro;Jessica;;El Pellin  1413;;;;LAMPA;REG.METROPOLITANA;CL;12990;0;4990;0;17980;0;CLP
000000560350;24283958901-A;18/12/2025 18:08:53;Recibido;19990;4990;24980;3598;0.0000;16392;1;GILET LARGO CON BOTONES CAFE;MPM10002910425-2;N06135UM;18/12/2025 18:08:54;Flujo Crossdock- Ripley PAQ;Gomez;Veronica;;"El chañar 585 ";"Balmaceda oriente entre larrain/pampa baja ";;;LA SERENA;IV REGION;CL;Gomez;Veronica;;"El chañar 585 ";;;;LA SERENA;IV REGION;CL;19990;0;4990;0;24980;0;CLP
000000560350;24284198101-A;18/12/2025 18:55:01;Recibido;29990;0;29990;5398;0.0000;24592;1;FULFILLMENT-BLAZER BASICO DE TOPE ROSADO NICOPOLY;MPM10002943894-2;N05301HL-FF;18/12/2025 18:55:02;FF_MATRIX;Gonzalez;Alfredo;;Munich 3960;Casa;;;HUALPEN;VIII REGION;CL;Gonzalez;Alfredo;;Munich 3960;;;;HUALPEN;VIII REGION;CL;29990;0;0;0;29990;0;CLP
000000560350;24284355001-A;18/12/2025 19:25:30;Recibido;26990;3990;30980;4858;0.0000;22132;1;VESTIDO ASIME TRICO FLORAL VERDE NICOPOLY;MPM10003037797-1;N06173EXL;18/12/2025 19:25:31;Flujo Crossdock- Ripley PAQ;Niño;Josse;;Marchant pereira 3361;901;;;NUNOA;REG.METROPOLITANA;CL;Niño;Josse;;Marchant pereira 3361;;;;NUNOA;REG.METROPOLITANA;CL;26990;0;3990;0;30980;0;CLP
000000560350;24284459401-A;18/12/2025 19:44:13;Recibido;25990;3990;29980;4678;0.0000;21312;1;VESTIDO CINTURA ELASTICADA FLORES NARANJA NICOPOLY;MPM10003032291-2;N06162RM;18/12/2025 19:44:15;Flujo Crossdock- Ripley PAQ;Vasquez;Loredana;;Nueva dos sur 1099-30 30;Casa;;;PUDAHUEL;REG.METROPOLITANA;CL;Vasquez;Loredana;;Nueva dos sur 1099-30 30;;;;PUDAHUEL;REG.METROPOLITANA;CL;25990;0;3990;0;29980;0;CLP
000000560350;24284702501-A;18/12/2025 20:28:33;Recibido;39990;3990;43980;7198;0.0000;32792;1;BLAZER DE TOPE MANGA 3/4 RECOGIDA ROJO NICOPOLY;MPM10002842868-2;N03049DM-7;18/12/2025 20:28:34;Flujo Crossdock- Ripley PAQ;Hernandez;Carolina;;" san francisco pje el tranque COMALLE 0";S/N;;;TENO;VII REGION;CL;Hernandez;Carolina;;" san francisco pje el tranque COMALLE 0";;;;TENO;VII REGION;CL;39990;0;3990;0;43980;0;CLP
000000560350;24284835401-A;18/12/2025 20:49:50;Recibido;19990;990;20980;3598;0.0000;16392;1;GILET LARGO CON BOTONES BLANCO;MPM10002910437-3;N06135AS;18/12/2025 20:49:51;5d_Retiro Tienda Ripley Viña del Mar Sucre;Hidalgo Fravega;Denise;;"Sucre 290, Viña ";5to Piso. Modulo Retiro en Tienda;;;VI.A DEL MA;V REGION;CL;Hidalgo Fravega;Denise;;Quinta 231;;;;VI.A DEL MA;V REGION;CL;19990;0;990;0;20980;0;CLP
000000560350;24284827401-A;18/12/2025 20:50:25;Reembolsado;36790;0;36790;6622;0.0000;30168;1;FULFILLMENT-ENTERITO EFECTO 2 PIEZAS NEGRO NICOPOLY;MPM10003037759-1;N04018BM-FF;18/12/2025 20:50:26;FF_MATRIX;Jimenez;Katherine;;Don orione 7045;casa;;;CERRILLOS;REG.METROPOLITANA;CL;Jimenez;Katherine;;Don orione 7045;;;;CERRILLOS;REG.METROPOLITANA;CL;36790;0;0;0;36790;0;CLP
000000560350;24285225101-A;18/12/2025 21:57:42;Reembolsado;23190;0;23190;4174;0.0000;19016;1;FULFILLMENT-GILET BASICO CELESTE NICOPOLY;MPM10002943896-1;N04273KS-FF;18/12/2025 21:57:43;FF_MATRIX;Cornejo;Carlos;;los franciscanos 1529;casaA;;;CHILLAN;VIII REGION;CL;Cornejo;Carlos;;los franciscanos 1529;;;;CHILLAN;VIII REGION;CL;23190;0;0;0;23190;0;CLP
000000560350;24285372401-A;18/12/2025 22:20:26;Recibido;25990;0;25990;4678;0.0000;21312;1;VESTIDO CINTURA ELASTICADA FLORES NARANJA NICOPOLY;MPM10003032291-1;N06162RL;18/12/2025 22:20:27;4d_Retiro Tienda Ripley Plaza Egaña;Fuentealba;Mariela;;"Larrain 5800 ";" 3er Piso. Modulo Retiro en Tienda";;;NUNOA;REG.METROPOLITANA;CL;Fuentealba;Mariela;;Alcalde Jorge monckeberg  132;;;;NUNOA;REG.METROPOLITANA;CL;25990;0;0;0;25990;0;CLP
000000560350;24285491702-A;18/12/2025 22:39:26;Recibido;26990;3196;30186;4858;0.0000;22132;1;VESTIDO ASIME TRICO FLORAL VERDE NICOPOLY;MPM10003037797-1;N06173EXL;18/12/2025 22:39:27;Flujo Crossdock- Ripley PAQ;Fuentealba;Rocio;;República 28 colegio instituto parral 28;28;;;PARRAL;VII REGION;CL;Fuentealba;Rocio;;República 28 colegio instituto parral 28;;;;PARRAL;VII REGION;CL;26990;0;3196;0;30186;0;CLP
000000560350;24285491702-A;18/12/2025 22:39:26;Recibido;32990;3196;36186;5938;0.0000;27052;1;VESTIDO FLORAL VOLANTES CELESTE NICOPOLY;MPM10003037326-3;N06171KL;18/12/2025 22:39:27;Flujo Crossdock- Ripley PAQ;Fuentealba;Rocio;;República 28 colegio instituto parral 28;28;;;PARRAL;VII REGION;CL;Fuentealba;Rocio;;República 28 colegio instituto parral 28;;;;PARRAL;VII REGION;CL;32990;0;3196;0;36186;0;CLP
000000560350;24285491702-A;18/12/2025 22:39:26;Recibido;25990;3196;29186;4678;0.0000;21312;1;VESTIDO CORTO FLORAL CON VUELOS CRUZADOS FUCSIA NICOPOLY;MPM10003037830-4;N06163BXL;18/12/2025 22:39:27;Flujo Crossdock- Ripley PAQ;Fuentealba;Rocio;;República 28 colegio instituto parral 28;28;;;PARRAL;VII REGION;CL;Fuentealba;Rocio;;República 28 colegio instituto parral 28;;;;PARRAL;VII REGION;CL;25990;0;3196;0;29186;0;CLP
000000560350;24285899301-A;18/12/2025 23:35:05;Recibido;16490;0;16490;2968;0.0000;13522;1;VESTIDO MUJER NICOPOLY CAFÉ TIPO CAMISERO LEOPARD;MPM10001848651-4;N05123UM;18/12/2025 23:35:06;Flujo Crossdock- Ripley PAQ;Caicoretamal;Ximenasoledad;;Los notros 1565;S/N;;;PTO.MONTT;X REGION;CL;Caicoretamal;Ximenasoledad;;Los notros 1565;;;;PTO.MONTT;X REGION;CL;16490;0;0;0;16490;0;CLP
000000560350;24285913901-A;18/12/2025 23:38:12;Recibido;24990;495;25485;4498;0.0000;20492;1;VESTIDO TIPO SATIN FLOREADO ROSADO NICOPOLY;MPM10003037324-2;N06159HS;18/12/2025 23:38:13;4d_Retiro Tienda Ripley Plaza Vespucio;Pabst Martinez;Constanza;;"Av. Vicuña Mackenna Ote. 7110, La Florida ";3er Piso. Modulo Retiro en Tienda;;;LA FLORIDA;REG.METROPOLITANA;CL;Pabst Martinez;Constanza;;Rucaray 9783;;;;LA FLORIDA;REG.METROPOLITANA;CL;24990;0;495;0;25485;0;CLP
000000560350;24285913901-A;18/12/2025 23:38:12;Recibido;25990;495;26485;4678;0.0000;21312;1;VESTIDO SATINADO ESCOTE FRUNCIDO LILA NICOPOLY;MPM10003037325-2;N06164ZS;18/12/2025 23:38:13;4d_Retiro Tienda Ripley Plaza Vespucio;Pabst Martinez;Constanza;;"Av. Vicuña Mackenna Ote. 7110, La Florida ";3er Piso. Modulo Retiro en Tienda;;;LA FLORIDA;REG.METROPOLITANA;CL;Pabst Martinez;Constanza;;Rucaray 9783;;;;LA FLORIDA;REG.METROPOLITANA;CL;25990;0;495;0;26485;0;CLP
000000560350;24286217001-A;19/12/2025 00:29:29;Recibido;31990;0;31990;5758;0.0000;26232;1;BLAZER MUJER NICOPOLY NEGRO CUELLO MAO;MPM10002160484-3;N00156BS-6;19/12/2025 00:29:31;5d_Retiro Tienda Ripley Mall Concepción;Mendez;Silvina;;"Barros Arana 1068, Concepcion ";" 3er Piso. Modulo Retiro en Tienda";;;CONCEPCION;VIII REGION;CL;Mendez;Silvina;;Ongolmo  1395;;;;CONCEPCION;VIII REGION;CL;31990;0;0;0;31990;0;CLP
000000560350;24286250502-A;19/12/2025 00:39:04;Recibido;29990;970;30960;5398;0.0000;24592;1;VESTIDO ALGODÓN MUJER NICOPOLY CAFÉ SAFARI CUELLO CAMISERO;MPM10002122834-1;N05268LS;19/12/2025 00:39:06;Flujo Crossdock- Ripley PAQ;Riveros Gonzalez;Evelyn Damaris;;Rosa Ester  03751;Casa 35;;;PUENTE ALTO;REG.METROPOLITANA;CL;Riveros Gonzalez;Evelyn Damaris;;Rosa Ester  03751;;;;PUENTE ALTO;REG.METROPOLITANA;CL;29990;0;970;0;30960;0;CLP
000000560350;24286414701-A;19/12/2025 01:33:40;Recibido;29990;0;29990;5398;0.0000;24592;1;BLAZER MUJER NICOPOLY NEGRO LAZO DELANTERO;MPM10002128962-3;N05276BS;19/12/2025 01:33:41;4d_Retiro Tienda Ripley Tobalaba;"Espinoza Rivas ";Araceli Alejandra;;"Av. Camilo Henríquez 3296, Puente Alto ";2do Piso. Modulo Retiro en Tienda;;;PUENTE ALTO;REG.METROPOLITANA;CL;"Espinoza Rivas ";Araceli Alejandra;;Av. Troncal San Francisco 2140 Casa 89;;;;PUENTE ALTO;REG.METROPOLITANA;CL;29990;0;0;0;29990;0;CLP
000000560350;24286549501-A;19/12/2025 04:25:56;Recibido;39990;0;39990;7198;0.0000;32792;1;BLAZER DE TOPE MANGA 3/4 RECOGIDA CELESTE NICOPOLY;MPM10002842900-1;N03049CM-7;19/12/2025 04:25:58;4d_Retiro Tienda Ripley Tobalaba;Acevedo;Romina;;"Av. Camilo Henríquez 3296, Puente Alto ";2do Piso. Modulo Retiro en Tienda;;;PUENTE ALTO;REG.METROPOLITANA;CL;Acevedo;Romina;;Avenida Eyzaguirre 3486;;;;PUENTE ALTO;REG.METROPOLITANA;CL;39990;0;0;0;39990;0;CLP
000000560350;24286685201-A;19/12/2025 08:07:52;Reembolsado;29990;0;29990;5398;0.0000;24592;1;VESTIDO ALGODÓN MUJER NICOPOLY CAFÉ SAFARI CUELLO CAMISERO;MPM10002122834-2;N05268LM;19/12/2025 08:07:54;4d_Retiro Tienda Ripley Huechuraba;Raidi;"Jos Miguel ";;"Av. Americo Vespucio Norte 1737 ";" 2do Piso. Modulo Retiro en Tienda";;;HUECHURABA;REG.METROPOLITANA;CL;Raidi;"Jos Miguel ";;Altos del parque poniente 8101;;;;HUECHURABA;REG.METROPOLITANA;CL;29990;0;0;0;29990;0;CLP
000000560350;24286685201-A;19/12/2025 08:07:52;Recibido;27990;0;27990;5038;0.0000;22952;1;BLAZER MUJER NICOPOLY NEGRO LAZO DELANTERO;MPM10002128962-2;N05276BM;19/12/2025 08:07:54;4d_Retiro Tienda Ripley Huechuraba;Raidi;"Jos Miguel ";;"Av. Americo Vespucio Norte 1737 ";" 2do Piso. Modulo Retiro en Tienda";;;HUECHURABA;REG.METROPOLITANA;CL;Raidi;"Jos Miguel ";;Altos del parque poniente 8101;;;;HUECHURABA;REG.METROPOLITANA;CL;27990;0;0;0;27990;0;CLP
000000560350;24286738201-A;19/12/2025 08:36:52;Recibido;26990;0;26990;4858;0.0000;22132;1;FULFILLMENT-PANTALON PALAZZO MUJER NICOPOLY MAGENTA TAJOS;MPM10003037770-2;N10369ZL-4-FF;19/12/2025 08:36:54;FF_MATRIX;Mariangel Cerda;José Alfonso;;Maturana 711;Casa;;;VICTORIA;IX REGION;CL;Mariangel Cerda;José Alfonso;;Maturana 711;;;;VICTORIA;IX REGION;CL;26990;0;0;0;26990;0;CLP
000000560350;24286776601-A;19/12/2025 08:54:12;Recibido;25990;3980;29970;4678;0.0000;21312;1;BLAZER 6 BOTONES NEGRO NICOPOLY;MPM10002912800-1;N06001BS;19/12/2025 08:54:25;Flujo Crossdock- Ripley PAQ;Migueles;Rosa;;Avenida vicuña mackenna poniente 6839 6839;410, torre b;;;LA FLORIDA;REG.METROPOLITANA;CL;Migueles;Rosa;;Avenida vicuña mackenna poniente 6839 6839;;;;LA FLORIDA;REG.METROPOLITANA;CL;25990;0;3980;0;29970;0;CLP
000000560350;24286790501-A;19/12/2025 08:59:12;Reembolsado;22990;0;22990;4138;0.0000;18852;1;FULFILLMENT-GILET SASTRE ENTALLADO NEGRO NICOPOLY;MPM10002952975-1;N06063BM-FF;19/12/2025 08:59:13;FF_MATRIX_DX;Canales;Carolina Ines;;Carlos Silva Vildosola 8062;casa;;;LA REINA;REG.METROPOLITANA;CL;Canales;Carolina Ines;;Carlos Silva Vildosola 8062;;;;LA REINA;REG.METROPOLITANA;CL;22990;0;0;0;22990;0;CLP
000000560350;24286790501-A;19/12/2025 08:59:12;Reembolsado;22990;0;22990;4138;0.0000;18852;1;FULFILLMENT-GILET SASTRE ENTALLADO NEGRO NICOPOLY;MPM10002952975-4;N06063BS-FF;19/12/2025 08:59:13;FF_MATRIX_DX;Canales;Carolina Ines;;Carlos Silva Vildosola 8062;casa;;;LA REINA;REG.METROPOLITANA;CL;Canales;Carolina Ines;;Carlos Silva Vildosola 8062;;;;LA REINA;REG.METROPOLITANA;CL;22990;0;0;0;22990;0;CLP
000000560350;24286933801-A;19/12/2025 09:47:46;Recibido;16990;0;16990;3058;0.0000;13932;1;FULFILLMENT-BLUSA PUNTOS BLANCOS NICOPOLY;MPM10003037782-1;N06053AM-FF;19/12/2025 09:47:49;FF_MATRIX_STS;Carrasco;Jimena;;"5 de Abril 699 ";4to Piso. Centro de atención al Cliente;;;CHILLAN;VIII REGION;CL;Carrasco;Jimena;;Panificadores Central 732;;;;CHILLAN;VIII REGION;CL;16990;0;0;0;16990;0;CLP
000000560350;24287274701-A;19/12/2025 11:10:10;Recibido;27990;990;28980;5038;0.0000;22952;1;BLAZER 6 BOTONES ROJO NICOPOLY;MPM10002911536-4;N06001DXL;19/12/2025 11:10:11;5d_Retiro Tienda Ripley Talca;Rojas;Francisca;;"8 Oriente 1212 ";" 2do Piso. Modulo Retiro en Tienda";;;TALCA;VII REGION;CL;Rojas;Francisca;;4 Norte esquina 1 poniente 692;;;;TALCA;VII REGION;CL;27990;0;990;0;28980;0;CLP
000000560350;24287290001-A;19/12/2025 11:11:26;Recibido;34990;0;34990;6298;0.0000;28692;1;FULFILLMENT-BLAZER LARGO 4 BOTONES ROSADO NICOPOLY;MPM10002943889-1;N05299HM-FF;19/12/2025 11:11:27;FF_MATRIX;Arancibia;Sebastin;;Navío San Martín 34;704;;;VALPARAISO;V REGION;CL;Arancibia;Sebastin;;Navío San Martín 34;;;;VALPARAISO;V REGION;CL;34990;0;0;0;34990;0;CLP
000000560350;24287373601-A;19/12/2025 11:30:25;Reembolsado;26990;0;26990;4858;0.0000;22132;1;FULFILLMENT-BLAZER MANGA DETALLE DRAPEADO MORADO NICOPOLY;MPM10002975139-3;N02481ZL-4-FF;19/12/2025 11:30:26;FF_MATRIX;Barra;Karen;;Bolshauzer 053;Casa;;;CHIGUAYANTE;VIII REGION;CL;Barra;Karen;;Bolshauzer 053;;;;CHIGUAYANTE;VIII REGION;CL;26990;0;0;0;26990;0;CLP
000000560350;24287646301-A;19/12/2025 12:19:18;Recibido;17490;0;17490;3148;0.0000;14342;1;FULFILLMENT-CAMISA BASICA TIPO LINO OXIDO NICOPOLY;MPM10002995316-2;N06115RL-FF;19/12/2025 12:19:19;FF_MATRIX;Antilao;Jose;;Psje Panitao  665;S/N;;;PUENTE ALTO;REG.METROPOLITANA;CL;Antilao;Jose;;Psje Panitao  665;;;;PUENTE ALTO;REG.METROPOLITANA;CL;17490;0;0;0;17490;0;CLP
000000560350;24288082401-A;19/12/2025 13:45:25;Recibido;9990;990;10980;1798;0.0000;8192;1;POLERA ESCOTE EN V BASICA GRIS NICOPOLY;MPM10002967341-3;N06124IXL;19/12/2025 13:45:26;4d_Retiro Tienda Ripley Plaza Vespucio;Vsquez;Javiera;;"Av. Vicuña Mackenna Ote. 7110, La Florida ";3er Piso. Modulo Retiro en Tienda;;;LA FLORIDA;REG.METROPOLITANA;CL;Vsquez;Javiera;;Av trinidad 705;;;;LA FLORIDA;REG.METROPOLITANA;CL;9990;0;990;0;10980;0;CLP
000000560350;24288290305-A;19/12/2025 14:28:55;Reembolsado;34990;0;34990;6298;0.0000;28692;1;ENTERITO MUJER NICOPOLY ROJO OSCURO CUT OUT ESCOTE;MPM10002122134-3;N05303TM;19/12/2025 14:28:56;4d_Retiro Tienda Ripley Plaza Egaña;Silva;Javier;;"Larrain 5800 ";" 3er Piso. Modulo Retiro en Tienda";;;NUNOA;REG.METROPOLITANA;CL;Pinto;Carolina;;Duble Almeyda 2776;;;;NUNOA;REG.METROPOLITANA;CL;34990;0;0;0;34990;0;CLP
000000560350;24288306501-A;19/12/2025 14:34:27;Recibido;14990;3990;18980;2698;0.0000;12292;1;BODY HALTER TIPO SATIN NEGRO NICOPOLY;MPM10001878231-1;N05047BS;19/12/2025 14:34:41;Flujo Crossdock- Ripley PAQ;Garcia;Rocio;;General Carol Urzua 7030 7030;204b;;;LAS CONDES;REG.METROPOLITANA;CL;Garcia;Rocio;;General Carol Urzua 7030 7030;;;;LAS CONDES;REG.METROPOLITANA;CL;14990;0;3990;0;18980;0;CLP
000000560350;24288668101-A;19/12/2025 15:46:43;Reembolsado;24990;0;24990;4498;0.0000;20492;1;VESTIDO ASIME TRICO FLORAL VERDE NICOPOLY;MPM10003037797-4;N06173EL;19/12/2025 15:46:44;4d_Retiro Tienda Ripley Plaza Oeste;"Muñoz ";"Jessica ";;"Américo Vespucio 1501 ";" 3er Piso. Modulo Retiro en Tienda";;;CERRILLOS;REG.METROPOLITANA;CL;Guzman;Valeska;;Santa Herminia oriente 891;;;;CERRILLOS;REG.METROPOLITANA;CL;24990;0;0;0;24990;0;CLP
000000560350;24288773001-A;19/12/2025 16:06:35;Recibido;27990;6990;34980;5038;0.0000;22952;1;BLAZER MUJER NICOPOLY NEGRO LAZO DELANTERO;MPM10002128962-1;N05276BL;19/12/2025 16:06:36;Flujo Crossdock- Ripley PAQ;Parraguez;Luis;;Manuel Montt 101, Chépica 101;Ofici;;;CHEPICA;VI REGION;CL;Parraguez;Luis;;Manuel Montt 101, Chépica 101;;;;CHEPICA;VI REGION;CL;27990;0;6990;0;34980;0;CLP
000000560350;24289133001-A;19/12/2025 17:18:50;Recibido;14990;0;14990;2698;0.0000;12292;1;BODY HALTER TIPO SATIN NEGRO NICOPOLY;MPM10001878231-3;N05047BL;19/12/2025 17:18:51;4d_Retiro Tienda Ripley Plaza Egaña;Martinez;Natalia;;"Larrain 5800 ";" 3er Piso. Modulo Retiro en Tienda";;;NUNOA;REG.METROPOLITANA;CL;Martinez;Natalia;;Av americo vespucio  4641;;;;NUNOA;REG.METROPOLITANA;CL;14990;0;0;0;14990;0;CLP
000000560350;24289518901-A;19/12/2025 18:36:35;Recibido;24990;990;25980;4498;0.0000;20492;1;VESTIDO ASIME TRICO FLORAL VERDE NICOPOLY;MPM10003037797-3;N06173EM;19/12/2025 18:36:36;10d_Retiro Tienda Ripley San Fernando;Lara;Jessica;;"Bernardo Ohiggins 701 ";" 3er Piso. Modulo Retiro en Tienda";;;SAN FERNANDO;VI REGION;CL;Lara;Jessica;;Calle el lleuque 147;;;;SAN FERNANDO;VI REGION;CL;24990;0;990;0;25980;0;CLP
000000560350;24289536701-A;19/12/2025 18:40:35;Recibido;14990;990;15980;2698;0.0000;12292;1;CROP TOP ESPALDA ELASTICADA MOSTAZA NICOPOLY;MPM10003032688-3;N10368FM;19/12/2025 18:40:36;4d_Retiro Tienda Ripley Arauco Maipu;"López ";"Víctor ";;"Av. Americo Vespucio 399 ";" 2do Piso. Modulo Retiro en Tienda";;;MAIPU;REG.METROPOLITANA;CL;López Romero;Víctor Andrés;;BRAVO LUCO 1204;;;;MAIPU;REG.METROPOLITANA;CL;14990;0;990;0;15980;0;CLP
000000560350;24289627101-A;19/12/2025 19:00:59;Recibido;26990;990;27980;4858;0.0000;22132;1;VESTIDO ASIME TRICO FLORAL VERDE NICOPOLY;MPM10003037797-2;N06173ES;19/12/2025 19:01:01;4d_Retiro Tienda Ripley Arauco Maipu;Mella;Victor;;"Av. Americo Vespucio 399 ";" 2do Piso. Modulo Retiro en Tienda";;;MAIPU;REG.METROPOLITANA;CL;Mella;Victor;;Thiare  1195;;;;MAIPU;REG.METROPOLITANA;CL;26990;0;990;0;27980;0;CLP
000000560350;24289725401-A;19/12/2025 19:22:08;Recibido;25990;990;26980;4678;0.0000;21312;1;VESTIDO CORTO FLORAL CON VUELOS CRUZADOS BLANCO NICOPOLY;MPM10003037799-3;N06163AM;19/12/2025 19:22:09;4d_Retiro Tienda Ripley Arauco Maipu;Mella;Victor;;"Av. Americo Vespucio 399 ";" 2do Piso. Modulo Retiro en Tienda";;;MAIPU;REG.METROPOLITANA;CL;Mella;Victor;;Thiare  1195;;;;MAIPU;REG.METROPOLITANA;CL;25990;0;990;0;26980;0;CLP
000000560350;24289744602-A;19/12/2025 19:27:43;Recibido;23990;0;23990;4318;0.0000;19672;1;VESTIDO SATINADO ESCOTE FRUNCIDO LILA NICOPOLY;MPM10003037325-2;N06164ZS;19/12/2025 19:27:44;5d_Retiro Tienda Ripley La Calera;Vasquez Perez;Solange;;"JJ Perez 90, La Calera ";" 2do Piso. Modulo Retiro en Tienda";;;LA CALERA;V REGION;CL;Vasquez Perez;Solange;;Las Diucas 19;;;;LA CALERA;V REGION;CL;23990;0;0;0;23990;0;CLP
000000560350;24289898901-A;19/12/2025 20:00:03;Recibido;29990;7990;37980;5398;0.0000;24592;1;BLAZER BASICO DE TOPE KHAKI NICOPOLY;MPM10002843022-1;N05301LM-7;19/12/2025 20:00:04;Flujo Crossdock- Ripley PAQ;Hormazábal Delgado;José Luis;;michimalonco 2450 villa la posada 2450;Casa;;;CORONEL;VIII REGION;CL;Hormazábal Delgado;José Luis;;michimalonco 2450 villa la posada 2450;;;;CORONEL;VIII REGION;CL;29990;0;7990;0;37980;0;CLP
000000560350;24289956301-A;19/12/2025 20:13:38;Recibido;24990;0;24990;4498;0.0000;20492;1;FULFILLMENT-BLAZER MANGA DETALLE DRAPEADO MORADO NICOPOLY;MPM10002975139-2;N02481ZXL-4-FF;19/12/2025 20:13:41;FF_MATRIX_STS;Romero;Nilsa;;"Larrain 5800 ";" 3er Piso. Modulo Retiro en Tienda";;;NUNOA;REG.METROPOLITANA;CL;Romero;Nilsa;;Av Grecia 5791;;;;NUNOA;REG.METROPOLITANA;CL;24990;0;0;0;24990;0;CLP
000000560350;24290058801-A;19/12/2025 20:38:31;Recibido;27990;0;27990;5038;0.0000;22952;1;FULFILLMENT-BLAZER BASICO DE TOPE NEGRO NICOPOLY;MPM10002943911-2;N05301BS-7-FF;19/12/2025 20:38:32;FF_MATRIX_STS;Bahamondes;Alfredo;;"JJ Perez 90, La Calera ";" 2do Piso. Modulo Retiro en Tienda";;;LA CALERA;V REGION;CL;Puebla;Elsa;;Vista hermosa ocoa calle los maitenes 79;;;;LA CALERA;V REGION;CL;27990;0;0;0;27990;0;CLP
000000560350;24290335501-A;19/12/2025 21:39:59;Recibido;24990;990;25980;4498;0.0000;20492;1;VESTIDO ASIME TRICO FLORAL VERDE NICOPOLY;MPM10003037797-1;N06173EXL;19/12/2025 21:40:00;5d_Retiro Tienda Ripley Quilpué;Ilufi;Nicole;;"Claudio Vicuña 992, Quilpue ";" 3er Piso. Modulo Retiro en Tienda";;;QUILPUE;V REGION;CL;Castillo;Diego;;Eduardo alquinta 1260 202;;;;QUILPUE;V REGION;CL;24990;0;990;0;25980;0;CLP
000000560350;24290403101-A;19/12/2025 21:55:16;Recibido;23990;4990;28980;4318;0.0000;19672;1;VESTIDO MUJER NICOPOLY BLANCO STRAPLESS Y ESCOTE V;MPM10001856335-1;N05011AXL;19/12/2025 21:55:17;Flujo Crossdock- Ripley PAQ;Olivares;Jessica;;Avenida san martín 540 depto 34 A 34 A;Depto;;;VI.A DEL MA;V REGION;CL;Olivares;Jessica;;Avenida san martín 540 depto 34 A 34 A;;;;VI.A DEL MA;V REGION;CL;23990;0;4990;0;28980;0;CLP
000000560350;24290852901-A;19/12/2025 23:35:32;Recibido;20990;944;21934;3778;0.0000;17212;1;GILET BASICO AJUSTABLE CELESTE NICOPOLY;MPM10002842870-2;N04273CL-7;19/12/2025 23:35:33;Flujo Crossdock- Ripley PAQ;Pino;Nicolas;;Calle Region del bio bio 2032;S/N;;;MAULE;VII REGION;CL;Pino;Nicolas;;Calle Region del bio bio 2032;;;;MAULE;VII REGION;CL;20990;0;944;0;21934;0;CLP
000000560350;24290852901-A;19/12/2025 23:35:32;Recibido;14990;944;15934;2698;0.0000;12292;1;TOP ACANALADO HOMBROS CAIDOS NEGRO NICOPOLY;MPM10001856351-2;N05129BM;19/12/2025 23:35:33;Flujo Crossdock- Ripley PAQ;Pino;Nicolas;;Calle Region del bio bio 2032;S/N;;;MAULE;VII REGION;CL;Pino;Nicolas;;Calle Region del bio bio 2032;;;;MAULE;VII REGION;CL;14990;0;944;0;15934;0;CLP
000000560350;24290852901-A;19/12/2025 23:35:32;Recibido;38990;944;39934;7018;0.0000;31972;1;VESTIDO CAMISERO MUJER NICOPOLY AZUL MARINO CINTURÓN;MPM10002128942-3;N05259PL;19/12/2025 23:35:33;Flujo Crossdock- Ripley PAQ;Pino;Nicolas;;Calle Region del bio bio 2032;S/N;;;MAULE;VII REGION;CL;Pino;Nicolas;;Calle Region del bio bio 2032;;;;MAULE;VII REGION;CL;38990;0;944;0;39934;0;CLP
000000560350;24290852901-A;19/12/2025 23:35:32;Recibido;15990;944;16934;2878;0.0000;13112;1;POLERA ENCAJE ESCOTE NUDO BEIGE NICOPOLY;MPM10002951858-1;N06107LL;19/12/2025 23:35:33;Flujo Crossdock- Ripley PAQ;Pino;Nicolas;;Calle Region del bio bio 2032;S/N;;;MAULE;VII REGION;CL;Pino;Nicolas;;Calle Region del bio bio 2032;;;;MAULE;VII REGION;CL;15990;0;944;0;16934;0;CLP
000000560350;24291027101-A;20/12/2025 00:19:21;Recibido;18990;4990;23980;3418;0.0000;15572;1;VESTIDO MUJER NICOPOLY NEGRO TUBO CON STRASS;MPM10001849460-3;N05119BM;20/12/2025 00:19:22;Flujo Crossdock- Ripley PAQ;Vidal;Moises Cristian;;pasaje las maravilla oriente 2409;larapinta;;;LAMPA;REG.METROPOLITANA;CL;Vidal;Moises Cristian;;pasaje las maravilla oriente 2409;;;;LAMPA;REG.METROPOLITANA;CL;18990;0;4990;0;23980;0;CLP
000000560350;24291054604-A;20/12/2025 00:25:02;Recibido;23990;3990;27980;4318;0.0000;19672;1;VESTIDO SATINADO ESCOTE FRUNCIDO LILA NICOPOLY;MPM10003037325-3;N06164ZM;20/12/2025 00:25:04;Flujo Crossdock- Ripley PAQ;Meneses;Mitzi;;Santiago concha 1399;412;;;SANTIAGO;REG.METROPOLITANA;CL;Meneses;Mitzi;;Santiago concha 1399;;;;SANTIAGO;REG.METROPOLITANA;CL;23990;0;3990;0;27980;0;CLP
000000560350;24291156501-A;20/12/2025 01:01:10;Recibido;11990;990;12980;2158;0.0000;9832;1;BLUSA SIN MANGAS BLANCO NICOPOLY;MPM10001916736-4;N05071AL;20/12/2025 01:01:11;4d_Retiro Tienda Ripley Arauco Maipu;Martinez Flores;Genesis;;"Av. Americo Vespucio 399 ";" 2do Piso. Modulo Retiro en Tienda";;;MAIPU;REG.METROPOLITANA;CL;Martinez Flores;Genesis;;Alfonso vial 1246;;;;MAIPU;REG.METROPOLITANA;CL;11990;0;990;0;12980;0;CLP
000000560350;24291636301-A;20/12/2025 09:31:58;Reembolsado;24990;0;24990;4498;0.0000;20492;1;VESTIDO ASIME TRICO FLORAL VERDE NICOPOLY;MPM10003037797-4;N06173EL;20/12/2025 09:31:59;4d_Retiro Tienda Ripley Plaza Egaña;Olguin;Cristian;;"Larrain 5800 ";" 3er Piso. Modulo Retiro en Tienda";;;NUNOA;REG.METROPOLITANA;CL;Olguin;Cristian;;Trapilhue 760;;;;NUNOA;REG.METROPOLITANA;CL;24990;0;0;0;24990;0;CLP
000000560350;24291707401-A;20/12/2025 09:57:08;Recibido;17990;990;18980;3238;0.0000;14752;1;BLUSA HOLGADA BLANCO NICOPOLY;MPM10000693062-3;N04116AM;20/12/2025 09:57:09;5d_Retiro Tienda Ripley Talca;Ibañez;Tihany;;"8 Oriente 1212 ";" 2do Piso. Modulo Retiro en Tienda";;;TALCA;VII REGION;CL;Baeza;Katia;;22 sur 8 y 9 oriente 1451;;;;TALCA;VII REGION;CL;17990;0;990;0;18980;0;CLP
000000560350;24291792601-A;20/12/2025 10:23:58;Recibido;7990;3990;11980;1438;0.0000;6552;1;TOP SIN MANGAS ACANALADO OLIVA NICOPOLY;MPM10002968272-2;N06133MXL;20/12/2025 10:23:59;Flujo Crossdock- Ripley PAQ;Araos;Catalina;;Sexta Avenida 1166;103;;;SAN MIGUEL;REG.METROPOLITANA;CL;Araos;Catalina;;Sexta Avenida 1166;;;;SAN MIGUEL;REG.METROPOLITANA;CL;7990;0;3990;0;11980;0;CLP
000000560350;24291897201-A;20/12/2025 10:49:22;Recibido;19990;0;19990;3598;0.0000;16392;1;FULFILLMENT-GILET CON DRAPEADO LATERAL BLANCO;MPM10002943918-2;N06111AL-FF;20/12/2025 10:49:24;FF_MATRIX;Delgado;Carolina;;Jaime repullo 2803 219;E;;;TALCAHUANO;VIII REGION;CL;Delgado;Carolina;;Jaime repullo 2803 219;;;;TALCAHUANO;VIII REGION;CL;19990;0;0;0;19990;0;CLP
000000560350;24291908602-A;20/12/2025 10:52:59;Recibido;23990;4990;28980;4318;0.0000;19672;1;TAPADO BASICO BOLSILLOS NEGRONICOPOLY;MPM10002635833-2;N05219BS;20/12/2025 10:53:00;Flujo Crossdock- Ripley PAQ;Rodriguez Zerpa;Luimar;;Avenida la montaña sur 4149;C1 E3;;;LAMPA;REG.METROPOLITANA;CL;Rodriguez Zerpa;Luimar;;Avenida la montaña sur 4149;;;;LAMPA;REG.METROPOLITANA;CL;23990;0;4990;0;28980;0;CLP
000000560350;24292276901-A;20/12/2025 12:17:30;Recibido;31492;990;32482;5669;0.0000;25823;1;ENTERITO MUJER NICOPOLY BLANCO ESCOTE CRUZADO;MPM10001856330-3;N05044AM;20/12/2025 12:17:31;5d_Retiro Tienda Ripley Quilpué;Ceballo Villegas;"Katherine Eyleen ";;"Claudio Vicuña 992, Quilpue ";" 3er Piso. Modulo Retiro en Tienda";;;QUILPUE;V REGION;CL;Ceballo Villegas;"Katherine Eyleen ";;Gabriel dazarola  1090;;;;QUILPUE;V REGION;CL;31492;0;990;0;32482;0;CLP
000000560350;24292476301-A;20/12/2025 13:01:51;Recibido;15990;0;15990;2878;0.0000;13112;1;CARDIGAN BASICO MORADO  NICOPOLY;MPM10002924255-2;N06010ZL;20/12/2025 13:01:52;5d_Retiro Tienda Ripley Quilpué;"González ";Yoaho;;"Claudio Vicuña 992, Quilpue ";" 3er Piso. Modulo Retiro en Tienda";;;QUILPUE;V REGION;CL;Gonzalez;Yamilet;;Calle blanco 1781;;;;QUILPUE;V REGION;CL;15990;0;0;0;15990;0;CLP
000000560350;24292536901-A;20/12/2025 13:15:19;Recibido;26990;990;27980;4858;0.0000;22132;1;VESTIDO ASIME TRICO FLORAL VERDE NICOPOLY;MPM10003037797-2;N06173ES;20/12/2025 13:15:20;4d_Retiro Tienda Ripley Arauco Maipu;Uribe;Estefania;;"Av. Americo Vespucio 399 ";" 2do Piso. Modulo Retiro en Tienda";;;MAIPU;REG.METROPOLITANA;CL;Uribe;Estefania;;El Canelo 1172;;;;MAIPU;REG.METROPOLITANA;CL;26990;0;990;0;27980;0;CLP
000000560350;24292576201-A;20/12/2025 13:22:17;Recibido;14990;990;15980;2698;0.0000;12292;1;CROP TOP ESPALDA ELASTICADA NEGRA NICOPOLY;MPM10001503464-2;N10368BM-4;20/12/2025 13:22:18;4d_Retiro Tienda Ripley Florida Center;Araya;Daniela;;"Vicuña Mackenna Oriente 6100, La Florida ";3er Piso. Modulo Retiro en Tienda;;;LA FLORIDA;REG.METROPOLITANA;CL;Araya;Daniela;;Chiloé 4911;;;;LA FLORIDA;REG.METROPOLITANA;CL;14990;0;990;0;15980;0;CLP
000000560350;24293054601-A;20/12/2025 15:06:57;Recibido;14990;3980;18970;2698;0.0000;12292;1;BODY HALTER TIPO SATIN NEGRO NICOPOLY;MPM10001878231-3;N05047BL;20/12/2025 15:06:58;Flujo Crossdock- Ripley PAQ;Aviles Donoso;Fabian;;Sucre 1911;83a;;;NUNOA;REG.METROPOLITANA;CL;Aviles Donoso;Fabian;;Sucre 1911;;;;NUNOA;REG.METROPOLITANA;CL;14990;0;3980;0;18970;0;CLP
000000560350;24293100101-A;20/12/2025 15:17:26;Reembolsado;24990;0;24990;4498;0.0000;20492;1;VESTIDO ASIME TRICO FLORAL VERDE NICOPOLY;MPM10003037797-4;N06173EL;20/12/2025 15:17:27;4d_Retiro Tienda Ripley Plaza Egaña;Guzman;Valeska;;"Larrain 5800 ";" 3er Piso. Modulo Retiro en Tienda";;;NUNOA;REG.METROPOLITANA;CL;Guzman;Valeska;;Santa Herminia oriente 891;;;;NUNOA;REG.METROPOLITANA;CL;24990;0;0;0;24990;0;CLP
000000560350;24293189501-A;20/12/2025 15:38:54;Recibido;19990;3970;23960;3598;0.0000;16392;1;GILET LARGO CON BOTONES BURDEO;MPM10002910427-2;N06135TL;20/12/2025 15:38:54;Flujo Crossdock- Ripley PAQ;Godoy Godoy;Silvia;;avenida el olimpo 244;S/N;;;MAIPU;REG.METROPOLITANA;CL;Godoy Godoy;Silvia;;avenida el olimpo 244;;;;MAIPU;REG.METROPOLITANA;CL;19990;0;3970;0;23960;0;CLP
000000560350;24293236201-A;20/12/2025 15:49:57;Recibido;16490;495;16985;2968;0.0000;13522;1;VESTIDO MUJER NICOPOLY CAFÉ TIPO CAMISERO LEOPARD;MPM10001848651-2;N05123UL;20/12/2025 15:49:59;4d_Retiro Tienda Ripley Florida Center;Rifo;Carolina;;"Vicuña Mackenna Oriente 6100, La Florida ";3er Piso. Modulo Retiro en Tienda;;;LA FLORIDA;REG.METROPOLITANA;CL;Rifo;Carolina;;Vargas buston 760;;;;LA FLORIDA;REG.METROPOLITANA;CL;16490;0;495;0;16985;0;CLP
000000560350;24293236201-A;20/12/2025 15:49:57;Recibido;34990;495;35485;6298;0.0000;28692;1;BLAZER CUELLO CRUZADO KHAKI NICOPOLY;MPM10002843162-1;N05299LL-7;20/12/2025 15:49:59;4d_Retiro Tienda Ripley Florida Center;Rifo;Carolina;;"Vicuña Mackenna Oriente 6100, La Florida ";3er Piso. Modulo Retiro en Tienda;;;LA FLORIDA;REG.METROPOLITANA;CL;Rifo;Carolina;;Vargas buston 760;;;;LA FLORIDA;REG.METROPOLITANA;CL;34990;0;495;0;35485;0;CLP
000000560350;24293366101-A;20/12/2025 16:16:36;Recibido;24990;990;25980;4498;0.0000;20492;1;VESTIDO ASIME TRICO FLORAL VERDE NICOPOLY;MPM10003037797-2;N06173ES;20/12/2025 16:16:37;4d_Retiro Tienda Ripley Crillon;Ferrer;Luisa;;"Agustinas #1025 ";Piso -1. Modulo Retiro en Tienda;;;SANTIAGO;REG.METROPOLITANA;CL;Ferrer;Luisa;;San Francisco  294;;;;SANTIAGO;REG.METROPOLITANA;CL;24990;0;990;0;25980;0;CLP
000000560350;24293387401-A;20/12/2025 16:21:20;Reembolsado;17490;0;17490;3148;0.0000;14342;1;FULFILLMENT-CAMISA BASICA TIPO LINO VERDE OLIVA NICOPOLY;MPM10002995226-2;N06115MM-FF;20/12/2025 16:21:21;FF_MATRIX;Fredes;Valentina;;marin 145;1002;;;SANTIAGO;REG.METROPOLITANA;CL;Fredes;Valentina;;marin 145;;;;SANTIAGO;REG.METROPOLITANA;CL;17490;0;0;0;17490;0;CLP
000000560350;24293657801-A;20/12/2025 17:18:58;Reembolsado;29990;0;29990;5398;0.0000;24592;1;FULFILLMENT-JEANS WIDE LEG BLANCOS NICOPOLY;MPM10002964101-5;N06137A42-FF;20/12/2025 17:18:59;FF_MATRIX_STS;Camus Montecinos;Laura;;"Agustinas #1025 ";Piso -1. Modulo Retiro en Tienda;;;SANTIAGO;REG.METROPOLITANA;CL;Camus Montecinos;Laura;;San Isidro 151;;;;SANTIAGO;REG.METROPOLITANA;CL;29990;0;0;0;29990;0;CLP
000000560350;24294003602-A;20/12/2025 18:35:54;Recibido;18990;4990;23980;3418;0.0000;15572;1;VESTIDO ACANALADO MUJER NICOPOLY ROJO OFF THE SHOULDER;MPM10001710246-1;N05064DS;20/12/2025 18:35:55;Flujo Crossdock- Ripley PAQ;Lozano;Melissa;;Ignacio Carrera Pinto 14127;40;;;COLINA;REG.METROPOLITANA;CL;Lozano;Melissa;;Ignacio Carrera Pinto 14127;;;;COLINA;REG.METROPOLITANA;CL;18990;0;4990;0;23980;0;CLP
000000560350;24294233901-A;20/12/2025 19:33:14;Recibido;28990;0;28990;5218;0.0000;23772;1;BLAZER SIN MANGAS BOLSILLOS BURDEOS NICOPOLY;MPM10001752514-1;N04294DM-5;20/12/2025 19:33:16;4d_Retiro Tienda Ripley Arauco Maipu;Moya;"Alejandro ";;"Av. Americo Vespucio 399 ";" 2do Piso. Modulo Retiro en Tienda";;;MAIPU;REG.METROPOLITANA;CL;Lopez;Fabiola;;Presidente KENNEDY  3136;;;;MAIPU;REG.METROPOLITANA;CL;28990;0;0;0;28990;0;CLP
000000560350;24294430702-A;20/12/2025 20:19:07;Recibido;16490;990;17480;2968;0.0000;13522;1;VESTIDO MUJER NICOPOLY CAFÉ TIPO CAMISERO LEOPARD;MPM10001848651-3;N05123US;20/12/2025 20:19:08;10d_Retiro Tienda Ripley Antofagasta;Guerrero Ochoa;Carolina;;"Arturo Prat 530 ";" 4to Piso. Servicio al Cliente";;;ANTOFAGASTA;II REGION;CL;Guerrero Ochoa;Carolina;;Avenida argentina 02130;;;;ANTOFAGASTA;II REGION;CL;16490;0;990;0;17480;0;CLP
000000560350;24294764301-A;20/12/2025 21:38:07;Recibido;26990;0;26990;4858;0.0000;22132;1;VESTIDO ASIME TRICO FLORAL VERDE NICOPOLY;MPM10003037797-1;N06173EXL;20/12/2025 21:38:08;Flujo Crossdock- Ripley PAQ;Mendoza;Claudia;;Santa Beatriz 293;Casa;;;PROVIDENCIA;REG.METROPOLITANA;CL;Mendoza;Claudia;;Santa Beatriz 293;;;;PROVIDENCIA;REG.METROPOLITANA;CL;26990;0;0;0;26990;0;CLP
000000560350;24294764301-A;20/12/2025 21:38:07;Reembolsado;26990;0;26990;4858;0.0000;22132;1;VESTIDO ASIME TRICO FLORAL FUCSIA NICOPOLY;MPM10003037810-2;N06173SXL;20/12/2025 21:38:08;Flujo Crossdock- Ripley PAQ;Mendoza;Claudia;;Santa Beatriz 293;Casa;;;PROVIDENCIA;REG.METROPOLITANA;CL;Mendoza;Claudia;;Santa Beatriz 293;;;;PROVIDENCIA;REG.METROPOLITANA;CL;26990;0;0;0;26990;0;CLP
000000560350;24294764302-A;20/12/2025 21:38:07;Recibido;18990;0;18990;3418;0.0000;15572;1;FULFILLMENT-VESTIDO FLORES FUCSIA NICOPOLY;MPM10003037753-3;N06093SXL-FF;20/12/2025 21:38:08;FF_MATRIX;Mendoza;Claudia;;Santa Beatriz 293;Casa;;;PROVIDENCIA;REG.METROPOLITANA;CL;Mendoza;Claudia;;Santa Beatriz 293;;;;PROVIDENCIA;REG.METROPOLITANA;CL;18990;0;0;0;18990;0;CLP
000000560350;24294908501-A;20/12/2025 22:06:57;Recibido;24990;990;25980;4498;0.0000;20492;1;VESTIDO ASIME TRICO FLORAL VERDE NICOPOLY;MPM10003037797-1;N06173EXL;20/12/2025 22:06:58;10d_Retiro Tienda Ripley San Fernando;Quezada;Jacqueline;;"Bernardo Ohiggins 701 ";" 3er Piso. Modulo Retiro en Tienda";;;SAN FERNANDO;VI REGION;CL;Quezada;Jacqueline;;Calle Santa Amelia  20;;;;SAN FERNANDO;VI REGION;CL;24990;0;990;0;25980;0;CLP
000000560350;24295118001-A;20/12/2025 22:52:42;Recibido;33990;0;33990;6118;0.0000;27872;1;FULFILLMENT-ENTERITO EFECTO 2 PIEZAS NEGRO NICOPOLY;MPM10003037759-1;N04018BM-FF;20/12/2025 22:52:43;FF_MATRIX;Pino;Justo;;Calle freire   1091;S/N;;;LA CALERA;V REGION;CL;Pino;Justo;;Calle freire   1091;;;;LA CALERA;V REGION;CL;33990;0;0;0;33990;0;CLP
000000560350;24294817701-A;20/12/2025 23:07:55;Reembolsado;19990;0;19990;3598;0.0000;16392;1;FULFILLMENT-FALDA MIDI DE TUL NEGRO;MPM10002943928-3;N06073BL-FF;20/12/2025 23:07:56;FF_MATRIX;Gomez;Carolina;;MANUEL DE SALAS  211;903;;;NUNOA;REG.METROPOLITANA;CL;Gomez;Carolina;;MANUEL DE SALAS  211;;;;NUNOA;REG.METROPOLITANA;CL;19990;0;0;0;19990;0;CLP
000000560350;24295668701-A;21/12/2025 01:11:36;Recibido;16990;990;17980;3058;0.0000;13932;1;BLUSA CUELLO MAO BOTONES CELESTE NICOPOLY;MPM10001878079-4;N02509KXL-5;21/12/2025 01:11:38;5d_Retiro Tienda Ripley Quilpué;Aravena;Poly;;"Claudio Vicuña 992, Quilpue ";" 3er Piso. Modulo Retiro en Tienda";;;QUILPUE;V REGION;CL;Aravena;Poly;;Las Torcazas 1154;;;;QUILPUE;V REGION;CL;16990;0;990;0;17980;0;CLP
000000560350;24295684601-A;21/12/2025 01:21:00;Recibido;19990;3990;23980;3598;0.0000;16392;1;TOP ENCAJE ESCOTE V NEGRO NICOPOLY;MPM10003037647-2;N06094BS;21/12/2025 01:21:01;Flujo Crossdock- Ripley PAQ;Muñoz;Lucas;;San Ceferino 1783;Casa;;;MAIPU;REG.METROPOLITANA;CL;Muñoz;Lucas;;San Ceferino 1783;;;;MAIPU;REG.METROPOLITANA;CL;19990;0;3990;0;23980;0;CLP
000000560350;24295701901-A;21/12/2025 01:26:28;Reembolsado;27990;990;28980;5038;0.0000;22952;1;BLAZER MUJER NICOPOLY NEGRO LAZO DELANTERO;MPM10002128962-3;N05276BS;21/12/2025 01:26:29;4d_Retiro Tienda Ripley Plaza Vespucio;Puebla;Felipe;;"Av. Vicuña Mackenna Ote. 7110, La Florida ";3er Piso. Modulo Retiro en Tienda;;;LA FLORIDA;REG.METROPOLITANA;CL;Puebla;Felipe;;Chacabuco 9545;;;;LA FLORIDA;REG.METROPOLITANA;CL;27990;0;990;0;28980;0;CLP
000000560350;24295710701-A;21/12/2025 01:39:43;Recibido;31990;0;31990;5758;0.0000;26232;1;TRENCH LAZO HEBILLA NEGRO NICOPOLY;MPM10002635819-2;N05182BS;21/12/2025 01:39:44;5d_Retiro Tienda Ripley Quilpué;Alejandra;Marcela;;"Claudio Vicuña 992, Quilpue ";" 3er Piso. Modulo Retiro en Tienda";;;QUILPUE;V REGION;CL;Alejandra;Marcela;;Ah. Nueva hipodromo 1150;;;;QUILPUE;V REGION;CL;31990;0;0;0;31990;0;CLP
000000560350;24295853601-A;21/12/2025 05:47:26;Recibido;9990;330;10320;1798;0.0000;8192;1;POLERA MANGA LARGA CUELLO REDONDO OXIDO NICOPOLY;MPM10002924127-2;N06125RS;21/12/2025 05:47:28;8d_Retiro Tienda Ripley Puerto Montt;Barrientos;Manuel;;"Urmeneta 595, Puerto Montt ";4to Piso. Servicio al Cliente;;;PTO.MONTT;X REGION;CL;Barrientos;Valeria;;Pasaje 3, casa 55, Villa Oriente 55;;;;PTO.MONTT;X REGION;CL;9990;0;330;0;10320;0;CLP
000000560350;24295853601-A;21/12/2025 05:47:26;Recibido;9990;330;10320;1798;0.0000;8192;1;POLERA MANGA LARGA CUELLO REDONDO AZUL NICOPOLY;MPM10002924140-2;N06125KS;21/12/2025 05:47:28;8d_Retiro Tienda Ripley Puerto Montt;Barrientos;Manuel;;"Urmeneta 595, Puerto Montt ";4to Piso. Servicio al Cliente;;;PTO.MONTT;X REGION;CL;Barrientos;Valeria;;Pasaje 3, casa 55, Villa Oriente 55;;;;PTO.MONTT;X REGION;CL;9990;0;330;0;10320;0;CLP
000000560350;24295853601-A;21/12/2025 05:47:26;Recibido;9990;330;10320;1798;0.0000;8192;1;POLERA CUELLO REDONDO BURDEO NICOPOLY;MPM10002661331-1;N05330DS;21/12/2025 05:47:28;8d_Retiro Tienda Ripley Puerto Montt;Barrientos;Manuel;;"Urmeneta 595, Puerto Montt ";4to Piso. Servicio al Cliente;;;PTO.MONTT;X REGION;CL;Barrientos;Valeria;;Pasaje 3, casa 55, Villa Oriente 55;;;;PTO.MONTT;X REGION;CL;9990;0;330;0;10320;0;CLP
000000560350;24296061001-A;21/12/2025 10:04:50;Recibido;26990;0;26990;4858;0.0000;22132;1;FULFILLMENT-PANTALON PALAZZO MUJER NICOPOLY MAGENTA TAJOS;MPM10003037770-1;N10369ZXL-4-FF;21/12/2025 10:04:51;FF_MATRIX;Miranda;Catalina;;Monitor Araucano 0600;DB43;;;PROVIDENCIA;REG.METROPOLITANA;CL;Miranda;Catalina;;Monitor Araucano 0600;;;;PROVIDENCIA;REG.METROPOLITANA;CL;26990;0;0;0;26990;0;CLP
000000560350;24296283001-A;21/12/2025 11:28:32;Reembolsado;27990;0;27990;5038;0.0000;22952;1;CHAQUETA BOUCLE  MOCA NICOPOLY;MPM10002646315-2;N05183UM;21/12/2025 11:28:33;5d_Retiro Tienda Ripley Viña del Mar Sucre;Araya Toro;"Roxana ";;"Sucre 290, Viña ";5to Piso. Modulo Retiro en Tienda;;;VI.A DEL MA;V REGION;CL;Araya Toro;"Roxana ";;El salto Limache 3291;;;;VI.A DEL MA;V REGION;CL;27990;0;0;0;27990;0;CLP
000000560350;24296370502-A;21/12/2025 11:52:11;Recibido;38990;0;38990;7018;0.0000;31972;1;FULFILLMENT-ENTERITO HALTER CON CINTURON LAZO VERDE PETROLEO NICOPOLY;MPM10003037769-2;N05036ES-FF;21/12/2025 11:52:12;FF_MATRIX;Lizana;Belen;;Av punta arenas 6600 217;"Dpto ";;;LA FLORIDA;REG.METROPOLITANA;CL;Lizana;Belen;;Av punta arenas 6600 217;;;;LA FLORIDA;REG.METROPOLITANA;CL;38990;0;0;0;38990;0;CLP
000000560350;24296797901-A;21/12/2025 13:59:54;Recibido;27990;1980;29970;5038;0.0000;22952;1;BLAZER MUJER NICOPOLY NEGRO LAZO DELANTERO;MPM10002128962-2;N05276BM;21/12/2025 13:59:56;Flujo Crossdock- Ripley PAQ;Reyes;Ema;;Bombero garrido pasaje santa victoria 1772;Casa;;;CURICO;VII REGION;CL;Reyes;Ema;;Bombero garrido pasaje santa victoria 1772;;;;CURICO;VII REGION;CL;27990;0;1980;0;29970;0;CLP
000000560350;24296846101-A;21/12/2025 14:12:36;Recibido;17990;0;17990;3238;0.0000;14752;1;FULFILLMENT-POLERA TEJIDA FANTASIA NEGRO NICOPOLY;MPM10002975141-1;N06100BL-FF;21/12/2025 14:12:37;FF_MATRIX;"Len ";Javiera;;circunvalación poniente 133;S/N;;;SAN FERNANDO;VI REGION;CL;"Len ";Javiera;;circunvalación poniente 133;;;;SAN FERNANDO;VI REGION;CL;17990;0;0;0;17990;0;CLP
000000560350;24296846101-A;21/12/2025 14:12:36;Reembolsado;26990;0;26990;4858;0.0000;22132;1;FULFILLMENT-BLAZER MANGA DETALLE DRAPEADO MORADO NICOPOLY;MPM10002975139-3;N02481ZL-4-FF;21/12/2025 14:12:37;FF_MATRIX;"Len ";Javiera;;circunvalación poniente 133;S/N;;;SAN FERNANDO;VI REGION;CL;"Len ";Javiera;;circunvalación poniente 133;;;;SAN FERNANDO;VI REGION;CL;26990;0;0;0;26990;0;CLP
000000560350;24296954801-A;21/12/2025 14:43:23;Recibido;14990;990;15980;2698;0.0000;12292;1;BODY HALTER TIPO SATIN NEGRO NICOPOLY;MPM10001878231-1;N05047BS;21/12/2025 14:43:24;4d_Retiro Tienda Ripley Arauco Maipu;Inostroza;Valeska;;"Av. Americo Vespucio 399 ";" 2do Piso. Modulo Retiro en Tienda";;;MAIPU;REG.METROPOLITANA;CL;Inostroza;Valeska;;San marco 323. Pudahuel 323;;;;MAIPU;REG.METROPOLITANA;CL;14990;0;990;0;15980;0;CLP
000000560350;24297108801-A;21/12/2025 15:21:58;Recibido;28990;0;28990;5218;0.0000;23772;1;ENTERITO MUJER NICOPOLY BLANCO ESCOTE CRUZADO;MPM10001856330-3;N05044AM;21/12/2025 15:21:59;Flujo Crossdock- Ripley PAQ;Arriagada;Johanna;;blanco encalada 067;casa;;;CURANILAHUE;VIII REGION;CL;Arriagada;Johanna;;blanco encalada 067;;;;CURANILAHUE;VIII REGION;CL;28990;0;0;0;28990;0;CLP
000000560350;24297278701-A;21/12/2025 16:09:03;Recibido;25990;990;26980;4678;0.0000;21312;1;VESTIDO CORTO FLORAL CON VUELOS CRUZADOS FUCSIA NICOPOLY;MPM10003037830-2;N06163BL;21/12/2025 16:09:04;5d_Retiro Tienda Ripley Talca;Toledo;Laura;;"8 Oriente 1212 ";" 2do Piso. Modulo Retiro en Tienda";;;TALCA;VII REGION;CL;Toledo;Laura;;Diecisiete Oriente 1018;;;;TALCA;VII REGION;CL;25990;0;990;0;26980;0;CLP
000000560350;24297476201-A;21/12/2025 16:55:48;Recibido;27990;990;28980;5038;0.0000;22952;1;VESTIDO CINTURA ELASTICADA FLORES NARANJA NICOPOLY;MPM10003032291-2;N06162RM;21/12/2025 16:55:49;4d_Retiro Tienda Ripley Arauco Maipu;Parra;Ricardo;;"Av. Americo Vespucio 399 ";" 2do Piso. Modulo Retiro en Tienda";;;MAIPU;REG.METROPOLITANA;CL;Parra;Ricardo;;Pje lago carrera 0239;;;;MAIPU;REG.METROPOLITANA;CL;27990;0;990;0;28980;0;CLP
000000560350;24297734801-A;21/12/2025 18:02:01;Recibido;18490;0;18490;3328;0.0000;15162;1;FULFILLMENT-GILET MEZCLA LINO BLANCO NICOPOLY;MPM10003037786-2;N05019AM-FF;21/12/2025 18:02:02;FF_MATRIX;Avalos Venegas;Roxana;;Maipu 720;201;;;SN.BERNARDO;REG.METROPOLITANA;CL;Avalos Venegas;Roxana;;Maipu 720;;;;SN.BERNARDO;REG.METROPOLITANA;CL;18490;0;0;0;18490;0;CLP
000000560350;24297869501-A;21/12/2025 18:43:38;Recibido;18990;990;19980;3418;0.0000;15572;1;VESTIDO MUJER NICOPOLY NEGRO TUBO CON STRASS;MPM10001849460-3;N05119BM;21/12/2025 18:43:39;4d_Retiro Tienda Ripley Alameda;Villarreal;Verónica;;"Av Libertador Bernardo O'Higgins 3470, Santiago ";3er Piso. Modulo Retiro en Tienda;;;EST.CENTRAL;REG.METROPOLITANA;CL;Villarreal;Verónica;;Magallanes 4781;;;;EST.CENTRAL;REG.METROPOLITANA;CL;18990;0;990;0;19980;0;CLP
000000560350;24298318901-A;21/12/2025 20:50:58;Recibido;36990;990;37980;6658;0.0000;30332;1;VESTIDO LARGO FLOREADO LILA NICOPOLY;MPM10003037832-4;N06076ZM;21/12/2025 20:50:59;5d_Retiro Tienda Ripley El Trébol;"Loyola ";"Gabriel ";;"Avenida Jorge Alessandri 3177 ";" 3er Piso. Modulo Retiro en Tienda";;;TALCAHUANO;VIII REGION;CL;Loyola Molina;Belén;;Venecia 1537;;;;TALCAHUANO;VIII REGION;CL;36990;0;990;0;37980;0;CLP
000000560350;24298407901-A;21/12/2025 21:15:31;Recibido;25990;990;26980;4678;0.0000;21312;1;VESTIDO CORTO FLORAL CON VUELOS CRUZADOS FUCSIA NICOPOLY;MPM10003037830-3;N06163BM;21/12/2025 21:15:32;10d_Retiro Tienda Ripley San Fernando;Zenteno Veas;Alondra Valentina;;"Bernardo Ohiggins 701 ";" 3er Piso. Modulo Retiro en Tienda";;;SAN FERNANDO;VI REGION;CL;Zenteno Veas;Alondra Valentina;;Clarillo 1713;;;;SAN FERNANDO;VI REGION;CL;25990;0;990;0;26980;0;CLP
000000560350;24298524701-A;21/12/2025 21:51:04;Recibido;29990;0;29990;5398;0.0000;24592;1;BLAZER BASICO DE TOPE ROJO NICOPOLY;MPM10002843023-4;N05301DM-7;21/12/2025 21:51:05;4d_Retiro Tienda Ripley Arauco Maipu;"Cuevas ";"Thiare ";;"Av. Americo Vespucio 399 ";" 2do Piso. Modulo Retiro en Tienda";;;MAIPU;REG.METROPOLITANA;CL;"Cuevas ";"Thiare ";;El greco  239;;;;MAIPU;REG.METROPOLITANA;CL;29990;0;0;0;29990;0;CLP
000000560350;24298579201-A;21/12/2025 22:04:51;Recibido;23990;3990;27980;4318;0.0000;19672;1;VESTIDO CORTO FLORAL CON VUELOS CRUZADOS FUCSIA NICOPOLY;MPM10003037830-2;N06163BL;21/12/2025 22:04:52;Flujo Crossdock- Ripley PAQ;Barrera;Luzmira;;Pasaje rojo 137;casa;;;LA FLORIDA;REG.METROPOLITANA;CL;Barrera;Luzmira;;Pasaje rojo 137;;;;LA FLORIDA;REG.METROPOLITANA;CL;23990;0;3990;0;27980;0;CLP
000000560350;24298608601-A;21/12/2025 22:15:49;Recibido;14990;0;14990;2698;0.0000;12292;1;BODY HALTER TIPO SATIN NEGRO NICOPOLY;MPM10001878231-1;N05047BS;21/12/2025 22:15:49;4d_Retiro Tienda Ripley Crillon;Romero;Areli;;"Agustinas #1025 ";Piso -1. Modulo Retiro en Tienda;;;SANTIAGO;REG.METROPOLITANA;CL;Romero;Areli;;Santa Isabel 157 511;;;;SANTIAGO;REG.METROPOLITANA;CL;14990;0;0;0;14990;0;CLP
000000560350;24298608601-A;21/12/2025 22:15:49;Recibido;18190;0;18190;3274;0.0000;14916;1;SHORT MUJER NICOPOLY BEIGE BÁSICO TIRO ALTO;MPM10002122158-3;N05260GS;21/12/2025 22:15:49;4d_Retiro Tienda Ripley Crillon;Romero;Areli;;"Agustinas #1025 ";Piso -1. Modulo Retiro en Tienda;;;SANTIAGO;REG.METROPOLITANA;CL;Romero;Areli;;Santa Isabel 157 511;;;;SANTIAGO;REG.METROPOLITANA;CL;18190;0;0;0;18190;0;CLP
000000560350;24298650001-A;21/12/2025 22:24:31;Recibido;31990;0;31990;5758;0.0000;26232;1;BLAZER MUJER NICOPOLY NEGRO CUELLO MAO;MPM10002160484-3;N00156BS-6;21/12/2025 22:24:32;10d_Retiro Tienda Ripley Portal Temuco;Aguayo;Jacqueline;;"Avenida Alemania 0671 ";3er Piso, Modulo Retiro en Tienda;;;TEMUCO;IX REGION;CL;Aguayo;Jacqueline;;Avenida Alemania 0450;;;;TEMUCO;IX REGION;CL;31990;0;0;0;31990;0;CLP
000000560350;24298845601-A;21/12/2025 23:18:21;Reembolsado;27990;990;28980;5038;0.0000;22952;1;VESTIDO CINTURA ELASTICADA FLORES NARANJA NICOPOLY;MPM10003032291-1;N06162RL;21/12/2025 23:18:22;4d_Retiro Tienda Ripley Tobalaba;Muoz;"Antonia ";;"Av. Camilo Henríquez 3296, Puente Alto ";2do Piso. Modulo Retiro en Tienda;;;PUENTE ALTO;REG.METROPOLITANA;CL;Muoz;"Antonia ";;Sauvignon 5035;;;;PUENTE ALTO;REG.METROPOLITANA;CL;27990;0;990;0;28980;0;CLP
000000560350;24298898801-A;21/12/2025 23:31:11;Recibido;23990;990;24980;4318;0.0000;19672;1;JEANS BASICO PIERNA ANCHA NICOPOLY;MPM10002912796-1;N06003P34;21/12/2025 23:31:12;4d_Retiro Tienda Ripley Crillon;Zegers;Sebastian;;"Agustinas #1025 ";Piso -1. Modulo Retiro en Tienda;;;SANTIAGO;REG.METROPOLITANA;CL;Zegers;Sebastian;;Pedro Subercaseaux  3070;;;;SANTIAGO;REG.METROPOLITANA;CL;23990;0;990;0;24980;0;CLP
000000560350;24299364001-A;22/12/2025 08:11:30;Recibido;36990;0;36990;6658;0.0000;30332;1;BLAZER DE TOPE MANGA 3/4 RECOGIDA ROJO NICOPOLY;MPM10002842868-2;N03049DM-7;22/12/2025 08:11:31;Flujo Crossdock- Ripley PAQ;Peralta;Daniela;;Januario Espinoza  7260;S/N;;;LA REINA;REG.METROPOLITANA;CL;Peralta;Daniela;;Januario Espinoza  7260;;;;LA REINA;REG.METROPOLITANA;CL;36990;0;0;0;36990;0;CLP
000000560350;24299505201-A;22/12/2025 09:43:31;Reembolsado;49990;2195;52185;8998;0.0000;40992;1;VESTIDO LARGO TIRANTES CRUZADOS NEGRO NICOPOLY;MPM10002979450-3;N06145BS;22/12/2025 09:43:32;Flujo Crossdock- Ripley PAQ;Lienlaf;Tatiana;;"La Curruca 719 ";S/N;;;MAIPU;REG.METROPOLITANA;CL;Lienlaf;Tatiana;;"La Curruca 719 ";;;;MAIPU;REG.METROPOLITANA;CL;49990;0;2195;0;52185;0;CLP
000000560350;24299505201-A;22/12/2025 09:43:31;Reembolsado;49990;2195;52185;8998;0.0000;40992;1;VESTIDO LARGO TIRANTES CRUZADOS NEGRO NICOPOLY;MPM10002979450-2;N06145BM;22/12/2025 09:43:32;Flujo Crossdock- Ripley PAQ;Lienlaf;Tatiana;;"La Curruca 719 ";S/N;;;MAIPU;REG.METROPOLITANA;CL;Lienlaf;Tatiana;;"La Curruca 719 ";;;;MAIPU;REG.METROPOLITANA;CL;49990;0;2195;0;52185;0;CLP
000000560350;24300268701-A;22/12/2025 13:39:22;Reembolsado;26990;0;26990;4858;0.0000;22132;1;FULFILLMENT-BLAZER MANGA DETALLE DRAPEADO BLANCO NICOPOLY;MPM10002975140-2;N02481AXL-5-FF;22/12/2025 13:39:23;FF_MATRIX;Silva;Luz;;Las hiedras 4085;Casa;;;RENCA;REG.METROPOLITANA;CL;Silva;Luz;;Las hiedras 4085;;;;RENCA;REG.METROPOLITANA;CL;26990;0;0;0;26990;0;CLP
000000560350;24300368001-A;22/12/2025 14:11:45;Recibido;36990;1980;38970;6658;0.0000;30332;1;CHAQUETA MAO ECOCUERO CAFE NICOPOLY;MPM10001385117-3;N02106US-4;22/12/2025 14:11:46;Flujo Crossdock- Ripley PAQ;Casanova;Adela;;cuatro norte 955;410;;;TALCA;VII REGION;CL;Casanova;Adela;;cuatro norte 955;;;;TALCA;VII REGION;CL;36990;0;1980;0;38970;0;CLP
000000560350;24300465801-A;22/12/2025 14:46:48;Recibido;25990;195;26185;4678;0.0000;21312;1;BLAZER 6 BOTONES ROJO NICOPOLY;MPM10002911536-2;N06001DM;22/12/2025 14:46:49;Flujo Crossdock- Ripley PAQ;Cabrera;Angelica;;condor 793;304a;;;SANTIAGO;REG.METROPOLITANA;CL;Cabrera;Angelica;;condor 793;;;;SANTIAGO;REG.METROPOLITANA;CL;25990;0;195;0;26185;0;CLP
000000560350;24300465801-A;22/12/2025 14:46:48;Recibido;31990;195;32185;5758;0.0000;26232;1;BLAZER CUELLO CRUZADO KHAKI NICOPOLY;MPM10002843162-2;N05299LM-7;22/12/2025 14:46:49;Flujo Crossdock- Ripley PAQ;Cabrera;Angelica;;condor 793;304a;;;SANTIAGO;REG.METROPOLITANA;CL;Cabrera;Angelica;;condor 793;;;;SANTIAGO;REG.METROPOLITANA;CL;31990;0;195;0;32185;0;CLP
000000560350;24300559401-A;22/12/2025 15:16:43;Recibido;23990;0;23990;4318;0.0000;19672;1;FULFILLMENT-PANTALON MUJER NICOPOLY BLANCO MEZCLA LINO;MPM10003037772-1;N05020AL-FF;22/12/2025 15:16:44;FF_MATRIX;Lopez;Hernan;;1 SUR 7844;S/N;;;PE.ALOLEN;REG.METROPOLITANA;CL;Lopez;Hernan;;1 SUR 7844;;;;PE.ALOLEN;REG.METROPOLITANA;CL;23990;0;0;0;23990;0;CLP
000000560350;24300556201-A;22/12/2025 15:17:41;Recibido;31492;0;31492;5669;0.0000;25823;1;FULFILLMENT-ENTERITO MUJER NICOPOLY BLANCO ESCOTE CRUZADO;MPM10003037765-3;N05044AL-FF;22/12/2025 15:17:42;FF_MATRIX_DX;Yanez;Maura;;Nicanor marambio 3842;Casa;;;NUNOA;REG.METROPOLITANA;CL;Yanez;Maura;;Nicanor marambio 3842;;;;NUNOA;REG.METROPOLITANA;CL;31492;0;0;0;31492;0;CLP
000000560350;24300683501-A;22/12/2025 16:02:50;Recibido;14990;990;15980;2698;0.0000;12292;1;TOP ACANALADO HOMBROS CAIDOS BLANCO NICOPOLY;MPM10001856338-2;N05129AM;22/12/2025 16:02:51;5d_Retiro Tienda Ripley Quilpué;Estay;"Nicole ";;"Claudio Vicuña 992, Quilpue ";" 3er Piso. Modulo Retiro en Tienda";;;QUILPUE;V REGION;CL;Estay;"Nicole ";;Población independencia pasaje 1;;;;QUILPUE;V REGION;CL;14990;0;990;0;15980;0;CLP
000000560350;24301321301-A;22/12/2025 19:48:47;Recibido;27990;4990;32980;5038;0.0000;22952;1;BLAZER MUJER NICOPOLY NEGRO LAZO DELANTERO;MPM10002128962-1;N05276BL;22/12/2025 19:48:48;Flujo Crossdock- Ripley PAQ;Campos;Sandra;;Avenida senador jaime guzman 4243;8;;;TALAGANTE;REG.METROPOLITANA;CL;Campos;Sandra;;Avenida senador jaime guzman 4243;;;;TALAGANTE;REG.METROPOLITANA;CL;27990;0;4990;0;32980;0;CLP
000000560350;24301388001-A;22/12/2025 20:14:56;Recibido;25990;990;26980;4678;0.0000;21312;1;PANTALÓN MUJER NICOPOLY BEIGE MEZCLA LINO;MPM10001878069-3;N05020LM;22/12/2025 20:14:57;6d_Retiro Tienda Ripley Nueva Valdivia;"lvarez Quezada ";"Ana Mireya ";;"Arauco 561 ";" 3er Piso. Servicio al Cliente";;;VALDIVIA;XIV REGION;CL;"lvarez Quezada ";"Ana Mireya ";;"Avda Argentina  3558 ";;;;VALDIVIA;XIV REGION;CL;25990;0;990;0;26980;0;CLP
000000560350;24302053101-A;23/12/2025 01:00:59;Recibido;27990;6990;34980;5038;0.0000;22952;1;CHAQUETA CUELLO CAMISERO ECOCUERO NEGRO NICOPOLY;MPM10001383864-2;N04228BL;23/12/2025 01:01:01;Flujo Crossdock- Ripley PAQ;Montecinos;Valeria;;huechuraba 02072;casa;;;TEMUCO;IX REGION;CL;Montecinos;Valeria;;huechuraba 02072;;;;TEMUCO;IX REGION;CL;27990;0;6990;0;34980;0;CLP
000000560350;24302089902-A;23/12/2025 01:48:02;Recibido;51980;5489;57469;9356;0.0000;42624;2;VESTIDO FLOREADO BOTONES DELANTEROS AZUL MARINO NICOPOLY;MPM10003037612-3;N06054PXL;23/12/2025 01:48:05;Flujo Crossdock- Ripley PAQ;Zenteno;Miguel;;Mario Vargas Llosa 3681;S/N;;;PUENTE ALTO;REG.METROPOLITANA;CL;Zenteno;Miguel;;Mario Vargas Llosa 3681;;;;PUENTE ALTO;REG.METROPOLITANA;CL;51980;0;5489;0;57469;0;CLP
000000560350;24303071101-A;23/12/2025 17:12:08;Recibido;18490;0;18490;3328;0.0000;15162;1;FULFILLMENT-PANTALON LEOPARDO CAFE  NICOPOLY;MPM10003037760-2;N06074US-FF;23/12/2025 17:12:09;FF_MATRIX;King;Stephanie;;Juan XXIII 6821;402 E;;;VITACURA;REG.METROPOLITANA;CL;King;Stephanie;;Juan XXIII 6821;;;;VITACURA;REG.METROPOLITANA;CL;18490;0;0;0;18490;0;CLP
000000560350;24303344801-A;23/12/2025 19:59:11;Recibido;23990;0;23990;4318;0.0000;19672;1;FULFILLMENT-VESTIDO SATINADO ESCOTE FRUNCIDO LILA NICOPOLY;MPM10003087992-3;N06164ZL-FF;23/12/2025 19:59:12;FF_MATRIX;Soto Delaigue;Jaime;;Tocumen , Villa Torino  1489;S/N;;;RANCAGUA;VI REGION;CL;Soto Delaigue;Jaime;;Tocumen , Villa Torino  1489;;;;RANCAGUA;VI REGION;CL;23990;0;0;0;23990;0;CLP
