Número de factura;Order number;Date created;Estado del pedido;Subtotal de artículos (con impuestos);Gastos de envío (con impuestos);Precio total (con impuestos);Commission (excluding taxes);Impuestos sobre la comisión;Amount transferred to tienda (including taxes);Quantity;Producto;Product SKU;Offer SKU;Fecha de confirmación del pago;Shipping method;Shipping address last name;Shipping address first name;Shipping address company;Shipping address street 1;Shipping address street 2;Dirección de entrega: complementaria;Shipping address zip;Shipping address city;Shipping address state;Shipping address country;Billing address last name;Billing address first name;Billing address company;Billing address street 1;Billing address street 2;Dirección de facturación: complementaria;Billing address zip;Billing address city;Billing address state;Billing address country;Subtotal de artículos (sin impuestos);Impuestos sobre artículos;Gastos de envío (sin impuestos);Impuestos sobre gastos de envío;Precio total (sin impuestos);Impuestos sobre el precio total;Currency
000000550779;23895253001-A;17/09/2025 16:22:24;Reembolsado;23990;0;23990;4318;0.0000;19672;1;SOBRECAMISA ALGODÓN MUJER NICOPOLY GRIS COTELÉ;MPM10002160531-3;N05201IL;17/09/2025 16:22:26;Flujo Crossdock- Ripley PAQ;Castro;Leslie;;Callejon las vegas 596;S/N;;;LINARES;VII REGION;CL;Castro;Leslie;;Callejon las vegas 596;;;;LINARES;VII REGION;CL;23990;0;0;0;23990;0;CLP
000000550779;23908553701-A;23/09/2025 22:32:51;Cerrado;37990;0;37990;6838;0.0000;31152;1;FULFILLMENT-BLAZER MANGA DETALLE DRAPEADO NEGRO NICOPOLY;MPM10002975130-4;N02481BL-5-FF;23/09/2025 22:32:52;FF_MATRIX_STS;Cerda Acevedo;Vanesa;;"José Domingo Mujica 490 ";" 3er Piso. Modulo Retiro en Tienda";;;RANCAGUA;VI REGION;CL;Cerda Acevedo;Vanesa;;Avenida Republica de chile  511;;;;RANCAGUA;VI REGION;CL;37990;0;0;0;37990;0;CLP
000000550779;23917161301-A;24/09/2025 22:46:54;Reembolsado;37990;990;38980;6838;0.0000;31152;1;VESTIDO MUJER NICOPOLY BURDEO CUELLO ALTO;MPM10002128948-1;N05198TM;24/09/2025 22:46:56;5d_Retiro Tienda Ripley Chillán;Hassler Benn;Maria;;"5 de Abril 699 ";4to Piso. Centro de atención al Cliente;;;CHILLAN;VIII REGION;CL;Hassler Benn;Maria;;caminocolonia bernardo ohiggins 2300;;;;CHILLAN;VIII REGION;CL;37990;0;990;0;38980;0;CLP
000000550779;23939400501-A;27/09/2025 22:00:33;Cerrado;32990;0;32990;5938;0.0000;27052;1;FULFILLMENT-BLUSA CUELLO TIPO CORBATA BLANCO NICOPOLY;MPM10002964097-3;N06119AM-FF;27/09/2025 22:00:35;FF_MATRIX_STS;ALBORNOZ;ISIDORA;;"Avenida Kennedy 5413 ";4to Piso. Modulo Retiro en Tienda;;;LAS CONDES;REG.METROPOLITANA;CL;ALBORNOZ;ISIDORA;;El Dante 4320;;;;LAS CONDES;REG.METROPOLITANA;CL;32990;0;0;0;32990;0;CLP
000000550779;23940326501-A;28/09/2025 16:01:51;Cerrado;25990;0;25990;4678;0.0000;21312;1;FULFILLMENT-GILET MUJER NICOPOLY NEGRO BÁSICO 4 BOTONES;MPM10002146380-3;N05262BXL-FF;28/09/2025 16:01:52;FF_MATRIX_STS;Astudillo;"Eduardo ";;"Avenida Alemania 0671 ";3er Piso, Modulo Retiro en Tienda;;;TEMUCO;IX REGION;CL;Muoz;Lisseth Alejandra;;rudecindo ortega 2100;;;;TEMUCO;IX REGION;CL;25990;0;0;0;25990;0;CLP
000000550779;23961978801-A;30/09/2025 19:12:09;Cerrado;43990;195;44185;7918;0.0000;36072;1;VESTIDO LARGO CUELLO MOCK BURDEO NICOPOLY;MPM10002627268-2;N05311TL;30/09/2025 19:12:10;Flujo Same day BX;Romero;Maria Ignacia;;Camino el parque 100;401;;;VITACURA;REG.METROPOLITANA;CL;Romero;Maria Ignacia;;Camino el parque 100;;;;VITACURA;REG.METROPOLITANA;CL;43990;0;195;0;44185;0;CLP
000000550779;23962872901-A;01/10/2025 09:46:27;Cerrado;28990;0;28990;5218;0.0000;23772;1;FULFILLMENT-GILET BASICO BLANCO NICOPOLY;MPM10002943917-1;N04273AS-FF;01/10/2025 09:46:28;FF_MATRIX_STS;Oyarce;Giglia;;"Avenida Jorge Alessandri 3177 ";" 3er Piso. Modulo Retiro en Tienda";;;TALCAHUANO;VIII REGION;CL;Oyarce;Giglia;;Pucara Poniente  2172;;;;TALCAHUANO;VIII REGION;CL;28990;0;0;0;28990;0;CLP
000000550779;23965765701-A;02/10/2025 17:13:32;Cerrado;46390;0;46390;8350;0.0000;38040;1;FULFILLMENT-VESTIDO LARGO ESCOTE DRAPEADO MORADO NICOPOLY;MPM10002975114-4;N06078ZM-FF;02/10/2025 17:13:33;FF_MATRIX_STS;Fonseca;Patricia;;"8 Oriente 1212 ";" 2do Piso. Modulo Retiro en Tienda";;;TALCA;VII REGION;CL;Fonseca;Patricia;;Pasaje Santa Bernardita 398;;;;TALCA;VII REGION;CL;46390;0;0;0;46390;0;CLP
000000550779;23967832901-A;03/10/2025 21:52:09;Cerrado;13190;990;14180;2374;0.0000;10816;1;SWEATER BASICO PERLAS FUCSIA NICOPOLY;MPM10002842901-1;N03095SM-7;03/10/2025 21:52:11;4d_Retiro Tienda Ripley Costanera Center;Blacio;Samantha;;"Avenida Andrés Bello 2422 ";" 1er Piso. Modulo Retiro en Tienda";;;PROVIDENCIA;REG.METROPOLITANA;CL;Blacio;Samantha;;Avenida Irarrázaval 200;;;;PROVIDENCIA;REG.METROPOLITANA;CL;13190;0;990;0;14180;0;CLP
000000550779;23967921101-A;03/10/2025 22:46:09;Cerrado;27990;0;27990;5038;0.0000;22952;1;FULFILLMENT-PANTALON BASICO CELESTE NICOPOLY;MPM10002952981-1;N05298KS-FF;03/10/2025 22:46:10;FF_MATRIX_STS;Vargas;"Angela ";;"Juan Soler Manfredini 10 ";" 6to Piso. Modulo Retiro en Tienda";;;PTO.MONTT;X REGION;CL;Vargas;"Angela ";;11 de septiembre 291;;;;PTO.MONTT;X REGION;CL;27990;0;0;0;27990;0;CLP
000000550779;23967921101-A;03/10/2025 22:46:09;Cerrado;20790;0;20790;3742;0.0000;17048;1;FULFILLMENT-GILET 4 BOTONES CELESTE NICOPOLY;MPM10002952991-2;N05262KS-FF;03/10/2025 22:46:10;FF_MATRIX_STS;Vargas;"Angela ";;"Juan Soler Manfredini 10 ";" 6to Piso. Modulo Retiro en Tienda";;;PTO.MONTT;X REGION;CL;Vargas;"Angela ";;11 de septiembre 291;;;;PTO.MONTT;X REGION;CL;20790;0;0;0;20790;0;CLP
000000550779;23968602301-A;04/10/2025 15:13:51;Cerrado;35990;0;35990;6478;0.0000;29512;1;FULFILLMENT-BLAZER BASICO DE TOPE GRIS NICOPOLY;MPM10002952984-3;N05301IL-FF;04/10/2025 15:13:52;FF_MATRIX_STS;Fischer Camadro;Sylvana;;"Calle Maipu S/N, Copiapo ";" 2do Piso. Servicio al Cliente";;;COPIAPO;III REGION;CL;Fischer Camadro;Sylvana;;Cacique Lainacacha 961;;;;COPIAPO;III REGION;CL;35990;0;0;0;35990;0;CLP
000000550779;23972687001-A;05/10/2025 23:42:12;Reembolsado;27990;0;27990;5038;0.0000;22952;1;PANTALON BASICO KHAKI NICOPOLY;MPM10002842875-4;N05298LL-7;05/10/2025 23:42:13;4d_Retiro Tienda Ripley Huechuraba;Opazo;Vernica;;"Av. Americo Vespucio Norte 1737 ";" 2do Piso. Modulo Retiro en Tienda";;;HUECHURABA;REG.METROPOLITANA;CL;Opazo;Vernica;;Camilo Berrios Quintanilla 142;;;;HUECHURABA;REG.METROPOLITANA;CL;27990;0;0;0;27990;0;CLP
000000550779;23975282801-A;06/10/2025 00:55:06;Reembolsado;13990;0;13990;2518;0.0000;11472;1;VESTIDO CORTO MUJER NICOPOLY CELESTE ABERTURAS MANGAS;MPM10001849480-1;N02336KL-5;06/10/2025 00:55:07;5d_Retiro Tienda Ripley Mall Concepción;González;Constanza;;"Barros Arana 1068, Concepcion ";" 3er Piso. Modulo Retiro en Tienda";;;CONCEPCION;VIII REGION;CL;González;Constanza;;Lautaro 567;;;;CONCEPCION;VIII REGION;CL;13990;0;0;0;13990;0;CLP
000000550779;23978889901-A;06/10/2025 08:57:43;Cerrado;9590;990;10580;1726;0.0000;7864;1;POLERA ESCOTE EN V BASICA BLANCO NICOPOLY;MPM10002965953-3;N06124AS;06/10/2025 08:57:44;5d_Retiro Tienda Ripley Quilpué;Estay Yuivar;Roxana;;"Claudio Vicuña 992, Quilpue ";" 3er Piso. Modulo Retiro en Tienda";;;QUILPUE;V REGION;CL;Estay Yuivar;Roxana;;Londres 1378;;;;QUILPUE;V REGION;CL;9590;0;990;0;10580;0;CLP
000000550779;23980440101-A;06/10/2025 10:12:49;Reembolsado;59980;0;59980;10796;0.0000;49184;2;BLAZER 6 BOTONES ROJO;MPM10002911536-1;N06001DS;06/10/2025 10:12:50;6d_Retiro Tienda Ripley Nueva Valdivia;Oyanedel;Fernanda;;"Arauco 561 ";" 3er Piso. Servicio al Cliente";;;VALDIVIA;XIV REGION;CL;Oyanedel;Fernanda;;Baquedano 445;;;;VALDIVIA;XIV REGION;CL;59980;0;0;0;59980;0;CLP
000000550779;23980440101-A;06/10/2025 10:12:49;Reembolsado;28990;0;28990;5218;0.0000;23772;1;BLAZER SIN MANGAS BOLSILLOS CAFE;MPM10002942345-4;N04294OM;06/10/2025 10:12:50;6d_Retiro Tienda Ripley Nueva Valdivia;Oyanedel;Fernanda;;"Arauco 561 ";" 3er Piso. Servicio al Cliente";;;VALDIVIA;XIV REGION;CL;Oyanedel;Fernanda;;Baquedano 445;;;;VALDIVIA;XIV REGION;CL;28990;0;0;0;28990;0;CLP
000000550779;23982076201-A;06/10/2025 11:26:45;Reembolsado;20790;990;21780;3742;0.0000;17048;1;ENTERITO MUJER NICOPOLY ACERO CUT OUT ESCOTE AZUL;MPM10002122128-3;N05303CL;06/10/2025 11:26:46;5d_Retiro Tienda Ripley Mall Concepción;Rivas;Valentina;;"Barros Arana 1068, Concepcion ";" 3er Piso. Modulo Retiro en Tienda";;;CONCEPCION;VIII REGION;CL;Rivas;Valentina;;Victor Lamas 1273;;;;CONCEPCION;VIII REGION;CL;20790;0;990;0;21780;0;CLP
000000550779;23983688601-A;06/10/2025 12:33:56;Reembolsado;35990;990;36980;6478;0.0000;29512;1;BLAZER BASICO DE TOPE MORADO NICOPOLY;MPM10002843019-2;N05301ZXL-7;06/10/2025 12:33:57;4d_Retiro Tienda Ripley Parque Arauco;"Esteban ";"Martina ";;"Avenida Kennedy 5413 ";4to Piso. Modulo Retiro en Tienda;;;LAS CONDES;REG.METROPOLITANA;CL;"Esteban ";"Martina ";;Vaticano 4304;;;;LAS CONDES;REG.METROPOLITANA;CL;35990;0;990;0;36980;0;CLP
000000550779;23984696202-A;06/10/2025 13:19:25;Cerrado;34990;0;34990;6298;0.0000;28692;1;FULFILLMENT-BLAZER LARGO 4 BOTONES ROSADO NICOPOLY;MPM10002943889-5;N05299HXL-FF;06/10/2025 13:19:26;FF_MATRIX_STS;Mella;Paulina Alejandra;;"Avenida Libertad 1348 ";" Piso 4. Modulo Retiro en Tienda";;;VI.A DEL MA;V REGION;CL;Mella;Paulina Alejandra;;Pob 125;;;;VI.A DEL MA;V REGION;CL;34990;0;0;0;34990;0;CLP
000000550779;23985320002-A;06/10/2025 13:47:47;Cerrado;31990;0;31990;5758;0.0000;26232;1;FULFILLMENT-BLAZER BASICO DE TOPE BLANCO NICOPOLY;MPM10002943904-2;N05301AL-FF;06/10/2025 13:47:48;FF_MATRIX_STS;Antivil;"Lorena ";;"Avenida Jorge Alessandri 3177 ";" 3er Piso. Modulo Retiro en Tienda";;;TALCAHUANO;VIII REGION;CL;Sepulveda Antivil;Abigail Mical Beln;;Zaragoza 3617;;;;TALCAHUANO;VIII REGION;CL;31990;0;0;0;31990;0;CLP
000000550779;23989439301-A;06/10/2025 16:58:49;Cerrado;43990;0;43990;7918;0.0000;36072;1;FULFILLMENT-CHAQUETA BIKER NEGRO NICOPOLY;MPM10002725927-2;N02107BXL-6-FF;06/10/2025 16:58:50;FF_MATRIX_STS;Balboa;Elizabeth;;"Agustinas #1025 ";Piso -1. Modulo Retiro en Tienda;;;SANTIAGO;REG.METROPOLITANA;CL;Balboa;Elizabeth;;VICUÑA MACKENNA  980;;;;SANTIAGO;REG.METROPOLITANA;CL;43990;0;0;0;43990;0;CLP
000000550779;23992795602-A;06/10/2025 19:46:28;Reembolsado;23990;0;23990;4318;0.0000;19672;1;FULFILLMENT-GILET SASTRE ENTALLADO BLANCO NICOPOLY;MPM10002952993-1;N06063AS-FF;06/10/2025 19:46:29;FF_MATRIX;Flores Soto;Soledad Del Rosario;;Baquedano 1242 1242;S/N;;;EL CARMEN;VIII REGION;CL;Flores Soto;Soledad Del Rosario;;Baquedano 1242 1242;;;;EL CARMEN;VIII REGION;CL;23990;0;0;0;23990;0;CLP
000000550779;23996165303-A;06/10/2025 21:46:49;Cerrado;25490;0;25490;4588;0.0000;20902;1;FULFILLMENT-PANTALON VESTIR RECTO KHAKI NICOPOLY;MPM10002952985-3;N06039LM-FF;06/10/2025 21:46:50;FF_MATRIX_STS;Serrano;Evelyn;;"Av. Pdte. Jorge Alessandri Rodríguez 20040, San Bernardo ";2do Piso. Modulo Retiro en Tienda;;;SN.BERNARDO;REG.METROPOLITANA;CL;Serrano;Evelyn;;Camino lonquen sur Par29;;;;SN.BERNARDO;REG.METROPOLITANA;CL;25490;0;0;0;25490;0;CLP
000000550779;23999647301-A;06/10/2025 23:23:19;Cerrado;23990;0;23990;4318;0.0000;19672;1;FULFILLMENT-BLUSA CUELLO TIPO CORBATA CELESTE NICOPOLY;MPM10002964105-4;N06119KL-FF;06/10/2025 23:23:20;FF_MATRIX_STS;Ruiz Retamal;Yanet;;"Valdivia 440, Los Angeles ";" 3er Piso. Servicio al Cliente";;;LOS ANGELES;VIII REGION;CL;Ruiz Retamal;Yanet;;Pje. Claudio Bravo 02;;;;LOS ANGELES;VIII REGION;CL;23990;0;0;0;23990;0;CLP
000000550779;23999805001-A;06/10/2025 23:28:30;Cerrado;23190;990;24180;4174;0.0000;19016;1;GILET BASICO AJUSTABLE BURDEO NICOPOLY;MPM10002842876-4;N04273TM-7;06/10/2025 23:28:31;8d_Retiro Tienda Ripley Copiapo;Arancibia;"Yankiray ";;"Calle Maipu S/N, Copiapo ";" 2do Piso. Servicio al Cliente";;;COPIAPO;III REGION;CL;Ardiles;Luisa;;salitrera paposo 1869;;;;COPIAPO;III REGION;CL;23190;0;990;0;24180;0;CLP
000000550779;24000614601-A;06/10/2025 23:56:53;Cerrado;34990;0;34990;6298;0.0000;28692;1;FULFILLMENT-BLAZER LARGO 4 BOTONES ROSADO NICOPOLY;MPM10002943889-3;N05299HL-FF;06/10/2025 23:56:54;FF_MATRIX_STS;Tapia;Stephanie;;"Balmaceda 3242, Calama ";" 2do Piso. Servicio al Cliente";;;CALAMA;II REGION;CL;Tapia;Stephanie;;Vasco de gama 2192;;;;CALAMA;II REGION;CL;34990;0;0;0;34990;0;CLP
000000550779;24001355101-A;07/10/2025 00:33:17;Reembolsado;34990;0;34990;6298;0.0000;28692;1;FULFILLMENT-BLAZER MANGA 3/4 AJUSTADA CON PLIEGUES BLANCO;MPM10002943892-5;N03049AXL-FF;07/10/2025 00:33:19;FF_MATRIX;Valdebenito Ibaceta;Nicol Andrea;;Diagonal Alto, población la Lumbrera 21;casa;;;CABILDO;V REGION;CL;Valdebenito Ibaceta;Nicol Andrea;;Diagonal Alto, población la Lumbrera 21;;;;CABILDO;V REGION;CL;34990;0;0;0;34990;0;CLP
000000550779;24001828101-A;07/10/2025 01:17:54;Reembolsado;27990;0;27990;5038;0.0000;22952;1;FULFILLMENT-PANTALÓN MUJER NICOPOLY NEGRO PIERNA ANCHA CON PASADOR;MPM10002146394-3;N05298BXL-FF;07/10/2025 01:17:55;FF_MATRIX_STS;Araneda Alvarez;Claudia;;"Avenida Alemania 0671 ";3er Piso, Modulo Retiro en Tienda;;;TEMUCO;IX REGION;CL;Alvarez C;Jacqueline;;Luis Durand 3057;;;;TEMUCO;IX REGION;CL;27990;0;0;0;27990;0;CLP
000000550779;24002588301-A;07/10/2025 07:14:05;Reembolsado;21490;990;22480;3868;0.0000;17622;1;GILET LARGO CON BOTONES NEGRO;MPM10002910447-3;N06135BL;07/10/2025 07:14:06;10d_Retiro Tienda Ripley Portal Temuco;Quiroz;Misael;;"Avenida Alemania 0671 ";3er Piso, Modulo Retiro en Tienda;;;TEMUCO;IX REGION;CL;Quiroz;Misael;;GALVARINO 885;;;;TEMUCO;IX REGION;CL;21490;0;990;0;22480;0;CLP
000000550779;24004353101-A;07/10/2025 10:10:01;Cerrado;34990;0;34990;6298;0.0000;28692;1;FULFILLMENT-BLAZER MANGA 3/4 AJUSTADA CON PLIEGUES GRIS;MPM10002943916-3;N03049IL-FF;07/10/2025 10:10:03;FF_MATRIX_STS;Mera;Ana Belen;;"21 de Mayo 698 ";4to Piso. Modulo Retiro en Tienda;;;SANTIAGO;REG.METROPOLITANA;CL;Mera;Ana Belen;;1585 Obispo Carlos San Martín 1585;;;;SANTIAGO;REG.METROPOLITANA;CL;34990;0;0;0;34990;0;CLP
000000550779;24005209301-A;07/10/2025 10:59:13;Cerrado;47990;0;47990;8638;0.0000;39352;1;FULFILLMENT-ABRIGO 4 BOTONES ROJO NICOPOLY;MPM10002725930-2;N05155DL-FF;07/10/2025 10:59:14;FF_MATRIX_STS;Arriagada;Kharime;;"Sucre 290, Viña ";5to Piso. Modulo Retiro en Tienda;;;VI.A DEL MA;V REGION;CL;Arriagada;Kharime;;Calle Limache 1300;;;;VI.A DEL MA;V REGION;CL;47990;0;0;0;47990;0;CLP
000000550779;24006245602-A;07/10/2025 11:53:46;Reembolsado;34990;0;34990;6298;0.0000;28692;1;FULFILLMENT-BLAZER CUELLO CRUZADO BLANCO NICOPOLY;MPM10002943914-5;N05299AM-FF;07/10/2025 11:53:47;FF_MATRIX_STS;"Muñoz Escamilla ";"Nayaret ";;"5 de Abril 699 ";4to Piso. Centro de atención al Cliente;;;CHILLAN;VIII REGION;CL;Fuentes;Genesis;;Los Claveles 1310;;;;CHILLAN;VIII REGION;CL;34990;0;0;0;34990;0;CLP
000000550779;24007639301-A;07/10/2025 13:08:51;Reembolsado;21490;990;22480;3868;0.0000;17622;1;GILET LARGO CON BOTONES NEGRO;MPM10002910447-3;N06135BL;07/10/2025 13:08:52;4d_Retiro Tienda Ripley Tobalaba;Gomez;Monica;;"Av. Camilo Henríquez 3296, Puente Alto ";2do Piso. Modulo Retiro en Tienda;;;PUENTE ALTO;REG.METROPOLITANA;CL;Gomez;Monica;;Los quillayes  474;;;;PUENTE ALTO;REG.METROPOLITANA;CL;21490;0;990;0;22480;0;CLP
000000550779;24011699401-A;07/10/2025 16:42:57;Cerrado;25490;0;25490;4588;0.0000;20902;1;FULFILLMENT-PANTALON VESTIR RECTO KHAKI NICOPOLY;MPM10002952985-1;N06039LS-FF;07/10/2025 16:42:58;FF_MATRIX_STS;Jopia;Lindsay;;"Vivar 550 ";" 4to Piso. Servicio al Cliente";;;IQUIQUE;I REGION;CL;Varas;Elvira;;cespedes y gonzalez 918;;;;IQUIQUE;I REGION;CL;25490;0;0;0;25490;0;CLP
000000550779;24012384701-A;07/10/2025 17:21:59;Reembolsado;22390;0;22390;4030;0.0000;18360;1;CÁRDIGAN MUJER NICOPOLY ROJO CROP PERLAS;MPM10002160522-2;N05227DS;07/10/2025 17:22:01;5d_Retiro Tienda Ripley Mall Concepción;Ponce;Rosario;;"Barros Arana 1068, Concepcion ";" 3er Piso. Modulo Retiro en Tienda";;;CONCEPCION;VIII REGION;CL;Ponce;Rosario;;Lebu  734;;;;CONCEPCION;VIII REGION;CL;22390;0;0;0;22390;0;CLP
000000550779;24012384701-A;07/10/2025 17:22:00;Reembolsado;22390;0;22390;4030;0.0000;18360;1;CÁRDIGAN MUJER NICOPOLY BLANCO INVIERNO CROP PERLAS;MPM10002160500-1;N05227AS;07/10/2025 17:22:01;5d_Retiro Tienda Ripley Mall Concepción;Ponce;Rosario;;"Barros Arana 1068, Concepcion ";" 3er Piso. Modulo Retiro en Tienda";;;CONCEPCION;VIII REGION;CL;Ponce;Rosario;;Lebu  734;;;;CONCEPCION;VIII REGION;CL;22390;0;0;0;22390;0;CLP
000000550779;24015065601-A;07/10/2025 19:43:51;Recibido;19990;0;19990;3598;0.0000;16392;1;FULFILLMENT-POLERA SIN MANGAS ANIMAL PRINT;MPM10002943899-3;N06088UM-FF;07/10/2025 19:43:52;FF_MATRIX_STS;Zarrias;Nicole;;"Arturo Prat 530 ";" 4to Piso. Servicio al Cliente";;;ANTOFAGASTA;II REGION;CL;Zarrias;Nicole;;Santa cruz, coviefi 02266;;;;ANTOFAGASTA;II REGION;CL;19990;0;0;0;19990;0;CLP
000000550779;24017225201-A;07/10/2025 21:16:04;Reembolsado;31490;0;31490;5668;0.0000;25822;1;ABRIGO HOMBROS CAIDOS MOCA NICOPOLY;MPM10002646295-2;N05174UM;07/10/2025 21:16:05;Flujo Same day BX;Cabezas;Benjamin;;Marinero Baez 7533;S/N;;;RENCA;REG.METROPOLITANA;CL;Cabezas;Benjamin;;Marinero Baez 7533;;;;RENCA;REG.METROPOLITANA;CL;31490;0;0;0;31490;0;CLP
000000550779;24017601501-A;07/10/2025 21:27:51;Cerrado;34990;0;34990;6298;0.0000;28692;1;FULFILLMENT-BLAZER CUELLO SIN SOLAPA ROSADO NICOPOLY;MPM10002975127-3;N05140HS-FF;07/10/2025 21:27:52;FF_MATRIX_STS;Pino Labra;José Daniel;;"José Domingo Mujica 490 ";" 3er Piso. Modulo Retiro en Tienda";;;RANCAGUA;VI REGION;CL;Labra;Camila;;Poblacion Los Heroes Coinco 310;;;;RANCAGUA;VI REGION;CL;34990;0;0;0;34990;0;CLP
000000550779;24019087501-A;07/10/2025 22:15:03;Cerrado;37790;495;38285;6802;0.0000;30988;1;ENTERITO CUELLO MOCK BURDEO NICOPOLY;MPM10002627263-1;N05313TS;07/10/2025 22:15:04;4d_Retiro Tienda Ripley Costanera Center;Schmitz;"Javiera ";;"Avenida Andrés Bello 2422 ";" 1er Piso. Modulo Retiro en Tienda";;;PROVIDENCIA;REG.METROPOLITANA;CL;Schmitz;"Javiera ";;San sebastian 2970;;;;PROVIDENCIA;REG.METROPOLITANA;CL;37790;0;495;0;38285;0;CLP
000000550779;24019087501-A;07/10/2025 22:15:03;Cerrado;24490;495;24985;4408;0.0000;20082;1;VESTIDO CUELLO MOCK NEGRONICOPOLY;MPM10002627271-3;N05292BM;07/10/2025 22:15:04;4d_Retiro Tienda Ripley Costanera Center;Schmitz;"Javiera ";;"Avenida Andrés Bello 2422 ";" 1er Piso. Modulo Retiro en Tienda";;;PROVIDENCIA;REG.METROPOLITANA;CL;Schmitz;"Javiera ";;San sebastian 2970;;;;PROVIDENCIA;REG.METROPOLITANA;CL;24490;0;495;0;24985;0;CLP
000000550779;24021572501-A;07/10/2025 23:22:25;Cerrado;20990;0;20990;3778;0.0000;17212;1;FULFILLMENT-GILET BASICO GRIS NICOPOLY;MPM10002943893-4;N04273IXL-FF;07/10/2025 23:22:26;FF_MATRIX_STS;Lizana;Carola;;"Av. Camilo Henríquez 3296, Puente Alto ";2do Piso. Modulo Retiro en Tienda;;;PUENTE ALTO;REG.METROPOLITANA;CL;Lizana;Carola;;Parque Antiguo 2460;;;;PUENTE ALTO;REG.METROPOLITANA;CL;20990;0;0;0;20990;0;CLP
000000550779;24021572501-A;07/10/2025 23:22:25;Cerrado;24990;0;24990;4498;0.0000;20492;1;FULFILLMENT-PANTALON BASICO GRIS NICOPOLY;MPM10002952999-1;N05298IXL-FF;07/10/2025 23:22:26;FF_MATRIX_STS;Lizana;Carola;;"Av. Camilo Henríquez 3296, Puente Alto ";2do Piso. Modulo Retiro en Tienda;;;PUENTE ALTO;REG.METROPOLITANA;CL;Lizana;Carola;;Parque Antiguo 2460;;;;PUENTE ALTO;REG.METROPOLITANA;CL;24990;0;0;0;24990;0;CLP
000000550779;24021572501-A;07/10/2025 23:22:25;Cerrado;34990;0;34990;6298;0.0000;28692;1;FULFILLMENT-BLAZER MANGA 3/4 AJUSTADA CON PLIEGUES GRIS;MPM10002943916-1;N03049IXL-FF;07/10/2025 23:22:26;FF_MATRIX_STS;Lizana;Carola;;"Av. Camilo Henríquez 3296, Puente Alto ";2do Piso. Modulo Retiro en Tienda;;;PUENTE ALTO;REG.METROPOLITANA;CL;Lizana;Carola;;Parque Antiguo 2460;;;;PUENTE ALTO;REG.METROPOLITANA;CL;34990;0;0;0;34990;0;CLP
000000550779;24023026301-A;08/10/2025 00:13:52;Reembolsado;29990;495;30485;5398;0.0000;24592;1;BLAZER 6 BOTONES MARRON NICOPOLY;MPM10002912487-2;N06001OL;08/10/2025 00:13:53;8d_Retiro Tienda Ripley Castellón;Gatica;Valeria;;"Castellon 520, Concepcion ";6to Piso. Servicio al Cliente;;;CONCEPCION;VIII REGION;CL;Gatica;Valeria;;Avenida Bosque Nativo 2741;;;;CONCEPCION;VIII REGION;CL;29990;0;495;0;30485;0;CLP
000000550779;24023026301-A;08/10/2025 00:13:52;Reembolsado;29990;495;30485;5398;0.0000;24592;1;BLAZER 6 BOTONES ROJO;MPM10002911536-3;N06001DL;08/10/2025 00:13:53;8d_Retiro Tienda Ripley Castellón;Gatica;Valeria;;"Castellon 520, Concepcion ";6to Piso. Servicio al Cliente;;;CONCEPCION;VIII REGION;CL;Gatica;Valeria;;Avenida Bosque Nativo 2741;;;;CONCEPCION;VIII REGION;CL;29990;0;495;0;30485;0;CLP
000000550779;24027314803-A;08/10/2025 10:47:01;Cerrado;34990;0;34990;6298;0.0000;28692;1;FULFILLMENT-BLAZER CUELLO CRUZADO BLANCO NICOPOLY;MPM10002943914-1;N05299AXL-FF;08/10/2025 10:47:02;FF_MATRIX_STS;Canales;Katherine;;"Avenida Libertad 1348 ";" Piso 4. Modulo Retiro en Tienda";;;VI.A DEL MA;V REGION;CL;Canales;Katherine;;Calle 9 2247;;;;VI.A DEL MA;V REGION;CL;34990;0;0;0;34990;0;CLP
000000550779;24032797401-A;08/10/2025 15:40:56;Cerrado;34990;0;34990;6298;0.0000;28692;1;FULFILLMENT-BLAZER CUELLO CRUZADO CELESTE NICOPOLY;MPM10002943903-1;N05299KM-FF;08/10/2025 15:40:57;FF_MATRIX_STS;"Caamaño ";Karla;;"Barros Arana 1068, Concepcion ";" 3er Piso. Modulo Retiro en Tienda";;;CONCEPCION;VIII REGION;CL;Caamao;Natali;;CHAITEN 8024;;;;CONCEPCION;VIII REGION;CL;34990;0;0;0;34990;0;CLP
000000550779;24032818801-A;08/10/2025 15:42:09;Cerrado;18190;0;18190;3274;0.0000;14916;1;FULFILLMENT-GILET MUJER NICOPOLY NEGRO BÁSICO 4 BOTONES;MPM10002146380-1;N05262BS-FF;08/10/2025 15:42:10;FF_MATRIX_STS;Vergara;Constanza;;"Avda. E Frei Montalva 01110 Local 194 ";" 2do Piso. Servicio al Cliente";;;PTA.ARENAS;XII REGION;CL;Vergara;Constanza;;Angamos 1450;;;;PTA.ARENAS;XII REGION;CL;18190;0;0;0;18190;0;CLP
000000550779;24032906202-A;08/10/2025 15:46:27;Cerrado;16790;0;16790;3022;0.0000;13768;1;FULFILLMENT-POLERA SIN MANGAS TIPO CROCHET CAFE  NICOPOLY;MPM10002975134-1;N06062US-FF;08/10/2025 15:46:29;FF_MATRIX_STS;"Pinto ";"Jenifer ";;"Gregorio Cordovez 499 ";" 3er Piso. Modulo Retiro en Tienda";;;LA SERENA;IV REGION;CL;"Pinto ";"Jenifer ";;Caupolican 1617 1617;;;;LA SERENA;IV REGION;CL;16790;0;0;0;16790;0;CLP
000000550779;24033595901-A;08/10/2025 16:24:53;Cerrado;34990;0;34990;6298;0.0000;28692;1;FULFILLMENT-BLAZER LARGO 4 BOTONES ROSADO NICOPOLY;MPM10002943889-1;N05299HM-FF;08/10/2025 16:24:54;FF_MATRIX_STS;Zapata;Isidora;;"5 de Abril 699 ";4to Piso. Centro de atención al Cliente;;;CHILLAN;VIII REGION;CL;Zapata;Isidora;;Baquedano 1290 1290;;;;CHILLAN;VIII REGION;CL;34990;0;0;0;34990;0;CLP
000000550779;24034545701-A;08/10/2025 17:08:49;Cerrado;29390;0;29390;5290;0.0000;24100;1;FULFILLMENT-JEANS PIERNA WIDE LEG AZUL NICOPOLY;MPM10002964095-1;N06136C42-FF;08/10/2025 17:08:50;FF_MATRIX_STS;Maturana;"Natalia ";;"Arauco 561 ";" 3er Piso. Servicio al Cliente";;;VALDIVIA;XIV REGION;CL;Maturana;Victor;;Isla del rey 2620;;;;VALDIVIA;XIV REGION;CL;29390;0;0;0;29390;0;CLP
000000550779;24036787101-A;08/10/2025 18:56:46;Reembolsado;34990;0;34990;6298;0.0000;28692;1;FULFILLMENT-BLAZER CUELLO CRUZADO BLANCO NICOPOLY;MPM10002943914-2;N05299AL-FF;08/10/2025 18:56:48;FF_MATRIX;Leiva;Nicole Constanza;;ohiggins 77;1707;;;CONCEPCION;VIII REGION;CL;Leiva;Nicole Constanza;;ohiggins 77;;;;CONCEPCION;VIII REGION;CL;34990;0;0;0;34990;0;CLP
000000550779;24036787101-A;08/10/2025 18:56:46;Reembolsado;34990;0;34990;6298;0.0000;28692;1;FULFILLMENT-BLAZER CUELLO CRUZADO BLANCO NICOPOLY;MPM10002943914-1;N05299AXL-FF;08/10/2025 18:56:48;FF_MATRIX;Leiva;Nicole Constanza;;ohiggins 77;1707;;;CONCEPCION;VIII REGION;CL;Leiva;Nicole Constanza;;ohiggins 77;;;;CONCEPCION;VIII REGION;CL;34990;0;0;0;34990;0;CLP
000000550779;24036948402-A;08/10/2025 19:06:34;Reembolsado;37790;4990;42780;6802;0.0000;30988;1;ENTERITO CUELLO MOCK AZUL NICOPOLY;MPM10002627273-2;N05313PM;08/10/2025 19:06:35;Flujo Crossdock- Ripley PAQ;Pereyra;Maria Jimena;;Ambrosio Ohiggins 1389;C 114;;;CURACAVI;REG.METROPOLITANA;CL;Pereyra;Maria Jimena;;Ambrosio Ohiggins 1389;;;;CURACAVI;REG.METROPOLITANA;CL;37790;0;4990;0;42780;0;CLP
000000550779;24037156502-A;08/10/2025 19:15:03;Cerrado;34990;0;34990;6298;0.0000;28692;1;FULFILLMENT-BLAZER LARGO 4 BOTONES ROSADO NICOPOLY;MPM10002943889-3;N05299HL-FF;08/10/2025 19:15:04;FF_MATRIX_STS;Zambrano;Carola;;"Arturo Prat 656, Temuco ";2do Piso. Modulo Retiro en Tienda;;;TEMUCO;IX REGION;CL;Zambrano;Carola;;Huentenao Millanao 280;;;;TEMUCO;IX REGION;CL;34990;0;0;0;34990;0;CLP
000000550779;24038812102-A;08/10/2025 20:20:50;Reembolsado;20990;0;20990;3778;0.0000;17212;1;GILET LARGO CON BOTONES BLANCO;MPM10002910437-3;N06135AS;08/10/2025 20:20:51;Flujo Same day BX;Alacid Negron;Tiare;;El golfo  6290;Casa;;;PE.ALOLEN;REG.METROPOLITANA;CL;Alacid Negron;Tiare;;El golfo  6290;;;;PE.ALOLEN;REG.METROPOLITANA;CL;20990;0;0;0;20990;0;CLP
000000550779;24038812101-A;08/10/2025 20:20:50;Reembolsado;24490;0;24490;4408;0.0000;20082;1;FULFILLMENT-PANTALÓN MUJER NICOPOLY NEGRO PIERNA ANCHA CON PASADOR;MPM10002146394-2;N05298BS-FF;08/10/2025 20:20:52;FF_MATRIX;Alacid Negron;Tiare;;El golfo  6290;Casa;;;PE.ALOLEN;REG.METROPOLITANA;CL;Alacid Negron;Tiare;;El golfo  6290;;;;PE.ALOLEN;REG.METROPOLITANA;CL;24490;0;0;0;24490;0;CLP
000000550779;24038812101-A;08/10/2025 20:20:50;Reembolsado;23090;0;23090;4156;0.0000;18934;1;FULFILLMENT-GILET SASTRE ENTALLADO NEGRO NICOPOLY;MPM10002952975-4;N06063BS-FF;08/10/2025 20:20:52;FF_MATRIX;Alacid Negron;Tiare;;El golfo  6290;Casa;;;PE.ALOLEN;REG.METROPOLITANA;CL;Alacid Negron;Tiare;;El golfo  6290;;;;PE.ALOLEN;REG.METROPOLITANA;CL;23090;0;0;0;23090;0;CLP
000000550779;24038812101-A;08/10/2025 20:20:50;Reembolsado;24490;0;24490;4408;0.0000;20082;1;FULFILLMENT-PANTALON BASICO BLANCO NICOPOLY;MPM10002952979-4;N05298AS-FF;08/10/2025 20:20:52;FF_MATRIX;Alacid Negron;Tiare;;El golfo  6290;Casa;;;PE.ALOLEN;REG.METROPOLITANA;CL;Alacid Negron;Tiare;;El golfo  6290;;;;PE.ALOLEN;REG.METROPOLITANA;CL;24490;0;0;0;24490;0;CLP
000000550779;24038812101-A;08/10/2025 20:20:50;Reembolsado;18190;0;18190;3274;0.0000;14916;1;FULFILLMENT-GILET MUJER NICOPOLY NEGRO BÁSICO 4 BOTONES;MPM10002146380-1;N05262BS-FF;08/10/2025 20:20:52;FF_MATRIX;Alacid Negron;Tiare;;El golfo  6290;Casa;;;PE.ALOLEN;REG.METROPOLITANA;CL;Alacid Negron;Tiare;;El golfo  6290;;;;PE.ALOLEN;REG.METROPOLITANA;CL;18190;0;0;0;18190;0;CLP
000000550779;24039338801-A;08/10/2025 20:39:56;Reembolsado;33990;990;34980;6118;0.0000;27872;1;VESTIDO LARGO TEJIDO BEIGE NICOPOLY;MPM10002967016-3;N06101AS;08/10/2025 20:39:57;4d_Retiro Tienda Ripley Los Dominicos;Lagos;"Felipe ";;"Padre Hurtado Sur 875 ";1er Piso. Servicio al Cliente;;;LAS CONDES;REG.METROPOLITANA;CL;Hidalgo;Carolina;;Visviri 1550;;;;LAS CONDES;REG.METROPOLITANA;CL;33990;0;990;0;34980;0;CLP
000000550779;24039328402-A;08/10/2025 20:42:57;Reembolsado;40590;0;40590;7306;0.0000;33284;1;FULFILLMENT-VESTIDO LARGO ESCOTE DRAPEADO MORADO NICOPOLY;MPM10002975114-1;N06078ZL-FF;08/10/2025 20:42:58;FF_MATRIX;Leiva;Jacqueline;;Avenida Portugal 415;2202;;;SANTIAGO;REG.METROPOLITANA;CL;Leiva;Jacqueline;;Avenida Portugal 415;;;;SANTIAGO;REG.METROPOLITANA;CL;40590;0;0;0;40590;0;CLP
000000550779;24040812602-A;08/10/2025 21:22:51;Cerrado;34990;0;34990;6298;0.0000;28692;1;FULFILLMENT-BLAZER MANGA 3/4 AJUSTADA CON PLIEGUES GRIS;MPM10002943916-4;N03049IM-FF;08/10/2025 21:22:52;FF_MATRIX_STS;Campillay;Nathaly;;"Av. Diego Portales 640, Arica ";2do Piso. Modulo Retiro en Tienda;;;ARICA;XV REGION;CL;Campillay;Nathaly;;burdeos 3694;;;;ARICA;XV REGION;CL;34990;0;0;0;34990;0;CLP
000000550779;24040992902-A;08/10/2025 21:29:13;Reembolsado;26590;0;26590;4786;0.0000;21804;1;FULFILLMENT-BLAZER MANGA DETALLE DRAPEADO ROSADO NICOPOLY;MPM10002975126-4;N02481HL-FF;08/10/2025 21:29:14;FF_MATRIX;Garcia Capisano;Maria Pilar;;claveles 18;casa;;;COLINA;REG.METROPOLITANA;CL;Garcia Capisano;Maria Pilar;;claveles 18;;;;COLINA;REG.METROPOLITANA;CL;26590;0;0;0;26590;0;CLP
000000550779;24040992902-A;08/10/2025 21:29:13;Reembolsado;34990;0;34990;6298;0.0000;28692;1;FULFILLMENT-BLAZER CUELLO SIN SOLAPA NEGRO NICOPOLY;MPM10002975133-3;N05140BL-FF;08/10/2025 21:29:14;FF_MATRIX;Garcia Capisano;Maria Pilar;;claveles 18;casa;;;COLINA;REG.METROPOLITANA;CL;Garcia Capisano;Maria Pilar;;claveles 18;;;;COLINA;REG.METROPOLITANA;CL;34990;0;0;0;34990;0;CLP
000000550779;24042393701-A;08/10/2025 21:58:56;Cerrado;25190;0;25190;4534;0.0000;20656;1;FULFILLMENT-PANTALON VESTIR RECTO BLANCO NICOPOLY;MPM10002952976-4;N06039AL-FF;08/10/2025 21:58:57;FF_MATRIX_STS;Jiménez;Verónica;;"Av. Camilo Henríquez 3296, Puente Alto ";2do Piso. Modulo Retiro en Tienda;;;PUENTE ALTO;REG.METROPOLITANA;CL;Jiménez;Verónica;;Salvador sanfuentes 150;;;;PUENTE ALTO;REG.METROPOLITANA;CL;25190;0;0;0;25190;0;CLP
000000550779;24043416601-A;08/10/2025 22:19:33;Reembolsado;29990;2796;32786;5398;0.0000;24592;1;BLAZER 6 BOTONES MARRON NICOPOLY;MPM10002912487-4;N06001OXL;08/10/2025 22:19:34;Flujo Crossdock- Ripley PAQ;Yevilao;Elizabeth;;arturo prat 570;S/N;;;TEMUCO;IX REGION;CL;Yevilao;Elizabeth;;arturo prat 570;;;;TEMUCO;IX REGION;CL;29990;0;2796;0;32786;0;CLP
000000550779;24043416601-A;08/10/2025 22:19:33;Reembolsado;30990;2796;33786;5578;0.0000;25412;1;BLAZER CUELLO CRUZADO ROJO NICOPOLY;MPM10002842890-3;N05299DXL-7;08/10/2025 22:19:34;Flujo Crossdock- Ripley PAQ;Yevilao;Elizabeth;;arturo prat 570;S/N;;;TEMUCO;IX REGION;CL;Yevilao;Elizabeth;;arturo prat 570;;;;TEMUCO;IX REGION;CL;30990;0;2796;0;33786;0;CLP
000000550779;24043416601-A;08/10/2025 22:19:33;Reembolsado;30990;2796;33786;5578;0.0000;25412;1;BLAZER CUELLO CRUZADO MORADO NICOPOLY;MPM10002842881-2;N05299ZXL-7;08/10/2025 22:19:34;Flujo Crossdock- Ripley PAQ;Yevilao;Elizabeth;;arturo prat 570;S/N;;;TEMUCO;IX REGION;CL;Yevilao;Elizabeth;;arturo prat 570;;;;TEMUCO;IX REGION;CL;30990;0;2796;0;33786;0;CLP
000000550779;24044398101-A;08/10/2025 22:36:59;Cerrado;17490;0;17490;3148;0.0000;14342;1;FULFILLMENT-FALDA SHORT TIPO GAMUZA CAFE  NICOPOLY;MPM10002975103-1;N06075UL-FF;08/10/2025 22:37:00;FF_MATRIX_STS;Martinez Rodriguez;Macarena;;"Av. Camilo Henríquez 3296, Puente Alto ";2do Piso. Modulo Retiro en Tienda;;;PUENTE ALTO;REG.METROPOLITANA;CL;Martinez Rodriguez;Macarena;;Isla Chaulinec  01823;;;;PUENTE ALTO;REG.METROPOLITANA;CL;17490;0;0;0;17490;0;CLP
000000550779;24044309401-A;08/10/2025 22:37:18;Cerrado;24490;0;24490;4408;0.0000;20082;1;FULFILLMENT-PANTALON BASICO GRIS NICOPOLY;MPM10002952999-4;N05298IM-FF;08/10/2025 22:37:19;FF_MATRIX_STS;Santander;Daniels;;"Baquedano 86 ";" 1er Piso. Servicio al Cliente";;;COQUIMBO;IV REGION;CL;Santander;Daniels;;Pasaje Nuevo Siete, Villa Talinay  #3382;;;;COQUIMBO;IV REGION;CL;24490;0;0;0;24490;0;CLP
000000550779;24044309401-A;08/10/2025 22:37:18;Cerrado;18190;0;18190;3274;0.0000;14916;1;FULFILLMENT-GILET 4 BOTONES GRIS NICOPOLY;MPM10002952996-1;N05262IL-FF;08/10/2025 22:37:19;FF_MATRIX_STS;Santander;Daniels;;"Baquedano 86 ";" 1er Piso. Servicio al Cliente";;;COQUIMBO;IV REGION;CL;Santander;Daniels;;Pasaje Nuevo Siete, Villa Talinay  #3382;;;;COQUIMBO;IV REGION;CL;18190;0;0;0;18190;0;CLP
000000550779;24048601001-A;08/10/2025 23:47:56;Recibido;16090;990;17080;2896;0.0000;13194;1;BLUSA ENCAJE HOMBROS BLANCO NICOPOLY;MPM10001491759-1;N04242AS;08/10/2025 23:47:57;10d_Retiro Tienda Ripley Antofagasta;Zamorano;Felipe;;"Arturo Prat 530 ";" 4to Piso. Servicio al Cliente";;;ANTOFAGASTA;II REGION;CL;Zamorano;Felipe;;Eduardo Orchard 552;;;;ANTOFAGASTA;II REGION;CL;16090;0;990;0;17080;0;CLP
000000550779;24048906901-A;08/10/2025 23:51:31;Cerrado;23090;0;23090;4156;0.0000;18934;1;FULFILLMENT-GILET SASTRE ENTALLADO NEGRO NICOPOLY;MPM10002952975-3;N06063BXL-FF;08/10/2025 23:51:31;FF_MATRIX_STS;Barra;Maria;;"5 de Abril 699 ";4to Piso. Centro de atención al Cliente;;;CHILLAN;VIII REGION;CL;Barra;Maria;;Zañartu chillán 980;;;;CHILLAN;VIII REGION;CL;23090;0;0;0;23090;0;CLP
000000550779;24049334002-A;08/10/2025 23:59:30;Reembolsado;25990;0;25990;4678;0.0000;21312;1;VESTIDO MUJER NICOPOLY NEGRO TIPO BLAZER;MPM10002128954-1;N05257BS;08/10/2025 23:59:31;Flujo Same day BX;Jara;Fernanda;;camino gran vista 4400;S/N;;;LO BARNECHEA;REG.METROPOLITANA;CL;Jara;Fernanda;;camino gran vista 4400;;;;LO BARNECHEA;REG.METROPOLITANA;CL;25990;0;0;0;25990;0;CLP
000000550779;24050408801-A;09/10/2025 00:24:31;Cerrado;25490;990;26480;4588;0.0000;20902;1;CHAQUETA BOUCLE  MOCA NICOPOLY;MPM10002646315-3;N05183UL;09/10/2025 00:24:32;4d_Retiro Tienda Ripley Plaza Egaña;Williamson;Marion;;"Larrain 5800 ";" 3er Piso. Modulo Retiro en Tienda";;;NUNOA;REG.METROPOLITANA;CL;Williamson;Marion;;Villaseca  75;;;;NUNOA;REG.METROPOLITANA;CL;25490;0;990;0;26480;0;CLP
000000550779;24050777001-A;09/10/2025 00:49:49;Reembolsado;24490;0;24490;4408;0.0000;20082;1;FULFILLMENT-PANTALON BASICO GRIS NICOPOLY;MPM10002952999-4;N05298IM-FF;09/10/2025 00:49:50;FF_MATRIX;Carrasco;Constanza;;San Martín 1020, Torre B 51;Depto;;;VI.A DEL MA;V REGION;CL;Carrasco;Constanza;;San Martín 1020, Torre B 51;;;;VI.A DEL MA;V REGION;CL;24490;0;0;0;24490;0;CLP
000000550779;24051001302-A;09/10/2025 01:08:04;Cerrado;24490;0;24490;4408;0.0000;20082;1;FULFILLMENT-PANTALON BASICO CELESTE NICOPOLY;MPM10002952981-1;N05298KS-FF;09/10/2025 01:08:05;FF_MATRIX_STS;Torres;Marjorie;;"Larrain 5800 ";" 3er Piso. Modulo Retiro en Tienda";;;NUNOA;REG.METROPOLITANA;CL;Torres;Marjorie;;Rodrigo de Araya 1410;;;;NUNOA;REG.METROPOLITANA;CL;24490;0;0;0;24490;0;CLP
000000550779;24051001302-A;09/10/2025 01:08:04;Cerrado;20290;0;20290;3652;0.0000;16638;1;FULFILLMENT-GILET BASICO CELESTE NICOPOLY;MPM10002943896-4;N04273KM-FF;09/10/2025 01:08:05;FF_MATRIX_STS;Torres;Marjorie;;"Larrain 5800 ";" 3er Piso. Modulo Retiro en Tienda";;;NUNOA;REG.METROPOLITANA;CL;Torres;Marjorie;;Rodrigo de Araya 1410;;;;NUNOA;REG.METROPOLITANA;CL;20290;0;0;0;20290;0;CLP
000000550779;24052998603-A;09/10/2025 11:58:20;Reembolsado;31990;0;31990;5758;0.0000;26232;1;BLAZER LARGO DE TOPE NEGRO NICOPOLY;MPM10002635853-1;N05275BL;09/10/2025 11:58:21;18d_Retiro Tienda Ripley Punta Arenas;Levio;Pedro;;"Avda. E Frei Montalva 01110 Local 194 ";" 2do Piso. Servicio al Cliente";;;PTA.ARENAS;XII REGION;CL;Levio;Pedro;;CALLE NUEVA 46 01941;;;;PTA.ARENAS;XII REGION;CL;31990;0;0;0;31990;0;CLP
000000550779;24053155101-A;09/10/2025 12:28:07;Cerrado;29390;0;29390;5290;0.0000;24100;1;FULFILLMENT-JEANS WIDE LEG BLANCOS NICOPOLY;MPM10002964101-1;N06137A38-FF;09/10/2025 12:28:08;FF_MATRIX_STS;Cespedes;Natalia;;"Av.OHiggins 201 ";" 2do Piso. Servicio al Cliente";;;CURICO;VII REGION;CL;Cespedes;Natalia;;Motu iti 10;;;;CURICO;VII REGION;CL;29390;0;0;0;29390;0;CLP
000000550779;24053288701-A;09/10/2025 12:54:16;Reembolsado;28790;0;28790;5182;0.0000;23608;1;FULFILLMENT-PANTALON VESTIR RECTO KHAKI NICOPOLY;MPM10002952985-4;N06039LL-FF;09/10/2025 12:54:17;FF_MATRIX;Marchant;Beatriz;;Toro mazote 76;918;;;EST.CENTRAL;REG.METROPOLITANA;CL;Marchant;Beatriz;;Toro mazote 76;;;;EST.CENTRAL;REG.METROPOLITANA;CL;28790;0;0;0;28790;0;CLP
000000550779;24056735502-A;10/10/2025 12:23:59;Cerrado;35990;0;35990;6478;0.0000;29512;1;FULFILLMENT-BLAZER BASICO DE TOPE BLANCO NICOPOLY;MPM10002943904-1;N05301AM-FF;10/10/2025 12:24:00;FF_MATRIX_STS;Gonzalez Pasten;Daniela Francisca;;"José Domingo Mujica 490 ";" 3er Piso. Modulo Retiro en Tienda";;;RANCAGUA;VI REGION;CL;Gonzalez Pasten;Daniela Francisca;;Pasaje Hoja de Laurel 0537;;;;RANCAGUA;VI REGION;CL;35990;0;0;0;35990;0;CLP
000000550779;24056735502-A;10/10/2025 12:23:59;Cerrado;20790;0;20790;3742;0.0000;17048;1;FULFILLMENT-GILET MUJER NICOPOLY NEGRO BÁSICO 4 BOTONES;MPM10002146380-4;N05262BM-FF;10/10/2025 12:24:00;FF_MATRIX_STS;Gonzalez Pasten;Daniela Francisca;;"José Domingo Mujica 490 ";" 3er Piso. Modulo Retiro en Tienda";;;RANCAGUA;VI REGION;CL;Gonzalez Pasten;Daniela Francisca;;Pasaje Hoja de Laurel 0537;;;;RANCAGUA;VI REGION;CL;20790;0;0;0;20790;0;CLP
000000550779;24058330201-A;10/10/2025 23:40:08;Cerrado;34990;0;34990;6298;0.0000;28692;1;FULFILLMENT-BLAZER CUELLO CRUZADO BLANCO NICOPOLY;MPM10002943914-3;N05299AS-FF;10/10/2025 23:40:10;FF_MATRIX_STS;"Mendoza ";"Maria jose ";;"Arturo Prat 656, Temuco ";2do Piso. Modulo Retiro en Tienda;;;TEMUCO;IX REGION;CL;Rivas Pino;"Elsa ";;Monte Carmelo  397;;;;TEMUCO;IX REGION;CL;34990;0;0;0;34990;0;CLP
000000550779;24060447901-A;11/10/2025 22:12:16;Cerrado;13190;0;13190;2374;0.0000;10816;1;SWEATER BASICO PERLAS CELESTE NICOPOLY;MPM10002842898-3;N03095KS-7;11/10/2025 22:12:17;5d_Retiro Tienda Ripley El Trébol;Aguirre Rodriguez;Elizabeth;;"Avenida Jorge Alessandri 3177 ";" 3er Piso. Modulo Retiro en Tienda";;;TALCAHUANO;VIII REGION;CL;Aguirre Rodriguez;Elizabeth;;Ramon Carrasco  231;;;;TALCAHUANO;VIII REGION;CL;13190;0;0;0;13190;0;CLP
000000550779;24060981101-A;12/10/2025 09:56:59;Cerrado;9590;990;10580;1726;0.0000;7864;1;POLERA ESCOTE EN V BASICA CAFE  NICOPOLY;MPM10002967415-4;N06124UL;12/10/2025 09:57:00;4d_Retiro Tienda Ripley Plaza Oeste;"Santibáñez ";"Paola ";;"Américo Vespucio 1501 ";" 3er Piso. Modulo Retiro en Tienda";;;CERRILLOS;REG.METROPOLITANA;CL;Fuenmayor;Eliveth;;Brasilia 1536;;;;CERRILLOS;REG.METROPOLITANA;CL;9590;0;990;0;10580;0;CLP
000000550779;24061178102-A;12/10/2025 11:59:15;Cerrado;34990;0;34990;6298;0.0000;28692;1;FULFILLMENT-BLAZER MANGA 3/4 AJUSTADA CON PLIEGUES NEGRO;MPM10002943901-4;N03049BS-FF;12/10/2025 11:59:16;FF_MATRIX_STS;Sepulveda;Camila;;"Valdivia 440, Los Angeles ";" 3er Piso. Servicio al Cliente";;;LOS ANGELES;VIII REGION;CL;Paez Roach;Patricia;;Los sauces 1311;;;;LOS ANGELES;VIII REGION;CL;34990;0;0;0;34990;0;CLP
000000550779;24061283801-A;12/10/2025 12:44:59;Reembolsado;20990;0;20990;3778;0.0000;17212;1;FULFILLMENT-GILET BASICO ROSADO NICOPOLY;MPM10002943907-2;N04273HL-FF;12/10/2025 12:45:00;FF_MATRIX;Cifuentes;Nataly;;Las Torcazas 1271;Casa;;;LOS ANGELES;VIII REGION;CL;Cifuentes;Nataly;;Las Torcazas 1271;;;;LOS ANGELES;VIII REGION;CL;20990;0;0;0;20990;0;CLP
000000550779;24062361702-A;12/10/2025 20:06:44;Cerrado;31990;0;31990;5758;0.0000;26232;1;FULFILLMENT-BLAZER BASICO DE TOPE BLANCO NICOPOLY;MPM10002943904-5;N05301AS-FF;12/10/2025 20:06:45;FF_MATRIX_STS;Ortiz Caceres;Denisse;;"8 Oriente 1212 ";" 2do Piso. Modulo Retiro en Tienda";;;TALCA;VII REGION;CL;Ortiz Caceres;Denisse;;Carrera 1780;;;;TALCA;VII REGION;CL;31990;0;0;0;31990;0;CLP
000000550779;24062368101-A;12/10/2025 20:10:21;Reembolsado;25490;0;25490;4588;0.0000;20902;1;BLAZER FLOREADO CELESTE NICOPOLY;MPM10002627259-1;N05320KM;12/10/2025 20:10:23;5d_Retiro Tienda Ripley Marina Arauco;Gonzalez Plaza;Rosa Yolanda;;"Avenida Libertad 1348 ";" Piso 4. Modulo Retiro en Tienda";;;VI.A DEL MA;V REGION;CL;Gonzalez Plaza;Rosa Yolanda;;colinas del mar isla lenox 551;;;;VI.A DEL MA;V REGION;CL;25490;0;0;0;25490;0;CLP
000000550779;24062368101-A;12/10/2025 20:10:22;Reembolsado;25490;0;25490;4588;0.0000;20902;1;BLAZER FLOREADO NEGRO NICOPOLY;MPM10002627264-2;N05320BL;12/10/2025 20:10:23;5d_Retiro Tienda Ripley Marina Arauco;Gonzalez Plaza;Rosa Yolanda;;"Avenida Libertad 1348 ";" Piso 4. Modulo Retiro en Tienda";;;VI.A DEL MA;V REGION;CL;Gonzalez Plaza;Rosa Yolanda;;colinas del mar isla lenox 551;;;;VI.A DEL MA;V REGION;CL;25490;0;0;0;25490;0;CLP
000000550779;24062430601-A;12/10/2025 20:36:48;Cerrado;26490;0;26490;4768;0.0000;21722;1;FULFILLMENT-JEANS WIDE LEG BLANCOS NICOPOLY;MPM10002964101-2;N06137A40-FF;12/10/2025 20:36:50;FF_MATRIX_STS;"Maturana ";"Natalia ";;"Arauco 561 ";" 3er Piso. Servicio al Cliente";;;VALDIVIA;XIV REGION;CL;Maturana;Victor;;Isla del rey 2620;;;;VALDIVIA;XIV REGION;CL;26490;0;0;0;26490;0;CLP
000000550779;24062557401-A;12/10/2025 21:18:15;Reembolsado;22990;0;22990;4138;0.0000;18852;1;VESTIDO MUJER NICOPOLY NEGRO TIPO BLAZER;MPM10002128954-2;N05257BM;12/10/2025 21:18:17;8d_Retiro Tienda Ripley Copiapo;"Burgos Munoz ";"Maria ";;"Calle Maipu S/N, Copiapo ";" 2do Piso. Servicio al Cliente";;;COPIAPO;III REGION;CL;"Burgos Munoz ";"Maria ";;Juan de Dios  vial correa  4370;;;;COPIAPO;III REGION;CL;22990;0;0;0;22990;0;CLP
000000550779;24063035801-A;12/10/2025 23:40:09;Reembolsado;26490;0;26490;4768;0.0000;21722;1;FULFILLMENT-JEANS WIDE LEG BLANCOS NICOPOLY;MPM10002964101-5;N06137A42-FF;12/10/2025 23:40:10;FF_MATRIX_STS;Vivanco;Valentina;;"Avenida Alemania 0671 ";3er Piso, Modulo Retiro en Tienda;;;TEMUCO;IX REGION;CL;Vivanco Garabito;Guillermo Abelardo;;Luis Durand 3057;;;;TEMUCO;IX REGION;CL;26490;0;0;0;26490;0;CLP
000000550779;24063035801-A;12/10/2025 23:40:09;Cerrado;18990;0;18990;3418;0.0000;15572;1;FULFILLMENT-GILET MUJER NICOPOLY NEGRO BÁSICO 4 BOTONES;MPM10002146380-2;N05262BL-FF;12/10/2025 23:40:10;FF_MATRIX_STS;Vivanco;Valentina;;"Avenida Alemania 0671 ";3er Piso, Modulo Retiro en Tienda;;;TEMUCO;IX REGION;CL;Vivanco Garabito;Guillermo Abelardo;;Luis Durand 3057;;;;TEMUCO;IX REGION;CL;18990;0;0;0;18990;0;CLP
000000550779;24063035802-A;12/10/2025 23:40:10;Reembolsado;21990;0;21990;3958;0.0000;18032;1;PANTALON BASICO ROJO NICOPOLY;MPM10002842867-4;N05298DM-7;12/10/2025 23:40:11;10d_Retiro Tienda Ripley Portal Temuco;Vivanco;Valentina;;"Avenida Alemania 0671 ";3er Piso, Modulo Retiro en Tienda;;;TEMUCO;IX REGION;CL;Vivanco Garabito;Guillermo Abelardo;;Luis Durand 3057;;;;TEMUCO;IX REGION;CL;21990;0;0;0;21990;0;CLP
000000550779;24063031501-A;12/10/2025 23:41:13;Reembolsado;24490;990;25480;4408;0.0000;20082;1;BOMBER ECOCUERO NEGRO NICOPOLY;MPM10002635840-4;N05153BM;12/10/2025 23:41:14;5d_Retiro Tienda Ripley Mall Concepción;Galdames;Carlos;;"Barros Arana 1068, Concepcion ";" 3er Piso. Modulo Retiro en Tienda";;;CONCEPCION;VIII REGION;CL;Galdames;Carlos;;Ongolmo 872;;;;CONCEPCION;VIII REGION;CL;24490;0;990;0;25480;0;CLP
000000550779;24063037001-A;12/10/2025 23:44:34;Reembolsado;35990;0;35990;6478;0.0000;29512;1;FULFILLMENT-BLAZER BASICO DE TOPE ROSADO NICOPOLY;MPM10002943894-4;N05301HS-FF;12/10/2025 23:44:35;FF_MATRIX_STS;Ortega;"Katherina ";;"Barros Arana 1068, Concepcion ";" 3er Piso. Modulo Retiro en Tienda";;;CONCEPCION;VIII REGION;CL;Ortega;"Katherina ";;Pobl arrau mendez jose angel candia 217;;;;CONCEPCION;VIII REGION;CL;35990;0;0;0;35990;0;CLP
000000550779;24063037001-A;12/10/2025 23:44:34;Cerrado;27990;0;27990;5038;0.0000;22952;1;FULFILLMENT-PANTALÓN MUJER NICOPOLY NEGRO PIERNA ANCHA CON PASADOR;MPM10002146394-2;N05298BS-FF;12/10/2025 23:44:35;FF_MATRIX_STS;Ortega;"Katherina ";;"Barros Arana 1068, Concepcion ";" 3er Piso. Modulo Retiro en Tienda";;;CONCEPCION;VIII REGION;CL;Ortega;"Katherina ";;Pobl arrau mendez jose angel candia 217;;;;CONCEPCION;VIII REGION;CL;27990;0;0;0;27990;0;CLP
000000550779;24063037001-A;12/10/2025 23:44:34;Reembolsado;35990;0;35990;6478;0.0000;29512;1;FULFILLMENT-PANTALÓN MUJER NICOPOLY NEGRO RECTO CON PINZAS;MPM10002146401-4;N04277BS-6-FF;12/10/2025 23:44:35;FF_MATRIX_STS;Ortega;"Katherina ";;"Barros Arana 1068, Concepcion ";" 3er Piso. Modulo Retiro en Tienda";;;CONCEPCION;VIII REGION;CL;Ortega;"Katherina ";;Pobl arrau mendez jose angel candia 217;;;;CONCEPCION;VIII REGION;CL;35990;0;0;0;35990;0;CLP
000000550779;24063037601-A;12/10/2025 23:48:14;Cerrado;35990;0;35990;6478;0.0000;29512;1;BLAZER LARGO DE TOPE NEGRO NICOPOLY;MPM10002635853-3;N05275BS;12/10/2025 23:48:15;10d_Retiro Tienda Ripley Calama;Marin;Daniela;;"Balmaceda 3242, Calama ";" 2do Piso. Servicio al Cliente";;;CALAMA;II REGION;CL;Marin;Daniela;;hamburgo 3191;;;;CALAMA;II REGION;CL;35990;0;0;0;35990;0;CLP
000000550779;24063037601-A;12/10/2025 23:48:14;Cerrado;17490;0;17490;3148;0.0000;14342;1;CALZA MUJER NICOPOLY NEGRO CIERRES DECORATIVOS;MPM10001710252-3;N05049BM;12/10/2025 23:48:15;10d_Retiro Tienda Ripley Calama;Marin;Daniela;;"Balmaceda 3242, Calama ";" 2do Piso. Servicio al Cliente";;;CALAMA;II REGION;CL;Marin;Daniela;;hamburgo 3191;;;;CALAMA;II REGION;CL;17490;0;0;0;17490;0;CLP
000000550779;24063037601-A;12/10/2025 23:48:14;Cerrado;9590;0;9590;1726;0.0000;7864;1;POLERA MANGA LARGA CUELLO REDONDO KHAKI;MPM10002924168-2;N06125LL;12/10/2025 23:48:15;10d_Retiro Tienda Ripley Calama;Marin;Daniela;;"Balmaceda 3242, Calama ";" 2do Piso. Servicio al Cliente";;;CALAMA;II REGION;CL;Marin;Daniela;;hamburgo 3191;;;;CALAMA;II REGION;CL;9590;0;0;0;9590;0;CLP
000000550779;24063037601-A;12/10/2025 23:48:14;Cerrado;9590;0;9590;1726;0.0000;7864;1;POLERA MANGA LARGA CUELLO REDONDO NEGRA;MPM10002924163-2;N06125BL;12/10/2025 23:48:15;10d_Retiro Tienda Ripley Calama;Marin;Daniela;;"Balmaceda 3242, Calama ";" 2do Piso. Servicio al Cliente";;;CALAMA;II REGION;CL;Marin;Daniela;;hamburgo 3191;;;;CALAMA;II REGION;CL;9590;0;0;0;9590;0;CLP
000000550779;24063869101-A;13/10/2025 13:41:03;Cerrado;20790;0;20790;3742;0.0000;17048;1;FULFILLMENT-GILET 4 BOTONES ROSADO NICOPOLY;MPM10002952982-3;N05262HXL-FF;13/10/2025 13:41:04;FF_MATRIX_STS;"Carrillo ";"Héctor ";;"8 Oriente 1212 ";" 2do Piso. Modulo Retiro en Tienda";;;TALCA;VII REGION;CL;Rios;Nataly;;1 oriente con 13 y media sur   5;;;;TALCA;VII REGION;CL;20790;0;0;0;20790;0;CLP
000000550779;24064708401-A;13/10/2025 21:20:34;Cerrado;11990;0;11990;2158;0.0000;9832;1;BLUSA SIN MANGAS CELESTE NICOPOLY;MPM10001916738-2;N05071KS;13/10/2025 21:20:35;4d_Retiro Tienda Ripley Plaza Vespucio;Morales;Romina Alejandra;;"Av. Vicuña Mackenna Ote. 7110, La Florida ";3er Piso. Modulo Retiro en Tienda;;;LA FLORIDA;REG.METROPOLITANA;CL;Morales;Romina Alejandra;;Avenida macul 6305;;;;LA FLORIDA;REG.METROPOLITANA;CL;11990;0;0;0;11990;0;CLP
000000550779;24065540801-A;14/10/2025 12:59:41;Reembolsado;9990;990;10980;1798;0.0000;8192;1;CROP TOP JASPEADO BLANCO NICOPOLY;MPM10001849445-1;N05021AL;14/10/2025 12:59:42;4d_Retiro Tienda Ripley Tobalaba;Riffo;Ariella;;"Av. Camilo Henríquez 3296, Puente Alto ";2do Piso. Modulo Retiro en Tienda;;;PUENTE ALTO;REG.METROPOLITANA;CL;Riffo;Ariella;;Calle la rambla 4 norte 969;;;;PUENTE ALTO;REG.METROPOLITANA;CL;9990;0;990;0;10980;0;CLP
000000550779;24065989202-A;14/10/2025 18:03:13;Reembolsado;39990;0;39990;7198;0.0000;32792;1;BLAZER UN BOTON ROJO NICOPOLY;MPM10002635855-1;N05318TL;14/10/2025 18:03:14;5d_Retiro Tienda Ripley Talca;Perez Marchant;Jacqueline;;"8 Oriente 1212 ";" 2do Piso. Modulo Retiro en Tienda";;;TALCA;VII REGION;CL;Perez Marchant;Jacqueline;;2 Norte 3581 3581;;;;TALCA;VII REGION;CL;39990;0;0;0;39990;0;CLP
000000550779;24066460301-A;14/10/2025 23:11:23;Reembolsado;19990;990;20980;3598;0.0000;16392;1;CROP TOP ESPALDA ELASTICADA NEGRA NICOPOLY;MPM10001503464-2;N10368BM-4;14/10/2025 23:11:25;5d_Retiro Tienda Ripley La Calera;Piones;Irma;;"JJ Perez 90, La Calera ";" 2do Piso. Modulo Retiro en Tienda";;;LA CALERA;V REGION;CL;Piones;Irma;;Avenida Santa Cruz  480;;;;LA CALERA;V REGION;CL;19990;0;990;0;20980;0;CLP
000000550779;24069065101-A;16/10/2025 20:36:58;Reembolsado;33990;0;33990;6118;0.0000;27872;1;VESTIDO CUELLO MOCK NEGRONICOPOLY;MPM10002627271-3;N05292BM;16/10/2025 20:36:59;Flujo Crossdock- Ripley PAQ;Fernndez Matamala;"Daniela ";;San Martin 140;1107;;;CONCEPCION;VIII REGION;CL;Fernndez Matamala;"Daniela ";;San Martin 140;;;;CONCEPCION;VIII REGION;CL;33990;0;0;0;33990;0;CLP
000000550779;24071725201-A;18/10/2025 19:09:11;Cerrado;28990;0;28990;5218;0.0000;23772;1;FULFILLMENT-GILET BASICO AJUSTABLE NEGRO NICOPOLY;MPM10002943912-3;N04273BM-7-FF;18/10/2025 19:09:13;FF_MATRIX;Zamora  Albornoz;Maria;;Pasaje Pisagua 186;S/N;;;LLAY LLAY;V REGION;CL;Zamora  Albornoz;Maria;;Pasaje Pisagua 186;;;;LLAY LLAY;V REGION;CL;28990;0;0;0;28990;0;CLP
000000550779;24071853501-A;18/10/2025 20:41:52;Cerrado;14990;990;15980;2698;0.0000;12292;1;POLERA SIN MANGAS LEOPARDO CAFE  NICOPOLY;MPM10001856329-2;N05124UXL;18/10/2025 20:41:53;5d_Retiro Tienda Ripley Talca;Uribe Garces;Ana Maria;;"8 Oriente 1212 ";" 2do Piso. Modulo Retiro en Tienda";;;TALCA;VII REGION;CL;Uribe Garces;Ana Maria;;1 norte entre 9 y 10 oriente  1670;;;;TALCA;VII REGION;CL;14990;0;990;0;15980;0;CLP
000000550779;24072072801-A;18/10/2025 23:08:03;Cerrado;24990;990;25980;4498;0.0000;20492;1;BLUSA CON LAZO DESMONTABLE ROJO NICOPOLY;MPM10001752438-3;N04270DS-5;18/10/2025 23:08:04;10d_Retiro Tienda Ripley Portal Temuco;Johnsson Persson;Antonia;;"Avenida Alemania 0671 ";3er Piso, Modulo Retiro en Tienda;;;TEMUCO;IX REGION;CL;Johnsson Persson;Antonia;;Camino Botrolhue 1504;;;;TEMUCO;IX REGION;CL;24990;0;990;0;25980;0;CLP
000000550779;24072571001-A;19/10/2025 13:24:58;Cerrado;34990;0;34990;6298;0.0000;28692;1;FULFILLMENT-PANTALON BASICO ROSADO NICOPOLY;MPM10002952997-3;N05298HXL-FF;19/10/2025 13:24:59;FF_MATRIX;Alarcon;Maria;;Claro solar 835;401;;;TEMUCO;IX REGION;CL;Alarcon;Maria;;Claro solar 835;;;;TEMUCO;IX REGION;CL;34990;0;0;0;34990;0;CLP
000000550779;24072571001-A;19/10/2025 13:24:58;Cerrado;28990;0;28990;5218;0.0000;23772;1;FULFILLMENT-GILET BASICO ROSADO NICOPOLY;MPM10002943907-4;N04273HXL-FF;19/10/2025 13:24:59;FF_MATRIX;Alarcon;Maria;;Claro solar 835;401;;;TEMUCO;IX REGION;CL;Alarcon;Maria;;Claro solar 835;;;;TEMUCO;IX REGION;CL;28990;0;0;0;28990;0;CLP
000000550779;24072571001-A;19/10/2025 13:24:58;Cerrado;49990;0;49990;8998;0.0000;40992;1;FULFILLMENT-BLAZER MANGA 3/4 AJUSTADA CON PLIEGUES ROSADO NICOPOLY;MPM10002943909-2;N03049HXL-5-FF;19/10/2025 13:24:59;FF_MATRIX;Alarcon;Maria;;Claro solar 835;401;;;TEMUCO;IX REGION;CL;Alarcon;Maria;;Claro solar 835;;;;TEMUCO;IX REGION;CL;49990;0;0;0;49990;0;CLP
000000550779;24072970301-A;19/10/2025 17:30:10;Cerrado;32990;0;32990;5938;0.0000;27052;1;FULFILLMENT-GILET CROP CON SOLAPA BLANCO NICOPOLY;MPM10002952992-2;N06038AL-FF;19/10/2025 17:30:12;FF_MATRIX;Saavedra;Paola;;Jose miguel Carrera 29;"Casa reja roja frente a la multicancha ";;;CABILDO;V REGION;CL;Saavedra;Paola;;Jose miguel Carrera 29;;;;CABILDO;V REGION;CL;32990;0;0;0;32990;0;CLP
000000550779;24072970301-A;19/10/2025 17:30:11;Cerrado;25990;0;25990;4678;0.0000;21312;1;FULFILLMENT-GILET 4 BOTONES BLANCO NICOPOLY;MPM10002952977-2;N05262AXL-FF;19/10/2025 17:30:12;FF_MATRIX;Saavedra;Paola;;Jose miguel Carrera 29;"Casa reja roja frente a la multicancha ";;;CABILDO;V REGION;CL;Saavedra;Paola;;Jose miguel Carrera 29;;;;CABILDO;V REGION;CL;25990;0;0;0;25990;0;CLP
000000550779;24074776101-A;20/10/2025 17:37:09;Reembolsado;35990;990;36980;6478;0.0000;29512;1;VESTIDO ASIME TRICO FLORAL FUCSIA NICOPOLY;MPM10003037810-1;N06173SM;20/10/2025 17:37:11;4d_Retiro Tienda Ripley Plaza Egaña;Uribe;Paulina;;"Larrain 5800 ";" 3er Piso. Modulo Retiro en Tienda";;;NUNOA;REG.METROPOLITANA;CL;Rosales;Elizabeth;;san vicente de paul  5855;;;;NUNOA;REG.METROPOLITANA;CL;35990;0;990;0;36980;0;CLP
000000550779;24074980301-A;20/10/2025 19:32:25;Reembolsado;34990;0;34990;6298;0.0000;28692;1;FULFILLMENT-BLAZER CUELLO SIN SOLAPA ROSADO NICOPOLY;MPM10002975127-2;N05140HXL-FF;20/10/2025 19:32:27;FF_MATRIX;Campos Campos;Mariza;;Hugolino Lillo, Lican ray 765;S/N;;;VILLARICA;IX REGION;CL;Campos Campos;Mariza;;Hugolino Lillo, Lican ray 765;;;;VILLARICA;IX REGION;CL;34990;0;0;0;34990;0;CLP
000000550779;24075133202-A;20/10/2025 20:58:05;Cerrado;34990;0;34990;6298;0.0000;28692;1;FULFILLMENT-PANTALÓN MUJER NICOPOLY NEGRO PIERNA ANCHA CON PASADOR;MPM10002146394-4;N05298BL-FF;20/10/2025 20:58:06;FF_MATRIX;Aguila;Ruben;;José Antonio Martínez de aldunate  1667;S/N;;;LOS ANGELES;VIII REGION;CL;Aguila;Ruben;;José Antonio Martínez de aldunate  1667;;;;LOS ANGELES;VIII REGION;CL;34990;0;0;0;34990;0;CLP
000000550779;24075245901-A;20/10/2025 21:51:14;Cerrado;44990;0;44990;8098;0.0000;36892;1;FULFILLMENT-BLAZER BASICO DE TOPE AZUL NICOPOLY;MPM10002943897-2;N05301KS-FF;20/10/2025 21:51:15;FF_MATRIX;Nactoch;Fernanda;;Arturo Prat 1091A;Local;;;LA UNION;XIV REGION;CL;Nactoch;Fernanda;;Arturo Prat 1091A;;;;LA UNION;XIV REGION;CL;44990;0;0;0;44990;0;CLP
000000550779;24075245901-A;20/10/2025 21:51:14;Cerrado;34990;0;34990;6298;0.0000;28692;1;FULFILLMENT-PANTALON BASICO CELESTE NICOPOLY;MPM10002952981-3;N05298KM-FF;20/10/2025 21:51:15;FF_MATRIX;Nactoch;Fernanda;;Arturo Prat 1091A;Local;;;LA UNION;XIV REGION;CL;Nactoch;Fernanda;;Arturo Prat 1091A;;;;LA UNION;XIV REGION;CL;34990;0;0;0;34990;0;CLP
000000550779;24075334701-A;20/10/2025 22:30:47;Cerrado;9990;990;10980;1798;0.0000;8192;1;POLERA ESCOTE EN V BASICA NEGRO NICOPOLY;MPM10002965971-3;N06124BS;20/10/2025 22:30:48;5d_Retiro Tienda Ripley Quilpué;"Encina Hermosilla ";"Lila Adriana ";;"Claudio Vicuña 992, Quilpue ";" 3er Piso. Modulo Retiro en Tienda";;;QUILPUE;V REGION;CL;"Encina Hermosilla ";"Lila Adriana ";;El mirador  1550;;;;QUILPUE;V REGION;CL;9990;0;990;0;10980;0;CLP
000000550779;24075760201-A;21/10/2025 09:45:41;Cerrado;11990;990;12980;2158;0.0000;9832;1;BLUSA SIN MANGAS BLANCO NICOPOLY;MPM10001916736-4;N05071AL;21/10/2025 09:45:42;5d_Retiro Tienda Ripley Marina Arauco;Diaz Gomez;Barbara;;"Avenida Libertad 1348 ";" Piso 4. Modulo Retiro en Tienda";;;VI.A DEL MA;V REGION;CL;Diaz Gomez;Barbara;;av borinquen 234;;;;VI.A DEL MA;V REGION;CL;11990;0;990;0;12980;0;CLP
000000550779;24075938901-A;21/10/2025 11:41:16;Reembolsado;18990;495;19485;3418;0.0000;15572;1;VESTIDO ACANALADO MUJER NICOPOLY ROJO OFF THE SHOULDER;MPM10001710246-2;N05064DL;21/10/2025 11:41:17;4d_Retiro Tienda Ripley Plaza Oeste;Gonzlez;Johanna;;"Américo Vespucio 1501 ";" 3er Piso. Modulo Retiro en Tienda";;;CERRILLOS;REG.METROPOLITANA;CL;Gonzlez;Johanna;;Canal esteban 18343;;;;CERRILLOS;REG.METROPOLITANA;CL;18990;0;495;0;19485;0;CLP
000000550779;24075938901-A;21/10/2025 11:41:16;Reembolsado;18990;495;19485;3418;0.0000;15572;1;VESTIDO ACANALADO MUJER NICOPOLY NEGRO OFF THE SHOULDER;MPM10001710244-3;N05064BL;21/10/2025 11:41:17;4d_Retiro Tienda Ripley Plaza Oeste;Gonzlez;Johanna;;"Américo Vespucio 1501 ";" 3er Piso. Modulo Retiro en Tienda";;;CERRILLOS;REG.METROPOLITANA;CL;Gonzlez;Johanna;;Canal esteban 18343;;;;CERRILLOS;REG.METROPOLITANA;CL;18990;0;495;0;19485;0;CLP
000000550779;24076199201-A;21/10/2025 14:24:49;Cerrado;34990;7990;42980;6298;0.0000;28692;1;BLAZER MUJER NICOPOLY NEGRO LAZO DELANTERO;MPM10002128962-1;N05276BL;21/10/2025 14:24:50;Flujo Crossdock- Ripley PAQ;Rubilar Rivera;Rodrigo;;Camino Antuco km 16 16;S/N;;;LOS ANGELES;VIII REGION;CL;Rubilar Rivera;Rodrigo;;Camino Antuco km 16 16;;;;LOS ANGELES;VIII REGION;CL;34990;0;7990;0;42980;0;CLP
000000550779;24076219401-A;21/10/2025 14:37:28;Cerrado;9990;990;10980;1798;0.0000;8192;1;POLERA MANGA CORTA BASICA CAFE  NICOPOLY;MPM10002966829-4;N06112UXL;21/10/2025 14:37:30;5d_Retiro Tienda Ripley Rancagua;Moraga;Stephanie;;"José Domingo Mujica 490 ";" 3er Piso. Modulo Retiro en Tienda";;;RANCAGUA;VI REGION;CL;Moraga;Stephanie;;Parque nacional Puyehue 2598;;;;RANCAGUA;VI REGION;CL;9990;0;990;0;10980;0;CLP
000000550779;24076329201-A;21/10/2025 15:37:12;Cerrado;25990;990;26980;4678;0.0000;21312;1;VESTIDO MUJER NICOPOLY ROJO STRAPLESS Y ESCOTE V;MPM10001856332-1;N05011DXL;21/10/2025 15:37:14;10d_Retiro Tienda Ripley Pto. Montt Costanera;Acuna Chavez;Rose Marie;;"Juan Soler Manfredini 10 ";" 6to Piso. Modulo Retiro en Tienda";;;PTO.MONTT;X REGION;CL;Acuna Chavez;Rose Marie;;volcan maipo brisas del norte 101;;;;PTO.MONTT;X REGION;CL;25990;0;990;0;26980;0;CLP
000000550779;24076716502-A;21/10/2025 19:32:29;Reembolsado;34990;0;34990;6298;0.0000;28692;1;BLAZER MUJER NICOPOLY NEGRO LAZO DELANTERO;MPM10002128962-1;N05276BL;21/10/2025 19:32:30;Flujo Crossdock- Ripley PAQ;Carvajal Noveroy;Carla Marcela;;Sendero Los Eucaliptus 2091;39;;;VALPARAISO;V REGION;CL;Carvajal Noveroy;Carla Marcela;;Sendero Los Eucaliptus 2091;;;;VALPARAISO;V REGION;CL;34990;0;0;0;34990;0;CLP
000000550779;24076716501-A;21/10/2025 19:32:29;Reembolsado;49990;0;49990;8998;0.0000;40992;1;FULFILLMENT-BLAZER MANGA 3/4 AJUSTADA CON PLIEGUES CELESTE NICOPOLY;MPM10002943895-1;N03049KL-5-FF;21/10/2025 19:32:30;FF_MATRIX;Carvajal Noveroy;Carla Marcela;;Sendero Los Eucaliptus 2091;39;;;VALPARAISO;V REGION;CL;Carvajal Noveroy;Carla Marcela;;Sendero Los Eucaliptus 2091;;;;VALPARAISO;V REGION;CL;49990;0;0;0;49990;0;CLP
000000550779;24076716501-A;21/10/2025 19:32:29;Reembolsado;49990;0;49990;8998;0.0000;40992;1;FULFILLMENT-BLAZER MANGA 3/4 AJUSTADA CON PLIEGUES BLANCO;MPM10002943892-3;N03049AL-FF;21/10/2025 19:32:30;FF_MATRIX;Carvajal Noveroy;Carla Marcela;;Sendero Los Eucaliptus 2091;39;;;VALPARAISO;V REGION;CL;Carvajal Noveroy;Carla Marcela;;Sendero Los Eucaliptus 2091;;;;VALPARAISO;V REGION;CL;49990;0;0;0;49990;0;CLP
000000550779;24077151501-A;21/10/2025 23:01:10;Cerrado;25990;0;25990;4678;0.0000;21312;1;FULFILLMENT-GILET MUJER NICOPOLY NEGRO BÁSICO 4 BOTONES;MPM10002146380-4;N05262BM-FF;21/10/2025 23:01:11;FF_MATRIX;"Contreras ";"Constanza ";;Manuel Sánchez 6070;Casa;;;QTA. NORMAL;REG.METROPOLITANA;CL;"Contreras ";"Constanza ";;Manuel Sánchez 6070;;;;QTA. NORMAL;REG.METROPOLITANA;CL;25990;0;0;0;25990;0;CLP
000000550779;24066385901OPL-A;22/10/2025 11:30:27;Reembolsado;24990;0;24990;4498;0.0000;20492;1;CAMISA ALGODÓN MUJER NICOPOLY CELESTE RAYAS;MPM10002146558-3;N05200CL;22/10/2025 11:30:29;5d_Retiro Tienda Ripley Valparaíso;Carvallo Meyer;Natalia;CL;"Plaza Victoria 1646 ";0;;0;VALPARAISO;V REGION;CL;Carvallo Meyer;Natalia;;"Plaza Victoria 1646 ";"Plaza Victoria 1646 ";;0;VALPARAISO;V REGION;CL;24990;0;0;0;24990;0;CLP
000000550779;24077720701-A;22/10/2025 11:43:13;Cerrado;29990;5990;35980;5398;0.0000;24592;1;GILET LARGO CON BOTONES NEGRO;MPM10002910447-3;N06135BL;22/10/2025 11:43:14;Flujo Crossdock- Ripley PAQ;Melo Riffo;Carla;;avenida nahuelbuta interior 1520;23b;;;SP D LA PAZ;VIII REGION;CL;Melo Riffo;Carla;;avenida nahuelbuta interior 1520;;;;SP D LA PAZ;VIII REGION;CL;29990;0;5990;0;35980;0;CLP
000000550779;24078173001-A;22/10/2025 15:49:21;Reembolsado;25990;990;26980;4678;0.0000;21312;1;VESTIDO MUJER NICOPOLY ROJO STRAPLESS Y ESCOTE V;MPM10001856332-4;N05011DM;22/10/2025 15:49:22;5d_Retiro Tienda Ripley Rancagua;"Pizarro ";"Pamela ";;"José Domingo Mujica 490 ";" 3er Piso. Modulo Retiro en Tienda";;;RANCAGUA;VI REGION;CL;"Pizarro ";"Pamela ";;Avenida la foresta  2050;;;;RANCAGUA;VI REGION;CL;25990;0;990;0;26980;0;CLP
000000550779;24078368501-A;22/10/2025 17:26:21;Cerrado;61990;990;62980;11158;0.0000;50832;1;VESTIDO LARGO TIRANTES CRUZADOS NEGRO NICOPOLY;MPM10002979450-1;N06145BL;22/10/2025 17:26:23;5d_Retiro Tienda Ripley Rancagua;Diaz Caceres;Marcela;;"José Domingo Mujica 490 ";" 3er Piso. Modulo Retiro en Tienda";;;RANCAGUA;VI REGION;CL;Diaz Caceres;Marcela;;ALAMEDA 439 - DEPTO.13 439;;;;RANCAGUA;VI REGION;CL;61990;0;990;0;62980;0;CLP
000000550779;24008367101OPL-A;22/10/2025 17:33:42;Cerrado;53990;0;53990;9718;0.0000;44272;1;ENTERITO MUJER NICOPOLY ROJO OSCURO CUT OUT ESCOTE;MPM10002122134-3;N05303TM;22/10/2025 17:33:44;5d_Retiro Tienda Ripley El Trébol;Miranda;Catherine;CL;"Avenida Jorge Alessandri 3177 ";0;;0;TALCAHUANO;VIII REGION;CL;Miranda;Catherine;;"Avenida Jorge Alessandri 3177 ";"Avenida Jorge Alessandri 3177 ";;0;TALCAHUANO;VIII REGION;CL;53990;0;0;0;53990;0;CLP
000000550779;24078734801-A;22/10/2025 20:40:25;Cerrado;24990;990;25980;4498;0.0000;20492;1;CAMISA ALGODÓN MUJER NICOPOLY CELESTE RAYAS;MPM10002146558-2;N05200CM;22/10/2025 20:40:26;5d_Retiro Tienda Ripley Chillán;Mendoza Guajardo;"Ana Victoria ";;"5 de Abril 699 ";4to Piso. Centro de atención al Cliente;;;CHILLAN;VIII REGION;CL;Mendoza Guajardo;"Ana Victoria ";;Gamero 889;;;;CHILLAN;VIII REGION;CL;24990;0;990;0;25980;0;CLP
000000550779;24078849401-A;22/10/2025 21:30:01;Cerrado;37990;0;37990;6838;0.0000;31152;1;CHAQUETA BIKER ECOCUERO CORTA GRIS NICOPOLY;MPM10001383963-1;N04201NXL;22/10/2025 21:30:02;5d_Retiro Tienda Ripley Viña del Mar Sucre;Merino;Gabriela;;"Sucre 290, Viña ";5to Piso. Modulo Retiro en Tienda;;;VI.A DEL MA;V REGION;CL;Merino;Gabriela;;Central 711;;;;VI.A DEL MA;V REGION;CL;37990;0;0;0;37990;0;CLP
000000550779;24079169201-A;22/10/2025 23:33:08;Cerrado;29990;4990;34980;5398;0.0000;24592;1;TAPADO BASICO BOLSILLOS NEGRONICOPOLY;MPM10002635833-1;N05219BM;22/10/2025 23:33:09;Flujo Crossdock- Ripley PAQ;Villarroel;"Marcela ";;Manuel Blanco encalada 955;S/N;;;PTO.VARAS;X REGION;CL;Villarroel;"Marcela ";;Manuel Blanco encalada 955;;;;PTO.VARAS;X REGION;CL;29990;0;4990;0;34980;0;CLP
000000550779;24079684901-A;23/10/2025 11:06:13;Cerrado;39990;7990;47980;7198;0.0000;32792;1;BLAZER UN BOTON KHAKI NICOPOLY;MPM10002635831-3;N05318LL;23/10/2025 11:06:15;Flujo Crossdock- Ripley PAQ;Moreno;Tulio;;Alto El Cortijo 094;S/N;;;CA.ETE;VIII REGION;CL;Moreno;Tulio;;Alto El Cortijo 094;;;;CA.ETE;VIII REGION;CL;39990;0;7990;0;47980;0;CLP
000000550779;24079840601-A;23/10/2025 12:19:41;Cerrado;32990;0;32990;5938;0.0000;27052;1;FULFILLMENT-VESTIDO TIPO CAMISERO ANIMAL PRINT NICOPOLY;MPM10002975111-2;N06072UM-FF;23/10/2025 12:19:43;FF_MATRIX_STS;Choque;Araceli;;"Vivar 550 ";" 4to Piso. Servicio al Cliente";;;IQUIQUE;I REGION;CL;Choque;Araceli;;Sargento aldea 2052;;;;IQUIQUE;I REGION;CL;32990;0;0;0;32990;0;CLP
000000550779;24080042901-A;23/10/2025 14:01:24;Cerrado;49990;0;49990;8998;0.0000;40992;1;FULFILLMENT-BLAZER CUELLO CRUZADO NEGRO NICOPOLY;MPM10002943915-3;N05299BXL-7-FF;23/10/2025 14:01:25;FF_MATRIX;Muoz;Ana Fernanda;;Valladolid  1917;Casa;;;PUENTE ALTO;REG.METROPOLITANA;CL;Muoz;Ana Fernanda;;Valladolid  1917;;;;PUENTE ALTO;REG.METROPOLITANA;CL;49990;0;0;0;49990;0;CLP
000000550779;24080083701-A;23/10/2025 14:25:15;Cerrado;16990;990;17980;3058;0.0000;13932;1;VESTIDO CORTO MUJER NICOPOLY NEGRO ABERTURAS MANGAS;MPM10001849481-4;N02336BS-5;23/10/2025 14:25:16;10d_Retiro Tienda Ripley La Serena;Villalobos;Nancy;;"Gregorio Cordovez 499 ";" 3er Piso. Modulo Retiro en Tienda";;;LA SERENA;IV REGION;CL;Villalobos;Nancy;;Psje Jorge Brañes - Barrio Universit 1777;;;;LA SERENA;IV REGION;CL;16990;0;990;0;17980;0;CLP
000000550779;24080107201-A;23/10/2025 14:37:19;Reembolsado;35990;0;35990;6478;0.0000;29512;1;FULFILLMENT-PANTALÓN MUJER NICOPOLY NEGRO RECTO CON PINZAS;MPM10002146401-4;N04277BS-6-FF;23/10/2025 14:37:21;FF_MATRIX;Alacid Negron;Tiare;;El golfo  6290;Casa;;;PE.ALOLEN;REG.METROPOLITANA;CL;Alacid Negron;Tiare;;El golfo  6290;;;;PE.ALOLEN;REG.METROPOLITANA;CL;35990;0;0;0;35990;0;CLP
000000550779;24080132604-A;23/10/2025 14:50:53;Cerrado;57990;0;57990;10438;0.0000;47552;1;FULFILLMENT-VESTIDO LARGO ESCOTE DRAPEADO AZUL NICOPOLY;MPM10002975112-3;N06078PM-FF;23/10/2025 14:50:55;FF_MATRIX;Santana;Johanna;;Alonso de Ercilla  3055;518 torre b;;;NUNOA;REG.METROPOLITANA;CL;Santana;Johanna;;Alonso de Ercilla  3055;;;;NUNOA;REG.METROPOLITANA;CL;57990;0;0;0;57990;0;CLP
000000550779;24080132601-A;23/10/2025 14:50:54;Reembolsado;37990;0;37990;6838;0.0000;31152;1;VESTIDO MUJER NICOPOLY ROJO TIPO BLAZER;MPM10002128953-2;N05257DM;23/10/2025 14:50:55;Flujo Crossdock- Ripley PAQ;Santana;Johanna;;Alonso de Ercilla  3055;518 torre b;;;NUNOA;REG.METROPOLITANA;CL;Santana;Johanna;;Alonso de Ercilla  3055;;;;NUNOA;REG.METROPOLITANA;CL;37990;0;0;0;37990;0;CLP
000000550779;24080227301-A;23/10/2025 15:40:21;Cerrado;16990;990;17980;3058;0.0000;13932;1;VESTIDO CORTO MUJER NICOPOLY NEGRO ABERTURAS MANGAS;MPM10001849481-4;N02336BS-5;23/10/2025 15:40:22;4d_Retiro Tienda Ripley Plaza Egaña;Huerta;Tannia;;"Larrain 5800 ";" 3er Piso. Modulo Retiro en Tienda";;;NUNOA;REG.METROPOLITANA;CL;Huerta;Tannia;;Rialto 3804;;;;NUNOA;REG.METROPOLITANA;CL;16990;0;990;0;17980;0;CLP
000000550779;24080721502-A;23/10/2025 19:55:23;Cerrado;23990;990;24980;4318;0.0000;19672;1;PANTALON TIPO CREPE  AJUSTABLE NEGRO NICOPOLY;MPM10002977844-2;N06030BL;23/10/2025 19:55:24;8d_Retiro Tienda Ripley Copiapo;Godoy Lopez;Carolina;;"Calle Maipu S/N, Copiapo ";" 2do Piso. Servicio al Cliente";;;COPIAPO;III REGION;CL;Godoy Lopez;Carolina;;Avenida Camilo Henríquez 644;;;;COPIAPO;III REGION;CL;23990;0;990;0;24980;0;CLP
000000550779;24080815301-A;23/10/2025 20:42:56;Cerrado;25990;990;26980;4678;0.0000;21312;1;GILET LEOPARD CAFE  NICOPOLY;MPM10002842888-1;N05304LS-7;23/10/2025 20:42:58;4d_Retiro Tienda Ripley Los Dominicos;Caro;Carla;;"Padre Hurtado Sur 875 ";1er Piso. Servicio al Cliente;;;LAS CONDES;REG.METROPOLITANA;CL;Caro;Carla;;Puerto rico 8779;;;;LAS CONDES;REG.METROPOLITANA;CL;25990;0;990;0;26980;0;CLP
000000550779;24080939501-A;23/10/2025 21:38:00;Cerrado;61990;990;62980;11158;0.0000;50832;1;VESTIDO TUL FLOREADO CELESTE NICOPOLY;MPM10003032195-4;N06108KXL;23/10/2025 21:38:01;4d_Retiro Tienda Ripley Tobalaba;Gonzalez;Marta;;"Av. Camilo Henríquez 3296, Puente Alto ";2do Piso. Modulo Retiro en Tienda;;;PUENTE ALTO;REG.METROPOLITANA;CL;Gonzalez;Marta;;El maiten 0266;;;;PUENTE ALTO;REG.METROPOLITANA;CL;61990;0;990;0;62980;0;CLP
000000550779;24081341301-A;24/10/2025 00:27:47;Cerrado;9990;990;10980;1798;0.0000;8192;1;BODY ACANALADO MANGA CORTA AMARILLO NICOPOLY;MPM00084129952-5;N03129FS;24/10/2025 00:27:48;10d_Retiro Tienda Ripley La Serena;Antiquera;"Diana ";;"Gregorio Cordovez 499 ";" 3er Piso. Modulo Retiro en Tienda";;;LA SERENA;IV REGION;CL;Antiquera;"Diana ";;Juan Soldado  425;;;;LA SERENA;IV REGION;CL;9990;0;990;0;10980;0;CLP
000000550779;24081608101-A;24/10/2025 10:13:04;Reembolsado;25990;0;25990;4678;0.0000;21312;1;VESTIDO MUJER NICOPOLY NEGRO STRAPLESS Y ESCOTE V;MPM10001856352-4;N05011BM;24/10/2025 10:13:05;Flujo Crossdock- Ripley PAQ;Sanchez;Gloria;;AVDA CARDENAL SAMORE TORRE 3 1246;502;;;VALPARAISO;V REGION;CL;Sanchez;Gloria;;AVDA CARDENAL SAMORE TORRE 3 1246;;;;VALPARAISO;V REGION;CL;25990;0;0;0;25990;0;CLP
000000550779;24081708902-A;24/10/2025 11:13:29;Cerrado;13990;990;14980;2518;0.0000;11472;1;CÁRDIGAN BOTONES ACANALADO BURDEOS NICOPOLY;MPM10001491756-2;N04180TM;24/10/2025 11:13:30;18d_Retiro Tienda Ripley Punta Arenas;Navarro;Valentina;;"Avda. E Frei Montalva 01110 Local 194 ";" 2do Piso. Servicio al Cliente";;;PTA.ARENAS;XII REGION;CL;Navarro;Valentina;;Mar jonico 01232;;;;PTA.ARENAS;XII REGION;CL;13990;0;990;0;14980;0;CLP
000000550779;24082313001-A;24/10/2025 18:18:58;Reembolsado;57990;0;57990;10438;0.0000;47552;1;FULFILLMENT-VESTIDO LARGO ESCOTE DRAPEADO AZUL NICOPOLY;MPM10002975112-2;N06078PL-FF;24/10/2025 18:18:59;FF_MATRIX;Santana;Johanna;;Alonso de Ercilla  3055;518 torre b;;;NUNOA;REG.METROPOLITANA;CL;Santana;Johanna;;Alonso de Ercilla  3055;;;;NUNOA;REG.METROPOLITANA;CL;57990;0;0;0;57990;0;CLP
000000550779;24082331901-A;24/10/2025 18:34:50;Cerrado;49990;0;49990;8998;0.0000;40992;1;ENTERITO MUJER NICOPOLY ROJO CRUZADO 2 BOTONES;MPM10002122131-3;N05308DM;24/10/2025 18:34:52;5d_Retiro Tienda Ripley El Trébol;Helo;Pilar;;"Avenida Jorge Alessandri 3177 ";" 3er Piso. Modulo Retiro en Tienda";;;TALCAHUANO;VIII REGION;CL;Helo;Pilar;;Avda Nahuelbuta 2520;;;;TALCAHUANO;VIII REGION;CL;49990;0;0;0;49990;0;CLP
000000550779;24082414002-A;24/10/2025 19:27:38;Cerrado;39990;990;40980;7198;0.0000;32792;1;BLAZER UN BOTON ROJO NICOPOLY;MPM10002635855-2;N05318TM;24/10/2025 19:27:40;4d_Retiro Tienda Ripley Florida Center;Llaitul;"Nadia ";;"Vicuña Mackenna Oriente 6100, La Florida ";3er Piso. Modulo Retiro en Tienda;;;LA FLORIDA;REG.METROPOLITANA;CL;Catalán;Elías;;Pasaje teno 0188;;;;LA FLORIDA;REG.METROPOLITANA;CL;39990;0;990;0;40980;0;CLP
000000550779;24082460901-A;24/10/2025 20:05:44;Cerrado;13990;248;14238;2518;0.0000;11472;1;CÁRDIGAN BOTONES ACANALADO BURDEOS NICOPOLY;MPM10001491756-2;N04180TM;24/10/2025 20:05:46;4d_Retiro Tienda Ripley Plaza Egaña;Henriquez;Camila;;"Larrain 5800 ";" 3er Piso. Modulo Retiro en Tienda";;;NUNOA;REG.METROPOLITANA;CL;Henriquez;Camila;;Pasaje dos  2461;;;;NUNOA;REG.METROPOLITANA;CL;13990;0;248;0;14238;0;CLP
000000550779;24082460901-A;24/10/2025 20:05:44;Cerrado;13990;248;14238;2518;0.0000;11472;1;CÁRDIGAN BOTONES ACANALADO GRIS NICOPOLY;MPM10001491735-2;N04180NM;24/10/2025 20:05:46;4d_Retiro Tienda Ripley Plaza Egaña;Henriquez;Camila;;"Larrain 5800 ";" 3er Piso. Modulo Retiro en Tienda";;;NUNOA;REG.METROPOLITANA;CL;Henriquez;Camila;;Pasaje dos  2461;;;;NUNOA;REG.METROPOLITANA;CL;13990;0;248;0;14238;0;CLP
000000550779;24082460901-A;24/10/2025 20:05:44;Cerrado;9990;248;10238;1798;0.0000;8192;1;POLERA ESCOTE EN V BASICA CELESTE NICOPOLY;MPM10002967385-3;N06124KM;24/10/2025 20:05:46;4d_Retiro Tienda Ripley Plaza Egaña;Henriquez;Camila;;"Larrain 5800 ";" 3er Piso. Modulo Retiro en Tienda";;;NUNOA;REG.METROPOLITANA;CL;Henriquez;Camila;;Pasaje dos  2461;;;;NUNOA;REG.METROPOLITANA;CL;9990;0;248;0;10238;0;CLP
000000550779;24082460901-A;24/10/2025 20:05:44;Cerrado;9990;248;10238;1798;0.0000;8192;1;POLERA ESCOTE EN V BASICA CAFE  NICOPOLY;MPM10002967415-3;N06124UM;24/10/2025 20:05:46;4d_Retiro Tienda Ripley Plaza Egaña;Henriquez;Camila;;"Larrain 5800 ";" 3er Piso. Modulo Retiro en Tienda";;;NUNOA;REG.METROPOLITANA;CL;Henriquez;Camila;;Pasaje dos  2461;;;;NUNOA;REG.METROPOLITANA;CL;9990;0;248;0;10238;0;CLP
000000550779;24082509501-A;24/10/2025 20:41:46;Cerrado;36990;495;37485;6658;0.0000;30332;1;PANTALÓN PALAZZO MUJER NICOPOLY MAGENTA TAJOS;MPM10001503442-3;N10369ZM-4;24/10/2025 20:41:47;5d_Retiro Tienda Ripley Marina Arauco;Miranda;Nicol francisca;;"Avenida Libertad 1348 ";" Piso 4. Modulo Retiro en Tienda";;;VI.A DEL MA;V REGION;CL;"Vilches ";"Patricia ";;El carmen calle larga 1;;;;VI.A DEL MA;V REGION;CL;36990;0;495;0;37485;0;CLP
000000550779;24082509501-A;24/10/2025 20:41:46;Cerrado;19990;495;20485;3598;0.0000;16392;1;CROP TOP ESPALDA ELASTICADA MAGENTA NICOPOLY;MPM10001503477-4;N10368ZM-4;24/10/2025 20:41:47;5d_Retiro Tienda Ripley Marina Arauco;Miranda;Nicol francisca;;"Avenida Libertad 1348 ";" Piso 4. Modulo Retiro en Tienda";;;VI.A DEL MA;V REGION;CL;"Vilches ";"Patricia ";;El carmen calle larga 1;;;;VI.A DEL MA;V REGION;CL;19990;0;495;0;20485;0;CLP
000000550779;24082595901-A;24/10/2025 21:42:57;Cerrado;35990;0;35990;6478;0.0000;29512;1;FULFILLMENT-PANTALÓN MUJER NICOPOLY NEGRO RECTO CON PINZAS;MPM10002146401-2;N04277BXL-6-FF;24/10/2025 21:42:58;FF_MATRIX_STS;Tobar;Lorena;;"Av. Pdte. Jorge Alessandri Rodríguez 20040, San Bernardo ";2do Piso. Modulo Retiro en Tienda;;;SN.BERNARDO;REG.METROPOLITANA;CL;Tobar;Lorena;;Amanecer D  O4;;;;SN.BERNARDO;REG.METROPOLITANA;CL;35990;0;0;0;35990;0;CLP
000000550779;24082619201-A;24/10/2025 21:59:50;Cerrado;45990;0;45990;8278;0.0000;37712;1;BLAZER SIN MANGAS BOLSILLOS ROSADO;MPM10002942346-3;N04294HL;24/10/2025 21:59:52;6d_Retiro Tienda Ripley Nueva Valdivia;Mutizabal;Ana Luisa;;"Arauco 561 ";" 3er Piso. Servicio al Cliente";;;VALDIVIA;XIV REGION;CL;Mutizabal;Ana Luisa;;Juan Ruiz de León  111;;;;VALDIVIA;XIV REGION;CL;45990;0;0;0;45990;0;CLP
000000550779;24082666601-A;24/10/2025 22:36:56;Cerrado;9990;990;10980;1798;0.0000;8192;1;POLERA BASICA CUELLO REDONDO LINEAS ROJO NICOPOLY;MPM10002967724-4;N06113DS;24/10/2025 22:36:57;4d_Retiro Tienda Ripley Costanera Center;Magnin Roggerone;Johana Gisel;;"Avenida Andrés Bello 2422 ";" 1er Piso. Modulo Retiro en Tienda";;;PROVIDENCIA;REG.METROPOLITANA;CL;Magnin Roggerone;Johana Gisel;;Las hualtatas 7701 7701;;;;PROVIDENCIA;REG.METROPOLITANA;CL;9990;0;990;0;10980;0;CLP
000000550779;24082736601-A;24/10/2025 23:26:23;Cerrado;12990;990;13980;2338;0.0000;10652;1;SWEATER PELUDO RECOGIDO LATERAL GRIS NICOPOLY;MPM10001465176-3;N04173NM;24/10/2025 23:26:25;4d_Retiro Tienda Ripley Tobalaba;"Oyarzun ";"Angelica ";;"Av. Camilo Henríquez 3296, Puente Alto ";2do Piso. Modulo Retiro en Tienda;;;PUENTE ALTO;REG.METROPOLITANA;CL;Barrera;"Luz ";;Dinamarca 01625;;;;PUENTE ALTO;REG.METROPOLITANA;CL;12990;0;990;0;13980;0;CLP
000000550779;24082765701-A;24/10/2025 23:52:49;Cerrado;23990;990;24980;4318;0.0000;19672;1;SOBRECAMISA ALGODÓN MUJER NICOPOLY BLANCO INVIERNO COTELÉ;MPM10002160503-2;N05201AS;24/10/2025 23:52:51;11d_Retiro Tienda Ripley Temuco;Melin;Valeria;;"Arturo Prat 656, Temuco ";2do Piso. Modulo Retiro en Tienda;;;TEMUCO;IX REGION;CL;Melin;Valeria;;Ucrania 735;;;;TEMUCO;IX REGION;CL;23990;0;990;0;24980;0;CLP
000000550779;24082922301-A;25/10/2025 08:52:55;Cerrado;24990;3990;28980;4498;0.0000;20492;1;BLUSA CON LAZO DESMONTABLE NEGRO NICOPOLY;MPM10001752519-1;N04270BL-5;25/10/2025 08:52:57;Flujo Crossdock- Ripley PAQ;Landero;Marisela;;Ave fénix block 3 8555;24;;;LO ESPEJO;REG.METROPOLITANA;CL;Landero;Marisela;;Ave fénix block 3 8555;;;;LO ESPEJO;REG.METROPOLITANA;CL;24990;0;3990;0;28980;0;CLP
000000550779;24083140001-A;25/10/2025 12:16:21;Cerrado;9990;195;10185;1798;0.0000;8192;1;BLUSA LEOPARD NEGRO NICOPOLY;MPM00040170066-3;N02158BXL;25/10/2025 12:16:23;Flujo Crossdock- Ripley PAQ;Duran;Gladys;;Americo Vespucio 1959;11;;;MACUL;REG.METROPOLITANA;CL;Duran;Gladys;;Americo Vespucio 1959;;;;MACUL;REG.METROPOLITANA;CL;9990;0;195;0;10185;0;CLP
000000550779;24083140001-A;25/10/2025 12:16:21;Cerrado;24990;195;25185;4498;0.0000;20492;1;BLUSA CON LAZO DESMONTABLE NEGRO NICOPOLY;MPM10001752519-1;N04270BL-5;25/10/2025 12:16:23;Flujo Crossdock- Ripley PAQ;Duran;Gladys;;Americo Vespucio 1959;11;;;MACUL;REG.METROPOLITANA;CL;Duran;Gladys;;Americo Vespucio 1959;;;;MACUL;REG.METROPOLITANA;CL;24990;0;195;0;25185;0;CLP
000000550779;24083198201-A;25/10/2025 13:01:01;Cerrado;26990;990;27980;4858;0.0000;22132;1;PANTALÓN MUJER NICOPOLY CELESTE PIERNA ANCHA;MPM10001856342-3;N04017KL-5;25/10/2025 13:01:03;4d_Retiro Tienda Ripley Plaza Vespucio;Varela;Carla;;"Av. Vicuña Mackenna Ote. 7110, La Florida ";3er Piso. Modulo Retiro en Tienda;;;LA FLORIDA;REG.METROPOLITANA;CL;Varela;Carla;;Roble americano 8734;;;;LA FLORIDA;REG.METROPOLITANA;CL;26990;0;990;0;27980;0;CLP
000000550779;24083279701-A;25/10/2025 14:06:56;Reembolsado;29990;990;30980;5398;0.0000;24592;1;CHAQUETA BOUCLE  MOCA NICOPOLY;MPM10002646315-2;N05183UM;25/10/2025 14:06:57;5d_Retiro Tienda Ripley El Trébol;"Varela ";"Ariela ";;"Avenida Jorge Alessandri 3177 ";" 3er Piso. Modulo Retiro en Tienda";;;TALCAHUANO;VIII REGION;CL;Salas;Viviana;;Prat 575;;;;TALCAHUANO;VIII REGION;CL;29990;0;990;0;30980;0;CLP
000000550779;24083342801-A;25/10/2025 14:55:35;Cerrado;27990;0;27990;5038;0.0000;22952;1;CAMISA MUJER NICOPOLY BLANCO BÁSICA TIPO SATÍN;MPM10002128970-1;N05287AL;25/10/2025 14:55:36;Flujo Crossdock- Ripley PAQ;Troncoso Ferrari;158104512;;Huepil 409;S/N;;;LOS ANGELES;VIII REGION;CL;Troncoso Ferrari;158104512;;Huepil 409;;;;LOS ANGELES;VIII REGION;CL;27990;0;0;0;27990;0;CLP
000000550779;24083454101-A;25/10/2025 16:18:57;Cerrado;39990;0;39990;7198;0.0000;32792;1;BLAZER MUJER NICOPOLY VERDE OSCURO CUELLO MAO;MPM10002160487-2;N00156EXL-6;25/10/2025 16:18:58;5d_Retiro Tienda Ripley La Calera;Borquez;Elias;;"JJ Perez 90, La Calera ";" 2do Piso. Modulo Retiro en Tienda";;;LA CALERA;V REGION;CL;Borquez;Elias;;Avenida santa cruz 163;;;;LA CALERA;V REGION;CL;39990;0;0;0;39990;0;CLP
000000550779;24083593801-A;25/10/2025 18:02:49;Reembolsado;13990;0;13990;2518;0.0000;11472;1;FALDA MUJER NICOPOLY BURDEO TUBO CIERRE;MPM00084139820-3;N03063TM;25/10/2025 18:02:51;5d_Retiro Tienda Ripley Viña del Mar Sucre;Fuentes;Carol;;"Sucre 290, Viña ";5to Piso. Modulo Retiro en Tienda;;;VI.A DEL MA;V REGION;CL;Fuentes;Carol;;La bombilla 1877;;;;VI.A DEL MA;V REGION;CL;13990;0;0;0;13990;0;CLP
000000550779;24083593801-A;25/10/2025 18:02:49;Reembolsado;36990;0;36990;6658;0.0000;30332;1;PANTALÓN PALAZZO MUJER NICOPOLY VERDE TAJOS;MPM10001503443-2;N10369EM-4;25/10/2025 18:02:51;5d_Retiro Tienda Ripley Viña del Mar Sucre;Fuentes;Carol;;"Sucre 290, Viña ";5to Piso. Modulo Retiro en Tienda;;;VI.A DEL MA;V REGION;CL;Fuentes;Carol;;La bombilla 1877;;;;VI.A DEL MA;V REGION;CL;36990;0;0;0;36990;0;CLP
000000550779;24083593802-A;25/10/2025 18:02:50;Cerrado;37990;0;37990;6838;0.0000;31152;1;FULFILLMENT-BLAZER MANGA DETALLE DRAPEADO BLANCO NICOPOLY;MPM10002975140-4;N02481AM-5-FF;25/10/2025 18:02:52;FF_MATRIX_STS;Fuentes;Carol;;"Sucre 290, Viña ";5to Piso. Modulo Retiro en Tienda;;;VI.A DEL MA;V REGION;CL;Fuentes;Carol;;La bombilla 1877;;;;VI.A DEL MA;V REGION;CL;37990;0;0;0;37990;0;CLP
000000550779;24084124901-A;26/10/2025 00:39:58;Cerrado;29990;990;30980;5398;0.0000;24592;1;CHAQUETA BOUCLE  NEGRO NICOPOLY;MPM10002646312-2;N05183BL;26/10/2025 00:39:59;4d_Retiro Tienda Ripley Alameda;Pacheco Merello;Valentina Isabel;;"Av Libertador Bernardo O'Higgins 3470, Santiago ";3er Piso. Modulo Retiro en Tienda;;;EST.CENTRAL;REG.METROPOLITANA;CL;Pacheco Merello;Valentina Isabel;;Titan 4880 torre 4b 4880;;;;EST.CENTRAL;REG.METROPOLITANA;CL;29990;0;990;0;30980;0;CLP
000000550779;24084275101-A;26/10/2025 10:19:51;Cerrado;13990;495;14485;2518;0.0000;11472;1;CÁRDIGAN BOTONES ACANALADO CAFE NICOPOLY;MPM10001491772-3;N04180UL;26/10/2025 10:19:53;8d_Retiro Tienda Ripley Castellón;Contreras;Margarita;;"Castellon 520, Concepcion ";6to Piso. Servicio al Cliente;;;CONCEPCION;VIII REGION;CL;Contreras;Margarita;;Pasaje jose miguel carrera casa 56;;;;CONCEPCION;VIII REGION;CL;13990;0;495;0;14485;0;CLP
000000550779;24084275101-A;26/10/2025 10:19:51;Cerrado;13990;495;14485;2518;0.0000;11472;1;CÁRDIGAN BOTONES ACANALADO GRIS NICOPOLY;MPM10001491735-3;N04180NL;26/10/2025 10:19:53;8d_Retiro Tienda Ripley Castellón;Contreras;Margarita;;"Castellon 520, Concepcion ";6to Piso. Servicio al Cliente;;;CONCEPCION;VIII REGION;CL;Contreras;Margarita;;Pasaje jose miguel carrera casa 56;;;;CONCEPCION;VIII REGION;CL;13990;0;495;0;14485;0;CLP
000000550779;24084337801-A;26/10/2025 11:12:22;Cerrado;14990;990;15980;2698;0.0000;12292;1;TOP ACANALADO HOMBROS CAIDOS NEGRO NICOPOLY;MPM10001856351-2;N05129BM;26/10/2025 11:12:23;4d_Retiro Tienda Ripley Puente;Gatica;Penlope;;"21 de Mayo 698 ";4to Piso. Modulo Retiro en Tienda;;;SANTIAGO;REG.METROPOLITANA;CL;Gatica;Penlope;;Coronel luis Caamano  973;;;;SANTIAGO;REG.METROPOLITANA;CL;14990;0;990;0;15980;0;CLP
000000550779;24084382402-A;26/10/2025 11:46:12;Cerrado;14990;0;14990;2698;0.0000;12292;1;TOP TIPO LINO ESTAMPADO CEBRA CAFE  NICOPOLY;MPM10002977772-1;N06166UXL;26/10/2025 11:46:13;5d_Retiro Tienda Ripley El Trébol;Fuentes Manriquez;Patricia;;"Avenida Jorge Alessandri 3177 ";" 3er Piso. Modulo Retiro en Tienda";;;TALCAHUANO;VIII REGION;CL;Fuentes Manriquez;Patricia;;Las Heras 2209;;;;TALCAHUANO;VIII REGION;CL;14990;0;0;0;14990;0;CLP
000000550779;24084382401-A;26/10/2025 11:46:13;Cerrado;49990;0;49990;8998;0.0000;40992;1;FULFILLMENT-BLAZER MANGA 3/4 AJUSTADA CON PLIEGUES ROSADO NICOPOLY;MPM10002943909-2;N03049HXL-5-FF;26/10/2025 11:46:15;FF_MATRIX_STS;Fuentes Manriquez;Patricia;;"Avenida Jorge Alessandri 3177 ";" 3er Piso. Modulo Retiro en Tienda";;;TALCAHUANO;VIII REGION;CL;Fuentes Manriquez;Patricia;;Las Heras 2209;;;;TALCAHUANO;VIII REGION;CL;49990;0;0;0;49990;0;CLP
000000550779;24084555501-A;26/10/2025 13:58:25;Cerrado;43990;0;43990;7918;0.0000;36072;1;VESTIDO LARGO CUELLO MOCK BURDEO NICOPOLY;MPM10002627268-3;N05311TS;26/10/2025 13:58:27;10d_Retiro Tienda Ripley Antofagasta;Segovia;Rosana;;"Arturo Prat 530 ";" 4to Piso. Servicio al Cliente";;;ANTOFAGASTA;II REGION;CL;Segovia;Rosana;;lidia moreno 177;;;;ANTOFAGASTA;II REGION;CL;43990;0;0;0;43990;0;CLP
000000550779;24084669303-A;26/10/2025 15:12:48;Cerrado;31990;3990;35980;5758;0.0000;26232;1;GILET BASICO HILO NEGRO NICOPOLY;MPM10002842889-2;N05264BS-7;26/10/2025 15:12:49;Flujo Crossdock- Ripley PAQ;Navarro;Maria Del Pilar;;Avda.Padre Hurtado Norte 1752;A-31;;;VITACURA;REG.METROPOLITANA;CL;Navarro;Maria Del Pilar;;Avda.Padre Hurtado Norte 1752;;;;VITACURA;REG.METROPOLITANA;CL;31990;0;3990;0;35980;0;CLP
000000550779;24084835101-A;26/10/2025 16:54:08;Cerrado;43990;4990;48980;7918;0.0000;36072;1;ENTERITO CINTURON AJUSTABLE VERDE OSCURO NICOPOLY;MPM10003032193-2;N06091EL;26/10/2025 16:54:11;Flujo Crossdock- Ripley PAQ;Correa Soloaga;Ana María;;Avda Guillermo Ulricksen 1781;2241;;;LA SERENA;IV REGION;CL;Correa Soloaga;Ana María;;Avda Guillermo Ulricksen 1781;;;;LA SERENA;IV REGION;CL;43990;0;4990;0;48980;0;CLP
000000550779;24084959601-A;26/10/2025 18:04:26;Cerrado;41990;990;42980;7558;0.0000;34432;1;ENTERITO MUJER NICOPOLY NEGRO ESCOTE CRUZADO;MPM10001856353-3;N05044BL;26/10/2025 18:04:27;4d_Retiro Tienda Ripley San Bernardo;"Carrasco ";"Daniela ";;"Av. Pdte. Jorge Alessandri Rodríguez 20040, San Bernardo ";2do Piso. Modulo Retiro en Tienda;;;SN.BERNARDO;REG.METROPOLITANA;CL;"Carrasco ";"Daniela ";;Orilla del rio paradero 4 y medio 11b;;;;SN.BERNARDO;REG.METROPOLITANA;CL;41990;0;990;0;42980;0;CLP
000000550779;24084982601-A;26/10/2025 18:16:35;Cerrado;57990;0;57990;10438;0.0000;47552;1;FULFILLMENT-VESTIDO LARGO ESCOTE DRAPEADO AZUL NICOPOLY;MPM10002975112-2;N06078PL-FF;26/10/2025 18:16:36;FF_MATRIX_STS;"Rodrguez ";Camila;;"Juan Soler Manfredini 10 ";" 6to Piso. Modulo Retiro en Tienda";;;PTO.MONTT;X REGION;CL;"Rodrguez ";Camila;;Juan Soler Manfredini 31;;;;PTO.MONTT;X REGION;CL;57990;0;0;0;57990;0;CLP
000000550779;24085255701-A;26/10/2025 21:00:26;Cerrado;49990;0;49990;8998;0.0000;40992;1;FULFILLMENT-BLAZER MANGA 3/4 AJUSTADA CON PLIEGUES BLANCO;MPM10002943892-4;N03049AM-FF;26/10/2025 21:00:27;FF_MATRIX;Lillo Moscoso;Karen;;Chacabuco, villa kennedy 136;S/N;;;CHILLAN;VIII REGION;CL;Lillo Moscoso;Karen;;Chacabuco, villa kennedy 136;;;;CHILLAN;VIII REGION;CL;49990;0;0;0;49990;0;CLP
000000550779;24085449201-A;26/10/2025 22:40:09;Cerrado;48990;4990;53980;8818;0.0000;40172;1;ENTERITO HALTER CON CINTURON LAZO FUCSIA NICOPOLY;MPM10001752465-3;N05036SL;26/10/2025 22:40:10;Flujo Crossdock- Ripley PAQ;Alarcon;Claudia;;América 755;1101;;;SN.BERNARDO;REG.METROPOLITANA;CL;Alarcon;Claudia;;América 755;;;;SN.BERNARDO;REG.METROPOLITANA;CL;48990;0;4990;0;53980;0;CLP
000000550779;24085532601-A;26/10/2025 23:20:43;Cerrado;14990;990;15980;2698;0.0000;12292;1;BODY HALTER TIPO SATIN NEGRO NICOPOLY;MPM10001878231-2;N05047BM;26/10/2025 23:20:44;5d_Retiro Tienda Ripley Viña del Mar Sucre;Villar Santander;Carolina;;"Sucre 290, Viña ";5to Piso. Modulo Retiro en Tienda;;;VI.A DEL MA;V REGION;CL;Villar Santander;Carolina;;General Prieto 450;;;;VI.A DEL MA;V REGION;CL;14990;0;990;0;15980;0;CLP
000000550779;24085559401-A;26/10/2025 23:37:18;Cerrado;35990;0;35990;6478;0.0000;29512;1;BLAZER COTELE  CAFE  NICOPOLY;MPM10002661346-2;N05302UM;26/10/2025 23:37:21;4d_Retiro Tienda Ripley Los Dominicos;Salinas;Loredana;;"Padre Hurtado Sur 875 ";1er Piso. Servicio al Cliente;;;LAS CONDES;REG.METROPOLITANA;CL;Salinas;Loredana;;Los maitenes 15600;;;;LAS CONDES;REG.METROPOLITANA;CL;35990;0;0;0;35990;0;CLP
000000550779;24085585901-A;26/10/2025 23:54:18;Reembolsado;42990;0;42990;7738;0.0000;35252;1;ENTERITO CUELLO MOCK AZUL NICOPOLY;MPM10002627273-2;N05313PM;26/10/2025 23:54:19;Flujo Crossdock- Ripley PAQ;Roque Poblete;Valentina Paz;;calle 2 33;A604;;;LA FLORIDA;REG.METROPOLITANA;CL;Roque Poblete;Valentina Paz;;calle 2 33;;;;LA FLORIDA;REG.METROPOLITANA;CL;42990;0;0;0;42990;0;CLP
000000550779;24085649801-A;27/10/2025 01:00:17;Cerrado;9990;4990;14980;1798;0.0000;8192;1;POLERA BASICA CUELLO REDONDO LINEAS ROJO NICOPOLY;MPM10002967724-3;N06113DM;27/10/2025 01:00:18;Flujo Crossdock- Ripley PAQ;Garrido;Gricel;;Pasaje los agapaltos 0558;S/N;;;PUENTE ALTO;REG.METROPOLITANA;CL;Garrido;Gricel;;Pasaje los agapaltos 0558;;;;PUENTE ALTO;REG.METROPOLITANA;CL;9990;0;4990;0;14980;0;CLP
000000550779;24085902301-A;27/10/2025 10:52:19;Cerrado;23990;6990;30980;4318;0.0000;19672;1;SOBRECAMISA ALGODÓN MUJER NICOPOLY GRIS COTELÉ;MPM10002160531-2;N05201IM;27/10/2025 10:52:21;Flujo Crossdock- Ripley PAQ;Ponce;"Valentina ";;Los magnolios  132;S/N;;;SANTO DGO.;V REGION;CL;Ponce;"Valentina ";;Los magnolios  132;;;;SANTO DGO.;V REGION;CL;23990;0;6990;0;30980;0;CLP
000000550779;24086193701-A;27/10/2025 13:58:33;Cerrado;34990;990;35980;6298;0.0000;28692;1;BLAZER MUJER NICOPOLY NEGRO LAZO DELANTERO;MPM10002128962-3;N05276BS;27/10/2025 13:58:34;Flujo Crossdock- Ripley PAQ;Williams Miki;Vanessa;;18 1/2 Poniente 266;0266;;;TALCA;VII REGION;CL;Williams Miki;Vanessa;;18 1/2 Poniente 266;;;;TALCA;VII REGION;CL;34990;0;990;0;35980;0;CLP
000000550779;24086520501-A;27/10/2025 17:18:41;Reembolsado;56990;990;57980;10258;0.0000;46732;1;VESTIDO LARGO FLOREADO ROSADO NICOPOLY;MPM10003037833-1;N06076SS;27/10/2025 17:18:43;8d_Retiro Tienda Ripley Castellón;Vergara Yevenes;Karina;;"Castellon 520, Concepcion ";6to Piso. Servicio al Cliente;;;CONCEPCION;VIII REGION;CL;Vergara Yevenes;Karina;;Obispo Hipólito Salas 89;;;;CONCEPCION;VIII REGION;CL;56990;0;990;0;57980;0;CLP
000000550779;24086868601-A;27/10/2025 21:09:04;Cerrado;11990;990;12980;2158;0.0000;9832;1;BLUSA SIN MANGAS BLANCO NICOPOLY;MPM10001916736-3;N05071AM;27/10/2025 21:09:05;4d_Retiro Tienda Ripley Plaza Vespucio;Campos;Sofia;;"Av. Vicuña Mackenna Ote. 7110, La Florida ";3er Piso. Modulo Retiro en Tienda;;;LA FLORIDA;REG.METROPOLITANA;CL;Campos;Sofia;;El Blanco 58;;;;LA FLORIDA;REG.METROPOLITANA;CL;11990;0;990;0;12980;0;CLP
000000550779;24087089801-A;27/10/2025 22:57:41;Cerrado;39990;3990;43980;7198;0.0000;32792;1;BLAZER LARGO MANGA DRAPEADA AZUL MEDIO NICOPOLY;MPM10001465239-2;N04262KXL;27/10/2025 22:57:42;Flujo Crossdock- Ripley PAQ;Sanhueza;Sofia;;Maria Angelica 3831;101;;;LA FLORIDA;REG.METROPOLITANA;CL;Sanhueza;Sofia;;Maria Angelica 3831;;;;LA FLORIDA;REG.METROPOLITANA;CL;39990;0;3990;0;43980;0;CLP
000000550779;24087245601-A;28/10/2025 00:46:03;Reembolsado;24990;3990;28980;4498;0.0000;20492;1;BLUSA CON LAZO DESMONTABLE NEGRO NICOPOLY;MPM10001752519-3;N04270BM-5;28/10/2025 00:46:04;Flujo Crossdock- Ripley PAQ;"Burbano ";Diana;;Seminario 850;Depto;;;NUNOA;REG.METROPOLITANA;CL;"Burbano ";Diana;;Seminario 850;;;;NUNOA;REG.METROPOLITANA;CL;24990;0;3990;0;28980;0;CLP
000000550779;24087302701-A;28/10/2025 06:05:23;Cerrado;20990;990;21980;3778;0.0000;17212;1;PANTALÓN MUJER NICOPOLY ROJO TIRO ALTO BÁSICO;MPM10001752474-2;N10373DM-5;28/10/2025 06:05:25;4d_Retiro Tienda Ripley Arauco Maipu;"Manriquez ";Angelica;;"Av. Americo Vespucio 399 ";" 2do Piso. Modulo Retiro en Tienda";;;MAIPU;REG.METROPOLITANA;CL;"Manriquez ";Angelica;;Marta  ossa ruix 320;;;;MAIPU;REG.METROPOLITANA;CL;20990;0;990;0;21980;0;CLP
000000550779;24087315201-A;28/10/2025 07:04:21;Reembolsado;25990;0;25990;4678;0.0000;21312;1;GILET 4 BOTONES LILA NICOPOLY;MPM10002842896-4;N05262ZM-7;28/10/2025 07:04:23;Flujo Crossdock- Ripley PAQ;Carrillo Reyes;Blanca Orieta;;El Fundo 21156;S/N;;;PUDAHUEL;REG.METROPOLITANA;CL;Carrillo Reyes;Blanca Orieta;;El Fundo 21156;;;;PUDAHUEL;REG.METROPOLITANA;CL;25990;0;0;0;25990;0;CLP
000000550779;24087315201-A;28/10/2025 07:04:21;Reembolsado;25990;0;25990;4678;0.0000;21312;1;GILET 4 BOTONES VERDE NICOPOLY;MPM10002842869-1;N05262EM-7;28/10/2025 07:04:23;Flujo Crossdock- Ripley PAQ;Carrillo Reyes;Blanca Orieta;;El Fundo 21156;S/N;;;PUDAHUEL;REG.METROPOLITANA;CL;Carrillo Reyes;Blanca Orieta;;El Fundo 21156;;;;PUDAHUEL;REG.METROPOLITANA;CL;25990;0;0;0;25990;0;CLP
000000550779;24087315201-A;28/10/2025 07:04:21;Cerrado;28990;0;28990;5218;0.0000;23772;1;GILET BASICO AJUSTABLE CELESTE NICOPOLY;MPM10002842870-3;N04273CM-7;28/10/2025 07:04:23;Flujo Crossdock- Ripley PAQ;Carrillo Reyes;Blanca Orieta;;El Fundo 21156;S/N;;;PUDAHUEL;REG.METROPOLITANA;CL;Carrillo Reyes;Blanca Orieta;;El Fundo 21156;;;;PUDAHUEL;REG.METROPOLITANA;CL;28990;0;0;0;28990;0;CLP
000000550779;24087315202-A;28/10/2025 07:04:22;Cerrado;28990;0;28990;5218;0.0000;23772;1;FULFILLMENT-GILET BASICO CELESTE NICOPOLY;MPM10002943896-4;N04273KM-FF;28/10/2025 07:04:25;FF_MATRIX_DX;Carrillo Reyes;Blanca Orieta;;El Fundo 21156;S/N;;;PUDAHUEL;REG.METROPOLITANA;CL;Carrillo Reyes;Blanca Orieta;;El Fundo 21156;;;;PUDAHUEL;REG.METROPOLITANA;CL;28990;0;0;0;28990;0;CLP
000000550779;24087367801-A;28/10/2025 08:41:31;Cerrado;45990;990;46980;8278;0.0000;37712;1;BLAZER SIN MANGAS BOLSILLOS BURDEOS NICOPOLY;MPM10001752514-2;N04294DL-5;28/10/2025 08:41:33;Flujo Crossdock- Ripley PAQ;Nazer;Ximena;;Edmundo Eluchans 2415;114;;;VI.A DEL MA;V REGION;CL;Nazer;Ximena;;Edmundo Eluchans 2415;;;;VI.A DEL MA;V REGION;CL;45990;0;990;0;46980;0;CLP
000000550779;24087457301-A;28/10/2025 10:01:03;Reembolsado;16990;990;17980;3058;0.0000;13932;1;VESTIDO CORTO MUJER NICOPOLY CELESTE ABERTURAS MANGAS;MPM10001849480-4;N02336KM-5;28/10/2025 10:01:05;4d_Retiro Tienda Ripley Puente;Valds;Susana;;"21 de Mayo 698 ";4to Piso. Modulo Retiro en Tienda;;;SANTIAGO;REG.METROPOLITANA;CL;Valds;Susana;;Emiliano Zapata 916 depto 109;;;;SANTIAGO;REG.METROPOLITANA;CL;16990;0;990;0;17980;0;CLP
000000550779;24087840901-A;28/10/2025 14:00:02;Cerrado;48990;990;49980;8818;0.0000;40172;1;ENTERITO HALTER CON CINTURON LAZO VERDE PETROLEO NICOPOLY;MPM10001752509-1;N05036EL;28/10/2025 14:00:04;5d_Retiro Tienda Ripley Chillán;Toledo;Ana;;"5 de Abril 699 ";4to Piso. Centro de atención al Cliente;;;CHILLAN;VIII REGION;CL;Toledo;Ana;;Cocharcas 1082;;;;CHILLAN;VIII REGION;CL;48990;0;990;0;49980;0;CLP
000000550779;24088390301-A;28/10/2025 19:34:43;Cerrado;22990;248;23238;4138;0.0000;18852;1;CAMISA MUJER NICOPOLY ROJO BÁSICA;MPM10002128973-3;N05181DS;28/10/2025 19:34:46;10d_Retiro Tienda Ripley Pto. Montt Costanera;Gil Hoyos;Maria;;"Juan Soler Manfredini 10 ";" 6to Piso. Modulo Retiro en Tienda";;;PTO.MONTT;X REGION;CL;Gil Hoyos;Maria;;Diego de Almagro norte 2550 2550;;;;PTO.MONTT;X REGION;CL;22990;0;248;0;23238;0;CLP
000000550779;24088390301-A;28/10/2025 19:34:43;Cerrado;22990;248;23238;4138;0.0000;18852;1;CAMISA MUJER NICOPOLY ROJO BÁSICA;MPM10002128973-1;N05181DM;28/10/2025 19:34:46;10d_Retiro Tienda Ripley Pto. Montt Costanera;Gil Hoyos;Maria;;"Juan Soler Manfredini 10 ";" 6to Piso. Modulo Retiro en Tienda";;;PTO.MONTT;X REGION;CL;Gil Hoyos;Maria;;Diego de Almagro norte 2550 2550;;;;PTO.MONTT;X REGION;CL;22990;0;248;0;23238;0;CLP
000000550779;24088390301-A;28/10/2025 19:34:43;Cerrado;22990;248;23238;4138;0.0000;18852;1;CAMISA MUJER NICOPOLY ROJO BÁSICA;MPM10002128973-4;N05181DL;28/10/2025 19:34:46;10d_Retiro Tienda Ripley Pto. Montt Costanera;Gil Hoyos;Maria;;"Juan Soler Manfredini 10 ";" 6to Piso. Modulo Retiro en Tienda";;;PTO.MONTT;X REGION;CL;Gil Hoyos;Maria;;Diego de Almagro norte 2550 2550;;;;PTO.MONTT;X REGION;CL;22990;0;248;0;23238;0;CLP
000000550779;24088390301-A;28/10/2025 19:34:43;Cerrado;22990;248;23238;4138;0.0000;18852;1;CAMISA MUJER NICOPOLY ROJO BÁSICA;MPM10002128973-2;N05181DXL;28/10/2025 19:34:46;10d_Retiro Tienda Ripley Pto. Montt Costanera;Gil Hoyos;Maria;;"Juan Soler Manfredini 10 ";" 6to Piso. Modulo Retiro en Tienda";;;PTO.MONTT;X REGION;CL;Gil Hoyos;Maria;;Diego de Almagro norte 2550 2550;;;;PTO.MONTT;X REGION;CL;22990;0;248;0;23238;0;CLP
000000550779;24088577501-A;28/10/2025 21:30:04;Cerrado;29990;0;29990;5398;0.0000;24592;1;GILET LARGO CON BOTONES NEGRO;MPM10002910447-2;N06135BM;28/10/2025 21:30:05;5d_Retiro Tienda Ripley Los Ángeles;"Salazar ";"Roxanna ";;"Valdivia 440, Los Angeles ";" 3er Piso. Servicio al Cliente";;;LOS ANGELES;VIII REGION;CL;"Salazar ";"Roxanna ";;Rocuant 148 altos del retiro sur 148;;;;LOS ANGELES;VIII REGION;CL;29990;0;0;0;29990;0;CLP
000000550779;24088674301-A;28/10/2025 22:22:31;Cerrado;9990;495;10485;1798;0.0000;8192;1;POLERA ESCOTE EN V BASICA CAFE  NICOPOLY;MPM10002967415-1;N06124US;28/10/2025 22:22:32;10d_Retiro Tienda Ripley Portal Temuco;Poblete Quilodran;Fabiola Margarita;;"Avenida Alemania 0671 ";3er Piso, Modulo Retiro en Tienda;;;TEMUCO;IX REGION;CL;Poblete Quilodran;Fabiola Margarita;;Dos Norte, Labranza 1174;;;;TEMUCO;IX REGION;CL;9990;0;495;0;10485;0;CLP
000000550779;24088674301-A;28/10/2025 22:22:31;Cerrado;9990;495;10485;1798;0.0000;8192;1;POLERA ESCOTE EN V BASICA AZUL MARINO NICOPOLY;MPM10002967414-3;N06124PS;28/10/2025 22:22:32;10d_Retiro Tienda Ripley Portal Temuco;Poblete Quilodran;Fabiola Margarita;;"Avenida Alemania 0671 ";3er Piso, Modulo Retiro en Tienda;;;TEMUCO;IX REGION;CL;Poblete Quilodran;Fabiola Margarita;;Dos Norte, Labranza 1174;;;;TEMUCO;IX REGION;CL;9990;0;495;0;10485;0;CLP
000000550779;24088995901-A;29/10/2025 08:16:35;Cerrado;9990;990;10980;1798;0.0000;8192;1;POLERA ESCOTE EN V BASICA CAFE  NICOPOLY;MPM10002967415-2;N06124UXL;29/10/2025 08:16:37;5d_Retiro Tienda Ripley Mall Concepción;Riquelme Flores;Claudia Pricsila;;"Barros Arana 1068, Concepcion ";" 3er Piso. Modulo Retiro en Tienda";;;CONCEPCION;VIII REGION;CL;Riquelme Flores;Claudia Pricsila;;Calle uno  4170;;;;CONCEPCION;VIII REGION;CL;9990;0;990;0;10980;0;CLP
000000550779;24089227501-A;29/10/2025 11:24:30;Cerrado;36990;0;36990;6658;0.0000;30332;1;PANTALÓN PALAZZO MUJER NICOPOLY MAGENTA TAJOS;MPM10001503442-1;N10369ZXL-4;29/10/2025 11:24:32;Flujo Crossdock- Ripley PAQ;Saavedra;Paola;;Jose miguel Carrera 29;"Casa reja roja frente a la multicancha ";;;CABILDO;V REGION;CL;Saavedra;Paola;;Jose miguel Carrera 29;;;;CABILDO;V REGION;CL;36990;0;0;0;36990;0;CLP
000000550779;24089235801-A;29/10/2025 11:29:12;Cerrado;17990;0;17990;3238;0.0000;14752;1;SWEATER ESCOTE PROFUNDO BLANCO NICOPOLY;MPM10002627253-2;N05324AL;29/10/2025 11:29:13;6d_Retiro Tienda Ripley Nueva Valdivia;Iakovleva;Yulia;;"Arauco 561 ";" 3er Piso. Servicio al Cliente";;;VALDIVIA;XIV REGION;CL;Iakovleva;Yulia;;Los Boldos 498;;;;VALDIVIA;XIV REGION;CL;17990;0;0;0;17990;0;CLP
000000550779;24089297001-A;29/10/2025 12:03:26;Reembolsado;43990;990;44980;7918;0.0000;36072;1;ENTERITO CINTURON AJUSTABLE VERDE OSCURO NICOPOLY;MPM10003032193-2;N06091EL;29/10/2025 12:03:29;5d_Retiro Tienda Ripley La Calera;Cofre Fernndez;"Enzo ";;"JJ Perez 90, La Calera ";" 2do Piso. Modulo Retiro en Tienda";;;LA CALERA;V REGION;CL;Cofre Fernndez;"Enzo ";;pasaje francisco de villagra 42;;;;LA CALERA;V REGION;CL;43990;0;990;0;44980;0;CLP
000000550779;24089437801-A;29/10/2025 13:30:31;Cerrado;44990;9990;54980;8098;0.0000;36892;1;BLAZER BASICO DE TOPE KHAKI NICOPOLY;MPM10002843022-3;N05301LS-7;29/10/2025 13:30:34;Flujo Crossdock- Ripley PAQ;Navarrete;"Priscilla ";;zapallar  503;S/N;;;RIO BUENO;XIV REGION;CL;Navarrete;"Priscilla ";;zapallar  503;;;;RIO BUENO;XIV REGION;CL;44990;0;9990;0;54980;0;CLP
000000550779;24089971001-A;29/10/2025 19:03:44;Cerrado;32990;0;32990;5938;0.0000;27052;1;PANTALÓN MUJER NICOPOLY BLANCO CARROT;MPM10002128951-2;N05242AL;29/10/2025 19:03:46;5d_Retiro Tienda Ripley Los Ángeles;Sanhueza;Barbara;;"Valdivia 440, Los Angeles ";" 3er Piso. Servicio al Cliente";;;LOS ANGELES;VIII REGION;CL;Sanhueza;Barbara;;pasaje cinco sitio  12;;;;LOS ANGELES;VIII REGION;CL;32990;0;0;0;32990;0;CLP
000000550779;24090048401-A;29/10/2025 19:50:28;Reembolsado;11990;990;12980;2158;0.0000;9832;1;TOP BASICO TIPO SATIN NEGRO NICOPOLY;MPM10001919212-1;N05098BM;29/10/2025 19:50:29;4d_Retiro Tienda Ripley Parque Arauco;Diaz;Veronica;;"Avenida Kennedy 5413 ";4to Piso. Modulo Retiro en Tienda;;;LAS CONDES;REG.METROPOLITANA;CL;Diaz;Veronica;;Candelaria goyenechea  5621;;;;LAS CONDES;REG.METROPOLITANA;CL;11990;0;990;0;12980;0;CLP
000000550779;24090108801-A;29/10/2025 20:27:46;Reembolsado;9990;0;9990;1798;0.0000;8192;1;POLERA MANGA LARGA CUELLO REDONDO NEGRA;MPM10002924163-1;N06125BS;29/10/2025 20:27:47;4d_Retiro Tienda Ripley Plaza Oeste;Mio;Valeria;;"Américo Vespucio 1501 ";" 3er Piso. Modulo Retiro en Tienda";;;CERRILLOS;REG.METROPOLITANA;CL;Mio;Valeria;;Salvador Allende 3371;;;;CERRILLOS;REG.METROPOLITANA;CL;9990;0;0;0;9990;0;CLP
000000550779;24090120601-A;29/10/2025 20:36:38;Reembolsado;37990;0;37990;6838;0.0000;31152;1;FULFILLMENT-BLAZER MANGA DETALLE DRAPEADO ROSADO NICOPOLY;MPM10002975126-1;N02481HXL-FF;29/10/2025 20:36:39;FF_MATRIX;Rojas Soto;Claudia Eliana;;Peatones San Vicente 4142;B;;;MACUL;REG.METROPOLITANA;CL;Rojas Soto;Claudia Eliana;;Peatones San Vicente 4142;;;;MACUL;REG.METROPOLITANA;CL;37990;0;0;0;37990;0;CLP
000000550779;24090389401-A;29/10/2025 22:45:09;Cerrado;13990;990;14980;2518;0.0000;11472;1;CÁRDIGAN BOTONES ACANALADO BURDEOS NICOPOLY;MPM10001491756-2;N04180TM;29/10/2025 22:45:11;4d_Retiro Tienda Ripley San Bernardo;Rojas;"Alejandra ";;"Av. Pdte. Jorge Alessandri Rodríguez 20040, San Bernardo ";2do Piso. Modulo Retiro en Tienda;;;SN.BERNARDO;REG.METROPOLITANA;CL;Berti;Anais;;Pasaje aulen 15278;;;;SN.BERNARDO;REG.METROPOLITANA;CL;13990;0;990;0;14980;0;CLP
000000550779;24090511401-A;29/10/2025 23:38:41;Reembolsado;17990;0;17990;3238;0.0000;14752;1;FALDA MUJER NICOPOLY AZUL MEDIO DENIM TAJO FRONTAL;MPM10001465759-2;N04269KM;29/10/2025 23:38:43;4d_Retiro Tienda Ripley Los Dominicos;Arias;Alejandra;;"Padre Hurtado Sur 875 ";1er Piso. Servicio al Cliente;;;LAS CONDES;REG.METROPOLITANA;CL;Arias;Alejandra;;Las aranas 2350;;;;LAS CONDES;REG.METROPOLITANA;CL;17990;0;0;0;17990;0;CLP
000000550779;24091338001-A;30/10/2025 14:17:12;Recibido;34990;0;34990;6298;0.0000;28692;1;BLAZER UN BOTON AZUL ACERO NICOPOLY;MPM10002635836-2;N05318CM;30/10/2025 14:17:14;10d_Retiro Tienda Ripley Iquique;Cayo;Karen;;"Vivar 550 ";" 4to Piso. Servicio al Cliente";;;IQUIQUE;I REGION;CL;Cayo;Karen;;Matilla 3451;;;;IQUIQUE;I REGION;CL;34990;0;0;0;34990;0;CLP
000000550779;24091382101-A;30/10/2025 14:45:10;Cerrado;25990;990;26980;4678;0.0000;21312;1;VESTIDO MUJER NICOPOLY NEGRO STRAPLESS Y ESCOTE V;MPM10001856352-4;N05011BM;30/10/2025 14:45:13;5d_Retiro Tienda Ripley Quilpué;Maragaño Troncoso;Carolina;;"Claudio Vicuña 992, Quilpue ";" 3er Piso. Modulo Retiro en Tienda";;;QUILPUE;V REGION;CL;Maragaño Troncoso;Carolina;;"Las acacias  840 ";;;;QUILPUE;V REGION;CL;25990;0;990;0;26980;0;CLP
000000550779;24091434901-A;30/10/2025 15:09:11;Cerrado;9990;0;9990;1798;0.0000;8192;1;POLERA MANGA CORTA BASICA BLANCO NICOPOLY;MPM10002966431-3;N06112AM;30/10/2025 15:09:12;5d_Retiro Tienda Ripley Curicó;Adasme;Estefania;;"Av.OHiggins 201 ";" 2do Piso. Servicio al Cliente";;;CURICO;VII REGION;CL;Adasme;Estefania;;Villa don sebastian pasaje 8 1532;;;;CURICO;VII REGION;CL;9990;0;0;0;9990;0;CLP
000000550779;24091471701-A;30/10/2025 15:27:55;Cerrado;21990;990;22980;3958;0.0000;18032;1;PANTALÓN MUJER NICOPOLY CELESTE PINZAS TIRO ALTO;MPM10001752461-1;N04120KS-5;30/10/2025 15:27:56;5d_Retiro Tienda Ripley El Trébol;Garrido;Samir;;"Avenida Jorge Alessandri 3177 ";" 3er Piso. Modulo Retiro en Tienda";;;TALCAHUANO;VIII REGION;CL;Cruzat;Alexia;;Pasaje Carza, El Portal Curanilahue 4;;;;TALCAHUANO;VIII REGION;CL;21990;0;990;0;22980;0;CLP
000000550779;24091597802-A;30/10/2025 16:31:20;Cerrado;21990;990;22980;3958;0.0000;18032;1;PANTALÓN MUJER NICOPOLY ROJO PINZAS TIRO ALTO;MPM10001752477-1;N04120DS-5;30/10/2025 16:31:22;5d_Retiro Tienda Ripley Rancagua;Badilla Muñoz;Elena Del Carmen;;"José Domingo Mujica 490 ";" 3er Piso. Modulo Retiro en Tienda";;;RANCAGUA;VI REGION;CL;Badilla Muñoz;Elena Del Carmen;;MONTE AYMOND VILLA LA RECONQUISTA 504;;;;RANCAGUA;VI REGION;CL;21990;0;990;0;22980;0;CLP
000000550779;24091652501-A;30/10/2025 17:03:20;Cerrado;18990;990;19980;3418;0.0000;15572;1;VESTIDO MUJER NICOPOLY NEGRO TIPO BLAZER;MPM10002128954-2;N05257BM;30/10/2025 17:03:21;4d_Retiro Tienda Ripley Plaza Vespucio;Palma;Natalie;;"Av. Vicuña Mackenna Ote. 7110, La Florida ";3er Piso. Modulo Retiro en Tienda;;;LA FLORIDA;REG.METROPOLITANA;CL;Palma;Natalie;;José H Wettlin  10046;;;;LA FLORIDA;REG.METROPOLITANA;CL;18990;0;990;0;19980;0;CLP
000000550779;24091752801-A;30/10/2025 18:00:44;Cerrado;7990;3990;11980;1438;0.0000;6552;1;POLERA RAYAS SIN MANGAS AZUL MARINO NICOPOLY;MPM10002969086-3;N06158PL;30/10/2025 18:00:46;Flujo Crossdock- Ripley PAQ;Ramirez;Monica;;Suecia 2009;503;;;PROVIDENCIA;REG.METROPOLITANA;CL;Ramirez;Monica;;Suecia 2009;;;;PROVIDENCIA;REG.METROPOLITANA;CL;7990;0;3990;0;11980;0;CLP
000000550779;24091966301-A;30/10/2025 20:11:27;Cerrado;28990;990;29980;5218;0.0000;23772;1;PANTALÓN MUJER NICOPOLY BLANCO CARROT;MPM10002128951-4;N05242AM;30/10/2025 20:11:29;10d_Retiro Tienda Ripley Pto. Montt Costanera;Mansilla;Susan;;"Juan Soler Manfredini 10 ";" 6to Piso. Modulo Retiro en Tienda";;;PTO.MONTT;X REGION;CL;Mansilla;Susan;;Calle uno 1730;;;;PTO.MONTT;X REGION;CL;28990;0;990;0;29980;0;CLP
000000550779;24092065501-A;30/10/2025 21:18:26;Reembolsado;35990;3990;39980;6478;0.0000;29512;1;BLAZER BASICO DE TOPE ROJO NICOPOLY;MPM10002843023-3;N05301DL-7;30/10/2025 21:18:28;Flujo Crossdock- Ripley PAQ;Cornu;Lucett;;Boldo 5 pasaje mozart 1922;S/N;;;CURICO;VII REGION;CL;Cornu;Lucett;;Boldo 5 pasaje mozart 1922;;;;CURICO;VII REGION;CL;35990;0;3990;0;39980;0;CLP
000000550779;24092411701-A;31/10/2025 00:31:25;Cerrado;18990;0;18990;3418;0.0000;15572;1;VESTIDO MUJER NICOPOLY NEGRO TIPO BLAZER;MPM10002128954-1;N05257BS;31/10/2025 00:31:26;Flujo Crossdock- Ripley PAQ;Lolas;Gloria;;Jose de Moraleda 4772;S/N;;;LAS CONDES;REG.METROPOLITANA;CL;Lolas;Gloria;;Jose de Moraleda 4772;;;;LAS CONDES;REG.METROPOLITANA;CL;18990;0;0;0;18990;0;CLP
000000550779;24092411701-A;31/10/2025 00:31:25;Cerrado;18990;0;18990;3418;0.0000;15572;1;VESTIDO MUJER NICOPOLY ROJO TIPO BLAZER;MPM10002128953-1;N05257DS;31/10/2025 00:31:26;Flujo Crossdock- Ripley PAQ;Lolas;Gloria;;Jose de Moraleda 4772;S/N;;;LAS CONDES;REG.METROPOLITANA;CL;Lolas;Gloria;;Jose de Moraleda 4772;;;;LAS CONDES;REG.METROPOLITANA;CL;18990;0;0;0;18990;0;CLP
000000550779;24092461801-A;31/10/2025 01:29:16;Cerrado;19990;0;19990;3598;0.0000;16392;1;CAMISA MUJER NICOPOLY NEGRO PLIEGUES CINTURA;MPM10002160532-1;N05267BS;31/10/2025 01:29:18;4d_Retiro Tienda Ripley Los Dominicos;Goldberg;Fernanda;;"Padre Hurtado Sur 875 ";1er Piso. Servicio al Cliente;;;LAS CONDES;REG.METROPOLITANA;CL;Goldberg;Fernanda;;El torrente  8623;;;;LAS CONDES;REG.METROPOLITANA;CL;19990;0;0;0;19990;0;CLP
000000550779;24092496503-A;31/10/2025 02:50:32;Cerrado;13990;0;13990;2518;0.0000;11472;1;SWEATER MUJER NICOPOLY NEGRO DISEÑO TRENZADO;MPM10002160524-2;N04289BL-6;31/10/2025 02:50:33;4d_Retiro Tienda Ripley Huechuraba;"Hormazábal Aguilera ";"María Ignacia ";;"Av. Americo Vespucio Norte 1737 ";" 2do Piso. Modulo Retiro en Tienda";;;HUECHURABA;REG.METROPOLITANA;CL;Silva Aguilera;Javiera;;Lautaro  360;;;;HUECHURABA;REG.METROPOLITANA;CL;13990;0;0;0;13990;0;CLP
000000550779;24092716001-A;31/10/2025 10:41:24;Cerrado;36990;3990;40980;6658;0.0000;30332;1;BLAZER SIN MANGAS BOLSILLOS NEGRO;MPM10001752522-1;N04294BM-5;31/10/2025 10:41:25;Flujo Crossdock- Ripley PAQ;Garcia;Pablo;;Pasaje Tiltil  6847;Casa;;;LO ESPEJO;REG.METROPOLITANA;CL;Garcia;Pablo;;Pasaje Tiltil  6847;;;;LO ESPEJO;REG.METROPOLITANA;CL;36990;0;3990;0;40980;0;CLP
000000550779;24093002101-A;31/10/2025 13:28:02;Reembolsado;13990;990;14980;2518;0.0000;11472;1;FALDA MUJER NICOPOLY BURDEO TUBO CIERRE;MPM00084139820-2;N03063TL;31/10/2025 13:28:04;10d_Retiro Tienda Ripley La Serena;Godoy;Paulina;;"Gregorio Cordovez 499 ";" 3er Piso. Modulo Retiro en Tienda";;;LA SERENA;IV REGION;CL;Godoy;Paulina;;Colo Colo 858;;;;LA SERENA;IV REGION;CL;13990;0;990;0;14980;0;CLP
000000550779;24093256302-A;31/10/2025 15:56:55;Cerrado;43990;0;43990;7918;0.0000;36072;1;ENTERITO CINTURON AJUSTABLE MORADO NICOPOLY;MPM10003032192-2;N06091ZM;31/10/2025 15:56:56;5d_Retiro Tienda Ripley Quilpué;"Sánchez ";"María José ";;"Claudio Vicuña 992, Quilpue ";" 3er Piso. Modulo Retiro en Tienda";;;QUILPUE;V REGION;CL;Vargas;Nancy;;Barros Arana 993;;;;QUILPUE;V REGION;CL;43990;0;0;0;43990;0;CLP
000000550779;24093256302-A;31/10/2025 15:56:55;Cerrado;45990;0;45990;8278;0.0000;37712;1;ENTERITO MUJER NICOPOLY NEGRO EFECTO DOS PIEZAS;MPM10001752433-2;N04018BM-5;31/10/2025 15:56:56;5d_Retiro Tienda Ripley Quilpué;"Sánchez ";"María José ";;"Claudio Vicuña 992, Quilpue ";" 3er Piso. Modulo Retiro en Tienda";;;QUILPUE;V REGION;CL;Vargas;Nancy;;Barros Arana 993;;;;QUILPUE;V REGION;CL;45990;0;0;0;45990;0;CLP
000000550779;24093289502-A;31/10/2025 16:14:16;Reembolsado;34990;0;34990;6298;0.0000;28692;1;FULFILLMENT-BLAZER CUELLO SIN SOLAPA NEGRO NICOPOLY;MPM10002975133-3;N05140BL-FF;31/10/2025 16:14:18;FF_MATRIX;Paez;Ruth;;pasaje armando hernandez 0282;S/N;;;BUIN;REG.METROPOLITANA;CL;Paez;Ruth;;pasaje armando hernandez 0282;;;;BUIN;REG.METROPOLITANA;CL;34990;0;0;0;34990;0;CLP
000000550779;24093362903-A;31/10/2025 16:48:37;Cerrado;25990;0;25990;4678;0.0000;21312;1;FULFILLMENT-GILET MUJER NICOPOLY NEGRO BÁSICO 4 BOTONES;MPM10002146380-2;N05262BL-FF;31/10/2025 16:48:39;FF_MATRIX;"Casanova Martinez ";"Magdalena ";;Francisco bilbao 1050;Casa;;;PAILLACO;XIV REGION;CL;"Casanova Martinez ";"Magdalena ";;Francisco bilbao 1050;;;;PAILLACO;XIV REGION;CL;25990;0;0;0;25990;0;CLP
000000550779;24093362904-A;31/10/2025 16:48:37;Cerrado;22990;9990;32980;4138;0.0000;18852;1;GILET HALTER ESPALDA DESCUBIERTA NEGRO NICOPOLY;MPM10002977924-3;N06065BL;31/10/2025 16:48:39;Flujo Crossdock- Ripley PAQ;"Casanova Martinez ";"Magdalena ";;Francisco bilbao 1050;Casa;;;PAILLACO;XIV REGION;CL;"Casanova Martinez ";"Magdalena ";;Francisco bilbao 1050;;;;PAILLACO;XIV REGION;CL;22990;0;9990;0;32980;0;CLP
000000550779;24093769701-A;31/10/2025 21:07:14;Reembolsado;21990;990;22980;3958;0.0000;18032;1;GILET BASICO HILO BLANCO NICOPOLY;MPM10002842882-3;N05264AM-7;31/10/2025 21:07:15;4d_Retiro Tienda Ripley Plaza Vespucio;ABBATE VARGAS;Laura Paola;;"Av. Vicuña Mackenna Ote. 7110, La Florida ";3er Piso. Modulo Retiro en Tienda;;;LA FLORIDA;REG.METROPOLITANA;CL;ABBATE VARGAS;Laura Paola;;Lican Ray 7061;;;;LA FLORIDA;REG.METROPOLITANA;CL;21990;0;990;0;22980;0;CLP
000000550779;24093781701-A;31/10/2025 21:12:41;Reembolsado;34990;990;35980;6298;0.0000;28692;1;ENTERITO MUJER NICOPOLY ROJO CRUZADO 2 BOTONES;MPM10002122131-3;N05308DM;31/10/2025 21:12:42;11d_Retiro Tienda Ripley Temuco;Medina;Laura;;"Arturo Prat 656, Temuco ";2do Piso. Modulo Retiro en Tienda;;;TEMUCO;IX REGION;CL;Medina;Laura;;Nahuelbuta 3145 3145;;;;TEMUCO;IX REGION;CL;34990;0;990;0;35980;0;CLP
000000550779;24093803101-A;31/10/2025 21:24:37;Cerrado;32990;990;33980;5938;0.0000;27052;1;BLAZER 6 BOTONES ROJO;MPM10002911536-3;N06001DL;31/10/2025 21:24:38;5d_Retiro Tienda Ripley Talca;riquelme;cecilia;;"8 Oriente 1212 ";" 2do Piso. Modulo Retiro en Tienda";;;TALCA;VII REGION;CL;Caceres;Martin;;Calle elisa alvarez, psj rio loanco #411;;;;TALCA;VII REGION;CL;32990;0;990;0;33980;0;CLP
000000550779;24093856301-A;31/10/2025 21:53:08;Cerrado;23990;990;24980;4318;0.0000;19672;1;TAPADO BASICO BOLSILLOS NEGRONICOPOLY;MPM10002635833-2;N05219BS;31/10/2025 21:53:09;10d_Retiro Tienda Ripley Portal Temuco;Robles;Maritza;;"Avenida Alemania 0671 ";3er Piso, Modulo Retiro en Tienda;;;TEMUCO;IX REGION;CL;Robles;Maritza;;Cataluña 581;;;;TEMUCO;IX REGION;CL;23990;0;990;0;24980;0;CLP
000000550779;24093856401-A;31/10/2025 21:54:50;Reembolsado;34990;0;34990;6298;0.0000;28692;1;ENTERITO MUJER NICOPOLY ROJO CRUZADO 2 BOTONES;MPM10002122131-3;N05308DM;31/10/2025 21:54:51;4d_Retiro Tienda Ripley Plaza Oeste;Gonzalez;Paulina;;"Américo Vespucio 1501 ";" 3er Piso. Modulo Retiro en Tienda";;;CERRILLOS;REG.METROPOLITANA;CL;Gonzalez;Paulina;;AVENIDA LOS CERRILLOS  2800;;;;CERRILLOS;REG.METROPOLITANA;CL;34990;0;0;0;34990;0;CLP
000000550779;24093901201-A;31/10/2025 22:15:48;Cerrado;34990;0;34990;6298;0.0000;28692;1;FULFILLMENT-PANTALON BASICO BLANCO NICOPOLY;MPM10002952979-4;N05298AS-FF;31/10/2025 22:15:49;FF_MATRIX;Fuentes;Karen;;brisas de san javier,ex calle7 962;casa;;;SAN JAVIER;VII REGION;CL;Fuentes;Karen;;brisas de san javier,ex calle7 962;;;;SAN JAVIER;VII REGION;CL;34990;0;0;0;34990;0;CLP
000000550779;24094189201-A;01/11/2025 01:21:04;Reembolsado;19990;1596;21586;3598;0.0000;16392;1;CALZA MUJER NICOPOLY GRAFITO CIERRES DECORATIVOS;MPM10001710250-1;N05049NS;01/11/2025 01:21:06;Flujo Crossdock- Ripley PAQ;Gonzalez;Fernanda;;juan solar parra  755;casa;;;EL BOSQUE;REG.METROPOLITANA;CL;Gonzalez;Fernanda;;juan solar parra  755;;;;EL BOSQUE;REG.METROPOLITANA;CL;19990;0;1596;0;21586;0;CLP
000000550779;24094189201-A;01/11/2025 01:21:04;Reembolsado;28990;1596;30586;5218;0.0000;23772;1;PANTALÓN MUJER NICOPOLY BLANCO CARROT;MPM10002128951-1;N05242AS;01/11/2025 01:21:06;Flujo Crossdock- Ripley PAQ;Gonzalez;Fernanda;;juan solar parra  755;casa;;;EL BOSQUE;REG.METROPOLITANA;CL;Gonzalez;Fernanda;;juan solar parra  755;;;;EL BOSQUE;REG.METROPOLITANA;CL;28990;0;1596;0;30586;0;CLP
000000550779;24094189201-A;01/11/2025 01:21:04;Cerrado;16990;1596;18586;3058;0.0000;13932;1;CÁRDIGAN MUJER NICOPOLY NEGRO RAYADO;MPM10002160518-2;N05236BM;01/11/2025 01:21:06;Flujo Crossdock- Ripley PAQ;Gonzalez;Fernanda;;juan solar parra  755;casa;;;EL BOSQUE;REG.METROPOLITANA;CL;Gonzalez;Fernanda;;juan solar parra  755;;;;EL BOSQUE;REG.METROPOLITANA;CL;16990;0;1596;0;18586;0;CLP
000000550779;24094288901-A;01/11/2025 08:29:12;Cerrado;23990;4990;28980;4318;0.0000;19672;1;TAPADO BASICO BOLSILLOS CELESTE NICOPOLY;MPM10002635854-1;N05219KM;01/11/2025 08:29:14;Flujo Crossdock- Ripley PAQ;"Bravo ";Mara;;dario pavez 12 b;S/N;;;PAINE;REG.METROPOLITANA;CL;"Bravo ";Mara;;dario pavez 12 b;;;;PAINE;REG.METROPOLITANA;CL;23990;0;4990;0;28980;0;CLP
000000550779;24094377801-A;01/11/2025 10:16:13;Cerrado;15990;990;16980;2878;0.0000;13112;1;CÁRDIGAN MUJER NICOPOLY NEGRO BÁSICO BOTONES;MPM10002128957-1;N05251BL;01/11/2025 10:16:14;4d_Retiro Tienda Ripley Plaza Vespucio;Cadiz;Lorena;;"Av. Vicuña Mackenna Ote. 7110, La Florida ";3er Piso. Modulo Retiro en Tienda;;;LA FLORIDA;REG.METROPOLITANA;CL;Cadiz;Lorena;;Bombero julio cazor 02009;;;;LA FLORIDA;REG.METROPOLITANA;CL;15990;0;990;0;16980;0;CLP
000000550779;24094489301-A;01/11/2025 11:29:29;Reembolsado;26990;3990;30980;4858;0.0000;22132;1;CHAQUETA CORTA TIPO GAMUZA OLIVA NICOPOLY;MPM10002635832-4;N05173MXL;01/11/2025 11:29:31;Flujo Crossdock- Ripley PAQ;Mistretta;Crystle;;Avenida Vicuña Mackenna 2289;409A;;;SAN JOAQUIN;REG.METROPOLITANA;CL;Mistretta;Crystle;;Avenida Vicuña Mackenna 2289;;;;SAN JOAQUIN;REG.METROPOLITANA;CL;26990;0;3990;0;30980;0;CLP
000000550779;24094546101-A;01/11/2025 12:00:41;Cerrado;32990;0;32990;5938;0.0000;27052;1;BLAZER FLOREADO CELESTE NICOPOLY;MPM10002627259-1;N05320KM;01/11/2025 12:00:43;Flujo Crossdock- Ripley PAQ;Contreras Salazar;"Javiera ";;Colón 8551 depto 207 8551;207;;;HUALPEN;VIII REGION;CL;Contreras Salazar;"Javiera ";;Colón 8551 depto 207 8551;;;;HUALPEN;VIII REGION;CL;32990;0;0;0;32990;0;CLP
000000550779;24094546101-A;01/11/2025 12:00:41;Cerrado;29990;0;29990;5398;0.0000;24592;1;BLAZER LARGO DE TOPE ROJO NICOPOLY;MPM10002635835-3;N05275DM;01/11/2025 12:00:43;Flujo Crossdock- Ripley PAQ;Contreras Salazar;"Javiera ";;Colón 8551 depto 207 8551;207;;;HUALPEN;VIII REGION;CL;Contreras Salazar;"Javiera ";;Colón 8551 depto 207 8551;;;;HUALPEN;VIII REGION;CL;29990;0;0;0;29990;0;CLP
000000550779;24094546101-A;01/11/2025 12:00:41;Cerrado;35990;0;35990;6478;0.0000;29512;1;BLAZER BASICO DE TOPE MORADO NICOPOLY;MPM10002843019-3;N05301ZM-7;01/11/2025 12:00:43;Flujo Crossdock- Ripley PAQ;Contreras Salazar;"Javiera ";;Colón 8551 depto 207 8551;207;;;HUALPEN;VIII REGION;CL;Contreras Salazar;"Javiera ";;Colón 8551 depto 207 8551;;;;HUALPEN;VIII REGION;CL;35990;0;0;0;35990;0;CLP
000000550779;24094585801-A;01/11/2025 12:21:51;Reembolsado;21990;4990;26980;3958;0.0000;18032;1;GILET BASICO HILO NEGRO NICOPOLY;MPM10002842889-2;N05264BS-7;01/11/2025 12:21:53;Flujo Crossdock- Ripley PAQ;Salinas;Elena;;Las salitreras 367;Casa;;;I. DE MAIPO;REG.METROPOLITANA;CL;Salinas;Elena;;Las salitreras 367;;;;I. DE MAIPO;REG.METROPOLITANA;CL;21990;0;4990;0;26980;0;CLP
000000550779;24094618001-A;01/11/2025 12:41:23;Cerrado;19990;990;20980;3598;0.0000;16392;1;GILET 4 BOTONES NEGRO NICOPOLY;MPM10002842883-2;N05262BM-7;01/11/2025 12:41:24;4d_Retiro Tienda Ripley Crillon;Perez;Estefania;;"Agustinas #1025 ";Piso -1. Modulo Retiro en Tienda;;;SANTIAGO;REG.METROPOLITANA;CL;Perez;Estefania;;Avenida bicentenario 1584;;;;SANTIAGO;REG.METROPOLITANA;CL;19990;0;990;0;20980;0;CLP
000000550779;24094629001-A;01/11/2025 12:46:43;Reembolsado;17990;1980;19970;3238;0.0000;14752;1;FALDA MUJER NICOPOLY AZUL MEDIO DENIM TAJO FRONTAL;MPM10001465759-2;N04269KM;01/11/2025 12:46:44;Flujo Crossdock- Ripley PAQ;Cabrera;Daniela;;Pedro Aguirre cerda 230;S/N;;;YUMBEL;VIII REGION;CL;Cabrera;Daniela;;Pedro Aguirre cerda 230;;;;YUMBEL;VIII REGION;CL;17990;0;1980;0;19970;0;CLP
000000550779;24094698401-A;01/11/2025 13:30:40;Cerrado;23990;990;24980;4318;0.0000;19672;1;GILET LARGO CON BOTONES NEGRO;MPM10002910447-2;N06135BM;01/11/2025 13:30:41;4d_Retiro Tienda Ripley Plaza Egaña;Corts;"Lucero ";;"Larrain 5800 ";" 3er Piso. Modulo Retiro en Tienda";;;NUNOA;REG.METROPOLITANA;CL;Corts;"Lucero ";;"Duble Almeyda 1880 ";;;;NUNOA;REG.METROPOLITANA;CL;23990;0;990;0;24980;0;CLP
000000550779;24094844602-A;01/11/2025 14:59:23;Cerrado;31990;5980;37970;5758;0.0000;26232;1;TRENCH LAZO HEBILLA KHAKI NICOPOLY;MPM10002635817-1;N05182LL;01/11/2025 14:59:24;Flujo Crossdock- Ripley PAQ;Valencia;Juan Carlos;;baquedano 851;S/N;;;SAN ANTONIO;V REGION;CL;Valencia;Juan Carlos;;baquedano 851;;;;SAN ANTONIO;V REGION;CL;31990;0;5980;0;37970;0;CLP
000000550779;24094883502-A;01/11/2025 15:26:01;Cerrado;32990;0;32990;5938;0.0000;27052;1;FULFILLMENT-BLUSA CUELLO TIPO CORBATA BLANCO NICOPOLY;MPM10002964097-1;N06119AXL-FF;01/11/2025 15:26:02;FF_MATRIX;Basualto;Natalia;;Ramón Corvalán Melgarejo 8;601;;;SANTIAGO;REG.METROPOLITANA;CL;Basualto;Natalia;;Ramón Corvalán Melgarejo 8;;;;SANTIAGO;REG.METROPOLITANA;CL;32990;0;0;0;32990;0;CLP
000000550779;24094883501-A;01/11/2025 15:26:01;Cerrado;19990;1185;21175;3598;0.0000;16392;1;BLUSA CUELLO V TIPO GASA BLANCO NICOPOLY;MPM10001752464-3;N04111AXL-5;01/11/2025 15:26:02;Flujo Crossdock- Ripley PAQ;Basualto;Natalia;;Ramón Corvalán Melgarejo 8;601;;;SANTIAGO;REG.METROPOLITANA;CL;Basualto;Natalia;;Ramón Corvalán Melgarejo 8;;;;SANTIAGO;REG.METROPOLITANA;CL;19990;0;1185;0;21175;0;CLP
000000550779;24094883501-A;01/11/2025 15:26:01;Cerrado;17990;1185;19175;3238;0.0000;14752;1;BLUSA PUNTOS BLANCOS NICOPOLY;MPM10003031646-2;N06053AL;01/11/2025 15:26:02;Flujo Crossdock- Ripley PAQ;Basualto;Natalia;;Ramón Corvalán Melgarejo 8;601;;;SANTIAGO;REG.METROPOLITANA;CL;Basualto;Natalia;;Ramón Corvalán Melgarejo 8;;;;SANTIAGO;REG.METROPOLITANA;CL;17990;0;1185;0;19175;0;CLP
000000550779;24094968101-A;01/11/2025 16:10:56;Cerrado;43990;990;44980;7918;0.0000;36072;1;ENTERITO CINTURON AJUSTABLE VERDE OSCURO NICOPOLY;MPM10003032193-3;N06091EM;01/11/2025 16:10:57;4d_Retiro Tienda Ripley Plaza Oeste;Montoya;Freddy;;"Américo Vespucio 1501 ";" 3er Piso. Modulo Retiro en Tienda";;;CERRILLOS;REG.METROPOLITANA;CL;Montoya;Freddy;;Santo Domingo 4780;;;;CERRILLOS;REG.METROPOLITANA;CL;43990;0;990;0;44980;0;CLP
000000550779;24095060401-A;01/11/2025 17:03:50;Reembolsado;17990;990;18980;3238;0.0000;14752;1;FALDA MUJER NICOPOLY AZUL MEDIO DENIM TAJO FRONTAL;MPM10001465759-2;N04269KM;01/11/2025 17:03:51;4d_Retiro Tienda Ripley Crillon;Gamboa Aguilera;Andrea Del Carmen;;"Agustinas #1025 ";Piso -1. Modulo Retiro en Tienda;;;SANTIAGO;REG.METROPOLITANA;CL;Gamboa Aguilera;Andrea Del Carmen;;las acacias 25;;;;SANTIAGO;REG.METROPOLITANA;CL;17990;0;990;0;18980;0;CLP
000000550779;24095072601-A;01/11/2025 17:07:56;Cerrado;17990;990;18980;3238;0.0000;14752;1;CARDIGAN BASICO MORADO  NICOPOLY;MPM10002924255-1;N06010ZS;01/11/2025 17:07:57;4d_Retiro Tienda Ripley Costanera Center;Llanten;Yessenia;;"Avenida Andrés Bello 2422 ";" 1er Piso. Modulo Retiro en Tienda";;;PROVIDENCIA;REG.METROPOLITANA;CL;Llanten;Yessenia;;aristoteles 9268;;;;PROVIDENCIA;REG.METROPOLITANA;CL;17990;0;990;0;18980;0;CLP
000000550779;24095221602-A;01/11/2025 18:22:48;Cerrado;19990;4990;24980;3598;0.0000;16392;1;VESTIDO ESCOTE CRUZADO FLORES VERDE NICOPLY;MPM10003032288-1;N06161EL;01/11/2025 18:22:49;Flujo Crossdock- Ripley PAQ;Gaete;Pamela;;Laura Rodriguez 7329;Casa;;;PE.ALOLEN;REG.METROPOLITANA;CL;Gaete;Pamela;;Laura Rodriguez 7329;;;;PE.ALOLEN;REG.METROPOLITANA;CL;19990;0;4990;0;24980;0;CLP
000000550779;24095317101-A;01/11/2025 19:09:38;Reembolsado;29990;0;29990;5398;0.0000;24592;1;BLAZER LARGO DE TOPE NEGRO NICOPOLY;MPM10002635853-1;N05275BL;01/11/2025 19:09:39;5d_Retiro Tienda Ripley Talca;Mondaca Muoz;Yenniffer;;"8 Oriente 1212 ";" 2do Piso. Modulo Retiro en Tienda";;;TALCA;VII REGION;CL;Mondaca Muoz;Yenniffer;;Talca 000;;;;TALCA;VII REGION;CL;29990;0;0;0;29990;0;CLP
000000550779;24095510801-A;01/11/2025 20:47:10;Cerrado;17990;0;17990;3238;0.0000;14752;1;FALDA MUJER NICOPOLY AZUL MEDIO DENIM TAJO FRONTAL;MPM10001465759-2;N04269KM;01/11/2025 20:47:13;Flujo Crossdock- Ripley PAQ;Vilca;David;;avenida josé manuel balmaceda 825;221;;;VI.A DEL MA;V REGION;CL;Vilca;David;;avenida josé manuel balmaceda 825;;;;VI.A DEL MA;V REGION;CL;17990;0;0;0;17990;0;CLP
000000550779;24095701101-A;01/11/2025 22:11:57;Cerrado;19990;3990;23980;3598;0.0000;16392;1;POLERA ENCAJE MANGA LARGA NEGRO NICOPOLY;MPM10002951146-1;N06020BM;01/11/2025 22:11:58;Flujo Crossdock- Ripley PAQ;Vergara;Johanna Angelina;;Pje. Zapiga 01750;OFICI;;;LO ESPEJO;REG.METROPOLITANA;CL;Vergara;Johanna Angelina;;Pje. Zapiga 01750;;;;LO ESPEJO;REG.METROPOLITANA;CL;19990;0;3990;0;23980;0;CLP
000000550779;24095728901-A;01/11/2025 22:23:51;Cerrado;39990;5990;45980;7198;0.0000;32792;1;BLAZER LARGO MANGA DRAPEADA NEGRO NICOPOLY;MPM10001465248-3;N04262BL;01/11/2025 22:23:52;Flujo Crossdock- Ripley PAQ;"Casanova Martinez ";"Magdalena ";;Francisco bilbao 1050;Casa;;;PAILLACO;XIV REGION;CL;"Casanova Martinez ";"Magdalena ";;Francisco bilbao 1050;;;;PAILLACO;XIV REGION;CL;39990;0;5990;0;45980;0;CLP
000000550779;24095773901-A;01/11/2025 22:43:44;Cerrado;17990;0;17990;3238;0.0000;14752;1;BLUSA BASICA ESCOTE EN V BLANCO NICOPOLY;MPM10001856331-3;N02493AS-5;01/11/2025 22:43:45;Flujo Crossdock- Ripley PAQ;Quintana Quiones;Yocelyn;;San martin 1742;S/N;;;VICTORIA;IX REGION;CL;Quintana Quiones;Yocelyn;;San martin 1742;;;;VICTORIA;IX REGION;CL;17990;0;0;0;17990;0;CLP
000000550779;24095818701-A;01/11/2025 23:03:31;Reembolsado;19990;495;20485;3598;0.0000;16392;1;SHORT MUJER NICOPOLY BURDEO BÁSICO TIRO ALTO;MPM10002122155-1;N05260TM;01/11/2025 23:03:32;5d_Retiro Tienda Ripley El Trébol;Alarcon Arriagada;Ruth Betty;;"Avenida Jorge Alessandri 3177 ";" 3er Piso. Modulo Retiro en Tienda";;;TALCAHUANO;VIII REGION;CL;Alarcon Arriagada;Ruth Betty;;valladolid 9393;;;;TALCAHUANO;VIII REGION;CL;19990;0;495;0;20485;0;CLP
000000550779;24095818701-A;01/11/2025 23:03:31;Cerrado;22990;495;23485;4138;0.0000;18852;1;GILET BASICO AJUSTABLE BURDEO NICOPOLY;MPM10002842876-1;N04273TL-7;01/11/2025 23:03:32;5d_Retiro Tienda Ripley El Trébol;Alarcon Arriagada;Ruth Betty;;"Avenida Jorge Alessandri 3177 ";" 3er Piso. Modulo Retiro en Tienda";;;TALCAHUANO;VIII REGION;CL;Alarcon Arriagada;Ruth Betty;;valladolid 9393;;;;TALCAHUANO;VIII REGION;CL;22990;0;495;0;23485;0;CLP
000000550779;24095900903-A;01/11/2025 23:49:16;Cerrado;31990;0;31990;5758;0.0000;26232;1;ENTERITO CUELLO MOCK BURDEO NICOPOLY;MPM10002627263-2;N05313TL;01/11/2025 23:49:18;Flujo Crossdock- Ripley PAQ;Gonzalez;Dedix;;La Montura 16607;Casa;;;SN.BERNARDO;REG.METROPOLITANA;CL;Gonzalez;Dedix;;La Montura 16607;;;;SN.BERNARDO;REG.METROPOLITANA;CL;31990;0;0;0;31990;0;CLP
000000550779;24095900903-A;01/11/2025 23:49:16;Cerrado;25990;0;25990;4678;0.0000;21312;1;VESTIDO MUJER NICOPOLY NEGRO STRAPLESS Y ESCOTE V;MPM10001856352-1;N05011BL;01/11/2025 23:49:18;Flujo Crossdock- Ripley PAQ;Gonzalez;Dedix;;La Montura 16607;Casa;;;SN.BERNARDO;REG.METROPOLITANA;CL;Gonzalez;Dedix;;La Montura 16607;;;;SN.BERNARDO;REG.METROPOLITANA;CL;25990;0;0;0;25990;0;CLP
000000550779;24095948001-A;02/11/2025 00:23:39;Cerrado;18990;990;19980;3418;0.0000;15572;1;BLUSA PRINT SERPIENTE MORADO NICOPOLY;MPM10002970117-2;N06046ZS;02/11/2025 00:23:40;5d_Retiro Tienda Ripley Curicó;Beltrn;Jessy;;"Av.OHiggins 201 ";" 2do Piso. Servicio al Cliente";;;CURICO;VII REGION;CL;Beltrn;Jessy;;San Patricio 784;;;;CURICO;VII REGION;CL;18990;0;990;0;19980;0;CLP
000000550779;24095971601-A;02/11/2025 00:33:39;Cerrado;25990;990;26980;4678;0.0000;21312;1;VESTIDO MUJER NICOPOLY NEGRO STRAPLESS Y ESCOTE V;MPM10001856352-4;N05011BM;02/11/2025 00:33:40;5d_Retiro Tienda Ripley Los Ángeles;"Muoz ";"Javiera ";;"Valdivia 440, Los Angeles ";" 3er Piso. Servicio al Cliente";;;LOS ANGELES;VIII REGION;CL;"Muoz ";"Javiera ";;Avenida saltos del huilo huilo  0168;;;;LOS ANGELES;VIII REGION;CL;25990;0;990;0;26980;0;CLP
000000550779;24096040201-A;02/11/2025 01:48:16;Cerrado;29990;3980;33970;5398;0.0000;24592;1;BLAZER LARGO DE TOPE NEGRO NICOPOLY;MPM10002635853-1;N05275BL;02/11/2025 01:48:17;Flujo Crossdock- Ripley PAQ;Fuentes;Georgina;;Perez Valenzuela 1209;405;;;PROVIDENCIA;REG.METROPOLITANA;CL;Fuentes;Georgina;;Perez Valenzuela 1209;;;;PROVIDENCIA;REG.METROPOLITANA;CL;29990;0;3980;0;33970;0;CLP
000000550779;24096252501-A;02/11/2025 10:54:10;Reembolsado;9990;990;10980;1798;0.0000;8192;1;BODY TEXTURIZADO ACANALADO GRIS NICOPOLY;MPM10001713170-1;N05003IM;02/11/2025 10:54:11;5d_Retiro Tienda Ripley Mall Concepción;Ferrada;Joceline;;"Barros Arana 1068, Concepcion ";" 3er Piso. Modulo Retiro en Tienda";;;CONCEPCION;VIII REGION;CL;Ferrada;Joceline;;Santa justina 167;;;;CONCEPCION;VIII REGION;CL;9990;0;990;0;10980;0;CLP
000000550779;24096255701-A;02/11/2025 10:54:55;Cerrado;31990;0;31990;5758;0.0000;26232;1;VESTIDO MUJER NICOPOLY AZUL MARINO CUELLO ALTO;MPM10002128949-3;N05198PM;02/11/2025 10:54:56;Flujo Crossdock- Ripley PAQ;Rios;Natacha;;Diagonal teniente cruz 557;909;;;PUDAHUEL;REG.METROPOLITANA;CL;Rios;Natacha;;Diagonal teniente cruz 557;;;;PUDAHUEL;REG.METROPOLITANA;CL;31990;0;0;0;31990;0;CLP
000000550779;24096384701-A;02/11/2025 12:14:18;Cerrado;22990;990;23980;4138;0.0000;18852;1;GILET BASICO AJUSTABLE BEIGE NICOPOLY;MPM10002842892-1;N04273GXL-7;02/11/2025 12:14:19;5d_Retiro Tienda Ripley Talca;Ramirez;Paloma;;"8 Oriente 1212 ";" 2do Piso. Modulo Retiro en Tienda";;;TALCA;VII REGION;CL;Rozas;Luis;;Pasaje 17 y medio poniente A 0838;;;;TALCA;VII REGION;CL;22990;0;990;0;23980;0;CLP
000000550779;24096422601-A;02/11/2025 12:35:04;Cerrado;34990;2990;37980;6298;0.0000;28692;1;BLAZER UN BOTON AZUL ACERO NICOPOLY;MPM10002635836-2;N05318CM;02/11/2025 12:35:06;Flujo Crossdock- Ripley PAQ;Mery;Guillermo;;Parcela 61, camino a Bucalemu 61;S/N;;;PICHILEMU;VI REGION;CL;Mery;Guillermo;;Parcela 61, camino a Bucalemu 61;;;;PICHILEMU;VI REGION;CL;34990;0;2990;0;37980;0;CLP
000000550779;24096500201-A;02/11/2025 13:15:25;Reembolsado;32990;495;33485;5938;0.0000;27052;1;VESTIDO LARGO CUELLO MOCK AZUL NICOPOLY;MPM10002627274-1;N05311PM;02/11/2025 13:15:26;Flujo Crossdock- Ripley PAQ;Contreras;Mara Cristina;;Augusto winter 1631;S/N;;;VALDIVIA;XIV REGION;CL;Contreras;Mara Cristina;;Augusto winter 1631;;;;VALDIVIA;XIV REGION;CL;32990;0;495;0;33485;0;CLP
000000550779;24096500201-A;02/11/2025 13:15:25;Reembolsado;32990;495;33485;5938;0.0000;27052;1;BLAZER 6 BOTONES NEGRO;MPM10002912800-3;N06001BM;02/11/2025 13:15:26;Flujo Crossdock- Ripley PAQ;Contreras;Mara Cristina;;Augusto winter 1631;S/N;;;VALDIVIA;XIV REGION;CL;Contreras;Mara Cristina;;Augusto winter 1631;;;;VALDIVIA;XIV REGION;CL;32990;0;495;0;33485;0;CLP
000000550779;24096519101-A;02/11/2025 13:21:02;Reembolsado;18990;990;19980;3418;0.0000;15572;1;VESTIDO MUJER NICOPOLY NEGRO TIPO BLAZER;MPM10002128954-2;N05257BM;02/11/2025 13:21:03;5d_Retiro Tienda Ripley Mall Concepción;Nuñez;Daniela;;"Barros Arana 1068, Concepcion ";" 3er Piso. Modulo Retiro en Tienda";;;CONCEPCION;VIII REGION;CL;Nuñez;Daniela;;Blasco Ibáñez 2374;;;;CONCEPCION;VIII REGION;CL;18990;0;990;0;19980;0;CLP
000000550779;24096571001-A;02/11/2025 13:35:51;Cerrado;32990;0;32990;5938;0.0000;27052;1;BLAZER 6 BOTONES MARRON NICOPOLY;MPM10002912487-2;N06001OL;02/11/2025 13:35:52;5d_Retiro Tienda Ripley Marina Arauco;Guerrero H;Mariela;;"Avenida Libertad 1348 ";" Piso 4. Modulo Retiro en Tienda";;;VI.A DEL MA;V REGION;CL;Guerrero H;Mariela;;CONO SUR 4980;;;;VI.A DEL MA;V REGION;CL;32990;0;0;0;32990;0;CLP
000000550779;24096571001-A;02/11/2025 13:35:51;Cerrado;29990;0;29990;5398;0.0000;24592;1;BLAZER COTELE  CAFE  NICOPOLY;MPM10002661346-2;N05302UM;02/11/2025 13:35:52;5d_Retiro Tienda Ripley Marina Arauco;Guerrero H;Mariela;;"Avenida Libertad 1348 ";" Piso 4. Modulo Retiro en Tienda";;;VI.A DEL MA;V REGION;CL;Guerrero H;Mariela;;CONO SUR 4980;;;;VI.A DEL MA;V REGION;CL;29990;0;0;0;29990;0;CLP
000000550779;24096577301-A;02/11/2025 13:39:24;Cerrado;18990;990;19980;3418;0.0000;15572;1;BLUSA PRINT SERPIENTE MORADO NICOPOLY;MPM10002970117-1;N06046ZM;02/11/2025 13:39:25;4d_Retiro Tienda Ripley Plaza Vespucio;Guerrero;Valentina;;"Av. Vicuña Mackenna Ote. 7110, La Florida ";3er Piso. Modulo Retiro en Tienda;;;LA FLORIDA;REG.METROPOLITANA;CL;Guerrero;Valentina;;San Luis de macul 4355 torre 1 4355;;;;LA FLORIDA;REG.METROPOLITANA;CL;18990;0;990;0;19980;0;CLP
000000550779;24096666501-A;02/11/2025 14:07:45;Cerrado;35990;0;35990;6478;0.0000;29512;1;FULFILLMENT-PANTALON DE PIERNA RECTA RAYA DIPLOMATICA BLANCO NICOPOLY;MPM10002952988-4;N06041AS-FF;02/11/2025 14:07:46;FF_MATRIX;Gonzalez;Daniela;;Freire 360;404;;;LOS ANGELES;VIII REGION;CL;Gonzalez;Daniela;;Freire 360;;;;LOS ANGELES;VIII REGION;CL;35990;0;0;0;35990;0;CLP
000000550779;24096666501-A;02/11/2025 14:07:45;Cerrado;31990;0;31990;5758;0.0000;26232;1;FULFILLMENT-GILET RAYAS DIPLOMATICAS BLANCO NICOPOLY;MPM10002952995-1;N06040AS-FF;02/11/2025 14:07:46;FF_MATRIX;Gonzalez;Daniela;;Freire 360;404;;;LOS ANGELES;VIII REGION;CL;Gonzalez;Daniela;;Freire 360;;;;LOS ANGELES;VIII REGION;CL;31990;0;0;0;31990;0;CLP
000000550779;24096673601-A;02/11/2025 14:09:40;Cerrado;29990;0;29990;5398;0.0000;24592;1;VESTIDO LARGO CON ABERTURAS LATERALES NEGRO NICOPOLY;MPM10003031643-3;N06035BL;02/11/2025 14:09:41;10d_Retiro Tienda Ripley Calama;Núnez Vivar;Katerine;;"Balmaceda 3242, Calama ";" 2do Piso. Servicio al Cliente";;;CALAMA;II REGION;CL;Núnez Vivar;Katerine;;Chinchilla 1487;;;;CALAMA;II REGION;CL;29990;0;0;0;29990;0;CLP
000000550779;24096701401-A;02/11/2025 14:17:48;Cerrado;19990;990;20980;3598;0.0000;16392;1;GILET LEOPARD CAFE  NICOPOLY;MPM10002842888-1;N05304LS-7;02/11/2025 14:17:49;5d_Retiro Tienda Ripley La Calera;Paredes;Jael;;"JJ Perez 90, La Calera ";" 2do Piso. Modulo Retiro en Tienda";;;LA CALERA;V REGION;CL;Paredes;Jael;;Alfredo Rebolar la rebolar 1222;;;;LA CALERA;V REGION;CL;19990;0;990;0;20980;0;CLP
000000550779;24096938702-A;02/11/2025 16:00:28;Reembolsado;12490;0;12490;2248;0.0000;10242;1;FALDA MUJER NICOPOLY MOSTAZA MIDI TIPO SATÍN;MPM00067112106-1;N02366FL;02/11/2025 16:00:29;4d_Retiro Tienda Ripley Arauco Maipu;Menares;Julio Cesar;;"Av. Americo Vespucio 399 ";" 2do Piso. Modulo Retiro en Tienda";;;MAIPU;REG.METROPOLITANA;CL;Menares;Julio Cesar;;Cuadro Verde 160;;;;MAIPU;REG.METROPOLITANA;CL;12490;0;0;0;12490;0;CLP
000000550779;24096983001-A;02/11/2025 16:19:36;Cerrado;34990;0;34990;6298;0.0000;28692;1;ENTERITO MUJER NICOPOLY NEGRO CRUZADO 2 BOTONES;MPM10002122126-1;N05308BM;02/11/2025 16:19:37;5d_Retiro Tienda Ripley Quilpué;"Ramírez Descovic ";Alda;;"Claudio Vicuña 992, Quilpue ";" 3er Piso. Modulo Retiro en Tienda";;;QUILPUE;V REGION;CL;Descovic;Ananya Yoga;;Valle Alto Bahía villa alto bahía #109;;;;QUILPUE;V REGION;CL;34990;0;0;0;34990;0;CLP
000000550779;24097100601-A;02/11/2025 17:14:54;Cerrado;32990;3990;36980;5938;0.0000;27052;1;VESTIDO LARGO CUELLO MOCK AZUL NICOPOLY;MPM10002627274-1;N05311PM;02/11/2025 17:14:55;Flujo Crossdock- Ripley PAQ;Martinez;Macarena;;Avenida paseo los bravos 6000;303;;;LO BARNECHEA;REG.METROPOLITANA;CL;Martinez;Macarena;;Avenida paseo los bravos 6000;;;;LO BARNECHEA;REG.METROPOLITANA;CL;32990;0;3990;0;36980;0;CLP
000000550779;24097143701-A;02/11/2025 17:31:11;Cerrado;9990;990;10980;1798;0.0000;8192;1;BODY TEXTURIZADO ACANALADO GRIS NICOPOLY;MPM10001713170-1;N05003IM;02/11/2025 17:31:12;4d_Retiro Tienda Ripley Puente;Perez;Camila;;"21 de Mayo 698 ";4to Piso. Modulo Retiro en Tienda;;;SANTIAGO;REG.METROPOLITANA;CL;Perez;Camila;;Catricura 2482;;;;SANTIAGO;REG.METROPOLITANA;CL;9990;0;990;0;10980;0;CLP
000000550779;24097200201-A;02/11/2025 17:54:16;Cerrado;21990;0;21990;3958;0.0000;18032;1;CÁRDIGAN MUJER NICOPOLY ROJO CROP PERLAS;MPM10002160522-1;N05227DM;02/11/2025 17:54:18;Flujo Crossdock- Ripley PAQ;Aguilar Rosas;Denis Paola;;General Gana 1063;1209B;;;SANTIAGO;REG.METROPOLITANA;CL;Aguilar Rosas;Denis Paola;;General Gana 1063;;;;SANTIAGO;REG.METROPOLITANA;CL;21990;0;0;0;21990;0;CLP
000000550779;24097280901-A;02/11/2025 18:31:06;Cerrado;37990;0;37990;6838;0.0000;31152;1;FULFILLMENT-BLAZER MANGA DETALLE DRAPEADO ROSADO NICOPOLY;MPM10002975126-4;N02481HL-FF;02/11/2025 18:31:07;FF_MATRIX;Meneses Brombley;Francisca;;Willie Arthur 2055;610;;;PROVIDENCIA;REG.METROPOLITANA;CL;Meneses Brombley;Francisca;;Willie Arthur 2055;;;;PROVIDENCIA;REG.METROPOLITANA;CL;37990;0;0;0;37990;0;CLP
000000550779;24097328701-A;02/11/2025 18:50:15;Reembolsado;31990;990;32980;5758;0.0000;26232;1;VESTIDO MUJER NICOPOLY AZUL MARINO CUELLO ALTO;MPM10002128949-3;N05198PM;02/11/2025 18:50:16;4d_Retiro Tienda Ripley Parque Arauco;Gonzalez;Andrea;;"Avenida Kennedy 5413 ";4to Piso. Modulo Retiro en Tienda;;;LAS CONDES;REG.METROPOLITANA;CL;Gonzalez;Andrea;;Apolo cinco 1859;;;;LAS CONDES;REG.METROPOLITANA;CL;31990;0;990;0;32980;0;CLP
000000550779;24097375301-A;02/11/2025 19:07:25;Cerrado;34990;0;34990;6298;0.0000;28692;1;BLAZER MUJER NICOPOLY NEGRO CUELLO MAO;MPM10002160484-4;N00156BM-6;02/11/2025 19:07:26;4d_Retiro Tienda Ripley Costanera Center;"Linco Lagos ";"Joselyn ";;"Avenida Andrés Bello 2422 ";" 1er Piso. Modulo Retiro en Tienda";;;PROVIDENCIA;REG.METROPOLITANA;CL;"Linco Lagos ";"Joselyn ";;Quellon 3485;;;;PROVIDENCIA;REG.METROPOLITANA;CL;34990;0;0;0;34990;0;CLP
000000550779;24097427301-A;02/11/2025 19:31:02;Cerrado;32990;0;32990;5938;0.0000;27052;1;BLAZER 6 BOTONES MARRON NICOPOLY;MPM10002912487-2;N06001OL;02/11/2025 19:31:03;5d_Retiro Tienda Ripley Marina Arauco;Carvajal Noveroy;Carla Marcela;;"Avenida Libertad 1348 ";" Piso 4. Modulo Retiro en Tienda";;;VI.A DEL MA;V REGION;CL;Carvajal Noveroy;Carla Marcela;;Sendero Los Eucaliptus 2091;;;;VI.A DEL MA;V REGION;CL;32990;0;0;0;32990;0;CLP
000000550779;24097488901-A;02/11/2025 19:59:53;Cerrado;29990;4990;34980;5398;0.0000;24592;1;BLAZER LARGO DE TOPE NEGRO NICOPOLY;MPM10002635853-1;N05275BL;02/11/2025 19:59:54;Flujo Crossdock- Ripley PAQ;Cortes May;Valezka;;Araucaria de Nueva Guinea  655;S/N;;;COPIAPO;III REGION;CL;Cortes May;Valezka;;Araucaria de Nueva Guinea  655;;;;COPIAPO;III REGION;CL;29990;0;4990;0;34980;0;CLP
000000550779;24097499901-A;02/11/2025 20:05:34;Cerrado;19990;0;19990;3598;0.0000;16392;1;CALZA SKINNY TIPO ENCERADA NEGRO NICOPOLY;MPM10002635868-4;N05316BL;02/11/2025 20:05:35;Flujo Crossdock- Ripley PAQ;Sepulveda;Christina;;Rosa francia 374;Casa;;;TEMUCO;IX REGION;CL;Sepulveda;Christina;;Rosa francia 374;;;;TEMUCO;IX REGION;CL;19990;0;0;0;19990;0;CLP
000000550779;24097642101-A;02/11/2025 21:10:38;Cerrado;27990;0;27990;5038;0.0000;22952;1;FULFILLMENT-BLUSA VUELOS MANGA LARGA NEGRO;MPM10002943905-3;N06067BL-FF;02/11/2025 21:10:39;FF_MATRIX_STS;Cáceres;Fernanda;;"Av. Americo Vespucio Norte 1737 ";" 2do Piso. Modulo Retiro en Tienda";;;HUECHURABA;REG.METROPOLITANA;CL;Cáceres;Fernanda;;Pedro Fontova 7762;;;;HUECHURABA;REG.METROPOLITANA;CL;27990;0;0;0;27990;0;CLP
000000550779;24097895601-A;02/11/2025 22:39:38;Reembolsado;25990;990;26980;4678;0.0000;21312;1;VESTIDO MUJER NICOPOLY NEGRO STRAPLESS Y ESCOTE V;MPM10001856352-4;N05011BM;02/11/2025 22:39:39;5d_Retiro Tienda Ripley Mall Concepción;Mardones Rodríguez;Jacqueline;;"Barros Arana 1068, Concepcion ";" 3er Piso. Modulo Retiro en Tienda";;;CONCEPCION;VIII REGION;CL;Mardones Rodríguez;Jacqueline;;Pasaje uno 184 Lorenzo arenas 2 184;;;;CONCEPCION;VIII REGION;CL;25990;0;990;0;26980;0;CLP
000000550779;24097973901-A;02/11/2025 23:03:28;Cerrado;22990;0;22990;4138;0.0000;18852;1;SWEATER ACANALADO CUELLO ALTO LILA NICOPOLY;MPM10001497404-3;N04195ZM;02/11/2025 23:03:29;8d_Retiro Tienda Ripley Castellón;"Gonzlez ";"Raquel ";;"Castellon 520, Concepcion ";6to Piso. Servicio al Cliente;;;CONCEPCION;VIII REGION;CL;"Gonzlez ";"Raquel ";;Pabellon 46 capitan theodoro 004;;;;CONCEPCION;VIII REGION;CL;22990;0;0;0;22990;0;CLP
000000550779;24098186801-A;03/11/2025 00:36:21;Reembolsado;23990;990;24980;4318;0.0000;19672;1;GILET LARGO CON BOTONES BLANCO;MPM10002910437-1;N06135AM;03/11/2025 00:36:23;11d_Retiro Tienda Ripley Temuco;"Rocha ";"Katty ";;"Arturo Prat 656, Temuco ";2do Piso. Modulo Retiro en Tienda;;;TEMUCO;IX REGION;CL;Rocha;Carolina;;Volc 1625;;;;TEMUCO;IX REGION;CL;23990;0;990;0;24980;0;CLP
000000550779;24098253801-A;03/11/2025 01:54:16;Reembolsado;22990;3990;26980;4138;0.0000;18852;1;ENTERITO MUJER NICOPOLY VERDE OLIVA LAZO Y HEBILLA;MPM10001849448-1;N04058MS-5;03/11/2025 01:54:18;Flujo Crossdock- Ripley PAQ;"Torres Valencia ";"Yohana Andrea ";;La costa 7939;Casa;;;RENCA;REG.METROPOLITANA;CL;"Torres Valencia ";"Yohana Andrea ";;La costa 7939;;;;RENCA;REG.METROPOLITANA;CL;22990;0;3990;0;26980;0;CLP
000000550779;24098253702-A;03/11/2025 01:55:06;Cerrado;26990;990;27980;4858;0.0000;22132;1;CHAQUETA CORTA TIPO GAMUZA OLIVA NICOPOLY;MPM10002635832-2;N05173ML;03/11/2025 01:55:07;11d_Retiro Tienda Ripley Temuco;Cumilaf;Lilian;;"Arturo Prat 656, Temuco ";2do Piso. Modulo Retiro en Tienda;;;TEMUCO;IX REGION;CL;Cumilaf;Lilian;;Cachapoal 1680;;;;TEMUCO;IX REGION;CL;26990;0;990;0;27980;0;CLP
000000550779;24098417902-A;03/11/2025 09:21:10;Cerrado;21990;195;22185;3958;0.0000;18032;1;GILET BASICO HILO BLANCO NICOPOLY;MPM10002842882-3;N05264AM-7;03/11/2025 09:21:12;Flujo Crossdock- Ripley PAQ;Simunovic;Varina;;Gertrudis echenique 165;124;;;LAS CONDES;REG.METROPOLITANA;CL;Simunovic;Varina;;Gertrudis echenique 165;;;;LAS CONDES;REG.METROPOLITANA;CL;21990;0;195;0;22185;0;CLP
000000550779;24098417902-A;03/11/2025 09:21:10;Reembolsado;21990;195;22185;3958;0.0000;18032;1;GILET BASICO HILO BURDEO NICOPOLY;MPM10002842877-3;N05264TS-7;03/11/2025 09:21:12;Flujo Crossdock- Ripley PAQ;Simunovic;Varina;;Gertrudis echenique 165;124;;;LAS CONDES;REG.METROPOLITANA;CL;Simunovic;Varina;;Gertrudis echenique 165;;;;LAS CONDES;REG.METROPOLITANA;CL;21990;0;195;0;22185;0;CLP
000000550779;24098433401-A;03/11/2025 09:34:22;Cerrado;39990;0;39990;7198;0.0000;32792;1;BLAZER CUELLO CRUZADO KHAKI NICOPOLY;MPM10002843162-2;N05299LM-7;03/11/2025 09:34:24;5d_Retiro Tienda Ripley Chillán;Sanchez;Veronica;;"5 de Abril 699 ";4to Piso. Centro de atención al Cliente;;;CHILLAN;VIII REGION;CL;Sanchez;Veronica;;Pasaje Hector Herrera Herrera 624;;;;CHILLAN;VIII REGION;CL;39990;0;0;0;39990;0;CLP
000000550779;24098468501-A;03/11/2025 09:55:40;Cerrado;26990;330;27320;4858;0.0000;22132;1;VESTIDO TIPO SATIN FLOREADO ROSADO NICOPOLY;MPM10003037324-3;N06159HM;03/11/2025 09:55:41;10d_Retiro Tienda Ripley Pto. Montt Costanera;Báez Aguilar;Joel;;"Juan Soler Manfredini 10 ";" 6to Piso. Modulo Retiro en Tienda";;;PTO.MONTT;X REGION;CL;Báez Aguilar;Maribel;;Pasaje Lagunillas 1759;;;;PTO.MONTT;X REGION;CL;26990;0;330;0;27320;0;CLP
000000550779;24098468501-A;03/11/2025 09:55:40;Cerrado;17990;330;18320;3238;0.0000;14752;1;VESTIDO ACANALADO MUJER NICOPOLY BEIGE CUELLO ALTO;MPM10001710243-1;N05055GS;03/11/2025 09:55:41;10d_Retiro Tienda Ripley Pto. Montt Costanera;Báez Aguilar;Joel;;"Juan Soler Manfredini 10 ";" 6to Piso. Modulo Retiro en Tienda";;;PTO.MONTT;X REGION;CL;Báez Aguilar;Maribel;;Pasaje Lagunillas 1759;;;;PTO.MONTT;X REGION;CL;17990;0;330;0;18320;0;CLP
000000550779;24098468501-A;03/11/2025 09:55:40;Cerrado;21990;330;22320;3958;0.0000;18032;1;PANTALÓN MUJER NICOPOLY BLANCO PINZAS TIRO ALTO;MPM10001752491-2;N04120AM-5;03/11/2025 09:55:41;10d_Retiro Tienda Ripley Pto. Montt Costanera;Báez Aguilar;Joel;;"Juan Soler Manfredini 10 ";" 6to Piso. Modulo Retiro en Tienda";;;PTO.MONTT;X REGION;CL;Báez Aguilar;Maribel;;Pasaje Lagunillas 1759;;;;PTO.MONTT;X REGION;CL;21990;0;330;0;22320;0;CLP
000000550779;24049334002SEL-A;03/11/2025 10:10:59;Cerrado;25990;0;25990;4678;0.0000;21312;1;VESTIDO MUJER NICOPOLY NEGRO TIPO BLAZER;MPM10002128954-1;N05257BS;03/11/2025 10:11:00;Flujo Same day BX;Jara;Fernanda;CL;camino gran vista 4400;0;;0;LO BARNECHEA;REG.METROPOLITANA;CL;Jara;Fernanda;;camino gran vista 4400;camino gran vista 4400;;0;LO BARNECHEA;REG.METROPOLITANA;CL;25990;0;0;0;25990;0;CLP
000000550779;24098538601-A;03/11/2025 10:41:06;Reembolsado;31990;0;31990;5758;0.0000;26232;1;ENTERITO CUELLO MOCK BURDEO NICOPOLY;MPM10002627263-3;N05313TM;03/11/2025 10:41:07;8d_Retiro Tienda Ripley Copiapo;Surez Lozada;Mary;;"Calle Maipu S/N, Copiapo ";" 2do Piso. Servicio al Cliente";;;COPIAPO;III REGION;CL;Surez Lozada;Mary;;Panamericana norte km 813 hotel Maray 813;;;;COPIAPO;III REGION;CL;31990;0;0;0;31990;0;CLP
000000550779;24098570101-A;03/11/2025 10:54:00;Cerrado;29990;0;29990;5398;0.0000;24592;1;CHAQUETA BOUCLE  GRIS NICOPOLY;MPM10002646300-3;N05183NL;03/11/2025 10:54:02;10d_Retiro Tienda Ripley Portal Temuco;Garcia Poblete;Jose Manuel;;"Avenida Alemania 0671 ";3er Piso, Modulo Retiro en Tienda;;;TEMUCO;IX REGION;CL;Garcia Poblete;Jose Manuel;;pasaje 11 de spetiembre 480;;;;TEMUCO;IX REGION;CL;29990;0;0;0;29990;0;CLP
000000550779;24098828601-A;03/11/2025 12:51:52;Cerrado;34990;0;34990;6298;0.0000;28692;1;BLAZER UN BOTON AZUL ACERO NICOPOLY;MPM10002635836-2;N05318CM;03/11/2025 12:51:53;Flujo Crossdock- Ripley PAQ;Seplveda;Ana;;Berlín 843;512C;;;SAN MIGUEL;REG.METROPOLITANA;CL;Seplveda;Ana;;Berlín 843;;;;SAN MIGUEL;REG.METROPOLITANA;CL;34990;0;0;0;34990;0;CLP
000000550779;24098953901-A;03/11/2025 13:55:28;Cerrado;9990;990;10980;1798;0.0000;8192;1;POLERA ESCOTE EN V BASICA CAFE  NICOPOLY;MPM10002967415-2;N06124UXL;03/11/2025 13:55:29;4d_Retiro Tienda Ripley Plaza Oeste;"Santibáñez ";"Paola ";;"Américo Vespucio 1501 ";" 3er Piso. Modulo Retiro en Tienda";;;CERRILLOS;REG.METROPOLITANA;CL;Fuenmayor;Eliveth;;Brasilia 1536;;;;CERRILLOS;REG.METROPOLITANA;CL;9990;0;990;0;10980;0;CLP
000000550779;24099158501-A;03/11/2025 15:32:53;Reembolsado;31990;0;31990;5758;0.0000;26232;1;ENTERITO CUELLO MOCK BURDEO NICOPOLY;MPM10002627263-1;N05313TS;03/11/2025 15:32:55;4d_Retiro Tienda Ripley Costanera Center;Campos Herrera;Maria Jose;;"Avenida Andrés Bello 2422 ";" 1er Piso. Modulo Retiro en Tienda";;;PROVIDENCIA;REG.METROPOLITANA;CL;Campos Herrera;Maria Jose;;Sazie 2137;;;;PROVIDENCIA;REG.METROPOLITANA;CL;31990;0;0;0;31990;0;CLP
000000550779;24099612001-A;03/11/2025 19:02:51;Cerrado;43990;990;44980;7918;0.0000;36072;1;ENTERITO CINTURON AJUSTABLE NEGRO NICOPOLY;MPM10003032190-3;N06091BM;03/11/2025 19:02:52;5d_Retiro Tienda Ripley Quilpué;"Sánchez ";"María José ";;"Claudio Vicuña 992, Quilpue ";" 3er Piso. Modulo Retiro en Tienda";;;QUILPUE;V REGION;CL;Vargas;Nancy;;Barros Arana 993;;;;QUILPUE;V REGION;CL;43990;0;990;0;44980;0;CLP
000000550779;24099662401-A;03/11/2025 19:22:56;Reembolsado;48990;990;49980;8818;0.0000;40172;1;VESTIDO LARGO FLOREADO ROSADO NICOPOLY;MPM10003037833-2;N06076SL;03/11/2025 19:22:57;8d_Retiro Tienda Ripley Castellón;Vergara Yevenes;Karina;;"Castellon 520, Concepcion ";6to Piso. Servicio al Cliente;;;CONCEPCION;VIII REGION;CL;Vergara Yevenes;Karina;;Obispo Hipólito Salas 89;;;;CONCEPCION;VIII REGION;CL;48990;0;990;0;49980;0;CLP
000000550779;24099724101-A;03/11/2025 19:50:57;Cerrado;17990;990;18980;3238;0.0000;14752;1;FALDA MUJER NICOPOLY AZUL MEDIO DENIM TAJO FRONTAL;MPM10001465759-3;N04269KS;03/11/2025 19:50:58;4d_Retiro Tienda Ripley Puente;Ochoa Tapia;Karina del Belen;;"21 de Mayo 698 ";4to Piso. Modulo Retiro en Tienda;;;SANTIAGO;REG.METROPOLITANA;CL;Huaman Barboza;Heberth;;Calle tres norte 380;;;;SANTIAGO;REG.METROPOLITANA;CL;17990;0;990;0;18980;0;CLP
000000550779;24099890201-A;03/11/2025 21:02:09;Cerrado;36990;0;36990;6658;0.0000;30332;1;BLAZER SIN MANGAS BOLSILLOS CAFE;MPM10002942345-3;N04294OL;03/11/2025 21:02:11;5d_Retiro Tienda Ripley Marina Arauco;Quintana;Lisset;;"Avenida Libertad 1348 ";" Piso 4. Modulo Retiro en Tienda";;;VI.A DEL MA;V REGION;CL;Ledezma;Alexia;;Los Aromos 1151;;;;VI.A DEL MA;V REGION;CL;36990;0;0;0;36990;0;CLP
000000550779;24099886601-A;03/11/2025 21:02:20;Cerrado;13990;3990;17980;2518;0.0000;11472;1;CÁRDIGAN BOTONES ACANALADO CAFE NICOPOLY;MPM10001491772-2;N04180UM;03/11/2025 21:02:22;Flujo Crossdock- Ripley PAQ;Carboni;Marcela;;diagonal oriente  5302;casa;;;NUNOA;REG.METROPOLITANA;CL;Carboni;Marcela;;diagonal oriente  5302;;;;NUNOA;REG.METROPOLITANA;CL;13990;0;3990;0;17980;0;CLP
000000550779;24100123401-A;03/11/2025 22:17:28;Cerrado;9990;2195;12185;1798;0.0000;8192;1;POLERA ESCOTE EN V BASICA BLANCO NICOPOLY;MPM10002965953-3;N06124AS;03/11/2025 22:17:30;Flujo Crossdock- Ripley PAQ;Negrete;Alejandra;;Pedro de arbolancha 6877;S/N;;;VITACURA;REG.METROPOLITANA;CL;Negrete;Alejandra;;Pedro de arbolancha 6877;;;;VITACURA;REG.METROPOLITANA;CL;9990;0;2195;0;12185;0;CLP
000000550779;24100123401-A;03/11/2025 22:17:28;Cerrado;9990;2195;12185;1798;0.0000;8192;1;POLERA ESCOTE EN V BASICA CAFE  NICOPOLY;MPM10002967415-1;N06124US;03/11/2025 22:17:30;Flujo Crossdock- Ripley PAQ;Negrete;Alejandra;;Pedro de arbolancha 6877;S/N;;;VITACURA;REG.METROPOLITANA;CL;Negrete;Alejandra;;Pedro de arbolancha 6877;;;;VITACURA;REG.METROPOLITANA;CL;9990;0;2195;0;12185;0;CLP
000000550779;24100157901-A;03/11/2025 22:27:01;Cerrado;31990;0;31990;5758;0.0000;26232;1;ENTERITO CUELLO MOCK BURDEO NICOPOLY;MPM10002627263-3;N05313TM;03/11/2025 22:27:02;4d_Retiro Tienda Ripley Tobalaba;"González ";"Francisco ";;"Av. Camilo Henríquez 3296, Puente Alto ";2do Piso. Modulo Retiro en Tienda;;;PUENTE ALTO;REG.METROPOLITANA;CL;Gomez;Evelyn;;Las delicias de viluco 31;;;;PUENTE ALTO;REG.METROPOLITANA;CL;31990;0;0;0;31990;0;CLP
000000550779;24100281001-A;03/11/2025 23:02:19;Cerrado;41990;990;42980;7558;0.0000;34432;1;BLAZER BOLSILLOS Y BOTÓN NEGRO NICOPOLY;MPM10001752517-4;N04260BS-5;03/11/2025 23:02:20;4d_Retiro Tienda Ripley Puente;Diaz;Daniela;;"21 de Mayo 698 ";4to Piso. Modulo Retiro en Tienda;;;SANTIAGO;REG.METROPOLITANA;CL;"Caroca ";Cristian;;Avenida Brasil 875;;;;SANTIAGO;REG.METROPOLITANA;CL;41990;0;990;0;42980;0;CLP
000000550779;24100360901-A;03/11/2025 23:30:33;Cerrado;19990;0;19990;3598;0.0000;16392;1;VESTIDO MIDI MUJER NICOPOLY CAFÉ ACANALADO;MPM10001437612-3;N04224UM;03/11/2025 23:30:34;8d_Retiro Tienda Ripley Copiapo;Obrien;Pierinna;;"Calle Maipu S/N, Copiapo ";" 2do Piso. Servicio al Cliente";;;COPIAPO;III REGION;CL;Obrien;Pierinna;;Tomas Urzua 836;;;;COPIAPO;III REGION;CL;19990;0;0;0;19990;0;CLP
000000550779;24100508601-A;04/11/2025 00:48:36;Reembolsado;28990;0;28990;5218;0.0000;23772;1;VESTIDO CAMISERO ALGODÓN MUJER NICOPOLY CELESTE TIPO DENIM;MPM10001849442-3;N05099KS;04/11/2025 00:48:38;Flujo Crossdock- Ripley PAQ;Ubeda;Josefa;;Camilo Ortuzar 4030;1002B;;;MACUL;REG.METROPOLITANA;CL;Ubeda;Josefa;;Camilo Ortuzar 4030;;;;MACUL;REG.METROPOLITANA;CL;28990;0;0;0;28990;0;CLP
000000550779;24100531101-A;04/11/2025 01:13:51;Cerrado;19990;990;20980;3598;0.0000;16392;1;GILET 4 BOTONES NEGRO NICOPOLY;MPM10002842883-3;N05262BS-7;04/11/2025 01:13:54;4d_Retiro Tienda Ripley Plaza Vespucio;Muoz;Erika;;"Av. Vicuña Mackenna Ote. 7110, La Florida ";3er Piso. Modulo Retiro en Tienda;;;LA FLORIDA;REG.METROPOLITANA;CL;Muoz;Erika;;INDEPENDENCIA 9958;;;;LA FLORIDA;REG.METROPOLITANA;CL;19990;0;990;0;20980;0;CLP
000000550779;24100608101-A;04/11/2025 07:21:53;Cerrado;41990;0;41990;7558;0.0000;34432;1;TRENCH TIPO GAMUZA OLIVA NICOPOLY;MPM10002635818-2;N05001MS-6;04/11/2025 07:21:54;5d_Retiro Tienda Ripley El Trébol;Rojas;Alina;;"Avenida Jorge Alessandri 3177 ";" 3er Piso. Modulo Retiro en Tienda";;;TALCAHUANO;VIII REGION;CL;Rojas;Alina;;Loa acacios 1755;;;;TALCAHUANO;VIII REGION;CL;41990;0;0;0;41990;0;CLP
000000550779;24100645501-A;04/11/2025 08:17:17;Cerrado;29990;0;29990;5398;0.0000;24592;1;BLAZER LARGO DE TOPE NEGRO NICOPOLY;MPM10002635853-1;N05275BL;04/11/2025 08:17:19;4d_Retiro Tienda Ripley Alameda;Pando;Ingrid;;"Av Libertador Bernardo O'Higgins 3470, Santiago ";3er Piso. Modulo Retiro en Tienda;;;EST.CENTRAL;REG.METROPOLITANA;CL;Pando;Ingrid;;Vanguard 283;;;;EST.CENTRAL;REG.METROPOLITANA;CL;29990;0;0;0;29990;0;CLP
000000550779;24100679901-A;04/11/2025 08:53:16;Cerrado;32990;0;32990;5938;0.0000;27052;1;BOMBER ECOCUERO NEGRO NICOPOLY;MPM10002635840-3;N05153BL;04/11/2025 08:53:17;8d_Retiro Tienda Ripley Castellón;Mella;Karina;;"Castellon 520, Concepcion ";6to Piso. Servicio al Cliente;;;CONCEPCION;VIII REGION;CL;Mella;Karina;;Progreso 7159;;;;CONCEPCION;VIII REGION;CL;32990;0;0;0;32990;0;CLP
000000550779;24100679901-A;04/11/2025 08:53:16;Cerrado;29990;0;29990;5398;0.0000;24592;1;BLAZER LARGO DE TOPE NEGRO NICOPOLY;MPM10002635853-1;N05275BL;04/11/2025 08:53:17;8d_Retiro Tienda Ripley Castellón;Mella;Karina;;"Castellon 520, Concepcion ";6to Piso. Servicio al Cliente;;;CONCEPCION;VIII REGION;CL;Mella;Karina;;Progreso 7159;;;;CONCEPCION;VIII REGION;CL;29990;0;0;0;29990;0;CLP
000000550779;24100690901-A;04/11/2025 09:02:35;Cerrado;19990;3990;23980;3598;0.0000;16392;1;GILET LEOPARD CAFE  NICOPOLY;MPM10002842888-1;N05304LS-7;04/11/2025 09:02:36;Flujo Crossdock- Ripley PAQ;Ibanez;Yasna;;Jose Domingo Cañas 2550;1105;;;NUNOA;REG.METROPOLITANA;CL;Ibanez;Yasna;;Jose Domingo Cañas 2550;;;;NUNOA;REG.METROPOLITANA;CL;19990;0;3990;0;23980;0;CLP
000000550779;24100751701-A;04/11/2025 09:42:00;Cerrado;13990;3990;17980;2518;0.0000;11472;1;CÁRDIGAN BOTONES ACANALADO MOSTAZA NICOPOLY;MPM10001491777-1;N04180FS;04/11/2025 09:42:01;Flujo Crossdock- Ripley PAQ;Carboni;Marcela;;diagonal oriente  5302;casa;;;NUNOA;REG.METROPOLITANA;CL;Carboni;Marcela;;diagonal oriente  5302;;;;NUNOA;REG.METROPOLITANA;CL;13990;0;3990;0;17980;0;CLP
000000550779;24100755401-A;04/11/2025 09:43:17;Cerrado;29990;495;30485;5398;0.0000;24592;1;BOMBER ECOCUERO NEGRO NICOPOLY;MPM10002635840-1;N05153BS;04/11/2025 09:43:18;5d_Retiro Tienda Ripley El Trébol;Pardo Alvarado;Victoria;;"Avenida Jorge Alessandri 3177 ";" 3er Piso. Modulo Retiro en Tienda";;;TALCAHUANO;VIII REGION;CL;Pardo Alvarado;Victoria;;Morande 626;;;;TALCAHUANO;VIII REGION;CL;29990;0;495;0;30485;0;CLP
000000550779;24100755401-A;04/11/2025 09:43:17;Cerrado;28990;495;29485;5218;0.0000;23772;1;TRENCH LAZO HEBILLA NEGRO NICOPOLY;MPM10002635819-2;N05182BS;04/11/2025 09:43:18;5d_Retiro Tienda Ripley El Trébol;Pardo Alvarado;Victoria;;"Avenida Jorge Alessandri 3177 ";" 3er Piso. Modulo Retiro en Tienda";;;TALCAHUANO;VIII REGION;CL;Pardo Alvarado;Victoria;;Morande 626;;;;TALCAHUANO;VIII REGION;CL;28990;0;495;0;29485;0;CLP
000000550779;24101027401-A;04/11/2025 11:58:18;Cerrado;44990;990;45980;8098;0.0000;36892;1;VESTIDO LARGO FLOREADO ROSADO NICOPOLY;MPM10003037833-2;N06076SL;04/11/2025 11:58:19;5d_Retiro Tienda Ripley El Trébol;Bello;Sussy;;"Avenida Jorge Alessandri 3177 ";" 3er Piso. Modulo Retiro en Tienda";;;TALCAHUANO;VIII REGION;CL;Bello;Sussy;;Río Mataquito 655;;;;TALCAHUANO;VIII REGION;CL;44990;0;990;0;45980;0;CLP
000000550779;24101077201-A;04/11/2025 12:21:43;Cerrado;17990;4990;22980;3238;0.0000;14752;1;BLUSA CUELLO MAO BOTONES NEGRO NICOPOLY;MPM10001878075-1;N02509BM-5;04/11/2025 12:21:45;Flujo Crossdock- Ripley PAQ;Arellano Guzman;Carolina;;San Miguel 0674;S/N;;;LA PINTANA;REG.METROPOLITANA;CL;Arellano Guzman;Carolina;;San Miguel 0674;;;;LA PINTANA;REG.METROPOLITANA;CL;17990;0;4990;0;22980;0;CLP
000000550779;24101165801-A;04/11/2025 13:02:10;Cerrado;37990;0;37990;6838;0.0000;31152;1;FULFILLMENT-BLAZER MANGA DETALLE DRAPEADO ROSADO NICOPOLY;MPM10002975126-3;N02481HM-FF;04/11/2025 13:02:11;FF_MATRIX_DX;Montero;Maria Jesus;;Asturias 260;401;;;LAS CONDES;REG.METROPOLITANA;CL;Montero;Maria Jesus;;Asturias 260;;;;LAS CONDES;REG.METROPOLITANA;CL;37990;0;0;0;37990;0;CLP
000000550779;24101165801-A;04/11/2025 13:02:10;Cerrado;49990;0;49990;8998;0.0000;40992;1;FULFILLMENT-BLAZER MANGA 3/4 AJUSTADA CON PLIEGUES ROSADO NICOPOLY;MPM10002943909-5;N03049HM-5-FF;04/11/2025 13:02:11;FF_MATRIX_DX;Montero;Maria Jesus;;Asturias 260;401;;;LAS CONDES;REG.METROPOLITANA;CL;Montero;Maria Jesus;;Asturias 260;;;;LAS CONDES;REG.METROPOLITANA;CL;49990;0;0;0;49990;0;CLP
000000550779;24101183201-A;04/11/2025 13:10:19;Cerrado;29990;495;30485;5398;0.0000;24592;1;BLAZER 6 BOTONES MARRON NICOPOLY;MPM10002912487-3;N06001OM;04/11/2025 13:10:21;5d_Retiro Tienda Ripley Mall Concepción;"Cartes ";"Hugo ";;"Barros Arana 1068, Concepcion ";" 3er Piso. Modulo Retiro en Tienda";;;CONCEPCION;VIII REGION;CL;Gatica;Valeria;;Avenida Bosque Nativo 2741;;;;CONCEPCION;VIII REGION;CL;29990;0;495;0;30485;0;CLP
000000550779;24101183201-A;04/11/2025 13:10:19;Cerrado;29990;495;30485;5398;0.0000;24592;1;BLAZER 6 BOTONES ROJO;MPM10002911536-2;N06001DM;04/11/2025 13:10:21;5d_Retiro Tienda Ripley Mall Concepción;"Cartes ";"Hugo ";;"Barros Arana 1068, Concepcion ";" 3er Piso. Modulo Retiro en Tienda";;;CONCEPCION;VIII REGION;CL;Gatica;Valeria;;Avenida Bosque Nativo 2741;;;;CONCEPCION;VIII REGION;CL;29990;0;495;0;30485;0;CLP
000000550779;24101191601-A;04/11/2025 13:15:14;Reembolsado;18990;990;19980;3418;0.0000;15572;1;VESTIDO MUJER NICOPOLY NEGRO TIPO BLAZER;MPM10002128954-2;N05257BM;04/11/2025 13:15:15;4d_Retiro Tienda Ripley Costanera Center;Garca Bandres;Nathalia Mayrim;;"Avenida Andrés Bello 2422 ";" 1er Piso. Modulo Retiro en Tienda";;;PROVIDENCIA;REG.METROPOLITANA;CL;Garca Bandres;Nathalia Mayrim;;San Isidro 96;;;;PROVIDENCIA;REG.METROPOLITANA;CL;18990;0;990;0;19980;0;CLP
000000550779;24101298101-A;04/11/2025 14:07:53;Cerrado;22990;990;23980;4138;0.0000;18852;1;GILET BASICO AJUSTABLE ROJO NICOPOLY;MPM10002842897-3;N04273DS-7;04/11/2025 14:07:54;4d_Retiro Tienda Ripley Plaza Egaña;Vasquez;Cecilia;;"Larrain 5800 ";" 3er Piso. Modulo Retiro en Tienda";;;NUNOA;REG.METROPOLITANA;CL;Vasquez;Cecilia;;Palqui 2916;;;;NUNOA;REG.METROPOLITANA;CL;22990;0;990;0;23980;0;CLP
000000550779;24101439601-A;04/11/2025 15:13:52;Reembolsado;19990;0;19990;3598;0.0000;16392;1;CALZA MUJER NICOPOLY GRAFITO CIERRES DECORATIVOS;MPM10001710250-1;N05049NS;04/11/2025 15:13:54;4d_Retiro Tienda Ripley Huechuraba;Silva;Grace;;"Av. Americo Vespucio Norte 1737 ";" 2do Piso. Modulo Retiro en Tienda";;;HUECHURABA;REG.METROPOLITANA;CL;Silva;Grace;;Paso Fino  7889;;;;HUECHURABA;REG.METROPOLITANA;CL;19990;0;0;0;19990;0;CLP
000000550779;24101439601-A;04/11/2025 15:13:52;Reembolsado;19990;0;19990;3598;0.0000;16392;1;CALZA MUJER NICOPOLY NEGRO CIERRES DECORATIVOS;MPM10001710252-1;N05049BS;04/11/2025 15:13:54;4d_Retiro Tienda Ripley Huechuraba;Silva;Grace;;"Av. Americo Vespucio Norte 1737 ";" 2do Piso. Modulo Retiro en Tienda";;;HUECHURABA;REG.METROPOLITANA;CL;Silva;Grace;;Paso Fino  7889;;;;HUECHURABA;REG.METROPOLITANA;CL;19990;0;0;0;19990;0;CLP
000000550779;24101577701-A;04/11/2025 16:18:18;Cerrado;24990;3990;28980;4498;0.0000;20492;1;CHAQUETA CORTA TIPO GAMUZA CAMEL NICOPOLY;MPM10002635827-1;N05173UXL;04/11/2025 16:18:19;Flujo Crossdock- Ripley PAQ;Duarte Belmonte;Migladys Carolina;;Arturo prat 1312;1401;;;SANTIAGO;REG.METROPOLITANA;CL;Duarte Belmonte;Migladys Carolina;;Arturo prat 1312;;;;SANTIAGO;REG.METROPOLITANA;CL;24990;0;3990;0;28980;0;CLP
000000550779;24101699601-A;04/11/2025 17:16:43;Reembolsado;34990;990;35980;6298;0.0000;28692;1;ENTERITO MUJER NICOPOLY ROJO OSCURO CUT OUT ESCOTE;MPM10002122134-3;N05303TM;04/11/2025 17:16:45;4d_Retiro Tienda Ripley Arauco Maipu;Quintana;Luisa;;"Av. Americo Vespucio 399 ";" 2do Piso. Modulo Retiro en Tienda";;;MAIPU;REG.METROPOLITANA;CL;Quintana;Luisa;;El Huaso 2025;;;;MAIPU;REG.METROPOLITANA;CL;34990;0;990;0;35980;0;CLP
000000550779;24101777201-A;04/11/2025 17:52:26;Cerrado;34990;990;35980;6298;0.0000;28692;1;ENTERITO MUJER NICOPOLY ROJO OSCURO CUT OUT ESCOTE;MPM10002122134-3;N05303TM;04/11/2025 17:52:27;5d_Retiro Tienda Ripley Chillán;Riquelme;Anyela;;"5 de Abril 699 ";4to Piso. Centro de atención al Cliente;;;CHILLAN;VIII REGION;CL;Riquelme;Anyela;;Carlos Ambrosio lozzier 262;;;;CHILLAN;VIII REGION;CL;34990;0;990;0;35980;0;CLP
000000550779;24101806901-A;04/11/2025 18:08:36;Cerrado;19990;495;20485;3598;0.0000;16392;1;VESTIDO MUJER NICOPOLY CAFÉ TIPO CAMISERO LEOPARD;MPM10001848651-4;N05123UM;04/11/2025 18:08:37;4d_Retiro Tienda Ripley Puente;Carreno;Claudia;;"21 de Mayo 698 ";4to Piso. Modulo Retiro en Tienda;;;SANTIAGO;REG.METROPOLITANA;CL;Carreno;Claudia;;Amunategui 842;;;;SANTIAGO;REG.METROPOLITANA;CL;19990;0;495;0;20485;0;CLP
000000550779;24101806901-A;04/11/2025 18:08:36;Cerrado;18990;495;19485;3418;0.0000;15572;1;VESTIDO MUJER NICOPOLY NEGRO TIPO BLAZER;MPM10002128954-2;N05257BM;04/11/2025 18:08:37;4d_Retiro Tienda Ripley Puente;Carreno;Claudia;;"21 de Mayo 698 ";4to Piso. Modulo Retiro en Tienda;;;SANTIAGO;REG.METROPOLITANA;CL;Carreno;Claudia;;Amunategui 842;;;;SANTIAGO;REG.METROPOLITANA;CL;18990;0;495;0;19485;0;CLP
000000550779;24101916401-A;04/11/2025 18:59:09;Cerrado;17990;990;18980;3238;0.0000;14752;1;SOBRECAMISA ALGODÓN MUJER NICOPOLY GRIS COTELÉ;MPM10002160531-2;N05201IM;04/11/2025 18:59:11;4d_Retiro Tienda Ripley Los Dominicos;Contreras;Claudia;;"Padre Hurtado Sur 875 ";1er Piso. Servicio al Cliente;;;LAS CONDES;REG.METROPOLITANA;CL;Contreras;Claudia;;Pontevedra  1121;;;;LAS CONDES;REG.METROPOLITANA;CL;17990;0;990;0;18980;0;CLP
000000550779;24102034502-A;04/11/2025 19:54:16;Cerrado;24990;0;24990;4498;0.0000;20492;1;CHAQUETA CORTA TIPO GAMUZA CAMEL NICOPOLY;MPM10002635827-1;N05173UXL;04/11/2025 19:54:17;Flujo Crossdock- Ripley PAQ;Cifuentes;Catherine;;Parque central oriente 1754;S/N;;;MAIPU;REG.METROPOLITANA;CL;Cifuentes;Catherine;;Parque central oriente 1754;;;;MAIPU;REG.METROPOLITANA;CL;24990;0;0;0;24990;0;CLP
000000550779;24102140301-A;04/11/2025 20:47:04;Reembolsado;19980;990;20970;3596;0.0000;16384;2;POLERA ESCOTE EN V BASICA ROSADO NICOPOLY;MPM10002968382-4;N06124HL;04/11/2025 20:47:05;4d_Retiro Tienda Ripley Los Dominicos;Medel Galvez;Karen;;"Padre Hurtado Sur 875 ";1er Piso. Servicio al Cliente;;;LAS CONDES;REG.METROPOLITANA;CL;Medel Galvez;Karen;;nueva bilbao 9058;;;;LAS CONDES;REG.METROPOLITANA;CL;19980;0;990;0;20970;0;CLP
000000550779;24102199301-A;04/11/2025 21:13:40;Cerrado;26990;990;27980;4858;0.0000;22132;1;BLAZER LARGO DE TOPE NEGRO NICOPOLY;MPM10002635853-1;N05275BL;04/11/2025 21:13:41;4d_Retiro Tienda Ripley Crillon;Chaura Chaura;Rolando Jorge;;"Agustinas #1025 ";Piso -1. Modulo Retiro en Tienda;;;SANTIAGO;REG.METROPOLITANA;CL;Ruiz;Viviana;;San Isidro 292;;;;SANTIAGO;REG.METROPOLITANA;CL;26990;0;990;0;27980;0;CLP
000000550779;24102290001-A;04/11/2025 22:04:15;Cerrado;16990;990;17980;3058;0.0000;13932;1;VESTIDO CORTO MUJER NICOPOLY CELESTE ABERTURAS MANGAS;MPM10001849480-3;N02336KS-5;04/11/2025 22:04:16;4d_Retiro Tienda Ripley Puente;Valds;Susana;;"21 de Mayo 698 ";4to Piso. Modulo Retiro en Tienda;;;SANTIAGO;REG.METROPOLITANA;CL;Valds;Susana;;Emiliano Zapata 916 depto 109;;;;SANTIAGO;REG.METROPOLITANA;CL;16990;0;990;0;17980;0;CLP
000000550779;24102344301-A;04/11/2025 22:06:01;Reembolsado;37990;9990;47980;6838;0.0000;31152;1;ENTERITO MUJER NICOPOLY ROJO OSCURO CUT OUT ESCOTE;MPM10002122134-1;N05303TL;04/11/2025 22:06:02;Flujo Crossdock- Ripley PAQ;Sandoval;"Katherine ";;centenario  593;lanco;;;LANCO;XIV REGION;CL;Sandoval;"Katherine ";;centenario  593;;;;LANCO;XIV REGION;CL;37990;0;9990;0;47980;0;CLP
000000550779;24102368501-A;04/11/2025 22:14:46;Recibido;17990;990;18980;3238;0.0000;14752;1;BLUSA CUELLO MAO BOTONES BLANCO NICOPOLY;MPM10001878085-3;N02509AL-5;04/11/2025 22:14:47;4d_Retiro Tienda Ripley Huechuraba;Alarcon;Sylvie;;"Av. Americo Vespucio Norte 1737 ";" 2do Piso. Modulo Retiro en Tienda";;;HUECHURABA;REG.METROPOLITANA;CL;Avila;Andres;;Francisco Goya 7564;;;;HUECHURABA;REG.METROPOLITANA;CL;17990;0;990;0;18980;0;CLP
000000550779;24102443901-A;04/11/2025 22:43:36;Cerrado;22990;330;23320;4138;0.0000;18852;1;CARDIGAN TIPO CROCHET BOTONES DORADOS BEIGE NICOPOLY;MPM10002950329-3;N06066AS;04/11/2025 22:43:37;10d_Retiro Tienda Ripley La Serena;Valdebenito;Rocío;;"Gregorio Cordovez 499 ";" 3er Piso. Modulo Retiro en Tienda";;;LA SERENA;IV REGION;CL;Valdebenito;Rocío;;Andres Murillo 1478;;;;LA SERENA;IV REGION;CL;22990;0;330;0;23320;0;CLP
000000550779;24102443901-A;04/11/2025 22:43:36;Cerrado;22990;330;23320;4138;0.0000;18852;1;CARDIGAN TIPO CROCHET BOTONES DORADOS CAFE  NICOPOLY;MPM10002950628-2;N06066US;04/11/2025 22:43:37;10d_Retiro Tienda Ripley La Serena;Valdebenito;Rocío;;"Gregorio Cordovez 499 ";" 3er Piso. Modulo Retiro en Tienda";;;LA SERENA;IV REGION;CL;Valdebenito;Rocío;;Andres Murillo 1478;;;;LA SERENA;IV REGION;CL;22990;0;330;0;23320;0;CLP
000000550779;24102443901-A;04/11/2025 22:43:36;Cerrado;19990;330;20320;3598;0.0000;16392;1;CARDIGAN TIPO CROCHET HILO NEGRO NICOPOLY;MPM10002950627-3;N06084BM;04/11/2025 22:43:37;10d_Retiro Tienda Ripley La Serena;Valdebenito;Rocío;;"Gregorio Cordovez 499 ";" 3er Piso. Modulo Retiro en Tienda";;;LA SERENA;IV REGION;CL;Valdebenito;Rocío;;Andres Murillo 1478;;;;LA SERENA;IV REGION;CL;19990;0;330;0;20320;0;CLP
000000550779;24102455301-A;04/11/2025 22:48:16;Cerrado;19990;990;20980;3598;0.0000;16392;1;BLUSA CUELLO MAO BOTONES FUCSIA NICOPOLY;MPM00078130398-3;N02509SM;04/11/2025 22:48:17;4d_Retiro Tienda Ripley Huechuraba;Rojas;Sofia;;"Av. Americo Vespucio Norte 1737 ";" 2do Piso. Modulo Retiro en Tienda";;;HUECHURABA;REG.METROPOLITANA;CL;Rojas;Sofia;;La Rinconada 4646;;;;HUECHURABA;REG.METROPOLITANA;CL;19990;0;990;0;20980;0;CLP
000000550779;24102469101-A;04/11/2025 22:52:04;Cerrado;20990;990;21980;3778;0.0000;17212;1;GILET HALTER ESPALDA DESCUBIERTA BLANCO NICOPOLY;MPM10002977123-1;N06065AS;04/11/2025 22:52:05;5d_Retiro Tienda Ripley Mall Concepción;Montana;Tita;;"Barros Arana 1068, Concepcion ";" 3er Piso. Modulo Retiro en Tienda";;;CONCEPCION;VIII REGION;CL;Montana;Tita;;Chorrillos 1349;;;;CONCEPCION;VIII REGION;CL;20990;0;990;0;21980;0;CLP
000000550779;24102467601-A;04/11/2025 22:52:50;Cerrado;32990;990;33980;5938;0.0000;27052;1;BLAZER 6 BOTONES NEGRO;MPM10002912800-3;N06001BM;04/11/2025 22:52:51;5d_Retiro Tienda Ripley Mall Concepción;Bustamante;"Gisela ";;"Barros Arana 1068, Concepcion ";" 3er Piso. Modulo Retiro en Tienda";;;CONCEPCION;VIII REGION;CL;Bustamante;"Gisela ";;camino a nonguen 547;;;;CONCEPCION;VIII REGION;CL;32990;0;990;0;33980;0;CLP
000000550779;24102554801-A;04/11/2025 23:27:17;Cerrado;41990;990;42980;7558;0.0000;34432;1;BLAZER BOLSILLOS CON SOLAPAS AZUL MEDIO NICOPOLY;MPM10001437599-2;N04260KM;04/11/2025 23:27:20;5d_Retiro Tienda Ripley Rancagua;"Fuentes ";"Camila ";;"José Domingo Mujica 490 ";" 3er Piso. Modulo Retiro en Tienda";;;RANCAGUA;VI REGION;CL;"Fuentes ";"Jos ";;Caburgua 1693;;;;RANCAGUA;VI REGION;CL;41990;0;990;0;42980;0;CLP
000000550779;24102618501-A;04/11/2025 23:59:18;Cerrado;28990;990;29980;5218;0.0000;23772;1;ENTERITO CUELLO MOCK AZUL NICOPOLY;MPM10002627273-2;N05313PM;04/11/2025 23:59:19;5d_Retiro Tienda Ripley El Trébol;"Osorio ";Nicol;;"Avenida Jorge Alessandri 3177 ";" 3er Piso. Modulo Retiro en Tienda";;;TALCAHUANO;VIII REGION;CL;"Osorio ";Nicol;;Calle Tucapel pasaje 17 3630;;;;TALCAHUANO;VIII REGION;CL;28990;0;990;0;29980;0;CLP
000000550779;24102654401-A;05/11/2025 00:19:46;Cerrado;31990;0;31990;5758;0.0000;26232;1;ENTERITO MUJER NICOPOLY NEGRO CRUZADO 2 BOTONES;MPM10002122126-1;N05308BM;05/11/2025 00:19:48;Flujo Crossdock- Ripley PAQ;Lopez;Valeria Alejandra;;Apostol Santiago  2181;casa;;;RENCA;REG.METROPOLITANA;CL;Lopez;Valeria Alejandra;;Apostol Santiago  2181;;;;RENCA;REG.METROPOLITANA;CL;31990;0;0;0;31990;0;CLP
000000550779;24102662001-A;05/11/2025 00:28:43;Recibido;9990;990;10980;1798;0.0000;8192;1;POLERA MANGA CORTA BASICA CAFE  NICOPOLY;MPM10002966829-1;N06112UL;05/11/2025 00:28:44;4d_Retiro Tienda Ripley Tobalaba;Poblete;Camila;;"Av. Camilo Henríquez 3296, Puente Alto ";2do Piso. Modulo Retiro en Tienda;;;PUENTE ALTO;REG.METROPOLITANA;CL;Poblete;Camila;;Laguna Sausalito 4344;;;;PUENTE ALTO;REG.METROPOLITANA;CL;9990;0;990;0;10980;0;CLP
000000550779;24102684201-A;05/11/2025 00:42:54;Cerrado;31990;0;31990;5758;0.0000;26232;1;BLAZER MUJER NICOPOLY MORADO CUELLO MAO;MPM10002160537-4;N00156ZM-6;05/11/2025 00:42:55;Flujo Crossdock- Ripley PAQ;Caroca;Augusta Victoria;;Alcántara 1026;114;;;LAS CONDES;REG.METROPOLITANA;CL;Caroca;Augusta Victoria;;Alcántara 1026;;;;LAS CONDES;REG.METROPOLITANA;CL;31990;0;0;0;31990;0;CLP
000000550779;24102827501-A;05/11/2025 07:55:09;Reembolsado;28990;0;28990;5218;0.0000;23772;1;VESTIDO FLOREADO BOTONES DELANTEROS FUCSIA NICOPOLY;MPM10003037311-3;N06054SM;05/11/2025 07:55:11;Flujo Crossdock- Ripley PAQ;Muoz;Patricia;;Los Flamencos  1300;301 A;;;MAIPU;REG.METROPOLITANA;CL;Muoz;Patricia;;Los Flamencos  1300;;;;MAIPU;REG.METROPOLITANA;CL;28990;0;0;0;28990;0;CLP
000000550779;24103085501-A;05/11/2025 11:08:34;Recibido;19990;990;20980;3598;0.0000;16392;1;BLUSA RAYAS LAZO DESMONTABLE NEGRO NICOPOLY;MPM10002842893-2;N05291BS-7;05/11/2025 11:08:36;5d_Retiro Tienda Ripley Talca;Novoa Diaz;Karen;;"8 Oriente 1212 ";" 2do Piso. Modulo Retiro en Tienda";;;TALCA;VII REGION;CL;Novoa Diaz;Karen;;poblacion bicentenario pasaje cabildo 1371;;;;TALCA;VII REGION;CL;19990;0;990;0;20980;0;CLP
000000550779;24103242801-A;05/11/2025 12:20:03;Cerrado;29990;990;30980;5398;0.0000;24592;1;BLAZER 6 BOTONES MARRON NICOPOLY;MPM10002912487-2;N06001OL;05/11/2025 12:20:04;10d_Retiro Tienda Ripley La Serena;García;Tripzie;;"Gregorio Cordovez 499 ";" 3er Piso. Modulo Retiro en Tienda";;;LA SERENA;IV REGION;CL;Garcia;Dania;;Antonio Hurtado  312;;;;LA SERENA;IV REGION;CL;29990;0;990;0;30980;0;CLP
000000550779;24103283401-A;05/11/2025 12:39:08;Reembolsado;29990;970;30960;5398;0.0000;24592;1;BLAZER 6 BOTONES NEGRO;MPM10002912800-4;N06001BXL;05/11/2025 12:39:10;Flujo Crossdock- Ripley PAQ;Torres Mora;Carolina Valeska;;Avenida agua Santa  521;402;;;VI.A DEL MA;V REGION;CL;Torres Mora;Carolina Valeska;;Avenida agua Santa  521;;;;VI.A DEL MA;V REGION;CL;29990;0;970;0;30960;0;CLP
000000550779;24103363601-A;05/11/2025 13:21:30;Cerrado;31990;1596;33586;5758;0.0000;26232;1;BLAZER MUJER NICOPOLY MORADO CUELLO MAO;MPM10002160537-4;N00156ZM-6;05/11/2025 13:21:31;Flujo Crossdock- Ripley PAQ;Gonzalez;María;;LIquidambar seis  18452;Casa;;;MAIPU;REG.METROPOLITANA;CL;Gonzalez;María;;LIquidambar seis  18452;;;;MAIPU;REG.METROPOLITANA;CL;31990;0;1596;0;33586;0;CLP
000000550779;24103363601-A;05/11/2025 13:21:30;Cerrado;31990;1596;33586;5758;0.0000;26232;1;BLAZER MUJER NICOPOLY KHAKI CUELLO MAO;MPM10002160480-1;N00156LM-6;05/11/2025 13:21:31;Flujo Crossdock- Ripley PAQ;Gonzalez;María;;LIquidambar seis  18452;Casa;;;MAIPU;REG.METROPOLITANA;CL;Gonzalez;María;;LIquidambar seis  18452;;;;MAIPU;REG.METROPOLITANA;CL;31990;0;1596;0;33586;0;CLP
000000550779;24103363601-A;05/11/2025 13:21:30;Cerrado;31990;1596;33586;5758;0.0000;26232;1;BLAZER MUJER NICOPOLY NEGRO CUELLO MAO;MPM10002160484-4;N00156BM-6;05/11/2025 13:21:31;Flujo Crossdock- Ripley PAQ;Gonzalez;María;;LIquidambar seis  18452;Casa;;;MAIPU;REG.METROPOLITANA;CL;Gonzalez;María;;LIquidambar seis  18452;;;;MAIPU;REG.METROPOLITANA;CL;31990;0;1596;0;33586;0;CLP
000000550779;24104332001-A;05/11/2025 21:11:08;Reembolsado;17490;0;17490;3148;0.0000;14342;1;VESTIDO MUJER NICOPOLY NEGRO TIPO BLAZER;MPM10002128954-1;N05257BS;05/11/2025 21:11:09;4d_Retiro Tienda Ripley Arauco Maipu;Carrion Barahona;Irene;;"Av. Americo Vespucio 399 ";" 2do Piso. Modulo Retiro en Tienda";;;MAIPU;REG.METROPOLITANA;CL;Carrion Barahona;Irene;;Jose manuel borgoño 3421;;;;MAIPU;REG.METROPOLITANA;CL;17490;0;0;0;17490;0;CLP
000000550779;24104332001-A;05/11/2025 21:11:08;Cerrado;26990;0;26990;4858;0.0000;22132;1;BLAZER MUJER NICOPOLY ROJO LAZO DELANTERO;MPM10002128976-3;N05276DS;05/11/2025 21:11:09;4d_Retiro Tienda Ripley Arauco Maipu;Carrion Barahona;Irene;;"Av. Americo Vespucio 399 ";" 2do Piso. Modulo Retiro en Tienda";;;MAIPU;REG.METROPOLITANA;CL;Carrion Barahona;Irene;;Jose manuel borgoño 3421;;;;MAIPU;REG.METROPOLITANA;CL;26990;0;0;0;26990;0;CLP
000000550779;24104332001-A;05/11/2025 21:11:08;Cerrado;26990;0;26990;4858;0.0000;22132;1;BLAZER MUJER NICOPOLY NEGRO LAZO DELANTERO;MPM10002128962-3;N05276BS;05/11/2025 21:11:09;4d_Retiro Tienda Ripley Arauco Maipu;Carrion Barahona;Irene;;"Av. Americo Vespucio 399 ";" 2do Piso. Modulo Retiro en Tienda";;;MAIPU;REG.METROPOLITANA;CL;Carrion Barahona;Irene;;Jose manuel borgoño 3421;;;;MAIPU;REG.METROPOLITANA;CL;26990;0;0;0;26990;0;CLP
000000550779;24104396801-A;05/11/2025 21:33:17;Reembolsado;18990;990;19980;3418;0.0000;15572;1;VESTIDO MUJER NICOPOLY ROJO TIPO BLAZER;MPM10002128953-1;N05257DS;05/11/2025 21:33:18;4d_Retiro Tienda Ripley Plaza Egaña;Alfaro;Claudia;;"Larrain 5800 ";" 3er Piso. Modulo Retiro en Tienda";;;NUNOA;REG.METROPOLITANA;CL;Alfaro;Claudia;;los aliaga 557;;;;NUNOA;REG.METROPOLITANA;CL;18990;0;990;0;19980;0;CLP
000000550779;24104501401-A;05/11/2025 22:12:28;Reembolsado;31990;990;32980;5758;0.0000;26232;1;ENTERITO CUELLO MOCK BURDEO NICOPOLY;MPM10002627263-1;N05313TS;05/11/2025 22:12:29;5d_Retiro Tienda Ripley Talca;"Valenzuela ";Arlette;;"8 Oriente 1212 ";" 2do Piso. Modulo Retiro en Tienda";;;TALCA;VII REGION;CL;"Valenzuela ";Arlette;;Villa pucara, 5 oriente entre 21 y 25 0468;;;;TALCA;VII REGION;CL;31990;0;990;0;32980;0;CLP
000000550779;24104726601-A;05/11/2025 23:43:15;Cerrado;36990;980;37970;6658;0.0000;30332;1;BLAZER CUELLO CRUZADO KHAKI NICOPOLY;MPM10002843162-3;N05299LXL-7;05/11/2025 23:43:16;Flujo Crossdock- Ripley PAQ;Valencia;Paola;;De Veer 1147;Casa;;;QUILPUE;V REGION;CL;Valencia;Paola;;De Veer 1147;;;;QUILPUE;V REGION;CL;36990;0;980;0;37970;0;CLP
000000550779;24104726602-A;05/11/2025 23:43:15;Cerrado;49990;0;49990;8998;0.0000;40992;1;FULFILLMENT-BLAZER CUELLO CRUZADO NEGRO NICOPOLY;MPM10002943915-3;N05299BXL-7-FF;05/11/2025 23:43:16;FF_MATRIX;Valencia;Paola;;De Veer 1147;Casa;;;QUILPUE;V REGION;CL;Valencia;Paola;;De Veer 1147;;;;QUILPUE;V REGION;CL;49990;0;0;0;49990;0;CLP
000000550779;24104747401-A;05/11/2025 23:55:16;Recibido;14990;990;15980;2698;0.0000;12292;1;BODY HALTER TIPO SATIN VERDE OSCURO NICOPOLY;MPM10001878226-2;N05047EM;05/11/2025 23:55:18;4d_Retiro Tienda Ripley Plaza Vespucio;Silva;Karina;;"Av. Vicuña Mackenna Ote. 7110, La Florida ";3er Piso. Modulo Retiro en Tienda;;;LA FLORIDA;REG.METROPOLITANA;CL;Silva;Karina;;Pasaje el Estuario 1880;;;;LA FLORIDA;REG.METROPOLITANA;CL;14990;0;990;0;15980;0;CLP
000000550779;24104756901-A;06/11/2025 00:03:19;Reembolsado;45990;990;46980;8278;0.0000;37712;1;ENTERITO EFECTO DOS PIEZAS MORADO NICOPOLY;MPM10003031554-3;N04018ZL;06/11/2025 00:03:21;5d_Retiro Tienda Ripley Talca;Garrido;Vanessa;;"8 Oriente 1212 ";" 2do Piso. Modulo Retiro en Tienda";;;TALCA;VII REGION;CL;Garrido;Vanessa;;2 norte 4754;;;;TALCA;VII REGION;CL;45990;0;990;0;46980;0;CLP
000000550779;24104866701-A;06/11/2025 01:26:55;Reembolsado;29990;495;30485;5398;0.0000;24592;1;CHAQUETA CUELLO CAMISERO ECOCUERO NEGRO NICOPOLY;MPM10001383864-4;N04228BM;06/11/2025 01:26:57;5d_Retiro Tienda Ripley El Trébol;Saldias;Daniela;;"Avenida Jorge Alessandri 3177 ";" 3er Piso. Modulo Retiro en Tienda";;;TALCAHUANO;VIII REGION;CL;Saldias;Daniela;;Av Pedro Aguirre cerda 295;;;;TALCAHUANO;VIII REGION;CL;29990;0;495;0;30485;0;CLP
000000550779;24104866701-A;06/11/2025 01:26:56;Recibido;29990;495;30485;5398;0.0000;24592;1;CHAQUETA CUELLO CAMISERO ECOCUERO NEGRO NICOPOLY;MPM10001383864-2;N04228BL;06/11/2025 01:26:57;5d_Retiro Tienda Ripley El Trébol;Saldias;Daniela;;"Avenida Jorge Alessandri 3177 ";" 3er Piso. Modulo Retiro en Tienda";;;TALCAHUANO;VIII REGION;CL;Saldias;Daniela;;Av Pedro Aguirre cerda 295;;;;TALCAHUANO;VIII REGION;CL;29990;0;495;0;30485;0;CLP
000000550779;24105011802-A;06/11/2025 08:52:00;Cerrado;21990;0;21990;3958;0.0000;18032;1;GILET LARGO CON BOTONES NEGRO;MPM10002910447-3;N06135BL;06/11/2025 08:52:01;Flujo Crossdock- Ripley PAQ;Burgos;Claudia;;camino del convento 6705;S/N;;;LA FLORIDA;REG.METROPOLITANA;CL;Burgos;Claudia;;camino del convento 6705;;;;LA FLORIDA;REG.METROPOLITANA;CL;21990;0;0;0;21990;0;CLP
000000550779;24105011801-A;06/11/2025 08:52:00;Cerrado;28990;0;28990;5218;0.0000;23772;1;FULFILLMENT-GILET BASICO BLANCO NICOPOLY;MPM10002943917-2;N04273AL-FF;06/11/2025 08:52:02;FF_MATRIX_DX;Burgos;Claudia;;camino del convento 6705;S/N;;;LA FLORIDA;REG.METROPOLITANA;CL;Burgos;Claudia;;camino del convento 6705;;;;LA FLORIDA;REG.METROPOLITANA;CL;28990;0;0;0;28990;0;CLP
000000550779;24105011801-A;06/11/2025 08:52:00;Cerrado;36990;0;36990;6658;0.0000;30332;1;FULFILLMENT-PANTALON PALAZZO MUJER NICOPOLY NEGRO TAJOS;MPM10003037757-3;N10369BL-4-FF;06/11/2025 08:52:02;FF_MATRIX_DX;Burgos;Claudia;;camino del convento 6705;S/N;;;LA FLORIDA;REG.METROPOLITANA;CL;Burgos;Claudia;;camino del convento 6705;;;;LA FLORIDA;REG.METROPOLITANA;CL;36990;0;0;0;36990;0;CLP
000000550779;24105014702-A;06/11/2025 08:56:26;Cerrado;31990;6990;38980;5758;0.0000;26232;1;VESTIDO FLOREADO BOTONES DELANTEROS FUCSIA NICOPOLY;MPM10003037311-2;N06054SS;06/11/2025 08:56:27;Flujo Crossdock- Ripley PAQ;Bauerle;Catalina;;Saint Margarets 115;201;;;CON-CON;V REGION;CL;Bauerle;Catalina;;Saint Margarets 115;;;;CON-CON;V REGION;CL;31990;0;6990;0;38980;0;CLP
000000550779;24105055801-A;06/11/2025 09:27:17;Reembolsado;36990;990;37980;6658;0.0000;30332;1;PANTALÓN PALAZZO MUJER NICOPOLY MAGENTA TAJOS;MPM10001503442-1;N10369ZXL-4;06/11/2025 09:27:18;4d_Retiro Tienda Ripley Tobalaba;Saez;Angelica Maria;;"Av. Camilo Henríquez 3296, Puente Alto ";2do Piso. Modulo Retiro en Tienda;;;PUENTE ALTO;REG.METROPOLITANA;CL;Saez;Angelica Maria;;Los Azahares 3402;;;;PUENTE ALTO;REG.METROPOLITANA;CL;36990;0;990;0;37980;0;CLP
000000550779;24105127401-A;06/11/2025 10:17:35;Recibido;17990;990;18980;3238;0.0000;14752;1;SOBRECAMISA ALGODÓN MUJER NICOPOLY GRIS COTELÉ;MPM10002160531-2;N05201IM;06/11/2025 10:17:37;5d_Retiro Tienda Ripley Mall Concepción;Salas;Viviana;;"Barros Arana 1068, Concepcion ";" 3er Piso. Modulo Retiro en Tienda";;;CONCEPCION;VIII REGION;CL;Salas;Viviana;;Prat 575;;;;CONCEPCION;VIII REGION;CL;17990;0;990;0;18980;0;CLP
000000550779;24105210401-A;06/11/2025 11:00:17;Reembolsado;34990;990;35980;6298;0.0000;28692;1;ENTERITO MUJER NICOPOLY ACERO CUT OUT ESCOTE AZUL;MPM10002122128-3;N05303CL;06/11/2025 11:00:19;10d_Retiro Tienda Ripley Portal Temuco;Castro Mosler;Ana Maria;;"Avenida Alemania 0671 ";3er Piso, Modulo Retiro en Tienda;;;TEMUCO;IX REGION;CL;Castro Mosler;Ana Maria;;Los Corrales 1573;;;;TEMUCO;IX REGION;CL;34990;0;990;0;35980;0;CLP
000000550779;24105379801-A;06/11/2025 12:26:20;Recibido;26990;990;27980;4858;0.0000;22132;1;CHAQUETA BOUCLE  MOCA NICOPOLY;MPM10002646315-1;N05183US;06/11/2025 12:26:22;5d_Retiro Tienda Ripley Mall Concepción;Salas;Viviana;;"Barros Arana 1068, Concepcion ";" 3er Piso. Modulo Retiro en Tienda";;;CONCEPCION;VIII REGION;CL;Salas;Viviana;;Prat 575;;;;CONCEPCION;VIII REGION;CL;26990;0;990;0;27980;0;CLP
000000550779;24105405201-A;06/11/2025 12:39:50;Cerrado;13990;0;13990;2518;0.0000;11472;1;FALDA MUJER NICOPOLY BURDEO TUBO CIERRE;MPM00084139820-2;N03063TL;06/11/2025 12:39:51;4d_Retiro Tienda Ripley Crillon;Olivares;Varlenka;;"Agustinas #1025 ";Piso -1. Modulo Retiro en Tienda;;;SANTIAGO;REG.METROPOLITANA;CL;Olivares;Varlenka;;Suecia 415;;;;SANTIAGO;REG.METROPOLITANA;CL;13990;0;0;0;13990;0;CLP
000000550779;24105514101-A;06/11/2025 13:31:21;Cerrado;17990;3980;21970;3238;0.0000;14752;1;GILET LEOPARD CAFE  NICOPOLY;MPM10002842888-2;N05304LL-7;06/11/2025 13:31:22;Flujo Crossdock- Ripley PAQ;Gallardo;Estefania;;Pasaje  3;11;;;PUCHUNCAVI;V REGION;CL;Gallardo;Estefania;;Pasaje  3;;;;PUCHUNCAVI;V REGION;CL;17990;0;3980;0;21970;0;CLP
000000550779;24105836801-A;06/11/2025 16:15:31;Reembolsado;34990;0;34990;6298;0.0000;28692;1;FULFILLMENT-PANTALÓN MUJER NICOPOLY NEGRO PIERNA ANCHA CON PASADOR;MPM10002146394-1;N05298BM-FF;06/11/2025 16:15:32;FF_MATRIX;Huerta Palma;Patricia;;Fernando Lazcano 1265;33B;;;SAN MIGUEL;REG.METROPOLITANA;CL;Huerta Palma;Patricia;;Fernando Lazcano 1265;;;;SAN MIGUEL;REG.METROPOLITANA;CL;34990;0;0;0;34990;0;CLP
000000550779;24105879101-A;06/11/2025 16:34:58;Recibido;26990;990;27980;4858;0.0000;22132;1;BLAZER LARGO DE TOPE NEGRO NICOPOLY;MPM10002635853-1;N05275BL;06/11/2025 16:34:59;10d_Retiro Tienda Ripley Portal Temuco;Bahamondes;Maria angelic;;"Avenida Alemania 0671 ";3er Piso, Modulo Retiro en Tienda;;;TEMUCO;IX REGION;CL;Bahamondes;Maria angelic;;FRANCISCO SEPULVEDA 1167;;;;TEMUCO;IX REGION;CL;26990;0;990;0;27980;0;CLP
000000550779;24105909201-A;06/11/2025 17:13:04;Cerrado;32990;3990;36980;5938;0.0000;27052;1;VESTIDO LARGO CUELLO MOCK BURDEO NICOPOLY;MPM10002627268-1;N05311TM;06/11/2025 17:13:05;Flujo Crossdock- Ripley PAQ;Parker;Sofia;;Ramón Sotomayor Valdés 2967;202;;;PROVIDENCIA;REG.METROPOLITANA;CL;Parker;Sofia;;Ramón Sotomayor Valdés 2967;;;;PROVIDENCIA;REG.METROPOLITANA;CL;32990;0;3990;0;36980;0;CLP
000000550779;24106069501-A;06/11/2025 18:16:47;Cerrado;31990;0;31990;5758;0.0000;26232;1;BLAZER UN BOTON ROJO NICOPOLY;MPM10002635855-2;N05318TM;06/11/2025 18:16:48;Flujo Crossdock- Ripley PAQ;Aguilera;Rosa;;Viña del valle  8780;E 104;;;PUDAHUEL;REG.METROPOLITANA;CL;Aguilera;Rosa;;Viña del valle  8780;;;;PUDAHUEL;REG.METROPOLITANA;CL;31990;0;0;0;31990;0;CLP
000000550779;24106243401-A;06/11/2025 19:49:44;Cerrado;23990;990;24980;4318;0.0000;19672;1;VESTIDO LARGO CON ABERTURAS LATERALES NEGRO NICOPOLY;MPM10003031643-2;N06035BM;06/11/2025 19:49:46;5d_Retiro Tienda Ripley Valparaíso;Arenas;Angela;;"Plaza Victoria 1646 ";" 4to Piso. Servicio al Cliente";;;VALPARAISO;V REGION;CL;Arenas;Angela;;Avenida Curauma Sur 1826;;;;VALPARAISO;V REGION;CL;23990;0;990;0;24980;0;CLP
000000550779;24106339001-A;06/11/2025 20:34:12;Cerrado;24990;0;24990;4498;0.0000;20492;1;PANTALON TIPO CREPE  ANIMAL PRINT CAFE  NICOPOLY;MPM10002978034-2;N06103US;06/11/2025 20:34:13;Flujo Crossdock- Ripley PAQ;Lolas;Gloria;;Jose de Moraleda 4772;S/N;;;LAS CONDES;REG.METROPOLITANA;CL;Lolas;Gloria;;Jose de Moraleda 4772;;;;LAS CONDES;REG.METROPOLITANA;CL;24990;0;0;0;24990;0;CLP
000000550779;24106339001-A;06/11/2025 20:34:12;Cerrado;7990;0;7990;1438;0.0000;6552;1;TOP SIN MANGAS ACANALADO CAFE  NICOPOLY;MPM10002967599-2;N06133US;06/11/2025 20:34:13;Flujo Crossdock- Ripley PAQ;Lolas;Gloria;;Jose de Moraleda 4772;S/N;;;LAS CONDES;REG.METROPOLITANA;CL;Lolas;Gloria;;Jose de Moraleda 4772;;;;LAS CONDES;REG.METROPOLITANA;CL;7990;0;0;0;7990;0;CLP
000000550779;24106384902-A;06/11/2025 20:55:17;Reembolsado;31990;330;32320;5758;0.0000;26232;1;BLAZER UN BOTON KHAKI NICOPOLY;MPM10002635831-3;N05318LL;06/11/2025 20:55:19;5d_Retiro Tienda Ripley Marina Arauco;Gonzalez Plaza;Rosa Yolanda;;"Avenida Libertad 1348 ";" Piso 4. Modulo Retiro en Tienda";;;VI.A DEL MA;V REGION;CL;Gonzalez Plaza;Rosa Yolanda;;colinas del mar isla lenox 551;;;;VI.A DEL MA;V REGION;CL;31990;0;330;0;32320;0;CLP
000000550779;24106384902-A;06/11/2025 20:55:17;Reembolsado;31990;330;32320;5758;0.0000;26232;1;BLAZER UN BOTON AZUL ACERO NICOPOLY;MPM10002635836-2;N05318CM;06/11/2025 20:55:19;5d_Retiro Tienda Ripley Marina Arauco;Gonzalez Plaza;Rosa Yolanda;;"Avenida Libertad 1348 ";" Piso 4. Modulo Retiro en Tienda";;;VI.A DEL MA;V REGION;CL;Gonzalez Plaza;Rosa Yolanda;;colinas del mar isla lenox 551;;;;VI.A DEL MA;V REGION;CL;31990;0;330;0;32320;0;CLP
000000550779;24106384902-A;06/11/2025 20:55:17;Reembolsado;31990;330;32320;5758;0.0000;26232;1;BLAZER UN BOTON AZUL ACERO NICOPOLY;MPM10002635836-3;N05318CL;06/11/2025 20:55:19;5d_Retiro Tienda Ripley Marina Arauco;Gonzalez Plaza;Rosa Yolanda;;"Avenida Libertad 1348 ";" Piso 4. Modulo Retiro en Tienda";;;VI.A DEL MA;V REGION;CL;Gonzalez Plaza;Rosa Yolanda;;colinas del mar isla lenox 551;;;;VI.A DEL MA;V REGION;CL;31990;0;330;0;32320;0;CLP
000000550779;24106396301-A;06/11/2025 20:59:22;Cerrado;17990;263;18253;3238;0.0000;14752;1;GILET 4 BOTONES VERDE NICOPOLY;MPM10002842869-1;N05262EM-7;06/11/2025 20:59:23;Flujo Crossdock- Ripley PAQ;Estay;"Julia ";;Carlos alvarado 6350;S/N;;;LAS CONDES;REG.METROPOLITANA;CL;Estay;"Julia ";;Carlos alvarado 6350;;;;LAS CONDES;REG.METROPOLITANA;CL;17990;0;263;0;18253;0;CLP
000000550779;24106396301-A;06/11/2025 20:59:22;Cerrado;32990;263;33253;5938;0.0000;27052;1;BLAZER BASICO DE TOPE MORADO NICOPOLY;MPM10002843019-4;N05301ZS-7;06/11/2025 20:59:23;Flujo Crossdock- Ripley PAQ;Estay;"Julia ";;Carlos alvarado 6350;S/N;;;LAS CONDES;REG.METROPOLITANA;CL;Estay;"Julia ";;Carlos alvarado 6350;;;;LAS CONDES;REG.METROPOLITANA;CL;32990;0;263;0;33253;0;CLP
000000550779;24106396301-A;06/11/2025 20:59:22;Cerrado;19990;263;20253;3598;0.0000;16392;1;PANTALÓN MUJER NICOPOLY CELESTE PINZAS TIRO ALTO;MPM10001752461-4;N04120KM-5;06/11/2025 20:59:23;Flujo Crossdock- Ripley PAQ;Estay;"Julia ";;Carlos alvarado 6350;S/N;;;LAS CONDES;REG.METROPOLITANA;CL;Estay;"Julia ";;Carlos alvarado 6350;;;;LAS CONDES;REG.METROPOLITANA;CL;19990;0;263;0;20253;0;CLP
000000550779;24106694201-A;06/11/2025 22:55:05;Recibido;32990;0;32990;5938;0.0000;27052;1;FULFILLMENT-GILET CROP CON SOLAPA KHAKI NICOPOLY;MPM10002952987-3;N06038LS-FF;06/11/2025 22:55:07;FF_MATRIX_STS;Pavez Salgado;Jessica;;"8 Oriente 1212 ";" 2do Piso. Modulo Retiro en Tienda";;;TALCA;VII REGION;CL;Pavez Salgado;Jessica;;4 oriente 6 norte 1701;;;;TALCA;VII REGION;CL;32990;0;0;0;32990;0;CLP
000000550779;24106694201-A;06/11/2025 22:55:05;Reembolsado;35990;0;35990;6478;0.0000;29512;1;FULFILLMENT-PANTALON VESTIR RECTO KHAKI NICOPOLY;MPM10002952985-3;N06039LM-FF;06/11/2025 22:55:07;FF_MATRIX_STS;Pavez Salgado;Jessica;;"8 Oriente 1212 ";" 2do Piso. Modulo Retiro en Tienda";;;TALCA;VII REGION;CL;Pavez Salgado;Jessica;;4 oriente 6 norte 1701;;;;TALCA;VII REGION;CL;35990;0;0;0;35990;0;CLP
000000550779;24106719501-A;06/11/2025 23:00:56;Cerrado;29990;0;29990;5398;0.0000;24592;1;VESTIDO LARGO CUELLO MOCK BURDEO NICOPOLY;MPM10002627268-1;N05311TM;06/11/2025 23:00:57;Flujo Crossdock- Ripley PAQ;Pavez;Geraldine;;Calle Hugo Bombero Olguin 7315;1153;;;CERRILLOS;REG.METROPOLITANA;CL;Pavez;Geraldine;;Calle Hugo Bombero Olguin 7315;;;;CERRILLOS;REG.METROPOLITANA;CL;29990;0;0;0;29990;0;CLP
000000550779;24106779301-A;06/11/2025 23:27:51;Recibido;32990;0;32990;5938;0.0000;27052;1;BLAZER BASICO DE TOPE MORADO NICOPOLY;MPM10002843019-3;N05301ZM-7;06/11/2025 23:27:52;5d_Retiro Tienda Ripley El Trébol;Rojo;Maria Ignacia;;"Avenida Jorge Alessandri 3177 ";" 3er Piso. Modulo Retiro en Tienda";;;TALCAHUANO;VIII REGION;CL;Muñoz;Rodrigo;;dos poniente 1057;;;;TALCAHUANO;VIII REGION;CL;32990;0;0;0;32990;0;CLP
000000550779;24106870602-A;07/11/2025 00:35:48;Reembolsado;23990;0;23990;4318;0.0000;19672;1;GILET LARGO CON BOTONES BLANCO;MPM10002910437-3;N06135AS;07/11/2025 00:35:49;5d_Retiro Tienda Ripley El Trébol;Olate;Alejandra;;"Avenida Jorge Alessandri 3177 ";" 3er Piso. Modulo Retiro en Tienda";;;TALCAHUANO;VIII REGION;CL;Olate;Alejandra;;Los claveles  455;;;;TALCAHUANO;VIII REGION;CL;23990;0;0;0;23990;0;CLP
000000550779;24106888001-A;07/11/2025 00:49:13;Recibido;31990;0;31990;5758;0.0000;26232;1;BLAZER UN BOTON ROJO NICOPOLY;MPM10002635855-2;N05318TM;07/11/2025 00:49:14;Flujo Crossdock- Ripley PAQ;Cifuentes;Yessenia;;Libertad 202;S/N;;;LOS ALAMOS;VIII REGION;CL;Cifuentes;Yessenia;;Libertad 202;;;;LOS ALAMOS;VIII REGION;CL;31990;0;0;0;31990;0;CLP
000000550779;24107409201-A;07/11/2025 12:39:16;Recibido;34990;2990;37980;6298;0.0000;28692;1;BLAZER UN BOTON NEGRO NICOPOLY;MPM10002635845-2;N05318BM;07/11/2025 12:39:17;Flujo Crossdock- Ripley PAQ;Corte;Joan;;Alcalde Olegario henriquez 1235 Paje4;80;;;SAN ANTONIO;V REGION;CL;Corte;Joan;;Alcalde Olegario henriquez 1235 Paje4;;;;SAN ANTONIO;V REGION;CL;34990;0;2990;0;37980;0;CLP
000000550779;24107625601-A;07/11/2025 14:50:48;Recibido;32990;0;32990;5938;0.0000;27052;1;BLAZER BASICO DE TOPE ROJO NICOPOLY;MPM10002843023-2;N05301DS-7;07/11/2025 14:50:49;5d_Retiro Tienda Ripley Chillán;Durán;Damaris;;"5 de Abril 699 ";4to Piso. Centro de atención al Cliente;;;CHILLAN;VIII REGION;CL;Llanos;Melissa;;avenida brasil 905  905;;;;CHILLAN;VIII REGION;CL;32990;0;0;0;32990;0;CLP
000000550779;24107760001-A;07/11/2025 16:08:49;Reembolsado;19990;990;20980;3598;0.0000;16392;1;GILET LEOPARD CAFE  NICOPOLY;MPM10002842888-2;N05304LL-7;07/11/2025 16:08:50;4d_Retiro Tienda Ripley Tobalaba;Molina;Camila;;"Av. Camilo Henríquez 3296, Puente Alto ";2do Piso. Modulo Retiro en Tienda;;;PUENTE ALTO;REG.METROPOLITANA;CL;Molina;Camila;;el arroyo 650;;;;PUENTE ALTO;REG.METROPOLITANA;CL;19990;0;990;0;20980;0;CLP
000000550779;24107854501-A;07/11/2025 17:02:00;Recibido;24990;3990;28980;4498;0.0000;20492;1;PANTALÓN MUJER NICOPOLY ROJO PIERNA ANCHA;MPM10001856324-4;N04017DS-5;07/11/2025 17:02:01;Flujo Crossdock- Ripley PAQ;"Droguett Roa ";"Macarena ";;Olegario Lazo 4257;Casa;;;RECOLETA;REG.METROPOLITANA;CL;"Droguett Roa ";"Macarena ";;Olegario Lazo 4257;;;;RECOLETA;REG.METROPOLITANA;CL;24990;0;3990;0;28980;0;CLP
000000550779;24107874003-A;07/11/2025 17:13:46;Cerrado;26990;3990;30980;4858;0.0000;22132;1;BLAZER LARGO DE TOPE NEGRO NICOPOLY;MPM10002635853-1;N05275BL;07/11/2025 17:13:49;Flujo Crossdock- Ripley PAQ;Lizana;Cecilia;;ONGOLMO 7262;G;;;LA FLORIDA;REG.METROPOLITANA;CL;Lizana;Cecilia;;ONGOLMO 7262;;;;LA FLORIDA;REG.METROPOLITANA;CL;26990;0;3990;0;30980;0;CLP
000000550779;24108141001-A;07/11/2025 19:39:45;Recibido;29990;0;29990;5398;0.0000;24592;1;CHAQUETA BOUCLE  BLANCO INVIERNO INVIERNO NICOPOLY;MPM10002646323-3;N05183AM;07/11/2025 19:39:47;4d_Retiro Tienda Ripley Crillon;Pellizzari;Paola;;"Agustinas #1025 ";Piso -1. Modulo Retiro en Tienda;;;SANTIAGO;REG.METROPOLITANA;CL;Pellizzari;Paola;;Curico 385;;;;SANTIAGO;REG.METROPOLITANA;CL;29990;0;0;0;29990;0;CLP
000000550779;24108221001-A;07/11/2025 20:24:55;Recibido;19990;990;20980;3598;0.0000;16392;1;CARDIGAN TIPO CROCHET HILO NEGRO NICOPOLY;MPM10002950627-1;N06084BL;07/11/2025 20:24:56;4d_Retiro Tienda Ripley Parque Arauco;"Larenas ";"Sebastin ";;"Avenida Kennedy 5413 ";4to Piso. Modulo Retiro en Tienda;;;LAS CONDES;REG.METROPOLITANA;CL;"Larenas ";"Sebastin ";;Av.Chamisero 15900;;;;LAS CONDES;REG.METROPOLITANA;CL;19990;0;990;0;20980;0;CLP
000000550779;24108251501-A;07/11/2025 20:43:41;Recibido;35990;0;35990;6478;0.0000;29512;1;FULFILLMENT-PANTALÓN MUJER NICOPOLY NEGRO RECTO CON PINZAS;MPM10002146401-1;N04277BM-6-FF;07/11/2025 20:43:42;FF_MATRIX_STS;Alvarez;Danae;;"8 Oriente 1212 ";" 2do Piso. Modulo Retiro en Tienda";;;TALCA;VII REGION;CL;Alvarez;Danae;;23 media norte 3952;;;;TALCA;VII REGION;CL;35990;0;0;0;35990;0;CLP
000000550779;24108284501-A;07/11/2025 21:02:32;Reembolsado;31990;0;31990;5758;0.0000;26232;1;BLAZER MUJER NICOPOLY KHAKI CUELLO MAO;MPM10002160480-3;N00156LXL-6;07/11/2025 21:02:34;5d_Retiro Tienda Ripley Valparaíso;Rivera;Evelyn;;"Plaza Victoria 1646 ";" 4to Piso. Servicio al Cliente";;;VALPARAISO;V REGION;CL;Rivera;Evelyn;;Camino Cintura 1208;;;;VALPARAISO;V REGION;CL;31990;0;0;0;31990;0;CLP
000000550779;24108419901-A;07/11/2025 22:18:12;Recibido;20990;3990;24980;3778;0.0000;17212;1;GILET LARGO CON BOTONES NEGRO;MPM10002910447-2;N06135BM;07/11/2025 22:18:13;Flujo Crossdock- Ripley PAQ;Navarrete;Romina;;Llico 940;S/N;;;SAN MIGUEL;REG.METROPOLITANA;CL;Navarrete;Romina;;Llico 940;;;;SAN MIGUEL;REG.METROPOLITANA;CL;20990;0;3990;0;24980;0;CLP
000000550779;24108442701-A;07/11/2025 22:30:55;Recibido;34990;0;34990;6298;0.0000;28692;1;BLAZER UN BOTON KHAKI NICOPOLY;MPM10002635831-2;N05318LM;07/11/2025 22:30:56;Flujo Crossdock- Ripley PAQ;Alamos;Soledad;;Zurich norte 0782;Casa;;;LA CISTERNA;REG.METROPOLITANA;CL;Alamos;Soledad;;Zurich norte 0782;;;;LA CISTERNA;REG.METROPOLITANA;CL;34990;0;0;0;34990;0;CLP
000000550779;24108480301-A;07/11/2025 22:47:28;Reembolsado;20990;990;21980;3778;0.0000;17212;1;GILET LARGO CON BOTONES NEGRO;MPM10002910447-2;N06135BM;07/11/2025 22:47:29;4d_Retiro Tienda Ripley Parque Arauco;Salgado;"Joaquin ";;"Avenida Kennedy 5413 ";4to Piso. Modulo Retiro en Tienda;;;LAS CONDES;REG.METROPOLITANA;CL;Novoa;Ruth;;Estocolmo 540;;;;LAS CONDES;REG.METROPOLITANA;CL;20990;0;990;0;21980;0;CLP
000000550779;24108491601-A;07/11/2025 22:53:51;Reembolsado;20990;990;21980;3778;0.0000;17212;1;GILET LARGO CON BOTONES CAFE;MPM10002910425-2;N06135UM;07/11/2025 22:53:53;4d_Retiro Tienda Ripley Parque Arauco;Salgado;"Joaquin ";;"Avenida Kennedy 5413 ";4to Piso. Modulo Retiro en Tienda;;;LAS CONDES;REG.METROPOLITANA;CL;Novoa;Ruth;;Estocolmo 540;;;;LAS CONDES;REG.METROPOLITANA;CL;20990;0;990;0;21980;0;CLP
000000550779;24108663001-A;08/11/2025 01:08:07;Recibido;31990;0;31990;5758;0.0000;26232;1;VESTIDO MUJER NICOPOLY AZUL MARINO CUELLO ALTO;MPM10002128949-3;N05198PM;08/11/2025 01:08:08;5d_Retiro Tienda Ripley Quilpué;Puelle;Claudia;;"Claudio Vicuña 992, Quilpue ";" 3er Piso. Modulo Retiro en Tienda";;;QUILPUE;V REGION;CL;Puelle;Claudia;;Peyronet  358;;;;QUILPUE;V REGION;CL;31990;0;0;0;31990;0;CLP
000000550779;24108849902-A;08/11/2025 09:54:47;Reembolsado;20990;0;20990;3778;0.0000;17212;1;GILET BASICO AJUSTABLE ROJO NICOPOLY;MPM10002842897-1;N04273DXL-7;08/11/2025 09:54:49;Flujo Crossdock- Ripley PAQ;Llanos;Marilyn Alejandra;;Mendoza 1921;S/N;;;QTA. NORMAL;REG.METROPOLITANA;CL;Llanos;Marilyn Alejandra;;Mendoza 1921;;;;QTA. NORMAL;REG.METROPOLITANA;CL;20990;0;0;0;20990;0;CLP
000000550779;24108849902-A;08/11/2025 09:54:47;Reembolsado;19990;0;19990;3598;0.0000;16392;1;GILET BASICO HILO BLANCO NICOPOLY;MPM10002842882-3;N05264AM-7;08/11/2025 09:54:49;Flujo Crossdock- Ripley PAQ;Llanos;Marilyn Alejandra;;Mendoza 1921;S/N;;;QTA. NORMAL;REG.METROPOLITANA;CL;Llanos;Marilyn Alejandra;;Mendoza 1921;;;;QTA. NORMAL;REG.METROPOLITANA;CL;19990;0;0;0;19990;0;CLP
000000550779;24108897001-A;08/11/2025 10:37:04;Recibido;17990;495;18485;3238;0.0000;14752;1;GILET LEOPARD CAFE  NICOPOLY;MPM10002842888-4;N05304LM-7;08/11/2025 10:37:05;4d_Retiro Tienda Ripley Florida Center;Frank;"Martina ";;"Vicuña Mackenna Oriente 6100, La Florida ";3er Piso. Modulo Retiro en Tienda;;;LA FLORIDA;REG.METROPOLITANA;CL;Perez;"Anglica ";;Machuelo 3434;;;;LA FLORIDA;REG.METROPOLITANA;CL;17990;0;495;0;18485;0;CLP
000000550779;24108897001-A;08/11/2025 10:37:04;Recibido;17990;495;18485;3238;0.0000;14752;1;GILET 4 BOTONES BEIGE NICOPOLY;MPM10002842899-1;N05262LS-7;08/11/2025 10:37:05;4d_Retiro Tienda Ripley Florida Center;Frank;"Martina ";;"Vicuña Mackenna Oriente 6100, La Florida ";3er Piso. Modulo Retiro en Tienda;;;LA FLORIDA;REG.METROPOLITANA;CL;Perez;"Anglica ";;Machuelo 3434;;;;LA FLORIDA;REG.METROPOLITANA;CL;17990;0;495;0;18485;0;CLP
000000550779;24109118101-A;08/11/2025 12:56:03;Recibido;24990;0;24990;4498;0.0000;20492;1;VESTIDO TIPO SATIN FLOREADO NEGRO NICOPOLY;MPM10003037321-1;N06159BL;08/11/2025 12:56:04;4d_Retiro Tienda Ripley Puente;Bejarano;Doris;;"21 de Mayo 698 ";4to Piso. Modulo Retiro en Tienda;;;SANTIAGO;REG.METROPOLITANA;CL;Bejarano;Doris;;Ñuble 1475;;;;SANTIAGO;REG.METROPOLITANA;CL;24990;0;0;0;24990;0;CLP
000000550779;24109118101-A;08/11/2025 12:56:03;Recibido;17990;0;17990;3238;0.0000;14752;1;VESTIDO ESCOTE CRUZADO FLORES ROJAS NICOPLY;MPM10003032284-2;N06161DL;08/11/2025 12:56:04;4d_Retiro Tienda Ripley Puente;Bejarano;Doris;;"21 de Mayo 698 ";4to Piso. Modulo Retiro en Tienda;;;SANTIAGO;REG.METROPOLITANA;CL;Bejarano;Doris;;Ñuble 1475;;;;SANTIAGO;REG.METROPOLITANA;CL;17990;0;0;0;17990;0;CLP
000000550779;24109118101-A;08/11/2025 12:56:03;Recibido;21990;0;21990;3958;0.0000;18032;1;CAMISA BASICA TIPO LINO VERDE OLIVA NICOPOLY;MPM10002978981-3;N06115ML;08/11/2025 12:56:04;4d_Retiro Tienda Ripley Puente;Bejarano;Doris;;"21 de Mayo 698 ";4to Piso. Modulo Retiro en Tienda;;;SANTIAGO;REG.METROPOLITANA;CL;Bejarano;Doris;;Ñuble 1475;;;;SANTIAGO;REG.METROPOLITANA;CL;21990;0;0;0;21990;0;CLP
000000550779;24109299501-A;08/11/2025 14:59:36;Cerrado;34990;0;34990;6298;0.0000;28692;1;FULFILLMENT-PANTALON BASICO BLANCO NICOPOLY;MPM10002952979-4;N05298AS-FF;08/11/2025 14:59:37;FF_MATRIX;Munizaga;Gabriela;;La rinconada 4646 4646;1301;;;HUECHURABA;REG.METROPOLITANA;CL;Munizaga;Gabriela;;La rinconada 4646 4646;;;;HUECHURABA;REG.METROPOLITANA;CL;34990;0;0;0;34990;0;CLP
000000550779;24109350401-A;08/11/2025 15:34:24;Recibido;31990;0;31990;5758;0.0000;26232;1;ENTERITO CUELLO MOCK BURDEO NICOPOLY;MPM10002627263-1;N05313TS;08/11/2025 15:34:25;5d_Retiro Tienda Ripley Quilpué;Lecaros;Karla;;"Claudio Vicuña 992, Quilpue ";" 3er Piso. Modulo Retiro en Tienda";;;QUILPUE;V REGION;CL;Lecaros;Karla;;Angamos 169;;;;QUILPUE;V REGION;CL;31990;0;0;0;31990;0;CLP
000000550779;24109356301-A;08/11/2025 15:36:31;Recibido;32990;990;33980;5938;0.0000;27052;1;BLAZER 6 BOTONES MARRON NICOPOLY;MPM10002912487-4;N06001OXL;08/11/2025 15:36:34;4d_Retiro Tienda Ripley Crillon;King;"Elizabeth ";;"Agustinas #1025 ";Piso -1. Modulo Retiro en Tienda;;;SANTIAGO;REG.METROPOLITANA;CL;King;"Elizabeth ";;Pasaje Puertollano oriente 527;;;;SANTIAGO;REG.METROPOLITANA;CL;32990;0;990;0;33980;0;CLP
000000550779;24109490301-A;08/11/2025 16:50:06;Reembolsado;61990;0;61990;11158;0.0000;50832;1;FULFILLMENT-VESTIDO LARGO TIRANTES CRUZADOS NEGRO NICOPOLY;MPM10002995229-1;N06145BM-FF;08/11/2025 16:50:08;FF_MATRIX;Vicencio;Marianela;;Belisario Prats 1460;401;;;INDEPENDENC;REG.METROPOLITANA;CL;Vicencio;Marianela;;Belisario Prats 1460;;;;INDEPENDENC;REG.METROPOLITANA;CL;61990;0;0;0;61990;0;CLP
000000550779;24109490301-A;08/11/2025 16:50:06;Reembolsado;43990;0;43990;7918;0.0000;36072;1;FULFILLMENT-ENTERITO CINTURON AJUSTABLE VERDE OSCURO NICOPOLY;MPM10003037784-1;N06091EL-FF;08/11/2025 16:50:08;FF_MATRIX;Vicencio;Marianela;;Belisario Prats 1460;401;;;INDEPENDENC;REG.METROPOLITANA;CL;Vicencio;Marianela;;Belisario Prats 1460;;;;INDEPENDENC;REG.METROPOLITANA;CL;43990;0;0;0;43990;0;CLP
000000550779;24109563201-A;08/11/2025 17:27:47;Recibido;31990;1295;33285;5758;0.0000;26232;1;ENTERITO MUJER NICOPOLY NEGRO CRUZADO 2 BOTONES;MPM10002122126-1;N05308BM;08/11/2025 17:27:49;Flujo Crossdock- Ripley PAQ;Cardenas Segura;"Mara Cecilia ";;Pasaje Juana ahumada  25;S/N;;;REQUINOA;VI REGION;CL;Cardenas Segura;"Mara Cecilia ";;Pasaje Juana ahumada  25;;;;REQUINOA;VI REGION;CL;31990;0;1295;0;33285;0;CLP
000000550779;24109563201-A;08/11/2025 17:27:47;Recibido;32990;1295;34285;5938;0.0000;27052;1;BLAZER BASICO DE TOPE MORADO NICOPOLY;MPM10002843019-1;N05301ZL-7;08/11/2025 17:27:49;Flujo Crossdock- Ripley PAQ;Cardenas Segura;"Mara Cecilia ";;Pasaje Juana ahumada  25;S/N;;;REQUINOA;VI REGION;CL;Cardenas Segura;"Mara Cecilia ";;Pasaje Juana ahumada  25;;;;REQUINOA;VI REGION;CL;32990;0;1295;0;34285;0;CLP
000000550779;24109671201-A;08/11/2025 18:26:56;Recibido;32990;3990;36980;5938;0.0000;27052;1;VESTIDO LARGO CUELLO MOCK AZUL NICOPOLY;MPM10002627274-1;N05311PM;08/11/2025 18:26:57;Flujo Crossdock- Ripley PAQ;De La Fuente;Valeska;;calle san martin 107;casa;;;LINARES;VII REGION;CL;De La Fuente;Valeska;;calle san martin 107;;;;LINARES;VII REGION;CL;32990;0;3990;0;36980;0;CLP
000000550779;24109943001-A;08/11/2025 20:51:32;Recibido;30990;0;30990;5578;0.0000;25412;1;ENTERITO ESCOTE CRUZADO BURDEO NICOPOLY;MPM10003031626-3;N05044TL;08/11/2025 20:51:33;Flujo Crossdock- Ripley PAQ;Layana;Carolina;;loma larga 931;S/N;;;LAS CONDES;REG.METROPOLITANA;CL;Layana;Carolina;;loma larga 931;;;;LAS CONDES;REG.METROPOLITANA;CL;30990;0;0;0;30990;0;CLP
000000550779;24109956801-A;08/11/2025 20:59:18;Recibido;19990;0;19990;3598;0.0000;16392;1;TOP PABILO PRINT LEOPARDO CAFE  NICOPOLY;MPM10001856358-3;N05135UL;08/11/2025 20:59:19;Flujo Crossdock- Ripley PAQ;Mackay;Melanie;;bucalemu 01330;S/N;;;TEMUCO;IX REGION;CL;Mackay;Melanie;;bucalemu 01330;;;;TEMUCO;IX REGION;CL;19990;0;0;0;19990;0;CLP
000000550779;24110027901-A;08/11/2025 21:38:56;Reembolsado;29990;3990;33980;5398;0.0000;24592;1;VESTIDO LARGO CUELLO MOCK AZUL NICOPOLY;MPM10002627274-1;N05311PM;08/11/2025 21:38:58;Flujo Crossdock- Ripley PAQ;Brito;Patricio;;Esdras 1353;S/N;;;MAIPU;REG.METROPOLITANA;CL;Brito;Patricio;;Esdras 1353;;;;MAIPU;REG.METROPOLITANA;CL;29990;0;3990;0;33980;0;CLP
000000550779;24110048901-A;08/11/2025 21:51:08;Recibido;24990;495;25485;4498;0.0000;20492;1;VESTIDO CAMISERO CEBRA CAFE  NICOPOLY;MPM10002977800-1;N06169UM;08/11/2025 21:51:09;4d_Retiro Tienda Ripley Florida Center;Ardiles;Alejandra;;"Vicuña Mackenna Oriente 6100, La Florida ";3er Piso. Modulo Retiro en Tienda;;;LA FLORIDA;REG.METROPOLITANA;CL;Parada;Maria;;Miguel de Unamuno  6052;;;;LA FLORIDA;REG.METROPOLITANA;CL;24990;0;495;0;25485;0;CLP
000000550779;24110048901-A;08/11/2025 21:51:08;Reembolsado;25990;495;26485;4678;0.0000;21312;1;VESTIDO CINTURA ELASTICADA FLORES NARANJA NICOPOLY;MPM10003032291-2;N06162RM;08/11/2025 21:51:09;4d_Retiro Tienda Ripley Florida Center;Ardiles;Alejandra;;"Vicuña Mackenna Oriente 6100, La Florida ";3er Piso. Modulo Retiro en Tienda;;;LA FLORIDA;REG.METROPOLITANA;CL;Parada;Maria;;Miguel de Unamuno  6052;;;;LA FLORIDA;REG.METROPOLITANA;CL;25990;0;495;0;26485;0;CLP
000000550779;24110058801-A;08/11/2025 21:56:11;Reembolsado;20990;990;21980;3778;0.0000;17212;1;ENTERITO MUJER NICOPOLY VERDE OLIVA LAZO Y HEBILLA;MPM10001849448-3;N04058MM-5;08/11/2025 21:56:13;4d_Retiro Tienda Ripley Puente;Cuba;Miriam;;"21 de Mayo 698 ";4to Piso. Modulo Retiro en Tienda;;;SANTIAGO;REG.METROPOLITANA;CL;Cuba;Miriam;;General roca 1821;;;;SANTIAGO;REG.METROPOLITANA;CL;20990;0;990;0;21980;0;CLP
000000550779;24110248901-A;08/11/2025 23:39:26;Reembolsado;37990;990;38980;6838;0.0000;31152;1;ENTERITO MUJER NICOPOLY ROJO OSCURO CUT OUT ESCOTE;MPM10002122134-3;N05303TM;08/11/2025 23:39:27;4d_Retiro Tienda Ripley Tobalaba;Manriquez;Francisca;;"Av. Camilo Henríquez 3296, Puente Alto ";2do Piso. Modulo Retiro en Tienda;;;PUENTE ALTO;REG.METROPOLITANA;CL;Manriquez;Francisca;;Escarcha  4633;;;;PUENTE ALTO;REG.METROPOLITANA;CL;37990;0;990;0;38980;0;CLP
000000550779;24110558801-A;09/11/2025 09:36:22;Recibido;26990;0;26990;4858;0.0000;22132;1;BLAZER MUJER NICOPOLY ROJO LAZO DELANTERO;MPM10002128976-3;N05276DS;09/11/2025 09:36:24;4d_Retiro Tienda Ripley Costanera Center;Mellado;Katherine;;"Avenida Andrés Bello 2422 ";" 1er Piso. Modulo Retiro en Tienda";;;PROVIDENCIA;REG.METROPOLITANA;CL;Mellado;Katherine;;Duble Almeyda 4798;;;;PROVIDENCIA;REG.METROPOLITANA;CL;26990;0;0;0;26990;0;CLP
000000550779;24110558801-A;09/11/2025 09:36:22;Recibido;31990;0;31990;5758;0.0000;26232;1;BLAZER UN BOTON KHAKI NICOPOLY;MPM10002635831-1;N05318LS;09/11/2025 09:36:24;4d_Retiro Tienda Ripley Costanera Center;Mellado;Katherine;;"Avenida Andrés Bello 2422 ";" 1er Piso. Modulo Retiro en Tienda";;;PROVIDENCIA;REG.METROPOLITANA;CL;Mellado;Katherine;;Duble Almeyda 4798;;;;PROVIDENCIA;REG.METROPOLITANA;CL;31990;0;0;0;31990;0;CLP
000000550779;24110558801-A;09/11/2025 09:36:22;Reembolsado;17990;0;17990;3238;0.0000;14752;1;GILET 4 BOTONES NEGRO NICOPOLY;MPM10002842883-3;N05262BS-7;09/11/2025 09:36:24;4d_Retiro Tienda Ripley Costanera Center;Mellado;Katherine;;"Avenida Andrés Bello 2422 ";" 1er Piso. Modulo Retiro en Tienda";;;PROVIDENCIA;REG.METROPOLITANA;CL;Mellado;Katherine;;Duble Almeyda 4798;;;;PROVIDENCIA;REG.METROPOLITANA;CL;17990;0;0;0;17990;0;CLP
000000550779;24110960101-A;09/11/2025 13:51:11;Reembolsado;19990;0;19990;3598;0.0000;16392;1;GILET LEOPARD CAFE  NICOPOLY;MPM10002842888-4;N05304LM-7;09/11/2025 13:51:13;Flujo Crossdock- Ripley PAQ;Espinoza;Eivy;;Senador Matte 074;S/N;;;RECOLETA;REG.METROPOLITANA;CL;Espinoza;Eivy;;Senador Matte 074;;;;RECOLETA;REG.METROPOLITANA;CL;19990;0;0;0;19990;0;CLP
000000550779;24110970401-A;09/11/2025 13:58:43;Reembolsado;32990;263;33253;5938;0.0000;27052;1;VESTIDO LARGO CUELLO MOCK BURDEO NICOPOLY;MPM10002627268-1;N05311TM;09/11/2025 13:58:45;Flujo Crossdock- Ripley PAQ;Mira;Carolina;;Jorge caceres 503;1202;;;LA CISTERNA;REG.METROPOLITANA;CL;Mira;Carolina;;Jorge caceres 503;;;;LA CISTERNA;REG.METROPOLITANA;CL;32990;0;263;0;33253;0;CLP
000000550779;24110970401-A;09/11/2025 13:58:43;Reembolsado;34990;263;35253;6298;0.0000;28692;1;ENTERITO MUJER NICOPOLY NEGRO CRUZADO 2 BOTONES;MPM10002122126-1;N05308BM;09/11/2025 13:58:45;Flujo Crossdock- Ripley PAQ;Mira;Carolina;;Jorge caceres 503;1202;;;LA CISTERNA;REG.METROPOLITANA;CL;Mira;Carolina;;Jorge caceres 503;;;;LA CISTERNA;REG.METROPOLITANA;CL;34990;0;263;0;35253;0;CLP
000000550779;24110970401-A;09/11/2025 13:58:43;Reembolsado;61990;263;62253;11158;0.0000;50832;1;VESTIDO LARGO TIRANTES CRUZADOS NEGRO NICOPOLY;MPM10002979450-2;N06145BM;09/11/2025 13:58:45;Flujo Crossdock- Ripley PAQ;Mira;Carolina;;Jorge caceres 503;1202;;;LA CISTERNA;REG.METROPOLITANA;CL;Mira;Carolina;;Jorge caceres 503;;;;LA CISTERNA;REG.METROPOLITANA;CL;61990;0;263;0;62253;0;CLP
000000550779;24110997801-A;09/11/2025 14:14:53;Cerrado;20990;3990;24980;3778;0.0000;17212;1;GILET BASICO AJUSTABLE CELESTE NICOPOLY;MPM10002842870-3;N04273CM-7;09/11/2025 14:14:53;Flujo Crossdock- Ripley PAQ;Barria Ruiz;Rodrigo;;Simon Bolivar  7324;D;;;LA REINA;REG.METROPOLITANA;CL;Barria Ruiz;Rodrigo;;Simon Bolivar  7324;;;;LA REINA;REG.METROPOLITANA;CL;20990;0;3990;0;24980;0;CLP
000000550779;24111079701-A;09/11/2025 15:03:27;Recibido;29990;4990;34980;5398;0.0000;24592;1;BLAZER MUJER NICOPOLY NEGRO LAZO DELANTERO;MPM10002128962-1;N05276BL;09/11/2025 15:03:28;Flujo Crossdock- Ripley PAQ;Soto;Elizabeth;;Pedro prado 250;S/N;;;BUIN;REG.METROPOLITANA;CL;Soto;Elizabeth;;Pedro prado 250;;;;BUIN;REG.METROPOLITANA;CL;29990;0;4990;0;34980;0;CLP
000000550779;24111296301-A;09/11/2025 16:40:30;Recibido;28990;990;29980;5218;0.0000;23772;1;VESTIDO FLOREADO BOTONES DELANTEROS FUCSIA NICOPOLY;MPM10003037311-4;N06054SL;09/11/2025 16:40:31;4d_Retiro Tienda Ripley Crillon;Gutierrez;Patricio;;"Agustinas #1025 ";Piso -1. Modulo Retiro en Tienda;;;SANTIAGO;REG.METROPOLITANA;CL;Gutierrez;Patricio;;Llano subercaseaux  3229;;;;SANTIAGO;REG.METROPOLITANA;CL;28990;0;990;0;29980;0;CLP
000000550779;24111359102-A;09/11/2025 17:08:25;Recibido;37990;0;37990;6838;0.0000;31152;1;FULFILLMENT-BLAZER MANGA DETALLE DRAPEADO BLANCO NICOPOLY;MPM10002975140-4;N02481AM-5-FF;09/11/2025 17:08:27;FF_MATRIX;Castillo;Daniela;;Almirante Lynch 953;S/N;;;CAUQUENES;VII REGION;CL;Castillo;Daniela;;Almirante Lynch 953;;;;CAUQUENES;VII REGION;CL;37990;0;0;0;37990;0;CLP
000000550779;24111519401-A;09/11/2025 18:22:02;Recibido;19990;0;19990;3598;0.0000;16392;1;CARDIGAN TIPO CROCHET HILO NEGRO NICOPOLY;MPM10002950627-1;N06084BL;09/11/2025 18:22:03;Flujo Crossdock- Ripley PAQ;Arias Lincopi;Maria;;Calle 9 Av sexta Reñaca alto 304;S/N;;;VI.A DEL MA;V REGION;CL;Arias Lincopi;Maria;;Calle 9 Av sexta Reñaca alto 304;;;;VI.A DEL MA;V REGION;CL;19990;0;0;0;19990;0;CLP
000000550779;24111519402-A;09/11/2025 18:22:02;Recibido;26990;0;26990;4858;0.0000;22132;1;FULFILLMENT-CAMISA SATINADA TRANSPARENTE BLANCO NICOPOLY;MPM10002964099-2;N06147AL-FF;09/11/2025 18:22:03;FF_MATRIX;Arias Lincopi;Maria;;Calle 9 Av sexta Reñaca alto 304;S/N;;;VI.A DEL MA;V REGION;CL;Arias Lincopi;Maria;;Calle 9 Av sexta Reñaca alto 304;;;;VI.A DEL MA;V REGION;CL;26990;0;0;0;26990;0;CLP
000000550779;24111877001-A;09/11/2025 20:58:35;Recibido;20990;3990;24980;3778;0.0000;17212;1;ENTERITO MUJER NICOPOLY VERDE OLIVA LAZO Y HEBILLA;MPM10001849448-3;N04058MM-5;09/11/2025 20:58:36;Flujo Crossdock- Ripley PAQ;Laux;Fernanda;;San Nicolas 1425;308;;;SAN MIGUEL;REG.METROPOLITANA;CL;Laux;Fernanda;;San Nicolas 1425;;;;SAN MIGUEL;REG.METROPOLITANA;CL;20990;0;3990;0;24980;0;CLP
000000550779;24111904701-A;09/11/2025 21:11:20;Recibido;29990;0;29990;5398;0.0000;24592;1;BLAZER 6 BOTONES NEGRO;MPM10002912800-4;N06001BXL;09/11/2025 21:11:22;Flujo Crossdock- Ripley PAQ;Aliaga Bravo;Natalie;;Rojas Magallanes 2636;S/N;;;LA FLORIDA;REG.METROPOLITANA;CL;Aliaga Bravo;Natalie;;Rojas Magallanes 2636;;;;LA FLORIDA;REG.METROPOLITANA;CL;29990;0;0;0;29990;0;CLP
000000550779;24111907201-A;09/11/2025 21:13:20;Reembolsado;32990;3980;36970;5938;0.0000;27052;1;BLAZER FLOREADO CELESTE NICOPOLY;MPM10002627259-2;N05320KL;09/11/2025 21:13:21;Flujo Crossdock- Ripley PAQ;Machuca Casanovas;Claudia;;Ricardo Morales 2994;505;;;SAN MIGUEL;REG.METROPOLITANA;CL;Machuca Casanovas;Claudia;;Ricardo Morales 2994;;;;SAN MIGUEL;REG.METROPOLITANA;CL;32990;0;3980;0;36970;0;CLP
000000550779;24111972001-A;09/11/2025 21:37:10;Cerrado;36990;0;36990;6658;0.0000;30332;1;BLAZER PIED DE POULE CAFE  NICOPOLY;MPM10001713149-4;N05037LM;09/11/2025 21:37:11;Flujo Crossdock- Ripley PAQ;Astorga;Francisca;;General Carol Urzua 7040;604;;;LAS CONDES;REG.METROPOLITANA;CL;Astorga;Francisca;;General Carol Urzua 7040;;;;LAS CONDES;REG.METROPOLITANA;CL;36990;0;0;0;36990;0;CLP
000000550779;24112038001-A;09/11/2025 22:02:36;Recibido;13990;3990;17980;2518;0.0000;11472;1;CÁRDIGAN BOTONES ACANALADO CAFE NICOPOLY;MPM10001491772-2;N04180UM;09/11/2025 22:02:37;Flujo Crossdock- Ripley PAQ;Mendez;Camila;;Francisco Pizarro  2467;2467;;;MAIPU;REG.METROPOLITANA;CL;Mendez;Camila;;Francisco Pizarro  2467;;;;MAIPU;REG.METROPOLITANA;CL;13990;0;3990;0;17980;0;CLP
000000550779;24112067001-A;09/11/2025 22:10:50;Cerrado;26990;0;26990;4858;0.0000;22132;1;BLAZER LARGO DE TOPE NEGRO NICOPOLY;MPM10002635853-2;N05275BM;09/11/2025 22:10:52;Flujo Crossdock- Ripley PAQ;Higuera;Susana;;Alberto undurraga 1626;S/N;;;HUECHURABA;REG.METROPOLITANA;CL;Higuera;Susana;;Alberto undurraga 1626;;;;HUECHURABA;REG.METROPOLITANA;CL;26990;0;0;0;26990;0;CLP
000000550779;24112098901-A;09/11/2025 22:24:04;Recibido;34990;4990;39980;6298;0.0000;28692;1;BLAZER MUJER NICOPOLY VERDE OSCURO CUELLO MAO;MPM10002160487-1;N00156EL-6;09/11/2025 22:24:05;Flujo Crossdock- Ripley PAQ;Bravo;Katherine;;Avenida quebrada de Macul 7859;20;;;PE.ALOLEN;REG.METROPOLITANA;CL;Bravo;Katherine;;Avenida quebrada de Macul 7859;;;;PE.ALOLEN;REG.METROPOLITANA;CL;34990;0;4990;0;39980;0;CLP
000000550779;24112111801-A;09/11/2025 22:26:59;Recibido;44990;0;44990;8098;0.0000;36892;1;FULFILLMENT-BLAZER BASICO DE TOPE AZUL NICOPOLY;MPM10002943897-4;N05301KM-FF;09/11/2025 22:27:01;FF_MATRIX;Salazar;Hilda;;OLEGARIO REYES POBLACION SAN MAXIMO 366;S/N;;;SN.CLEMENTE;VII REGION;CL;Salazar;Hilda;;OLEGARIO REYES POBLACION SAN MAXIMO 366;;;;SN.CLEMENTE;VII REGION;CL;44990;0;0;0;44990;0;CLP
000000550779;24112217701-A;09/11/2025 23:05:30;Reembolsado;25990;990;26980;4678;0.0000;21312;1;VESTIDO CAMISERO ALGODÓN MUJER NICOPOLY CELESTE TIPO DENIM;MPM10001849442-3;N05099KS;09/11/2025 23:05:31;4d_Retiro Tienda Ripley Crillon;Palma;Yanira;;"Agustinas #1025 ";Piso -1. Modulo Retiro en Tienda;;;SANTIAGO;REG.METROPOLITANA;CL;Cortes;Hilda Erika;;Pasaje 2 norte 3864;;;;SANTIAGO;REG.METROPOLITANA;CL;25990;0;990;0;26980;0;CLP
000000550779;24112344601-A;09/11/2025 23:57:48;Reembolsado;17990;990;18980;3238;0.0000;14752;1;VESTIDO MUJER NICOPOLY CAFÉ TIPO CAMISERO LEOPARD;MPM10001848651-4;N05123UM;09/11/2025 23:57:49;4d_Retiro Tienda Ripley Costanera Center;Valdivia;"Gustavo ";;"Avenida Andrés Bello 2422 ";" 1er Piso. Modulo Retiro en Tienda";;;PROVIDENCIA;REG.METROPOLITANA;CL;Gomez;Carolina;;MANUEL DE SALAS  211;;;;PROVIDENCIA;REG.METROPOLITANA;CL;17990;0;990;0;18980;0;CLP
000000550779;24112436101-A;10/11/2025 00:59:49;Recibido;12990;3990;16980;2338;0.0000;10652;1;CALZA MUJER NICOPOLY SKINNY VICHY CON CIERRE BLANCO NEGRO;MPM10002122148-3;N03033AM-6;10/11/2025 00:59:50;Flujo Crossdock- Ripley PAQ;Sepulveda;Luz Marina;;Monte Erebus 921;Casa;;;QUILICURA;REG.METROPOLITANA;CL;Sepulveda;Luz Marina;;Monte Erebus 921;;;;QUILICURA;REG.METROPOLITANA;CL;12990;0;3990;0;16980;0;CLP
000000550779;24112446801-A;10/11/2025 01:11:22;Recibido;32990;990;33980;5938;0.0000;27052;1;VESTIDO LARGO CUELLO MOCK BURDEO NICOPOLY;MPM10002627268-1;N05311TM;10/11/2025 01:11:23;Flujo Crossdock- Ripley PAQ;Tobar;Lissette;;El Potrerillo 185;14;;;COLINA;REG.METROPOLITANA;CL;Tobar;Lissette;;El Potrerillo 185;;;;COLINA;REG.METROPOLITANA;CL;32990;0;990;0;33980;0;CLP
000000550779;24112567701-A;10/11/2025 08:40:05;Recibido;30990;2745;33735;5578;0.0000;25412;1;ENTERITO MUJER NICOPOLY BLANCO ESCOTE CRUZADO;MPM10001856330-3;N05044AM;10/11/2025 08:40:07;Flujo Crossdock- Ripley PAQ;Rojas;Angela;;garibaldi batuco lampa 801;casa;;;LAMPA;REG.METROPOLITANA;CL;Rojas;Angela;;garibaldi batuco lampa 801;;;;LAMPA;REG.METROPOLITANA;CL;30990;0;2745;0;33735;0;CLP
000000550779;24112567701-A;10/11/2025 08:40:05;Recibido;17990;2745;20735;3238;0.0000;14752;1;VESTIDO MIDI MUJER NICOPOLY ROJO ACANALADO;MPM10001437622-3;N04224DM;10/11/2025 08:40:07;Flujo Crossdock- Ripley PAQ;Rojas;Angela;;garibaldi batuco lampa 801;casa;;;LAMPA;REG.METROPOLITANA;CL;Rojas;Angela;;garibaldi batuco lampa 801;;;;LAMPA;REG.METROPOLITANA;CL;17990;0;2745;0;20735;0;CLP
000000550779;24112697201-A;10/11/2025 10:13:24;Recibido;22990;3990;26980;4138;0.0000;18852;1;VESTIDO MIDI MUJER NICOPOLY NEGRO SWEATER;MPM10002160530-1;N05211BM;10/11/2025 10:13:25;Flujo Crossdock- Ripley PAQ;Olivares Carrillo;Jose;;Segunda avenida 1146;125;;;SAN MIGUEL;REG.METROPOLITANA;CL;Olivares Carrillo;Jose;;Segunda avenida 1146;;;;SAN MIGUEL;REG.METROPOLITANA;CL;22990;0;3990;0;26980;0;CLP
000000550779;24113264701-A;10/11/2025 14:44:49;Reembolsado;34990;0;34990;6298;0.0000;28692;1;BLAZER MUJER NICOPOLY VERDE OSCURO CUELLO MAO;MPM10002160487-1;N00156EL-6;10/11/2025 14:44:50;Flujo Crossdock- Ripley PAQ;Barrios;"Josmar ";;FROILAN Roa Sitio 2 5746;905;;;LA FLORIDA;REG.METROPOLITANA;CL;Barrios;"Josmar ";;FROILAN Roa Sitio 2 5746;;;;LA FLORIDA;REG.METROPOLITANA;CL;34990;0;0;0;34990;0;CLP
000000550779;24113489201-A;10/11/2025 16:21:30;Reembolsado;17990;3980;21970;3238;0.0000;14752;1;POLERA ENCAJE ESCOTE NUDO NEGRO NICOPOLY;MPM10002951856-2;N06107BM;10/11/2025 16:21:31;Flujo Crossdock- Ripley PAQ;Donoso;"Lisette ";;Villasana 1451;508torreA;;;QTA. NORMAL;REG.METROPOLITANA;CL;Donoso;"Lisette ";;Villasana 1451;;;;QTA. NORMAL;REG.METROPOLITANA;CL;17990;0;3980;0;21970;0;CLP
000000550779;24113666901-A;10/11/2025 17:40:00;Reembolsado;26990;990;27980;4858;0.0000;22132;1;BLAZER MUJER NICOPOLY NEGRO LAZO DELANTERO;MPM10002128962-1;N05276BL;10/11/2025 17:40:01;5d_Retiro Tienda Ripley Mall Concepción;Rebolledo;"Krishna ";;"Barros Arana 1068, Concepcion ";" 3er Piso. Modulo Retiro en Tienda";;;CONCEPCION;VIII REGION;CL;Riffo;Angelica;;Maipu 1740;;;;CONCEPCION;VIII REGION;CL;26990;0;990;0;27980;0;CLP
000000550779;24114078001-A;10/11/2025 20:31:03;Recibido;19990;2745;22735;3598;0.0000;16392;1;CÁRDIGAN MUJER NICOPOLY BLANCO INVIERNO CROP PERLAS;MPM10002160500-1;N05227AS;10/11/2025 20:31:04;Flujo Crossdock- Ripley PAQ;Ahumada;Alicia;;Manuel plaza 646;S/N;;;LAMPA;REG.METROPOLITANA;CL;Ahumada;Alicia;;Manuel plaza 646;;;;LAMPA;REG.METROPOLITANA;CL;19990;0;2745;0;22735;0;CLP
000000550779;24114078001-A;10/11/2025 20:31:03;Recibido;19990;2745;22735;3598;0.0000;16392;1;CÁRDIGAN MUJER NICOPOLY NEGRO CROP PERLAS;MPM10002160513-1;N05227BS;10/11/2025 20:31:04;Flujo Crossdock- Ripley PAQ;Ahumada;Alicia;;Manuel plaza 646;S/N;;;LAMPA;REG.METROPOLITANA;CL;Ahumada;Alicia;;Manuel plaza 646;;;;LAMPA;REG.METROPOLITANA;CL;19990;0;2745;0;22735;0;CLP
000000550779;24114267801-A;10/11/2025 21:31:49;Recibido;23990;3990;27980;4318;0.0000;19672;1;GILET LARGO CON BOTONES BURDEO;MPM10002910427-2;N06135TL;10/11/2025 21:31:50;Flujo Crossdock- Ripley PAQ;Loyola;Estefany;;Villaseca 90;703;;;NUNOA;REG.METROPOLITANA;CL;Loyola;Estefany;;Villaseca 90;;;;NUNOA;REG.METROPOLITANA;CL;23990;0;3990;0;27980;0;CLP
000000550779;24114748602-A;10/11/2025 23:39:31;Recibido;19990;1970;21960;3598;0.0000;16392;1;PANTALÓN MUJER NICOPOLY CELESTE PINZAS TIRO ALTO;MPM10001752461-4;N04120KM-5;10/11/2025 23:39:32;Flujo Crossdock- Ripley PAQ;Nuez;Paulina;;Avenida Gladys Marin  6929;Casa;;;EST.CENTRAL;REG.METROPOLITANA;CL;Nuez;Paulina;;Avenida Gladys Marin  6929;;;;EST.CENTRAL;REG.METROPOLITANA;CL;19990;0;1970;0;21960;0;CLP
000000550779;24115638201-A;11/11/2025 12:11:14;Recibido;49990;0;49990;8998;0.0000;40992;1;FULFILLMENT-BLAZER MANGA 3/4 AJUSTADA CON PLIEGUES CELESTE NICOPOLY;MPM10002943895-3;N03049KM-5-FF;11/11/2025 12:11:16;FF_MATRIX_DX;Reyes;Maria Del Carmen;;Camino la Huala 5075;34PA;;;LO BARNECHEA;REG.METROPOLITANA;CL;Reyes;Maria Del Carmen;;Camino la Huala 5075;;;;LO BARNECHEA;REG.METROPOLITANA;CL;49990;0;0;0;49990;0;CLP
