file_name,rel_path,full_path,marketplace,doc_type,sha256,size_bytes,status,rows_ledger,monto_ledger
dteproveedor_7136.xml,FALABELLA\Documentos Recepcionados\dteproveedor_7136.xml,01_Raw\FALABELLA\Documentos Recepcionados\dteproveedor_7136.xml,FALABELLA,FACTURACION,c51b6a285917e99c8b9b83fa9c2e4e546e0a70ddb1ef5beee06006eacd034624,14240,NO INGESTADO,0,0.0
dteproveedor_7143.xml,FALABELLA\Documentos Recepcionados\dteproveedor_7143.xml,01_Raw\FALABELLA\Documentos Recepcionados\dteproveedor_7143.xml,FALABELLA,FACTURACION,dd56d5ed6680618d185846aaef50f6b127741281467e7a91462b24d90135a0e4,13564,NO INGESTADO,0,0.0
dteproveedor_7265.xml,FALABELLA\Documentos Recepcionados\dteproveedor_7265.xml,01_Raw\FALABELLA\Documentos Recepcionados\dteproveedor_7265.xml,FALABELLA,FACTURACION,5f9510bdbd633418ceec182d2041f6e86d6d378ab60ed028303a529898ded3e5,14523,NO INGESTADO,0,0.0
dteproveedor_7276.xml,FALABELLA\Documentos Recepcionados\dteproveedor_7276.xml,01_Raw\FALABELLA\Documentos Recepcionados\dteproveedor_7276.xml,FALABELLA,FACTURACION,1142009ad688de3e49ce2ed55ea7cc90f3e2717c7acb8cb1ec294002e3c89f8b,14048,NO INGESTADO,0,0.0
dteproveedor_7402.xml,FALABELLA\Documentos Recepcionados\dteproveedor_7402.xml,01_Raw\FALABELLA\Documentos Recepcionados\dteproveedor_7402.xml,FALABELLA,FACTURACION,a72a8fd85b2045227869ee1839b5efb30e844bdff76f7e769f55043dac556037,14777,NO INGESTADO,0,0.0
dteproveedor_7404.xml,FALABELLA\Documentos Recepcionados\dteproveedor_7404.xml,01_Raw\FALABELLA\Documentos Recepcionados\dteproveedor_7404.xml,FALABELLA,FACTURACION,f40a39b14acec91295d624870fbb74c6ae8126cfc2e4a7611a2e3f3dcb0631be,14064,NO INGESTADO,0,0.0
dteproveedor_7533.xml,FALABELLA\Documentos Recepcionados\dteproveedor_7533.xml,01_Raw\FALABELLA\Documentos Recepcionados\dteproveedor_7533.xml,FALABELLA,FACTURACION,72fa39f4db5bcdce9486628f7635e71ca3af9c334b70ae87bd892fbbce206ad7,15002,NO INGESTADO,0,0.0
dteproveedor_7550.xml,FALABELLA\Documentos Recepcionados\dteproveedor_7550.xml,01_Raw\FALABELLA\Documentos Recepcionados\dteproveedor_7550.xml,FALABELLA,FACTURACION,b2f7b8b3b95b4077b1bdce4d9276a2508886fa11f62048bbc11c6428a4a82b84,14283,NO INGESTADO,0,0.0
21 abril 2026 - 20 mayo 2026.xlsx,FALABELLA\Facturación\21 abril 2026 - 20 mayo 2026.xlsx,01_Raw\FALABELLA\Facturación\21 abril 2026 - 20 mayo 2026.xlsx,FALABELLA,GENERAL,356a740c1ad85a9f86a19d773353b4a47e6d506407b85dafb1bf9e9ae20c6e7b,73476,INGERIDO,553,-935667.153
21 febrero 2026 - 20 marzo 2026.xlsx,FALABELLA\Facturación\21 febrero 2026 - 20 marzo 2026.xlsx,01_Raw\FALABELLA\Facturación\21 febrero 2026 - 20 marzo 2026.xlsx,FALABELLA,GENERAL,779164da52db0aae75c7e0fdc78025f10195f6dc64a39d6369b74a4724b6dcf5,8141,INGERIDO,30,-69502.51699999999
21 marzo 2026 - 20 abril 2026.xlsx,FALABELLA\Facturación\21 marzo 2026 - 20 abril 2026.xlsx,01_Raw\FALABELLA\Facturación\21 marzo 2026 - 20 abril 2026.xlsx,FALABELLA,GENERAL,356a740c1ad85a9f86a19d773353b4a47e6d506407b85dafb1bf9e9ae20c6e7b,73476,INGERIDO,553,-935667.153
21 mayo 2026 - 20 junio 2026.xlsx,FALABELLA\Facturación\21 mayo 2026 - 20 junio 2026.xlsx,01_Raw\FALABELLA\Facturación\21 mayo 2026 - 20 junio 2026.xlsx,FALABELLA,GENERAL,b9a1575474ec78f4ded86a93712fcd50c06e972872206d97bd67101e0da98ad0,170664,INGERIDO,1262,-2668219.916999998
1  abril   2026 - 31  mayo   2026.xlsx,FALABELLA\Órdenes y Transacciones\1  abril   2026 - 31  mayo   2026.xlsx,01_Raw\FALABELLA\Órdenes y Transacciones\1  abril   2026 - 31  mayo   2026.xlsx,FALABELLA,ORDENES,b71c0b2fa6c11a212a465fba5819613d5033e48364ef0e594ac71f866d9e1e4e,249366,NO INGESTADO,0,0.0
1  febrero   2026 - 31  marzo   2026.xlsx,FALABELLA\Órdenes y Transacciones\1  febrero   2026 - 31  marzo   2026.xlsx,01_Raw\FALABELLA\Órdenes y Transacciones\1  febrero   2026 - 31  marzo   2026.xlsx,FALABELLA,ORDENES,3c83de644bc002dcfc2814725cd006b41892d07e5ae761fd4eeb2ec314e5c230,69740,NO INGESTADO,0,0.0
1  junio   2026 - 30  junio   2026.xlsx,FALABELLA\Órdenes y Transacciones\1  junio   2026 - 30  junio   2026.xlsx,01_Raw\FALABELLA\Órdenes y Transacciones\1  junio   2026 - 30  junio   2026.xlsx,FALABELLA,ORDENES,a0ce2df9e1450830cb6dadde6a811699ebe9fc22db64a55dcbf2982cd1fb8df4,328120,NO INGESTADO,0,0.0
dteproveedor_5371.xml,ML\Documentos Recepcionados\dteproveedor_5371.xml,01_Raw\ML\Documentos Recepcionados\dteproveedor_5371.xml,ML,FACTURACION,faade36184a32749871170db835a696bfd6bd96cc40dc56590091bced8214db2,13059,NO INGESTADO,0,0.0
dteproveedor_5396.xml,ML\Documentos Recepcionados\dteproveedor_5396.xml,01_Raw\ML\Documentos Recepcionados\dteproveedor_5396.xml,ML,FACTURACION,98ede74302da31bbc3459f0c10fa6a6a2fa8151d3b84781e7421477240e02386,12691,NO INGESTADO,0,0.0
dteproveedor_5397.xml,ML\Documentos Recepcionados\dteproveedor_5397.xml,01_Raw\ML\Documentos Recepcionados\dteproveedor_5397.xml,ML,FACTURACION,80a10e5bb17985adbbc7cf4b59e2b3a5e469b8ac099ac2ce3d2cca4af88e6a75,13063,NO INGESTADO,0,0.0
dteproveedor_5398.xml,ML\Documentos Recepcionados\dteproveedor_5398.xml,01_Raw\ML\Documentos Recepcionados\dteproveedor_5398.xml,ML,FACTURACION,db8903c3d6fc6457688bb174c520e9c87361f50fe88068952bc22d023440d95b,12913,NO INGESTADO,0,0.0
dteproveedor_5399.xml,ML\Documentos Recepcionados\dteproveedor_5399.xml,01_Raw\ML\Documentos Recepcionados\dteproveedor_5399.xml,ML,FACTURACION,d37a16f3317331aedfff555e6e059d72bcfc13727a0a4501326221fb62dea7a4,12905,NO INGESTADO,0,0.0
dteproveedor_5400.xml,ML\Documentos Recepcionados\dteproveedor_5400.xml,01_Raw\ML\Documentos Recepcionados\dteproveedor_5400.xml,ML,FACTURACION,063d0d97ac085038efc51c7ec96978f7137c435bb30c0120848a092703be4f51,12880,NO INGESTADO,0,0.0
dteproveedor_5404.xml,ML\Documentos Recepcionados\dteproveedor_5404.xml,01_Raw\ML\Documentos Recepcionados\dteproveedor_5404.xml,ML,FACTURACION,a03cf8429540d74fec9579d8ad96494933efb716905ff7a6e03a086b6151bec6,12867,NO INGESTADO,0,0.0
dteproveedor_5430.xml,ML\Documentos Recepcionados\dteproveedor_5430.xml,01_Raw\ML\Documentos Recepcionados\dteproveedor_5430.xml,ML,FACTURACION,25febddcb62863c1b21f724d4bd2198c93409c0777de9dd141acd1ab94bb3970,13058,NO INGESTADO,0,0.0
dteproveedor_5454.xml,ML\Documentos Recepcionados\dteproveedor_5454.xml,01_Raw\ML\Documentos Recepcionados\dteproveedor_5454.xml,ML,FACTURACION,37b93a32301eb7cea3b70926a68fd8b4eb972028eb7ea62ebfba4c47ccfa8d92,13058,NO INGESTADO,0,0.0
dteproveedor_5473.xml,ML\Documentos Recepcionados\dteproveedor_5473.xml,01_Raw\ML\Documentos Recepcionados\dteproveedor_5473.xml,ML,FACTURACION,a313286ba47095abdccad997c50074c3b41242031594555b83335ddfcc619bce,13053,NO INGESTADO,0,0.0
dteproveedor_5483.xml,ML\Documentos Recepcionados\dteproveedor_5483.xml,01_Raw\ML\Documentos Recepcionados\dteproveedor_5483.xml,ML,FACTURACION,d67a2f4696531f53a5335ab49f747c157fafc9fb3483f5cedcdac0059b096133,13049,NO INGESTADO,0,0.0
dteproveedor_5519.xml,ML\Documentos Recepcionados\dteproveedor_5519.xml,01_Raw\ML\Documentos Recepcionados\dteproveedor_5519.xml,ML,FACTURACION,83edeeff2adae77ff7a94c3fd46939aa258fdaafbf0d06c76b23995ec43d426e,13058,NO INGESTADO,0,0.0
dteproveedor_5531.xml,ML\Documentos Recepcionados\dteproveedor_5531.xml,01_Raw\ML\Documentos Recepcionados\dteproveedor_5531.xml,ML,FACTURACION,fb27c80f4882789e8aeca95f07a95edabd3849352a750f06852273d5eff0242e,12691,NO INGESTADO,0,0.0
dteproveedor_5532.xml,ML\Documentos Recepcionados\dteproveedor_5532.xml,01_Raw\ML\Documentos Recepcionados\dteproveedor_5532.xml,ML,FACTURACION,7603c2a2507d9de008e49606a03b1afb26dd61cd0fd4d91cb4f9d008d6ca3a14,12910,NO INGESTADO,0,0.0
dteproveedor_5533.xml,ML\Documentos Recepcionados\dteproveedor_5533.xml,01_Raw\ML\Documentos Recepcionados\dteproveedor_5533.xml,ML,FACTURACION,52d35193da1f7d23a4eab287bf31636e9490c0dec9ee8893fa65e1cd6dc55baf,12910,NO INGESTADO,0,0.0
dteproveedor_5534.xml,ML\Documentos Recepcionados\dteproveedor_5534.xml,01_Raw\ML\Documentos Recepcionados\dteproveedor_5534.xml,ML,FACTURACION,e89d20f69ec68818218f4643f4fd3cef84f8e3192405d3cd92f890a83b661cfc,12880,NO INGESTADO,0,0.0
dteproveedor_5535.xml,ML\Documentos Recepcionados\dteproveedor_5535.xml,01_Raw\ML\Documentos Recepcionados\dteproveedor_5535.xml,ML,FACTURACION,06c4f999f08f940bba333a0a65124bd0f6470b1b3f4abb2f8284310d2c330bbb,12905,NO INGESTADO,0,0.0
dteproveedor_5536.xml,ML\Documentos Recepcionados\dteproveedor_5536.xml,01_Raw\ML\Documentos Recepcionados\dteproveedor_5536.xml,ML,FACTURACION,6bf1c4d666886b028918e709a85906e87974ae3e9c766590003f5be401bc885a,12908,NO INGESTADO,0,0.0
dteproveedor_5540.xml,ML\Documentos Recepcionados\dteproveedor_5540.xml,01_Raw\ML\Documentos Recepcionados\dteproveedor_5540.xml,ML,FACTURACION,3179cba9afc99059e1d00e77092595b00a28ce9f8534368aaff178ad1cdd1998,12866,NO INGESTADO,0,0.0
dteproveedor_5555.xml,ML\Documentos Recepcionados\dteproveedor_5555.xml,01_Raw\ML\Documentos Recepcionados\dteproveedor_5555.xml,ML,FACTURACION,9f4cb5a52b4d74e11107d646ce12eff22d75cac9a357f971ae93bed8eb46e3ac,13057,NO INGESTADO,0,0.0
dteproveedor_5572.xml,ML\Documentos Recepcionados\dteproveedor_5572.xml,01_Raw\ML\Documentos Recepcionados\dteproveedor_5572.xml,ML,FACTURACION,14a3a1a28334fe224aca5db142c8cd5bad3bcde5c6ad51fdbde596944de87e96,13058,NO INGESTADO,0,0.0
dteproveedor_5592.xml,ML\Documentos Recepcionados\dteproveedor_5592.xml,01_Raw\ML\Documentos Recepcionados\dteproveedor_5592.xml,ML,FACTURACION,3bdd31de03b3bbf1c10b2da7096b11c1f3146b288958ffeb0bde4ef2d63c067d,13057,NO INGESTADO,0,0.0
dteproveedor_5606.xml,ML\Documentos Recepcionados\dteproveedor_5606.xml,01_Raw\ML\Documentos Recepcionados\dteproveedor_5606.xml,ML,FACTURACION,9b2474ff5cae8c7ffbea894b7968e42b1bd2221bcb4da5db708d5a59456e2446,12460,NO INGESTADO,0,0.0
dteproveedor_5629.xml,ML\Documentos Recepcionados\dteproveedor_5629.xml,01_Raw\ML\Documentos Recepcionados\dteproveedor_5629.xml,ML,FACTURACION,53c0d8f4ab5a684eec9cb40202ced9b9e0abba8422a67033358bb40eaa6775e6,13058,NO INGESTADO,0,0.0
dteproveedor_5640.xml,ML\Documentos Recepcionados\dteproveedor_5640.xml,01_Raw\ML\Documentos Recepcionados\dteproveedor_5640.xml,ML,FACTURACION,759d6b3f397fb8f9b05fb4daa37d1bcc5b01f2130bdb357c5101799652704b7a,12689,NO INGESTADO,0,0.0
dteproveedor_5641.xml,ML\Documentos Recepcionados\dteproveedor_5641.xml,01_Raw\ML\Documentos Recepcionados\dteproveedor_5641.xml,ML,FACTURACION,eac4972ee249ae24512f916bdd4298f80df5e9dc88657c20fe7e551ac1addd2b,12880,NO INGESTADO,0,0.0
dteproveedor_5642.xml,ML\Documentos Recepcionados\dteproveedor_5642.xml,01_Raw\ML\Documentos Recepcionados\dteproveedor_5642.xml,ML,FACTURACION,9deffa97c3c3e7698ba7f68a891bcbb033c3fd6ae038fb60008aad1b48fc3aba,12910,NO INGESTADO,0,0.0
dteproveedor_5653.xml,ML\Documentos Recepcionados\dteproveedor_5653.xml,01_Raw\ML\Documentos Recepcionados\dteproveedor_5653.xml,ML,FACTURACION,3199acff8c1da335e4d3e79d8661f6b6da28bb0a530a85579fc42d2bb3c49ab4,12866,NO INGESTADO,0,0.0
dteproveedor_5663.xml,ML\Documentos Recepcionados\dteproveedor_5663.xml,01_Raw\ML\Documentos Recepcionados\dteproveedor_5663.xml,ML,FACTURACION,97fab997b62dcebec0076abaa8b7dfc383d8843ca104904f2627c6902bfa4828,13059,NO INGESTADO,0,0.0
dteproveedor_5680.xml,ML\Documentos Recepcionados\dteproveedor_5680.xml,01_Raw\ML\Documentos Recepcionados\dteproveedor_5680.xml,ML,FACTURACION,6e6d897f8cf80a12859763e4aed74e7b1656450b0362a8c48c91c637875b8daf,13060,NO INGESTADO,0,0.0
dteproveedor_5692.xml,ML\Documentos Recepcionados\dteproveedor_5692.xml,01_Raw\ML\Documentos Recepcionados\dteproveedor_5692.xml,ML,FACTURACION,6eff9d4b5065963001a9f086498249cfa345d6da9db6669f7e1d2264edd8cd8d,13064,NO INGESTADO,0,0.0
dteproveedor_5699.xml,ML\Documentos Recepcionados\dteproveedor_5699.xml,01_Raw\ML\Documentos Recepcionados\dteproveedor_5699.xml,ML,FACTURACION,35cb571e55d7af0afb6fb98c4a886d4c27c30c058ada2564cd9581c8c8f5fa12,13057,NO INGESTADO,0,0.0
dteproveedor_5736.xml,ML\Documentos Recepcionados\dteproveedor_5736.xml,01_Raw\ML\Documentos Recepcionados\dteproveedor_5736.xml,ML,FACTURACION,1cda92040d4e69a4a4e55e85a4729392d7ec82d49ecbc78704fe3ea48a7497ff,13061,NO INGESTADO,0,0.0
dteproveedor_5754.xml,ML\Documentos Recepcionados\dteproveedor_5754.xml,01_Raw\ML\Documentos Recepcionados\dteproveedor_5754.xml,ML,FACTURACION,d651a729cf207bade6e95ff9c4fbe0377d9d2f5bdcf75a3cbfc0be64a6537077,12693,NO INGESTADO,0,0.0
dteproveedor_5755.xml,ML\Documentos Recepcionados\dteproveedor_5755.xml,01_Raw\ML\Documentos Recepcionados\dteproveedor_5755.xml,ML,FACTURACION,b376d95bac52e2be0ec6b3f3eeffdea0064c57406a1ceda039b0517dfd5de41e,12880,NO INGESTADO,0,0.0
dteproveedor_5756.xml,ML\Documentos Recepcionados\dteproveedor_5756.xml,01_Raw\ML\Documentos Recepcionados\dteproveedor_5756.xml,ML,FACTURACION,0e6e862a53a62e876a9b24bcd32fd46258f14419a2de39d2a0c225568c2f381e,12866,NO INGESTADO,0,0.0
dteproveedor_5757.xml,ML\Documentos Recepcionados\dteproveedor_5757.xml,01_Raw\ML\Documentos Recepcionados\dteproveedor_5757.xml,ML,FACTURACION,38a1a154b5c8694f4440198f47163fb8c10fae5b7956654697bb843239e8aff8,12900,NO INGESTADO,0,0.0
dteproveedor_5758.xml,ML\Documentos Recepcionados\dteproveedor_5758.xml,01_Raw\ML\Documentos Recepcionados\dteproveedor_5758.xml,ML,FACTURACION,3cc03d9cb4c0c71ac1dfeab6082ded6bbb46d4d559a2f9e98bbf04843b12d472,12910,NO INGESTADO,0,0.0
dteproveedor_5760.xml,ML\Documentos Recepcionados\dteproveedor_5760.xml,01_Raw\ML\Documentos Recepcionados\dteproveedor_5760.xml,ML,FACTURACION,50c032b4135f979a44c21cf1169efd6cabb790840f305da95072f33a50a09298,13060,NO INGESTADO,0,0.0
dteproveedor_5776.xml,ML\Documentos Recepcionados\dteproveedor_5776.xml,01_Raw\ML\Documentos Recepcionados\dteproveedor_5776.xml,ML,FACTURACION,f2e56b649c7a67e4b419b673c57bfe9454c7bd6bf2de8b7d07427c7536045bd3,13062,NO INGESTADO,0,0.0
dteproveedor_5794.xml,ML\Documentos Recepcionados\dteproveedor_5794.xml,01_Raw\ML\Documentos Recepcionados\dteproveedor_5794.xml,ML,FACTURACION,852f52d29dbf7f43c253e6be76c6e5263fbfc8097b178d9de37a0b20627f3eca,13065,NO INGESTADO,0,0.0
dteproveedor_5817.xml,ML\Documentos Recepcionados\dteproveedor_5817.xml,01_Raw\ML\Documentos Recepcionados\dteproveedor_5817.xml,ML,FACTURACION,94372e93c3670b88850630ad90ced085656fc79ead8106fdd9467cb8588fa5c5,13060,NO INGESTADO,0,0.0
dteproveedor_5833.xml,ML\Documentos Recepcionados\dteproveedor_5833.xml,01_Raw\ML\Documentos Recepcionados\dteproveedor_5833.xml,ML,FACTURACION,dcbd91873410623ebb3342591d451dcb1111ec02d0e084597e67c54d76527367,13059,NO INGESTADO,0,0.0
dteproveedor_5860.xml,ML\Documentos Recepcionados\dteproveedor_5860.xml,01_Raw\ML\Documentos Recepcionados\dteproveedor_5860.xml,ML,FACTURACION,38f2f9add5f6de70eacecb56586b10f037e86aabdc897ee0833fd0c9f11d90cc,12713,NO INGESTADO,0,0.0
dteproveedor_5861.xml,ML\Documentos Recepcionados\dteproveedor_5861.xml,01_Raw\ML\Documentos Recepcionados\dteproveedor_5861.xml,ML,FACTURACION,433aaf3da52c2d63eaee6a6a3a95f3dcd83bb422a5b28f4394d12a8b2f708f29,12900,NO INGESTADO,0,0.0
dteproveedor_5862.xml,ML\Documentos Recepcionados\dteproveedor_5862.xml,01_Raw\ML\Documentos Recepcionados\dteproveedor_5862.xml,ML,FACTURACION,d3b5732763fd697d347167d4f7e84b0ea8474200e2544081c9d4936d3ef89bc6,12931,NO INGESTADO,0,0.0
dteproveedor_5863.xml,ML\Documentos Recepcionados\dteproveedor_5863.xml,01_Raw\ML\Documentos Recepcionados\dteproveedor_5863.xml,ML,FACTURACION,759230b20556796515bffc051221d2717ea5a2a5d73c468acde58346248d90ab,12887,NO INGESTADO,0,0.0
dteproveedor_5864.xml,ML\Documentos Recepcionados\dteproveedor_5864.xml,01_Raw\ML\Documentos Recepcionados\dteproveedor_5864.xml,ML,FACTURACION,ac88f80dd71e5fad90941cbfef3986c608baa2b820055f40e330dbe59af8c94d,13066,NO INGESTADO,0,0.0
dteproveedor_5876.xml,ML\Documentos Recepcionados\dteproveedor_5876.xml,01_Raw\ML\Documentos Recepcionados\dteproveedor_5876.xml,ML,FACTURACION,2011cc09c2556907cffc059628c542bbb7e1a9e7b35ac6380f8846f85867ada9,12637,NO INGESTADO,0,0.0
dteproveedor_5890.xml,ML\Documentos Recepcionados\dteproveedor_5890.xml,01_Raw\ML\Documentos Recepcionados\dteproveedor_5890.xml,ML,FACTURACION,cffb6d0f1b70ce13fe4819c4b00a90d80611d36d09f5747b44f41fad97ac49cf,13065,NO INGESTADO,0,0.0
dteproveedor_5900.xml,ML\Documentos Recepcionados\dteproveedor_5900.xml,01_Raw\ML\Documentos Recepcionados\dteproveedor_5900.xml,ML,FACTURACION,57cd91938913d9b1436489ae161d9919eed3c17c6e3aa460599fc3c7a42da402,13061,NO INGESTADO,0,0.0
dteproveedor_5922.xml,ML\Documentos Recepcionados\dteproveedor_5922.xml,01_Raw\ML\Documentos Recepcionados\dteproveedor_5922.xml,ML,FACTURACION,6135e11d55549a9ab531e014473844f940d8077c328ad7def5a530103dcee4e7,13061,NO INGESTADO,0,0.0
dteproveedor_5929.xml,ML\Documentos Recepcionados\dteproveedor_5929.xml,01_Raw\ML\Documentos Recepcionados\dteproveedor_5929.xml,ML,FACTURACION,a7c00bc03be07dc27c003a8ca5a3d363377924400ad136589057c65568efc3e1,12757,NO INGESTADO,0,0.0
dteproveedor_5961.xml,ML\Documentos Recepcionados\dteproveedor_5961.xml,01_Raw\ML\Documentos Recepcionados\dteproveedor_5961.xml,ML,FACTURACION,e94a1527357787599b6ee1bf0791fc4387f479998a675b368e98b64dad5aac42,13067,NO INGESTADO,0,0.0
dteproveedor_5974.xml,ML\Documentos Recepcionados\dteproveedor_5974.xml,01_Raw\ML\Documentos Recepcionados\dteproveedor_5974.xml,ML,FACTURACION,fbd37dd35c351e2871ae833edb93a647abd29b8b288378162cb0ed55e921efc2,12713,NO INGESTADO,0,0.0
dteproveedor_5975.xml,ML\Documentos Recepcionados\dteproveedor_5975.xml,01_Raw\ML\Documentos Recepcionados\dteproveedor_5975.xml,ML,FACTURACION,0f8372604f4b36e6f52b329eb312ce46cac350361803ca274a1969f84d4230e7,12925,NO INGESTADO,0,0.0
dteproveedor_5976.xml,ML\Documentos Recepcionados\dteproveedor_5976.xml,01_Raw\ML\Documentos Recepcionados\dteproveedor_5976.xml,ML,FACTURACION,02f888271cf85904f1393d9bdccdf1d01a9c851f095eaeb580dc52c5449d378a,12900,NO INGESTADO,0,0.0
dteproveedor_5977.xml,ML\Documentos Recepcionados\dteproveedor_5977.xml,01_Raw\ML\Documentos Recepcionados\dteproveedor_5977.xml,ML,FACTURACION,ec97db87639a5b2878875b632e4f3f91330ad243a341b9285418189d4a8be469,12933,NO INGESTADO,0,0.0
dteproveedor_5980.xml,ML\Documentos Recepcionados\dteproveedor_5980.xml,01_Raw\ML\Documentos Recepcionados\dteproveedor_5980.xml,ML,FACTURACION,4e52be87cc00a8c65a4e83d76f0c179ae8b5d318931eba5d7300defa7df7be23,12887,NO INGESTADO,0,0.0
dteproveedor_5990.xml,ML\Documentos Recepcionados\dteproveedor_5990.xml,01_Raw\ML\Documentos Recepcionados\dteproveedor_5990.xml,ML,FACTURACION,ecbf56208c74aab3b2715fd59e2df3e7704123ea8bb2819d5a6bbe9400e81d1e,13059,NO INGESTADO,0,0.0
dteproveedor_6009.xml,ML\Documentos Recepcionados\dteproveedor_6009.xml,01_Raw\ML\Documentos Recepcionados\dteproveedor_6009.xml,ML,FACTURACION,5a8b463973c8ffb8259cfb60fd12b48702de165256945d6fc4ac67264da6ea4f,13059,NO INGESTADO,0,0.0
dteproveedor_6026.xml,ML\Documentos Recepcionados\dteproveedor_6026.xml,01_Raw\ML\Documentos Recepcionados\dteproveedor_6026.xml,ML,FACTURACION,da417b0abc1f09042acb5c77ed2c4f47e81c60ef758d77b1108124233dddd086,13061,NO INGESTADO,0,0.0
dteproveedor_6031.xml,ML\Documentos Recepcionados\dteproveedor_6031.xml,01_Raw\ML\Documentos Recepcionados\dteproveedor_6031.xml,ML,FACTURACION,0bb69c1ef014ab6471c55db7d14fa1580fe8fb385a9a103b6afbb3436c741d8b,13056,NO INGESTADO,0,0.0
dteproveedor_6068.xml,ML\Documentos Recepcionados\dteproveedor_6068.xml,01_Raw\ML\Documentos Recepcionados\dteproveedor_6068.xml,ML,FACTURACION,b290dbdcdcbdbbc4b864848c9bc8211a695d323f60bb724f4656598fa4f53652,13061,NO INGESTADO,0,0.0
dteproveedor_6090.xml,ML\Documentos Recepcionados\dteproveedor_6090.xml,01_Raw\ML\Documentos Recepcionados\dteproveedor_6090.xml,ML,FACTURACION,8aeba9d6d8751861fb24b8ac0c6e95288bad8f53450bbb1f13c40de7eaa6d360,12713,NO INGESTADO,0,0.0
dteproveedor_6091.xml,ML\Documentos Recepcionados\dteproveedor_6091.xml,01_Raw\ML\Documentos Recepcionados\dteproveedor_6091.xml,ML,FACTURACION,4a6f3a9cceea1105377d593ff04fcb9b29e21bfc4a6d85fb8f6f2efefe463d66,12900,NO INGESTADO,0,0.0
dteproveedor_6092.xml,ML\Documentos Recepcionados\dteproveedor_6092.xml,01_Raw\ML\Documentos Recepcionados\dteproveedor_6092.xml,ML,FACTURACION,8d245a3c4659ccd10ed34606b95446150ecb87f5194c6420ec1206d01cc2eeba,12925,NO INGESTADO,0,0.0
dteproveedor_6093.xml,ML\Documentos Recepcionados\dteproveedor_6093.xml,01_Raw\ML\Documentos Recepcionados\dteproveedor_6093.xml,ML,FACTURACION,275a46fa899d1647979f52529e757ed597211231603186fbfcb6e85a1bb00510,12933,NO INGESTADO,0,0.0
dteproveedor_6094.xml,ML\Documentos Recepcionados\dteproveedor_6094.xml,01_Raw\ML\Documentos Recepcionados\dteproveedor_6094.xml,ML,FACTURACION,62b336e9fe47caaf963fde4d6dd118a2f62703e1d0cbe2afc0eea4675af5049b,12887,NO INGESTADO,0,0.0
dteproveedor_6101.xml,ML\Documentos Recepcionados\dteproveedor_6101.xml,01_Raw\ML\Documentos Recepcionados\dteproveedor_6101.xml,ML,FACTURACION,3a33e0d9ca143dfde716d1cadd8e83397b5906b009813343441e505953fb3794,13060,NO INGESTADO,0,0.0
dteproveedor_6117.xml,ML\Documentos Recepcionados\dteproveedor_6117.xml,01_Raw\ML\Documentos Recepcionados\dteproveedor_6117.xml,ML,FACTURACION,759894f618a24cd3f9bc837d29c9bb9b11765421326c3864430a8c20947bb494,13058,NO INGESTADO,0,0.0
dteproveedor_6131.xml,ML\Documentos Recepcionados\dteproveedor_6131.xml,01_Raw\ML\Documentos Recepcionados\dteproveedor_6131.xml,ML,FACTURACION,24b3de28a9fb7e48817644b1923654bae7488a525585e324a2b440e190e4fe7f,13065,NO INGESTADO,0,0.0
dteproveedor_6151.xml,ML\Documentos Recepcionados\dteproveedor_6151.xml,01_Raw\ML\Documentos Recepcionados\dteproveedor_6151.xml,ML,FACTURACION,7c0c399914e447ceaf4fefb121d8c0616862e19f3428877185dd7d87836e6419,13059,NO INGESTADO,0,0.0
dteproveedor_6161.xml,ML\Documentos Recepcionados\dteproveedor_6161.xml,01_Raw\ML\Documentos Recepcionados\dteproveedor_6161.xml,ML,FACTURACION,4f73b3cf6df5196e6afeca173e734d75685c483ee016621885e794ef933ab27d,12628,NO INGESTADO,0,0.0
dteproveedor_6168.xml,ML\Documentos Recepcionados\dteproveedor_6168.xml,01_Raw\ML\Documentos Recepcionados\dteproveedor_6168.xml,ML,FACTURACION,8c8dbb49a50084a457d92242afa7569b8ea2cb4ced1b3f39de798388c4b1d00b,13056,NO INGESTADO,0,0.0
dteproveedor_6194.xml,ML\Documentos Recepcionados\dteproveedor_6194.xml,01_Raw\ML\Documentos Recepcionados\dteproveedor_6194.xml,ML,FACTURACION,862e8b8303bea831c4b3dd093ef97ddfa367034b3036a79dc89c069d85c69c43,13054,NO INGESTADO,0,0.0
dteproveedor_6196.xml,ML\Documentos Recepcionados\dteproveedor_6196.xml,01_Raw\ML\Documentos Recepcionados\dteproveedor_6196.xml,ML,FACTURACION,acaaf0a50be4282d901f912225208e3c7c6d230ccbb908cf56ac6ad76ffd68be,12713,NO INGESTADO,0,0.0
dteproveedor_6199.xml,ML\Documentos Recepcionados\dteproveedor_6199.xml,01_Raw\ML\Documentos Recepcionados\dteproveedor_6199.xml,ML,FACTURACION,820911e218aab51bdcb1ca66dee7be16e812dd3dc9f7bab7954205a1764bb917,12931,NO INGESTADO,0,0.0
dteproveedor_6200.xml,ML\Documentos Recepcionados\dteproveedor_6200.xml,01_Raw\ML\Documentos Recepcionados\dteproveedor_6200.xml,ML,FACTURACION,6fe945af3677b73913265e6c9dc7bf063c0312117c44dae9af42900243e0136d,12925,NO INGESTADO,0,0.0
dteproveedor_6201.xml,ML\Documentos Recepcionados\dteproveedor_6201.xml,01_Raw\ML\Documentos Recepcionados\dteproveedor_6201.xml,ML,FACTURACION,da93f064cd35beabaa3febdf87b3dcb1e9ba33be374add01d71d5eb080c2cc4f,12900,NO INGESTADO,0,0.0
dteproveedor_6203.xml,ML\Documentos Recepcionados\dteproveedor_6203.xml,01_Raw\ML\Documentos Recepcionados\dteproveedor_6203.xml,ML,FACTURACION,34f980cf090f5cf00e955312ad3c21f6218081d7cd3a342063ed4c0c9fd339d3,12887,NO INGESTADO,0,0.0
dteproveedor_6222.xml,ML\Documentos Recepcionados\dteproveedor_6222.xml,01_Raw\ML\Documentos Recepcionados\dteproveedor_6222.xml,ML,FACTURACION,d504f88536c2488aaeec4089fe50dda158f2ab68916dd0b9d10a8d9f2de79f77,13052,NO INGESTADO,0,0.0
dteproveedor_6241.xml,ML\Documentos Recepcionados\dteproveedor_6241.xml,01_Raw\ML\Documentos Recepcionados\dteproveedor_6241.xml,ML,FACTURACION,ac02f6b38eb09727d0dbff865fe0ab17b90ed18d1e2b82264618803d57c1b3ee,13056,NO INGESTADO,0,0.0
dteproveedor_6270.xml,ML\Documentos Recepcionados\dteproveedor_6270.xml,01_Raw\ML\Documentos Recepcionados\dteproveedor_6270.xml,ML,FACTURACION,1aff19ff51dae02e3e26ef8f8e25a0fb8556f6085fb4d3bba9d2a6aceef8cd65,13058,NO INGESTADO,0,0.0
dteproveedor_6307.xml,ML\Documentos Recepcionados\dteproveedor_6307.xml,01_Raw\ML\Documentos Recepcionados\dteproveedor_6307.xml,ML,FACTURACION,e58555ed83f34dc3ec89bb1a3c9725fa6023701cd698f6aa911a7b2c62141525,13057,NO INGESTADO,0,0.0
dteproveedor_6314.xml,ML\Documentos Recepcionados\dteproveedor_6314.xml,01_Raw\ML\Documentos Recepcionados\dteproveedor_6314.xml,ML,FACTURACION,119cebf58adb618c80a10b4561947e811f776d34d399c4e9791cc73afbcbc338,12956,NO INGESTADO,0,0.0
dteproveedor_6315.xml,ML\Documentos Recepcionados\dteproveedor_6315.xml,01_Raw\ML\Documentos Recepcionados\dteproveedor_6315.xml,ML,FACTURACION,f93dca7904464034b5e7e6d90a6ddda4d7d440b716b9f9266bff0dcb505af64f,12953,NO INGESTADO,0,0.0
dteproveedor_6325.xml,ML\Documentos Recepcionados\dteproveedor_6325.xml,01_Raw\ML\Documentos Recepcionados\dteproveedor_6325.xml,ML,FACTURACION,b03af0168f2bb433481f0913dde89e5ffedbb359a7aa1532092729cadd743eb8,12713,NO INGESTADO,0,0.0
dteproveedor_6327.xml,ML\Documentos Recepcionados\dteproveedor_6327.xml,01_Raw\ML\Documentos Recepcionados\dteproveedor_6327.xml,ML,FACTURACION,7517f3d24ecd3568a9765880d1e6f13012933cbb378a5ba213d6538819aa4053,12921,NO INGESTADO,0,0.0
dteproveedor_6328.xml,ML\Documentos Recepcionados\dteproveedor_6328.xml,01_Raw\ML\Documentos Recepcionados\dteproveedor_6328.xml,ML,FACTURACION,a1ceecb70cce9283e8d4202e6d219b9d9226cc228741fc544e83649f20957352,12931,NO INGESTADO,0,0.0
dteproveedor_6330.xml,ML\Documentos Recepcionados\dteproveedor_6330.xml,01_Raw\ML\Documentos Recepcionados\dteproveedor_6330.xml,ML,FACTURACION,99b6025b9ff118e30bec77c70cc99ce0921930eb4dc671690f429d573ce3e641,12900,NO INGESTADO,0,0.0
dteproveedor_6333.xml,ML\Documentos Recepcionados\dteproveedor_6333.xml,01_Raw\ML\Documentos Recepcionados\dteproveedor_6333.xml,ML,FACTURACION,b836725607cbbc24c1be8a0c46ee7ef1082241be6f97d121b18aa6c0a352efcf,12891,NO INGESTADO,0,0.0
dteproveedor_6344.xml,ML\Documentos Recepcionados\dteproveedor_6344.xml,01_Raw\ML\Documentos Recepcionados\dteproveedor_6344.xml,ML,FACTURACION,dcca72222f9fd11cd9521a473b8d12896521cec4754f9add0ac53dc861d662a3,13057,NO INGESTADO,0,0.0
dteproveedor_6359.xml,ML\Documentos Recepcionados\dteproveedor_6359.xml,01_Raw\ML\Documentos Recepcionados\dteproveedor_6359.xml,ML,FACTURACION,84a3442d3374862104963181c40421e928bb09978e12541677e60af8bd7ab2dd,13054,NO INGESTADO,0,0.0
dteproveedor_6375.xml,ML\Documentos Recepcionados\dteproveedor_6375.xml,01_Raw\ML\Documentos Recepcionados\dteproveedor_6375.xml,ML,FACTURACION,fa72d3538c2aae65585c3b33cc3bfd66411f5290d2e2175cc10e75836fa84bf8,13056,NO INGESTADO,0,0.0
dteproveedor_6388.xml,ML\Documentos Recepcionados\dteproveedor_6388.xml,01_Raw\ML\Documentos Recepcionados\dteproveedor_6388.xml,ML,FACTURACION,8f0bdc2bccf8c9a6e9f0fc6e93f02354eaaa5a6a3bfc87ec2c9c2584bc617570,12758,NO INGESTADO,0,0.0
dteproveedor_6412.xml,ML\Documentos Recepcionados\dteproveedor_6412.xml,01_Raw\ML\Documentos Recepcionados\dteproveedor_6412.xml,ML,FACTURACION,81d52b69759521d8236413770b80e84b96bad17e495aa850a99d534697be0145,13056,NO INGESTADO,0,0.0
dteproveedor_6441.xml,ML\Documentos Recepcionados\dteproveedor_6441.xml,01_Raw\ML\Documentos Recepcionados\dteproveedor_6441.xml,ML,FACTURACION,1a5f0e87bc4eb378ab82af9ffaea6659b76ae676b74a485849c7693b6d93fb89,12719,NO INGESTADO,0,0.0
dteproveedor_6442.xml,ML\Documentos Recepcionados\dteproveedor_6442.xml,01_Raw\ML\Documentos Recepcionados\dteproveedor_6442.xml,ML,FACTURACION,882ff4009aa6c6004c755d79bd9225c3bdc9d38c216b4228b20c9330e24bf6b9,12931,NO INGESTADO,0,0.0
dteproveedor_6443.xml,ML\Documentos Recepcionados\dteproveedor_6443.xml,01_Raw\ML\Documentos Recepcionados\dteproveedor_6443.xml,ML,FACTURACION,49a029c7261e328879bf815b125067e332ebc45cc8adc5218b563317b26a5e76,12900,NO INGESTADO,0,0.0
dteproveedor_6444.xml,ML\Documentos Recepcionados\dteproveedor_6444.xml,01_Raw\ML\Documentos Recepcionados\dteproveedor_6444.xml,ML,FACTURACION,ccf07221d701d98b417521e8d713ae3fb221206159575bdd1b50fe18b83c31c8,12892,NO INGESTADO,0,0.0
dteproveedor_6445.xml,ML\Documentos Recepcionados\dteproveedor_6445.xml,01_Raw\ML\Documentos Recepcionados\dteproveedor_6445.xml,ML,FACTURACION,2c3b5cc7246606b2ab1e49276cb741536ad0e2d67136ecc824bbdd2657a7bba6,13061,NO INGESTADO,0,0.0
dteproveedor_6461.xml,ML\Documentos Recepcionados\dteproveedor_6461.xml,01_Raw\ML\Documentos Recepcionados\dteproveedor_6461.xml,ML,FACTURACION,31d74e96d3c575e5370ded9ffe4207b91df4a6fd1d25b1b3082e934caeea233c,13059,NO INGESTADO,0,0.0
dteproveedor_6473.xml,ML\Documentos Recepcionados\dteproveedor_6473.xml,01_Raw\ML\Documentos Recepcionados\dteproveedor_6473.xml,ML,FACTURACION,24080053ddd632b4f241ffa13667081a095f9d9634c1d90a69a5c7d342a1f593,13058,NO INGESTADO,0,0.0
dteproveedor_6502.xml,ML\Documentos Recepcionados\dteproveedor_6502.xml,01_Raw\ML\Documentos Recepcionados\dteproveedor_6502.xml,ML,FACTURACION,3167a6e7e07f3cd2af94efefe9dbf5b10f3ec6f70e9393e1adf34557fb447aa0,13059,NO INGESTADO,0,0.0
dteproveedor_6510.xml,ML\Documentos Recepcionados\dteproveedor_6510.xml,01_Raw\ML\Documentos Recepcionados\dteproveedor_6510.xml,ML,FACTURACION,a77b94b56276c723a5d718017007634e9ea42cd8a0245ef9ab40bef787051e06,13056,NO INGESTADO,0,0.0
dteproveedor_6544.xml,ML\Documentos Recepcionados\dteproveedor_6544.xml,01_Raw\ML\Documentos Recepcionados\dteproveedor_6544.xml,ML,FACTURACION,2f2c6bc1a94bf9f0297ceaa45dd5edb03962af84b987086bc6eb96cd7b022668,12970,NO INGESTADO,0,0.0
dteproveedor_6545.xml,ML\Documentos Recepcionados\dteproveedor_6545.xml,01_Raw\ML\Documentos Recepcionados\dteproveedor_6545.xml,ML,FACTURACION,6cf9bd6d43b0282861f9b0fc141dcc450bc22c40e69225f0499227bca9a87d25,13059,NO INGESTADO,0,0.0
dteproveedor_6550.xml,ML\Documentos Recepcionados\dteproveedor_6550.xml,01_Raw\ML\Documentos Recepcionados\dteproveedor_6550.xml,ML,FACTURACION,5c2c490e14e79d7ebb08cc52f77c1b0b8e17f1b986be0f2a11c9293b69eba0cf,12719,NO INGESTADO,0,0.0
dteproveedor_6557.xml,ML\Documentos Recepcionados\dteproveedor_6557.xml,01_Raw\ML\Documentos Recepcionados\dteproveedor_6557.xml,ML,FACTURACION,f011e01d135c20e656c9d2b66a26336eaffdb58da5bb6c3cec3c60cc1ba3ab4b,12932,NO INGESTADO,0,0.0
dteproveedor_6558.xml,ML\Documentos Recepcionados\dteproveedor_6558.xml,01_Raw\ML\Documentos Recepcionados\dteproveedor_6558.xml,ML,FACTURACION,9bd01aee87c7082c46731979540470a91939ccf3bc0bcc7a4b6efd0597c7006b,12901,NO INGESTADO,0,0.0
dteproveedor_6559.xml,ML\Documentos Recepcionados\dteproveedor_6559.xml,01_Raw\ML\Documentos Recepcionados\dteproveedor_6559.xml,ML,FACTURACION,23d36b3019f01d7f3e7bfcd471e0abb70d57171a6bbd87751bc102f82dc3ee77,12925,NO INGESTADO,0,0.0
dteproveedor_6560.xml,ML\Documentos Recepcionados\dteproveedor_6560.xml,01_Raw\ML\Documentos Recepcionados\dteproveedor_6560.xml,ML,FACTURACION,1d8a41680fb0f36b1c62262ee9e65d2a731c41e5b3720733ee7978379491285b,12892,NO INGESTADO,0,0.0
dteproveedor_6573.xml,ML\Documentos Recepcionados\dteproveedor_6573.xml,01_Raw\ML\Documentos Recepcionados\dteproveedor_6573.xml,ML,FACTURACION,6c6d6557052f45350217f2892e4faab81e4eb5de67e36767e1fbdba9315a413d,13061,NO INGESTADO,0,0.0
dteproveedor_6584.xml,ML\Documentos Recepcionados\dteproveedor_6584.xml,01_Raw\ML\Documentos Recepcionados\dteproveedor_6584.xml,ML,FACTURACION,6d72401522cb150d8b01819df75d5562891285db8c2ef63cd47cc66672fe83dc,13061,NO INGESTADO,0,0.0
dteproveedor_6610.xml,ML\Documentos Recepcionados\dteproveedor_6610.xml,01_Raw\ML\Documentos Recepcionados\dteproveedor_6610.xml,ML,FACTURACION,ca5e3f9490b225b57e4662cb4aa46c59f1fbb1d7471ad69a57b855b266c51b06,13062,NO INGESTADO,0,0.0
dteproveedor_6617.xml,ML\Documentos Recepcionados\dteproveedor_6617.xml,01_Raw\ML\Documentos Recepcionados\dteproveedor_6617.xml,ML,FACTURACION,d1ae2c2e006563b370431bb6a501142072bc6df8dac79c49a66e27d16c3dab6d,12454,NO INGESTADO,0,0.0
dteproveedor_6658.xml,ML\Documentos Recepcionados\dteproveedor_6658.xml,01_Raw\ML\Documentos Recepcionados\dteproveedor_6658.xml,ML,FACTURACION,493976c4a76da5d5df24843ee050c736f904a4f89d36604fba0ff1d9cc93c8df,13061,NO INGESTADO,0,0.0
dteproveedor_6672.xml,ML\Documentos Recepcionados\dteproveedor_6672.xml,01_Raw\ML\Documentos Recepcionados\dteproveedor_6672.xml,ML,FACTURACION,7d4c1fe806847dcde258e652860037ce663f9de16bcf620e8be3b2b3a0db3495,12719,NO INGESTADO,0,0.0
dteproveedor_6677.xml,ML\Documentos Recepcionados\dteproveedor_6677.xml,01_Raw\ML\Documentos Recepcionados\dteproveedor_6677.xml,ML,FACTURACION,49ec12121069d6c64ace50b8d79a1505a7702d63cd83034c187acee5dfc7dd4f,12934,NO INGESTADO,0,0.0
dteproveedor_6678.xml,ML\Documentos Recepcionados\dteproveedor_6678.xml,01_Raw\ML\Documentos Recepcionados\dteproveedor_6678.xml,ML,FACTURACION,51b7f8b2575b95bcaf9f05e8ff86ca02c98a285f31d8b03e7498ebc13a11529b,12922,NO INGESTADO,0,0.0
dteproveedor_6679.xml,ML\Documentos Recepcionados\dteproveedor_6679.xml,01_Raw\ML\Documentos Recepcionados\dteproveedor_6679.xml,ML,FACTURACION,5c6385162e64ab52a27946552cb7288fc020cf62c058c9a09f67174f51463fa0,12901,NO INGESTADO,0,0.0
dteproveedor_6680.xml,ML\Documentos Recepcionados\dteproveedor_6680.xml,01_Raw\ML\Documentos Recepcionados\dteproveedor_6680.xml,ML,FACTURACION,4850af7f1f27a96718ff652d5b143e6ff9c951da1b665969fd24f409781a3a31,12888,NO INGESTADO,0,0.0
dteproveedor_6688.xml,ML\Documentos Recepcionados\dteproveedor_6688.xml,01_Raw\ML\Documentos Recepcionados\dteproveedor_6688.xml,ML,FACTURACION,22e4792cbb5eb1f1a73ac2507fec561fc019a2bfa8d9f8a61c39f345b42ef7b4,13062,NO INGESTADO,0,0.0
dteproveedor_6690.xml,ML\Documentos Recepcionados\dteproveedor_6690.xml,01_Raw\ML\Documentos Recepcionados\dteproveedor_6690.xml,ML,FACTURACION,31ad76d9015b460fbdfff94c888c58b066a92a5c5a2ccf6168657c3a2c66ac1d,12953,NO INGESTADO,0,0.0
dteproveedor_6706.xml,ML\Documentos Recepcionados\dteproveedor_6706.xml,01_Raw\ML\Documentos Recepcionados\dteproveedor_6706.xml,ML,FACTURACION,fbac57651b3ff8304327bad072b33ca23f557ca1cf2282a15016bb4a9b963e09,12975,NO INGESTADO,0,0.0
dteproveedor_6707.xml,ML\Documentos Recepcionados\dteproveedor_6707.xml,01_Raw\ML\Documentos Recepcionados\dteproveedor_6707.xml,ML,FACTURACION,73231e697c653dd308f30dda787ef12966c3b30c98be36c158b13fb776e69d58,12975,NO INGESTADO,0,0.0
dteproveedor_6708.xml,ML\Documentos Recepcionados\dteproveedor_6708.xml,01_Raw\ML\Documentos Recepcionados\dteproveedor_6708.xml,ML,FACTURACION,cb048424b85f80eb0f34905e73413db761b88f27103869857d90f7c9f9d4c553,12975,NO INGESTADO,0,0.0
dteproveedor_6709.xml,ML\Documentos Recepcionados\dteproveedor_6709.xml,01_Raw\ML\Documentos Recepcionados\dteproveedor_6709.xml,ML,FACTURACION,1e556f56fe63542653830c9489a920c0f630ef840aa4efef9b5f9496efe2ed1d,12975,NO INGESTADO,0,0.0
dteproveedor_6710.xml,ML\Documentos Recepcionados\dteproveedor_6710.xml,01_Raw\ML\Documentos Recepcionados\dteproveedor_6710.xml,ML,FACTURACION,3381fb283285ddad0ee9beca5186258a91a1a90173db1fbf049f872721d3e54b,12975,NO INGESTADO,0,0.0
dteproveedor_6711.xml,ML\Documentos Recepcionados\dteproveedor_6711.xml,01_Raw\ML\Documentos Recepcionados\dteproveedor_6711.xml,ML,FACTURACION,ab749f197c0fec8e47b5696ad17a13ae644aaa98014a6a9c0c29076cb39d0845,12975,NO INGESTADO,0,0.0
dteproveedor_6725.xml,ML\Documentos Recepcionados\dteproveedor_6725.xml,01_Raw\ML\Documentos Recepcionados\dteproveedor_6725.xml,ML,FACTURACION,dfab27988ff8fa2bbfd9e8b6abe46c43c0ba4e15235431b0ac6fb3019c42bd88,13067,NO INGESTADO,0,0.0
dteproveedor_6744.xml,ML\Documentos Recepcionados\dteproveedor_6744.xml,01_Raw\ML\Documentos Recepcionados\dteproveedor_6744.xml,ML,FACTURACION,d8dee9cc5c9fc0211e1320517bbc5aafd3b8c67420167dda3279f607a4aaa831,13059,NO INGESTADO,0,0.0
dteproveedor_6756.xml,ML\Documentos Recepcionados\dteproveedor_6756.xml,01_Raw\ML\Documentos Recepcionados\dteproveedor_6756.xml,ML,FACTURACION,0dcb1ab74a3cc09bdbea9c63d306caa99826f8f04d06267c74614d866a1fb78c,13059,NO INGESTADO,0,0.0
dteproveedor_6771.xml,ML\Documentos Recepcionados\dteproveedor_6771.xml,01_Raw\ML\Documentos Recepcionados\dteproveedor_6771.xml,ML,FACTURACION,56c2efd771df4ff2bc14ade748be8d89cb190d76adb171ae028830c040b7e329,12765,NO INGESTADO,0,0.0
dteproveedor_6837.xml,ML\Documentos Recepcionados\dteproveedor_6837.xml,01_Raw\ML\Documentos Recepcionados\dteproveedor_6837.xml,ML,FACTURACION,9ccafbc91b3beac03a91908a741ec0f2d0062ac25a8ccfa146f8e3160ea5b8f6,12719,NO INGESTADO,0,0.0
dteproveedor_6838.xml,ML\Documentos Recepcionados\dteproveedor_6838.xml,01_Raw\ML\Documentos Recepcionados\dteproveedor_6838.xml,ML,FACTURACION,7d20deb55586e0bd89e05c388c3c7cca76f8ab3216e4fd065c019330ad40f48b,12901,NO INGESTADO,0,0.0
dteproveedor_6839.xml,ML\Documentos Recepcionados\dteproveedor_6839.xml,01_Raw\ML\Documentos Recepcionados\dteproveedor_6839.xml,ML,FACTURACION,ea326c56ca66244bde5994406ac8348f1f7a28aa5ed725ddfcdfd59ec42b4b04,12934,NO INGESTADO,0,0.0
dteproveedor_6840.xml,ML\Documentos Recepcionados\dteproveedor_6840.xml,01_Raw\ML\Documentos Recepcionados\dteproveedor_6840.xml,ML,FACTURACION,fe2793927d842df3e2deaa224a380311610ba7c5455e3f4bf74effffabd80466,12926,NO INGESTADO,0,0.0
dteproveedor_6841.xml,ML\Documentos Recepcionados\dteproveedor_6841.xml,01_Raw\ML\Documentos Recepcionados\dteproveedor_6841.xml,ML,FACTURACION,46446fc3986c4157d5484961cce146c07457086597f5fddf9289d664417afaa4,13065,NO INGESTADO,0,0.0
dteproveedor_6842.xml,ML\Documentos Recepcionados\dteproveedor_6842.xml,01_Raw\ML\Documentos Recepcionados\dteproveedor_6842.xml,ML,FACTURACION,d907762b24bcb40c71b88ab331053eabd6ab8d083ead0d60d92efb0dcac85319,12892,NO INGESTADO,0,0.0
dteproveedor_6871.xml,ML\Documentos Recepcionados\dteproveedor_6871.xml,01_Raw\ML\Documentos Recepcionados\dteproveedor_6871.xml,ML,FACTURACION,13fe9f3902c88c9718f4f4b454b62ff53c5e9d75c515f6c58cf94621dfc22e39,13057,NO INGESTADO,0,0.0
dteproveedor_6887.xml,ML\Documentos Recepcionados\dteproveedor_6887.xml,01_Raw\ML\Documentos Recepcionados\dteproveedor_6887.xml,ML,FACTURACION,74eca0c1c78a151b86a1aca2243702b05556db8055ac5e028d2ef887bfaf25b3,13052,NO INGESTADO,0,0.0
dteproveedor_6917.xml,ML\Documentos Recepcionados\dteproveedor_6917.xml,01_Raw\ML\Documentos Recepcionados\dteproveedor_6917.xml,ML,FACTURACION,65f1657b7ab004b71137470b8f1021fbd4100e731b25062716144f1fa1f5fee3,13053,NO INGESTADO,0,0.0
dteproveedor_6923.xml,ML\Documentos Recepcionados\dteproveedor_6923.xml,01_Raw\ML\Documentos Recepcionados\dteproveedor_6923.xml,ML,FACTURACION,5a9bb483f32abdef3825db6bf04a7a5b546dbbe1a31a944f547daafb5c9516e6,12458,NO INGESTADO,0,0.0
dteproveedor_6966.xml,ML\Documentos Recepcionados\dteproveedor_6966.xml,01_Raw\ML\Documentos Recepcionados\dteproveedor_6966.xml,ML,FACTURACION,738854430c1854d72d70612c69a9e2b1337bc240e16399027d9ccf74ddba5d9c,13056,NO INGESTADO,0,0.0
dteproveedor_6974.xml,ML\Documentos Recepcionados\dteproveedor_6974.xml,01_Raw\ML\Documentos Recepcionados\dteproveedor_6974.xml,ML,FACTURACION,d6520706a6814923dcd1b6c04d444a39dbb2bcfd5d71b25467b15312bdc60a2e,12715,NO INGESTADO,0,0.0
dteproveedor_6980.xml,ML\Documentos Recepcionados\dteproveedor_6980.xml,01_Raw\ML\Documentos Recepcionados\dteproveedor_6980.xml,ML,FACTURACION,a10b0f41570cd96d6bfce44dbdd8d707dcfdaa2cb886f8461ab386a30090666d,12931,NO INGESTADO,0,0.0
dteproveedor_6981.xml,ML\Documentos Recepcionados\dteproveedor_6981.xml,01_Raw\ML\Documentos Recepcionados\dteproveedor_6981.xml,ML,FACTURACION,a009bf51f7f1ad627cca0bfa513d908824d0cdffcd87be8bc01e1fc7e4ded006,12926,NO INGESTADO,0,0.0
dteproveedor_6982.xml,ML\Documentos Recepcionados\dteproveedor_6982.xml,01_Raw\ML\Documentos Recepcionados\dteproveedor_6982.xml,ML,FACTURACION,991cbdef83d7541570c3f76872511f08adf5dd47d77b8086d008525019ab04fb,12901,NO INGESTADO,0,0.0
dteproveedor_6983.xml,ML\Documentos Recepcionados\dteproveedor_6983.xml,01_Raw\ML\Documentos Recepcionados\dteproveedor_6983.xml,ML,FACTURACION,2072edaaa99332007923a221d5d3b12cf343808e522dcc6b165937457536ba64,12892,NO INGESTADO,0,0.0
dteproveedor_6992.xml,ML\Documentos Recepcionados\dteproveedor_6992.xml,01_Raw\ML\Documentos Recepcionados\dteproveedor_6992.xml,ML,FACTURACION,385e4bde895d9fba704e89f7174da28c33b199b980b80e2507d4402c862188a1,13055,NO INGESTADO,0,0.0
dteproveedor_7015.xml,ML\Documentos Recepcionados\dteproveedor_7015.xml,01_Raw\ML\Documentos Recepcionados\dteproveedor_7015.xml,ML,FACTURACION,31f8479a2cbc125f048dafdc50e576d137ccd84680cb3602322223163a864004,13054,NO INGESTADO,0,0.0
dteproveedor_7042.xml,ML\Documentos Recepcionados\dteproveedor_7042.xml,01_Raw\ML\Documentos Recepcionados\dteproveedor_7042.xml,ML,FACTURACION,95a6857d57772c8a2945c017916d1dc7c23837c3e5121e15bb77d3c17702adc9,13055,NO INGESTADO,0,0.0
dteproveedor_7047.xml,ML\Documentos Recepcionados\dteproveedor_7047.xml,01_Raw\ML\Documentos Recepcionados\dteproveedor_7047.xml,ML,FACTURACION,4f410cfb0c08d58e0250d5d7bae2b4eb432b8d8454a121fa1a70909dbfab8234,12458,NO INGESTADO,0,0.0
dteproveedor_7078.xml,ML\Documentos Recepcionados\dteproveedor_7078.xml,01_Raw\ML\Documentos Recepcionados\dteproveedor_7078.xml,ML,FACTURACION,5c357639b0c7398f54c5ad75a3725b7cc212c1c35b12c108b737b80bf7aaf1c3,12764,NO INGESTADO,0,0.0
dteproveedor_7086.xml,ML\Documentos Recepcionados\dteproveedor_7086.xml,01_Raw\ML\Documentos Recepcionados\dteproveedor_7086.xml,ML,FACTURACION,3a62209067f97c834a5974ee95d946ae355803f5fe9c094bb440b2c10c627632,12715,NO INGESTADO,0,0.0
dteproveedor_7089.xml,ML\Documentos Recepcionados\dteproveedor_7089.xml,01_Raw\ML\Documentos Recepcionados\dteproveedor_7089.xml,ML,FACTURACION,45d8ec0857c7eb207dffff11390ae2fe31478640deaa457fd3b11af9b89a7ae0,12901,NO INGESTADO,0,0.0
dteproveedor_7090.xml,ML\Documentos Recepcionados\dteproveedor_7090.xml,01_Raw\ML\Documentos Recepcionados\dteproveedor_7090.xml,ML,FACTURACION,508dfa0fdffb94da576f30d3843830c39625bb1763af42c1450687bba632e3e4,12931,NO INGESTADO,0,0.0
dteproveedor_7091.xml,ML\Documentos Recepcionados\dteproveedor_7091.xml,01_Raw\ML\Documentos Recepcionados\dteproveedor_7091.xml,ML,FACTURACION,f9795e6f4086490bff17c2fe6d59a75516fd1674cf7f8422f4ad1c64d8743cce,12921,NO INGESTADO,0,0.0
dteproveedor_7093.xml,ML\Documentos Recepcionados\dteproveedor_7093.xml,01_Raw\ML\Documentos Recepcionados\dteproveedor_7093.xml,ML,FACTURACION,76da8ce20ec94072d4aadca46bbe2dd91502e63369bdbb63509a7f5dae6f3251,12892,NO INGESTADO,0,0.0
dteproveedor_7109.xml,ML\Documentos Recepcionados\dteproveedor_7109.xml,01_Raw\ML\Documentos Recepcionados\dteproveedor_7109.xml,ML,FACTURACION,1c04f25e9d9a5ad2399537d7ed6bd23f4d9d9d26d55355d8ad3797c792063c7b,12760,NO INGESTADO,0,0.0
dteproveedor_7128.xml,ML\Documentos Recepcionados\dteproveedor_7128.xml,01_Raw\ML\Documentos Recepcionados\dteproveedor_7128.xml,ML,FACTURACION,9703fbc80a40addce30361d178f1e98ab73aa1c8d9d01233fe0661ba92d9b327,13056,NO INGESTADO,0,0.0
dteproveedor_7136.xml,ML\Documentos Recepcionados\dteproveedor_7136.xml,01_Raw\ML\Documentos Recepcionados\dteproveedor_7136.xml,ML,FACTURACION,c51b6a285917e99c8b9b83fa9c2e4e546e0a70ddb1ef5beee06006eacd034624,14240,NO INGESTADO,0,0.0
dteproveedor_7143.xml,ML\Documentos Recepcionados\dteproveedor_7143.xml,01_Raw\ML\Documentos Recepcionados\dteproveedor_7143.xml,ML,FACTURACION,dd56d5ed6680618d185846aaef50f6b127741281467e7a91462b24d90135a0e4,13564,NO INGESTADO,0,0.0
dteproveedor_7155.xml,ML\Documentos Recepcionados\dteproveedor_7155.xml,01_Raw\ML\Documentos Recepcionados\dteproveedor_7155.xml,ML,FACTURACION,cbbf2fef0339390f5725708d81d4acdc445a4939bb821ea9a253721fadfadb5c,13057,NO INGESTADO,0,0.0
dteproveedor_7157.xml,ML\Documentos Recepcionados\dteproveedor_7157.xml,01_Raw\ML\Documentos Recepcionados\dteproveedor_7157.xml,ML,FACTURACION,f54aa335cc9cfdf004f55de19e868ea3c8c3a874959142026a542b5e8c31810d,12944,NO INGESTADO,0,0.0
dteproveedor_7168.xml,ML\Documentos Recepcionados\dteproveedor_7168.xml,01_Raw\ML\Documentos Recepcionados\dteproveedor_7168.xml,ML,FACTURACION,94e4e5c0476649390543a44205c2d02319a968df716c854f1d7d55ebdab2998e,13052,NO INGESTADO,0,0.0
dteproveedor_7186.xml,ML\Documentos Recepcionados\dteproveedor_7186.xml,01_Raw\ML\Documentos Recepcionados\dteproveedor_7186.xml,ML,FACTURACION,91dbc7799177e58acfc22cb673ca9605370adfa4a179bb99611aa2ca221af41d,13056,NO INGESTADO,0,0.0
dteproveedor_7206.xml,ML\Documentos Recepcionados\dteproveedor_7206.xml,01_Raw\ML\Documentos Recepcionados\dteproveedor_7206.xml,ML,FACTURACION,f70511fce33fde3578fab764e79085ff43521d71d36357ccd3262dd4be07ebf5,12698,NO INGESTADO,0,0.0
dteproveedor_7207.xml,ML\Documentos Recepcionados\dteproveedor_7207.xml,01_Raw\ML\Documentos Recepcionados\dteproveedor_7207.xml,ML,FACTURACION,99fad679c34870ace28f69e0f8b0082bc32d4a020747d3a7e9e17ea16557dc68,12907,NO INGESTADO,0,0.0
dteproveedor_7208.xml,ML\Documentos Recepcionados\dteproveedor_7208.xml,01_Raw\ML\Documentos Recepcionados\dteproveedor_7208.xml,ML,FACTURACION,2a1f0774d2a723adb954203e8a056d1f9fec12eb20ff2c0f3c6053a01fb0cea9,12937,NO INGESTADO,0,0.0
dteproveedor_7209.xml,ML\Documentos Recepcionados\dteproveedor_7209.xml,01_Raw\ML\Documentos Recepcionados\dteproveedor_7209.xml,ML,FACTURACION,d7ce4c12eea52d63702d607132d5ee8c18138222086ed0458520b27587666bf4,12893,NO INGESTADO,0,0.0
dteproveedor_7210.xml,ML\Documentos Recepcionados\dteproveedor_7210.xml,01_Raw\ML\Documentos Recepcionados\dteproveedor_7210.xml,ML,FACTURACION,25276011e7d7691d8ea2734bbcdcbc301c06c79944f9cee6945e097bcdbad00d,12762,NO INGESTADO,0,0.0
dteproveedor_7256.xml,ML\Documentos Recepcionados\dteproveedor_7256.xml,01_Raw\ML\Documentos Recepcionados\dteproveedor_7256.xml,ML,FACTURACION,05297199e64947d450fb1ba9c89864e65df57c0d515019f64d16b96791ff9cf8,13055,NO INGESTADO,0,0.0
dteproveedor_7265.xml,ML\Documentos Recepcionados\dteproveedor_7265.xml,01_Raw\ML\Documentos Recepcionados\dteproveedor_7265.xml,ML,FACTURACION,5f9510bdbd633418ceec182d2041f6e86d6d378ab60ed028303a529898ded3e5,14523,NO INGESTADO,0,0.0
dteproveedor_7276.xml,ML\Documentos Recepcionados\dteproveedor_7276.xml,01_Raw\ML\Documentos Recepcionados\dteproveedor_7276.xml,ML,FACTURACION,1142009ad688de3e49ce2ed55ea7cc90f3e2717c7acb8cb1ec294002e3c89f8b,14048,NO INGESTADO,0,0.0
dteproveedor_7281.xml,ML\Documentos Recepcionados\dteproveedor_7281.xml,01_Raw\ML\Documentos Recepcionados\dteproveedor_7281.xml,ML,FACTURACION,842cf674ad0d5395a7eb9f293b8a147410df6e54c257c3c10bd0a71040b3b7ff,13058,NO INGESTADO,0,0.0
dteproveedor_7309.xml,ML\Documentos Recepcionados\dteproveedor_7309.xml,01_Raw\ML\Documentos Recepcionados\dteproveedor_7309.xml,ML,FACTURACION,00ba379aae878e8b5933c3d492f5b72f74ca53bb60a11ae18fb3b02aae4b2a6a,12765,NO INGESTADO,0,0.0
dteproveedor_7317.xml,ML\Documentos Recepcionados\dteproveedor_7317.xml,01_Raw\ML\Documentos Recepcionados\dteproveedor_7317.xml,ML,FACTURACION,784a08d605ebf40aeae92ef81608ddbadc9284411dd34cd5fe3cd6371d84fe80,12461,NO INGESTADO,0,0.0
dteproveedor_7330.xml,ML\Documentos Recepcionados\dteproveedor_7330.xml,01_Raw\ML\Documentos Recepcionados\dteproveedor_7330.xml,ML,FACTURACION,9d35480dd1cf479e9806943061e08489389b4213577fdf665fe3ac35fab2d65c,12935,NO INGESTADO,0,0.0
dteproveedor_7348.xml,ML\Documentos Recepcionados\dteproveedor_7348.xml,01_Raw\ML\Documentos Recepcionados\dteproveedor_7348.xml,ML,FACTURACION,d5cf250cb7134e99afb3b516e8029139bbc9e158bc49de5c028a618c03f302db,13061,NO INGESTADO,0,0.0
dteproveedor_7349.xml,ML\Documentos Recepcionados\dteproveedor_7349.xml,01_Raw\ML\Documentos Recepcionados\dteproveedor_7349.xml,ML,FACTURACION,0919adf8ac749236931d7ce90f59f5a11a08c71d57bf84b7c740d1a902b33599,12698,NO INGESTADO,0,0.0
dteproveedor_7353.xml,ML\Documentos Recepcionados\dteproveedor_7353.xml,01_Raw\ML\Documentos Recepcionados\dteproveedor_7353.xml,ML,FACTURACION,cad262bfba5bfd5aac5eedd73d9248f969b247734952c9aa78913cf94ca6b31e,12937,NO INGESTADO,0,0.0
dteproveedor_7355.xml,ML\Documentos Recepcionados\dteproveedor_7355.xml,01_Raw\ML\Documentos Recepcionados\dteproveedor_7355.xml,ML,FACTURACION,9140feb76baf844f80d2ef3214d74645a2c55d58ac81cdb910f1ff6329f621e5,12932,NO INGESTADO,0,0.0
dteproveedor_7356.xml,ML\Documentos Recepcionados\dteproveedor_7356.xml,01_Raw\ML\Documentos Recepcionados\dteproveedor_7356.xml,ML,FACTURACION,4dba15c29cde3de96e04806a628531058669b925325d1e8377290709522495c7,12907,NO INGESTADO,0,0.0
dteproveedor_7361.xml,ML\Documentos Recepcionados\dteproveedor_7361.xml,01_Raw\ML\Documentos Recepcionados\dteproveedor_7361.xml,ML,FACTURACION,e886cc323386192b741d5dc544d3de4142f502baccb0d011e00e337d2c62904b,12889,NO INGESTADO,0,0.0
dteproveedor_7381.xml,ML\Documentos Recepcionados\dteproveedor_7381.xml,01_Raw\ML\Documentos Recepcionados\dteproveedor_7381.xml,ML,FACTURACION,b0436f73f4ad7c7a3542083dba45e1b2c9cf94e1eb57718e813266b3281ff00d,13058,NO INGESTADO,0,0.0
dteproveedor_7402.xml,ML\Documentos Recepcionados\dteproveedor_7402.xml,01_Raw\ML\Documentos Recepcionados\dteproveedor_7402.xml,ML,FACTURACION,a72a8fd85b2045227869ee1839b5efb30e844bdff76f7e769f55043dac556037,14777,NO INGESTADO,0,0.0
dteproveedor_7403.xml,ML\Documentos Recepcionados\dteproveedor_7403.xml,01_Raw\ML\Documentos Recepcionados\dteproveedor_7403.xml,ML,FACTURACION,178e1ef357279eaccf48f35155556b7239813889d74638f23f2a8cc22d62f460,13068,NO INGESTADO,0,0.0
dteproveedor_7404.xml,ML\Documentos Recepcionados\dteproveedor_7404.xml,01_Raw\ML\Documentos Recepcionados\dteproveedor_7404.xml,ML,FACTURACION,f40a39b14acec91295d624870fbb74c6ae8126cfc2e4a7611a2e3f3dcb0631be,14064,NO INGESTADO,0,0.0
dteproveedor_7434.xml,ML\Documentos Recepcionados\dteproveedor_7434.xml,01_Raw\ML\Documentos Recepcionados\dteproveedor_7434.xml,ML,FACTURACION,d16153986b3769d594f3522f1169ef3ff4454c193677c1132eba8115e7591c3c,13062,NO INGESTADO,0,0.0
dteproveedor_7465.xml,ML\Documentos Recepcionados\dteproveedor_7465.xml,01_Raw\ML\Documentos Recepcionados\dteproveedor_7465.xml,ML,FACTURACION,e7ff889738641b089b6953c8c12572f4bf39fb74818e9ff57edcc0a758beb405,13069,NO INGESTADO,0,0.0
dteproveedor_7490.xml,ML\Documentos Recepcionados\dteproveedor_7490.xml,01_Raw\ML\Documentos Recepcionados\dteproveedor_7490.xml,ML,FACTURACION,e4144ff85aa2bb831ee350defe981f3813f2167a9e7a1bec3f4c823bce1c1841,12889,NO INGESTADO,0,0.0
dteproveedor_7491.xml,ML\Documentos Recepcionados\dteproveedor_7491.xml,01_Raw\ML\Documentos Recepcionados\dteproveedor_7491.xml,ML,FACTURACION,e1dfe162ea7a7cc2dff5f0418269cda609ff344202e6f32a005f2b60fb5d48e5,12938,NO INGESTADO,0,0.0
dteproveedor_7492.xml,ML\Documentos Recepcionados\dteproveedor_7492.xml,01_Raw\ML\Documentos Recepcionados\dteproveedor_7492.xml,ML,FACTURACION,059627447b5264fb2d883085f8c5e4c82cbdbff0483ee3672c3d995bbeed62ed,12907,NO INGESTADO,0,0.0
dteproveedor_7493.xml,ML\Documentos Recepcionados\dteproveedor_7493.xml,01_Raw\ML\Documentos Recepcionados\dteproveedor_7493.xml,ML,FACTURACION,9f9d38b9c7c381512167578e96350c37773577bb9046ae2477758546d801374c,12928,NO INGESTADO,0,0.0
dteproveedor_7504.xml,ML\Documentos Recepcionados\dteproveedor_7504.xml,01_Raw\ML\Documentos Recepcionados\dteproveedor_7504.xml,ML,FACTURACION,6e24ca9e475f0850a578e4ab10f42a18d4642fc61918db5a9a6e1d4d7cf345a0,12771,NO INGESTADO,0,0.0
dteproveedor_7525.xml,ML\Documentos Recepcionados\dteproveedor_7525.xml,01_Raw\ML\Documentos Recepcionados\dteproveedor_7525.xml,ML,FACTURACION,d5229641842023d9be24b993f4748f4b39c0a73f662893db0ab8d3b017684f6d,12771,NO INGESTADO,0,0.0
dteproveedor_7529.xml,ML\Documentos Recepcionados\dteproveedor_7529.xml,01_Raw\ML\Documentos Recepcionados\dteproveedor_7529.xml,ML,FACTURACION,8746d3d5bc2f525ab419d4f13d546daa3891b25b31e9baf310da7f8679256c03,12936,NO INGESTADO,0,0.0
dteproveedor_7559.xml,ML\Documentos Recepcionados\dteproveedor_7559.xml,01_Raw\ML\Documentos Recepcionados\dteproveedor_7559.xml,ML,FACTURACION,fbf00a4767a769bab2baf98da71ded10be2c54743eba8b0dde8cb2878dd89f6e,12777,NO INGESTADO,0,0.0
dteproveedor_7570.xml,ML\Documentos Recepcionados\dteproveedor_7570.xml,01_Raw\ML\Documentos Recepcionados\dteproveedor_7570.xml,ML,FACTURACION,ac4a66893738b6ec89a6607b205a2eb816a2f5bcb814ead2558b1cfd4cac3345,13061,NO INGESTADO,0,0.0
Reporte_Facturacion_MercadoLibre_Abr2025.xlsx,ML\Facturacion\Reporte_Facturacion_MercadoLibre_Abr2025.xlsx,01_Raw\ML\Facturacion\Reporte_Facturacion_MercadoLibre_Abr2025.xlsx,ML,FACTURACION,289cb1ba6dd77e493602fb6be75f6886a7498879ba8b06e2ee689ddd5d7127b2,943248,INGERIDO,7610,48532799.23
Reporte_Facturacion_MercadoLibre_Abr2026.xlsx,ML\Facturacion\Reporte_Facturacion_MercadoLibre_Abr2026.xlsx,01_Raw\ML\Facturacion\Reporte_Facturacion_MercadoLibre_Abr2026.xlsx,ML,FACTURACION,fcea39ad2aa732ea05cd7121ef6be0abb949379ffc952aad0421f386932b4c2a,598669,INGERIDO,4671,29761882.41
Reporte_Facturacion_MercadoLibre_Ago2025.xlsx,ML\Facturacion\Reporte_Facturacion_MercadoLibre_Ago2025.xlsx,01_Raw\ML\Facturacion\Reporte_Facturacion_MercadoLibre_Ago2025.xlsx,ML,FACTURACION,0a59d036dcd4fa92e34873f74211292bc4dae46087876ec7662ecd54e2e18900,724257,INGERIDO,5681,33068938.34
Reporte_Facturacion_MercadoLibre_Dic2025.xlsx,ML\Facturacion\Reporte_Facturacion_MercadoLibre_Dic2025.xlsx,01_Raw\ML\Facturacion\Reporte_Facturacion_MercadoLibre_Dic2025.xlsx,ML,FACTURACION,13cadca465b9dc69c02cb49a63c66ba96abbf6bac478033390ea773d5f9989a0,1248613,INGERIDO,10014,54557310.66
Reporte_Facturacion_MercadoLibre_Ene2025.xlsx,ML\Facturacion\Reporte_Facturacion_MercadoLibre_Ene2025.xlsx,01_Raw\ML\Facturacion\Reporte_Facturacion_MercadoLibre_Ene2025.xlsx,ML,FACTURACION,49f6f4afad6182f97d3c6a411b46069a79770233b816d195cd4844d73cb62492,802844,INGERIDO,1425,4060448.8700000006
Reporte_Facturacion_MercadoLibre_Ene2026.xlsx,ML\Facturacion\Reporte_Facturacion_MercadoLibre_Ene2026.xlsx,01_Raw\ML\Facturacion\Reporte_Facturacion_MercadoLibre_Ene2026.xlsx,ML,FACTURACION,927a0008bab22041bef7790622370cf7b56bf0e73ea37c1e4680e5236ed79936,903108,INGERIDO,7139,32329987.5
Reporte_Facturacion_MercadoLibre_Feb2025.xlsx,ML\Facturacion\Reporte_Facturacion_MercadoLibre_Feb2025.xlsx,01_Raw\ML\Facturacion\Reporte_Facturacion_MercadoLibre_Feb2025.xlsx,ML,FACTURACION,8890b0f902dfbeb51ab364743963dc3125f58901ce361851155f81d64d05f10b,429373,INGERIDO,3468,9636074.49
Reporte_Facturacion_MercadoLibre_Feb2026.xlsx,ML\Facturacion\Reporte_Facturacion_MercadoLibre_Feb2026.xlsx,01_Raw\ML\Facturacion\Reporte_Facturacion_MercadoLibre_Feb2026.xlsx,ML,FACTURACION,5ea108233c9f59eca2d63cf1b632d90aa481c9a4b3c9f391069abfc313363f44,324896,INGERIDO,2491,12641931.0
Reporte_Facturacion_MercadoLibre_Jul2025.xlsx,ML\Facturacion\Reporte_Facturacion_MercadoLibre_Jul2025.xlsx,01_Raw\ML\Facturacion\Reporte_Facturacion_MercadoLibre_Jul2025.xlsx,ML,FACTURACION,f2dd6dfec71dd8dd7fd342beb6b7c5674fc0282cc8cd3eaa0a7e6ca149422ca9,782726,INGERIDO,6187,33425544.11
Reporte_Facturacion_MercadoLibre_Jun2025.xlsx,ML\Facturacion\Reporte_Facturacion_MercadoLibre_Jun2025.xlsx,01_Raw\ML\Facturacion\Reporte_Facturacion_MercadoLibre_Jun2025.xlsx,ML,FACTURACION,c9e2cb9b3138254b502ba95042d77894fa4c126a944289f344e53acc0548a242,1018884,INGERIDO,8160,49285906.10000001
Reporte_Facturacion_MercadoLibre_Jun2026.xlsx,ML\Facturacion\Reporte_Facturacion_MercadoLibre_Jun2026.xlsx,01_Raw\ML\Facturacion\Reporte_Facturacion_MercadoLibre_Jun2026.xlsx,ML,FACTURACION,4fadb2c1438a8d4a6979513a8b1fa174de83056ea8f0079c1c7c0a6c9a7089f9,833321,INGERIDO,6792,47011293.90000001
Reporte_Facturacion_MercadoLibre_Mar2025.xlsx,ML\Facturacion\Reporte_Facturacion_MercadoLibre_Mar2025.xlsx,01_Raw\ML\Facturacion\Reporte_Facturacion_MercadoLibre_Mar2025.xlsx,ML,FACTURACION,622eac222cea33e9f23cfd40044e99bff80c3720c290995ee166cea410f87c5f,397304,INGERIDO,3140,17423458.15
Reporte_Facturacion_MercadoLibre_Mar2026.xlsx,ML\Facturacion\Reporte_Facturacion_MercadoLibre_Mar2026.xlsx,01_Raw\ML\Facturacion\Reporte_Facturacion_MercadoLibre_Mar2026.xlsx,ML,FACTURACION,7c1c10fb39ec9e9b2d33d91580ece1902e4c124c339a1c0f181432e2fc9aa063,369390,INGERIDO,2855,15684940.5
Reporte_Facturacion_MercadoLibre_May2025.xlsx,ML\Facturacion\Reporte_Facturacion_MercadoLibre_May2025.xlsx,01_Raw\ML\Facturacion\Reporte_Facturacion_MercadoLibre_May2025.xlsx,ML,FACTURACION,f2c91859f38c17ae6d22a0844c1fb969e56fd823d4393b59b1d3b506f6ed613f,848299,INGERIDO,6744,49345553.0
Reporte_Facturacion_MercadoLibre_May2026.xlsx,ML\Facturacion\Reporte_Facturacion_MercadoLibre_May2026.xlsx,01_Raw\ML\Facturacion\Reporte_Facturacion_MercadoLibre_May2026.xlsx,ML,FACTURACION,60db3ec236edc9e5c7e4134bd6823b682a48754766cbe7b2a9f748ad4187e2e7,636611,INGERIDO,4936,34706695.699999996
Reporte_Facturacion_MercadoLibre_Nov2025.xlsx,ML\Facturacion\Reporte_Facturacion_MercadoLibre_Nov2025.xlsx,01_Raw\ML\Facturacion\Reporte_Facturacion_MercadoLibre_Nov2025.xlsx,ML,FACTURACION,4563e9863a4ab2c1c36c7cae03fe179042c45bb9414ff73300d76048d9a64578,746636,INGERIDO,5942,43129721.66
Reporte_Facturacion_MercadoLibre_Oct2025.xlsx,ML\Facturacion\Reporte_Facturacion_MercadoLibre_Oct2025.xlsx,01_Raw\ML\Facturacion\Reporte_Facturacion_MercadoLibre_Oct2025.xlsx,ML,FACTURACION,b37d3b9938014d15d5332390c9b13fe8744135c4ecfeb48eaf48e16f7441fbf9,750583,INGERIDO,5952,39022767.0
Reporte_Facturacion_MercadoLibre_Sept2025.xlsx,ML\Facturacion\Reporte_Facturacion_MercadoLibre_Sept2025.xlsx,01_Raw\ML\Facturacion\Reporte_Facturacion_MercadoLibre_Sept2025.xlsx,ML,FACTURACION,eb997e4627fa9fa943fba5756fdddd112cc5aff14b9511d4186df13cad8c3871,570262,INGERIDO,4399,28624391.0
_f3_03_fixture.xlsx,ML\Facturacion\_f3_03_fixture.xlsx,01_Raw\ML\Facturacion\_f3_03_fixture.xlsx,ML,GENERAL,cf935205916f51964757bb37e2563ea0a3f81a018eb8098a4197fc3a7c37c605,5108,INGERIDO,8,20800.0
Enero 2025.xlsx,ML\Liberaciones\2025-01 Enero\Enero 2025.xlsx,01_Raw\ML\Liberaciones\2025-01 Enero\Enero 2025.xlsx,ML,GENERAL,79aaa7cc90296871449ccb48a2a8b1f42d27490b99155c39336dc09f6bf4ae6b,1009670,NO INGESTADO,0,0.0
Febrero 2025.xlsx,ML\Liberaciones\2025-02 Febrero\Febrero 2025.xlsx,01_Raw\ML\Liberaciones\2025-02 Febrero\Febrero 2025.xlsx,ML,GENERAL,992d206d1557c9c4416cb0eea133abbc4b1918095a6635d4ac4e2d5707cbfc74,633001,NO INGESTADO,0,0.0
Marzo 2025.xlsx,ML\Liberaciones\2025-03 Marzo\Marzo 2025.xlsx,01_Raw\ML\Liberaciones\2025-03 Marzo\Marzo 2025.xlsx,ML,GENERAL,67672fc89bbe5e6660ed6afffdf1d741524f683ba22c74ac0aee424cb3f4a3ab,780187,NO INGESTADO,0,0.0
Abril 2025.xlsx,ML\Liberaciones\2025-04 Abril\Abril 2025.xlsx,01_Raw\ML\Liberaciones\2025-04 Abril\Abril 2025.xlsx,ML,GENERAL,be31b77d48884ffe7008aaf57e0792f6852876209ad2ce5adfe4f34f5cca037a,1191122,NO INGESTADO,0,0.0
Mayo 2025.xlsx,ML\Liberaciones\2025-05 Mayo\Mayo 2025.xlsx,01_Raw\ML\Liberaciones\2025-05 Mayo\Mayo 2025.xlsx,ML,GENERAL,dcb68a8623b57a7f650b41cd43abe4a7a658d6046b3cabb05dce7e51e6d0c37f,1295445,NO INGESTADO,0,0.0
Junio 2025.xlsx,ML\Liberaciones\2025-06 Junio\Junio 2025.xlsx,01_Raw\ML\Liberaciones\2025-06 Junio\Junio 2025.xlsx,ML,GENERAL,9336b7fd233c7dcc4bbaedf2a5a4d40d9d718e3f385a1c553ddf6e74b14da207,1289110,NO INGESTADO,0,0.0
Julio 2025.xlsx,ML\Liberaciones\2025-07 Julio\Julio 2025.xlsx,01_Raw\ML\Liberaciones\2025-07 Julio\Julio 2025.xlsx,ML,GENERAL,aef44c26bedc9bf7f58403be8ce0b9cd7f1acabf421a712d45e440f2bc09a466,1644304,NO INGESTADO,0,0.0
Agosto 2025.xlsx,ML\Liberaciones\2025-08 Agosto\Agosto 2025.xlsx,01_Raw\ML\Liberaciones\2025-08 Agosto\Agosto 2025.xlsx,ML,GENERAL,270d2e6bf5d029e167ab5769f15aaba685d23671df058847901bc9d2b5c7aa57,1148896,NO INGESTADO,0,0.0
Septiembre 2025.xlsx,ML\Liberaciones\2025-09 Septiembre\Septiembre 2025.xlsx,01_Raw\ML\Liberaciones\2025-09 Septiembre\Septiembre 2025.xlsx,ML,GENERAL,ae2adee9aac498d396803464d9bab8b723a0839e93832d86301cc59919b01b07,871020,NO INGESTADO,0,0.0
Octubre 2025.xlsx,ML\Liberaciones\2025-10 Octubre\Octubre 2025.xlsx,01_Raw\ML\Liberaciones\2025-10 Octubre\Octubre 2025.xlsx,ML,GENERAL,ed618d8f347894b92ea69e070b38e8c2630f9ca3adcb4835f0a0ee3d3be7eafe,1326588,NO INGESTADO,0,0.0
Noviembre 2025.xlsx,ML\Liberaciones\2025-11 Noviembre\Noviembre 2025.xlsx,01_Raw\ML\Liberaciones\2025-11 Noviembre\Noviembre 2025.xlsx,ML,GENERAL,24f42e4bf3ad87a8fc4a8193e1a58469adcfd2544d2cdea7ca917d659358d425,1660192,NO INGESTADO,0,0.0
Diciembre 2025.xlsx,ML\Liberaciones\2025-12 Diciembre\Diciembre 2025.xlsx,01_Raw\ML\Liberaciones\2025-12 Diciembre\Diciembre 2025.xlsx,ML,GENERAL,43943801d074bc03ff13ed5b24a2acc2b4d9093244ffa28dc098b75e91b2332b,2117096,NO INGESTADO,0,0.0
Enero 2026.xlsx,ML\Liberaciones\2026-01 Enero\Enero 2026.xlsx,01_Raw\ML\Liberaciones\2026-01 Enero\Enero 2026.xlsx,ML,GENERAL,fdc7ecad9d7ca85d67e3d27dd1b75be0c6dc9f8e6814c7fe7758304fa4c48b22,995369,NO INGESTADO,0,0.0
Febrero 2026.xlsx,ML\Liberaciones\2026-02 Febrero\Febrero 2026.xlsx,01_Raw\ML\Liberaciones\2026-02 Febrero\Febrero 2026.xlsx,ML,GENERAL,49d394b11c8385349ccc7083a7ab68481e988fa6bcb08bfc3c693758636c6e4a,617521,NO INGESTADO,0,0.0
Marzo 2026.xlsx,ML\Liberaciones\2026-03 Marzo\Marzo 2026.xlsx,01_Raw\ML\Liberaciones\2026-03 Marzo\Marzo 2026.xlsx,ML,GENERAL,c7afd1ad4951e61be95ea065df2d2904d5cdc5386871372edc3a036b6caec6ab,711858,NO INGESTADO,0,0.0
Abril 2026.xlsx,ML\Liberaciones\2026-04 Abril\Abril 2026.xlsx,01_Raw\ML\Liberaciones\2026-04 Abril\Abril 2026.xlsx,ML,GENERAL,19c84c2b774f1f9acedba328fa819e7acb641f8a3bac62d5ee771f9e6c3f9a3a,1027030,NO INGESTADO,0,0.0
1may2026 a 31may2026.xlsx,ML\Liberaciones\2026-05 Mayo\1may2026 a 31may2026.xlsx,01_Raw\ML\Liberaciones\2026-05 Mayo\1may2026 a 31may2026.xlsx,ML,GENERAL,b01c2fb21c9aa0a999ebed9d386f52ec16365e0cd178da24281b4ea6db5a7cfa,1111111,NO INGESTADO,0,0.0
1jun2026 a 30jun2026.xlsx,ML\Liberaciones\2026-06 Junio\1jun2026 a 30jun2026.xlsx,01_Raw\ML\Liberaciones\2026-06 Junio\1jun2026 a 30jun2026.xlsx,ML,GENERAL,d194a6718b32e55e3357362f31567ef380e9063d502ec06417ecc5afd937df51,1361274,NO INGESTADO,0,0.0
1jun2026 a 5jun 2026.xlsx,ML\Liberaciones\2026-06 Junio\1jun2026 a 5jun 2026.xlsx,01_Raw\ML\Liberaciones\2026-06 Junio\1jun2026 a 5jun 2026.xlsx,ML,GENERAL,d35d8aef50b09b1e073be7211b709bb341e764b10f5dc860420529fb03df79d6,240244,NO INGESTADO,0,0.0
liquidacion-2025-01-01--2025-01-05.xlsx,ML\Liquidacion_FF\2025-01 Enero\liquidacion-2025-01-01--2025-01-05.xlsx,01_Raw\ML\Liquidacion_FF\2025-01 Enero\liquidacion-2025-01-01--2025-01-05.xlsx,ML,LIQUIDACION,6511c8987ee33bff5062d8b99aaa8e268d4ab72fd591380211f3d6882c1d2ee2,17940,NO INGESTADO,0,0.0
liquidacion-2025-01-06--2025-01-12.xlsx,ML\Liquidacion_FF\2025-01 Enero\liquidacion-2025-01-06--2025-01-12.xlsx,01_Raw\ML\Liquidacion_FF\2025-01 Enero\liquidacion-2025-01-06--2025-01-12.xlsx,ML,LIQUIDACION,609b46380c0b9c60de6738bfcc8071e9522ab5b359138de736b4479e2090279b,24998,NO INGESTADO,0,0.0
liquidacion-2025-01-13--2025-01-19.xlsx,ML\Liquidacion_FF\2025-01 Enero\liquidacion-2025-01-13--2025-01-19.xlsx,01_Raw\ML\Liquidacion_FF\2025-01 Enero\liquidacion-2025-01-13--2025-01-19.xlsx,ML,LIQUIDACION,09efcf436907c5b04d7b6fc846ba476df35f8796b95da6d0d058bccaa9b0dd4e,29320,NO INGESTADO,0,0.0
liquidacion-2025-01-20--2025-01-26.xlsx,ML\Liquidacion_FF\2025-01 Enero\liquidacion-2025-01-20--2025-01-26.xlsx,01_Raw\ML\Liquidacion_FF\2025-01 Enero\liquidacion-2025-01-20--2025-01-26.xlsx,ML,LIQUIDACION,1438894286849b95c8387f0d455f8ddc55795c09fb2c422a4a0d94f5eb0dce5a,21448,NO INGESTADO,0,0.0
liquidacion-2025-01-27--2025-01-31.xlsx,ML\Liquidacion_FF\2025-01 Enero\liquidacion-2025-01-27--2025-01-31.xlsx,01_Raw\ML\Liquidacion_FF\2025-01 Enero\liquidacion-2025-01-27--2025-01-31.xlsx,ML,LIQUIDACION,7d3690408456af7ec1c370d97bc3843eb76d3288f3d07848c0357affaf32be8e,15844,NO INGESTADO,0,0.0
liquidacion-2025-02-01--2025-02-02.xlsx,ML\Liquidacion_FF\2025-02 Febrero\liquidacion-2025-02-01--2025-02-02.xlsx,01_Raw\ML\Liquidacion_FF\2025-02 Febrero\liquidacion-2025-02-01--2025-02-02.xlsx,ML,LIQUIDACION,cdc3ca9275026f056fe0b65788d417f0a9bbba24364a1e7d7ccd30bc5ce3b0ff,9871,NO INGESTADO,0,0.0
liquidacion-2025-02-03--2025-02-09.xlsx,ML\Liquidacion_FF\2025-02 Febrero\liquidacion-2025-02-03--2025-02-09.xlsx,01_Raw\ML\Liquidacion_FF\2025-02 Febrero\liquidacion-2025-02-03--2025-02-09.xlsx,ML,LIQUIDACION,e941340dc1b7f02d26b858011dc9ee4d49df47dbd1865fd5142c9c0a56d497c9,20784,NO INGESTADO,0,0.0
liquidacion-2025-02-10--2025-02-16.xlsx,ML\Liquidacion_FF\2025-02 Febrero\liquidacion-2025-02-10--2025-02-16.xlsx,01_Raw\ML\Liquidacion_FF\2025-02 Febrero\liquidacion-2025-02-10--2025-02-16.xlsx,ML,LIQUIDACION,277a88046f5bc0857f2dba04f8410e32ac8f2f3abfd97412b834f5c5661d86d6,19286,NO INGESTADO,0,0.0
liquidacion-2025-02-17--2025-02-23.xlsx,ML\Liquidacion_FF\2025-02 Febrero\liquidacion-2025-02-17--2025-02-23.xlsx,01_Raw\ML\Liquidacion_FF\2025-02 Febrero\liquidacion-2025-02-17--2025-02-23.xlsx,ML,LIQUIDACION,ea382ff48f0948c03a75ca95b9c6cf9d8088f5650ffc3279e551041a4096c7a8,19315,NO INGESTADO,0,0.0
liquidacion-2025-02-24--2025-02-28.xlsx,ML\Liquidacion_FF\2025-02 Febrero\liquidacion-2025-02-24--2025-02-28.xlsx,01_Raw\ML\Liquidacion_FF\2025-02 Febrero\liquidacion-2025-02-24--2025-02-28.xlsx,ML,LIQUIDACION,7b48043c8e3dede5d82390ade6fa02ef7732db77570a9447bb2d02b46a426456,18948,NO INGESTADO,0,0.0
liquidacion-2025-03-01--2025-03-02.xlsx,ML\Liquidacion_FF\2025-03 Marzo\liquidacion-2025-03-01--2025-03-02.xlsx,01_Raw\ML\Liquidacion_FF\2025-03 Marzo\liquidacion-2025-03-01--2025-03-02.xlsx,ML,LIQUIDACION,fa8699acb243d883b0727515623c05eb7c99de83f73517da21d336b2055766b3,11761,NO INGESTADO,0,0.0
liquidacion-2025-03-03--2025-03-09.xlsx,ML\Liquidacion_FF\2025-03 Marzo\liquidacion-2025-03-03--2025-03-09.xlsx,01_Raw\ML\Liquidacion_FF\2025-03 Marzo\liquidacion-2025-03-03--2025-03-09.xlsx,ML,LIQUIDACION,876e6f6588e8faec6c48ca8645e9dcc6c77b249d1f48daa9e31bb667b39b9fb7,23852,NO INGESTADO,0,0.0
liquidacion-2025-03-10--2025-03-16.xlsx,ML\Liquidacion_FF\2025-03 Marzo\liquidacion-2025-03-10--2025-03-16.xlsx,01_Raw\ML\Liquidacion_FF\2025-03 Marzo\liquidacion-2025-03-10--2025-03-16.xlsx,ML,LIQUIDACION,ab261d72895b1adafa01c4b8897007d3672d0aa2597c505ac1038f3c359414c4,32333,NO INGESTADO,0,0.0
liquidacion-2025-03-17--2025-03-23.xlsx,ML\Liquidacion_FF\2025-03 Marzo\liquidacion-2025-03-17--2025-03-23.xlsx,01_Raw\ML\Liquidacion_FF\2025-03 Marzo\liquidacion-2025-03-17--2025-03-23.xlsx,ML,LIQUIDACION,044ae779ee4bc655884d5b3e4a80637a6f16d188efed1719daa26545c18c6736,36624,NO INGESTADO,0,0.0
liquidacion-2025-03-24--2025-03-30.xlsx,ML\Liquidacion_FF\2025-03 Marzo\liquidacion-2025-03-24--2025-03-30.xlsx,01_Raw\ML\Liquidacion_FF\2025-03 Marzo\liquidacion-2025-03-24--2025-03-30.xlsx,ML,LIQUIDACION,a1e24961142ab5dca952868dcbe524fdf637f12ff09d16d08e9aa8a5f726d187,56020,NO INGESTADO,0,0.0
liquidacion-2025-03-31--2025-03-31.xlsx,ML\Liquidacion_FF\2025-03 Marzo\liquidacion-2025-03-31--2025-03-31.xlsx,01_Raw\ML\Liquidacion_FF\2025-03 Marzo\liquidacion-2025-03-31--2025-03-31.xlsx,ML,LIQUIDACION,62a482283259dea54c93f2bfc850daeefa9729a36dadd9af81296b1686cb4e73,15032,NO INGESTADO,0,0.0
liquidacion-2025-04-01--2025-04-06.xlsx,ML\Liquidacion_FF\2025-04 Abril\liquidacion-2025-04-01--2025-04-06.xlsx,01_Raw\ML\Liquidacion_FF\2025-04 Abril\liquidacion-2025-04-01--2025-04-06.xlsx,ML,LIQUIDACION,7c4519fc2f69f7db6ce4dfdcbbecfac9641419515bae27e0f5b3a0757d2b60dd,50987,NO INGESTADO,0,0.0
liquidacion-2025-04-07--2025-04-13.xlsx,ML\Liquidacion_FF\2025-04 Abril\liquidacion-2025-04-07--2025-04-13.xlsx,01_Raw\ML\Liquidacion_FF\2025-04 Abril\liquidacion-2025-04-07--2025-04-13.xlsx,ML,LIQUIDACION,c3f4ff5c49966c1d2c001e68f76464fef42cd41d290c5285bf28f49de18ffd2a,38343,NO INGESTADO,0,0.0
liquidacion-2025-04-14--2025-04-20.xlsx,ML\Liquidacion_FF\2025-04 Abril\liquidacion-2025-04-14--2025-04-20.xlsx,01_Raw\ML\Liquidacion_FF\2025-04 Abril\liquidacion-2025-04-14--2025-04-20.xlsx,ML,LIQUIDACION,382a67d972f4ca81adf4cb5a2ba0a2a3d41f2d2dff9db5599ccc842fc44a0a0a,38920,NO INGESTADO,0,0.0
liquidacion-2025-04-21--2025-04-27.xlsx,ML\Liquidacion_FF\2025-04 Abril\liquidacion-2025-04-21--2025-04-27.xlsx,01_Raw\ML\Liquidacion_FF\2025-04 Abril\liquidacion-2025-04-21--2025-04-27.xlsx,ML,LIQUIDACION,7178e14ef577d4a1dec7b2e9ff2196b1505d895fa6d590cbb22098cf889c5e6f,46710,NO INGESTADO,0,0.0
liquidacion-2025-04-28--2025-04-30.xlsx,ML\Liquidacion_FF\2025-04 Abril\liquidacion-2025-04-28--2025-04-30.xlsx,01_Raw\ML\Liquidacion_FF\2025-04 Abril\liquidacion-2025-04-28--2025-04-30.xlsx,ML,LIQUIDACION,2103ca1a7a7e7b5c1dfabab3fb86551a7e0370ef9b6fdd765bdce3585756a727,32847,NO INGESTADO,0,0.0
liquidacion-2025-05-01--2025-05-04.xlsx,ML\Liquidacion_FF\2025-05 Mayo\liquidacion-2025-05-01--2025-05-04.xlsx,01_Raw\ML\Liquidacion_FF\2025-05 Mayo\liquidacion-2025-05-01--2025-05-04.xlsx,ML,LIQUIDACION,c9cd87541347a3f698ceec159c24d20c6ac28436d46232b4edca5995e4f3c533,23727,NO INGESTADO,0,0.0
liquidacion-2025-05-05--2025-05-11.xlsx,ML\Liquidacion_FF\2025-05 Mayo\liquidacion-2025-05-05--2025-05-11.xlsx,01_Raw\ML\Liquidacion_FF\2025-05 Mayo\liquidacion-2025-05-05--2025-05-11.xlsx,ML,LIQUIDACION,a280acea297c6993408b436700760017c58469faa8d89a8b2dee267449298901,72309,NO INGESTADO,0,0.0
liquidacion-2025-05-12--2025-05-18.xlsx,ML\Liquidacion_FF\2025-05 Mayo\liquidacion-2025-05-12--2025-05-18.xlsx,01_Raw\ML\Liquidacion_FF\2025-05 Mayo\liquidacion-2025-05-12--2025-05-18.xlsx,ML,LIQUIDACION,3db4d0daa0f7720e767b4279bb93f26386f166c800db3313bafb19d0d4a42796,62014,NO INGESTADO,0,0.0
liquidacion-2025-05-19--2025-05-25.xlsx,ML\Liquidacion_FF\2025-05 Mayo\liquidacion-2025-05-19--2025-05-25.xlsx,01_Raw\ML\Liquidacion_FF\2025-05 Mayo\liquidacion-2025-05-19--2025-05-25.xlsx,ML,LIQUIDACION,66a35e84b57b48724d78193b5641ea40a367560d09894b6caaf8d72ccc9f2ad2,50755,NO INGESTADO,0,0.0
liquidacion-2025-05-26--2025-05-31.xlsx,ML\Liquidacion_FF\2025-05 Mayo\liquidacion-2025-05-26--2025-05-31.xlsx,01_Raw\ML\Liquidacion_FF\2025-05 Mayo\liquidacion-2025-05-26--2025-05-31.xlsx,ML,LIQUIDACION,ab11be6016c0154c8a5ada08f01d821988479ecc3f179b8c82a67b8ebc91d290,43600,NO INGESTADO,0,0.0
liquidacion-2025-06-01--2025-06-01.xlsx,ML\Liquidacion_FF\2025-06 Junio\liquidacion-2025-06-01--2025-06-01.xlsx,01_Raw\ML\Liquidacion_FF\2025-06 Junio\liquidacion-2025-06-01--2025-06-01.xlsx,ML,LIQUIDACION,6470372dc8cd15cf8793680707383db148a3f3b2b9bfd4c9a3aefe6304149ea7,13166,NO INGESTADO,0,0.0
liquidacion-2025-06-02--2025-06-08.xlsx,ML\Liquidacion_FF\2025-06 Junio\liquidacion-2025-06-02--2025-06-08.xlsx,01_Raw\ML\Liquidacion_FF\2025-06 Junio\liquidacion-2025-06-02--2025-06-08.xlsx,ML,LIQUIDACION,022c096ad493d5763fb0579a6fd7185cefbdfc2256683bee567c7815bd65b431,77079,NO INGESTADO,0,0.0
liquidacion-2025-06-09--2025-06-15.xlsx,ML\Liquidacion_FF\2025-06 Junio\liquidacion-2025-06-09--2025-06-15.xlsx,01_Raw\ML\Liquidacion_FF\2025-06 Junio\liquidacion-2025-06-09--2025-06-15.xlsx,ML,LIQUIDACION,79282b127bf51570e625f8331ef1f89b7278c36f534cb7ef317d8bd6fc40b557,35126,NO INGESTADO,0,0.0
liquidacion-2025-06-16--2025-06-22.xlsx,ML\Liquidacion_FF\2025-06 Junio\liquidacion-2025-06-16--2025-06-22.xlsx,01_Raw\ML\Liquidacion_FF\2025-06 Junio\liquidacion-2025-06-16--2025-06-22.xlsx,ML,LIQUIDACION,28c0202463d0465a7f41b4ea5055f35b3f191e18866cc7ad7ef436842b950fc8,29863,NO INGESTADO,0,0.0
liquidacion-2025-06-23--2025-06-29.xlsx,ML\Liquidacion_FF\2025-06 Junio\liquidacion-2025-06-23--2025-06-29.xlsx,01_Raw\ML\Liquidacion_FF\2025-06 Junio\liquidacion-2025-06-23--2025-06-29.xlsx,ML,LIQUIDACION,01c1db8f3a9bd76eaa51152130391e1389ffdfeae1454e8074044957e3d5ec5e,40730,NO INGESTADO,0,0.0
liquidacion-2025-06-30--2025-06-30.xlsx,ML\Liquidacion_FF\2025-06 Junio\liquidacion-2025-06-30--2025-06-30.xlsx,01_Raw\ML\Liquidacion_FF\2025-06 Junio\liquidacion-2025-06-30--2025-06-30.xlsx,ML,LIQUIDACION,681c3ad17bc92db97e3e8ce581ae7614f69bd509e124f95b19d0eb58f46e0eeb,19891,NO INGESTADO,0,0.0
liquidacion-2025-07-01--2025-07-06.xlsx,ML\Liquidacion_FF\2025-07 Julio\liquidacion-2025-07-01--2025-07-06.xlsx,01_Raw\ML\Liquidacion_FF\2025-07 Julio\liquidacion-2025-07-01--2025-07-06.xlsx,ML,LIQUIDACION,0d3689a0d8d0fc5e8e6283faf1ab0e56501d7b4b250a4dc737305fb79af7d5e8,42162,NO INGESTADO,0,0.0
liquidacion-2025-07-07--2025-07-13.xlsx,ML\Liquidacion_FF\2025-07 Julio\liquidacion-2025-07-07--2025-07-13.xlsx,01_Raw\ML\Liquidacion_FF\2025-07 Julio\liquidacion-2025-07-07--2025-07-13.xlsx,ML,LIQUIDACION,d57b7f7a7ebf9eac5eec6a50155b82bd25781439f0db6b9c984bf89a2f2d78cf,30877,NO INGESTADO,0,0.0
liquidacion-2025-07-14--2025-07-20.xlsx,ML\Liquidacion_FF\2025-07 Julio\liquidacion-2025-07-14--2025-07-20.xlsx,01_Raw\ML\Liquidacion_FF\2025-07 Julio\liquidacion-2025-07-14--2025-07-20.xlsx,ML,LIQUIDACION,191530fc63b4ea0290ab29ad0730560b0c77a9c8a0255d7c50c9cbbe8a99f0a8,25950,NO INGESTADO,0,0.0
liquidacion-2025-07-21--2025-07-27.xlsx,ML\Liquidacion_FF\2025-07 Julio\liquidacion-2025-07-21--2025-07-27.xlsx,01_Raw\ML\Liquidacion_FF\2025-07 Julio\liquidacion-2025-07-21--2025-07-27.xlsx,ML,LIQUIDACION,80b98fdfb7ba1c35a79ed8f4025472b23790628c3eb8d34b7a0105a5c3768f2a,24253,NO INGESTADO,0,0.0
liquidacion-2025-07-28--2025-07-31.xlsx,ML\Liquidacion_FF\2025-07 Julio\liquidacion-2025-07-28--2025-07-31.xlsx,01_Raw\ML\Liquidacion_FF\2025-07 Julio\liquidacion-2025-07-28--2025-07-31.xlsx,ML,LIQUIDACION,4b9a345854bdbbeba7c36608590424af7c6ef769b2341bd945cd1adbaee84791,22702,NO INGESTADO,0,0.0
liquidacion-2025-08-01--2025-08-03.xlsx,ML\Liquidacion_FF\2025-08 Agosto\liquidacion-2025-08-01--2025-08-03.xlsx,01_Raw\ML\Liquidacion_FF\2025-08 Agosto\liquidacion-2025-08-01--2025-08-03.xlsx,ML,LIQUIDACION,9376a046291f81db1397298d4e80af3a800f20c673e5f26161b501a3d2bef80f,15945,NO INGESTADO,0,0.0
liquidacion-2025-08-04--2025-08-10.xlsx,ML\Liquidacion_FF\2025-08 Agosto\liquidacion-2025-08-04--2025-08-10.xlsx,01_Raw\ML\Liquidacion_FF\2025-08 Agosto\liquidacion-2025-08-04--2025-08-10.xlsx,ML,LIQUIDACION,e53c9f13d20c731b6693e82e5ff5f4cadd1a0506a83c8fb4a0e9bcea9a331adc,17042,NO INGESTADO,0,0.0
liquidacion-2025-08-11--2025-08-17.xlsx,ML\Liquidacion_FF\2025-08 Agosto\liquidacion-2025-08-11--2025-08-17.xlsx,01_Raw\ML\Liquidacion_FF\2025-08 Agosto\liquidacion-2025-08-11--2025-08-17.xlsx,ML,LIQUIDACION,1c01f6d2c6f96b0e0b449439a741a84c327f48085a80086d0e835a32065b0c4d,14320,NO INGESTADO,0,0.0
liquidacion-2025-08-18--2025-08-24.xlsx,ML\Liquidacion_FF\2025-08 Agosto\liquidacion-2025-08-18--2025-08-24.xlsx,01_Raw\ML\Liquidacion_FF\2025-08 Agosto\liquidacion-2025-08-18--2025-08-24.xlsx,ML,LIQUIDACION,a4b381d3f8c30b73d12c1fe82c26c89baf75f483be0e64102f90fab01db47195,15205,NO INGESTADO,0,0.0
liquidacion-2025-08-25--2025-08-31.xlsx,ML\Liquidacion_FF\2025-08 Agosto\liquidacion-2025-08-25--2025-08-31.xlsx,01_Raw\ML\Liquidacion_FF\2025-08 Agosto\liquidacion-2025-08-25--2025-08-31.xlsx,ML,LIQUIDACION,298163d5691a4f0aa3f5f5165e846d393ca3ff8b200b09595e35de9012030ce1,18196,NO INGESTADO,0,0.0
liquidacion-2025-09-01--2025-09-07.xlsx,ML\Liquidacion_FF\2025-09 Septiembre\liquidacion-2025-09-01--2025-09-07.xlsx,01_Raw\ML\Liquidacion_FF\2025-09 Septiembre\liquidacion-2025-09-01--2025-09-07.xlsx,ML,LIQUIDACION,0ecadbebc8ed06a18dc319731442cdd84f61407e0041ae5f28722106564450a5,17729,NO INGESTADO,0,0.0
liquidacion-2025-09-08--2025-09-14.xlsx,ML\Liquidacion_FF\2025-09 Septiembre\liquidacion-2025-09-08--2025-09-14.xlsx,01_Raw\ML\Liquidacion_FF\2025-09 Septiembre\liquidacion-2025-09-08--2025-09-14.xlsx,ML,LIQUIDACION,02f2ff0ff71be9163f5a4ea784a5476fc6eba92b53d808c58752adeef0c1891c,17579,NO INGESTADO,0,0.0
liquidacion-2025-09-15--2025-09-21.xlsx,ML\Liquidacion_FF\2025-09 Septiembre\liquidacion-2025-09-15--2025-09-21.xlsx,01_Raw\ML\Liquidacion_FF\2025-09 Septiembre\liquidacion-2025-09-15--2025-09-21.xlsx,ML,LIQUIDACION,7b34bed2dc6608c03a2ffd118181e96c91f13552114afb9fa3ed44c112d28f74,13271,NO INGESTADO,0,0.0
liquidacion-2025-09-22--2025-09-28.xlsx,ML\Liquidacion_FF\2025-09 Septiembre\liquidacion-2025-09-22--2025-09-28.xlsx,01_Raw\ML\Liquidacion_FF\2025-09 Septiembre\liquidacion-2025-09-22--2025-09-28.xlsx,ML,LIQUIDACION,3ac3e2c2d6e3a40139d9edebd4b09907ee5222aac6205994178ea9edd466995f,15243,NO INGESTADO,0,0.0
liquidacion-2025-09-29--2025-09-30.xlsx,ML\Liquidacion_FF\2025-09 Septiembre\liquidacion-2025-09-29--2025-09-30.xlsx,01_Raw\ML\Liquidacion_FF\2025-09 Septiembre\liquidacion-2025-09-29--2025-09-30.xlsx,ML,LIQUIDACION,46a96e6f536e063d8e3c268e2cd466ebad74c45b5a5d4a51cea024578e3baba8,11656,NO INGESTADO,0,0.0
liquidacion-2025-10-01--2025-10-05.xlsx,ML\Liquidacion_FF\2025-10 Octubre\liquidacion-2025-10-01--2025-10-05.xlsx,01_Raw\ML\Liquidacion_FF\2025-10 Octubre\liquidacion-2025-10-01--2025-10-05.xlsx,ML,LIQUIDACION,bfb092a14cb8b57406cb93f011cf172e774974a1cde7c16dacd6b05a1893a583,16693,NO INGESTADO,0,0.0
liquidacion-2025-10-06--2025-10-12.xlsx,ML\Liquidacion_FF\2025-10 Octubre\liquidacion-2025-10-06--2025-10-12.xlsx,01_Raw\ML\Liquidacion_FF\2025-10 Octubre\liquidacion-2025-10-06--2025-10-12.xlsx,ML,LIQUIDACION,2505c477a9d600d1e3307d84c43ba3bf3b1b95389855c18105557c897c8069af,44179,NO INGESTADO,0,0.0
liquidacion-2025-10-13--2025-10-19.xlsx,ML\Liquidacion_FF\2025-10 Octubre\liquidacion-2025-10-13--2025-10-19.xlsx,01_Raw\ML\Liquidacion_FF\2025-10 Octubre\liquidacion-2025-10-13--2025-10-19.xlsx,ML,LIQUIDACION,cfcfb77f3e9b98c456bdb083628b37e6ed61997fd3216adb41e22b4dfa1cebe6,25186,NO INGESTADO,0,0.0
liquidacion-2025-10-20--2025-10-26.xlsx,ML\Liquidacion_FF\2025-10 Octubre\liquidacion-2025-10-20--2025-10-26.xlsx,01_Raw\ML\Liquidacion_FF\2025-10 Octubre\liquidacion-2025-10-20--2025-10-26.xlsx,ML,LIQUIDACION,ca2b35e7c4c0380b35112a2d77a7a22bebf9d62f339429ad6ac92fcdb24e82fa,23307,NO INGESTADO,0,0.0
liquidacion-2025-10-27--2025-10-31.xlsx,ML\Liquidacion_FF\2025-10 Octubre\liquidacion-2025-10-27--2025-10-31.xlsx,01_Raw\ML\Liquidacion_FF\2025-10 Octubre\liquidacion-2025-10-27--2025-10-31.xlsx,ML,LIQUIDACION,9b203efab7ca8da5364b0440578ba1b12f50079f6cad09c0e732fc5b98e389ba,25169,NO INGESTADO,0,0.0
liquidacion-2025-11-01--2025-11-02.xlsx,ML\Liquidacion_FF\2025-11 Noviembre\liquidacion-2025-11-01--2025-11-02.xlsx,01_Raw\ML\Liquidacion_FF\2025-11 Noviembre\liquidacion-2025-11-01--2025-11-02.xlsx,ML,LIQUIDACION,a3c10d2144ff045f8edc979b7ffe8c181c5d9604c0f9bd98350a09c1ab9f3458,15787,NO INGESTADO,0,0.0
liquidacion-2025-11-03--2025-11-09.xlsx,ML\Liquidacion_FF\2025-11 Noviembre\liquidacion-2025-11-03--2025-11-09.xlsx,01_Raw\ML\Liquidacion_FF\2025-11 Noviembre\liquidacion-2025-11-03--2025-11-09.xlsx,ML,LIQUIDACION,91625d0082e6832801326101b391c0c955c27b0a60e07fdc07c2d5e2f7fdd1f5,33007,NO INGESTADO,0,0.0
liquidacion-2025-11-10--2025-11-16.xlsx,ML\Liquidacion_FF\2025-11 Noviembre\liquidacion-2025-11-10--2025-11-16.xlsx,01_Raw\ML\Liquidacion_FF\2025-11 Noviembre\liquidacion-2025-11-10--2025-11-16.xlsx,ML,LIQUIDACION,62d02d5286150e605f8f321f27db4da3a12426af5c8fa025bda51939e0ea1c91,42680,NO INGESTADO,0,0.0
liquidacion-2025-11-17--2025-11-23.xlsx,ML\Liquidacion_FF\2025-11 Noviembre\liquidacion-2025-11-17--2025-11-23.xlsx,01_Raw\ML\Liquidacion_FF\2025-11 Noviembre\liquidacion-2025-11-17--2025-11-23.xlsx,ML,LIQUIDACION,ae7b034d5532f0885f6b755c0326bde4bd77b76798fda63e74d239798fd5856c,41524,NO INGESTADO,0,0.0
liquidacion-2025-11-24--2025-11-30-1.xlsx,ML\Liquidacion_FF\2025-11 Noviembre\liquidacion-2025-11-24--2025-11-30-1.xlsx,01_Raw\ML\Liquidacion_FF\2025-11 Noviembre\liquidacion-2025-11-24--2025-11-30-1.xlsx,ML,LIQUIDACION,a8683db45ef086cc144d537230284c661e92024a15d44a0932b7828496499a47,55664,NO INGESTADO,0,0.0
liquidacion-2025-11-24--2025-11-30-2.xlsx,ML\Liquidacion_FF\2025-11 Noviembre\liquidacion-2025-11-24--2025-11-30-2.xlsx,01_Raw\ML\Liquidacion_FF\2025-11 Noviembre\liquidacion-2025-11-24--2025-11-30-2.xlsx,ML,LIQUIDACION,6ad16ac48b9a3be229ca9531eaed7de7ff11ccb8223d137e5616f28b2093abc4,9369,NO INGESTADO,0,0.0
liquidacion-2025-11-29--2025-11-30.xlsx,ML\Liquidacion_FF\2025-11 Noviembre\liquidacion-2025-11-29--2025-11-30.xlsx,01_Raw\ML\Liquidacion_FF\2025-11 Noviembre\liquidacion-2025-11-29--2025-11-30.xlsx,ML,LIQUIDACION,d4a2f7da56e74d8805aaec469fcb96e6350d0d85ff8cb892df2f8ff73e9cd559,9369,NO INGESTADO,0,0.0
liquidacion-2025-12-01--2025-12-07.xlsx,ML\Liquidacion_FF\2025-12 Diciembre\liquidacion-2025-12-01--2025-12-07.xlsx,01_Raw\ML\Liquidacion_FF\2025-12 Diciembre\liquidacion-2025-12-01--2025-12-07.xlsx,ML,LIQUIDACION,1f7a3aaf162164a1d8bf8955ad35f339e17638409113b7495c38afd95fcb3c31,57670,NO INGESTADO,0,0.0
liquidacion-2025-12-08--2025-12-14.xlsx,ML\Liquidacion_FF\2025-12 Diciembre\liquidacion-2025-12-08--2025-12-14.xlsx,01_Raw\ML\Liquidacion_FF\2025-12 Diciembre\liquidacion-2025-12-08--2025-12-14.xlsx,ML,LIQUIDACION,61e6e0dd733e618b4c4385ddf30f08a982cf66cda19a52a320f63fb6163f763e,50553,NO INGESTADO,0,0.0
liquidacion-2025-12-15--2025-12-21.xlsx,ML\Liquidacion_FF\2025-12 Diciembre\liquidacion-2025-12-15--2025-12-21.xlsx,01_Raw\ML\Liquidacion_FF\2025-12 Diciembre\liquidacion-2025-12-15--2025-12-21.xlsx,ML,LIQUIDACION,3fe033605c1772b1577e0c35679763ef1edd29bb0fe4157ecadc971f9d6119bf,52639,NO INGESTADO,0,0.0
liquidacion-2025-12-22--2025-12-28.xlsx,ML\Liquidacion_FF\2025-12 Diciembre\liquidacion-2025-12-22--2025-12-28.xlsx,01_Raw\ML\Liquidacion_FF\2025-12 Diciembre\liquidacion-2025-12-22--2025-12-28.xlsx,ML,LIQUIDACION,7de2ddc4d28b866fb61c5f9c23e2f42f4b18e07426bf3a0efec7635dd8c7f588,41927,NO INGESTADO,0,0.0
liquidacion-2025-12-29--2025-12-31.xlsx,ML\Liquidacion_FF\2025-12 Diciembre\liquidacion-2025-12-29--2025-12-31.xlsx,01_Raw\ML\Liquidacion_FF\2025-12 Diciembre\liquidacion-2025-12-29--2025-12-31.xlsx,ML,LIQUIDACION,857c4d1bcb8bd93fb9a8fa2e6b1286840d0df7a13d297d0308258b60d32f15a9,25725,NO INGESTADO,0,0.0
liquidacion-2026-01-01--2026-01-04.xlsx,ML\Liquidacion_FF\2026-01 Enero\liquidacion-2026-01-01--2026-01-04.xlsx,01_Raw\ML\Liquidacion_FF\2026-01 Enero\liquidacion-2026-01-01--2026-01-04.xlsx,ML,LIQUIDACION,f4a1da75136c2ffea8d23fbf0491de8b3e10d26e3b853ead7c384c83a97c85cc,15286,NO INGESTADO,0,0.0
liquidacion-2026-01-05--2026-01-11.xlsx,ML\Liquidacion_FF\2026-01 Enero\liquidacion-2026-01-05--2026-01-11.xlsx,01_Raw\ML\Liquidacion_FF\2026-01 Enero\liquidacion-2026-01-05--2026-01-11.xlsx,ML,LIQUIDACION,a91bbfe96a4b61a2d1f87a7cdcca15cf5c9300e462b31e9783d7d590451759c3,31702,NO INGESTADO,0,0.0
liquidacion-2026-01-12--2026-01-18.xlsx,ML\Liquidacion_FF\2026-01 Enero\liquidacion-2026-01-12--2026-01-18.xlsx,01_Raw\ML\Liquidacion_FF\2026-01 Enero\liquidacion-2026-01-12--2026-01-18.xlsx,ML,LIQUIDACION,4e9b7eada41aa6911ce180c35b0868e97ead553dc7e74974357b961b2a36cdcd,22763,NO INGESTADO,0,0.0
liquidacion-2026-01-19--2026-01-25.xlsx,ML\Liquidacion_FF\2026-01 Enero\liquidacion-2026-01-19--2026-01-25.xlsx,01_Raw\ML\Liquidacion_FF\2026-01 Enero\liquidacion-2026-01-19--2026-01-25.xlsx,ML,LIQUIDACION,273d0e8ac22e1d2116306676f0bef126ac87be5740ced75d89c88f5057b84c97,15769,NO INGESTADO,0,0.0
liquidacion-2026-01-26--2026-01-31.xlsx,ML\Liquidacion_FF\2026-01 Enero\liquidacion-2026-01-26--2026-01-31.xlsx,01_Raw\ML\Liquidacion_FF\2026-01 Enero\liquidacion-2026-01-26--2026-01-31.xlsx,ML,LIQUIDACION,6147b475c2511a00b6c00dec3b73cb9d973550c20253d2936bf6b1c6f0cbac03,15206,NO INGESTADO,0,0.0
liquidacion-2026-02-01--2026-02-01.xlsx,ML\Liquidacion_FF\2026-02- Febrero\liquidacion-2026-02-01--2026-02-01.xlsx,01_Raw\ML\Liquidacion_FF\2026-02- Febrero\liquidacion-2026-02-01--2026-02-01.xlsx,ML,LIQUIDACION,6d3fa94e0ddd7fb4bb6de6a1d2a1ab81e87e47d31023dd6d0b6dc693fca38706,9520,NO INGESTADO,0,0.0
liquidacion-2026-02-02--2026-02-08.xlsx,ML\Liquidacion_FF\2026-02- Febrero\liquidacion-2026-02-02--2026-02-08.xlsx,01_Raw\ML\Liquidacion_FF\2026-02- Febrero\liquidacion-2026-02-02--2026-02-08.xlsx,ML,LIQUIDACION,93c3c3d2a20b2a086dfaa24d440a76967ffc78232a638abe6841865306c4a598,17103,NO INGESTADO,0,0.0
liquidacion-2026-02-09--2026-02-15.xlsx,ML\Liquidacion_FF\2026-02- Febrero\liquidacion-2026-02-09--2026-02-15.xlsx,01_Raw\ML\Liquidacion_FF\2026-02- Febrero\liquidacion-2026-02-09--2026-02-15.xlsx,ML,LIQUIDACION,c590a42df24d93c68738f7db8fc3a3d1a9ac494e9a756d90e905c4e190932e33,15544,NO INGESTADO,0,0.0
liquidacion-2026-02-16--2026-02-22.xlsx,ML\Liquidacion_FF\2026-02- Febrero\liquidacion-2026-02-16--2026-02-22.xlsx,01_Raw\ML\Liquidacion_FF\2026-02- Febrero\liquidacion-2026-02-16--2026-02-22.xlsx,ML,LIQUIDACION,c2daec18965e6f65bacee3787ae91cb793451bfc66a68c2f46661b3e696fddc2,15262,NO INGESTADO,0,0.0
liquidacion-2026-02-23--2026-02-28.xlsx,ML\Liquidacion_FF\2026-02- Febrero\liquidacion-2026-02-23--2026-02-28.xlsx,01_Raw\ML\Liquidacion_FF\2026-02- Febrero\liquidacion-2026-02-23--2026-02-28.xlsx,ML,LIQUIDACION,9fcc7ae1d55e0b03d65b0501125e1bcae1b116601860cd707a967286a3900cfa,16700,NO INGESTADO,0,0.0
liquidacion-2026-03-01--2026-03-01.xlsx,ML\Liquidacion_FF\2026-03-Marzo\liquidacion-2026-03-01--2026-03-01.xlsx,01_Raw\ML\Liquidacion_FF\2026-03-Marzo\liquidacion-2026-03-01--2026-03-01.xlsx,ML,LIQUIDACION,1bde66f22d33c958a23c7f81dbd490c89fa771a0af6022f4b465cd782d78bfd4,9589,NO INGESTADO,0,0.0
liquidacion-2026-03-02--2026-03-08.xlsx,ML\Liquidacion_FF\2026-03-Marzo\liquidacion-2026-03-02--2026-03-08.xlsx,01_Raw\ML\Liquidacion_FF\2026-03-Marzo\liquidacion-2026-03-02--2026-03-08.xlsx,ML,LIQUIDACION,96f2112e1aa290719a2163ac42aa30b2cf79790ac7c896cbf671686a1c963232,15746,NO INGESTADO,0,0.0
liquidacion-2026-03-09--2026-03-15.xlsx,ML\Liquidacion_FF\2026-03-Marzo\liquidacion-2026-03-09--2026-03-15.xlsx,01_Raw\ML\Liquidacion_FF\2026-03-Marzo\liquidacion-2026-03-09--2026-03-15.xlsx,ML,LIQUIDACION,5cde5f8bf19435b2ff5d5c21bf97f3040371a34dcb941d512e8ea446c1c371dd,13342,NO INGESTADO,0,0.0
liquidacion-2026-03-16--2026-03-22.xlsx,ML\Liquidacion_FF\2026-03-Marzo\liquidacion-2026-03-16--2026-03-22.xlsx,01_Raw\ML\Liquidacion_FF\2026-03-Marzo\liquidacion-2026-03-16--2026-03-22.xlsx,ML,LIQUIDACION,ea5c6adeb88b2c1e8667b1d9ac1259943440b04a5d0c80daa554c0916fad1d7f,14393,NO INGESTADO,0,0.0
liquidacion-2026-03-23--2026-03-29.xlsx,ML\Liquidacion_FF\2026-03-Marzo\liquidacion-2026-03-23--2026-03-29.xlsx,01_Raw\ML\Liquidacion_FF\2026-03-Marzo\liquidacion-2026-03-23--2026-03-29.xlsx,ML,LIQUIDACION,e93f85228e56a369d9c72eeb688ea8ab3654d56e946c9fdc57a65a69a9eaa8ed,18457,NO INGESTADO,0,0.0
liquidacion-2026-03-30--2026-03-31.xlsx,ML\Liquidacion_FF\2026-03-Marzo\liquidacion-2026-03-30--2026-03-31.xlsx,01_Raw\ML\Liquidacion_FF\2026-03-Marzo\liquidacion-2026-03-30--2026-03-31.xlsx,ML,LIQUIDACION,807d34ee74931d3bc394612744b35be991a4f85a9d9382eb1399c754f3f2eb9d,11325,NO INGESTADO,0,0.0
liquidacion-2026-04-01-2026-04-05.xlsx,ML\Liquidacion_FF\2026-04 Abril\liquidacion-2026-04-01-2026-04-05.xlsx,01_Raw\ML\Liquidacion_FF\2026-04 Abril\liquidacion-2026-04-01-2026-04-05.xlsx,ML,LIQUIDACION,c2a53a0bcfafb9d89eae49ab181414853ebd5241564fbfaff0c4bc52d6273181,9018,NO INGESTADO,0,0.0
liquidacion-2026-04-06-2026-04-12.xlsx,ML\Liquidacion_FF\2026-04 Abril\liquidacion-2026-04-06-2026-04-12.xlsx,01_Raw\ML\Liquidacion_FF\2026-04 Abril\liquidacion-2026-04-06-2026-04-12.xlsx,ML,LIQUIDACION,ce8243f55c743a56109d968d965bebb9c5738cc5ca022e5d399332ca82652741,8781,NO INGESTADO,0,0.0
liquidacion-2026-04-13-2026-04-19.xlsx,ML\Liquidacion_FF\2026-04 Abril\liquidacion-2026-04-13-2026-04-19.xlsx,01_Raw\ML\Liquidacion_FF\2026-04 Abril\liquidacion-2026-04-13-2026-04-19.xlsx,ML,LIQUIDACION,49fef666ff49a02645f961fc3b742567fe6d48c0f9cd1f0d2ddc59ec75539c70,8209,NO INGESTADO,0,0.0
liquidacion-2026-04-20-2026-04-26.xlsx,ML\Liquidacion_FF\2026-04 Abril\liquidacion-2026-04-20-2026-04-26.xlsx,01_Raw\ML\Liquidacion_FF\2026-04 Abril\liquidacion-2026-04-20-2026-04-26.xlsx,ML,LIQUIDACION,38837d64aad64d825003ce7ef420149308ca9f050a05158b8885a657d2aba388,9909,NO INGESTADO,0,0.0
liquidacion-2026-04-27-2026-04-30.xlsx,ML\Liquidacion_FF\2026-04 Abril\liquidacion-2026-04-27-2026-04-30.xlsx,01_Raw\ML\Liquidacion_FF\2026-04 Abril\liquidacion-2026-04-27-2026-04-30.xlsx,ML,LIQUIDACION,7cafc1ef19784788f499924f5b8e734e52d8860282b50e4778ecb95b2bd84c2f,5939,NO INGESTADO,0,0.0
liquidacion-2026-05-01-2026-05-03.xlsx,ML\Liquidacion_FF\2026-05 Mayo\liquidacion-2026-05-01-2026-05-03.xlsx,01_Raw\ML\Liquidacion_FF\2026-05 Mayo\liquidacion-2026-05-01-2026-05-03.xlsx,ML,LIQUIDACION,f29d23f355c5724d72249099be069e89f00b19a20a88f0d162895fba05bdd449,6393,NO INGESTADO,0,0.0
liquidacion-2026-05-04-2026-05-10.xlsx,ML\Liquidacion_FF\2026-05 Mayo\liquidacion-2026-05-04-2026-05-10.xlsx,01_Raw\ML\Liquidacion_FF\2026-05 Mayo\liquidacion-2026-05-04-2026-05-10.xlsx,ML,LIQUIDACION,0b760db5a77849892380f4bbafdb4b9c617585eb0c5b3a99c0eefd91828f1f1c,20174,NO INGESTADO,0,0.0
liquidacion-2026-05-11-2026-05-17.xlsx,ML\Liquidacion_FF\2026-05 Mayo\liquidacion-2026-05-11-2026-05-17.xlsx,01_Raw\ML\Liquidacion_FF\2026-05 Mayo\liquidacion-2026-05-11-2026-05-17.xlsx,ML,LIQUIDACION,1cacf40ff806284ae16d533b29ac0cbfc7c27ba21a090a7717daa8229f70e1c0,14396,NO INGESTADO,0,0.0
liquidacion-2026-05-18-2026-05-24.xlsx,ML\Liquidacion_FF\2026-05 Mayo\liquidacion-2026-05-18-2026-05-24.xlsx,01_Raw\ML\Liquidacion_FF\2026-05 Mayo\liquidacion-2026-05-18-2026-05-24.xlsx,ML,LIQUIDACION,5792b9ee07b868ae0f1c0379a8f99e87470a9f6edda6013dfe14c2217ad5e7c1,15045,NO INGESTADO,0,0.0
liquidacion-2026-05-25-2026-05-31.xlsx,ML\Liquidacion_FF\2026-05 Mayo\liquidacion-2026-05-25-2026-05-31.xlsx,01_Raw\ML\Liquidacion_FF\2026-05 Mayo\liquidacion-2026-05-25-2026-05-31.xlsx,ML,LIQUIDACION,70b2161c8e6e84cd7ee66dc372241acc85af2ceebd8ee2d6f64ea269ee41a34a,16332,NO INGESTADO,0,0.0
liquidacion-2026-06-01-2026-06-07.xlsx,ML\Liquidacion_FF\2026-06 Junio\liquidacion-2026-06-01-2026-06-07.xlsx,01_Raw\ML\Liquidacion_FF\2026-06 Junio\liquidacion-2026-06-01-2026-06-07.xlsx,ML,LIQUIDACION,da15563101c878001889d96810f7bc463943f8ed198ddb9181fd9ce417c843aa,49774,NO INGESTADO,0,0.0
liquidacion-2026-06-08-2026-06-14.xlsx,ML\Liquidacion_FF\2026-06 Junio\liquidacion-2026-06-08-2026-06-14.xlsx,01_Raw\ML\Liquidacion_FF\2026-06 Junio\liquidacion-2026-06-08-2026-06-14.xlsx,ML,LIQUIDACION,40ae19b3400bb00d8f3fa25baedf362decdaf9332c3aad7f246c832ef7f43abb,24673,NO INGESTADO,0,0.0
liquidacion-2026-06-15-2026-06-21.xlsx,ML\Liquidacion_FF\2026-06 Junio\liquidacion-2026-06-15-2026-06-21.xlsx,01_Raw\ML\Liquidacion_FF\2026-06 Junio\liquidacion-2026-06-15-2026-06-21.xlsx,ML,LIQUIDACION,b8e11eff138aeecbac879e53b37a990dc61f7863acec848c64283d5ab085f441,39631,NO INGESTADO,0,0.0
liquidacion-2026-06-22-2026-06-28.xlsx,ML\Liquidacion_FF\2026-06 Junio\liquidacion-2026-06-22-2026-06-28.xlsx,01_Raw\ML\Liquidacion_FF\2026-06 Junio\liquidacion-2026-06-22-2026-06-28.xlsx,ML,LIQUIDACION,18900b751e3b8292a0720b5625cdb078c473ac19bd1f937fbec24b896ecb89ea,41816,NO INGESTADO,0,0.0
liquidacion-2026-06-29-2026-06-30.xlsx,ML\Liquidacion_FF\2026-06 Junio\liquidacion-2026-06-29-2026-06-30.xlsx,01_Raw\ML\Liquidacion_FF\2026-06 Junio\liquidacion-2026-06-29-2026-06-30.xlsx,ML,LIQUIDACION,4ad7735d024b5a63871b210a6cee268f2003527cb7d30a1a13d9fcc81f39aa4d,24578,NO INGESTADO,0,0.0
1 enero 2025 - 1 julio 2025.xlsx,ML\Poscobro\1 enero 2025 - 1 julio 2025.xlsx,01_Raw\ML\Poscobro\1 enero 2025 - 1 julio 2025.xlsx,ML,GENERAL,fe7655f18e48584791b24213c3a7cdc60677860ceaa7c49e554096db57cc56c7,659732,INGERIDO,3818,116498619.43
1 enero 2026 - 1 mayo 2026.xlsx,ML\Poscobro\1 enero 2026 - 1 mayo 2026.xlsx,01_Raw\ML\Poscobro\1 enero 2026 - 1 mayo 2026.xlsx,ML,GENERAL,3fd2f02c417ece8877737e02a15d1fb1516873f2c4285e66cf7d43f33788dded,285758,INGERIDO,1602,43389705.5
1 julio 2025 - 1 enero 2026.xlsx,ML\Poscobro\1 julio 2025 - 1 enero 2026.xlsx,01_Raw\ML\Poscobro\1 julio 2025 - 1 enero 2026.xlsx,ML,GENERAL,025af04984ccebad8eebe64ec859817c1fc419885637ebfb0ada5061355fc6c9,931638,INGERIDO,5369,147123626.0
1 junio 2026 - 1 julio 2026.xlsx,ML\Poscobro\1 junio 2026 - 1 julio 2026.xlsx,01_Raw\ML\Poscobro\1 junio 2026 - 1 julio 2026.xlsx,ML,GENERAL,2e06733c600d7a10bc7ac05967b9a739e77b4279122ae6245fc491ffc2c8e46f,149206,INGERIDO,797,27916566.0
1 junio 2026 - 6 junio 2026.xlsx,ML\Poscobro\1 junio 2026 - 6 junio 2026.xlsx,01_Raw\ML\Poscobro\1 junio 2026 - 6 junio 2026.xlsx,ML,GENERAL,bf8c31e50e5d678f5255ed6270e860d009ee84c01b79f1c0b8eac4965562d074,35667,INGERIDO,161,5508359.0
1 mayo 2026 - 1 junio 2026.xlsx,ML\Poscobro\1 mayo 2026 - 1 junio 2026.xlsx,01_Raw\ML\Poscobro\1 mayo 2026 - 1 junio 2026.xlsx,ML,GENERAL,c820cef2e1791a0f06f03e9f7c500021b04946139b59045c4c72e5827bb42550,82423,INGERIDO,434,14646258.0
dteproveedor_5372.xml,PARIS\Facturacion\dteproveedor_5372.xml,01_Raw\PARIS\Facturacion\dteproveedor_5372.xml,PARIS,FACTURACION,61f7ad1dab5b86ba4420d6503b9c62ed15eeef1a718c15b9dfbb92bdb54ab6b9,11944,NO INGESTADO,0,0.0
dteproveedor_5383.xml,PARIS\Facturacion\dteproveedor_5383.xml,01_Raw\PARIS\Facturacion\dteproveedor_5383.xml,PARIS,FACTURACION,4c6b87aa3c000641ce53357c674480d0819255f8c75a2b043c7d50d44f40a959,13771,NO INGESTADO,0,0.0
dteproveedor_5403.xml,PARIS\Facturacion\dteproveedor_5403.xml,01_Raw\PARIS\Facturacion\dteproveedor_5403.xml,PARIS,FACTURACION,19354259b9ee3329fdd1d2297310a0608c9aa8f027164b10b9ac48508ae0ddcf,11942,NO INGESTADO,0,0.0
dteproveedor_5428.xml,PARIS\Facturacion\dteproveedor_5428.xml,01_Raw\PARIS\Facturacion\dteproveedor_5428.xml,PARIS,FACTURACION,9f35b879a9ef110b79afc5ba0f662f46770ac82a411f3dfa0effc02323dc161f,14208,NO INGESTADO,0,0.0
dteproveedor_5432.xml,PARIS\Facturacion\dteproveedor_5432.xml,01_Raw\PARIS\Facturacion\dteproveedor_5432.xml,PARIS,FACTURACION,f64a3e7888260d9728f336130ae32b29ed85699520456f21a424481b063070c5,11942,NO INGESTADO,0,0.0
dteproveedor_5472.xml,PARIS\Facturacion\dteproveedor_5472.xml,01_Raw\PARIS\Facturacion\dteproveedor_5472.xml,PARIS,FACTURACION,567236ef774d1bc2b5d1747a0225f1a0492a8feb2838566f563b997662e5762b,12932,NO INGESTADO,0,0.0
dteproveedor_5515.xml,PARIS\Facturacion\dteproveedor_5515.xml,01_Raw\PARIS\Facturacion\dteproveedor_5515.xml,PARIS,FACTURACION,2ce12811d2f4301bf44a0b6ea116bfc5d168bb9492cb59c893a42966518c57de,13780,NO INGESTADO,0,0.0
dteproveedor_5570.xml,PARIS\Facturacion\dteproveedor_5570.xml,01_Raw\PARIS\Facturacion\dteproveedor_5570.xml,PARIS,FACTURACION,dbc156d6ab78933462fd5f4c61ccae532a9a69cd5ef6677a24133d67727b04ce,13782,NO INGESTADO,0,0.0
dteproveedor_5590.xml,PARIS\Facturacion\dteproveedor_5590.xml,01_Raw\PARIS\Facturacion\dteproveedor_5590.xml,PARIS,FACTURACION,6253270c11989fda839e54bed27772c7b6fa0b24177d0adf9b4f0f0aeeed7521,13358,NO INGESTADO,0,0.0
dteproveedor_5608.xml,PARIS\Facturacion\dteproveedor_5608.xml,01_Raw\PARIS\Facturacion\dteproveedor_5608.xml,PARIS,FACTURACION,9a0371cf62d78006d33ecb49ba608e7da24ae5dff7cc7403a23876690c2a5ff2,13780,NO INGESTADO,0,0.0
dteproveedor_5609.xml,PARIS\Facturacion\dteproveedor_5609.xml,01_Raw\PARIS\Facturacion\dteproveedor_5609.xml,PARIS,FACTURACION,78eda54b39ed346b9c48e87477296018bb430be1b3a76ddb02670189345dd052,13363,NO INGESTADO,0,0.0
dteproveedor_5610.xml,PARIS\Facturacion\dteproveedor_5610.xml,01_Raw\PARIS\Facturacion\dteproveedor_5610.xml,PARIS,FACTURACION,83d7031a14e0aa4e77135e0185e143b1baedbbe177d719517c65bcb79ceca702,13778,NO INGESTADO,0,0.0
dteproveedor_5694.xml,PARIS\Facturacion\dteproveedor_5694.xml,01_Raw\PARIS\Facturacion\dteproveedor_5694.xml,PARIS,FACTURACION,9c099f34dde9d15062a290fad40ba6dca7ff7704afd96fe760dc02646add7dd6,13862,NO INGESTADO,0,0.0
dteproveedor_5698.xml,PARIS\Facturacion\dteproveedor_5698.xml,01_Raw\PARIS\Facturacion\dteproveedor_5698.xml,PARIS,FACTURACION,f9239c6616af80157085bbb50d4ec1cff6b29b98177ab6453c6846111a51d4a2,14292,NO INGESTADO,0,0.0
dteproveedor_5702.xml,PARIS\Facturacion\dteproveedor_5702.xml,01_Raw\PARIS\Facturacion\dteproveedor_5702.xml,PARIS,FACTURACION,49b48e43ad4277fc8a678211af1e54ee32c659122f9dbaf927c5b4f9d5706601,11947,NO INGESTADO,0,0.0
dteproveedor_5829.xml,PARIS\Facturacion\dteproveedor_5829.xml,01_Raw\PARIS\Facturacion\dteproveedor_5829.xml,PARIS,FACTURACION,cb99fbb665da689f3c051ae39f106242d2e8dc650d5cdc001dfd661eff6c3248,14722,NO INGESTADO,0,0.0
dteproveedor_5836.xml,PARIS\Facturacion\dteproveedor_5836.xml,01_Raw\PARIS\Facturacion\dteproveedor_5836.xml,PARIS,FACTURACION,9ddedda4f1e76e2d1915ad8dee740a937035bf4636ee570aa3f098f55772aa56,11978,NO INGESTADO,0,0.0
dteproveedor_5921.xml,PARIS\Facturacion\dteproveedor_5921.xml,01_Raw\PARIS\Facturacion\dteproveedor_5921.xml,PARIS,FACTURACION,33b2f5600324bba4f6cebff6269d1c8843a1d2a53684f587cc60228960377417,14722,NO INGESTADO,0,0.0
dteproveedor_5931.xml,PARIS\Facturacion\dteproveedor_5931.xml,01_Raw\PARIS\Facturacion\dteproveedor_5931.xml,PARIS,FACTURACION,bf3627cc33710c72ac4a27fa30ba432f713347ced57b7d6ecc2b94dd4f330ec2,11978,NO INGESTADO,0,0.0
dteproveedor_6025.xml,PARIS\Facturacion\dteproveedor_6025.xml,01_Raw\PARIS\Facturacion\dteproveedor_6025.xml,PARIS,FACTURACION,a7b2706e8d52ca4badbe15d100191f05505467784ee241d521490f46825d4027,11941,NO INGESTADO,0,0.0
dteproveedor_6030.xml,PARIS\Facturacion\dteproveedor_6030.xml,01_Raw\PARIS\Facturacion\dteproveedor_6030.xml,PARIS,FACTURACION,2b392e4c83a345a2d6d1b6b88aabf8ce52231973262be54d4d34ccd4d7f75293,14724,NO INGESTADO,0,0.0
dteproveedor_6038.xml,PARIS\Facturacion\dteproveedor_6038.xml,01_Raw\PARIS\Facturacion\dteproveedor_6038.xml,PARIS,FACTURACION,dfc28bc94cfc08babd2b1550fd02287108b0171f6b365f0238ffb1636cc8306e,11978,NO INGESTADO,0,0.0
dteproveedor_6143.xml,PARIS\Facturacion\dteproveedor_6143.xml,01_Raw\PARIS\Facturacion\dteproveedor_6143.xml,PARIS,FACTURACION,1dd21d42371eb2fd8ac9ac4df4f90855fdf6520110b5ff23fafafaadee674153,11947,NO INGESTADO,0,0.0
dteproveedor_6155.xml,PARIS\Facturacion\dteproveedor_6155.xml,01_Raw\PARIS\Facturacion\dteproveedor_6155.xml,PARIS,FACTURACION,17a5362e5ba11f89f8d815e6ddcee8328004579568af29897e1055f440c4cc97,11975,NO INGESTADO,0,0.0
dteproveedor_6170.xml,PARIS\Facturacion\dteproveedor_6170.xml,01_Raw\PARIS\Facturacion\dteproveedor_6170.xml,PARIS,FACTURACION,d71206610ffa3251debc2ea6c1794c14387f2ea5b3836dcdc0bef56ba3cb6339,14720,NO INGESTADO,0,0.0
dteproveedor_6263.xml,PARIS\Facturacion\dteproveedor_6263.xml,01_Raw\PARIS\Facturacion\dteproveedor_6263.xml,PARIS,FACTURACION,04427ce9150885a23ee4a1018e3b968ef6f472273be8f41c8f96133a185c34dc,11947,NO INGESTADO,0,0.0
dteproveedor_6269.xml,PARIS\Facturacion\dteproveedor_6269.xml,01_Raw\PARIS\Facturacion\dteproveedor_6269.xml,PARIS,FACTURACION,de3ae0364f8dd884d9d6ed7fb8446ccb1731393f2064a029de2147fed2a68b21,14721,NO INGESTADO,0,0.0
dteproveedor_6280.xml,PARIS\Facturacion\dteproveedor_6280.xml,01_Raw\PARIS\Facturacion\dteproveedor_6280.xml,PARIS,FACTURACION,037c93134f26f73468ee0bf629de2bee7f5f704d0193b1835399dcfcba24bcfc,11975,NO INGESTADO,0,0.0
dteproveedor_6376.xml,PARIS\Facturacion\dteproveedor_6376.xml,01_Raw\PARIS\Facturacion\dteproveedor_6376.xml,PARIS,FACTURACION,8a8c01d64b93e5cc352e7d56c7c3dd8ccadd65e0f4b6bbb2dbb49733f6c31b9f,11963,NO INGESTADO,0,0.0
dteproveedor_6390.xml,PARIS\Facturacion\dteproveedor_6390.xml,01_Raw\PARIS\Facturacion\dteproveedor_6390.xml,PARIS,FACTURACION,f98a4f5fc2184207c2ee387b4c2402e872f64be71cb21299def512f318c80026,11992,NO INGESTADO,0,0.0
dteproveedor_6408.xml,PARIS\Facturacion\dteproveedor_6408.xml,01_Raw\PARIS\Facturacion\dteproveedor_6408.xml,PARIS,FACTURACION,8cda82833c63db199ead789ea4a74b17a01cc1464660c06dcecbaf59e55eb368,14286,NO INGESTADO,0,0.0
dteproveedor_6483.xml,PARIS\Facturacion\dteproveedor_6483.xml,01_Raw\PARIS\Facturacion\dteproveedor_6483.xml,PARIS,FACTURACION,36f7562a9ec5610952833232b0d4ef486259b2afcb09d817d406458c488dae5f,11964,NO INGESTADO,0,0.0
dteproveedor_6501.xml,PARIS\Facturacion\dteproveedor_6501.xml,01_Raw\PARIS\Facturacion\dteproveedor_6501.xml,PARIS,FACTURACION,dfd010d9c65064cfa7d9aea565600b29c1f4701203eb8d6ac1c108237fbe86a6,13872,NO INGESTADO,0,0.0
dteproveedor_6512.xml,PARIS\Facturacion\dteproveedor_6512.xml,01_Raw\PARIS\Facturacion\dteproveedor_6512.xml,PARIS,FACTURACION,1376df84f6b88aa5bd259375564bd71fbe8941d13698583204562a9cf9fa8392,11985,NO INGESTADO,0,0.0
dteproveedor_6519.xml,PARIS\Facturacion\dteproveedor_6519.xml,01_Raw\PARIS\Facturacion\dteproveedor_6519.xml,PARIS,FACTURACION,0d4017ac67c8f4cd03da701d29c5567462ff57c590302b27c2ba01767cafa210,12021,NO INGESTADO,0,0.0
dteproveedor_6533.xml,PARIS\Facturacion\dteproveedor_6533.xml,01_Raw\PARIS\Facturacion\dteproveedor_6533.xml,PARIS,FACTURACION,3a9148f3649a041cd329aaac568e99f6a0094316b27729320d477278a1b5e6c0,11963,NO INGESTADO,0,0.0
dteproveedor_6597.xml,PARIS\Facturacion\dteproveedor_6597.xml,01_Raw\PARIS\Facturacion\dteproveedor_6597.xml,PARIS,FACTURACION,0a3b8dc47f0c7fb08fb89bb29041c7363859a99e660923bd79a25ed5795a694c,11963,NO INGESTADO,0,0.0
dteproveedor_6609.xml,PARIS\Facturacion\dteproveedor_6609.xml,01_Raw\PARIS\Facturacion\dteproveedor_6609.xml,PARIS,FACTURACION,38d3578fcf61c976871330fbec82e3509a91db08c11453210139d2c630f607d1,13867,NO INGESTADO,0,0.0
dteproveedor_6616.xml,PARIS\Facturacion\dteproveedor_6616.xml,01_Raw\PARIS\Facturacion\dteproveedor_6616.xml,PARIS,FACTURACION,05c788ec2d1b2ce434f2496ff34dc89ba6c3dfca26304bb80bcf0e4e12c948f4,11997,NO INGESTADO,0,0.0
dteproveedor_6647.xml,PARIS\Facturacion\dteproveedor_6647.xml,01_Raw\PARIS\Facturacion\dteproveedor_6647.xml,PARIS,FACTURACION,061cb4f0f5d2130cfd6c3d651e6b6c86f7ee06a9c637503a4454360e658f92c7,12419,NO INGESTADO,0,0.0
dteproveedor_6697.xml,PARIS\Facturacion\dteproveedor_6697.xml,01_Raw\PARIS\Facturacion\dteproveedor_6697.xml,PARIS,FACTURACION,1d2bcc3afb40293c18b2425da98363bc5439b985a19e6bfecc2d03e4200515d3,13035,NO INGESTADO,0,0.0
dteproveedor_6737.xml,PARIS\Facturacion\dteproveedor_6737.xml,01_Raw\PARIS\Facturacion\dteproveedor_6737.xml,PARIS,FACTURACION,4cbab7880df98637e3fba913484ccacc20f0f952d44d9cf5eb5e7a3bbde56432,22943,NO INGESTADO,0,0.0
dteproveedor_6748.xml,PARIS\Facturacion\dteproveedor_6748.xml,01_Raw\PARIS\Facturacion\dteproveedor_6748.xml,PARIS,FACTURACION,b7b265bfa04979ae288ffce1454fec1c53652737a00606346aaf68e78edf67cf,11964,NO INGESTADO,0,0.0
dteproveedor_6755.xml,PARIS\Facturacion\dteproveedor_6755.xml,01_Raw\PARIS\Facturacion\dteproveedor_6755.xml,PARIS,FACTURACION,363c32e417f224c26788ab15eb21704ba282b498347ed8492a809e0af592c642,13871,NO INGESTADO,0,0.0
dteproveedor_6767.xml,PARIS\Facturacion\dteproveedor_6767.xml,01_Raw\PARIS\Facturacion\dteproveedor_6767.xml,PARIS,FACTURACION,847ca1afc20792a18937158c6a61cdcb8481b1d6b72a07a3eb4a3d809988c0e4,11992,NO INGESTADO,0,0.0
dteproveedor_6902.xml,PARIS\Facturacion\dteproveedor_6902.xml,01_Raw\PARIS\Facturacion\dteproveedor_6902.xml,PARIS,FACTURACION,65bab28c204dc89ae55e6492af7343162aad0719a43e87676550441bb95d6598,11963,NO INGESTADO,0,0.0
dteproveedor_6916.xml,PARIS\Facturacion\dteproveedor_6916.xml,01_Raw\PARIS\Facturacion\dteproveedor_6916.xml,PARIS,FACTURACION,1bc7caa80ed11a6a395e2c3dd0ec4dec4725a59e58e82ea6a548377b9deb6aa2,13868,NO INGESTADO,0,0.0
dteproveedor_6927.xml,PARIS\Facturacion\dteproveedor_6927.xml,01_Raw\PARIS\Facturacion\dteproveedor_6927.xml,PARIS,FACTURACION,dbda02653da20ddea04d41d3231def1accb4a856fc63380d227a8c574a446c11,11991,NO INGESTADO,0,0.0
dteproveedor_7023.xml,PARIS\Facturacion\dteproveedor_7023.xml,01_Raw\PARIS\Facturacion\dteproveedor_7023.xml,PARIS,FACTURACION,4876c5a7d81cbd727679d71f63470b2fc885a257220871f91c26dd74a75c1683,11963,NO INGESTADO,0,0.0
dteproveedor_7041.xml,PARIS\Facturacion\dteproveedor_7041.xml,01_Raw\PARIS\Facturacion\dteproveedor_7041.xml,PARIS,FACTURACION,726ce9ece63fb45b907db78e7b8de3c0316c5612afa6d7594b2dcde39ad58a64,13867,NO INGESTADO,0,0.0
dteproveedor_7050.xml,PARIS\Facturacion\dteproveedor_7050.xml,01_Raw\PARIS\Facturacion\dteproveedor_7050.xml,PARIS,FACTURACION,d3a4e33dbf4c93330b2503a4f4eb58e0c6f88e7089680f3e3f369d3cdd2f2dcd,11991,NO INGESTADO,0,0.0
dteproveedor_7082.xml,PARIS\Facturacion\dteproveedor_7082.xml,01_Raw\PARIS\Facturacion\dteproveedor_7082.xml,PARIS,FACTURACION,63f3aa8536727cdd1da7e84fc540ca02339cc988a3ded802ac67740175193c55,12524,NO INGESTADO,0,0.0
dteproveedor_7154.xml,PARIS\Facturacion\dteproveedor_7154.xml,01_Raw\PARIS\Facturacion\dteproveedor_7154.xml,PARIS,FACTURACION,31afba2a75ca948d99b87e2e80fa42e883346d12aa7eadf790db4c2ff9e5e4cf,12707,NO INGESTADO,0,0.0
dteproveedor_7167.xml,PARIS\Facturacion\dteproveedor_7167.xml,01_Raw\PARIS\Facturacion\dteproveedor_7167.xml,PARIS,FACTURACION,34bb66b57250171eab1e0ce92a0899599fb5bc61d4c5b332d4b899115143c8bd,13864,NO INGESTADO,0,0.0
dteproveedor_7174.xml,PARIS\Facturacion\dteproveedor_7174.xml,01_Raw\PARIS\Facturacion\dteproveedor_7174.xml,PARIS,FACTURACION,b6da7a2d2fc228a1225d8da22ea50e66112fa4be49400c1a2a002442e5ba762c,12735,NO INGESTADO,0,0.0
dteproveedor_7300.xml,PARIS\Facturacion\dteproveedor_7300.xml,01_Raw\PARIS\Facturacion\dteproveedor_7300.xml,PARIS,FACTURACION,b98089ae7c67426f29a22091fe8ec6f57fb6dd69171fe57a761ff26ee43ed9f5,12707,NO INGESTADO,0,0.0
dteproveedor_7308.xml,PARIS\Facturacion\dteproveedor_7308.xml,01_Raw\PARIS\Facturacion\dteproveedor_7308.xml,PARIS,FACTURACION,12a8202e963a0870c815c72fa36be1587c7630a8df5c6cff5029391fad31dff3,13866,NO INGESTADO,0,0.0
dteproveedor_7324.xml,PARIS\Facturacion\dteproveedor_7324.xml,01_Raw\PARIS\Facturacion\dteproveedor_7324.xml,PARIS,FACTURACION,49c68bc2f1b3ab43068392ef6da620b4394cb5e18625b315e1caa4d091c62c09,12736,NO INGESTADO,0,0.0
dteproveedor_7416.xml,PARIS\Facturacion\dteproveedor_7416.xml,01_Raw\PARIS\Facturacion\dteproveedor_7416.xml,PARIS,FACTURACION,cc29ab498b66295410a3efbd058660081bfef0d126b3e22597b1d04dccf7ad1e,12707,NO INGESTADO,0,0.0
dteproveedor_7422.xml,PARIS\Facturacion\dteproveedor_7422.xml,01_Raw\PARIS\Facturacion\dteproveedor_7422.xml,PARIS,FACTURACION,78b223a13d0429037a3636ec096a78297833bd72dd67aa4f1e42fc8e1887062b,12701,NO INGESTADO,0,0.0
dteproveedor_7433.xml,PARIS\Facturacion\dteproveedor_7433.xml,01_Raw\PARIS\Facturacion\dteproveedor_7433.xml,PARIS,FACTURACION,8500822aecc2d8e35aa6ba5ad0d0ada882e01381382d8b9d1bdd41f17db49e37,13862,NO INGESTADO,0,0.0
dteproveedor_7440.xml,PARIS\Facturacion\dteproveedor_7440.xml,01_Raw\PARIS\Facturacion\dteproveedor_7440.xml,PARIS,FACTURACION,59c73e7a0cb46161b7bff79d14c0798cbdb270f73aa2f10119c4ef578c1cd94c,12735,NO INGESTADO,0,0.0
dteproveedor_7560.xml,PARIS\Facturacion\dteproveedor_7560.xml,01_Raw\PARIS\Facturacion\dteproveedor_7560.xml,PARIS,FACTURACION,40981fe4b225a47bb65fda17cd65616204cadc3a28b0367c0177a9a069fad2bb,12695,NO INGESTADO,0,0.0
dteproveedor_7561.xml,PARIS\Facturacion\dteproveedor_7561.xml,01_Raw\PARIS\Facturacion\dteproveedor_7561.xml,PARIS,FACTURACION,765a78a96b8a1c12ef29ee68222f8df69fd6cdb974fdcef3029a93477a31de3e,12690,NO INGESTADO,0,0.0
dteproveedor_7562.xml,PARIS\Facturacion\dteproveedor_7562.xml,01_Raw\PARIS\Facturacion\dteproveedor_7562.xml,PARIS,FACTURACION,e39c0fe81807af0c3dcee569477612b6476779ab675e832f4332677d6a36bd5e,12695,NO INGESTADO,0,0.0
dteproveedor_7563.xml,PARIS\Facturacion\dteproveedor_7563.xml,01_Raw\PARIS\Facturacion\dteproveedor_7563.xml,PARIS,FACTURACION,2a943a81f9c5da5e3c67935f924e1dd049dbf90cd82a7a38bcddfc102bb6c50c,12695,NO INGESTADO,0,0.0
dteproveedor_7564.xml,PARIS\Facturacion\dteproveedor_7564.xml,01_Raw\PARIS\Facturacion\dteproveedor_7564.xml,PARIS,FACTURACION,530299ede45bb431d9a80c9da12d3c2b75460c71581ebf3a3d7a29776073a060,12708,NO INGESTADO,0,0.0
dteproveedor_7569.xml,PARIS\Facturacion\dteproveedor_7569.xml,01_Raw\PARIS\Facturacion\dteproveedor_7569.xml,PARIS,FACTURACION,3900e815d9b49efb7194b3341f597a4c214322545026ea568f753aefd5f13cd2,13861,NO INGESTADO,0,0.0
dteproveedor_7571.xml,PARIS\Facturacion\dteproveedor_7571.xml,01_Raw\PARIS\Facturacion\dteproveedor_7571.xml,PARIS,FACTURACION,fdb5c179b7293033f8a98f5501db77d9aec6f99c31c1a111a4972547eff5c3c8,12735,NO INGESTADO,0,0.0
01-2025.xlsx,PARIS\Transacciones\Dropshipping\01-2025.xlsx,01_Raw\PARIS\Transacciones\Dropshipping\01-2025.xlsx,PARIS,ORDENES,8799ffa377c6e1b82aca1ac413964b4a9939b9b5ff22c7df8a6f99b9cafc90dc,177201,INGERIDO,3398,5654882.0
01-2026.xlsx,PARIS\Transacciones\Dropshipping\01-2026.xlsx,01_Raw\PARIS\Transacciones\Dropshipping\01-2026.xlsx,PARIS,ORDENES,6201804cc1664c1b507ccae1b15ae3132c804c7f56de1f521044b05e309c0148,196921,INGERIDO,4682,13324000.0
02-2025.xlsx,PARIS\Transacciones\Dropshipping\02-2025.xlsx,01_Raw\PARIS\Transacciones\Dropshipping\02-2025.xlsx,PARIS,ORDENES,483dd34b56a2dd826b8471adf9d1fb3d9597d850b360c8dbe020d6b35cb2ecdc,143182,INGERIDO,3428,9876918.0
02-2026.xlsx,PARIS\Transacciones\Dropshipping\02-2026.xlsx,01_Raw\PARIS\Transacciones\Dropshipping\02-2026.xlsx,PARIS,ORDENES,a6125e41f609e078ffa982bf60bc88ca80f4f8abbc652774cd6b189d3ce93cef,131705,INGERIDO,3054,12157576.0
03-2025.xlsx,PARIS\Transacciones\Dropshipping\03-2025.xlsx,01_Raw\PARIS\Transacciones\Dropshipping\03-2025.xlsx,PARIS,ORDENES,187c2e9b7802f8698a7945e1efd5eb53bb3db46e321f723043acaf5cfc111fd4,90498,INGERIDO,2082,5947648.0
03-2026.xlsx,PARIS\Transacciones\Dropshipping\03-2026.xlsx,01_Raw\PARIS\Transacciones\Dropshipping\03-2026.xlsx,PARIS,ORDENES,148f99eb5697409d8e8358f4e016f0d7213ec551ff118f6ce10958abe952d249,198203,INGERIDO,4744,24238412.0
04-2025.xlsx,PARIS\Transacciones\Dropshipping\04-2025.xlsx,01_Raw\PARIS\Transacciones\Dropshipping\04-2025.xlsx,PARIS,ORDENES,1f84794a80eed51ce7e6b8ba9807083e9adfa9dd05550bed4a20f83ed12295eb,258485,INGERIDO,4500,18007598.0
04-2026.xlsx,PARIS\Transacciones\Dropshipping\04-2026.xlsx,01_Raw\PARIS\Transacciones\Dropshipping\04-2026.xlsx,PARIS,ORDENES,b01baaf67282e17e4e61e2405059a5340b114557a79689cbd4632d4481120a60,330473,INGERIDO,5658,24386360.0
05-2025.xlsx,PARIS\Transacciones\Dropshipping\05-2025.xlsx,01_Raw\PARIS\Transacciones\Dropshipping\05-2025.xlsx,PARIS,ORDENES,cc75a6a9968630bafcce1e5738f9565e29f6dc5897535635faef67958b3ac163,111557,INGERIDO,2530,7672340.0
05-2026.xlsx,PARIS\Transacciones\Dropshipping\05-2026.xlsx,01_Raw\PARIS\Transacciones\Dropshipping\05-2026.xlsx,PARIS,ORDENES,61cb0c80a695267dfe9c9c39319895cc9dd0a9fcf9c3958d9133d127e6d7e8a4,185125,INGERIDO,4112,17620160.0
06-2025.xlsx,PARIS\Transacciones\Dropshipping\06-2025.xlsx,01_Raw\PARIS\Transacciones\Dropshipping\06-2025.xlsx,PARIS,ORDENES,c1db8852e5458f124bebeda76e94a92417e1df2c2d02fb6d3e2472ff549edfc9,271328,INGERIDO,6562,30529062.0
06-2026.xlsx,PARIS\Transacciones\Dropshipping\06-2026.xlsx,01_Raw\PARIS\Transacciones\Dropshipping\06-2026.xlsx,PARIS,ORDENES,d0ad3eb0bff8ff67957542570e427b8b5e10963ed8c0c89518b337fde26b0b33,4089268,INGERIDO,48098,212265478.0
07-2025.xlsx,PARIS\Transacciones\Dropshipping\07-2025.xlsx,01_Raw\PARIS\Transacciones\Dropshipping\07-2025.xlsx,PARIS,ORDENES,ba75beec68131644b0e0974ea34864a211f774634f2104a2b6f8a97140dcee7b,265286,INGERIDO,6500,33696548.0
08-2025.xlsx,PARIS\Transacciones\Dropshipping\08-2025.xlsx,01_Raw\PARIS\Transacciones\Dropshipping\08-2025.xlsx,PARIS,ORDENES,fc5176683081230a646f0ea1baf46018bbc01c6742eb4c79da6f4afd5a93e2fc,263514,INGERIDO,6560,27200612.0
09-2025.xlsx,PARIS\Transacciones\Dropshipping\09-2025.xlsx,01_Raw\PARIS\Transacciones\Dropshipping\09-2025.xlsx,PARIS,ORDENES,14ed28061af8e0f4993ee1d06ab27e668ce9600bfb2bd0cb9397f17beb63d04a,198235,INGERIDO,4698,24355342.0
10-2025.xlsx,PARIS\Transacciones\Dropshipping\10-2025.xlsx,01_Raw\PARIS\Transacciones\Dropshipping\10-2025.xlsx,PARIS,ORDENES,d7156f3f2a1f326a6db7e1bae1adaafee9cb2e0b021acf3940b07d409b5f9a7c,400054,INGERIDO,9776,49046756.0
11-2025.xlsx,PARIS\Transacciones\Dropshipping\11-2025.xlsx,01_Raw\PARIS\Transacciones\Dropshipping\11-2025.xlsx,PARIS,ORDENES,bbdd3852bf9cc6af5ec74717af8b2bfc5c3a4063ce4f07a5437614549eeb9927,247261,INGERIDO,5938,26258438.0
12-2025.xlsx,PARIS\Transacciones\Dropshipping\12-2025.xlsx,01_Raw\PARIS\Transacciones\Dropshipping\12-2025.xlsx,PARIS,ORDENES,3c9db25d9d25b4e37dedc861586073130d82d836ec8eb5b45e58c92c9b92a4ec,422467,INGERIDO,10312,44824270.0
1 ene 2025 - 31 dic 2025.xlsx,PARIS\Transacciones\Fulfillment\1 ene 2025 - 31 dic 2025.xlsx,01_Raw\PARIS\Transacciones\Fulfillment\1 ene 2025 - 31 dic 2025.xlsx,PARIS,ORDENES,a12cd822ce2be0b4a0d2c392cf3d5d147f058b918661ee9e7091e069028fb516,1836198,INGERIDO,48208,246230686.0
1 ene 2026 - 30 abr 2026.xlsx,PARIS\Transacciones\Fulfillment\1 ene 2026 - 30 abr 2026.xlsx,01_Raw\PARIS\Transacciones\Fulfillment\1 ene 2026 - 30 abr 2026.xlsx,PARIS,ORDENES,fdade79dc73f62ed23eb491019f66a4023a57ef3183d79ed6c770f37fbd47471,232394,INGERIDO,5880,19587888.0
1 jun 2026 - 30 jun 2026.xlsx,PARIS\Transacciones\Fulfillment\1 jun 2026 - 30 jun 2026.xlsx,01_Raw\PARIS\Transacciones\Fulfillment\1 jun 2026 - 30 jun 2026.xlsx,PARIS,ORDENES,c57a8416b41ad9cae64b2811d5abe69e461489930b1770e451f4a38020c54abd,344666,INGERIDO,3966,24153912.0
1 may 2026 - 31 may 2026.xlsx,PARIS\Transacciones\Fulfillment\1 may 2026 - 31 may 2026.xlsx,01_Raw\PARIS\Transacciones\Fulfillment\1 may 2026 - 31 may 2026.xlsx,PARIS,ORDENES,80546af65a29826712d82904fccb1539596b39739e877e91ae39761c9f29ed76,39083,INGERIDO,830,-1580232.0
dtef_c33_f25272_ts2025-05-13T153652.xml,RIPLEY\Facturacion\dtef_c33_f25272_ts2025-05-13T153652.xml,01_Raw\RIPLEY\Facturacion\dtef_c33_f25272_ts2025-05-13T153652.xml,RIPLEY,FACTURACION,8caf5a1c9f32336b2f5717361ec505ebde81703a90b6d4a55f8b9fae21176896,14641,NO INGESTADO,0,0.0
dtef_c33_f26000_ts2025-10-27T144835.xml,RIPLEY\Facturacion\dtef_c33_f26000_ts2025-10-27T144835.xml,01_Raw\RIPLEY\Facturacion\dtef_c33_f26000_ts2025-10-27T144835.xml,RIPLEY,FACTURACION,f5a770481ab894387d277679ae7cc4c40ae5f39084a675d3c3bca54daaa5710d,12582,NO INGESTADO,0,0.0
dtef_c33_f26276_ts2025-12-15T155053.xml,RIPLEY\Facturacion\dtef_c33_f26276_ts2025-12-15T155053.xml,01_Raw\RIPLEY\Facturacion\dtef_c33_f26276_ts2025-12-15T155053.xml,RIPLEY,FACTURACION,4ae307b853c3acb80b570ef27ada89d18ad1e0f4cc78dc1ef7d3a2ed50fc256c,12993,NO INGESTADO,0,0.0
dtef_c33_f26306_ts2025-12-23T112808.xml,RIPLEY\Facturacion\dtef_c33_f26306_ts2025-12-23T112808.xml,01_Raw\RIPLEY\Facturacion\dtef_c33_f26306_ts2025-12-23T112808.xml,RIPLEY,FACTURACION,20015753dc5361186b29fde841782eccd0d84423e725fdd6014d22ab497a8d83,12582,NO INGESTADO,0,0.0
dtef_c33_f26441_ts2026-02-16T124619.xml,RIPLEY\Facturacion\dtef_c33_f26441_ts2026-02-16T124619.xml,01_Raw\RIPLEY\Facturacion\dtef_c33_f26441_ts2026-02-16T124619.xml,RIPLEY,FACTURACION,3ef9b1d41de92661e3852ab153c505e50e72d5ec0bb270ee9e7a04185914e4dc,12590,NO INGESTADO,0,0.0
dtef_c33_f26532_ts2026-03-13T120641.xml,RIPLEY\Facturacion\dtef_c33_f26532_ts2026-03-13T120641.xml,01_Raw\RIPLEY\Facturacion\dtef_c33_f26532_ts2026-03-13T120641.xml,RIPLEY,FACTURACION,31fe8e31549fb8eff2f6d414ef97f4698dbf82602611691fbf646dedaaff7d75,12589,NO INGESTADO,0,0.0
dtef_c33_f26608_ts2026-03-30T155632.xml,RIPLEY\Facturacion\dtef_c33_f26608_ts2026-03-30T155632.xml,01_Raw\RIPLEY\Facturacion\dtef_c33_f26608_ts2026-03-30T155632.xml,RIPLEY,FACTURACION,4c62d2dd7af90b51bc024fee3ed68b3f609ae39aa6d7a3ebd396e4a11f972473,12566,NO INGESTADO,0,0.0
dtef_c33_f26613_ts2026-03-31T130634.xml,RIPLEY\Facturacion\dtef_c33_f26613_ts2026-03-31T130634.xml,01_Raw\RIPLEY\Facturacion\dtef_c33_f26613_ts2026-03-31T130634.xml,RIPLEY,FACTURACION,70da59a11f34a6d5790cab04dc61248b0c594ba5a7d2dc06ad8753485133cd74,12566,NO INGESTADO,0,0.0
dtef_c33_f26636_ts2026-04-06T172718.xml,RIPLEY\Facturacion\dtef_c33_f26636_ts2026-04-06T172718.xml,01_Raw\RIPLEY\Facturacion\dtef_c33_f26636_ts2026-04-06T172718.xml,RIPLEY,FACTURACION,ab7338927d6bb9d2786fa2992f5bf036d6f81418fb5753e3ac99505eec177659,12572,NO INGESTADO,0,0.0
dtef_c33_f26703_ts2026-04-17T150756.xml,RIPLEY\Facturacion\dtef_c33_f26703_ts2026-04-17T150756.xml,01_Raw\RIPLEY\Facturacion\dtef_c33_f26703_ts2026-04-17T150756.xml,RIPLEY,FACTURACION,3653d2e27edd87276eecd85d68b239f324b8eb78234b165ec25b572d1dca5635,12615,NO INGESTADO,0,0.0
dtef_c33_f26793_ts2026-05-11T120014.xml,RIPLEY\Facturacion\dtef_c33_f26793_ts2026-05-11T120014.xml,01_Raw\RIPLEY\Facturacion\dtef_c33_f26793_ts2026-05-11T120014.xml,RIPLEY,FACTURACION,0eaa7b716209adcf7b952644f38d4fa4cc8175dc17f9effe94c67ac34b136991,12572,NO INGESTADO,0,0.0
dtef_c33_f26794_ts2026-05-11T120602.xml,RIPLEY\Facturacion\dtef_c33_f26794_ts2026-05-11T120602.xml,01_Raw\RIPLEY\Facturacion\dtef_c33_f26794_ts2026-05-11T120602.xml,RIPLEY,FACTURACION,f3e2ee125f4b05cb39decaf0030b9ce932525821feb9062dbc72decd914a84bf,12573,NO INGESTADO,0,0.0
dtef_c33_f26795_ts2026-05-11T121312.xml,RIPLEY\Facturacion\dtef_c33_f26795_ts2026-05-11T121312.xml,01_Raw\RIPLEY\Facturacion\dtef_c33_f26795_ts2026-05-11T121312.xml,RIPLEY,FACTURACION,41996ef803de5b43ee96e4809c1e61e205b0daea948c8386295840a2b9ad474a,12572,NO INGESTADO,0,0.0
dtef_c33_f26874_ts2026-06-05T123502.xml,RIPLEY\Facturacion\dtef_c33_f26874_ts2026-06-05T123502.xml,01_Raw\RIPLEY\Facturacion\dtef_c33_f26874_ts2026-06-05T123502.xml,RIPLEY,FACTURACION,71a0283e377dee9f816ebd1431dc8b46143cd890640a185f64a30e6e83bda1c8,13059,NO INGESTADO,0,0.0
dtef_c33_f26875_ts2026-06-05T124420.xml,RIPLEY\Facturacion\dtef_c33_f26875_ts2026-06-05T124420.xml,01_Raw\RIPLEY\Facturacion\dtef_c33_f26875_ts2026-06-05T124420.xml,RIPLEY,FACTURACION,0a2f619dfd5574f4298f7aa71f2484a5bd8907cebd3a1f76e89de90c7032fee6,12967,NO INGESTADO,0,0.0
dtef_c61_f146730_ts2026-03-31T130421.xml,RIPLEY\Facturacion\dtef_c61_f146730_ts2026-03-31T130421.xml,01_Raw\RIPLEY\Facturacion\dtef_c61_f146730_ts2026-03-31T130421.xml,RIPLEY,FACTURACION,f274e4c115a84dee4935937bb537fb35b929c4f5e5bf422046af85c4338890c2,12771,NO INGESTADO,0,0.0
dtef_c61_f147261_ts2026-05-11T120315.xml,RIPLEY\Facturacion\dtef_c61_f147261_ts2026-05-11T120315.xml,01_Raw\RIPLEY\Facturacion\dtef_c61_f147261_ts2026-05-11T120315.xml,RIPLEY,FACTURACION,33d285cc290bc11bda81ba5ff7e157c540fb0dc2edada14858505545af7ce2a2,12777,NO INGESTADO,0,0.0
dteproveedor_5393.xml,RIPLEY\Facturacion\dteproveedor_5393.xml,01_Raw\RIPLEY\Facturacion\dteproveedor_5393.xml,RIPLEY,FACTURACION,4ab5de77d1cf129856d5eb874622b9bf124bc7814d29c8dcb1e2f74d56ff529b,12372,NO INGESTADO,0,0.0
dteproveedor_5405.xml,RIPLEY\Facturacion\dteproveedor_5405.xml,01_Raw\RIPLEY\Facturacion\dteproveedor_5405.xml,RIPLEY,FACTURACION,18ef96387684cc453159d1745147492a5868414414ada5bed19fa453467911c6,12656,NO INGESTADO,0,0.0
dteproveedor_5423.xml,RIPLEY\Facturacion\dteproveedor_5423.xml,01_Raw\RIPLEY\Facturacion\dteproveedor_5423.xml,RIPLEY,FACTURACION,f6feba5a13eb3c785b9a8603b55f563a7630064797f8d1d8027cacaff3cac6e7,12415,NO INGESTADO,0,0.0
dteproveedor_5435.xml,RIPLEY\Facturacion\dteproveedor_5435.xml,01_Raw\RIPLEY\Facturacion\dteproveedor_5435.xml,RIPLEY,FACTURACION,7d5f3c6939a2dadc1183d8e2b8cecd54b4c154aacc340dff04e77c8055241b61,12683,NO INGESTADO,0,0.0
dteproveedor_5453.xml,RIPLEY\Facturacion\dteproveedor_5453.xml,01_Raw\RIPLEY\Facturacion\dteproveedor_5453.xml,RIPLEY,FACTURACION,b610fc714d69ea789e56e898420b9c0ecdbc40f36c363d923c868411344e0703,12656,NO INGESTADO,0,0.0
dteproveedor_5467.xml,RIPLEY\Facturacion\dteproveedor_5467.xml,01_Raw\RIPLEY\Facturacion\dteproveedor_5467.xml,RIPLEY,FACTURACION,a11a60dd4a266df6238b8141ebebad4f819ff60b0572fc860f5db63c72e997c7,12434,NO INGESTADO,0,0.0
dteproveedor_5468.xml,RIPLEY\Facturacion\dteproveedor_5468.xml,01_Raw\RIPLEY\Facturacion\dteproveedor_5468.xml,RIPLEY,FACTURACION,cccc86f4e5d3d93d8abc024836b4a38128a72d5102e12214bf555288ca258374,12423,NO INGESTADO,0,0.0
dteproveedor_5524.xml,RIPLEY\Facturacion\dteproveedor_5524.xml,01_Raw\RIPLEY\Facturacion\dteproveedor_5524.xml,RIPLEY,FACTURACION,ee6817fd8e2b8e8607de2cafc3edfe0ea5df039fc203f8e689da75d6edc0d443,12389,NO INGESTADO,0,0.0
dteproveedor_5529.xml,RIPLEY\Facturacion\dteproveedor_5529.xml,01_Raw\RIPLEY\Facturacion\dteproveedor_5529.xml,RIPLEY,FACTURACION,fc1894d0e6e5857ef748b0730c46f442028b8ce6144c948ba7528d1ab119697d,12373,NO INGESTADO,0,0.0
dteproveedor_5565.xml,RIPLEY\Facturacion\dteproveedor_5565.xml,01_Raw\RIPLEY\Facturacion\dteproveedor_5565.xml,RIPLEY,FACTURACION,fdecfc0854f069de55de8dcc64e0fc8fa52a7ed616efe742c2d5de6bbbe15899,12425,NO INGESTADO,0,0.0
dteproveedor_5566.xml,RIPLEY\Facturacion\dteproveedor_5566.xml,01_Raw\RIPLEY\Facturacion\dteproveedor_5566.xml,RIPLEY,FACTURACION,3e6144106130ba1168ab3ef9d5016a1e7ba7ec91ea102754c8a8e9eab5978eaf,12434,NO INGESTADO,0,0.0
dteproveedor_5574.xml,RIPLEY\Facturacion\dteproveedor_5574.xml,01_Raw\RIPLEY\Facturacion\dteproveedor_5574.xml,RIPLEY,FACTURACION,d90bc26e71c4e84b4b5f380b8c831d072013919e3e49a7afa5e8f6ebbadbd1f7,12389,NO INGESTADO,0,0.0
dteproveedor_5576.xml,RIPLEY\Facturacion\dteproveedor_5576.xml,01_Raw\RIPLEY\Facturacion\dteproveedor_5576.xml,RIPLEY,FACTURACION,3303e52334bb7a05e3b985e8e9e92f7127085dc879270420f02347a5811921b8,12376,NO INGESTADO,0,0.0
dteproveedor_5577.xml,RIPLEY\Facturacion\dteproveedor_5577.xml,01_Raw\RIPLEY\Facturacion\dteproveedor_5577.xml,RIPLEY,FACTURACION,1f2a24a7ab70e35bcf9351e44c5828e2625cf2f72716b8b2c7acaeb2fb76edbb,12382,NO INGESTADO,0,0.0
dteproveedor_5613.xml,RIPLEY\Facturacion\dteproveedor_5613.xml,01_Raw\RIPLEY\Facturacion\dteproveedor_5613.xml,RIPLEY,FACTURACION,73e0b9f407bf723f3182a50d5c55e2fa9d1ab451630c0bf1756742e2ada2e89d,12423,NO INGESTADO,0,0.0
dteproveedor_5614.xml,RIPLEY\Facturacion\dteproveedor_5614.xml,01_Raw\RIPLEY\Facturacion\dteproveedor_5614.xml,RIPLEY,FACTURACION,1b261295a0ba4e9c85f205b7173429cd78cc88d18d895e68a866cf732c012cef,12434,NO INGESTADO,0,0.0
dteproveedor_5624.xml,RIPLEY\Facturacion\dteproveedor_5624.xml,01_Raw\RIPLEY\Facturacion\dteproveedor_5624.xml,RIPLEY,FACTURACION,08c7b2cc828282a7467bc470abdcaf7b5d1519afe198f953326767875ba8c082,12887,NO INGESTADO,0,0.0
dteproveedor_5625.xml,RIPLEY\Facturacion\dteproveedor_5625.xml,01_Raw\RIPLEY\Facturacion\dteproveedor_5625.xml,RIPLEY,FACTURACION,817df95a5eee660b46e498cacc9e7de135d58fa3dc78b5b1af0b772b770747ff,18288,NO INGESTADO,0,0.0
dteproveedor_5626.xml,RIPLEY\Facturacion\dteproveedor_5626.xml,01_Raw\RIPLEY\Facturacion\dteproveedor_5626.xml,RIPLEY,FACTURACION,4056effec5cf8e758eaaed74f3b6af78500f26271cb27a5a35e0ddbd98a186d2,18297,NO INGESTADO,0,0.0
dteproveedor_5630.xml,RIPLEY\Facturacion\dteproveedor_5630.xml,01_Raw\RIPLEY\Facturacion\dteproveedor_5630.xml,RIPLEY,FACTURACION,d5929a28a822e6fb27f903a752757114448ac73e2c807e4a9a1b255cd4ae41fa,12389,NO INGESTADO,0,0.0
dteproveedor_5637.xml,RIPLEY\Facturacion\dteproveedor_5637.xml,01_Raw\RIPLEY\Facturacion\dteproveedor_5637.xml,RIPLEY,FACTURACION,f38cdfad4e9554f13649ed22a7ec8d131fa865d5417d1fa661f57b52ebd1da30,12382,NO INGESTADO,0,0.0
dteproveedor_5638.xml,RIPLEY\Facturacion\dteproveedor_5638.xml,01_Raw\RIPLEY\Facturacion\dteproveedor_5638.xml,RIPLEY,FACTURACION,8b7eecd2e1deac270a12b35970577813340b28151d5e953747f68ef9da3c716f,12375,NO INGESTADO,0,0.0
dteproveedor_5639.xml,RIPLEY\Facturacion\dteproveedor_5639.xml,01_Raw\RIPLEY\Facturacion\dteproveedor_5639.xml,RIPLEY,FACTURACION,5540e45b3f3982390faf2a9df58d7e7563db5d2452316637bd76bd672c00f9db,12376,NO INGESTADO,0,0.0
dteproveedor_5659.xml,RIPLEY\Facturacion\dteproveedor_5659.xml,01_Raw\RIPLEY\Facturacion\dteproveedor_5659.xml,RIPLEY,FACTURACION,2811533bc160c4e26f60abef371d8dfbed33770d17b4fe595352674aba342545,12423,NO INGESTADO,0,0.0
dteproveedor_5660.xml,RIPLEY\Facturacion\dteproveedor_5660.xml,01_Raw\RIPLEY\Facturacion\dteproveedor_5660.xml,RIPLEY,FACTURACION,1faf4d3e6aa0d1eda6dc78b73531d9a94baee0ae61166b0f6d87241d006df33e,12434,NO INGESTADO,0,0.0
dteproveedor_5688.xml,RIPLEY\Facturacion\dteproveedor_5688.xml,01_Raw\RIPLEY\Facturacion\dteproveedor_5688.xml,RIPLEY,FACTURACION,b09f0869ae3843892aec74a36e0f8227eb2f4ca6a953fc70e4e27226fa911ec8,12698,NO INGESTADO,0,0.0
dteproveedor_5689.xml,RIPLEY\Facturacion\dteproveedor_5689.xml,01_Raw\RIPLEY\Facturacion\dteproveedor_5689.xml,RIPLEY,FACTURACION,e1a10d0e12733227ff0762d8502247fcdfda5ebb3b5368cc733e198a7b38aead,12373,NO INGESTADO,0,0.0
dteproveedor_5712.xml,RIPLEY\Facturacion\dteproveedor_5712.xml,01_Raw\RIPLEY\Facturacion\dteproveedor_5712.xml,RIPLEY,FACTURACION,adfb781395bfb6666b00a28e8495b9239da5ab4e143a08e7b3a5a3c42b1ffadc,12423,NO INGESTADO,0,0.0
dteproveedor_5713.xml,RIPLEY\Facturacion\dteproveedor_5713.xml,01_Raw\RIPLEY\Facturacion\dteproveedor_5713.xml,RIPLEY,FACTURACION,0c68e8802b0292667343b60d8ee5059a4c16b0bb1253e53271b859c04fd1d6b2,12434,NO INGESTADO,0,0.0
dteproveedor_5719.xml,RIPLEY\Facturacion\dteproveedor_5719.xml,01_Raw\RIPLEY\Facturacion\dteproveedor_5719.xml,RIPLEY,FACTURACION,b016d4e7a3d5a591178455e3a394850d35b989085931abc73fcb4c8315e1cb3e,12669,NO INGESTADO,0,0.0
dteproveedor_5722.xml,RIPLEY\Facturacion\dteproveedor_5722.xml,01_Raw\RIPLEY\Facturacion\dteproveedor_5722.xml,RIPLEY,FACTURACION,e931e6d3da4af37003346c19bd7c9572ca2f8e913a8b13bae0eef709b87f8c47,12595,NO INGESTADO,0,0.0
dteproveedor_5723.xml,RIPLEY\Facturacion\dteproveedor_5723.xml,01_Raw\RIPLEY\Facturacion\dteproveedor_5723.xml,RIPLEY,FACTURACION,1cfdad0a25f485e12674fccfdf0c8d925cb6b474d1b3a102d733e94cee51b919,18319,NO INGESTADO,0,0.0
dteproveedor_5724.xml,RIPLEY\Facturacion\dteproveedor_5724.xml,01_Raw\RIPLEY\Facturacion\dteproveedor_5724.xml,RIPLEY,FACTURACION,2e023635a0c4f4a156c35e08c81a54c1847d9ecb8c4706f433cf43a950dadee6,18298,NO INGESTADO,0,0.0
dteproveedor_5725.xml,RIPLEY\Facturacion\dteproveedor_5725.xml,01_Raw\RIPLEY\Facturacion\dteproveedor_5725.xml,RIPLEY,FACTURACION,8f377c20a80cfdb0e0bb046756b0cb058f0ad29f676a50cdcbe51c30be72b38b,15931,NO INGESTADO,0,0.0
dteproveedor_5727.xml,RIPLEY\Facturacion\dteproveedor_5727.xml,01_Raw\RIPLEY\Facturacion\dteproveedor_5727.xml,RIPLEY,FACTURACION,18f4266dcc6fa87ee258d35e931d1fd5dcdaca185ef864c5b82bee38a2999007,14575,NO INGESTADO,0,0.0
dteproveedor_5744.xml,RIPLEY\Facturacion\dteproveedor_5744.xml,01_Raw\RIPLEY\Facturacion\dteproveedor_5744.xml,RIPLEY,FACTURACION,ca97664ca900c519bf31ed00947340cee7812b54807f22bfc151103fc116d5fa,12375,NO INGESTADO,0,0.0
dteproveedor_5745.xml,RIPLEY\Facturacion\dteproveedor_5745.xml,01_Raw\RIPLEY\Facturacion\dteproveedor_5745.xml,RIPLEY,FACTURACION,e7cacf8f8dc60af0a11f4f3826041f8f0695836bcdef2664cded6502a5be6f89,12378,NO INGESTADO,0,0.0
dteproveedor_5747.xml,RIPLEY\Facturacion\dteproveedor_5747.xml,01_Raw\RIPLEY\Facturacion\dteproveedor_5747.xml,RIPLEY,FACTURACION,5351efe99c986f623d64303697920e82637c621690c2ffc8c99018bb3e05de4e,12701,NO INGESTADO,0,0.0
dteproveedor_5768.xml,RIPLEY\Facturacion\dteproveedor_5768.xml,01_Raw\RIPLEY\Facturacion\dteproveedor_5768.xml,RIPLEY,FACTURACION,a8998cfc455b3b449e8f8086c4dd0be2a3949c83d74bbede188ebd668a09b289,12429,NO INGESTADO,0,0.0
dteproveedor_5769.xml,RIPLEY\Facturacion\dteproveedor_5769.xml,01_Raw\RIPLEY\Facturacion\dteproveedor_5769.xml,RIPLEY,FACTURACION,2eb5275dfa14fc574e5dc080ab105c581369bd29fe5a6d9c53198fcaebd86a1e,12437,NO INGESTADO,0,0.0
dteproveedor_5788.xml,RIPLEY\Facturacion\dteproveedor_5788.xml,01_Raw\RIPLEY\Facturacion\dteproveedor_5788.xml,RIPLEY,FACTURACION,3df54cb2bf5f9523462d6e1d796fd947627efc211fb1238cb3a58114e244256b,12375,NO INGESTADO,0,0.0
dteproveedor_5789.xml,RIPLEY\Facturacion\dteproveedor_5789.xml,01_Raw\RIPLEY\Facturacion\dteproveedor_5789.xml,RIPLEY,FACTURACION,68c8207b61d56eeebcd37255cf9e3ad59853e6eae42c2dbe95e01204a83e2dc5,12382,NO INGESTADO,0,0.0
dteproveedor_5790.xml,RIPLEY\Facturacion\dteproveedor_5790.xml,01_Raw\RIPLEY\Facturacion\dteproveedor_5790.xml,RIPLEY,FACTURACION,c8fdeec50f493b733e085d4df1e5714217520a79403b2d865212dceeed8a6f0f,12434,NO INGESTADO,0,0.0
dteproveedor_5791.xml,RIPLEY\Facturacion\dteproveedor_5791.xml,01_Raw\RIPLEY\Facturacion\dteproveedor_5791.xml,RIPLEY,FACTURACION,eb8342fd2d96a1181afc1d2ff8bde77c64a768e86b093c86ca32eea1949d7425,12700,NO INGESTADO,0,0.0
dteproveedor_5800.xml,RIPLEY\Facturacion\dteproveedor_5800.xml,01_Raw\RIPLEY\Facturacion\dteproveedor_5800.xml,RIPLEY,FACTURACION,1b3997b9a8c1f22af66d2b4785f2c26b2ffdcc3c0b7e60ebe65d6e663abf108b,12591,NO INGESTADO,0,0.0
dteproveedor_5802.xml,RIPLEY\Facturacion\dteproveedor_5802.xml,01_Raw\RIPLEY\Facturacion\dteproveedor_5802.xml,RIPLEY,FACTURACION,fe93790c337339735fdff525e8e6b0e9a333c14ae0c4fec2532cac2904a79601,18040,NO INGESTADO,0,0.0
dteproveedor_5803.xml,RIPLEY\Facturacion\dteproveedor_5803.xml,01_Raw\RIPLEY\Facturacion\dteproveedor_5803.xml,RIPLEY,FACTURACION,d464098e77f0fb364fc8d3141898acf55e4a9a3dc4c4b63c3274b8d9fb7ffd03,18063,NO INGESTADO,0,0.0
dteproveedor_5804.xml,RIPLEY\Facturacion\dteproveedor_5804.xml,01_Raw\RIPLEY\Facturacion\dteproveedor_5804.xml,RIPLEY,FACTURACION,7edb93fc9112105a33e066d6b55fa0299704d04e3a92e1ee8f3b7777b8f3b937,18062,NO INGESTADO,0,0.0
dteproveedor_5805.xml,RIPLEY\Facturacion\dteproveedor_5805.xml,01_Raw\RIPLEY\Facturacion\dteproveedor_5805.xml,RIPLEY,FACTURACION,419aa1b411603a7a77dbc24492a61d55f5c589821d2cc267004116fb1e0b41cd,18061,NO INGESTADO,0,0.0
dteproveedor_5806.xml,RIPLEY\Facturacion\dteproveedor_5806.xml,01_Raw\RIPLEY\Facturacion\dteproveedor_5806.xml,RIPLEY,FACTURACION,af7702acb0d49a4fd40d599cbcdcb0352675ab1c9a2d2389e19399d5edb0bbd3,18064,NO INGESTADO,0,0.0
dteproveedor_5807.xml,RIPLEY\Facturacion\dteproveedor_5807.xml,01_Raw\RIPLEY\Facturacion\dteproveedor_5807.xml,RIPLEY,FACTURACION,7df034e23da6eea13c6970eba47c0008b4e9231fbda820f8808e945840318096,18074,NO INGESTADO,0,0.0
dteproveedor_5808.xml,RIPLEY\Facturacion\dteproveedor_5808.xml,01_Raw\RIPLEY\Facturacion\dteproveedor_5808.xml,RIPLEY,FACTURACION,cb98eccd71aae10108dda51d34676839df931b4743b9babe2d3dfe43cf651cbb,18043,NO INGESTADO,0,0.0
dteproveedor_5809.xml,RIPLEY\Facturacion\dteproveedor_5809.xml,01_Raw\RIPLEY\Facturacion\dteproveedor_5809.xml,RIPLEY,FACTURACION,92ffedf29d4b6ab06787d812f65850b1a482393632df8c8742a7fe778d3eba02,18082,NO INGESTADO,0,0.0
dteproveedor_5810.xml,RIPLEY\Facturacion\dteproveedor_5810.xml,01_Raw\RIPLEY\Facturacion\dteproveedor_5810.xml,RIPLEY,FACTURACION,96ebf864d302845c0ed4f0f95e827f2a1a5016bde5ebce8b341ab298804880f8,14609,NO INGESTADO,0,0.0
dteproveedor_5811.xml,RIPLEY\Facturacion\dteproveedor_5811.xml,01_Raw\RIPLEY\Facturacion\dteproveedor_5811.xml,RIPLEY,FACTURACION,74dbd407ab43d0a1dac50f7c00600cec6730d7daab5b56da416ea1ecc8193117,12672,NO INGESTADO,0,0.0
dteproveedor_5812.xml,RIPLEY\Facturacion\dteproveedor_5812.xml,01_Raw\RIPLEY\Facturacion\dteproveedor_5812.xml,RIPLEY,FACTURACION,2e630e84704c79656c4dce5329ec52e8d49fa541d21567e76f5d93f3d461485a,12434,NO INGESTADO,0,0.0
dteproveedor_5813.xml,RIPLEY\Facturacion\dteproveedor_5813.xml,01_Raw\RIPLEY\Facturacion\dteproveedor_5813.xml,RIPLEY,FACTURACION,999eeb104f13faf16f9313384f07582543b4e1b284cdc0f3b38ec0f6c0e010a3,12429,NO INGESTADO,0,0.0
dteproveedor_5841.xml,RIPLEY\Facturacion\dteproveedor_5841.xml,01_Raw\RIPLEY\Facturacion\dteproveedor_5841.xml,RIPLEY,FACTURACION,be1e8cc4c83fa558a18a81e43c6c58ec9ec6fe92dccc9ff57c98be325b64d4ba,12669,NO INGESTADO,0,0.0
dteproveedor_5842.xml,RIPLEY\Facturacion\dteproveedor_5842.xml,01_Raw\RIPLEY\Facturacion\dteproveedor_5842.xml,RIPLEY,FACTURACION,8daf788b5ab64b947d1b1866cb933a1615e498f41b9f29124e548044e009a11e,14255,NO INGESTADO,0,0.0
dteproveedor_5843.xml,RIPLEY\Facturacion\dteproveedor_5843.xml,01_Raw\RIPLEY\Facturacion\dteproveedor_5843.xml,RIPLEY,FACTURACION,21d6be53b8c1de48e3bd84b724fc83b50c00e71320ed05c3c0047e2b14e5b145,15255,NO INGESTADO,0,0.0
dteproveedor_5844.xml,RIPLEY\Facturacion\dteproveedor_5844.xml,01_Raw\RIPLEY\Facturacion\dteproveedor_5844.xml,RIPLEY,FACTURACION,dfd1a922f30208faa318987519022f67611c0b469f57a3ebb26a04c68746455c,18324,NO INGESTADO,0,0.0
dteproveedor_5857.xml,RIPLEY\Facturacion\dteproveedor_5857.xml,01_Raw\RIPLEY\Facturacion\dteproveedor_5857.xml,RIPLEY,FACTURACION,807e8d09a966d91f7339be4ec2e8a190184c01c0f0d500745dd632c5639e1910,12699,NO INGESTADO,0,0.0
dteproveedor_5884.xml,RIPLEY\Facturacion\dteproveedor_5884.xml,01_Raw\RIPLEY\Facturacion\dteproveedor_5884.xml,RIPLEY,FACTURACION,fb6c9078d011fece4e7f10461a742341c3e944b5363c951549907d4834e213de,12429,NO INGESTADO,0,0.0
dteproveedor_5885.xml,RIPLEY\Facturacion\dteproveedor_5885.xml,01_Raw\RIPLEY\Facturacion\dteproveedor_5885.xml,RIPLEY,FACTURACION,25e058cc54bb513f30dae4aac4bf27703e49a06196fb2374b411f72292fa3e82,12435,NO INGESTADO,0,0.0
dteproveedor_5901.xml,RIPLEY\Facturacion\dteproveedor_5901.xml,01_Raw\RIPLEY\Facturacion\dteproveedor_5901.xml,RIPLEY,FACTURACION,15c8b34fb769293a756ed4c5c02aab606433e3b00550cecb52d25915fcac09b8,12378,NO INGESTADO,0,0.0
dteproveedor_5902.xml,RIPLEY\Facturacion\dteproveedor_5902.xml,01_Raw\RIPLEY\Facturacion\dteproveedor_5902.xml,RIPLEY,FACTURACION,e2af3f4d2e95837a2818d38698a8aafdca37926b41cc01eb0450984d13fb66ee,12375,NO INGESTADO,0,0.0
dteproveedor_5906.xml,RIPLEY\Facturacion\dteproveedor_5906.xml,01_Raw\RIPLEY\Facturacion\dteproveedor_5906.xml,RIPLEY,FACTURACION,2ffe76757afc3857d492e03d460eb2eb58d485902820a85b0dfa3e19fc3c4e89,12698,NO INGESTADO,0,0.0
dteproveedor_5909.xml,RIPLEY\Facturacion\dteproveedor_5909.xml,01_Raw\RIPLEY\Facturacion\dteproveedor_5909.xml,RIPLEY,FACTURACION,a4392b68f113807cbe2cb4ef669ab6159cabb9d1e922f7b6fed9a14092f6775a,12591,NO INGESTADO,0,0.0
dteproveedor_5916.xml,RIPLEY\Facturacion\dteproveedor_5916.xml,01_Raw\RIPLEY\Facturacion\dteproveedor_5916.xml,RIPLEY,FACTURACION,f6d109606c374ad295b967d8e154048e21f57429c4a43af39d3b55e7acba74b8,12425,NO INGESTADO,0,0.0
dteproveedor_5917.xml,RIPLEY\Facturacion\dteproveedor_5917.xml,01_Raw\RIPLEY\Facturacion\dteproveedor_5917.xml,RIPLEY,FACTURACION,d02363028a39f89c7dc568dbed1dc2b6b324f527b3298c31cd908ea9f9e7142f,12434,NO INGESTADO,0,0.0
dteproveedor_5944.xml,RIPLEY\Facturacion\dteproveedor_5944.xml,01_Raw\RIPLEY\Facturacion\dteproveedor_5944.xml,RIPLEY,FACTURACION,17a4922961b4fc88e0e37d14703d3a99fc83527deb8e6927d1f34285e0d44072,14573,NO INGESTADO,0,0.0
dteproveedor_5945.xml,RIPLEY\Facturacion\dteproveedor_5945.xml,01_Raw\RIPLEY\Facturacion\dteproveedor_5945.xml,RIPLEY,FACTURACION,8c32a5b29340519cbf00959bbee6da5e54dccb7f40509853279b7dda6fc04090,18157,NO INGESTADO,0,0.0
dteproveedor_5946.xml,RIPLEY\Facturacion\dteproveedor_5946.xml,01_Raw\RIPLEY\Facturacion\dteproveedor_5946.xml,RIPLEY,FACTURACION,c3df45ef0ae2a03df1a34a33ceded854be16b83f48dc707079cc0a7a795a3788,18154,NO INGESTADO,0,0.0
dteproveedor_5947.xml,RIPLEY\Facturacion\dteproveedor_5947.xml,01_Raw\RIPLEY\Facturacion\dteproveedor_5947.xml,RIPLEY,FACTURACION,8852230fb9fb972c46abd05baeb7bc92843a6b3022b82ed2a8c1f5d966242a03,18151,NO INGESTADO,0,0.0
dteproveedor_5949.xml,RIPLEY\Facturacion\dteproveedor_5949.xml,01_Raw\RIPLEY\Facturacion\dteproveedor_5949.xml,RIPLEY,FACTURACION,a5f78455060aeaba95c4b2082889f832017c41adba0c8969a779a59202d9d2c5,13051,NO INGESTADO,0,0.0
dteproveedor_5952.xml,RIPLEY\Facturacion\dteproveedor_5952.xml,01_Raw\RIPLEY\Facturacion\dteproveedor_5952.xml,RIPLEY,FACTURACION,8f744d96c552c901a0f12eacd0baf67b5847e3bfdbb5300405d48f6b48b6e36d,12668,NO INGESTADO,0,0.0
dteproveedor_5969.xml,RIPLEY\Facturacion\dteproveedor_5969.xml,01_Raw\RIPLEY\Facturacion\dteproveedor_5969.xml,RIPLEY,FACTURACION,3095d3a7a5496a4eb38f0ed1df701616536acfa3cd4f050d7f843fd7854819f7,12711,NO INGESTADO,0,0.0
dteproveedor_5971.xml,RIPLEY\Facturacion\dteproveedor_5971.xml,01_Raw\RIPLEY\Facturacion\dteproveedor_5971.xml,RIPLEY,FACTURACION,e9a42388f2022ce0714c6df40ca927b3f224b2c68733abd9a41232e5037e47f8,12376,NO INGESTADO,0,0.0
dteproveedor_6002.xml,RIPLEY\Facturacion\dteproveedor_6002.xml,01_Raw\RIPLEY\Facturacion\dteproveedor_6002.xml,RIPLEY,FACTURACION,0bf11a7c4f7f502efd024b3471274c79bbc6fbe9a1d8825cc90872edc39e4dac,12429,NO INGESTADO,0,0.0
dteproveedor_6003.xml,RIPLEY\Facturacion\dteproveedor_6003.xml,01_Raw\RIPLEY\Facturacion\dteproveedor_6003.xml,RIPLEY,FACTURACION,61d7fdfcd94aacddc0fc4990fbc2d341f63c25e5ccfba88d5e3811b2b300f70f,12435,NO INGESTADO,0,0.0
dteproveedor_6014.xml,RIPLEY\Facturacion\dteproveedor_6014.xml,01_Raw\RIPLEY\Facturacion\dteproveedor_6014.xml,RIPLEY,FACTURACION,83566834bf37e5e3de39656212e6a358014b33f0b7f0eb5d33ca6b22f0ed793a,12373,NO INGESTADO,0,0.0
dteproveedor_6015.xml,RIPLEY\Facturacion\dteproveedor_6015.xml,01_Raw\RIPLEY\Facturacion\dteproveedor_6015.xml,RIPLEY,FACTURACION,784b9a9b47c839fdf521c9565e1b7d767deaf3a02c61292431c12cc5fd04cd52,12712,NO INGESTADO,0,0.0
dteproveedor_6017.xml,RIPLEY\Facturacion\dteproveedor_6017.xml,01_Raw\RIPLEY\Facturacion\dteproveedor_6017.xml,RIPLEY,FACTURACION,2e4dc6ee515ce6a26215f0bcaa72e951c6f03f411bdad5bb91e09ccc85485a32,12427,NO INGESTADO,0,0.0
dteproveedor_6050.xml,RIPLEY\Facturacion\dteproveedor_6050.xml,01_Raw\RIPLEY\Facturacion\dteproveedor_6050.xml,RIPLEY,FACTURACION,3c3148729085a18d38475d006154b40c0bd99e67d3f836abba8d67cb0731fa41,12423,NO INGESTADO,0,0.0
dteproveedor_6051.xml,RIPLEY\Facturacion\dteproveedor_6051.xml,01_Raw\RIPLEY\Facturacion\dteproveedor_6051.xml,RIPLEY,FACTURACION,1e99dc5d7dd1b7a3a0524c8a662b72f77b2dbaa88503fdf8cc67f4e8badfc04e,12434,NO INGESTADO,0,0.0
dteproveedor_6055.xml,RIPLEY\Facturacion\dteproveedor_6055.xml,01_Raw\RIPLEY\Facturacion\dteproveedor_6055.xml,RIPLEY,FACTURACION,43c5e0d3475fda64458c90c83905eb35e5643d434a3bfb03c95a9e746c59df3d,18178,NO INGESTADO,0,0.0
dteproveedor_6056.xml,RIPLEY\Facturacion\dteproveedor_6056.xml,01_Raw\RIPLEY\Facturacion\dteproveedor_6056.xml,RIPLEY,FACTURACION,613ca2f67813e8783e463e4622cbe3606b1f5dc7983b8871962cdd899d9f8966,13229,NO INGESTADO,0,0.0
dteproveedor_6057.xml,RIPLEY\Facturacion\dteproveedor_6057.xml,01_Raw\RIPLEY\Facturacion\dteproveedor_6057.xml,RIPLEY,FACTURACION,4452a459aced12dbede37789e6a06b4508b4a860095c0670af4a19bbe3d86af5,18150,NO INGESTADO,0,0.0
dteproveedor_6058.xml,RIPLEY\Facturacion\dteproveedor_6058.xml,01_Raw\RIPLEY\Facturacion\dteproveedor_6058.xml,RIPLEY,FACTURACION,a42aaababbb3001e402dd013c480a959297633d99a5f75976009a6b7757dfbd9,18199,NO INGESTADO,0,0.0
dteproveedor_6059.xml,RIPLEY\Facturacion\dteproveedor_6059.xml,01_Raw\RIPLEY\Facturacion\dteproveedor_6059.xml,RIPLEY,FACTURACION,907faf6c05cb9241103309c07ba57de863f7b3837b0ecb516fc4b64b4e804e85,18165,NO INGESTADO,0,0.0
dteproveedor_6060.xml,RIPLEY\Facturacion\dteproveedor_6060.xml,01_Raw\RIPLEY\Facturacion\dteproveedor_6060.xml,RIPLEY,FACTURACION,f876662b8b22a1d344e0841d4687cab5da5ae4398315ad8d75eaa2010e0249f6,13917,NO INGESTADO,0,0.0
dteproveedor_6063.xml,RIPLEY\Facturacion\dteproveedor_6063.xml,01_Raw\RIPLEY\Facturacion\dteproveedor_6063.xml,RIPLEY,FACTURACION,931926361ddd39862acb1c907a70e6dcd0ba3a13e11dd8207135a544598187ab,12669,NO INGESTADO,0,0.0
dteproveedor_6065.xml,RIPLEY\Facturacion\dteproveedor_6065.xml,01_Raw\RIPLEY\Facturacion\dteproveedor_6065.xml,RIPLEY,FACTURACION,a06851026f334ff52f7ddc69090a4b62cd1fbee1cf128c0c047936026db32a4d,12589,NO INGESTADO,0,0.0
dteproveedor_6087.xml,RIPLEY\Facturacion\dteproveedor_6087.xml,01_Raw\RIPLEY\Facturacion\dteproveedor_6087.xml,RIPLEY,FACTURACION,e6c1ca2588251116451fa040d5cf523bfac9d58ca3a43e9e9bc51357d5aea2af,12711,NO INGESTADO,0,0.0
dteproveedor_6108.xml,RIPLEY\Facturacion\dteproveedor_6108.xml,01_Raw\RIPLEY\Facturacion\dteproveedor_6108.xml,RIPLEY,FACTURACION,a408283d20d7ad3dbdf7b5ca8116b9749c6514a8e55fe341dfe5e9ede3900427,12429,NO INGESTADO,0,0.0
dteproveedor_6109.xml,RIPLEY\Facturacion\dteproveedor_6109.xml,01_Raw\RIPLEY\Facturacion\dteproveedor_6109.xml,RIPLEY,FACTURACION,51e0718ebe68aad0da6a2dc632e8112c751a597ae534b8018189737c6d3c9194,12435,NO INGESTADO,0,0.0
dteproveedor_6125.xml,RIPLEY\Facturacion\dteproveedor_6125.xml,01_Raw\RIPLEY\Facturacion\dteproveedor_6125.xml,RIPLEY,FACTURACION,ff1a7239378597ed9e7ec2db971b28229c0ab5e98f9b57d45d6a37ed4059af75,12376,NO INGESTADO,0,0.0
dteproveedor_6126.xml,RIPLEY\Facturacion\dteproveedor_6126.xml,01_Raw\RIPLEY\Facturacion\dteproveedor_6126.xml,RIPLEY,FACTURACION,9cc0446c93ede4b322ceacbb8ecfe6f67b6f7a1ccedf6181cdda9a94dd367b58,12376,NO INGESTADO,0,0.0
dteproveedor_6127.xml,RIPLEY\Facturacion\dteproveedor_6127.xml,01_Raw\RIPLEY\Facturacion\dteproveedor_6127.xml,RIPLEY,FACTURACION,a7b3ebc6f95c2c026d57827c957c41c1b07fd92f09f3dc00541d386c2bcde51a,12375,NO INGESTADO,0,0.0
dteproveedor_6128.xml,RIPLEY\Facturacion\dteproveedor_6128.xml,01_Raw\RIPLEY\Facturacion\dteproveedor_6128.xml,RIPLEY,FACTURACION,58172663a2901e35e07016793a0986c5398abbbc7c0df91817a3dbbb54b39f3a,12376,NO INGESTADO,0,0.0
dteproveedor_6129.xml,RIPLEY\Facturacion\dteproveedor_6129.xml,01_Raw\RIPLEY\Facturacion\dteproveedor_6129.xml,RIPLEY,FACTURACION,c9374904882a6902960b39ecfc3c267125d94f85e39a31eefa6070d366f5d81a,12428,NO INGESTADO,0,0.0
dteproveedor_6137.xml,RIPLEY\Facturacion\dteproveedor_6137.xml,01_Raw\RIPLEY\Facturacion\dteproveedor_6137.xml,RIPLEY,FACTURACION,1c1e57880f750d6fe7950f8ecf5be1e4b2de49c05094fcf142c2c83b819a22da,12591,NO INGESTADO,0,0.0
dteproveedor_6139.xml,RIPLEY\Facturacion\dteproveedor_6139.xml,01_Raw\RIPLEY\Facturacion\dteproveedor_6139.xml,RIPLEY,FACTURACION,bebdecf34c65dd91d98f028bc9791c33bb61c3847c21cd39ad0d51141c432d44,12434,NO INGESTADO,0,0.0
dteproveedor_6140.xml,RIPLEY\Facturacion\dteproveedor_6140.xml,01_Raw\RIPLEY\Facturacion\dteproveedor_6140.xml,RIPLEY,FACTURACION,535a2c2fa1164ec14f9aa89584d1c68a57954a8d3c9e0f4188bb505b85276f87,12421,NO INGESTADO,0,0.0
dteproveedor_6141.xml,RIPLEY\Facturacion\dteproveedor_6141.xml,01_Raw\RIPLEY\Facturacion\dteproveedor_6141.xml,RIPLEY,FACTURACION,35c65373a1f5d5b5f1d51acdbf99e95d477720287eb63ad3ae22c87a6161447b,12434,NO INGESTADO,0,0.0
dteproveedor_6142.xml,RIPLEY\Facturacion\dteproveedor_6142.xml,01_Raw\RIPLEY\Facturacion\dteproveedor_6142.xml,RIPLEY,FACTURACION,8739765b077397f5edc84f462010267ddc38215b42272e881bb634e3268c3db9,12429,NO INGESTADO,0,0.0
dteproveedor_6171.xml,RIPLEY\Facturacion\dteproveedor_6171.xml,01_Raw\RIPLEY\Facturacion\dteproveedor_6171.xml,RIPLEY,FACTURACION,5944a6c54c35a62088d8ed7bad7a84377143d1c44c59d1bfd6240e4bf7e023f4,14494,NO INGESTADO,0,0.0
dteproveedor_6172.xml,RIPLEY\Facturacion\dteproveedor_6172.xml,01_Raw\RIPLEY\Facturacion\dteproveedor_6172.xml,RIPLEY,FACTURACION,21589c9ee555bc83cbb01af0dd7b7e19537e4dd051335cab82cd5bae96195264,12670,NO INGESTADO,0,0.0
dteproveedor_6174.xml,RIPLEY\Facturacion\dteproveedor_6174.xml,01_Raw\RIPLEY\Facturacion\dteproveedor_6174.xml,RIPLEY,FACTURACION,ad63c174b8afc59202f43171f735ae0c6976c0d28eb775aa2e934f7fdc357163,18192,NO INGESTADO,0,0.0
dteproveedor_6175.xml,RIPLEY\Facturacion\dteproveedor_6175.xml,01_Raw\RIPLEY\Facturacion\dteproveedor_6175.xml,RIPLEY,FACTURACION,25cc1f390ffbcbc3e7a129a982ec1878036a00a88b006a2085c49b78ffa88b0b,18155,NO INGESTADO,0,0.0
dteproveedor_6195.xml,RIPLEY\Facturacion\dteproveedor_6195.xml,01_Raw\RIPLEY\Facturacion\dteproveedor_6195.xml,RIPLEY,FACTURACION,31e1bf05e9609e71077620fb4884602bfe9dccc36c1de3fbdd8ea1eeeb681758,12367,NO INGESTADO,0,0.0
dteproveedor_6198.xml,RIPLEY\Facturacion\dteproveedor_6198.xml,01_Raw\RIPLEY\Facturacion\dteproveedor_6198.xml,RIPLEY,FACTURACION,ad840754ff0249121e36db95d571acf79a9579d5b2e540bcac2f14fabc641d33,12711,NO INGESTADO,0,0.0
dteproveedor_6226.xml,RIPLEY\Facturacion\dteproveedor_6226.xml,01_Raw\RIPLEY\Facturacion\dteproveedor_6226.xml,RIPLEY,FACTURACION,8658c3da3affa1d7d289e7e608ccf375dfc32f2eb91aecef25c387eca6139131,12429,NO INGESTADO,0,0.0
dteproveedor_6227.xml,RIPLEY\Facturacion\dteproveedor_6227.xml,01_Raw\RIPLEY\Facturacion\dteproveedor_6227.xml,RIPLEY,FACTURACION,9472f427d04a08d0722b9fb89010f52f932a79448fd8018f545b7b1d635a6ab6,12434,NO INGESTADO,0,0.0
dteproveedor_6242.xml,RIPLEY\Facturacion\dteproveedor_6242.xml,01_Raw\RIPLEY\Facturacion\dteproveedor_6242.xml,RIPLEY,FACTURACION,0b3ab1897f9dd87c745fab2f4750f0d1ced9e958286a649b4d5df4da3e9412a1,17971,NO INGESTADO,0,0.0
dteproveedor_6243.xml,RIPLEY\Facturacion\dteproveedor_6243.xml,01_Raw\RIPLEY\Facturacion\dteproveedor_6243.xml,RIPLEY,FACTURACION,132320f5811b79d0e16521f4d000dd4eb366a9626678f20b350966ac183c1d74,17886,NO INGESTADO,0,0.0
dteproveedor_6244.xml,RIPLEY\Facturacion\dteproveedor_6244.xml,01_Raw\RIPLEY\Facturacion\dteproveedor_6244.xml,RIPLEY,FACTURACION,bc298a22eb27cb97c8a371d19d2f83a43f10d3603eb9333e8339c5df07af3b2e,13450,NO INGESTADO,0,0.0
dteproveedor_6245.xml,RIPLEY\Facturacion\dteproveedor_6245.xml,01_Raw\RIPLEY\Facturacion\dteproveedor_6245.xml,RIPLEY,FACTURACION,e1fba53ff914b04900ed5924cec6007e8a20362d6d67e2bd9aee8781de8cb7e0,12376,NO INGESTADO,0,0.0
dteproveedor_6246.xml,RIPLEY\Facturacion\dteproveedor_6246.xml,01_Raw\RIPLEY\Facturacion\dteproveedor_6246.xml,RIPLEY,FACTURACION,2c9094929c177a84e69be7ab59058de3eb1a8a8f0f0b0b46b8c7124ea3aab159,12428,NO INGESTADO,0,0.0
dteproveedor_6257.xml,RIPLEY\Facturacion\dteproveedor_6257.xml,01_Raw\RIPLEY\Facturacion\dteproveedor_6257.xml,RIPLEY,FACTURACION,5c1b7f0abddf9a54508a2dbaaa463037256b1e33fe31b4b3c4f02b91234ed360,12875,NO INGESTADO,0,0.0
dteproveedor_6277.xml,RIPLEY\Facturacion\dteproveedor_6277.xml,01_Raw\RIPLEY\Facturacion\dteproveedor_6277.xml,RIPLEY,FACTURACION,9d50d16cf4f7c3f7bceedd0bdb3fa99e111f055ef17a7e9d9ce11ed964c0d053,12434,NO INGESTADO,0,0.0
dteproveedor_6278.xml,RIPLEY\Facturacion\dteproveedor_6278.xml,01_Raw\RIPLEY\Facturacion\dteproveedor_6278.xml,RIPLEY,FACTURACION,33edabc7c8b188ce5a0c905b186f20f3a5c61756370e5f66d634b8bfb6a75e6f,12429,NO INGESTADO,0,0.0
dteproveedor_6297.xml,RIPLEY\Facturacion\dteproveedor_6297.xml,01_Raw\RIPLEY\Facturacion\dteproveedor_6297.xml,RIPLEY,FACTURACION,5384684f05f150fb1b56b8dcb07e4e5be016c85cf839e59bf79f933e773a0799,13011,NO INGESTADO,0,0.0
dteproveedor_6298.xml,RIPLEY\Facturacion\dteproveedor_6298.xml,01_Raw\RIPLEY\Facturacion\dteproveedor_6298.xml,RIPLEY,FACTURACION,cf593f498d5995350ee081c3b85b8d2ad887eef63806b53a11988d4b5d6f74fc,12670,NO INGESTADO,0,0.0
dteproveedor_6324.xml,RIPLEY\Facturacion\dteproveedor_6324.xml,01_Raw\RIPLEY\Facturacion\dteproveedor_6324.xml,RIPLEY,FACTURACION,443c9badc3b71420adbd29b82f79aebb9ee7b99286f4fb675f52f24b2d558dd6,12616,NO INGESTADO,0,0.0
dteproveedor_6326.xml,RIPLEY\Facturacion\dteproveedor_6326.xml,01_Raw\RIPLEY\Facturacion\dteproveedor_6326.xml,RIPLEY,FACTURACION,b455dbea1c5752481421ecd5dd3a86cd6ec9564cc902daeca918feeff20dc66f,12711,NO INGESTADO,0,0.0
dteproveedor_6356.xml,RIPLEY\Facturacion\dteproveedor_6356.xml,01_Raw\RIPLEY\Facturacion\dteproveedor_6356.xml,RIPLEY,FACTURACION,a72192e1018d2e3bef69e0ee03c620c5d7100e607544bd943a69abdf59ad4bf1,12434,NO INGESTADO,0,0.0
dteproveedor_6357.xml,RIPLEY\Facturacion\dteproveedor_6357.xml,01_Raw\RIPLEY\Facturacion\dteproveedor_6357.xml,RIPLEY,FACTURACION,4aa3a7ccdba12c184ab6a1dbb1bdcc46de1bde5334c8aff18ec7ebfd16482d43,12429,NO INGESTADO,0,0.0
dteproveedor_6364.xml,RIPLEY\Facturacion\dteproveedor_6364.xml,01_Raw\RIPLEY\Facturacion\dteproveedor_6364.xml,RIPLEY,FACTURACION,40ce984ed60338fd3dd7e8ead8945b64ec1faa7457df74908a10ba15863d8884,12676,NO INGESTADO,0,0.0
dteproveedor_6370.xml,RIPLEY\Facturacion\dteproveedor_6370.xml,01_Raw\RIPLEY\Facturacion\dteproveedor_6370.xml,RIPLEY,FACTURACION,8cd436e85420273312f4aa570fbe55c0c4de337c36cce85e8b326d9ba2542895,12405,NO INGESTADO,0,0.0
dteproveedor_6372.xml,RIPLEY\Facturacion\dteproveedor_6372.xml,01_Raw\RIPLEY\Facturacion\dteproveedor_6372.xml,RIPLEY,FACTURACION,0d6b204d42d80ad848aa999e2409a8571aa7b2a5bea180574f535b03f7803d7d,12373,NO INGESTADO,0,0.0
dteproveedor_6396.xml,RIPLEY\Facturacion\dteproveedor_6396.xml,01_Raw\RIPLEY\Facturacion\dteproveedor_6396.xml,RIPLEY,FACTURACION,2a43c3f04eed1a29e35de9ce35ccc1aa99660094e242d1f9b2c44d713afd6236,12434,NO INGESTADO,0,0.0
dteproveedor_6397.xml,RIPLEY\Facturacion\dteproveedor_6397.xml,01_Raw\RIPLEY\Facturacion\dteproveedor_6397.xml,RIPLEY,FACTURACION,6c29b366bc6e88f4bbb0cf5c852ce668d21c8164715ed3101928194cbfe7b70b,12423,NO INGESTADO,0,0.0
dteproveedor_6401.xml,RIPLEY\Facturacion\dteproveedor_6401.xml,01_Raw\RIPLEY\Facturacion\dteproveedor_6401.xml,RIPLEY,FACTURACION,8066f5bcae07f5ce3ff804b4aaefaf6487832ef05188b418b366a71cc171d7d0,12689,NO INGESTADO,0,0.0
dteproveedor_6406.xml,RIPLEY\Facturacion\dteproveedor_6406.xml,01_Raw\RIPLEY\Facturacion\dteproveedor_6406.xml,RIPLEY,FACTURACION,e5e0274deb783923d1761d6724028747520b812f30d8fda155b178f99a64f6b9,15880,NO INGESTADO,0,0.0
dteproveedor_6407.xml,RIPLEY\Facturacion\dteproveedor_6407.xml,01_Raw\RIPLEY\Facturacion\dteproveedor_6407.xml,RIPLEY,FACTURACION,f21c6333aee6c7416023c84975eff6d902d331a62a688ef9da6c84e0876b16b1,18155,NO INGESTADO,0,0.0
dteproveedor_6438.xml,RIPLEY\Facturacion\dteproveedor_6438.xml,01_Raw\RIPLEY\Facturacion\dteproveedor_6438.xml,RIPLEY,FACTURACION,6ef673a625843df4313fcbc45edd971f3a1c22a4083b1eb3329fb7026f201fb0,12376,NO INGESTADO,0,0.0
dteproveedor_6439.xml,RIPLEY\Facturacion\dteproveedor_6439.xml,01_Raw\RIPLEY\Facturacion\dteproveedor_6439.xml,RIPLEY,FACTURACION,b17cde9ab3d3364e41dc1ba2fe3ac71c790c611a29b10d1143b4efff1207a0dd,12376,NO INGESTADO,0,0.0
dteproveedor_6440.xml,RIPLEY\Facturacion\dteproveedor_6440.xml,01_Raw\RIPLEY\Facturacion\dteproveedor_6440.xml,RIPLEY,FACTURACION,f4d978bd92acc945f48019c861f61654eeaf88b3215432c541b3d5e026df0a40,12713,NO INGESTADO,0,0.0
dteproveedor_6455.xml,RIPLEY\Facturacion\dteproveedor_6455.xml,01_Raw\RIPLEY\Facturacion\dteproveedor_6455.xml,RIPLEY,FACTURACION,8b97f66fc99b9d6e6e6c1b1d149fdebd84ceab6427127b76badd59fa67085ec6,12429,NO INGESTADO,0,0.0
dteproveedor_6456.xml,RIPLEY\Facturacion\dteproveedor_6456.xml,01_Raw\RIPLEY\Facturacion\dteproveedor_6456.xml,RIPLEY,FACTURACION,dba60494fe89e0cadc99a01ade4f333e082d2275c5f73d4a630d188729c84350,12435,NO INGESTADO,0,0.0
dteproveedor_6463.xml,RIPLEY\Facturacion\dteproveedor_6463.xml,01_Raw\RIPLEY\Facturacion\dteproveedor_6463.xml,RIPLEY,FACTURACION,59430bceefe4465b89486d84b303337e17e7fea7eef26ca49e3524fb2f85c8f4,12891,NO INGESTADO,0,0.0
dteproveedor_6466.xml,RIPLEY\Facturacion\dteproveedor_6466.xml,01_Raw\RIPLEY\Facturacion\dteproveedor_6466.xml,RIPLEY,FACTURACION,79ff009004c9939072e7b1535e432f6a8c814cba2572b7053c9941d6bce59dfb,12618,NO INGESTADO,0,0.0
dteproveedor_6469.xml,RIPLEY\Facturacion\dteproveedor_6469.xml,01_Raw\RIPLEY\Facturacion\dteproveedor_6469.xml,RIPLEY,FACTURACION,949cb913aaaa7b64e6a231b3f37d577d18a04816def9af4b6631ae10d591bbe6,12367,NO INGESTADO,0,0.0
dteproveedor_6471.xml,RIPLEY\Facturacion\dteproveedor_6471.xml,01_Raw\RIPLEY\Facturacion\dteproveedor_6471.xml,RIPLEY,FACTURACION,fb36fde0385fa17875b6498c62d0d81d1333972681c0188abfc40803da9d9320,12715,NO INGESTADO,0,0.0
dteproveedor_6472.xml,RIPLEY\Facturacion\dteproveedor_6472.xml,01_Raw\RIPLEY\Facturacion\dteproveedor_6472.xml,RIPLEY,FACTURACION,818e3cc9c01e4c11b65ee077e88a44d3cbcbcb299e1bb8369b060d4abc3c4648,12373,NO INGESTADO,0,0.0
dteproveedor_6492.xml,RIPLEY\Facturacion\dteproveedor_6492.xml,01_Raw\RIPLEY\Facturacion\dteproveedor_6492.xml,RIPLEY,FACTURACION,2fd168cbe223566258ec0c488a2e54243aaf89129c11eee506df80a5d4ef8171,12429,NO INGESTADO,0,0.0
dteproveedor_6493.xml,RIPLEY\Facturacion\dteproveedor_6493.xml,01_Raw\RIPLEY\Facturacion\dteproveedor_6493.xml,RIPLEY,FACTURACION,52e5817350ac33549b719cd8a8975baf74ad76b3fd9e75503bdc772e8dc8c6cf,12434,NO INGESTADO,0,0.0
dteproveedor_6514.xml,RIPLEY\Facturacion\dteproveedor_6514.xml,01_Raw\RIPLEY\Facturacion\dteproveedor_6514.xml,RIPLEY,FACTURACION,d410b2486aaeae235ff86c00b74809ab3fa4653227ea9b2cebbd49749a7d319d,12671,NO INGESTADO,0,0.0
dteproveedor_6520.xml,RIPLEY\Facturacion\dteproveedor_6520.xml,01_Raw\RIPLEY\Facturacion\dteproveedor_6520.xml,RIPLEY,FACTURACION,2ad95a8394225b00eee26394c1983d00ad2c2c79cb567c1fae87641db3a83776,13603,NO INGESTADO,0,0.0
dteproveedor_6522.xml,RIPLEY\Facturacion\dteproveedor_6522.xml,01_Raw\RIPLEY\Facturacion\dteproveedor_6522.xml,RIPLEY,FACTURACION,4ca97db120c5ff5f45197e0484d6100180fcd3f228bbd7b1ada4a18efd333852,16107,NO INGESTADO,0,0.0
dteproveedor_6523.xml,RIPLEY\Facturacion\dteproveedor_6523.xml,01_Raw\RIPLEY\Facturacion\dteproveedor_6523.xml,RIPLEY,FACTURACION,5ccd6ca497146e3f314d6e88601ce77a53251a811a58f81c0dbd78d3673c64c9,18723,NO INGESTADO,0,0.0
dteproveedor_6524.xml,RIPLEY\Facturacion\dteproveedor_6524.xml,01_Raw\RIPLEY\Facturacion\dteproveedor_6524.xml,RIPLEY,FACTURACION,8d2e1d853387742ec3737cf7a391010556052cf2fc5782b4737788ea78c1c649,18719,NO INGESTADO,0,0.0
dteproveedor_6525.xml,RIPLEY\Facturacion\dteproveedor_6525.xml,01_Raw\RIPLEY\Facturacion\dteproveedor_6525.xml,RIPLEY,FACTURACION,15b0251959c94446a09bd5b01514e8361cf6e91d3b6602bad699d60f6b5d61c5,18725,NO INGESTADO,0,0.0
dteproveedor_6526.xml,RIPLEY\Facturacion\dteproveedor_6526.xml,01_Raw\RIPLEY\Facturacion\dteproveedor_6526.xml,RIPLEY,FACTURACION,7b4f638c1a6b5bc38016a18f48a04ae34772ad7201bb41f62b94833a19a07bcc,18788,NO INGESTADO,0,0.0
dteproveedor_6527.xml,RIPLEY\Facturacion\dteproveedor_6527.xml,01_Raw\RIPLEY\Facturacion\dteproveedor_6527.xml,RIPLEY,FACTURACION,69c89a736deec43fc1425e6d38236ef6c48441817021e0ff46cb0b25f1ccd4f4,18705,NO INGESTADO,0,0.0
dteproveedor_6528.xml,RIPLEY\Facturacion\dteproveedor_6528.xml,01_Raw\RIPLEY\Facturacion\dteproveedor_6528.xml,RIPLEY,FACTURACION,2d67c9d63aef84b9a2bc13d3c9150e4e28f72c328ca7e8de77b15af69eee1142,18676,NO INGESTADO,0,0.0
dteproveedor_6529.xml,RIPLEY\Facturacion\dteproveedor_6529.xml,01_Raw\RIPLEY\Facturacion\dteproveedor_6529.xml,RIPLEY,FACTURACION,86921dd4616ff9754dd92f6a82103daa9c9de6922e592c5160ee0baf5d865687,18664,NO INGESTADO,0,0.0
dteproveedor_6547.xml,RIPLEY\Facturacion\dteproveedor_6547.xml,01_Raw\RIPLEY\Facturacion\dteproveedor_6547.xml,RIPLEY,FACTURACION,b0c9a297c7d12aa4f4bec016bc93e00322d5a20c97ff3145b5cd34f784b3b925,13727,NO INGESTADO,0,0.0
dteproveedor_6578.xml,RIPLEY\Facturacion\dteproveedor_6578.xml,01_Raw\RIPLEY\Facturacion\dteproveedor_6578.xml,RIPLEY,FACTURACION,6ec1f3a5e6405a043ba3b7cfd81e5fff09cc014ab85a91cdba2cc3de144611e1,13441,NO INGESTADO,0,0.0
dteproveedor_6579.xml,RIPLEY\Facturacion\dteproveedor_6579.xml,01_Raw\RIPLEY\Facturacion\dteproveedor_6579.xml,RIPLEY,FACTURACION,6f5bf570cacf54e7bc1f7d96ee8bcb34f533d3e0995cd5d7863ec69458d64268,13446,NO INGESTADO,0,0.0
dteproveedor_6585.xml,RIPLEY\Facturacion\dteproveedor_6585.xml,01_Raw\RIPLEY\Facturacion\dteproveedor_6585.xml,RIPLEY,FACTURACION,30748eebdeb50e6c67ae3692a9acfec1653f5be6332c00ebfc5ca59ebcdd0b88,13446,NO INGESTADO,0,0.0
dteproveedor_6586.xml,RIPLEY\Facturacion\dteproveedor_6586.xml,01_Raw\RIPLEY\Facturacion\dteproveedor_6586.xml,RIPLEY,FACTURACION,4be083fdcdda61c9974c97ba072cdfa2cefd8fa0c6608e1c0c2b809c1d4dcee9,13437,NO INGESTADO,0,0.0
dteproveedor_6589.xml,RIPLEY\Facturacion\dteproveedor_6589.xml,01_Raw\RIPLEY\Facturacion\dteproveedor_6589.xml,RIPLEY,FACTURACION,fe1bdb6fa72dc0ce9b214fb8fa0c3b49532756a6b49fd3f93d5da107c2922869,13446,NO INGESTADO,0,0.0
dteproveedor_6591.xml,RIPLEY\Facturacion\dteproveedor_6591.xml,01_Raw\RIPLEY\Facturacion\dteproveedor_6591.xml,RIPLEY,FACTURACION,4504f7c98a61ee724e07c5b45ba34e7c6eff3a030efe5bdea7761ee35f32aa15,13729,NO INGESTADO,0,0.0
dteproveedor_6592.xml,RIPLEY\Facturacion\dteproveedor_6592.xml,01_Raw\RIPLEY\Facturacion\dteproveedor_6592.xml,RIPLEY,FACTURACION,ba2682a5ad1f382642630ed4e14b648c34ac291ec32150c515fff0d967e7ef05,14424,NO INGESTADO,0,0.0
dteproveedor_6594.xml,RIPLEY\Facturacion\dteproveedor_6594.xml,01_Raw\RIPLEY\Facturacion\dteproveedor_6594.xml,RIPLEY,FACTURACION,c591bedc56476d10007a97815b18fd7232674ce8aad81590aace1afb40b03698,13905,NO INGESTADO,0,0.0
dteproveedor_6621.xml,RIPLEY\Facturacion\dteproveedor_6621.xml,01_Raw\RIPLEY\Facturacion\dteproveedor_6621.xml,RIPLEY,FACTURACION,4a2061465c431ace576e50dcfc73657400755523f89f870037473e30da3a0484,13435,NO INGESTADO,0,0.0
dteproveedor_6622.xml,RIPLEY\Facturacion\dteproveedor_6622.xml,01_Raw\RIPLEY\Facturacion\dteproveedor_6622.xml,RIPLEY,FACTURACION,fd7a6b5fea3e5ebf581322a85bde1ad843a85e14bff491e9c7e0758487365e1b,13446,NO INGESTADO,0,0.0
dteproveedor_6626.xml,RIPLEY\Facturacion\dteproveedor_6626.xml,01_Raw\RIPLEY\Facturacion\dteproveedor_6626.xml,RIPLEY,FACTURACION,5332bba4f5efc0c8a182c82d20e5bbadd4af745d265d4128272bc1aeb707ccc9,19167,NO INGESTADO,0,0.0
dteproveedor_6627.xml,RIPLEY\Facturacion\dteproveedor_6627.xml,01_Raw\RIPLEY\Facturacion\dteproveedor_6627.xml,RIPLEY,FACTURACION,f94e31386875df0ebb9f87defcece17656e894f86a1c858094fc1fe40a9e83c0,19192,NO INGESTADO,0,0.0
dteproveedor_6628.xml,RIPLEY\Facturacion\dteproveedor_6628.xml,01_Raw\RIPLEY\Facturacion\dteproveedor_6628.xml,RIPLEY,FACTURACION,21fa28996ebeda3813028715c9ea60b5177cba2324a2def72afb648712f8d66c,19247,NO INGESTADO,0,0.0
dteproveedor_6629.xml,RIPLEY\Facturacion\dteproveedor_6629.xml,01_Raw\RIPLEY\Facturacion\dteproveedor_6629.xml,RIPLEY,FACTURACION,a3930f84ec30088b032b60a0aac340bba7c421ca27f412b87f46fc64c16f4000,19195,NO INGESTADO,0,0.0
dteproveedor_6630.xml,RIPLEY\Facturacion\dteproveedor_6630.xml,01_Raw\RIPLEY\Facturacion\dteproveedor_6630.xml,RIPLEY,FACTURACION,14923c16cad99f2ab89ae22976ccb310fd82212153fea01ae3d46cdc5f51e76d,19288,NO INGESTADO,0,0.0
dteproveedor_6631.xml,RIPLEY\Facturacion\dteproveedor_6631.xml,01_Raw\RIPLEY\Facturacion\dteproveedor_6631.xml,RIPLEY,FACTURACION,4bdf6d230f24be899fd7b66b476ff97ab9699205464e59c26d158a10b3d36634,19309,NO INGESTADO,0,0.0
dteproveedor_6632.xml,RIPLEY\Facturacion\dteproveedor_6632.xml,01_Raw\RIPLEY\Facturacion\dteproveedor_6632.xml,RIPLEY,FACTURACION,d1b75520b998da12dd8a7b2773cd9cfcf3c308508b699a3912dc665b5105e10f,19304,NO INGESTADO,0,0.0
dteproveedor_6633.xml,RIPLEY\Facturacion\dteproveedor_6633.xml,01_Raw\RIPLEY\Facturacion\dteproveedor_6633.xml,RIPLEY,FACTURACION,0cba1ec7043ce6f0ab893116f6ce938bbf41a867c1ec3108861026d96b371ace,19304,NO INGESTADO,0,0.0
dteproveedor_6634.xml,RIPLEY\Facturacion\dteproveedor_6634.xml,01_Raw\RIPLEY\Facturacion\dteproveedor_6634.xml,RIPLEY,FACTURACION,dc119761681a1f942be4c7050baadedc66529b8f9eb6b54a2e6cb0f6184c9c91,19278,NO INGESTADO,0,0.0
dteproveedor_6635.xml,RIPLEY\Facturacion\dteproveedor_6635.xml,01_Raw\RIPLEY\Facturacion\dteproveedor_6635.xml,RIPLEY,FACTURACION,ab1383220628f4f90a1f1dc636882cba664f2f22573bfdaf47acd2d15925bcf7,19198,NO INGESTADO,0,0.0
dteproveedor_6636.xml,RIPLEY\Facturacion\dteproveedor_6636.xml,01_Raw\RIPLEY\Facturacion\dteproveedor_6636.xml,RIPLEY,FACTURACION,3e19df37cffac92eb188d27e61d2e092a50ffad53e3762605833bd6496919e4c,19224,NO INGESTADO,0,0.0
dteproveedor_6637.xml,RIPLEY\Facturacion\dteproveedor_6637.xml,01_Raw\RIPLEY\Facturacion\dteproveedor_6637.xml,RIPLEY,FACTURACION,145a3d66fcf059b7b2ab3804083ea0e7d80bea086f332d4e708b48d46a64e1fb,15914,NO INGESTADO,0,0.0
dteproveedor_6638.xml,RIPLEY\Facturacion\dteproveedor_6638.xml,01_Raw\RIPLEY\Facturacion\dteproveedor_6638.xml,RIPLEY,FACTURACION,45401b8f9a1992059c5c96bd6ba6c5a894199828b0c49a5f378c41e61d8eba86,13679,NO INGESTADO,0,0.0
dteproveedor_6639.xml,RIPLEY\Facturacion\dteproveedor_6639.xml,01_Raw\RIPLEY\Facturacion\dteproveedor_6639.xml,RIPLEY,FACTURACION,189f721da783489bbf3a01ef3f6a1d08a63beea15059ebefec64bcff644a6da3,14038,NO INGESTADO,0,0.0
dteproveedor_6668.xml,RIPLEY\Facturacion\dteproveedor_6668.xml,01_Raw\RIPLEY\Facturacion\dteproveedor_6668.xml,RIPLEY,FACTURACION,fad8df57c1e1cf9031530ac5b8f12add499018bec299634e6808fb80a1c20db0,13446,NO INGESTADO,0,0.0
dteproveedor_6669.xml,RIPLEY\Facturacion\dteproveedor_6669.xml,01_Raw\RIPLEY\Facturacion\dteproveedor_6669.xml,RIPLEY,FACTURACION,3aaa13850f7d7361ace83fe80c520580a74a95d435c444afcf08b78185e761a6,13388,NO INGESTADO,0,0.0
dteproveedor_6670.xml,RIPLEY\Facturacion\dteproveedor_6670.xml,01_Raw\RIPLEY\Facturacion\dteproveedor_6670.xml,RIPLEY,FACTURACION,7a3ce5a58846118d517691a9f1939d486bc8e397589821edc76f2f372972404e,13388,NO INGESTADO,0,0.0
dteproveedor_6671.xml,RIPLEY\Facturacion\dteproveedor_6671.xml,01_Raw\RIPLEY\Facturacion\dteproveedor_6671.xml,RIPLEY,FACTURACION,86be4891bf130f5f51846818ee35a62b36a76103ffaa6f2d11fbdd452479c380,13387,NO INGESTADO,0,0.0
dteproveedor_6681.xml,RIPLEY\Facturacion\dteproveedor_6681.xml,01_Raw\RIPLEY\Facturacion\dteproveedor_6681.xml,RIPLEY,FACTURACION,e235ca44a60c71d1a8ed09430701c81cbdd8634378273ca7f311dd69384f246d,13446,NO INGESTADO,0,0.0
dteproveedor_6682.xml,RIPLEY\Facturacion\dteproveedor_6682.xml,01_Raw\RIPLEY\Facturacion\dteproveedor_6682.xml,RIPLEY,FACTURACION,566f0b4b3b3465170fc32e7b53b8df6f8aa471a6ef3a67e03b78f0cafda860a0,13441,NO INGESTADO,0,0.0
dteproveedor_6702.xml,RIPLEY\Facturacion\dteproveedor_6702.xml,01_Raw\RIPLEY\Facturacion\dteproveedor_6702.xml,RIPLEY,FACTURACION,4b81a9f6d29b204926f99f0de6b938268807b366701152730b04dacd49e1d8db,13733,NO INGESTADO,0,0.0
dteproveedor_6713.xml,RIPLEY\Facturacion\dteproveedor_6713.xml,01_Raw\RIPLEY\Facturacion\dteproveedor_6713.xml,RIPLEY,FACTURACION,a745970336ec64ddbf9b00b41cb3558ca53c0da0c9dc554288271e615d69cfe5,13727,NO INGESTADO,0,0.0
dteproveedor_6717.xml,RIPLEY\Facturacion\dteproveedor_6717.xml,01_Raw\RIPLEY\Facturacion\dteproveedor_6717.xml,RIPLEY,FACTURACION,935ed34e29b535077a0a3c274e443f0eb8dd3c39fa416efb0904812d39e987df,13446,NO INGESTADO,0,0.0
dteproveedor_6718.xml,RIPLEY\Facturacion\dteproveedor_6718.xml,01_Raw\RIPLEY\Facturacion\dteproveedor_6718.xml,RIPLEY,FACTURACION,609fc45990093a8e48c30df9e3363fbfc6c1ed4d537a922089cf7aa0c36bc5fa,13441,NO INGESTADO,0,0.0
dteproveedor_6733.xml,RIPLEY\Facturacion\dteproveedor_6733.xml,01_Raw\RIPLEY\Facturacion\dteproveedor_6733.xml,RIPLEY,FACTURACION,27b252c82de53d5ecbe713274591e5a47b8d0a8b00271042a35ecc2e16db5b7d,13435,NO INGESTADO,0,0.0
dteproveedor_6734.xml,RIPLEY\Facturacion\dteproveedor_6734.xml,01_Raw\RIPLEY\Facturacion\dteproveedor_6734.xml,RIPLEY,FACTURACION,b731aa94f7efe127954049f093448ca27b92845584a9b201163ae85864ab348c,13446,NO INGESTADO,0,0.0
dteproveedor_6735.xml,RIPLEY\Facturacion\dteproveedor_6735.xml,01_Raw\RIPLEY\Facturacion\dteproveedor_6735.xml,RIPLEY,FACTURACION,43e28c7906ea0dba04f788b3680bdd8ecfd61c0bb45d19254e6f3e6910280c23,13911,NO INGESTADO,0,0.0
dteproveedor_6741.xml,RIPLEY\Facturacion\dteproveedor_6741.xml,01_Raw\RIPLEY\Facturacion\dteproveedor_6741.xml,RIPLEY,FACTURACION,0b7081cbabfa4d35e28ab8a4221de5ed6ad8878944b7eded943ca1ab3e5ba1f6,13726,NO INGESTADO,0,0.0
dteproveedor_6742.xml,RIPLEY\Facturacion\dteproveedor_6742.xml,01_Raw\RIPLEY\Facturacion\dteproveedor_6742.xml,RIPLEY,FACTURACION,dd4d038948711a0004d277a5a3c014e9cdfef16569a6622cd811c8976a2aa674,13390,NO INGESTADO,0,0.0
dteproveedor_6750.xml,RIPLEY\Facturacion\dteproveedor_6750.xml,01_Raw\RIPLEY\Facturacion\dteproveedor_6750.xml,RIPLEY,FACTURACION,0096543ccc8b15a52fc480abbfe36b3858f551108f8eea93c71164e559c1d06d,13446,NO INGESTADO,0,0.0
dteproveedor_6751.xml,RIPLEY\Facturacion\dteproveedor_6751.xml,01_Raw\RIPLEY\Facturacion\dteproveedor_6751.xml,RIPLEY,FACTURACION,2e3e0bd7b9eb3f208244bd2fbc00ce01296c39c0d9dca322f8ed13fc15829d6f,13434,NO INGESTADO,0,0.0
dteproveedor_6768.xml,RIPLEY\Facturacion\dteproveedor_6768.xml,01_Raw\RIPLEY\Facturacion\dteproveedor_6768.xml,RIPLEY,FACTURACION,ddd2e15305efc60cf4a8ba76371b08b4820204cac1f42164ec0479f04c9cafa8,13388,NO INGESTADO,0,0.0
dteproveedor_6769.xml,RIPLEY\Facturacion\dteproveedor_6769.xml,01_Raw\RIPLEY\Facturacion\dteproveedor_6769.xml,RIPLEY,FACTURACION,515ffdbb44f4013caa26671b620f3c3c32c70b0a0ec833ec5965bd1d84a298db,13726,NO INGESTADO,0,0.0
dteproveedor_6786.xml,RIPLEY\Facturacion\dteproveedor_6786.xml,01_Raw\RIPLEY\Facturacion\dteproveedor_6786.xml,RIPLEY,FACTURACION,4034aaed48115b55c925910fb5f220d898049243a886304c0f3145f9996c009e,17917,NO INGESTADO,0,0.0
dteproveedor_6787.xml,RIPLEY\Facturacion\dteproveedor_6787.xml,01_Raw\RIPLEY\Facturacion\dteproveedor_6787.xml,RIPLEY,FACTURACION,a1982f098620bfaaf0cf6bf0a983b6e6468770d6b061fe0132096e6dada7aa42,18600,NO INGESTADO,0,0.0
dteproveedor_6788.xml,RIPLEY\Facturacion\dteproveedor_6788.xml,01_Raw\RIPLEY\Facturacion\dteproveedor_6788.xml,RIPLEY,FACTURACION,fd66de2a8771a0a7ce9aaa000716984a2c924191d615d8652cce68e1c72a2deb,14917,NO INGESTADO,0,0.0
dteproveedor_6789.xml,RIPLEY\Facturacion\dteproveedor_6789.xml,01_Raw\RIPLEY\Facturacion\dteproveedor_6789.xml,RIPLEY,FACTURACION,3df93e5e470a57fea68505124c7087084a76f6805173f4e85df5f7a15d3fbfc0,13692,NO INGESTADO,0,0.0
dteproveedor_6790.xml,RIPLEY\Facturacion\dteproveedor_6790.xml,01_Raw\RIPLEY\Facturacion\dteproveedor_6790.xml,RIPLEY,FACTURACION,206f9ea96221351dbfc613da62936d791235acc504f47c13585c6ed8f69acd10,19193,NO INGESTADO,0,0.0
dteproveedor_6791.xml,RIPLEY\Facturacion\dteproveedor_6791.xml,01_Raw\RIPLEY\Facturacion\dteproveedor_6791.xml,RIPLEY,FACTURACION,29ceb1c407a0c592c5d3766e56c8ed9194f99b186b1cdfa87fd6c82e9a18896c,19194,NO INGESTADO,0,0.0
dteproveedor_6792.xml,RIPLEY\Facturacion\dteproveedor_6792.xml,01_Raw\RIPLEY\Facturacion\dteproveedor_6792.xml,RIPLEY,FACTURACION,9aa66838018074d20d777c176feebf6affcd522d89b4ad831772930c27a819b8,19313,NO INGESTADO,0,0.0
dteproveedor_6793.xml,RIPLEY\Facturacion\dteproveedor_6793.xml,01_Raw\RIPLEY\Facturacion\dteproveedor_6793.xml,RIPLEY,FACTURACION,cf6d01ba5eefa7d54006ca3d14c87b94b805780d6ed65d7c65dc95a23ac3e6c9,19216,NO INGESTADO,0,0.0
dteproveedor_6794.xml,RIPLEY\Facturacion\dteproveedor_6794.xml,01_Raw\RIPLEY\Facturacion\dteproveedor_6794.xml,RIPLEY,FACTURACION,eda07ac8853da726531fa6b3594f1e2ab8dd8dd7da234b6c7d9fee7914bd8c5f,19229,NO INGESTADO,0,0.0
dteproveedor_6795.xml,RIPLEY\Facturacion\dteproveedor_6795.xml,01_Raw\RIPLEY\Facturacion\dteproveedor_6795.xml,RIPLEY,FACTURACION,a91a6a1618c49bd821a075f9cac4bd0e759b9b8425908707cd6dab27d131b21f,19206,NO INGESTADO,0,0.0
dteproveedor_6796.xml,RIPLEY\Facturacion\dteproveedor_6796.xml,01_Raw\RIPLEY\Facturacion\dteproveedor_6796.xml,RIPLEY,FACTURACION,e5a6342797cfc696c4e51bb7979afd88c5da64b3c605597bc4f8af275c6bb391,19214,NO INGESTADO,0,0.0
dteproveedor_6797.xml,RIPLEY\Facturacion\dteproveedor_6797.xml,01_Raw\RIPLEY\Facturacion\dteproveedor_6797.xml,RIPLEY,FACTURACION,e2eedb1f94f32f3b08291e36c5068bbd3353983a1010fc26a0da102574e9c4ce,19206,NO INGESTADO,0,0.0
dteproveedor_6798.xml,RIPLEY\Facturacion\dteproveedor_6798.xml,01_Raw\RIPLEY\Facturacion\dteproveedor_6798.xml,RIPLEY,FACTURACION,ea5b64db4a9bfdb771d0084ba9fc64efbd55db3c3567e85b2ef57d1c6da68c0c,19291,NO INGESTADO,0,0.0
dteproveedor_6799.xml,RIPLEY\Facturacion\dteproveedor_6799.xml,01_Raw\RIPLEY\Facturacion\dteproveedor_6799.xml,RIPLEY,FACTURACION,5457ac947b6bd8e5eb3368f94df116b076e8dfcf93ce3b6837d90a244f925670,19294,NO INGESTADO,0,0.0
dteproveedor_6800.xml,RIPLEY\Facturacion\dteproveedor_6800.xml,01_Raw\RIPLEY\Facturacion\dteproveedor_6800.xml,RIPLEY,FACTURACION,79bfaaff972c600698817d02d340df5ee19f40c66c9cc9c15fa1b17f63d43eaf,19247,NO INGESTADO,0,0.0
dteproveedor_6801.xml,RIPLEY\Facturacion\dteproveedor_6801.xml,01_Raw\RIPLEY\Facturacion\dteproveedor_6801.xml,RIPLEY,FACTURACION,632c7ba10ba39c53ae02343f42d55caa1be4001c6d2693178f81ddffab14cdfd,19298,NO INGESTADO,0,0.0
dteproveedor_6802.xml,RIPLEY\Facturacion\dteproveedor_6802.xml,01_Raw\RIPLEY\Facturacion\dteproveedor_6802.xml,RIPLEY,FACTURACION,cff8e365117add1925f3d1b813e246fc5e0bca1e850aa64081e03cb89066d6c4,16925,NO INGESTADO,0,0.0
dteproveedor_6803.xml,RIPLEY\Facturacion\dteproveedor_6803.xml,01_Raw\RIPLEY\Facturacion\dteproveedor_6803.xml,RIPLEY,FACTURACION,0ab3c3b74187ca12184cf0d39d2791408dd3c0d7901d2bd6bb3023f744c5e4ee,19297,NO INGESTADO,0,0.0
dteproveedor_6804.xml,RIPLEY\Facturacion\dteproveedor_6804.xml,01_Raw\RIPLEY\Facturacion\dteproveedor_6804.xml,RIPLEY,FACTURACION,da5b9f38183d9a0c01272d46395351127c7223c861761e4841402408f022e115,19305,NO INGESTADO,0,0.0
dteproveedor_6816.xml,RIPLEY\Facturacion\dteproveedor_6816.xml,01_Raw\RIPLEY\Facturacion\dteproveedor_6816.xml,RIPLEY,FACTURACION,86799c39f8e1ca9a113f3bae935aeaa41f86f253a70d2c450d21dad6396caa0e,13428,NO INGESTADO,0,0.0
dteproveedor_6817.xml,RIPLEY\Facturacion\dteproveedor_6817.xml,01_Raw\RIPLEY\Facturacion\dteproveedor_6817.xml,RIPLEY,FACTURACION,9bfdf9b5b750b40e935340f627fa6f426ed911783583295959e5c7c5ba9798ca,13442,NO INGESTADO,0,0.0
dteproveedor_6833.xml,RIPLEY\Facturacion\dteproveedor_6833.xml,01_Raw\RIPLEY\Facturacion\dteproveedor_6833.xml,RIPLEY,FACTURACION,2a3eaca39ba71f1f0a9affa1ecd1075f5d37a817aff57a9f8268f506177c8c48,13726,NO INGESTADO,0,0.0
dteproveedor_6860.xml,RIPLEY\Facturacion\dteproveedor_6860.xml,01_Raw\RIPLEY\Facturacion\dteproveedor_6860.xml,RIPLEY,FACTURACION,e6d9540bc93b41fcab9c300afc665b5a97d9fe889a7debec1b2acf5cc85a821d,13446,NO INGESTADO,0,0.0
dteproveedor_6861.xml,RIPLEY\Facturacion\dteproveedor_6861.xml,01_Raw\RIPLEY\Facturacion\dteproveedor_6861.xml,RIPLEY,FACTURACION,a1bd699e3159dbfc49c79faf79369d5adf7e562b76431f8fcf55bcac42546fda,13434,NO INGESTADO,0,0.0
dteproveedor_6870.xml,RIPLEY\Facturacion\dteproveedor_6870.xml,01_Raw\RIPLEY\Facturacion\dteproveedor_6870.xml,RIPLEY,FACTURACION,e082defd0b451082bf4b537420e6835a054966e8eda76810bf4b9c371a4bfed7,13385,NO INGESTADO,0,0.0
dteproveedor_6878.xml,RIPLEY\Facturacion\dteproveedor_6878.xml,01_Raw\RIPLEY\Facturacion\dteproveedor_6878.xml,RIPLEY,FACTURACION,d3dcc4e0940c4a20abcdaab2a8dcae73cf6946df83c02423dd754ceba80a76ef,13433,NO INGESTADO,0,0.0
dteproveedor_6880.xml,RIPLEY\Facturacion\dteproveedor_6880.xml,01_Raw\RIPLEY\Facturacion\dteproveedor_6880.xml,RIPLEY,FACTURACION,856a7528abe49df10ecfa566bdb4f85d95a9edbccdfd3807db5a29b0d94ac736,13446,NO INGESTADO,0,0.0
dteproveedor_6881.xml,RIPLEY\Facturacion\dteproveedor_6881.xml,01_Raw\RIPLEY\Facturacion\dteproveedor_6881.xml,RIPLEY,FACTURACION,ee52b8aa8fc337e58aa2dc70be50e9fa46073131a056b6d638f0cbb4dab16e2a,13434,NO INGESTADO,0,0.0
dteproveedor_6898.xml,RIPLEY\Facturacion\dteproveedor_6898.xml,01_Raw\RIPLEY\Facturacion\dteproveedor_6898.xml,RIPLEY,FACTURACION,99a307d9098f3392866ca0dc979db88bb593395c65da68f49641adbb26cbd8c8,13724,NO INGESTADO,0,0.0
dteproveedor_6908.xml,RIPLEY\Facturacion\dteproveedor_6908.xml,01_Raw\RIPLEY\Facturacion\dteproveedor_6908.xml,RIPLEY,FACTURACION,8c327eb4c5b0c4ff8728111d796ae822908e2e9e48af057c6a78cf8b23533f66,13434,NO INGESTADO,0,0.0
dteproveedor_6909.xml,RIPLEY\Facturacion\dteproveedor_6909.xml,01_Raw\RIPLEY\Facturacion\dteproveedor_6909.xml,RIPLEY,FACTURACION,45e94c8d3354d440975d38224304bdccaa89d3573dfdb10eb7688ad12a18c713,13442,NO INGESTADO,0,0.0
dteproveedor_6924.xml,RIPLEY\Facturacion\dteproveedor_6924.xml,01_Raw\RIPLEY\Facturacion\dteproveedor_6924.xml,RIPLEY,FACTURACION,f088bb75b99d85db7346ffc4981aab6616ec983301c14bc0bb9b656c2bb30d58,13913,NO INGESTADO,0,0.0
dteproveedor_6932.xml,RIPLEY\Facturacion\dteproveedor_6932.xml,01_Raw\RIPLEY\Facturacion\dteproveedor_6932.xml,RIPLEY,FACTURACION,00e9f2ded000a1760b3da960be9fcc832dc2207ecf95522141922bf7d541daeb,13688,NO INGESTADO,0,0.0
dteproveedor_6934.xml,RIPLEY\Facturacion\dteproveedor_6934.xml,01_Raw\RIPLEY\Facturacion\dteproveedor_6934.xml,RIPLEY,FACTURACION,531117a151bf7d5ebc69266e846db09919377d1677e95314398a410cb1f696ba,13387,NO INGESTADO,0,0.0
dteproveedor_6935.xml,RIPLEY\Facturacion\dteproveedor_6935.xml,01_Raw\RIPLEY\Facturacion\dteproveedor_6935.xml,RIPLEY,FACTURACION,51b3ae7dae68dc5eed6a3c43fd96e5d58be8d1b34be6521d15fd447186265c1e,13437,NO INGESTADO,0,0.0
dteproveedor_6936.xml,RIPLEY\Facturacion\dteproveedor_6936.xml,01_Raw\RIPLEY\Facturacion\dteproveedor_6936.xml,RIPLEY,FACTURACION,8ab988cb584444495b1ca6896924ce85a1e4c7a90a28a160a8987238689496f5,13724,NO INGESTADO,0,0.0
dteproveedor_6937.xml,RIPLEY\Facturacion\dteproveedor_6937.xml,01_Raw\RIPLEY\Facturacion\dteproveedor_6937.xml,RIPLEY,FACTURACION,0800265c1f6813054e3efc9a8067f513e1a392a805065f2ce729b1af47700379,18596,NO INGESTADO,0,0.0
dteproveedor_6938.xml,RIPLEY\Facturacion\dteproveedor_6938.xml,01_Raw\RIPLEY\Facturacion\dteproveedor_6938.xml,RIPLEY,FACTURACION,785fba8fc98ce4b2619095d27a63ba1aa24217aef29fd4c1e639584d4f0f9e49,13721,NO INGESTADO,0,0.0
dteproveedor_6939.xml,RIPLEY\Facturacion\dteproveedor_6939.xml,01_Raw\RIPLEY\Facturacion\dteproveedor_6939.xml,RIPLEY,FACTURACION,673f197ab89bf9e6120879f8d0dc98d01fac652889f5fe5a14f5ef871be6a16f,14942,NO INGESTADO,0,0.0
dteproveedor_6940.xml,RIPLEY\Facturacion\dteproveedor_6940.xml,01_Raw\RIPLEY\Facturacion\dteproveedor_6940.xml,RIPLEY,FACTURACION,0c6bfc349b275421d27087213d56c762eaee74e475c48889a7e7ad079ed83966,18578,NO INGESTADO,0,0.0
dteproveedor_6942.xml,RIPLEY\Facturacion\dteproveedor_6942.xml,01_Raw\RIPLEY\Facturacion\dteproveedor_6942.xml,RIPLEY,FACTURACION,b006c8b8857a17738fc9e1739f813e4654ba5a797937ad006f0bd93dd27d4a2f,19169,NO INGESTADO,0,0.0
dteproveedor_6943.xml,RIPLEY\Facturacion\dteproveedor_6943.xml,01_Raw\RIPLEY\Facturacion\dteproveedor_6943.xml,RIPLEY,FACTURACION,5001053edf621a43fa029d14dc0c0085a1eb7a9a6b10667516bb24fc7d355fce,19214,NO INGESTADO,0,0.0
dteproveedor_6944.xml,RIPLEY\Facturacion\dteproveedor_6944.xml,01_Raw\RIPLEY\Facturacion\dteproveedor_6944.xml,RIPLEY,FACTURACION,ffc9ba093ec4e4404af0921fc190f9cf618c6e105f76a072b80194a6ebef3e28,17273,NO INGESTADO,0,0.0
dteproveedor_6945.xml,RIPLEY\Facturacion\dteproveedor_6945.xml,01_Raw\RIPLEY\Facturacion\dteproveedor_6945.xml,RIPLEY,FACTURACION,943bad66c10c4a239baeb91730794a4ba09018383432d5b9e38c092442ec2174,19185,NO INGESTADO,0,0.0
dteproveedor_6946.xml,RIPLEY\Facturacion\dteproveedor_6946.xml,01_Raw\RIPLEY\Facturacion\dteproveedor_6946.xml,RIPLEY,FACTURACION,8671cff43b0e8abbc0dab33518a0a959f2ebb311635ae548c931dde4fd0c7d7a,19312,NO INGESTADO,0,0.0
dteproveedor_6947.xml,RIPLEY\Facturacion\dteproveedor_6947.xml,01_Raw\RIPLEY\Facturacion\dteproveedor_6947.xml,RIPLEY,FACTURACION,9b1acafda50bfa52823425b71afe0795f9036f9f7f8a37476c47292f09390e19,19292,NO INGESTADO,0,0.0
dteproveedor_6948.xml,RIPLEY\Facturacion\dteproveedor_6948.xml,01_Raw\RIPLEY\Facturacion\dteproveedor_6948.xml,RIPLEY,FACTURACION,1b25c0c6865dbf7b92ab4614be066332b4b436561b9964531318ef5bc4341f9b,19290,NO INGESTADO,0,0.0
dteproveedor_6949.xml,RIPLEY\Facturacion\dteproveedor_6949.xml,01_Raw\RIPLEY\Facturacion\dteproveedor_6949.xml,RIPLEY,FACTURACION,d6cee286303341938a31412ab18a8211717fe71b1980108d387f8ac276400ac5,19232,NO INGESTADO,0,0.0
dteproveedor_6956.xml,RIPLEY\Facturacion\dteproveedor_6956.xml,01_Raw\RIPLEY\Facturacion\dteproveedor_6956.xml,RIPLEY,FACTURACION,79c79f6d0ceedf6add530ec8b9af28eb96170a0443e1220b3568603a7a422cc5,14935,NO INGESTADO,0,0.0
dteproveedor_6957.xml,RIPLEY\Facturacion\dteproveedor_6957.xml,01_Raw\RIPLEY\Facturacion\dteproveedor_6957.xml,RIPLEY,FACTURACION,78394333a4a5797bd84127d83d88872f0e538d10cb2bf52af24834c1a73e9ea6,19356,NO INGESTADO,0,0.0
dteproveedor_6959.xml,RIPLEY\Facturacion\dteproveedor_6959.xml,01_Raw\RIPLEY\Facturacion\dteproveedor_6959.xml,RIPLEY,FACTURACION,3da780b5797adde5e981febc914557e8402947d6ea23acbef9c3bf8c9ce84803,13434,NO INGESTADO,0,0.0
dteproveedor_6960.xml,RIPLEY\Facturacion\dteproveedor_6960.xml,01_Raw\RIPLEY\Facturacion\dteproveedor_6960.xml,RIPLEY,FACTURACION,1d25796512a558a3efd9ad68166843e723b1c64688fe75891a7da5ee4de8c535,13446,NO INGESTADO,0,0.0
dteproveedor_6970.xml,RIPLEY\Facturacion\dteproveedor_6970.xml,01_Raw\RIPLEY\Facturacion\dteproveedor_6970.xml,RIPLEY,FACTURACION,13290ccef6a8d87bc4039c0a44514ebe9288a070295bb9cc324dd206945dce2c,13909,NO INGESTADO,0,0.0
dteproveedor_6976.xml,RIPLEY\Facturacion\dteproveedor_6976.xml,01_Raw\RIPLEY\Facturacion\dteproveedor_6976.xml,RIPLEY,FACTURACION,868dd4537673ac48565ff2c8dc4a4dff5c6a21ab3d28e5fbe2c9f81d1c986bcf,13724,NO INGESTADO,0,0.0
dteproveedor_6990.xml,RIPLEY\Facturacion\dteproveedor_6990.xml,01_Raw\RIPLEY\Facturacion\dteproveedor_6990.xml,RIPLEY,FACTURACION,47ae1b5533a5fd8c00a6847711f8b624c9dd13d3b313656ab84957ef087e3091,13871,NO INGESTADO,0,0.0
dteproveedor_6994.xml,RIPLEY\Facturacion\dteproveedor_6994.xml,01_Raw\RIPLEY\Facturacion\dteproveedor_6994.xml,RIPLEY,FACTURACION,0cf6b049cacf52d425ebf1d73bbbe9f3c5f3e8e624cd1542c03eb64a388a317e,13434,NO INGESTADO,0,0.0
dteproveedor_6995.xml,RIPLEY\Facturacion\dteproveedor_6995.xml,01_Raw\RIPLEY\Facturacion\dteproveedor_6995.xml,RIPLEY,FACTURACION,e95a0435cff7073222e249c6249ac8ec741d9e927760ef9e74bf242eca845543,13696,NO INGESTADO,0,0.0
dteproveedor_6998.xml,RIPLEY\Facturacion\dteproveedor_6998.xml,01_Raw\RIPLEY\Facturacion\dteproveedor_6998.xml,RIPLEY,FACTURACION,d48d36b6f2d547897f4217b2c6a914f1f74132dccf4f0c7017b034b24aab401a,19370,NO INGESTADO,0,0.0
dteproveedor_6999.xml,RIPLEY\Facturacion\dteproveedor_6999.xml,01_Raw\RIPLEY\Facturacion\dteproveedor_6999.xml,RIPLEY,FACTURACION,d0b026030ed4c29173b9673048f1d0d1b010ff0a61f50ff8c066ddb3e4d1a718,17670,NO INGESTADO,0,0.0
dteproveedor_7009.xml,RIPLEY\Facturacion\dteproveedor_7009.xml,01_Raw\RIPLEY\Facturacion\dteproveedor_7009.xml,RIPLEY,FACTURACION,7066106152b9c62c28c3e8dbb7b030ebd90ae6d216279a1dc4e1cb68e43e214c,13724,NO INGESTADO,0,0.0
dteproveedor_7010.xml,RIPLEY\Facturacion\dteproveedor_7010.xml,01_Raw\RIPLEY\Facturacion\dteproveedor_7010.xml,RIPLEY,FACTURACION,fcebfd546ef187c8a541fe9230a04773c4cd3214aa1fae55ae32b6b13877cce7,13393,NO INGESTADO,0,0.0
dteproveedor_7011.xml,RIPLEY\Facturacion\dteproveedor_7011.xml,01_Raw\RIPLEY\Facturacion\dteproveedor_7011.xml,RIPLEY,FACTURACION,090a87415b262009abe3b3fbe28ba2168d8af8cfd90da0525fb71ff74c328b8b,13398,NO INGESTADO,0,0.0
dteproveedor_7018.xml,RIPLEY\Facturacion\dteproveedor_7018.xml,01_Raw\RIPLEY\Facturacion\dteproveedor_7018.xml,RIPLEY,FACTURACION,d1adc5fa052c5662c3244cc591421e672b42bfae44252ba506639b3338eb6aae,13434,NO INGESTADO,0,0.0
dteproveedor_7019.xml,RIPLEY\Facturacion\dteproveedor_7019.xml,01_Raw\RIPLEY\Facturacion\dteproveedor_7019.xml,RIPLEY,FACTURACION,e7fd04688d8d98e3d3aa371927a2412559e2f0b65b8da05522fb43166e9090ce,13442,NO INGESTADO,0,0.0
dteproveedor_7020.xml,RIPLEY\Facturacion\dteproveedor_7020.xml,01_Raw\RIPLEY\Facturacion\dteproveedor_7020.xml,RIPLEY,FACTURACION,601c40718bec87876e5ce98c565d4a9b85e15da13a68899ef3a2dad42d47d339,14591,NO INGESTADO,0,0.0
dteproveedor_7021.xml,RIPLEY\Facturacion\dteproveedor_7021.xml,01_Raw\RIPLEY\Facturacion\dteproveedor_7021.xml,RIPLEY,FACTURACION,91f1eb5faad48829e103c1d48422618e2ea0765ab8a2b37b113c597875452b5f,19379,NO INGESTADO,0,0.0
dteproveedor_7032.xml,RIPLEY\Facturacion\dteproveedor_7032.xml,01_Raw\RIPLEY\Facturacion\dteproveedor_7032.xml,RIPLEY,FACTURACION,f0c76a4d327194e2122d9475db93a678585eb4f7145081b31fa4d6f93777aee7,13724,NO INGESTADO,0,0.0
dteproveedor_7035.xml,RIPLEY\Facturacion\dteproveedor_7035.xml,01_Raw\RIPLEY\Facturacion\dteproveedor_7035.xml,RIPLEY,FACTURACION,ab5d7b4215cf54f4a7c00b5ef643b50bd3919ba09c9b79e3a0d58bc289a036a6,13393,NO INGESTADO,0,0.0
dteproveedor_7036.xml,RIPLEY\Facturacion\dteproveedor_7036.xml,01_Raw\RIPLEY\Facturacion\dteproveedor_7036.xml,RIPLEY,FACTURACION,485dbac0d3f0eec0b46ec14217af88d048cc1cca09a6bb8d5bf2329e5fc7011e,13399,NO INGESTADO,0,0.0
dteproveedor_7055.xml,RIPLEY\Facturacion\dteproveedor_7055.xml,01_Raw\RIPLEY\Facturacion\dteproveedor_7055.xml,RIPLEY,FACTURACION,9bd6979123d5d862513268e7cfa8c5d0379cbb540e85552bf1ea9420a8c6dc2d,19380,NO INGESTADO,0,0.0
dteproveedor_7056.xml,RIPLEY\Facturacion\dteproveedor_7056.xml,01_Raw\RIPLEY\Facturacion\dteproveedor_7056.xml,RIPLEY,FACTURACION,bb80c1601a1e55fd5335ab6ce11aaa7b490673b519c4d71b478fd60cb5de430a,13902,NO INGESTADO,0,0.0
dteproveedor_7057.xml,RIPLEY\Facturacion\dteproveedor_7057.xml,01_Raw\RIPLEY\Facturacion\dteproveedor_7057.xml,RIPLEY,FACTURACION,8f47574fb37f327820ac0c72169a1430eb1016a4aa3726ebf6cf976d1498a158,19317,NO INGESTADO,0,0.0
dteproveedor_7058.xml,RIPLEY\Facturacion\dteproveedor_7058.xml,01_Raw\RIPLEY\Facturacion\dteproveedor_7058.xml,RIPLEY,FACTURACION,c4a3aac47bd1e0284ac9f63300975ea58aee840a2ae4bda383b7081ee0b54df1,13446,NO INGESTADO,0,0.0
dteproveedor_7059.xml,RIPLEY\Facturacion\dteproveedor_7059.xml,01_Raw\RIPLEY\Facturacion\dteproveedor_7059.xml,RIPLEY,FACTURACION,7673f5dad760810d3dc865c33ab1f843b1a2f1678aaa9446a975ffaa06c2f2c5,13434,NO INGESTADO,0,0.0
dteproveedor_7061.xml,RIPLEY\Facturacion\dteproveedor_7061.xml,01_Raw\RIPLEY\Facturacion\dteproveedor_7061.xml,RIPLEY,FACTURACION,13cfe72c951a497e4f671c8e7a63533d54e270fadd03342d061165964d1641d8,13724,NO INGESTADO,0,0.0
dteproveedor_7062.xml,RIPLEY\Facturacion\dteproveedor_7062.xml,01_Raw\RIPLEY\Facturacion\dteproveedor_7062.xml,RIPLEY,FACTURACION,02a3b8f030ebda4150805497a9c0c32cd64a220c64ecf3b0825316bb0418bba4,13386,NO INGESTADO,0,0.0
dteproveedor_7063.xml,RIPLEY\Facturacion\dteproveedor_7063.xml,01_Raw\RIPLEY\Facturacion\dteproveedor_7063.xml,RIPLEY,FACTURACION,e2137d41325d4d764602335dc18126e316816f2198194fbf3a2d2f2ec3197dcf,13399,NO INGESTADO,0,0.0
dteproveedor_7064.xml,RIPLEY\Facturacion\dteproveedor_7064.xml,01_Raw\RIPLEY\Facturacion\dteproveedor_7064.xml,RIPLEY,FACTURACION,2728d511c6320fa88ec4ed8a39f762de522801608959254df3e69cab9f94c73d,13393,NO INGESTADO,0,0.0
dteproveedor_7069.xml,RIPLEY\Facturacion\dteproveedor_7069.xml,01_Raw\RIPLEY\Facturacion\dteproveedor_7069.xml,RIPLEY,FACTURACION,15473c404dae2a61e109cb15375770362f37ce8b789e83f4b6f26c169e47002d,14941,NO INGESTADO,0,0.0
dteproveedor_7073.xml,RIPLEY\Facturacion\dteproveedor_7073.xml,01_Raw\RIPLEY\Facturacion\dteproveedor_7073.xml,RIPLEY,FACTURACION,915703259369d5fd68bbf87acbe09be1132ed0637007974f2be68197cef91d59,13434,NO INGESTADO,0,0.0
dteproveedor_7074.xml,RIPLEY\Facturacion\dteproveedor_7074.xml,01_Raw\RIPLEY\Facturacion\dteproveedor_7074.xml,RIPLEY,FACTURACION,a4676827cf98fd314b5cc588e457fd033b60c00406f3f2bfea72dff46f3dac94,13440,NO INGESTADO,0,0.0
dteproveedor_7079.xml,RIPLEY\Facturacion\dteproveedor_7079.xml,01_Raw\RIPLEY\Facturacion\dteproveedor_7079.xml,RIPLEY,FACTURACION,57b327538697360292d5f445dc48eb3c6156211ec1d198f4ee50c52baae01453,14576,NO INGESTADO,0,0.0
dteproveedor_7080.xml,RIPLEY\Facturacion\dteproveedor_7080.xml,01_Raw\RIPLEY\Facturacion\dteproveedor_7080.xml,RIPLEY,FACTURACION,098215d5c9e99d32979cc7ea2b44726e7b4880d19fb2eae7ba3e544d61bfde0f,19360,NO INGESTADO,0,0.0
dteproveedor_7096.xml,RIPLEY\Facturacion\dteproveedor_7096.xml,01_Raw\RIPLEY\Facturacion\dteproveedor_7096.xml,RIPLEY,FACTURACION,b06f226d2f417f8565bbd0ac67cbcd5499ad7cf74cb9fb4a22a89868008bf9d9,13388,NO INGESTADO,0,0.0
dteproveedor_7101.xml,RIPLEY\Facturacion\dteproveedor_7101.xml,01_Raw\RIPLEY\Facturacion\dteproveedor_7101.xml,RIPLEY,FACTURACION,621260129be66d2b706e87dd54b83081df2f2e8d8cc6da5d8bddc14de7849e9c,13393,NO INGESTADO,0,0.0
dteproveedor_7102.xml,RIPLEY\Facturacion\dteproveedor_7102.xml,01_Raw\RIPLEY\Facturacion\dteproveedor_7102.xml,RIPLEY,FACTURACION,ea19da949280f2126a7e64222cf759e0414c9dc854e4b888b5e01b99350d4a31,13401,NO INGESTADO,0,0.0
dteproveedor_7103.xml,RIPLEY\Facturacion\dteproveedor_7103.xml,01_Raw\RIPLEY\Facturacion\dteproveedor_7103.xml,RIPLEY,FACTURACION,b8b499b8bff71b9962b644eb7ee89f60ac9dcb686624c18e1255570f8891c41a,13724,NO INGESTADO,0,0.0
dteproveedor_7111.xml,RIPLEY\Facturacion\dteproveedor_7111.xml,01_Raw\RIPLEY\Facturacion\dteproveedor_7111.xml,RIPLEY,FACTURACION,e8c524592ffa543e86871acc6fdc99e970ab3d4e646e12d77f0b49c94b93cba6,13435,NO INGESTADO,0,0.0
dteproveedor_7112.xml,RIPLEY\Facturacion\dteproveedor_7112.xml,01_Raw\RIPLEY\Facturacion\dteproveedor_7112.xml,RIPLEY,FACTURACION,e13bb701eca503ae1b8cab7c75c7931111201733b0d80662f2cbbc6f8cb4e961,13446,NO INGESTADO,0,0.0
dteproveedor_7115.xml,RIPLEY\Facturacion\dteproveedor_7115.xml,01_Raw\RIPLEY\Facturacion\dteproveedor_7115.xml,RIPLEY,FACTURACION,6f520ebf27708d575cd9e2a9be491046379b70c0008cd8cf5b3313749018b5c8,18330,NO INGESTADO,0,0.0
dteproveedor_7116.xml,RIPLEY\Facturacion\dteproveedor_7116.xml,01_Raw\RIPLEY\Facturacion\dteproveedor_7116.xml,RIPLEY,FACTURACION,e5d414aa0f36c2f8d5058618e29684df1881fcad69870d3e597ef46cf080ffad,19311,NO INGESTADO,0,0.0
dteproveedor_7117.xml,RIPLEY\Facturacion\dteproveedor_7117.xml,01_Raw\RIPLEY\Facturacion\dteproveedor_7117.xml,RIPLEY,FACTURACION,aad14e34a46460bd189dee03de391bea637e1878035ff584c4854962edb683dd,19375,NO INGESTADO,0,0.0
dteproveedor_7120.xml,RIPLEY\Facturacion\dteproveedor_7120.xml,01_Raw\RIPLEY\Facturacion\dteproveedor_7120.xml,RIPLEY,FACTURACION,2e5c65118ff62dc406578c90641d95d8f99cc56428b85832dc124f2c74bd1307,13724,NO INGESTADO,0,0.0
dteproveedor_7121.xml,RIPLEY\Facturacion\dteproveedor_7121.xml,01_Raw\RIPLEY\Facturacion\dteproveedor_7121.xml,RIPLEY,FACTURACION,41d21fdc45337aca55fe4bdb0d5ddfdb0089ac2b95179c127dc44557129c6216,13410,NO INGESTADO,0,0.0
dteproveedor_7123.xml,RIPLEY\Facturacion\dteproveedor_7123.xml,01_Raw\RIPLEY\Facturacion\dteproveedor_7123.xml,RIPLEY,FACTURACION,62caedef3369325866477b4a6e155686ec6fe75474b44c374c2c1b25f2742bf2,13393,NO INGESTADO,0,0.0
dteproveedor_7124.xml,RIPLEY\Facturacion\dteproveedor_7124.xml,01_Raw\RIPLEY\Facturacion\dteproveedor_7124.xml,RIPLEY,FACTURACION,6ccb346dc478ad8a4b6dc16fc98414f474559e1cada3d52663cc1a1fa12a5035,13405,NO INGESTADO,0,0.0
dteproveedor_7129.xml,RIPLEY\Facturacion\dteproveedor_7129.xml,01_Raw\RIPLEY\Facturacion\dteproveedor_7129.xml,RIPLEY,FACTURACION,90bcf9522b5248bdb359ba197f9deeb8eae6099f2d5f2389e84183fb778a9e0b,15969,NO INGESTADO,0,0.0
dteproveedor_7130.xml,RIPLEY\Facturacion\dteproveedor_7130.xml,01_Raw\RIPLEY\Facturacion\dteproveedor_7130.xml,RIPLEY,FACTURACION,a3d5c3160705a26a75542e4c8daa2242d942dabd1db9bb9603af9c9592e60644,19342,NO INGESTADO,0,0.0
dteproveedor_7131.xml,RIPLEY\Facturacion\dteproveedor_7131.xml,01_Raw\RIPLEY\Facturacion\dteproveedor_7131.xml,RIPLEY,FACTURACION,32500265784b20c5499d2c1424f963c864d659777ccc4f7437d989b3764ff37f,19376,NO INGESTADO,0,0.0
dteproveedor_7132.xml,RIPLEY\Facturacion\dteproveedor_7132.xml,01_Raw\RIPLEY\Facturacion\dteproveedor_7132.xml,RIPLEY,FACTURACION,cd8ffb12078f870f9937b5433d00379bdb3524a8aab3141f7a4a3ccc60b4a9a6,19339,NO INGESTADO,0,0.0
dteproveedor_7133.xml,RIPLEY\Facturacion\dteproveedor_7133.xml,01_Raw\RIPLEY\Facturacion\dteproveedor_7133.xml,RIPLEY,FACTURACION,4f97e907aeb64653bb66cca5358001a675e7a714faaa13403fca4eedd735569b,13446,NO INGESTADO,0,0.0
dteproveedor_7134.xml,RIPLEY\Facturacion\dteproveedor_7134.xml,01_Raw\RIPLEY\Facturacion\dteproveedor_7134.xml,RIPLEY,FACTURACION,b2fdc9d401489d34c99ad55b7caeb33b16f39a14b339de0789b3715e0c01c7c4,13435,NO INGESTADO,0,0.0
dteproveedor_7148.xml,RIPLEY\Facturacion\dteproveedor_7148.xml,01_Raw\RIPLEY\Facturacion\dteproveedor_7148.xml,RIPLEY,FACTURACION,752a405a9ba1d33c55698e61e545414a7febabf1a2de08655f9ee489708a3dd8,13724,NO INGESTADO,0,0.0
dteproveedor_7149.xml,RIPLEY\Facturacion\dteproveedor_7149.xml,01_Raw\RIPLEY\Facturacion\dteproveedor_7149.xml,RIPLEY,FACTURACION,78244239ddef6f3e75faa10d6ddbb1517cc9dab4ce495bd0b8e2feddcc8ada19,13393,NO INGESTADO,0,0.0
dteproveedor_7150.xml,RIPLEY\Facturacion\dteproveedor_7150.xml,01_Raw\RIPLEY\Facturacion\dteproveedor_7150.xml,RIPLEY,FACTURACION,be649bed1f1129cc26154f301c8ba095c097b74f1d3f9754c1e6d2a578bef7b9,13399,NO INGESTADO,0,0.0
dteproveedor_7151.xml,RIPLEY\Facturacion\dteproveedor_7151.xml,01_Raw\RIPLEY\Facturacion\dteproveedor_7151.xml,RIPLEY,FACTURACION,b70c0562885e3751f42220899a165344c3f018cf7a9ede35db91eb20105ad898,13410,NO INGESTADO,0,0.0
dteproveedor_7159.xml,RIPLEY\Facturacion\dteproveedor_7159.xml,01_Raw\RIPLEY\Facturacion\dteproveedor_7159.xml,RIPLEY,FACTURACION,241f4e1cecfdf27348d3121ea04940adb410963665b3a44fd1d9852766d25f20,19348,NO INGESTADO,0,0.0
dteproveedor_7160.xml,RIPLEY\Facturacion\dteproveedor_7160.xml,01_Raw\RIPLEY\Facturacion\dteproveedor_7160.xml,RIPLEY,FACTURACION,1a60a42fc3af508c5975f4811be5330dafad9021694f61733679bb0629c5e232,18652,NO INGESTADO,0,0.0
dteproveedor_7161.xml,RIPLEY\Facturacion\dteproveedor_7161.xml,01_Raw\RIPLEY\Facturacion\dteproveedor_7161.xml,RIPLEY,FACTURACION,027909e92c8bfaaec5d653608a0e2a38aee7c8c0ab7cf5bbc3b779ea79443afc,13435,NO INGESTADO,0,0.0
dteproveedor_7162.xml,RIPLEY\Facturacion\dteproveedor_7162.xml,01_Raw\RIPLEY\Facturacion\dteproveedor_7162.xml,RIPLEY,FACTURACION,7ed8cd11be7832f40685d68da2aef39a31f0ecc446872ec3ca8d2f8e8cab5dd5,13446,NO INGESTADO,0,0.0
dteproveedor_7181.xml,RIPLEY\Facturacion\dteproveedor_7181.xml,01_Raw\RIPLEY\Facturacion\dteproveedor_7181.xml,RIPLEY,FACTURACION,b886e52366d6e172b5c21ad84b9a78126731dd475ee2eba87c5c8beab5eb60ad,13410,NO INGESTADO,0,0.0
dteproveedor_7182.xml,RIPLEY\Facturacion\dteproveedor_7182.xml,01_Raw\RIPLEY\Facturacion\dteproveedor_7182.xml,RIPLEY,FACTURACION,be66ed353b348b0bf3e7e2b16f40e5b3de258b467458c0917265fbadcc2efbda,13393,NO INGESTADO,0,0.0
dteproveedor_7183.xml,RIPLEY\Facturacion\dteproveedor_7183.xml,01_Raw\RIPLEY\Facturacion\dteproveedor_7183.xml,RIPLEY,FACTURACION,163876ab12e8903459995ba5fca3faba5bd09a715c6825fa4799e444eea16b90,13401,NO INGESTADO,0,0.0
dteproveedor_7185.xml,RIPLEY\Facturacion\dteproveedor_7185.xml,01_Raw\RIPLEY\Facturacion\dteproveedor_7185.xml,RIPLEY,FACTURACION,9ea9ab34acde5bbf03035dc6cfb5175930b64c59986bbde93003513644e89123,13724,NO INGESTADO,0,0.0
dteproveedor_7190.xml,RIPLEY\Facturacion\dteproveedor_7190.xml,01_Raw\RIPLEY\Facturacion\dteproveedor_7190.xml,RIPLEY,FACTURACION,fd993763ca6d6a4613dfd2e3223618665816bc74869847eb3d84608da7278e29,19364,NO INGESTADO,0,0.0
dteproveedor_7191.xml,RIPLEY\Facturacion\dteproveedor_7191.xml,01_Raw\RIPLEY\Facturacion\dteproveedor_7191.xml,RIPLEY,FACTURACION,ef55616fc10b2eef7922c84cea217fa9e6f0d23ed1d7c8cf84a1282ab92bb602,15275,NO INGESTADO,0,0.0
dteproveedor_7194.xml,RIPLEY\Facturacion\dteproveedor_7194.xml,01_Raw\RIPLEY\Facturacion\dteproveedor_7194.xml,RIPLEY,FACTURACION,3eeab07e61e021f67f999e4885472597e69fe5fc07ace92fcf6671665487a145,13446,NO INGESTADO,0,0.0
dteproveedor_7195.xml,RIPLEY\Facturacion\dteproveedor_7195.xml,01_Raw\RIPLEY\Facturacion\dteproveedor_7195.xml,RIPLEY,FACTURACION,ecb00e3a1f7c5f4491a3fab8dfcd6e3be28a50bb71e4fb41321c2e4ec12baec7,13437,NO INGESTADO,0,0.0
dteproveedor_7196.xml,RIPLEY\Facturacion\dteproveedor_7196.xml,01_Raw\RIPLEY\Facturacion\dteproveedor_7196.xml,RIPLEY,FACTURACION,a1e0a8296c3b08c282048279097091e26ee338bab988b570aac92de00ce85146,13905,NO INGESTADO,0,0.0
dteproveedor_7197.xml,RIPLEY\Facturacion\dteproveedor_7197.xml,01_Raw\RIPLEY\Facturacion\dteproveedor_7197.xml,RIPLEY,FACTURACION,ffaddd1848190fe4f00b2746afbf6c5f8e10ea06b95d5ea3b35e772de0068bc0,19336,NO INGESTADO,0,0.0
dteproveedor_7215.xml,RIPLEY\Facturacion\dteproveedor_7215.xml,01_Raw\RIPLEY\Facturacion\dteproveedor_7215.xml,RIPLEY,FACTURACION,51ed89fe7c0081515f5968daff86b926adcc7a5f65a0651a21dac65e02f2e173,13410,NO INGESTADO,0,0.0
dteproveedor_7220.xml,RIPLEY\Facturacion\dteproveedor_7220.xml,01_Raw\RIPLEY\Facturacion\dteproveedor_7220.xml,RIPLEY,FACTURACION,35c97a13cbfa48b3c775a9433771c299f2eeb432215ac6f3bcaac4171924a857,13393,NO INGESTADO,0,0.0
dteproveedor_7221.xml,RIPLEY\Facturacion\dteproveedor_7221.xml,01_Raw\RIPLEY\Facturacion\dteproveedor_7221.xml,RIPLEY,FACTURACION,0520c03ca8e3f37fbd94a0b099267c7b1b570d86f9ae5858b588ede16e54e1ef,13401,NO INGESTADO,0,0.0
dteproveedor_7222.xml,RIPLEY\Facturacion\dteproveedor_7222.xml,01_Raw\RIPLEY\Facturacion\dteproveedor_7222.xml,RIPLEY,FACTURACION,56adc8b15d4442c41918bbbc4e78ee6e55adadaee0d7f208f941a03c7fdf26fd,13388,NO INGESTADO,0,0.0
dteproveedor_7224.xml,RIPLEY\Facturacion\dteproveedor_7224.xml,01_Raw\RIPLEY\Facturacion\dteproveedor_7224.xml,RIPLEY,FACTURACION,eda9eb6c305abcaec5592fed38c83f76305c920f969b1adc951408722567446b,13724,NO INGESTADO,0,0.0
dteproveedor_7227.xml,RIPLEY\Facturacion\dteproveedor_7227.xml,01_Raw\RIPLEY\Facturacion\dteproveedor_7227.xml,RIPLEY,FACTURACION,373d79a296e392d13af97c2930dba52a8405f1fc2af5ca347d67e6c6cc33fc16,13667,NO INGESTADO,0,0.0
dteproveedor_7228.xml,RIPLEY\Facturacion\dteproveedor_7228.xml,01_Raw\RIPLEY\Facturacion\dteproveedor_7228.xml,RIPLEY,FACTURACION,0dba8a82629b24db6c4c53e82320565c665d10872e027251a11e72f70dd4ac4e,13658,NO INGESTADO,0,0.0
dteproveedor_7229.xml,RIPLEY\Facturacion\dteproveedor_7229.xml,01_Raw\RIPLEY\Facturacion\dteproveedor_7229.xml,RIPLEY,FACTURACION,5ff402fa4a15a374b8322c0c0b20e1a5bcf3b095ff6cf4ea8ea816ceadd47f1a,13650,NO INGESTADO,0,0.0
dteproveedor_7232.xml,RIPLEY\Facturacion\dteproveedor_7232.xml,01_Raw\RIPLEY\Facturacion\dteproveedor_7232.xml,RIPLEY,FACTURACION,256eb9e2da515bc69c9bb301f6bf5d622f54caf86ef70d16c5fb505b6d7f88d0,13441,NO INGESTADO,0,0.0
dteproveedor_7233.xml,RIPLEY\Facturacion\dteproveedor_7233.xml,01_Raw\RIPLEY\Facturacion\dteproveedor_7233.xml,RIPLEY,FACTURACION,594eb405b2ddcb32c256ab2db0f129b2413821fe621ae7c927ba98e3845c3a53,13446,NO INGESTADO,0,0.0
dteproveedor_7236.xml,RIPLEY\Facturacion\dteproveedor_7236.xml,01_Raw\RIPLEY\Facturacion\dteproveedor_7236.xml,RIPLEY,FACTURACION,99fa680b64739538b286adbc587776575f4a0dda16694d2e2e67eeededa692e0,13410,NO INGESTADO,0,0.0
dteproveedor_7237.xml,RIPLEY\Facturacion\dteproveedor_7237.xml,01_Raw\RIPLEY\Facturacion\dteproveedor_7237.xml,RIPLEY,FACTURACION,c8ff6aac205def8f01b5266ca4eca28d2378655596489fd2ceffd80b96932a12,13393,NO INGESTADO,0,0.0
dteproveedor_7238.xml,RIPLEY\Facturacion\dteproveedor_7238.xml,01_Raw\RIPLEY\Facturacion\dteproveedor_7238.xml,RIPLEY,FACTURACION,f401436540366efb876c076b3807c64fbaf1bd19e319cfd548bca2ec48927dfb,14598,NO INGESTADO,0,0.0
dteproveedor_7239.xml,RIPLEY\Facturacion\dteproveedor_7239.xml,01_Raw\RIPLEY\Facturacion\dteproveedor_7239.xml,RIPLEY,FACTURACION,097343292101633a41541cac45ab3f13df3c8875bc84ee39b166666431b0ff62,19381,NO INGESTADO,0,0.0
dteproveedor_7240.xml,RIPLEY\Facturacion\dteproveedor_7240.xml,01_Raw\RIPLEY\Facturacion\dteproveedor_7240.xml,RIPLEY,FACTURACION,6dc1fe4eb6d245071af1084a8417b30c69f99b647ced5f33964999ba4f6eb826,19345,NO INGESTADO,0,0.0
dteproveedor_7243.xml,RIPLEY\Facturacion\dteproveedor_7243.xml,01_Raw\RIPLEY\Facturacion\dteproveedor_7243.xml,RIPLEY,FACTURACION,f278aa66914b20543f0f5fef4b45b2b030809eadb78c31eb84ed1c24cd378137,13399,NO INGESTADO,0,0.0
dteproveedor_7250.xml,RIPLEY\Facturacion\dteproveedor_7250.xml,01_Raw\RIPLEY\Facturacion\dteproveedor_7250.xml,RIPLEY,FACTURACION,de16d204954a9487b428a04ba4943c40206406d30fec497bee1bdf7fdcc9b723,13388,NO INGESTADO,0,0.0
dteproveedor_7251.xml,RIPLEY\Facturacion\dteproveedor_7251.xml,01_Raw\RIPLEY\Facturacion\dteproveedor_7251.xml,RIPLEY,FACTURACION,e618483cb4514d326b4446274852ba986f2042e4e00e731b58277dba51e133cd,13410,NO INGESTADO,0,0.0
dteproveedor_7252.xml,RIPLEY\Facturacion\dteproveedor_7252.xml,01_Raw\RIPLEY\Facturacion\dteproveedor_7252.xml,RIPLEY,FACTURACION,eb4bc47ac9d51e6cebdae4f08932a819ee84f0702ea423cafb37b80b74b9dcf3,13393,NO INGESTADO,0,0.0
dteproveedor_7253.xml,RIPLEY\Facturacion\dteproveedor_7253.xml,01_Raw\RIPLEY\Facturacion\dteproveedor_7253.xml,RIPLEY,FACTURACION,d36274fe313f3cb85fbb52a5278cfa3ae60a582be27a02f26253bfe923e7587d,13399,NO INGESTADO,0,0.0
dteproveedor_7254.xml,RIPLEY\Facturacion\dteproveedor_7254.xml,01_Raw\RIPLEY\Facturacion\dteproveedor_7254.xml,RIPLEY,FACTURACION,d22bf9e8ffccdb438a7ac3b831ec0d09e512c7765085561b74f97f3119c2e6b2,13724,NO INGESTADO,0,0.0
dteproveedor_7255.xml,RIPLEY\Facturacion\dteproveedor_7255.xml,01_Raw\RIPLEY\Facturacion\dteproveedor_7255.xml,RIPLEY,FACTURACION,e0c4825920691fce470bec691ddd852115880c445f649993cdd7f71b7dec5fb2,13392,NO INGESTADO,0,0.0
dteproveedor_7258.xml,RIPLEY\Facturacion\dteproveedor_7258.xml,01_Raw\RIPLEY\Facturacion\dteproveedor_7258.xml,RIPLEY,FACTURACION,f05817fe4ba9f5e896b97a6d9251940e51cb0d4a4a114391005b494eaa750874,15267,NO INGESTADO,0,0.0
dteproveedor_7259.xml,RIPLEY\Facturacion\dteproveedor_7259.xml,01_Raw\RIPLEY\Facturacion\dteproveedor_7259.xml,RIPLEY,FACTURACION,f9b5a26007da2b4bc76bb11defdb9a6891c241e48066f5d1b57efbaae43aa49f,19320,NO INGESTADO,0,0.0
dteproveedor_7260.xml,RIPLEY\Facturacion\dteproveedor_7260.xml,01_Raw\RIPLEY\Facturacion\dteproveedor_7260.xml,RIPLEY,FACTURACION,5f2285e44a125e0ebf022b6a6bf2cada77ebfe2207345b823912f1980fa5f52e,13446,NO INGESTADO,0,0.0
dteproveedor_7261.xml,RIPLEY\Facturacion\dteproveedor_7261.xml,01_Raw\RIPLEY\Facturacion\dteproveedor_7261.xml,RIPLEY,FACTURACION,55c96363b0ca81a353d45dbc2895abc00c0f923af7babcec036adf67b24249fa,13434,NO INGESTADO,0,0.0
dteproveedor_7266.xml,RIPLEY\Facturacion\dteproveedor_7266.xml,01_Raw\RIPLEY\Facturacion\dteproveedor_7266.xml,RIPLEY,FACTURACION,dae81a7f939418b048eeabb6ec92dd0619aebddaf1f9a50c91a10ab6c69b4916,18953,NO INGESTADO,0,0.0
dteproveedor_7267.xml,RIPLEY\Facturacion\dteproveedor_7267.xml,01_Raw\RIPLEY\Facturacion\dteproveedor_7267.xml,RIPLEY,FACTURACION,de594b83d6197f825c5ae5dd3b29bf4f4dffbcde1ce0c97324e32afd8b14f4de,19024,NO INGESTADO,0,0.0
dteproveedor_7268.xml,RIPLEY\Facturacion\dteproveedor_7268.xml,01_Raw\RIPLEY\Facturacion\dteproveedor_7268.xml,RIPLEY,FACTURACION,1cc3a04dad9a11bfe44aa7cf558e33d12dfed682a9e88120dfc745d37d56a7cc,19001,NO INGESTADO,0,0.0
dteproveedor_7269.xml,RIPLEY\Facturacion\dteproveedor_7269.xml,01_Raw\RIPLEY\Facturacion\dteproveedor_7269.xml,RIPLEY,FACTURACION,611ab9e76634b9527d43aa17bf9ff8d900d55e724db338b23e44688b7b5eb3cc,18959,NO INGESTADO,0,0.0
dteproveedor_7270.xml,RIPLEY\Facturacion\dteproveedor_7270.xml,01_Raw\RIPLEY\Facturacion\dteproveedor_7270.xml,RIPLEY,FACTURACION,ce2da85ea8849a8df2ea3eff8bcb8c8bff8fdf56c7b7b9b4bcb2753962aed78d,19048,NO INGESTADO,0,0.0
dteproveedor_7271.xml,RIPLEY\Facturacion\dteproveedor_7271.xml,01_Raw\RIPLEY\Facturacion\dteproveedor_7271.xml,RIPLEY,FACTURACION,dab6ed56a6ba5c0ff6c0950d28818d5671d43b1ed8a2e8557947081ae3049c5b,19062,NO INGESTADO,0,0.0
dteproveedor_7272.xml,RIPLEY\Facturacion\dteproveedor_7272.xml,01_Raw\RIPLEY\Facturacion\dteproveedor_7272.xml,RIPLEY,FACTURACION,d5226120ff036958269020f6866374b45d0bd16ce2f8de208e272c4166017e13,19023,NO INGESTADO,0,0.0
dteproveedor_7273.xml,RIPLEY\Facturacion\dteproveedor_7273.xml,01_Raw\RIPLEY\Facturacion\dteproveedor_7273.xml,RIPLEY,FACTURACION,d739aae62807fc9b5678ae9a778c7d599f0d1135011819dba9c6c75d0c0fda96,19005,NO INGESTADO,0,0.0
dteproveedor_7274.xml,RIPLEY\Facturacion\dteproveedor_7274.xml,01_Raw\RIPLEY\Facturacion\dteproveedor_7274.xml,RIPLEY,FACTURACION,9d7cd9764fa1e778dc21a47dd909804ff262684c50312f54540691db7d37ab4a,14425,NO INGESTADO,0,0.0
dteproveedor_7280.xml,RIPLEY\Facturacion\dteproveedor_7280.xml,01_Raw\RIPLEY\Facturacion\dteproveedor_7280.xml,RIPLEY,FACTURACION,c4852a711a26e780c6e2f2f0cf38283a6038167275a91014b5741226000bada4,13628,NO INGESTADO,0,0.0
dteproveedor_7289.xml,RIPLEY\Facturacion\dteproveedor_7289.xml,01_Raw\RIPLEY\Facturacion\dteproveedor_7289.xml,RIPLEY,FACTURACION,edde42093953eb5c5f9464eb70bbc27d6fb95053388187f2922aeb02faf4f15c,13726,NO INGESTADO,0,0.0
dteproveedor_7290.xml,RIPLEY\Facturacion\dteproveedor_7290.xml,01_Raw\RIPLEY\Facturacion\dteproveedor_7290.xml,RIPLEY,FACTURACION,4ea04c0f57e3722a40e2a964a3e71f7a54f13cdccde66e7713428e6ee432fd22,13410,NO INGESTADO,0,0.0
dteproveedor_7291.xml,RIPLEY\Facturacion\dteproveedor_7291.xml,01_Raw\RIPLEY\Facturacion\dteproveedor_7291.xml,RIPLEY,FACTURACION,62e6414b58eeb7b09d997a777c7e2df52d86a04bbd46955bc3bd5453b78c2cb7,13393,NO INGESTADO,0,0.0
dteproveedor_7292.xml,RIPLEY\Facturacion\dteproveedor_7292.xml,01_Raw\RIPLEY\Facturacion\dteproveedor_7292.xml,RIPLEY,FACTURACION,7e414a0ed1fc19392c5cc2bd4d06b50d307016d908e6d27f2c63e7ede36c1c50,13398,NO INGESTADO,0,0.0
dteproveedor_7293.xml,RIPLEY\Facturacion\dteproveedor_7293.xml,01_Raw\RIPLEY\Facturacion\dteproveedor_7293.xml,RIPLEY,FACTURACION,2ff1ab611c3ad9b8f8341f5769a86420b5cb9844dbbecfebb6186900b579d9c0,13434,NO INGESTADO,0,0.0
dteproveedor_7294.xml,RIPLEY\Facturacion\dteproveedor_7294.xml,01_Raw\RIPLEY\Facturacion\dteproveedor_7294.xml,RIPLEY,FACTURACION,633df01962b0ddd798e64166fef5c1858e086319bbd9123f6ae04084d4ebbe04,13446,NO INGESTADO,0,0.0
dteproveedor_7295.xml,RIPLEY\Facturacion\dteproveedor_7295.xml,01_Raw\RIPLEY\Facturacion\dteproveedor_7295.xml,RIPLEY,FACTURACION,8a72b9728d3ec43b5a213f74c81f92d155bfeb9ba930816d78cd260554cb38b7,19371,NO INGESTADO,0,0.0
dteproveedor_7296.xml,RIPLEY\Facturacion\dteproveedor_7296.xml,01_Raw\RIPLEY\Facturacion\dteproveedor_7296.xml,RIPLEY,FACTURACION,ce646442209758a1ad511b03200de5ee2baf93d04ba12f1911398e5967987611,14255,NO INGESTADO,0,0.0
dteproveedor_7320.xml,RIPLEY\Facturacion\dteproveedor_7320.xml,01_Raw\RIPLEY\Facturacion\dteproveedor_7320.xml,RIPLEY,FACTURACION,8314662e35e5ae2ce51ccc3e59fd105ea0d0d9161429a1c3a3022650893b59bc,13410,NO INGESTADO,0,0.0
dteproveedor_7321.xml,RIPLEY\Facturacion\dteproveedor_7321.xml,01_Raw\RIPLEY\Facturacion\dteproveedor_7321.xml,RIPLEY,FACTURACION,3ef26c68263d66492fa1f3664f0d8202321ed3ec9e721350dbaf66ab97d52c7e,13393,NO INGESTADO,0,0.0
dteproveedor_7322.xml,RIPLEY\Facturacion\dteproveedor_7322.xml,01_Raw\RIPLEY\Facturacion\dteproveedor_7322.xml,RIPLEY,FACTURACION,91e5def0297cec7715f413be81e0ddfe2c8b6e728e0a2b6d476c0b6d008e7da6,13398,NO INGESTADO,0,0.0
dteproveedor_7323.xml,RIPLEY\Facturacion\dteproveedor_7323.xml,01_Raw\RIPLEY\Facturacion\dteproveedor_7323.xml,RIPLEY,FACTURACION,394f997843cc50d2d2a8ece2d0d7f3fa5653c206179d74db03ad04ebd69d76b9,13722,NO INGESTADO,0,0.0
dteproveedor_7333.xml,RIPLEY\Facturacion\dteproveedor_7333.xml,01_Raw\RIPLEY\Facturacion\dteproveedor_7333.xml,RIPLEY,FACTURACION,55f6bcf3a717407d6ae7d9ad355307326bd3873e1bc84b6dcfb6766c7d401b3b,15956,NO INGESTADO,0,0.0
dteproveedor_7335.xml,RIPLEY\Facturacion\dteproveedor_7335.xml,01_Raw\RIPLEY\Facturacion\dteproveedor_7335.xml,RIPLEY,FACTURACION,35d2ec44a2d09f1c18ea5b2aa88a9f696e8e8b681791f69192e6930baf6ad979,19319,NO INGESTADO,0,0.0
dteproveedor_7340.xml,RIPLEY\Facturacion\dteproveedor_7340.xml,01_Raw\RIPLEY\Facturacion\dteproveedor_7340.xml,RIPLEY,FACTURACION,4cf4349651a6a54a418671a0f2951eb8891cf280ec0d01b8c6180fd54bb52b8d,13446,NO INGESTADO,0,0.0
dteproveedor_7341.xml,RIPLEY\Facturacion\dteproveedor_7341.xml,01_Raw\RIPLEY\Facturacion\dteproveedor_7341.xml,RIPLEY,FACTURACION,acd68bd1b15d34296916433a8c86d04442dbb6ac26ea56304953b4cd6d47997a,13434,NO INGESTADO,0,0.0
dteproveedor_7362.xml,RIPLEY\Facturacion\dteproveedor_7362.xml,01_Raw\RIPLEY\Facturacion\dteproveedor_7362.xml,RIPLEY,FACTURACION,db66da487d7cb08c09cf8307450be34860416ad290ddf72fc3ffd52b228f0ca1,13388,NO INGESTADO,0,0.0
dteproveedor_7363.xml,RIPLEY\Facturacion\dteproveedor_7363.xml,01_Raw\RIPLEY\Facturacion\dteproveedor_7363.xml,RIPLEY,FACTURACION,1ee116466080f1546cd9498bb69f166d7f6709cb3c613f19a50009e1eb0c533a,13724,NO INGESTADO,0,0.0
dteproveedor_7364.xml,RIPLEY\Facturacion\dteproveedor_7364.xml,01_Raw\RIPLEY\Facturacion\dteproveedor_7364.xml,RIPLEY,FACTURACION,d6f5f3975be7e32d8413da6448dba59cd252607c1193ed0068b7945b3f40b533,13410,NO INGESTADO,0,0.0
dteproveedor_7365.xml,RIPLEY\Facturacion\dteproveedor_7365.xml,01_Raw\RIPLEY\Facturacion\dteproveedor_7365.xml,RIPLEY,FACTURACION,2d0d02ba0f4947c1ecde5cc0b11f4413b371c87bd1c007bba2a6ebf81c74b95e,13393,NO INGESTADO,0,0.0
dteproveedor_7366.xml,RIPLEY\Facturacion\dteproveedor_7366.xml,01_Raw\RIPLEY\Facturacion\dteproveedor_7366.xml,RIPLEY,FACTURACION,2936faa31f46ffd0b29563efeafb2d96da79da99e6ed9e70f400b4a012b5fe7a,13401,NO INGESTADO,0,0.0
dteproveedor_7369.xml,RIPLEY\Facturacion\dteproveedor_7369.xml,01_Raw\RIPLEY\Facturacion\dteproveedor_7369.xml,RIPLEY,FACTURACION,9dfa5ddeda2b9498d71d7e4ef4a3ec0a3ec266a8b29a0e8f691acce62e87369a,19315,NO INGESTADO,0,0.0
dteproveedor_7370.xml,RIPLEY\Facturacion\dteproveedor_7370.xml,01_Raw\RIPLEY\Facturacion\dteproveedor_7370.xml,RIPLEY,FACTURACION,c2a63b1822f699bb2ab9d70cbb446f7ed908417d57a41d881a4d861c9d6afe11,14598,NO INGESTADO,0,0.0
dteproveedor_7371.xml,RIPLEY\Facturacion\dteproveedor_7371.xml,01_Raw\RIPLEY\Facturacion\dteproveedor_7371.xml,RIPLEY,FACTURACION,87c8bb2344d1eae750ab576590b446a89d239d327cb814dd7971372aca09933f,19333,NO INGESTADO,0,0.0
dteproveedor_7372.xml,RIPLEY\Facturacion\dteproveedor_7372.xml,01_Raw\RIPLEY\Facturacion\dteproveedor_7372.xml,RIPLEY,FACTURACION,97a37870df780dfd66007b8536b471c05ab52d482f52144f7c27b354ee3331be,13435,NO INGESTADO,0,0.0
dteproveedor_7373.xml,RIPLEY\Facturacion\dteproveedor_7373.xml,01_Raw\RIPLEY\Facturacion\dteproveedor_7373.xml,RIPLEY,FACTURACION,3e4facb2027e175268555b59c0c18085181d801156cfa8397c6a3504b9f82d28,13446,NO INGESTADO,0,0.0
dteproveedor_7382.xml,RIPLEY\Facturacion\dteproveedor_7382.xml,01_Raw\RIPLEY\Facturacion\dteproveedor_7382.xml,RIPLEY,FACTURACION,d89b0abf2bf1978196a068edefce9abd6a42f65f7282a26ec7b8161237d24710,18294,NO INGESTADO,0,0.0
dteproveedor_7383.xml,RIPLEY\Facturacion\dteproveedor_7383.xml,01_Raw\RIPLEY\Facturacion\dteproveedor_7383.xml,RIPLEY,FACTURACION,61afc2d0f78569d18e3856193dd13f270114f7c0456e21ec20ebd24faf5e958e,19010,NO INGESTADO,0,0.0
dteproveedor_7384.xml,RIPLEY\Facturacion\dteproveedor_7384.xml,01_Raw\RIPLEY\Facturacion\dteproveedor_7384.xml,RIPLEY,FACTURACION,c8fbed20b5056de06f86975e7dd38857cc7d70ac3e089b58f133f046ba5ce165,18990,NO INGESTADO,0,0.0
dteproveedor_7385.xml,RIPLEY\Facturacion\dteproveedor_7385.xml,01_Raw\RIPLEY\Facturacion\dteproveedor_7385.xml,RIPLEY,FACTURACION,d167d90eb5acecb3d6e4d369bcc36b483b880ea9ff0c948fd50c8a274de497be,19022,NO INGESTADO,0,0.0
dteproveedor_7386.xml,RIPLEY\Facturacion\dteproveedor_7386.xml,01_Raw\RIPLEY\Facturacion\dteproveedor_7386.xml,RIPLEY,FACTURACION,b0492bad8b1936d819fffccbb3d2a76c6fd03a07a8b87b23990710ab6681807f,18905,NO INGESTADO,0,0.0
dteproveedor_7387.xml,RIPLEY\Facturacion\dteproveedor_7387.xml,01_Raw\RIPLEY\Facturacion\dteproveedor_7387.xml,RIPLEY,FACTURACION,6de37cee144a4dd66d977972f810428c5e1f438d3d3563b097300a018f5e2eb3,18953,NO INGESTADO,0,0.0
dteproveedor_7388.xml,RIPLEY\Facturacion\dteproveedor_7388.xml,01_Raw\RIPLEY\Facturacion\dteproveedor_7388.xml,RIPLEY,FACTURACION,2d53d78525c746f0c8fc2b834c8ed651d8a19d4122d398f2fa117d9077955b11,18951,NO INGESTADO,0,0.0
dteproveedor_7391.xml,RIPLEY\Facturacion\dteproveedor_7391.xml,01_Raw\RIPLEY\Facturacion\dteproveedor_7391.xml,RIPLEY,FACTURACION,a838bda220b27abc4b19f89f7d4be1f8e01cadc85e296ad0253530007e5691c6,13724,NO INGESTADO,0,0.0
dteproveedor_7392.xml,RIPLEY\Facturacion\dteproveedor_7392.xml,01_Raw\RIPLEY\Facturacion\dteproveedor_7392.xml,RIPLEY,FACTURACION,36261c2a719b15a4c9a05dcfbb82bef3baef47d80ebb7ce4b4f1dbb529364c7e,13410,NO INGESTADO,0,0.0
dteproveedor_7393.xml,RIPLEY\Facturacion\dteproveedor_7393.xml,01_Raw\RIPLEY\Facturacion\dteproveedor_7393.xml,RIPLEY,FACTURACION,b6c9948ae16a441e29e3c818f5df6cfb335746767582f7832301b6e427aa09ae,13393,NO INGESTADO,0,0.0
dteproveedor_7394.xml,RIPLEY\Facturacion\dteproveedor_7394.xml,01_Raw\RIPLEY\Facturacion\dteproveedor_7394.xml,RIPLEY,FACTURACION,7c5a289d22cbbd2cc836c0c8765bb69e22093b2cf0bcdaa5c1330de45a5a990d,13399,NO INGESTADO,0,0.0
dteproveedor_7396.xml,RIPLEY\Facturacion\dteproveedor_7396.xml,01_Raw\RIPLEY\Facturacion\dteproveedor_7396.xml,RIPLEY,FACTURACION,c29305567b569c245f2fddf8ef7ed3ace5e90b78772ed435e99b2d5acb6b2709,19335,NO INGESTADO,0,0.0
dteproveedor_7397.xml,RIPLEY\Facturacion\dteproveedor_7397.xml,01_Raw\RIPLEY\Facturacion\dteproveedor_7397.xml,RIPLEY,FACTURACION,f26cc3fd18f11c1a0af141a4d80ac2a834c146712a9ca20b394883a9f3d6245b,18359,NO INGESTADO,0,0.0
dteproveedor_7398.xml,RIPLEY\Facturacion\dteproveedor_7398.xml,01_Raw\RIPLEY\Facturacion\dteproveedor_7398.xml,RIPLEY,FACTURACION,e49c05a653d536015fd904a4c422db1a854b51a8c758ad9d2e2025ab071a6f34,13446,NO INGESTADO,0,0.0
dteproveedor_7399.xml,RIPLEY\Facturacion\dteproveedor_7399.xml,01_Raw\RIPLEY\Facturacion\dteproveedor_7399.xml,RIPLEY,FACTURACION,c04a2211371450e429b73677fadbf152993902911adca9226a47122545e907cf,13434,NO INGESTADO,0,0.0
dteproveedor_7409.xml,RIPLEY\Facturacion\dteproveedor_7409.xml,01_Raw\RIPLEY\Facturacion\dteproveedor_7409.xml,RIPLEY,FACTURACION,1665a47e6d68c2895662d8d52e610efa3a8c8524f4beaa9c1c6e5b40f5d8d24f,13410,NO INGESTADO,0,0.0
dteproveedor_7410.xml,RIPLEY\Facturacion\dteproveedor_7410.xml,01_Raw\RIPLEY\Facturacion\dteproveedor_7410.xml,RIPLEY,FACTURACION,ca76c6a7505df90c224f01a830f482cc2e3763033c242a04931a14acf13aefd6,13393,NO INGESTADO,0,0.0
dteproveedor_7411.xml,RIPLEY\Facturacion\dteproveedor_7411.xml,01_Raw\RIPLEY\Facturacion\dteproveedor_7411.xml,RIPLEY,FACTURACION,e9e7cdaa7c756c6e6daa59df0b28241ba31bb6470dad449267d19200f472abbb,13399,NO INGESTADO,0,0.0
dteproveedor_7413.xml,RIPLEY\Facturacion\dteproveedor_7413.xml,01_Raw\RIPLEY\Facturacion\dteproveedor_7413.xml,RIPLEY,FACTURACION,6115b55387840083046cd7fdc765bc090689fe4f685f155f23eb1e567bdb8d50,13724,NO INGESTADO,0,0.0
dteproveedor_7426.xml,RIPLEY\Facturacion\dteproveedor_7426.xml,01_Raw\RIPLEY\Facturacion\dteproveedor_7426.xml,RIPLEY,FACTURACION,57493a61e7f8025acdadd4d31b9dc141b5ae9c9451b9da526b938312f4690a15,15280,NO INGESTADO,0,0.0
dteproveedor_7427.xml,RIPLEY\Facturacion\dteproveedor_7427.xml,01_Raw\RIPLEY\Facturacion\dteproveedor_7427.xml,RIPLEY,FACTURACION,2ffb00424b660b2ff69e68cffa9b07752c045a06794f7fe5c09ec53268e4cf3e,19340,NO INGESTADO,0,0.0
dteproveedor_7428.xml,RIPLEY\Facturacion\dteproveedor_7428.xml,01_Raw\RIPLEY\Facturacion\dteproveedor_7428.xml,RIPLEY,FACTURACION,6c66245df209bbeabda5d6df1413ba0eb4647bfae697346bd716287eeb976c9d,13446,NO INGESTADO,0,0.0
dteproveedor_7429.xml,RIPLEY\Facturacion\dteproveedor_7429.xml,01_Raw\RIPLEY\Facturacion\dteproveedor_7429.xml,RIPLEY,FACTURACION,f3b5d7939036ac195a934a2028b3ff99d077bbe5280e6b51739d98d63972b29c,13434,NO INGESTADO,0,0.0
dteproveedor_7455.xml,RIPLEY\Facturacion\dteproveedor_7455.xml,01_Raw\RIPLEY\Facturacion\dteproveedor_7455.xml,RIPLEY,FACTURACION,5e99343422d4847dc71840a90886ecfbdaf5a6575a372c5c422d95e751d807db,13410,NO INGESTADO,0,0.0
dteproveedor_7456.xml,RIPLEY\Facturacion\dteproveedor_7456.xml,01_Raw\RIPLEY\Facturacion\dteproveedor_7456.xml,RIPLEY,FACTURACION,b39d3b2ecbad6aa5f2bb969761a29eab9f951f110615630deb0633a183e6453d,13393,NO INGESTADO,0,0.0
dteproveedor_7459.xml,RIPLEY\Facturacion\dteproveedor_7459.xml,01_Raw\RIPLEY\Facturacion\dteproveedor_7459.xml,RIPLEY,FACTURACION,ef7d037fca5b602ed8271028a00a57e9751aed45c1f9d158686c3c052925edde,13405,NO INGESTADO,0,0.0
dteproveedor_7464.xml,RIPLEY\Facturacion\dteproveedor_7464.xml,01_Raw\RIPLEY\Facturacion\dteproveedor_7464.xml,RIPLEY,FACTURACION,0cb7c67ed1a095b4d3d0bc6843e27b05b65219e36ca25e42485faf9e6e86e972,15277,NO INGESTADO,0,0.0
dteproveedor_7467.xml,RIPLEY\Facturacion\dteproveedor_7467.xml,01_Raw\RIPLEY\Facturacion\dteproveedor_7467.xml,RIPLEY,FACTURACION,91c6c2327710c60fa1a69dde00ad53cec629ec525a94f083e2c47437f36c9fd8,13725,NO INGESTADO,0,0.0
dteproveedor_7469.xml,RIPLEY\Facturacion\dteproveedor_7469.xml,01_Raw\RIPLEY\Facturacion\dteproveedor_7469.xml,RIPLEY,FACTURACION,21b1f01b4e79de700ebd4d70f3b60c2dd574ced88f6d5b38e5257f6589d55e6f,13446,NO INGESTADO,0,0.0
dteproveedor_7470.xml,RIPLEY\Facturacion\dteproveedor_7470.xml,01_Raw\RIPLEY\Facturacion\dteproveedor_7470.xml,RIPLEY,FACTURACION,38f58034f531d0f355df08cfcca8d228102b3d04495b508c12ce2adef1713f92,13437,NO INGESTADO,0,0.0
dteproveedor_7472.xml,RIPLEY\Facturacion\dteproveedor_7472.xml,01_Raw\RIPLEY\Facturacion\dteproveedor_7472.xml,RIPLEY,FACTURACION,27a81dc44c4df4eb14b00afc4f46f819eb5e12a280efa7d6e3f54880c8b895c1,19344,NO INGESTADO,0,0.0
dteproveedor_7473.xml,RIPLEY\Facturacion\dteproveedor_7473.xml,01_Raw\RIPLEY\Facturacion\dteproveedor_7473.xml,RIPLEY,FACTURACION,0dc2cd24b4222374fc10e934c2562397085dd3a0a3db97e8d0b44b7be1630340,17662,NO INGESTADO,0,0.0
dteproveedor_7474.xml,RIPLEY\Facturacion\dteproveedor_7474.xml,01_Raw\RIPLEY\Facturacion\dteproveedor_7474.xml,RIPLEY,FACTURACION,f523b21efab696cd09450fa92511eba6a41c2413d722ced009ffb5b2b3327561,19379,NO INGESTADO,0,0.0
dteproveedor_7475.xml,RIPLEY\Facturacion\dteproveedor_7475.xml,01_Raw\RIPLEY\Facturacion\dteproveedor_7475.xml,RIPLEY,FACTURACION,ef0b8ffd1071cd5772a9d875d757027149c9fd189cceb025c702774c333ecae9,19303,NO INGESTADO,0,0.0
dteproveedor_7496.xml,RIPLEY\Facturacion\dteproveedor_7496.xml,01_Raw\RIPLEY\Facturacion\dteproveedor_7496.xml,RIPLEY,FACTURACION,a87b4f07d19c564b97730f2f7b51ccae0b271407891afc00cb97c214e5016562,13398,NO INGESTADO,0,0.0
dteproveedor_7497.xml,RIPLEY\Facturacion\dteproveedor_7497.xml,01_Raw\RIPLEY\Facturacion\dteproveedor_7497.xml,RIPLEY,FACTURACION,d7f82d0bb59585e4b342424b7a37d1e665ad28be600b325e1eb36de66033cb13,13393,NO INGESTADO,0,0.0
dteproveedor_7498.xml,RIPLEY\Facturacion\dteproveedor_7498.xml,01_Raw\RIPLEY\Facturacion\dteproveedor_7498.xml,RIPLEY,FACTURACION,4b65d714eae902975de2efe3a00238ad17ccda100b4f56c4bbacff971baf8203,13398,NO INGESTADO,0,0.0
dteproveedor_7501.xml,RIPLEY\Facturacion\dteproveedor_7501.xml,01_Raw\RIPLEY\Facturacion\dteproveedor_7501.xml,RIPLEY,FACTURACION,e2b4de485b9430aff5c63ce427b5fecc0b2f4b1b98fff75c8991add64c767fbd,13724,NO INGESTADO,0,0.0
dteproveedor_7511.xml,RIPLEY\Facturacion\dteproveedor_7511.xml,01_Raw\RIPLEY\Facturacion\dteproveedor_7511.xml,RIPLEY,FACTURACION,d3f5fd193e9b39c4560f930ab5edf8f75ff7206d04f8e1d1fd0ad9448695a6cb,14591,NO INGESTADO,0,0.0
dteproveedor_7512.xml,RIPLEY\Facturacion\dteproveedor_7512.xml,01_Raw\RIPLEY\Facturacion\dteproveedor_7512.xml,RIPLEY,FACTURACION,5651860a5048b710c4e7194228175130940c18df7eeea5936d542e5a53d00d67,19374,NO INGESTADO,0,0.0
dteproveedor_7515.xml,RIPLEY\Facturacion\dteproveedor_7515.xml,01_Raw\RIPLEY\Facturacion\dteproveedor_7515.xml,RIPLEY,FACTURACION,c2ab252527fd0be35428690109b4249a87cb0031ac853b22c3728ab2f5e2f081,13446,NO INGESTADO,0,0.0
dteproveedor_7516.xml,RIPLEY\Facturacion\dteproveedor_7516.xml,01_Raw\RIPLEY\Facturacion\dteproveedor_7516.xml,RIPLEY,FACTURACION,92e715519883e795f1032fe68ab0c1a70986fa6acb4a79f08e8fcfb1fc8cf687,13441,NO INGESTADO,0,0.0
dteproveedor_7520.xml,RIPLEY\Facturacion\dteproveedor_7520.xml,01_Raw\RIPLEY\Facturacion\dteproveedor_7520.xml,RIPLEY,FACTURACION,372a0e65fe3e40ca48237acf535f673dffd53fa8fd830a8e096179f2760618dc,13726,NO INGESTADO,0,0.0
dteproveedor_7521.xml,RIPLEY\Facturacion\dteproveedor_7521.xml,01_Raw\RIPLEY\Facturacion\dteproveedor_7521.xml,RIPLEY,FACTURACION,9c0610257172aaebf9f5e2343ce31897ee7649c023418ab683bd217051e33b19,13410,NO INGESTADO,0,0.0
dteproveedor_7522.xml,RIPLEY\Facturacion\dteproveedor_7522.xml,01_Raw\RIPLEY\Facturacion\dteproveedor_7522.xml,RIPLEY,FACTURACION,6e0f7c5f367d379b79db0f68fffc1aa3117c014cf3f55295167fd46190165c6a,13393,NO INGESTADO,0,0.0
dteproveedor_7523.xml,RIPLEY\Facturacion\dteproveedor_7523.xml,01_Raw\RIPLEY\Facturacion\dteproveedor_7523.xml,RIPLEY,FACTURACION,c8fc1756f3796f9410a9cbdbb8bf1ba7fc998b69f62d9a95f9056d04e9d3429b,13398,NO INGESTADO,0,0.0
dteproveedor_7530.xml,RIPLEY\Facturacion\dteproveedor_7530.xml,01_Raw\RIPLEY\Facturacion\dteproveedor_7530.xml,RIPLEY,FACTURACION,023ffdf3bc9044c68bffadfd4525786e39d4b656347759edf0a6fbdb9bfbd5ff,15267,NO INGESTADO,0,0.0
dteproveedor_7531.xml,RIPLEY\Facturacion\dteproveedor_7531.xml,01_Raw\RIPLEY\Facturacion\dteproveedor_7531.xml,RIPLEY,FACTURACION,aaa31638f1e22ba76d15d451c9042b793c05827e870660b230416d24ad80801c,13435,NO INGESTADO,0,0.0
dteproveedor_7532.xml,RIPLEY\Facturacion\dteproveedor_7532.xml,01_Raw\RIPLEY\Facturacion\dteproveedor_7532.xml,RIPLEY,FACTURACION,2ce288946a65fa58ca012d27326e946b40105ea04305ad061b4f1215cc9e82bc,13446,NO INGESTADO,0,0.0
dteproveedor_7537.xml,RIPLEY\Facturacion\dteproveedor_7537.xml,01_Raw\RIPLEY\Facturacion\dteproveedor_7537.xml,RIPLEY,FACTURACION,60cc96d7750087cd99abe3df82e86074931d21274cb7b864d715f92dcf31cb6e,18963,NO INGESTADO,0,0.0
dteproveedor_7538.xml,RIPLEY\Facturacion\dteproveedor_7538.xml,01_Raw\RIPLEY\Facturacion\dteproveedor_7538.xml,RIPLEY,FACTURACION,15e92032560924a01e89b09cc949bce2b00bc70c8f54a90419f0c195ead83b0d,18948,NO INGESTADO,0,0.0
dteproveedor_7539.xml,RIPLEY\Facturacion\dteproveedor_7539.xml,01_Raw\RIPLEY\Facturacion\dteproveedor_7539.xml,RIPLEY,FACTURACION,f6d866124514ef3139959aa9f4a369f4d6aae7a2a859f0f529d74516d12d49c6,19089,NO INGESTADO,0,0.0
dteproveedor_7540.xml,RIPLEY\Facturacion\dteproveedor_7540.xml,01_Raw\RIPLEY\Facturacion\dteproveedor_7540.xml,RIPLEY,FACTURACION,658c888d0c0c3d4764fcb99df91f16f8703e90deff499f8afb20d015d9644de6,18934,NO INGESTADO,0,0.0
dteproveedor_7541.xml,RIPLEY\Facturacion\dteproveedor_7541.xml,01_Raw\RIPLEY\Facturacion\dteproveedor_7541.xml,RIPLEY,FACTURACION,0dc011dba261c877eb9be99c8db19395a98a5ea59af75aad2a684dfffc6b2642,19025,NO INGESTADO,0,0.0
dteproveedor_7542.xml,RIPLEY\Facturacion\dteproveedor_7542.xml,01_Raw\RIPLEY\Facturacion\dteproveedor_7542.xml,RIPLEY,FACTURACION,a492696ba8c43f8abb4e9b0f127ac2a30c096b3376d8972e3a55fd63a0d8fe0b,19024,NO INGESTADO,0,0.0
dteproveedor_7543.xml,RIPLEY\Facturacion\dteproveedor_7543.xml,01_Raw\RIPLEY\Facturacion\dteproveedor_7543.xml,RIPLEY,FACTURACION,e597f890868b55d54ad6712145eeaaf1992688f2d7cc1dc24759185dfcf396b8,19064,NO INGESTADO,0,0.0
dteproveedor_7544.xml,RIPLEY\Facturacion\dteproveedor_7544.xml,01_Raw\RIPLEY\Facturacion\dteproveedor_7544.xml,RIPLEY,FACTURACION,bcaa938246adbc78589d67430e77e097bd2f3f03b177bdceaa933b4058ecd1fa,19035,NO INGESTADO,0,0.0
dteproveedor_7545.xml,RIPLEY\Facturacion\dteproveedor_7545.xml,01_Raw\RIPLEY\Facturacion\dteproveedor_7545.xml,RIPLEY,FACTURACION,71db92c5252a1f11e5a4ccfa4ddec791bd64ed817bb42891bcd6cefbdb458212,19052,NO INGESTADO,0,0.0
dteproveedor_7546.xml,RIPLEY\Facturacion\dteproveedor_7546.xml,01_Raw\RIPLEY\Facturacion\dteproveedor_7546.xml,RIPLEY,FACTURACION,9e8e91e991e24773f8d3ad222566082bccc1ffb24d9d0c84fbe859834719622b,19037,NO INGESTADO,0,0.0
dteproveedor_7547.xml,RIPLEY\Facturacion\dteproveedor_7547.xml,01_Raw\RIPLEY\Facturacion\dteproveedor_7547.xml,RIPLEY,FACTURACION,77f78151727bcfe63bc736f2f6f628c99b23febce54c48e068166b688a4a28bb,19063,NO INGESTADO,0,0.0
dteproveedor_7548.xml,RIPLEY\Facturacion\dteproveedor_7548.xml,01_Raw\RIPLEY\Facturacion\dteproveedor_7548.xml,RIPLEY,FACTURACION,63e49f770c255ad42df45b8537385e426aee5daea34261eacbefdfa70530d3a3,18981,NO INGESTADO,0,0.0
dteproveedor_7549.xml,RIPLEY\Facturacion\dteproveedor_7549.xml,01_Raw\RIPLEY\Facturacion\dteproveedor_7549.xml,RIPLEY,FACTURACION,7db7492459d84d580fcbbc9935babf51c9d1771483eec1970427f53096c56081,14030,NO INGESTADO,0,0.0
dteproveedor_7554.xml,RIPLEY\Facturacion\dteproveedor_7554.xml,01_Raw\RIPLEY\Facturacion\dteproveedor_7554.xml,RIPLEY,FACTURACION,79a5cdcd46c6e1746afc5bfb5d6534ada7edae507fb6439127c924efa963e6fa,13410,NO INGESTADO,0,0.0
dteproveedor_7555.xml,RIPLEY\Facturacion\dteproveedor_7555.xml,01_Raw\RIPLEY\Facturacion\dteproveedor_7555.xml,RIPLEY,FACTURACION,822a91773e79f9c1b89fc29d49464532d6a5f47bbc62b9dccc231a2bacf192cc,13393,NO INGESTADO,0,0.0
dteproveedor_7556.xml,RIPLEY\Facturacion\dteproveedor_7556.xml,01_Raw\RIPLEY\Facturacion\dteproveedor_7556.xml,RIPLEY,FACTURACION,4f984405f0d69dcbd59d643ef0bde27d50faffa717c43d9afced0dcb38f0c594,13387,NO INGESTADO,0,0.0
dteproveedor_7557.xml,RIPLEY\Facturacion\dteproveedor_7557.xml,01_Raw\RIPLEY\Facturacion\dteproveedor_7557.xml,RIPLEY,FACTURACION,6d19f9465bc3f47f258fe9056f3dad0df94044b465bea21f1ca32e085c10a6d0,13398,NO INGESTADO,0,0.0
dteproveedor_7558.xml,RIPLEY\Facturacion\dteproveedor_7558.xml,01_Raw\RIPLEY\Facturacion\dteproveedor_7558.xml,RIPLEY,FACTURACION,c532c019ace0d6ca70505788805eea46dcf37248eaa3eaeb09822e94e6ec1089,13724,NO INGESTADO,0,0.0
dteproveedor_7587.xml,RIPLEY\Facturacion\dteproveedor_7587.xml,01_Raw\RIPLEY\Facturacion\dteproveedor_7587.xml,RIPLEY,FACTURACION,d209cba43d64d334d8b6271f083cc9a930164b5a15304bdfa79ff8052c7cfe55,17677,NO INGESTADO,0,0.0
dteproveedor_7588.xml,RIPLEY\Facturacion\dteproveedor_7588.xml,01_Raw\RIPLEY\Facturacion\dteproveedor_7588.xml,RIPLEY,FACTURACION,ee16a32cf33408bc8fa8db295eb7a9e437acb3b40ee6087f621a281bbb64561d,13446,NO INGESTADO,0,0.0
dteproveedor_7589.xml,RIPLEY\Facturacion\dteproveedor_7589.xml,01_Raw\RIPLEY\Facturacion\dteproveedor_7589.xml,RIPLEY,FACTURACION,38e429aafade33dea058a9ed863bcfebe79e2d458327e93809e4bdf8921c4e30,13435,NO INGESTADO,0,0.0
dteproveedor_7607.xml,RIPLEY\Facturacion\dteproveedor_7607.xml,01_Raw\RIPLEY\Facturacion\dteproveedor_7607.xml,RIPLEY,FACTURACION,b2305ce425df229cf9e1aab85d275368e661d260e7d78243d045166e32ccc025,16621,NO INGESTADO,0,0.0
000001_ff_2815.csv,RIPLEY\Fulfillment by Ripley\000001_ff_2815.csv,01_Raw\RIPLEY\Fulfillment by Ripley\000001_ff_2815.csv,RIPLEY,GENERAL,5964d06f1e5a503d0681aed2cfa31e92c4b480d9c1899d9d6fdb16674af25ac7,11501,INGERIDO,189,3296848.0
000002_ff_2815.csv,RIPLEY\Fulfillment by Ripley\000002_ff_2815.csv,01_Raw\RIPLEY\Fulfillment by Ripley\000002_ff_2815.csv,RIPLEY,GENERAL,0435bf346c7dadeea461ebbcc555d9f59cf6630b83fd4a580675dbf88d5b0d3c,43443,INGERIDO,615,6258964.0
000003_ff_2815.csv,RIPLEY\Fulfillment by Ripley\000003_ff_2815.csv,01_Raw\RIPLEY\Fulfillment by Ripley\000003_ff_2815.csv,RIPLEY,GENERAL,3f71fdaedbe7623bd725266e8307d1034700116c09a442f38cb8ff2900705662,46590,INGERIDO,660,6566360.0
000004_ff_2815.csv,RIPLEY\Fulfillment by Ripley\000004_ff_2815.csv,01_Raw\RIPLEY\Fulfillment by Ripley\000004_ff_2815.csv,RIPLEY,GENERAL,8de5027897ea0e92f2fc0e9009c4622f7ebcc4b334b84efbc1cc5326a0ec9610,30994,INGERIDO,438,4366104.0
000005_ff_2815.csv,RIPLEY\Fulfillment by Ripley\000005_ff_2815.csv,01_Raw\RIPLEY\Fulfillment by Ripley\000005_ff_2815.csv,RIPLEY,GENERAL,1545445fdc2431be36f2b67c78e671b1c615fcee367e061cc62d4fd0fafa8c90,21097,INGERIDO,297,2983656.0
000006_ff_2815.csv,RIPLEY\Fulfillment by Ripley\000006_ff_2815.csv,01_Raw\RIPLEY\Fulfillment by Ripley\000006_ff_2815.csv,RIPLEY,GENERAL,2df85eaddd719f9f6475d2eb811eb2f10ebdd1630030562b93621a2fb2a11424,6163,INGERIDO,84,1382292.0
000007_ff_2815.csv,RIPLEY\Fulfillment by Ripley\000007_ff_2815.csv,01_Raw\RIPLEY\Fulfillment by Ripley\000007_ff_2815.csv,RIPLEY,GENERAL,811994b29977387cf38466fe757cdc4ea8a18025743bb63cb7f30c001737c15f,20230,INGERIDO,289,4211572.0
000008_ff_2815.csv,RIPLEY\Fulfillment by Ripley\000008_ff_2815.csv,01_Raw\RIPLEY\Fulfillment by Ripley\000008_ff_2815.csv,RIPLEY,GENERAL,3c45cf09b204587c473479aac32f1664fdaeb540e79a009645edaa291e8f4f8e,10987,INGERIDO,153,2072068.0
000009_ff_2815.csv,RIPLEY\Fulfillment by Ripley\000009_ff_2815.csv,01_Raw\RIPLEY\Fulfillment by Ripley\000009_ff_2815.csv,RIPLEY,GENERAL,edb5f08845e42bb8fe863df0a860a855c1aebcbc0b7ddb40cd905b3551af081b,6165,INGERIDO,84,1364312.0
000010_ff_2815.csv,RIPLEY\Fulfillment by Ripley\000010_ff_2815.csv,01_Raw\RIPLEY\Fulfillment by Ripley\000010_ff_2815.csv,RIPLEY,GENERAL,d6f44b0c62d270477c3d335de52c9ae5e4af1b91db20639ceebde001ba597a2b,3650,INGERIDO,48,653712.0
000011_ff_2815.csv,RIPLEY\Fulfillment by Ripley\000011_ff_2815.csv,01_Raw\RIPLEY\Fulfillment by Ripley\000011_ff_2815.csv,RIPLEY,GENERAL,99270e4d2e46a4162fba5d94e22d9489a7ef4a56580cd298d83e787425f32eea,4905,INGERIDO,66,964928.0
000012_ff_2815.csv,RIPLEY\Fulfillment by Ripley\000012_ff_2815.csv,01_Raw\RIPLEY\Fulfillment by Ripley\000012_ff_2815.csv,RIPLEY,GENERAL,8fde1461e916f14033f1746015be814cd650c6a4e42ebb46c59665ef6dbb1240,6377,INGERIDO,87,1327404.0
000013_ff_2815.csv,RIPLEY\Fulfillment by Ripley\000013_ff_2815.csv,01_Raw\RIPLEY\Fulfillment by Ripley\000013_ff_2815.csv,RIPLEY,GENERAL,e6df927361c23a4264d42aa41503ea0621e159e10137522f9607b58a62d0bc53,4490,INGERIDO,60,809312.0
000014_ff_2815.csv,RIPLEY\Fulfillment by Ripley\000014_ff_2815.csv,01_Raw\RIPLEY\Fulfillment by Ripley\000014_ff_2815.csv,RIPLEY,GENERAL,cbe77fbbe94a4ca0f4a8a65f1223f0c09c7140ae44430ef906a5058d1797d629,7841,INGERIDO,109,1767062.0
000015_ff_2815.csv,RIPLEY\Fulfillment by Ripley\000015_ff_2815.csv,01_Raw\RIPLEY\Fulfillment by Ripley\000015_ff_2815.csv,RIPLEY,GENERAL,27bb78ae7f70947bf91f4d725a9462b1edfdc94ccada215e314b562ac4266a95,1345,INGERIDO,15,311900.0
000016_ff_2815.csv,RIPLEY\Fulfillment by Ripley\000016_ff_2815.csv,01_Raw\RIPLEY\Fulfillment by Ripley\000016_ff_2815.csv,RIPLEY,GENERAL,77dc0843a6524f712d18a18213d5c57ce53a3af9a45d6edb6f603204dbfe6130,4694,INGERIDO,63,1143196.0
000017_ff_2815.csv,RIPLEY\Fulfillment by Ripley\000017_ff_2815.csv,01_Raw\RIPLEY\Fulfillment by Ripley\000017_ff_2815.csv,RIPLEY,GENERAL,3b990c21c90535668aacf148fc49f0ed5a7d7b7f528358aef207388a8602d9c3,11617,INGERIDO,162,2857152.0
000018_ff_2815.csv,RIPLEY\Fulfillment by Ripley\000018_ff_2815.csv,01_Raw\RIPLEY\Fulfillment by Ripley\000018_ff_2815.csv,RIPLEY,GENERAL,a09e3734beea3c03f1049149246b201e6d08548aad650b33e34e5464dc0da18c,13920,INGERIDO,195,3760964.0
000019_ff_2815.csv,RIPLEY\Fulfillment by Ripley\000019_ff_2815.csv,01_Raw\RIPLEY\Fulfillment by Ripley\000019_ff_2815.csv,RIPLEY,GENERAL,aca7d3b904644cbbe805e334780c15ca45d8100ef05aec7249465617ce0b9348,7842,INGERIDO,108,1973488.0
000020_ff_2815.csv,RIPLEY\Fulfillment by Ripley\000020_ff_2815.csv,01_Raw\RIPLEY\Fulfillment by Ripley\000020_ff_2815.csv,RIPLEY,GENERAL,968a1fdb97dcc1290d88b126cc9e37b779ca98083b210f8affb43287b263e628,5333,INGERIDO,72,1382296.0
000021_ff_2815.csv,RIPLEY\Fulfillment by Ripley\000021_ff_2815.csv,01_Raw\RIPLEY\Fulfillment by Ripley\000021_ff_2815.csv,RIPLEY,GENERAL,cd887da40f13905ef82f64b135d13ae393f52d56a792a710b0359ef91c41bbf5,4071,INGERIDO,54,1110376.0
000022_ff_2815.csv,RIPLEY\Fulfillment by Ripley\000022_ff_2815.csv,01_Raw\RIPLEY\Fulfillment by Ripley\000022_ff_2815.csv,RIPLEY,GENERAL,f10a5f2e330b8626fa8baaa4364edf4f60fd0484c4239b5c8dfc59c0a4f73d89,8892,INGERIDO,134,2960048.0
000023_ff_2815.csv,RIPLEY\Fulfillment by Ripley\000023_ff_2815.csv,01_Raw\RIPLEY\Fulfillment by Ripley\000023_ff_2815.csv,RIPLEY,GENERAL,99c9bd03d251385b39f20941d51425b5ef4a5466e32d7d6b114ba59436f1e81f,5167,INGERIDO,75,1644308.0
000024_ff_2815.csv,RIPLEY\Fulfillment by Ripley\000024_ff_2815.csv,01_Raw\RIPLEY\Fulfillment by Ripley\000024_ff_2815.csv,RIPLEY,GENERAL,ee22078ffcacbaca72ab33a8a93aaa3682b3744ce83c6f85987159c752e969a7,4783,INGERIDO,70,1442328.0
000025_ff_2815.csv,RIPLEY\Fulfillment by Ripley\000025_ff_2815.csv,01_Raw\RIPLEY\Fulfillment by Ripley\000025_ff_2815.csv,RIPLEY,GENERAL,30d1aae474bbc1f5b6267b857f9efdfc9121bd6a0e2e3ee52be0859249b21070,1762,INGERIDO,21,418416.0
000026_ff_2815.csv,RIPLEY\Fulfillment by Ripley\000026_ff_2815.csv,01_Raw\RIPLEY\Fulfillment by Ripley\000026_ff_2815.csv,RIPLEY,GENERAL,eeb33176623063e10c3a5fea51d8567db88d3b4cecc4f07435dbf99c4cfce206,4275,INGERIDO,57,1234052.0
000027_ff_2815.csv,RIPLEY\Fulfillment by Ripley\000027_ff_2815.csv,01_Raw\RIPLEY\Fulfillment by Ripley\000027_ff_2815.csv,RIPLEY,GENERAL,685d0164cdb7bdfd183d5e6d1b1c1b0244f9fddf9310510db1ef1aa9cd3787ec,8476,INGERIDO,117,2432916.0
000028_ff_2815.csv,RIPLEY\Fulfillment by Ripley\000028_ff_2815.csv,01_Raw\RIPLEY\Fulfillment by Ripley\000028_ff_2815.csv,RIPLEY,GENERAL,d2541e5c19ddbb1277c942f2ce7300c5c81f79d2021b01a7bc049760c33128a0,7816,INGERIDO,108,2199792.0
000029_ff_2815.csv,RIPLEY\Fulfillment by Ripley\000029_ff_2815.csv,01_Raw\RIPLEY\Fulfillment by Ripley\000029_ff_2815.csv,RIPLEY,GENERAL,d7d515d33f055cf985f10604f20d2fd3e3ca0de912e1442f7788e42941ed557f,5541,INGERIDO,76,1409696.0
000030_ff_2815.csv,RIPLEY\Fulfillment by Ripley\000030_ff_2815.csv,01_Raw\RIPLEY\Fulfillment by Ripley\000030_ff_2815.csv,RIPLEY,GENERAL,522e086bfb0d196d3c754a0b32b9447e912a358535d420bf1ea7a92825edd59e,1557,INGERIDO,18,441816.0
000031_ff_2815.csv,RIPLEY\Fulfillment by Ripley\000031_ff_2815.csv,01_Raw\RIPLEY\Fulfillment by Ripley\000031_ff_2815.csv,RIPLEY,GENERAL,a5f17cfb4ddfc2f6c785052202491d0d9cea284295ce388131d2c53b35e9e93d,16880,INGERIDO,239,5575252.0
000032_ff_2815.csv,RIPLEY\Fulfillment by Ripley\000032_ff_2815.csv,01_Raw\RIPLEY\Fulfillment by Ripley\000032_ff_2815.csv,RIPLEY,GENERAL,a39ae2c4e587bbb964621a198322fdacbca5761bc62941f81f39bc5cf5db55e8,4490,NO INGESTADO,0,0.0
000033_ff_2815.csv,RIPLEY\Fulfillment by Ripley\000033_ff_2815.csv,01_Raw\RIPLEY\Fulfillment by Ripley\000033_ff_2815.csv,RIPLEY,GENERAL,80ba89fe9cbd3c0d1444c96bca78e0ce63571163241e6cc13e91fa57e084e85d,1557,NO INGESTADO,0,0.0
000034_ff_2815.csv,RIPLEY\Fulfillment by Ripley\000034_ff_2815.csv,01_Raw\RIPLEY\Fulfillment by Ripley\000034_ff_2815.csv,RIPLEY,GENERAL,08baadeac19663b9a00cdb8d5439ab6ae6fad95be2a5655d68e43bfc99941211,2814,NO INGESTADO,0,0.0
000035_ff_2815.csv,RIPLEY\Fulfillment by Ripley\000035_ff_2815.csv,01_Raw\RIPLEY\Fulfillment by Ripley\000035_ff_2815.csv,RIPLEY,GENERAL,4d5f88395121e2126f2482c15336bd85fb05a24f53294a5d841cabddf93cfee1,2182,NO INGESTADO,0,0.0
000036_ff_2815.csv,RIPLEY\Fulfillment by Ripley\000036_ff_2815.csv,01_Raw\RIPLEY\Fulfillment by Ripley\000036_ff_2815.csv,RIPLEY,GENERAL,df75e6b0efffaab1a66566919260d971abb0cf1dc73aa41226cb8d3846412fcd,1977,NO INGESTADO,0,0.0
abonos_descuentos_000001_ff_2815.csv,RIPLEY\Fulfillment by Ripley\abonos_descuentos_000001_ff_2815.csv,01_Raw\RIPLEY\Fulfillment by Ripley\abonos_descuentos_000001_ff_2815.csv,RIPLEY,GENERAL,9a4a5efdc929a6be398c22c8969745d18fbebae6ea3eb72e821de8bbd51d9720,774,NO INGESTADO,0,0.0
abonos_descuentos_000002_ff_2815.csv,RIPLEY\Fulfillment by Ripley\abonos_descuentos_000002_ff_2815.csv,01_Raw\RIPLEY\Fulfillment by Ripley\abonos_descuentos_000002_ff_2815.csv,RIPLEY,GENERAL,9a4a5efdc929a6be398c22c8969745d18fbebae6ea3eb72e821de8bbd51d9720,774,NO INGESTADO,0,0.0
abonos_descuentos_000003_ff_2815.csv,RIPLEY\Fulfillment by Ripley\abonos_descuentos_000003_ff_2815.csv,01_Raw\RIPLEY\Fulfillment by Ripley\abonos_descuentos_000003_ff_2815.csv,RIPLEY,GENERAL,9a4a5efdc929a6be398c22c8969745d18fbebae6ea3eb72e821de8bbd51d9720,774,NO INGESTADO,0,0.0
abonos_descuentos_000004_ff_2815.csv,RIPLEY\Fulfillment by Ripley\abonos_descuentos_000004_ff_2815.csv,01_Raw\RIPLEY\Fulfillment by Ripley\abonos_descuentos_000004_ff_2815.csv,RIPLEY,GENERAL,9a4a5efdc929a6be398c22c8969745d18fbebae6ea3eb72e821de8bbd51d9720,774,NO INGESTADO,0,0.0
abonos_descuentos_000005_ff_2815.csv,RIPLEY\Fulfillment by Ripley\abonos_descuentos_000005_ff_2815.csv,01_Raw\RIPLEY\Fulfillment by Ripley\abonos_descuentos_000005_ff_2815.csv,RIPLEY,GENERAL,9a4a5efdc929a6be398c22c8969745d18fbebae6ea3eb72e821de8bbd51d9720,774,NO INGESTADO,0,0.0
abonos_descuentos_000006_ff_2815.csv,RIPLEY\Fulfillment by Ripley\abonos_descuentos_000006_ff_2815.csv,01_Raw\RIPLEY\Fulfillment by Ripley\abonos_descuentos_000006_ff_2815.csv,RIPLEY,GENERAL,9a4a5efdc929a6be398c22c8969745d18fbebae6ea3eb72e821de8bbd51d9720,774,NO INGESTADO,0,0.0
abonos_descuentos_000007_ff_2815.csv,RIPLEY\Fulfillment by Ripley\abonos_descuentos_000007_ff_2815.csv,01_Raw\RIPLEY\Fulfillment by Ripley\abonos_descuentos_000007_ff_2815.csv,RIPLEY,GENERAL,9a4a5efdc929a6be398c22c8969745d18fbebae6ea3eb72e821de8bbd51d9720,774,NO INGESTADO,0,0.0
abonos_descuentos_000008_ff_2815.csv,RIPLEY\Fulfillment by Ripley\abonos_descuentos_000008_ff_2815.csv,01_Raw\RIPLEY\Fulfillment by Ripley\abonos_descuentos_000008_ff_2815.csv,RIPLEY,GENERAL,9a4a5efdc929a6be398c22c8969745d18fbebae6ea3eb72e821de8bbd51d9720,774,NO INGESTADO,0,0.0
abonos_descuentos_000009_ff_2815.csv,RIPLEY\Fulfillment by Ripley\abonos_descuentos_000009_ff_2815.csv,01_Raw\RIPLEY\Fulfillment by Ripley\abonos_descuentos_000009_ff_2815.csv,RIPLEY,GENERAL,9a4a5efdc929a6be398c22c8969745d18fbebae6ea3eb72e821de8bbd51d9720,774,NO INGESTADO,0,0.0
abonos_descuentos_000010_ff_2815.csv,RIPLEY\Fulfillment by Ripley\abonos_descuentos_000010_ff_2815.csv,01_Raw\RIPLEY\Fulfillment by Ripley\abonos_descuentos_000010_ff_2815.csv,RIPLEY,GENERAL,9a4a5efdc929a6be398c22c8969745d18fbebae6ea3eb72e821de8bbd51d9720,774,NO INGESTADO,0,0.0
abonos_descuentos_000011_ff_2815.csv,RIPLEY\Fulfillment by Ripley\abonos_descuentos_000011_ff_2815.csv,01_Raw\RIPLEY\Fulfillment by Ripley\abonos_descuentos_000011_ff_2815.csv,RIPLEY,GENERAL,9a4a5efdc929a6be398c22c8969745d18fbebae6ea3eb72e821de8bbd51d9720,774,NO INGESTADO,0,0.0
abonos_descuentos_000012_ff_2815.csv,RIPLEY\Fulfillment by Ripley\abonos_descuentos_000012_ff_2815.csv,01_Raw\RIPLEY\Fulfillment by Ripley\abonos_descuentos_000012_ff_2815.csv,RIPLEY,GENERAL,9a4a5efdc929a6be398c22c8969745d18fbebae6ea3eb72e821de8bbd51d9720,774,NO INGESTADO,0,0.0
abonos_descuentos_000013_ff_2815.csv,RIPLEY\Fulfillment by Ripley\abonos_descuentos_000013_ff_2815.csv,01_Raw\RIPLEY\Fulfillment by Ripley\abonos_descuentos_000013_ff_2815.csv,RIPLEY,GENERAL,9a4a5efdc929a6be398c22c8969745d18fbebae6ea3eb72e821de8bbd51d9720,774,NO INGESTADO,0,0.0
abonos_descuentos_000014_ff_2815.csv,RIPLEY\Fulfillment by Ripley\abonos_descuentos_000014_ff_2815.csv,01_Raw\RIPLEY\Fulfillment by Ripley\abonos_descuentos_000014_ff_2815.csv,RIPLEY,GENERAL,9a4a5efdc929a6be398c22c8969745d18fbebae6ea3eb72e821de8bbd51d9720,774,NO INGESTADO,0,0.0
abonos_descuentos_000015_ff_2815.csv,RIPLEY\Fulfillment by Ripley\abonos_descuentos_000015_ff_2815.csv,01_Raw\RIPLEY\Fulfillment by Ripley\abonos_descuentos_000015_ff_2815.csv,RIPLEY,GENERAL,9a4a5efdc929a6be398c22c8969745d18fbebae6ea3eb72e821de8bbd51d9720,774,NO INGESTADO,0,0.0
abonos_descuentos_000016_ff_2815.csv,RIPLEY\Fulfillment by Ripley\abonos_descuentos_000016_ff_2815.csv,01_Raw\RIPLEY\Fulfillment by Ripley\abonos_descuentos_000016_ff_2815.csv,RIPLEY,GENERAL,9a4a5efdc929a6be398c22c8969745d18fbebae6ea3eb72e821de8bbd51d9720,774,NO INGESTADO,0,0.0
abonos_descuentos_000017_ff_2815.csv,RIPLEY\Fulfillment by Ripley\abonos_descuentos_000017_ff_2815.csv,01_Raw\RIPLEY\Fulfillment by Ripley\abonos_descuentos_000017_ff_2815.csv,RIPLEY,GENERAL,9a4a5efdc929a6be398c22c8969745d18fbebae6ea3eb72e821de8bbd51d9720,774,NO INGESTADO,0,0.0
abonos_descuentos_000018_ff_2815.csv,RIPLEY\Fulfillment by Ripley\abonos_descuentos_000018_ff_2815.csv,01_Raw\RIPLEY\Fulfillment by Ripley\abonos_descuentos_000018_ff_2815.csv,RIPLEY,GENERAL,9a4a5efdc929a6be398c22c8969745d18fbebae6ea3eb72e821de8bbd51d9720,774,NO INGESTADO,0,0.0
abonos_descuentos_000019_ff_2815.csv,RIPLEY\Fulfillment by Ripley\abonos_descuentos_000019_ff_2815.csv,01_Raw\RIPLEY\Fulfillment by Ripley\abonos_descuentos_000019_ff_2815.csv,RIPLEY,GENERAL,9a4a5efdc929a6be398c22c8969745d18fbebae6ea3eb72e821de8bbd51d9720,774,NO INGESTADO,0,0.0
abonos_descuentos_000020_ff_2815.csv,RIPLEY\Fulfillment by Ripley\abonos_descuentos_000020_ff_2815.csv,01_Raw\RIPLEY\Fulfillment by Ripley\abonos_descuentos_000020_ff_2815.csv,RIPLEY,GENERAL,9a4a5efdc929a6be398c22c8969745d18fbebae6ea3eb72e821de8bbd51d9720,774,NO INGESTADO,0,0.0
abonos_descuentos_000021_ff_2815.csv,RIPLEY\Fulfillment by Ripley\abonos_descuentos_000021_ff_2815.csv,01_Raw\RIPLEY\Fulfillment by Ripley\abonos_descuentos_000021_ff_2815.csv,RIPLEY,GENERAL,9a4a5efdc929a6be398c22c8969745d18fbebae6ea3eb72e821de8bbd51d9720,774,NO INGESTADO,0,0.0
abonos_descuentos_000022_ff_2815.csv,RIPLEY\Fulfillment by Ripley\abonos_descuentos_000022_ff_2815.csv,01_Raw\RIPLEY\Fulfillment by Ripley\abonos_descuentos_000022_ff_2815.csv,RIPLEY,GENERAL,9a4a5efdc929a6be398c22c8969745d18fbebae6ea3eb72e821de8bbd51d9720,774,NO INGESTADO,0,0.0
abonos_descuentos_000023_ff_2815.csv,RIPLEY\Fulfillment by Ripley\abonos_descuentos_000023_ff_2815.csv,01_Raw\RIPLEY\Fulfillment by Ripley\abonos_descuentos_000023_ff_2815.csv,RIPLEY,GENERAL,9a4a5efdc929a6be398c22c8969745d18fbebae6ea3eb72e821de8bbd51d9720,774,NO INGESTADO,0,0.0
abonos_descuentos_000024_ff_2815.csv,RIPLEY\Fulfillment by Ripley\abonos_descuentos_000024_ff_2815.csv,01_Raw\RIPLEY\Fulfillment by Ripley\abonos_descuentos_000024_ff_2815.csv,RIPLEY,GENERAL,9a4a5efdc929a6be398c22c8969745d18fbebae6ea3eb72e821de8bbd51d9720,774,NO INGESTADO,0,0.0
abonos_descuentos_000025_ff_2815.csv,RIPLEY\Fulfillment by Ripley\abonos_descuentos_000025_ff_2815.csv,01_Raw\RIPLEY\Fulfillment by Ripley\abonos_descuentos_000025_ff_2815.csv,RIPLEY,GENERAL,9a4a5efdc929a6be398c22c8969745d18fbebae6ea3eb72e821de8bbd51d9720,774,NO INGESTADO,0,0.0
abonos_descuentos_000026_ff_2815.csv,RIPLEY\Fulfillment by Ripley\abonos_descuentos_000026_ff_2815.csv,01_Raw\RIPLEY\Fulfillment by Ripley\abonos_descuentos_000026_ff_2815.csv,RIPLEY,GENERAL,0550154d5536f0290dd736a08e2e5809f380c0c48d7a9ce417f687d976d262d5,2567,NO INGESTADO,0,0.0
abonos_descuentos_000027_ff_2815.csv,RIPLEY\Fulfillment by Ripley\abonos_descuentos_000027_ff_2815.csv,01_Raw\RIPLEY\Fulfillment by Ripley\abonos_descuentos_000027_ff_2815.csv,RIPLEY,GENERAL,f363653340c35ddf6a75c4a9b425b71879c11ac7ba4489ad975fa4f3164b53cc,5728,INGERIDO,96,1925404.0
abonos_descuentos_000028_ff_2815.csv,RIPLEY\Fulfillment by Ripley\abonos_descuentos_000028_ff_2815.csv,01_Raw\RIPLEY\Fulfillment by Ripley\abonos_descuentos_000028_ff_2815.csv,RIPLEY,GENERAL,da04c3239a28a957134b34a1bd59d6779d63cffdf29d11afd14a602fa85f445a,4954,INGERIDO,100,1718128.0
abonos_descuentos_000029_ff_2815.csv,RIPLEY\Fulfillment by Ripley\abonos_descuentos_000029_ff_2815.csv,01_Raw\RIPLEY\Fulfillment by Ripley\abonos_descuentos_000029_ff_2815.csv,RIPLEY,GENERAL,f77d3c81bf90506da1e13774f9a101f6ae88afc9bb9f95fa4e87b9b7e5ecaab6,4528,INGERIDO,91,1477100.0
abonos_descuentos_000030_ff_2815.csv,RIPLEY\Fulfillment by Ripley\abonos_descuentos_000030_ff_2815.csv,01_Raw\RIPLEY\Fulfillment by Ripley\abonos_descuentos_000030_ff_2815.csv,RIPLEY,GENERAL,9a4a5efdc929a6be398c22c8969745d18fbebae6ea3eb72e821de8bbd51d9720,774,NO INGESTADO,0,0.0
abonos_descuentos_000031_ff_2815.csv,RIPLEY\Fulfillment by Ripley\abonos_descuentos_000031_ff_2815.csv,01_Raw\RIPLEY\Fulfillment by Ripley\abonos_descuentos_000031_ff_2815.csv,RIPLEY,GENERAL,def641fc00b68d4feb8fbea3155a2541cf7d24b8ef5f06795eaac002c7ec3088,10155,INGERIDO,265,5274352.0
abonos_descuentos_000032_ff_2815.csv,RIPLEY\Fulfillment by Ripley\abonos_descuentos_000032_ff_2815.csv,01_Raw\RIPLEY\Fulfillment by Ripley\abonos_descuentos_000032_ff_2815.csv,RIPLEY,GENERAL,14585d8a0dfdd1fbeab336c5eb0631ba29e551e616cc92db66fb668b550080bc,3497,NO INGESTADO,0,0.0
abonos_descuentos_000033_ff_2815.csv,RIPLEY\Fulfillment by Ripley\abonos_descuentos_000033_ff_2815.csv,01_Raw\RIPLEY\Fulfillment by Ripley\abonos_descuentos_000033_ff_2815.csv,RIPLEY,GENERAL,51f6500b975184ba9de54074ab9d90695bb03ffb48a9f8311a07de0295d56c5f,2089,NO INGESTADO,0,0.0
abonos_descuentos_000034_ff_2815.csv,RIPLEY\Fulfillment by Ripley\abonos_descuentos_000034_ff_2815.csv,01_Raw\RIPLEY\Fulfillment by Ripley\abonos_descuentos_000034_ff_2815.csv,RIPLEY,GENERAL,9a4a5efdc929a6be398c22c8969745d18fbebae6ea3eb72e821de8bbd51d9720,774,NO INGESTADO,0,0.0
abonos_descuentos_000035_ff_2815.csv,RIPLEY\Fulfillment by Ripley\abonos_descuentos_000035_ff_2815.csv,01_Raw\RIPLEY\Fulfillment by Ripley\abonos_descuentos_000035_ff_2815.csv,RIPLEY,GENERAL,9a4a5efdc929a6be398c22c8969745d18fbebae6ea3eb72e821de8bbd51d9720,774,NO INGESTADO,0,0.0
abonos_descuentos_000036_ff_2815.csv,RIPLEY\Fulfillment by Ripley\abonos_descuentos_000036_ff_2815.csv,01_Raw\RIPLEY\Fulfillment by Ripley\abonos_descuentos_000036_ff_2815.csv,RIPLEY,GENERAL,916422104c151e1782894c3b80d184fd73560acad5ae05ea599a8e331180a02a,2352,NO INGESTADO,0,0.0
000312-2815.xlsx,RIPLEY\Fulfillment by Seller\000312-2815.xlsx,01_Raw\RIPLEY\Fulfillment by Seller\000312-2815.xlsx,RIPLEY,GENERAL,777d7817846aed35bf68b9a25b16a2dd9119e720a32d89a77ab679fbcc301feb,103718,INGERIDO,1310,8816912.0
000314-2815.xlsx,RIPLEY\Fulfillment by Seller\000314-2815.xlsx,01_Raw\RIPLEY\Fulfillment by Seller\000314-2815.xlsx,RIPLEY,GENERAL,2becf1011972147ac37a40d18ec96d03d69650649ed5873097ef9ce617a8b855,65562,INGERIDO,4318,21538136.0
000316-2815.xlsx,RIPLEY\Fulfillment by Seller\000316-2815.xlsx,01_Raw\RIPLEY\Fulfillment by Seller\000316-2815.xlsx,RIPLEY,GENERAL,774249f1ec7096f9dd4ffa7119752f009d6ead4b2fe1cde49ba1c653d7f8d434,58236,INGERIDO,4534,17440808.0
000318-2815.xlsx,RIPLEY\Fulfillment by Seller\000318-2815.xlsx,01_Raw\RIPLEY\Fulfillment by Seller\000318-2815.xlsx,RIPLEY,GENERAL,dad6e6b8b2d80d1ae24ee60cf7112c801f060173750f7ed7db88631bc08c1411,40636,INGERIDO,2768,11484880.0
000320-2815.xlsx,RIPLEY\Fulfillment by Seller\000320-2815.xlsx,01_Raw\RIPLEY\Fulfillment by Seller\000320-2815.xlsx,RIPLEY,GENERAL,ef6f9ee9b06e5ee9d76a52ffbcfbadc6ed6567030e9a91e02264ad2accce5734,35349,INGERIDO,2386,12328328.0
000322-2815.xlsx,RIPLEY\Fulfillment by Seller\000322-2815.xlsx,01_Raw\RIPLEY\Fulfillment by Seller\000322-2815.xlsx,RIPLEY,GENERAL,d2e5b47ae475d3d941142cd2d1d7f052691bf32051c4d1f7f1af075aa23176b3,40324,INGERIDO,2780,15283156.0
000324-2815.xlsx,RIPLEY\Fulfillment by Seller\000324-2815.xlsx,01_Raw\RIPLEY\Fulfillment by Seller\000324-2815.xlsx,RIPLEY,GENERAL,8abb7720f5393d118e93f9ae55598cbd8c56146f92fc870f0fd2e7866db6ab94,81200,INGERIDO,6764,67623592.0
000326-2815.xlsx,RIPLEY\Fulfillment by Seller\000326-2815.xlsx,01_Raw\RIPLEY\Fulfillment by Seller\000326-2815.xlsx,RIPLEY,GENERAL,e2232161265d4c0e55804530db3e8a8323031743158f618045cceae1842ca2f8,66107,INGERIDO,4400,20670368.0
000328-2815.xlsx,RIPLEY\Fulfillment by Seller\000328-2815.xlsx,01_Raw\RIPLEY\Fulfillment by Seller\000328-2815.xlsx,RIPLEY,GENERAL,0fa1e398cd6ec4638cd0e46b46b3ba0a6cc53246fa9d8bde591beed77caf4b5d,57436,INGERIDO,4686,43623032.0
000330-2815.xlsx,RIPLEY\Fulfillment by Seller\000330-2815.xlsx,01_Raw\RIPLEY\Fulfillment by Seller\000330-2815.xlsx,RIPLEY,GENERAL,cda3ad7bd2a84c9ce2551d0c975831eb1277402506227875424b14fcf030ab0a,42348,INGERIDO,2700,17747776.0
000332-2815.xlsx,RIPLEY\Fulfillment by Seller\000332-2815.xlsx,01_Raw\RIPLEY\Fulfillment by Seller\000332-2815.xlsx,RIPLEY,GENERAL,3071611e703c89d7c618054cff0af700357d4b9d897b5a643f0cf95f0ed84c52,75528,INGERIDO,5792,45505964.0
000334-2815.xlsx,RIPLEY\Fulfillment by Seller\000334-2815.xlsx,01_Raw\RIPLEY\Fulfillment by Seller\000334-2815.xlsx,RIPLEY,GENERAL,3d3990ad7c7e507c145584923aae0d0823589c8615ec34ba9043024a26c7d763,45863,INGERIDO,3066,14617976.0
000336-2815.xlsx,RIPLEY\Fulfillment by Seller\000336-2815.xlsx,01_Raw\RIPLEY\Fulfillment by Seller\000336-2815.xlsx,RIPLEY,GENERAL,7a61353ae4396435d7175a765b12c38e47b3fed7bef247d24ef8dafc3686a9ad,59957,INGERIDO,4754,37333256.0
000338-2815.xlsx,RIPLEY\Fulfillment by Seller\000338-2815.xlsx,01_Raw\RIPLEY\Fulfillment by Seller\000338-2815.xlsx,RIPLEY,GENERAL,86620eb3a2cb82064263d5c8354381c296198f6918d45aaf8483368d63cefff8,58503,INGERIDO,4466,28946284.0
000340-2815.xlsx,RIPLEY\Fulfillment by Seller\000340-2815.xlsx,01_Raw\RIPLEY\Fulfillment by Seller\000340-2815.xlsx,RIPLEY,GENERAL,e7562eb44200c80107ae291bedcfb282cfa0f627a18eb9b6369067085b0347a5,64569,INGERIDO,5164,32009360.0
000342-2815.xlsx,RIPLEY\Fulfillment by Seller\000342-2815.xlsx,01_Raw\RIPLEY\Fulfillment by Seller\000342-2815.xlsx,RIPLEY,GENERAL,7e6af532b3931043f8bf9593cb7987dedaa0a691ebeeed2353dffe8e81677c19,78935,INGERIDO,3058,26884092.0
000344-2815.xlsx,RIPLEY\Fulfillment by Seller\000344-2815.xlsx,01_Raw\RIPLEY\Fulfillment by Seller\000344-2815.xlsx,RIPLEY,GENERAL,4462524e8148e233da54273fcd27316709f579218aa3cc49019e215a4565f928,57341,INGERIDO,4362,30388588.0
000346-2815.xlsx,RIPLEY\Fulfillment by Seller\000346-2815.xlsx,01_Raw\RIPLEY\Fulfillment by Seller\000346-2815.xlsx,RIPLEY,GENERAL,171279c35fb2940ccb6c7c5855d0fa7c7e75427328376fdf4d6af2e86b0d9847,36500,INGERIDO,2120,12780368.0
000348-2815.xlsx,RIPLEY\Fulfillment by Seller\000348-2815.xlsx,01_Raw\RIPLEY\Fulfillment by Seller\000348-2815.xlsx,RIPLEY,GENERAL,918184de0ad07f032eda4efa026c505f3a5727c7b809fc21cf8610414368a69e,83559,INGERIDO,4766,32582144.0
000350-2815.xlsx,RIPLEY\Fulfillment by Seller\000350-2815.xlsx,01_Raw\RIPLEY\Fulfillment by Seller\000350-2815.xlsx,RIPLEY,GENERAL,f9d324aede87d1849468b763de398686efc721a6901b7c8321e8d24f1db8bad4,65533,INGERIDO,4790,28111464.0
000352-2815.xlsx,RIPLEY\Fulfillment by Seller\000352-2815.xlsx,01_Raw\RIPLEY\Fulfillment by Seller\000352-2815.xlsx,RIPLEY,GENERAL,3c5a987bd479e97707e99554d0ad88effe28c6a5815246ab2a812a42fd44978f,53142,INGERIDO,3476,21105424.0
000353-2815.xlsx,RIPLEY\Fulfillment by Seller\000353-2815.xlsx,01_Raw\RIPLEY\Fulfillment by Seller\000353-2815.xlsx,RIPLEY,GENERAL,1140cd87690da831d560b9f8c7b3d03193d4aac62fb5945cde73424a4f39c403,33254,INGERIDO,2094,19545652.0
000354-2815.xlsx,RIPLEY\Fulfillment by Seller\000354-2815.xlsx,01_Raw\RIPLEY\Fulfillment by Seller\000354-2815.xlsx,RIPLEY,GENERAL,6c933a530c16748e3e1b9231360493981a607021fcac0c3af5c47749630b32a1,56684,INGERIDO,2450,11559956.0
000355-2815.xlsx,RIPLEY\Fulfillment by Seller\000355-2815.xlsx,01_Raw\RIPLEY\Fulfillment by Seller\000355-2815.xlsx,RIPLEY,GENERAL,e4667f0983a40b48dbc162b7badf08b5949e4b6af62f9359b4a2ef8c7957d82a,45974,INGERIDO,3054,23846900.0
000356-2815.xlsx,RIPLEY\Fulfillment by Seller\000356-2815.xlsx,01_Raw\RIPLEY\Fulfillment by Seller\000356-2815.xlsx,RIPLEY,GENERAL,a6cd1ce21333e8ec7f02064eae6daa839e0954fa967ce2e4dc82c681b1b353e5,95241,INGERIDO,4578,26008060.0
000357-2815.xlsx,RIPLEY\Fulfillment by Seller\000357-2815.xlsx,01_Raw\RIPLEY\Fulfillment by Seller\000357-2815.xlsx,RIPLEY,GENERAL,dd3ae9d875e5529efe38e38c351cd8440c0b9d81eae20d35ac5cfc7e31a04629,39403,INGERIDO,2414,15519688.0
000358-2815.xlsx,RIPLEY\Fulfillment by Seller\000358-2815.xlsx,01_Raw\RIPLEY\Fulfillment by Seller\000358-2815.xlsx,RIPLEY,GENERAL,506c461f5aa534386f6b5c196a9f6dc6f0212018d8e54f1500cfbe242be632d0,64952,INGERIDO,2260,9565016.0
000359-2815.xlsx,RIPLEY\Fulfillment by Seller\000359-2815.xlsx,01_Raw\RIPLEY\Fulfillment by Seller\000359-2815.xlsx,RIPLEY,GENERAL,58c3ff9f3b37cb61e7c3f5eed6309a43d8c372bbe45fef4a5e3623f7fce0953a,19694,INGERIDO,920,1470508.0
000360-2815.xlsx,RIPLEY\Fulfillment by Seller\000360-2815.xlsx,01_Raw\RIPLEY\Fulfillment by Seller\000360-2815.xlsx,RIPLEY,GENERAL,d88f368f29e7d270cc7ddd3cd84158363c81223b6332464328b679eeeb1afb2e,31884,INGERIDO,1702,4628976.0
000361-2815.xlsx,RIPLEY\Fulfillment by Seller\000361-2815.xlsx,01_Raw\RIPLEY\Fulfillment by Seller\000361-2815.xlsx,RIPLEY,GENERAL,a77c8394238c94806a674c3d86568f253d552b1fbd789122875d3fa34196150c,27027,INGERIDO,1310,5905412.0
000362-2815.xlsx,RIPLEY\Fulfillment by Seller\000362-2815.xlsx,01_Raw\RIPLEY\Fulfillment by Seller\000362-2815.xlsx,RIPLEY,GENERAL,657c18f822acf2622b8fc94edc313a478107ee3a2e73b37250ace7287527a6ae,26514,INGERIDO,1124,5519496.0
000363-2815.xlsx,RIPLEY\Fulfillment by Seller\000363-2815.xlsx,01_Raw\RIPLEY\Fulfillment by Seller\000363-2815.xlsx,RIPLEY,GENERAL,29305397499eb8e52babe3879469616ed4326f36cc30d421912b52507d61dd62,28294,INGERIDO,1398,7678656.0
000364-2815.xlsx,RIPLEY\Fulfillment by Seller\000364-2815.xlsx,01_Raw\RIPLEY\Fulfillment by Seller\000364-2815.xlsx,RIPLEY,GENERAL,7d35a99a2e181d1db52f737e5206db5c56396bbc12d03d700372d559dc507420,32734,INGERIDO,1468,5001660.0
000365-2815.xlsx,RIPLEY\Fulfillment by Seller\000365-2815.xlsx,01_Raw\RIPLEY\Fulfillment by Seller\000365-2815.xlsx,RIPLEY,GENERAL,ff934903170b6d33b3b0dd64ac0f44f6c591089ed89c768b0a698b7e097062f8,20015,INGERIDO,632,3983396.0
000366-2815.xlsx,RIPLEY\Fulfillment by Seller\000366-2815.xlsx,01_Raw\RIPLEY\Fulfillment by Seller\000366-2815.xlsx,RIPLEY,GENERAL,a2550e3b3dc88976f9e3344c1faded290a8eb4ac5f7e3f56c85dd5ee65f707c5,24464,INGERIDO,1060,5887852.0
000367-2815.xlsx,RIPLEY\Fulfillment by Seller\000367-2815.xlsx,01_Raw\RIPLEY\Fulfillment by Seller\000367-2815.xlsx,RIPLEY,GENERAL,daaf567572d57eab56ff923fafd4e385b007c399ead8f83b36217193987b3d00,22872,INGERIDO,766,5679524.0
000368-2815.xlsx,RIPLEY\Fulfillment by Seller\000368-2815.xlsx,01_Raw\RIPLEY\Fulfillment by Seller\000368-2815.xlsx,RIPLEY,GENERAL,0579236a47a4db044c68f5c0e369ac3d09e263019fab6cc2500c33451308338c,32678,INGERIDO,1586,12663172.0
000369-2815.xlsx,RIPLEY\Fulfillment by Seller\000369-2815.xlsx,01_Raw\RIPLEY\Fulfillment by Seller\000369-2815.xlsx,RIPLEY,GENERAL,1b6408f0cc1adb8051354249cdf9cf2eb8fae541bb8ceb204792138ec30c529c,31157,INGERIDO,1406,12129672.0
000370-2815.xlsx,RIPLEY\Fulfillment by Seller\000370-2815.xlsx,01_Raw\RIPLEY\Fulfillment by Seller\000370-2815.xlsx,RIPLEY,GENERAL,5d2bf763116009ca88c34989be4d3aa9a9fb9abd2111393787e012289a20e17b,31607,INGERIDO,1636,14014980.0
000371-2815.xlsx,RIPLEY\Fulfillment by Seller\000371-2815.xlsx,01_Raw\RIPLEY\Fulfillment by Seller\000371-2815.xlsx,RIPLEY,GENERAL,ae29dcc28860261a55ab427331bed4b67541884595d25608f10627a0542b4120,39329,INGERIDO,2134,19564228.0
000372-2815.xlsx,RIPLEY\Fulfillment by Seller\000372-2815.xlsx,01_Raw\RIPLEY\Fulfillment by Seller\000372-2815.xlsx,RIPLEY,GENERAL,adc411cab90fa86f95365bd9d37afd23dd734d36887b795b6756454d7aa5f2ed,40206,INGERIDO,2432,21347456.0
000374-2815.xlsx,RIPLEY\Fulfillment by Seller\000374-2815.xlsx,01_Raw\RIPLEY\Fulfillment by Seller\000374-2815.xlsx,RIPLEY,GENERAL,977a0d5681c891613d8af4ca850a98e2949ea3a56c128790682a415ec74e3f30,31079,INGERIDO,1658,10412328.0
000375-2815.xlsx,RIPLEY\Fulfillment by Seller\000375-2815.xlsx,01_Raw\RIPLEY\Fulfillment by Seller\000375-2815.xlsx,RIPLEY,GENERAL,89c7a62a6e4ce96ff91af015302eeb2aec6aa83d3047389e7d936f97bc682338,22606,INGERIDO,710,5135392.0
000376-2815.xlsx,RIPLEY\Fulfillment by Seller\000376-2815.xlsx,01_Raw\RIPLEY\Fulfillment by Seller\000376-2815.xlsx,RIPLEY,GENERAL,788d2bdb821c563eefac64d4c8203838983e7b890d24223989c1e290b6fc2ecc,29820,INGERIDO,1412,14128896.0
000377-2815.xlsx,RIPLEY\Fulfillment by Seller\000377-2815.xlsx,01_Raw\RIPLEY\Fulfillment by Seller\000377-2815.xlsx,RIPLEY,GENERAL,32d06e572a97c3a05d77bc9d03e1cd3f3738e89dc787cb489c69d22a978d37bb,28503,INGERIDO,1188,10098716.0
000378-2815.xlsx,RIPLEY\Fulfillment by Seller\000378-2815.xlsx,01_Raw\RIPLEY\Fulfillment by Seller\000378-2815.xlsx,RIPLEY,GENERAL,a0452ffe8ef4895b938990d7f9229f48533e6de40ac2c99a683f84b653689dd3,27265,INGERIDO,1152,9669872.0
000379-2815.xlsx,RIPLEY\Fulfillment by Seller\000379-2815.xlsx,01_Raw\RIPLEY\Fulfillment by Seller\000379-2815.xlsx,RIPLEY,GENERAL,3579e4343c90e544a833f485b060390f52ff2f4c40b2bd05da50c30c7e8edf0b,59327,INGERIDO,2094,20772288.0
000380-2815.xlsx,RIPLEY\Fulfillment by Seller\000380-2815.xlsx,01_Raw\RIPLEY\Fulfillment by Seller\000380-2815.xlsx,RIPLEY,GENERAL,ac267e9cc7eaa1b50ce7f5208b498c3882fbde555efb3616251c518a1c9f9837,50993,INGERIDO,3344,38318716.0
000381-2815.xlsx,RIPLEY\Fulfillment by Seller\000381-2815.xlsx,01_Raw\RIPLEY\Fulfillment by Seller\000381-2815.xlsx,RIPLEY,GENERAL,ba54340cacbb4209c957b110a69635be20a40dc6f790ae99f10fb6fb5c1ab61a,33486,INGERIDO,804,5579328.0
000382-2815.xlsx,RIPLEY\Fulfillment by Seller\000382-2815.xlsx,01_Raw\RIPLEY\Fulfillment by Seller\000382-2815.xlsx,RIPLEY,GENERAL,a84fad701937d14390216f1f0aa54c05def5d9d501b2c0172a0da00fa1a0bb12,30672,INGERIDO,721,5997072.0
000383-2815.xlsx,RIPLEY\Fulfillment by Seller\000383-2815.xlsx,01_Raw\RIPLEY\Fulfillment by Seller\000383-2815.xlsx,RIPLEY,GENERAL,628f8520d3b723bcb2aaa77c86b094d130c535196765bc059b7cd04ab7fd6eeb,33939,INGERIDO,770,7090164.0
Abr-2026.csv,RIPLEY\Historial de transacciones\Abr-2026.csv,01_Raw\RIPLEY\Historial de transacciones\Abr-2026.csv,RIPLEY,ORDENES,ca0d69a4ccd6df7d1d2e091d102d2bf34e649c34d0fee42803e0aad22bc7a9e0,1537805,INGERIDO,3463,-4836417.0
Ene-2026.csv,RIPLEY\Historial de transacciones\Ene-2026.csv,01_Raw\RIPLEY\Historial de transacciones\Ene-2026.csv,RIPLEY,ORDENES,5b9b9b798d03b6d2c1a445711e55be88039390614d807fb5dcdae394e14e0e69,1436977,INGERIDO,3208,-642502.0
Ene-Jun-2025.csv,RIPLEY\Historial de transacciones\Ene-Jun-2025.csv,01_Raw\RIPLEY\Historial de transacciones\Ene-Jun-2025.csv,RIPLEY,ORDENES,cfe8a6194787d83a73269b077b0477e2e006463dbd3040d97a4c7cdd7463d4a4,10293779,INGERIDO,26796,2913968.0
Feb-2026.csv,RIPLEY\Historial de transacciones\Feb-2026.csv,01_Raw\RIPLEY\Historial de transacciones\Feb-2026.csv,RIPLEY,ORDENES,aac294ee71a84ff5389b5eebe875201547698c2c10109593975eeb669644e41f,1107326,INGERIDO,2444,-109770.0
Jul-Dic-2025.csv,RIPLEY\Historial de transacciones\Jul-Dic-2025.csv,01_Raw\RIPLEY\Historial de transacciones\Jul-Dic-2025.csv,RIPLEY,ORDENES,5cc2e5ac8af629a12ef71e76e3e285c353a1239071adf4b5e7b348e7aaae7c56,12457521,INGERIDO,29721,-2436788.0
Jun-2026.csv,RIPLEY\Historial de transacciones\Jun-2026.csv,01_Raw\RIPLEY\Historial de transacciones\Jun-2026.csv,RIPLEY,ORDENES,dea1c611e6d0dd20a7d9e9b4aac7893dba89c77d3e6faa83d39a96d61cc7d867,2117744,NO INGESTADO,0,0.0
Mar-2026.csv,RIPLEY\Historial de transacciones\Mar-2026.csv,01_Raw\RIPLEY\Historial de transacciones\Mar-2026.csv,RIPLEY,ORDENES,333f4f871a9272f3d9846c10b372bc345dd43a56b05530e82693cef68860e293,1716982,INGERIDO,3938,4797863.0
May-2026.csv,RIPLEY\Historial de transacciones\May-2026.csv,01_Raw\RIPLEY\Historial de transacciones\May-2026.csv,RIPLEY,ORDENES,75e9739e45e2f80aa3ee9a1246bb1d95212a75e87099d05dffec040043e98850,1206346,INGERIDO,2914,1316961.0
05-01-2026 - 13-01-2026.csv,RIPLEY\Mis extractos\05-01-2026 - 13-01-2026.csv,01_Raw\RIPLEY\Mis extractos\05-01-2026 - 13-01-2026.csv,RIPLEY,GENERAL,ad994d35700fa6a3376bf506eebdb2035b4f29b079b2ae52ac8053aad5ed8f97,130015,NO INGESTADO,0,0.0
05-02-2026 - 13-02-2026.csv,RIPLEY\Mis extractos\05-02-2026 - 13-02-2026.csv,01_Raw\RIPLEY\Mis extractos\05-02-2026 - 13-02-2026.csv,RIPLEY,GENERAL,9e9548e1382e11f697732fd6eb4c0e3673dc0346b7e65fd89e3931750c241649,115699,NO INGESTADO,0,0.0
05-03-2026 - 13-03-2026.csv,RIPLEY\Mis extractos\05-03-2026 - 13-03-2026.csv,01_Raw\RIPLEY\Mis extractos\05-03-2026 - 13-03-2026.csv,RIPLEY,GENERAL,fd11ed782e0fd141d30505f8ed584526e125efb27057e68cabb135885d2e44bf,96659,NO INGESTADO,0,0.0
05-04-2026 - 13-04-2026.csv,RIPLEY\Mis extractos\05-04-2026 - 13-04-2026.csv,01_Raw\RIPLEY\Mis extractos\05-04-2026 - 13-04-2026.csv,RIPLEY,GENERAL,4a602135b8698847c358beda68546b5ce972b4a3292970a9cd9fbec450d71038,144685,NO INGESTADO,0,0.0
05-05-2026 - 13-05-2026.csv,RIPLEY\Mis extractos\05-05-2026 - 13-05-2026.csv,01_Raw\RIPLEY\Mis extractos\05-05-2026 - 13-05-2026.csv,RIPLEY,GENERAL,dbf3b7e5003757732ebbe31368ca2d8a473ad2b441df75d0ad1d40ebff6234a3,81893,NO INGESTADO,0,0.0
05-06-2026 - 13-06-2026.csv,RIPLEY\Mis extractos\05-06-2026 - 13-06-2026.csv,01_Raw\RIPLEY\Mis extractos\05-06-2026 - 13-06-2026.csv,RIPLEY,GENERAL,501d3102d3de23d41c03a859c8156bcb4a483b7a7016be277caadb74ec229fe3,206441,NO INGESTADO,0,0.0
05-12-2025 - 13-12-2025.csv,RIPLEY\Mis extractos\05-12-2025 - 13-12-2025.csv,01_Raw\RIPLEY\Mis extractos\05-12-2025 - 13-12-2025.csv,RIPLEY,GENERAL,ea7f7311a2e6840b8bba4ae304104ca2bcaf387c831ea5ddc9613b156b428115,304724,NO INGESTADO,0,0.0
13-01-2025 - 28-01-2025.csv,RIPLEY\Mis extractos\13-01-2025 - 28-01-2025.csv,01_Raw\RIPLEY\Mis extractos\13-01-2025 - 28-01-2025.csv,RIPLEY,GENERAL,179d424ee208fffe24880d638b2912b17c6cc305fb342ab5c846f1c93874da2c,266351,NO INGESTADO,0,0.0
13-01-2026 - 20-01-2026.csv,RIPLEY\Mis extractos\13-01-2026 - 20-01-2026.csv,01_Raw\RIPLEY\Mis extractos\13-01-2026 - 20-01-2026.csv,RIPLEY,GENERAL,02e63d434db783332ef12f46573a33385d353dcd2cef2c169b8c5d47f9e02da3,91831,NO INGESTADO,0,0.0
13-02-2025 - 28-02-2025.csv,RIPLEY\Mis extractos\13-02-2025 - 28-02-2025.csv,01_Raw\RIPLEY\Mis extractos\13-02-2025 - 28-02-2025.csv,RIPLEY,GENERAL,24dd6cb4cfae7f80183c565bbba8f38a693e9f79b935454ec8c0ea07e2e899ac,154905,NO INGESTADO,0,0.0
13-02-2026 - 20-02-2026.csv,RIPLEY\Mis extractos\13-02-2026 - 20-02-2026.csv,01_Raw\RIPLEY\Mis extractos\13-02-2026 - 20-02-2026.csv,RIPLEY,GENERAL,abf90edd697130fa308ac56cf52adc4764b409b1164b0a7c9071617a7d81cf91,42291,NO INGESTADO,0,0.0
13-03-2025 - 28-03-2025.csv,RIPLEY\Mis extractos\13-03-2025 - 28-03-2025.csv,01_Raw\RIPLEY\Mis extractos\13-03-2025 - 28-03-2025.csv,RIPLEY,GENERAL,47bfa98a2f7a89c87f5d5482d9e85862195276b618d83e865e92fa9e7bc4b1ce,151646,NO INGESTADO,0,0.0
13-03-2026 - 20-03-2026.csv,RIPLEY\Mis extractos\13-03-2026 - 20-03-2026.csv,01_Raw\RIPLEY\Mis extractos\13-03-2026 - 20-03-2026.csv,RIPLEY,GENERAL,419696eb2931561f7d842ad7966c808fb364644da1c81aa289ac7f080d73b938,104347,NO INGESTADO,0,0.0
13-04-2025 - 28-04-2025.csv,RIPLEY\Mis extractos\13-04-2025 - 28-04-2025.csv,01_Raw\RIPLEY\Mis extractos\13-04-2025 - 28-04-2025.csv,RIPLEY,GENERAL,3c4a489a9e5ab6377f7e3589c7e055cc3f6c09a0fe5c069ea286d290749692ad,268147,NO INGESTADO,0,0.0
13-04-2026 - 20-04-2026.csv,RIPLEY\Mis extractos\13-04-2026 - 20-04-2026.csv,01_Raw\RIPLEY\Mis extractos\13-04-2026 - 20-04-2026.csv,RIPLEY,GENERAL,3ff607ad77173db1817e1135a2e634a47a378e1c375ec428261b9cd6aadf679f,89027,NO INGESTADO,0,0.0
13-05-2025 - 28-05-2025.csv,RIPLEY\Mis extractos\13-05-2025 - 28-05-2025.csv,01_Raw\RIPLEY\Mis extractos\13-05-2025 - 28-05-2025.csv,RIPLEY,GENERAL,ccdfdce0af4c40db6a7ec25833f90bf22701b1a087f1f78080f53c534454d839,162544,NO INGESTADO,0,0.0
13-05-2026 - 20-05-2026.csv,RIPLEY\Mis extractos\13-05-2026 - 20-05-2026.csv,01_Raw\RIPLEY\Mis extractos\13-05-2026 - 20-05-2026.csv,RIPLEY,GENERAL,9e8859b49db9dfdf311f111d24bfc2f0dbd09380a1e1c1237e56fecaf899cfc2,78107,NO INGESTADO,0,0.0
13-06-2025 - 28-06-2025.csv,RIPLEY\Mis extractos\13-06-2025 - 28-06-2025.csv,01_Raw\RIPLEY\Mis extractos\13-06-2025 - 28-06-2025.csv,RIPLEY,GENERAL,0d1009b10569c5fd90cc8c3e0df87a8192b40c270860d13982d8dc01622024d6,186784,NO INGESTADO,0,0.0
13-06-2026 - 20-06-2026.csv,RIPLEY\Mis extractos\13-06-2026 - 20-06-2026.csv,01_Raw\RIPLEY\Mis extractos\13-06-2026 - 20-06-2026.csv,RIPLEY,GENERAL,5f91847f9c51d170ea3e8570f47f41a9029d17e961e54511f2db02affbee21da,88406,NO INGESTADO,0,0.0
13-07-2025 - 28-07-2025.csv,RIPLEY\Mis extractos\13-07-2025 - 28-07-2025.csv,01_Raw\RIPLEY\Mis extractos\13-07-2025 - 28-07-2025.csv,RIPLEY,GENERAL,3f3411857c32bf455f26d9d5f0f6a779fe40cf66d1ffefc2390f256779beb912,209933,NO INGESTADO,0,0.0
13-08-2025 - 28-08-2025.csv,RIPLEY\Mis extractos\13-08-2025 - 28-08-2025.csv,01_Raw\RIPLEY\Mis extractos\13-08-2025 - 28-08-2025.csv,RIPLEY,GENERAL,cc939843d536ef92ff82d8c5f7e5371cf172158f97baf49631a8f6864379b2a4,165004,NO INGESTADO,0,0.0
13-09-2025 - 28-09-2025.csv,RIPLEY\Mis extractos\13-09-2025 - 28-09-2025.csv,01_Raw\RIPLEY\Mis extractos\13-09-2025 - 28-09-2025.csv,RIPLEY,GENERAL,1c040af2b5ace3e9f6ebf537bf9eedde7c16ae2d08534918ec50b442af885703,97463,NO INGESTADO,0,0.0
13-10-2025 - 28-10-2025.csv,RIPLEY\Mis extractos\13-10-2025 - 28-10-2025.csv,01_Raw\RIPLEY\Mis extractos\13-10-2025 - 28-10-2025.csv,RIPLEY,GENERAL,15a8bf90b0b408c6c2a3410e1fbb4cc6fa5e64e7f1f40e48bc70ee1f1af6275e,284798,NO INGESTADO,0,0.0
13-11-2025 - 20-11-2025.csv,RIPLEY\Mis extractos\13-11-2025 - 20-11-2025.csv,01_Raw\RIPLEY\Mis extractos\13-11-2025 - 20-11-2025.csv,RIPLEY,GENERAL,bc9c28373360a88b244caf99166d05d6aa359ce88c2cae9059fff6ba1a79b475,134066,NO INGESTADO,0,0.0
13-12-2025 - 20-12-2025.csv,RIPLEY\Mis extractos\13-12-2025 - 20-12-2025.csv,01_Raw\RIPLEY\Mis extractos\13-12-2025 - 20-12-2025.csv,RIPLEY,GENERAL,4db3239e046adc0da6edb7d74b0b3623fa8c48c77c55a53f8120791bc910e07d,186998,NO INGESTADO,0,0.0
20-01-2026 - 28-01-2026.csv,RIPLEY\Mis extractos\20-01-2026 - 28-01-2026.csv,01_Raw\RIPLEY\Mis extractos\20-01-2026 - 28-01-2026.csv,RIPLEY,GENERAL,dbe269be77d06ebf2e7dc9f692b053d889cdb3bc3e1c39f45c6483bf3f148620,74909,NO INGESTADO,0,0.0
20-02-2026 - 28-02-2026.csv,RIPLEY\Mis extractos\20-02-2026 - 28-02-2026.csv,01_Raw\RIPLEY\Mis extractos\20-02-2026 - 28-02-2026.csv,RIPLEY,GENERAL,b6f40e4f9f20c685159bc3fad52d51ca139df7fc3c8382ec70b98ccde3b480c2,63367,NO INGESTADO,0,0.0
20-03-2026 - 28-03-2026.csv,RIPLEY\Mis extractos\20-03-2026 - 28-03-2026.csv,01_Raw\RIPLEY\Mis extractos\20-03-2026 - 28-03-2026.csv,RIPLEY,GENERAL,c36f1fc1eab9bec85a1ad8e21fb00c4e0ab33414a4ee78736a7ed4a560e944f1,108607,NO INGESTADO,0,0.0
20-04-2026 - 28-04-2026.csv,RIPLEY\Mis extractos\20-04-2026 - 28-04-2026.csv,01_Raw\RIPLEY\Mis extractos\20-04-2026 - 28-04-2026.csv,RIPLEY,GENERAL,d5047ad8b628b05b970ce64e007d30443d13f09b2ed9cea8d61a4289437a64a9,106830,NO INGESTADO,0,0.0
20-05-2026 - 28-05-2026.csv,RIPLEY\Mis extractos\20-05-2026 - 28-05-2026.csv,01_Raw\RIPLEY\Mis extractos\20-05-2026 - 28-05-2026.csv,RIPLEY,GENERAL,ca14a06b5b65df16d8f1e98b6a5a2035387bb3b7b65a7696a0377a55ac7387df,73836,NO INGESTADO,0,0.0
20-06-2026 - 28-06-2026.csv,RIPLEY\Mis extractos\20-06-2026 - 28-06-2026.csv,01_Raw\RIPLEY\Mis extractos\20-06-2026 - 28-06-2026.csv,RIPLEY,GENERAL,b303b9a001d18724556ff8f56a44bd8f7702890b205d4117235c163f6bd59040,80415,NO INGESTADO,0,0.0
20-11-2025 - 28-11-2025.csv,RIPLEY\Mis extractos\20-11-2025 - 28-11-2025.csv,01_Raw\RIPLEY\Mis extractos\20-11-2025 - 28-11-2025.csv,RIPLEY,GENERAL,abc15f81ed47a1735961fff3ea106020f1903b3de0924a6a5a320c2272471117,135111,NO INGESTADO,0,0.0
20-12-2025 - 28-12-2025.csv,RIPLEY\Mis extractos\20-12-2025 - 28-12-2025.csv,01_Raw\RIPLEY\Mis extractos\20-12-2025 - 28-12-2025.csv,RIPLEY,GENERAL,fffafb2f3baced591524f259d995bf5804b35c46303fde08192501f7f2bf59d7,136380,NO INGESTADO,0,0.0
28-01-2025 - 13-02-2025.csv,RIPLEY\Mis extractos\28-01-2025 - 13-02-2025.csv,01_Raw\RIPLEY\Mis extractos\28-01-2025 - 13-02-2025.csv,RIPLEY,GENERAL,aa7d114bdd6b94c47303935bf05397ca284832e8a620c8b58f515922a9fdb690,234177,NO INGESTADO,0,0.0
28-01-2026 - 05-02-2026.csv,RIPLEY\Mis extractos\28-01-2026 - 05-02-2026.csv,01_Raw\RIPLEY\Mis extractos\28-01-2026 - 05-02-2026.csv,RIPLEY,GENERAL,6b2d3a0100ab7354041eeab85ac2427c6a85d8ad479150686fe18a48731fea1a,87349,NO INGESTADO,0,0.0
28-02-2025 - 13-03-2025.csv,RIPLEY\Mis extractos\28-02-2025 - 13-03-2025.csv,01_Raw\RIPLEY\Mis extractos\28-02-2025 - 13-03-2025.csv,RIPLEY,GENERAL,3bb513f192afbeb1193b11aa67dd80942c8b975d28e97efc78908e57226c947c,134783,NO INGESTADO,0,0.0
28-02-2026 - 05-03-2026.csv,RIPLEY\Mis extractos\28-02-2026 - 05-03-2026.csv,01_Raw\RIPLEY\Mis extractos\28-02-2026 - 05-03-2026.csv,RIPLEY,GENERAL,531e6c2171bef1633ad625689032e036fab9cbb9c1474909c4e72c666143d2ed,53995,NO INGESTADO,0,0.0
28-03-2025 - 13-04-2025.csv,RIPLEY\Mis extractos\28-03-2025 - 13-04-2025.csv,01_Raw\RIPLEY\Mis extractos\28-03-2025 - 13-04-2025.csv,RIPLEY,GENERAL,0ea94a17546a38772d2f3c5bd20292e3778aec3e370ddfb47e4f491044c86be4,329223,NO INGESTADO,0,0.0
28-03-2026 - 05-04-2026.csv,RIPLEY\Mis extractos\28-03-2026 - 05-04-2026.csv,01_Raw\RIPLEY\Mis extractos\28-03-2026 - 05-04-2026.csv,RIPLEY,GENERAL,6a1590898b397699a4788d8dfc3412cd0a5abe36ed498ce772dbbf08b820bac4,136040,NO INGESTADO,0,0.0
28-04-2025 - 13-05-2025.csv,RIPLEY\Mis extractos\28-04-2025 - 13-05-2025.csv,01_Raw\RIPLEY\Mis extractos\28-04-2025 - 13-05-2025.csv,RIPLEY,GENERAL,dc6975ae7e2ecf1d9d60c5e80a8506b88df490e85c402c11629a07a0f1652d76,204088,NO INGESTADO,0,0.0
28-04-2026 - 05-05-2026.csv,RIPLEY\Mis extractos\28-04-2026 - 05-05-2026.csv,01_Raw\RIPLEY\Mis extractos\28-04-2026 - 05-05-2026.csv,RIPLEY,GENERAL,3bc60ee2735b8cc254972a4d4c3b3b3a6d21fda677da1e3d4fa5814e7bd50922,47189,NO INGESTADO,0,0.0
28-05-2025 - 13-06-2025.csv,RIPLEY\Mis extractos\28-05-2025 - 13-06-2025.csv,01_Raw\RIPLEY\Mis extractos\28-05-2025 - 13-06-2025.csv,RIPLEY,GENERAL,d03278d54899d3cc7921f32376b034c502eb2e8ab0379a40afdb4c4070923cbb,304175,NO INGESTADO,0,0.0
28-05-2026 - 05-06-2026.csv,RIPLEY\Mis extractos\28-05-2026 - 05-06-2026.csv,01_Raw\RIPLEY\Mis extractos\28-05-2026 - 05-06-2026.csv,RIPLEY,GENERAL,ff1230b523920fda9a2df28e1fb0de470850d61fa04f974810c000eac145767c,111869,NO INGESTADO,0,0.0
28-06-2025 - 13-07-2025.csv,RIPLEY\Mis extractos\28-06-2025 - 13-07-2025.csv,01_Raw\RIPLEY\Mis extractos\28-06-2025 - 13-07-2025.csv,RIPLEY,GENERAL,9ead794cb0de390e63e42cd4e47563cc32d8a319e3a37f8a4b419afbc82e3928,234123,NO INGESTADO,0,0.0
28-06-2026 - 05-07-2026.csv,RIPLEY\Mis extractos\28-06-2026 - 05-07-2026.csv,01_Raw\RIPLEY\Mis extractos\28-06-2026 - 05-07-2026.csv,RIPLEY,GENERAL,65258db2d139fcca50a9b0f1b430058dea07bc72f2be6b6962dbfe1c2b25979b,92105,NO INGESTADO,0,0.0
28-07-2025 - 13-08-2025.csv,RIPLEY\Mis extractos\28-07-2025 - 13-08-2025.csv,01_Raw\RIPLEY\Mis extractos\28-07-2025 - 13-08-2025.csv,RIPLEY,GENERAL,ddcb1d4cc2c58eb8c5d7d0cbe6b0e4424217fbe1d060ff2209032e4cfb2efe1c,231488,NO INGESTADO,0,0.0
28-08-2025 - 13-09-2025.csv,RIPLEY\Mis extractos\28-08-2025 - 13-09-2025.csv,01_Raw\RIPLEY\Mis extractos\28-08-2025 - 13-09-2025.csv,RIPLEY,GENERAL,afba2891a3fc0093861ddf1565dbff450659fdfa87f0306e1aa74ece4b29b0cd,188999,NO INGESTADO,0,0.0
28-09-2025 - 13-10-2025.csv,RIPLEY\Mis extractos\28-09-2025 - 13-10-2025.csv,01_Raw\RIPLEY\Mis extractos\28-09-2025 - 13-10-2025.csv,RIPLEY,GENERAL,e239c0767e1e3f7e79352c8d2623a492187ca6cf9dadd8d609d3cb9aaa2b590e,236566,NO INGESTADO,0,0.0
28-10-2025 - 13-11-2025.csv,RIPLEY\Mis extractos\28-10-2025 - 13-11-2025.csv,01_Raw\RIPLEY\Mis extractos\28-10-2025 - 13-11-2025.csv,RIPLEY,GENERAL,22827e6732b07b27a8ac3f31fe3e984a9b7e42caec97f03efc6eaf9bd38075ac,205742,NO INGESTADO,0,0.0
28-11-2025 - 05-12-2025.csv,RIPLEY\Mis extractos\28-11-2025 - 05-12-2025.csv,01_Raw\RIPLEY\Mis extractos\28-11-2025 - 05-12-2025.csv,RIPLEY,GENERAL,6d7418f22f52564d2afeb7849fedb803a7b9fef6ce7a5ebf7298a36e40392ae3,235406,NO INGESTADO,0,0.0
28-12-2024 - 13-01-2025.csv,RIPLEY\Mis extractos\28-12-2024 - 13-01-2025.csv,01_Raw\RIPLEY\Mis extractos\28-12-2024 - 13-01-2025.csv,RIPLEY,GENERAL,d849016f3765c6189a274a63c43bf382f83c1748f336bc453134d680feddf0ec,389625,NO INGESTADO,0,0.0
28-12-2025 - 05-01-2026.csv,RIPLEY\Mis extractos\28-12-2025 - 05-01-2026.csv,01_Raw\RIPLEY\Mis extractos\28-12-2025 - 05-01-2026.csv,RIPLEY,GENERAL,5d434a2845f9f0c28adb3720c9ae6a5666f2d32aa729738e58bde9f490d0bb40,97037,NO INGESTADO,0,0.0
dteproveedor_5477.xml,SHOPIFY\Documentos Recepcionados\dteproveedor_5477.xml,01_Raw\SHOPIFY\Documentos Recepcionados\dteproveedor_5477.xml,SHOPIFY,FACTURACION,bae255689e22fd9830814eb98c25f6f2da2c808eb370b8ae9d39476156003a08,12597,NO INGESTADO,0,0.0
dteproveedor_5478.xml,SHOPIFY\Documentos Recepcionados\dteproveedor_5478.xml,01_Raw\SHOPIFY\Documentos Recepcionados\dteproveedor_5478.xml,SHOPIFY,FACTURACION,875b3c66dd8191ebafeda727b9537750b582b200e7ec0fe48fdc02825f64a810,12808,NO INGESTADO,0,0.0
dteproveedor_5479.xml,SHOPIFY\Documentos Recepcionados\dteproveedor_5479.xml,01_Raw\SHOPIFY\Documentos Recepcionados\dteproveedor_5479.xml,SHOPIFY,FACTURACION,8284f33b1fb6ee38a35c96de7aba2e1c1524ac2b963080eed881564ce4eec37f,12809,NO INGESTADO,0,0.0
dteproveedor_5480.xml,SHOPIFY\Documentos Recepcionados\dteproveedor_5480.xml,01_Raw\SHOPIFY\Documentos Recepcionados\dteproveedor_5480.xml,SHOPIFY,FACTURACION,7f6911bcc3e8d66c4926ce14ebd68b394a0cc18f20427f0dc0fff3767f00445a,12813,NO INGESTADO,0,0.0
dteproveedor_5595.xml,SHOPIFY\Documentos Recepcionados\dteproveedor_5595.xml,01_Raw\SHOPIFY\Documentos Recepcionados\dteproveedor_5595.xml,SHOPIFY,FACTURACION,fdc4e62f5db1728c6e6bc91b1fa4fd0f3768ff161186b165648537b615b9200f,12597,NO INGESTADO,0,0.0
dteproveedor_5598.xml,SHOPIFY\Documentos Recepcionados\dteproveedor_5598.xml,01_Raw\SHOPIFY\Documentos Recepcionados\dteproveedor_5598.xml,SHOPIFY,FACTURACION,8fa833ace2025bb03fe9637ed0ee7a4f29336acfbcd1316293dc21c35a419d27,12804,NO INGESTADO,0,0.0
dteproveedor_5599.xml,SHOPIFY\Documentos Recepcionados\dteproveedor_5599.xml,01_Raw\SHOPIFY\Documentos Recepcionados\dteproveedor_5599.xml,SHOPIFY,FACTURACION,7b17d93dbeba896d65726a07ea383d3210437a8af3f93fedcf8ef9e2d99b88c3,12809,NO INGESTADO,0,0.0
dteproveedor_5600.xml,SHOPIFY\Documentos Recepcionados\dteproveedor_5600.xml,01_Raw\SHOPIFY\Documentos Recepcionados\dteproveedor_5600.xml,SHOPIFY,FACTURACION,70b23e8b78ddb4b3d1d9b6d8895ace253e5fce987597254c578b5da49447768a,12804,NO INGESTADO,0,0.0
dteproveedor_5601.xml,SHOPIFY\Documentos Recepcionados\dteproveedor_5601.xml,01_Raw\SHOPIFY\Documentos Recepcionados\dteproveedor_5601.xml,SHOPIFY,FACTURACION,4095646a92206c41496175d49ecf96dd4aa540778862fa67c1ef398efb42e8e5,12811,NO INGESTADO,0,0.0
dteproveedor_5602.xml,SHOPIFY\Documentos Recepcionados\dteproveedor_5602.xml,01_Raw\SHOPIFY\Documentos Recepcionados\dteproveedor_5602.xml,SHOPIFY,FACTURACION,aa3b419df9b97fc8c1a87b174eb7b1f5efefac22c999f5b64ec140948323226a,12809,NO INGESTADO,0,0.0
dteproveedor_5603.xml,SHOPIFY\Documentos Recepcionados\dteproveedor_5603.xml,01_Raw\SHOPIFY\Documentos Recepcionados\dteproveedor_5603.xml,SHOPIFY,FACTURACION,24486ece0152aa85469d3d6c922c63a17d8d0dea9b4430a80bd27a3b7dd16365,12808,NO INGESTADO,0,0.0
dteproveedor_5701.xml,SHOPIFY\Documentos Recepcionados\dteproveedor_5701.xml,01_Raw\SHOPIFY\Documentos Recepcionados\dteproveedor_5701.xml,SHOPIFY,FACTURACION,ab04a583a388ec8462faa8ef11e393e20204599c652d06c7dd07b1c6029fc859,12602,NO INGESTADO,0,0.0
dteproveedor_5706.xml,SHOPIFY\Documentos Recepcionados\dteproveedor_5706.xml,01_Raw\SHOPIFY\Documentos Recepcionados\dteproveedor_5706.xml,SHOPIFY,FACTURACION,51e1f49c599e91c4f142fec4e4254d11cc673954b287a63c2d574e051c0d05dd,12809,NO INGESTADO,0,0.0
dteproveedor_5707.xml,SHOPIFY\Documentos Recepcionados\dteproveedor_5707.xml,01_Raw\SHOPIFY\Documentos Recepcionados\dteproveedor_5707.xml,SHOPIFY,FACTURACION,7ed01c55ac7b671f5761afc3d9a1035ae753693fece02e8c41741644b2e91269,12808,NO INGESTADO,0,0.0
dteproveedor_5818.xml,SHOPIFY\Documentos Recepcionados\dteproveedor_5818.xml,01_Raw\SHOPIFY\Documentos Recepcionados\dteproveedor_5818.xml,SHOPIFY,FACTURACION,6babeb7b16c64b0c6f07c58e5272c5c1c33c14563c0a7b2efbc813a0f1b18f0c,12602,NO INGESTADO,0,0.0
dteproveedor_5819.xml,SHOPIFY\Documentos Recepcionados\dteproveedor_5819.xml,01_Raw\SHOPIFY\Documentos Recepcionados\dteproveedor_5819.xml,SHOPIFY,FACTURACION,afea4ab6835718197f66b56b5d0165d60e9dc245125c03ca4fc088ffae05c692,12813,NO INGESTADO,0,0.0
dteproveedor_5820.xml,SHOPIFY\Documentos Recepcionados\dteproveedor_5820.xml,01_Raw\SHOPIFY\Documentos Recepcionados\dteproveedor_5820.xml,SHOPIFY,FACTURACION,0dbbe9f3310af0c8ee985982aac085fadac3d8e895f4c5bb076eb6e187527346,12808,NO INGESTADO,0,0.0
dteproveedor_5821.xml,SHOPIFY\Documentos Recepcionados\dteproveedor_5821.xml,01_Raw\SHOPIFY\Documentos Recepcionados\dteproveedor_5821.xml,SHOPIFY,FACTURACION,f54ff31d32f573b9f8111a625510b5423b796df226b06f558d1e53d3aede1a77,12804,NO INGESTADO,0,0.0
dteproveedor_5924.xml,SHOPIFY\Documentos Recepcionados\dteproveedor_5924.xml,01_Raw\SHOPIFY\Documentos Recepcionados\dteproveedor_5924.xml,SHOPIFY,FACTURACION,3a6a8b9355584436d7a5cf60e1dc3c489ac1885e928cb04b03986316768f1c86,12618,NO INGESTADO,0,0.0
dteproveedor_5925.xml,SHOPIFY\Documentos Recepcionados\dteproveedor_5925.xml,01_Raw\SHOPIFY\Documentos Recepcionados\dteproveedor_5925.xml,SHOPIFY,FACTURACION,a33dcae97e74430e09cb1cc8d3bd81163f124c2b5abf4d8883229d62a4de49da,12833,NO INGESTADO,0,0.0
dteproveedor_5926.xml,SHOPIFY\Documentos Recepcionados\dteproveedor_5926.xml,01_Raw\SHOPIFY\Documentos Recepcionados\dteproveedor_5926.xml,SHOPIFY,FACTURACION,b21752f131e7676a2e4823a5d9c58bf199dbd0db3821d25bef23a1d3b6cf24ce,12829,NO INGESTADO,0,0.0
dteproveedor_6037.xml,SHOPIFY\Documentos Recepcionados\dteproveedor_6037.xml,01_Raw\SHOPIFY\Documentos Recepcionados\dteproveedor_6037.xml,SHOPIFY,FACTURACION,97742ef30feec261ebc9c43ed78c3e8c02792faed62e57799a5e0a2b3cb7cc46,12622,NO INGESTADO,0,0.0
dteproveedor_6039.xml,SHOPIFY\Documentos Recepcionados\dteproveedor_6039.xml,01_Raw\SHOPIFY\Documentos Recepcionados\dteproveedor_6039.xml,SHOPIFY,FACTURACION,a4005f61ef1355246e4e8ac3755edb43471145f683d7d4ce452fd77e89f2c515,12833,NO INGESTADO,0,0.0
dteproveedor_6040.xml,SHOPIFY\Documentos Recepcionados\dteproveedor_6040.xml,01_Raw\SHOPIFY\Documentos Recepcionados\dteproveedor_6040.xml,SHOPIFY,FACTURACION,86907a3b3d1cd06b65881dd3027c9a420fa1e16a1b9fb1050d40a1fd6f9c7cc4,12824,NO INGESTADO,0,0.0
dteproveedor_6152.xml,SHOPIFY\Documentos Recepcionados\dteproveedor_6152.xml,01_Raw\SHOPIFY\Documentos Recepcionados\dteproveedor_6152.xml,SHOPIFY,FACTURACION,b9366dda1a0e800331140491e5912343a25707f8136b5da7547ceccabe4b86b0,12618,NO INGESTADO,0,0.0
dteproveedor_6154.xml,SHOPIFY\Documentos Recepcionados\dteproveedor_6154.xml,01_Raw\SHOPIFY\Documentos Recepcionados\dteproveedor_6154.xml,SHOPIFY,FACTURACION,ab2f23278aa74759a27ad25bf20abfde79b444b331559e97fdc18cec10113505,12833,NO INGESTADO,0,0.0
dteproveedor_6271.xml,SHOPIFY\Documentos Recepcionados\dteproveedor_6271.xml,01_Raw\SHOPIFY\Documentos Recepcionados\dteproveedor_6271.xml,SHOPIFY,FACTURACION,7e17849d7915dfdbee6cdc975deb66d0b67221e0e8671126f09c83b1c820c6c3,12617,NO INGESTADO,0,0.0
dteproveedor_6273.xml,SHOPIFY\Documentos Recepcionados\dteproveedor_6273.xml,01_Raw\SHOPIFY\Documentos Recepcionados\dteproveedor_6273.xml,SHOPIFY,FACTURACION,31740dbef78932fb6b09ba3c9d01a9c1b2b86d78c17b980f0073125271e3cc1e,12833,NO INGESTADO,0,0.0
dteproveedor_6274.xml,SHOPIFY\Documentos Recepcionados\dteproveedor_6274.xml,01_Raw\SHOPIFY\Documentos Recepcionados\dteproveedor_6274.xml,SHOPIFY,FACTURACION,59979619609605e686510c8763fd4b336c314f728bf3e95870f29c139f2ba09e,12828,NO INGESTADO,0,0.0
dteproveedor_6275.xml,SHOPIFY\Documentos Recepcionados\dteproveedor_6275.xml,01_Raw\SHOPIFY\Documentos Recepcionados\dteproveedor_6275.xml,SHOPIFY,FACTURACION,2b570882a401b6afb2993e52aced5241166170b7a187646bcf4372b212172ef0,12824,NO INGESTADO,0,0.0
dteproveedor_6392.xml,SHOPIFY\Documentos Recepcionados\dteproveedor_6392.xml,01_Raw\SHOPIFY\Documentos Recepcionados\dteproveedor_6392.xml,SHOPIFY,FACTURACION,3ad05a329175f4d45f7efbf9f298d5220daf544535e3c460b81a429d26290494,12617,NO INGESTADO,0,0.0
dteproveedor_6506.xml,SHOPIFY\Documentos Recepcionados\dteproveedor_6506.xml,01_Raw\SHOPIFY\Documentos Recepcionados\dteproveedor_6506.xml,SHOPIFY,FACTURACION,d192f668b3fca5babfbb51de97a9c246768cb3c200359e9469bb3f0e79a263a9,12622,NO INGESTADO,0,0.0
dteproveedor_6507.xml,SHOPIFY\Documentos Recepcionados\dteproveedor_6507.xml,01_Raw\SHOPIFY\Documentos Recepcionados\dteproveedor_6507.xml,SHOPIFY,FACTURACION,ae18ed2495bdc890f60435f3e7fd77aad1ead754719d765efc9aac3fc255c07b,12829,NO INGESTADO,0,0.0
dteproveedor_6508.xml,SHOPIFY\Documentos Recepcionados\dteproveedor_6508.xml,01_Raw\SHOPIFY\Documentos Recepcionados\dteproveedor_6508.xml,SHOPIFY,FACTURACION,86b40d0017570a3d8dd3a5ebe4c6a8c7c1011fa676daf37362478198175c75dd,12833,NO INGESTADO,0,0.0
dteproveedor_6614.xml,SHOPIFY\Documentos Recepcionados\dteproveedor_6614.xml,01_Raw\SHOPIFY\Documentos Recepcionados\dteproveedor_6614.xml,SHOPIFY,FACTURACION,56f807652c9ee1d264b58db523e633a6d20d6e4f975b07897054fb422de42b6d,12618,NO INGESTADO,0,0.0
dteproveedor_6619.xml,SHOPIFY\Documentos Recepcionados\dteproveedor_6619.xml,01_Raw\SHOPIFY\Documentos Recepcionados\dteproveedor_6619.xml,SHOPIFY,FACTURACION,91db190f13fbc038d33396309c5c2b68c614c16874c529c887696609fd71d0a6,12828,NO INGESTADO,0,0.0
dteproveedor_6620.xml,SHOPIFY\Documentos Recepcionados\dteproveedor_6620.xml,01_Raw\SHOPIFY\Documentos Recepcionados\dteproveedor_6620.xml,SHOPIFY,FACTURACION,c391204f1e7902207bbcd3cde35adfcb645538e6f622ba25f4b8f7a04f44c1cd,12833,NO INGESTADO,0,0.0
dteproveedor_6763.xml,SHOPIFY\Documentos Recepcionados\dteproveedor_6763.xml,01_Raw\SHOPIFY\Documentos Recepcionados\dteproveedor_6763.xml,SHOPIFY,FACTURACION,58d8788c714ef4cf9a0b0d7335c356b220471e97e20db8b4478dc20aadc63084,12618,NO INGESTADO,0,0.0
dteproveedor_6764.xml,SHOPIFY\Documentos Recepcionados\dteproveedor_6764.xml,01_Raw\SHOPIFY\Documentos Recepcionados\dteproveedor_6764.xml,SHOPIFY,FACTURACION,5504915f03df3d4fd7fa71a56a94b56910c7d95497dc8267b4f2ff56eb1c2c15,12833,NO INGESTADO,0,0.0
dteproveedor_6765.xml,SHOPIFY\Documentos Recepcionados\dteproveedor_6765.xml,01_Raw\SHOPIFY\Documentos Recepcionados\dteproveedor_6765.xml,SHOPIFY,FACTURACION,8715af26850658973741a3a7ecadd433f03f022983e3e83d7ec971ac44d76d0c,12828,NO INGESTADO,0,0.0
dteproveedor_6771.xml,SHOPIFY\Documentos Recepcionados\dteproveedor_6771.xml,01_Raw\SHOPIFY\Documentos Recepcionados\dteproveedor_6771.xml,SHOPIFY,FACTURACION,56c2efd771df4ff2bc14ade748be8d89cb190d76adb171ae028830c040b7e329,12765,NO INGESTADO,0,0.0
dteproveedor_6837.xml,SHOPIFY\Documentos Recepcionados\dteproveedor_6837.xml,01_Raw\SHOPIFY\Documentos Recepcionados\dteproveedor_6837.xml,SHOPIFY,FACTURACION,9ccafbc91b3beac03a91908a741ec0f2d0062ac25a8ccfa146f8e3160ea5b8f6,12719,NO INGESTADO,0,0.0
dteproveedor_6838.xml,SHOPIFY\Documentos Recepcionados\dteproveedor_6838.xml,01_Raw\SHOPIFY\Documentos Recepcionados\dteproveedor_6838.xml,SHOPIFY,FACTURACION,7d20deb55586e0bd89e05c388c3c7cca76f8ab3216e4fd065c019330ad40f48b,12901,NO INGESTADO,0,0.0
dteproveedor_6839.xml,SHOPIFY\Documentos Recepcionados\dteproveedor_6839.xml,01_Raw\SHOPIFY\Documentos Recepcionados\dteproveedor_6839.xml,SHOPIFY,FACTURACION,ea326c56ca66244bde5994406ac8348f1f7a28aa5ed725ddfcdfd59ec42b4b04,12934,NO INGESTADO,0,0.0
dteproveedor_6840.xml,SHOPIFY\Documentos Recepcionados\dteproveedor_6840.xml,01_Raw\SHOPIFY\Documentos Recepcionados\dteproveedor_6840.xml,SHOPIFY,FACTURACION,fe2793927d842df3e2deaa224a380311610ba7c5455e3f4bf74effffabd80466,12926,NO INGESTADO,0,0.0
dteproveedor_6841.xml,SHOPIFY\Documentos Recepcionados\dteproveedor_6841.xml,01_Raw\SHOPIFY\Documentos Recepcionados\dteproveedor_6841.xml,SHOPIFY,FACTURACION,46446fc3986c4157d5484961cce146c07457086597f5fddf9289d664417afaa4,13065,NO INGESTADO,0,0.0
dteproveedor_6842.xml,SHOPIFY\Documentos Recepcionados\dteproveedor_6842.xml,01_Raw\SHOPIFY\Documentos Recepcionados\dteproveedor_6842.xml,SHOPIFY,FACTURACION,d907762b24bcb40c71b88ab331053eabd6ab8d083ead0d60d92efb0dcac85319,12892,NO INGESTADO,0,0.0
dteproveedor_6871.xml,SHOPIFY\Documentos Recepcionados\dteproveedor_6871.xml,01_Raw\SHOPIFY\Documentos Recepcionados\dteproveedor_6871.xml,SHOPIFY,FACTURACION,13fe9f3902c88c9718f4f4b454b62ff53c5e9d75c515f6c58cf94621dfc22e39,13057,NO INGESTADO,0,0.0
dteproveedor_6887.xml,SHOPIFY\Documentos Recepcionados\dteproveedor_6887.xml,01_Raw\SHOPIFY\Documentos Recepcionados\dteproveedor_6887.xml,SHOPIFY,FACTURACION,74eca0c1c78a151b86a1aca2243702b05556db8055ac5e028d2ef887bfaf25b3,13052,NO INGESTADO,0,0.0
dteproveedor_6917.xml,SHOPIFY\Documentos Recepcionados\dteproveedor_6917.xml,01_Raw\SHOPIFY\Documentos Recepcionados\dteproveedor_6917.xml,SHOPIFY,FACTURACION,65f1657b7ab004b71137470b8f1021fbd4100e731b25062716144f1fa1f5fee3,13053,NO INGESTADO,0,0.0
dteproveedor_6921.xml,SHOPIFY\Documentos Recepcionados\dteproveedor_6921.xml,01_Raw\SHOPIFY\Documentos Recepcionados\dteproveedor_6921.xml,SHOPIFY,FACTURACION,72af37429dc8346bf32e9b7f7ae98363a40e245ace6961948c42c6c6fd1014b3,12617,NO INGESTADO,0,0.0
dteproveedor_6922.xml,SHOPIFY\Documentos Recepcionados\dteproveedor_6922.xml,01_Raw\SHOPIFY\Documentos Recepcionados\dteproveedor_6922.xml,SHOPIFY,FACTURACION,c7392812540fb697577865046f28238bef8462ae5162d6735e237b2c7d907048,12833,NO INGESTADO,0,0.0
dteproveedor_6923.xml,SHOPIFY\Documentos Recepcionados\dteproveedor_6923.xml,01_Raw\SHOPIFY\Documentos Recepcionados\dteproveedor_6923.xml,SHOPIFY,FACTURACION,5a9bb483f32abdef3825db6bf04a7a5b546dbbe1a31a944f547daafb5c9516e6,12458,NO INGESTADO,0,0.0
dteproveedor_6966.xml,SHOPIFY\Documentos Recepcionados\dteproveedor_6966.xml,01_Raw\SHOPIFY\Documentos Recepcionados\dteproveedor_6966.xml,SHOPIFY,FACTURACION,738854430c1854d72d70612c69a9e2b1337bc240e16399027d9ccf74ddba5d9c,13056,NO INGESTADO,0,0.0
dteproveedor_6974.xml,SHOPIFY\Documentos Recepcionados\dteproveedor_6974.xml,01_Raw\SHOPIFY\Documentos Recepcionados\dteproveedor_6974.xml,SHOPIFY,FACTURACION,d6520706a6814923dcd1b6c04d444a39dbb2bcfd5d71b25467b15312bdc60a2e,12715,NO INGESTADO,0,0.0
dteproveedor_6980.xml,SHOPIFY\Documentos Recepcionados\dteproveedor_6980.xml,01_Raw\SHOPIFY\Documentos Recepcionados\dteproveedor_6980.xml,SHOPIFY,FACTURACION,a10b0f41570cd96d6bfce44dbdd8d707dcfdaa2cb886f8461ab386a30090666d,12931,NO INGESTADO,0,0.0
dteproveedor_6981.xml,SHOPIFY\Documentos Recepcionados\dteproveedor_6981.xml,01_Raw\SHOPIFY\Documentos Recepcionados\dteproveedor_6981.xml,SHOPIFY,FACTURACION,a009bf51f7f1ad627cca0bfa513d908824d0cdffcd87be8bc01e1fc7e4ded006,12926,NO INGESTADO,0,0.0
dteproveedor_6982.xml,SHOPIFY\Documentos Recepcionados\dteproveedor_6982.xml,01_Raw\SHOPIFY\Documentos Recepcionados\dteproveedor_6982.xml,SHOPIFY,FACTURACION,991cbdef83d7541570c3f76872511f08adf5dd47d77b8086d008525019ab04fb,12901,NO INGESTADO,0,0.0
dteproveedor_6983.xml,SHOPIFY\Documentos Recepcionados\dteproveedor_6983.xml,01_Raw\SHOPIFY\Documentos Recepcionados\dteproveedor_6983.xml,SHOPIFY,FACTURACION,2072edaaa99332007923a221d5d3b12cf343808e522dcc6b165937457536ba64,12892,NO INGESTADO,0,0.0
dteproveedor_6992.xml,SHOPIFY\Documentos Recepcionados\dteproveedor_6992.xml,01_Raw\SHOPIFY\Documentos Recepcionados\dteproveedor_6992.xml,SHOPIFY,FACTURACION,385e4bde895d9fba704e89f7174da28c33b199b980b80e2507d4402c862188a1,13055,NO INGESTADO,0,0.0
dteproveedor_7015.xml,SHOPIFY\Documentos Recepcionados\dteproveedor_7015.xml,01_Raw\SHOPIFY\Documentos Recepcionados\dteproveedor_7015.xml,SHOPIFY,FACTURACION,31f8479a2cbc125f048dafdc50e576d137ccd84680cb3602322223163a864004,13054,NO INGESTADO,0,0.0
dteproveedor_7042.xml,SHOPIFY\Documentos Recepcionados\dteproveedor_7042.xml,01_Raw\SHOPIFY\Documentos Recepcionados\dteproveedor_7042.xml,SHOPIFY,FACTURACION,95a6857d57772c8a2945c017916d1dc7c23837c3e5121e15bb77d3c17702adc9,13055,NO INGESTADO,0,0.0
dteproveedor_7046.xml,SHOPIFY\Documentos Recepcionados\dteproveedor_7046.xml,01_Raw\SHOPIFY\Documentos Recepcionados\dteproveedor_7046.xml,SHOPIFY,FACTURACION,77bc26c343e91b133c270a3db55f91cf4ef5ff4c21f5786ba79a91c877f97b88,12617,NO INGESTADO,0,0.0
dteproveedor_7047.xml,SHOPIFY\Documentos Recepcionados\dteproveedor_7047.xml,01_Raw\SHOPIFY\Documentos Recepcionados\dteproveedor_7047.xml,SHOPIFY,FACTURACION,4f410cfb0c08d58e0250d5d7bae2b4eb432b8d8454a121fa1a70909dbfab8234,12458,NO INGESTADO,0,0.0
dteproveedor_7048.xml,SHOPIFY\Documentos Recepcionados\dteproveedor_7048.xml,01_Raw\SHOPIFY\Documentos Recepcionados\dteproveedor_7048.xml,SHOPIFY,FACTURACION,db6f1642aebd4c8dad79218c5aa97a3fe7e6394bae604ae25aafb9c463638a1c,12828,NO INGESTADO,0,0.0
dteproveedor_7078.xml,SHOPIFY\Documentos Recepcionados\dteproveedor_7078.xml,01_Raw\SHOPIFY\Documentos Recepcionados\dteproveedor_7078.xml,SHOPIFY,FACTURACION,5c357639b0c7398f54c5ad75a3725b7cc212c1c35b12c108b737b80bf7aaf1c3,12764,NO INGESTADO,0,0.0
dteproveedor_7086.xml,SHOPIFY\Documentos Recepcionados\dteproveedor_7086.xml,01_Raw\SHOPIFY\Documentos Recepcionados\dteproveedor_7086.xml,SHOPIFY,FACTURACION,3a62209067f97c834a5974ee95d946ae355803f5fe9c094bb440b2c10c627632,12715,NO INGESTADO,0,0.0
dteproveedor_7089.xml,SHOPIFY\Documentos Recepcionados\dteproveedor_7089.xml,01_Raw\SHOPIFY\Documentos Recepcionados\dteproveedor_7089.xml,SHOPIFY,FACTURACION,45d8ec0857c7eb207dffff11390ae2fe31478640deaa457fd3b11af9b89a7ae0,12901,NO INGESTADO,0,0.0
dteproveedor_7090.xml,SHOPIFY\Documentos Recepcionados\dteproveedor_7090.xml,01_Raw\SHOPIFY\Documentos Recepcionados\dteproveedor_7090.xml,SHOPIFY,FACTURACION,508dfa0fdffb94da576f30d3843830c39625bb1763af42c1450687bba632e3e4,12931,NO INGESTADO,0,0.0
dteproveedor_7091.xml,SHOPIFY\Documentos Recepcionados\dteproveedor_7091.xml,01_Raw\SHOPIFY\Documentos Recepcionados\dteproveedor_7091.xml,SHOPIFY,FACTURACION,f9795e6f4086490bff17c2fe6d59a75516fd1674cf7f8422f4ad1c64d8743cce,12921,NO INGESTADO,0,0.0
dteproveedor_7093.xml,SHOPIFY\Documentos Recepcionados\dteproveedor_7093.xml,01_Raw\SHOPIFY\Documentos Recepcionados\dteproveedor_7093.xml,SHOPIFY,FACTURACION,76da8ce20ec94072d4aadca46bbe2dd91502e63369bdbb63509a7f5dae6f3251,12892,NO INGESTADO,0,0.0
dteproveedor_7109.xml,SHOPIFY\Documentos Recepcionados\dteproveedor_7109.xml,01_Raw\SHOPIFY\Documentos Recepcionados\dteproveedor_7109.xml,SHOPIFY,FACTURACION,1c04f25e9d9a5ad2399537d7ed6bd23f4d9d9d26d55355d8ad3797c792063c7b,12760,NO INGESTADO,0,0.0
dteproveedor_7128.xml,SHOPIFY\Documentos Recepcionados\dteproveedor_7128.xml,01_Raw\SHOPIFY\Documentos Recepcionados\dteproveedor_7128.xml,SHOPIFY,FACTURACION,9703fbc80a40addce30361d178f1e98ab73aa1c8d9d01233fe0661ba92d9b327,13056,NO INGESTADO,0,0.0
dteproveedor_7136.xml,SHOPIFY\Documentos Recepcionados\dteproveedor_7136.xml,01_Raw\SHOPIFY\Documentos Recepcionados\dteproveedor_7136.xml,SHOPIFY,FACTURACION,c51b6a285917e99c8b9b83fa9c2e4e546e0a70ddb1ef5beee06006eacd034624,14240,NO INGESTADO,0,0.0
dteproveedor_7143.xml,SHOPIFY\Documentos Recepcionados\dteproveedor_7143.xml,01_Raw\SHOPIFY\Documentos Recepcionados\dteproveedor_7143.xml,SHOPIFY,FACTURACION,dd56d5ed6680618d185846aaef50f6b127741281467e7a91462b24d90135a0e4,13564,NO INGESTADO,0,0.0
dteproveedor_7155.xml,SHOPIFY\Documentos Recepcionados\dteproveedor_7155.xml,01_Raw\SHOPIFY\Documentos Recepcionados\dteproveedor_7155.xml,SHOPIFY,FACTURACION,cbbf2fef0339390f5725708d81d4acdc445a4939bb821ea9a253721fadfadb5c,13057,NO INGESTADO,0,0.0
dteproveedor_7157.xml,SHOPIFY\Documentos Recepcionados\dteproveedor_7157.xml,01_Raw\SHOPIFY\Documentos Recepcionados\dteproveedor_7157.xml,SHOPIFY,FACTURACION,f54aa335cc9cfdf004f55de19e868ea3c8c3a874959142026a542b5e8c31810d,12944,NO INGESTADO,0,0.0
dteproveedor_7168.xml,SHOPIFY\Documentos Recepcionados\dteproveedor_7168.xml,01_Raw\SHOPIFY\Documentos Recepcionados\dteproveedor_7168.xml,SHOPIFY,FACTURACION,94e4e5c0476649390543a44205c2d02319a968df716c854f1d7d55ebdab2998e,13052,NO INGESTADO,0,0.0
dteproveedor_7169.xml,SHOPIFY\Documentos Recepcionados\dteproveedor_7169.xml,01_Raw\SHOPIFY\Documentos Recepcionados\dteproveedor_7169.xml,SHOPIFY,FACTURACION,6ed46e65aa6517b35d1578d09a7e084abadc8e78970d5ceb5029896f5e118798,12617,NO INGESTADO,0,0.0
dteproveedor_7177.xml,SHOPIFY\Documentos Recepcionados\dteproveedor_7177.xml,01_Raw\SHOPIFY\Documentos Recepcionados\dteproveedor_7177.xml,SHOPIFY,FACTURACION,7f679bbadbf15640a5a5e1b2bece5079dca6d5c4eea98f43fdcf692bc06579ed,12831,NO INGESTADO,0,0.0
dteproveedor_7186.xml,SHOPIFY\Documentos Recepcionados\dteproveedor_7186.xml,01_Raw\SHOPIFY\Documentos Recepcionados\dteproveedor_7186.xml,SHOPIFY,FACTURACION,91dbc7799177e58acfc22cb673ca9605370adfa4a179bb99611aa2ca221af41d,13056,NO INGESTADO,0,0.0
dteproveedor_7206.xml,SHOPIFY\Documentos Recepcionados\dteproveedor_7206.xml,01_Raw\SHOPIFY\Documentos Recepcionados\dteproveedor_7206.xml,SHOPIFY,FACTURACION,f70511fce33fde3578fab764e79085ff43521d71d36357ccd3262dd4be07ebf5,12698,NO INGESTADO,0,0.0
dteproveedor_7207.xml,SHOPIFY\Documentos Recepcionados\dteproveedor_7207.xml,01_Raw\SHOPIFY\Documentos Recepcionados\dteproveedor_7207.xml,SHOPIFY,FACTURACION,99fad679c34870ace28f69e0f8b0082bc32d4a020747d3a7e9e17ea16557dc68,12907,NO INGESTADO,0,0.0
dteproveedor_7208.xml,SHOPIFY\Documentos Recepcionados\dteproveedor_7208.xml,01_Raw\SHOPIFY\Documentos Recepcionados\dteproveedor_7208.xml,SHOPIFY,FACTURACION,2a1f0774d2a723adb954203e8a056d1f9fec12eb20ff2c0f3c6053a01fb0cea9,12937,NO INGESTADO,0,0.0
dteproveedor_7209.xml,SHOPIFY\Documentos Recepcionados\dteproveedor_7209.xml,01_Raw\SHOPIFY\Documentos Recepcionados\dteproveedor_7209.xml,SHOPIFY,FACTURACION,d7ce4c12eea52d63702d607132d5ee8c18138222086ed0458520b27587666bf4,12893,NO INGESTADO,0,0.0
dteproveedor_7210.xml,SHOPIFY\Documentos Recepcionados\dteproveedor_7210.xml,01_Raw\SHOPIFY\Documentos Recepcionados\dteproveedor_7210.xml,SHOPIFY,FACTURACION,25276011e7d7691d8ea2734bbcdcbc301c06c79944f9cee6945e097bcdbad00d,12762,NO INGESTADO,0,0.0
dteproveedor_7256.xml,SHOPIFY\Documentos Recepcionados\dteproveedor_7256.xml,01_Raw\SHOPIFY\Documentos Recepcionados\dteproveedor_7256.xml,SHOPIFY,FACTURACION,05297199e64947d450fb1ba9c89864e65df57c0d515019f64d16b96791ff9cf8,13055,NO INGESTADO,0,0.0
dteproveedor_7265.xml,SHOPIFY\Documentos Recepcionados\dteproveedor_7265.xml,01_Raw\SHOPIFY\Documentos Recepcionados\dteproveedor_7265.xml,SHOPIFY,FACTURACION,5f9510bdbd633418ceec182d2041f6e86d6d378ab60ed028303a529898ded3e5,14523,NO INGESTADO,0,0.0
dteproveedor_7276.xml,SHOPIFY\Documentos Recepcionados\dteproveedor_7276.xml,01_Raw\SHOPIFY\Documentos Recepcionados\dteproveedor_7276.xml,SHOPIFY,FACTURACION,1142009ad688de3e49ce2ed55ea7cc90f3e2717c7acb8cb1ec294002e3c89f8b,14048,NO INGESTADO,0,0.0
dteproveedor_7281.xml,SHOPIFY\Documentos Recepcionados\dteproveedor_7281.xml,01_Raw\SHOPIFY\Documentos Recepcionados\dteproveedor_7281.xml,SHOPIFY,FACTURACION,842cf674ad0d5395a7eb9f293b8a147410df6e54c257c3c10bd0a71040b3b7ff,13058,NO INGESTADO,0,0.0
dteproveedor_7309.xml,SHOPIFY\Documentos Recepcionados\dteproveedor_7309.xml,01_Raw\SHOPIFY\Documentos Recepcionados\dteproveedor_7309.xml,SHOPIFY,FACTURACION,00ba379aae878e8b5933c3d492f5b72f74ca53bb60a11ae18fb3b02aae4b2a6a,12765,NO INGESTADO,0,0.0
dteproveedor_7312.xml,SHOPIFY\Documentos Recepcionados\dteproveedor_7312.xml,01_Raw\SHOPIFY\Documentos Recepcionados\dteproveedor_7312.xml,SHOPIFY,FACTURACION,6c90d58b4a9c84ab5276c76024e0e68fb44240833a17fe3251d547e3e7c9ae7d,12617,NO INGESTADO,0,0.0
dteproveedor_7314.xml,SHOPIFY\Documentos Recepcionados\dteproveedor_7314.xml,01_Raw\SHOPIFY\Documentos Recepcionados\dteproveedor_7314.xml,SHOPIFY,FACTURACION,04b73dc4f58416d2b3f63da9dbd7800fc4cf4ac1a784557e079fef613dc08d23,12828,NO INGESTADO,0,0.0
dteproveedor_7315.xml,SHOPIFY\Documentos Recepcionados\dteproveedor_7315.xml,01_Raw\SHOPIFY\Documentos Recepcionados\dteproveedor_7315.xml,SHOPIFY,FACTURACION,e42878bf3161a7f80cd27ae3ff0a5004ec7ea0d32357c67a571df0db9e6be70e,12833,NO INGESTADO,0,0.0
dteproveedor_7317.xml,SHOPIFY\Documentos Recepcionados\dteproveedor_7317.xml,01_Raw\SHOPIFY\Documentos Recepcionados\dteproveedor_7317.xml,SHOPIFY,FACTURACION,784a08d605ebf40aeae92ef81608ddbadc9284411dd34cd5fe3cd6371d84fe80,12461,NO INGESTADO,0,0.0
dteproveedor_7330.xml,SHOPIFY\Documentos Recepcionados\dteproveedor_7330.xml,01_Raw\SHOPIFY\Documentos Recepcionados\dteproveedor_7330.xml,SHOPIFY,FACTURACION,9d35480dd1cf479e9806943061e08489389b4213577fdf665fe3ac35fab2d65c,12935,NO INGESTADO,0,0.0
dteproveedor_7348.xml,SHOPIFY\Documentos Recepcionados\dteproveedor_7348.xml,01_Raw\SHOPIFY\Documentos Recepcionados\dteproveedor_7348.xml,SHOPIFY,FACTURACION,d5cf250cb7134e99afb3b516e8029139bbc9e158bc49de5c028a618c03f302db,13061,NO INGESTADO,0,0.0
dteproveedor_7349.xml,SHOPIFY\Documentos Recepcionados\dteproveedor_7349.xml,01_Raw\SHOPIFY\Documentos Recepcionados\dteproveedor_7349.xml,SHOPIFY,FACTURACION,0919adf8ac749236931d7ce90f59f5a11a08c71d57bf84b7c740d1a902b33599,12698,NO INGESTADO,0,0.0
dteproveedor_7353.xml,SHOPIFY\Documentos Recepcionados\dteproveedor_7353.xml,01_Raw\SHOPIFY\Documentos Recepcionados\dteproveedor_7353.xml,SHOPIFY,FACTURACION,cad262bfba5bfd5aac5eedd73d9248f969b247734952c9aa78913cf94ca6b31e,12937,NO INGESTADO,0,0.0
dteproveedor_7355.xml,SHOPIFY\Documentos Recepcionados\dteproveedor_7355.xml,01_Raw\SHOPIFY\Documentos Recepcionados\dteproveedor_7355.xml,SHOPIFY,FACTURACION,9140feb76baf844f80d2ef3214d74645a2c55d58ac81cdb910f1ff6329f621e5,12932,NO INGESTADO,0,0.0
dteproveedor_7356.xml,SHOPIFY\Documentos Recepcionados\dteproveedor_7356.xml,01_Raw\SHOPIFY\Documentos Recepcionados\dteproveedor_7356.xml,SHOPIFY,FACTURACION,4dba15c29cde3de96e04806a628531058669b925325d1e8377290709522495c7,12907,NO INGESTADO,0,0.0
dteproveedor_7361.xml,SHOPIFY\Documentos Recepcionados\dteproveedor_7361.xml,01_Raw\SHOPIFY\Documentos Recepcionados\dteproveedor_7361.xml,SHOPIFY,FACTURACION,e886cc323386192b741d5dc544d3de4142f502baccb0d011e00e337d2c62904b,12889,NO INGESTADO,0,0.0
dteproveedor_7381.xml,SHOPIFY\Documentos Recepcionados\dteproveedor_7381.xml,01_Raw\SHOPIFY\Documentos Recepcionados\dteproveedor_7381.xml,SHOPIFY,FACTURACION,b0436f73f4ad7c7a3542083dba45e1b2c9cf94e1eb57718e813266b3281ff00d,13058,NO INGESTADO,0,0.0
dteproveedor_7402.xml,SHOPIFY\Documentos Recepcionados\dteproveedor_7402.xml,01_Raw\SHOPIFY\Documentos Recepcionados\dteproveedor_7402.xml,SHOPIFY,FACTURACION,a72a8fd85b2045227869ee1839b5efb30e844bdff76f7e769f55043dac556037,14777,NO INGESTADO,0,0.0
dteproveedor_7403.xml,SHOPIFY\Documentos Recepcionados\dteproveedor_7403.xml,01_Raw\SHOPIFY\Documentos Recepcionados\dteproveedor_7403.xml,SHOPIFY,FACTURACION,178e1ef357279eaccf48f35155556b7239813889d74638f23f2a8cc22d62f460,13068,NO INGESTADO,0,0.0
dteproveedor_7404.xml,SHOPIFY\Documentos Recepcionados\dteproveedor_7404.xml,01_Raw\SHOPIFY\Documentos Recepcionados\dteproveedor_7404.xml,SHOPIFY,FACTURACION,f40a39b14acec91295d624870fbb74c6ae8126cfc2e4a7611a2e3f3dcb0631be,14064,NO INGESTADO,0,0.0
dteproveedor_7434.xml,SHOPIFY\Documentos Recepcionados\dteproveedor_7434.xml,01_Raw\SHOPIFY\Documentos Recepcionados\dteproveedor_7434.xml,SHOPIFY,FACTURACION,d16153986b3769d594f3522f1169ef3ff4454c193677c1132eba8115e7591c3c,13062,NO INGESTADO,0,0.0
dteproveedor_7435.xml,SHOPIFY\Documentos Recepcionados\dteproveedor_7435.xml,01_Raw\SHOPIFY\Documentos Recepcionados\dteproveedor_7435.xml,SHOPIFY,FACTURACION,160bcf52e8d9ca4d80aba50777f8ff6aa6c15ab047c60dc8c9b5e948edccae2b,12617,NO INGESTADO,0,0.0
dteproveedor_7442.xml,SHOPIFY\Documentos Recepcionados\dteproveedor_7442.xml,01_Raw\SHOPIFY\Documentos Recepcionados\dteproveedor_7442.xml,SHOPIFY,FACTURACION,eb8add6cad61963b250621d98d1670777294bc139ec1f3d361b9960970db8454,12828,NO INGESTADO,0,0.0
dteproveedor_7443.xml,SHOPIFY\Documentos Recepcionados\dteproveedor_7443.xml,01_Raw\SHOPIFY\Documentos Recepcionados\dteproveedor_7443.xml,SHOPIFY,FACTURACION,d96a406dabf5567cc3e44e498cec70d37f343aadc9d2739cfe772c88ee3774dc,12833,NO INGESTADO,0,0.0
dteproveedor_5477.xml,SHOPIFY\Facturacion\dteproveedor_5477.xml,01_Raw\SHOPIFY\Facturacion\dteproveedor_5477.xml,SHOPIFY,FACTURACION,bae255689e22fd9830814eb98c25f6f2da2c808eb370b8ae9d39476156003a08,12597,NO INGESTADO,0,0.0
dteproveedor_5478.xml,SHOPIFY\Facturacion\dteproveedor_5478.xml,01_Raw\SHOPIFY\Facturacion\dteproveedor_5478.xml,SHOPIFY,FACTURACION,875b3c66dd8191ebafeda727b9537750b582b200e7ec0fe48fdc02825f64a810,12808,NO INGESTADO,0,0.0
dteproveedor_5479.xml,SHOPIFY\Facturacion\dteproveedor_5479.xml,01_Raw\SHOPIFY\Facturacion\dteproveedor_5479.xml,SHOPIFY,FACTURACION,8284f33b1fb6ee38a35c96de7aba2e1c1524ac2b963080eed881564ce4eec37f,12809,NO INGESTADO,0,0.0
dteproveedor_5480.xml,SHOPIFY\Facturacion\dteproveedor_5480.xml,01_Raw\SHOPIFY\Facturacion\dteproveedor_5480.xml,SHOPIFY,FACTURACION,7f6911bcc3e8d66c4926ce14ebd68b394a0cc18f20427f0dc0fff3767f00445a,12813,NO INGESTADO,0,0.0
dteproveedor_5595.xml,SHOPIFY\Facturacion\dteproveedor_5595.xml,01_Raw\SHOPIFY\Facturacion\dteproveedor_5595.xml,SHOPIFY,FACTURACION,fdc4e62f5db1728c6e6bc91b1fa4fd0f3768ff161186b165648537b615b9200f,12597,NO INGESTADO,0,0.0
dteproveedor_5598.xml,SHOPIFY\Facturacion\dteproveedor_5598.xml,01_Raw\SHOPIFY\Facturacion\dteproveedor_5598.xml,SHOPIFY,FACTURACION,8fa833ace2025bb03fe9637ed0ee7a4f29336acfbcd1316293dc21c35a419d27,12804,NO INGESTADO,0,0.0
dteproveedor_5599.xml,SHOPIFY\Facturacion\dteproveedor_5599.xml,01_Raw\SHOPIFY\Facturacion\dteproveedor_5599.xml,SHOPIFY,FACTURACION,7b17d93dbeba896d65726a07ea383d3210437a8af3f93fedcf8ef9e2d99b88c3,12809,NO INGESTADO,0,0.0
dteproveedor_5600.xml,SHOPIFY\Facturacion\dteproveedor_5600.xml,01_Raw\SHOPIFY\Facturacion\dteproveedor_5600.xml,SHOPIFY,FACTURACION,70b23e8b78ddb4b3d1d9b6d8895ace253e5fce987597254c578b5da49447768a,12804,NO INGESTADO,0,0.0
dteproveedor_5601.xml,SHOPIFY\Facturacion\dteproveedor_5601.xml,01_Raw\SHOPIFY\Facturacion\dteproveedor_5601.xml,SHOPIFY,FACTURACION,4095646a92206c41496175d49ecf96dd4aa540778862fa67c1ef398efb42e8e5,12811,NO INGESTADO,0,0.0
dteproveedor_5602.xml,SHOPIFY\Facturacion\dteproveedor_5602.xml,01_Raw\SHOPIFY\Facturacion\dteproveedor_5602.xml,SHOPIFY,FACTURACION,aa3b419df9b97fc8c1a87b174eb7b1f5efefac22c999f5b64ec140948323226a,12809,NO INGESTADO,0,0.0
dteproveedor_5603.xml,SHOPIFY\Facturacion\dteproveedor_5603.xml,01_Raw\SHOPIFY\Facturacion\dteproveedor_5603.xml,SHOPIFY,FACTURACION,24486ece0152aa85469d3d6c922c63a17d8d0dea9b4430a80bd27a3b7dd16365,12808,NO INGESTADO,0,0.0
dteproveedor_5701.xml,SHOPIFY\Facturacion\dteproveedor_5701.xml,01_Raw\SHOPIFY\Facturacion\dteproveedor_5701.xml,SHOPIFY,FACTURACION,ab04a583a388ec8462faa8ef11e393e20204599c652d06c7dd07b1c6029fc859,12602,NO INGESTADO,0,0.0
dteproveedor_5706.xml,SHOPIFY\Facturacion\dteproveedor_5706.xml,01_Raw\SHOPIFY\Facturacion\dteproveedor_5706.xml,SHOPIFY,FACTURACION,51e1f49c599e91c4f142fec4e4254d11cc673954b287a63c2d574e051c0d05dd,12809,NO INGESTADO,0,0.0
dteproveedor_5707.xml,SHOPIFY\Facturacion\dteproveedor_5707.xml,01_Raw\SHOPIFY\Facturacion\dteproveedor_5707.xml,SHOPIFY,FACTURACION,7ed01c55ac7b671f5761afc3d9a1035ae753693fece02e8c41741644b2e91269,12808,NO INGESTADO,0,0.0
dteproveedor_5818.xml,SHOPIFY\Facturacion\dteproveedor_5818.xml,01_Raw\SHOPIFY\Facturacion\dteproveedor_5818.xml,SHOPIFY,FACTURACION,6babeb7b16c64b0c6f07c58e5272c5c1c33c14563c0a7b2efbc813a0f1b18f0c,12602,NO INGESTADO,0,0.0
dteproveedor_5819.xml,SHOPIFY\Facturacion\dteproveedor_5819.xml,01_Raw\SHOPIFY\Facturacion\dteproveedor_5819.xml,SHOPIFY,FACTURACION,afea4ab6835718197f66b56b5d0165d60e9dc245125c03ca4fc088ffae05c692,12813,NO INGESTADO,0,0.0
dteproveedor_5820.xml,SHOPIFY\Facturacion\dteproveedor_5820.xml,01_Raw\SHOPIFY\Facturacion\dteproveedor_5820.xml,SHOPIFY,FACTURACION,0dbbe9f3310af0c8ee985982aac085fadac3d8e895f4c5bb076eb6e187527346,12808,NO INGESTADO,0,0.0
dteproveedor_5821.xml,SHOPIFY\Facturacion\dteproveedor_5821.xml,01_Raw\SHOPIFY\Facturacion\dteproveedor_5821.xml,SHOPIFY,FACTURACION,f54ff31d32f573b9f8111a625510b5423b796df226b06f558d1e53d3aede1a77,12804,NO INGESTADO,0,0.0
dteproveedor_5924.xml,SHOPIFY\Facturacion\dteproveedor_5924.xml,01_Raw\SHOPIFY\Facturacion\dteproveedor_5924.xml,SHOPIFY,FACTURACION,3a6a8b9355584436d7a5cf60e1dc3c489ac1885e928cb04b03986316768f1c86,12618,NO INGESTADO,0,0.0
dteproveedor_5925.xml,SHOPIFY\Facturacion\dteproveedor_5925.xml,01_Raw\SHOPIFY\Facturacion\dteproveedor_5925.xml,SHOPIFY,FACTURACION,a33dcae97e74430e09cb1cc8d3bd81163f124c2b5abf4d8883229d62a4de49da,12833,NO INGESTADO,0,0.0
dteproveedor_5926.xml,SHOPIFY\Facturacion\dteproveedor_5926.xml,01_Raw\SHOPIFY\Facturacion\dteproveedor_5926.xml,SHOPIFY,FACTURACION,b21752f131e7676a2e4823a5d9c58bf199dbd0db3821d25bef23a1d3b6cf24ce,12829,NO INGESTADO,0,0.0
dteproveedor_6037.xml,SHOPIFY\Facturacion\dteproveedor_6037.xml,01_Raw\SHOPIFY\Facturacion\dteproveedor_6037.xml,SHOPIFY,FACTURACION,97742ef30feec261ebc9c43ed78c3e8c02792faed62e57799a5e0a2b3cb7cc46,12622,NO INGESTADO,0,0.0
dteproveedor_6039.xml,SHOPIFY\Facturacion\dteproveedor_6039.xml,01_Raw\SHOPIFY\Facturacion\dteproveedor_6039.xml,SHOPIFY,FACTURACION,a4005f61ef1355246e4e8ac3755edb43471145f683d7d4ce452fd77e89f2c515,12833,NO INGESTADO,0,0.0
dteproveedor_6040.xml,SHOPIFY\Facturacion\dteproveedor_6040.xml,01_Raw\SHOPIFY\Facturacion\dteproveedor_6040.xml,SHOPIFY,FACTURACION,86907a3b3d1cd06b65881dd3027c9a420fa1e16a1b9fb1050d40a1fd6f9c7cc4,12824,NO INGESTADO,0,0.0
dteproveedor_6152.xml,SHOPIFY\Facturacion\dteproveedor_6152.xml,01_Raw\SHOPIFY\Facturacion\dteproveedor_6152.xml,SHOPIFY,FACTURACION,b9366dda1a0e800331140491e5912343a25707f8136b5da7547ceccabe4b86b0,12618,NO INGESTADO,0,0.0
dteproveedor_6154.xml,SHOPIFY\Facturacion\dteproveedor_6154.xml,01_Raw\SHOPIFY\Facturacion\dteproveedor_6154.xml,SHOPIFY,FACTURACION,ab2f23278aa74759a27ad25bf20abfde79b444b331559e97fdc18cec10113505,12833,NO INGESTADO,0,0.0
dteproveedor_6271.xml,SHOPIFY\Facturacion\dteproveedor_6271.xml,01_Raw\SHOPIFY\Facturacion\dteproveedor_6271.xml,SHOPIFY,FACTURACION,7e17849d7915dfdbee6cdc975deb66d0b67221e0e8671126f09c83b1c820c6c3,12617,NO INGESTADO,0,0.0
dteproveedor_6273.xml,SHOPIFY\Facturacion\dteproveedor_6273.xml,01_Raw\SHOPIFY\Facturacion\dteproveedor_6273.xml,SHOPIFY,FACTURACION,31740dbef78932fb6b09ba3c9d01a9c1b2b86d78c17b980f0073125271e3cc1e,12833,NO INGESTADO,0,0.0
dteproveedor_6274.xml,SHOPIFY\Facturacion\dteproveedor_6274.xml,01_Raw\SHOPIFY\Facturacion\dteproveedor_6274.xml,SHOPIFY,FACTURACION,59979619609605e686510c8763fd4b336c314f728bf3e95870f29c139f2ba09e,12828,NO INGESTADO,0,0.0
dteproveedor_6275.xml,SHOPIFY\Facturacion\dteproveedor_6275.xml,01_Raw\SHOPIFY\Facturacion\dteproveedor_6275.xml,SHOPIFY,FACTURACION,2b570882a401b6afb2993e52aced5241166170b7a187646bcf4372b212172ef0,12824,NO INGESTADO,0,0.0
dteproveedor_6392.xml,SHOPIFY\Facturacion\dteproveedor_6392.xml,01_Raw\SHOPIFY\Facturacion\dteproveedor_6392.xml,SHOPIFY,FACTURACION,3ad05a329175f4d45f7efbf9f298d5220daf544535e3c460b81a429d26290494,12617,NO INGESTADO,0,0.0
dteproveedor_6506.xml,SHOPIFY\Facturacion\dteproveedor_6506.xml,01_Raw\SHOPIFY\Facturacion\dteproveedor_6506.xml,SHOPIFY,FACTURACION,d192f668b3fca5babfbb51de97a9c246768cb3c200359e9469bb3f0e79a263a9,12622,NO INGESTADO,0,0.0
dteproveedor_6507.xml,SHOPIFY\Facturacion\dteproveedor_6507.xml,01_Raw\SHOPIFY\Facturacion\dteproveedor_6507.xml,SHOPIFY,FACTURACION,ae18ed2495bdc890f60435f3e7fd77aad1ead754719d765efc9aac3fc255c07b,12829,NO INGESTADO,0,0.0
dteproveedor_6508.xml,SHOPIFY\Facturacion\dteproveedor_6508.xml,01_Raw\SHOPIFY\Facturacion\dteproveedor_6508.xml,SHOPIFY,FACTURACION,86b40d0017570a3d8dd3a5ebe4c6a8c7c1011fa676daf37362478198175c75dd,12833,NO INGESTADO,0,0.0
dteproveedor_6614.xml,SHOPIFY\Facturacion\dteproveedor_6614.xml,01_Raw\SHOPIFY\Facturacion\dteproveedor_6614.xml,SHOPIFY,FACTURACION,56f807652c9ee1d264b58db523e633a6d20d6e4f975b07897054fb422de42b6d,12618,NO INGESTADO,0,0.0
dteproveedor_6619.xml,SHOPIFY\Facturacion\dteproveedor_6619.xml,01_Raw\SHOPIFY\Facturacion\dteproveedor_6619.xml,SHOPIFY,FACTURACION,91db190f13fbc038d33396309c5c2b68c614c16874c529c887696609fd71d0a6,12828,NO INGESTADO,0,0.0
dteproveedor_6620.xml,SHOPIFY\Facturacion\dteproveedor_6620.xml,01_Raw\SHOPIFY\Facturacion\dteproveedor_6620.xml,SHOPIFY,FACTURACION,c391204f1e7902207bbcd3cde35adfcb645538e6f622ba25f4b8f7a04f44c1cd,12833,NO INGESTADO,0,0.0
dteproveedor_6763.xml,SHOPIFY\Facturacion\dteproveedor_6763.xml,01_Raw\SHOPIFY\Facturacion\dteproveedor_6763.xml,SHOPIFY,FACTURACION,58d8788c714ef4cf9a0b0d7335c356b220471e97e20db8b4478dc20aadc63084,12618,NO INGESTADO,0,0.0
dteproveedor_6764.xml,SHOPIFY\Facturacion\dteproveedor_6764.xml,01_Raw\SHOPIFY\Facturacion\dteproveedor_6764.xml,SHOPIFY,FACTURACION,5504915f03df3d4fd7fa71a56a94b56910c7d95497dc8267b4f2ff56eb1c2c15,12833,NO INGESTADO,0,0.0
dteproveedor_6765.xml,SHOPIFY\Facturacion\dteproveedor_6765.xml,01_Raw\SHOPIFY\Facturacion\dteproveedor_6765.xml,SHOPIFY,FACTURACION,8715af26850658973741a3a7ecadd433f03f022983e3e83d7ec971ac44d76d0c,12828,NO INGESTADO,0,0.0
dteproveedor_6771.xml,SHOPIFY\Facturacion\dteproveedor_6771.xml,01_Raw\SHOPIFY\Facturacion\dteproveedor_6771.xml,SHOPIFY,FACTURACION,56c2efd771df4ff2bc14ade748be8d89cb190d76adb171ae028830c040b7e329,12765,NO INGESTADO,0,0.0
dteproveedor_6837.xml,SHOPIFY\Facturacion\dteproveedor_6837.xml,01_Raw\SHOPIFY\Facturacion\dteproveedor_6837.xml,SHOPIFY,FACTURACION,9ccafbc91b3beac03a91908a741ec0f2d0062ac25a8ccfa146f8e3160ea5b8f6,12719,NO INGESTADO,0,0.0
dteproveedor_6838.xml,SHOPIFY\Facturacion\dteproveedor_6838.xml,01_Raw\SHOPIFY\Facturacion\dteproveedor_6838.xml,SHOPIFY,FACTURACION,7d20deb55586e0bd89e05c388c3c7cca76f8ab3216e4fd065c019330ad40f48b,12901,NO INGESTADO,0,0.0
dteproveedor_6839.xml,SHOPIFY\Facturacion\dteproveedor_6839.xml,01_Raw\SHOPIFY\Facturacion\dteproveedor_6839.xml,SHOPIFY,FACTURACION,ea326c56ca66244bde5994406ac8348f1f7a28aa5ed725ddfcdfd59ec42b4b04,12934,NO INGESTADO,0,0.0
dteproveedor_6840.xml,SHOPIFY\Facturacion\dteproveedor_6840.xml,01_Raw\SHOPIFY\Facturacion\dteproveedor_6840.xml,SHOPIFY,FACTURACION,fe2793927d842df3e2deaa224a380311610ba7c5455e3f4bf74effffabd80466,12926,NO INGESTADO,0,0.0
dteproveedor_6841.xml,SHOPIFY\Facturacion\dteproveedor_6841.xml,01_Raw\SHOPIFY\Facturacion\dteproveedor_6841.xml,SHOPIFY,FACTURACION,46446fc3986c4157d5484961cce146c07457086597f5fddf9289d664417afaa4,13065,NO INGESTADO,0,0.0
dteproveedor_6842.xml,SHOPIFY\Facturacion\dteproveedor_6842.xml,01_Raw\SHOPIFY\Facturacion\dteproveedor_6842.xml,SHOPIFY,FACTURACION,d907762b24bcb40c71b88ab331053eabd6ab8d083ead0d60d92efb0dcac85319,12892,NO INGESTADO,0,0.0
dteproveedor_6871.xml,SHOPIFY\Facturacion\dteproveedor_6871.xml,01_Raw\SHOPIFY\Facturacion\dteproveedor_6871.xml,SHOPIFY,FACTURACION,13fe9f3902c88c9718f4f4b454b62ff53c5e9d75c515f6c58cf94621dfc22e39,13057,NO INGESTADO,0,0.0
dteproveedor_6887.xml,SHOPIFY\Facturacion\dteproveedor_6887.xml,01_Raw\SHOPIFY\Facturacion\dteproveedor_6887.xml,SHOPIFY,FACTURACION,74eca0c1c78a151b86a1aca2243702b05556db8055ac5e028d2ef887bfaf25b3,13052,NO INGESTADO,0,0.0
dteproveedor_6917.xml,SHOPIFY\Facturacion\dteproveedor_6917.xml,01_Raw\SHOPIFY\Facturacion\dteproveedor_6917.xml,SHOPIFY,FACTURACION,65f1657b7ab004b71137470b8f1021fbd4100e731b25062716144f1fa1f5fee3,13053,NO INGESTADO,0,0.0
dteproveedor_6921.xml,SHOPIFY\Facturacion\dteproveedor_6921.xml,01_Raw\SHOPIFY\Facturacion\dteproveedor_6921.xml,SHOPIFY,FACTURACION,72af37429dc8346bf32e9b7f7ae98363a40e245ace6961948c42c6c6fd1014b3,12617,NO INGESTADO,0,0.0
dteproveedor_6922.xml,SHOPIFY\Facturacion\dteproveedor_6922.xml,01_Raw\SHOPIFY\Facturacion\dteproveedor_6922.xml,SHOPIFY,FACTURACION,c7392812540fb697577865046f28238bef8462ae5162d6735e237b2c7d907048,12833,NO INGESTADO,0,0.0
dteproveedor_6923.xml,SHOPIFY\Facturacion\dteproveedor_6923.xml,01_Raw\SHOPIFY\Facturacion\dteproveedor_6923.xml,SHOPIFY,FACTURACION,5a9bb483f32abdef3825db6bf04a7a5b546dbbe1a31a944f547daafb5c9516e6,12458,NO INGESTADO,0,0.0
dteproveedor_6966.xml,SHOPIFY\Facturacion\dteproveedor_6966.xml,01_Raw\SHOPIFY\Facturacion\dteproveedor_6966.xml,SHOPIFY,FACTURACION,738854430c1854d72d70612c69a9e2b1337bc240e16399027d9ccf74ddba5d9c,13056,NO INGESTADO,0,0.0
dteproveedor_6974.xml,SHOPIFY\Facturacion\dteproveedor_6974.xml,01_Raw\SHOPIFY\Facturacion\dteproveedor_6974.xml,SHOPIFY,FACTURACION,d6520706a6814923dcd1b6c04d444a39dbb2bcfd5d71b25467b15312bdc60a2e,12715,NO INGESTADO,0,0.0
dteproveedor_6980.xml,SHOPIFY\Facturacion\dteproveedor_6980.xml,01_Raw\SHOPIFY\Facturacion\dteproveedor_6980.xml,SHOPIFY,FACTURACION,a10b0f41570cd96d6bfce44dbdd8d707dcfdaa2cb886f8461ab386a30090666d,12931,NO INGESTADO,0,0.0
dteproveedor_6981.xml,SHOPIFY\Facturacion\dteproveedor_6981.xml,01_Raw\SHOPIFY\Facturacion\dteproveedor_6981.xml,SHOPIFY,FACTURACION,a009bf51f7f1ad627cca0bfa513d908824d0cdffcd87be8bc01e1fc7e4ded006,12926,NO INGESTADO,0,0.0
dteproveedor_6982.xml,SHOPIFY\Facturacion\dteproveedor_6982.xml,01_Raw\SHOPIFY\Facturacion\dteproveedor_6982.xml,SHOPIFY,FACTURACION,991cbdef83d7541570c3f76872511f08adf5dd47d77b8086d008525019ab04fb,12901,NO INGESTADO,0,0.0
dteproveedor_6983.xml,SHOPIFY\Facturacion\dteproveedor_6983.xml,01_Raw\SHOPIFY\Facturacion\dteproveedor_6983.xml,SHOPIFY,FACTURACION,2072edaaa99332007923a221d5d3b12cf343808e522dcc6b165937457536ba64,12892,NO INGESTADO,0,0.0
dteproveedor_6992.xml,SHOPIFY\Facturacion\dteproveedor_6992.xml,01_Raw\SHOPIFY\Facturacion\dteproveedor_6992.xml,SHOPIFY,FACTURACION,385e4bde895d9fba704e89f7174da28c33b199b980b80e2507d4402c862188a1,13055,NO INGESTADO,0,0.0
dteproveedor_7015.xml,SHOPIFY\Facturacion\dteproveedor_7015.xml,01_Raw\SHOPIFY\Facturacion\dteproveedor_7015.xml,SHOPIFY,FACTURACION,31f8479a2cbc125f048dafdc50e576d137ccd84680cb3602322223163a864004,13054,NO INGESTADO,0,0.0
dteproveedor_7042.xml,SHOPIFY\Facturacion\dteproveedor_7042.xml,01_Raw\SHOPIFY\Facturacion\dteproveedor_7042.xml,SHOPIFY,FACTURACION,95a6857d57772c8a2945c017916d1dc7c23837c3e5121e15bb77d3c17702adc9,13055,NO INGESTADO,0,0.0
dteproveedor_7046.xml,SHOPIFY\Facturacion\dteproveedor_7046.xml,01_Raw\SHOPIFY\Facturacion\dteproveedor_7046.xml,SHOPIFY,FACTURACION,77bc26c343e91b133c270a3db55f91cf4ef5ff4c21f5786ba79a91c877f97b88,12617,NO INGESTADO,0,0.0
dteproveedor_7047.xml,SHOPIFY\Facturacion\dteproveedor_7047.xml,01_Raw\SHOPIFY\Facturacion\dteproveedor_7047.xml,SHOPIFY,FACTURACION,4f410cfb0c08d58e0250d5d7bae2b4eb432b8d8454a121fa1a70909dbfab8234,12458,NO INGESTADO,0,0.0
dteproveedor_7048.xml,SHOPIFY\Facturacion\dteproveedor_7048.xml,01_Raw\SHOPIFY\Facturacion\dteproveedor_7048.xml,SHOPIFY,FACTURACION,db6f1642aebd4c8dad79218c5aa97a3fe7e6394bae604ae25aafb9c463638a1c,12828,NO INGESTADO,0,0.0
dteproveedor_7078.xml,SHOPIFY\Facturacion\dteproveedor_7078.xml,01_Raw\SHOPIFY\Facturacion\dteproveedor_7078.xml,SHOPIFY,FACTURACION,5c357639b0c7398f54c5ad75a3725b7cc212c1c35b12c108b737b80bf7aaf1c3,12764,NO INGESTADO,0,0.0
dteproveedor_7086.xml,SHOPIFY\Facturacion\dteproveedor_7086.xml,01_Raw\SHOPIFY\Facturacion\dteproveedor_7086.xml,SHOPIFY,FACTURACION,3a62209067f97c834a5974ee95d946ae355803f5fe9c094bb440b2c10c627632,12715,NO INGESTADO,0,0.0
dteproveedor_7089.xml,SHOPIFY\Facturacion\dteproveedor_7089.xml,01_Raw\SHOPIFY\Facturacion\dteproveedor_7089.xml,SHOPIFY,FACTURACION,45d8ec0857c7eb207dffff11390ae2fe31478640deaa457fd3b11af9b89a7ae0,12901,NO INGESTADO,0,0.0
dteproveedor_7090.xml,SHOPIFY\Facturacion\dteproveedor_7090.xml,01_Raw\SHOPIFY\Facturacion\dteproveedor_7090.xml,SHOPIFY,FACTURACION,508dfa0fdffb94da576f30d3843830c39625bb1763af42c1450687bba632e3e4,12931,NO INGESTADO,0,0.0
dteproveedor_7091.xml,SHOPIFY\Facturacion\dteproveedor_7091.xml,01_Raw\SHOPIFY\Facturacion\dteproveedor_7091.xml,SHOPIFY,FACTURACION,f9795e6f4086490bff17c2fe6d59a75516fd1674cf7f8422f4ad1c64d8743cce,12921,NO INGESTADO,0,0.0
dteproveedor_7093.xml,SHOPIFY\Facturacion\dteproveedor_7093.xml,01_Raw\SHOPIFY\Facturacion\dteproveedor_7093.xml,SHOPIFY,FACTURACION,76da8ce20ec94072d4aadca46bbe2dd91502e63369bdbb63509a7f5dae6f3251,12892,NO INGESTADO,0,0.0
dteproveedor_7109.xml,SHOPIFY\Facturacion\dteproveedor_7109.xml,01_Raw\SHOPIFY\Facturacion\dteproveedor_7109.xml,SHOPIFY,FACTURACION,1c04f25e9d9a5ad2399537d7ed6bd23f4d9d9d26d55355d8ad3797c792063c7b,12760,NO INGESTADO,0,0.0
dteproveedor_7128.xml,SHOPIFY\Facturacion\dteproveedor_7128.xml,01_Raw\SHOPIFY\Facturacion\dteproveedor_7128.xml,SHOPIFY,FACTURACION,9703fbc80a40addce30361d178f1e98ab73aa1c8d9d01233fe0661ba92d9b327,13056,NO INGESTADO,0,0.0
dteproveedor_7136.xml,SHOPIFY\Facturacion\dteproveedor_7136.xml,01_Raw\SHOPIFY\Facturacion\dteproveedor_7136.xml,SHOPIFY,FACTURACION,c51b6a285917e99c8b9b83fa9c2e4e546e0a70ddb1ef5beee06006eacd034624,14240,NO INGESTADO,0,0.0
dteproveedor_7143.xml,SHOPIFY\Facturacion\dteproveedor_7143.xml,01_Raw\SHOPIFY\Facturacion\dteproveedor_7143.xml,SHOPIFY,FACTURACION,dd56d5ed6680618d185846aaef50f6b127741281467e7a91462b24d90135a0e4,13564,NO INGESTADO,0,0.0
dteproveedor_7155.xml,SHOPIFY\Facturacion\dteproveedor_7155.xml,01_Raw\SHOPIFY\Facturacion\dteproveedor_7155.xml,SHOPIFY,FACTURACION,cbbf2fef0339390f5725708d81d4acdc445a4939bb821ea9a253721fadfadb5c,13057,NO INGESTADO,0,0.0
dteproveedor_7157.xml,SHOPIFY\Facturacion\dteproveedor_7157.xml,01_Raw\SHOPIFY\Facturacion\dteproveedor_7157.xml,SHOPIFY,FACTURACION,f54aa335cc9cfdf004f55de19e868ea3c8c3a874959142026a542b5e8c31810d,12944,NO INGESTADO,0,0.0
dteproveedor_7168.xml,SHOPIFY\Facturacion\dteproveedor_7168.xml,01_Raw\SHOPIFY\Facturacion\dteproveedor_7168.xml,SHOPIFY,FACTURACION,94e4e5c0476649390543a44205c2d02319a968df716c854f1d7d55ebdab2998e,13052,NO INGESTADO,0,0.0
dteproveedor_7169.xml,SHOPIFY\Facturacion\dteproveedor_7169.xml,01_Raw\SHOPIFY\Facturacion\dteproveedor_7169.xml,SHOPIFY,FACTURACION,6ed46e65aa6517b35d1578d09a7e084abadc8e78970d5ceb5029896f5e118798,12617,NO INGESTADO,0,0.0
dteproveedor_7177.xml,SHOPIFY\Facturacion\dteproveedor_7177.xml,01_Raw\SHOPIFY\Facturacion\dteproveedor_7177.xml,SHOPIFY,FACTURACION,7f679bbadbf15640a5a5e1b2bece5079dca6d5c4eea98f43fdcf692bc06579ed,12831,NO INGESTADO,0,0.0
dteproveedor_7186.xml,SHOPIFY\Facturacion\dteproveedor_7186.xml,01_Raw\SHOPIFY\Facturacion\dteproveedor_7186.xml,SHOPIFY,FACTURACION,91dbc7799177e58acfc22cb673ca9605370adfa4a179bb99611aa2ca221af41d,13056,NO INGESTADO,0,0.0
dteproveedor_7206.xml,SHOPIFY\Facturacion\dteproveedor_7206.xml,01_Raw\SHOPIFY\Facturacion\dteproveedor_7206.xml,SHOPIFY,FACTURACION,f70511fce33fde3578fab764e79085ff43521d71d36357ccd3262dd4be07ebf5,12698,NO INGESTADO,0,0.0
dteproveedor_7207.xml,SHOPIFY\Facturacion\dteproveedor_7207.xml,01_Raw\SHOPIFY\Facturacion\dteproveedor_7207.xml,SHOPIFY,FACTURACION,99fad679c34870ace28f69e0f8b0082bc32d4a020747d3a7e9e17ea16557dc68,12907,NO INGESTADO,0,0.0
dteproveedor_7208.xml,SHOPIFY\Facturacion\dteproveedor_7208.xml,01_Raw\SHOPIFY\Facturacion\dteproveedor_7208.xml,SHOPIFY,FACTURACION,2a1f0774d2a723adb954203e8a056d1f9fec12eb20ff2c0f3c6053a01fb0cea9,12937,NO INGESTADO,0,0.0
dteproveedor_7209.xml,SHOPIFY\Facturacion\dteproveedor_7209.xml,01_Raw\SHOPIFY\Facturacion\dteproveedor_7209.xml,SHOPIFY,FACTURACION,d7ce4c12eea52d63702d607132d5ee8c18138222086ed0458520b27587666bf4,12893,NO INGESTADO,0,0.0
dteproveedor_7210.xml,SHOPIFY\Facturacion\dteproveedor_7210.xml,01_Raw\SHOPIFY\Facturacion\dteproveedor_7210.xml,SHOPIFY,FACTURACION,25276011e7d7691d8ea2734bbcdcbc301c06c79944f9cee6945e097bcdbad00d,12762,NO INGESTADO,0,0.0
dteproveedor_7256.xml,SHOPIFY\Facturacion\dteproveedor_7256.xml,01_Raw\SHOPIFY\Facturacion\dteproveedor_7256.xml,SHOPIFY,FACTURACION,05297199e64947d450fb1ba9c89864e65df57c0d515019f64d16b96791ff9cf8,13055,NO INGESTADO,0,0.0
dteproveedor_7265.xml,SHOPIFY\Facturacion\dteproveedor_7265.xml,01_Raw\SHOPIFY\Facturacion\dteproveedor_7265.xml,SHOPIFY,FACTURACION,5f9510bdbd633418ceec182d2041f6e86d6d378ab60ed028303a529898ded3e5,14523,NO INGESTADO,0,0.0
dteproveedor_7276.xml,SHOPIFY\Facturacion\dteproveedor_7276.xml,01_Raw\SHOPIFY\Facturacion\dteproveedor_7276.xml,SHOPIFY,FACTURACION,1142009ad688de3e49ce2ed55ea7cc90f3e2717c7acb8cb1ec294002e3c89f8b,14048,NO INGESTADO,0,0.0
dteproveedor_7281.xml,SHOPIFY\Facturacion\dteproveedor_7281.xml,01_Raw\SHOPIFY\Facturacion\dteproveedor_7281.xml,SHOPIFY,FACTURACION,842cf674ad0d5395a7eb9f293b8a147410df6e54c257c3c10bd0a71040b3b7ff,13058,NO INGESTADO,0,0.0
dteproveedor_7309.xml,SHOPIFY\Facturacion\dteproveedor_7309.xml,01_Raw\SHOPIFY\Facturacion\dteproveedor_7309.xml,SHOPIFY,FACTURACION,00ba379aae878e8b5933c3d492f5b72f74ca53bb60a11ae18fb3b02aae4b2a6a,12765,NO INGESTADO,0,0.0
dteproveedor_7312.xml,SHOPIFY\Facturacion\dteproveedor_7312.xml,01_Raw\SHOPIFY\Facturacion\dteproveedor_7312.xml,SHOPIFY,FACTURACION,6c90d58b4a9c84ab5276c76024e0e68fb44240833a17fe3251d547e3e7c9ae7d,12617,NO INGESTADO,0,0.0
dteproveedor_7314.xml,SHOPIFY\Facturacion\dteproveedor_7314.xml,01_Raw\SHOPIFY\Facturacion\dteproveedor_7314.xml,SHOPIFY,FACTURACION,04b73dc4f58416d2b3f63da9dbd7800fc4cf4ac1a784557e079fef613dc08d23,12828,NO INGESTADO,0,0.0
dteproveedor_7315.xml,SHOPIFY\Facturacion\dteproveedor_7315.xml,01_Raw\SHOPIFY\Facturacion\dteproveedor_7315.xml,SHOPIFY,FACTURACION,e42878bf3161a7f80cd27ae3ff0a5004ec7ea0d32357c67a571df0db9e6be70e,12833,NO INGESTADO,0,0.0
dteproveedor_7317.xml,SHOPIFY\Facturacion\dteproveedor_7317.xml,01_Raw\SHOPIFY\Facturacion\dteproveedor_7317.xml,SHOPIFY,FACTURACION,784a08d605ebf40aeae92ef81608ddbadc9284411dd34cd5fe3cd6371d84fe80,12461,NO INGESTADO,0,0.0
dteproveedor_7330.xml,SHOPIFY\Facturacion\dteproveedor_7330.xml,01_Raw\SHOPIFY\Facturacion\dteproveedor_7330.xml,SHOPIFY,FACTURACION,9d35480dd1cf479e9806943061e08489389b4213577fdf665fe3ac35fab2d65c,12935,NO INGESTADO,0,0.0
dteproveedor_7348.xml,SHOPIFY\Facturacion\dteproveedor_7348.xml,01_Raw\SHOPIFY\Facturacion\dteproveedor_7348.xml,SHOPIFY,FACTURACION,d5cf250cb7134e99afb3b516e8029139bbc9e158bc49de5c028a618c03f302db,13061,NO INGESTADO,0,0.0
dteproveedor_7349.xml,SHOPIFY\Facturacion\dteproveedor_7349.xml,01_Raw\SHOPIFY\Facturacion\dteproveedor_7349.xml,SHOPIFY,FACTURACION,0919adf8ac749236931d7ce90f59f5a11a08c71d57bf84b7c740d1a902b33599,12698,NO INGESTADO,0,0.0
dteproveedor_7353.xml,SHOPIFY\Facturacion\dteproveedor_7353.xml,01_Raw\SHOPIFY\Facturacion\dteproveedor_7353.xml,SHOPIFY,FACTURACION,cad262bfba5bfd5aac5eedd73d9248f969b247734952c9aa78913cf94ca6b31e,12937,NO INGESTADO,0,0.0
dteproveedor_7355.xml,SHOPIFY\Facturacion\dteproveedor_7355.xml,01_Raw\SHOPIFY\Facturacion\dteproveedor_7355.xml,SHOPIFY,FACTURACION,9140feb76baf844f80d2ef3214d74645a2c55d58ac81cdb910f1ff6329f621e5,12932,NO INGESTADO,0,0.0
dteproveedor_7356.xml,SHOPIFY\Facturacion\dteproveedor_7356.xml,01_Raw\SHOPIFY\Facturacion\dteproveedor_7356.xml,SHOPIFY,FACTURACION,4dba15c29cde3de96e04806a628531058669b925325d1e8377290709522495c7,12907,NO INGESTADO,0,0.0
dteproveedor_7361.xml,SHOPIFY\Facturacion\dteproveedor_7361.xml,01_Raw\SHOPIFY\Facturacion\dteproveedor_7361.xml,SHOPIFY,FACTURACION,e886cc323386192b741d5dc544d3de4142f502baccb0d011e00e337d2c62904b,12889,NO INGESTADO,0,0.0
dteproveedor_7381.xml,SHOPIFY\Facturacion\dteproveedor_7381.xml,01_Raw\SHOPIFY\Facturacion\dteproveedor_7381.xml,SHOPIFY,FACTURACION,b0436f73f4ad7c7a3542083dba45e1b2c9cf94e1eb57718e813266b3281ff00d,13058,NO INGESTADO,0,0.0
dteproveedor_7402.xml,SHOPIFY\Facturacion\dteproveedor_7402.xml,01_Raw\SHOPIFY\Facturacion\dteproveedor_7402.xml,SHOPIFY,FACTURACION,a72a8fd85b2045227869ee1839b5efb30e844bdff76f7e769f55043dac556037,14777,NO INGESTADO,0,0.0
dteproveedor_7403.xml,SHOPIFY\Facturacion\dteproveedor_7403.xml,01_Raw\SHOPIFY\Facturacion\dteproveedor_7403.xml,SHOPIFY,FACTURACION,178e1ef357279eaccf48f35155556b7239813889d74638f23f2a8cc22d62f460,13068,NO INGESTADO,0,0.0
dteproveedor_7404.xml,SHOPIFY\Facturacion\dteproveedor_7404.xml,01_Raw\SHOPIFY\Facturacion\dteproveedor_7404.xml,SHOPIFY,FACTURACION,f40a39b14acec91295d624870fbb74c6ae8126cfc2e4a7611a2e3f3dcb0631be,14064,NO INGESTADO,0,0.0
dteproveedor_7434.xml,SHOPIFY\Facturacion\dteproveedor_7434.xml,01_Raw\SHOPIFY\Facturacion\dteproveedor_7434.xml,SHOPIFY,FACTURACION,d16153986b3769d594f3522f1169ef3ff4454c193677c1132eba8115e7591c3c,13062,NO INGESTADO,0,0.0
dteproveedor_7435.xml,SHOPIFY\Facturacion\dteproveedor_7435.xml,01_Raw\SHOPIFY\Facturacion\dteproveedor_7435.xml,SHOPIFY,FACTURACION,160bcf52e8d9ca4d80aba50777f8ff6aa6c15ab047c60dc8c9b5e948edccae2b,12617,NO INGESTADO,0,0.0
dteproveedor_7442.xml,SHOPIFY\Facturacion\dteproveedor_7442.xml,01_Raw\SHOPIFY\Facturacion\dteproveedor_7442.xml,SHOPIFY,FACTURACION,eb8add6cad61963b250621d98d1670777294bc139ec1f3d361b9960970db8454,12828,NO INGESTADO,0,0.0
dteproveedor_7443.xml,SHOPIFY\Facturacion\dteproveedor_7443.xml,01_Raw\SHOPIFY\Facturacion\dteproveedor_7443.xml,SHOPIFY,FACTURACION,d96a406dabf5567cc3e44e498cec70d37f343aadc9d2739cfe772c88ee3774dc,12833,NO INGESTADO,0,0.0
Reporte_Facturacion_MercadoPago_Abr2025.xlsx,SHOPIFY\Mercado Pago\Reporte_Facturacion_MercadoPago_Abr2025.xlsx,01_Raw\SHOPIFY\Mercado Pago\Reporte_Facturacion_MercadoPago_Abr2025.xlsx,SHOPIFY,FACTURACION,b9cd10957f7837e5429b7d3299b7a1fe8162b2046a8da2ddcba6bc173e79282b,96351,NO INGESTADO,0,0.0
Reporte_Facturacion_MercadoPago_Abr2026.xlsx,SHOPIFY\Mercado Pago\Reporte_Facturacion_MercadoPago_Abr2026.xlsx,01_Raw\SHOPIFY\Mercado Pago\Reporte_Facturacion_MercadoPago_Abr2026.xlsx,SHOPIFY,FACTURACION,b86c4b43fc89a951e72c79be6f1dc63973d9ffb2f9c5827404fbc34b1ba30500,52935,NO INGESTADO,0,0.0
Reporte_Facturacion_MercadoPago_Ago2025.xlsx,SHOPIFY\Mercado Pago\Reporte_Facturacion_MercadoPago_Ago2025.xlsx,01_Raw\SHOPIFY\Mercado Pago\Reporte_Facturacion_MercadoPago_Ago2025.xlsx,SHOPIFY,FACTURACION,bb1e50f22047d02e55cd598fda065cbc513660d9e2a85e136d0726313c8b798e,52534,NO INGESTADO,0,0.0
Reporte_Facturacion_MercadoPago_Dic2025.xlsx,SHOPIFY\Mercado Pago\Reporte_Facturacion_MercadoPago_Dic2025.xlsx,01_Raw\SHOPIFY\Mercado Pago\Reporte_Facturacion_MercadoPago_Dic2025.xlsx,SHOPIFY,FACTURACION,454e094d13709f067e22283a7cfa77f91d67734bca42f933f6c1454a7cf59d2c,95878,NO INGESTADO,0,0.0
Reporte_Facturacion_MercadoPago_Ene2025.xlsx,SHOPIFY\Mercado Pago\Reporte_Facturacion_MercadoPago_Ene2025.xlsx,01_Raw\SHOPIFY\Mercado Pago\Reporte_Facturacion_MercadoPago_Ene2025.xlsx,SHOPIFY,FACTURACION,41477327dc617e4507c2ca4964575d5e314e6f3aa9b3ffad44eed9a67ec05394,65944,NO INGESTADO,0,0.0
Reporte_Facturacion_MercadoPago_Ene2026.xlsx,SHOPIFY\Mercado Pago\Reporte_Facturacion_MercadoPago_Ene2026.xlsx,01_Raw\SHOPIFY\Mercado Pago\Reporte_Facturacion_MercadoPago_Ene2026.xlsx,SHOPIFY,FACTURACION,e2037e026eb2c1cc5d083030cf3f0b34a3a25fc66b7d16f73efcf75018f1ad34,42561,NO INGESTADO,0,0.0
Reporte_Facturacion_MercadoPago_Feb2025.xlsx,SHOPIFY\Mercado Pago\Reporte_Facturacion_MercadoPago_Feb2025.xlsx,01_Raw\SHOPIFY\Mercado Pago\Reporte_Facturacion_MercadoPago_Feb2025.xlsx,SHOPIFY,FACTURACION,008cb8dc75b82e47dce9e6db63515ebcfef69f325bb32f3719038ce1bd2f5bdf,50886,NO INGESTADO,0,0.0
Reporte_Facturacion_MercadoPago_Feb2026.xlsx,SHOPIFY\Mercado Pago\Reporte_Facturacion_MercadoPago_Feb2026.xlsx,01_Raw\SHOPIFY\Mercado Pago\Reporte_Facturacion_MercadoPago_Feb2026.xlsx,SHOPIFY,FACTURACION,062f3cbd7156bea6d7ab3b0fe1c95ccda1d2dc9d1a610aadbfd215b5262d59ce,43453,NO INGESTADO,0,0.0
Reporte_Facturacion_MercadoPago_Jul2025.xlsx,SHOPIFY\Mercado Pago\Reporte_Facturacion_MercadoPago_Jul2025.xlsx,01_Raw\SHOPIFY\Mercado Pago\Reporte_Facturacion_MercadoPago_Jul2025.xlsx,SHOPIFY,FACTURACION,b247ee57acb4d8b840467ae2c926bf3624b62645e8ca8aec08298f7ecc486970,74326,NO INGESTADO,0,0.0
Reporte_Facturacion_MercadoPago_Jun2025.xlsx,SHOPIFY\Mercado Pago\Reporte_Facturacion_MercadoPago_Jun2025.xlsx,01_Raw\SHOPIFY\Mercado Pago\Reporte_Facturacion_MercadoPago_Jun2025.xlsx,SHOPIFY,FACTURACION,80719a989a232442acee3c4a5e2856bf111a45d2577d7d675c6214f2f53b5223,128525,NO INGESTADO,0,0.0
Reporte_Facturacion_MercadoPago_Jun2026.xlsx,SHOPIFY\Mercado Pago\Reporte_Facturacion_MercadoPago_Jun2026.xlsx,01_Raw\SHOPIFY\Mercado Pago\Reporte_Facturacion_MercadoPago_Jun2026.xlsx,SHOPIFY,FACTURACION,02d21c4880a5640415ca3b26a020da4a8423474d655141e03c045090a45ae5b1,45741,NO INGESTADO,0,0.0
Reporte_Facturacion_MercadoPago_Mar2025.xlsx,SHOPIFY\Mercado Pago\Reporte_Facturacion_MercadoPago_Mar2025.xlsx,01_Raw\SHOPIFY\Mercado Pago\Reporte_Facturacion_MercadoPago_Mar2025.xlsx,SHOPIFY,FACTURACION,1db0a13f96e8537994a106198709fb5b611235bd7532ca6cf1d8526ec9b52881,98344,NO INGESTADO,0,0.0
Reporte_Facturacion_MercadoPago_Mar2026.xlsx,SHOPIFY\Mercado Pago\Reporte_Facturacion_MercadoPago_Mar2026.xlsx,01_Raw\SHOPIFY\Mercado Pago\Reporte_Facturacion_MercadoPago_Mar2026.xlsx,SHOPIFY,FACTURACION,6f7871b1a6152182ca8e479929acd151dbe455e4a8ce2ae984bca14fe6a18a3a,56425,NO INGESTADO,0,0.0
Reporte_Facturacion_MercadoPago_May2025.xlsx,SHOPIFY\Mercado Pago\Reporte_Facturacion_MercadoPago_May2025.xlsx,01_Raw\SHOPIFY\Mercado Pago\Reporte_Facturacion_MercadoPago_May2025.xlsx,SHOPIFY,FACTURACION,03fc72ab8b19b17ad3b6be8244d8a1f9bc2bdcfc9b0a93990f76af4d91748d6c,78251,NO INGESTADO,0,0.0
Reporte_Facturacion_MercadoPago_May2026.xlsx,SHOPIFY\Mercado Pago\Reporte_Facturacion_MercadoPago_May2026.xlsx,01_Raw\SHOPIFY\Mercado Pago\Reporte_Facturacion_MercadoPago_May2026.xlsx,SHOPIFY,FACTURACION,fac0fddfcc008ffc9e110ff4f0a04ad45e9535dfe98d7c3de400f9748fe3a769,47319,NO INGESTADO,0,0.0
Reporte_Facturacion_MercadoPago_Nov2025.xlsx,SHOPIFY\Mercado Pago\Reporte_Facturacion_MercadoPago_Nov2025.xlsx,01_Raw\SHOPIFY\Mercado Pago\Reporte_Facturacion_MercadoPago_Nov2025.xlsx,SHOPIFY,FACTURACION,d4f66ed1e933a331f213c1f63c69ccc6ad73d82e6636569f8b4d9ed98b6d0c87,97838,NO INGESTADO,0,0.0
Reporte_Facturacion_MercadoPago_Oct2025.xlsx,SHOPIFY\Mercado Pago\Reporte_Facturacion_MercadoPago_Oct2025.xlsx,01_Raw\SHOPIFY\Mercado Pago\Reporte_Facturacion_MercadoPago_Oct2025.xlsx,SHOPIFY,FACTURACION,1c4ef86e5591c41acb0847940785a644685a58de295afa05ffae24020282d9b2,133142,NO INGESTADO,0,0.0
Reporte_Facturacion_MercadoPago_Sept2025.xlsx,SHOPIFY\Mercado Pago\Reporte_Facturacion_MercadoPago_Sept2025.xlsx,01_Raw\SHOPIFY\Mercado Pago\Reporte_Facturacion_MercadoPago_Sept2025.xlsx,SHOPIFY,FACTURACION,06e53c607cc88cf2b14e381ca321b113406382ca0ff6c27e61b6920b5fd13bea,49635,NO INGESTADO,0,0.0
orders -  2025-01-01 - 2026-06-24.csv,SHOPIFY\Pedidos (SF)\orders -  2025-01-01 - 2026-06-24.csv,01_Raw\SHOPIFY\Pedidos (SF)\orders -  2025-01-01 - 2026-06-24.csv,SHOPIFY,GENERAL,9cf16e4c6ef2472b296255ae434d1c0cfbc0e7e1ae22e85fa9701266eec3e8f2,6752795,NO INGESTADO,0,0.0
Ventas totales - 2025-01-01 - 2026-06-24.csv,SHOPIFY\Ventas totales (SF)\Ventas totales - 2025-01-01 - 2026-06-24.csv,01_Raw\SHOPIFY\Ventas totales (SF)\Ventas totales - 2025-01-01 - 2026-06-24.csv,SHOPIFY,ORDENES,e17e5bcbb41183a5c64e842312d1d53a4fc18c6616bcf06388562a854c5d2bda,1505140,NO INGESTADO,0,0.0
