Número de factura;Order number;Date created;Estado del pedido;Subtotal de artículos (con impuestos);Gastos de envío (con impuestos);Precio total (con impuestos);Commission (excluding taxes);Impuestos sobre la comisión;Amount transferred to tienda (including taxes);Quantity;Producto;Product SKU;Offer SKU;Fecha de confirmación del pago;Shipping method;Shipping address last name;Shipping address first name;Shipping address company;Shipping address street 1;Shipping address street 2;Dirección de entrega: complementaria;Shipping address zip;Shipping address city;Shipping address state;Shipping address country;Billing address last name;Billing address first name;Billing address company;Billing address street 1;Billing address street 2;Dirección de facturación: complementaria;Billing address zip;Billing address city;Billing address state;Billing address country;Subtotal de artículos (sin impuestos);Impuestos sobre artículos;Gastos de envío (sin impuestos);Impuestos sobre gastos de envío;Precio total (sin impuestos);Impuestos sobre el precio total;Currency
000000596684;24591402301-A;03/05/2026 15:28:16;Reembolsado;26990;0;26990;4858;0.0000;22132;1;TRENCH PRINCIPE DE GALES LAZO GRIS NICOPOLY;MPM00048421784-2;N02290IL;03/05/2026 15:28:17;Retiro Tienda Ripley Costanera Center_BE;Vergara;Lesly;;"Avenida Andrés Bello 2422 ";" 1er Piso. Modulo Retiro en Tienda";;;PROVIDENCIA;REG.METROPOLITANA;CL;Vergara;Lesly;;Hernán Cortés 3030;;;;PROVIDENCIA;REG.METROPOLITANA;CL;26990;0;0;0;26990;0;CLP
000000596684;24594095201-A;04/05/2026 00:53:15;Recibido;26990;990;27980;4858;0.0000;22132;1;TRENCH PRINCIPE DE GALES LAZO GRIS NICOPOLY;MPM00048421784-1;N02290IXL;04/05/2026 00:53:16;Retiro Tienda Ripley Maipu_BE;Romani;Valerie;;"Av. Americo Vespucio 399 ";" 2do Piso. Modulo Retiro en Tienda";;;MAIPU;REG.METROPOLITANA;CL;Orellana;Patricio;;Avenida Nueva Uno 3204;;;;MAIPU;REG.METROPOLITANA;CL;26990;0;990;0;27980;0;CLP
000000596684;24623362201-A;15/05/2026 13:28:34;Recibido;23990;0;23990;4318;0.0000;19672;1;FULFILLMENT-BLUSA MANGA LARGA CON CORBATIN CAFE  NICOPOLY;MPM10003221463-2;N06184UM-FF;15/05/2026 13:28:35;FF_MATRIX_STS;Torres;Maria;;"Avda. E Frei Montalva 01110 Local 194 ";" 2do Piso. Servicio al Cliente";;;PTA.ARENAS;XII REGION;CL;Torres;Maria;;Juan pedrals gili 797;;;;PTA.ARENAS;XII REGION;CL;23990;0;0;0;23990;0;CLP
000000596684;24625638801-A;16/05/2026 10:26:56;Reembolsado;27990;990;28980;5038;0.0000;22952;1;CHAQUETA LEÑADORA CAMEL NICOPOLY;MPM00040988842-3;N02150LM;16/05/2026 10:26:57;Retiro Tienda Ripley Plaza Oeste_BE;Gonzalez Jara;Angelica Ximena;;"Américo Vespucio 1501 ";" 3er Piso. Modulo Retiro en Tienda";;;CERRILLOS;REG.METROPOLITANA;CL;Gonzalez Jara;Angelica Ximena;;san Pablo 1142;;;;CERRILLOS;REG.METROPOLITANA;CL;27990;0;990;0;28980;0;CLP
000000596684;24641810901-A;21/05/2026 11:15:03;Recibido;48990;0;48990;8818;0.0000;40172;1;ABRIGO HOMBROS CAIDOS NEGRO NICOPOLY;MPM10002646330-2;N05174BL;21/05/2026 11:15:04;Retiro Tienda Ripley Punta Arenas_BE;Trivino;Dania;;"Avda. E Frei Montalva 01110 Local 194 ";" 2do Piso. Servicio al Cliente";;;PTA.ARENAS;XII REGION;CL;Trivino;Dania;;Pje. Juan Stipicic Marinelic 01050, Punta Arenas, Magallanes y la Antártica Chilena 01050;;;;PTA.ARENAS;XII REGION;CL;48990;0;0;0;48990;0;CLP
000000596684;24648302101-A;22/05/2026 18:00:04;Reembolsado;36990;0;36990;6658;0.0000;30332;1;TRENCH LAZO HEBILLA NEGRO NICOPOLY;MPM10002635819-2;N05182BS;22/05/2026 18:00:05;Retiro Tienda Ripley Coquimbo_BE;Garcia;"Jasmina ";;"Baquedano 86 ";" 1er Piso. Servicio al Cliente";;;COQUIMBO;IV REGION;CL;Garcia;"Jasmina ";;Fray diego de ocana 838;;;;COQUIMBO;IV REGION;CL;36990;0;0;0;36990;0;CLP
000000596684;24648854601-A;22/05/2026 22:37:50;Recibido;26990;990;27980;4858;0.0000;22132;1;CHAQUETA BIKER ECOCUERO CORTA GRIS NICOPOLY;MPM10001383963-2;N04201NS;22/05/2026 22:37:52;Retiro Tienda Ripley Talca_BE;Villalobos;Josefina;;"8 Oriente 1212 ";" 2do Piso. Modulo Retiro en Tienda";;;TALCA;VII REGION;CL;Villalobos;Josefina;;Calle 13 y media norte 1615;;;;TALCA;VII REGION;CL;26990;0;990;0;27980;0;CLP
000000596684;24649292201-A;23/05/2026 11:23:01;Reembolsado;66990;0;66990;12058;0.0000;54932;1;ABRIGO SOLAPA REDONDA UVA NICOPOLY;MPM10002646314-1;N05252ZM;23/05/2026 11:23:02;Retiro Tienda Ripley San Bernardo_BE;San Martin;Maria;;"Av. Pdte. Jorge Alessandri Rodríguez 20040, San Bernardo ";2do Piso. Modulo Retiro en Tienda;;;SN.BERNARDO;REG.METROPOLITANA;CL;Ferreira;Carolina;;Napoles  1018;;;;SN.BERNARDO;REG.METROPOLITANA;CL;66990;0;0;0;66990;0;CLP
000000596684;24657151201-A;25/05/2026 15:18:22;Reembolsado;35990;0;35990;6478;0.0000;29512;1;FULFILLMENT-BLAZER BASICO DE TOPE VERDE NICOPOLY;MPM10003150057-3;N05301EL-7-FF;25/05/2026 15:18:23;FF_MATRIX_STS;Fernández;Katalina;;Arturo Prat 656, Temuco;2do Piso. Modulo Retiro en Tienda;;;TEMUCO;IX REGION;CL;Fernández;Katalina;;Pasaje las camelias 0112;;;;TEMUCO;IX REGION;CL;35990;0;0;0;35990;0;CLP
000000596684;24658067501-A;25/05/2026 22:18:16;Recibido;22990;0;22990;4138;0.0000;18852;1;FULFILLMENT-CARDIGAN CUELLO V CON 3 BOTONES VERDE AZULADO NICOPOLY;MPM10003209011-3;N06232EL-FF;25/05/2026 22:18:18;FF_MATRIX_STS;Contreras Ceballos;Marcela Alejandra;;Vivar 550;" 4to Piso. Servicio al Cliente";;;IQUIQUE;I REGION;CL;Contreras Ceballos;Marcela Alejandra;;avda proyectada  2620;;;;IQUIQUE;I REGION;CL;22990;0;0;0;22990;0;CLP
000000596684;24658067502-A;25/05/2026 22:18:16;Recibido;23990;990;24980;4318;0.0000;19672;1;SWEATER ESCOTE ASIME TRICO VERDE NICOPOLY;MPM10003203584-1;N06223EXL;25/05/2026 22:18:18;Retiro Tienda Ripley Iquique_BE;Contreras Ceballos;Marcela Alejandra;;Vivar 550;" 4to Piso. Servicio al Cliente";;;IQUIQUE;I REGION;CL;Contreras Ceballos;Marcela Alejandra;;avda proyectada  2620;;;;IQUIQUE;I REGION;CL;23990;0;990;0;24980;0;CLP
000000596684;24658222201-A;25/05/2026 23:11:26;Recibido;15990;3990;19980;2878;0.0000;13112;1;POLERA CON TRANSPARENCIAS NICOPOLY;MPM10002950554-4;N06140BXL;25/05/2026 23:11:27;Flujo Flota Propia;Gonzalez;Alejandra;;Exequiel Fernández 499;201;;;NUNOA;REG.METROPOLITANA;CL;Gonzalez;Alejandra;;Exequiel Fernández 499;;;;NUNOA;REG.METROPOLITANA;CL;15990;0;3990;0;19980;0;CLP
000000596684;24666973601-A;26/05/2026 12:44:24;Recibido;27990;5990;33980;5038;0.0000;22952;1;FULFILLMENT-JEANS BASICO RECTO NEGRO NICOPOLY;MPM10002943919-1;N05325B38-FF;26/05/2026 12:44:25;FF_MATRIX;"Maturana Moreno ";Gisela;;La Esmeralda villa la union 95;Casa;;;RENGO;VI REGION;CL;"Maturana Moreno ";Gisela;;La Esmeralda villa la union 95;;;;RENGO;VI REGION;CL;27990;0;5990;0;33980;0;CLP
000000596684;24668398101-A;27/05/2026 00:31:26;Recibido;42990;990;43980;7738;0.0000;35252;1;ABRIGO OVERSIZE PIED DE POULE BLANCO NICOPOLY;MPM10001383896-3;N04219AM;27/05/2026 00:31:28;Retiro Tienda Ripley Talca_BE;Mella;Minzka;;"8 Oriente 1212 ";" 2do Piso. Modulo Retiro en Tienda";;;TALCA;VII REGION;CL;Mella;Minzka;;28 oriente 3601;;;;TALCA;VII REGION;CL;42990;0;990;0;43980;0;CLP
000000596684;24679714501-A;27/05/2026 18:37:24;Recibido;51990;990;52980;9358;0.0000;42632;1;BLAZER PATRON ESPIGA GRIS CLARO NICOPOLY;MPM10001497651-4;N04159IL;27/05/2026 18:37:25;Retiro Tienda Ripley Plaza Egana_BE;Garzon;Laura;;"Larrain 5800 ";" 3er Piso. Modulo Retiro en Tienda";;;NUNOA;REG.METROPOLITANA;CL;Garzon;Laura;;Avenida Ricardo Lyon 2440 2440;;;;NUNOA;REG.METROPOLITANA;CL;51990;0;990;0;52980;0;CLP
000000596684;24679763102-A;27/05/2026 19:03:27;Recibido;27990;0;27990;5038;0.0000;22952;1;CHAQUETA LEÑADORA BEIGE NICOPOLY;MPM00040988712-1;N02150AL;27/05/2026 19:03:29;Retiro Tienda Ripley Los Andes_BE;Guzman;Glenda;;"Santa Teresita 683 ";2do Piso. Servicio al Cliente;;;LOS ANDES;V REGION;CL;Guzman;Glenda;;Las vizcachas km 10 camino internacio 10;;;;LOS ANDES;V REGION;CL;27990;0;0;0;27990;0;CLP
000000596684;24680285001-A;27/05/2026 23:36:29;Reembolsado;49990;0;49990;8998;0.0000;40992;1;CHAQUETA ECOCUERO/TIPO PIEL CAFE  NICOPOLY;MPM10002661333-4;N05148US;27/05/2026 23:36:31;Flujo Flota Propia;Ortega;Katia;;Los pensamientos  330;"Casa ";;;EST.CENTRAL;REG.METROPOLITANA;CL;Ortega;Katia;;Los pensamientos  330;;;;EST.CENTRAL;REG.METROPOLITANA;CL;49990;0;0;0;49990;0;CLP
000000596684;24680271702-A;27/05/2026 23:42:06;Recibido;42990;990;43980;7738;0.0000;35252;1;ABRIGO OVERSIZE PIED DE POULE ROJO NICOPOLY;MPM10001383884-1;N04219DL;27/05/2026 23:42:07;Retiro Tienda Ripley Copiapo_BE;Fischer Camadro;Sylvana;;"Calle Maipu S/N, Copiapo ";" 2do Piso. Servicio al Cliente";;;COPIAPO;III REGION;CL;Fischer Camadro;Sylvana;;Cacique Lainacacha 961;;;;COPIAPO;III REGION;CL;42990;0;990;0;43980;0;CLP
000000596684;24680339301-A;28/05/2026 00:22:44;Recibido;36990;990;37980;6658;0.0000;30332;1;VESTIDO CAMISERO MUJER NICOPOLY AZUL MARINO CINTURÓN;MPM10002128942-1;N05259PM;28/05/2026 00:22:46;Retiro Tienda Ripley San Bernardo_BE;Acevedo;Patricia;;"Av. Pdte. Jorge Alessandri Rodríguez 20040, San Bernardo ";2do Piso. Modulo Retiro en Tienda;;;SN.BERNARDO;REG.METROPOLITANA;CL;Acevedo;Patricia;;El Arpa 251;;;;SN.BERNARDO;REG.METROPOLITANA;CL;36990;0;990;0;37980;0;CLP
000000596684;24692609601-A;28/05/2026 10:18:06;Recibido;34990;0;34990;6298;0.0000;28692;1;FULFILLMENT-BLAZER CUELLO CRUZADO BLANCO NICOPOLY;MPM10002943914-1;N05299AXL-FF;28/05/2026 10:18:07;FF_MATRIX_STS;Zavala;Kiara;;Av. Diego Portales 640, Arica;2do Piso. Modulo Retiro en Tienda;;;ARICA;XV REGION;CL;Zavala;Kiara;;orozimbo barboza 3777;;;;ARICA;XV REGION;CL;34990;0;0;0;34990;0;CLP
000000596684;24693074301-A;28/05/2026 14:45:42;Recibido;23990;495;24485;4318;0.0000;19672;1;CARDIGAN DISEÑO TRENZADO CAFE  NICOPOLY;MPM10003217104-3;N06240UL;28/05/2026 14:45:43;Retiro Tienda Ripley Huechuraba_BE;"Retamales ";"Francisco ";;Av. Americo Vespucio Norte 1737;" 2do Piso. Modulo Retiro en Tienda";;;HUECHURABA;REG.METROPOLITANA;CL;Trigo;Natalie;;Boulevard San Pedro 800;;;;HUECHURABA;REG.METROPOLITANA;CL;23990;0;495;0;24485;0;CLP
000000596684;24693074301-A;28/05/2026 14:45:42;Recibido;11990;495;12485;2158;0.0000;9832;1;BUFANDA CUADRILLE  PEQUEÑA MOCA NICOPOLY;MPM10002663025-1;N05336GF;28/05/2026 14:45:43;Retiro Tienda Ripley Huechuraba_BE;"Retamales ";"Francisco ";;Av. Americo Vespucio Norte 1737;" 2do Piso. Modulo Retiro en Tienda";;;HUECHURABA;REG.METROPOLITANA;CL;Trigo;Natalie;;Boulevard San Pedro 800;;;;HUECHURABA;REG.METROPOLITANA;CL;11990;0;495;0;12485;0;CLP
000000596684;24693849401-A;28/05/2026 22:08:37;Recibido;54990;990;55980;9898;0.0000;45092;1;CHAQUETA DE PAÑO CON CINTURON NEGRO NICOPOLY;MPM10003232201-3;N06189BM;28/05/2026 22:08:39;Retiro Tienda Ripley La Calera_BE;Contreras;Pamel;;"JJ Perez 90, La Calera ";" 2do Piso. Modulo Retiro en Tienda";;;LA CALERA;V REGION;CL;Contreras;Pamel;;Los olivos 12 12;;;;LA CALERA;V REGION;CL;54990;0;990;0;55980;0;CLP
000000596684;24693874101-A;28/05/2026 22:20:05;Recibido;23990;495;24485;4318;0.0000;19672;1;FALDA MIDI ECOCUERO CAFE  NICOPOLY;MPM10003217106-3;N06299UM;28/05/2026 22:20:07;Retiro Tienda Ripley Parque Arauco_BE;Muoz;Lorena;;Avenida Kennedy 5413;4to Piso. Modulo Retiro en Tienda;;;LAS CONDES;REG.METROPOLITANA;CL;Muoz;Lorena;;El tranque  12352;;;;LAS CONDES;REG.METROPOLITANA;CL;23990;0;495;0;24485;0;CLP
000000596684;24693874101-A;28/05/2026 22:20:05;Recibido;23990;495;24485;4318;0.0000;19672;1;FALDA MIDI ECOCUERO NEGRO NICOPOLY;MPM10003217105-1;N06299BL;28/05/2026 22:20:07;Retiro Tienda Ripley Parque Arauco_BE;Muoz;Lorena;;Avenida Kennedy 5413;4to Piso. Modulo Retiro en Tienda;;;LAS CONDES;REG.METROPOLITANA;CL;Muoz;Lorena;;El tranque  12352;;;;LAS CONDES;REG.METROPOLITANA;CL;23990;0;495;0;24485;0;CLP
000000596684;24694043102-A;29/05/2026 00:10:32;Recibido;35990;0;35990;6478;0.0000;29512;1;FULFILLMENT-PANTALON SASTRERO RECTO BLANCO NICOPOLY;MPM10003221470-3;N06192AM-FF;29/05/2026 00:10:34;FF_MATRIX_STS;Del Castillo;Susana;;Av. Diego Portales 640, Arica;2do Piso. Modulo Retiro en Tienda;;;ARICA;XV REGION;CL;Del Castillo;Susana;;Coihueco  656;;;;ARICA;XV REGION;CL;35990;0;0;0;35990;0;CLP
000000596684;24694162701-A;29/05/2026 06:18:06;Recibido;34990;0;34990;6298;0.0000;28692;1;BLAZER MUJER NICOPOLY MORADO CUELLO MAO;MPM10002160537-4;N00156ZM-6;29/05/2026 06:18:09;Retiro Tienda Ripley Mall Concepcion_BE;Cliente;Cliente;;Barros Arana 1068, Concepción;" 3er Piso. Modulo Retiro en Tienda";;;CONCEPCION;VIII REGION;CL;Cliente;Cliente;;Bergantín Araucano 419;;;;CONCEPCION;VIII REGION;CL;34990;0;0;0;34990;0;CLP
000000596684;24694541701-A;29/05/2026 12:11:56;Recibido;43990;0;43990;7918;0.0000;36072;1;TRENCH LAZO TIPO GAMUZA CAFE  NICOPOLY;MPM10002635821-1;N05001OL-6;29/05/2026 12:11:58;Retiro Tienda Ripley Mall Concepcion_BE;Reyes Luengo;Constanza;;Barros Arana 1068, Concepción;" 3er Piso. Modulo Retiro en Tienda";;;CONCEPCION;VIII REGION;CL;Reyes Luengo;Constanza;;Las heras 1750;;;;CONCEPCION;VIII REGION;CL;43990;0;0;0;43990;0;CLP
000000596684;24694858701-A;29/05/2026 15:36:02;Recibido;50990;990;51980;9178;0.0000;41812;1;ABRIGO 4 BOTONES ROJO NICOPOLY;MPM10002646327-2;N05155DL;29/05/2026 15:36:04;Retiro Tienda Ripley Vina Del Mar_BE;Noveroy Guzman;Jessica;;Sucre 290, Viña;5to Piso. Modulo Retiro en Tienda;;;VI.A DEL MA;V REGION;CL;Noveroy Guzman;Jessica;;VILLANELO 27;;;;VI.A DEL MA;V REGION;CL;50990;0;990;0;51980;0;CLP
000000596684;24695081001-A;29/05/2026 17:33:27;Recibido;9990;990;10980;1798;0.0000;8192;1;BUFANDA SUAVE ROSADO CLARO NICOPOLY;MPM10002662997-1;N05338VF;29/05/2026 17:33:29;Retiro Tienda Ripley Chillan_BE;Goza;Renata;;5 de Abril 699;4to Piso. Centro de atención al Cliente;;;CHILLAN;XVI REGION;CL;Goza;Renata;;Villa barcelona condominio yotau rio 2245;;;;CHILLAN;XVI REGION;CL;9990;0;990;0;10980;0;CLP
000000596684;24695278301-A;29/05/2026 19:34:17;Recibido;71990;990;72980;12958;0.0000;59032;1;ABRIGO CUELLO CAMISERO NEGRO NICOPOLY;MPM10003232214-1;N06207BXL;29/05/2026 19:34:18;Retiro Tienda Ripley Los Andes_BE;Barros;Cristina;;Santa Teresita 683;2do Piso. Servicio al Cliente;;;LOS ANDES;V REGION;CL;Barros;Cristina;;FREIRE 332;;;;LOS ANDES;V REGION;CL;71990;0;990;0;72980;0;CLP
000000596684;24695677001-A;29/05/2026 23:08:43;Recibido;12990;495;13485;2338;0.0000;10652;1;POLERA MANGA 3/4 CUELLO BOTE CAFE  NICOPOLY;MPM10003203144-2;N06296UL;29/05/2026 23:08:44;Retiro Tienda Ripley Vina Del Mar_BE;Reinoso;Daniela;;Sucre 290, Viña;5to Piso. Modulo Retiro en Tienda;;;VI.A DEL MA;V REGION;CL;Reinoso;Daniela;;Lautaro h pdo 13 pob Villa Allegre 4;;;;VI.A DEL MA;V REGION;CL;12990;0;495;0;13485;0;CLP
000000596684;24695677001-A;29/05/2026 23:08:43;Recibido;11990;495;12485;2158;0.0000;9832;1;POLERA MANGA LARGA CUELLO ALTO CAFE 	 NICOPOLY;MPM10003222237-2;N06265UM;29/05/2026 23:08:44;Retiro Tienda Ripley Vina Del Mar_BE;Reinoso;Daniela;;Sucre 290, Viña;5to Piso. Modulo Retiro en Tienda;;;VI.A DEL MA;V REGION;CL;Reinoso;Daniela;;Lautaro h pdo 13 pob Villa Allegre 4;;;;VI.A DEL MA;V REGION;CL;11990;0;495;0;12485;0;CLP
000000596684;24697422901-A;30/05/2026 22:01:53;Recibido;27990;990;28980;5038;0.0000;22952;1;BLAZER 4 BOTONES DECORATIVOS NEGRO NICOPOLY;MPM10001713165-2;N10046BL-5;30/05/2026 22:01:54;Retiro Tienda Ripley Maipu_BE;Veliz Merino;"Maria Jose ";;Av. Americo Vespucio 399;" 2do Piso. Modulo Retiro en Tienda";;;MAIPU;REG.METROPOLITANA;CL;Veliz Merino;"Maria Jose ";;Av. Americo Vespucio 399;;;;MAIPU;REG.METROPOLITANA;CL;27990;0;990;0;28980;0;CLP
000000596684;24697450301-A;30/05/2026 22:09:39;Recibido;11990;495;12485;2158;0.0000;9832;1;BUFANDA GRUESA ROSADO NICOPOLY;MPM10002663017-1;N05334HF;30/05/2026 22:09:40;Retiro Tienda Ripley Talca_BE;Pino;Nicolas;;8 Oriente 1212;" 2do Piso. Modulo Retiro en Tienda";;;TALCA;VII REGION;CL;Pino;Nicolas;;Calle Region del bio bio 2032;;;;TALCA;VII REGION;CL;11990;0;495;0;12485;0;CLP
000000596684;24697450301-A;30/05/2026 22:09:39;Recibido;11990;495;12485;2158;0.0000;9832;1;POLERA MANGA LARGA CUELLO ALTO OXIDO NICOPOLY;MPM10003222240-2;N06265RM;30/05/2026 22:09:40;Retiro Tienda Ripley Talca_BE;Pino;Nicolas;;8 Oriente 1212;" 2do Piso. Modulo Retiro en Tienda";;;TALCA;VII REGION;CL;Pino;Nicolas;;Calle Region del bio bio 2032;;;;TALCA;VII REGION;CL;11990;0;495;0;12485;0;CLP
000000596684;24697593302-A;30/05/2026 22:55:48;Recibido;24990;990;25980;4498;0.0000;20492;1;VESTIDO ACANALADO NEGRO CON CINTURON NICOPOLY;MPM10002912532-1;N06097BL;30/05/2026 22:55:49;Retiro Tienda Ripley Parque Arauco_BE;Moreno;Catalina;;Avenida Kennedy 5413;4to Piso. Modulo Retiro en Tienda;;;LAS CONDES;REG.METROPOLITANA;CL;Moreno;Catalina;;Oxford 1174;;;;LAS CONDES;REG.METROPOLITANA;CL;24990;0;990;0;25980;0;CLP
000000596684;24697598501-A;30/05/2026 22:57:26;Recibido;19990;0;19990;3598;0.0000;16392;1;CALZA MUJER NICOPOLY BURDEO TIPO GAMUZA;MPM10002160472-1;N05307TM;30/05/2026 22:57:27;Retiro Tienda Ripley El Trebol_BE;Fariña;Gabriela;;Avenida Jorge Alessandri 3177;" 3er Piso. Modulo Retiro en Tienda";;;TALCAHUANO;VIII REGION;CL;Fariña;Gabriela;;Avenida Jorge Alessandri 3177;;;;TALCAHUANO;VIII REGION;CL;19990;0;0;0;19990;0;CLP
000000596684;24700476602-A;31/05/2026 19:46:17;Recibido;26990;990;27980;4858;0.0000;22132;1;CARDIGAN DISEÑO TRENZADO CAFE  NICOPOLY;MPM10003217104-1;N06240US;31/05/2026 19:46:18;Retiro Tienda Ripley Nueva Alameda_BE;Dinamarca;Jorge;;Av Libertador Bernardo O'Higgins 3470, Santiago;3er Piso. Modulo Retiro en Tienda;;;EST.CENTRAL;REG.METROPOLITANA;CL;Dinamarca;Jorge;;Av Libertador Bernardo O'Higgins 3470, Santiago;;;;EST.CENTRAL;REG.METROPOLITANA;CL;26990;0;990;0;27980;0;CLP
000000596684;24700914501-A;31/05/2026 21:03:42;Recibido;49190;990;50180;8854;0.0000;40336;1;ABRIGO TIPO GAMUZA Y ECOCUERO NEGRO NICOPOLY;MPM10003232712-3;N06216BL;31/05/2026 21:03:43;Retiro Tienda Ripley Plaza Vespucio_BE;Toro Balmaceda;Maria De Los Angeles;;Av. Vicuña Mackenna Ote. 7110, La Florida;3er Piso. Modulo Retiro en Tienda;;;LA FLORIDA;REG.METROPOLITANA;CL;Toro Balmaceda;Maria De Los Angeles;;Av. Vicuña Mackenna Ote. 7110, La Florida;;;;LA FLORIDA;REG.METROPOLITANA;CL;49190;0;990;0;50180;0;CLP
000000596684;24701114701-A;31/05/2026 21:31:57;Recibido;37990;0;37990;6838;0.0000;31152;1;FULFILLMENT-PANTALON BASICO MORADO NICOPOLY;MPM10003150039-4;N05298ZXL-7-FF;31/05/2026 21:31:59;FF_MATRIX_STS;Olcay;Belen;;Av. Diego Portales 640, Arica;2do Piso. Modulo Retiro en Tienda;;;ARICA;XV REGION;CL;Olcay;Belen;;Av. Diego Portales 640, Arica;;;;ARICA;XV REGION;CL;37990;0;0;0;37990;0;CLP
000000596684;24701114701-A;31/05/2026 21:31:57;Recibido;26990;0;26990;4858;0.0000;22132;1;FULFILLMENT-BLAZER BASICO DE TOPE MORADO NICOPOLY;MPM10003150058-3;N05301ZXL-7-FF;31/05/2026 21:31:59;FF_MATRIX_STS;Olcay;Belen;;Av. Diego Portales 640, Arica;2do Piso. Modulo Retiro en Tienda;;;ARICA;XV REGION;CL;Olcay;Belen;;Av. Diego Portales 640, Arica;;;;ARICA;XV REGION;CL;26990;0;0;0;26990;0;CLP
000000596684;24701114702-A;31/05/2026 21:31:58;Recibido;16190;990;17180;2914;0.0000;13276;1;GILET 4 BOTONES MORADO NICOPOLY;MPM10002842896-1;N05262ZXL-7;31/05/2026 21:31:59;Retiro Tienda Ripley Arica_BE;Olcay;Belen;;Av. Diego Portales 640, Arica;2do Piso. Modulo Retiro en Tienda;;;ARICA;XV REGION;CL;Olcay;Belen;;Av. Diego Portales 640, Arica;;;;ARICA;XV REGION;CL;16190;0;990;0;17180;0;CLP
000000596684;24701269101-A;31/05/2026 21:48:41;Recibido;68990;990;69980;12418;0.0000;56572;1;ABRIGO CON SOLAPA Y CINTURON CAFE  NICOPOLY;MPM10003237679-2;N06211UL;31/05/2026 21:48:42;Retiro Tienda Ripley Mall Concepcion_BE;Valdes Rivera;Maria Elisa;;Barros Arana 1068, Concepción;" 3er Piso. Modulo Retiro en Tienda";;;CONCEPCION;VIII REGION;CL;Valdes Rivera;Maria Elisa;;Lisboa 2439;;;;CONCEPCION;VIII REGION;CL;68990;0;990;0;69980;0;CLP
000000596684;24701776401-A;31/05/2026 22:35:43;Recibido;42490;0;42490;7648;0.0000;34842;1;ABRIGO SOLAPA Y CINTURON NEGRO NICOPOLY;MPM10003232688-1;N06188BS;31/05/2026 22:35:44;Retiro Tienda Ripley Marina Arauco_BE;Toledo;Valeska;;"Avenida Libertad 1348 ";" Piso 4. Modulo Retiro en Tienda";;;VI.A DEL MA;V REGION;CL;Toledo;Valeska;;Parcela B21 san pedro de Quillota Ruta 382;;;;VI.A DEL MA;V REGION;CL;42490;0;0;0;42490;0;CLP
000000596684;24701786501-A;31/05/2026 22:37:42;Recibido;11990;990;12980;2158;0.0000;9832;1;POLERA ENCAJE CUELLO ALTO BLANCO NICOPOLY;MPM10003217354-3;N06305AM;31/05/2026 22:37:43;Retiro Tienda Ripley Los Angeles_BE;"Aza ";"Jaqueline ";;Valdivia 440, Los Angeles;" 3er Piso. Servicio al Cliente";;;LOS ANGELES;VIII REGION;CL;"Aza ";"Jaqueline ";;Almagro  1646;;;;LOS ANGELES;VIII REGION;CL;11990;0;990;0;12980;0;CLP
000000596684;24701846201-A;31/05/2026 22:41:28;Recibido;16190;0;16190;2914;0.0000;13276;1;SWEATER MUJER NICOPOLY MAGENTA BÁSICO CUELLO REDONDO;MPM10002160475-3;N04248ZM-6;31/05/2026 22:41:29;Retiro Tienda Ripley Parque Arauco_BE;Weinberger;Katherine;;Avenida Kennedy 5413;4to Piso. Modulo Retiro en Tienda;;;LAS CONDES;REG.METROPOLITANA;CL;Weinberger;Katherine;;Avenida Kennedy 5413;;;;LAS CONDES;REG.METROPOLITANA;CL;16190;0;0;0;16190;0;CLP
000000596684;24701901801-A;31/05/2026 22:45:51;Recibido;30990;0;30990;5578;0.0000;25412;1;FULFILLMENT-TRENCH TIPO GAMUZA CAFE  NICOPOLY;MPM10002952989-3;N05001OL-6-FF;31/05/2026 22:45:53;FF_MATRIX_STS;Silva;María Angélica;;Barros Arana 1068, Concepción;" 3er Piso. Modulo Retiro en Tienda";;;CONCEPCION;VIII REGION;CL;Silva;María Angélica;;pasaje Millaray la rinconada 938;;;;CONCEPCION;VIII REGION;CL;30990;0;0;0;30990;0;CLP
000000596684;24702072001-A;31/05/2026 22:57:19;Recibido;39990;0;39990;7198;0.0000;32792;1;ABRIGO LARGO LAZO NEGRO NICOPOLY;MPM10002646306-2;N04227BS-6;31/05/2026 22:57:21;Retiro Tienda Ripley Valparaiso_BE;Villalobos;Genoveva;;Plaza Victoria 1646;" 4to Piso. Servicio al Cliente";;;VALPARAISO;V REGION;CL;Villalobos;Genoveva;;Plaza Victoria 1646;;;;VALPARAISO;V REGION;CL;39990;0;0;0;39990;0;CLP
000000596684;24702133801-A;31/05/2026 23:03:41;Recibido;34790;990;35780;6262;0.0000;28528;1;CHAQUETA ECOCUERO ACOLCHADO CUELLO MAO CAFE  NICOPOLY;MPM10003217335-4;N06205UM;31/05/2026 23:03:42;Retiro Tienda Ripley San Fernando_BE;Monsalve;Daniela;;Bernardo Ohiggins 701;" 3er Piso. Modulo Retiro en Tienda";;;SAN FERNANDO;VI REGION;CL;Monsalve;Daniela;;Calle El encino villa doña ester 835;;;;SAN FERNANDO;VI REGION;CL;34790;0;990;0;35780;0;CLP
000000596684;24702401702-A;31/05/2026 23:19:26;Recibido;37490;0;37490;6748;0.0000;30742;1;FULFILLMENT-ABRIGO SOLAPA REDONDA ROJO NICOPOLY;MPM10002725932-2;N05252DM-FF;31/05/2026 23:19:28;FF_MATRIX_STS;Vigorena;Ximena;;Arturo Prat 530;" 4to Piso. Servicio al Cliente";;;ANTOFAGASTA;II REGION;CL;Vigorena;Ximena;;Arturo Prat 530;;;;ANTOFAGASTA;II REGION;CL;37490;0;0;0;37490;0;CLP
000000596684;24702401701-A;31/05/2026 23:19:26;Recibido;39990;0;39990;7198;0.0000;32792;1;ABRIGO 4 BOTONES OXIDO NICOPOLY;MPM10002646319-2;N05155UM;31/05/2026 23:19:28;Retiro Tienda Ripley Antofagasta_BE;Vigorena;Ximena;;Arturo Prat 530;" 4to Piso. Servicio al Cliente";;;ANTOFAGASTA;II REGION;CL;Vigorena;Ximena;;Arturo Prat 530;;;;ANTOFAGASTA;II REGION;CL;39990;0;0;0;39990;0;CLP
000000596684;24702583301-A;31/05/2026 23:28:21;Recibido;40990;990;41980;7378;0.0000;33612;1;TRENCH CLASICO DOBLE BOTONADURA BEIGE NICOPOLY;MPM10003237631-4;N06187GM;31/05/2026 23:28:22;Retiro Tienda Ripley Antofagasta_BE;Cabello;Vianka;;Arturo Prat 530;" 4to Piso. Servicio al Cliente";;;ANTOFAGASTA;II REGION;CL;Cabello;Vianka;;Arturo Prat 530;;;;ANTOFAGASTA;II REGION;CL;40990;0;990;0;41980;0;CLP
000000596684;24702879901-A;31/05/2026 23:41:38;Recibido;36490;990;37480;6568;0.0000;29922;1;CHAQUETA TIPO BARBOUR CAFE  NICOPOLY;MPM10003221536-3;N06197UL;31/05/2026 23:41:39;Retiro Tienda Ripley El Trebol_BE;Torres;Benita;;Avenida Jorge Alessandri 3177;" 3er Piso. Modulo Retiro en Tienda";;;TALCAHUANO;VIII REGION;CL;Torres;Benita;;Avenida Jorge Alessandri 3177;;;;TALCAHUANO;VIII REGION;CL;36490;0;990;0;37480;0;CLP
000000596684;24703051002-A;31/05/2026 23:51:47;Recibido;43190;0;43190;7774;0.0000;35416;1;ABRIGO SOLAPA REDONDA NEGRO NICOPOLY;MPM10002646294-4;N05252BXL;31/05/2026 23:51:48;Retiro Tienda Ripley Copiapo_BE;Pizarro;Robert;;"Calle Maipu S/N, Copiapo ";" 2do Piso. Servicio al Cliente";;;COPIAPO;III REGION;CL;Pizarro;Robert;;Cifuentes 340;;;;COPIAPO;III REGION;CL;43190;0;0;0;43190;0;CLP
000000596684;24703984302-A;01/06/2026 00:19:07;Recibido;14990;0;14990;2698;0.0000;12292;1;FULFILLMENT-BLUSA CORBATIN Y VUELOS BURDEO NICOPOLY;MPM10003227965-1;N06274TL-FF;01/06/2026 00:19:08;FF_MATRIX_STS;"Correa ";"Marcia ";;"Avenida Jorge Alessandri 3177 ";" 3er Piso. Modulo Retiro en Tienda";;;TALCAHUANO;VIII REGION;CL;"Correa ";"Marcia ";;Avenida uno 688;;;;TALCAHUANO;VIII REGION;CL;14990;0;0;0;14990;0;CLP
000000596684;24704159101-A;01/06/2026 00:23:13;Recibido;47490;990;48480;8548;0.0000;38942;1;ABRIGO CINTURON Y SOLAPA CAFE  NICOPOLY;MPM10003237720-4;N06212US;01/06/2026 00:23:14;Retiro Tienda Ripley La Serena_BE;Ahumada Lopez;Uberlinda;;Gregorio Cordovez 499;" 3er Piso. Modulo Retiro en Tienda";;;LA SERENA;IV REGION;CL;Ahumada Lopez;Uberlinda;;Pasaje Boldo 6000;;;;LA SERENA;IV REGION;CL;47490;0;990;0;48480;0;CLP
000000596684;24704155201-A;01/06/2026 00:23:21;Recibido;40990;990;41980;7378;0.0000;33612;1;TRENCH CLASICO DOBLE BOTONADURA BEIGE NICOPOLY;MPM10003237631-1;N06187GS;01/06/2026 00:23:22;Retiro Tienda Ripley Talca_BE;Rebolledo;Jenniffer;;8 Oriente 1212;" 2do Piso. Modulo Retiro en Tienda";;;TALCA;VII REGION;CL;Rebolledo;Jenniffer;;2 oriente 791;;;;TALCA;VII REGION;CL;40990;0;990;0;41980;0;CLP
000000596684;24704203601-A;01/06/2026 00:24:45;Recibido;44990;990;45980;8098;0.0000;36892;1;PARKA ACOLCHADA CON CINTURON LAZO CAFE  NICOPOLY;MPM10003238039-1;N06194US;01/06/2026 00:24:46;Retiro Tienda Ripley Mall Concepcion_BE;Espinoza Gutierrez;Paola Marcela;;Barros Arana 1068, Concepción;" 3er Piso. Modulo Retiro en Tienda";;;CONCEPCION;VIII REGION;CL;Espinoza Gutierrez;Paola Marcela;;Avenida Laguna Grande 625;;;;CONCEPCION;VIII REGION;CL;44990;0;990;0;45980;0;CLP
000000596684;24704214302-A;01/06/2026 00:27:06;Recibido;16190;0;16190;2914;0.0000;13276;1;SWEATER MUJER NICOPOLY CELESTE BÁSICO CUELLO REDONDO;MPM10002160533-3;N04248KS-6;01/06/2026 00:27:08;Retiro Tienda Ripley La Serena_BE;"Ite ";"Maria Jose ";;Gregorio Cordovez 499;" 3er Piso. Modulo Retiro en Tienda";;;LA SERENA;IV REGION;CL;"Ite ";"Maria Jose ";;cardenal carlos oviedo  3166;;;;LA SERENA;IV REGION;CL;16190;0;0;0;16190;0;CLP
000000596684;24704694401-A;01/06/2026 00:38:20;Recibido;43190;0;43190;7774;0.0000;35416;1;ABRIGO SOLAPA REDONDA CAFE  NICOPOLY;MPM10003232487-2;N05252UM;01/06/2026 00:38:20;Retiro Tienda Ripley San Bernardo_BE;Escobar;Catherine;;Av. Pdte. Jorge Alessandri Rodríguez 20040, San Bernardo;2do Piso. Modulo Retiro en Tienda;;;SN.BERNARDO;REG.METROPOLITANA;CL;Escobar;Catherine;;Los arenales  2;;;;SN.BERNARDO;REG.METROPOLITANA;CL;43190;0;0;0;43190;0;CLP
000000596684;24704906103-A;01/06/2026 00:44:15;Recibido;40990;0;40990;7378;0.0000;33612;1;FULFILLMENT-TRENCH CLASICO DOBLE BOTONADURA CAFE  NICOPOLY;MPM10003266244-4;N06187UM-FF;01/06/2026 00:44:16;FF_MATRIX_STS;Vergara Lara;Cyndy;;Av. Vicuña Mackenna Ote. 7110, La Florida;3er Piso. Modulo Retiro en Tienda;;;LA FLORIDA;REG.METROPOLITANA;CL;Vergara Lara;Cyndy;;Av. Vicuña Mackenna Ote. 7110, La Florida;;;;LA FLORIDA;REG.METROPOLITANA;CL;40990;0;0;0;40990;0;CLP
000000596684;24705082001-A;01/06/2026 00:50:35;Recibido;47990;990;48980;8638;0.0000;39352;1;ABRIGO CUELLO CAMISERO CAFE  NICOPOLY;MPM10003232217-4;N06207UM;01/06/2026 00:50:36;Retiro Tienda Ripley San Fernando_BE;Osorio;Rolando;;Bernardo Ohiggins 701;" 3er Piso. Modulo Retiro en Tienda";;;SAN FERNANDO;VI REGION;CL;Osorio;Rolando;;German riesco 1412;;;;SAN FERNANDO;VI REGION;CL;47990;0;990;0;48980;0;CLP
000000596684;24705427501-A;01/06/2026 01:04:41;Reembolsado;27490;0;27490;4948;0.0000;22542;1;CHAQUETA BIKER ECOCUERO GRIS NICOPOLY;MPM10001383961-1;N02107NL-4;01/06/2026 01:04:42;Flujo Flota Propia;Veloso Pizarro;Gloria;;Río Mataquito 1673;Casa;;;RENCA;REG.METROPOLITANA;CL;Veloso Pizarro;Gloria;;Río Mataquito 1673;;;;RENCA;REG.METROPOLITANA;CL;27490;0;0;0;27490;0;CLP
000000596684;24705581901-A;01/06/2026 01:08:34;Reembolsado;34990;0;34990;6298;0.0000;28692;1;FULFILLMENT-BLAZER CUELLO CRUZADO GRIS NICOPOLY;MPM10002943902-2;N05299IXL-FF;01/06/2026 01:08:35;FF_MATRIX;Diaz Osses;Javiera Andrea;;La Piedad 74;Casa;;;LAS CONDES;REG.METROPOLITANA;CL;Diaz Osses;Javiera Andrea;;La Piedad 74;;;;LAS CONDES;REG.METROPOLITANA;CL;34990;0;0;0;34990;0;CLP
000000596684;24705671301-A;01/06/2026 01:14:02;Recibido;20390;990;21380;3670;0.0000;16720;1;CARDIGAN DISEÑO TRENZADO CAFE  NICOPOLY;MPM10003217104-1;N06240US;01/06/2026 01:14:02;Retiro Tienda Ripley Costanera Center_BE;Mosqueira;María Ignacia;;Avenida Andrés Bello 2422;" 1er Piso. Modulo Retiro en Tienda";;;PROVIDENCIA;REG.METROPOLITANA;CL;Mosqueira;María Ignacia;;Avenida Andrés Bello 2422;;;;PROVIDENCIA;REG.METROPOLITANA;CL;20390;0;990;0;21380;0;CLP
000000596684;24705799301-A;01/06/2026 01:20:35;Recibido;47990;990;48980;8638;0.0000;39352;1;ABRIGO 4 BOTONES NEGRO NICOPOLY;MPM10002646321-2;N05155BL;01/06/2026 01:20:36;Retiro Tienda Ripley Rancagua_BE;Avendao;Nancy;;José Domingo Mujica 490;" 3er Piso. Modulo Retiro en Tienda";;;RANCAGUA;VI REGION;CL;Avendao;Nancy;;Los Guindos Oriente Las Pircas 247;;;;RANCAGUA;VI REGION;CL;47990;0;990;0;48980;0;CLP
000000596684;24705864901-A;01/06/2026 01:25:38;Recibido;45590;990;46580;8206;0.0000;37384;1;ABRIGO ECOCUERO NEGRO NICOPOLY;MPM10003232486-4;N06217BXL;01/06/2026 01:25:39;Retiro Tienda Ripley Nueva Valdivia_BE;Veliz Lopez;Sarai Arlet;;Arauco 561;" 3er Piso. Servicio al Cliente";;;VALDIVIA;XIV REGION;CL;Veliz Lopez;Sarai Arlet;;Pob Bdo OHiggins Rio calle calle 4085;;;;VALDIVIA;XIV REGION;CL;45590;0;990;0;46580;0;CLP
000000596684;24705918201-A;01/06/2026 01:26:18;Recibido;29990;0;29990;5398;0.0000;24592;1;JEANS WIDE LEG BLANCOS NICOPOLY;MPM10002951922-5;N06137A42;01/06/2026 01:26:20;Retiro Tienda Ripley Antofagasta_BE;Cliente;Miguel;;Arturo Prat 530;" 4to Piso. Servicio al Cliente";;;ANTOFAGASTA;II REGION;CL;Cliente;Miguel;;Arturo Prat 530;;;;ANTOFAGASTA;II REGION;CL;29990;0;0;0;29990;0;CLP
000000596684;24705918201-A;01/06/2026 01:26:18;Recibido;15990;0;15990;2878;0.0000;13112;1;BLUSA CUELLO MAO MANGA GLOBO BLANCO NICOPOLY;MPM10003221533-2;N06289AM;01/06/2026 01:26:20;Retiro Tienda Ripley Antofagasta_BE;Cliente;Miguel;;Arturo Prat 530;" 4to Piso. Servicio al Cliente";;;ANTOFAGASTA;II REGION;CL;Cliente;Miguel;;Arturo Prat 530;;;;ANTOFAGASTA;II REGION;CL;15990;0;0;0;15990;0;CLP
000000596684;24705918201-A;01/06/2026 01:26:18;Recibido;12890;0;12890;2320;0.0000;10570;1;SWEATER ACANALADO CUELLO BOTE LILA NICOPOLY;MPM10002842902-2;N05212ZM-7;01/06/2026 01:26:20;Retiro Tienda Ripley Antofagasta_BE;Cliente;Miguel;;Arturo Prat 530;" 4to Piso. Servicio al Cliente";;;ANTOFAGASTA;II REGION;CL;Cliente;Miguel;;Arturo Prat 530;;;;ANTOFAGASTA;II REGION;CL;12890;0;0;0;12890;0;CLP
000000596684;24705918201-A;01/06/2026 01:26:18;Recibido;17490;0;17490;3148;0.0000;14342;1;CAMISA RAYAS BICOLOR CAFE  NICOPOLY;MPM10003177446-4;N05200UM;01/06/2026 01:26:20;Retiro Tienda Ripley Antofagasta_BE;Cliente;Miguel;;Arturo Prat 530;" 4to Piso. Servicio al Cliente";;;ANTOFAGASTA;II REGION;CL;Cliente;Miguel;;Arturo Prat 530;;;;ANTOFAGASTA;II REGION;CL;17490;0;0;0;17490;0;CLP
000000596684;24705918201-A;01/06/2026 01:26:18;Recibido;17490;0;17490;3148;0.0000;14342;1;CAMISA RAYAS BICOLOR CELESTE NICOPOLY;MPM10003177449-2;N05200KM;01/06/2026 01:26:20;Retiro Tienda Ripley Antofagasta_BE;Cliente;Miguel;;Arturo Prat 530;" 4to Piso. Servicio al Cliente";;;ANTOFAGASTA;II REGION;CL;Cliente;Miguel;;Arturo Prat 530;;;;ANTOFAGASTA;II REGION;CL;17490;0;0;0;17490;0;CLP
000000596684;24705918201-A;01/06/2026 01:26:18;Recibido;22990;0;22990;4138;0.0000;18852;1;CAMISA ALGODÓN MUJER NICOPOLY ROJO BÁSICA;MPM10002128972-3;N05285DM;01/06/2026 01:26:20;Retiro Tienda Ripley Antofagasta_BE;Cliente;Miguel;;Arturo Prat 530;" 4to Piso. Servicio al Cliente";;;ANTOFAGASTA;II REGION;CL;Cliente;Miguel;;Arturo Prat 530;;;;ANTOFAGASTA;II REGION;CL;22990;0;0;0;22990;0;CLP
000000596684;24705918201-A;01/06/2026 01:26:18;Recibido;25990;0;25990;4678;0.0000;21312;1;CAMISA MUJER NICOPOLY NEGRO PLIEGUES CINTURA;MPM10002160532-2;N05267BM;01/06/2026 01:26:20;Retiro Tienda Ripley Antofagasta_BE;Cliente;Miguel;;Arturo Prat 530;" 4to Piso. Servicio al Cliente";;;ANTOFAGASTA;II REGION;CL;Cliente;Miguel;;Arturo Prat 530;;;;ANTOFAGASTA;II REGION;CL;25990;0;0;0;25990;0;CLP
000000596684;24706051401-A;01/06/2026 01:34:36;Recibido;42490;990;43480;7648;0.0000;34842;1;ABRIGO SOLAPA Y CINTURON ROJO NICOPOLY;MPM10003232693-4;N06188DM;01/06/2026 01:34:37;Retiro Tienda Ripley Mall Concepcion_BE;Stuardo Vergara;Sandra;;Barros Arana 1068, Concepción;" 3er Piso. Modulo Retiro en Tienda";;;CONCEPCION;VIII REGION;CL;Stuardo Vergara;Sandra;;Castellon 520, Concepcion;;;;CONCEPCION;VIII REGION;CL;42490;0;990;0;43480;0;CLP
000000596684;24706068401-A;01/06/2026 01:35:16;Recibido;37490;990;38480;6748;0.0000;30742;1;ABRIGO SOLAPA REDONDA VERDE PETROLEO NICOPOLY;MPM10003232483-2;N05252ES;01/06/2026 01:35:17;Retiro Tienda Ripley Talca_BE;"Gonzlez Oyarce ";"Olga Isabel ";;8 Oriente 1212;" 2do Piso. Modulo Retiro en Tienda";;;TALCA;VII REGION;CL;"Gonzlez Oyarce ";"Olga Isabel ";;8 Oriente 1212;;;;TALCA;VII REGION;CL;37490;0;990;0;38480;0;CLP
000000596684;24706093301-A;01/06/2026 01:36:53;Reembolsado;47490;0;47490;8548;0.0000;38942;1;ABRIGO CINTURON Y SOLAPA CAFE  NICOPOLY;MPM10003237720-3;N06212UL;01/06/2026 01:36:54;Retiro Tienda Ripley Parque Arauco_BE;Arriagada;Patricia;;Avenida Kennedy 5413;4to Piso. Modulo Retiro en Tienda;;;LAS CONDES;REG.METROPOLITANA;CL;Arriagada;Patricia;;Avenida Presidente Kennedy 5366;;;;LAS CONDES;REG.METROPOLITANA;CL;47490;0;0;0;47490;0;CLP
000000596684;24706110101-A;01/06/2026 01:37:30;Recibido;14390;0;14390;2590;0.0000;11800;1;SWEATER ACANALADO CUELLO BOTE NEGRO NICOPOLY;MPM10002842905-2;N05212BS-7;01/06/2026 01:37:31;Retiro Tienda Ripley Puerto Montt_BE;Caiozzi;"Alessandra ";;Urmeneta 595, Puerto Montt;4to Piso. Servicio al Cliente;;;PTO.MONTT;X REGION;CL;Caiozzi;"Alessandra ";;Benavente  550;;;;PTO.MONTT;X REGION;CL;14390;0;0;0;14390;0;CLP
000000596684;24706123103-A;01/06/2026 01:38:21;Recibido;16990;0;16990;3058;0.0000;13932;1;CARDIGAN FLORES TEJIDAS GRIS NICOPOLY;MPM10003234028-2;N06235NM;01/06/2026 01:38:22;Retiro Tienda Ripley Florida_BE;Veroiza;Natalia;;Vicuña Mackenna Oriente 6100, La Florida;3er Piso. Modulo Retiro en Tienda;;;LA FLORIDA;REG.METROPOLITANA;CL;Veroiza;Natalia;;Alto Macul, Camino del paisaje 6775;;;;LA FLORIDA;REG.METROPOLITANA;CL;16990;0;0;0;16990;0;CLP
000000596684;24706123103-A;01/06/2026 01:38:21;Reembolsado;17490;0;17490;3148;0.0000;14342;1;SWEATER CON PATRON TRENZADO CELESTE NICOPOLY;MPM10003222698-2;N06237KM;01/06/2026 01:38:22;Retiro Tienda Ripley Florida_BE;Veroiza;Natalia;;Vicuña Mackenna Oriente 6100, La Florida;3er Piso. Modulo Retiro en Tienda;;;LA FLORIDA;REG.METROPOLITANA;CL;Veroiza;Natalia;;Alto Macul, Camino del paisaje 6775;;;;LA FLORIDA;REG.METROPOLITANA;CL;17490;0;0;0;17490;0;CLP
000000596684;24706653101-A;01/06/2026 02:37:09;Recibido;12890;990;13880;2320;0.0000;10570;1;SWEATER ACANALADO CUELLO BOTE LILA NICOPOLY;MPM10002842902-2;N05212ZM-7;01/06/2026 02:37:11;Retiro Tienda Ripley Temuco_BE;Chabouty;Viviana;;Arturo Prat 656, Temuco;2do Piso. Modulo Retiro en Tienda;;;TEMUCO;IX REGION;CL;Chabouty;Viviana;;Arturo Prat 656, Temuco;;;;TEMUCO;IX REGION;CL;12890;0;990;0;13880;0;CLP
000000596684;24706927101-A;01/06/2026 04:17:14;Recibido;34790;0;34790;6262;0.0000;28528;1;FULFILLMENT-CHAQUETA ECOCUERO ACOLCHADO CUELLO MAO CAFE  NICOPOLY;MPM10003221453-3;N06205UM-FF;01/06/2026 04:17:16;FF_MATRIX_STS;Castilllo;"Natalie ";;Bernardo Ohiggins 701;" 3er Piso. Modulo Retiro en Tienda";;;SAN FERNANDO;VI REGION;CL;Castilllo;"Natalie ";;Calle miraflores 1310;;;;SAN FERNANDO;VI REGION;CL;34790;0;0;0;34790;0;CLP
000000596684;24706927102-A;01/06/2026 04:17:14;Reembolsado;47990;495;48485;8638;0.0000;39352;1;ABRIGO CIERRE LATERAL CAFE  NICOPOLY;MPM10003237675-2;N06193UM;01/06/2026 04:17:15;Retiro Tienda Ripley San Fernando_BE;Castilllo;"Natalie ";;Bernardo Ohiggins 701;" 3er Piso. Modulo Retiro en Tienda";;;SAN FERNANDO;VI REGION;CL;Castilllo;"Natalie ";;Calle miraflores 1310;;;;SAN FERNANDO;VI REGION;CL;47990;0;495;0;48485;0;CLP
000000596684;24706927102-A;01/06/2026 04:17:14;Reembolsado;43190;495;43685;7774;0.0000;35416;1;ABRIGO SOLAPA REDONDA UVA NICOPOLY;MPM10002646314-1;N05252ZM;01/06/2026 04:17:15;Retiro Tienda Ripley San Fernando_BE;Castilllo;"Natalie ";;Bernardo Ohiggins 701;" 3er Piso. Modulo Retiro en Tienda";;;SAN FERNANDO;VI REGION;CL;Castilllo;"Natalie ";;Calle miraflores 1310;;;;SAN FERNANDO;VI REGION;CL;43190;0;495;0;43685;0;CLP
000000596684;24706950501-A;01/06/2026 04:40:41;Recibido;41990;990;42980;7558;0.0000;34432;1;CHAQUETA ECOCUERO/TIPO PIEL CAFE  NICOPOLY;MPM10002661333-3;N05148UM;01/06/2026 04:40:42;Retiro Tienda Ripley Pto.Montt Costanera_BE;Ruiz;"Eddy ";;Juan Soler Manfredini 10;" 6to Piso. Modulo Retiro en Tienda";;;PTO.MONTT;X REGION;CL;Ruiz;"Eddy ";;Regimiento 1321;;;;PTO.MONTT;X REGION;CL;41990;0;990;0;42980;0;CLP
000000596684;24707369101-A;01/06/2026 07:11:57;Recibido;40990;990;41980;7378;0.0000;33612;1;TRENCH CLASICO DOBLE BOTONADURA NEGRO NICOPOLY;MPM10003237620-3;N06187BXL;01/06/2026 07:11:59;Retiro Tienda Ripley El Trebol_BE;Fuentes Torres6;Maria;;Avenida Jorge Alessandri 3177;" 3er Piso. Modulo Retiro en Tienda";;;TALCAHUANO;VIII REGION;CL;Fuentes Torres6;Maria;;Avda Finlandia 1243;;;;TALCAHUANO;VIII REGION;CL;40990;0;990;0;41980;0;CLP
000000596684;24707556602-A;01/06/2026 07:35:13;Recibido;33990;990;34980;6118;0.0000;27872;1;ABRIGO PIED DE POULE NEGRO NICOPOLY;MPM10002646317-2;N04199BM-6;01/06/2026 07:35:14;Retiro Tienda Ripley Vina Del Mar_BE;Vega Salinas;Juan Pablo;;Sucre 290, Viña;5to Piso. Modulo Retiro en Tienda;;;VI.A DEL MA;V REGION;CL;Vega Salinas;Juan Pablo;;Sucre 290, Viña;;;;VI.A DEL MA;V REGION;CL;33990;0;990;0;34980;0;CLP
000000596684;24707614601-A;01/06/2026 07:42:06;Recibido;17990;495;18485;3238;0.0000;14752;1;VESTIDO ACANALADO NEGRO CON CINTURON NICOPOLY;MPM10002912532-1;N06097BL;01/06/2026 07:42:08;Retiro Tienda Ripley Maipu_BE;Perez;Claudia;;Av. Americo Vespucio 399;" 2do Piso. Modulo Retiro en Tienda";;;MAIPU;REG.METROPOLITANA;CL;Perez;Claudia;;Av. Americo Vespucio 399;;;;MAIPU;REG.METROPOLITANA;CL;17990;0;495;0;18485;0;CLP
000000596684;24707614601-A;01/06/2026 07:42:06;Recibido;17990;495;18485;3238;0.0000;14752;1;VESTIDO ACANALADO CAFE  CON CINTURON NICOPOLY;MPM10002912848-1;N06097UL;01/06/2026 07:42:08;Retiro Tienda Ripley Maipu_BE;Perez;Claudia;;Av. Americo Vespucio 399;" 2do Piso. Modulo Retiro en Tienda";;;MAIPU;REG.METROPOLITANA;CL;Perez;Claudia;;Av. Americo Vespucio 399;;;;MAIPU;REG.METROPOLITANA;CL;17990;0;495;0;18485;0;CLP
000000596684;24708257401-A;01/06/2026 08:34:16;Recibido;42490;990;43480;7648;0.0000;34842;1;FULFILLMENT-ABRIGO SOLAPA Y CINTURON NEGRO NICOPOLY;MPM10003238352-3;N06188BM-FF;01/06/2026 08:34:17;FF_MATRIX;Toro;Fernando;;Francisco Bilbao 0686;S/N;;;SAN CARLOS;XVI REGION;CL;Toro;Fernando;;Francisco Bilbao 0686;;;;SAN CARLOS;XVI REGION;CL;42490;0;990;0;43480;0;CLP
000000596684;24708402301-A;01/06/2026 08:42:34;Recibido;39990;990;40980;7198;0.0000;32792;1;ABRIGO CIERRE LATERAL CAFE  NICOPOLY;MPM10003237675-2;N06193UM;01/06/2026 08:42:35;Retiro Tienda Ripley Puente_BE;Huichapan;Ximena;;21 de Mayo 698;4to Piso. Modulo Retiro en Tienda;;;SANTIAGO;REG.METROPOLITANA;CL;Huichapan;Ximena;;Río Trancura 9639;;;;SANTIAGO;REG.METROPOLITANA;CL;39990;0;990;0;40980;0;CLP
000000596684;24709282303-A;01/06/2026 09:27:33;Recibido;22990;990;23980;4138;0.0000;18852;1;VESTIDO PLIEGUES EN CINTURA NEGRO NICOPOLY;MPM10002627270-3;N05278BM;01/06/2026 09:27:34;Retiro Tienda Ripley Temuco_BE;Silva;Maria;;Arturo Prat 656, Temuco;2do Piso. Modulo Retiro en Tienda;;;TEMUCO;IX REGION;CL;Silva;Maria;;Arturo Prat 656, Temuco;;;;TEMUCO;IX REGION;CL;22990;0;990;0;23980;0;CLP
000000596684;24709479302-A;01/06/2026 09:36:57;Recibido;15990;0;15990;2878;0.0000;13112;1;BLUSA CUELLO MAO MANGA GLOBO BLANCO NICOPOLY;MPM10003221533-2;N06289AM;01/06/2026 09:36:58;Retiro Tienda Ripley Costanera Center_BE;Morales Hinojosa;Deisy;;Avenida Andrés Bello 2422;" 1er Piso. Modulo Retiro en Tienda";;;PROVIDENCIA;REG.METROPOLITANA;CL;Morales Hinojosa;Deisy;;San pío X 2460;;;;PROVIDENCIA;REG.METROPOLITANA;CL;15990;0;0;0;15990;0;CLP
000000596684;24709874201-A;01/06/2026 09:52:40;Recibido;16990;0;16990;3058;0.0000;13932;1;FULFILLMENT-GILET SASTRE ENTALLADO BLANCO NICOPOLY;MPM10002952993-3;N06063AM-FF;01/06/2026 09:52:41;FF_MATRIX_STS;Cayo;Karen;;Vivar 550;" 4to Piso. Servicio al Cliente";;;IQUIQUE;I REGION;CL;Cayo;Karen;;Matilla 3451;;;;IQUIQUE;I REGION;CL;16990;0;0;0;16990;0;CLP
000000596684;24710412001-A;01/06/2026 10:14:44;Recibido;22990;0;22990;4138;0.0000;18852;1;PANTALON ESTILO JAPONE S PIERNA ANCHA BURDEO NICOPOLY;MPM10003177451-2;N06180TS;01/06/2026 10:14:45;Retiro Tienda Ripley Talca_BE;Gaete;Brbara;;"8 Oriente 1212 ";" 2do Piso. Modulo Retiro en Tienda";;;TALCA;VII REGION;CL;Gaete;Brbara;;21 y media oriente 3022 3022;;;;TALCA;VII REGION;CL;22990;0;0;0;22990;0;CLP
000000596684;24710430801-A;01/06/2026 10:15:24;Reembolsado;23990;0;23990;4318;0.0000;19672;1;CAMISA MUJER NICOPOLY NEGRO BÁSICA TIPO SATÍN;MPM10002128958-3;N05287BM;01/06/2026 10:15:25;Retiro Tienda Ripley Iquique_BE;Villarroel;Myriam Andrea;;Vivar 550;" 4to Piso. Servicio al Cliente";;;IQUIQUE;I REGION;CL;Villarroel;Myriam Andrea;;José Francisco Vergara 3314;;;;IQUIQUE;I REGION;CL;23990;0;0;0;23990;0;CLP
000000596684;24710430801-A;01/06/2026 10:15:24;Reembolsado;13190;0;13190;2374;0.0000;10816;1;BLUSA BASICA ESCOTE EN V ROSADO NICOPOLY;MPM10002968322-3;N02493HM;01/06/2026 10:15:25;Retiro Tienda Ripley Iquique_BE;Villarroel;Myriam Andrea;;Vivar 550;" 4to Piso. Servicio al Cliente";;;IQUIQUE;I REGION;CL;Villarroel;Myriam Andrea;;José Francisco Vergara 3314;;;;IQUIQUE;I REGION;CL;13190;0;0;0;13190;0;CLP
000000596684;24712075001-A;01/06/2026 11:18:28;Recibido;45990;0;45990;8278;0.0000;37712;1;FULFILLMENT-ABRIGO MUJER NICOPOLY CON CINTURON HEBILLA METALICA AZUL REY;MPM10003238350-1;N06215CM-FF;01/06/2026 11:18:30;FF_MATRIX_STS;Stuardo Vergara;Sandra;;Castellon 520, Concepcion;6to Piso. Servicio al Cliente;;;CONCEPCION;VIII REGION;CL;Stuardo Vergara;Sandra;;Castellon 520, Concepcion;;;;CONCEPCION;VIII REGION;CL;45990;0;0;0;45990;0;CLP
000000596684;24712911202-A;01/06/2026 11:48:43;Recibido;39990;0;39990;7198;0.0000;32792;1;FULFILLMENT-ABRIGO CUELLO CAMISERO CAFE  NICOPOLY;MPM10003238341-2;N06207US-FF;01/06/2026 11:48:44;FF_MATRIX;Troncoso;"Macarena ";;claudio arrau  7152;106;;;SANTIAGO;REG.METROPOLITANA;CL;Troncoso;"Macarena ";;claudio arrau  7152;;;;SANTIAGO;REG.METROPOLITANA;CL;39990;0;0;0;39990;0;CLP
000000596684;24713337901-A;01/06/2026 12:04:36;Recibido;39990;990;40980;7198;0.0000;32792;1;ABRIGO CIERRE LATERAL OLIVA NICOPOLY;MPM10003237666-1;N06193ML;01/06/2026 12:04:37;Retiro Tienda Ripley Plaza Oeste_BE;Ruiz;Katherine;;Américo Vespucio 1501;" 3er Piso. Modulo Retiro en Tienda";;;CERRILLOS;REG.METROPOLITANA;CL;Ruiz;Katherine;;AV PADRE HURTADO 621;;;;CERRILLOS;REG.METROPOLITANA;CL;39990;0;990;0;40980;0;CLP
000000596684;24714057601-A;01/06/2026 12:35:13;Recibido;22990;990;23980;4138;0.0000;18852;1;VESTIDO PLIEGUES EN CINTURA NEGRO NICOPOLY;MPM10002627270-3;N05278BM;01/06/2026 12:35:14;Retiro Tienda Ripley Antofagasta_BE;Solar Pizarro;Maria Jose;;Arturo Prat 530;" 4to Piso. Servicio al Cliente";;;ANTOFAGASTA;II REGION;CL;Solar Pizarro;Maria Jose;;Avenida rica aventura 10850;;;;ANTOFAGASTA;II REGION;CL;22990;0;990;0;23980;0;CLP
000000596684;24714018601-A;01/06/2026 12:35:36;Recibido;29990;0;29990;5398;0.0000;24592;1;BOMBER TIPO LANILLA NEGRO NICOPOLY;MPM10002661329-3;N05161BS;01/06/2026 12:35:37;Retiro Tienda Ripley Antofagasta_BE;Miranda;Claudia;;Arturo Prat 530;" 4to Piso. Servicio al Cliente";;;ANTOFAGASTA;II REGION;CL;Miranda;Claudia;;Arturo Prat 530;;;;ANTOFAGASTA;II REGION;CL;29990;0;0;0;29990;0;CLP
000000596684;24714085101-A;01/06/2026 12:36:15;Recibido;22990;0;22990;4138;0.0000;18852;1;FULFILLMENT-PANTALON ESTILO JAPONE S PIERNA ANCHA BURDEO NICOPOLY;MPM10003195740-3;N06180TM-FF;01/06/2026 12:36:16;FF_MATRIX_STS;Peña;Karin;;Larrain 5800;" 3er Piso. Modulo Retiro en Tienda";;;NUNOA;REG.METROPOLITANA;CL;Peña;Karin;;Francisco de Villagra 327;;;;NUNOA;REG.METROPOLITANA;CL;22990;0;0;0;22990;0;CLP
000000596684;24714284801-A;01/06/2026 12:45:21;Recibido;14990;495;15485;2698;0.0000;12292;1;SWEATER DE PUNTO CALADO CELESTE NICOPOLY;MPM10003222664-1;N06236KM;01/06/2026 12:45:22;Retiro Tienda Ripley Antofagasta_BE;AHUMADA;CARLA;;Arturo Prat 530;" 4to Piso. Servicio al Cliente";;;ANTOFAGASTA;II REGION;CL;Alvarez Segovia;David;;Arturo Prat 530;;;;ANTOFAGASTA;II REGION;CL;14990;0;495;0;15485;0;CLP
000000596684;24714284801-A;01/06/2026 12:45:21;Recibido;17490;495;17985;3148;0.0000;14342;1;SWEATER CON PATRON TRENZADO MOCCA NICOPOLY;MPM10003222705-2;N06237OM;01/06/2026 12:45:22;Retiro Tienda Ripley Antofagasta_BE;AHUMADA;CARLA;;Arturo Prat 530;" 4to Piso. Servicio al Cliente";;;ANTOFAGASTA;II REGION;CL;Alvarez Segovia;David;;Arturo Prat 530;;;;ANTOFAGASTA;II REGION;CL;17490;0;495;0;17985;0;CLP
000000596684;24714284802-A;01/06/2026 12:45:22;Recibido;19890;0;19890;3580;0.0000;16310;1;FULFILLMENT-SWEATER TRENZADO CUELLO REDONDO NEGRO NICOPOLY;MPM10003227960-1;N06229BS-FF;01/06/2026 12:45:23;FF_MATRIX_STS;AHUMADA;CARLA;;Arturo Prat 530;" 4to Piso. Servicio al Cliente";;;ANTOFAGASTA;II REGION;CL;Alvarez Segovia;David;;Arturo Prat 530;;;;ANTOFAGASTA;II REGION;CL;19890;0;0;0;19890;0;CLP
000000596684;24714339401-A;01/06/2026 12:48:28;Recibido;34790;990;35780;6262;0.0000;28528;1;CHAQUETA ECOCUERO ACOLCHADO CUELLO MAO NEGRO NICOPOLY;MPM10003217336-3;N06205BXL;01/06/2026 12:48:30;Retiro Tienda Ripley Crillon_BE;Sanhueza;Charlotte;;Agustinas #1025;Piso -1. Modulo Retiro en Tienda;;;SANTIAGO;REG.METROPOLITANA;CL;Sanhueza;Charlotte;;Francisco Zelada 086;;;;SANTIAGO;REG.METROPOLITANA;CL;34790;0;990;0;35780;0;CLP
000000596684;24714337201-A;01/06/2026 12:50:26;Recibido;19790;990;20780;3562;0.0000;16228;1;CARDIGAN FLORES TEJIDAS GRIS NICOPOLY;MPM10003234028-1;N06235NL;01/06/2026 12:50:27;Retiro Tienda Ripley La Calera_BE;Figueroa Meza;Maria Beatriz;;JJ Perez 90, La Calera;" 2do Piso. Modulo Retiro en Tienda";;;LA CALERA;V REGION;CL;Figueroa Meza;Maria Beatriz;;Los educadores  763;;;;LA CALERA;V REGION;CL;19790;0;990;0;20780;0;CLP
000000596684;24714662301-A;01/06/2026 13:02:33;Reembolsado;21490;0;21490;3868;0.0000;17622;1;FULFILLMENT-JEANS RECTOS TIRO ALTO OXIDO NICOPOLY;MPM10003208968-1;N06283R42-FF;01/06/2026 13:02:34;FF_MATRIX_STS;Carrasco Fuentealba;Maria Angelica;;Avenida Jorge Alessandri 3177;" 3er Piso. Modulo Retiro en Tienda";;;TALCAHUANO;VIII REGION;CL;Carrasco Fuentealba;Maria Angelica;;malaquias concha  1260;;;;TALCAHUANO;VIII REGION;CL;21490;0;0;0;21490;0;CLP
000000596684;24714812101-A;01/06/2026 13:09:52;Recibido;37490;0;37490;6748;0.0000;30742;1;FULFILLMENT-ABRIGO SOLAPA REDONDA UVA NICOPOLY;MPM10002725903-2;N05252ZM-FF;01/06/2026 13:09:53;FF_MATRIX_STS;Caceres Garate;Romina;;José Domingo Mujica 490;" 3er Piso. Modulo Retiro en Tienda";;;RANCAGUA;VI REGION;CL;Caceres Garate;Romina;;José Domingo Mujica 490;;;;RANCAGUA;VI REGION;CL;37490;0;0;0;37490;0;CLP
000000596684;24715161101-A;01/06/2026 13:24:39;Reembolsado;24990;0;24990;4498;0.0000;20492;1;BOMBER TIPO LANILLA NEGRO NICOPOLY;MPM10002661329-1;N05161BL;01/06/2026 13:24:41;Retiro Tienda Ripley Plaza Egana_BE;Córdova Arroyo;Lorena;;Larrain 5800;" 3er Piso. Modulo Retiro en Tienda";;;NUNOA;REG.METROPOLITANA;CL;Córdova Arroyo;Lorena;;Porvenir 43;;;;NUNOA;REG.METROPOLITANA;CL;24990;0;0;0;24990;0;CLP
000000596684;24715416901-A;01/06/2026 13:33:36;Recibido;35990;990;36980;6478;0.0000;29512;1;ABRIGO OVERSIZE PIED DE POULE ROJO NICOPOLY;MPM10001383884-1;N04219DL;01/06/2026 13:33:37;Retiro Tienda Ripley El Trebol_BE;Monroy;Lorena;;Avenida Jorge Alessandri 3177;" 3er Piso. Modulo Retiro en Tienda";;;TALCAHUANO;VIII REGION;CL;Monroy;Lorena;;Avenida Jorge Alessandri 3177;;;;TALCAHUANO;VIII REGION;CL;35990;0;990;0;36980;0;CLP
000000596684;24715398401-A;01/06/2026 13:36:55;Recibido;25190;990;26180;4534;0.0000;20656;1;JEANS RECTOS TIRO ALTO NEGRO	 NICOPOLY;MPM10003202877-2;N06283B40;01/06/2026 13:36:57;Retiro Tienda Ripley Plaza Egana_BE;Díaz;Paola;;Larrain 5800;" 3er Piso. Modulo Retiro en Tienda";;;NUNOA;REG.METROPOLITANA;CL;Díaz;Paola;;Larrain 5800;;;;NUNOA;REG.METROPOLITANA;CL;25190;0;990;0;26180;0;CLP
000000596684;24715928301-A;01/06/2026 13:52:06;Recibido;13190;990;14180;2374;0.0000;10816;1;CARDIGAN BASICO ROSADO  NICOPOLY;MPM10002924256-2;N06010HS;01/06/2026 13:52:06;Retiro Tienda Ripley Valparaiso_BE;"Lagos ";Monica;;Plaza Victoria 1646;" 4to Piso. Servicio al Cliente";;;VALPARAISO;V REGION;CL;"Lagos ";Monica;;Plaza Victoria 1646;;;;VALPARAISO;V REGION;CL;13190;0;990;0;14180;0;CLP
000000596684;24716162001-A;01/06/2026 14:00:40;Recibido;24990;990;25980;4498;0.0000;20492;1;BOMBER TIPO LANILLA NEGRO NICOPOLY;MPM10002661329-2;N05161BM;01/06/2026 14:00:41;Retiro Tienda Ripley Marina Arauco_BE;Ojeda;Nataly;;Avenida Libertad 1348;" Piso 4. Modulo Retiro en Tienda";;;VI.A DEL MA;V REGION;CL;Ojeda;Nataly;;Avenida Libertad 1348;;;;VI.A DEL MA;V REGION;CL;24990;0;990;0;25980;0;CLP
000000596684;24716200901-A;01/06/2026 14:02:24;Recibido;39990;990;40980;7198;0.0000;32792;1;ABRIGO LAZO CAFE  NICOPOLY;MPM10001383861-1;N04227UM;01/06/2026 14:02:25;Retiro Tienda Ripley Puente_BE;Flores Ruiz;Yosselin Fiorella;;21 de Mayo 698;4to Piso. Modulo Retiro en Tienda;;;SANTIAGO;REG.METROPOLITANA;CL;Flores Ruiz;Yosselin Fiorella;;21 de Mayo 698;;;;SANTIAGO;REG.METROPOLITANA;CL;39990;0;990;0;40980;0;CLP
000000596684;24716224501-A;01/06/2026 14:03:34;Recibido;39990;990;40980;7198;0.0000;32792;1;ABRIGO LARGO LAZO VERDE PETROLEO NICOPOLY;MPM10003232413-1;N04227EXL;01/06/2026 14:03:35;Retiro Tienda Ripley Talca_BE;Flores;Susana;;8 Oriente 1212;" 2do Piso. Modulo Retiro en Tienda";;;TALCA;VII REGION;CL;Flores;Susana;;K-555 92;;;;TALCA;VII REGION;CL;39990;0;990;0;40980;0;CLP
000000596684;24716407401-A;01/06/2026 14:11:06;Recibido;39990;0;39990;7198;0.0000;32792;1;ABRIGO 4 BOTONES ROJO NICOPOLY;MPM10002646327-2;N05155DL;01/06/2026 14:11:08;Retiro Tienda Ripley Talca_BE;Amigo;Romyna;;8 Oriente 1212;" 2do Piso. Modulo Retiro en Tienda";;;TALCA;VII REGION;CL;Amigo;Romyna;;Calle 1 Norte 1951;;;;TALCA;VII REGION;CL;39990;0;0;0;39990;0;CLP
000000596684;24716612701-A;01/06/2026 14:19:00;Recibido;15990;990;16980;2878;0.0000;13112;1;BLUSA CUELLO MAO MANGA GLOBO BLANCO NICOPOLY;MPM10003221533-2;N06289AM;01/06/2026 14:19:01;Retiro Tienda Ripley Chillan_BE;Barriga;Carolina;;5 de Abril 699;4to Piso. Centro de atención al Cliente;;;CHILLAN;XVI REGION;CL;Barriga;Carolina;;5 de Abril 699;;;;CHILLAN;XVI REGION;CL;15990;0;990;0;16980;0;CLP
000000596684;24717010601-A;01/06/2026 14:34:59;Recibido;39990;990;40980;7198;0.0000;32792;1;BLAZER PATRON ESPIGA GRAFITO NICOPOLY;MPM10001497650-4;N04159NS;01/06/2026 14:35:00;Retiro Tienda Ripley Coquimbo_BE;Cortes;Nevenka;;Baquedano 86;" 1er Piso. Servicio al Cliente";;;COQUIMBO;IV REGION;CL;Cortes;Nevenka;;Baquedano 86;;;;COQUIMBO;IV REGION;CL;39990;0;990;0;40980;0;CLP
000000596684;24717264101-A;01/06/2026 14:42:47;Recibido;37490;0;37490;6748;0.0000;30742;1;FULFILLMENT-ABRIGO SOLAPA REDONDA NEGRONICOPOLY;MPM10002725914-3;N05252BL-FF;01/06/2026 14:42:48;FF_MATRIX;Cotre;Ana;;Los Pehuenches 519;Casa;;;TALCAHUANO;VIII REGION;CL;Cotre;Ana;;Los Pehuenches 519;;;;TALCAHUANO;VIII REGION;CL;37490;0;0;0;37490;0;CLP
000000596684;24717866401-A;01/06/2026 15:06:49;Recibido;42490;990;43480;7648;0.0000;34842;1;ABRIGO SOLAPA Y CINTURON NEGRO NICOPOLY;MPM10003232688-3;N06188BXL;01/06/2026 15:06:50;Retiro Tienda Ripley Plaza Vespucio_BE;Ramírez;Carlos;;Av. Vicuña Mackenna Ote. 7110, La Florida;3er Piso. Modulo Retiro en Tienda;;;LA FLORIDA;REG.METROPOLITANA;CL;Ramírez;Carlos;;Violeta Parra 2031;;;;LA FLORIDA;REG.METROPOLITANA;CL;42490;0;990;0;43480;0;CLP
000000596684;24718244001-A;01/06/2026 15:20:36;Recibido;28990;0;28990;5218;0.0000;23772;1;CHAQUETA ECOCUERO ACOLCHADO CUELLO MAO NEGRO NICOPOLY;MPM10003217336-2;N06205BM;01/06/2026 15:20:37;Retiro Tienda Ripley Plaza Vespucio_BE;Bascunan;Vanessa;;Av. Vicuña Mackenna Ote. 7110, La Florida;3er Piso. Modulo Retiro en Tienda;;;LA FLORIDA;REG.METROPOLITANA;CL;Bascunan;Vanessa;;Lagunillas  678;;;;LA FLORIDA;REG.METROPOLITANA;CL;28990;0;0;0;28990;0;CLP
000000596684;24718396501-A;01/06/2026 15:26:57;Recibido;43190;990;44180;7774;0.0000;35416;1;ABRIGO SOLAPA REDONDA NEGRO NICOPOLY;MPM10002646294-2;N05252BS;01/06/2026 15:26:58;Retiro Tienda Ripley Temuco_BE;Vega;Micaela;;Arturo Prat 656, Temuco;2do Piso. Modulo Retiro en Tienda;;;TEMUCO;IX REGION;CL;Vega;Camila;;Lord cochrane  1396;;;;TEMUCO;IX REGION;CL;43190;0;990;0;44180;0;CLP
000000596684;24718352001-A;01/06/2026 15:27:01;Recibido;26990;990;27980;4858;0.0000;22132;1;BLAZER BASICO DE TOPE MORADO NICOPOLY;MPM10002843019-4;N05301ZS-7;01/06/2026 15:27:02;Retiro Tienda Ripley Costanera Center_BE;Osorio;María José;;Avenida Andrés Bello 2422;" 1er Piso. Modulo Retiro en Tienda";;;PROVIDENCIA;REG.METROPOLITANA;CL;Osorio;María José;;Avenida Andrés Bello 2422;;;;PROVIDENCIA;REG.METROPOLITANA;CL;26990;0;990;0;27980;0;CLP
000000596684;24718520201-A;01/06/2026 15:35:30;Recibido;33990;0;33990;6118;0.0000;27872;1;CHAQUETA CORTA TIPO GAMUZA CAFE  NICOPOLY;MPM10003221921-3;N06221US;01/06/2026 15:35:31;Retiro Tienda Ripley Talca_BE;"Riveros Cerpa ";"Veronica ";;8 Oriente 1212;" 2do Piso. Modulo Retiro en Tienda";;;TALCA;VII REGION;CL;"Riveros Cerpa ";"Veronica ";;1 norte  797;;;;TALCA;VII REGION;CL;33990;0;0;0;33990;0;CLP
000000596684;24718861701-A;01/06/2026 15:47:39;Recibido;17390;0;17390;3130;0.0000;14260;1;FULFILLMENT-CARDIGAN CUELLO V CON 3 BOTONES CAFE  NICOPOLY;MPM10003209021-3;N06232UL-FF;01/06/2026 15:47:41;FF_MATRIX_STS;Ríos Mahnert;Natalia;;Avenida Andrés Bello 2422;" 1er Piso. Modulo Retiro en Tienda";;;PROVIDENCIA;REG.METROPOLITANA;CL;Ríos Mahnert;Natalia;;Avenida Andrés Bello 2422;;;;PROVIDENCIA;REG.METROPOLITANA;CL;17390;0;0;0;17390;0;CLP
000000596684;24718947201-A;01/06/2026 15:49:49;Recibido;29990;990;30980;5398;0.0000;24592;1;BLAZER MUJER NICOPOLY VERDE OSCURO CUELLO MAO;MPM10002160487-4;N00156ES-6;01/06/2026 15:49:50;Retiro Tienda Ripley Plaza Oeste_BE;Saldaña;Debora;;Américo Vespucio 1501;" 3er Piso. Modulo Retiro en Tienda";;;CERRILLOS;REG.METROPOLITANA;CL;Villalobos;Hans;;Claudio Gay 12225;;;;CERRILLOS;REG.METROPOLITANA;CL;29990;0;990;0;30980;0;CLP
000000596684;24719121401-A;01/06/2026 15:55:10;Recibido;10990;0;10990;1978;0.0000;9012;1;FALDA MUJER NICOPOLY CAFÉ MINI LEOPARDO;MPM10002146549-2;N05309UL;01/06/2026 15:55:11;Retiro Tienda Ripley San Bernardo_BE;Baeza;Romina;;Av. Pdte. Jorge Alessandri Rodríguez 20040, San Bernardo;2do Piso. Modulo Retiro en Tienda;;;SN.BERNARDO;REG.METROPOLITANA;CL;Baeza;Romina;;Av. Pdte. Jorge Alessandri Rodríguez 20040, San Bernardo;;;;SN.BERNARDO;REG.METROPOLITANA;CL;10990;0;0;0;10990;0;CLP
000000596684;24719192901-A;01/06/2026 15:57:35;Recibido;39990;990;40980;7198;0.0000;32792;1;ABRIGO CUELLO PELO SINTE TICO NEGRO NICOPOLY;MPM10003237726-2;N06220BL;01/06/2026 15:57:36;Retiro Tienda Ripley Maipu_BE;Donoso;Manuel;;Av. Americo Vespucio 399;" 2do Piso. Modulo Retiro en Tienda";;;MAIPU;REG.METROPOLITANA;CL;Donoso;Manuel;;Av. Americo Vespucio 399;;;;MAIPU;REG.METROPOLITANA;CL;39990;0;990;0;40980;0;CLP
000000596684;24719487901-A;01/06/2026 16:10:04;Reembolsado;47490;990;48480;8548;0.0000;38942;1;ABRIGO CINTURON Y SOLAPA NEGRO NICOPOLY;MPM10003237719-4;N06212BS;01/06/2026 16:10:05;Retiro Tienda Ripley Copiapo_BE;Herrera;Cecilia Andrea;;Calle Maipu S/N, Copiapo;" 2do Piso. Servicio al Cliente";;;COPIAPO;III REGION;CL;Herrera;Cecilia Andrea;;Ramón Carnicer 285;;;;COPIAPO;III REGION;CL;47490;0;990;0;48480;0;CLP
000000596684;24719831001-A;01/06/2026 16:24:06;Recibido;32990;990;33980;5938;0.0000;27052;1;CHAQUETA BIKER NEGRO NICOPOLY;MPM10002617343-4;N02107BS-6;01/06/2026 16:24:07;Retiro Tienda Ripley Iquique_BE;Bernal;Fernanda;;Vivar 550;" 4to Piso. Servicio al Cliente";;;IQUIQUE;I REGION;CL;Bernal;Fernanda;;Vivar 550;;;;IQUIQUE;I REGION;CL;32990;0;990;0;33980;0;CLP
000000596684;24720480701-A;01/06/2026 16:51:56;Recibido;31190;0;31190;5614;0.0000;25576;1;BLAZER PINCELADAS AZUL NICOPOLY;MPM10002627272-3;N05322PM;01/06/2026 16:51:57;Retiro Tienda Ripley Arica_BE;"Sossa ";"Katherine ";;Av. Diego Portales 640, Arica;2do Piso. Modulo Retiro en Tienda;;;ARICA;XV REGION;CL;Lanis;"Sandra ";;18 de septiembre  301;;;;ARICA;XV REGION;CL;31190;0;0;0;31190;0;CLP
000000596684;24720480701-A;01/06/2026 16:51:56;Recibido;24990;0;24990;4498;0.0000;20492;1;BLAZER MUJER NICOPOLY KHAKI CUELLO MAO;MPM10002160480-1;N00156LM-6;01/06/2026 16:51:57;Retiro Tienda Ripley Arica_BE;"Sossa ";"Katherine ";;Av. Diego Portales 640, Arica;2do Piso. Modulo Retiro en Tienda;;;ARICA;XV REGION;CL;Lanis;"Sandra ";;18 de septiembre  301;;;;ARICA;XV REGION;CL;24990;0;0;0;24990;0;CLP
000000596684;24720480701-A;01/06/2026 16:51:56;Recibido;22990;0;22990;4138;0.0000;18852;1;BLAZER BASICO DE TOPE MORADO NICOPOLY;MPM10002843019-3;N05301ZM-7;01/06/2026 16:51:57;Retiro Tienda Ripley Arica_BE;"Sossa ";"Katherine ";;Av. Diego Portales 640, Arica;2do Piso. Modulo Retiro en Tienda;;;ARICA;XV REGION;CL;Lanis;"Sandra ";;18 de septiembre  301;;;;ARICA;XV REGION;CL;22990;0;0;0;22990;0;CLP
000000596684;24720508301-A;01/06/2026 16:52:47;Recibido;13190;990;14180;2374;0.0000;10816;1;POLERA ENCAJE CUELLO ALTO BLANCO NICOPOLY;MPM10003217354-3;N06305AM;01/06/2026 16:52:47;Retiro Tienda Ripley Plaza Vespucio_BE;Poblete;Paulina;;Av. Vicuña Mackenna Ote. 7110, La Florida;3er Piso. Modulo Retiro en Tienda;;;LA FLORIDA;REG.METROPOLITANA;CL;Poblete;Paulina;;avenida santa rosa 7855;;;;LA FLORIDA;REG.METROPOLITANA;CL;13190;0;990;0;14180;0;CLP
000000596684;24720591901-A;01/06/2026 16:58:13;Recibido;17990;0;17990;3238;0.0000;14752;1;FULFILLMENT-BLUSA MANGA LARGA CON CORBATIN CAFE  NICOPOLY;MPM10003221463-4;N06184UL-FF;01/06/2026 16:58:14;FF_MATRIX_STS;Tapia;Paula;;5 de Abril 699;4to Piso. Centro de atención al Cliente;;;CHILLAN;XVI REGION;CL;Tapia;Paula;;5 de Abril 699;;;;CHILLAN;XVI REGION;CL;17990;0;0;0;17990;0;CLP
000000596684;24720596601-A;01/06/2026 17:01:08;Recibido;29990;990;30980;5398;0.0000;24592;1;CHAQUETA MITAD CHIPORRO/PARKA NEGRO NICOPOLY;MPM10001383882-3;N04152BM;01/06/2026 17:01:09;Retiro Tienda Ripley Nueva Alameda_BE;Parra;Priscila;;Av Libertador Bernardo O'Higgins 3470, Santiago;3er Piso. Modulo Retiro en Tienda;;;EST.CENTRAL;REG.METROPOLITANA;CL;Parra;Priscila;;Av Libertador Bernardo O'Higgins 3470, Santiago;;;;EST.CENTRAL;REG.METROPOLITANA;CL;29990;0;990;0;30980;0;CLP
000000596684;24720760601-A;01/06/2026 17:03:04;Reembolsado;17490;0;17490;3148;0.0000;14342;1;CARDIGAN DISEÑO TRENZADO NEGRO NICOPOLY;MPM10003217102-3;N06240BS;01/06/2026 17:03:05;Retiro Tienda Ripley Maipu_BE;Munoz;Maria Loreto;;Av. Americo Vespucio 399;" 2do Piso. Modulo Retiro en Tienda";;;MAIPU;REG.METROPOLITANA;CL;Munoz;Maria Loreto;;Claudio César  653;;;;MAIPU;REG.METROPOLITANA;CL;17490;0;0;0;17490;0;CLP
000000596684;24720972401-A;01/06/2026 17:11:59;Reembolsado;37490;0;37490;6748;0.0000;30742;1;ABRIGO SOLAPA REDONDA NEGRO NICOPOLY;MPM10002646294-1;N05252BL;01/06/2026 17:12:00;Retiro Tienda Ripley Maipu_BE;Orellana;Lorena;;Av. Americo Vespucio 399;" 2do Piso. Modulo Retiro en Tienda";;;MAIPU;REG.METROPOLITANA;CL;Orellana;Lorena;;LOS DIAMANTES  0291;;;;MAIPU;REG.METROPOLITANA;CL;37490;0;0;0;37490;0;CLP
000000596684;24720961401-A;01/06/2026 17:12:46;Recibido;15990;0;15990;2878;0.0000;13112;1;FULFILLMENT-BLUSA MANGA LARGA CON CORBATIN BURDEO NICOPOLY;MPM10003221473-2;N06184TXL-FF;01/06/2026 17:12:47;FF_MATRIX_STS;Cavadia;Nancy;;Arturo Prat 530;" 4to Piso. Servicio al Cliente";;;ANTOFAGASTA;II REGION;CL;Cavadia;Nancy;;Sierra Nevada  11068;;;;ANTOFAGASTA;II REGION;CL;15990;0;0;0;15990;0;CLP
000000596684;24721175801-A;01/06/2026 17:20:50;Recibido;17990;990;18980;3238;0.0000;14752;1;SWEATER CRUZADO CON BOTONES ROJO NICOPOLY;MPM10003222742-4;N06249DL;01/06/2026 17:20:51;Retiro Tienda Ripley Parque Arauco_BE;Toro;Claudia;;Avenida Kennedy 5413;4to Piso. Modulo Retiro en Tienda;;;LAS CONDES;REG.METROPOLITANA;CL;Toro;Claudia;;Avenida Presidente Riesco 5157;;;;LAS CONDES;REG.METROPOLITANA;CL;17990;0;990;0;18980;0;CLP
000000596684;24721266401-A;01/06/2026 17:24:35;Recibido;26990;990;27980;4858;0.0000;22132;1;BLAZER BOLSILLOS CON SOLAPAS KHAKI NICOPOLY;MPM10001437613-3;N04260LM;01/06/2026 17:24:36;Retiro Tienda Ripley Tobalaba_BE;Quechuvil;Elizabeth;;Av. Camilo Henríquez 3296, Puente Alto;2do Piso. Modulo Retiro en Tienda;;;PUENTE ALTO;REG.METROPOLITANA;CL;Quechuvil;Elizabeth;;Bahia catalina 11667;;;;PUENTE ALTO;REG.METROPOLITANA;CL;26990;0;990;0;27980;0;CLP
000000596684;24721506901-A;01/06/2026 17:35:19;Recibido;14490;990;15480;2608;0.0000;11882;1;SWEATER MUJER NICOPOLY NEGRO BÁSICO CUELLO REDONDO;MPM10002160479-2;N04248BS-6;01/06/2026 17:35:20;Retiro Tienda Ripley Maipu_BE;Rojas;Veronica;;Av. Americo Vespucio 399;" 2do Piso. Modulo Retiro en Tienda";;;MAIPU;REG.METROPOLITANA;CL;Rojas;Veronica;;Huáscar 1351;;;;MAIPU;REG.METROPOLITANA;CL;14490;0;990;0;15480;0;CLP
000000596684;24722026001-A;01/06/2026 17:58:26;Recibido;36490;990;37480;6568;0.0000;29922;1;BLAZER OVERSIZE TIPO GAMUZA CAFE  NICOPOLY;MPM10003221915-3;N06196UM;01/06/2026 17:58:27;Retiro Tienda Ripley El Trebol_BE;Zambrano Cerda;Claudia;;Avenida Jorge Alessandri 3177;" 3er Piso. Modulo Retiro en Tienda";;;TALCAHUANO;VIII REGION;CL;Zambrano Cerda;Claudia;;Avenida Jorge Alessandri 3177;;;;TALCAHUANO;VIII REGION;CL;36490;0;990;0;37480;0;CLP
000000596684;24722463301-A;01/06/2026 18:19:12;Recibido;24990;990;25980;4498;0.0000;20492;1;BLAZER MUJER NICOPOLY NEGRO LAZO DELANTERO;MPM10002128962-3;N05276BS;01/06/2026 18:19:13;Retiro Tienda Ripley Plaza Egana_BE;Penailillo;Rachell;;Larrain 5800;" 3er Piso. Modulo Retiro en Tienda";;;NUNOA;REG.METROPOLITANA;CL;Penailillo;Rachell;;Larrain 5800;;;;NUNOA;REG.METROPOLITANA;CL;24990;0;990;0;25980;0;CLP
000000596684;24723083101-A;01/06/2026 18:44:54;Reembolsado;39990;0;39990;7198;0.0000;32792;1;FULFILLMENT-ABRIGO LARGO LAZO NEGRO NICOPOLY;MPM10003238351-2;N04227BXL-6-FF;01/06/2026 18:44:55;FF_MATRIX_STS;Espinoza;Eliana;;Sucre 290, Viña;5to Piso. Modulo Retiro en Tienda;;;VI.A DEL MA;V REGION;CL;Espinoza;Eliana;;Campino 3;;;;VI.A DEL MA;V REGION;CL;39990;0;0;0;39990;0;CLP
000000596684;24723366201-A;01/06/2026 18:56:35;Recibido;44990;990;45980;8098;0.0000;36892;1;PARKA ACOLCHADA CON CINTURON LAZO NEGRO NICOPOLY;MPM10003238043-3;N06194BL;01/06/2026 18:56:36;Retiro Tienda Ripley Puerto Montt_BE;Aguero Cardenas;Lorena Margarita;;Urmeneta 595, Puerto Montt;4to Piso. Servicio al Cliente;;;PTO.MONTT;X REGION;CL;Aguero Cardenas;Lorena Margarita;;Urmeneta 595, Puerto Montt;;;;PTO.MONTT;X REGION;CL;44990;0;990;0;45980;0;CLP
000000596684;24724038501-A;01/06/2026 19:23:42;Recibido;43190;0;43190;7774;0.0000;35416;1;FULFILLMENT-ABRIGO SOLAPA REDONDA NEGRONICOPOLY;MPM10002725914-2;N05252BM-FF;01/06/2026 19:23:43;FF_MATRIX_STS;Maturana;Paulina;;Gregorio Cordovez 499;" 3er Piso. Modulo Retiro en Tienda";;;LA SERENA;IV REGION;CL;Maturana;Paulina;;Aurora  3327;;;;LA SERENA;IV REGION;CL;43190;0;0;0;43190;0;CLP
000000596684;24724099601-A;01/06/2026 19:27:26;Recibido;16790;0;16790;3022;0.0000;13768;1;FULFILLMENT-BLUSA CORBATIN Y VUELOS BURDEO NICOPOLY;MPM10003227965-4;N06274TXL-FF;01/06/2026 19:27:27;FF_MATRIX_STS;CHAVEZ;ELENA;;Larrain 5800;" 3er Piso. Modulo Retiro en Tienda";;;NUNOA;REG.METROPOLITANA;CL;CHAVEZ;ELENA;;managua 2222;;;;NUNOA;REG.METROPOLITANA;CL;16790;0;0;0;16790;0;CLP
000000596684;24724861701-A;01/06/2026 19:53:36;Recibido;37490;0;37490;6748;0.0000;30742;1;ABRIGO SOLAPA REDONDA UVA NICOPOLY;MPM10002646314-1;N05252ZM;01/06/2026 19:53:37;Retiro Tienda Ripley La Calera_BE;Urrutia Ahumada;"Carolina ";;JJ Perez 90, La Calera;" 2do Piso. Modulo Retiro en Tienda";;;LA CALERA;V REGION;CL;Urrutia Ahumada;"Carolina ";;Calle carlos plumers 257;;;;LA CALERA;V REGION;CL;37490;0;0;0;37490;0;CLP
000000596684;24725060101-A;01/06/2026 20:00:18;Recibido;56990;0;56990;10258;0.0000;46732;1;FULFILLMENT-ABRIGO CINTURON Y SOLAPA NEGRO NICOPOLY;MPM10003266245-1;N06212BM-FF;01/06/2026 20:00:19;FF_MATRIX_STS;Roman;Rosa;;José Domingo Mujica 490;" 3er Piso. Modulo Retiro en Tienda";;;RANCAGUA;VI REGION;CL;Roman;Rosa;;Calle Bosques de santa clara 2236;;;;RANCAGUA;VI REGION;CL;56990;0;0;0;56990;0;CLP
000000596684;24725327001-A;01/06/2026 20:08:43;Recibido;40990;990;41980;7378;0.0000;33612;1;TRENCH CLASICO DOBLE BOTONADURA NEGRO NICOPOLY;MPM10003237620-2;N06187BS;01/06/2026 20:08:43;Retiro Tienda Ripley Crillon_BE;Cares;Miguel;;Agustinas #1025;Piso -1. Modulo Retiro en Tienda;;;SANTIAGO;REG.METROPOLITANA;CL;Cares;Miguel;;Agustinas #1025;;;;SANTIAGO;REG.METROPOLITANA;CL;40990;0;990;0;41980;0;CLP
000000596684;24725608501-A;01/06/2026 20:19:55;Recibido;56990;0;56990;10258;0.0000;46732;1;FULFILLMENT-ABRIGO CINTURON Y SOLAPA NEGRO NICOPOLY;MPM10003266245-1;N06212BM-FF;01/06/2026 20:19:56;FF_MATRIX_STS;Del villar;Cristina;;Santa Teresita 683;2do Piso. Servicio al Cliente;;;LOS ANDES;V REGION;CL;Espinoza;John;;Sonia salinas granados 1891;;;;LOS ANDES;V REGION;CL;56990;0;0;0;56990;0;CLP
000000596684;24725814302-A;01/06/2026 20:24:12;Recibido;24490;0;24490;4408;0.0000;20082;1;FULFILLMENT-PANTALON TARTAN GRIS NICOPOLY;MPM10003221464-4;N06277NM-FF;01/06/2026 20:24:13;FF_MATRIX_RC;Jara;Jonas;;Sargento Aldea 1376;S/N;;;AISEN;XI REGION;CL;Jara;Jonas;;Teniente Merino 630;;;;AISEN;XI REGION;CL;24490;0;0;0;24490;0;CLP
000000596684;24725814302-A;01/06/2026 20:24:12;Recibido;15990;0;15990;2878;0.0000;13112;1;FULFILLMENT-SWEATER CUELLO ALTO RAYAS HORIZONTALES BLANCO NICOPOLY;MPM10003266266-2;N06234AS-FF;01/06/2026 20:24:13;FF_MATRIX_RC;Jara;Jonas;;Sargento Aldea 1376;S/N;;;AISEN;XI REGION;CL;Jara;Jonas;;Teniente Merino 630;;;;AISEN;XI REGION;CL;15990;0;0;0;15990;0;CLP
000000596684;24725814302-A;01/06/2026 20:24:12;Recibido;16890;0;16890;3040;0.0000;13850;1;FULFILLMENT-SWEATER TRENZADO CUELLO ALTO BLANCO NICOPOLY;MPM10003266243-1;N06262AS-FF;01/06/2026 20:24:13;FF_MATRIX_RC;Jara;Jonas;;Sargento Aldea 1376;S/N;;;AISEN;XI REGION;CL;Jara;Jonas;;Teniente Merino 630;;;;AISEN;XI REGION;CL;16890;0;0;0;16890;0;CLP
000000596684;24725814302-A;01/06/2026 20:24:12;Recibido;22990;0;22990;4138;0.0000;18852;1;FULFILLMENT-BLAZER BASICO DE TOPE CAFE  NICOPOLY;MPM10003150047-3;N05301US-FF;01/06/2026 20:24:13;FF_MATRIX_RC;Jara;Jonas;;Sargento Aldea 1376;S/N;;;AISEN;XI REGION;CL;Jara;Jonas;;Teniente Merino 630;;;;AISEN;XI REGION;CL;22990;0;0;0;22990;0;CLP
000000596684;24725814301-A;01/06/2026 20:24:12;Recibido;17990;97;18087;3238;0.0000;14752;1;VESTIDO ACANALADO BLANCO CON CINTURON NICOPOLY;MPM10002910460-3;N06097AS;01/06/2026 20:24:13;Flujo Tradicional Habitualidad;Jara;Jonas;;Teniente Merino 630;Oficina;;;AISEN;XI REGION;CL;Jara;Jonas;;Teniente Merino 630;;;;AISEN;XI REGION;CL;17990;0;97;0;18087;0;CLP
000000596684;24725814301-A;01/06/2026 20:24:12;Recibido;18490;97;18587;3328;0.0000;15162;1;BLAZER CRUZADO SIN MANGAS GRIS NICOPOLY;MPM10003217110-1;N06314NS;01/06/2026 20:24:13;Flujo Tradicional Habitualidad;Jara;Jonas;;Teniente Merino 630;Oficina;;;AISEN;XI REGION;CL;Jara;Jonas;;Teniente Merino 630;;;;AISEN;XI REGION;CL;18490;0;97;0;18587;0;CLP
000000596684;24725814301-A;01/06/2026 20:24:12;Recibido;40990;97;41087;7378;0.0000;33612;1;ABRIGO PATRON ESPIGA GRAFITO NICOPOLY;MPM10002646332-2;N05149NS;01/06/2026 20:24:13;Flujo Tradicional Habitualidad;Jara;Jonas;;Teniente Merino 630;Oficina;;;AISEN;XI REGION;CL;Jara;Jonas;;Teniente Merino 630;;;;AISEN;XI REGION;CL;40990;0;97;0;41087;0;CLP
000000596684;24725814301-A;01/06/2026 20:24:12;Recibido;27490;97;27587;4948;0.0000;22542;1;BLAZER CUELLO REDONDO SIN SOLAPA GRIS NICOPOLY;MPM10003221925-3;N06241NS;01/06/2026 20:24:13;Flujo Tradicional Habitualidad;Jara;Jonas;;Teniente Merino 630;Oficina;;;AISEN;XI REGION;CL;Jara;Jonas;;Teniente Merino 630;;;;AISEN;XI REGION;CL;27490;0;97;0;27587;0;CLP
000000596684;24726503401-A;01/06/2026 20:44:44;Recibido;39990;990;40980;7198;0.0000;32792;1;ABRIGO LARGO LAZO ROJO NICOPOLY;MPM10002646309-3;N04227DS-6;01/06/2026 20:44:45;Retiro Tienda Ripley La Serena_BE;Abarca;Daniela;;Gregorio Cordovez 499;" 3er Piso. Modulo Retiro en Tienda";;;LA SERENA;IV REGION;CL;Abarca;Daniela;;Gregorio Cordovez 499;;;;LA SERENA;IV REGION;CL;39990;0;990;0;40980;0;CLP
000000596684;24726647601-A;01/06/2026 20:48:30;Recibido;37490;0;37490;6748;0.0000;30742;1;ABRIGO SOLAPA REDONDA NEGRO NICOPOLY;MPM10002646294-4;N05252BXL;01/06/2026 20:48:31;Retiro Tienda Ripley Marina Arauco_BE;Guerrero H;Mariela;;Avenida Libertad 1348;" Piso 4. Modulo Retiro en Tienda";;;VI.A DEL MA;V REGION;CL;Guerrero H;Mariela;;CONO SUR 4980;;;;VI.A DEL MA;V REGION;CL;37490;0;0;0;37490;0;CLP
000000596684;24726678901-A;01/06/2026 20:49:03;Recibido;17490;495;17985;3148;0.0000;14342;1;CARDIGAN DISEÑO TRENZADO NEGRO NICOPOLY;MPM10003217102-2;N06240BL;01/06/2026 20:49:04;Retiro Tienda Ripley Maipu_BE;Cardenas;Carla;;Av. Americo Vespucio 399;" 2do Piso. Modulo Retiro en Tienda";;;MAIPU;REG.METROPOLITANA;CL;Caro;Patricio;;Samotracia 736;;;;MAIPU;REG.METROPOLITANA;CL;17490;0;495;0;17985;0;CLP
000000596684;24726678901-A;01/06/2026 20:49:03;Recibido;17490;495;17985;3148;0.0000;14342;1;CARDIGAN DISEÑO TRENZADO CAFE  NICOPOLY;MPM10003217104-3;N06240UL;01/06/2026 20:49:04;Retiro Tienda Ripley Maipu_BE;Cardenas;Carla;;Av. Americo Vespucio 399;" 2do Piso. Modulo Retiro en Tienda";;;MAIPU;REG.METROPOLITANA;CL;Caro;Patricio;;Samotracia 736;;;;MAIPU;REG.METROPOLITANA;CL;17490;0;495;0;17985;0;CLP
000000596684;24726665501-A;01/06/2026 20:51:17;Recibido;43190;0;43190;7774;0.0000;35416;1;ABRIGO SOLAPA REDONDA ROJO NICOPOLY;MPM10002646316-2;N05252DS;01/06/2026 20:51:18;Retiro Tienda Ripley Chillan_BE;Caro;Fabiola;;5 de Abril 699;4to Piso. Centro de atención al Cliente;;;CHILLAN;XVI REGION;CL;Caro;Fabiola;;Pasaje Zeus 257;;;;CHILLAN;XVI REGION;CL;43190;0;0;0;43190;0;CLP
000000596684;24727052001-A;01/06/2026 20:59:59;Recibido;24990;0;24990;4498;0.0000;20492;1;BLAZER MUJER NICOPOLY NEGRO LAZO DELANTERO;MPM10002128962-1;N05276BL;01/06/2026 21:00:00;Retiro Tienda Ripley Vina Del Mar_BE;Parraguez;Bonnie;;Sucre 290, Viña;5to Piso. Modulo Retiro en Tienda;;;VI.A DEL MA;V REGION;CL;Parraguez;Bonnie;;Sucre 290, Viña;;;;VI.A DEL MA;V REGION;CL;24990;0;0;0;24990;0;CLP
000000596684;24726968301-A;01/06/2026 21:00:37;Recibido;17490;990;18480;3148;0.0000;14342;1;CARDIGAN DISEÑO TRENZADO NEGRO NICOPOLY;MPM10003217102-2;N06240BL;01/06/2026 21:00:38;Retiro Tienda Ripley Tobalaba_BE;Morales;Julia;;Av. Camilo Henríquez 3296, Puente Alto;2do Piso. Modulo Retiro en Tienda;;;PUENTE ALTO;REG.METROPOLITANA;CL;Morales;Julia;;San Pedro 667;;;;PUENTE ALTO;REG.METROPOLITANA;CL;17490;0;990;0;18480;0;CLP
000000596684;24727082901-A;01/06/2026 21:01:04;Reembolsado;29990;0;29990;5398;0.0000;24592;1;FULFILLMENT-JEANS BASICO PIERNA ANCHA;MPM10003087987-2;N06003P42-FF;01/06/2026 21:01:06;FF_MATRIX;Mansilla;Nidia;;Vicaria 2144;Casa;;;MAIPU;REG.METROPOLITANA;CL;Mansilla;Nidia;;Vicaria 2144;;;;MAIPU;REG.METROPOLITANA;CL;29990;0;0;0;29990;0;CLP
000000596684;24727205501-A;01/06/2026 21:04:45;Recibido;39990;990;40980;7198;0.0000;32792;1;ABRIGO CIERRE LATERAL OLIVA NICOPOLY;MPM10003237666-1;N06193ML;01/06/2026 21:04:46;Retiro Tienda Ripley Mall Concepcion_BE;Quilodran;Orieta;;Barros Arana 1068, Concepción;" 3er Piso. Modulo Retiro en Tienda";;;CONCEPCION;VIII REGION;CL;Quilodran;Orieta;;OHIGGINS  2745;;;;CONCEPCION;VIII REGION;CL;39990;0;990;0;40980;0;CLP
000000596684;24727339301-A;01/06/2026 21:09:56;Recibido;37490;990;38480;6748;0.0000;30742;1;ABRIGO SOLAPA REDONDA VERDE PETROLEO NICOPOLY;MPM10003232483-4;N05252EXL;01/06/2026 21:09:57;Retiro Tienda Ripley Portal Temuco_BE;Liguempi;Daniel;;Avenida Alemania 0671;3er Piso, Modulo Retiro en Tienda;;;TEMUCO;IX REGION;CL;Liguempi;Daniel;;Avenida Alemania 671;;;;TEMUCO;IX REGION;CL;37490;0;990;0;38480;0;CLP
000000596684;24727401001-A;01/06/2026 21:10:58;Recibido;29990;0;29990;5398;0.0000;24592;1;CHAQUETA MITAD CHIPORRO/PARKA NEGRO NICOPOLY;MPM10001383882-1;N04152BL;01/06/2026 21:10:59;Retiro Tienda Ripley Huechuraba_BE;Yánez Mejías;Flor Angela;;Av. Americo Vespucio Norte 1737;" 2do Piso. Modulo Retiro en Tienda";;;HUECHURABA;REG.METROPOLITANA;CL;Yánez Mejías;Flor Angela;;Av. Americo Vespucio Norte 1737;;;;HUECHURABA;REG.METROPOLITANA;CL;29990;0;0;0;29990;0;CLP
000000596684;24727527801-A;01/06/2026 21:13:39;Recibido;22990;0;22990;4138;0.0000;18852;1;FULFILLMENT-BLAZER BASICO DE TOPE MORADO NICOPOLY;MPM10003150058-2;N05301ZM-7-FF;01/06/2026 21:13:40;FF_MATRIX_STS;"Sánchez ";"María José ";;Claudio Vicuña 992, Quilpue;" 3er Piso. Modulo Retiro en Tienda";;;QUILPUE;V REGION;CL;Vargas;Nancy;;Barros Arana 993;;;;QUILPUE;V REGION;CL;22990;0;0;0;22990;0;CLP
000000596684;24727631801-A;01/06/2026 21:15:53;Recibido;26990;990;27980;4858;0.0000;22132;1;BLAZER BASICO DE TOPE NEGRO NICOPOLY;MPM10002842906-4;N05301BS-7;01/06/2026 21:15:54;Retiro Tienda Ripley Tobalaba_BE;Maril;Javiera;;Av. Camilo Henríquez 3296, Puente Alto;2do Piso. Modulo Retiro en Tienda;;;PUENTE ALTO;REG.METROPOLITANA;CL;Maril;Javiera;;Avenida San Carlos 02039;;;;PUENTE ALTO;REG.METROPOLITANA;CL;26990;0;990;0;27980;0;CLP
000000596684;24728263401-A;01/06/2026 21:32:13;Recibido;37490;0;37490;6748;0.0000;30742;1;ABRIGO SOLAPA REDONDA NEGRO NICOPOLY;MPM10002646294-2;N05252BS;01/06/2026 21:32:14;Retiro Tienda Ripley Crillon_BE;Sepulveda;Elias;;Agustinas #1025;Piso -1. Modulo Retiro en Tienda;;;SANTIAGO;REG.METROPOLITANA;CL;Sepulveda;Elias;;Agustinas #1025;;;;SANTIAGO;REG.METROPOLITANA;CL;37490;0;0;0;37490;0;CLP
000000596684;24728472801-A;01/06/2026 21:37:37;Recibido;26990;990;27980;4858;0.0000;22132;1;BLAZER BOLSILLOS Y BOTÓN NEGRO NICOPOLY;MPM10001752517-2;N04260BXL-5;01/06/2026 21:37:38;Retiro Tienda Ripley Florida_BE;Quidel;Alex;;Vicuña Mackenna Oriente 6100, La Florida;3er Piso. Modulo Retiro en Tienda;;;LA FLORIDA;REG.METROPOLITANA;CL;Quidel;Alex;;Vicuña Mackenna Oriente 6100, La Florida;;;;LA FLORIDA;REG.METROPOLITANA;CL;26990;0;990;0;27980;0;CLP
000000596684;24728627801-A;01/06/2026 21:41:11;Recibido;24990;0;24990;4498;0.0000;20492;1;FULFILLMENT-CARDIGAN CALADO CUELLO REDONDO CAFE  NICOPOLY;MPM10003221461-1;N06230US-FF;01/06/2026 21:41:12;FF_MATRIX_STS;Rojas;Veronica;;Av. Americo Vespucio 399;" 2do Piso. Modulo Retiro en Tienda";;;MAIPU;REG.METROPOLITANA;CL;Rojas;Veronica;;Av. Americo Vespucio 399;;;;MAIPU;REG.METROPOLITANA;CL;24990;0;0;0;24990;0;CLP
000000596684;24729069302-A;01/06/2026 21:53:23;Recibido;37490;0;37490;6748;0.0000;30742;1;FULFILLMENT-ABRIGO SOLAPA REDONDA ROJO NICOPOLY;MPM10002725932-2;N05252DM-FF;01/06/2026 21:53:24;FF_MATRIX_STS;Rodriguez;Carmen;;Agustinas #1025;Piso -1. Modulo Retiro en Tienda;;;SANTIAGO;REG.METROPOLITANA;CL;Rodriguez;Carmen;;Avenida Andrés Bello 2422;;;;SANTIAGO;REG.METROPOLITANA;CL;37490;0;0;0;37490;0;CLP
000000596684;24729644001-A;01/06/2026 22:12:29;Recibido;37490;0;37490;6748;0.0000;30742;1;FULFILLMENT-ABRIGO SOLAPA REDONDA NEGRONICOPOLY;MPM10002725914-1;N05252BS-FF;01/06/2026 22:12:30;FF_MATRIX;Rojas;Rolando;;Cienfuegos 688;S/N;;;LA SERENA;IV REGION;CL;Rojas;Rolando;;Cienfuegos 688;;;;LA SERENA;IV REGION;CL;37490;0;0;0;37490;0;CLP
000000596684;24729908301-A;01/06/2026 22:14:45;Recibido;55990;990;56980;10078;0.0000;45912;1;CHAQUETA TIPO BARBOUR MOCCA NICOPOLY;MPM10003221538-2;N06197OM;01/06/2026 22:14:46;Retiro Tienda Ripley Mall Concepcion_BE;Castro Gonzalez;Ingrid;;Barros Arana 1068, Concepción;" 3er Piso. Modulo Retiro en Tienda";;;CONCEPCION;VIII REGION;CL;Castro Gonzalez;Ingrid;;Barros Arana 1068, Concepción;;;;CONCEPCION;VIII REGION;CL;55990;0;990;0;56980;0;CLP
000000596684;24730039001-A;01/06/2026 22:15:58;Recibido;14990;0;14990;2698;0.0000;12292;1;CARDIGAN CUELLO V CON 3 BOTONES BURDEO NICOPOLY;MPM10003202722-3;N06232TL;01/06/2026 22:15:59;Retiro Tienda Ripley Iquique_BE;Galvez;Daniela;;Vivar 550;" 4to Piso. Servicio al Cliente";;;IQUIQUE;I REGION;CL;Galvez;Daniela;;Los chunchos 3476;;;;IQUIQUE;I REGION;CL;14990;0;0;0;14990;0;CLP
000000596684;24730039001-A;01/06/2026 22:15:58;Recibido;11990;0;11990;2158;0.0000;9832;1;SWEATER MUJER NICOPOLY NEGRO RAYAS;MPM10002160516-2;N05245BL;01/06/2026 22:15:59;Retiro Tienda Ripley Iquique_BE;Galvez;Daniela;;Vivar 550;" 4to Piso. Servicio al Cliente";;;IQUIQUE;I REGION;CL;Galvez;Daniela;;Los chunchos 3476;;;;IQUIQUE;I REGION;CL;11990;0;0;0;11990;0;CLP
000000596684;24730136802-A;01/06/2026 22:18:51;Recibido;37990;0;37990;6838;0.0000;31152;1;ABRIGO ECOCUERO NEGRO NICOPOLY;MPM10003232486-1;N06217BS;01/06/2026 22:18:53;Retiro Tienda Ripley Puente_BE;Jeria;Reinaldo;;21 de Mayo 698;4to Piso. Modulo Retiro en Tienda;;;SANTIAGO;REG.METROPOLITANA;CL;Jeria;Reinaldo;;Merced  343;;;;SANTIAGO;REG.METROPOLITANA;CL;37990;0;0;0;37990;0;CLP
000000596684;24730317801-A;01/06/2026 22:22:44;Recibido;37990;0;37990;6838;0.0000;31152;1;FULFILLMENT-PANTALON BASICO MORADO NICOPOLY;MPM10003150039-4;N05298ZXL-7-FF;01/06/2026 22:22:45;FF_MATRIX_STS;"Saravia Muñoz ";"Catalina ";;Avenida Alemania 0671;3er Piso, Modulo Retiro en Tienda;;;TEMUCO;IX REGION;CL;Muñoz;Marisol;;Los pensamientos 910;;;;TEMUCO;IX REGION;CL;37990;0;0;0;37990;0;CLP
000000596684;24730317801-A;01/06/2026 22:22:44;Recibido;22990;0;22990;4138;0.0000;18852;1;FULFILLMENT-BLAZER BASICO DE TOPE MORADO NICOPOLY;MPM10003150058-4;N05301ZL-7-FF;01/06/2026 22:22:45;FF_MATRIX_STS;"Saravia Muñoz ";"Catalina ";;Avenida Alemania 0671;3er Piso, Modulo Retiro en Tienda;;;TEMUCO;IX REGION;CL;Muñoz;Marisol;;Los pensamientos 910;;;;TEMUCO;IX REGION;CL;22990;0;0;0;22990;0;CLP
000000596684;24730577501-A;01/06/2026 22:31:49;Recibido;24990;990;25980;4498;0.0000;20492;1;BOMBER TIPO LANILLA NEGRO NICOPOLY;MPM10002661329-2;N05161BM;01/06/2026 22:31:51;Retiro Tienda Ripley Tobalaba_BE;Contador;Francisca;;Av. Camilo Henríquez 3296, Puente Alto;2do Piso. Modulo Retiro en Tienda;;;PUENTE ALTO;REG.METROPOLITANA;CL;"Zamorano ";Claudia;;Avenida Mexico 2227;;;;PUENTE ALTO;REG.METROPOLITANA;CL;24990;0;990;0;25980;0;CLP
000000596684;24730947201-A;01/06/2026 22:38:36;Recibido;37490;990;38480;6748;0.0000;30742;1;ABRIGO SOLAPA REDONDA VERDE PETROLEO NICOPOLY;MPM10003232483-1;N05252EL;01/06/2026 22:38:37;Retiro Tienda Ripley Temuco_BE;Fuentes Morales;Maria;;Arturo Prat 656, Temuco;2do Piso. Modulo Retiro en Tienda;;;TEMUCO;IX REGION;CL;Fuentes Morales;Maria;;Cacique Lienan 01860;;;;TEMUCO;IX REGION;CL;37490;0;990;0;38480;0;CLP
000000596684;24731025101-A;01/06/2026 22:39:42;Recibido;37490;990;38480;6748;0.0000;30742;1;ABRIGO SOLAPA REDONDA CAFE  NICOPOLY;MPM10003232487-1;N05252UXL;01/06/2026 22:39:43;Retiro Tienda Ripley Chillan_BE;Valderrama Acuna;Carmen  Andrea;;5 de Abril 699;4to Piso. Centro de atención al Cliente;;;CHILLAN;XVI REGION;CL;Valderrama Acuna;Carmen  Andrea;;José Joaquín Prieto 101;;;;CHILLAN;XVI REGION;CL;37490;0;990;0;38480;0;CLP
000000596684;24731108201-A;01/06/2026 22:43:06;Recibido;37490;0;37490;6748;0.0000;30742;1;FULFILLMENT-ABRIGO SOLAPA REDONDA NEGRONICOPOLY;MPM10002725914-3;N05252BL-FF;01/06/2026 22:43:07;FF_MATRIX_STS;Troncoso;Marianela;;Avenida Alemania 0671;3er Piso, Modulo Retiro en Tienda;;;TEMUCO;IX REGION;CL;Troncoso;Marianela;;isla san ambrosio 03437;;;;TEMUCO;IX REGION;CL;37490;0;0;0;37490;0;CLP
000000596684;24731187501-A;01/06/2026 22:44:02;Recibido;42990;990;43980;7738;0.0000;35252;1;ABRIGO OVERSIZE PIED DE POULE ROJO NICOPOLY;MPM10001383884-1;N04219DL;01/06/2026 22:44:03;Retiro Tienda Ripley Copiapo_BE;Cortes;Karla;;Calle Maipu S/N, Copiapo;" 2do Piso. Servicio al Cliente";;;COPIAPO;III REGION;CL;Cortes;Karla;;Calle Maipu S/N, Copiapo;;;;COPIAPO;III REGION;CL;42990;0;990;0;43980;0;CLP
000000596684;24731513901-A;01/06/2026 22:52:36;Reembolsado;68990;0;68990;12418;0.0000;56572;1;ABRIGO CON SOLAPA Y CINTURON CAFE  NICOPOLY;MPM10003237679-3;N06211UM;01/06/2026 22:52:37;Flujo Flota Propia;Gutierrez;Glenda;;Torrelaguna 340;S/N;;;QUILICURA;REG.METROPOLITANA;CL;Gutierrez;Glenda;;Torrelaguna 340;;;;QUILICURA;REG.METROPOLITANA;CL;68990;0;0;0;68990;0;CLP
000000596684;24731627401-A;01/06/2026 22:54:57;Recibido;15990;0;15990;2878;0.0000;13112;1;FULFILLMENT-BLUSA MANGA LARGA CON CORBATIN CAFE  NICOPOLY;MPM10003221463-1;N06184UXL-FF;01/06/2026 22:54:58;FF_MATRIX_STS;Muscat Figueroa;Nicole;;21 de Mayo 698;4to Piso. Modulo Retiro en Tienda;;;SANTIAGO;REG.METROPOLITANA;CL;Muscat Figueroa;Nicole;;21 de Mayo 698;;;;SANTIAGO;REG.METROPOLITANA;CL;15990;0;0;0;15990;0;CLP
000000596684;24732172301-A;01/06/2026 23:10:10;Reembolsado;47490;0;47490;8548;0.0000;38942;1;ABRIGO CINTURON Y SOLAPA NEGRO NICOPOLY;MPM10003237719-2;N06212BL;01/06/2026 23:10:11;Retiro Tienda Ripley Coquimbo_BE;Gomez;Elizabeth;;Baquedano 86;" 1er Piso. Servicio al Cliente";;;COQUIMBO;IV REGION;CL;Gomez;Elizabeth;;LOS COPIHUES 650 650;;;;COQUIMBO;IV REGION;CL;47490;0;0;0;47490;0;CLP
000000596684;24732289802-A;01/06/2026 23:13:52;Recibido;39990;0;39990;7198;0.0000;32792;1;ABRIGO LARGO LAZO ROJO NICOPOLY;MPM10002646309-4;N04227DM-6;01/06/2026 23:13:53;Retiro Tienda Ripley Quilpue_BE;Hidalgo;Emma;;Claudio Vicuña 992, Quilpue;" 3er Piso. Modulo Retiro en Tienda";;;QUILPUE;V REGION;CL;Hidalgo;Emma;;Condominio Los Altos de Urmeneta  0221;;;;QUILPUE;V REGION;CL;39990;0;0;0;39990;0;CLP
000000596684;24732323201-A;01/06/2026 23:15:14;Recibido;22990;990;23980;4138;0.0000;18852;1;BLAZER BASICO DE TOPE NEGRO NICOPOLY;MPM10002842906-3;N05301BM-7;01/06/2026 23:15:15;Retiro Tienda Ripley Puerto Montt_BE;Alvarado;Marihanett;;Urmeneta 595, Puerto Montt;4to Piso. Servicio al Cliente;;;PTO.MONTT;X REGION;CL;Alvarado;Marihanett;;Volcán choshuenco 5091;;;;PTO.MONTT;X REGION;CL;22990;0;990;0;23980;0;CLP
000000596684;24732564402-A;01/06/2026 23:21:17;Recibido;39990;0;39990;7198;0.0000;32792;1;FULFILLMENT-ABRIGO CIERRE LATERAL CAFE  NICOPOLY;MPM10003266241-2;N06193UXL-FF;01/06/2026 23:21:18;FF_MATRIX_STS;Freire;Eyleen;;Avenida Jorge Alessandri 3177;" 3er Piso. Modulo Retiro en Tienda";;;TALCAHUANO;VIII REGION;CL;Freire;Eyleen;;Los Crisantemos 15;;;;TALCAHUANO;VIII REGION;CL;39990;0;0;0;39990;0;CLP
000000596684;24732564401-A;01/06/2026 23:21:17;Recibido;42490;0;42490;7648;0.0000;34842;1;ABRIGO SOLAPA Y CINTURON CAFE  NICOPOLY;MPM10003232690-2;N06188UXL;01/06/2026 23:21:18;Retiro Tienda Ripley Mall Concepcion_BE;Freire;Eyleen;;Barros Arana 1068, Concepción;" 3er Piso. Modulo Retiro en Tienda";;;CONCEPCION;VIII REGION;CL;Freire;Eyleen;;Los Crisantemos 15;;;;CONCEPCION;VIII REGION;CL;42490;0;0;0;42490;0;CLP
000000596684;24732564401-A;01/06/2026 23:21:17;Recibido;39990;0;39990;7198;0.0000;32792;1;ABRIGO CIERRE LATERAL OLIVA NICOPOLY;MPM10003237666-2;N06193MXL;01/06/2026 23:21:18;Retiro Tienda Ripley Mall Concepcion_BE;Freire;Eyleen;;Barros Arana 1068, Concepción;" 3er Piso. Modulo Retiro en Tienda";;;CONCEPCION;VIII REGION;CL;Freire;Eyleen;;Los Crisantemos 15;;;;CONCEPCION;VIII REGION;CL;39990;0;0;0;39990;0;CLP
000000596684;24732564401-A;01/06/2026 23:21:17;Recibido;42490;0;42490;7648;0.0000;34842;1;ABRIGO SOLAPA Y CINTURON ROJO NICOPOLY;MPM10003232693-2;N06188DXL;01/06/2026 23:21:18;Retiro Tienda Ripley Mall Concepcion_BE;Freire;Eyleen;;Barros Arana 1068, Concepción;" 3er Piso. Modulo Retiro en Tienda";;;CONCEPCION;VIII REGION;CL;Freire;Eyleen;;Los Crisantemos 15;;;;CONCEPCION;VIII REGION;CL;42490;0;0;0;42490;0;CLP
000000596684;24733271001-A;01/06/2026 23:43:26;Recibido;16890;0;16890;3040;0.0000;13850;1;CÁRDIGAN MUJER NICOPOLY BLANCO INVIERNO CROP PERLAS;MPM10002160500-1;N05227AS;01/06/2026 23:43:27;Retiro Tienda Ripley Tobalaba_BE;"Araya ";"Jenniffer ";;Av. Camilo Henríquez 3296, Puente Alto;2do Piso. Modulo Retiro en Tienda;;;PUENTE ALTO;REG.METROPOLITANA;CL;Araya;Almendra;;Isla benjamin 1558;;;;PUENTE ALTO;REG.METROPOLITANA;CL;16890;0;0;0;16890;0;CLP
000000596684;24733271001-A;01/06/2026 23:43:26;Recibido;16890;0;16890;3040;0.0000;13850;1;CÁRDIGAN MUJER NICOPOLY NEGRO CROP PERLAS;MPM10002160513-1;N05227BS;01/06/2026 23:43:27;Retiro Tienda Ripley Tobalaba_BE;"Araya ";"Jenniffer ";;Av. Camilo Henríquez 3296, Puente Alto;2do Piso. Modulo Retiro en Tienda;;;PUENTE ALTO;REG.METROPOLITANA;CL;Araya;Almendra;;Isla benjamin 1558;;;;PUENTE ALTO;REG.METROPOLITANA;CL;16890;0;0;0;16890;0;CLP
000000596684;24733308901-A;01/06/2026 23:44:59;Recibido;38990;0;38990;7018;0.0000;31972;1;FULFILLMENT-PANTALON VESTIR RECTO BURDEO NICOPOLY;MPM10003150040-1;N06039TM-FF;01/06/2026 23:45:00;FF_MATRIX;ESPINOSA;Fernanda;;Americo Vespucio Sur 840;607;;;LAS CONDES;REG.METROPOLITANA;CL;ESPINOSA;Fernanda;;Americo Vespucio Sur 840;;;;LAS CONDES;REG.METROPOLITANA;CL;38990;0;0;0;38990;0;CLP
000000596684;24733403101-A;01/06/2026 23:48:46;Recibido;37490;0;37490;6748;0.0000;30742;1;ABRIGO SOLAPA REDONDA UVA NICOPOLY;MPM10002646314-3;N05252ZL;01/06/2026 23:48:49;Retiro Tienda Ripley Los Angeles_BE;Daza Pulido;Marisol;;Valdivia 440, Los Angeles;" 3er Piso. Servicio al Cliente";;;LOS ANGELES;VIII REGION;CL;Daza Pulido;Marisol;;Diego Portales 03;;;;LOS ANGELES;VIII REGION;CL;37490;0;0;0;37490;0;CLP
000000596684;24733560501-A;01/06/2026 23:53:54;Recibido;22990;0;22990;4138;0.0000;18852;1;FULFILLMENT-BLAZER BASICO DE TOPE OXIDO NICOPOLY;MPM10003150069-3;N05301RM-FF;01/06/2026 23:53:55;FF_MATRIX_STS;Morales;Angelica;;8 Oriente 1212;" 2do Piso. Modulo Retiro en Tienda";;;TALCA;VII REGION;CL;Morales;Angelica;;5 y media oriente A 19 y media norte 3073;;;;TALCA;VII REGION;CL;22990;0;0;0;22990;0;CLP
000000596684;24733728901-A;01/06/2026 23:59:46;Recibido;39990;0;39990;7198;0.0000;32792;1;ABRIGO 4 BOTONES NEGRO NICOPOLY;MPM10002646321-2;N05155BL;01/06/2026 23:59:47;Retiro Tienda Ripley Antofagasta_BE;Yucra;Ambar;;Arturo Prat 530;" 4to Piso. Servicio al Cliente";;;ANTOFAGASTA;II REGION;CL;Yucra;Ambar;;Calle Oficina Lina 236;;;;ANTOFAGASTA;II REGION;CL;39990;0;0;0;39990;0;CLP
000000596684;24733804001-A;02/06/2026 00:02:59;Recibido;44990;0;44990;8098;0.0000;36892;1;FULFILLMENT-BLAZER BASICO DE TOPE MORADO NICOPOLY;MPM10003150058-3;N05301ZXL-7-FF;02/06/2026 00:03:00;FF_MATRIX;Hernandez;Paulina;;consistorial  3140;8820;;;PE.ALOLEN;REG.METROPOLITANA;CL;Hernandez;Paulina;;consistorial  3140;;;;PE.ALOLEN;REG.METROPOLITANA;CL;44990;0;0;0;44990;0;CLP
000000596684;24733909701-A;02/06/2026 00:09:48;Recibido;40990;990;41980;7378;0.0000;33612;1;TRENCH CLASICO DOBLE BOTONADURA NEGRO NICOPOLY;MPM10003237620-3;N06187BXL;02/06/2026 00:09:49;Retiro Tienda Ripley Los Andes_BE;Acra;Joan;;Santa Teresita 683;2do Piso. Servicio al Cliente;;;LOS ANDES;V REGION;CL;Acra;Joan;;Santa Teresita 683;;;;LOS ANDES;V REGION;CL;40990;0;990;0;41980;0;CLP
000000596684;24734312201-A;02/06/2026 00:26:48;Recibido;15990;990;16980;2878;0.0000;13112;1;BLUSA CUELLO MAO MANGA GLOBO BLANCO NICOPOLY;MPM10003221533-1;N06289AS;02/06/2026 00:26:49;Retiro Tienda Ripley Curico_BE;"Muñoz Carrasco ";Tamara;;Av.OHiggins 201;" 2do Piso. Servicio al Cliente";;;CURICO;VII REGION;CL;Garay;Deyanira;;Managua 2730;;;;CURICO;VII REGION;CL;15990;0;990;0;16980;0;CLP
000000596684;24734331501-A;02/06/2026 00:29:08;Recibido;28990;990;29980;5218;0.0000;23772;1;CHAQUETA ECOCUERO ACOLCHADO CUELLO MAO NEGRO NICOPOLY;MPM10003217336-1;N06205BL;02/06/2026 00:29:10;Retiro Tienda Ripley Portal Temuco_BE;Chacon Ramirez;Doris;;Avenida Alemania 0671;3er Piso, Modulo Retiro en Tienda;;;TEMUCO;IX REGION;CL;Chacon Ramirez;Doris;;Manuel Montt 727;;;;TEMUCO;IX REGION;CL;28990;0;990;0;29980;0;CLP
000000596684;24734393402-A;02/06/2026 00:31:09;Recibido;37490;0;37490;6748;0.0000;30742;1;FULFILLMENT-ABRIGO SOLAPA REDONDA CAFE  NICOPOLY;MPM10003238337-4;N05252UL-FF;02/06/2026 00:31:10;FF_MATRIX;Oporto Guerra;Solanch;;Pje. Jorge Krstulovic 1149, Mejillones, Antofagasta, Chile 1149;Casa;;;MEJILLONES;II REGION;CL;Oporto Guerra;Solanch;;Pje. Jorge Krstulovic 1149, Mejillones, Antofagasta, Chile 1149;;;;MEJILLONES;II REGION;CL;37490;0;0;0;37490;0;CLP
000000596684;24734393401-A;02/06/2026 00:31:09;Recibido;37490;990;38480;6748;0.0000;30742;1;ABRIGO SOLAPA REDONDA UVA NICOPOLY;MPM10002646314-3;N05252ZL;02/06/2026 00:31:10;Retiro Tienda Ripley Antofagasta_BE;Oporto Guerra;Solanch;;Arturo Prat 530;" 4to Piso. Servicio al Cliente";;;ANTOFAGASTA;II REGION;CL;Oporto Guerra;Solanch;;Pje. Jorge Krstulovic 1149, Mejillones, Antofagasta, Chile 1149;;;;ANTOFAGASTA;II REGION;CL;37490;0;990;0;38480;0;CLP
000000596684;24734586501-A;02/06/2026 00:47:13;Recibido;39990;0;39990;7198;0.0000;32792;1;FULFILLMENT-ABRIGO LARGO LAZO NEGRO NICOPOLY;MPM10003238351-3;N04227BM-6-FF;02/06/2026 00:47:14;FF_MATRIX;Herrera Ferreira;Maria;;Diego Portales 1995, 2030379 La Ligua, Valparaíso, Chile 1995;Casa;;;LA LIGUA;V REGION;CL;Herrera Ferreira;Maria;;Diego Portales 1995, 2030379 La Ligua, Valparaíso, Chile 1995;;;;LA LIGUA;V REGION;CL;39990;0;0;0;39990;0;CLP
000000596684;24734706501-A;02/06/2026 00:53:07;Recibido;14490;990;15480;2608;0.0000;11882;1;SWEATER MUJER NICOPOLY MAGENTA BÁSICO CUELLO REDONDO;MPM10002160475-2;N04248ZL-6;02/06/2026 00:53:08;Retiro Tienda Ripley Florida_BE;"López ";"José ";;Vicuña Mackenna Oriente 6100, La Florida;3er Piso. Modulo Retiro en Tienda;;;LA FLORIDA;REG.METROPOLITANA;CL;Rozas Recart;Ana Maria;;Zapaleri  825;;;;LA FLORIDA;REG.METROPOLITANA;CL;14490;0;990;0;15480;0;CLP
000000596684;24734866201-A;02/06/2026 01:07:30;Recibido;31990;0;31990;5758;0.0000;26232;1;BLAZER BOLSILLOS Y BOTÓN NEGRO NICOPOLY;MPM10001752517-2;N04260BXL-5;02/06/2026 01:07:31;Retiro Tienda Ripley Puente_BE;Riquelme;Marcela;;21 de Mayo 698;4to Piso. Modulo Retiro en Tienda;;;SANTIAGO;REG.METROPOLITANA;CL;Riquelme;Marcela;;Catedral 1550;;;;SANTIAGO;REG.METROPOLITANA;CL;31990;0;0;0;31990;0;CLP
000000596684;24734979601-A;02/06/2026 01:19:53;Recibido;37490;0;37490;6748;0.0000;30742;1;FULFILLMENT-ABRIGO SOLAPA REDONDA NEGRONICOPOLY;MPM10002725914-2;N05252BM-FF;02/06/2026 01:19:54;FF_MATRIX_STS;"Tabilo ";Camila;;5 de Abril 699;4to Piso. Centro de atención al Cliente;;;CHILLAN;XVI REGION;CL;"Tabilo ";Camila;;5 de Abril 699;;;;CHILLAN;XVI REGION;CL;37490;0;0;0;37490;0;CLP
000000596684;24735105501-A;02/06/2026 01:37:33;Recibido;37490;2090;39580;6748;0.0000;30742;1;FULFILLMENT-ABRIGO SOLAPA REDONDA NEGRONICOPOLY;MPM10002725914-4;N05252BXL-FF;02/06/2026 01:37:34;FF_MATRIX_RC;Hidalgo;Beatriz;;JOSE MIGUEL CARRERA 9250;S/N;;;LA CISTERNA;REG.METROPOLITANA;CL;Mora;Christian;;CARLOS CONDELL 482;;;;LA CISTERNA;REG.METROPOLITANA;CL;37490;0;2090;0;39580;0;CLP
000000596684;24735607003-A;02/06/2026 06:00:35;Recibido;40990;0;40990;7378;0.0000;33612;1;ABRIGO TIPO GAMUZA Y ECOCUERO NEGRO NICOPOLY;MPM10003232712-1;N06216BXL;02/06/2026 06:00:36;Retiro Tienda Ripley Castellón_BE;Toledo Lopez;Nataly;;Castellon 520, Concepcion;6to Piso. Servicio al Cliente;;;CONCEPCION;VIII REGION;CL;Toledo Lopez;Nataly;;Los robles 80 tubul arauco 80;;;;CONCEPCION;VIII REGION;CL;40990;0;0;0;40990;0;CLP
000000596684;24735732204-A;02/06/2026 06:59:07;Recibido;37490;0;37490;6748;0.0000;30742;1;FULFILLMENT-ABRIGO SOLAPA REDONDA NEGRONICOPOLY;MPM10002725914-2;N05252BM-FF;02/06/2026 06:59:09;FF_MATRIX_STS;Henrquez;Fabiola;;Sucre 290, Viña;5to Piso. Modulo Retiro en Tienda;;;VI.A DEL MA;V REGION;CL;Henrquez;Fabiola;;Austral 4824;;;;VI.A DEL MA;V REGION;CL;37490;0;0;0;37490;0;CLP
000000596684;24735732204-A;02/06/2026 06:59:07;Recibido;37490;0;37490;6748;0.0000;30742;1;FULFILLMENT-ABRIGO SOLAPA REDONDA ROJO NICOPOLY;MPM10002725932-2;N05252DM-FF;02/06/2026 06:59:09;FF_MATRIX_STS;Henrquez;Fabiola;;Sucre 290, Viña;5to Piso. Modulo Retiro en Tienda;;;VI.A DEL MA;V REGION;CL;Henrquez;Fabiola;;Austral 4824;;;;VI.A DEL MA;V REGION;CL;37490;0;0;0;37490;0;CLP
000000596684;24735803301-A;02/06/2026 07:13:58;Recibido;17990;0;17990;3238;0.0000;14752;1;BLAZER ENTALLADO CLASICO AMARILLO NICOPOLY;MPM00014509502-2;N00346FM;02/06/2026 07:14:00;Retiro Tienda Ripley Maipu_BE;Oyarzun;Mabel;;Av. Americo Vespucio 399;" 2do Piso. Modulo Retiro en Tienda";;;MAIPU;REG.METROPOLITANA;CL;Oyarzun;Mabel;;El Oboe 239;;;;MAIPU;REG.METROPOLITANA;CL;17990;0;0;0;17990;0;CLP
000000596684;24735963301-A;02/06/2026 07:42:12;Reembolsado;39990;0;39990;7198;0.0000;32792;1;ABRIGO CIERRE LATERAL CAFE  NICOPOLY;MPM10003237675-4;N06193US;02/06/2026 07:42:13;Flujo Flota Propia;Dugo Hernandez;Luis Joel;;Av. Cañaveral 600, Quilicura, Región Metropolitana, Chile 600;OFICINA;;;QUILICURA;REG.METROPOLITANA;CL;Dugo Hernandez;Luis Joel;;Av. Cañaveral 600, Quilicura, Región Metropolitana, Chile 600;;;;QUILICURA;REG.METROPOLITANA;CL;39990;0;0;0;39990;0;CLP
000000596684;24736481501-A;02/06/2026 08:40:02;Recibido;37490;990;38480;6748;0.0000;30742;1;ABRIGO SOLAPA REDONDA VERDE PETROLEO NICOPOLY;MPM10003232483-1;N05252EL;02/06/2026 08:40:03;Retiro Tienda Ripley Los Angeles_BE;Salazar;Natalia;;Valdivia 440, Los Angeles;" 3er Piso. Servicio al Cliente";;;LOS ANGELES;VIII REGION;CL;Salazar;Natalia;;Manuel Montt 403;;;;LOS ANGELES;VIII REGION;CL;37490;0;990;0;38480;0;CLP
000000596684;24736549401-A;02/06/2026 08:45:33;Recibido;24990;2195;27185;4498;0.0000;20492;1;BLAZER MUJER NICOPOLY MORADO CUELLO MAO;MPM10002160537-4;N00156ZM-6;02/06/2026 08:45:34;Flujo Flota Propia;Rojas;Macarena;;Seminario 850;105 a;;;NUNOA;REG.METROPOLITANA;CL;Rojas;Macarena;;Seminario 850;;;;NUNOA;REG.METROPOLITANA;CL;24990;0;2195;0;27185;0;CLP
000000596684;24736549401-A;02/06/2026 08:45:33;Recibido;40990;2195;43185;7378;0.0000;33612;1;ABRIGO PATRON ESPIGA GRAFITO NICOPOLY;MPM10002646332-4;N05149NM;02/06/2026 08:45:34;Flujo Flota Propia;Rojas;Macarena;;Seminario 850;105 a;;;NUNOA;REG.METROPOLITANA;CL;Rojas;Macarena;;Seminario 850;;;;NUNOA;REG.METROPOLITANA;CL;40990;0;2195;0;43185;0;CLP
000000596684;24736759103-A;02/06/2026 09:02:21;Recibido;14990;0;14990;2698;0.0000;12292;1;FULFILLMENT-CARDIGAN CUELLO V CON 3 BOTONES BURDEO NICOPOLY;MPM10003209034-2;N06232TL-FF;02/06/2026 09:02:22;FF_MATRIX_STS;Gutierrez;Lilian;;8 Oriente 1212;" 2do Piso. Modulo Retiro en Tienda";;;TALCA;VII REGION;CL;Gutierrez;Lilian;;20 sur A  0234;;;;TALCA;VII REGION;CL;14990;0;0;0;14990;0;CLP
000000596684;24736964502-A;02/06/2026 09:16:41;Recibido;39990;990;40980;7198;0.0000;32792;1;ABRIGO CIERRE LATERAL CAFE  NICOPOLY;MPM10003237675-2;N06193UM;02/06/2026 09:16:43;Retiro Tienda Ripley Portal Temuco_BE;Alecoy Fernandez;Luz Viviana;;Avenida Alemania 0671;3er Piso, Modulo Retiro en Tienda;;;TEMUCO;IX REGION;CL;Alecoy Fernandez;Luz Viviana;;Avenida Alemania 0671;;;;TEMUCO;IX REGION;CL;39990;0;990;0;40980;0;CLP
000000596684;24736977301-A;02/06/2026 09:18:04;Recibido;55990;990;56980;10078;0.0000;45912;1;ABRIGO CIERRE LATERAL OLIVA NICOPOLY;MPM10003237666-4;N06193MS;02/06/2026 09:18:06;Retiro Tienda Ripley Pto.Montt Costanera_BE;Báez Aguilar;Maribel;;Juan Soler Manfredini 10;" 6to Piso. Modulo Retiro en Tienda";;;PTO.MONTT;X REGION;CL;Báez Aguilar;Maribel;;Pasaje Lagunillas 1759;;;;PTO.MONTT;X REGION;CL;55990;0;990;0;56980;0;CLP
000000596684;24737086201-A;02/06/2026 09:24:22;Recibido;39990;3990;43980;7198;0.0000;32792;1;ABRIGO CIERRE LATERAL NEGRO NICOPOLY;MPM10003237651-3;N06193BL;02/06/2026 09:24:23;Flujo Flota Propia;Sanchez;Karen;;Pasaje Chacao 1221;Casa;;;EST.CENTRAL;REG.METROPOLITANA;CL;Sanchez;Karen;;Pasaje Chacao 1221;;;;EST.CENTRAL;REG.METROPOLITANA;CL;39990;0;3990;0;43980;0;CLP
000000596684;24737193601-A;02/06/2026 09:31:51;Recibido;47490;990;48480;8548;0.0000;38942;1;TRENCH ECOCUERO CAFE  NICOPOLY;MPM10003237622-3;N06186UL;02/06/2026 09:31:52;Retiro Tienda Ripley El Trebol_BE;Mora Morales;"Debora ";;Avenida Jorge Alessandri 3177;" 3er Piso. Modulo Retiro en Tienda";;;TALCAHUANO;VIII REGION;CL;Mora Morales;"Debora ";;Uno oriente  1158;;;;TALCAHUANO;VIII REGION;CL;47490;0;990;0;48480;0;CLP
000000596684;24737277901-A;02/06/2026 09:37:04;Reembolsado;31990;0;31990;5758;0.0000;26232;1;BLAZER BOLSILLOS Y BOTÓN NEGRO NICOPOLY;MPM10001752517-3;N04260BL-5;02/06/2026 09:37:05;Retiro Tienda Ripley Quilpue_BE;Soto;Fabian;;Claudio Vicuña 992, Quilpue;" 3er Piso. Modulo Retiro en Tienda";;;QUILPUE;V REGION;CL;Soto;Fabian;;Claudio Vicuña 992, Quilpue;;;;QUILPUE;V REGION;CL;31990;0;0;0;31990;0;CLP
000000596684;24737318201-A;02/06/2026 09:40:24;Recibido;49990;990;50980;8998;0.0000;40992;1;ABRIGO SOLAPA REDONDA CAFE  NICOPOLY;MPM10003232487-2;N05252UM;02/06/2026 09:40:26;Retiro Tienda Ripley San Bernardo_BE;Daza;Jenniffer;;Av. Pdte. Jorge Alessandri Rodríguez 20040, San Bernardo;2do Piso. Modulo Retiro en Tienda;;;SN.BERNARDO;REG.METROPOLITANA;CL;Daza;Jenniffer;;Av. Pdte. Jorge Alessandri Rodríguez 20040, San Bernardo;;;;SN.BERNARDO;REG.METROPOLITANA;CL;49990;0;990;0;50980;0;CLP
000000596684;24737565202-A;02/06/2026 09:54:57;Recibido;37490;0;37490;6748;0.0000;30742;1;ABRIGO SOLAPA REDONDA ROJO NICOPOLY;MPM10002646316-1;N05252DL;02/06/2026 09:54:58;Retiro Tienda Ripley Mall Concepcion_BE;Flores;Leticia;;Barros Arana 1068, Concepción;" 3er Piso. Modulo Retiro en Tienda";;;CONCEPCION;VIII REGION;CL;Flores;Leticia;;Ohiggins 420;;;;CONCEPCION;VIII REGION;CL;37490;0;0;0;37490;0;CLP
000000596684;24737827301-A;02/06/2026 10:09:53;Recibido;37490;11990;49480;6748;0.0000;30742;1;ABRIGO SOLAPA REDONDA CAFE  NICOPOLY;MPM10003232487-2;N05252UM;02/06/2026 10:09:54;Flujo Flota Propia;Gonzalez;Viviana;;Vicuña Mackenna 122;Oficina;;;CALBUCO;X REGION;CL;Gonzalez;Viviana;;Urmeneta 595, Puerto Montt;;;;CALBUCO;X REGION;CL;37490;0;11990;0;49480;0;CLP
000000596684;24737883501-A;02/06/2026 10:13:52;Recibido;23990;0;23990;4318;0.0000;19672;1;JEANS CORTE RECTO CAFE  NICOPOLY;MPM10003181097-3;N06153UL;02/06/2026 10:13:54;Retiro Tienda Ripley Iquique_BE;Lema;"Carolina ";;Vivar 550;" 4to Piso. Servicio al Cliente";;;IQUIQUE;I REGION;CL;Lema;"Carolina ";;Vivar 550;;;;IQUIQUE;I REGION;CL;23990;0;0;0;23990;0;CLP
000000596684;24737878602-A;02/06/2026 10:13:55;Recibido;12890;990;13880;2320;0.0000;10570;1;SWEATER ACANALADO CUELLO BOTE LILA NICOPOLY;MPM10002842902-3;N05212ZL-7;02/06/2026 10:13:56;Retiro Tienda Ripley Plaza Vespucio_BE;Parraguez;Ema;;Av. Vicuña Mackenna Ote. 7110, La Florida;3er Piso. Modulo Retiro en Tienda;;;LA FLORIDA;REG.METROPOLITANA;CL;Parraguez;Ema;;Av. Vicuña Mackenna Ote. 7110, La Florida;;;;LA FLORIDA;REG.METROPOLITANA;CL;12890;0;990;0;13880;0;CLP
000000596684;24737992101-A;02/06/2026 10:19:38;Reembolsado;24990;0;24990;4498;0.0000;20492;1;JEANS BASICO RECTO AZUL MARINO NICOPOLY;MPM10002617685-1;N05325C40;02/06/2026 10:19:40;Flujo Flota Propia;Torres Pavez;Silvia Lorena;;FLORIN ROMAN 190;S/N;;;BUIN;REG.METROPOLITANA;CL;Torres Pavez;Silvia Lorena;;FLORIN ROMAN 190;;;;BUIN;REG.METROPOLITANA;CL;24990;0;0;0;24990;0;CLP
000000596684;24737993701-A;02/06/2026 10:20:39;Recibido;33990;2980;36970;6118;0.0000;27872;1;CHAQUETA REVERSIBLE NEGRO NICOPOLY;MPM10002646333-3;N05189BM;02/06/2026 10:20:40;Flujo Flota Propia;Silva;Cecilia;;Camino Publico Los Patos 48;S/N;;;MAULE;VII REGION;CL;Silva;Cecilia;;Camino Publico Los Patos 48;;;;MAULE;VII REGION;CL;33990;0;2980;0;36970;0;CLP
000000596684;24738348901-A;02/06/2026 10:37:56;Recibido;39990;0;39990;7198;0.0000;32792;1;ABRIGO LARGO LAZO NEGRO NICOPOLY;MPM10002646306-3;N04227BL-6;02/06/2026 10:37:57;Retiro Tienda Ripley Parque Arauco_BE;Tapia;Gabriela;;Avenida Kennedy 5413;4to Piso. Modulo Retiro en Tienda;;;LAS CONDES;REG.METROPOLITANA;CL;Tapia;Gabriela;;General Carol Urzúa 6945;;;;LAS CONDES;REG.METROPOLITANA;CL;39990;0;0;0;39990;0;CLP
000000596684;24738376501-A;02/06/2026 10:40:22;Recibido;17990;990;18980;3238;0.0000;14752;1;FALDA MUJER NICOPOLY AZUL MEDIO DENIM TAJO FRONTAL;MPM10001465759-2;N04269KM;02/06/2026 10:40:23;Retiro Tienda Ripley Maipu_BE;Sepulveda;Analia;;Av. Americo Vespucio 399;" 2do Piso. Modulo Retiro en Tienda";;;MAIPU;REG.METROPOLITANA;CL;Sepulveda;Analia;;pasaje parque veronica poniente 401 401;;;;MAIPU;REG.METROPOLITANA;CL;17990;0;990;0;18980;0;CLP
000000596684;24738489601-A;02/06/2026 10:46:12;Recibido;37490;0;37490;6748;0.0000;30742;1;ABRIGO SOLAPA REDONDA CAFE  NICOPOLY;MPM10003232487-2;N05252UM;02/06/2026 10:46:13;Retiro Tienda Ripley Nueva Alameda_BE;Espinoza;Alejandra;;Av Libertador Bernardo O'Higgins 3470, Santiago;3er Piso. Modulo Retiro en Tienda;;;EST.CENTRAL;REG.METROPOLITANA;CL;Espinoza;Alejandra;;Aquiles 7022;;;;EST.CENTRAL;REG.METROPOLITANA;CL;37490;0;0;0;37490;0;CLP
000000596684;24738554501-A;02/06/2026 10:48:47;Recibido;40990;990;41980;7378;0.0000;33612;1;TRENCH CLASICO DOBLE BOTONADURA NEGRO NICOPOLY;MPM10003237620-4;N06187BL;02/06/2026 10:48:48;Retiro Tienda Ripley Quilpue_BE;Cliente;Jeraim Paz;;Claudio Vicuña 992, Quilpue;" 3er Piso. Modulo Retiro en Tienda";;;QUILPUE;V REGION;CL;Cliente;Jeraim Paz;;Claudio Vicuña 992, Quilpue;;;;QUILPUE;V REGION;CL;40990;0;990;0;41980;0;CLP
000000596684;24738582601-A;02/06/2026 10:51:21;Recibido;39990;990;40980;7198;0.0000;32792;1;CHAQUETA ECOCUERO ACOLCHADO CUELLO MAO CAFE  NICOPOLY;MPM10003217335-3;N06205UL;02/06/2026 10:51:22;Retiro Tienda Ripley Plaza Egana_BE;Roa F;Natalia;;Larrain 5800;" 3er Piso. Modulo Retiro en Tienda";;;NUNOA;REG.METROPOLITANA;CL;Roa F;Natalia;;Larrain 5800;;;;NUNOA;REG.METROPOLITANA;CL;39990;0;990;0;40980;0;CLP
000000596684;24738675701-A;02/06/2026 10:55:47;Recibido;17490;0;17490;3148;0.0000;14342;1;CARDIGAN DISEÑO TRENZADO CAFE  NICOPOLY;MPM10003217104-2;N06240UM;02/06/2026 10:55:48;Retiro Tienda Ripley Rancagua_BE;Gallardo;Jean;;José Domingo Mujica 490;" 3er Piso. Modulo Retiro en Tienda";;;RANCAGUA;VI REGION;CL;Gallardo;Jean;;Avenida Estación 345;;;;RANCAGUA;VI REGION;CL;17490;0;0;0;17490;0;CLP
000000596684;24738764201-A;02/06/2026 11:00:32;Recibido;39990;990;40980;7198;0.0000;32792;1;ABRIGO CIERRE LATERAL CAFE  NICOPOLY;MPM10003237675-2;N06193UM;02/06/2026 11:00:33;Retiro Tienda Ripley Chillan_BE;Avaria;Julio Hernan;;5 de Abril 699;4to Piso. Centro de atención al Cliente;;;CHILLAN;XVI REGION;CL;Avaria;Julio Hernan;;Calle baquedano 764;;;;CHILLAN;XVI REGION;CL;39990;0;990;0;40980;0;CLP
000000596684;24738963502-A;02/06/2026 11:10:32;Recibido;30990;990;31980;5578;0.0000;25412;1;ABRIGO OVERSIZE PIED DE POULE ROJO NICOPOLY;MPM10001383884-2;N04219DM;02/06/2026 11:10:33;Flujo Flota Propia;Almonacid;Berta;;Ángel Pimentel 3004;Casa;;;PUENTE ALTO;REG.METROPOLITANA;CL;Almonacid;Berta;;Ángel Pimentel 3004;;;;PUENTE ALTO;REG.METROPOLITANA;CL;30990;0;990;0;31980;0;CLP
000000596684;24739087801-A;02/06/2026 11:16:49;Recibido;39990;0;39990;7198;0.0000;32792;1;ABRIGO CUELLO CAMISERO NEGRO NICOPOLY;MPM10003232214-1;N06207BXL;02/06/2026 11:16:50;Retiro Tienda Ripley San Bernardo_BE;Aguilera;Nicole;;"Av. Pdte. Jorge Alessandri Rodríguez 20040, San Bernardo ";2do Piso. Modulo Retiro en Tienda;;;SN.BERNARDO;REG.METROPOLITANA;CL;Aguilera;Nicole;;Uno de Mayo  640;;;;SN.BERNARDO;REG.METROPOLITANA;CL;39990;0;0;0;39990;0;CLP
000000596684;24740019601-A;02/06/2026 12:03:31;Recibido;17990;990;18980;3238;0.0000;14752;1;BLAZER ENTALLADO CLASICO AMARILLO NICOPOLY;MPM00014509502-2;N00346FM;02/06/2026 12:03:33;Retiro Tienda Ripley Plaza Egana_BE;Araya;Belén;;Larrain 5800;" 3er Piso. Modulo Retiro en Tienda";;;NUNOA;REG.METROPOLITANA;CL;Araya;Belén;;Tanume 4759;;;;NUNOA;REG.METROPOLITANA;CL;17990;0;990;0;18980;0;CLP
000000596684;24740106002-A;02/06/2026 12:08:11;Recibido;24990;0;24990;4498;0.0000;20492;1;BLAZER MUJER NICOPOLY VERDE OSCURO CUELLO MAO;MPM10002160487-4;N00156ES-6;02/06/2026 12:08:12;Retiro Tienda Ripley Chillan_BE;Chavez;Maritza;;5 de Abril 699;4to Piso. Centro de atención al Cliente;;;CHILLAN;XVI REGION;CL;Chavez;Maritza;;Calle Alcazar 1994;;;;CHILLAN;XVI REGION;CL;24990;0;0;0;24990;0;CLP
000000596684;24740398301-A;02/06/2026 12:22:48;Recibido;17490;0;17490;3148;0.0000;14342;1;CARDIGAN DISEÑO TRENZADO NEGRO NICOPOLY;MPM10003217102-1;N06240BM;02/06/2026 12:22:48;Retiro Tienda Ripley Parque Arauco_BE;Barrientos;Juan Jose;;Avenida Kennedy 5413;4to Piso. Modulo Retiro en Tienda;;;LAS CONDES;REG.METROPOLITANA;CL;Barrientos;Juan Jose;;Cruz del sur 333;;;;LAS CONDES;REG.METROPOLITANA;CL;17490;0;0;0;17490;0;CLP
000000596684;24740913402-A;02/06/2026 12:49:25;Recibido;51990;0;51990;9358;0.0000;42632;1;FULFILLMENT-BLAZER MANGA 3/4 AJUSTADO CON SOLAPAS OXIDO NICOPOLY;MPM10003150062-3;N03049RM-FF;02/06/2026 12:49:26;FF_MATRIX_STS;Pino;Nicolas;;8 Oriente 1212;" 2do Piso. Modulo Retiro en Tienda";;;TALCA;VII REGION;CL;Pino;Nicolas;;Calle Region del bio bio 2032;;;;TALCA;VII REGION;CL;51990;0;0;0;51990;0;CLP
000000596684;24741044101-A;02/06/2026 12:54:59;Recibido;37490;0;37490;6748;0.0000;30742;1;ABRIGO SOLAPA REDONDA CAFE  NICOPOLY;MPM10003232487-4;N05252UL;02/06/2026 12:55:01;Retiro Tienda Ripley Copiapo_BE;Maldonado Sosa;Patricia;;Calle Maipu S/N, Copiapo;" 2do Piso. Servicio al Cliente";;;COPIAPO;III REGION;CL;Maldonado Sosa;Patricia;;Diego portales 676;;;;COPIAPO;III REGION;CL;37490;0;0;0;37490;0;CLP
000000596684;24741044102-A;02/06/2026 12:55:00;Recibido;37490;0;37490;6748;0.0000;30742;1;FULFILLMENT-ABRIGO SOLAPA REDONDA NEGRONICOPOLY;MPM10002725914-2;N05252BM-FF;02/06/2026 12:55:01;FF_MATRIX_STS;Maldonado Sosa;Patricia;;Calle Maipu S/N, Copiapo;" 2do Piso. Servicio al Cliente";;;COPIAPO;III REGION;CL;Maldonado Sosa;Patricia;;Diego portales 676;;;;COPIAPO;III REGION;CL;37490;0;0;0;37490;0;CLP
000000596684;24741156401-A;02/06/2026 13:00:25;Recibido;37990;0;37990;6838;0.0000;31152;1;FULFILLMENT-ABRIGO LANILLA CON SOLAPA KHAKI NICOPOLY;MPM10003266256-3;N06213LM-FF;02/06/2026 13:00:26;FF_MATRIX_STS;Venegas;Paulina;;Avenida Kennedy 5413;4to Piso. Modulo Retiro en Tienda;;;LAS CONDES;REG.METROPOLITANA;CL;Venegas;Paulina;;Avenida Kennedy 5413;;;;LAS CONDES;REG.METROPOLITANA;CL;37990;0;0;0;37990;0;CLP
000000596684;24741547901-A;02/06/2026 13:21:32;Recibido;33990;990;34980;6118;0.0000;27872;1;CHAQUETA CORTA TIPO GAMUZA NEGRO NICOPOLY;MPM10003221537-2;N06221BS;02/06/2026 13:21:33;Retiro Tienda Ripley El Trebol_BE;Zapico;Aranza;;Avenida Jorge Alessandri 3177;" 3er Piso. Modulo Retiro en Tienda";;;TALCAHUANO;VIII REGION;CL;Zapico;Aranza;;AV. JORGE ALESSANDRI RODRIGUEZ 450;;;;TALCAHUANO;VIII REGION;CL;33990;0;990;0;34980;0;CLP
000000596684;24741593701-A;02/06/2026 13:24:05;Recibido;17990;0;17990;3238;0.0000;14752;1;VESTIDO ACANALADO CAFE  CON CINTURON NICOPOLY;MPM10002912848-1;N06097UL;02/06/2026 13:24:06;Retiro Tienda Ripley Mall Concepcion_BE;Reyes;Maira;;Barros Arana 1068, Concepción;" 3er Piso. Modulo Retiro en Tienda";;;CONCEPCION;VIII REGION;CL;Reyes;Maira;;Balmaceda, concepcion 192;;;;CONCEPCION;VIII REGION;CL;17990;0;0;0;17990;0;CLP
000000596684;24741667001-A;02/06/2026 13:30:39;Recibido;39990;990;40980;7198;0.0000;32792;1;ABRIGO CIERRE LATERAL CAFE  NICOPOLY;MPM10003237675-2;N06193UM;02/06/2026 13:30:40;Retiro Tienda Ripley Coquimbo_BE;Godoy;Tamara;;Baquedano 86;" 1er Piso. Servicio al Cliente";;;COQUIMBO;IV REGION;CL;Godoy;Tamara;;Baquedano 86;;;;COQUIMBO;IV REGION;CL;39990;0;990;0;40980;0;CLP
000000596684;24741734401-A;02/06/2026 13:31:08;Recibido;58990;990;59980;10618;0.0000;48372;1;ABRIGO SOLAPA Y CINTURON NEGRO NICOPOLY;MPM10003232688-3;N06188BXL;02/06/2026 13:31:10;Retiro Tienda Ripley San Fernando_BE;"Lorca ";"Isidora ";;Bernardo Ohiggins 701;" 3er Piso. Modulo Retiro en Tienda";;;SAN FERNANDO;VI REGION;CL;"Lorca ";"Isidora ";;Los Palacios, San Fernando, O'Higgins, Chile 980;;;;SAN FERNANDO;VI REGION;CL;58990;0;990;0;59980;0;CLP
000000596684;24741895001-A;02/06/2026 13:39:18;Recibido;37490;0;37490;6748;0.0000;30742;1;ABRIGO SOLAPA REDONDA ROJO NICOPOLY;MPM10002646316-2;N05252DS;02/06/2026 13:39:19;Retiro Tienda Ripley Temuco_BE;Lemuir;Yoselin;;Arturo Prat 656, Temuco;2do Piso. Modulo Retiro en Tienda;;;TEMUCO;IX REGION;CL;Lemuir;Yoselin;;Manuel Montt 1292;;;;TEMUCO;IX REGION;CL;37490;0;0;0;37490;0;CLP
000000596684;24742065201-A;02/06/2026 13:48:56;Reembolsado;29990;0;29990;5398;0.0000;24592;1;BLAZER MUJER NICOPOLY VERDE OSCURO CUELLO MAO;MPM10002160487-1;N00156EL-6;02/06/2026 13:48:57;Retiro Tienda Ripley Plaza Egana_BE;Moraga;Magaly;;Larrain 5800;" 3er Piso. Modulo Retiro en Tienda";;;NUNOA;REG.METROPOLITANA;CL;Moraga;Magaly;;Av Americo Vespucio  3121;;;;NUNOA;REG.METROPOLITANA;CL;29990;0;0;0;29990;0;CLP
000000596684;24742751101-A;02/06/2026 14:21:33;Recibido;58990;495;59485;10618;0.0000;48372;1;ABRIGO SOLAPA Y CINTURON NEGRO NICOPOLY;MPM10003232688-1;N06188BS;02/06/2026 14:21:34;Retiro Tienda Ripley Talca_BE;Mella;Loreto;;8 Oriente 1212;" 2do Piso. Modulo Retiro en Tienda";;;TALCA;VII REGION;CL;Gonzalez;Loreto;;8 Oriente 1212;;;;TALCA;VII REGION;CL;58990;0;495;0;59485;0;CLP
000000596684;24742751101-A;02/06/2026 14:21:33;Recibido;58990;495;59485;10618;0.0000;48372;1;ABRIGO SOLAPA Y CINTURON ROJO NICOPOLY;MPM10003232693-4;N06188DM;02/06/2026 14:21:34;Retiro Tienda Ripley Talca_BE;Mella;Loreto;;8 Oriente 1212;" 2do Piso. Modulo Retiro en Tienda";;;TALCA;VII REGION;CL;Gonzalez;Loreto;;8 Oriente 1212;;;;TALCA;VII REGION;CL;58990;0;495;0;59485;0;CLP
000000596684;24743574901-A;02/06/2026 15:01:24;Recibido;19990;990;20980;3598;0.0000;16392;1;BLUSA CORBATIN Y VUELOS NEGRO NICOPOLY;MPM10003221930-3;N06274BXL;02/06/2026 15:01:25;Retiro Tienda Ripley Crillon_BE;Hinojosa;Gilda;;Agustinas #1025;Piso -1. Modulo Retiro en Tienda;;;SANTIAGO;REG.METROPOLITANA;CL;Hinojosa;Gilda;;Agustinas #1025;;;;SANTIAGO;REG.METROPOLITANA;CL;19990;0;990;0;20980;0;CLP
000000596684;24743746203-A;02/06/2026 15:08:22;Recibido;23990;0;23990;4318;0.0000;19672;1;BLUSA CUELLO MAO MANGA GLOBO BLANCO NICOPOLY;MPM10003221533-1;N06289AS;02/06/2026 15:08:24;Retiro Tienda Ripley El Trebol_BE;Silva;Geraldine;;Avenida Jorge Alessandri 3177;" 3er Piso. Modulo Retiro en Tienda";;;TALCAHUANO;VIII REGION;CL;Silva;Geraldine;;Avenida Jorge Alessandri 3177;;;;TALCAHUANO;VIII REGION;CL;23990;0;0;0;23990;0;CLP
000000596684;24744371101-A;02/06/2026 15:39:36;Reembolsado;49990;0;49990;8998;0.0000;40992;1;ABRIGO SOLAPA REDONDA CAFE  NICOPOLY;MPM10003232487-4;N05252UL;02/06/2026 15:39:37;Retiro Tienda Ripley Talca_BE;Veloso;Valeria;;8 Oriente 1212;" 2do Piso. Modulo Retiro en Tienda";;;TALCA;VII REGION;CL;Veloso;Valeria;;32 y medio Oriente A 1744;;;;TALCA;VII REGION;CL;49990;0;0;0;49990;0;CLP
000000596684;24744694901-A;02/06/2026 15:58:27;Recibido;20990;990;21980;3778;0.0000;17212;1;GILET CON DRAPEADO LATERAL CAFE  NICOPOLY;MPM10003143654-2;N06111OL;02/06/2026 15:58:28;Retiro Tienda Ripley Talca_BE;Gajardo;Carlos;;"8 Oriente 1212 ";" 2do Piso. Modulo Retiro en Tienda";;;TALCA;VII REGION;CL;Montecino Brunel;Cinthia;;Rengifo 777;;;;TALCA;VII REGION;CL;20990;0;990;0;21980;0;CLP
000000596684;24744905501-A;02/06/2026 16:09:44;Recibido;49990;0;49990;8998;0.0000;40992;1;ABRIGO SOLAPA REDONDA CAFE  NICOPOLY;MPM10003232487-4;N05252UL;02/06/2026 16:09:45;Retiro Tienda Ripley Chillan_BE;Parra Poblete;Carmen Gloria;;5 de Abril 699;4to Piso. Centro de atención al Cliente;;;CHILLAN;XVI REGION;CL;Parra Poblete;Carmen Gloria;;Camino las mariposas, km 9 paje las palmeras 00;;;;CHILLAN;XVI REGION;CL;49990;0;0;0;49990;0;CLP
000000596684;24745561901-A;02/06/2026 16:45:22;Recibido;22990;0;22990;4138;0.0000;18852;1;CARDIGAN DISEÑO TRENZADO NEGRO NICOPOLY;MPM10003217102-1;N06240BM;02/06/2026 16:45:23;Retiro Tienda Ripley Puerto Montt_BE;Venegas;Kerla;;Urmeneta 595, Puerto Montt;4to Piso. Servicio al Cliente;;;PTO.MONTT;X REGION;CL;Venegas;Kerla;;Puerto Carmen 1229;;;;PTO.MONTT;X REGION;CL;22990;0;0;0;22990;0;CLP
000000596684;24745561901-A;02/06/2026 16:45:22;Recibido;22990;0;22990;4138;0.0000;18852;1;CARDIGAN DISEÑO TRENZADO GRIS NICOPOLY;MPM10003217101-2;N06240NM;02/06/2026 16:45:23;Retiro Tienda Ripley Puerto Montt_BE;Venegas;Kerla;;Urmeneta 595, Puerto Montt;4to Piso. Servicio al Cliente;;;PTO.MONTT;X REGION;CL;Venegas;Kerla;;Puerto Carmen 1229;;;;PTO.MONTT;X REGION;CL;22990;0;0;0;22990;0;CLP
000000596684;24747193202-A;02/06/2026 18:07:44;Recibido;22990;0;22990;4138;0.0000;18852;1;CARDIGAN DISEÑO TRENZADO NEGRO NICOPOLY;MPM10003217102-3;N06240BS;02/06/2026 18:07:45;Retiro Tienda Ripley Plaza Egana_BE;Pohl;Margarita;;Larrain 5800;" 3er Piso. Modulo Retiro en Tienda";;;NUNOA;REG.METROPOLITANA;CL;Pohl;Margarita;;hamburgo  920;;;;NUNOA;REG.METROPOLITANA;CL;22990;0;0;0;22990;0;CLP
000000596684;24747432201-A;02/06/2026 18:19:59;Recibido;18990;0;18990;3418;0.0000;15572;1;SWEATER MUJER NICOPOLY ROJO BÁSICO CUELLO REDONDO;MPM10002160523-1;N04248DM-6;02/06/2026 18:20:00;Retiro Tienda Ripley Crillon_BE;Saldivia;Carolina;;Agustinas #1025;Piso -1. Modulo Retiro en Tienda;;;SANTIAGO;REG.METROPOLITANA;CL;Saldivia;Carolina;;Vicuña Mackenna 54;;;;SANTIAGO;REG.METROPOLITANA;CL;18990;0;0;0;18990;0;CLP
000000596684;24748953801-A;02/06/2026 19:34:00;Recibido;22990;990;23980;4138;0.0000;18852;1;CARDIGAN DISEÑO TRENZADO CAFE  NICOPOLY;MPM10003217104-1;N06240US;02/06/2026 19:34:01;Retiro Tienda Ripley Talca_BE;Olivares;Priscila;;8 Oriente 1212;" 2do Piso. Modulo Retiro en Tienda";;;TALCA;VII REGION;CL;Olivares;Priscila;;8 Oriente 1212;;;;TALCA;VII REGION;CL;22990;0;990;0;23980;0;CLP
000000596684;24749461901-A;02/06/2026 19:55:03;Recibido;58990;990;59980;10618;0.0000;48372;1;ABRIGO SOLAPA Y CINTURON NEGRO NICOPOLY;MPM10003232688-2;N06188BL;02/06/2026 19:55:04;Retiro Tienda Ripley Huechuraba_BE;Aguero;"Mauro ";;Av. Americo Vespucio Norte 1737;" 2do Piso. Modulo Retiro en Tienda";;;HUECHURABA;REG.METROPOLITANA;CL;Aguero;"Mauro ";;Av. Americo Vespucio Norte 1737;;;;HUECHURABA;REG.METROPOLITANA;CL;58990;0;990;0;59980;0;CLP
000000596684;24749556501-A;02/06/2026 19:59:34;Recibido;49990;0;49990;8998;0.0000;40992;1;CHAQUETA DE PAÑO CON CINTURON NEGRO NICOPOLY;MPM10003232201-1;N06189BS;02/06/2026 19:59:35;Retiro Tienda Ripley Plaza Vespucio_BE;Roa;Paula;;Av. Vicuña Mackenna Ote. 7110, La Florida;3er Piso. Modulo Retiro en Tienda;;;LA FLORIDA;REG.METROPOLITANA;CL;Roa;Paula;;Vicuña Mackenna 8656;;;;LA FLORIDA;REG.METROPOLITANA;CL;49990;0;0;0;49990;0;CLP
000000596684;24750513501-A;02/06/2026 20:35:52;Reembolsado;49990;0;49990;8998;0.0000;40992;1;ABRIGO SOLAPA REDONDA CAFE  NICOPOLY;MPM10003232487-3;N05252US;02/06/2026 20:35:53;Retiro Tienda Ripley Plaza Egana_BE;Avila;Camila;;Larrain 5800;" 3er Piso. Modulo Retiro en Tienda";;;NUNOA;REG.METROPOLITANA;CL;Avila;Camila;;Pucará 5535;;;;NUNOA;REG.METROPOLITANA;CL;49990;0;0;0;49990;0;CLP
000000596684;24750513501-A;02/06/2026 20:35:52;Reembolsado;47990;0;47990;8638;0.0000;39352;1;ABRIGO 4 BOTONES OXIDO NICOPOLY;MPM10002646319-2;N05155UM;02/06/2026 20:35:53;Retiro Tienda Ripley Plaza Egana_BE;Avila;Camila;;Larrain 5800;" 3er Piso. Modulo Retiro en Tienda";;;NUNOA;REG.METROPOLITANA;CL;Avila;Camila;;Pucará 5535;;;;NUNOA;REG.METROPOLITANA;CL;47990;0;0;0;47990;0;CLP
000000596684;24750535001-A;02/06/2026 20:37:46;Recibido;55990;990;56980;10078;0.0000;45912;1;ABRIGO CIERRE LATERAL CAFE  NICOPOLY;MPM10003237675-3;N06193UL;02/06/2026 20:37:47;Retiro Tienda Ripley La Serena_BE;Gomez Arancibia;Oscar;;Gregorio Cordovez 499;" 3er Piso. Modulo Retiro en Tienda";;;LA SERENA;IV REGION;CL;Gomez Arancibia;Oscar;;San Pedro 2039, 1730943 La Serena, Coquimbo, Chile 2039;;;;LA SERENA;IV REGION;CL;55990;0;990;0;56980;0;CLP
000000596684;24750659302-A;02/06/2026 20:40:17;Recibido;39990;0;39990;7198;0.0000;32792;1;CHAQUETA ECOCUERO ACOLCHADO CUELLO MAO NEGRO NICOPOLY;MPM10003217336-1;N06205BL;02/06/2026 20:40:18;Retiro Tienda Ripley Chillan_BE;Ocampo;Jessica;;5 de Abril 699;4to Piso. Centro de atención al Cliente;;;CHILLAN;XVI REGION;CL;Ocampo;Jessica;;El Arrayán 284;;;;CHILLAN;XVI REGION;CL;39990;0;0;0;39990;0;CLP
000000596684;24751000801-A;02/06/2026 20:54:06;Recibido;49990;0;49990;8998;0.0000;40992;1;ABRIGO SOLAPA REDONDA ROJO NICOPOLY;MPM10002646316-3;N05252DXL;02/06/2026 20:54:07;Retiro Tienda Ripley Portal Temuco_BE;Anton Huenchul;Danitza;;Avenida Alemania 0671;3er Piso, Modulo Retiro en Tienda;;;TEMUCO;IX REGION;CL;Anton Huenchul;Danitza;;Avenida Alemania 0671;;;;TEMUCO;IX REGION;CL;49990;0;0;0;49990;0;CLP
000000596684;24751081101-A;02/06/2026 20:54:45;Reembolsado;39990;0;39990;7198;0.0000;32792;1;CHAQUETA ECOCUERO ACOLCHADO CUELLO MAO NEGRO NICOPOLY;MPM10003217336-1;N06205BL;02/06/2026 20:54:46;Retiro Tienda Ripley Chillan_BE;Ocampo;Jessica;;5 de Abril 699;4to Piso. Centro de atención al Cliente;;;CHILLAN;XVI REGION;CL;Ocampo;Jessica;;5 de Abril 699;;;;CHILLAN;XVI REGION;CL;39990;0;0;0;39990;0;CLP
000000596684;24753015701-A;02/06/2026 21:54:27;Recibido;55990;0;55990;10078;0.0000;45912;1;ABRIGO CUELLO CAMISERO CAFE  NICOPOLY;MPM10003232217-2;N06207UL;02/06/2026 21:54:28;Retiro Tienda Ripley Chillan_BE;Poblete;Natalia;;5 de Abril 699;4to Piso. Centro de atención al Cliente;;;CHILLAN;XVI REGION;CL;Poblete;Natalia;;Camino a Cato km. 28, Chillán SN;;;;CHILLAN;XVI REGION;CL;55990;0;0;0;55990;0;CLP
000000596684;24753015701-A;02/06/2026 21:54:27;Recibido;55990;0;55990;10078;0.0000;45912;1;ABRIGO LARGO LAZO NEGRO NICOPOLY;MPM10002646306-3;N04227BL-6;02/06/2026 21:54:28;Retiro Tienda Ripley Chillan_BE;Poblete;Natalia;;5 de Abril 699;4to Piso. Centro de atención al Cliente;;;CHILLAN;XVI REGION;CL;Poblete;Natalia;;Camino a Cato km. 28, Chillán SN;;;;CHILLAN;XVI REGION;CL;55990;0;0;0;55990;0;CLP
000000596684;24754625601-A;02/06/2026 22:34:22;Recibido;21990;990;22980;3958;0.0000;18032;1;CÁRDIGAN MUJER NICOPOLY ROJO CROP PERLAS;MPM10002160522-1;N05227DM;02/06/2026 22:34:23;Retiro Tienda Ripley Los Angeles_BE;Inostroza Novoa;Camila;;Valdivia 440, Los Angeles;" 3er Piso. Servicio al Cliente";;;LOS ANGELES;VIII REGION;CL;Inostroza Novoa;Camila;;Valdivia 440, Los Angeles;;;;LOS ANGELES;VIII REGION;CL;21990;0;990;0;22980;0;CLP
000000596684;24755178302-A;02/06/2026 22:46:08;Reembolsado;27990;0;27990;5038;0.0000;22952;1;BLAZER 4 BOTONES DECORATIVOS NEGRO NICOPOLY;MPM10001713165-2;N10046BL-5;02/06/2026 22:46:09;Retiro Tienda Ripley Portal Temuco_BE;Andaur;"Constanza ";;"Avenida Alemania 0671 ";3er Piso, Modulo Retiro en Tienda;;;TEMUCO;IX REGION;CL;Meza;Margarita;;José Joaquín Pérez 1385;;;;TEMUCO;IX REGION;CL;27990;0;0;0;27990;0;CLP
000000596684;24755557101-A;02/06/2026 22:56:30;Recibido;56990;990;57980;10258;0.0000;46732;1;TRENCH CLASICO DOBLE BOTONADURA NEGRO NICOPOLY;MPM10003237620-1;N06187BM;02/06/2026 22:56:31;Retiro Tienda Ripley Chillan_BE;Aguilera;Solange;;5 de Abril 699;4to Piso. Centro de atención al Cliente;;;CHILLAN;XVI REGION;CL;Aguilera;Solange;;Avenida nueva poniente  482;;;;CHILLAN;XVI REGION;CL;56990;0;990;0;57980;0;CLP
000000596684;24755694601-A;02/06/2026 23:02:36;Recibido;12990;990;13980;2338;0.0000;10652;1;POLERA MANGA 3/4 CUELLO BOTE NEGRO NICOPOLY;MPM10003203085-4;N06296BL;02/06/2026 23:02:37;Retiro Tienda Ripley Iquique_BE;Castro;Lissette;;Vivar 550;" 4to Piso. Servicio al Cliente";;;IQUIQUE;I REGION;CL;Castro;Lissette;;esmeralda 528;;;;IQUIQUE;I REGION;CL;12990;0;990;0;13980;0;CLP
000000596684;24757160401-A;02/06/2026 23:48:19;Recibido;22990;990;23980;4138;0.0000;18852;1;CARDIGAN DISEÑO TRENZADO CAFE  NICOPOLY;MPM10003217104-1;N06240US;02/06/2026 23:48:25;Retiro Tienda Ripley Talca_BE;Coarite Osinaga;Abner;;8 Oriente 1212;" 2do Piso. Modulo Retiro en Tienda";;;TALCA;VII REGION;CL;Coarite Osinaga;Abner;;Hualañe 3624;;;;TALCA;VII REGION;CL;22990;0;990;0;23980;0;CLP
000000596684;24757201801-A;02/06/2026 23:48:56;Recibido;55990;990;56980;10078;0.0000;45912;1;ABRIGO CUELLO CAMISERO BEIGE NICOPOLY;MPM10003232215-2;N06207GL;02/06/2026 23:48:57;Retiro Tienda Ripley El Trebol_BE;"Vicente Garces ";"Jose Javier ";;Avenida Jorge Alessandri 3177;" 3er Piso. Modulo Retiro en Tienda";;;TALCAHUANO;VIII REGION;CL;"Vicente Garces ";"Jose Javier ";;Ongolmo 1486A;;;;TALCAHUANO;VIII REGION;CL;55990;0;990;0;56980;0;CLP
000000596684;24758015201-A;03/06/2026 00:20:07;Recibido;22990;5990;28980;4138;0.0000;18852;1;SWEATER CON PATRON TRENZADO ROJO NICOPOLY;MPM10003222674-2;N06237DL;03/06/2026 00:20:09;Flujo Flota Propia;Paez;Patricia;;Altos De Viña 210;Casa 16;;;VI.A DEL MA;V REGION;CL;Paez;Patricia;;Altos De Viña 210;;;;VI.A DEL MA;V REGION;CL;22990;0;5990;0;28980;0;CLP
000000596684;24758306001-A;03/06/2026 00:37:29;Recibido;21990;0;21990;3958;0.0000;18032;1;SWEATER TRENZADO CUELLO ALTO BLANCO NICOPOLY;MPM10003238375-3;N06262AS;03/06/2026 00:37:30;Retiro Tienda Ripley Parque Arauco_BE;Rojas García;Constanza;;Avenida Kennedy 5413;4to Piso. Modulo Retiro en Tienda;;;LAS CONDES;REG.METROPOLITANA;CL;Rojas García;Constanza;;Avenida Kennedy 5413;;;;LAS CONDES;REG.METROPOLITANA;CL;21990;0;0;0;21990;0;CLP
000000596684;24758778701-A;03/06/2026 01:12:25;Recibido;29990;990;30980;5398;0.0000;24592;1;JEANS RECTOS TIRO ALTO NEGRO	 NICOPOLY;MPM10003202877-5;N06283B42;03/06/2026 01:12:26;Retiro Tienda Ripley Maipu_BE;Estrada;Gabriel;;Av. Americo Vespucio 399;" 2do Piso. Modulo Retiro en Tienda";;;MAIPU;REG.METROPOLITANA;CL;Estrada;Gabriel;;Los nevados 707;;;;MAIPU;REG.METROPOLITANA;CL;29990;0;990;0;30980;0;CLP
000000596684;24759256201-A;03/06/2026 02:49:35;Recibido;48990;990;49980;8818;0.0000;40172;1;CHAQUETA TIPO BARBOUR MOCCA NICOPOLY;MPM10003221538-2;N06197OM;03/06/2026 02:49:37;Retiro Tienda Ripley Tobalaba_BE;"Campos ";"Julio ";;Av. Camilo Henríquez 3296, Puente Alto;2do Piso. Modulo Retiro en Tienda;;;PUENTE ALTO;REG.METROPOLITANA;CL;Romero;Jeannette;;EL YUGO 593;;;;PUENTE ALTO;REG.METROPOLITANA;CL;48990;0;990;0;49980;0;CLP
000000596684;24759689801-A;03/06/2026 07:09:13;Recibido;47990;0;47990;8638;0.0000;39352;1;ABRIGO 4 BOTONES NEGRO NICOPOLY;MPM10002646321-2;N05155BL;03/06/2026 07:09:14;Retiro Tienda Ripley Costanera Center_BE;Vera;"Yoseline ";;Avenida Andrés Bello 2422;" 1er Piso. Modulo Retiro en Tienda";;;PROVIDENCIA;REG.METROPOLITANA;CL;Vera;"Yoseline ";;Peñuelas 9079;;;;PROVIDENCIA;REG.METROPOLITANA;CL;47990;0;0;0;47990;0;CLP
000000596684;24760113401-A;03/06/2026 08:17:53;Recibido;18990;0;18990;3418;0.0000;15572;1;SWEATER MUJER NICOPOLY MAGENTA BÁSICO CUELLO REDONDO;MPM10002160475-3;N04248ZM-6;03/06/2026 08:17:54;Retiro Tienda Ripley Huechuraba_BE;Arias;Evelyn;;Av. Americo Vespucio Norte 1737;" 2do Piso. Modulo Retiro en Tienda";;;HUECHURABA;REG.METROPOLITANA;CL;Arias;Evelyn;;El molino  106;;;;HUECHURABA;REG.METROPOLITANA;CL;18990;0;0;0;18990;0;CLP
000000596684;24761124701-A;03/06/2026 09:44:54;Recibido;44990;0;44990;8098;0.0000;36892;1;ABRIGO PATRON ESPIGA GRAFITO NICOPOLY;MPM10002646332-4;N05149NM;03/06/2026 09:44:55;Retiro Tienda Ripley Curico_BE;Robles;Carla;;Av.OHiggins 201;" 2do Piso. Servicio al Cliente";;;CURICO;VII REGION;CL;Robles;Carla;;Villa Piedra Azul calle 1 1088;;;;CURICO;VII REGION;CL;44990;0;0;0;44990;0;CLP
000000596684;24761317801-A;03/06/2026 09:48:31;Recibido;21990;0;21990;3958;0.0000;18032;1;BLUSA BÁSICA BOTONERA INVISIBLE ROJO NICOPOLY;MPM10001713153-1;N00089DL-5;03/06/2026 09:48:32;Retiro Tienda Ripley Curico_BE;Espinosa;Soledad;;Av.OHiggins 201;" 2do Piso. Servicio al Cliente";;;CURICO;VII REGION;CL;Espinosa;Soledad;;Av.OHiggins 201;;;;CURICO;VII REGION;CL;21990;0;0;0;21990;0;CLP
000000596684;24761468901-A;03/06/2026 09:58:07;Recibido;41990;8990;50980;7558;0.0000;34432;1;CHAQUETA TIPO BARBOUR MOCCA NICOPOLY;MPM10003221538-2;N06197OM;03/06/2026 09:58:09;Flujo Flota Propia;Casas;Claudia;;Andres Bello 223;Casa;;;LONCOCHE;IX REGION;CL;Casas;Claudia;;Andres Bello 223;;;;LONCOCHE;IX REGION;CL;41990;0;8990;0;50980;0;CLP
000000596684;24761896801-A;03/06/2026 10:21:42;Recibido;47990;990;48980;8638;0.0000;39352;1;ABRIGO CIERRE LATERAL OLIVA NICOPOLY;MPM10003237666-3;N06193MM;03/06/2026 10:21:43;Retiro Tienda Ripley Curico_BE;Gutirrez;Beryl;;Av.OHiggins 201;" 2do Piso. Servicio al Cliente";;;CURICO;VII REGION;CL;Gutirrez;Beryl;;El Boldo 4 Pasaje 18 2201;;;;CURICO;VII REGION;CL;47990;0;990;0;48980;0;CLP
000000596684;24762314303-A;03/06/2026 10:44:10;Recibido;47990;990;48980;8638;0.0000;39352;1;ABRIGO CUELLO CAMISERO NEGRO NICOPOLY;MPM10003232214-3;N06207BM;03/06/2026 10:44:11;Retiro Tienda Ripley Maipu_BE;Lopez;Catherine;;Av. Americo Vespucio 399;" 2do Piso. Modulo Retiro en Tienda";;;MAIPU;REG.METROPOLITANA;CL;Lopez;Catherine;;Teniente Merino, maipu 3494;;;;MAIPU;REG.METROPOLITANA;CL;47990;0;990;0;48980;0;CLP
000000596684;24762798102-A;03/06/2026 11:09:26;Recibido;25990;0;25990;4678;0.0000;21312;1;GILET SASTRE ENTALLADO BLANCO NICOPOLY;MPM10002943810-1;N06063AM;03/06/2026 11:09:27;Retiro Tienda Ripley La Calera_BE;Alfaro;Francisca;;JJ Perez 90, La Calera;" 2do Piso. Modulo Retiro en Tienda";;;LA CALERA;V REGION;CL;Alfaro;Francisca;;Población Bolonia calle tres casa 12;;;;LA CALERA;V REGION;CL;25990;0;0;0;25990;0;CLP
000000596684;24763060301-A;03/06/2026 11:22:49;Recibido;47990;990;48980;8638;0.0000;39352;1;ABRIGO CIERRE LATERAL OLIVA NICOPOLY;MPM10003237666-3;N06193MM;03/06/2026 11:22:50;Retiro Tienda Ripley El Trebol_BE;Ruiz Soto;Ana Graciela;;Avenida Jorge Alessandri 3177;" 3er Piso. Modulo Retiro en Tienda";;;TALCAHUANO;VIII REGION;CL;Ruiz Soto;Ana Graciela;;Los Lirios 93, Concepción 93;;;;TALCAHUANO;VIII REGION;CL;47990;0;990;0;48980;0;CLP
000000596684;24763947801-A;03/06/2026 12:08:36;Recibido;44990;8990;53980;8098;0.0000;36892;1;ABRIGO ECOCUERO NEGRO NICOPOLY;MPM10003232486-2;N06217BL;03/06/2026 12:08:37;Flujo Tradicional Habitualidad;Sepulveda Constancio;Elizabeth;;Alcázar 1659, Collipulli, Araucanía, Chile 1659;10;;;COLLIPULLI;IX REGION;CL;Sepulveda Constancio;Elizabeth;;Alcázar 1659, Collipulli, Araucanía, Chile 1659;;;;COLLIPULLI;IX REGION;CL;44990;0;8990;0;53980;0;CLP
000000596684;24764404001-A;03/06/2026 12:30:40;Recibido;56990;990;57980;10258;0.0000;46732;1;ABRIGO TIPO GAMUZA Y ECOCUERO CAFE  NICOPOLY;MPM10003232715-2;N06216US;03/06/2026 12:30:41;Retiro Tienda Ripley Portal Temuco_BE;Castillo;Marianela;;Avenida Alemania 0671;3er Piso, Modulo Retiro en Tienda;;;TEMUCO;IX REGION;CL;Castillo;Marianela;;Avenida Alemania 0671;;;;TEMUCO;IX REGION;CL;56990;0;990;0;57980;0;CLP
000000596684;24765037002-A;03/06/2026 13:00:25;Recibido;23990;0;23990;4318;0.0000;19672;1;BLUSA CUELLO MAO MANGA GLOBO BLANCO NICOPOLY;MPM10003221533-3;N06289AL;03/06/2026 13:00:26;Retiro Tienda Ripley El Trebol_BE;Palma;Evelyn;;Avenida Jorge Alessandri 3177;" 3er Piso. Modulo Retiro en Tienda";;;TALCAHUANO;VIII REGION;CL;Palma;Evelyn;;Vicente Palacios 2715;;;;TALCAHUANO;VIII REGION;CL;23990;0;0;0;23990;0;CLP
000000596684;24765414701-A;03/06/2026 13:18:40;Recibido;15990;0;15990;2878;0.0000;13112;1;TAPADO CALADO LARGO NEGRO NICOPOLY;MPM10001856349-1;N05110BF;03/06/2026 13:18:41;Retiro Tienda Ripley Plaza Oeste_BE;Martinez;Viviana;;Américo Vespucio 1501;" 3er Piso. Modulo Retiro en Tienda";;;CERRILLOS;REG.METROPOLITANA;CL;Martinez;Viviana;;Pasaje Buda 2944;;;;CERRILLOS;REG.METROPOLITANA;CL;15990;0;0;0;15990;0;CLP
000000596684;24765552802-A;03/06/2026 13:25:40;Recibido;29990;990;30980;5398;0.0000;24592;1;CHAQUETA MITAD CHIPORRO/PARKA KHAKI NICOPOLY;MPM10001383902-2;N04152LL;03/06/2026 13:25:41;Retiro Tienda Ripley Plaza Oeste_BE;Villarroel;Veronica;;Américo Vespucio 1501;" 3er Piso. Modulo Retiro en Tienda";;;CERRILLOS;REG.METROPOLITANA;CL;Villarroel;Veronica;;el dedal de oro 18720;;;;CERRILLOS;REG.METROPOLITANA;CL;29990;0;990;0;30980;0;CLP
000000596684;24765840201-A;03/06/2026 13:41:21;Recibido;55990;0;55990;10078;0.0000;45912;1;ABRIGO LARGO LAZO NEGRO NICOPOLY;MPM10002646306-1;N04227BXL-6;03/06/2026 13:41:22;Retiro Tienda Ripley Mall Concepcion_BE;Cid Cares;Neisa;;Barros Arana 1068, Concepción;" 3er Piso. Modulo Retiro en Tienda";;;CONCEPCION;VIII REGION;CL;Cid Cares;Neisa;;Barros Arana 1068, Concepción;;;;CONCEPCION;VIII REGION;CL;55990;0;0;0;55990;0;CLP
000000596684;24766296101-A;03/06/2026 14:02:47;Reembolsado;23990;0;23990;4318;0.0000;19672;1;BLAZER 4 BOTONES DECORATIVOS NEGRO NICOPOLY;MPM10001713165-4;N10046BM-5;03/06/2026 14:02:48;Retiro Tienda Ripley Plaza Oeste_BE;Hernandez;Angela;;Américo Vespucio 1501;" 3er Piso. Modulo Retiro en Tienda";;;CERRILLOS;REG.METROPOLITANA;CL;Hernandez;Angela;;Pasaje Guaira 16927;;;;CERRILLOS;REG.METROPOLITANA;CL;23990;0;0;0;23990;0;CLP
000000596684;24766924001-A;03/06/2026 14:35:15;Recibido;29990;3990;33980;5398;0.0000;24592;1;JEANS RECTOS TIRO ALTO CAFE  NICOPOLY;MPM10003202992-2;N06283U40;03/06/2026 14:35:16;Flujo Flota Propia;GAGGERO;ELISA;;Escribano Diego Rutal 2146;S/N;;;VITACURA;REG.METROPOLITANA;CL;GAGGERO;ELISA;;Escribano Diego Rutal 2146;;;;VITACURA;REG.METROPOLITANA;CL;29990;0;3990;0;33980;0;CLP
000000596684;24767041501-A;03/06/2026 14:39:51;Recibido;19990;990;20980;3598;0.0000;16392;1;CARDIGAN DISEÑO TRENZADO NEGRO NICOPOLY;MPM10003217102-3;N06240BS;03/06/2026 14:39:52;Retiro Tienda Ripley Mall Concepcion_BE;Cartes;Pablo;;Barros Arana 1068, Concepción;" 3er Piso. Modulo Retiro en Tienda";;;CONCEPCION;VIII REGION;CL;Cartes;Pablo;;Barros Arana 1068, Concepción;;;;CONCEPCION;VIII REGION;CL;19990;0;990;0;20980;0;CLP
000000596684;24767219901-A;03/06/2026 14:48:16;Recibido;27990;0;27990;5038;0.0000;22952;1;BOMBER ECOCUERO NEGRO NICOPOLY;MPM10002635840-4;N05153BM;03/06/2026 14:48:17;Retiro Tienda Ripley Mall Calama_BE;Valdes;Verónica;;Balmaceda 3242, Calama;" 2do Piso. Servicio al Cliente";;;CALAMA;II REGION;CL;Valdes;Verónica;;Paraguay 2652;;;;CALAMA;II REGION;CL;27990;0;0;0;27990;0;CLP
000000596684;24768382201-A;03/06/2026 15:40:05;Recibido;41990;0;41990;7558;0.0000;34432;1;CHAQUETA TIPO BARBOUR MOCCA NICOPOLY;MPM10003221538-2;N06197OM;03/06/2026 15:40:06;Retiro Tienda Ripley Pto.Montt Costanera_BE;"Barrientos ";"Adelaida ";;Juan Soler Manfredini 10;" 6to Piso. Modulo Retiro en Tienda";;;PTO.MONTT;X REGION;CL;Barria;Cristy;;Calle Laguna Petrel 1501;;;;PTO.MONTT;X REGION;CL;41990;0;0;0;41990;0;CLP
000000596684;24768413301-A;03/06/2026 15:41:37;Recibido;41990;495;42485;7558;0.0000;34432;1;CHAQUETA TIPO BARBOUR MOCCA NICOPOLY;MPM10003221538-1;N06197OL;03/06/2026 15:41:39;Retiro Tienda Ripley Quilpue_BE;"Fuentes ";"Arely ";;Claudio Vicuña 992, Quilpue;" 3er Piso. Modulo Retiro en Tienda";;;QUILPUE;V REGION;CL;Clavijo;Maria;;Jardines paso hondo 2330;;;;QUILPUE;V REGION;CL;41990;0;495;0;42485;0;CLP
000000596684;24768413301-A;03/06/2026 15:41:37;Recibido;42990;495;43485;7738;0.0000;35252;1;CHAQUETA DE PAÑO CON CINTURON NEGRO NICOPOLY;MPM10003232201-2;N06189BXL;03/06/2026 15:41:39;Retiro Tienda Ripley Quilpue_BE;"Fuentes ";"Arely ";;Claudio Vicuña 992, Quilpue;" 3er Piso. Modulo Retiro en Tienda";;;QUILPUE;V REGION;CL;Clavijo;Maria;;Jardines paso hondo 2330;;;;QUILPUE;V REGION;CL;42990;0;495;0;43485;0;CLP
000000596684;24768419201-A;03/06/2026 15:42:24;Recibido;49990;0;49990;8998;0.0000;40992;1;ABRIGO SOLAPA REDONDA NEGRO NICOPOLY;MPM10002646294-1;N05252BL;03/06/2026 15:42:25;Flujo Flota Propia;Colmenares De Mireles;Francia;;Segunda Avenida 1239;801;;;SAN MIGUEL;REG.METROPOLITANA;CL;Colmenares De Mireles;Francia;;Segunda Avenida 1239;;;;SAN MIGUEL;REG.METROPOLITANA;CL;49990;0;0;0;49990;0;CLP
000000596684;24768722201-A;03/06/2026 15:54:57;Recibido;35990;0;35990;6478;0.0000;29512;1;BLAZER BASICO DE TOPE MORADO NICOPOLY;MPM10002843019-2;N05301ZXL-7;03/06/2026 15:54:58;Retiro Tienda Ripley Mall Concepcion_BE;"Guzmn ";"Felipe ";;Barros Arana 1068, Concepción;" 3er Piso. Modulo Retiro en Tienda";;;CONCEPCION;VIII REGION;CL;"Guzmn ";"Felipe ";;Barros Arana 1068, Concepción;;;;CONCEPCION;VIII REGION;CL;35990;0;0;0;35990;0;CLP
000000596684;24768759701-A;03/06/2026 15:58:11;Reembolsado;31990;0;31990;5758;0.0000;26232;1;BLAZER BOLSILLOS Y BOTÓN NEGRO NICOPOLY;MPM10001752517-2;N04260BXL-5;03/06/2026 15:58:11;Retiro Tienda Ripley Puente_BE;Perez;Militza;;21 de Mayo 698;4to Piso. Modulo Retiro en Tienda;;;SANTIAGO;REG.METROPOLITANA;CL;Perez;Militza;;Jorge luco  609;;;;SANTIAGO;REG.METROPOLITANA;CL;31990;0;0;0;31990;0;CLP
000000596684;24768712201-A;03/06/2026 15:59:22;Recibido;55990;3980;59970;10078;0.0000;45912;1;ABRIGO CIERRE LATERAL OLIVA NICOPOLY;MPM10003237666-2;N06193MXL;03/06/2026 15:59:23;Flujo Flota Propia;Quijada;Karina;;Claudio Arrau 7152;73;;;PUDAHUEL;REG.METROPOLITANA;CL;Quijada;Karina;;Claudio Arrau 7152;;;;PUDAHUEL;REG.METROPOLITANA;CL;55990;0;3980;0;59970;0;CLP
000000596684;24769241302-A;03/06/2026 16:17:52;Recibido;19990;0;19990;3598;0.0000;16392;1;SWEATER CON PATRON TRENZADO CELESTE NICOPOLY;MPM10003222698-1;N06237KL;03/06/2026 16:17:54;Retiro Tienda Ripley San Fernando_BE;Toledo;Paola;;Bernardo Ohiggins 701;" 3er Piso. Modulo Retiro en Tienda";;;SAN FERNANDO;VI REGION;CL;Toledo;Paola;;El Encino 00;;;;SAN FERNANDO;VI REGION;CL;19990;0;0;0;19990;0;CLP
000000596684;24769676801-A;03/06/2026 16:37:42;Recibido;35990;0;35990;6478;0.0000;29512;1;TRENCH LAZO TIPO GAMUZA GRIS NICOPOLY;MPM10001713159-2;N05001IL;03/06/2026 16:37:43;Flujo Flota Propia;Delgado;Elisabeth;;Guipuzcoa 1046;Casa;;;LAS CONDES;REG.METROPOLITANA;CL;Delgado;Elisabeth;;Guipuzcoa 1046;;;;LAS CONDES;REG.METROPOLITANA;CL;35990;0;0;0;35990;0;CLP
000000596684;24769971101-A;03/06/2026 16:50:06;Recibido;25990;0;25990;4678;0.0000;21312;1;BLAZER MUJER NICOPOLY ROJO CUELLO MAO;MPM10002160481-2;N00156DS-6;03/06/2026 16:50:07;Retiro Tienda Ripley El Trebol_BE;"Sanchez Zambrano ";Mary Ann Daisy;;Avenida Jorge Alessandri 3177;" 3er Piso. Modulo Retiro en Tienda";;;TALCAHUANO;VIII REGION;CL;"Sanchez Zambrano ";Mary Ann Daisy;;Pasaje Punta de Arco  333;;;;TALCAHUANO;VIII REGION;CL;25990;0;0;0;25990;0;CLP
000000596684;24769971101-A;03/06/2026 16:50:06;Recibido;25990;0;25990;4678;0.0000;21312;1;BLAZER MUJER NICOPOLY VERDE OSCURO CUELLO MAO;MPM10002160487-4;N00156ES-6;03/06/2026 16:50:07;Retiro Tienda Ripley El Trebol_BE;"Sanchez Zambrano ";Mary Ann Daisy;;Avenida Jorge Alessandri 3177;" 3er Piso. Modulo Retiro en Tienda";;;TALCAHUANO;VIII REGION;CL;"Sanchez Zambrano ";Mary Ann Daisy;;Pasaje Punta de Arco  333;;;;TALCAHUANO;VIII REGION;CL;25990;0;0;0;25990;0;CLP
000000596684;24770191501-A;03/06/2026 16:59:57;Recibido;50990;0;50990;9178;0.0000;41812;1;ABRIGO SOLAPA Y CINTURON ROJO NICOPOLY;MPM10003232693-4;N06188DM;03/06/2026 16:59:58;Retiro Tienda Ripley Quilpue_BE;Tapia Cubillos;Valentina;;Claudio Vicuña 992, Quilpue;" 3er Piso. Modulo Retiro en Tienda";;;QUILPUE;V REGION;CL;Tapia Cubillos;Valentina;;Doris Martinez  690;;;;QUILPUE;V REGION;CL;50990;0;0;0;50990;0;CLP
000000596684;24770598201-A;03/06/2026 17:18:04;Recibido;50990;495;51485;9178;0.0000;41812;1;ABRIGO SOLAPA Y CINTURON CAFE  NICOPOLY;MPM10003232690-2;N06188UXL;03/06/2026 17:18:05;Retiro Tienda Ripley Plaza Vespucio_BE;Espinoza Muoz;Marcela;;Av. Vicuña Mackenna Ote. 7110, La Florida;3er Piso. Modulo Retiro en Tienda;;;LA FLORIDA;REG.METROPOLITANA;CL;Espinoza Muoz;Marcela;;Paseo Los Corcolenes 8451;;;;LA FLORIDA;REG.METROPOLITANA;CL;50990;0;495;0;51485;0;CLP
000000596684;24770598201-A;03/06/2026 17:18:04;Recibido;50990;495;51485;9178;0.0000;41812;1;ABRIGO SOLAPA Y CINTURON ROJO NICOPOLY;MPM10003232693-2;N06188DXL;03/06/2026 17:18:05;Retiro Tienda Ripley Plaza Vespucio_BE;Espinoza Muoz;Marcela;;Av. Vicuña Mackenna Ote. 7110, La Florida;3er Piso. Modulo Retiro en Tienda;;;LA FLORIDA;REG.METROPOLITANA;CL;Espinoza Muoz;Marcela;;Paseo Los Corcolenes 8451;;;;LA FLORIDA;REG.METROPOLITANA;CL;50990;0;495;0;51485;0;CLP
000000596684;24770647001-A;03/06/2026 17:19:01;Recibido;25990;990;26980;4678;0.0000;21312;1;BLAZER MUJER NICOPOLY ROJO CUELLO MAO;MPM10002160481-2;N00156DS-6;03/06/2026 17:19:01;Retiro Tienda Ripley Crillon_BE;Duarte;Jusnell;;Agustinas #1025;Piso -1. Modulo Retiro en Tienda;;;SANTIAGO;REG.METROPOLITANA;CL;Duarte;Jusnell;;Crescente errazuriz  291;;;;SANTIAGO;REG.METROPOLITANA;CL;25990;0;990;0;26980;0;CLP
000000596684;24771153401-A;03/06/2026 17:41:59;Recibido;34990;990;35980;6298;0.0000;28692;1;CHAQUETA ECOCUERO ACOLCHADO CUELLO MAO NEGRO NICOPOLY;MPM10003217336-2;N06205BM;03/06/2026 17:42:00;Retiro Tienda Ripley San Fernando_BE;Gonzalez Guzman;Angel David;;Bernardo Ohiggins 701;" 3er Piso. Modulo Retiro en Tienda";;;SAN FERNANDO;VI REGION;CL;Gonzalez Guzman;Angel David;;Avenida Bernardo O'Higgins 701;;;;SAN FERNANDO;VI REGION;CL;34990;0;990;0;35980;0;CLP
000000596684;24771377901-A;03/06/2026 17:53:10;Recibido;26990;990;27980;4858;0.0000;22132;1;BLAZER BOLSILLOS Y BOTÓN NEGRO NICOPOLY;MPM10001752517-4;N04260BS-5;03/06/2026 17:53:11;Retiro Tienda Ripley Plaza Oeste_BE;Rifo;Constanza;;Américo Vespucio 1501;" 3er Piso. Modulo Retiro en Tienda";;;CERRILLOS;REG.METROPOLITANA;CL;Rifo;Constanza;;Américo Vespucio 1501;;;;CERRILLOS;REG.METROPOLITANA;CL;26990;0;990;0;27980;0;CLP
000000596684;24771523001-A;03/06/2026 17:58:27;Recibido;42990;990;43980;7738;0.0000;35252;1;ABRIGO SOLAPA REDONDA VERDE PETROLEO NICOPOLY;MPM10003232483-2;N05252ES;03/06/2026 17:58:28;Retiro Tienda Ripley Mall Concepcion_BE;Ochoa;Andres;;Barros Arana 1068, Concepción;" 3er Piso. Modulo Retiro en Tienda";;;CONCEPCION;VIII REGION;CL;Ochoa;Andres;;Barros Arana 1068, Concepción;;;;CONCEPCION;VIII REGION;CL;42990;0;990;0;43980;0;CLP
000000596684;24771675001-A;03/06/2026 18:09:24;Recibido;47990;990;48980;8638;0.0000;39352;1;ABRIGO CIERRE LATERAL CAFE  NICOPOLY;MPM10003237675-4;N06193US;03/06/2026 18:09:25;Retiro Tienda Ripley Quilpue_BE;Barraza;Sandy;;Claudio Vicuña 992, Quilpue;" 3er Piso. Modulo Retiro en Tienda";;;QUILPUE;V REGION;CL;Carmona;Maria;;cormoran 2491;;;;QUILPUE;V REGION;CL;47990;0;990;0;48980;0;CLP
000000596684;24772085402-A;03/06/2026 18:22:05;Recibido;18990;990;19980;3418;0.0000;15572;1;CÁRDIGAN MUJER NICOPOLY NEGRO CROP PERLAS;MPM10002160513-3;N05227BM;03/06/2026 18:22:06;Retiro Tienda Ripley Maipu_BE;Cabezas;Damaris;;Av. Americo Vespucio 399;" 2do Piso. Modulo Retiro en Tienda";;;MAIPU;REG.METROPOLITANA;CL;Cabezas;Damaris;;Pasaje los esteros  152;;;;MAIPU;REG.METROPOLITANA;CL;18990;0;990;0;19980;0;CLP
000000596684;24772131601-A;03/06/2026 18:23:43;Recibido;19590;990;20580;3526;0.0000;16064;1;BLUSA BASICA BOTONERA INVISIBLE CELESTE NICOPOLY;MPM10001713161-4;N00089KXL-5;03/06/2026 18:23:44;Retiro Tienda Ripley Antofagasta_BE;Yucra;Ambar;;Arturo Prat 530;" 4to Piso. Servicio al Cliente";;;ANTOFAGASTA;II REGION;CL;Yucra;Ambar;;Calle Oficina Lina 236;;;;ANTOFAGASTA;II REGION;CL;19590;0;990;0;20580;0;CLP
000000596684;24772376001-A;03/06/2026 18:33:54;Recibido;19990;990;20980;3598;0.0000;16392;1;CARDIGAN FLORES TEJIDAS GRIS NICOPOLY;MPM10003234028-3;N06235NS;03/06/2026 18:33:55;Retiro Tienda Ripley Nueva Valdivia_BE;"Urrutia ";"Mariana ";;Arauco 561;" 3er Piso. Servicio al Cliente";;;VALDIVIA;XIV REGION;CL;"Urrutia ";"Mariana ";;Regidor Esteban Arismendy 4018;;;;VALDIVIA;XIV REGION;CL;19990;0;990;0;20980;0;CLP
000000596684;24772556901-A;03/06/2026 18:40:46;Recibido;47990;0;47990;8638;0.0000;39352;1;ABRIGO CIERRE LATERAL OLIVA NICOPOLY;MPM10003237666-4;N06193MS;03/06/2026 18:40:47;Retiro Tienda Ripley Chillan_BE;Rodriguez Quintana;Pamela;;5 de Abril 699;4to Piso. Centro de atención al Cliente;;;CHILLAN;XVI REGION;CL;Rodriguez Quintana;Pamela;;Pedro Aguirre Cerda 150;;;;CHILLAN;XVI REGION;CL;47990;0;0;0;47990;0;CLP
000000596684;24773073501-A;03/06/2026 19:01:02;Reembolsado;47990;0;47990;8638;0.0000;39352;1;ABRIGO 4 BOTONES OXIDO NICOPOLY;MPM10002646319-2;N05155UM;03/06/2026 19:01:03;Retiro Tienda Ripley Puerto Montt_BE;Perez;Cristina;;Urmeneta 595, Puerto Montt;4to Piso. Servicio al Cliente;;;PTO.MONTT;X REGION;CL;Perez;Cristina;;Urmeneta 595, Puerto Montt;;;;PTO.MONTT;X REGION;CL;47990;0;0;0;47990;0;CLP
000000596684;24773100801-A;03/06/2026 19:02:42;Recibido;47990;6990;54980;8638;0.0000;39352;1;ABRIGO LARGO LAZO ROJO NICOPOLY;MPM10002646309-2;N04227DXL-6;03/06/2026 19:02:43;Flujo Flota Propia;Garces;Ross;;Calle illapel 137 caleta higuerillas  12;"Casa ";;;CON-CON;V REGION;CL;Garces;Ross;;Calle illapel 137 caleta higuerillas  12;;;;CON-CON;V REGION;CL;47990;0;6990;0;54980;0;CLP
000000596684;24773903101-A;03/06/2026 19:30:48;Recibido;17490;990;18480;3148;0.0000;14342;1;CALZA MUJER NICOPOLY BURDEO CIERRES DECORATIVOS S;MPM10001710251-3;N05049TL;03/06/2026 19:30:48;Retiro Tienda Ripley Crillon_BE;Vergara Bello;Heidi;;Agustinas #1025;Piso -1. Modulo Retiro en Tienda;;;SANTIAGO;REG.METROPOLITANA;CL;Vergara Bello;Heidi;;Tampa 145;;;;SANTIAGO;REG.METROPOLITANA;CL;17490;0;990;0;18480;0;CLP
000000596684;24774550301-A;03/06/2026 19:51:38;Recibido;48990;990;49980;8818;0.0000;40172;1;TRENCH CLASICO DOBLE BOTONADURA NEGRO NICOPOLY;MPM10003237620-4;N06187BL;03/06/2026 19:51:39;Retiro Tienda Ripley Plaza Vespucio_BE;Corts Adaros;Palmenia;;Av. Vicuña Mackenna Ote. 7110, La Florida;3er Piso. Modulo Retiro en Tienda;;;LA FLORIDA;REG.METROPOLITANA;CL;Corts Adaros;Palmenia;;AVENIDA LAS INDUSTRIAS  6440;;;;LA FLORIDA;REG.METROPOLITANA;CL;48990;0;990;0;49980;0;CLP
000000596684;24775324101-A;03/06/2026 20:13:36;Recibido;47990;0;47990;8638;0.0000;39352;1;ABRIGO CUELLO CAMISERO BEIGE NICOPOLY;MPM10003232215-3;N06207GS;03/06/2026 20:13:37;Retiro Tienda Ripley Puerto Montt_BE;Quintuy;Yohana;;Urmeneta 595, Puerto Montt;4to Piso. Servicio al Cliente;;;PTO.MONTT;X REGION;CL;Quintuy;Yohana;;Urmeneta 595, Puerto Montt;;;;PTO.MONTT;X REGION;CL;47990;0;0;0;47990;0;CLP
000000596684;24775357501-A;03/06/2026 20:17:03;Recibido;42990;990;43980;7738;0.0000;35252;1;CHAQUETA DE PAÑO CON CINTURON NEGRO NICOPOLY;MPM10003232201-4;N06189BL;03/06/2026 20:17:04;Retiro Tienda Ripley Nueva Alameda_BE;Bustamante;Patricia;;Av Libertador Bernardo O'Higgins 3470, Santiago;3er Piso. Modulo Retiro en Tienda;;;EST.CENTRAL;REG.METROPOLITANA;CL;Bustamante;Patricia;;Av Libertador Bernardo O'Higgins 3470, Santiago;;;;EST.CENTRAL;REG.METROPOLITANA;CL;42990;0;990;0;43980;0;CLP
000000596684;24775384201-A;03/06/2026 20:19:21;Recibido;49990;3370;53360;8998;0.0000;40992;1;ABRIGO SOLAPA REDONDA NEGRO NICOPOLY;MPM10002646294-2;N05252BS;03/06/2026 20:19:22;Flujo Flota Propia;Alvarez;Joycee;;Pintor Rafael Valdes 2933;Casa;;;LA SERENA;IV REGION;CL;Alvarez;Joycee;;Pintor Rafael Valdes 2933;;;;LA SERENA;IV REGION;CL;49990;0;3370;0;53360;0;CLP
000000596684;24775909501-A;03/06/2026 20:30:01;Recibido;22990;990;23980;4138;0.0000;18852;1;SWEATER CON PATRON TRENZADO BLANCO NICOPOLY;MPM10003222666-2;N06237AS;03/06/2026 20:30:02;Retiro Tienda Ripley Parque Arauco_BE;González;Clara;;Avenida Kennedy 5413;4to Piso. Modulo Retiro en Tienda;;;LAS CONDES;REG.METROPOLITANA;CL;González;Clara;;Agustín Denegri 5629;;;;LAS CONDES;REG.METROPOLITANA;CL;22990;0;990;0;23980;0;CLP
000000596684;24775931601-A;03/06/2026 20:30:07;Recibido;22990;980;23970;4138;0.0000;18852;1;VESTIDO PLIEGUES EN CINTURA NEGRO NICOPOLY;MPM10002627270-3;N05278BM;03/06/2026 20:30:08;Retiro Tienda Ripley Pto.Montt Costanera_BE;Navarro Redlich;Rocio Belen;;Juan Soler Manfredini 10;" 6to Piso. Modulo Retiro en Tienda";;;PTO.MONTT;X REGION;CL;Navarro Redlich;Rocio Belen;;Juan Soler Manfredini 10;;;;PTO.MONTT;X REGION;CL;22990;0;980;0;23970;0;CLP
000000596684;24776261302-A;03/06/2026 20:38:01;Recibido;17490;0;17490;3148;0.0000;14342;1;BLUSA CORBATIN Y VUELOS NEGRO NICOPOLY;MPM10003221930-2;N06274BS;03/06/2026 20:38:02;Retiro Tienda Ripley Costanera Center_BE;Vera;Carolina;;Avenida Andrés Bello 2422;" 1er Piso. Modulo Retiro en Tienda";;;PROVIDENCIA;REG.METROPOLITANA;CL;Vera;Carolina;;DTOR MANUEL BARROS BORGO 71;;;;PROVIDENCIA;REG.METROPOLITANA;CL;17490;0;0;0;17490;0;CLP
000000596684;24776261302-A;03/06/2026 20:38:01;Recibido;47990;0;47990;8638;0.0000;39352;1;ABRIGO CIERRE LATERAL OLIVA NICOPOLY;MPM10003237666-4;N06193MS;03/06/2026 20:38:02;Retiro Tienda Ripley Costanera Center_BE;Vera;Carolina;;Avenida Andrés Bello 2422;" 1er Piso. Modulo Retiro en Tienda";;;PROVIDENCIA;REG.METROPOLITANA;CL;Vera;Carolina;;DTOR MANUEL BARROS BORGO 71;;;;PROVIDENCIA;REG.METROPOLITANA;CL;47990;0;0;0;47990;0;CLP
000000596684;24776297901-A;03/06/2026 20:39:55;Reembolsado;34990;0;34990;6298;0.0000;28692;1;ABRIGO CORTO BEIGE NICOPOLY;MPM10002646322-2;N05160AM;03/06/2026 20:39:56;Retiro Tienda Ripley Crillon_BE;Henriquez;Monica;;Agustinas #1025;Piso -1. Modulo Retiro en Tienda;;;SANTIAGO;REG.METROPOLITANA;CL;Henriquez;Monica;;la pasionaria 7133;;;;SANTIAGO;REG.METROPOLITANA;CL;34990;0;0;0;34990;0;CLP
000000596684;24776549701-A;03/06/2026 20:48:32;Recibido;29990;0;29990;5398;0.0000;24592;1;JEANS WIDE LEG BLANCOS NICOPOLY;MPM10002951922-5;N06137A42;03/06/2026 20:48:34;Retiro Tienda Ripley Rancagua_BE;Muñoz Molina;Maria;;José Domingo Mujica 490;" 3er Piso. Modulo Retiro en Tienda";;;RANCAGUA;VI REGION;CL;Muñoz Molina;Maria;;Población Valentín Letelier Lincoyán 255;;;;RANCAGUA;VI REGION;CL;29990;0;0;0;29990;0;CLP
000000596684;24776972701-A;03/06/2026 20:55:14;Recibido;25990;990;26980;4678;0.0000;21312;1;JEANS RECTOS TIRO ALTO NEGRO	 NICOPOLY;MPM10003202877-5;N06283B42;03/06/2026 20:55:16;Retiro Tienda Ripley Plaza Egana_BE;Lecaros;Angelica;;Larrain 5800;" 3er Piso. Modulo Retiro en Tienda";;;NUNOA;REG.METROPOLITANA;CL;Lecaros;Angelica;;Larrain 5800;;;;NUNOA;REG.METROPOLITANA;CL;25990;0;990;0;26980;0;CLP
000000596684;24778555901-A;03/06/2026 21:27:46;Recibido;47990;495;48485;8638;0.0000;39352;1;ABRIGO CIERRE LATERAL CAFE  NICOPOLY;MPM10003237675-2;N06193UM;03/06/2026 21:27:47;Retiro Tienda Ripley Vina Del Mar_BE;Ugarte;SOLEDAD;;Sucre 290, Viña;5to Piso. Modulo Retiro en Tienda;;;VI.A DEL MA;V REGION;CL;Ugarte;SOLEDAD;;Sucre 290, Viña;;;;VI.A DEL MA;V REGION;CL;47990;0;495;0;48485;0;CLP
000000596684;24778555901-A;03/06/2026 21:27:46;Recibido;42990;495;43485;7738;0.0000;35252;1;ABRIGO SOLAPA REDONDA UVA NICOPOLY;MPM10002646314-1;N05252ZM;03/06/2026 21:27:47;Retiro Tienda Ripley Vina Del Mar_BE;Ugarte;SOLEDAD;;Sucre 290, Viña;5to Piso. Modulo Retiro en Tienda;;;VI.A DEL MA;V REGION;CL;Ugarte;SOLEDAD;;Sucre 290, Viña;;;;VI.A DEL MA;V REGION;CL;42990;0;495;0;43485;0;CLP
000000596684;24778711901-A;03/06/2026 21:29:56;Recibido;26990;0;26990;4858;0.0000;22132;1;BLAZER BOLSILLOS Y BOTÓN NEGRO NICOPOLY;MPM10001752517-1;N04260BM-5;03/06/2026 21:29:57;Flujo Flota Propia;Silva Ortega;Carlos;;Canal Beagle 9679;S/N;;;EL BOSQUE;REG.METROPOLITANA;CL;Silva Ortega;Carlos;;Canal Beagle 9679;;;;EL BOSQUE;REG.METROPOLITANA;CL;26990;0;0;0;26990;0;CLP
000000596684;24778995501-A;03/06/2026 21:35:51;Recibido;50990;0;50990;9178;0.0000;41812;1;ABRIGO SOLAPA Y CINTURON NEGRO NICOPOLY;MPM10003232688-4;N06188BM;03/06/2026 21:35:52;Flujo Flota Propia;Gomez;Evelyn;;Avenida argentina #2673 2673;Casa;;;LA SERENA;IV REGION;CL;Gomez;Evelyn;;Avenida argentina #2673 2673;;;;LA SERENA;IV REGION;CL;50990;0;0;0;50990;0;CLP
000000596684;24779057801-A;03/06/2026 21:36:30;Recibido;43191;2745;45936;7774;0.0000;35417;1;ABRIGO LARGO LAZO VERDE PETROLEO NICOPOLY;MPM10003232413-3;N04227EM;03/06/2026 21:36:32;Flujo Flota Propia;"Rojas Meneses ";Karla;;Sitio 8a2 miraflores km34 ruta 68 8a2;Casa;;;CURACAVI;REG.METROPOLITANA;CL;"Rojas Meneses ";Karla;;Sitio 8a2 miraflores km34 ruta 68 8a2;;;;CURACAVI;REG.METROPOLITANA;CL;43191;0;2745;0;45936;0;CLP
000000596684;24779057801-A;03/06/2026 21:36:30;Recibido;47990;2745;50735;8638;0.0000;39352;1;ABRIGO LARGO LAZO ROJO NICOPOLY;MPM10002646309-4;N04227DM-6;03/06/2026 21:36:32;Flujo Flota Propia;"Rojas Meneses ";Karla;;Sitio 8a2 miraflores km34 ruta 68 8a2;Casa;;;CURACAVI;REG.METROPOLITANA;CL;"Rojas Meneses ";Karla;;Sitio 8a2 miraflores km34 ruta 68 8a2;;;;CURACAVI;REG.METROPOLITANA;CL;47990;0;2745;0;50735;0;CLP
000000596684;24779273001-A;03/06/2026 21:39:51;Recibido;50990;990;51980;9178;0.0000;41812;1;ABRIGO SOLAPA Y CINTURON NEGRO NICOPOLY;MPM10003232688-2;N06188BL;03/06/2026 21:39:52;Retiro Tienda Ripley Talca_BE;Munoz;Lilian;;8 Oriente 1212;" 2do Piso. Modulo Retiro en Tienda";;;TALCA;VII REGION;CL;Munoz;Lilian;;Ocho Norte 1991;;;;TALCA;VII REGION;CL;50990;0;990;0;51980;0;CLP
000000596684;24779388801-A;03/06/2026 21:42:37;Recibido;49990;0;49990;8998;0.0000;40992;1;ABRIGO SOLAPA REDONDA NEGRO NICOPOLY;MPM10002646294-2;N05252BS;03/06/2026 21:42:38;Retiro Tienda Ripley Castellón_BE;Gonzlez;Saray;;Castellon 520, Concepcion;6to Piso. Servicio al Cliente;;;CONCEPCION;VIII REGION;CL;Gonzlez;Saray;;Población Lomas del andalien 184;;;;CONCEPCION;VIII REGION;CL;49990;0;0;0;49990;0;CLP
000000596684;24779420901-A;03/06/2026 21:45:04;Recibido;35990;3990;39980;6478;0.0000;29512;1;PANTALON ESTILO JAPONE S PIERNA ANCHA BURDEO NICOPOLY;MPM10003177451-3;N06180TM;03/06/2026 21:45:05;Flujo Flota Propia;Gallardo;Marta;;Avda. Oceanica 6281;601;;;EST.CENTRAL;REG.METROPOLITANA;CL;Gallardo;Marta;;Avda. Oceanica 6281;;;;EST.CENTRAL;REG.METROPOLITANA;CL;35990;0;3990;0;39980;0;CLP
000000596684;24780291201-A;03/06/2026 21:56:53;Recibido;14391;0;14391;2590;0.0000;11801;1;SWEATER ACANALADO CUELLO BOTE LILA NICOPOLY;MPM10002842902-1;N05212ZS-7;03/06/2026 21:56:54;Retiro Tienda Ripley Plaza Oeste_BE;HERNANDEZ;PIA;;Américo Vespucio 1501;" 3er Piso. Modulo Retiro en Tienda";;;CERRILLOS;REG.METROPOLITANA;CL;HERNANDEZ;PIA;;Los Guindos 1927;;;;CERRILLOS;REG.METROPOLITANA;CL;14391;0;0;0;14391;0;CLP
000000596684;24780291201-A;03/06/2026 21:56:53;Recibido;14391;0;14391;2590;0.0000;11801;1;SWEATER ACANALADO CUELLO BOTE CELESTE NICOPOLY;MPM10002842872-2;N05212CS-7;03/06/2026 21:56:54;Retiro Tienda Ripley Plaza Oeste_BE;HERNANDEZ;PIA;;Américo Vespucio 1501;" 3er Piso. Modulo Retiro en Tienda";;;CERRILLOS;REG.METROPOLITANA;CL;HERNANDEZ;PIA;;Los Guindos 1927;;;;CERRILLOS;REG.METROPOLITANA;CL;14391;0;0;0;14391;0;CLP
000000596684;24780575802-A;03/06/2026 22:01:21;Recibido;29990;3990;33980;5398;0.0000;24592;1;BLAZER MUJER NICOPOLY NEGRO LAZO DELANTERO;MPM10002128962-1;N05276BL;03/06/2026 22:01:22;Flujo Flota Propia;Ulloa Torres;Camila;;Las Hualas 164;S/N;;;EST.CENTRAL;REG.METROPOLITANA;CL;Ulloa Torres;Camila;;Las Hualas 164;;;;EST.CENTRAL;REG.METROPOLITANA;CL;29990;0;3990;0;33980;0;CLP
000000596684;24780980401-A;03/06/2026 22:06:58;Recibido;38990;7990;46980;7018;0.0000;31972;1;BLAZER CINTURON BLANCO NICOPOLY;MPM10003217309-2;N06191AS;03/06/2026 22:06:59;Flujo Tradicional Habitualidad;Uribe;Diego;;Nicodahue, Villa los Castaños 947;Casa;;;NACIMIENTO;VIII REGION;CL;Uribe;Diego;;Nicodahue, Villa los Castaños 947;;;;NACIMIENTO;VIII REGION;CL;38990;0;7990;0;46980;0;CLP
000000596684;24780619801-A;03/06/2026 22:08:02;Recibido;19990;2195;22185;3598;0.0000;16392;1;BLUSA CORBATIN Y VUELOS VERDE AZULADO NICOPOLY;MPM10003221934-2;N06274ES;03/06/2026 22:08:04;Flujo Flota Propia;Braz;Sheyla;;García Valenzuela 055;1903;;;NUNOA;REG.METROPOLITANA;CL;Braz;Sheyla;;García Valenzuela 055;;;;NUNOA;REG.METROPOLITANA;CL;19990;0;2195;0;22185;0;CLP
000000596684;24780619801-A;03/06/2026 22:08:02;Recibido;19990;2195;22185;3598;0.0000;16392;1;CAMISA MUJER NICOPOLY ROJO BÁSICA;MPM10002128973-1;N05181DM;03/06/2026 22:08:04;Flujo Flota Propia;Braz;Sheyla;;García Valenzuela 055;1903;;;NUNOA;REG.METROPOLITANA;CL;Braz;Sheyla;;García Valenzuela 055;;;;NUNOA;REG.METROPOLITANA;CL;19990;0;2195;0;22185;0;CLP
000000596684;24781089801-A;03/06/2026 22:08:37;Recibido;22990;990;23980;4138;0.0000;18852;1;CARDIGAN DISEÑO TRENZADO NEGRO NICOPOLY;MPM10003217102-2;N06240BL;03/06/2026 22:08:38;Retiro Tienda Ripley Crillon_BE;Abarca;"María José ";;Agustinas #1025;Piso -1. Modulo Retiro en Tienda;;;SANTIAGO;REG.METROPOLITANA;CL;Vasquez;Sebastin;;Avenida Italia 2025;;;;SANTIAGO;REG.METROPOLITANA;CL;22990;0;990;0;23980;0;CLP
000000596684;24781182301-A;03/06/2026 22:10:03;Recibido;23990;10990;34980;4318;0.0000;19672;1;BLAZER 4 BOTONES DECORATIVOS NEGRO NICOPOLY;MPM10001713165-2;N10046BL-5;03/06/2026 22:10:04;Flujo Flota Propia;Norambuena;Cecilia;;Calle la Huella, Cabo blanco 1;S/N;;;VALDIVIA;XIV REGION;CL;Norambuena;Cecilia;;Calle la Huella, Cabo blanco 1;;;;VALDIVIA;XIV REGION;CL;23990;0;10990;0;34980;0;CLP
000000596684;24781412101-A;03/06/2026 22:17:38;Recibido;55990;0;55990;10078;0.0000;45912;1;ABRIGO LARGO LAZO NEGRO NICOPOLY;MPM10002646306-4;N04227BM-6;03/06/2026 22:17:39;Retiro Tienda Ripley Valparaiso_BE;Olmos;Ursula;;Plaza Victoria 1646;" 4to Piso. Servicio al Cliente";;;VALPARAISO;V REGION;CL;Olmos;Ursula;;Avenida Alemania 29;;;;VALPARAISO;V REGION;CL;55990;0;0;0;55990;0;CLP
000000596684;24781412101-A;03/06/2026 22:17:38;Recibido;55990;0;55990;10078;0.0000;45912;1;ABRIGO CUELLO CAMISERO NEGRO NICOPOLY;MPM10003232214-3;N06207BM;03/06/2026 22:17:39;Retiro Tienda Ripley Valparaiso_BE;Olmos;Ursula;;Plaza Victoria 1646;" 4to Piso. Servicio al Cliente";;;VALPARAISO;V REGION;CL;Olmos;Ursula;;Avenida Alemania 29;;;;VALPARAISO;V REGION;CL;55990;0;0;0;55990;0;CLP
000000596684;24782158501-A;03/06/2026 22:24:20;Recibido;19990;0;19990;3598;0.0000;16392;1;CARDIGAN DISEÑO TRENZADO NEGRO NICOPOLY;MPM10003217102-3;N06240BS;03/06/2026 22:24:21;Retiro Tienda Ripley Crillon_BE;"Risco González ";"Camila ";;Agustinas #1025;Piso -1. Modulo Retiro en Tienda;;;SANTIAGO;REG.METROPOLITANA;CL;González Saavedra;Rosa Erika;;Avenida Vicuña Mackenna 4927;;;;SANTIAGO;REG.METROPOLITANA;CL;19990;0;0;0;19990;0;CLP
000000596684;24782445901-A;03/06/2026 22:28:27;Recibido;44990;0;44990;8098;0.0000;36892;1;ABRIGO PATRON ESPIGA GRAFITO NICOPOLY;MPM10002646332-1;N05149NL;03/06/2026 22:28:28;Retiro Tienda Ripley Temuco_BE;Seguel;Carolina;;Arturo Prat 656, Temuco;2do Piso. Modulo Retiro en Tienda;;;TEMUCO;IX REGION;CL;Seguel;Carolina;;Arturo Prat 656, Temuco;;;;TEMUCO;IX REGION;CL;44990;0;0;0;44990;0;CLP
000000596684;24782413301-A;03/06/2026 22:28:33;Recibido;42990;0;42990;7738;0.0000;35252;1;ABRIGO SOLAPA REDONDA NEGRO NICOPOLY;MPM10002646294-3;N05252BM;03/06/2026 22:28:33;Flujo Flota Propia;Rubilar;Juan Carlos;;Ignacio Echeverria  8284;Casa;;;LA CISTERNA;REG.METROPOLITANA;CL;Rubilar;Juan Carlos;;Ignacio Echeverria  8284;;;;LA CISTERNA;REG.METROPOLITANA;CL;42990;0;0;0;42990;0;CLP
000000596684;24782421001-A;03/06/2026 22:29:10;Recibido;15990;0;15990;2878;0.0000;13112;1;SWEATER ACANALADO CUELLO BOTE NEGRO NICOPOLY;MPM10002842905-3;N05212BM-7;03/06/2026 22:29:11;Retiro Tienda Ripley Tobalaba_BE;Pinto;Natalia;;Av. Camilo Henríquez 3296, Puente Alto;2do Piso. Modulo Retiro en Tienda;;;PUENTE ALTO;REG.METROPOLITANA;CL;Pinto;Natalia;;Rodas 1225;;;;PUENTE ALTO;REG.METROPOLITANA;CL;15990;0;0;0;15990;0;CLP
000000596684;24783147801-A;03/06/2026 22:38:47;Recibido;42990;745;43735;7738;0.0000;35252;1;ABRIGO SOLAPA REDONDA UVA NICOPOLY;MPM10002646314-1;N05252ZM;03/06/2026 22:38:48;Flujo Flota Propia;"Muoz Diaz ";"Jessica ";;Pasaje Trivelli 35;S/N;;;EL MONTE;REG.METROPOLITANA;CL;"Muoz Diaz ";"Jessica ";;Pasaje Trivelli 35;;;;EL MONTE;REG.METROPOLITANA;CL;42990;0;745;0;43735;0;CLP
000000596684;24783147801-A;03/06/2026 22:38:47;Recibido;42990;745;43735;7738;0.0000;35252;1;ABRIGO SOLAPA REDONDA NEGRO NICOPOLY;MPM10002646294-3;N05252BM;03/06/2026 22:38:48;Flujo Flota Propia;"Muoz Diaz ";"Jessica ";;Pasaje Trivelli 35;S/N;;;EL MONTE;REG.METROPOLITANA;CL;"Muoz Diaz ";"Jessica ";;Pasaje Trivelli 35;;;;EL MONTE;REG.METROPOLITANA;CL;42990;0;745;0;43735;0;CLP
000000596684;24783462103-A;03/06/2026 22:43:00;Recibido;19990;3990;23980;3598;0.0000;16392;1;BLUSA CORBATIN Y VUELOS NEGRO NICOPOLY;MPM10003221930-1;N06274BL;03/06/2026 22:43:02;Flujo Flota Propia;Cliente;Jeannette;;LOS SATELITES 7617;S/N;;;CERRILLOS;REG.METROPOLITANA;CL;Cliente;Jeannette;;LOS SATELITES 7617;;;;CERRILLOS;REG.METROPOLITANA;CL;19990;0;3990;0;23980;0;CLP
000000596684;24783472401-A;03/06/2026 22:43:30;Recibido;25990;0;25990;4678;0.0000;21312;1;BLAZER MUJER NICOPOLY NEGRO LAZO DELANTERO;MPM10002128962-1;N05276BL;03/06/2026 22:43:31;Retiro Tienda Ripley Florida_BE;Barahona;Viviana;;Vicuña Mackenna Oriente 6100, La Florida;3er Piso. Modulo Retiro en Tienda;;;LA FLORIDA;REG.METROPOLITANA;CL;Barahona;Viviana;;Tristan Matta 1290;;;;LA FLORIDA;REG.METROPOLITANA;CL;25990;0;0;0;25990;0;CLP
000000596684;24783547101-A;03/06/2026 22:44:14;Recibido;65990;990;66980;11878;0.0000;54112;1;TRENCH ECOCUERO CAFE  NICOPOLY;MPM10003237622-2;N06186US;03/06/2026 22:44:16;Retiro Tienda Ripley Puente_BE;Vallejos;Javiera;;21 de Mayo 698;4to Piso. Modulo Retiro en Tienda;;;SANTIAGO;REG.METROPOLITANA;CL;Vallejos;Javiera;;21 de Mayo 698;;;;SANTIAGO;REG.METROPOLITANA;CL;65990;0;990;0;66980;0;CLP
000000596684;24783718601-A;03/06/2026 22:46:47;Recibido;50990;990;51980;9178;0.0000;41812;1;ABRIGO SOLAPA Y CINTURON ROJO NICOPOLY;MPM10003232693-4;N06188DM;03/06/2026 22:46:48;Retiro Tienda Ripley Plaza Egana_BE;Urquieta;Natalia;;Larrain 5800;" 3er Piso. Modulo Retiro en Tienda";;;NUNOA;REG.METROPOLITANA;CL;Urquieta;Natalia;;Avenida General Bustamante 743;;;;NUNOA;REG.METROPOLITANA;CL;50990;0;990;0;51980;0;CLP
000000596684;24783700901-A;03/06/2026 22:47:15;Recibido;19990;990;20980;3598;0.0000;16392;1;CARDIGAN DISEÑO TRENZADO CAFE  NICOPOLY;MPM10003217104-3;N06240UL;03/06/2026 22:47:16;Retiro Tienda Ripley San Bernardo_BE;Lara;Javiera;;Av. Pdte. Jorge Alessandri Rodríguez 20040, San Bernardo;2do Piso. Modulo Retiro en Tienda;;;SN.BERNARDO;REG.METROPOLITANA;CL;Lara;Javiera;;Pasaje El Roble 521;;;;SN.BERNARDO;REG.METROPOLITANA;CL;19990;0;990;0;20980;0;CLP
000000596684;24783976201-A;03/06/2026 22:50:34;Recibido;15990;330;16320;2878;0.0000;13112;1;CARDIGAN BASICO ROSADO  NICOPOLY;MPM10002924256-2;N06010HS;03/06/2026 22:50:36;Retiro Tienda Ripley Mall Calama_BE;Ledezma Galleguillos;Camila;;Balmaceda 3242, Calama;" 2do Piso. Servicio al Cliente";;;CALAMA;II REGION;CL;Ledezma Galleguillos;Camila;;Tarapaca 2748;;;;CALAMA;II REGION;CL;15990;0;330;0;16320;0;CLP
000000596684;24783976201-A;03/06/2026 22:50:34;Recibido;11990;330;12320;2158;0.0000;9832;1;POLERA BASICA CUELLO REDONDO LINEAS CAFE  NICOPOLY;MPM10003180336-1;N06113UM;03/06/2026 22:50:36;Retiro Tienda Ripley Mall Calama_BE;Ledezma Galleguillos;Camila;;Balmaceda 3242, Calama;" 2do Piso. Servicio al Cliente";;;CALAMA;II REGION;CL;Ledezma Galleguillos;Camila;;Tarapaca 2748;;;;CALAMA;II REGION;CL;11990;0;330;0;12320;0;CLP
000000596684;24783976201-A;03/06/2026 22:50:34;Recibido;6590;330;6920;1186;0.0000;5404;1;POLERA CUELLO ALTO GRIS NICOPOLY;MPM10002661324-1;N05331IS;03/06/2026 22:50:36;Retiro Tienda Ripley Mall Calama_BE;Ledezma Galleguillos;Camila;;Balmaceda 3242, Calama;" 2do Piso. Servicio al Cliente";;;CALAMA;II REGION;CL;Ledezma Galleguillos;Camila;;Tarapaca 2748;;;;CALAMA;II REGION;CL;6590;0;330;0;6920;0;CLP
000000596684;24784288501-A;03/06/2026 22:54:54;Recibido;50990;990;51980;9178;0.0000;41812;1;ABRIGO SOLAPA Y CINTURON NEGRO NICOPOLY;MPM10003232688-4;N06188BM;03/06/2026 22:54:55;Retiro Tienda Ripley Mall Concepcion_BE;Campos;Benjamín;;Barros Arana 1068, Concepción;" 3er Piso. Modulo Retiro en Tienda";;;CONCEPCION;VIII REGION;CL;Campos;Benjamín;;Huillinco 791;;;;CONCEPCION;VIII REGION;CL;50990;0;990;0;51980;0;CLP
000000596684;24784443301-A;03/06/2026 22:58:16;Recibido;41990;0;41990;7558;0.0000;34432;1;BLAZER OVERSIZE TIPO GAMUZA CAFE  NICOPOLY;MPM10003221915-1;N06196US;03/06/2026 22:58:17;Retiro Tienda Ripley Costanera Center_BE;"Giacaman ";"Carolina ";;Avenida Andrés Bello 2422;" 1er Piso. Modulo Retiro en Tienda";;;PROVIDENCIA;REG.METROPOLITANA;CL;"Giacaman ";"Carolina ";;Avenida santa elena  659;;;;PROVIDENCIA;REG.METROPOLITANA;CL;41990;0;0;0;41990;0;CLP
000000596684;24785039801-A;03/06/2026 23:06:44;Recibido;11990;0;11990;2158;0.0000;9832;1;POLERA MALLA CUELLO ALTO NEGRO NICOPOLY;MPM10003199792-2;N06309BS;03/06/2026 23:06:45;Retiro Tienda Ripley Copiapo_BE;Reinoso;Jesenia;;Calle Maipu S/N, Copiapo;" 2do Piso. Servicio al Cliente";;;COPIAPO;III REGION;CL;Reinoso;Jesenia;;Guillermo wilkinson 3409;;;;COPIAPO;III REGION;CL;11990;0;0;0;11990;0;CLP
000000596684;24785670601-A;03/06/2026 23:14:46;Recibido;25990;0;25990;4678;0.0000;21312;1;JEANS RECTOS TIRO ALTO CAFE  NICOPOLY;MPM10003202992-1;N06283U38;03/06/2026 23:14:47;Retiro Tienda Ripley Rancagua_BE;Arcaya;Macarena;;José Domingo Mujica 490;" 3er Piso. Modulo Retiro en Tienda";;;RANCAGUA;VI REGION;CL;Arcaya;Macarena;;José Domingo Mujica 490;;;;RANCAGUA;VI REGION;CL;25990;0;0;0;25990;0;CLP
000000596684;24785898701-A;03/06/2026 23:18:02;Reembolsado;42990;0;42990;7738;0.0000;35252;1;ABRIGO SOLAPA REDONDA NEGRO NICOPOLY;MPM10002646294-3;N05252BM;03/06/2026 23:18:03;Retiro Tienda Ripley Maipu_BE;Riveros;Jaime;;Av. Americo Vespucio 399;" 2do Piso. Modulo Retiro en Tienda";;;MAIPU;REG.METROPOLITANA;CL;Riveros;Jaime;;Los Quillayes 19778;;;;MAIPU;REG.METROPOLITANA;CL;42990;0;0;0;42990;0;CLP
000000596684;24785678201-A;03/06/2026 23:18:19;Recibido;49990;990;50980;8998;0.0000;40992;1;ABRIGO SOLAPA REDONDA NEGRO NICOPOLY;MPM10002646294-3;N05252BM;03/06/2026 23:18:19;Retiro Tienda Ripley La Calera_BE;Muñoz;Ramon;;JJ Perez 90, La Calera;" 2do Piso. Modulo Retiro en Tienda";;;LA CALERA;V REGION;CL;Muñoz;Ramon;;José Zedan 1363;;;;LA CALERA;V REGION;CL;49990;0;990;0;50980;0;CLP
000000596684;24786015001-A;03/06/2026 23:19:52;Recibido;55990;0;55990;10078;0.0000;45912;1;ABRIGO LARGO LAZO UVA NICOPOLY;MPM10002646302-1;N04227ZS-6;03/06/2026 23:19:53;Retiro Tienda Ripley San Fernando_BE;"Cardenas ";"Marilyn ";;Bernardo Ohiggins 701;" 3er Piso. Modulo Retiro en Tienda";;;SAN FERNANDO;VI REGION;CL;Henriquez;Carla;;Bernardo Ohiggins 701;;;;SAN FERNANDO;VI REGION;CL;55990;0;0;0;55990;0;CLP
000000596684;24786238602-A;03/06/2026 23:23:23;Recibido;47990;0;47990;8638;0.0000;39352;1;ABRIGO CIERRE LATERAL OLIVA NICOPOLY;MPM10003237666-4;N06193MS;03/06/2026 23:23:24;Retiro Tienda Ripley Los Angeles_BE;Rodriguez Urrutia;Marta Andrea;;Valdivia 440, Los Angeles;" 3er Piso. Servicio al Cliente";;;LOS ANGELES;VIII REGION;CL;Rodriguez Urrutia;Marta Andrea;;Pasaje Bonilla  0379;;;;LOS ANGELES;VIII REGION;CL;47990;0;0;0;47990;0;CLP
000000596684;24786353801-A;03/06/2026 23:25:58;Recibido;22990;990;23980;4138;0.0000;18852;1;SWEATER CON PATRON TRENZADO MOCCA NICOPOLY;MPM10003222705-2;N06237OM;03/06/2026 23:25:59;Retiro Tienda Ripley El Trebol_BE;Neculpan;Evelyn;;Avenida Jorge Alessandri 3177;" 3er Piso. Modulo Retiro en Tienda";;;TALCAHUANO;VIII REGION;CL;Neculpan;Evelyn;;combate de casma 143;;;;TALCAHUANO;VIII REGION;CL;22990;0;990;0;23980;0;CLP
000000596684;24786672001-A;03/06/2026 23:29:33;Reembolsado;36990;0;36990;6658;0.0000;30332;1;BLAZER OVERSIZE TIPO GAMUZA CAFE  NICOPOLY;MPM10003221915-1;N06196US;03/06/2026 23:29:35;Retiro Tienda Ripley Costanera Center_BE;Chacón Campos;Melissa;;Avenida Andrés Bello 2422;" 1er Piso. Modulo Retiro en Tienda";;;PROVIDENCIA;REG.METROPOLITANA;CL;Chacón Campos;Melissa;;Avenida Andrés Bello 2422;;;;PROVIDENCIA;REG.METROPOLITANA;CL;36990;0;0;0;36990;0;CLP
000000596684;24786806101-A;03/06/2026 23:30:47;Recibido;51990;0;51990;9358;0.0000;42632;1;FULFILLMENT-BLAZER MANGA 3/4 AJUSTADO CON SOLAPAS OXIDO NICOPOLY;MPM10003150062-4;N03049RS-FF;03/06/2026 23:30:48;FF_MATRIX;Guerra Perez;Eduardo Leonidas;;AVENIDA PRESIDENTE KENNEDY 10290;803;;;VITACURA;REG.METROPOLITANA;CL;Guerra Perez;Eduardo Leonidas;;AVENIDA PRESIDENTE KENNEDY 10290;;;;VITACURA;REG.METROPOLITANA;CL;51990;0;0;0;51990;0;CLP
000000596684;24786823901-A;03/06/2026 23:33:20;Recibido;44990;0;44990;8098;0.0000;36892;1;ABRIGO PATRON ESPIGA GRAFITO NICOPOLY;MPM10002646332-1;N05149NL;03/06/2026 23:33:21;Retiro Tienda Ripley Costanera Center_BE;Cliente;"Ana ";;Avenida Andrés Bello 2422;" 1er Piso. Modulo Retiro en Tienda";;;PROVIDENCIA;REG.METROPOLITANA;CL;Cliente;"Ana ";;Avenida Andrés Bello 2422;;;;PROVIDENCIA;REG.METROPOLITANA;CL;44990;0;0;0;44990;0;CLP
000000596684;24787080701-A;03/06/2026 23:35:44;Recibido;31990;0;31990;5758;0.0000;26232;1;TRENCH LAZO HEBILLA KHAKI NICOPOLY;MPM10002635817-3;N05182LS;03/06/2026 23:35:45;Retiro Tienda Ripley Chillan_BE;Arias Rodriguez;Maria Eugenia;;5 de Abril 699;4to Piso. Centro de atención al Cliente;;;CHILLAN;XVI REGION;CL;Arias Rodriguez;Maria Eugenia;;AVENIDA LA COLONIA VILLA LIBERTADOR 1631;;;;CHILLAN;XVI REGION;CL;31990;0;0;0;31990;0;CLP
000000596684;24787172002-A;03/06/2026 23:36:01;Recibido;45891;990;46881;8260;0.0000;37631;1;ABRIGO SOLAPA Y CINTURON NEGRO NICOPOLY;MPM10003232688-2;N06188BL;03/06/2026 23:36:02;Retiro Tienda Ripley Mall Concepcion_BE;Cifuentes;Claudio;;Barros Arana 1068, Concepción;" 3er Piso. Modulo Retiro en Tienda";;;CONCEPCION;VIII REGION;CL;Cifuentes;Claudio;;Pasaje O'Higgins 486;;;;CONCEPCION;VIII REGION;CL;45891;0;990;0;46881;0;CLP
000000596684;24787427602-A;03/06/2026 23:39:14;Recibido;21990;0;21990;3958;0.0000;18032;1;CÁRDIGAN MUJER NICOPOLY NEGRO CROP PERLAS;MPM10002160513-3;N05227BM;03/06/2026 23:39:15;Retiro Tienda Ripley San Bernardo_BE;Medina;Cristina;;Av. Pdte. Jorge Alessandri Rodríguez 20040, San Bernardo;2do Piso. Modulo Retiro en Tienda;;;SN.BERNARDO;REG.METROPOLITANA;CL;Medina;Cristina;;Luis Torres Rioseco 205;;;;SN.BERNARDO;REG.METROPOLITANA;CL;21990;0;0;0;21990;0;CLP
000000596684;24787415502-A;03/06/2026 23:39:56;Recibido;19990;990;20980;3598;0.0000;16392;1;CARDIGAN DISEÑO TRENZADO CAFE  NICOPOLY;MPM10003217104-2;N06240UM;03/06/2026 23:39:57;Retiro Tienda Ripley Talca_BE;Ferrada;Paulina;;8 Oriente 1212;" 2do Piso. Modulo Retiro en Tienda";;;TALCA;VII REGION;CL;Ferrada;Paulina;;13 y media poniente  761;;;;TALCA;VII REGION;CL;19990;0;990;0;20980;0;CLP
000000596684;24787306301-A;03/06/2026 23:41:59;Recibido;52990;0;52990;9538;0.0000;43452;1;ABRIGO ECOCUERO CAFE 	 NICOPOLY;MPM10003232488-4;N06217UL;03/06/2026 23:42:00;Retiro Tienda Ripley Puente_BE;Saavedra;Javiera;;21 de Mayo 698;4to Piso. Modulo Retiro en Tienda;;;SANTIAGO;REG.METROPOLITANA;CL;Saavedra;Javiera;;21 de Mayo 698;;;;SANTIAGO;REG.METROPOLITANA;CL;52990;0;0;0;52990;0;CLP
000000596684;24787674501-A;03/06/2026 23:43:20;Recibido;44990;990;45980;8098;0.0000;36892;1;BLAZER CINTURON NEGRO	 NICOPOLY;MPM10003217310-4;N06191BM;03/06/2026 23:43:21;Retiro Tienda Ripley Vina Del Mar_BE;López;"Iris ";;Sucre 290, Viña;5to Piso. Modulo Retiro en Tienda;;;VI.A DEL MA;V REGION;CL;Castro;Sergio;;Manuel de Salas 130;;;;VI.A DEL MA;V REGION;CL;44990;0;990;0;45980;0;CLP
000000596684;24787901601-A;03/06/2026 23:45:46;Recibido;45891;990;46881;8260;0.0000;37631;1;ABRIGO SOLAPA Y CINTURON NEGRO NICOPOLY;MPM10003232688-1;N06188BS;03/06/2026 23:45:47;Retiro Tienda Ripley Plaza Egana_BE;Morales Rivas;Carolina Andrea;;Larrain 5800;" 3er Piso. Modulo Retiro en Tienda";;;NUNOA;REG.METROPOLITANA;CL;Morales Rivas;Carolina Andrea;;Larrain 5800;;;;NUNOA;REG.METROPOLITANA;CL;45891;0;990;0;46881;0;CLP
000000596684;24788330901-A;03/06/2026 23:51:28;Recibido;20990;990;21980;3778;0.0000;17212;1;GILET LARGO CON BOTONES CAFE;MPM10002910425-2;N06135UM;03/06/2026 23:51:29;Retiro Tienda Ripley Crillon_BE;"Perez ";"Berly ";;Agustinas #1025;Piso -1. Modulo Retiro en Tienda;;;SANTIAGO;REG.METROPOLITANA;CL;"Perez ";"Berly ";;Agustinas #1025;;;;SANTIAGO;REG.METROPOLITANA;CL;20990;0;990;0;21980;0;CLP
000000596684;24788374101-A;03/06/2026 23:51:39;Recibido;25990;3990;29980;4678;0.0000;21312;1;BOMBER TIPO LANILLA NEGRO NICOPOLY;MPM10002661329-2;N05161BM;03/06/2026 23:51:40;Flujo Flota Propia;Castro;"Catalina ";;Las araucarias 11050;S/N;;;EL BOSQUE;REG.METROPOLITANA;CL;Castro;"Catalina ";;Las araucarias 11050;;;;EL BOSQUE;REG.METROPOLITANA;CL;25990;0;3990;0;29980;0;CLP
000000596684;24788418002-A;03/06/2026 23:51:49;Recibido;38691;4990;43681;6964;0.0000;31727;1;ABRIGO SOLAPA REDONDA CAFE  NICOPOLY;MPM10003232487-1;N05252UXL;03/06/2026 23:51:50;Flujo Flota Propia;Riffo;Ariella;;Calle la rambla 4 norte 969;Casa;;;PUENTE ALTO;REG.METROPOLITANA;CL;Riffo;Ariella;;Calle la rambla 4 norte 969;;;;PUENTE ALTO;REG.METROPOLITANA;CL;38691;0;4990;0;43681;0;CLP
000000596684;24788549501-A;03/06/2026 23:53:27;Recibido;23990;0;23990;4318;0.0000;19672;1;CAMISA MUJER NICOPOLY NEGRO PLIEGUES CINTURA;MPM10002160532-3;N05267BL;03/06/2026 23:53:28;Retiro Tienda Ripley La Serena_BE;Parraguez;Christian;;Gregorio Cordovez 499;" 3er Piso. Modulo Retiro en Tienda";;;LA SERENA;IV REGION;CL;Parraguez;Christian;;Los arrayanes  748;;;;LA SERENA;IV REGION;CL;23990;0;0;0;23990;0;CLP
000000596684;24788549501-A;03/06/2026 23:53:27;Recibido;23990;0;23990;4318;0.0000;19672;1;CAMISA MUJER NICOPOLY ROJO PLIEGUES CINTURA;MPM10002160478-4;N05267DL;03/06/2026 23:53:28;Retiro Tienda Ripley La Serena_BE;Parraguez;Christian;;Gregorio Cordovez 499;" 3er Piso. Modulo Retiro en Tienda";;;LA SERENA;IV REGION;CL;Parraguez;Christian;;Los arrayanes  748;;;;LA SERENA;IV REGION;CL;23990;0;0;0;23990;0;CLP
000000596684;24788596302-A;03/06/2026 23:55:33;Recibido;49990;3990;53980;8998;0.0000;40992;1;ABRIGO SOLAPA REDONDA NEGRO NICOPOLY;MPM10002646294-3;N05252BM;03/06/2026 23:55:34;Flujo Flota Propia;Castillo Molina;María Ignacia;;Bellavista 165;Depto 1200;;;RECOLETA;REG.METROPOLITANA;CL;Castillo Molina;María Ignacia;;Bellavista 165;;;;RECOLETA;REG.METROPOLITANA;CL;49990;0;3990;0;53980;0;CLP
000000596684;24789004702-A;03/06/2026 23:58:58;Recibido;25990;0;25990;4678;0.0000;21312;1;JEANS PIERNA RECTA CELESTE NICOPOLY;MPM10003217355-4;N06310K40;03/06/2026 23:58:59;Retiro Tienda Ripley Portal Temuco_BE;Antilef;Paola;;Avenida Alemania 0671;3er Piso, Modulo Retiro en Tienda;;;TEMUCO;IX REGION;CL;Antilef;Paola;;Ensenada  0170;;;;TEMUCO;IX REGION;CL;25990;0;0;0;25990;0;CLP
000000596684;24789554702-A;04/06/2026 00:05:37;Recibido;19990;990;20980;3598;0.0000;16392;1;SWEATER CON PATRON TRENZADO CELESTE NICOPOLY;MPM10003222698-1;N06237KL;04/06/2026 00:05:38;Retiro Tienda Ripley Nueva Valdivia_BE;Parada Muñoz;Jorge Esteban;;Arauco 561;" 3er Piso. Servicio al Cliente";;;VALDIVIA;XIV REGION;CL;Parada Muñoz;Jorge Esteban;;arauco 561;;;;VALDIVIA;XIV REGION;CL;19990;0;990;0;20980;0;CLP
000000596684;24789821802-A;04/06/2026 00:10:50;Recibido;42990;0;42990;7738;0.0000;35252;1;ABRIGO SOLAPA REDONDA NEGRO NICOPOLY;MPM10002646294-1;N05252BL;04/06/2026 00:10:51;Retiro Tienda Ripley Rancagua_BE;Fritz Rodriguez;Natalia;;José Domingo Mujica 490;" 3er Piso. Modulo Retiro en Tienda";;;RANCAGUA;VI REGION;CL;Fritz Rodriguez;Natalia;;Villa Alto Verde 13;;;;RANCAGUA;VI REGION;CL;42990;0;0;0;42990;0;CLP
000000596684;24790082501-A;04/06/2026 00:17:50;Recibido;47990;7990;55980;8638;0.0000;39352;1;ABRIGO CIERRE LATERAL OLIVA NICOPOLY;MPM10003237666-4;N06193MS;04/06/2026 00:17:51;Flujo Flota Propia;Espinoza;Carol;;General Velásquez 120;120;;;PENCO;VIII REGION;CL;Espinoza;Carol;;General Velásquez 120;;;;PENCO;VIII REGION;CL;47990;0;7990;0;55980;0;CLP
000000596684;24790262202-A;04/06/2026 00:24:09;Recibido;47990;7990;55980;8638;0.0000;39352;1;ABRIGO LARGO LAZO VERDE PETROLEO NICOPOLY;MPM10003232413-2;N04227EL;04/06/2026 00:24:10;Flujo Flota Propia;Cuellar Quezada;Irma Veronica;;La campiña 100;Casa;;;VILLA ALEGR;VII REGION;CL;Cuellar Quezada;Irma Veronica;;La campiña 100;;;;VILLA ALEGR;VII REGION;CL;47990;0;7990;0;55980;0;CLP
000000596684;24790288501-A;04/06/2026 00:25:22;Recibido;31990;0;31990;5758;0.0000;26232;1;BLAZER BOLSILLOS Y BOTÓN NEGRO NICOPOLY;MPM10001752517-4;N04260BS-5;04/06/2026 00:25:23;Retiro Tienda Ripley Los Angeles_BE;Quiroz Burgos;Karen Andrea;;Valdivia 440, Los Angeles;" 3er Piso. Servicio al Cliente";;;LOS ANGELES;VIII REGION;CL;Quiroz Burgos;Karen Andrea;;Cerro Blanco 1313;;;;LOS ANGELES;VIII REGION;CL;31990;0;0;0;31990;0;CLP
000000596684;24790547201-A;04/06/2026 00:37:58;Recibido;56990;990;57980;10258;0.0000;46732;1;ABRIGO TIPO GAMUZA Y ECOCUERO CAFE  NICOPOLY;MPM10003232715-1;N06216UL;04/06/2026 00:37:59;Retiro Tienda Ripley Curico_BE;FUENTES;Gabriela;;Av.OHiggins 201;" 2do Piso. Servicio al Cliente";;;CURICO;VII REGION;CL;FUENTES;Gabriela;;Villa Las Vertientes Pasaje Las Casca 1096;;;;CURICO;VII REGION;CL;56990;0;990;0;57980;0;CLP
000000596684;24790782101-A;04/06/2026 00:48:06;Recibido;42990;0;42990;7738;0.0000;35252;1;ABRIGO SOLAPA REDONDA UVA NICOPOLY;MPM10002646314-1;N05252ZM;04/06/2026 00:48:07;Retiro Tienda Ripley La Serena_BE;Caballero Barraza;Susana;;Gregorio Cordovez 499;" 3er Piso. Modulo Retiro en Tienda";;;LA SERENA;IV REGION;CL;Caballero Barraza;Susana;;Pasaje Eduardo Feminis 140;;;;LA SERENA;IV REGION;CL;42990;0;0;0;42990;0;CLP
000000596684;24790991601-A;04/06/2026 01:04:35;Recibido;56990;990;57980;10258;0.0000;46732;1;ABRIGO CINTURON Y SOLAPA NEGRO NICOPOLY;MPM10003237719-3;N06212BM;04/06/2026 01:04:35;Retiro Tienda Ripley Tobalaba_BE;Aguilera;Victoria Pilar;;Av. Camilo Henríquez 3296, Puente Alto;2do Piso. Modulo Retiro en Tienda;;;PUENTE ALTO;REG.METROPOLITANA;CL;Aguilera;Victoria Pilar;;Santa magdalena poniente 873 873;;;;PUENTE ALTO;REG.METROPOLITANA;CL;56990;0;990;0;57980;0;CLP
000000596684;24791271701-A;04/06/2026 01:39:17;Recibido;41990;0;41990;7558;0.0000;34432;1;CHAQUETA TIPO BARBOUR MOCCA NICOPOLY;MPM10003221538-3;N06197OS;04/06/2026 01:39:18;Flujo Flota Propia;Zamora;Beln;;Arquitecto Eugenio cerda 538;S/N;;;PUENTE ALTO;REG.METROPOLITANA;CL;Zamora;Beln;;Arquitecto Eugenio cerda 538;;;;PUENTE ALTO;REG.METROPOLITANA;CL;41990;0;0;0;41990;0;CLP
000000596684;24791286902-A;04/06/2026 01:43:01;Reembolsado;42990;0;42990;7738;0.0000;35252;1;ABRIGO SOLAPA REDONDA UVA NICOPOLY;MPM10002646314-3;N05252ZL;04/06/2026 01:43:03;Retiro Tienda Ripley El Trebol_BE;Parra;Maria Fernanda;;Avenida Jorge Alessandri 3177;" 3er Piso. Modulo Retiro en Tienda";;;TALCAHUANO;VIII REGION;CL;Parra;Maria Fernanda;;Avda. Colón  3500;;;;TALCAHUANO;VIII REGION;CL;42990;0;0;0;42990;0;CLP
000000596684;24791286902-A;04/06/2026 01:43:01;Reembolsado;25990;0;25990;4678;0.0000;21312;1;JEANS RECTOS TIRO ALTO CAFE  NICOPOLY;MPM10003202992-3;N06283U42;04/06/2026 01:43:03;Retiro Tienda Ripley El Trebol_BE;Parra;Maria Fernanda;;Avenida Jorge Alessandri 3177;" 3er Piso. Modulo Retiro en Tienda";;;TALCAHUANO;VIII REGION;CL;Parra;Maria Fernanda;;Avda. Colón  3500;;;;TALCAHUANO;VIII REGION;CL;25990;0;0;0;25990;0;CLP
000000596684;24791450501-A;04/06/2026 02:27:03;Recibido;55990;0;55990;10078;0.0000;45912;1;FULFILLMENT-ABRIGO LARGO LAZO ROJO NICOPOLY;MPM10003238333-1;N04227DL-6-FF;04/06/2026 02:27:04;FF_MATRIX;Ochoa Urdaneta;"Vanessa Paola ";;Elicura 965, Los Vilos, Coquimbo, Chile 965;Casa;;;LOS VILOS;IV REGION;CL;Ochoa Urdaneta;"Vanessa Paola ";;Elicura 965, Los Vilos, Coquimbo, Chile 965;;;;LOS VILOS;IV REGION;CL;55990;0;0;0;55990;0;CLP
000000596684;24791562502-A;04/06/2026 03:47:37;Recibido;38990;0;38990;7018;0.0000;31972;1;CHAQUETA REVERSIBLE MOCA NICOPOLY;MPM10002646305-2;N05189LXL;04/06/2026 03:47:38;Retiro Tienda Ripley Tobalaba_BE;Tapia;Angelina;;Av. Camilo Henríquez 3296, Puente Alto;2do Piso. Modulo Retiro en Tienda;;;PUENTE ALTO;REG.METROPOLITANA;CL;Tapia;Angelina;;Avenida las nieves 2590;;;;PUENTE ALTO;REG.METROPOLITANA;CL;38990;0;0;0;38990;0;CLP
000000596684;24791721001-A;04/06/2026 06:55:24;Recibido;20490;990;21480;3688;0.0000;16802;1;BLUSA CUELLO MAO MANGA GLOBO BLANCO NICOPOLY;MPM10003221533-2;N06289AM;04/06/2026 06:55:25;Retiro Tienda Ripley Talca_BE;Fernandez;Pa Jos;;8 Oriente 1212;" 2do Piso. Modulo Retiro en Tienda";;;TALCA;VII REGION;CL;Fernandez;Pa Jos;;Las camelias  438;;;;TALCA;VII REGION;CL;20490;0;990;0;21480;0;CLP
000000596684;24791890701-A;04/06/2026 07:58:17;Recibido;19990;990;20980;3598;0.0000;16392;1;CARDIGAN FLORES TEJIDAS GRIS NICOPOLY;MPM10003234028-1;N06235NL;04/06/2026 07:58:19;Retiro Tienda Ripley Florida_BE;Rozas;Monica;;Vicuña Mackenna Oriente 6100, La Florida;3er Piso. Modulo Retiro en Tienda;;;LA FLORIDA;REG.METROPOLITANA;CL;Rozas;Monica;;Thomas Alba Edison 174;;;;LA FLORIDA;REG.METROPOLITANA;CL;19990;0;990;0;20980;0;CLP
000000596684;24792128101-A;04/06/2026 08:46:38;Recibido;25990;0;25990;4678;0.0000;21312;1;BLAZER MUJER NICOPOLY VERDE OSCURO CUELLO MAO;MPM10002160487-3;N00156EM-6;04/06/2026 08:46:39;Retiro Tienda Ripley Tobalaba_BE;Nova;Lorena;;Av. Camilo Henríquez 3296, Puente Alto;2do Piso. Modulo Retiro en Tienda;;;PUENTE ALTO;REG.METROPOLITANA;CL;Nova;Lorena;;Pasaje parque peñalolen 0985;;;;PUENTE ALTO;REG.METROPOLITANA;CL;25990;0;0;0;25990;0;CLP
000000596684;24792128101-A;04/06/2026 08:46:38;Recibido;25990;0;25990;4678;0.0000;21312;1;BLAZER MUJER NICOPOLY KHAKI CUELLO MAO;MPM10002160480-1;N00156LM-6;04/06/2026 08:46:39;Retiro Tienda Ripley Tobalaba_BE;Nova;Lorena;;Av. Camilo Henríquez 3296, Puente Alto;2do Piso. Modulo Retiro en Tienda;;;PUENTE ALTO;REG.METROPOLITANA;CL;Nova;Lorena;;Pasaje parque peñalolen 0985;;;;PUENTE ALTO;REG.METROPOLITANA;CL;25990;0;0;0;25990;0;CLP
000000596684;24792902102-A;04/06/2026 10:54:21;Recibido;48990;990;49980;8818;0.0000;40172;1;BLAZER OVERSIZE TIPO GAMUZA CAFE  NICOPOLY;MPM10003221915-3;N06196UM;04/06/2026 10:54:22;Retiro Tienda Ripley Copiapo_BE;Araya;Sandra;;Calle Maipu S/N, Copiapo;" 2do Piso. Servicio al Cliente";;;COPIAPO;III REGION;CL;Araya;Sandra;;Calle Maipu S/N, Copiapo;;;;COPIAPO;III REGION;CL;48990;0;990;0;49980;0;CLP
000000596684;24793104502-A;04/06/2026 11:25:23;Recibido;47990;950;48940;8638;0.0000;39352;1;ABRIGO CIERRE LATERAL OLIVA NICOPOLY;MPM10003237666-1;N06193ML;04/06/2026 11:25:26;Retiro Tienda Ripley Nueva Alameda_BE;Tapia;Marjorie;;Av Libertador Bernardo O'Higgins 3470, Santiago;3er Piso. Modulo Retiro en Tienda;;;EST.CENTRAL;REG.METROPOLITANA;CL;Tapia;Marjorie;;Los helechos  4072;;;;EST.CENTRAL;REG.METROPOLITANA;CL;47990;0;950;0;48940;0;CLP
000000596684;24793123801-A;04/06/2026 11:29:57;Recibido;19990;990;20980;3598;0.0000;16392;1;CARDIGAN DISEÑO TRENZADO GRIS NICOPOLY;MPM10003217101-1;N06240NL;04/06/2026 11:29:58;Retiro Tienda Ripley Tobalaba_BE;Rojas Toro;Alex;;Av. Camilo Henríquez 3296, Puente Alto;2do Piso. Modulo Retiro en Tienda;;;PUENTE ALTO;REG.METROPOLITANA;CL;Rojas Toro;Alex;;Av. Camilo Henríquez 3296, Puente Alto;;;;PUENTE ALTO;REG.METROPOLITANA;CL;19990;0;990;0;20980;0;CLP
000000596684;24793295702-A;04/06/2026 11:58:05;Recibido;17490;990;18480;3148;0.0000;14342;1;CAMISA ALGODÓN MUJER NICOPOLY BLANCO BÁSICA;MPM10002128956-3;N05285AM;04/06/2026 11:58:07;Retiro Tienda Ripley Plaza Egana_BE;Aguilera Mora;Valentina Alejandra;;Larrain 5800;" 3er Piso. Modulo Retiro en Tienda";;;NUNOA;REG.METROPOLITANA;CL;Aguilera Mora;Valentina Alejandra;;La Tepa 7413, Peñalolén, Región Metropolitana, Chile 7413;;;;NUNOA;REG.METROPOLITANA;CL;17490;0;990;0;18480;0;CLP
000000596684;24793414201-A;04/06/2026 12:19:07;Recibido;35990;2195;38185;6478;0.0000;29512;1;PANTALON ESTILO JAPONE S PIERNA ANCHA NEGRO NICOPOLY;MPM10003177464-3;N06180BXL;04/06/2026 12:19:08;Flujo Flota Propia;Campos Peralta;Romina;;Los Avellanos 2551;527;;;NUNOA;REG.METROPOLITANA;CL;Campos Peralta;Romina;;Los Avellanos 2551;;;;NUNOA;REG.METROPOLITANA;CL;35990;0;2195;0;38185;0;CLP
000000596684;24793414201-A;04/06/2026 12:19:07;Recibido;35990;2195;38185;6478;0.0000;29512;1;PANTALON ESTILO JAPONE S PIERNA ANCHA CAFE  NICOPOLY;MPM10003177461-4;N06180UXL;04/06/2026 12:19:08;Flujo Flota Propia;Campos Peralta;Romina;;Los Avellanos 2551;527;;;NUNOA;REG.METROPOLITANA;CL;Campos Peralta;Romina;;Los Avellanos 2551;;;;NUNOA;REG.METROPOLITANA;CL;35990;0;2195;0;38185;0;CLP
000000596684;24793458501-A;04/06/2026 12:33:02;Recibido;47990;3990;51980;8638;0.0000;39352;1;ABRIGO CIERRE LATERAL NEGRO NICOPOLY;MPM10003237651-3;N06193BL;04/06/2026 12:33:03;Flujo Flota Propia;"Riveros Silva ";"Maria Jose ";;Cinco norte  1122;D;;;LO BARNECHEA;REG.METROPOLITANA;CL;"Riveros Silva ";"Maria Jose ";;Cinco norte  1122;;;;LO BARNECHEA;REG.METROPOLITANA;CL;47990;0;3990;0;51980;0;CLP
000000596684;24793625101-A;04/06/2026 12:58:35;Recibido;11990;990;12980;2158;0.0000;9832;1;POLERA MANGA LARGA CUELLO ALTO CAFE 	 NICOPOLY;MPM10003222237-2;N06265UM;04/06/2026 12:58:36;Retiro Tienda Ripley Marina Arauco_BE;Lagos;Clara;;Avenida Libertad 1348;" Piso 4. Modulo Retiro en Tienda";;;VI.A DEL MA;V REGION;CL;Lagos;Clara;;Las canteras  gulmue  L25;;;;VI.A DEL MA;V REGION;CL;11990;0;990;0;12980;0;CLP
000000596684;24793841801-A;04/06/2026 13:41:34;Recibido;42990;0;42990;7738;0.0000;35252;1;ABRIGO SOLAPA REDONDA NEGRO NICOPOLY;MPM10002646294-2;N05252BS;04/06/2026 13:41:36;Retiro Tienda Ripley Huechuraba_BE;Leiva;Jacqueline;;Av. Americo Vespucio Norte 1737;" 2do Piso. Modulo Retiro en Tienda";;;HUECHURABA;REG.METROPOLITANA;CL;Leiva;Jacqueline;;Av. Americo Vespucio Norte 1737;;;;HUECHURABA;REG.METROPOLITANA;CL;42990;0;0;0;42990;0;CLP
000000596684;24793971201-A;04/06/2026 14:07:03;Recibido;22990;0;22990;4138;0.0000;18852;1;CARDIGAN DISEÑO TRENZADO CAFE  NICOPOLY;MPM10003217104-1;N06240US;04/06/2026 14:07:05;Retiro Tienda Ripley Castellón_BE;Salazar;Claudia;;Castellon 520, Concepcion;6to Piso. Servicio al Cliente;;;CONCEPCION;VIII REGION;CL;Salazar;Claudia;;Castellon 379;;;;CONCEPCION;VIII REGION;CL;22990;0;0;0;22990;0;CLP
000000596684;24794166601-A;04/06/2026 14:45:37;Recibido;47990;7990;55980;8638;0.0000;39352;1;ABRIGO CIERRE LATERAL OLIVA NICOPOLY;MPM10003237666-4;N06193MS;04/06/2026 14:45:38;Flujo Flota Propia;Balboa;"Elizabeth ";;Avda. marconi 760, pobl. Pedro lagos 760;Casa;;;LOS ANGELES;VIII REGION;CL;Balboa;"Elizabeth ";;Avda. marconi 760, pobl. Pedro lagos 760;;;;LOS ANGELES;VIII REGION;CL;47990;0;7990;0;55980;0;CLP
000000596684;24794587901-A;04/06/2026 16:17:15;Recibido;19990;3990;23980;3598;0.0000;16392;1;CARDIGAN DISEÑO TRENZADO GRIS NICOPOLY;MPM10003217101-3;N06240NS;04/06/2026 16:17:16;Flujo Flota Propia;Martinez;Carol;;doctor sotero del rio 250;30;;;LA FLORIDA;REG.METROPOLITANA;CL;Martinez;Carol;;doctor sotero del rio 250;;;;LA FLORIDA;REG.METROPOLITANA;CL;19990;0;3990;0;23980;0;CLP
000000596684;24792039301-A;04/06/2026 16:55:12;Recibido;21990;4990;26980;3958;0.0000;18032;1;SWEATER JASPEADO CUELLO REDONDO MORADO NICOPOLY;MPM10003234043-1;N06260ZM;04/06/2026 16:55:13;Flujo Flota Propia;Cano;Veronica Bernarda;;Caupolicán 78, 2240272 Limache, Valparaíso, Chile 78;Casa;;;VALPARAISO;V REGION;CL;Cano;Veronica Bernarda;;Caupolicán 78, 2240272 Limache, Valparaíso, Chile 78;;;;VALPARAISO;V REGION;CL;21990;0;4990;0;26980;0;CLP
000000596684;24794961401-A;04/06/2026 17:42:50;Recibido;47990;0;47990;8638;0.0000;39352;1;ABRIGO LARGO LAZO ROJO NICOPOLY;MPM10002646309-4;N04227DM-6;04/06/2026 17:42:53;Retiro Tienda Ripley La Calera_BE;Meneses;Giovanna;;JJ Perez 90, La Calera;" 2do Piso. Modulo Retiro en Tienda";;;LA CALERA;V REGION;CL;Meneses;Giovanna;;JJ Perez 90, La Calera;;;;LA CALERA;V REGION;CL;47990;0;0;0;47990;0;CLP
000000596684;24795422601-A;04/06/2026 19:39:14;Recibido;55990;3990;59980;10078;0.0000;45912;1;ABRIGO CUELLO CAMISERO NEGRO NICOPOLY;MPM10003232214-3;N06207BM;04/06/2026 19:39:15;Flujo Flota Propia;Balzan;Lionelis;;Pasaje Diógenes 2933;Casa;;;MAIPU;REG.METROPOLITANA;CL;Balzan;Lionelis;;Pasaje Diógenes 2933;;;;MAIPU;REG.METROPOLITANA;CL;55990;0;3990;0;59980;0;CLP
000000596684;24795717801-A;04/06/2026 20:39:52;Recibido;39990;0;39990;7198;0.0000;32792;1;ABRIGO CORTO KHAKI NICOPOLY;MPM10002646297-3;N05160LS;04/06/2026 20:39:53;Retiro Tienda Ripley El Trebol_BE;"Alarcon ";"Fernanda ";;Avenida Jorge Alessandri 3177;" 3er Piso. Modulo Retiro en Tienda";;;TALCAHUANO;VIII REGION;CL;Jerez;Daniel;;Calle Juan Antonio Ríos 23;;;;TALCAHUANO;VIII REGION;CL;39990;0;0;0;39990;0;CLP
000000596684;24795717801-A;04/06/2026 20:39:52;Recibido;49990;0;49990;8998;0.0000;40992;1;ABRIGO SOLAPA REDONDA NEGRO NICOPOLY;MPM10002646294-3;N05252BM;04/06/2026 20:39:53;Retiro Tienda Ripley El Trebol_BE;"Alarcon ";"Fernanda ";;Avenida Jorge Alessandri 3177;" 3er Piso. Modulo Retiro en Tienda";;;TALCAHUANO;VIII REGION;CL;Jerez;Daniel;;Calle Juan Antonio Ríos 23;;;;TALCAHUANO;VIII REGION;CL;49990;0;0;0;49990;0;CLP
000000596684;24795798003-A;04/06/2026 20:53:09;Recibido;20990;0;20990;3778;0.0000;17212;1;VESTIDO ACANALADO NEGRO CON CINTURON NICOPOLY;MPM10002912532-2;N06097BS;04/06/2026 20:53:10;Retiro Tienda Ripley Costanera Center_BE;Ramirez;Norma;;Avenida Andrés Bello 2422;" 1er Piso. Modulo Retiro en Tienda";;;PROVIDENCIA;REG.METROPOLITANA;CL;Ramirez;Norma;;Urmeneta 1023;;;;PROVIDENCIA;REG.METROPOLITANA;CL;20990;0;0;0;20990;0;CLP
000000596684;24795937101-A;04/06/2026 21:18:05;Recibido;39990;3990;43980;7198;0.0000;32792;1;CHAQUETA ECOCUERO ACOLCHADO CUELLO MAO CAFE  NICOPOLY;MPM10003217335-3;N06205UL;04/06/2026 21:18:07;Flujo Flota Propia;Galaz;Juan;;Curali 0383;Casa;;;MAIPU;REG.METROPOLITANA;CL;Galaz;Juan;;Curali 0383;;;;MAIPU;REG.METROPOLITANA;CL;39990;0;3990;0;43980;0;CLP
000000596684;24796285901-A;04/06/2026 22:20:32;Recibido;29990;0;29990;5398;0.0000;24592;1;CHAQUETA MITAD CHIPORRO/PARKA KHAKI NICOPOLY;MPM10001383902-2;N04152LL;04/06/2026 22:20:33;Retiro Tienda Ripley Castellón_BE;Fuentes;Johanna;;Castellon 520, Concepcion;6to Piso. Servicio al Cliente;;;CONCEPCION;VIII REGION;CL;Garrido;Rosalba;;Castellon 520, Concepcion;;;;CONCEPCION;VIII REGION;CL;29990;0;0;0;29990;0;CLP
000000596684;24796369101-A;04/06/2026 22:34:07;Recibido;22990;8990;31980;4138;0.0000;18852;1;BLAZER SIN MANGAS BOLSILLOS BURDEOS NICOPOLY;MPM10001752514-2;N04294DL-5;04/06/2026 22:34:08;Flujo Flota Propia;Caicoretamal;Ximenasoledad;;Los notros 1565;S/N;;;PTO.MONTT;X REGION;CL;Caicoretamal;Ximenasoledad;;Los notros 1565;;;;PTO.MONTT;X REGION;CL;22990;0;8990;0;31980;0;CLP
000000596684;24796746901-A;04/06/2026 23:49:32;Recibido;22990;0;22990;4138;0.0000;18852;1;CARDIGAN DISEÑO TRENZADO GRIS NICOPOLY;MPM10003217101-3;N06240NS;04/06/2026 23:49:34;Retiro Tienda Ripley Plaza Egana_BE;Miranda;Ines;;Larrain 5800;" 3er Piso. Modulo Retiro en Tienda";;;NUNOA;REG.METROPOLITANA;CL;Miranda;Ines;;Avenida Salvador 1921;;;;NUNOA;REG.METROPOLITANA;CL;22990;0;0;0;22990;0;CLP
000000596684;24796746901-A;04/06/2026 23:49:32;Recibido;23990;0;23990;4318;0.0000;19672;1;SWEATER CRUZADO CON BOTONES MORADO NICOPOLY;MPM10003222739-4;N06249ZS;04/06/2026 23:49:34;Retiro Tienda Ripley Plaza Egana_BE;Miranda;Ines;;Larrain 5800;" 3er Piso. Modulo Retiro en Tienda";;;NUNOA;REG.METROPOLITANA;CL;Miranda;Ines;;Avenida Salvador 1921;;;;NUNOA;REG.METROPOLITANA;CL;23990;0;0;0;23990;0;CLP
000000596684;24797255701-A;05/06/2026 08:37:32;Recibido;15590;990;16580;2806;0.0000;12784;1;POLERA CON TRANSPARENCIAS NICOPOLY;MPM10002950554-4;N06140BXL;05/06/2026 08:37:33;Retiro Tienda Ripley Huechuraba_BE;Gonzalez;Angela;;Av. Americo Vespucio Norte 1737;" 2do Piso. Modulo Retiro en Tienda";;;HUECHURABA;REG.METROPOLITANA;CL;Gonzalez;Angela;;Pasaje Quinahue 3748;;;;HUECHURABA;REG.METROPOLITANA;CL;15590;0;990;0;16580;0;CLP
000000596684;24797312001-A;05/06/2026 09:04:17;Recibido;22990;3990;26980;4138;0.0000;18852;1;CARDIGAN DISEÑO TRENZADO NEGRO NICOPOLY;MPM10003217102-2;N06240BL;05/06/2026 09:04:18;Flujo Flota Propia;Cortez Zumaran;Paulina;;Compañía de Jesús 2045;204;;;SANTIAGO;REG.METROPOLITANA;CL;Cortez Zumaran;Paulina;;Compañía de Jesús 2045;;;;SANTIAGO;REG.METROPOLITANA;CL;22990;0;3990;0;26980;0;CLP
000000596684;24797769901-A;05/06/2026 11:44:10;Recibido;49990;0;49990;8998;0.0000;40992;1;ABRIGO SOLAPA REDONDA NEGRO NICOPOLY;MPM10002646294-3;N05252BM;05/06/2026 11:44:11;Flujo Flota Propia;Espina;Jacqueline;;Calisama 6719;S/N;;;HUECHURABA;REG.METROPOLITANA;CL;Espina;Jacqueline;;Calisama 6719;;;;HUECHURABA;REG.METROPOLITANA;CL;49990;0;0;0;49990;0;CLP
000000596684;24797852001-A;05/06/2026 12:16:09;Reembolsado;18990;990;19980;3418;0.0000;15572;1;SWEATER MUJER NICOPOLY MAGENTA BÁSICO CUELLO REDONDO;MPM10002160475-3;N04248ZM-6;05/06/2026 12:16:10;Retiro Tienda Ripley Maipu_BE;Inostroza;Carolina;;Av. Americo Vespucio 399;" 2do Piso. Modulo Retiro en Tienda";;;MAIPU;REG.METROPOLITANA;CL;Inostroza;Carolina;;Viña del valle 8890 dpto 403G Pu 403G;;;;MAIPU;REG.METROPOLITANA;CL;18990;0;990;0;19980;0;CLP
000000596684;24798108601-A;05/06/2026 13:43:21;Recibido;56990;1990;58980;10258;0.0000;46732;1;TRENCH CLASICO DOBLE BOTONADURA BEIGE NICOPOLY;MPM10003237631-1;N06187GS;05/06/2026 13:43:22;Flujo Flota Propia;Cardenas;Melissa;;Balmaceda 482;Casa;;;OSORNO;X REGION;CL;Cardenas;Melissa;;Balmaceda 482;;;;OSORNO;X REGION;CL;56990;0;1990;0;58980;0;CLP
000000596684;24798136401-A;05/06/2026 13:53:18;Recibido;29990;3990;33980;5398;0.0000;24592;1;BLAZER MUJER NICOPOLY NEGRO LAZO DELANTERO;MPM10002128962-2;N05276BM;05/06/2026 13:53:19;Flujo Flota Propia;Ulloa Torres;Camila;;Las Hualas 164;S/N;;;EST.CENTRAL;REG.METROPOLITANA;CL;Ulloa Torres;Camila;;Las Hualas 164;;;;EST.CENTRAL;REG.METROPOLITANA;CL;29990;0;3990;0;33980;0;CLP
000000596684;24798639501-A;05/06/2026 16:29:53;Recibido;49990;0;49990;8998;0.0000;40992;1;ABRIGO SOLAPA REDONDA NEGRO NICOPOLY;MPM10002646294-4;N05252BXL;05/06/2026 16:29:54;Flujo Flota Propia;Munoz;Carolina;;Tarapacá  1324;"1210A ";;;SANTIAGO;REG.METROPOLITANA;CL;Munoz;Carolina;;Tarapacá  1324;;;;SANTIAGO;REG.METROPOLITANA;CL;49990;0;0;0;49990;0;CLP
000000596684;24799088401-A;05/06/2026 18:57:34;Recibido;55990;3980;59970;10078;0.0000;45912;1;ABRIGO CIERRE LATERAL OLIVA NICOPOLY;MPM10003237666-4;N06193MS;05/06/2026 18:57:35;Flujo Flota Propia;Daza;Maricela;;Lazo 1252 304;S/N;;;SAN MIGUEL;REG.METROPOLITANA;CL;Daza;Maricela;;Lazo 1252 304;;;;SAN MIGUEL;REG.METROPOLITANA;CL;55990;0;3980;0;59970;0;CLP
000000596684;24799157601-A;05/06/2026 19:18:43;Recibido;56990;990;57980;10258;0.0000;46732;1;TRENCH CLASICO DOBLE BOTONADURA CAFE  NICOPOLY;MPM10003237641-4;N06187US;05/06/2026 19:18:45;Retiro Tienda Ripley Parque Arauco_BE;Torrealba;Ivanna;;Avenida Kennedy 5413;4to Piso. Modulo Retiro en Tienda;;;LAS CONDES;REG.METROPOLITANA;CL;Torrealba;Ivanna;;Camino la hoyada 16831;;;;LAS CONDES;REG.METROPOLITANA;CL;56990;0;990;0;57980;0;CLP
000000596684;24799187401-A;05/06/2026 19:29:26;Recibido;49990;0;49990;8998;0.0000;40992;1;ABRIGO SOLAPA REDONDA UVA NICOPOLY;MPM10002646314-3;N05252ZL;05/06/2026 19:29:28;Retiro Tienda Ripley Plaza Oeste_BE;Curillan;Pamela;;Américo Vespucio 1501;" 3er Piso. Modulo Retiro en Tienda";;;CERRILLOS;REG.METROPOLITANA;CL;Curillan;Pamela;;José joaquin prieto  8360;;;;CERRILLOS;REG.METROPOLITANA;CL;49990;0;0;0;49990;0;CLP
000000596684;24799610401-A;05/06/2026 21:31:59;Recibido;36990;990;37980;6658;0.0000;30332;1;TRENCH LAZO HEBILLA NEGRO NICOPOLY;MPM10002635819-1;N05182BL;05/06/2026 21:32:01;Flujo Flota Propia;Curivil;Daniela;;Pasaje el Lingue 174;S/N;;;PAINE;REG.METROPOLITANA;CL;Curivil;Daniela;;Pasaje el Lingue 174;;;;PAINE;REG.METROPOLITANA;CL;36990;0;990;0;37980;0;CLP
000000596684;24800171001-A;06/06/2026 00:29:13;Recibido;55990;3990;59980;10078;0.0000;45912;1;ABRIGO GORRO DESMONTABLE CAFE  NICOPOLY;MPM10002646292-2;N05150UM;06/06/2026 00:29:15;Flujo Flota Propia;Sanchez;"Patricia ";;cupido villa corazon lo de lobos 526;S/N;;;RENGO;VI REGION;CL;Sanchez;"Patricia ";;cupido villa corazon lo de lobos 526;;;;RENGO;VI REGION;CL;55990;0;3990;0;59980;0;CLP
000000596684;24800406802-A;06/06/2026 08:35:43;Recibido;22990;0;22990;4138;0.0000;18852;1;CARDIGAN DISEÑO TRENZADO GRIS NICOPOLY;MPM10003217101-2;N06240NM;06/06/2026 08:35:45;Retiro Tienda Ripley Plaza Vespucio_BE;Gonzalez;Veronica;;Av. Vicuña Mackenna Ote. 7110, La Florida;3er Piso. Modulo Retiro en Tienda;;;LA FLORIDA;REG.METROPOLITANA;CL;Gonzalez;Veronica;;LAS ACACIAS  7800;;;;LA FLORIDA;REG.METROPOLITANA;CL;22990;0;0;0;22990;0;CLP
000000596684;24801299101-A;06/06/2026 14:58:09;Recibido;21990;0;21990;3958;0.0000;18032;1;FULFILLMENT-SWEATER CUELLO ALTO ROMBOS CAFE  NICOPOLY;MPM10003238353-2;N06239US-FF;06/06/2026 14:58:10;FF_MATRIX_STS;Andrade Pizarro;Carolina;;Vicuña Mackenna Oriente 6100, La Florida;3er Piso. Modulo Retiro en Tienda;;;LA FLORIDA;REG.METROPOLITANA;CL;Andrade Pizarro;Carolina;;Vicuña Mackenna Oriente 6100, La Florida;;;;LA FLORIDA;REG.METROPOLITANA;CL;21990;0;0;0;21990;0;CLP
000000596684;24801299101-A;06/06/2026 14:58:09;Recibido;20990;0;20990;3778;0.0000;17212;1;FULFILLMENT-SWEATER CUELLO ALTO RAYAS HORIZONTALES NEGRO NICOPOLY;MPM10003266260-1;N06234BS-FF;06/06/2026 14:58:10;FF_MATRIX_STS;Andrade Pizarro;Carolina;;Vicuña Mackenna Oriente 6100, La Florida;3er Piso. Modulo Retiro en Tienda;;;LA FLORIDA;REG.METROPOLITANA;CL;Andrade Pizarro;Carolina;;Vicuña Mackenna Oriente 6100, La Florida;;;;LA FLORIDA;REG.METROPOLITANA;CL;20990;0;0;0;20990;0;CLP
000000596684;24801482501-A;06/06/2026 16:08:32;Recibido;11990;990;12980;2158;0.0000;9832;1;BUFANDA GRUESA ROJO NICOPOLY;MPM10002663023-1;N05334DF;06/06/2026 16:08:33;Retiro Tienda Ripley San Bernardo_BE;Escudero;"Vicente ";;Av. Pdte. Jorge Alessandri Rodríguez 20040, San Bernardo;2do Piso. Modulo Retiro en Tienda;;;SN.BERNARDO;REG.METROPOLITANA;CL;Escudero;"Vicente ";;Balmaceda  653;;;;SN.BERNARDO;REG.METROPOLITANA;CL;11990;0;990;0;12980;0;CLP
000000596684;24801562202-A;06/06/2026 16:39:32;Recibido;35990;0;35990;6478;0.0000;29512;1;ABRIGO OVERSIZE PIED DE POULE ROJO NICOPOLY;MPM10001383884-2;N04219DM;06/06/2026 16:39:34;Flujo Flota Propia;Araneda Ramirez;"ngela ";;San Pablo 9078;Casa;;;PUDAHUEL;REG.METROPOLITANA;CL;Araneda Ramirez;"ngela ";;San Pablo 9078;;;;PUDAHUEL;REG.METROPOLITANA;CL;35990;0;0;0;35990;0;CLP
000000596684;24802051701-A;06/06/2026 19:25:20;Recibido;65990;0;65990;11878;0.0000;54112;1;FULFILLMENT-ABRIGO CINTURON Y SOLAPA NEGRO NICOPOLY;MPM10003266245-4;N06212BS-FF;06/06/2026 19:25:21;FF_MATRIX_STS;Roman;Rosa;;José Domingo Mujica 490;" 3er Piso. Modulo Retiro en Tienda";;;RANCAGUA;VI REGION;CL;Roman;Rosa;;José Domingo Mujica 490;;;;RANCAGUA;VI REGION;CL;65990;0;0;0;65990;0;CLP
000000596684;24802243202-A;06/06/2026 20:23:42;Recibido;22990;0;22990;4138;0.0000;18852;1;FULFILLMENT-CARDIGAN TRENZADO CUELLO REDONDO NEGRO NICOPOLY;MPM10003208995-2;N06225BXL-FF;06/06/2026 20:23:43;FF_MATRIX;Leyton;Mara Paz;;Quemchi 6842;Casa;;;LA CISTERNA;REG.METROPOLITANA;CL;Leyton;Mara Paz;;Quemchi 6842;;;;LA CISTERNA;REG.METROPOLITANA;CL;22990;0;0;0;22990;0;CLP
000000596684;24802243201-A;06/06/2026 20:23:42;Recibido;23093;0;23093;4157;0.0000;18936;1;CARDIGAN FLORES TEJIDAS GRIS NICOPOLY;MPM10003234028-1;N06235NL;06/06/2026 20:23:45;Flujo Flota Propia;Leyton;Mara Paz;;Quemchi 6842;Casa;;;LA CISTERNA;REG.METROPOLITANA;CL;Leyton;Mara Paz;;Quemchi 6842;;;;LA CISTERNA;REG.METROPOLITANA;CL;23093;0;0;0;23093;0;CLP
000000596684;24802243201-A;06/06/2026 20:23:42;Recibido;19990;0;19990;3598;0.0000;16392;1;CALZA MUJER NICOPOLY BURDEO CIERRES DECORATIVOS S;MPM10001710251-1;N05049TM;06/06/2026 20:23:45;Flujo Flota Propia;Leyton;Mara Paz;;Quemchi 6842;Casa;;;LA CISTERNA;REG.METROPOLITANA;CL;Leyton;Mara Paz;;Quemchi 6842;;;;LA CISTERNA;REG.METROPOLITANA;CL;19990;0;0;0;19990;0;CLP
000000596684;24802243201-A;06/06/2026 20:23:42;Recibido;19990;0;19990;3598;0.0000;16392;1;CALZA MUJER NICOPOLY GRAFITO CIERRES DECORATIVOS;MPM10001710250-3;N05049NM;06/06/2026 20:23:45;Flujo Flota Propia;Leyton;Mara Paz;;Quemchi 6842;Casa;;;LA CISTERNA;REG.METROPOLITANA;CL;Leyton;Mara Paz;;Quemchi 6842;;;;LA CISTERNA;REG.METROPOLITANA;CL;19990;0;0;0;19990;0;CLP
000000596684;24802243201-A;06/06/2026 20:23:43;Recibido;22990;0;22990;4138;0.0000;18852;1;CARDIGAN TRENZADO CUELLO REDONDO BURDEO NICOPOLY;MPM10003202720-2;N06225TXL;06/06/2026 20:23:45;Flujo Flota Propia;Leyton;Mara Paz;;Quemchi 6842;Casa;;;LA CISTERNA;REG.METROPOLITANA;CL;Leyton;Mara Paz;;Quemchi 6842;;;;LA CISTERNA;REG.METROPOLITANA;CL;22990;0;0;0;22990;0;CLP
000000596684;24802425501-A;06/06/2026 21:14:39;Recibido;11990;10990;22980;2158;0.0000;9832;1;BUFANDA GRUESA BLANCO INVIERNO NICOPOLY;MPM10002663004-1;N05334AF;06/06/2026 21:14:40;Flujo Flota Propia;Acuña;Gaspar;;San Martin 762;Casa;;;LAS CABRAS;VI REGION;CL;Acuña;Gaspar;;San Martin 762;;;;LAS CABRAS;VI REGION;CL;11990;0;10990;0;22980;0;CLP
000000596684;24803228703-A;07/06/2026 03:33:38;Recibido;25990;0;25990;4678;0.0000;21312;1;FULFILLMENT-GILET SASTRE ENTALLADO CAFE  NICOPOLY;MPM10003150065-1;N06063UM-FF;07/06/2026 03:33:41;FF_MATRIX;Pino;Nicolas;;Calle Region del bio bio 2032;S/N;;;MAULE;VII REGION;CL;Pino;Nicolas;;Calle Region del bio bio 2032;;;;MAULE;VII REGION;CL;25990;0;0;0;25990;0;CLP
000000596684;24803346701-A;07/06/2026 09:20:34;Recibido;49990;0;49990;8998;0.0000;40992;1;FULFILLMENT-ABRIGO SOLAPA REDONDA ROJO NICOPOLY;MPM10002725932-4;N05252DXL-FF;07/06/2026 09:20:36;FF_MATRIX;Arellano;Alejandra;;Ramon Barros Luco 3156;1701;;;SAN MIGUEL;REG.METROPOLITANA;CL;Arellano;Alejandra;;Ramon Barros Luco 3156;;;;SAN MIGUEL;REG.METROPOLITANA;CL;49990;0;0;0;49990;0;CLP
000000596684;24803713701-A;07/06/2026 12:09:15;Recibido;49990;0;49990;8998;0.0000;40992;1;ABRIGO SOLAPA REDONDA UVA NICOPOLY;MPM10002646314-4;N05252ZS;07/06/2026 12:09:17;Retiro Tienda Ripley El Trebol_BE;Aguirre Rodriguez;Elizabeth;;Avenida Jorge Alessandri 3177;" 3er Piso. Modulo Retiro en Tienda";;;TALCAHUANO;VIII REGION;CL;Aguirre Rodriguez;Elizabeth;;Avenida Jorge Alessandri 3177;;;;TALCAHUANO;VIII REGION;CL;49990;0;0;0;49990;0;CLP
000000596684;24804288101-A;07/06/2026 15:23:01;Recibido;29990;0;29990;5398;0.0000;24592;1;JEANS BASICO PIERNA ACAMPANADA NICOPOLY;MPM10002912804-2;N06043P40;07/06/2026 15:23:02;Flujo Flota Propia;Orellana Pereira;Claudio;;Avenida Irarrázaval 1745;Conserjería;;;NUNOA;REG.METROPOLITANA;CL;Orellana Pereira;Claudio;;Avenida Irarrázaval 1745;;;;NUNOA;REG.METROPOLITANA;CL;29990;0;0;0;29990;0;CLP
000000596684;24804294601-A;07/06/2026 15:27:57;Recibido;29990;0;29990;5398;0.0000;24592;1;FULFILLMENT-JEANS RECTOS TIRO ALTO BLANCO NICOPOLY;MPM10003208982-1;N06283A38-FF;07/06/2026 15:27:59;FF_MATRIX;Quinones;Leontina;;Seminario 1700;1510;;;NUNOA;REG.METROPOLITANA;CL;Quinones;Leontina;;Seminario 1700;;;;NUNOA;REG.METROPOLITANA;CL;29990;0;0;0;29990;0;CLP
000000596684;24804294601-A;07/06/2026 15:27:57;Recibido;29990;0;29990;5398;0.0000;24592;1;FULFILLMENT-JEANS RECTOS TIRO ALTO CAFE  NICOPOLY;MPM10003208992-1;N06283U38-FF;07/06/2026 15:27:59;FF_MATRIX;Quinones;Leontina;;Seminario 1700;1510;;;NUNOA;REG.METROPOLITANA;CL;Quinones;Leontina;;Seminario 1700;;;;NUNOA;REG.METROPOLITANA;CL;29990;0;0;0;29990;0;CLP
000000596684;24804443201-A;07/06/2026 16:08:53;Recibido;22990;3980;26970;4138;0.0000;18852;1;SWEATER CON PATRON TRENZADO CELESTE NICOPOLY;MPM10003222698-3;N06237KS;07/06/2026 16:08:54;Flujo Flota Propia;Coronel Ajata;Paola Abigail;;Los rododendros 10238;Casa;;;VITACURA;REG.METROPOLITANA;CL;Coronel Ajata;Paola Abigail;;Los rododendros 10238;;;;VITACURA;REG.METROPOLITANA;CL;22990;0;3980;0;26970;0;CLP
000000596684;24804688001-A;07/06/2026 17:18:43;Recibido;19990;0;19990;3598;0.0000;16392;1;FULFILLMENT-BLUSA VUELOS MANGA LARGA BURDEO NICOPOLY;MPM10003150053-2;N06067TL-FF;07/06/2026 17:18:44;FF_MATRIX;Tarraza Perez;Ana Francisca;;JOSE JOAQUÍN PÉREZ  5135;Casa;;;QTA. NORMAL;REG.METROPOLITANA;CL;Tarraza Perez;Ana Francisca;;JOSE JOAQUÍN PÉREZ  5135;;;;QTA. NORMAL;REG.METROPOLITANA;CL;19990;0;0;0;19990;0;CLP
000000596684;24805069601-A;07/06/2026 19:07:30;Recibido;29980;5489;35469;5396;0.0000;24584;2;POLERA POLAR MANGA LARGA NEGRO NICOPOLY;MPM10003222238-2;N06266BL;07/06/2026 19:07:31;Flujo Flota Propia;Carrasco;Elisabeth;;Avenida Gabriela oriente 834;834;;;PUENTE ALTO;REG.METROPOLITANA;CL;Carrasco;Elisabeth;;Avenida Gabriela oriente 834;;;;PUENTE ALTO;REG.METROPOLITANA;CL;29980;0;5489;0;35469;0;CLP
000000596684;24805178001-A;07/06/2026 19:37:25;Recibido;18990;1596;20586;3418;0.0000;15572;1;SWEATER MUJER NICOPOLY ROJO BÁSICO CUELLO REDONDO;MPM10002160523-1;N04248DM-6;07/06/2026 19:37:26;Flujo Flota Propia;"Cuchipe ";"Denisse ";;Francisco Errázuriz 1280;C45;;;RENCA;REG.METROPOLITANA;CL;"Cuchipe ";"Denisse ";;Francisco Errázuriz 1280;;;;RENCA;REG.METROPOLITANA;CL;18990;0;1596;0;20586;0;CLP
000000596684;24805178001-A;07/06/2026 19:37:25;Recibido;18990;1596;20586;3418;0.0000;15572;1;SWEATER MUJER NICOPOLY NEGRO BÁSICO CUELLO REDONDO;MPM10002160479-1;N04248BM-6;07/06/2026 19:37:26;Flujo Flota Propia;"Cuchipe ";"Denisse ";;Francisco Errázuriz 1280;C45;;;RENCA;REG.METROPOLITANA;CL;"Cuchipe ";"Denisse ";;Francisco Errázuriz 1280;;;;RENCA;REG.METROPOLITANA;CL;18990;0;1596;0;20586;0;CLP
000000596684;24805178001-A;07/06/2026 19:37:25;Recibido;18990;1596;20586;3418;0.0000;15572;1;SWEATER MUJER NICOPOLY CELESTE BÁSICO CUELLO REDONDO;MPM10002160533-2;N04248KM-6;07/06/2026 19:37:26;Flujo Flota Propia;"Cuchipe ";"Denisse ";;Francisco Errázuriz 1280;C45;;;RENCA;REG.METROPOLITANA;CL;"Cuchipe ";"Denisse ";;Francisco Errázuriz 1280;;;;RENCA;REG.METROPOLITANA;CL;18990;0;1596;0;20586;0;CLP
000000596684;24805558501-A;07/06/2026 21:09:59;Recibido;18990;259;19249;3418;0.0000;15572;1;SWEATER ACANALADO CUELLO BOTE LILA NICOPOLY;MPM10002842902-1;N05212ZS-7;07/06/2026 21:10:00;Flujo Flota Propia;Borgeaud;Cynthia;;Tierra fértil 1835;J237;;;MAIPU;REG.METROPOLITANA;CL;Borgeaud;Cynthia;;Tierra fértil 1835;;;;MAIPU;REG.METROPOLITANA;CL;18990;0;259;0;19249;0;CLP
000000596684;24805558501-A;07/06/2026 21:09:59;Recibido;49990;259;50249;8998;0.0000;40992;1;ABRIGO SOLAPA REDONDA UVA NICOPOLY;MPM10002646314-4;N05252ZS;07/06/2026 21:10:00;Flujo Flota Propia;Borgeaud;Cynthia;;Tierra fértil 1835;J237;;;MAIPU;REG.METROPOLITANA;CL;Borgeaud;Cynthia;;Tierra fértil 1835;;;;MAIPU;REG.METROPOLITANA;CL;49990;0;259;0;50249;0;CLP
000000596684;24805558501-A;07/06/2026 21:09:59;Recibido;49990;259;50249;8998;0.0000;40992;1;ABRIGO SOLAPA REDONDA NEGRO NICOPOLY;MPM10002646294-2;N05252BS;07/06/2026 21:10:00;Flujo Flota Propia;Borgeaud;Cynthia;;Tierra fértil 1835;J237;;;MAIPU;REG.METROPOLITANA;CL;Borgeaud;Cynthia;;Tierra fértil 1835;;;;MAIPU;REG.METROPOLITANA;CL;49990;0;259;0;50249;0;CLP
000000596684;24805809401-A;07/06/2026 22:02:33;Recibido;49990;990;50980;8998;0.0000;40992;1;ABRIGO SOLAPA REDONDA NEGRO NICOPOLY;MPM10002646294-2;N05252BS;07/06/2026 22:02:34;Retiro Tienda Ripley Coquimbo_BE;Ogalde;Johanna;;Baquedano 86;" 1er Piso. Servicio al Cliente";;;COQUIMBO;IV REGION;CL;Ogalde;Johanna;;Baquedano 86;;;;COQUIMBO;IV REGION;CL;49990;0;990;0;50980;0;CLP
000000596684;24805893601-A;07/06/2026 22:20:49;Recibido;39990;0;39990;7198;0.0000;32792;1;ABRIGO CORTO KHAKI NICOPOLY;MPM10002646297-3;N05160LS;07/06/2026 22:20:51;Retiro Tienda Ripley Copiapo_BE;"Brizuela ";"Claudia ";;Calle Maipu S/N, Copiapo;" 2do Piso. Servicio al Cliente";;;COPIAPO;III REGION;CL;"Brizuela ";"Claudia ";;Los carrera 6268;;;;COPIAPO;III REGION;CL;39990;0;0;0;39990;0;CLP
000000596684;24805963301-A;07/06/2026 22:33:40;Recibido;49990;0;49990;8998;0.0000;40992;1;ABRIGO SOLAPA REDONDA ROJO NICOPOLY;MPM10002646316-3;N05252DXL;07/06/2026 22:33:41;Retiro Tienda Ripley Chillan_BE;Urrutia;Maria Jose;;5 de Abril 699;4to Piso. Centro de atención al Cliente;;;CHILLAN;XVI REGION;CL;Urrutia;Maria Jose;;Tomas yavar 660 660;;;;CHILLAN;XVI REGION;CL;49990;0;0;0;49990;0;CLP
000000596684;24806001901-A;07/06/2026 22:42:42;Recibido;65990;7990;73980;11878;0.0000;54112;1;ABRIGO CINTURON Y SOLAPA BURDEO NICOPOLY;MPM10003237721-2;N06212TL;07/06/2026 22:42:43;Flujo Tradicional Habitualidad;Sanhueza;Valeria;;Esmeralda 380;S/N;;;YUNGAY;XVI REGION;CL;Sanhueza;Valeria;;Esmeralda 380;;;;YUNGAY;XVI REGION;CL;65990;0;7990;0;73980;0;CLP
000000596684;24807155902-A;08/06/2026 11:33:05;Recibido;47990;2745;50735;8638;0.0000;39352;1;ABRIGO 4 BOTONES OXIDO NICOPOLY;MPM10002646319-1;N05155UL;08/06/2026 11:33:07;Flujo Flota Propia;Ceballos;Raul Antonio;;Avenida Víctor Troncoso Muñoz 215;115;;;BUIN;REG.METROPOLITANA;CL;Ceballos;Raul Antonio;;Avenida Víctor Troncoso Muñoz 215;;;;BUIN;REG.METROPOLITANA;CL;47990;0;2745;0;50735;0;CLP
000000596684;24807155902-A;08/06/2026 11:33:05;Recibido;41990;2745;44735;7558;0.0000;34432;1;ABRIGO HOMBROS CAIDOS GRIS NICOPOLY;MPM10002646331-2;N05174NL;08/06/2026 11:33:07;Flujo Flota Propia;Ceballos;Raul Antonio;;Avenida Víctor Troncoso Muñoz 215;115;;;BUIN;REG.METROPOLITANA;CL;Ceballos;Raul Antonio;;Avenida Víctor Troncoso Muñoz 215;;;;BUIN;REG.METROPOLITANA;CL;41990;0;2745;0;44735;0;CLP
000000596684;24808179901-A;08/06/2026 18:38:45;Recibido;29990;0;29990;5398;0.0000;24592;1;BLAZER MUJER NICOPOLY VERDE OSCURO CUELLO MAO;MPM10002160487-1;N00156EL-6;08/06/2026 18:38:46;Flujo Flota Propia;Meza;Jocelyn;;Timonel aranguiz 061;S/N;;;MAIPU;REG.METROPOLITANA;CL;Meza;Jocelyn;;Timonel aranguiz 061;;;;MAIPU;REG.METROPOLITANA;CL;29990;0;0;0;29990;0;CLP
000000596684;24808186801-A;08/06/2026 18:40:24;Recibido;67990;3980;71970;12238;0.0000;55752;1;ABRIGO SOLAPA Y CINTURON ROJO NICOPOLY;MPM10003232693-2;N06188DXL;08/06/2026 18:40:26;Flujo Flota Propia;Leal;Jeny;;Av. Las Parcelas 4640, 9190620 Estación Central, Región Metropolitana, Chile 4640;F212;;;EST.CENTRAL;REG.METROPOLITANA;CL;Leal;Jeny;;Av. Las Parcelas 4640, 9190620 Estación Central, Región Metropolitana, Chile 4640;;;;EST.CENTRAL;REG.METROPOLITANA;CL;67990;0;3980;0;71970;0;CLP
000000596684;24808751302-A;08/06/2026 22:04:59;Recibido;19990;3990;23980;3598;0.0000;16392;1;FALDA SATIN ENCAJE EN RUEDO BURDEO NICOPOLY;MPM10003143890-1;N06286TS;08/06/2026 22:05:02;Flujo Flota Propia;Medina;Maciel;;Avda la Dehesa 3789;7;;;LO BARNECHEA;REG.METROPOLITANA;CL;Medina;Maciel;;Avda la Dehesa 3789;;;;LO BARNECHEA;REG.METROPOLITANA;CL;19990;0;3990;0;23980;0;CLP
000000596684;24808881401-A;08/06/2026 22:41:18;Recibido;26990;980;27970;4858;0.0000;22132;1;CARDIGAN DISEÑO TRENZADO CAFE  NICOPOLY;MPM10003217104-1;N06240US;08/06/2026 22:41:19;Retiro Tienda Ripley Parque Arauco_BE;Navarrete;Alejandra;;Avenida Kennedy 5413;4to Piso. Modulo Retiro en Tienda;;;LAS CONDES;REG.METROPOLITANA;CL;Navarrete;Alejandra;;Camino las hualtatas  4341;;;;LAS CONDES;REG.METROPOLITANA;CL;26990;0;980;0;27970;0;CLP
000000596684;24808925401-A;08/06/2026 22:57:45;Reembolsado;34990;990;35980;6298;0.0000;28692;1;BLAZER MUJER NICOPOLY NEGRO LAZO DELANTERO;MPM10002128962-1;N05276BL;08/06/2026 22:57:46;Retiro Tienda Ripley El Trebol_BE;Cifuentes;Antonia;;Avenida Jorge Alessandri 3177;" 3er Piso. Modulo Retiro en Tienda";;;TALCAHUANO;VIII REGION;CL;Cifuentes;Antonia;;Condominio Newenkelen 4;;;;TALCAHUANO;VIII REGION;CL;34990;0;990;0;35980;0;CLP
000000596684;24810226201-A;09/06/2026 16:38:00;Recibido;61990;5990;67980;11158;0.0000;50832;1;TRENCH CLASICO DOBLE BOTONADURA CAFE  NICOPOLY;MPM10003237641-1;N06187UXL;09/06/2026 16:38:02;Flujo Flota Propia;Diaz;Tamara;;1 Oriente 714;22;;;VI.A DEL MA;V REGION;CL;Diaz;Tamara;;1 Oriente 714;;;;VI.A DEL MA;V REGION;CL;61990;0;5990;0;67980;0;CLP
000000596684;24811369401-A;10/06/2026 07:41:55;Recibido;27990;0;27990;5038;0.0000;22952;1;BLAZER 4 BOTONES DECORATIVOS NEGRO NICOPOLY;MPM10001713165-2;N10046BL-5;10/06/2026 07:41:57;Flujo Flota Propia;Meza;Margarita;;José Joaquín Pérez 1385;S/N;;;ANGOL;IX REGION;CL;Meza;Margarita;;José Joaquín Pérez 1385;;;;ANGOL;IX REGION;CL;27990;0;0;0;27990;0;CLP
000000596684;24813026301-A;10/06/2026 21:00:24;Reembolsado;11990;0;11990;2158;0.0000;9832;1;POLERA MANGA LARGA CUELLO ALTO CAFE 	 NICOPOLY;MPM10003222237-2;N06265UM;10/06/2026 21:00:26;Flujo Flota Propia;Muoz;Estefania;;Pasaje Parque Nacional Alerce Andino 1494 1494;1494;;;PTO.MONTT;X REGION;CL;Muoz;Estefania;;Pasaje Parque Nacional Alerce Andino 1494 1494;;;;PTO.MONTT;X REGION;CL;11990;0;0;0;11990;0;CLP
000000596684;24816174301-A;12/06/2026 08:22:01;Recibido;23990;3980;27970;4318;0.0000;19672;1;BLUSA CUELLO MAO MANGA GLOBO BLANCO NICOPOLY;MPM10003221533-3;N06289AL;12/06/2026 08:22:02;Flujo Flota Propia;Munoz;Mara Pia;;"La Represa 4848 ";34;;;LO BARNECHEA;REG.METROPOLITANA;CL;Munoz;Mara Pia;;"La Represa 4848 ";;;;LO BARNECHEA;REG.METROPOLITANA;CL;23990;0;3980;0;27970;0;CLP
000000596684;24816282901-A;12/06/2026 09:44:06;Recibido;55990;4990;60980;10078;0.0000;45912;1;ABRIGO CIERRE LATERAL OLIVA NICOPOLY;MPM10003237666-3;N06193MM;12/06/2026 09:44:08;Flujo Flota Propia;Romero;Maytechu;;Asturias 636;S/N;;;PUENTE ALTO;REG.METROPOLITANA;CL;Romero;Maytechu;;Asturias 636;;;;PUENTE ALTO;REG.METROPOLITANA;CL;55990;0;4990;0;60980;0;CLP
000000596684;24817270201-A;12/06/2026 17:00:19;Reembolsado;55990;990;56980;10078;0.0000;45912;1;ABRIGO CIERRE LATERAL NEGRO NICOPOLY;MPM10003237651-4;N06193BXL;12/06/2026 17:00:22;Retiro Tienda Ripley Tobalaba_BE;Bravo;Franklin;;Av. Camilo Henríquez 3296, Puente Alto;2do Piso. Modulo Retiro en Tienda;;;PUENTE ALTO;REG.METROPOLITANA;CL;Bravo;Franklin;;Los Olivillos 0827;;;;PUENTE ALTO;REG.METROPOLITANA;CL;55990;0;990;0;56980;0;CLP
