Número de factura;Order number;Date created;Estado del pedido;Subtotal de artículos (con impuestos);Gastos de envío (con impuestos);Precio total (con impuestos);Commission (excluding taxes);Impuestos sobre la comisión;Amount transferred to tienda (including taxes);Quantity;Producto;Product SKU;Offer SKU;Fecha de confirmación del pago;Shipping method;Shipping address last name;Shipping address first name;Shipping address company;Shipping address street 1;Shipping address street 2;Dirección de entrega: complementaria;Shipping address zip;Shipping address city;Shipping address state;Shipping address country;Billing address last name;Billing address first name;Billing address company;Billing address street 1;Billing address street 2;Dirección de facturación: complementaria;Billing address zip;Billing address city;Billing address state;Billing address country;Subtotal de artículos (sin impuestos);Impuestos sobre artículos;Gastos de envío (sin impuestos);Impuestos sobre gastos de envío;Precio total (sin impuestos);Impuestos sobre el precio total;Currency
000000519418;23185938601-A;16/12/2024 15:56:56;Reembolsado;21990;990;22980;4398;0.0000;17592;1;VESTIDO CORTO ABERTURAS MANGAS CELESTE NICOPOLY;MPM10001849480-4;N02336KM-5;16/12/2024 15:56:57;5d_Retiro Tienda Ripley Los Ángeles;Echeverria;Natalia;;"Valdivia 440, Los Angeles ";" 3er Piso. Servicio al Cliente";;;LOS ANGELES;VIII REGION;CL;Echeverria;Natalia;;Calle palomares 110;;;;LOS ANGELES;VIII REGION;CL;21990;0;990;0;22980;0;CLP
000000519418;23194705601-A;17/12/2024 22:51:39;Reembolsado;34990;990;35980;6998;0.0000;27992;1;VESTIDO CAMISERO TIPO DENIM NICOPOLY;MPM10001849442-4;N05099KL;17/12/2024 22:51:40;6d_Retiro Tienda Ripley Nueva Valdivia;Iakovleva;Yulia;;"Arauco 561 ";" 3er Piso. Servicio al Cliente";;;VALDIVIA;XIV REGION;CL;Iakovleva;Yulia;;Los Boldos 498;;;;VALDIVIA;XIV REGION;CL;34990;0;990;0;35980;0;CLP
000000519418;23212126501-A;22/12/2024 23:43:02;Reembolsado;11990;990;12980;2398;0.0000;9592;1;VESTIDO FLORAL NUDO NEGRO NICOPOLY;MPM10000705718-3;N04132BM;22/12/2024 23:43:03;4d_Retiro Tienda Ripley Plaza Vespucio;Bustos;Alejandra;;"Av. Vicuña Mackenna Ote. 7110, La Florida ";3er Piso. Modulo Retiro en Tienda;;;LA FLORIDA;REG.METROPOLITANA;CL;Bustos Farias;Juan Miguel;;Rio Chopa  11019;;;;LA FLORIDA;REG.METROPOLITANA;CL;11990;0;990;0;12980;0;CLP
000000519418;23217695201-A;26/12/2024 10:39:57;Reembolsado;19990;3990;23980;3998;0.0000;15992;1;VESTIDO CORTO CUELLO HALTER BLANCO NICOPOLY;MPM10001878055-4;N04063AM-5;26/12/2024 10:39:58;Flujo Same day BX;Padilla;Violeta;;Jose Miguel Carrera 13248;1701;;;EL BOSQUE;REG.METROPOLITANA;CL;Padilla;Violeta;;Jose Miguel Carrera 13248;;;;EL BOSQUE;REG.METROPOLITANA;CL;19990;0;3990;0;23980;0;CLP
000000519418;23237671802-A;04/01/2025 19:07:24;Reembolsado;16990;3990;20980;3398;0.0000;13592;1;VESTIDO CORTO TIPO SATÍN NEGRO NICOPOLY;MPM00071352018-2;N02492BS;04/01/2025 19:07:25;Flujo Same day BX;Santos;Constanza;;Alvarez de toledo  978;710;;;SAN MIGUEL;REG.METROPOLITANA;CL;Santos;Constanza;;Alvarez de toledo  978;;;;SAN MIGUEL;REG.METROPOLITANA;CL;16990;0;3990;0;20980;0;CLP
000000519418;23238592901-A;05/01/2025 05:12:46;Reembolsado;21990;990;22980;4398;0.0000;17592;1;ENTERITO DETALLES DORADOS HOMBROS BURDEO NICOPOLY;MPM00081462634-1;N03017TS;05/01/2025 05:12:48;4d_Retiro Tienda Ripley Costanera Center;Ramirez;Mauricio;;"Avenida Andrés Bello 2422 ";" 1er Piso. Modulo Retiro en Tienda";;;PROVIDENCIA;REG.METROPOLITANA;CL;Meza;Jacqueline;;Segunda transversal 3496;;;;PROVIDENCIA;REG.METROPOLITANA;CL;21990;0;990;0;22980;0;CLP
000000519418;23242385901-A;06/01/2025 18:06:52;Reembolsado;12990;1690;14680;2598;0.0000;10392;1;VESTIDO ESCOTE V FLORES VERDE NICOPOLY;MPM10000705702-4;N04141ES;06/01/2025 18:06:53;Flujo Same day BX;Naranjo Galvez;Maria Elisa;;Las tinajas  2636;"Casa ";;;MAIPU;REG.METROPOLITANA;CL;Naranjo Galvez;Maria Elisa;;Las tinajas  2636;;;;MAIPU;REG.METROPOLITANA;CL;12990;0;1690;0;14680;0;CLP
000000519418;23242385901-A;06/01/2025 18:06:52;Reembolsado;13990;1690;15680;2798;0.0000;11192;1;ENTERITO CORTO FLOREADO MORADO NICOPOLY;MPM10001878059-3;N05127AS;06/01/2025 18:06:53;Flujo Same day BX;Naranjo Galvez;Maria Elisa;;Las tinajas  2636;"Casa ";;;MAIPU;REG.METROPOLITANA;CL;Naranjo Galvez;Maria Elisa;;Las tinajas  2636;;;;MAIPU;REG.METROPOLITANA;CL;13990;0;1690;0;15680;0;CLP
000000519418;23246283301-A;08/01/2025 09:17:38;Reembolsado;21990;990;22980;4398;0.0000;17592;1;VESTIDO PLISADO VUELITOS VERDE NICOPOLY;MPM00071350358-4;N02341ES;08/01/2025 09:17:39;4d_Retiro Tienda Ripley Costanera Center;Ulloa;Fabiana Alejandra;;"Avenida Andrés Bello 2422 ";" 1er Piso. Modulo Retiro en Tienda";;;PROVIDENCIA;REG.METROPOLITANA;CL;Ulloa;Fabiana Alejandra;;Duque de kent 0960;;;;PROVIDENCIA;REG.METROPOLITANA;CL;21990;0;990;0;22980;0;CLP
000000519418;23250887901-A;10/01/2025 01:09:18;Reembolsado;28990;3990;32980;5798;0.0000;23192;1;VESTIDO CAMISERO TIPO DENIM NICOPOLY;MPM10001849442-3;N05099KS;10/01/2025 01:09:20;Flujo Same day BX;Almazabal;Belen;;Balmaceda 312;11 torre 4;;;EL BOSQUE;REG.METROPOLITANA;CL;Almazabal;Belen;;Balmaceda 312;;;;EL BOSQUE;REG.METROPOLITANA;CL;28990;0;3990;0;32980;0;CLP
000000519418;23251358501-A;10/01/2025 12:09:12;Reembolsado;20990;6045;27035;4198;0.0000;16792;1;PANTALÓN TIPO SATÍN NEGRO NICOPOLY;MPM10001916756-2;N05018BM;10/01/2025 12:09:13;Flujo Crossdock- Ripley PAQ;ARAYA;DOMINIC;;lauca 1696;S/N;;;ARICA;XV REGION;CL;ARAYA;DOMINIC;;lauca 1696;;;;ARICA;XV REGION;CL;20990;0;6045;0;27035;0;CLP
000000519418;23252413201-A;10/01/2025 21:22:08;Reembolsado;18990;990;19980;3798;0.0000;15192;1;PANTALÓN TIRO ALTO JASPEADO ROSADO NICOPOLY;MPM10001849483-2;N05022HL;10/01/2025 21:22:09;4d_Retiro Tienda Ripley Arauco Maipu;Aguilera;Carmen;;"Av. Americo Vespucio 399 ";" 2do Piso. Modulo Retiro en Tienda";;;MAIPU;REG.METROPOLITANA;CL;Aguilera;Carmen;;Manchester 378;;;;MAIPU;REG.METROPOLITANA;CL;18990;0;990;0;19980;0;CLP
000000519418;23254068801-A;11/01/2025 20:07:40;Reembolsado;26490;990;27480;5298;0.0000;21192;1;PANTALÓN PIERNA ANCHA NEGRO NICOPOLY;MPM10001856328-4;N04017BM-5;11/01/2025 20:07:41;4d_Retiro Tienda Ripley Los Dominicos;Barra;Fabiola;;"Padre Hurtado Sur 875 ";1er Piso. Servicio al Cliente;;;LAS CONDES;REG.METROPOLITANA;CL;Barra;Fabiola;;Schiller 2349;;;;LAS CONDES;REG.METROPOLITANA;CL;26490;0;990;0;27480;0;CLP
000000519418;23256265101-A;12/01/2025 22:24:19;Reembolsado;27990;990;28980;5598;0.0000;22392;1;CHAQUETA CUELLO MAO ECOCUERO BLANCO NICOPOLY;MPM10000316150-4;N02106AXL;12/01/2025 22:24:20;5d_Retiro Tienda Ripley Rancagua;Cabrera Ortega;Gissella Del Carmen;;"José Domingo Mujica 490 ";" 3er Piso. Modulo Retiro en Tienda";;;RANCAGUA;VI REGION;CL;Cabrera Ortega;Gissella Del Carmen;;Cuevas 0164;;;;RANCAGUA;VI REGION;CL;27990;0;990;0;28980;0;CLP
000000519418;23259349501-A;14/01/2025 12:43:46;Reembolsado;18990;990;19980;3798;0.0000;15192;1;VESTIDO ACANALADO OFF THE SHOULDER NEGRO NICOPOLY;MPM10001710244-3;N05064BL;14/01/2025 12:43:47;8d_Retiro Tienda Ripley Copiapo;Ledezma Valenzuela;Natalia Ktherine;;"Calle Maipu S/N, Copiapo ";" 2do Piso. Servicio al Cliente";;;COPIAPO;III REGION;CL;Ledezma Valenzuela;Natalia Ktherine;;Avenida costanera sur 2610 429;;;;COPIAPO;III REGION;CL;18990;0;990;0;19980;0;CLP
000000519418;23259423201-A;14/01/2025 13:18:11;Reembolsado;39990;5990;45980;7998;0.0000;31992;1;MAXI VESTIDO CORTE IMPERIO FLORAL AZUL NICOPOLY;MPM10001752469-2;N04010PS-5;14/01/2025 13:18:12;Flujo Crossdock- Ripley PAQ;Moltedo;Antonia;;Las perlas norte 2291;92;;;VI.A DEL MA;V REGION;CL;Moltedo;Antonia;;Las perlas norte 2291;;;;VI.A DEL MA;V REGION;CL;39990;0;5990;0;45980;0;CLP
000000519418;23261043801-A;15/01/2025 01:52:20;Reembolsado;22190;990;23180;4438;0.0000;17752;1;PANTALÓN MEZCLA LINO BEIGE NICOPOLY;MPM10001878069-3;N05020LM;15/01/2025 01:52:21;5d_Retiro Tienda Ripley Valparaíso;Arriagada;Macarena Del Carmen;;"Plaza Victoria 1646 ";" 4to Piso. Servicio al Cliente";;;VALPARAISO;V REGION;CL;Arriagada;Macarena Del Carmen;;Paseo La Alborada 1991;;;;VALPARAISO;V REGION;CL;22190;0;990;0;23180;0;CLP
000000519418;23262716101-A;15/01/2025 21:32:19;Reembolsado;16990;248;17238;3398;0.0000;13592;1;VESTIDO HALTER LAZO DECORATIVO NEGRO NICOPOLY;MPM10001465227-2;N04267BM;15/01/2025 21:32:20;4d_Retiro Tienda Ripley Plaza Egaña;Gallardo;Rossana;;"Larrain 5800 ";" 3er Piso. Modulo Retiro en Tienda";;;NUNOA;REG.METROPOLITANA;CL;Gallardo;Rossana;;Regina Pacis 760;;;;NUNOA;REG.METROPOLITANA;CL;16990;0;248;0;17238;0;CLP
000000519418;23262751601-A;15/01/2025 21:45:20;Reembolsado;12490;990;13480;2498;0.0000;9992;1;FALDA MIDI ACANALADA NEGRO NICOPOLY;MPM10001491711-1;N04176BL;15/01/2025 21:45:21;10d_Retiro Tienda Ripley Pto. Montt Costanera;"Añazco ";"Antonia ";;"Juan Soler Manfredini 10 ";" 6to Piso. Modulo Retiro en Tienda";;;PTO.MONTT;X REGION;CL;Carcamo Gallegos;Carolina;;Egaña 85;;;;PTO.MONTT;X REGION;CL;12490;0;990;0;13480;0;CLP
000000519418;23263017001-A;15/01/2025 23:22:34;Reembolsado;16490;495;16985;3298;0.0000;13192;1;PANTALÓN PIERNA ANCHA NEGRO NICOPOLY;MPM10001856328-4;N04017BM-5;15/01/2025 23:22:35;5d_Retiro Tienda Ripley Viña del Mar Sucre;Del canto;"Christopher ";;"Sucre 290, Viña ";5to Piso. Modulo Retiro en Tienda;;;VI.A DEL MA;V REGION;CL;Valdes;Johana;;Pasaje parque lauca 4794;;;;VI.A DEL MA;V REGION;CL;16490;0;495;0;16985;0;CLP
000000519418;23263017001-A;15/01/2025 23:22:34;Reembolsado;16490;495;16985;3298;0.0000;13192;1;PANTALÓN RECTO COSTURA FRONTAL NEGRO NICOPOLY;MPM10001713171-1;N04301BM-5;15/01/2025 23:22:35;5d_Retiro Tienda Ripley Viña del Mar Sucre;Del canto;"Christopher ";;"Sucre 290, Viña ";5to Piso. Modulo Retiro en Tienda;;;VI.A DEL MA;V REGION;CL;Valdes;Johana;;Pasaje parque lauca 4794;;;;VI.A DEL MA;V REGION;CL;16490;0;495;0;16985;0;CLP
000000519418;23263229901-A;16/01/2025 01:12:18;Reembolsado;28990;990;29980;5798;0.0000;23192;1;MAXI VESTIDO CORTE IMPERIO FLORAL AZUL NICOPOLY;MPM10001752469-3;N04010PM-5;16/01/2025 01:12:21;5d_Retiro Tienda Ripley Mall Concepción;Carrasco;Yenny;;"Barros Arana 1068, Concepcion ";" 3er Piso. Modulo Retiro en Tienda";;;CONCEPCION;VIII REGION;CL;Carrasco;Yenny;;Calle los aromos 2273;;;;CONCEPCION;VIII REGION;CL;28990;0;990;0;29980;0;CLP
000000519418;23263739501-A;16/01/2025 12:34:31;Reembolsado;26490;990;27480;5298;0.0000;21192;1;ENTERITO CON ENCAJE BLANCO NICOPOLY;MPM10001849450-1;N05040AM;16/01/2025 12:34:33;10d_Retiro Tienda Ripley Portal Temuco;Beltran;Katalina;;"Avenida Alemania 0671 ";3er Piso, Modulo Retiro en Tienda;;;TEMUCO;IX REGION;CL;Beltran;Katalina;;Gabriela Mistral 989;;;;TEMUCO;IX REGION;CL;26490;0;990;0;27480;0;CLP
000000519418;23264459301-A;16/01/2025 18:08:40;Reembolsado;19990;990;20980;3998;0.0000;15992;1;TRENCH MIDI TAUPE NICOPOLY;MPM00048128496-2;N02298LXL;16/01/2025 18:08:42;5d_Retiro Tienda Ripley Viña del Mar Sucre;Olivos;Carolina Sofia;;"Sucre 290, Viña ";5to Piso. Modulo Retiro en Tienda;;;VI.A DEL MA;V REGION;CL;Olivos;Carolina Sofia;;Errazuriz 690 viña del mar piso 2 690;;;;VI.A DEL MA;V REGION;CL;19990;0;990;0;20980;0;CLP
000000519418;23266093701-A;17/01/2025 15:15:57;Reembolsado;16490;330;16820;3298;0.0000;13192;1;PANTALÓN MUJER NICOPOLY BLANCO RECTO COSTURA FRONTAL;MPM10001713158-2;N04301AM-5;17/01/2025 15:15:58;5d_Retiro Tienda Ripley Mall Concepción;Huircaleo;Marcia;;"Barros Arana 1068, Concepcion ";" 3er Piso. Modulo Retiro en Tienda";;;CONCEPCION;VIII REGION;CL;Huircaleo;Marcia;;Roberto ortiz 585;;;;CONCEPCION;VIII REGION;CL;16490;0;330;0;16820;0;CLP
000000519418;23266093701-A;17/01/2025 15:15:57;Reembolsado;16490;330;16820;3298;0.0000;13192;1;PANTALÓN MUJER NICOPOLY BURDEO RECTO COSTURA FRONTAL;MPM10001713143-4;N04301DM-5;17/01/2025 15:15:58;5d_Retiro Tienda Ripley Mall Concepción;Huircaleo;Marcia;;"Barros Arana 1068, Concepcion ";" 3er Piso. Modulo Retiro en Tienda";;;CONCEPCION;VIII REGION;CL;Huircaleo;Marcia;;Roberto ortiz 585;;;;CONCEPCION;VIII REGION;CL;16490;0;330;0;16820;0;CLP
000000519418;23266382301-A;17/01/2025 17:33:40;Reembolsado;20990;495;21485;4198;0.0000;16792;1;BLAZER LARGO 4 BOTONES BLANCO NICOPOLY;MPM10001752445-4;N00212AM-5;17/01/2025 17:33:41;10d_Retiro Tienda Ripley Pto. Montt Costanera;Velasquez;Gloria Martina;;"Juan Soler Manfredini 10 ";" 6to Piso. Modulo Retiro en Tienda";;;PTO.MONTT;X REGION;CL;Velasquez;Gloria Martina;;Augusto goecke  281;;;;PTO.MONTT;X REGION;CL;20990;0;495;0;21485;0;CLP
000000519418;23266382301-A;17/01/2025 17:33:40;Reembolsado;20990;495;21485;4198;0.0000;16792;1;BLAZER LARGO 4 BOTONES NEGRO NICOPOLY;MPM10001752448-3;N00212BM-5;17/01/2025 17:33:41;10d_Retiro Tienda Ripley Pto. Montt Costanera;Velasquez;Gloria Martina;;"Juan Soler Manfredini 10 ";" 6to Piso. Modulo Retiro en Tienda";;;PTO.MONTT;X REGION;CL;Velasquez;Gloria Martina;;Augusto goecke  281;;;;PTO.MONTT;X REGION;CL;20990;0;495;0;21485;0;CLP
000000519418;23266625001-A;17/01/2025 19:48:53;Reembolsado;11990;990;12980;2398;0.0000;9592;1;ENTERITO MUJER NICOPOLY NEGRO CORTO FLOREADO;MPM10001878068-3;N05127BS;17/01/2025 19:48:54;4d_Retiro Tienda Ripley Parque Arauco;Ruiz;Pamela;;"Avenida Kennedy 5413 ";4to Piso. Modulo Retiro en Tienda;;;LAS CONDES;REG.METROPOLITANA;CL;Ruiz;Pamela;;Pasaje perseo 569;;;;LAS CONDES;REG.METROPOLITANA;CL;11990;0;990;0;12980;0;CLP
000000519418;23267330501-A;18/01/2025 09:58:55;Reembolsado;15990;495;16485;3198;0.0000;12792;1;PANTALÓN MUJER NICOPOLY BLANCO PINZAS TIRO ALTO;MPM10001752491-4;N04120AS-5;18/01/2025 09:58:56;5d_Retiro Tienda Ripley Talca;Betancourt Pantoja;Juana Paola;;"8 Oriente 1212 ";" 2do Piso. Modulo Retiro en Tienda";;;TALCA;VII REGION;CL;Betancourt Pantoja;Juana Paola;;Once medio ote D  3106;;;;TALCA;VII REGION;CL;15990;0;495;0;16485;0;CLP
000000519418;23269034101-A;19/01/2025 11:07:05;Reembolsado;24990;3980;28970;4998;0.0000;19992;1;CHAQUETA BIKER ECOCUERO CORTA NEGRO  NICOPOLY;MPM10001383962-1;N04201BXL;19/01/2025 11:07:06;Flujo Same day BX;Castillo;Elisa;;Avenida la florida 10269;Depto 820;;;LA FLORIDA;REG.METROPOLITANA;CL;Castillo;Elisa;;Avenida la florida 10269;;;;LA FLORIDA;REG.METROPOLITANA;CL;24990;0;3980;0;28970;0;CLP
000000519418;23270193501-A;19/01/2025 21:17:08;Reembolsado;17990;990;18980;3598;0.0000;14392;1;FALDA MUJER NICOPOLY AZUL DENIM TAJO FRONTAL;MPM10001465761-3;N04269CM;19/01/2025 21:17:09;4d_Retiro Tienda Ripley Arauco Maipu;Izquierdo;"Antonia ";;"Av. Americo Vespucio 399 ";" 2do Piso. Modulo Retiro en Tienda";;;MAIPU;REG.METROPOLITANA;CL;Nuñez;Sara;;Dalila 2876;;;;MAIPU;REG.METROPOLITANA;CL;17990;0;990;0;18980;0;CLP
000000519418;23271953301-A;20/01/2025 18:51:04;Reembolsado;14990;0;14990;2998;0.0000;11992;1;VESTIDO CORTO MUJER NICOPOLY CELESTE CUELLO HALTER;MPM10001878060-3;N04063KL-5;20/01/2025 18:51:05;Flujo Crossdock- Ripley PAQ;Canales;Patricia;;Valles de santa fe, psj Ana riffo Gar 240;S/N;;;CURICO;VII REGION;CL;Canales;Patricia;;Valles de santa fe, psj Ana riffo Gar 240;;;;CURICO;VII REGION;CL;14990;0;0;0;14990;0;CLP
000000519418;23272394701-A;20/01/2025 22:16:00;Reembolsado;16990;990;17980;3398;0.0000;13592;1;VESTIDO ENCAJE ASIMÉTRICO AZUL REY NICOPOLY;MPM00071351074-3;N02483CS;20/01/2025 22:16:01;4d_Retiro Tienda Ripley Los Dominicos;Escobar;Luz Maria;;"Padre Hurtado Sur 875 ";1er Piso. Servicio al Cliente;;;LAS CONDES;REG.METROPOLITANA;CL;Escobar;Luz Maria;;Los Militares  5620;;;;LAS CONDES;REG.METROPOLITANA;CL;16990;0;990;0;17980;0;CLP
000000519418;23272776001-A;21/01/2025 01:45:26;Reembolsado;15990;990;16980;3198;0.0000;12792;1;PANTALÓN MUJER NICOPOLY ROSADO TIRO ALTO JASPEADO;MPM10001849483-2;N05022HL;21/01/2025 01:45:27;6d_Retiro Tienda Ripley Nueva Valdivia;Hidalgo;Victoria;;"Arauco 561 ";" 3er Piso. Servicio al Cliente";;;VALDIVIA;XIV REGION;CL;Hidalgo;Victoria;;Dos poniente 399 399;;;;VALDIVIA;XIV REGION;CL;15990;0;990;0;16980;0;CLP
000000519418;23274207801-A;21/01/2025 19:35:20;Reembolsado;15990;0;15990;3198;0.0000;12792;1;CÁRDIGAN PUNTO FINO CADENETAS GRIS NICOPOLY;MPM10001465231-3;N04254NM;21/01/2025 19:35:21;5d_Retiro Tienda Ripley El Trébol;"Ulloa ";"Mara Jos ";;"Avenida Jorge Alessandri 3177 ";" 3er Piso. Modulo Retiro en Tienda";;;TALCAHUANO;VIII REGION;CL;"Ulloa ";"Mara Jos ";;Pasaje 15 2648, Hualpén. 2648;;;;TALCAHUANO;VIII REGION;CL;15990;0;0;0;15990;0;CLP
000000519418;23276860001-A;22/01/2025 23:48:39;Reembolsado;15990;990;16980;3198;0.0000;12792;1;PANTALÓN MUJER NICOPOLY BLANCO TIRO ALTO JASPEADO;MPM10001849485-3;N05022AL;22/01/2025 23:48:40;5d_Retiro Tienda Ripley El Trébol;Salgado;Iris;;"Avenida Jorge Alessandri 3177 ";" 3er Piso. Modulo Retiro en Tienda";;;TALCAHUANO;VIII REGION;CL;Salgado;Iris;;RIO NEGRO 611;;;;TALCAHUANO;VIII REGION;CL;15990;0;990;0;16980;0;CLP
000000519418;23279493001-A;24/01/2025 12:46:05;Reembolsado;15990;495;16485;3198;0.0000;12792;1;PANTALÓN MUJER NICOPOLY BLANCO TIRO ALTO JASPEADO;MPM10001849485-2;N05022AM;24/01/2025 12:46:07;5d_Retiro Tienda Ripley Talca;Orellana;Paola;;"8 Oriente 1212 ";" 2do Piso. Modulo Retiro en Tienda";;;TALCA;VII REGION;CL;Orellana;Paola;;Pasaje 19 Norte A 3030;;;;TALCA;VII REGION;CL;15990;0;495;0;16485;0;CLP
000000519418;23280248002-A;24/01/2025 19:28:31;Reembolsado;25990;4980;30970;5198;0.0000;20792;1;CHAQUETA CUELLO CAMISERO ECOCUERO NEGRO NICOPOLY;MPM10001383864-1;N04228BXL;24/01/2025 19:28:32;Flujo Crossdock- Ripley PAQ;Luna Fuentes;"Jacquelinne ";;Castellón 1367;1404;;;CONCEPCION;VIII REGION;CL;Luna Fuentes;"Jacquelinne ";;Castellón 1367;;;;CONCEPCION;VIII REGION;CL;25990;0;4980;0;30970;0;CLP
000000519418;23280279001-A;24/01/2025 19:45:18;Reembolsado;11990;990;12980;2398;0.0000;9592;1;VESTIDO CALADO FORRO NEGRO NICOPOLY;MPM00071262702-2;N02327BM;24/01/2025 19:45:19;4d_Retiro Tienda Ripley Arauco Maipu;Lastra;"Patricio ";;"Av. Americo Vespucio 399 ";" 2do Piso. Modulo Retiro en Tienda";;;MAIPU;REG.METROPOLITANA;CL;Zuniga;Natalia;;Ingeniero eduardo dominguez 327 327;;;;MAIPU;REG.METROPOLITANA;CL;11990;0;990;0;12980;0;CLP
000000519418;23280979901-A;25/01/2025 10:11:20;Reembolsado;16490;330;16820;2638;0.0000;13852;1;PANTALÓN MUJER NICOPOLY KHAKI PIERNA ANCHA;MPM10001856322-2;N04017LS-5;25/01/2025 10:11:22;5d_Retiro Tienda Ripley Viña del Mar Sucre;Del canto;"Christopher ";;"Sucre 290, Viña ";5to Piso. Modulo Retiro en Tienda;;;VI.A DEL MA;V REGION;CL;Valdes;Johana;;Pasaje parque lauca 4794;;;;VI.A DEL MA;V REGION;CL;16490;0;330;0;16820;0;CLP
000000519418;23281157601-A;25/01/2025 12:34:19;Reembolsado;16490;5990;22480;2638;0.0000;13852;1;PANTALÓN MUJER NICOPOLY BLANCO PIERNA ANCHA;MPM10001856323-1;N04017AM-5;25/01/2025 12:34:20;Flujo Crossdock- Ripley PAQ;Morales;Olaya;;Pozo almonte 2118;S/N;;;SAN RAFAEL;VII REGION;CL;Morales;Olaya;;Pozo almonte 2118;;;;SAN RAFAEL;VII REGION;CL;16490;0;5990;0;22480;0;CLP
000000519418;23282485701-A;26/01/2025 09:47:51;Reembolsado;12990;2396;15386;2078;0.0000;10912;1;BODY ESCOTE ENCAJE BLANCO NICOPOLY;MPM10001878089-1;N02151AM-5;26/01/2025 09:47:52;Flujo Crossdock- Ripley PAQ;Avila;Natalia;;El Raleo 2646;2646;;;CURICO;VII REGION;CL;Avila;Natalia;;El Raleo 2646;;;;CURICO;VII REGION;CL;12990;0;2396;0;15386;0;CLP
000000519418;23282485701-A;26/01/2025 09:47:51;Reembolsado;26490;2396;28886;4238;0.0000;22252;1;ENTERITO MUJER NICOPOLY BLANCO CON ENCAJE;MPM10001849450-1;N05040AM;26/01/2025 09:47:52;Flujo Crossdock- Ripley PAQ;Avila;Natalia;;El Raleo 2646;2646;;;CURICO;VII REGION;CL;Avila;Natalia;;El Raleo 2646;;;;CURICO;VII REGION;CL;26490;0;2396;0;28886;0;CLP
000000519418;23282485701-A;26/01/2025 09:47:51;Reembolsado;17490;2396;19886;2798;0.0000;14692;1;PANTALÓN MUJER NICOPOLY BLANCO TIRO ALTO BÁSICO;MPM10001752475-4;N10373AM-5;26/01/2025 09:47:52;Flujo Crossdock- Ripley PAQ;Avila;Natalia;;El Raleo 2646;2646;;;CURICO;VII REGION;CL;Avila;Natalia;;El Raleo 2646;;;;CURICO;VII REGION;CL;17490;0;2396;0;19886;0;CLP
000000519418;23282894501-A;26/01/2025 14:29:05;Reembolsado;13990;1596;15586;2238;0.0000;11752;1;SHORT MUJER NICOPOLY CREMA HOLGADO;MPM10001878071-3;N05078AS;26/01/2025 14:29:06;Flujo Same day BX;Silva;"Clemencia ";;Carlos XII 120;1803 B;;;LAS CONDES;REG.METROPOLITANA;CL;Silva;"Clemencia ";;Carlos XII 120;;;;LAS CONDES;REG.METROPOLITANA;CL;13990;0;1596;0;15586;0;CLP
000000519418;23282894501-A;26/01/2025 14:29:05;Reembolsado;13990;1596;15586;2238;0.0000;11752;1;SHORT MUJER NICOPOLY AZUL GRISÁCEO HOLGADO;MPM10001878076-3;N05078CS;26/01/2025 14:29:06;Flujo Same day BX;Silva;"Clemencia ";;Carlos XII 120;1803 B;;;LAS CONDES;REG.METROPOLITANA;CL;Silva;"Clemencia ";;Carlos XII 120;;;;LAS CONDES;REG.METROPOLITANA;CL;13990;0;1596;0;15586;0;CLP
000000519418;23283474601-A;26/01/2025 19:35:54;Reembolsado;24990;117;25107;3998;0.0000;20992;1;BLAZER LARGO MANGA DRAPEADA KHAKI NICOPOLY;MPM10001465243-1;N04262LL;26/01/2025 19:35:55;Flujo Same day BX;Lizama;Maria Paz;;Las araucarias 7991;S/N;;;CERRILLOS;REG.METROPOLITANA;CL;Lizama;Maria Paz;;Las araucarias 7991;;;;CERRILLOS;REG.METROPOLITANA;CL;24990;0;117;0;25107;0;CLP
000000519418;23283619901-A;26/01/2025 20:59:07;Reembolsado;12990;990;13980;2078;0.0000;10912;1;VESTIDO ESCOTE V FLORES VERDE NICOPOLY;MPM10000705702-4;N04141ES;26/01/2025 20:59:08;8d_Retiro Tienda Ripley Castellón;Quiroz;Katherine;;"Castellon 520, Concepcion ";6to Piso. Servicio al Cliente;;;CONCEPCION;VIII REGION;CL;Quiroz;Katherine;;Avenida Pedro de Valdivia 880;;;;CONCEPCION;VIII REGION;CL;12990;0;990;0;13980;0;CLP
000000519418;23284612401-A;27/01/2025 12:53:38;Reembolsado;15990;990;16980;3198;0.0000;12792;1;PANTALÓN MUJER NICOPOLY BLANCO TIRO ALTO JASPEADO;MPM10001849485-2;N05022AM;27/01/2025 12:53:39;4d_Retiro Tienda Ripley Plaza Egaña;Moreau;Michele;;"Larrain 5800 ";" 3er Piso. Modulo Retiro en Tienda";;;NUNOA;REG.METROPOLITANA;CL;Moreau;Michele;;11 oriente  2350;;;;NUNOA;REG.METROPOLITANA;CL;15990;0;990;0;16980;0;CLP
000000519418;23287305201-A;28/01/2025 17:36:41;Reembolsado;16490;990;17480;3298;0.0000;13192;1;PANTALÓN MUJER NICOPOLY ROJO PIERNA ANCHA;MPM10001856324-4;N04017DS-5;28/01/2025 17:36:42;5d_Retiro Tienda Ripley Los Ángeles;Salazar;Evelin;;"Valdivia 440, Los Angeles ";" 3er Piso. Servicio al Cliente";;;LOS ANGELES;VIII REGION;CL;Salazar;Evelin;;Lautaro 596;;;;LOS ANGELES;VIII REGION;CL;16490;0;990;0;17480;0;CLP
000000519418;23288358601-A;29/01/2025 01:21:59;Reembolsado;18990;2396;21386;3798;0.0000;15192;1;PANTALÓN MUJER NICOPOLY NEGRO RECTO COSTURA FRONTAL;MPM10001713171-3;N04301BS-5;29/01/2025 01:22:01;Flujo Crossdock- Ripley PAQ;Hernandez;Sofia;;Avenida Valparaíso San José 00;S/N;;;MELIPILLA;REG.METROPOLITANA;CL;Hernandez;Sofia;;Avenida Valparaíso San José 00;;;;MELIPILLA;REG.METROPOLITANA;CL;18990;0;2396;0;21386;0;CLP
000000519418;23288358601-A;29/01/2025 01:21:59;Reembolsado;15990;2396;18386;3198;0.0000;12792;1;PANTALÓN MUJER NICOPOLY ROSADO TIRO ALTO JASPEADO;MPM10001849483-3;N05022HS;29/01/2025 01:22:01;Flujo Crossdock- Ripley PAQ;Hernandez;Sofia;;Avenida Valparaíso San José 00;S/N;;;MELIPILLA;REG.METROPOLITANA;CL;Hernandez;Sofia;;Avenida Valparaíso San José 00;;;;MELIPILLA;REG.METROPOLITANA;CL;15990;0;2396;0;18386;0;CLP
000000519418;23288972601-A;29/01/2025 13:06:08;Reembolsado;25990;990;26980;5198;0.0000;20792;1;VESTIDO MUJER NICOPOLY NEGRO STRAPLESS Y ESCOTE V;MPM10001856352-1;N05011BL;29/01/2025 13:06:09;10d_Retiro Tienda Ripley Pto. Montt Costanera;Velasquez;Gloria Martina;;"Juan Soler Manfredini 10 ";" 6to Piso. Modulo Retiro en Tienda";;;PTO.MONTT;X REGION;CL;Velasquez;Gloria Martina;;Augusto goecke  281;;;;PTO.MONTT;X REGION;CL;25990;0;990;0;26980;0;CLP
000000519418;23290076401-A;29/01/2025 20:25:13;Reembolsado;12990;6990;19980;2598;0.0000;10392;1;VESTIDO ESCOTE V FLORES VERDE NICOPOLY;MPM10000705702-3;N04141EM;29/01/2025 20:25:15;Flujo Crossdock- Ripley PAQ;Caceres;Paola;;Mar del.norte calle 8 casa38 8;Csa38;;;QUINTERO;V REGION;CL;Caceres;Paola;;Mar del.norte calle 8 casa38 8;;;;QUINTERO;V REGION;CL;12990;0;6990;0;19980;0;CLP
000000519418;23291328101-A;30/01/2025 13:25:50;Reembolsado;22490;3990;26480;4498;0.0000;17992;1;ENTERITO MUJER NICOPOLY VERDE OLIVA LAZO Y HEBILLA;MPM10001849448-2;N04058MXL-5;30/01/2025 13:25:51;Flujo Same day BX;Torres;Betsabet;;Cerro paredones 748;Casa;;;PUENTE ALTO;REG.METROPOLITANA;CL;Torres;Betsabet;;Cerro paredones 748;;;;PUENTE ALTO;REG.METROPOLITANA;CL;22490;0;3990;0;26480;0;CLP
000000519418;23291433701-A;30/01/2025 14:16:13;Reembolsado;18990;3990;22980;3798;0.0000;15192;1;PANTALÓN MUJER NICOPOLY BURDEO RECTO COSTURA FRONTAL;MPM10001713143-4;N04301DM-5;30/01/2025 14:16:14;Flujo Same day BX;Padilla;Marta;;Capellán Florencio Infante  3010;"Casa ";;;MAIPU;REG.METROPOLITANA;CL;Padilla;Marta;;Capellán Florencio Infante  3010;;;;MAIPU;REG.METROPOLITANA;CL;18990;0;3990;0;22980;0;CLP
000000519418;23291584201-A;30/01/2025 15:23:25;Reembolsado;25990;2195;28185;5198;0.0000;20792;1;BLUSA BÁSICA BOTONERA INVISIBLE LILA NICOPOLY;MPM10000693682-2;N00089ZXL-3;30/01/2025 15:23:27;Flujo Same day BX;Cliente;Felipe;;Escampavía Janequeo 9361;S/N;;;LAS CONDES;REG.METROPOLITANA;CL;Cliente;Felipe;;Escampavía Janequeo 9361;;;;LAS CONDES;REG.METROPOLITANA;CL;25990;0;2195;0;28185;0;CLP
000000519418;23291584201-A;30/01/2025 15:23:25;Reembolsado;25990;2195;28185;5198;0.0000;20792;1;BLUSA BOTONERA INVISIBLE BÁSICA PÚRPURA NICOPOLY;MPM10001448828-2;N00089VXL-4;30/01/2025 15:23:27;Flujo Same day BX;Cliente;Felipe;;Escampavía Janequeo 9361;S/N;;;LAS CONDES;REG.METROPOLITANA;CL;Cliente;Felipe;;Escampavía Janequeo 9361;;;;LAS CONDES;REG.METROPOLITANA;CL;25990;0;2195;0;28185;0;CLP
000000519418;23291880001-A;30/01/2025 17:26:10;Reembolsado;11990;990;12980;2398;0.0000;9592;1;VESTIDO CALADO FORRO ROSADO NICOPOLY;MPM00071262168-2;N02327HL;30/01/2025 17:26:11;5d_Retiro Tienda Ripley Valparaíso;Meza;Karen;;"Plaza Victoria 1646 ";" 4to Piso. Servicio al Cliente";;;VALPARAISO;V REGION;CL;Meza;Karen;;Calle segunda  771;;;;VALPARAISO;V REGION;CL;11990;0;990;0;12980;0;CLP
000000519418;23292897701-A;31/01/2025 00:58:46;Reembolsado;23990;198;24188;4798;0.0000;19192;1;PANTALÓN MUJER NICOPOLY ÓXIDO PINZAS RECTO;MPM10001497472-1;N04298RL;31/01/2025 00:58:47;5d_Retiro Tienda Ripley El Trébol;Muscat;Waleska;;"Avenida Jorge Alessandri 3177 ";" 3er Piso. Modulo Retiro en Tienda";;;TALCAHUANO;VIII REGION;CL;Muscat;Waleska;;Pasaje 8  126;;;;TALCAHUANO;VIII REGION;CL;23990;0;198;0;24188;0;CLP
000000519418;23292897701-A;31/01/2025 00:58:46;Reembolsado;16490;198;16688;3298;0.0000;13192;1;PANTALÓN MUJER NICOPOLY CELESTE PIERNA ANCHA;MPM10001856342-3;N04017KL-5;31/01/2025 00:58:47;5d_Retiro Tienda Ripley El Trébol;Muscat;Waleska;;"Avenida Jorge Alessandri 3177 ";" 3er Piso. Modulo Retiro en Tienda";;;TALCAHUANO;VIII REGION;CL;Muscat;Waleska;;Pasaje 8  126;;;;TALCAHUANO;VIII REGION;CL;16490;0;198;0;16688;0;CLP
000000519418;23295073301-A;01/02/2025 00:08:32;Reembolsado;14990;990;15980;2998;0.0000;11992;1;VESTIDO MUJER NICOPOLY AMARILLO CORTE IMPERIO;MPM10001878088-3;N04114FL-5;01/02/2025 00:08:33;5d_Retiro Tienda Ripley Rancagua;Lopez;Fernanda;;"José Domingo Mujica 490 ";" 3er Piso. Modulo Retiro en Tienda";;;RANCAGUA;VI REGION;CL;Cid;Elias;;central 1107, recreo 1107;;;;RANCAGUA;VI REGION;CL;14990;0;990;0;15980;0;CLP
000000519418;23295765301-A;01/02/2025 13:10:18;Reembolsado;39990;990;40980;7998;0.0000;31992;1;VESTIDO CORTO SIN MANGAS ROJO NICOPOLY;MPM10002122137-3;N05258DS;01/02/2025 13:10:19;5d_Retiro Tienda Ripley Talca;Flores;Francisca;;"8 Oriente 1212 ";" 2do Piso. Modulo Retiro en Tienda";;;TALCA;VII REGION;CL;Flores;Francisca;;Avenida Punta Nogales 1323;;;;TALCA;VII REGION;CL;39990;0;990;0;40980;0;CLP
000000519418;23296629201-A;01/02/2025 19:27:07;Reembolsado;25990;330;26320;5198;0.0000;20792;1;VESTIDO MUJER NICOPOLY NEGRO STRAPLESS Y ESCOTE V;MPM10001856352-1;N05011BL;01/02/2025 19:27:08;5d_Retiro Tienda Ripley Rancagua;Cliente;Jeannette;;"José Domingo Mujica 490 ";" 3er Piso. Modulo Retiro en Tienda";;;RANCAGUA;VI REGION;CL;Cliente;Jeannette;;Galilea, pasaje anzio 1936;;;;RANCAGUA;VI REGION;CL;25990;0;330;0;26320;0;CLP
000000519418;23296629201-A;01/02/2025 19:27:07;Reembolsado;25990;330;26320;5198;0.0000;20792;1;VESTIDO MUJER NICOPOLY NEGRO STRAPLESS Y ESCOTE V;MPM10001856352-4;N05011BM;01/02/2025 19:27:08;5d_Retiro Tienda Ripley Rancagua;Cliente;Jeannette;;"José Domingo Mujica 490 ";" 3er Piso. Modulo Retiro en Tienda";;;RANCAGUA;VI REGION;CL;Cliente;Jeannette;;Galilea, pasaje anzio 1936;;;;RANCAGUA;VI REGION;CL;25990;0;330;0;26320;0;CLP
000000519418;23296801301-A;01/02/2025 20:46:11;Reembolsado;20990;495;21485;4198;0.0000;16792;1;PANTALÓN MUJER NICOPOLY CELESTE TIRO ALTO BÁSICO;MPM10001752484-3;N10373CL-5;01/02/2025 20:46:12;5d_Retiro Tienda Ripley Valparaíso;Peña;Nadia;;"Plaza Victoria 1646 ";" 4to Piso. Servicio al Cliente";;;VALPARAISO;V REGION;CL;Antiguay;Paula;;detective barahona 450;;;;VALPARAISO;V REGION;CL;20990;0;495;0;21485;0;CLP
000000519418;23296801301-A;01/02/2025 20:46:11;Reembolsado;22490;495;22985;4498;0.0000;17992;1;ENTERITO MUJER NICOPOLY VERDE OLIVA LAZO Y HEBILLA;MPM10001849448-4;N04058ML-5;01/02/2025 20:46:12;5d_Retiro Tienda Ripley Valparaíso;Peña;Nadia;;"Plaza Victoria 1646 ";" 4to Piso. Servicio al Cliente";;;VALPARAISO;V REGION;CL;Antiguay;Paula;;detective barahona 450;;;;VALPARAISO;V REGION;CL;22490;0;495;0;22985;0;CLP
000000519418;23296962401-A;01/02/2025 22:06:49;Reembolsado;13990;990;14980;2798;0.0000;11192;1;SHORT MUJER NICOPOLY CREMA HOLGADO;MPM10001878071-1;N05078AM;01/02/2025 22:06:50;4d_Retiro Tienda Ripley Costanera Center;Westermeyer;Romanet;;"Avenida Andrés Bello 2422 ";" 1er Piso. Modulo Retiro en Tienda";;;PROVIDENCIA;REG.METROPOLITANA;CL;Westermeyer;Romanet;;ricardo lyon 1767;;;;PROVIDENCIA;REG.METROPOLITANA;CL;13990;0;990;0;14980;0;CLP
000000519418;23297375301-A;02/02/2025 02:24:38;Reembolsado;18990;395;19385;3798;0.0000;15192;1;PANTALÓN MUJER NICOPOLY BURDEO RECTO COSTURA FRONTAL;MPM10001713143-4;N04301DM-5;02/02/2025 02:24:40;Flujo Crossdock- Ripley PAQ;Amunategui;Vernica;;marco polo 421;S/N;;;VALPARAISO;V REGION;CL;Amunategui;Vernica;;marco polo 421;;;;VALPARAISO;V REGION;CL;18990;0;395;0;19385;0;CLP
000000519418;23297375301-A;02/02/2025 02:24:38;Reembolsado;15990;395;16385;3198;0.0000;12792;1;PANTALÓN MUJER NICOPOLY ROSADO TIRO ALTO JASPEADO;MPM10001849483-1;N05022HM;02/02/2025 02:24:40;Flujo Crossdock- Ripley PAQ;Amunategui;Vernica;;marco polo 421;S/N;;;VALPARAISO;V REGION;CL;Amunategui;Vernica;;marco polo 421;;;;VALPARAISO;V REGION;CL;15990;0;395;0;16385;0;CLP
000000519418;23297375301-A;02/02/2025 02:24:38;Reembolsado;31990;395;32385;6398;0.0000;25592;1;VESTIDO MUJER NICOPOLY ROJO PLISADO ASIMÉTRICO;MPM10001849452-2;N05100DM;02/02/2025 02:24:40;Flujo Crossdock- Ripley PAQ;Amunategui;Vernica;;marco polo 421;S/N;;;VALPARAISO;V REGION;CL;Amunategui;Vernica;;marco polo 421;;;;VALPARAISO;V REGION;CL;31990;0;395;0;32385;0;CLP
000000519418;23297375301-A;02/02/2025 02:24:38;Reembolsado;13990;395;14385;2798;0.0000;11192;1;VESTIDO CORTO MUJER NICOPOLY BLANCO ABERTURAS MANGAS;MPM10001849478-1;N02336AM-5;02/02/2025 02:24:40;Flujo Crossdock- Ripley PAQ;Amunategui;Vernica;;marco polo 421;S/N;;;VALPARAISO;V REGION;CL;Amunategui;Vernica;;marco polo 421;;;;VALPARAISO;V REGION;CL;13990;0;395;0;14385;0;CLP
000000519418;23297375301-A;02/02/2025 02:24:38;Reembolsado;18990;395;19385;3798;0.0000;15192;1;PANTALÓN MUJER NICOPOLY AZUL ACERO CON COSTURAS FRONTALES RECTO;MPM10001448885-2;N04301CM;02/02/2025 02:24:40;Flujo Crossdock- Ripley PAQ;Amunategui;Vernica;;marco polo 421;S/N;;;VALPARAISO;V REGION;CL;Amunategui;Vernica;;marco polo 421;;;;VALPARAISO;V REGION;CL;18990;0;395;0;19385;0;CLP
000000519418;23300393001-A;03/02/2025 12:29:13;Reembolsado;15990;990;16980;3198;0.0000;12792;1;PANTALÓN MUJER NICOPOLY BLANCO TIRO ALTO JASPEADO;MPM10001849485-2;N05022AM;03/02/2025 12:29:14;5d_Retiro Tienda Ripley El Trébol;Bravo;Javiera;;"Avenida Jorge Alessandri 3177 ";" 3er Piso. Modulo Retiro en Tienda";;;TALCAHUANO;VIII REGION;CL;Bravo;Javiera;;Av torreones oeste condominio asturias concepcion 1986;;;;TALCAHUANO;VIII REGION;CL;15990;0;990;0;16980;0;CLP
000000519418;23301848801-A;03/02/2025 21:24:16;Reembolsado;13990;990;14980;2798;0.0000;11192;1;CROP TOP ESPALDA ELASTICADA MAGENTA NICOPOLY;MPM10001503477-3;N10368ZXL-4;03/02/2025 21:24:17;5d_Retiro Tienda Ripley Mall Concepción;Garces;Maricelli;;"Barros Arana 1068, Concepcion ";" 3er Piso. Modulo Retiro en Tienda";;;CONCEPCION;VIII REGION;CL;Garces;Maricelli;;San Pablo 116;;;;CONCEPCION;VIII REGION;CL;13990;0;990;0;14980;0;CLP
000000519418;23302207201-A;03/02/2025 23:18:08;Reembolsado;22990;990;23980;4598;0.0000;18392;1;PANTALÓN MUJER NICOPOLY BLANCO MEZCLA LINO;MPM10001878082-3;N05020AL;03/02/2025 23:18:09;4d_Retiro Tienda Ripley Plaza Vespucio;Piña;Silvia;;"Av. Vicuña Mackenna Ote. 7110, La Florida ";3er Piso. Modulo Retiro en Tienda;;;LA FLORIDA;REG.METROPOLITANA;CL;Piña;Silvia;;El tamarix 3483;;;;LA FLORIDA;REG.METROPOLITANA;CL;22990;0;990;0;23980;0;CLP
000000519418;23302339701-A;03/02/2025 23:57:27;Reembolsado;44990;3845;48835;8998;0.0000;35992;1;BLAZER DE TOPE BOTONES DECORATIVOS MORADO NICOPOLY;MPM10002122188-3;N05301ZL;03/02/2025 23:57:28;Flujo Crossdock- Ripley PAQ;Rios;Yennifer;;Baquedano 770;S/N;;;LOS ANGELES;VIII REGION;CL;Rios;Yennifer;;Baquedano 770;;;;LOS ANGELES;VIII REGION;CL;44990;0;3845;0;48835;0;CLP
000000519418;23302339701-A;03/02/2025 23:57:27;Reembolsado;44990;3845;48835;8998;0.0000;35992;1;BLAZER DE TOPE BOTONES DECORATIVOS MORADO NICOPOLY;MPM10002122188-4;N05301ZXL;03/02/2025 23:57:28;Flujo Crossdock- Ripley PAQ;Rios;Yennifer;;Baquedano 770;S/N;;;LOS ANGELES;VIII REGION;CL;Rios;Yennifer;;Baquedano 770;;;;LOS ANGELES;VIII REGION;CL;44990;0;3845;0;48835;0;CLP
000000519418;23302355001-A;04/02/2025 00:01:32;Reembolsado;18990;990;19980;3798;0.0000;15192;1;VESTIDO MUJER NICOPOLY NEGRO HOLGADO CON BRILLOS;MPM10001878074-2;N05077BM;04/02/2025 00:01:33;4d_Retiro Tienda Ripley Parque Arauco;Correa;Isabel Margarita;;"Avenida Kennedy 5413 ";4to Piso. Modulo Retiro en Tienda;;;LAS CONDES;REG.METROPOLITANA;CL;Correa;Isabel Margarita;;Vaticano 3531;;;;LAS CONDES;REG.METROPOLITANA;CL;18990;0;990;0;19980;0;CLP
000000519418;23303039901-A;04/02/2025 12:06:21;Reembolsado;18990;495;19485;3798;0.0000;15192;1;PANTALÓN MUJER NICOPOLY BURDEO CON COSTURAS FRONTALES RECTO;MPM10001448882-4;N04301TL;04/02/2025 12:06:22;4d_Retiro Tienda Ripley Costanera Center;Vega;Rocio;;"Avenida Andrés Bello 2422 ";" 1er Piso. Modulo Retiro en Tienda";;;PROVIDENCIA;REG.METROPOLITANA;CL;Vega;Rocio;;El corcolen 3062;;;;PROVIDENCIA;REG.METROPOLITANA;CL;18990;0;495;0;19485;0;CLP
000000519418;23304264701-A;04/02/2025 20:02:42;Reembolsado;31990;990;32980;6398;0.0000;25592;1;ENTERITO MUJER NICOPOLY NEGRO ESCOTE V Y LAZO;MPM10001856357-3;N05010BS;04/02/2025 20:02:43;5d_Retiro Tienda Ripley Talca;Garcia;Denisse;;"8 Oriente 1212 ";" 2do Piso. Modulo Retiro en Tienda";;;TALCA;VII REGION;CL;Garcia;Denisse;;Jose valdebenito  vll aires del maipo 3402;;;;TALCA;VII REGION;CL;31990;0;990;0;32980;0;CLP
000000519418;23305879401-A;05/02/2025 13:07:40;Reembolsado;29990;3990;33980;5998;0.0000;23992;1;BLAZER CON SOLAPA BLANCO NICOPOLY;MPM10001849469-4;N05062AM;05/02/2025 13:07:41;Flujo Same day BX;Pino;Salome;;Pasaje Los Milagros 716 A;S/N;;;MAIPU;REG.METROPOLITANA;CL;Pino;Salome;;Pasaje Los Milagros 716 A;;;;MAIPU;REG.METROPOLITANA;CL;29990;0;3990;0;33980;0;CLP
000000519418;23306819601-A;05/02/2025 19:10:29;Reembolsado;31990;990;32980;6398;0.0000;25592;1;VESTIDO MUJER NICOPOLY ROJO PLISADO ASIMÉTRICO;MPM10001849452-3;N05100DS;05/02/2025 19:10:30;4d_Retiro Tienda Ripley Plaza Egaña;Rivera;Daniela;;"Larrain 5800 ";" 3er Piso. Modulo Retiro en Tienda";;;NUNOA;REG.METROPOLITANA;CL;Rivera;Daniela;;Av salvador 2111;;;;NUNOA;REG.METROPOLITANA;CL;31990;0;990;0;32980;0;CLP
000000519418;23306834401-A;05/02/2025 19:20:42;Reembolsado;25990;990;26980;5198;0.0000;20792;1;VESTIDO MUJER NICOPOLY ROJO STRAPLESS Y ESCOTE V;MPM10001856332-2;N05011DS;05/02/2025 19:20:44;5d_Retiro Tienda Ripley Rancagua;Perdomo;"Daniel ";;"José Domingo Mujica 490 ";" 3er Piso. Modulo Retiro en Tienda";;;RANCAGUA;VI REGION;CL;"Palacios ";Carla;;Av Espana 445;;;;RANCAGUA;VI REGION;CL;25990;0;990;0;26980;0;CLP
000000519418;23308078801-A;06/02/2025 11:06:04;Reembolsado;15990;495;16485;3198;0.0000;12792;1;PANTALÓN MUJER NICOPOLY ROSADO TIRO ALTO JASPEADO;MPM10001849483-3;N05022HS;06/02/2025 11:06:06;14d_Retiro Tienda Ripley Arica;Flores;Romina;;"Av. Diego Portales 640, Arica ";2do Piso. Modulo Retiro en Tienda;;;ARICA;XV REGION;CL;Flores;Romina;;Amador Neghme  828;;;;ARICA;XV REGION;CL;15990;0;495;0;16485;0;CLP
000000519418;23308078801-A;06/02/2025 11:06:04;Reembolsado;9990;495;10485;1998;0.0000;7992;1;CROP TOP JASPEADO ROSADO NICOPOLY;MPM10001849456-1;N05021HS;06/02/2025 11:06:06;14d_Retiro Tienda Ripley Arica;Flores;Romina;;"Av. Diego Portales 640, Arica ";2do Piso. Modulo Retiro en Tienda;;;ARICA;XV REGION;CL;Flores;Romina;;Amador Neghme  828;;;;ARICA;XV REGION;CL;9990;0;495;0;10485;0;CLP
000000519418;23308371101-A;06/02/2025 13:05:01;Reembolsado;22990;990;23980;4598;0.0000;18392;1;VESTIDO CORTO MUJER NICOPOLY NEGRO TULIPÁN;MPM10001878058-2;N04064BM-5;06/02/2025 13:05:02;5d_Retiro Tienda Ripley Quilpué;Cliente;Kimico Esther;;"Claudio Vicuña 992, Quilpue ";" 3er Piso. Modulo Retiro en Tienda";;;QUILPUE;V REGION;CL;Cliente;Kimico Esther;;Los álamos 815;;;;QUILPUE;V REGION;CL;22990;0;990;0;23980;0;CLP
000000519418;23308510101-A;06/02/2025 13:59:25;Reembolsado;15990;990;16980;3198;0.0000;12792;1;PANTALÓN MUJER NICOPOLY BLANCO TIRO ALTO JASPEADO;MPM10001849485-2;N05022AM;06/02/2025 13:59:26;10d_Retiro Tienda Ripley Portal Temuco;Cortes;Patricia;;"Avenida Alemania 0671 ";3er Piso, Modulo Retiro en Tienda;;;TEMUCO;IX REGION;CL;Cortes;Patricia;;Los Poetas 0480;;;;TEMUCO;IX REGION;CL;15990;0;990;0;16980;0;CLP
000000519418;23309658802-A;06/02/2025 21:44:34;Reembolsado;20990;1840;22830;4198;0.0000;16792;1;PANTALÓN MUJER NICOPOLY CELESTE TIRO ALTO BÁSICO;MPM10001752484-3;N10373CL-5;06/02/2025 21:44:36;Flujo Crossdock- Ripley PAQ;Zumelzu;Katherine;;Martinez de Rozas 1048;S/N;;;CURACAVI;REG.METROPOLITANA;CL;Zumelzu;Katherine;;Martinez de Rozas 1048;;;;CURACAVI;REG.METROPOLITANA;CL;20990;0;1840;0;22830;0;CLP
000000519418;23311881201-A;07/02/2025 22:10:10;Reembolsado;17990;1996;19986;3598;0.0000;14392;1;PANTALÓN MUJER NICOPOLY BLANCO TIPO SATÍN;MPM10001916754-3;N05018AM;07/02/2025 22:10:11;Flujo Crossdock- Ripley PAQ;Vidal;Silvana;;avenida del solar 21;21;;;TALCA;VII REGION;CL;Vidal;Silvana;;avenida del solar 21;;;;TALCA;VII REGION;CL;17990;0;1996;0;19986;0;CLP
000000519418;23311881201-A;07/02/2025 22:10:10;Reembolsado;20990;1996;22986;4198;0.0000;16792;1;PANTALÓN MUJER NICOPOLY ROJO TIRO ALTO BÁSICO;MPM10001752474-2;N10373DM-5;07/02/2025 22:10:11;Flujo Crossdock- Ripley PAQ;Vidal;Silvana;;avenida del solar 21;21;;;TALCA;VII REGION;CL;Vidal;Silvana;;avenida del solar 21;;;;TALCA;VII REGION;CL;20990;0;1996;0;22986;0;CLP
000000519418;23312610001-A;08/02/2025 12:54:36;Reembolsado;20990;990;21980;4198;0.0000;16792;1;PANTALÓN MUJER NICOPOLY CELESTE TIRO ALTO BÁSICO;MPM10001752484-3;N10373CL-5;08/02/2025 12:54:37;4d_Retiro Tienda Ripley Costanera Center;Cliente;Viviana;;"Avenida Andrés Bello 2422 ";" 1er Piso. Modulo Retiro en Tienda";;;PROVIDENCIA;REG.METROPOLITANA;CL;Cliente;Viviana;;Diagonal Vicuña Mackenna 2004;;;;PROVIDENCIA;REG.METROPOLITANA;CL;20990;0;990;0;21980;0;CLP
000000519418;23313133601-A;08/02/2025 17:26:38;Reembolsado;20990;990;21980;4198;0.0000;16792;1;PANTALÓN MUJER NICOPOLY AZUL GRISÁCEO PRETINA ANCHA;MPM10001848635-3;N05081CXL;08/02/2025 17:26:39;5d_Retiro Tienda Ripley Curicó;"Inostroza Correa ";Olivia;;"Av.OHiggins 201 ";" 2do Piso. Servicio al Cliente";;;CURICO;VII REGION;CL;"Inostroza Correa ";Olivia;;Avenida Fermin Vivaceta 1702;;;;CURICO;VII REGION;CL;20990;0;990;0;21980;0;CLP
000000519418;23313784201-A;08/02/2025 23:27:43;Reembolsado;9990;990;10980;1998;0.0000;7992;1;CROP ENCAJE BLANCO NICOPOLY;MPM10001916725-1;N04032AM-5;08/02/2025 23:27:45;5d_Retiro Tienda Ripley Viña del Mar Sucre;Gallardo;Lorena;;"Sucre 290, Viña ";5to Piso. Modulo Retiro en Tienda;;;VI.A DEL MA;V REGION;CL;Gallardo;Lorena;;Manuel Villagra 837;;;;VI.A DEL MA;V REGION;CL;9990;0;990;0;10980;0;CLP
000000519418;23315919801-A;10/02/2025 01:38:03;Reembolsado;22490;990;23480;4498;0.0000;17992;1;ENTERITO MUJER NICOPOLY VERDE OLIVA LAZO Y HEBILLA;MPM10001849448-2;N04058MXL-5;10/02/2025 01:38:04;10d_Retiro Tienda Ripley Portal Temuco;Marin;Valeria;;"Avenida Alemania 0671 ";3er Piso, Modulo Retiro en Tienda;;;TEMUCO;IX REGION;CL;Marin;Valeria;;Torrijos 02105;;;;TEMUCO;IX REGION;CL;22490;0;990;0;23480;0;CLP
000000519418;23316662301-A;10/02/2025 14:05:21;Reembolsado;24990;990;25980;4998;0.0000;19992;1;PANTALÓN MUJER NICOPOLY CELESTE PINZAS TIRO ALTO;MPM10001752461-3;N04120KL-5;10/02/2025 14:05:22;5d_Retiro Tienda Ripley El Trébol;Martnez;Paulina;;"Avenida Jorge Alessandri 3177 ";" 3er Piso. Modulo Retiro en Tienda";;;TALCAHUANO;VIII REGION;CL;Martnez;Paulina;;Guillermo Holley 15;;;;TALCAHUANO;VIII REGION;CL;24990;0;990;0;25980;0;CLP
000000519418;23318222401-A;11/02/2025 00:10:08;Reembolsado;39990;990;40980;7998;0.0000;31992;1;VESTIDO CORTO SIN MANGAS NEGRO NICOPOLY;MPM10002122165-3;N05258BL;11/02/2025 00:10:09;4d_Retiro Tienda Ripley Plaza Egaña;Sanmartin;Paola;;"Larrain 5800 ";" 3er Piso. Modulo Retiro en Tienda";;;NUNOA;REG.METROPOLITANA;CL;Sanmartin;Paola;;Los aliagas 557;;;;NUNOA;REG.METROPOLITANA;CL;39990;0;990;0;40980;0;CLP
000000519418;23320836401-A;12/02/2025 08:41:51;Reembolsado;15990;124;16114;3198;0.0000;12792;1;PANTALÓN MUJER NICOPOLY BLANCO TIRO ALTO JASPEADO;MPM10001849485-2;N05022AM;12/02/2025 08:41:53;4d_Retiro Tienda Ripley Huechuraba;Dee;"Matias ";;"Av. Americo Vespucio Norte 1737 ";" 2do Piso. Modulo Retiro en Tienda";;;HUECHURABA;REG.METROPOLITANA;CL;Herrera;Carolina;;Río Baker  1034;;;;HUECHURABA;REG.METROPOLITANA;CL;15990;0;124;0;16114;0;CLP
000000519418;23320836401-A;12/02/2025 08:41:51;Reembolsado;20990;124;21114;4198;0.0000;16792;1;PANTALÓN MUJER NICOPOLY BLANCO TIRO ALTO BÁSICO;MPM10001752475-1;N10373AL-5;12/02/2025 08:41:53;4d_Retiro Tienda Ripley Huechuraba;Dee;"Matias ";;"Av. Americo Vespucio Norte 1737 ";" 2do Piso. Modulo Retiro en Tienda";;;HUECHURABA;REG.METROPOLITANA;CL;Herrera;Carolina;;Río Baker  1034;;;;HUECHURABA;REG.METROPOLITANA;CL;20990;0;124;0;21114;0;CLP
000000519418;23320836401-A;12/02/2025 08:41:51;Reembolsado;9990;124;10114;1998;0.0000;7992;1;CROP TOP JASPEADO BLANCO NICOPOLY;MPM10001849445-3;N05021AM;12/02/2025 08:41:53;4d_Retiro Tienda Ripley Huechuraba;Dee;"Matias ";;"Av. Americo Vespucio Norte 1737 ";" 2do Piso. Modulo Retiro en Tienda";;;HUECHURABA;REG.METROPOLITANA;CL;Herrera;Carolina;;Río Baker  1034;;;;HUECHURABA;REG.METROPOLITANA;CL;9990;0;124;0;10114;0;CLP
000000519418;23320836401-A;12/02/2025 08:41:51;Reembolsado;9990;124;10114;1998;0.0000;7992;1;CROP TOP JASPEADO BLANCO NICOPOLY;MPM10001849445-1;N05021AL;12/02/2025 08:41:53;4d_Retiro Tienda Ripley Huechuraba;Dee;"Matias ";;"Av. Americo Vespucio Norte 1737 ";" 2do Piso. Modulo Retiro en Tienda";;;HUECHURABA;REG.METROPOLITANA;CL;Herrera;Carolina;;Río Baker  1034;;;;HUECHURABA;REG.METROPOLITANA;CL;9990;0;124;0;10114;0;CLP
000000519418;23320836401-A;12/02/2025 08:41:51;Reembolsado;26990;124;27114;5398;0.0000;21592;1;PANTALÓN MUJER NICOPOLY BLANCO PIERNA ANCHA;MPM10001856323-1;N04017AM-5;12/02/2025 08:41:53;4d_Retiro Tienda Ripley Huechuraba;Dee;"Matias ";;"Av. Americo Vespucio Norte 1737 ";" 2do Piso. Modulo Retiro en Tienda";;;HUECHURABA;REG.METROPOLITANA;CL;Herrera;Carolina;;Río Baker  1034;;;;HUECHURABA;REG.METROPOLITANA;CL;26990;0;124;0;27114;0;CLP
000000519418;23322162602-A;12/02/2025 19:03:00;Reembolsado;15990;495;16485;3198;0.0000;12792;1;PANTALÓN MUJER NICOPOLY CELESTE TIRO ALTO JASPEADO;MPM10001849482-2;N05022KL;12/02/2025 19:03:01;5d_Retiro Tienda Ripley Chillán;Hermosilla;"Maritza ";;"5 de Abril 699 ";4to Piso. Centro de atención al Cliente;;;CHILLAN;VIII REGION;CL;Hermosilla;"Maritza ";;Flores Millan 1342;;;;CHILLAN;VIII REGION;CL;15990;0;495;0;16485;0;CLP
000000519418;23324264301-A;13/02/2025 17:39:35;Reembolsado;20990;990;21980;4198;0.0000;16792;1;PANTALÓN MUJER NICOPOLY ROJO TIRO ALTO BÁSICO;MPM10001752474-2;N10373DM-5;13/02/2025 17:39:36;4d_Retiro Tienda Ripley Plaza Egaña;Jara;Vanessa;;"Larrain 5800 ";" 3er Piso. Modulo Retiro en Tienda";;;NUNOA;REG.METROPOLITANA;CL;Jara;Vanessa;;Caicura 8618;;;;NUNOA;REG.METROPOLITANA;CL;20990;0;990;0;21980;0;CLP
000000519418;23325468001-A;14/02/2025 10:26:13;Reembolsado;31990;495;32485;6398;0.0000;25592;1;VESTIDO MUJER NICOPOLY AZUL PLISADO ASIMÉTRICO REY;MPM10001849453-3;N05100CS;14/02/2025 10:26:14;8d_Retiro Tienda Ripley Castellón;Ramrez;Solange;;"Castellon 520, Concepcion ";6to Piso. Servicio al Cliente;;;CONCEPCION;VIII REGION;CL;Ramrez;Solange;;AVENIDA laguna Grande 800;;;;CONCEPCION;VIII REGION;CL;31990;0;495;0;32485;0;CLP
000000519418;23325468001-A;14/02/2025 10:26:13;Reembolsado;31990;495;32485;6398;0.0000;25592;1;VESTIDO MUJER NICOPOLY AZUL PLISADO ASIMÉTRICO REY;MPM10001849453-2;N05100CM;14/02/2025 10:26:14;8d_Retiro Tienda Ripley Castellón;Ramrez;Solange;;"Castellon 520, Concepcion ";6to Piso. Servicio al Cliente;;;CONCEPCION;VIII REGION;CL;Ramrez;Solange;;AVENIDA laguna Grande 800;;;;CONCEPCION;VIII REGION;CL;31990;0;495;0;32485;0;CLP
000000519418;23328595501-A;16/02/2025 10:45:39;Reembolsado;20990;990;21980;4198;0.0000;16792;1;PANTALÓN MUJER NICOPOLY ROJO TIRO ALTO BÁSICO;MPM10001752474-2;N10373DM-5;16/02/2025 10:45:41;5d_Retiro Tienda Ripley Mall Concepción;Cuevas Leal;Tatiana;;"Barros Arana 1068, Concepcion ";" 3er Piso. Modulo Retiro en Tienda";;;CONCEPCION;VIII REGION;CL;Cuevas Leal;Tatiana;;Pedro de Valdivia  611;;;;CONCEPCION;VIII REGION;CL;20990;0;990;0;21980;0;CLP
000000519418;23329743801-A;16/02/2025 21:26:23;Reembolsado;12490;330;12820;2498;0.0000;9992;1;CALZA MUJER NICOPOLY CAFÉ LISA CON CIERRE;MPM10001465390-1;N04295RM;16/02/2025 21:26:24;5d_Retiro Tienda Ripley Talca;Jaque;Grace;;"8 Oriente 1212 ";" 2do Piso. Modulo Retiro en Tienda";;;TALCA;VII REGION;CL;Jaque;Grace;;Semillero  00;;;;TALCA;VII REGION;CL;12490;0;330;0;12820;0;CLP
000000519418;23329743801-A;16/02/2025 21:26:23;Reembolsado;20990;330;21320;4198;0.0000;16792;1;PANTALÓN MUJER NICOPOLY KHAKI TIRO ALTO BÁSICO;MPM10001752467-4;N10373LM-5;16/02/2025 21:26:24;5d_Retiro Tienda Ripley Talca;Jaque;Grace;;"8 Oriente 1212 ";" 2do Piso. Modulo Retiro en Tienda";;;TALCA;VII REGION;CL;Jaque;Grace;;Semillero  00;;;;TALCA;VII REGION;CL;20990;0;330;0;21320;0;CLP
000000519418;23331835801-A;17/02/2025 21:37:05;Reembolsado;15990;990;16980;3198;0.0000;12792;1;PANTALÓN MUJER NICOPOLY BLANCO TIRO ALTO JASPEADO;MPM10001849485-2;N05022AM;17/02/2025 21:37:06;5d_Retiro Tienda Ripley Talca;Verdugo;Lorena;;"8 Oriente 1212 ";" 2do Piso. Modulo Retiro en Tienda";;;TALCA;VII REGION;CL;Verdugo;Lorena;;Villa doña antonia san javier 604;;;;TALCA;VII REGION;CL;15990;0;990;0;16980;0;CLP
000000519418;23332687002-A;18/02/2025 11:54:59;Reembolsado;14990;990;15980;2998;0.0000;11992;1;VESTIDO TAJO Y VUELO CELESTE NICOPOLY;MPM00066161664-5;N02306KS;18/02/2025 11:55:01;4d_Retiro Tienda Ripley Plaza Oeste;Manzo;Andrea Beatriz;;"Américo Vespucio 1501 ";" 3er Piso. Modulo Retiro en Tienda";;;CERRILLOS;REG.METROPOLITANA;CL;Manzo;Andrea Beatriz;;Cerro altar  1910;;;;CERRILLOS;REG.METROPOLITANA;CL;14990;0;990;0;15980;0;CLP
000000519418;23333771301-A;18/02/2025 20:25:45;Reembolsado;20990;3990;24980;4198;0.0000;16792;1;VESTIDO ASIMÉTRICO MUJER NICOPOLY CELESTE;MPM10001878070-1;N05086KM;18/02/2025 20:25:46;Flujo Same day BX;Naveas;Loreto;;SIERRA ESMERALDA 3967;CASA;;;PE.ALOLEN;REG.METROPOLITANA;CL;Naveas;Loreto;;SIERRA ESMERALDA 3967;;;;PE.ALOLEN;REG.METROPOLITANA;CL;20990;0;3990;0;24980;0;CLP
000000519418;23333922201-A;18/02/2025 21:38:52;Reembolsado;23990;990;24980;4798;0.0000;19192;1;PANTALÓN MUJER NICOPOLY BURDEO PINZAS RECTO;MPM10001497453-4;N04298TL;18/02/2025 21:38:53;5d_Retiro Tienda Ripley Valparaíso;Leiva;"Marcela ";;"Plaza Victoria 1646 ";" 4to Piso. Servicio al Cliente";;;VALPARAISO;V REGION;CL;Leiva;"Marcela ";;Del Maitén  10;;;;VALPARAISO;V REGION;CL;23990;0;990;0;24980;0;CLP
000000519418;23334362901-A;19/02/2025 01:03:51;Reembolsado;15990;990;16980;3198;0.0000;12792;1;PANTALÓN MUJER NICOPOLY BLANCO TIRO ALTO JASPEADO;MPM10001849485-1;N05022AS;19/02/2025 01:03:53;4d_Retiro Tienda Ripley Costanera Center;Varas;Constanza;;"Avenida Andrés Bello 2422 ";" 1er Piso. Modulo Retiro en Tienda";;;PROVIDENCIA;REG.METROPOLITANA;CL;Varas;Constanza;;Briones luco 0198;;;;PROVIDENCIA;REG.METROPOLITANA;CL;15990;0;990;0;16980;0;CLP
000000519418;23334779901-A;19/02/2025 11:57:17;Reembolsado;26490;3990;30480;5298;0.0000;21192;1;BLAZER BOLSILLOS Y BOTÓN ROJO NICOPOLY;MPM10001752521-3;N04260DM-5;19/02/2025 11:57:18;Flujo Same day BX;Delgado;Irene;;LOS ALMENDROS  6897;S/N;;;PE.ALOLEN;REG.METROPOLITANA;CL;Delgado;Irene;;LOS ALMENDROS  6897;;;;PE.ALOLEN;REG.METROPOLITANA;CL;26490;0;3990;0;30480;0;CLP
000000519418;23336691001-A;20/02/2025 11:02:50;Reembolsado;15990;495;16485;3198;0.0000;12792;1;PANTALÓN MUJER NICOPOLY ROSADO TIRO ALTO JASPEADO;MPM10001849483-2;N05022HL;20/02/2025 11:02:51;4d_Retiro Tienda Ripley Arauco Maipu;Frigerio;Marjorie;;"Av. Americo Vespucio 399 ";" 2do Piso. Modulo Retiro en Tienda";;;MAIPU;REG.METROPOLITANA;CL;Frigerio;Marjorie;;Las torres 0285;;;;MAIPU;REG.METROPOLITANA;CL;15990;0;495;0;16485;0;CLP
000000519418;23336691001-A;20/02/2025 11:02:50;Reembolsado;9990;495;10485;1998;0.0000;7992;1;CROP TOP JASPEADO ROSADO NICOPOLY;MPM10001849456-3;N05021HL;20/02/2025 11:02:51;4d_Retiro Tienda Ripley Arauco Maipu;Frigerio;Marjorie;;"Av. Americo Vespucio 399 ";" 2do Piso. Modulo Retiro en Tienda";;;MAIPU;REG.METROPOLITANA;CL;Frigerio;Marjorie;;Las torres 0285;;;;MAIPU;REG.METROPOLITANA;CL;9990;0;495;0;10485;0;CLP
000000519418;23338277301-A;20/02/2025 22:08:44;Reembolsado;26490;990;27480;5298;0.0000;21192;1;BLAZER BOLSILLOS Y BOTÓN ROJO NICOPOLY;MPM10001752521-3;N04260DM-5;20/02/2025 22:08:45;10d_Retiro Tienda Ripley Portal Temuco;Silva;Cesar;;"Avenida Alemania 0671 ";3er Piso, Modulo Retiro en Tienda;;;TEMUCO;IX REGION;CL;Silva;Cesar;;18 septiembre 340;;;;TEMUCO;IX REGION;CL;26490;0;990;0;27480;0;CLP
000000519418;23339220701-A;21/02/2025 12:32:22;Reembolsado;18990;1596;20586;3798;0.0000;15192;1;VESTIDO MUJER NICOPOLY BEIGE HOLGADO CON BRILLOS KHAKI;MPM10001878065-2;N05077LM;21/02/2025 12:32:24;Flujo Same day BX;Rubio Gaspar;Ingrid Yoseany;;orense 3341;S/N;;;MAIPU;REG.METROPOLITANA;CL;Rubio Gaspar;Ingrid Yoseany;;orense 3341;;;;MAIPU;REG.METROPOLITANA;CL;18990;0;1596;0;20586;0;CLP
000000519418;23339774202-A;21/02/2025 16:58:38;Reembolsado;22490;5990;28480;4498;0.0000;17992;1;ENTERITO MUJER NICOPOLY VERDE OLIVA LAZO Y HEBILLA;MPM10001849448-2;N04058MXL-5;21/02/2025 16:58:39;Flujo Crossdock- Ripley PAQ;Lorca;Mally Paz;;3 norte  676;20;;;VI.A DEL MA;V REGION;CL;Lorca;Mally Paz;;3 norte  676;;;;VI.A DEL MA;V REGION;CL;22490;0;5990;0;28480;0;CLP
000000519418;23341636701-A;22/02/2025 18:00:21;Reembolsado;20990;990;21980;4198;0.0000;16792;1;PANTALÓN MUJER NICOPOLY KHAKI TIRO ALTO BÁSICO;MPM10001752467-1;N10373LS-5;22/02/2025 18:00:22;5d_Retiro Tienda Ripley Quilpué;Martínez Narváez;María José;;"Claudio Vicuña 992, Quilpue ";" 3er Piso. Modulo Retiro en Tienda";;;QUILPUE;V REGION;CL;Martínez Narváez;María José;;Pasaje La Grieta 1060;;;;QUILPUE;V REGION;CL;20990;0;990;0;21980;0;CLP
000000519418;23342660001-A;23/02/2025 12:04:00;Reembolsado;32980;990;33970;6596;0.0000;26384;2;PANTALÓN MUJER NICOPOLY KHAKI PIERNA ANCHA;MPM10001856322-4;N04017LM-5;23/02/2025 12:04:01;5d_Retiro Tienda Ripley Marina Arauco;Saez Espindola;Andrea;;"Avenida Libertad 1348 ";" Piso 4. Modulo Retiro en Tienda";;;VI.A DEL MA;V REGION;CL;Saez Espindola;Andrea;;Artigas 217;;;;VI.A DEL MA;V REGION;CL;32980;0;990;0;33970;0;CLP
000000519418;23343114901-A;23/02/2025 15:46:20;Reembolsado;18990;990;19980;3798;0.0000;15192;1;VESTIDO MUJER NICOPOLY CELESTE ESCOTE V PROFUNDO;MPM10001919208-1;N05103KS;23/02/2025 15:46:22;5d_Retiro Tienda Ripley Talca;"Ferrada ";"Paulina ";;"8 Oriente 1212 ";" 2do Piso. Modulo Retiro en Tienda";;;TALCA;VII REGION;CL;"Ferrada ";"Paulina ";;ralco 881;;;;TALCA;VII REGION;CL;18990;0;990;0;19980;0;CLP
000000519418;23345157801-A;24/02/2025 11:31:31;Reembolsado;18990;990;19980;3798;0.0000;15192;1;VESTIDO MUJER NICOPOLY CELESTE ESCOTE V PROFUNDO;MPM10001919208-1;N05103KS;24/02/2025 11:31:33;4d_Retiro Tienda Ripley Plaza Vespucio;Padilla;Marta;;"Av. Vicuña Mackenna Ote. 7110, La Florida ";3er Piso. Modulo Retiro en Tienda;;;LA FLORIDA;REG.METROPOLITANA;CL;Padilla;Marta;;Capellán Florencio Infante  3010;;;;LA FLORIDA;REG.METROPOLITANA;CL;18990;0;990;0;19980;0;CLP
000000519418;23346117301-A;24/02/2025 17:34:44;Reembolsado;12990;990;13980;2598;0.0000;10392;1;VESTIDO ESCOTE V FLORES VERDE NICOPOLY;MPM10000705702-3;N04141EM;24/02/2025 17:34:45;4d_Retiro Tienda Ripley Costanera Center;Castro;Alicia;;"Avenida Andrés Bello 2422 ";" 1er Piso. Modulo Retiro en Tienda";;;PROVIDENCIA;REG.METROPOLITANA;CL;Castro;Alicia;;Nueva uno Poniente 2268;;;;PROVIDENCIA;REG.METROPOLITANA;CL;12990;0;990;0;13980;0;CLP
000000519418;23346573901-A;24/02/2025 20:36:54;Reembolsado;12990;495;13485;2598;0.0000;10392;1;VESTIDO ESCOTE V FLORES VERDE NICOPOLY;MPM10000705702-4;N04141ES;24/02/2025 20:36:55;4d_Retiro Tienda Ripley Parque Arauco;Cepeda;Anglica;;"Avenida Kennedy 5413 ";4to Piso. Modulo Retiro en Tienda;;;LAS CONDES;REG.METROPOLITANA;CL;Cepeda;Anglica;;texas 1122;;;;LAS CONDES;REG.METROPOLITANA;CL;12990;0;495;0;13485;0;CLP
000000519418;23346573901-A;24/02/2025 20:36:54;Reembolsado;14990;495;15485;2998;0.0000;11992;1;VESTIDO CORTO MUJER NICOPOLY CELESTE CUELLO HALTER;MPM10001878060-1;N04063KM-5;24/02/2025 20:36:55;4d_Retiro Tienda Ripley Parque Arauco;Cepeda;Anglica;;"Avenida Kennedy 5413 ";4to Piso. Modulo Retiro en Tienda;;;LAS CONDES;REG.METROPOLITANA;CL;Cepeda;Anglica;;texas 1122;;;;LAS CONDES;REG.METROPOLITANA;CL;14990;0;495;0;15485;0;CLP
000000519418;23346881401-A;24/02/2025 22:41:14;Reembolsado;16990;990;17980;3398;0.0000;13592;1;VESTIDO MUJER NICOPOLY NEGRO HALTER LAZO DECORATIVO;MPM10001465227-1;N04267BS;24/02/2025 22:41:15;4d_Retiro Tienda Ripley Crillon;Arratia;Valentina;;"Agustinas #1025 ";Piso -1. Modulo Retiro en Tienda;;;SANTIAGO;REG.METROPOLITANA;CL;Arratia;Valentina;;El belloto 879;;;;SANTIAGO;REG.METROPOLITANA;CL;16990;0;990;0;17980;0;CLP
000000519418;23348695801-A;26/02/2025 08:58:54;Reembolsado;15990;990;16980;3198;0.0000;12792;1;PANTALÓN MUJER NICOPOLY ROSADO TIRO ALTO JASPEADO;MPM10001849483-1;N05022HM;26/02/2025 08:58:56;5d_Retiro Tienda Ripley El Trébol;Inostroza;Javiera;;"Avenida Jorge Alessandri 3177 ";" 3er Piso. Modulo Retiro en Tienda";;;TALCAHUANO;VIII REGION;CL;Inostroza;Javiera;;Democracia 891;;;;TALCAHUANO;VIII REGION;CL;15990;0;990;0;16980;0;CLP
000000519418;23350582201-A;26/02/2025 21:31:35;Reembolsado;26490;3990;30480;5298;0.0000;21192;1;ENTERITO MUJER NICOPOLY ROJO CON ENCAJE;MPM10001849447-3;N05040DM;26/02/2025 21:31:37;Flujo Same day BX;Torres;Priscila;;AV EL PERAL 07078;"CONDOMINIO TERRAZAS ";;;PUENTE ALTO;REG.METROPOLITANA;CL;Torres;Priscila;;AV EL PERAL 07078;;;;PUENTE ALTO;REG.METROPOLITANA;CL;26490;0;3990;0;30480;0;CLP
000000519418;23351050501-A;27/02/2025 00:03:34;Reembolsado;15990;3990;19980;3198;0.0000;12792;1;CÁRDIGAN PUNTO FINO CADENETAS NEGRO NICOPOLY;MPM10001465232-2;N04254BL;27/02/2025 00:03:35;Flujo Same day BX;Varas;Cyntia;;Rio baker 5192 pte alto 5192;Casa;;;PUENTE ALTO;REG.METROPOLITANA;CL;Varas;Cyntia;;Rio baker 5192 pte alto 5192;;;;PUENTE ALTO;REG.METROPOLITANA;CL;15990;0;3990;0;19980;0;CLP
000000519418;23351283801-A;27/02/2025 02:43:22;Reembolsado;24990;990;25980;4998;0.0000;19992;1;CÁRDIGAN FLORES 3D NEGRO NICOPOLY;MPM10001735009-2;N04316BM-5;27/02/2025 02:43:24;5d_Retiro Tienda Ripley La Calera;Aceiton Saldivar;Yovanka;;"JJ Perez 90, La Calera ";" 2do Piso. Modulo Retiro en Tienda";;;CALERA;V REGION;CL;Aceiton Saldivar;Yovanka;;Condominio los carrera encinos 3 3;;;;CALERA;V REGION;CL;24990;0;990;0;25980;0;CLP
000000519418;23354638101-A;28/02/2025 13:21:46;Reembolsado;31990;6990;38980;6398;0.0000;25592;1;GILET TEJIDO HILO BLANCO NICOPOLY;MPM10002146561-2;N05264AL;28/02/2025 13:21:47;Flujo Crossdock- Ripley PAQ;Alfaro Saavedra;"Valentina ";;Francisco javier krugger  2500;138;;;BUIN;REG.METROPOLITANA;CL;Alfaro Saavedra;"Valentina ";;Francisco javier krugger  2500;;;;BUIN;REG.METROPOLITANA;CL;31990;0;6990;0;38980;0;CLP
000000519418;23355588001-A;28/02/2025 19:08:08;Reembolsado;15990;2195;18185;3198;0.0000;12792;1;PANTALÓN MUJER NICOPOLY CELESTE TIRO ALTO JASPEADO;MPM10001849482-2;N05022KL;28/02/2025 19:08:10;Flujo Same day BX;Barceló;Alexandra;;Camino La Fuente 2155;S/N;;;LAS CONDES;REG.METROPOLITANA;CL;Barceló;Alexandra;;Camino La Fuente 2155;;;;LAS CONDES;REG.METROPOLITANA;CL;15990;0;2195;0;18185;0;CLP
000000519418;23355588001-A;28/02/2025 19:08:08;Reembolsado;9990;2195;12185;1998;0.0000;7992;1;CROP TOP JASPEADO CELESTE NICOPOLY;MPM10001849443-2;N05021KL;28/02/2025 19:08:10;Flujo Same day BX;Barceló;Alexandra;;Camino La Fuente 2155;S/N;;;LAS CONDES;REG.METROPOLITANA;CL;Barceló;Alexandra;;Camino La Fuente 2155;;;;LAS CONDES;REG.METROPOLITANA;CL;9990;0;2195;0;12185;0;CLP
000000519418;23356020601-A;28/02/2025 21:41:13;Reembolsado;15990;990;16980;3198;0.0000;12792;1;PANTALÓN MUJER NICOPOLY BLANCO TIRO ALTO JASPEADO;MPM10001849485-1;N05022AS;28/02/2025 21:41:15;11d_Retiro Tienda Ripley Temuco;Marinao;Pamela;;"Arturo Prat 656, Temuco ";2do Piso. Modulo Retiro en Tienda;;;TEMUCO;IX REGION;CL;Marinao;Pamela;;Avenida hacienda santa maria  0740;;;;TEMUCO;IX REGION;CL;15990;0;990;0;16980;0;CLP
000000519418;23356405101-A;28/02/2025 23:37:40;Reembolsado;31990;990;32980;6398;0.0000;25592;1;GILET TEJIDO HILO NEGRO NICOPOLY;MPM10002146553-1;N05264BM;28/02/2025 23:37:41;4d_Retiro Tienda Ripley Tobalaba;Yaez;Camila;;"Av. Camilo Henríquez 3296, Puente Alto ";2do Piso. Modulo Retiro en Tienda;;;PUENTE ALTO;REG.METROPOLITANA;CL;Yaez;Camila;;san francisco 2077 2077;;;;PUENTE ALTO;REG.METROPOLITANA;CL;31990;0;990;0;32980;0;CLP
000000519418;23356907701-A;01/03/2025 09:59:31;Reembolsado;16490;990;17480;3298;0.0000;13192;1;PANTALÓN MUJER NICOPOLY ROJO PIERNA ANCHA;MPM10001856324-3;N04017DM-5;01/03/2025 09:59:33;5d_Retiro Tienda Ripley Valparaíso;Salas;Karen;;"Plaza Victoria 1646 ";" 4to Piso. Servicio al Cliente";;;VALPARAISO;V REGION;CL;Salas;Karen;;Rodelillo 5840;;;;VALPARAISO;V REGION;CL;16490;0;990;0;17480;0;CLP
000000519418;23357007101-A;01/03/2025 11:05:21;Reembolsado;25990;0;25990;5198;0.0000;20792;1;FULFILLMENT-GILET BÁSICO 4 BOTONES VERDE OSCURO NICOPOLY;MPM10002146374-1;N05262EL-FF;01/03/2025 11:05:23;FF_MATRIX;Rivas;Pamela;;Enrique Soro  1271;casa;;;SP D LA PAZ;VIII REGION;CL;Rivas;Pamela;;Enrique Soro  1271;;;;SP D LA PAZ;VIII REGION;CL;25990;0;0;0;25990;0;CLP
000000519418;23358244001-A;01/03/2025 18:55:31;Reembolsado;16990;495;17485;3398;0.0000;13592;1;VESTIDO MUJER NICOPOLY NEGRO HALTER LAZO DECORATIVO;MPM10001465227-1;N04267BS;01/03/2025 18:55:32;5d_Retiro Tienda Ripley Mall Concepción;Morales;"Joaquin ";;"Barros Arana 1068, Concepcion ";" 3er Piso. Modulo Retiro en Tienda";;;CONCEPCION;VIII REGION;CL;Morales;Javiera;;Atenas 4263;;;;CONCEPCION;VIII REGION;CL;16990;0;495;0;17485;0;CLP
000000519418;23358244001-A;01/03/2025 18:55:31;Reembolsado;16990;495;17485;3398;0.0000;13592;1;VESTIDO MUJER NICOPOLY NEGRO HALTER LAZO DECORATIVO;MPM10001465227-2;N04267BM;01/03/2025 18:55:32;5d_Retiro Tienda Ripley Mall Concepción;Morales;"Joaquin ";;"Barros Arana 1068, Concepcion ";" 3er Piso. Modulo Retiro en Tienda";;;CONCEPCION;VIII REGION;CL;Morales;Javiera;;Atenas 4263;;;;CONCEPCION;VIII REGION;CL;16990;0;495;0;17485;0;CLP
000000519418;23359977901-A;02/03/2025 14:27:44;Reembolsado;24990;3990;28980;4998;0.0000;19992;1;SHORT BÁSICO TIRO ALTO BURDEO NICOPOLY;MPM10002122155-3;N05260TL;02/03/2025 14:27:45;Flujo Same day BX;Inostroza;Ivonne;;Torres del paine norte  8971;S/N;;;PE.ALOLEN;REG.METROPOLITANA;CL;Inostroza;Ivonne;;Torres del paine norte  8971;;;;PE.ALOLEN;REG.METROPOLITANA;CL;24990;0;3990;0;28980;0;CLP
000000519418;23361291701-A;02/03/2025 21:35:21;Reembolsado;24990;990;25980;4998;0.0000;19992;1;CÁRDIGAN FLORES 3D NEGRO NICOPOLY;MPM10001735009-1;N04316BS-5;02/03/2025 21:35:22;5d_Retiro Tienda Ripley Valparaíso;Araneda;Angelica;;"Plaza Victoria 1646 ";" 4to Piso. Servicio al Cliente";;;VALPARAISO;V REGION;CL;Araneda;Angelica;;Amunategui 2500;;;;VALPARAISO;V REGION;CL;24990;0;990;0;25980;0;CLP
000000519418;23361791301-A;02/03/2025 23:48:58;Reembolsado;12490;3990;16480;2498;0.0000;9992;1;CALZA MUJER NICOPOLY CAFÉ LISA CON CIERRE;MPM10001465390-1;N04295RM;02/03/2025 23:48:59;Flujo Same day BX;Bustos;Paola;;Brown Norte 788;210;;;NUNOA;REG.METROPOLITANA;CL;Bustos;Paola;;Brown Norte 788;;;;NUNOA;REG.METROPOLITANA;CL;12490;0;3990;0;16480;0;CLP
000000519418;23362096401-A;03/03/2025 05:54:37;Reembolsado;14990;990;15980;2998;0.0000;11992;1;BODY ESCOTE ENCAJE BLANCO NICOPOLY;MPM10001878089-2;N02151AS-5;03/03/2025 05:54:40;4d_Retiro Tienda Ripley Florida Center;"Sanchez Muñoz ";Pedro;;"Vicuña Mackenna Oriente 6100, La Florida ";3er Piso. Modulo Retiro en Tienda;;;LA FLORIDA;REG.METROPOLITANA;CL;"Santander ";Rosa;;Pasaje caleta chica 01155;;;;LA FLORIDA;REG.METROPOLITANA;CL;14990;0;990;0;15980;0;CLP
000000519418;23370877201-A;06/03/2025 15:31:19;Reembolsado;31990;3295;35285;6398;0.0000;25592;1;VESTIDO MUJER NICOPOLY AZUL PLISADO ASIMÉTRICO REY;MPM10001849453-3;N05100CS;06/03/2025 15:31:21;Flujo Crossdock- Ripley PAQ;Jofr Avalos;Vania Andrea;;Madrid 353, Belloto 353;16;;;QUILPUE;V REGION;CL;Jofr Avalos;Vania Andrea;;Madrid 353, Belloto 353;;;;QUILPUE;V REGION;CL;31990;0;3295;0;35285;0;CLP
000000519418;23371171101-A;06/03/2025 17:16:56;Reembolsado;24490;990;25480;4898;0.0000;19592;1;PANTALÓN MUJER NICOPOLY KHAKI DE VESTIR RAYAS;MPM10001491771-3;N04307LM;06/03/2025 17:16:58;4d_Retiro Tienda Ripley Arauco Maipu;Mella;Maria Luisa;;"Av. Americo Vespucio 399 ";" 2do Piso. Modulo Retiro en Tienda";;;MAIPU;REG.METROPOLITANA;CL;Mella;Maria Luisa;;El huerto 3482;;;;MAIPU;REG.METROPOLITANA;CL;24490;0;990;0;25480;0;CLP
000000519418;23372468801-A;07/03/2025 09:10:04;Reembolsado;14990;990;15980;2998;0.0000;11992;1;VESTIDO MUJER NICOPOLY NEGRO HOLGADO CON MANGAS CALADAS;MPM10001919205-2;N05120BM;07/03/2025 09:10:05;4d_Retiro Tienda Ripley Huechuraba;Correa Escanilla;Karen;;"Av. Americo Vespucio Norte 1737 ";" 2do Piso. Modulo Retiro en Tienda";;;HUECHURABA;REG.METROPOLITANA;CL;Correa Escanilla;Karen;;Alberto Undurraga 2063 2063;;;;HUECHURABA;REG.METROPOLITANA;CL;14990;0;990;0;15980;0;CLP
000000519418;23373159501-A;07/03/2025 15:28:35;Reembolsado;14990;990;15980;2998;0.0000;11992;1;VESTIDO CORTO MUJER NICOPOLY ROSADO CUELLO HALTER;MPM10001878077-1;N04063HM-5;07/03/2025 15:28:37;10d_Retiro Tienda Ripley San Fernando;Muoz;Luisa;;"Bernardo Ohiggins 701 ";" 3er Piso. Modulo Retiro en Tienda";;;SAN FERNANDO;VI REGION;CL;Muoz;Luisa;;José Albano y Pereira 562;;;;SAN FERNANDO;VI REGION;CL;14990;0;990;0;15980;0;CLP
000000519418;23374291001-A;07/03/2025 23:56:40;Reembolsado;20990;990;21980;4198;0.0000;16792;1;PANTALÓN MUJER NICOPOLY ROJO TIRO ALTO BÁSICO;MPM10001752474-2;N10373DM-5;07/03/2025 23:56:41;4d_Retiro Tienda Ripley Crillon;Zuniga Lopez;Patricia;;"Agustinas #1025 ";Piso -1. Modulo Retiro en Tienda;;;SANTIAGO;REG.METROPOLITANA;CL;Zuniga Lopez;Patricia;;Bellavista  165;;;;SANTIAGO;REG.METROPOLITANA;CL;20990;0;990;0;21980;0;CLP
000000519418;23375394901-A;08/03/2025 17:29:39;Reembolsado;20990;495;21485;4198;0.0000;16792;1;PANTALÓN MUJER NICOPOLY BLANCO TIRO ALTO BÁSICO;MPM10001752475-1;N10373AL-5;08/03/2025 17:29:40;5d_Retiro Tienda Ripley Viña del Mar Sucre;Cliente;"Constanza ";;"Sucre 290, Viña ";5to Piso. Modulo Retiro en Tienda;;;VI.A DEL MA;V REGION;CL;Cliente;"Constanza ";;Avenida Gómez Carreño 4065;;;;VI.A DEL MA;V REGION;CL;20990;0;495;0;21485;0;CLP
000000519418;23375394901-A;08/03/2025 17:29:39;Reembolsado;18990;495;19485;3798;0.0000;15192;1;PANTALÓN MUJER NICOPOLY CELESTE RECTO COSTURA FRONTAL;MPM10001829347-1;N04301KM-5;08/03/2025 17:29:40;5d_Retiro Tienda Ripley Viña del Mar Sucre;Cliente;"Constanza ";;"Sucre 290, Viña ";5to Piso. Modulo Retiro en Tienda;;;VI.A DEL MA;V REGION;CL;Cliente;"Constanza ";;Avenida Gómez Carreño 4065;;;;VI.A DEL MA;V REGION;CL;18990;0;495;0;19485;0;CLP
000000519418;23376390501-A;09/03/2025 04:43:31;Reembolsado;31990;990;32980;6398;0.0000;25592;1;BLAZER BOLSILLOS CON SOLAPAS AZUL MEDIO NICOPOLY;MPM10001437599-2;N04260KM;09/03/2025 04:43:35;4d_Retiro Tienda Ripley Huechuraba;Gaete;Veronica;;"Av. Americo Vespucio Norte 1737 ";" 2do Piso. Modulo Retiro en Tienda";;;HUECHURABA;REG.METROPOLITANA;CL;Gaete;Veronica;;santa elena de huechuraba 1398;;;;HUECHURABA;REG.METROPOLITANA;CL;31990;0;990;0;32980;0;CLP
000000519418;23376623301-A;09/03/2025 11:46:41;Reembolsado;36990;44;37034;7398;0.0000;29592;1;PANTALÓN BÁSICO PIERNA ANCHA BEIGE NICOPOLY;MPM10002128944-3;N05203AM;09/03/2025 11:46:43;Flujo Same day BX;Sepulveda;Constanza;;Grecia 3348;421 B;;;NUNOA;REG.METROPOLITANA;CL;Sepulveda;Constanza;;Grecia 3348;;;;NUNOA;REG.METROPOLITANA;CL;36990;0;44;0;37034;0;CLP
000000519418;23378966101-A;10/03/2025 11:37:03;Reembolsado;15990;0;15990;3198;0.0000;12792;1;PANTALÓN MUJER NICOPOLY BLANCO TIRO ALTO JASPEADO;MPM10001849485-1;N05022AS;10/03/2025 11:37:04;5d_Retiro Tienda Ripley Los Ángeles;Campos;Daniela;;"Valdivia 440, Los Angeles ";" 3er Piso. Servicio al Cliente";;;LOS ANGELES;VIII REGION;CL;Campos;Daniela;;Santiago  904;;;;LOS ANGELES;VIII REGION;CL;15990;0;0;0;15990;0;CLP
000000519418;23379024302-A;10/03/2025 11:59:43;Reembolsado;15990;990;16980;3198;0.0000;12792;1;PANTALÓN MUJER NICOPOLY CELESTE TIRO ALTO JASPEADO;MPM10001849482-2;N05022KL;10/03/2025 11:59:44;4d_Retiro Tienda Ripley San Bernardo;"Rodrguez ";"Yuli ";;"Av. Pdte. Jorge Alessandri Rodríguez 20040, San Bernardo ";2do Piso. Modulo Retiro en Tienda;;;SN.BERNARDO;REG.METROPOLITANA;CL;"Rodrguez ";"Yuli ";;Transversal sur,camino cerrillo 5;;;;SN.BERNARDO;REG.METROPOLITANA;CL;15990;0;990;0;16980;0;CLP
000000519418;23380889801-A;10/03/2025 23:55:25;Reembolsado;22990;330;23320;4598;0.0000;18392;1;ENTERITO MUJER NICOPOLY VERDE OLIVA LAZO Y HEBILLA;MPM10001849448-3;N04058MM-5;10/03/2025 23:55:26;4d_Retiro Tienda Ripley Los Dominicos;Leighton;Alexandra;;"Padre Hurtado Sur 875 ";1er Piso. Servicio al Cliente;;;LAS CONDES;REG.METROPOLITANA;CL;Leighton;Alexandra;;Tiziano 56;;;;LAS CONDES;REG.METROPOLITANA;CL;22990;0;330;0;23320;0;CLP
000000519418;23380889801-A;10/03/2025 23:55:25;Reembolsado;15990;330;16320;3198;0.0000;12792;1;PANTALÓN MUJER NICOPOLY ROSADO TIRO ALTO JASPEADO;MPM10001849483-1;N05022HM;10/03/2025 23:55:26;4d_Retiro Tienda Ripley Los Dominicos;Leighton;Alexandra;;"Padre Hurtado Sur 875 ";1er Piso. Servicio al Cliente;;;LAS CONDES;REG.METROPOLITANA;CL;Leighton;Alexandra;;Tiziano 56;;;;LAS CONDES;REG.METROPOLITANA;CL;15990;0;330;0;16320;0;CLP
000000519418;23380889801-A;10/03/2025 23:55:25;Reembolsado;15990;330;16320;3198;0.0000;12792;1;PANTALÓN MUJER NICOPOLY CELESTE TIRO ALTO JASPEADO;MPM10001849482-1;N05022KM;10/03/2025 23:55:26;4d_Retiro Tienda Ripley Los Dominicos;Leighton;Alexandra;;"Padre Hurtado Sur 875 ";1er Piso. Servicio al Cliente;;;LAS CONDES;REG.METROPOLITANA;CL;Leighton;Alexandra;;Tiziano 56;;;;LAS CONDES;REG.METROPOLITANA;CL;15990;0;330;0;16320;0;CLP
000000519418;23383212901-A;11/03/2025 23:46:00;Reembolsado;18990;990;19980;3798;0.0000;15192;1;PANTALÓN MUJER NICOPOLY NEGRO RECTO COSTURA FRONTAL;MPM10001713171-3;N04301BS-5;11/03/2025 23:46:02;4d_Retiro Tienda Ripley Puente;"Berrios ";"Fernanda ";;"21 de Mayo 698 ";4to Piso. Modulo Retiro en Tienda;;;SANTIAGO;REG.METROPOLITANA;CL;"Berrios ";"Fernanda ";;Avenida Independencia 4123;;;;SANTIAGO;REG.METROPOLITANA;CL;18990;0;990;0;19980;0;CLP
000000519418;23384290901-A;12/03/2025 14:57:32;Reembolsado;25990;0;25990;5198;0.0000;20792;1;FULFILLMENT-GILET BÁSICO 4 BOTONES NEGRO NICOPOLY;MPM10002146380-2;N05262BL-FF;12/03/2025 14:57:34;FF_MATRIX;Gacitua;Camila;;San Francisco 526;615;;;SANTIAGO;REG.METROPOLITANA;CL;Gacitua;Camila;;San Francisco 526;;;;SANTIAGO;REG.METROPOLITANA;CL;25990;0;0;0;25990;0;CLP
000000519418;23384780201-A;12/03/2025 18:16:31;Reembolsado;31990;990;32980;6398;0.0000;25592;1;VESTIDO MUJER NICOPOLY AZUL PLISADO ASIMÉTRICO REY;MPM10001849453-3;N05100CS;12/03/2025 18:16:33;4d_Retiro Tienda Ripley Huechuraba;"Prieto ";Pablo;;"Av. Americo Vespucio Norte 1737 ";" 2do Piso. Modulo Retiro en Tienda";;;HUECHURABA;REG.METROPOLITANA;CL;Castelblanco;Alejandra;;El ceibo  Santa Cecilia Colina 151-A;;;;HUECHURABA;REG.METROPOLITANA;CL;31990;0;990;0;32980;0;CLP
000000519418;23384998001-A;12/03/2025 20:07:27;Reembolsado;20990;990;21980;4198;0.0000;16792;1;PANTALÓN MUJER NICOPOLY KHAKI TIRO ALTO BÁSICO;MPM10001752467-4;N10373LM-5;12/03/2025 20:07:28;11d_Retiro Tienda Ripley Temuco;"Sepulveda ";"Patricia ";;"Arturo Prat 656, Temuco ";2do Piso. Modulo Retiro en Tienda;;;TEMUCO;IX REGION;CL;Bustos;Maria;;Bulnes 123;;;;TEMUCO;IX REGION;CL;20990;0;990;0;21980;0;CLP
000000519418;23385784601-A;13/03/2025 08:25:38;Reembolsado;16990;990;17980;3398;0.0000;13592;1;SWEATER DETALLE PUNTO CALADO GRIS NICOPOLY;MPM10001465181-3;N04229NL;13/03/2025 08:25:39;10d_Retiro Tienda Ripley Pto. Montt Costanera;Barrientos Guenchur;Yorka Viviana;;"Juan Soler Manfredini 10 ";" 6to Piso. Modulo Retiro en Tienda";;;PTO.MONTT;X REGION;CL;Barrientos Guenchur;Yorka Viviana;;Pasaje lepihue  5137;;;;PTO.MONTT;X REGION;CL;16990;0;990;0;17980;0;CLP
000000519418;23387126201-A;13/03/2025 19:50:11;Reembolsado;20990;990;21980;3778;0.0000;17212;1;PANTALÓN MUJER NICOPOLY CELESTE TIRO ALTO BÁSICO;MPM10001752484-1;N10373CM-5;13/03/2025 19:50:12;4d_Retiro Tienda Ripley Florida Center;Valdez;Gabriela;;"Vicuña Mackenna Oriente 6100, La Florida ";3er Piso. Modulo Retiro en Tienda;;;LA FLORIDA;REG.METROPOLITANA;CL;Valdez;Gabriela;;Alonso de ercilla 8624 8624;;;;LA FLORIDA;REG.METROPOLITANA;CL;20990;0;990;0;21980;0;CLP
000000519418;23390997801-A;15/03/2025 19:36:38;Reembolsado;31990;990;32980;5758;0.0000;26232;1;GILET TEJIDO HILO BURDEO NICOPOLY;MPM10002146552-3;N05264TM;15/03/2025 19:36:39;4d_Retiro Tienda Ripley Florida Center;"Moyano ";"Ana ";;"Vicuña Mackenna Oriente 6100, La Florida ";3er Piso. Modulo Retiro en Tienda;;;LA FLORIDA;REG.METROPOLITANA;CL;Opazo;Sergio;;Pasaje 14 1109;;;;LA FLORIDA;REG.METROPOLITANA;CL;31990;0;990;0;32980;0;CLP
000000519418;23391621901-A;16/03/2025 01:46:19;Reembolsado;25090;0;25090;4516;0.0000;20574;1;BLUSA BOLSILLOS CARGO KHAKI NICOPOLY;MPM10001916755-3;N05072LM;16/03/2025 01:46:21;14d_Retiro Tienda Ripley Arica;Salgado;"Paulina ";;"Av. Diego Portales 640, Arica ";2do Piso. Modulo Retiro en Tienda;;;ARICA;XV REGION;CL;Salgado;"Paulina ";;Onix  2387;;;;ARICA;XV REGION;CL;25090;0;0;0;25090;0;CLP
000000519418;23392262001-A;16/03/2025 14:40:57;Reembolsado;11590;990;12580;2086;0.0000;9504;1;SWEATER PELUDO RECOGIDO LATERAL LILA NICOPOLY;MPM10001465198-3;N04173ZM;16/03/2025 14:40:59;18d_Retiro Tienda Ripley Punta Arenas;Asencio;Deysi;;"Avda. E Frei Montalva 01110 Local 194 ";" 2do Piso. Servicio al Cliente";;;PTA.ARENAS;XII REGION;CL;Asencio;Deysi;;cerro paine  0725;;;;PTA.ARENAS;XII REGION;CL;11590;0;990;0;12580;0;CLP
000000519418;23393332201-A;16/03/2025 22:05:13;Reembolsado;28690;990;29680;5164;0.0000;23526;1;ENTERITO MUJER NICOPOLY NEGRO ESCOTE V Y LAZO;MPM10001856357-3;N05010BS;16/03/2025 22:05:15;4d_Retiro Tienda Ripley Plaza Vespucio;Soto;Jimena;;"Av. Vicuña Mackenna Ote. 7110, La Florida ";3er Piso. Modulo Retiro en Tienda;;;LA FLORIDA;REG.METROPOLITANA;CL;Leone;Roberto;;Las torcazas 474;;;;LA FLORIDA;REG.METROPOLITANA;CL;28690;0;990;0;29680;0;CLP
000000519418;23397942101-A;19/03/2025 08:53:12;Reembolsado;35980;330;36310;6476;0.0000;29504;2;VESTIDO MUJER NICOPOLY ROJO DE PUNTO TRENZADO;MPM10001465221-3;N04188DM;19/03/2025 08:53:14;5d_Retiro Tienda Ripley Chillán;Llanos;Marilyn Alejandra;;"5 de Abril 699 ";4to Piso. Centro de atención al Cliente;;;CHILLAN;VIII REGION;CL;Llanos;Marilyn Alejandra;;placilla 399;;;;CHILLAN;VIII REGION;CL;35980;0;330;0;36310;0;CLP
000000519418;23398146402-A;19/03/2025 11:21:54;Reembolsado;14290;990;15280;2572;0.0000;11718;1;PANTALÓN MUJER NICOPOLY CELESTE TIRO ALTO JASPEADO;MPM10001849482-1;N05022KM;19/03/2025 11:21:57;4d_Retiro Tienda Ripley Plaza Egaña;Alvarado;Nicole;;"Larrain 5800 ";" 3er Piso. Modulo Retiro en Tienda";;;NUNOA;REG.METROPOLITANA;CL;Alvarado;Nicole;;san juan bosco  4841;;;;NUNOA;REG.METROPOLITANA;CL;14290;0;990;0;15280;0;CLP
000000519418;23399129201-A;19/03/2025 20:45:09;Reembolsado;49990;3845;53835;8998;0.0000;40992;1;CHAQUETA CUELLO MAO NEGRO NICOPOLY;MPM10002617347-1;N02106BL-6;19/03/2025 20:45:10;Flujo Crossdock- Ripley PAQ;Meza;"Mara ";;Ignacio carrera pinto la copa Colina 252;Casa;;;COLINA;REG.METROPOLITANA;CL;Meza;"Mara ";;Ignacio carrera pinto la copa Colina 252;;;;COLINA;REG.METROPOLITANA;CL;49990;0;3845;0;53835;0;CLP
000000519418;23399129201-A;19/03/2025 20:45:09;Reembolsado;32990;3845;36835;5938;0.0000;27052;1;CAMISA BÁSICA ALGODÓN BLANCO NICOPOLY;MPM10002128956-2;N05285AS;19/03/2025 20:45:10;Flujo Crossdock- Ripley PAQ;Meza;"Mara ";;Ignacio carrera pinto la copa Colina 252;Casa;;;COLINA;REG.METROPOLITANA;CL;Meza;"Mara ";;Ignacio carrera pinto la copa Colina 252;;;;COLINA;REG.METROPOLITANA;CL;32990;0;3845;0;36835;0;CLP
000000519418;23399549901-A;19/03/2025 23:59:49;Reembolsado;23290;8990;32280;4192;0.0000;19098;1;VESTIDO MUJER NICOPOLY BLANCO STRAPLESS Y ESCOTE V;MPM10001856335-1;N05011AXL;19/03/2025 23:59:51;Flujo Crossdock- Ripley PAQ;Guerrero;Alejandra;;Avda Juan Pablo II  vista cordillera  61;Casa;;;LOS ANDES;V REGION;CL;Guerrero;Alejandra;;Avda Juan Pablo II  vista cordillera  61;;;;LOS ANDES;V REGION;CL;23290;0;8990;0;32280;0;CLP
000000519418;23401103701-A;20/03/2025 23:07:14;Reembolsado;18990;0;18990;3418;0.0000;15572;1;PANTALÓN MUJER NICOPOLY BURDEO RECTO COSTURA FRONTAL;MPM10001713143-2;N04301DS-5;20/03/2025 23:07:15;5d_Retiro Tienda Ripley Valparaíso;Buzeta;Pablo;;"Plaza Victoria 1646 ";" 4to Piso. Servicio al Cliente";;;VALPARAISO;V REGION;CL;Olivares;Francisca;;Cardenal Samore  2171;;;;VALPARAISO;V REGION;CL;18990;0;0;0;18990;0;CLP
000000519418;23404425401-A;23/03/2025 11:51:37;Reembolsado;16990;248;17238;3058;0.0000;13932;1;VESTIDO CORTO MUJER NICOPOLY ROJO ABERTURAS MANGAS;MPM10001849479-3;N02336DS-5;23/03/2025 11:51:39;4d_Retiro Tienda Ripley Los Dominicos;Alberto;Silvana;;"Padre Hurtado Sur 875 ";1er Piso. Servicio al Cliente;;;LAS CONDES;REG.METROPOLITANA;CL;Alberto;Silvana;;Oscar castro 1335;;;;LAS CONDES;REG.METROPOLITANA;CL;16990;0;248;0;17238;0;CLP
000000519418;23404425401-A;23/03/2025 11:51:37;Reembolsado;16990;248;17238;3058;0.0000;13932;1;VESTIDO MUJER NICOPOLY NEGRO HALTER LAZO DECORATIVO;MPM10001465227-1;N04267BS;23/03/2025 11:51:39;4d_Retiro Tienda Ripley Los Dominicos;Alberto;Silvana;;"Padre Hurtado Sur 875 ";1er Piso. Servicio al Cliente;;;LAS CONDES;REG.METROPOLITANA;CL;Alberto;Silvana;;Oscar castro 1335;;;;LAS CONDES;REG.METROPOLITANA;CL;16990;0;248;0;17238;0;CLP
000000519418;23404425401-A;23/03/2025 11:51:37;Reembolsado;39990;248;40238;7198;0.0000;32792;1;VESTIDO CORTO SIN MANGAS ROJO NICOPOLY;MPM10002122137-3;N05258DS;23/03/2025 11:51:39;4d_Retiro Tienda Ripley Los Dominicos;Alberto;Silvana;;"Padre Hurtado Sur 875 ";1er Piso. Servicio al Cliente;;;LAS CONDES;REG.METROPOLITANA;CL;Alberto;Silvana;;Oscar castro 1335;;;;LAS CONDES;REG.METROPOLITANA;CL;39990;0;248;0;40238;0;CLP
000000519418;23404425401-A;23/03/2025 11:51:37;Reembolsado;39990;248;40238;7198;0.0000;32792;1;VESTIDO CORTO SIN MANGAS ROJO NICOPOLY;MPM10002122137-2;N05258DM;23/03/2025 11:51:39;4d_Retiro Tienda Ripley Los Dominicos;Alberto;Silvana;;"Padre Hurtado Sur 875 ";1er Piso. Servicio al Cliente;;;LAS CONDES;REG.METROPOLITANA;CL;Alberto;Silvana;;Oscar castro 1335;;;;LAS CONDES;REG.METROPOLITANA;CL;39990;0;248;0;40238;0;CLP
000000519418;23405053801-A;23/03/2025 18:14:55;Reembolsado;20590;990;21580;3706;0.0000;16884;1;ENTERITO MUJER NICOPOLY VERDE OLIVA LAZO Y HEBILLA;MPM10001849448-3;N04058MM-5;23/03/2025 18:14:56;5d_Retiro Tienda Ripley Rancagua;Quintanilla;Natalia;;"José Domingo Mujica 490 ";" 3er Piso. Modulo Retiro en Tienda";;;RANCAGUA;VI REGION;CL;Quintanilla;Natalia;;La Cruz 535;;;;RANCAGUA;VI REGION;CL;20590;0;990;0;21580;0;CLP
000000519418;23405397401-A;23/03/2025 21:24:05;Reembolsado;14290;990;15280;2572;0.0000;11718;1;PANTALÓN MUJER NICOPOLY CELESTE TIRO ALTO JASPEADO;MPM10001849482-1;N05022KM;23/03/2025 21:24:07;4d_Retiro Tienda Ripley Plaza Vespucio;Perez;Richard Eusebio;;"Av. Vicuña Mackenna Ote. 7110, La Florida ";3er Piso. Modulo Retiro en Tienda;;;LA FLORIDA;REG.METROPOLITANA;CL;Perez;Richard Eusebio;;Avenida Americo Vespucio 0875;;;;LA FLORIDA;REG.METROPOLITANA;CL;14290;0;990;0;15280;0;CLP
000000519418;23406112301-A;24/03/2025 11:26:02;Reembolsado;23290;990;24280;4192;0.0000;19098;1;VESTIDO MUJER NICOPOLY NEGRO STRAPLESS Y ESCOTE V;MPM10001856352-1;N05011BL;24/03/2025 11:26:03;4d_Retiro Tienda Ripley Los Dominicos;Collarte;Felipe;;"Padre Hurtado Sur 875 ";1er Piso. Servicio al Cliente;;;LAS CONDES;REG.METROPOLITANA;CL;Woldarsky;Satsha;;Félix De Amésti 963;;;;LAS CONDES;REG.METROPOLITANA;CL;23290;0;990;0;24280;0;CLP
000000519418;23406180202-A;24/03/2025 12:05:23;Cerrado;7990;990;8980;1438;0.0000;6552;1;CROP TOP ASIMÉTRICO RAYADO NICOPOLY;MPM10001916731-2;N05097AS;24/03/2025 12:05:24;4d_Retiro Tienda Ripley Plaza Egaña;"Fernndez ";Cindy;;"Larrain 5800 ";" 3er Piso. Modulo Retiro en Tienda";;;NUNOA;REG.METROPOLITANA;CL;"Fernndez ";Cindy;;Sucre 2455;;;;NUNOA;REG.METROPOLITANA;CL;7990;0;990;0;8980;0;CLP
000000519418;23407136301-A;24/03/2025 21:19:49;Reembolsado;49990;0;49990;8998;0.0000;40992;1;BLAZER CUELLO MAO MORADO NICOPOLY;MPM10002160537-1;N00156ZS-6;24/03/2025 21:19:51;14d_Retiro Tienda Ripley Arica;Ampuero;Melissa;;"Av. Diego Portales 640, Arica ";2do Piso. Modulo Retiro en Tienda;;;ARICA;XV REGION;CL;Ampuero;Melissa;;Pasaje Marquirave , villa las palmas3 53;;;;ARICA;XV REGION;CL;49990;0;0;0;49990;0;CLP
000000519418;23407319302-A;24/03/2025 22:36:34;Reembolsado;14290;0;14290;2572;0.0000;11718;1;PANTALÓN MUJER NICOPOLY CELESTE TIRO ALTO JASPEADO;MPM10001849482-1;N05022KM;24/03/2025 22:36:36;Flujo Crossdock- Ripley PAQ;Ramrez;Maria Constanza;;Pob Ignacio Carrera Pinto  6;S/N;;;HIJUELAS;V REGION;CL;Ramrez;Maria Constanza;;Pob Ignacio Carrera Pinto  6;;;;HIJUELAS;V REGION;CL;14290;0;0;0;14290;0;CLP
000000519418;23407697201-A;25/03/2025 09:20:32;Reembolsado;18990;990;19980;3418;0.0000;15572;1;PANTALÓN MUJER NICOPOLY BURDEO CON COSTURAS FRONTALES RECTO;MPM10001448882-3;N04301TM;25/03/2025 09:20:34;11d_Retiro Tienda Ripley Temuco;Hormazbal Cevas;"Catalina ";;"Arturo Prat 656, Temuco ";2do Piso. Modulo Retiro en Tienda;;;TEMUCO;IX REGION;CL;Hormazbal Cevas;"Catalina ";;José de San Martín 27;;;;TEMUCO;IX REGION;CL;18990;0;990;0;19980;0;CLP
000000519418;23408589702-A;25/03/2025 18:31:45;Cerrado;16090;990;17080;2896;0.0000;13194;1;VESTIDO MUJER NICOPOLY OXIDO TIPO TEJIDO HOLGADO FLECOS ÓXIDO;MPM10001492441-2;N04314US;25/03/2025 18:31:46;5d_Retiro Tienda Ripley Los Ángeles;"Gómez ";"Joaquín ";;"Valdivia 440, Los Angeles ";" 3er Piso. Servicio al Cliente";;;LOS ANGELES;VIII REGION;CL;Alarcon Retamal;"Mariela Elizabeth ";;Santa Fe Francisco Bilbao  39;;;;LOS ANGELES;VIII REGION;CL;16090;0;990;0;17080;0;CLP
000000519418;23409845801-A;26/03/2025 12:47:40;Reembolsado;49990;3990;53980;8998;0.0000;40992;1;BLAZER CUELLO MAO VERDE OSCURO NICOPOLY;MPM10002160487-3;N00156EM-6;26/03/2025 12:47:42;Flujo Crossdock- Ripley PAQ;Krger Arias;Maria Virginia;;CARLOS PEZOA VELIZ  11351;CASA;;;EL BOSQUE;REG.METROPOLITANA;CL;Krger Arias;Maria Virginia;;CARLOS PEZOA VELIZ  11351;;;;EL BOSQUE;REG.METROPOLITANA;CL;49990;0;3990;0;53980;0;CLP
000000519418;23410315001-A;26/03/2025 16:56:10;Reembolsado;14990;495;15485;2698;0.0000;12292;1;BODY ESCOTE ENCAJE BLANCO NICOPOLY;MPM10001878089-2;N02151AS-5;26/03/2025 16:56:12;5d_Retiro Tienda Ripley Chillán;Bravo;Barbara;;"5 de Abril 699 ";4to Piso. Centro de atención al Cliente;;;CHILLAN;VIII REGION;CL;Bravo;Barbara;;Alcazar 2265 2265;;;;CHILLAN;VIII REGION;CL;14990;0;495;0;15485;0;CLP
000000519418;23410315001-A;26/03/2025 16:56:10;Reembolsado;9990;495;10485;1798;0.0000;8192;1;CROP TOP JASPEADO BLANCO NICOPOLY;MPM10001849445-2;N05021AS;26/03/2025 16:56:12;5d_Retiro Tienda Ripley Chillán;Bravo;Barbara;;"5 de Abril 699 ";4to Piso. Centro de atención al Cliente;;;CHILLAN;VIII REGION;CL;Bravo;Barbara;;Alcazar 2265 2265;;;;CHILLAN;VIII REGION;CL;9990;0;495;0;10485;0;CLP
000000519418;23411162402-A;26/03/2025 23:27:11;Reembolsado;12990;0;12990;2338;0.0000;10652;1;SWEATER PELUDO RECOGIDO LATERAL ROSA NICOPOLY;MPM10001465173-1;N04173HL;26/03/2025 23:27:12;10d_Retiro Tienda Ripley Portal Temuco;"Millahual millabur ";"Mirna alejandra ";;"Avenida Alemania 0671 ";3er Piso, Modulo Retiro en Tienda;;;TEMUCO;IX REGION;CL;Antilao Catril;Marianela;;Pasaje angol 89;;;;TEMUCO;IX REGION;CL;12990;0;0;0;12990;0;CLP
000000519418;23411286101-A;27/03/2025 00:36:57;Reembolsado;21990;495;22485;3958;0.0000;18032;1;SWEATER MANGAS DETALLES PERLAS CAMEL NICOPOLY;MPM10002160499-3;N03095US-6;27/03/2025 00:36:59;4d_Retiro Tienda Ripley Arauco Maipu;Guarda;"Josefa ";;"Av. Americo Vespucio 399 ";" 2do Piso. Modulo Retiro en Tienda";;;MAIPU;REG.METROPOLITANA;CL;"Guzmn ";Maria;;Pasaje Leiden 1867;;;;MAIPU;REG.METROPOLITANA;CL;21990;0;495;0;22485;0;CLP
000000519418;23411286101-A;27/03/2025 00:36:57;Reembolsado;21990;495;22485;3958;0.0000;18032;1;SWEATER MANGAS DETALLES PERLAS NEGRO NICOPOLY;MPM10002160477-3;N03095BS-6;27/03/2025 00:36:59;4d_Retiro Tienda Ripley Arauco Maipu;Guarda;"Josefa ";;"Av. Americo Vespucio 399 ";" 2do Piso. Modulo Retiro en Tienda";;;MAIPU;REG.METROPOLITANA;CL;"Guzmn ";Maria;;Pasaje Leiden 1867;;;;MAIPU;REG.METROPOLITANA;CL;21990;0;495;0;22485;0;CLP
000000519418;23411674501-A;27/03/2025 10:46:25;Reembolsado;25990;990;26980;4678;0.0000;21312;1;GILET LEOPARDO CAFÉ NICOPOLY;MPM10002146560-2;N05304LM;27/03/2025 10:46:27;6d_Retiro Tienda Ripley Nueva Valdivia;OLIVA;MARIA;;"Arauco 561 ";" 3er Piso. Servicio al Cliente";;;VALDIVIA;XIV REGION;CL;OLIVA;MARIA;;Los Robles 1140;;;;VALDIVIA;XIV REGION;CL;25990;0;990;0;26980;0;CLP
000000519418;23412538001-A;27/03/2025 15:43:21;Reembolsado;16490;495;16985;2968;0.0000;13522;1;SWEATER MANGAS DETALLES PERLAS CELESTE NICOPOLY;MPM10002160488-1;N03095KS-6;27/03/2025 15:43:23;5d_Retiro Tienda Ripley Los Andes;Guzman;Marlen;;"Santa Teresita 683 ";2do Piso. Servicio al Cliente;;;LOS ANDES;V REGION;CL;Guzman;Marlen;;Condominio Tocornal 397 54;;;;LOS ANDES;V REGION;CL;16490;0;495;0;16985;0;CLP
000000519418;23412932501-A;27/03/2025 18:12:52;Reembolsado;29990;3990;33980;5398;0.0000;24592;1;CHAQUETA QUILT TIPO CAMISERA MARRÓN NICOPOLY;MPM10001384249-1;N04190UM;27/03/2025 18:12:53;Flujo Same day BX;"Flores ";"Miriam ";;Calle Dos 6634;Casa;;;LA CISTERNA;REG.METROPOLITANA;CL;"Flores ";"Miriam ";;Calle Dos 6634;;;;LA CISTERNA;REG.METROPOLITANA;CL;29990;0;3990;0;33980;0;CLP
000000519418;23413890401-A;27/03/2025 23:01:45;Reembolsado;33690;990;34680;6064;0.0000;27626;1;CHAQUETA MAO ECOCUERO CAFÉ NICOPOLY;MPM10001385117-1;N02106UM-4;27/03/2025 23:01:47;5d_Retiro Tienda Ripley Valparaíso;Fuentealba;Elsa;;"Plaza Victoria 1646 ";" 4to Piso. Servicio al Cliente";;;VALPARAISO;V REGION;CL;Fuentealba;Elso;;las delicias 130 valparaiso 130;;;;VALPARAISO;V REGION;CL;33690;0;990;0;34680;0;CLP
000000519418;23414307001-A;28/03/2025 03:27:54;Cerrado;20190;0;20190;3634;0.0000;16556;1;SOBRECAMISA COTELÉ VERDE OSCURO NICOPOLY;MPM10002160504-3;N05201ES;28/03/2025 03:27:56;18d_Retiro Tienda Ripley Punta Arenas;Acua;Paz;;"Avda. E Frei Montalva 01110 Local 194 ";" 2do Piso. Servicio al Cliente";;;PTA.ARENAS;XII REGION;CL;Acua;Paz;;Juan skirving hardy  0863;;;;PTA.ARENAS;XII REGION;CL;20190;0;0;0;20190;0;CLP
000000519418;23414424001-A;28/03/2025 08:32:15;Reembolsado;33740;3990;37730;6073;0.0000;27667;1;CHAQUETA CORTA TIPO GAMUZA OLIVA NICOPOLY;MPM10002635832-2;N05173ML;28/03/2025 08:32:17;Flujo Same day BX;Rivera;Karen;;General carrera 1680;Casa;;;CERRO NAVIA;REG.METROPOLITANA;CL;Rivera;Karen;;General carrera 1680;;;;CERRO NAVIA;REG.METROPOLITANA;CL;33740;0;3990;0;37730;0;CLP
000000519418;23414538001-A;28/03/2025 09:32:55;Reembolsado;42740;990;43730;7693;0.0000;35047;1;ABRIGO CORTO BEIGE NICOPOLY;MPM10002646322-2;N05160AM;28/03/2025 09:32:56;8d_Retiro Tienda Ripley Copiapo;Irigoyen;Girlene;;"Calle Maipu S/N, Copiapo ";" 2do Piso. Servicio al Cliente";;;COPIAPO;III REGION;CL;Irigoyen;Girlene;;los carrera 830;;;;COPIAPO;III REGION;CL;42740;0;990;0;43730;0;CLP
000000519418;23414952301-A;28/03/2025 12:02:31;Cerrado;22190;495;22685;3994;0.0000;18196;1;VESTIDO MUJER NICOPOLY CAFÉ TIPO CAMISERO LEOPARD;MPM10001848651-4;N05123UM;28/03/2025 12:02:32;5d_Retiro Tienda Ripley Rancagua;Ortega;Luzmira;;"José Domingo Mujica 490 ";" 3er Piso. Modulo Retiro en Tienda";;;RANCAGUA;VI REGION;CL;Ortega;Luzmira;;Los cerezos 221 A;;;;RANCAGUA;VI REGION;CL;22190;0;495;0;22685;0;CLP
000000519418;23414952301-A;28/03/2025 12:02:31;Cerrado;13390;495;13885;2410;0.0000;10980;1;VESTIDO MUJER NICOPOLY AMARILLO CORTE IMPERIO;MPM10001878088-3;N04114FL-5;28/03/2025 12:02:32;5d_Retiro Tienda Ripley Rancagua;Ortega;Luzmira;;"José Domingo Mujica 490 ";" 3er Piso. Modulo Retiro en Tienda";;;RANCAGUA;VI REGION;CL;Ortega;Luzmira;;Los cerezos 221 A;;;;RANCAGUA;VI REGION;CL;13390;0;495;0;13885;0;CLP
000000519418;23415214301-A;28/03/2025 13:40:37;Reembolsado;59990;495;60485;10798;0.0000;49192;1;ABRIGO 4 BOTONES ÓXIDO NICOPOLY;MPM10002646319-2;N05155UM;28/03/2025 13:40:38;10d_Retiro Tienda Ripley Portal Temuco;Seguel;Lorena;;"Avenida Alemania 0671 ";3er Piso, Modulo Retiro en Tienda;;;TEMUCO;IX REGION;CL;Seguel;Lorena;;Pasaje Hermano Pascual 1375;;;;TEMUCO;IX REGION;CL;59990;0;495;0;60485;0;CLP
000000519418;23415214301-A;28/03/2025 13:40:37;Reembolsado;16490;495;16985;2968;0.0000;13522;1;SWEATER MANGAS DETALLES PERLAS CAMEL NICOPOLY;MPM10002160499-2;N03095UL-6;28/03/2025 13:40:38;10d_Retiro Tienda Ripley Portal Temuco;Seguel;Lorena;;"Avenida Alemania 0671 ";3er Piso, Modulo Retiro en Tienda;;;TEMUCO;IX REGION;CL;Seguel;Lorena;;Pasaje Hermano Pascual 1375;;;;TEMUCO;IX REGION;CL;16490;0;495;0;16985;0;CLP
000000519418;23415220101-A;28/03/2025 13:43:59;Reembolsado;43490;1677;45167;7828;0.0000;35662;1;CHAQUETA CORTA IMPERMEABLE NEGRO NICOPOLY;MPM10002635843-2;N05190BS;28/03/2025 13:44:00;Flujo Crossdock- Ripley PAQ;Zurita;Camila;;Marinero fuentealba 660;S/N;;;QUILPUE;V REGION;CL;Zurita;Camila;;Marinero fuentealba 660;;;;QUILPUE;V REGION;CL;43490;0;1677;0;45167;0;CLP
000000519418;23415537802-A;28/03/2025 15:36:26;Cerrado;18790;495;19285;3382;0.0000;15408;1;SWEATER DISEÑO ROMBOS CELESTE NICOPOLY;MPM10002160470-1;N05213KM;28/03/2025 15:36:28;18d_Retiro Tienda Ripley Punta Arenas;Cardenas;Paola Stephany;;"Avda. E Frei Montalva 01110 Local 194 ";" 2do Piso. Servicio al Cliente";;;PTA.ARENAS;XII REGION;CL;Cardenas;Paola Stephany;;Mejicana  1495;;;;PTA.ARENAS;XII REGION;CL;18790;0;495;0;19285;0;CLP
000000519418;23415537802-A;28/03/2025 15:36:26;Cerrado;21740;495;22235;3913;0.0000;17827;1;SWEATER COLOR BLOCK GRIS NICOPOLY;MPM10002627255-3;N05310NM;28/03/2025 15:36:28;18d_Retiro Tienda Ripley Punta Arenas;Cardenas;Paola Stephany;;"Avda. E Frei Montalva 01110 Local 194 ";" 2do Piso. Servicio al Cliente";;;PTA.ARENAS;XII REGION;CL;Cardenas;Paola Stephany;;Mejicana  1495;;;;PTA.ARENAS;XII REGION;CL;21740;0;495;0;22235;0;CLP
000000519418;23415613101-A;28/03/2025 16:02:39;Reembolsado;42740;990;43730;7693;0.0000;35047;1;CHAQUETA LARGA IMPERMEABLE MOSTAZA OSCURO NICOPOLY;MPM10002646325-2;N05191UL;28/03/2025 16:02:40;5d_Retiro Tienda Ripley Marina Arauco;Aros Oses;Ena Cecilia;;"Avenida Libertad 1348 ";" Piso 4. Modulo Retiro en Tienda";;;VI.A DEL MA;V REGION;CL;Aros Oses;Ena Cecilia;;"Borinquen #2 Condominios brisas del sur recreo Edif velero ";;;;VI.A DEL MA;V REGION;CL;42740;0;990;0;43730;0;CLP
000000519418;23416713201-A;28/03/2025 22:04:48;Reembolsado;43490;990;44480;7828;0.0000;35662;1;CHAQUETA CORTA IMPERMEABLE NEGRO NICOPOLY;MPM10002635843-2;N05190BS;28/03/2025 22:04:50;4d_Retiro Tienda Ripley Costanera Center;Mora;Valentina;;"Avenida Andrés Bello 2422 ";" 1er Piso. Modulo Retiro en Tienda";;;PROVIDENCIA;REG.METROPOLITANA;CL;Mora;Valentina;;Sarajevo  1488;;;;PROVIDENCIA;REG.METROPOLITANA;CL;43490;0;990;0;44480;0;CLP
000000519418;23417037601-A;28/03/2025 23:41:58;Reembolsado;56240;495;56735;10123;0.0000;46117;1;ABRIGO LARGO LAZO UVA NICOPOLY;MPM10002646302-3;N04227ZXL-6;28/03/2025 23:41:59;5d_Retiro Tienda Ripley Los Ángeles;Aedo;Alice;;"Valdivia 440, Los Angeles ";" 3er Piso. Servicio al Cliente";;;LOS ANGELES;VIII REGION;CL;Aedo;Alice;;Avda. María Dolores cond rocas de Curamonte  101;;;;LOS ANGELES;VIII REGION;CL;56240;0;495;0;56735;0;CLP
000000519418;23417037601-A;28/03/2025 23:41:58;Cerrado;56240;495;56735;10123;0.0000;46117;1;ABRIGO LARGO LAZO UVA NICOPOLY;MPM10002646302-2;N04227ZL-6;28/03/2025 23:41:59;5d_Retiro Tienda Ripley Los Ángeles;Aedo;Alice;;"Valdivia 440, Los Angeles ";" 3er Piso. Servicio al Cliente";;;LOS ANGELES;VIII REGION;CL;Aedo;Alice;;Avda. María Dolores cond rocas de Curamonte  101;;;;LOS ANGELES;VIII REGION;CL;56240;0;495;0;56735;0;CLP
000000519418;23417078901-A;28/03/2025 23:53:12;Cerrado;20240;330;20570;3643;0.0000;16597;1;SWEATER BÁSICO CUELLO REDONDO MAGENTA NICOPOLY;MPM10002160475-1;N04248ZS-6;28/03/2025 23:53:14;4d_Retiro Tienda Ripley Plaza Egaña;Gomez;Juan carlos;;"Larrain 5800 ";" 3er Piso. Modulo Retiro en Tienda";;;NUNOA;REG.METROPOLITANA;CL;Donoso;Camila;;Pucara 4894;;;;NUNOA;REG.METROPOLITANA;CL;20240;0;330;0;20570;0;CLP
000000519418;23417078901-A;28/03/2025 23:53:12;Reembolsado;20240;330;20570;3643;0.0000;16597;1;SWEATER BÁSICO CUELLO REDONDO CELESTE NICOPOLY;MPM10002160533-3;N04248KS-6;28/03/2025 23:53:14;4d_Retiro Tienda Ripley Plaza Egaña;Gomez;Juan carlos;;"Larrain 5800 ";" 3er Piso. Modulo Retiro en Tienda";;;NUNOA;REG.METROPOLITANA;CL;Donoso;Camila;;Pucara 4894;;;;NUNOA;REG.METROPOLITANA;CL;20240;0;330;0;20570;0;CLP
000000519418;23417078901-A;28/03/2025 23:53:12;Cerrado;17990;330;18320;3238;0.0000;14752;1;SWEATER DISEÑO CADENETAS KHAKI NICOPOLY;MPM10002160527-4;N04252LS-6;28/03/2025 23:53:14;4d_Retiro Tienda Ripley Plaza Egaña;Gomez;Juan carlos;;"Larrain 5800 ";" 3er Piso. Modulo Retiro en Tienda";;;NUNOA;REG.METROPOLITANA;CL;Donoso;Camila;;Pucara 4894;;;;NUNOA;REG.METROPOLITANA;CL;17990;0;330;0;18320;0;CLP
000000519418;23417830601-A;29/03/2025 11:32:55;Reembolsado;14990;990;15980;2698;0.0000;12292;1;MINI FALDA LEOPARDO CAFÉ NICOPOLY;MPM10002146549-3;N05309UM;29/03/2025 11:32:57;5d_Retiro Tienda Ripley Talca;Letelier;"Evita ";;"8 Oriente 1212 ";" 2do Piso. Modulo Retiro en Tienda";;;TALCA;VII REGION;CL;Letelier;"Evita ";;1 sur  1098;;;;TALCA;VII REGION;CL;14990;0;990;0;15980;0;CLP
000000519418;23417925301-A;29/03/2025 12:03:48;Reembolsado;18790;0;18790;3382;0.0000;15408;1;PANTALÓN MUJER NICOPOLY KHAKI TIRO ALTO BÁSICO;MPM10001752467-1;N10373LS-5;29/03/2025 12:03:50;5d_Retiro Tienda Ripley Quilpué;Guajardo;Susana;;"Claudio Vicuña 992, Quilpue ";" 3er Piso. Modulo Retiro en Tienda";;;QUILPUE;V REGION;CL;Guajardo;Susana;;Los Tulipanes 1043, El Mirador .;;;;QUILPUE;V REGION;CL;18790;0;0;0;18790;0;CLP
000000519418;23418124701-A;29/03/2025 13:05:01;Reembolsado;16990;990;17980;3058;0.0000;13932;1;PANTALÓN MUJER NICOPOLY NEGRO RECTO COSTURA FRONTAL;MPM10001713171-1;N04301BM-5;29/03/2025 13:05:02;5d_Retiro Tienda Ripley Talca;Jaque;Grace;;"8 Oriente 1212 ";" 2do Piso. Modulo Retiro en Tienda";;;TALCA;VII REGION;CL;Jaque;Grace;;Semillero  00;;;;TALCA;VII REGION;CL;16990;0;990;0;17980;0;CLP
000000519418;23418898501-A;29/03/2025 16:56:07;Reembolsado;52490;495;52985;9448;0.0000;43042;1;ABRIGO SOLAPA REDONDA ROJO NICOPOLY;MPM10002646316-4;N05252DM;29/03/2025 16:56:09;4d_Retiro Tienda Ripley Parque Arauco;Orellana Miranda;Natalia;;"Avenida Kennedy 5413 ";4to Piso. Modulo Retiro en Tienda;;;LAS CONDES;REG.METROPOLITANA;CL;Orellana Miranda;Natalia;;Evaristo Lillo 29;;;;LAS CONDES;REG.METROPOLITANA;CL;52490;0;495;0;52985;0;CLP
000000519418;23418898501-A;29/03/2025 16:56:07;Reembolsado;59990;495;60485;10798;0.0000;49192;1;ABRIGO 4 BOTONES AZUL ELÉCTRICO NICOPOLY;MPM10002646307-1;N05155CM;29/03/2025 16:56:09;4d_Retiro Tienda Ripley Parque Arauco;Orellana Miranda;Natalia;;"Avenida Kennedy 5413 ";4to Piso. Modulo Retiro en Tienda;;;LAS CONDES;REG.METROPOLITANA;CL;Orellana Miranda;Natalia;;Evaristo Lillo 29;;;;LAS CONDES;REG.METROPOLITANA;CL;59990;0;495;0;60485;0;CLP
000000519418;23419294401-A;29/03/2025 18:42:12;Reembolsado;33740;990;34730;6073;0.0000;27667;1;CHAQUETA CORTA TIPO GAMUZA OLIVA NICOPOLY;MPM10002635832-1;N05173MM;29/03/2025 18:42:13;4d_Retiro Tienda Ripley Arauco Maipu;Valdes;"Hector ";;"Av. Americo Vespucio 399 ";" 2do Piso. Modulo Retiro en Tienda";;;MAIPU;REG.METROPOLITANA;CL;Rodriguez;Yocelyn;;Villa san expedito psje juan pablo ll 1807;;;;MAIPU;REG.METROPOLITANA;CL;33740;0;990;0;34730;0;CLP
000000519418;23419651701-A;29/03/2025 20:19:22;Cerrado;52490;495;52985;9448;0.0000;43042;1;ABRIGO SOLAPA REDONDA CELESTE NICOPOLY;MPM10002646326-4;N05252KM;29/03/2025 20:19:23;14d_Retiro Tienda Ripley Arica;Marcelo;Nemesio;;"Av. Diego Portales 640, Arica ";2do Piso. Modulo Retiro en Tienda;;;ARICA;XV REGION;CL;Marcelo;Nemesio;;JOTABECHE 838;;;;ARICA;XV REGION;CL;52490;0;495;0;52985;0;CLP
000000519418;23419651701-A;29/03/2025 20:19:22;Cerrado;16490;495;16985;2968;0.0000;13522;1;SWEATER MANGAS DETALLES PERLAS CELESTE NICOPOLY;MPM10002160488-3;N03095KM-6;29/03/2025 20:19:23;14d_Retiro Tienda Ripley Arica;Marcelo;Nemesio;;"Av. Diego Portales 640, Arica ";2do Piso. Modulo Retiro en Tienda;;;ARICA;XV REGION;CL;Marcelo;Nemesio;;JOTABECHE 838;;;;ARICA;XV REGION;CL;16490;0;495;0;16985;0;CLP
000000519418;23420058202-A;29/03/2025 22:03:01;Cerrado;12990;990;13980;2338;0.0000;10652;1;SWEATER PELUDO RECOGIDO LATERAL ROSA NICOPOLY;MPM10001465173-3;N04173HS;29/03/2025 22:03:03;10d_Retiro Tienda Ripley Iquique;Reyes;Javiera;;"Vivar 550 ";" 4to Piso. Servicio al Cliente";;;IQUIQUE;I REGION;CL;Reyes;Javiera;;Av.los condores 3793;;;;IQUIQUE;I REGION;CL;12990;0;990;0;13980;0;CLP
000000519418;23420213601-A;29/03/2025 22:38:34;Cerrado;49990;0;49990;8998;0.0000;40992;1;FULFILLMENT-BLAZER DE TOPE MANGA 3/4 BURDEO NICOPOLY;MPM10002146384-1;N03049TM-6-FF;29/03/2025 22:38:36;FF_MATRIX_STS;"Gutierrez ";"Loreto ";;"Arturo Prat 530 ";" 4to Piso. Servicio al Cliente";;;ANTOFAGASTA;II REGION;CL;Gutierrez Toledo;Loreto Alejandra;;avenida cerro paranal  515;;;;ANTOFAGASTA;II REGION;CL;49990;0;0;0;49990;0;CLP
000000519418;23420275001-A;29/03/2025 22:50:34;Reembolsado;32990;3980;36970;5938;0.0000;27052;1;CHAQUETA CUELLO CAMISERO ECOCUERO NEGRO NICOPOLY;MPM10001383864-1;N04228BXL;29/03/2025 22:50:36;Flujo Same day BX;Cceres Jimnez;"Nancy ";;Gerónimo de Alderete 1844;616;;;LA FLORIDA;REG.METROPOLITANA;CL;Cceres Jimnez;"Nancy ";;Gerónimo de Alderete 1844;;;;LA FLORIDA;REG.METROPOLITANA;CL;32990;0;3980;0;36970;0;CLP
000000519418;23420567101-A;30/03/2025 00:02:22;Cerrado;21490;248;21738;3868;0.0000;17622;1;PANTALÓN LAZO DE HEBILLA CAFÉ NICOPOLY;MPM10002146501-2;N05271RS;30/03/2025 00:02:24;10d_Retiro Tienda Ripley Antofagasta;Rojas;Jeymmy;;"Arturo Prat 530 ";" 4to Piso. Servicio al Cliente";;;ANTOFAGASTA;II REGION;CL;Rojas;Jeymmy;;Avenida Cerro Paranal 271;;;;ANTOFAGASTA;II REGION;CL;21490;0;248;0;21738;0;CLP
000000519418;23420567101-A;30/03/2025 00:02:22;Cerrado;23990;248;24238;4318;0.0000;19672;1;SWEATER DISEÑO FLORES NEGRO NICOPOLY;MPM10002160473-2;N05327BS;30/03/2025 00:02:24;10d_Retiro Tienda Ripley Antofagasta;Rojas;Jeymmy;;"Arturo Prat 530 ";" 4to Piso. Servicio al Cliente";;;ANTOFAGASTA;II REGION;CL;Rojas;Jeymmy;;Avenida Cerro Paranal 271;;;;ANTOFAGASTA;II REGION;CL;23990;0;248;0;24238;0;CLP
000000519418;23420567101-A;30/03/2025 00:02:22;Cerrado;14790;248;15038;2662;0.0000;12128;1;SWEATER DISEÑO ROMBOS ROJO NICOPOLY;MPM10002160485-1;N05213DS;30/03/2025 00:02:24;10d_Retiro Tienda Ripley Antofagasta;Rojas;Jeymmy;;"Arturo Prat 530 ";" 4to Piso. Servicio al Cliente";;;ANTOFAGASTA;II REGION;CL;Rojas;Jeymmy;;Avenida Cerro Paranal 271;;;;ANTOFAGASTA;II REGION;CL;14790;0;248;0;15038;0;CLP
000000519418;23420567101-A;30/03/2025 00:02:22;Cerrado;23990;248;24238;4318;0.0000;19672;1;SWEATER MANGA MUERCIÉLAGO ACERO NICOPOLY;MPM10002661337-1;N05297KF;30/03/2025 00:02:24;10d_Retiro Tienda Ripley Antofagasta;Rojas;Jeymmy;;"Arturo Prat 530 ";" 4to Piso. Servicio al Cliente";;;ANTOFAGASTA;II REGION;CL;Rojas;Jeymmy;;Avenida Cerro Paranal 271;;;;ANTOFAGASTA;II REGION;CL;23990;0;248;0;24238;0;CLP
000000519418;23420605601-A;30/03/2025 00:15:03;Reembolsado;26990;0;26990;4858;0.0000;22132;1;FULFILLMENT-PANTALÓN RECTO CON PINZAS NEGRO NICOPOLY;MPM10002146401-3;N04277BL-6-FF;30/03/2025 00:15:05;FF_MATRIX;Tello;Ginna;;General Gana 497;Casa;;;SANTIAGO;REG.METROPOLITANA;CL;Tello;Ginna;;General Gana 497;;;;SANTIAGO;REG.METROPOLITANA;CL;26990;0;0;0;26990;0;CLP
000000519418;23420668801-A;30/03/2025 00:38:22;Reembolsado;52490;0;52490;9448;0.0000;43042;1;ABRIGO SOLAPA REDONDA UVA NICOPOLY;MPM10002646314-3;N05252ZL;30/03/2025 00:38:23;4d_Retiro Tienda Ripley Costanera Center;Margarit;Paola;;"Avenida Andrés Bello 2422 ";" 1er Piso. Modulo Retiro en Tienda";;;PROVIDENCIA;REG.METROPOLITANA;CL;Margarit;Paola;;Avda Cristóbal Colón  3522;;;;PROVIDENCIA;REG.METROPOLITANA;CL;52490;0;0;0;52490;0;CLP
000000519418;23420953201-A;30/03/2025 08:16:29;Reembolsado;41240;3990;45230;7423;0.0000;33817;1;VESTIDO LARGO CUELLO MOCK BURDEO NICOPOLY;MPM10002627268-3;N05311TS;30/03/2025 08:16:31;Flujo Same day BX;Cafati;Paola;;Camino el olivar 1314;2;;;LAS CONDES;REG.METROPOLITANA;CL;Cafati;Paola;;Camino el olivar 1314;;;;LAS CONDES;REG.METROPOLITANA;CL;41240;0;3990;0;45230;0;CLP
000000519418;23421330001-A;30/03/2025 11:28:12;Reembolsado;21990;990;22980;3958;0.0000;18032;1;VESTIDO MUJER NICOPOLY NEGRO PABILO CON VOLANTES;MPM10001878064-2;N05013BM;30/03/2025 11:28:14;4d_Retiro Tienda Ripley Parque Arauco;Cortez;Paola;;"Avenida Kennedy 5413 ";4to Piso. Modulo Retiro en Tienda;;;LAS CONDES;REG.METROPOLITANA;CL;Cortez;Paola;;raul labbe 12613;;;;LAS CONDES;REG.METROPOLITANA;CL;21990;0;990;0;22980;0;CLP
000000519418;23421851201-A;30/03/2025 13:52:29;Reembolsado;15990;990;16980;2878;0.0000;13112;1;PANTALÓN MUJER NICOPOLY CELESTE TIRO ALTO JASPEADO;MPM10001849482-1;N05022KM;30/03/2025 13:52:30;5d_Retiro Tienda Ripley Mall Concepción;Ruiz;Paula;;"Barros Arana 1068, Concepcion ";" 3er Piso. Modulo Retiro en Tienda";;;CONCEPCION;VIII REGION;CL;Ruiz;Paula;;Collao 400 400;;;;CONCEPCION;VIII REGION;CL;15990;0;990;0;16980;0;CLP
000000519418;23422478501-A;30/03/2025 16:31:13;Reembolsado;13390;0;13390;2410;0.0000;10980;1;VESTIDO CORTO MUJER NICOPOLY ROSADO CUELLO HALTER;MPM10001878077-2;N04063HL-5;30/03/2025 16:31:14;11d_Retiro Tienda Ripley Temuco;Sanhueza;Tamara;;"Arturo Prat 656, Temuco ";2do Piso. Modulo Retiro en Tienda;;;TEMUCO;IX REGION;CL;Sanhueza;Tamara;;La pradera  02221;;;;TEMUCO;IX REGION;CL;13390;0;0;0;13390;0;CLP
000000519418;23422731701-A;30/03/2025 17:31:48;Reembolsado;23990;990;24980;4318;0.0000;19672;1;CALZA CUADRILLÉ PIE DE POULE CAFÉ NICOPOLY;MPM10002160476-3;N05202LS;30/03/2025 17:31:49;8d_Retiro Tienda Ripley Puerto Montt;Vargas;"Vanessa ";;"Urmeneta 595, Puerto Montt ";4to Piso. Servicio al Cliente;;;PTO.MONTT;X REGION;CL;Vargas;"Vanessa ";;"Nueva 10 5098 Valle Volcanes ";;;;PTO.MONTT;X REGION;CL;23990;0;990;0;24980;0;CLP
000000519418;23422904901-A;30/03/2025 18:07:51;Reembolsado;44990;990;45980;8098;0.0000;36892;1;ABRIGO BOUCLÉ KHAKI NICOPOLY;MPM10002646794-2;N05163LS;30/03/2025 18:07:52;5d_Retiro Tienda Ripley Curicó;"Aliaga ";Daniela;;"Av.OHiggins 201 ";" 2do Piso. Servicio al Cliente";;;CURICO;VII REGION;CL;"Aliaga ";Daniela;;Villa don Rodrigo pasaje manzanilla  2558;;;;CURICO;VII REGION;CL;44990;0;990;0;45980;0;CLP
000000519418;23422946001-A;30/03/2025 18:16:57;Reembolsado;59990;0;59990;10798;0.0000;49192;1;ABRIGO FORRO TIPO PIEL GRAFITO NICOPOLY;MPM10002661326-2;N05147NM;30/03/2025 18:16:59;4d_Retiro Tienda Ripley San Bernardo;Castro Mellado;Angie;;"Av. Pdte. Jorge Alessandri Rodríguez 20040, San Bernardo ";2do Piso. Modulo Retiro en Tienda;;;SN.BERNARDO;REG.METROPOLITANA;CL;Castro Mellado;Angie;;Santa Corina 101;;;;SN.BERNARDO;REG.METROPOLITANA;CL;59990;0;0;0;59990;0;CLP
000000519418;23423194001-A;30/03/2025 19:09:04;Cerrado;20190;990;21180;3634;0.0000;16556;1;SOBRECAMISA COTELÉ VERDE OSCURO NICOPOLY;MPM10002160504-1;N05201EM;30/03/2025 19:09:05;5d_Retiro Tienda Ripley Chillán;Lagos Guerrero;Carolina;;"5 de Abril 699 ";4to Piso. Centro de atención al Cliente;;;CHILLAN;VIII REGION;CL;Lagos Guerrero;Carolina;;Estero el salto  3770;;;;CHILLAN;VIII REGION;CL;20190;0;990;0;21180;0;CLP
000000519418;23423360501-A;30/03/2025 19:45:54;Reembolsado;19690;0;19690;3544;0.0000;16146;1;VESTIDO LARGO CUELLO MOCK AZUL NICOPOLY;MPM10002627274-1;N05311PM;30/03/2025 19:45:55;4d_Retiro Tienda Ripley Los Dominicos;Ramirez;Veronica Cecilia;;"Padre Hurtado Sur 875 ";1er Piso. Servicio al Cliente;;;LAS CONDES;REG.METROPOLITANA;CL;Ramirez;Veronica Cecilia;;Villaseca 123;;;;LAS CONDES;REG.METROPOLITANA;CL;19690;0;0;0;19690;0;CLP
000000519418;23424060701-A;30/03/2025 22:04:13;Reembolsado;18190;990;19180;3274;0.0000;14916;1;SOBRECAMISA COTELÉ CAFÉ NICOPOLY;MPM10002160474-1;N05201US;30/03/2025 22:04:14;5d_Retiro Tienda Ripley Marina Arauco;ARANCIBIA;MARIA;;"Avenida Libertad 1348 ";" Piso 4. Modulo Retiro en Tienda";;;VI.A DEL MA;V REGION;CL;ARANCIBIA;MARIA;;AVENIDA EDUARDO YANEZ ACHUPALLAS  228B;;;;VI.A DEL MA;V REGION;CL;18190;0;990;0;19180;0;CLP
000000519418;23424180001-A;30/03/2025 22:21:11;Cerrado;52490;495;52985;9448;0.0000;43042;1;ABRIGO SOLAPA REDONDA UVA NICOPOLY;MPM10002646314-4;N05252ZS;30/03/2025 22:21:13;10d_Retiro Tienda Ripley Calama;Cliente;Michelle;;"Balmaceda 3242, Calama ";" 2do Piso. Servicio al Cliente";;;CALAMA;II REGION;CL;Cliente;Michelle;;punta arenas 2468;;;;CALAMA;II REGION;CL;52490;0;495;0;52985;0;CLP
000000519418;23424180001-A;30/03/2025 22:21:11;Cerrado;14790;495;15285;2662;0.0000;12128;1;SWEATER DISEÑO ROMBOS ROJO NICOPOLY;MPM10002160485-2;N05213DM;30/03/2025 22:21:13;10d_Retiro Tienda Ripley Calama;Cliente;Michelle;;"Balmaceda 3242, Calama ";" 2do Piso. Servicio al Cliente";;;CALAMA;II REGION;CL;Cliente;Michelle;;punta arenas 2468;;;;CALAMA;II REGION;CL;14790;0;495;0;15285;0;CLP
000000519418;23424631101-A;30/03/2025 23:32:20;Cerrado;52490;990;53480;9448;0.0000;43042;1;ABRIGO SOLAPA REDONDA UVA NICOPOLY;MPM10002646314-4;N05252ZS;30/03/2025 23:32:22;4d_Retiro Tienda Ripley Florida Center;Gonzalez;Clara;;"Vicuña Mackenna Oriente 6100, La Florida ";3er Piso. Modulo Retiro en Tienda;;;LA FLORIDA;REG.METROPOLITANA;CL;Salinas;Claudio;;anita lizana 112;;;;LA FLORIDA;REG.METROPOLITANA;CL;52490;0;990;0;53480;0;CLP
000000519418;23424886501-A;31/03/2025 00:30:13;Reembolsado;44990;990;45980;8098;0.0000;36892;1;ABRIGO BOUCLÉ GRAFITO NICOPOLY;MPM10002646796-2;N05163NL;31/03/2025 00:30:14;4d_Retiro Tienda Ripley Plaza Egaña;Paillacan Moya;Andrea;;"Larrain 5800 ";" 3er Piso. Modulo Retiro en Tienda";;;NUNOA;REG.METROPOLITANA;CL;Paillacan Moya;Andrea;;avenida quilin 4811;;;;NUNOA;REG.METROPOLITANA;CL;44990;0;990;0;45980;0;CLP
000000519418;23425569901-A;31/03/2025 10:52:58;Reembolsado;25990;0;25990;4678;0.0000;21312;1;FULFILLMENT-GILET BÁSICO 4 BOTONES ROJO OSCURO NICOPOLY;MPM10002146362-4;N05262DS-FF;31/03/2025 10:53:00;FF_MATRIX;Aravena;Angelica;;carmen 459;S/N;;;CURICO;VII REGION;CL;Aravena;Angelica;;carmen 459;;;;CURICO;VII REGION;CL;25990;0;0;0;25990;0;CLP
000000519418;23425687001-A;31/03/2025 11:30:48;Reembolsado;20990;3990;24980;3778;0.0000;17212;1;PANTALÓN MUJER NICOPOLY CELESTE TIRO ALTO BÁSICO;MPM10001752484-1;N10373CM-5;31/03/2025 11:30:49;Flujo Same day BX;Parra;Jose;;Pasaje dieciseis 748;casa;;;PUENTE ALTO;REG.METROPOLITANA;CL;Parra;Jose;;Pasaje dieciseis 748;;;;PUENTE ALTO;REG.METROPOLITANA;CL;20990;0;3990;0;24980;0;CLP
000000519418;23426384901-A;31/03/2025 14:37:47;Cerrado;56240;0;56240;10123;0.0000;46117;1;ABRIGO LARGO LAZO UVA NICOPOLY;MPM10002646302-4;N04227ZM-6;31/03/2025 14:37:48;10d_Retiro Tienda Ripley Calama;"Arancibia Carvajal ";"Mara Luisa ";;"Balmaceda 3242, Calama ";" 2do Piso. Servicio al Cliente";;;CALAMA;II REGION;CL;"Arancibia Carvajal ";"Mara Luisa ";;Av el Peuco  1320;;;;CALAMA;II REGION;CL;56240;0;0;0;56240;0;CLP
000000519418;23426384901-A;31/03/2025 14:37:47;Cerrado;56240;0;56240;10123;0.0000;46117;1;ABRIGO LARGO LAZO CELESTE NICOPOLY;MPM10002646304-4;N04227KM-6;31/03/2025 14:37:48;10d_Retiro Tienda Ripley Calama;"Arancibia Carvajal ";"Mara Luisa ";;"Balmaceda 3242, Calama ";" 2do Piso. Servicio al Cliente";;;CALAMA;II REGION;CL;"Arancibia Carvajal ";"Mara Luisa ";;Av el Peuco  1320;;;;CALAMA;II REGION;CL;56240;0;0;0;56240;0;CLP
000000519418;23426598201-A;31/03/2025 15:36:38;Reembolsado;23990;990;24980;4318;0.0000;19672;1;PANTALÓN MUJER NICOPOLY ROJO PIERNA ANCHA;MPM10001856324-3;N04017DM-5;31/03/2025 15:36:39;10d_Retiro Tienda Ripley Antofagasta;Henriquez;Cristina;;"Arturo Prat 530 ";" 4to Piso. Servicio al Cliente";;;ANTOFAGASTA;II REGION;CL;Rojas;Ana;;Salvador Reyes  1145;;;;ANTOFAGASTA;II REGION;CL;23990;0;990;0;24980;0;CLP
000000519418;23426734201-A;31/03/2025 16:16:16;Cerrado;29990;10990;40980;5398;0.0000;24592;1;CÁRDIGAN MULTICOLOR FLORES 3D CAFÉ NICOPOLY;MPM10001735010-2;N05109UM;31/03/2025 16:16:17;Flujo Crossdock- Ripley PAQ;Figueroa;Marcela;;Juan Williams 08494;Ca E7;;;PTA.ARENAS;XII REGION;CL;Figueroa;Marcela;;Juan Williams 08494;;;;PTA.ARENAS;XII REGION;CL;29990;0;10990;0;40980;0;CLP
000000519418;23427173902-A;31/03/2025 18:22:14;Reembolsado;28290;1970;30260;5092;0.0000;23198;1;PANTALÓN CARROT NEGRO NICOPOLY;MPM10002128950-3;N05242BS;31/03/2025 18:22:16;Flujo Same day BX;Ordenes;Carolina;;camino la fuente 1436;casa1;;;LAS CONDES;REG.METROPOLITANA;CL;Ordenes;Carolina;;camino la fuente 1436;;;;LAS CONDES;REG.METROPOLITANA;CL;28290;0;1970;0;30260;0;CLP
000000519418;23427277001-A;31/03/2025 18:55:26;Reembolsado;41240;3990;45230;7423;0.0000;33817;1;VESTIDO LARGO CUELLO MOCK BURDEO NICOPOLY;MPM10002627268-2;N05311TL;31/03/2025 18:55:28;Flujo Same day BX;Ruidiaz;Javiera;;los militares  5125;401;;;LAS CONDES;REG.METROPOLITANA;CL;Ruidiaz;Javiera;;los militares  5125;;;;LAS CONDES;REG.METROPOLITANA;CL;41240;0;3990;0;45230;0;CLP
000000519418;23427500402-A;31/03/2025 19:57:34;Reembolsado;22390;990;23380;4030;0.0000;18360;1;BLUSA CON LAZO DESMONTABLE ROJO NICOPOLY;MPM10001752438-2;N04270DL-5;31/03/2025 19:57:35;10d_Retiro Tienda Ripley Antofagasta;Carrasco;Carolina;;"Arturo Prat 530 ";" 4to Piso. Servicio al Cliente";;;ANTOFAGASTA;II REGION;CL;Carrasco;Carolina;;LLAMAS 3539;;;;ANTOFAGASTA;II REGION;CL;22390;0;990;0;23380;0;CLP
000000519418;23427625801-A;31/03/2025 20:30:05;Reembolsado;24990;3990;28980;4498;0.0000;20492;1;BLAZER 4 BOTONES DECORATIVOS NEGRO NICOPOLY;MPM10001713165-2;N10046BL-5;31/03/2025 20:30:06;Flujo Same day BX;Santibaez;Paola;;Chiloe  3601;422;;;SAN MIGUEL;REG.METROPOLITANA;CL;Santibaez;Paola;;Chiloe  3601;;;;SAN MIGUEL;REG.METROPOLITANA;CL;24990;0;3990;0;28980;0;CLP
000000519418;23427740301-A;31/03/2025 20:55:34;Reembolsado;14990;0;14990;2698;0.0000;12292;1;VESTIDO MUJER NICOPOLY NEGRO HOLGADO CON MANGAS CALADAS;MPM10001919205-3;N05120BS;31/03/2025 20:55:35;4d_Retiro Tienda Ripley Plaza Egaña;"Moraga Riquelme ";"Gabriela ";;"Larrain 5800 ";" 3er Piso. Modulo Retiro en Tienda";;;NUNOA;REG.METROPOLITANA;CL;"Moraga Riquelme ";"Gabriela ";;Echeñique 5839;;;;NUNOA;REG.METROPOLITANA;CL;14990;0;0;0;14990;0;CLP
000000519418;23427995401-A;31/03/2025 21:42:30;Cerrado;49990;0;49990;8998;0.0000;40992;1;FULFILLMENT-BLAZER LARGO CUELLO CRUZADO MORADO NICOPOLY;MPM10002146363-4;N05299ZL-FF;31/03/2025 21:42:31;FF_MATRIX_STS;Milanez Alcaman;Ana;;"Balmaceda 3242, Calama ";" 2do Piso. Servicio al Cliente";;;CALAMA;II REGION;CL;Milanez Alcaman;Ana;;pedro de valdivia 360 block 9;;;;CALAMA;II REGION;CL;49990;0;0;0;49990;0;CLP
000000519418;23428406101-A;31/03/2025 22:41:18;Reembolsado;26990;0;26990;4858;0.0000;22132;1;FULFILLMENT-PANTALÓN RECTO CON PINZAS BURDEO NICOPOLY;MPM10002146368-2;N04277TS-6-FF;31/03/2025 22:41:19;FF_MATRIX_STS;Acua;Sylvia;;"Vivar 550 ";" 4to Piso. Servicio al Cliente";;;IQUIQUE;I REGION;CL;Acua;Sylvia;;Obispo Labbe 830 307;;;;IQUIQUE;I REGION;CL;26990;0;0;0;26990;0;CLP
000000519418;23429440001-A;01/04/2025 09:47:58;Reembolsado;8240;495;8735;1483;0.0000;6757;1;BUFANDA GRUESA AZUL ELÉCTRICO NICOPOLY;MPM10002663013-1;N05334CF;01/04/2025 09:48:00;4d_Retiro Tienda Ripley Arauco Maipu;Rojas;Katherine;;"Av. Americo Vespucio 399 ";" 2do Piso. Modulo Retiro en Tienda";;;MAIPU;REG.METROPOLITANA;CL;Rojas;Katherine;;Santa Marta  1050;;;;MAIPU;REG.METROPOLITANA;CL;8240;0;495;0;8735;0;CLP
000000519418;23429598101-A;01/04/2025 10:41:16;Cerrado;23990;990;24980;4318;0.0000;19672;1;SWEATER MANGA MUERCIÉLAGO BLANCO INVIERNO NICOPOLY;MPM10002661616-1;N05297AF;01/04/2025 10:41:17;4d_Retiro Tienda Ripley Parque Arauco;Valdivieso;Carolina;;"Avenida Kennedy 5413 ";4to Piso. Modulo Retiro en Tienda;;;LAS CONDES;REG.METROPOLITANA;CL;Valdivieso;Carolina;;El golf de manquehue 9340;;;;LAS CONDES;REG.METROPOLITANA;CL;23990;0;990;0;24980;0;CLP
000000519418;23429766301-A;01/04/2025 11:28:42;Reembolsado;20190;1117;21307;3634;0.0000;16556;1;CÁRDIGAN CROP PERLAS ROJO NICOPOLY;MPM10002160522-3;N05227DL;01/04/2025 11:28:44;Flujo Same day BX;Gutierrez;Elena;;JUDEA 1375;S/N;;;MAIPU;REG.METROPOLITANA;CL;Gutierrez;Elena;;JUDEA 1375;;;;MAIPU;REG.METROPOLITANA;CL;20190;0;1117;0;21307;0;CLP
000000519418;23430393301-A;01/04/2025 14:41:04;Reembolsado;59990;0;59990;10798;0.0000;49192;1;ABRIGO 4 BOTONES MORADO NICOPOLY;MPM10002646298-1;N05155ZL;01/04/2025 14:41:06;5d_Retiro Tienda Ripley La Calera;Espina;Solange;;"JJ Perez 90, La Calera ";" 2do Piso. Modulo Retiro en Tienda";;;CALERA;V REGION;CL;Espina;Solange;;los diamelos 283;;;;CALERA;V REGION;CL;59990;0;0;0;59990;0;CLP
000000519418;23430539501-A;01/04/2025 15:21:58;Reembolsado;52490;495;52985;9448;0.0000;43042;1;ABRIGO SOLAPA REDONDA NEGRONICOPOLY;MPM10002646294-2;N05252BS;01/04/2025 15:21:59;4d_Retiro Tienda Ripley Crillon;Gutierrez;Geraldine;;"Agustinas #1025 ";Piso -1. Modulo Retiro en Tienda;;;SANTIAGO;REG.METROPOLITANA;CL;Gutierrez;Geraldine;;chiloe 3601;;;;SANTIAGO;REG.METROPOLITANA;CL;52490;0;495;0;52985;0;CLP
000000519418;23431109701-A;01/04/2025 18:08:41;Cerrado;52490;990;53480;9448;0.0000;43042;1;ABRIGO SOLAPA REDONDA CELESTE NICOPOLY;MPM10002646326-4;N05252KM;01/04/2025 18:08:43;10d_Retiro Tienda Ripley Iquique;Alegría;Edith;;"Vivar 550 ";" 4to Piso. Servicio al Cliente";;;IQUIQUE;I REGION;CL;Alegría;Edith;;Thompson 127;;;;IQUIQUE;I REGION;CL;52490;0;990;0;53480;0;CLP
000000519418;23431249901-A;01/04/2025 18:50:09;Reembolsado;28290;3980;32270;5092;0.0000;23198;1;PANTALÓN CARROT NEGRO NICOPOLY;MPM10002128950-2;N05242BXL;01/04/2025 18:50:11;Flujo Same day BX;Madrid;Claudia;;baron de juras reales 5300;S/N;;;CONCHALI;REG.METROPOLITANA;CL;Madrid;Claudia;;baron de juras reales 5300;;;;CONCHALI;REG.METROPOLITANA;CL;28290;0;3980;0;32270;0;CLP
000000519418;23432038401-A;01/04/2025 21:59:54;Reembolsado;12990;990;13980;2338;0.0000;10652;1;SWEATER PELUDO RECOGIDO LATERAL ROSA NICOPOLY;MPM10001465173-2;N04173HM;01/04/2025 21:59:55;4d_Retiro Tienda Ripley Crillon;Neira Tobar;"Mariana Paz ";;"Agustinas #1025 ";Piso -1. Modulo Retiro en Tienda;;;SANTIAGO;REG.METROPOLITANA;CL;Neira Tobar;"Mariana Paz ";;Avenida vicuna mackenna 327;;;;SANTIAGO;REG.METROPOLITANA;CL;12990;0;990;0;13980;0;CLP
000000519418;23432958901-A;02/04/2025 05:49:33;Reembolsado;26290;0;26290;4732;0.0000;21558;1;SOBRECAMISA COTELÉ CAFÉ NICOPOLY;MPM10002160474-3;N05201UL;02/04/2025 05:49:35;10d_Retiro Tienda Ripley San Fernando;Concha;Paulina;;"Bernardo Ohiggins 701 ";" 3er Piso. Modulo Retiro en Tienda";;;SAN FERNANDO;VI REGION;CL;Concha;Paulina;;parcelacion la linea sitio 8;;;;SAN FERNANDO;VI REGION;CL;26290;0;0;0;26290;0;CLP
000000519418;23432958901-A;02/04/2025 05:49:33;Reembolsado;26290;0;26290;4732;0.0000;21558;1;SOBRECAMISA COTELÉ VERDE OSCURO NICOPOLY;MPM10002160504-2;N05201EL;02/04/2025 05:49:35;10d_Retiro Tienda Ripley San Fernando;Concha;Paulina;;"Bernardo Ohiggins 701 ";" 3er Piso. Modulo Retiro en Tienda";;;SAN FERNANDO;VI REGION;CL;Concha;Paulina;;parcelacion la linea sitio 8;;;;SAN FERNANDO;VI REGION;CL;26290;0;0;0;26290;0;CLP
000000519418;23432960801-A;02/04/2025 05:58:34;Cerrado;9790;0;9790;1762;0.0000;8028;1;BODY ACANALADO MANGA LARGA ROJO NICOPOLY;MPM00084129352-3;N03130YL;02/04/2025 05:58:36;5d_Retiro Tienda Ripley Rancagua;Castillo;Daniela;;"José Domingo Mujica 490 ";" 3er Piso. Modulo Retiro en Tienda";;;RANCAGUA;VI REGION;CL;Castillo;Daniela;;Jose gil de castro  065;;;;RANCAGUA;VI REGION;CL;9790;0;0;0;9790;0;CLP
000000519418;23433081101-A;02/04/2025 08:40:47;Reembolsado;49990;0;49990;8998;0.0000;40992;1;FULFILLMENT-BLAZER LARGO CUELLO CRUZADO VERDE OSCURO NICOPOLY;MPM10002146366-2;N05299EL-FF;02/04/2025 08:40:48;FF_MATRIX;Tapia;Jeannette;;Prat 814;S/N;;;VALPARAISO;V REGION;CL;Tapia;Jeannette;;Prat 814;;;;VALPARAISO;V REGION;CL;49990;0;0;0;49990;0;CLP
000000519418;23433146901-A;02/04/2025 09:16:12;Reembolsado;42740;990;43730;7693;0.0000;35047;1;CHAQUETA LARGA IMPERMEABLE NEGRO NICOPOLY;MPM10002646291-3;N05191BS;02/04/2025 09:16:13;5d_Retiro Tienda Ripley Valparaíso;Castro;Cesar;;"Plaza Victoria 1646 ";" 4to Piso. Servicio al Cliente";;;VALPARAISO;V REGION;CL;Borquez;Carolina;;Manuel rojas 35;;;;VALPARAISO;V REGION;CL;42740;0;990;0;43730;0;CLP
000000519418;23433559601-A;02/04/2025 11:42:02;Reembolsado;52490;990;53480;9448;0.0000;43042;1;ABRIGO SOLAPA REDONDA NEGRONICOPOLY;MPM10002646294-1;N05252BL;02/04/2025 11:42:03;4d_Retiro Tienda Ripley Arauco Maipu;Bustamante;Danicza;;"Av. Americo Vespucio 399 ";" 2do Piso. Modulo Retiro en Tienda";;;MAIPU;REG.METROPOLITANA;CL;Bustamante;Danicza;;gerona 4730;;;;MAIPU;REG.METROPOLITANA;CL;52490;0;990;0;53480;0;CLP
000000519418;23433805102-A;02/04/2025 12:54:37;Reembolsado;26240;0;26240;4723;0.0000;21517;1;FULFILLMENT-PANTALÓN PIERNA ANCHA CON PASADOR MORADO NICOPOLY;MPM10002146392-2;N05298ZM-FF;02/04/2025 12:54:38;FF_MATRIX_STS;Campos;Elizabeth;;"Agustinas #1025 ";Piso -1. Modulo Retiro en Tienda;;;SANTIAGO;REG.METROPOLITANA;CL;Campos;Elizabeth;;Miraflores 525;;;;SANTIAGO;REG.METROPOLITANA;CL;26240;0;0;0;26240;0;CLP
000000519418;23434429301-A;02/04/2025 16:06:58;Reembolsado;16990;990;17980;3058;0.0000;13932;1;VESTIDO CORTO MUJER NICOPOLY BLANCO ABERTURAS MANGAS;MPM10001849478-1;N02336AM-5;02/04/2025 16:06:59;5d_Retiro Tienda Ripley El Trébol;Pantoja;Valeria;;"Avenida Jorge Alessandri 3177 ";" 3er Piso. Modulo Retiro en Tienda";;;TALCAHUANO;VIII REGION;CL;Figueroa;Daniel;;Lourdes 179;;;;TALCAHUANO;VIII REGION;CL;16990;0;990;0;17980;0;CLP
000000519418;23434667502-A;02/04/2025 17:19:22;Reembolsado;28990;0;28990;5218;0.0000;23772;1;FULFILLMENT-GILET ESPALDA AJUSTABLE BURDEO NICOPOLY;MPM10002146379-2;N04273TM-6-FF;02/04/2025 17:19:23;FF_MATRIX_STS;D Collao;Constanza;;"Sucre 290, Viña ";5to Piso. Modulo Retiro en Tienda;;;VI.A DEL MA;V REGION;CL;D Collao;Constanza;;Eduardo tittus 410 410;;;;VI.A DEL MA;V REGION;CL;28990;0;0;0;28990;0;CLP
000000519418;23434667501-A;02/04/2025 17:19:22;Reembolsado;23990;0;23990;4318;0.0000;19672;1;PANTALÓN MUJER NICOPOLY BURDEO PINZAS RECTO;MPM10001497453-3;N04298TM;02/04/2025 17:19:24;5d_Retiro Tienda Ripley Viña del Mar Sucre;D Collao;Constanza;;"Sucre 290, Viña ";5to Piso. Modulo Retiro en Tienda;;;VI.A DEL MA;V REGION;CL;D Collao;Constanza;;Eduardo tittus 410 410;;;;VI.A DEL MA;V REGION;CL;23990;0;0;0;23990;0;CLP
000000519418;23434667501-A;02/04/2025 17:19:22;Reembolsado;29990;0;29990;5398;0.0000;24592;1;CÁRDIGAN MULTICOLOR FLORES 3D CAFÉ NICOPOLY;MPM10001735010-2;N05109UM;02/04/2025 17:19:24;5d_Retiro Tienda Ripley Viña del Mar Sucre;D Collao;Constanza;;"Sucre 290, Viña ";5to Piso. Modulo Retiro en Tienda;;;VI.A DEL MA;V REGION;CL;D Collao;Constanza;;Eduardo tittus 410 410;;;;VI.A DEL MA;V REGION;CL;29990;0;0;0;29990;0;CLP
000000519418;23434667501-A;02/04/2025 17:19:22;Reembolsado;18740;0;18740;3373;0.0000;15367;1;SHORT BÁSICO TIRO ALTO BURDEO NICOPOLY;MPM10002122155-1;N05260TM;02/04/2025 17:19:24;5d_Retiro Tienda Ripley Viña del Mar Sucre;D Collao;Constanza;;"Sucre 290, Viña ";5to Piso. Modulo Retiro en Tienda;;;VI.A DEL MA;V REGION;CL;D Collao;Constanza;;Eduardo tittus 410 410;;;;VI.A DEL MA;V REGION;CL;18740;0;0;0;18740;0;CLP
000000519418;23435028101-A;02/04/2025 19:07:49;Reembolsado;44990;8990;53980;8098;0.0000;36892;1;TRENCH TIPO GAMUZA CAFÉ NICOPOLY;MPM10002635821-1;N05001OL-6;02/04/2025 19:07:50;Flujo Crossdock- Ripley PAQ;Cordova;Eunice;;Brasil 370;S/N;;;LOS ANDES;V REGION;CL;Cordova;Eunice;;Brasil 370;;;;LOS ANDES;V REGION;CL;44990;0;8990;0;53980;0;CLP
000000519418;23435133201-A;02/04/2025 19:36:42;Reembolsado;56240;495;56735;10123;0.0000;46117;1;ABRIGO LARGO LAZO CAMEL NICOPOLY;MPM10002646329-1;N04227LS-6;02/04/2025 19:36:44;4d_Retiro Tienda Ripley Plaza Vespucio;Nunez Parada;Nicole Angela;;"Av. Vicuña Mackenna Ote. 7110, La Florida ";3er Piso. Modulo Retiro en Tienda;;;LA FLORIDA;REG.METROPOLITANA;CL;Nunez Parada;Nicole Angela;;Socaire 435;;;;LA FLORIDA;REG.METROPOLITANA;CL;56240;0;495;0;56735;0;CLP
000000519418;23435133201-A;02/04/2025 19:36:42;Reembolsado;40490;495;40985;7288;0.0000;33202;1;TRENCH HEBILLA OLIVA NICOPOLY;MPM10002635820-1;N05051MS-6;02/04/2025 19:36:44;4d_Retiro Tienda Ripley Plaza Vespucio;Nunez Parada;Nicole Angela;;"Av. Vicuña Mackenna Ote. 7110, La Florida ";3er Piso. Modulo Retiro en Tienda;;;LA FLORIDA;REG.METROPOLITANA;CL;Nunez Parada;Nicole Angela;;Socaire 435;;;;LA FLORIDA;REG.METROPOLITANA;CL;40490;0;495;0;40985;0;CLP
000000519418;23435317001-A;02/04/2025 20:34:06;Reembolsado;26990;0;26990;4858;0.0000;22132;1;FULFILLMENT-PANTALÓN RECTO CON PINZAS BURDEO NICOPOLY;MPM10002146368-1;N04277TM-6-FF;02/04/2025 20:34:07;FF_MATRIX_STS;Badal;Maria Fernanda;;"Avenida Andrés Bello 2422 ";" 1er Piso. Modulo Retiro en Tienda";;;PROVIDENCIA;REG.METROPOLITANA;CL;Badal;Maria Fernanda;;Avenid Ricardo lyon 3300;;;;PROVIDENCIA;REG.METROPOLITANA;CL;26990;0;0;0;26990;0;CLP
000000519418;23435335701-A;02/04/2025 20:38:18;Reembolsado;49990;0;49990;8998;0.0000;40992;1;FULFILLMENT-BLAZER LARGO CUELLO CRUZADO VERDE OSCURO NICOPOLY;MPM10002146366-2;N05299EL-FF;02/04/2025 20:38:19;FF_MATRIX_STS;Tapia Tapia;"Silvia Elena ";;"Arturo Prat 530 ";" 4to Piso. Servicio al Cliente";;;ANTOFAGASTA;II REGION;CL;Tapia Tapia;"Silvia Elena ";;Antonino Toro 1194;;;;ANTOFAGASTA;II REGION;CL;49990;0;0;0;49990;0;CLP
000000519418;23435603801-A;02/04/2025 21:34:30;Cerrado;28290;990;29280;5092;0.0000;23198;1;VESTIDO SWEATER MIDI ROJO NICOPOLY;MPM10002160525-2;N05211DS;02/04/2025 21:34:32;8d_Retiro Tienda Ripley Coquimbo;Torres Saavedra;Makarena Alejandra;;"Baquedano 86 ";" 1er Piso. Servicio al Cliente";;;COQUIMBO;IV REGION;CL;Torres Saavedra;Makarena Alejandra;;Humberto rivera 1456;;;;COQUIMBO;IV REGION;CL;28290;0;990;0;29280;0;CLP
000000519418;23435967201-A;02/04/2025 22:45:19;Cerrado;52490;8990;61480;9448;0.0000;43042;1;ABRIGO SOLAPA REDONDA UVA NICOPOLY;MPM10002646314-2;N05252ZXL;02/04/2025 22:45:21;Flujo Crossdock- Ripley PAQ;Melio Gonzlez;Cecilia;;Luis zuñiga las vertientes 383;Casa;;;PUCON;IX REGION;CL;Melio Gonzlez;Cecilia;;Luis zuñiga las vertientes 383;;;;PUCON;IX REGION;CL;52490;0;8990;0;61480;0;CLP
000000519418;23436024501-A;02/04/2025 22:57:09;Reembolsado;43490;990;44480;7828;0.0000;35662;1;CHAQUETA CORTA IMPERMEABLE NEGRO NICOPOLY;MPM10002635843-3;N05190BL;02/04/2025 22:57:10;10d_Retiro Tienda Ripley Pto. Montt Costanera;Cardenas;Catalina;;"Juan Soler Manfredini 10 ";" 6to Piso. Modulo Retiro en Tienda";;;PTO.MONTT;X REGION;CL;Cardenas;Catalina;;Mazatlan 13;;;;PTO.MONTT;X REGION;CL;43490;0;990;0;44480;0;CLP
000000519418;23436197801-A;02/04/2025 23:30:04;Cerrado;41790;495;42285;7522;0.0000;34268;1;VESTIDO LARGO FIESTA BURDEO NICOPOLY;MPM10002627258-1;N05305TM;02/04/2025 23:30:06;10d_Retiro Tienda Ripley Portal Temuco;Gallardo;Jahzieel;;"Avenida Alemania 0671 ";3er Piso, Modulo Retiro en Tienda;;;TEMUCO;IX REGION;CL;Gallardo;Jahzieel;;San Petersburgo  1476;;;;TEMUCO;IX REGION;CL;41790;0;495;0;42285;0;CLP
000000519418;23436197801-A;02/04/2025 23:30:04;Cerrado;41790;495;42285;7522;0.0000;34268;1;VESTIDO LARGO FIESTA BURDEO NICOPOLY;MPM10002627258-3;N05305TL;02/04/2025 23:30:06;10d_Retiro Tienda Ripley Portal Temuco;Gallardo;Jahzieel;;"Avenida Alemania 0671 ";3er Piso, Modulo Retiro en Tienda;;;TEMUCO;IX REGION;CL;Gallardo;Jahzieel;;San Petersburgo  1476;;;;TEMUCO;IX REGION;CL;41790;0;495;0;42285;0;CLP
000000519418;23436478801-A;03/04/2025 01:12:29;Cerrado;13390;990;14380;2410;0.0000;10980;1;BODY ESCOTE ENCAJE BLANCO NICOPOLY;MPM10001878089-2;N02151AS-5;03/04/2025 01:12:31;5d_Retiro Tienda Ripley El Trébol;Altamirano;Paula;;"Avenida Jorge Alessandri 3177 ";" 3er Piso. Modulo Retiro en Tienda";;;TALCAHUANO;VIII REGION;CL;Altamirano;Paula;;JUAN GUILLERMO SOSA 1087;;;;TALCAHUANO;VIII REGION;CL;13390;0;990;0;14380;0;CLP
000000519418;23436699101-A;03/04/2025 08:46:15;Cerrado;9990;990;10980;1798;0.0000;8192;1;CROP TOP JASPEADO CELESTE NICOPOLY;MPM10001849443-2;N05021KL;03/04/2025 08:46:16;14d_Retiro Tienda Ripley Arica;"Canque ";Noemi;;"Av. Diego Portales 640, Arica ";2do Piso. Modulo Retiro en Tienda;;;ARICA;XV REGION;CL;"Canque ";Noemi;;Humberto arrellano Figueroa  0182;;;;ARICA;XV REGION;CL;9990;0;990;0;10980;0;CLP
000000519418;23436774501-A;03/04/2025 09:29:50;Cerrado;40490;990;41480;7288;0.0000;33202;1;TRENCH HEBILLA MOSTAZA NICOPOLY;MPM10002635823-2;N05051UM-6;03/04/2025 09:29:52;5d_Retiro Tienda Ripley Los Ángeles;Obreque;Silvia;;"Valdivia 440, Los Angeles ";" 3er Piso. Servicio al Cliente";;;LOS ANGELES;VIII REGION;CL;Obreque;Silvia;;SECTOR LAS CAMELIAS ALTAS 2 189;;;;LOS ANGELES;VIII REGION;CL;40490;0;990;0;41480;0;CLP
000000519418;23437010302-A;03/04/2025 11:02:12;Reembolsado;49990;0;49990;8998;0.0000;40992;1;FULFILLMENT-BLAZER LARGO CUELLO CRUZADO NEGRO NICOPOLY;MPM10002146369-2;N05299BL-FF;03/04/2025 11:02:14;FF_MATRIX;Sanchez;Nancy;;Fermin vivaceta 3627;Casa;;;CONCHALI;REG.METROPOLITANA;CL;Sanchez;Nancy;;Fermin vivaceta 3627;;;;CONCHALI;REG.METROPOLITANA;CL;49990;0;0;0;49990;0;CLP
000000519418;23437073201-A;03/04/2025 11:27:09;Cerrado;16490;0;16490;2968;0.0000;13522;1;SWEATER MANGAS DETALLES PERLAS CELESTE NICOPOLY;MPM10002160488-3;N03095KM-6;03/04/2025 11:27:10;8d_Retiro Tienda Ripley Castellón;"Jorquera ";"Benito ";;"Castellon 520, Concepcion ";6to Piso. Servicio al Cliente;;;CONCEPCION;VIII REGION;CL;Chavarria;Maria Ignacia;;Calle valencia  894;;;;CONCEPCION;VIII REGION;CL;16490;0;0;0;16490;0;CLP
000000519418;23437281501-A;03/04/2025 12:32:17;Cerrado;9990;990;10980;1798;0.0000;8192;1;CHALECO PIED DE POULE CAFÉ NICOPOLY;MPM00044384970-2;N02219UL;03/04/2025 12:32:19;18d_Retiro Tienda Ripley Punta Arenas;Alexia;Orietta;;"Avda. E Frei Montalva 01110 Local 194 ";" 2do Piso. Servicio al Cliente";;;PTA.ARENAS;XII REGION;CL;Alexia;Orietta;;Uno poniente  2267;;;;PTA.ARENAS;XII REGION;CL;9990;0;990;0;10980;0;CLP
000000519418;23437775901-A;03/04/2025 15:02:13;Reembolsado;49780;0;49780;8960;0.0000;40820;2;PANTALÓN BÁSICO PIERNA ANCHA KHAKI NICOPOLY;MPM10002128947-1;N05203LL;03/04/2025 15:02:14;4d_Retiro Tienda Ripley Florida Center;Burgos;Claudia;;"Vicuña Mackenna Oriente 6100, La Florida ";3er Piso. Modulo Retiro en Tienda;;;LA FLORIDA;REG.METROPOLITANA;CL;Burgos;Claudia;;camino del convento 6705;;;;LA FLORIDA;REG.METROPOLITANA;CL;49780;0;0;0;49780;0;CLP
000000519418;23438010101-A;03/04/2025 16:03:35;Reembolsado;28290;990;29280;5092;0.0000;23198;1;PANTALÓN CARROT KHAKI NICOPOLY;MPM10002128952-1;N05242LM;03/04/2025 16:03:37;4d_Retiro Tienda Ripley Costanera Center;Oteiza;Claudia;;"Avenida Andrés Bello 2422 ";" 1er Piso. Modulo Retiro en Tienda";;;PROVIDENCIA;REG.METROPOLITANA;CL;Oteiza;Claudia;;Salvador Gutiérrez  4424;;;;PROVIDENCIA;REG.METROPOLITANA;CL;28290;0;990;0;29280;0;CLP
000000519418;23438031001-A;03/04/2025 16:10:31;Cerrado;39990;990;40980;7198;0.0000;32792;1;BLAZER LARGO MANGA DRAPEADA KHAKI NICOPOLY;MPM10001465243-1;N04262LL;03/04/2025 16:10:32;5d_Retiro Tienda Ripley Chillán;López Ortiz;Karen Ivette;;"5 de Abril 699 ";4to Piso. Centro de atención al Cliente;;;CHILLAN;VIII REGION;CL;López Ortiz;Karen Ivette;;PARQUE ALAMEDA CALLE RAPANUI 0345;;;;CHILLAN;VIII REGION;CL;39990;0;990;0;40980;0;CLP
000000519418;23438544101-A;03/04/2025 18:38:15;Cerrado;20190;990;21180;3634;0.0000;16556;1;CÁRDIGAN CROP PERLAS ROJO NICOPOLY;MPM10002160522-2;N05227DS;03/04/2025 18:38:16;10d_Retiro Tienda Ripley Pto. Montt Costanera;Aumen Iturra;Maria Carolina;;"Juan Soler Manfredini 10 ";" 6to Piso. Modulo Retiro en Tienda";;;PTO.MONTT;X REGION;CL;Aumen Iturra;Maria Carolina;;Pasaje huaravillo 345;;;;PTO.MONTT;X REGION;CL;20190;0;990;0;21180;0;CLP
000000519418;23438648001-A;03/04/2025 19:15:40;Cerrado;59990;990;60980;10798;0.0000;49192;1;ABRIGO 4 BOTONES AZUL ELÉCTRICO NICOPOLY;MPM10002646307-1;N05155CM;03/04/2025 19:15:41;5d_Retiro Tienda Ripley Los Ángeles;Obreque;Silvia;;"Valdivia 440, Los Angeles ";" 3er Piso. Servicio al Cliente";;;LOS ANGELES;VIII REGION;CL;Obreque;Silvia;;SECTOR LAS CAMELIAS ALTAS 2 189;;;;LOS ANGELES;VIII REGION;CL;59990;0;990;0;60980;0;CLP
000000519418;23438807501-A;03/04/2025 20:07:20;Reembolsado;52490;3990;56480;9448;0.0000;43042;1;ABRIGO SOLAPA REDONDA NEGRONICOPOLY;MPM10002646294-4;N05252BXL;03/04/2025 20:07:21;Flujo Same day BX;Vergara;Leyla;;Jorge Giles  1565;S/N;;;CERRO NAVIA;REG.METROPOLITANA;CL;Vergara;Leyla;;Jorge Giles  1565;;;;CERRO NAVIA;REG.METROPOLITANA;CL;52490;0;3990;0;56480;0;CLP
000000519418;23438963701-A;03/04/2025 20:57:35;Reembolsado;52490;990;53480;9448;0.0000;43042;1;ABRIGO SOLAPA REDONDA UVA NICOPOLY;MPM10002646314-2;N05252ZXL;03/04/2025 20:57:36;5d_Retiro Tienda Ripley El Trébol;Jara;Patricia;;"Avenida Jorge Alessandri 3177 ";" 3er Piso. Modulo Retiro en Tienda";;;TALCAHUANO;VIII REGION;CL;Jara;Patricia;;San mateo 573;;;;TALCAHUANO;VIII REGION;CL;52490;0;990;0;53480;0;CLP
000000519418;23439983201-A;04/04/2025 05:30:09;Cerrado;14790;0;14790;2662;0.0000;12128;1;SWEATER MANGAS DETALLES PERLAS CELESTE NICOPOLY;MPM10002160488-3;N03095KM-6;04/04/2025 05:30:11;5d_Retiro Tienda Ripley Mall Concepción;Jara;Lorena;;"Barros Arana 1068, Concepcion ";" 3er Piso. Modulo Retiro en Tienda";;;CONCEPCION;VIII REGION;CL;Jara;Lorena;;Avenida Dos Sur 321;;;;CONCEPCION;VIII REGION;CL;14790;0;0;0;14790;0;CLP
000000519418;23440125701-A;04/04/2025 09:05:56;Cerrado;44990;990;45980;8098;0.0000;36892;1;ABRIGO BOUCLÉ KHAKI NICOPOLY;MPM10002646794-4;N05163LM;04/04/2025 09:05:58;5d_Retiro Tienda Ripley Los Ángeles;Villagran;Karina Valentina;;"Valdivia 440, Los Angeles ";" 3er Piso. Servicio al Cliente";;;LOS ANGELES;VIII REGION;CL;Villagran;Karina Valentina;;Teniente luis cruz martinez 80;;;;LOS ANGELES;VIII REGION;CL;44990;0;990;0;45980;0;CLP
000000519418;23440818601-A;04/04/2025 12:22:46;Reembolsado;43490;990;44480;7828;0.0000;35662;1;CHAQUETA CORTA IMPERMEABLE NEGRO NICOPOLY;MPM10002635843-2;N05190BS;04/04/2025 12:22:48;5d_Retiro Tienda Ripley Chillán;"Fuentes ";"Karina ";;"5 de Abril 699 ";4to Piso. Centro de atención al Cliente;;;CHILLAN;VIII REGION;CL;Bermudez;Luis;;Felipe camiroaga 114;;;;CHILLAN;VIII REGION;CL;43490;0;990;0;44480;0;CLP
000000519418;23441382701-A;04/04/2025 15:12:41;Reembolsado;44990;990;45980;8098;0.0000;36892;1;ABRIGO BOUCLÉ KHAKI NICOPOLY;MPM10002646794-4;N05163LM;04/04/2025 15:12:42;4d_Retiro Tienda Ripley Florida Center;Tello;"Ana ";;"Vicuña Mackenna Oriente 6100, La Florida ";3er Piso. Modulo Retiro en Tienda;;;LA FLORIDA;REG.METROPOLITANA;CL;Opazo;Sergio;;Pasaje 14 1109;;;;LA FLORIDA;REG.METROPOLITANA;CL;44990;0;990;0;45980;0;CLP
000000519418;23441580801-A;04/04/2025 16:25:52;Cerrado;32990;0;32990;5938;0.0000;27052;1;CHAQUETA CUELLO CAMISERO ECOCUERO NEGRO NICOPOLY;MPM10001383864-1;N04228BXL;04/04/2025 16:25:54;5d_Retiro Tienda Ripley Los Ángeles;Pino;"Alexandra ";;"Valdivia 440, Los Angeles ";" 3er Piso. Servicio al Cliente";;;LOS ANGELES;VIII REGION;CL;Sepúlveda;Benjamín;;Lynch 296;;;;LOS ANGELES;VIII REGION;CL;32990;0;0;0;32990;0;CLP
000000519418;23441621502-A;04/04/2025 16:38:54;Reembolsado;13390;330;13720;2410;0.0000;10980;1;VESTIDO MUJER NICOPOLY NEGRO HOLGADO CON MANGAS CALADAS;MPM10001919205-2;N05120BM;04/04/2025 16:38:56;4d_Retiro Tienda Ripley Alameda;Reyes;Maritza;;"Av Libertador Bernardo O'Higgins 3470, Santiago ";3er Piso. Modulo Retiro en Tienda;;;EST.CENTRAL;REG.METROPOLITANA;CL;Reyes;Maritza;;Carrascal 6209;;;;EST.CENTRAL;REG.METROPOLITANA;CL;13390;0;330;0;13720;0;CLP
000000519418;23441621502-A;04/04/2025 16:38:54;Reembolsado;15190;330;15520;2734;0.0000;12456;1;VESTIDO CORTO MUJER NICOPOLY CELESTE ABERTURAS MANGAS;MPM10001849480-4;N02336KM-5;04/04/2025 16:38:56;4d_Retiro Tienda Ripley Alameda;Reyes;Maritza;;"Av Libertador Bernardo O'Higgins 3470, Santiago ";3er Piso. Modulo Retiro en Tienda;;;EST.CENTRAL;REG.METROPOLITANA;CL;Reyes;Maritza;;Carrascal 6209;;;;EST.CENTRAL;REG.METROPOLITANA;CL;15190;0;330;0;15520;0;CLP
000000519418;23441621502-A;04/04/2025 16:38:54;Reembolsado;15190;330;15520;2734;0.0000;12456;1;VESTIDO CORTO MUJER NICOPOLY NEGRO ABERTURAS MANGAS;MPM10001849481-1;N02336BM-5;04/04/2025 16:38:56;4d_Retiro Tienda Ripley Alameda;Reyes;Maritza;;"Av Libertador Bernardo O'Higgins 3470, Santiago ";3er Piso. Modulo Retiro en Tienda;;;EST.CENTRAL;REG.METROPOLITANA;CL;Reyes;Maritza;;Carrascal 6209;;;;EST.CENTRAL;REG.METROPOLITANA;CL;15190;0;330;0;15520;0;CLP
000000519418;23441734401-A;04/04/2025 17:17:50;Reembolsado;17490;495;17985;3148;0.0000;14342;1;CALZA SKINNY VICHY CON CIERRE BLANCO/NEGRO NICOPOLY;MPM10002122148-3;N03033AM-6;04/04/2025 17:17:52;5d_Retiro Tienda Ripley Quilpué;Venegas;Catalina;;"Claudio Vicuña 992, Quilpue ";" 3er Piso. Modulo Retiro en Tienda";;;QUILPUE;V REGION;CL;Venegas;Catalina;;Freire  1154;;;;QUILPUE;V REGION;CL;17490;0;495;0;17985;0;CLP
000000519418;23441734401-A;04/04/2025 17:17:51;Reembolsado;17490;495;17985;3148;0.0000;14342;1;CALZA SKINNY VICHY CON CIERRE AZUL/NEGRO NICOPOLY;MPM10002122139-2;N03033CM-6;04/04/2025 17:17:52;5d_Retiro Tienda Ripley Quilpué;Venegas;Catalina;;"Claudio Vicuña 992, Quilpue ";" 3er Piso. Modulo Retiro en Tienda";;;QUILPUE;V REGION;CL;Venegas;Catalina;;Freire  1154;;;;QUILPUE;V REGION;CL;17490;0;495;0;17985;0;CLP
000000519418;23441917501-A;04/04/2025 18:32:42;Cerrado;33740;990;34730;6073;0.0000;27667;1;CHAQUETA CORTA TIPO GAMUZA CAMEL NICOPOLY;MPM10002635827-4;N05173UM;04/04/2025 18:32:43;10d_Retiro Tienda Ripley Calama;Vera;Juan;;"Balmaceda 3242, Calama ";" 2do Piso. Servicio al Cliente";;;CALAMA;II REGION;CL;Vera;Juan;;Vicuña Mackenna 3256;;;;CALAMA;II REGION;CL;33740;0;990;0;34730;0;CLP
000000519418;23442027901-A;04/04/2025 19:12:31;Cerrado;21490;0;21490;3868;0.0000;17622;1;CALZA CUADRILLÉ PIE DE POULE CAFÉ NICOPOLY;MPM10002160476-2;N05202LM;04/04/2025 19:12:32;4d_Retiro Tienda Ripley Plaza Egaña;Monje;Mabel;;"Larrain 5800 ";" 3er Piso. Modulo Retiro en Tienda";;;NUNOA;REG.METROPOLITANA;CL;Monje;Mabel;;HACIENDA MACUL 5505;;;;NUNOA;REG.METROPOLITANA;CL;21490;0;0;0;21490;0;CLP
000000519418;23442027901-A;04/04/2025 19:12:31;Cerrado;14290;0;14290;2572;0.0000;11718;1;LEGGINS MUJER NICOPOLY BURDEO LEGGING TIRO ALTO COSTURAS FRONTALES;MPM00089316440-1;N03032TM;04/04/2025 19:12:32;4d_Retiro Tienda Ripley Plaza Egaña;Monje;Mabel;;"Larrain 5800 ";" 3er Piso. Modulo Retiro en Tienda";;;NUNOA;REG.METROPOLITANA;CL;Monje;Mabel;;HACIENDA MACUL 5505;;;;NUNOA;REG.METROPOLITANA;CL;14290;0;0;0;14290;0;CLP
000000519418;23442073701-A;04/04/2025 19:31:44;Reembolsado;59990;495;60485;10798;0.0000;49192;1;ABRIGO TIPO PAÑO 2 BOTONES ÓXIDO NICOPOLY;MPM10002646308-2;N05157US;04/04/2025 19:31:46;10d_Retiro Tienda Ripley Calama;Godoy;Rosalia;;"Balmaceda 3242, Calama ";" 2do Piso. Servicio al Cliente";;;CALAMA;II REGION;CL;Godoy;Rosalia;;Tocopilla 2349;;;;CALAMA;II REGION;CL;59990;0;495;0;60485;0;CLP
000000519418;23442325901-A;04/04/2025 21:11:33;Reembolsado;59990;990;60980;10798;0.0000;49192;1;ABRIGO 4 BOTONES MORADO NICOPOLY;MPM10002646298-2;N05155ZM;04/04/2025 21:11:35;4d_Retiro Tienda Ripley Plaza Egaña;Reyes;Carla;;"Larrain 5800 ";" 3er Piso. Modulo Retiro en Tienda";;;NUNOA;REG.METROPOLITANA;CL;Reyes;Carla;;Simon Bolivar  5428;;;;NUNOA;REG.METROPOLITANA;CL;59990;0;990;0;60980;0;CLP
000000519418;23442863101-A;05/04/2025 00:12:10;Reembolsado;43490;3990;47480;7828;0.0000;35662;1;CHAQUETA CORTA IMPERMEABLE OLIVA NICOPOLY;MPM10002635844-1;N05190MS;05/04/2025 00:12:12;Flujo Same day BX;"Sanchez ";"Valentina ";;San pablo 4135;1710;;;QTA. NORMAL;REG.METROPOLITANA;CL;"Sanchez ";"Valentina ";;San pablo 4135;;;;QTA. NORMAL;REG.METROPOLITANA;CL;43490;0;3990;0;47480;0;CLP
000000519418;23442915901-A;05/04/2025 00:39:10;Reembolsado;42740;990;43730;7693;0.0000;35047;1;CHAQUETA LARGA IMPERMEABLE NEGRO NICOPOLY;MPM10002646291-2;N05191BM;05/04/2025 00:39:12;11d_Retiro Tienda Ripley Temuco;Cumilaf;Juana;;"Arturo Prat 656, Temuco ";2do Piso. Modulo Retiro en Tienda;;;TEMUCO;IX REGION;CL;Cumilaf;Juana;;ACEVEDO  591;;;;TEMUCO;IX REGION;CL;42740;0;990;0;43730;0;CLP
000000519418;23443055001-A;05/04/2025 06:34:06;Cerrado;16990;0;16990;3058;0.0000;13932;1;CÁRDIGAN CORTO BOTONES MAGENTA NICOPOLY;MPM00044384794-1;N02288SL;05/04/2025 06:34:08;5d_Retiro Tienda Ripley Talca;Munoz Aguilar;Andrea;;"8 Oriente 1212 ";" 2do Piso. Modulo Retiro en Tienda";;;TALCA;VII REGION;CL;Munoz Aguilar;Andrea;;25 1/2 Oriente. villa Bicentenario 3139;;;;TALCA;VII REGION;CL;16990;0;0;0;16990;0;CLP
000000519418;23443055001-A;05/04/2025 06:34:06;Cerrado;22990;0;22990;4138;0.0000;18852;1;SOBRECAMISA TIPO PANA BROCHES BLANCO NICOPOLY;MPM10001713148-2;N05050AL;05/04/2025 06:34:08;5d_Retiro Tienda Ripley Talca;Munoz Aguilar;Andrea;;"8 Oriente 1212 ";" 2do Piso. Modulo Retiro en Tienda";;;TALCA;VII REGION;CL;Munoz Aguilar;Andrea;;25 1/2 Oriente. villa Bicentenario 3139;;;;TALCA;VII REGION;CL;22990;0;0;0;22990;0;CLP
000000519418;23443360301-A;05/04/2025 11:33:51;Cerrado;20240;0;20240;3643;0.0000;16597;1;SWEATER BÁSICO CUELLO REDONDO MAGENTA NICOPOLY;MPM10002160475-2;N04248ZL-6;05/04/2025 11:33:53;5d_Retiro Tienda Ripley El Trébol;Millabur;Hector;;"Avenida Jorge Alessandri 3177 ";" 3er Piso. Modulo Retiro en Tienda";;;TALCAHUANO;VIII REGION;CL;Caamao;Natali;;CHAITEN 8024;;;;TALCAHUANO;VIII REGION;CL;20240;0;0;0;20240;0;CLP
000000519418;23443413101-A;05/04/2025 11:52:09;Cerrado;23990;0;23990;4318;0.0000;19672;1;SWEATER MANGA MUERCIÉLAGO BLANCO INVIERNO NICOPOLY;MPM10002661616-1;N05297AF;05/04/2025 11:52:10;10d_Retiro Tienda Ripley Antofagasta;Brelo;Daisy;;"Arturo Prat 530 ";" 4to Piso. Servicio al Cliente";;;ANTOFAGASTA;II REGION;CL;Brelo;Daisy;;Avenida Edmundo Pérez Zujovic 10880;;;;ANTOFAGASTA;II REGION;CL;23990;0;0;0;23990;0;CLP
000000519418;23443682201-A;05/04/2025 13:46:47;Cerrado;28290;0;28290;5092;0.0000;23198;1;PANTALÓN CARROT NEGRO NICOPOLY;MPM10002128950-1;N05242BL;05/04/2025 13:46:48;10d_Retiro Tienda Ripley Pto. Montt Costanera;Arevalo;Gabriela;;"Juan Soler Manfredini 10 ";" 6to Piso. Modulo Retiro en Tienda";;;PTO.MONTT;X REGION;CL;Vargas;Gloria;;Joan Trujillo Alexander Simón 1173;;;;PTO.MONTT;X REGION;CL;28290;0;0;0;28290;0;CLP
000000519418;23443682201-A;05/04/2025 13:46:47;Reembolsado;19490;0;19490;3508;0.0000;15982;1;SWEATER COLOR BLOCK GRIS NICOPOLY;MPM10002627255-1;N05310NL;05/04/2025 13:46:48;10d_Retiro Tienda Ripley Pto. Montt Costanera;Arevalo;Gabriela;;"Juan Soler Manfredini 10 ";" 6to Piso. Modulo Retiro en Tienda";;;PTO.MONTT;X REGION;CL;Vargas;Gloria;;Joan Trujillo Alexander Simón 1173;;;;PTO.MONTT;X REGION;CL;19490;0;0;0;19490;0;CLP
000000519418;23443703801-A;05/04/2025 13:58:02;Reembolsado;26240;0;26240;4723;0.0000;21517;1;FULFILLMENT-PANTALÓN PIERNA ANCHA CON PASADOR ROJO OSCURO NICOPOLY;MPM10002146395-2;N05298DL-FF;05/04/2025 13:58:03;FF_MATRIX_STS;Alarcn;Daniela;;"Avenida Alemania 0671 ";3er Piso, Modulo Retiro en Tienda;;;TEMUCO;IX REGION;CL;Alarcn;Daniela;;Brasil 324;;;;TEMUCO;IX REGION;CL;26240;0;0;0;26240;0;CLP
000000519418;23444093201-A;05/04/2025 16:19:56;Reembolsado;39740;3990;43730;7153;0.0000;32587;1;TRENCH LAZO HEBILLA NEGRO NICOPOLY;MPM10002635819-1;N05182BL;05/04/2025 16:19:57;Flujo Same day BX;Millacaris;Silvia;;los americanos 0242;casa;;;QUILICURA;REG.METROPOLITANA;CL;Millacaris;Silvia;;los americanos 0242;;;;QUILICURA;REG.METROPOLITANA;CL;39740;0;3990;0;43730;0;CLP
000000519418;23444738101-A;05/04/2025 19:52:18;Reembolsado;21990;990;22980;3958;0.0000;18032;1;ENTERITO MUJER NICOPOLY NEGRO DETALLES DORADOS HOMBROS;MPM00081462786-1;N03017BS;05/04/2025 19:52:19;5d_Retiro Tienda Ripley Valparaíso;Astudillo;Cristian;;"Plaza Victoria 1646 ";" 4to Piso. Servicio al Cliente";;;VALPARAISO;V REGION;CL;Zevallos;Carla;;terravista  102;;;;VALPARAISO;V REGION;CL;21990;0;990;0;22980;0;CLP
000000519418;23445035301-A;05/04/2025 21:18:02;Reembolsado;36990;3990;40980;6658;0.0000;30332;1;PARKA QUILT BROCHES GRIS BRILLANTE NICOPOLY;MPM10001383859-2;N04148NS;05/04/2025 21:18:03;Flujo Same day BX;Sayes;Francisca;;Santa amalia 0161;207;;;LA FLORIDA;REG.METROPOLITANA;CL;Sayes;Francisca;;Santa amalia 0161;;;;LA FLORIDA;REG.METROPOLITANA;CL;36990;0;3990;0;40980;0;CLP
000000519418;23445244001-A;05/04/2025 22:16:29;Cerrado;13390;0;13390;2410;0.0000;10980;1;CALZA MUJER NICOPOLY BURDEO LISA CON CIERRE S;MPM10001465170-1;N04295TL;05/04/2025 22:16:30;4d_Retiro Tienda Ripley Plaza Egaña;Gonzalez;Carolina;;"Larrain 5800 ";" 3er Piso. Modulo Retiro en Tienda";;;NUNOA;REG.METROPOLITANA;CL;Gonzalez;Carolina;;Magdalena  181;;;;NUNOA;REG.METROPOLITANA;CL;13390;0;0;0;13390;0;CLP
000000519418;23445337701-A;05/04/2025 22:48:42;Reembolsado;42740;990;43730;7693;0.0000;35047;1;CHAQUETA LARGA IMPERMEABLE NEGRO NICOPOLY;MPM10002646291-2;N05191BM;05/04/2025 22:48:43;5d_Retiro Tienda Ripley Rancagua;Galaz Romero;Maria Angelica;;"José Domingo Mujica 490 ";" 3er Piso. Modulo Retiro en Tienda";;;RANCAGUA;VI REGION;CL;Galaz Romero;Maria Angelica;;Av Estadio Marista  126;;;;RANCAGUA;VI REGION;CL;42740;0;990;0;43730;0;CLP
000000519418;23445765801-A;06/04/2025 01:16:23;Reembolsado;42740;990;43730;7693;0.0000;35047;1;CHAQUETA LARGA IMPERMEABLE NEGRO NICOPOLY;MPM10002646291-1;N05191BL;06/04/2025 01:16:25;6d_Retiro Tienda Ripley Nueva Valdivia;Guinel;Marcia;;"Arauco 561 ";" 3er Piso. Servicio al Cliente";;;VALDIVIA;XIV REGION;CL;Guinel;Angela;;Santa fe 1846;;;;VALDIVIA;XIV REGION;CL;42740;0;990;0;43730;0;CLP
000000519418;23445782201-A;06/04/2025 01:43:42;Reembolsado;37490;0;37490;6748;0.0000;30742;1;FULFILLMENT-ENTERITO CRUZADO 2 BOTONES NEGRO NICOPOLY;MPM10002146398-3;N05308BM-FF;06/04/2025 01:43:43;FF_MATRIX;Rojas;Pamela;;Tercera Avenida 1260;154;;;SAN MIGUEL;REG.METROPOLITANA;CL;Rojas;Pamela;;Tercera Avenida 1260;;;;SAN MIGUEL;REG.METROPOLITANA;CL;37490;0;0;0;37490;0;CLP
000000519418;23445893401-A;06/04/2025 08:24:27;Reembolsado;37090;0;37090;6676;0.0000;30414;1;CHAQUETA BIKER NEGRO NICOPOLY;MPM10002617343-3;N02107BL-6;06/04/2025 08:24:29;5d_Retiro Tienda Ripley La Calera;Gonzalez;Camila;;"JJ Perez 90, La Calera ";" 2do Piso. Modulo Retiro en Tienda";;;CALERA;V REGION;CL;Gonzalez;Camila;;Av las araucarias  1490;;;;CALERA;V REGION;CL;37090;0;0;0;37090;0;CLP
000000519418;23446037601-A;06/04/2025 09:57:17;Cerrado;16990;495;17485;3058;0.0000;13932;1;PANTALÓN MUJER NICOPOLY NEGRO RECTO COSTURA FRONTAL;MPM10001713171-3;N04301BS-5;06/04/2025 09:57:19;5d_Retiro Tienda Ripley Valparaíso;Astorga;Suany;;"Plaza Victoria 1646 ";" 4to Piso. Servicio al Cliente";;;VALPARAISO;V REGION;CL;Astorga;Suany;;Andacollo 38;;;;VALPARAISO;V REGION;CL;16990;0;495;0;17485;0;CLP
000000519418;23446037601-A;06/04/2025 09:57:17;Cerrado;16990;495;17485;3058;0.0000;13932;1;PANTALÓN MUJER NICOPOLY BURDEO CON COSTURAS FRONTALES RECTO;MPM10001448882-3;N04301TM;06/04/2025 09:57:19;5d_Retiro Tienda Ripley Valparaíso;Astorga;Suany;;"Plaza Victoria 1646 ";" 4to Piso. Servicio al Cliente";;;VALPARAISO;V REGION;CL;Astorga;Suany;;Andacollo 38;;;;VALPARAISO;V REGION;CL;16990;0;495;0;17485;0;CLP
000000519418;23446174001-A;06/04/2025 10:57:55;Reembolsado;42740;990;43730;7693;0.0000;35047;1;CHAQUETA LARGA IMPERMEABLE OLIVA CLARO NICOPOLY;MPM10002646328-2;N05191MS;06/04/2025 10:57:56;5d_Retiro Tienda Ripley Mall Concepción;Pezo;Andrea;;"Barros Arana 1068, Concepcion ";" 3er Piso. Modulo Retiro en Tienda";;;CONCEPCION;VIII REGION;CL;Pezo;Andrea;;O'Higgins 385;;;;CONCEPCION;VIII REGION;CL;42740;0;990;0;43730;0;CLP
000000519418;23446257901-A;06/04/2025 11:26:14;Reembolsado;52490;2195;54685;9448;0.0000;43042;1;ABRIGO SOLAPA REDONDA NEGRONICOPOLY;MPM10002646294-4;N05252BXL;06/04/2025 11:26:16;Flujo Same day BX;Rojas;Claudia;;Salomon sack 998 319;S/N;;;CERRILLOS;REG.METROPOLITANA;CL;Rojas;Claudia;;Salomon sack 998 319;;;;CERRILLOS;REG.METROPOLITANA;CL;52490;0;2195;0;54685;0;CLP
000000519418;23446547301-A;06/04/2025 13:09:24;Reembolsado;46490;990;47480;8368;0.0000;38122;1;VESTIDO LARGO FIESTA BURDEO NICOPOLY;MPM10002627258-3;N05305TL;06/04/2025 13:09:25;5d_Retiro Tienda Ripley Chillán;"Gonzalez ";"Andrea ";;"5 de Abril 699 ";4to Piso. Centro de atención al Cliente;;;CHILLAN;VIII REGION;CL;"Gonzalez ";"Andrea ";;Los Copihues 847;;;;CHILLAN;VIII REGION;CL;46490;0;990;0;47480;0;CLP
000000519418;23446603701-A;06/04/2025 13:27:53;Cerrado;14990;0;14990;2698;0.0000;12292;1;MINI FALDA LEOPARDO CAFÉ NICOPOLY;MPM10002146549-2;N05309UL;06/04/2025 13:27:54;4d_Retiro Tienda Ripley Plaza Egaña;Salas;Maria Jose;;"Larrain 5800 ";" 3er Piso. Modulo Retiro en Tienda";;;NUNOA;REG.METROPOLITANA;CL;Salas;Maria Jose;;Nilahue 1912;;;;NUNOA;REG.METROPOLITANA;CL;14990;0;0;0;14990;0;CLP
000000519418;23446719301-A;06/04/2025 14:16:55;Cerrado;16490;3990;20480;2968;0.0000;13522;1;SWEATER MANGAS DETALLES PERLAS CELESTE NICOPOLY;MPM10002160488-3;N03095KM-6;06/04/2025 14:16:57;Flujo Same day BX;Amaral;Andrea;;Av Hacienda macul 5531;507;;;PE.ALOLEN;REG.METROPOLITANA;CL;Amaral;Andrea;;Av Hacienda macul 5531;;;;PE.ALOLEN;REG.METROPOLITANA;CL;16490;0;3990;0;20480;0;CLP
000000519418;23447215001-A;06/04/2025 16:48:50;Reembolsado;26890;495;27385;4840;0.0000;22050;1;CHAQUETA QUILT TIPO CAMISERA MARRÓN NICOPOLY;MPM10001384249-2;N04190UL;06/04/2025 16:48:51;5d_Retiro Tienda Ripley Curicó;Michelle Estay;Michelle Estay;;"Av.OHiggins 201 ";" 2do Piso. Servicio al Cliente";;;CURICO;VII REGION;CL;Michelle Estay;Michelle Estay;;TERESA VIAL 1235;;;;CURICO;VII REGION;CL;26890;0;495;0;27385;0;CLP
000000519418;23447215001-A;06/04/2025 16:48:50;Reembolsado;26890;495;27385;4840;0.0000;22050;1;CHAQUETA QUILT TIPO CAMISERA OLIVA NICOPOLY;MPM10001383865-1;N04190ML;06/04/2025 16:48:51;5d_Retiro Tienda Ripley Curicó;Michelle Estay;Michelle Estay;;"Av.OHiggins 201 ";" 2do Piso. Servicio al Cliente";;;CURICO;VII REGION;CL;Michelle Estay;Michelle Estay;;TERESA VIAL 1235;;;;CURICO;VII REGION;CL;26890;0;495;0;27385;0;CLP
000000519418;23447319701-A;06/04/2025 17:21:02;Cerrado;52490;990;53480;9448;0.0000;43042;1;ABRIGO SOLAPA REDONDA ROJO NICOPOLY;MPM10002646316-3;N05252DXL;06/04/2025 17:21:03;5d_Retiro Tienda Ripley Viña del Mar Sucre;Valdes;Mariela;;"Sucre 290, Viña ";5to Piso. Modulo Retiro en Tienda;;;VI.A DEL MA;V REGION;CL;Valdes;Mariela;;Pasaje Augusto D Halmar  1260;;;;VI.A DEL MA;V REGION;CL;52490;0;990;0;53480;0;CLP
000000519418;23447893001-A;06/04/2025 19:58:38;Reembolsado;44990;0;44990;8098;0.0000;36892;1;ABRIGO COTELÉ CELESTE NICOPOLY;MPM10002661343-1;N05302KL;06/04/2025 19:58:39;Flujo Crossdock- Ripley PAQ;Pino;Patricio;;Laguna tilicura 1836;S/N;;;LINARES;VII REGION;CL;Pino;Patricio;;Laguna tilicura 1836;;;;LINARES;VII REGION;CL;44990;0;0;0;44990;0;CLP
000000519418;23448110801-A;06/04/2025 20:45:39;Reembolsado;42740;990;43730;7693;0.0000;35047;1;CHAQUETA LARGA IMPERMEABLE MOSTAZA OSCURO NICOPOLY;MPM10002646325-2;N05191UL;06/04/2025 20:45:40;10d_Retiro Tienda Ripley Portal Temuco;Villagrn;Daniela Alejandra;;"Avenida Alemania 0671 ";3er Piso, Modulo Retiro en Tienda;;;TEMUCO;IX REGION;CL;Villagrn;Daniela Alejandra;;Calle 4 oriente 349 349;;;;TEMUCO;IX REGION;CL;42740;0;990;0;43730;0;CLP
000000519418;23448125401-A;06/04/2025 20:47:54;Cerrado;19490;0;19490;3508;0.0000;15982;1;SWEATER MANGA RAGLÁN BLANCO INVIERNO NICOPOLY;MPM10002635846-1;N05253AL;06/04/2025 20:47:55;4d_Retiro Tienda Ripley Plaza Oeste;Troncoso;Rebeca;;"Américo Vespucio 1501 ";" 3er Piso. Modulo Retiro en Tienda";;;CERRILLOS;REG.METROPOLITANA;CL;Troncoso;Rebeca;;Profesora Marta Garcia 719;;;;CERRILLOS;REG.METROPOLITANA;CL;19490;0;0;0;19490;0;CLP
000000519418;23448899801-A;06/04/2025 23:25:43;Reembolsado;56240;990;57230;10123;0.0000;46117;1;ABRIGO LARGO LAZO CAMEL NICOPOLY;MPM10002646329-2;N04227LM-6;06/04/2025 23:25:45;5d_Retiro Tienda Ripley Mall Concepción;Tapia;"Mauricio ";;"Barros Arana 1068, Concepcion ";" 3er Piso. Modulo Retiro en Tienda";;;CONCEPCION;VIII REGION;CL;Aguirre;Carolina;;Las Heras 2209;;;;CONCEPCION;VIII REGION;CL;56240;0;990;0;57230;0;CLP
000000519418;23448978204-A;06/04/2025 23:44:15;Cerrado;44990;3980;48970;8098;0.0000;36892;1;ABRIGO BOUCLÉ GRAFITO NICOPOLY;MPM10002646796-3;N05163NXL;06/04/2025 23:44:16;Flujo Same day BX;Astudillo;Andrea;;Pasaje Mari 7298;Casa;;;PUDAHUEL;REG.METROPOLITANA;CL;Astudillo;Andrea;;Pasaje Mari 7298;;;;PUDAHUEL;REG.METROPOLITANA;CL;44990;0;3980;0;48970;0;CLP
000000519418;23449265701-A;07/04/2025 07:51:02;Cerrado;52490;990;53480;9448;0.0000;43042;1;ABRIGO SOLAPA REDONDA UVA NICOPOLY;MPM10002646314-1;N05252ZM;07/04/2025 07:51:03;4d_Retiro Tienda Ripley San Bernardo;Torres;Lorena Alejandra;;"Av. Pdte. Jorge Alessandri Rodríguez 20040, San Bernardo ";2do Piso. Modulo Retiro en Tienda;;;SN.BERNARDO;REG.METROPOLITANA;CL;Torres;Lorena Alejandra;;Las Águilas 838;;;;SN.BERNARDO;REG.METROPOLITANA;CL;52490;0;990;0;53480;0;CLP
000000519418;23449565201-A;07/04/2025 10:41:36;Reembolsado;56240;990;57230;10123;0.0000;46117;1;ABRIGO LARGO LAZO CAMEL NICOPOLY;MPM10002646329-3;N04227LL-6;07/04/2025 10:41:37;5d_Retiro Tienda Ripley El Trébol;Reyes;"Rosa ";;"Avenida Jorge Alessandri 3177 ";" 3er Piso. Modulo Retiro en Tienda";;;TALCAHUANO;VIII REGION;CL;Reyes Gomez;"Rosa ";;Ramón subercaseaux portal las palmas 886;;;;TALCAHUANO;VIII REGION;CL;56240;0;990;0;57230;0;CLP
000000519418;23449643901-A;07/04/2025 11:10:37;Reembolsado;43490;0;43490;7828;0.0000;35662;1;CHAQUETA CORTA IMPERMEABLE NEGRO NICOPOLY;MPM10002635843-2;N05190BS;07/04/2025 11:10:38;4d_Retiro Tienda Ripley San Bernardo;Lastra;Pollette;;"Av. Pdte. Jorge Alessandri Rodríguez 20040, San Bernardo ";2do Piso. Modulo Retiro en Tienda;;;SN.BERNARDO;REG.METROPOLITANA;CL;Cancino;Victor;;General mackenna 358;;;;SN.BERNARDO;REG.METROPOLITANA;CL;43490;0;0;0;43490;0;CLP
000000519418;23449765601-A;07/04/2025 12:00:11;Reembolsado;52490;4990;57480;9448;0.0000;43042;1;ABRIGO SOLAPA REDONDA NEGRONICOPOLY;MPM10002646294-3;N05252BM;07/04/2025 12:00:13;Flujo Crossdock- Ripley PAQ;Abaca;Pamela;;veintitrés y media norte b 4013;casa;;;TALCA;VII REGION;CL;Abaca;Pamela;;veintitrés y media norte b 4013;;;;TALCA;VII REGION;CL;52490;0;4990;0;57480;0;CLP
000000519418;23450038801-A;07/04/2025 13:57:31;Cerrado;15990;495;16485;2878;0.0000;13112;1;LEGGINS MUJER NICOPOLY BURDEO LEGGING TIRO ALTO COSTURAS FRONTALES;MPM00089316440-2;N03032TS;07/04/2025 13:57:32;10d_Retiro Tienda Ripley Antofagasta;Fritis;Mirta;;"Arturo Prat 530 ";" 4to Piso. Servicio al Cliente";;;ANTOFAGASTA;II REGION;CL;Fritis;Mirta;;Coquimbo  945;;;;ANTOFAGASTA;II REGION;CL;15990;0;495;0;16485;0;CLP
000000519418;23450038801-A;07/04/2025 13:57:31;Cerrado;20990;495;21485;3778;0.0000;17212;1;PANTALÓN MUJER NICOPOLY KHAKI TIRO ALTO BÁSICO;MPM10001752467-1;N10373LS-5;07/04/2025 13:57:32;10d_Retiro Tienda Ripley Antofagasta;Fritis;Mirta;;"Arturo Prat 530 ";" 4to Piso. Servicio al Cliente";;;ANTOFAGASTA;II REGION;CL;Fritis;Mirta;;Coquimbo  945;;;;ANTOFAGASTA;II REGION;CL;20990;0;495;0;21485;0;CLP
000000519418;23450176101-A;07/04/2025 14:59:37;Cerrado;18990;495;19485;3418;0.0000;15572;1;PANTALÓN MUJER NICOPOLY BURDEO CON COSTURAS FRONTALES RECTO;MPM10001448882-1;N04301TS;07/04/2025 14:59:39;4d_Retiro Tienda Ripley Crillon;Alegria;Gabriela;;"Agustinas #1025 ";Piso -1. Modulo Retiro en Tienda;;;SANTIAGO;REG.METROPOLITANA;CL;Alegria;Gabriela;;Pasaje Volcan Callaquen 0568;;;;SANTIAGO;REG.METROPOLITANA;CL;18990;0;495;0;19485;0;CLP
000000519418;23450176101-A;07/04/2025 14:59:37;Cerrado;18990;495;19485;3418;0.0000;15572;1;PANTALÓN MUJER NICOPOLY AZUL ACERO CON COSTURAS FRONTALES RECTO;MPM10001448885-3;N04301CS;07/04/2025 14:59:39;4d_Retiro Tienda Ripley Crillon;Alegria;Gabriela;;"Agustinas #1025 ";Piso -1. Modulo Retiro en Tienda;;;SANTIAGO;REG.METROPOLITANA;CL;Alegria;Gabriela;;Pasaje Volcan Callaquen 0568;;;;SANTIAGO;REG.METROPOLITANA;CL;18990;0;495;0;19485;0;CLP
000000519418;23450182701-A;07/04/2025 15:02:07;Cerrado;56240;990;57230;10123;0.0000;46117;1;ABRIGO LARGO LAZO UVA NICOPOLY;MPM10002646302-4;N04227ZM-6;07/04/2025 15:02:09;5d_Retiro Tienda Ripley Marina Arauco;Carranca;Carmen Paz;;"Avenida Libertad 1348 ";" Piso 4. Modulo Retiro en Tienda";;;VI.A DEL MA;V REGION;CL;Carranca;Carmen Paz;;Laurencia 365;;;;VI.A DEL MA;V REGION;CL;56240;0;990;0;57230;0;CLP
000000519418;23450255901-A;07/04/2025 15:29:45;Cerrado;37490;990;38480;6748;0.0000;30742;1;CHAQUETA CUELLO MAO CAFÉ NICOPOLY;MPM10002617339-4;N02106OL-6;07/04/2025 15:29:46;5d_Retiro Tienda Ripley Valparaíso;Fuentealba;Elsa;;"Plaza Victoria 1646 ";" 4to Piso. Servicio al Cliente";;;VALPARAISO;V REGION;CL;Fuentealba;Elso;;las delicias 130 valparaiso 130;;;;VALPARAISO;V REGION;CL;37490;0;990;0;38480;0;CLP
000000519418;23450594101-A;07/04/2025 18:01:07;Cerrado;40490;495;40985;7288;0.0000;33202;1;TRENCH HEBILLA KHAKI NICOPOLY;MPM10002635823-1;N05051US-6;07/04/2025 18:01:09;10d_Retiro Tienda Ripley Calama;Ramos Bordoli;Cynthia;;"Balmaceda 3242, Calama ";" 2do Piso. Servicio al Cliente";;;CALAMA;II REGION;CL;Ramos Bordoli;Cynthia;;"Gabriela Mistral 870 ";;;;CALAMA;II REGION;CL;40490;0;495;0;40985;0;CLP
000000519418;23450594101-A;07/04/2025 18:01:07;Cerrado;44990;495;45485;8098;0.0000;36892;1;ABRIGO BOUCLÉ GRAFITO NICOPOLY;MPM10002646796-4;N05163NS;07/04/2025 18:01:09;10d_Retiro Tienda Ripley Calama;Ramos Bordoli;Cynthia;;"Balmaceda 3242, Calama ";" 2do Piso. Servicio al Cliente";;;CALAMA;II REGION;CL;Ramos Bordoli;Cynthia;;"Gabriela Mistral 870 ";;;;CALAMA;II REGION;CL;44990;0;495;0;45485;0;CLP
000000519418;23450761501-A;07/04/2025 19:17:35;Cerrado;37490;495;37985;6748;0.0000;30742;1;CHAQUETA CUELLO MAO NEGRO NICOPOLY;MPM10002617347-1;N02106BL-6;07/04/2025 19:17:37;5d_Retiro Tienda Ripley Quilpué;Charpentier;Susana;;"Claudio Vicuña 992, Quilpue ";" 3er Piso. Modulo Retiro en Tienda";;;QUILPUE;V REGION;CL;Charpentier;Susana;;MANUEL BULNES 1078;;;;QUILPUE;V REGION;CL;37490;0;495;0;37985;0;CLP
000000519418;23450761501-A;07/04/2025 19:17:35;Cerrado;56240;495;56735;10123;0.0000;46117;1;ABRIGO LARGO LAZO ROJO NICOPOLY;MPM10002646309-1;N04227DL-6;07/04/2025 19:17:37;5d_Retiro Tienda Ripley Quilpué;Charpentier;Susana;;"Claudio Vicuña 992, Quilpue ";" 3er Piso. Modulo Retiro en Tienda";;;QUILPUE;V REGION;CL;Charpentier;Susana;;MANUEL BULNES 1078;;;;QUILPUE;V REGION;CL;56240;0;495;0;56735;0;CLP
000000519418;23451403401-A;07/04/2025 22:35:19;Cerrado;49990;0;49990;8998;0.0000;40992;1;FULFILLMENT-BLAZER DE TOPE MANGA 3/4 BURDEO NICOPOLY;MPM10002146384-1;N03049TM-6-FF;07/04/2025 22:35:22;FF_MATRIX_STS;Vásquez;Eva;;"Av.OHiggins 201 ";" 2do Piso. Servicio al Cliente";;;CURICO;VII REGION;CL;Vásquez;Eva;;Bombero Garrido pje santa Inés 1043;;;;CURICO;VII REGION;CL;49990;0;0;0;49990;0;CLP
000000519418;23451511602-A;07/04/2025 23:09:47;Cerrado;21740;990;22730;3913;0.0000;17827;1;CAMISA BÁSICA BURDEO NICOPOLY;MPM10002128963-4;N05181ZL;07/04/2025 23:09:48;5d_Retiro Tienda Ripley El Trébol;Soto;Magdalena Del Carmen;;"Avenida Jorge Alessandri 3177 ";" 3er Piso. Modulo Retiro en Tienda";;;TALCAHUANO;VIII REGION;CL;Soto;Magdalena Del Carmen;;basilio urrutia 5020;;;;TALCAHUANO;VIII REGION;CL;21740;0;990;0;22730;0;CLP
000000519418;23451642601-A;08/04/2025 00:24:38;Reembolsado;40490;990;41480;7288;0.0000;33202;1;TRENCH HEBILLA KHAKI NICOPOLY;MPM10002635823-1;N05051US-6;08/04/2025 00:24:40;4d_Retiro Tienda Ripley Plaza Egaña;Salgado;Sergio;;"Larrain 5800 ";" 3er Piso. Modulo Retiro en Tienda";;;NUNOA;REG.METROPOLITANA;CL;Salgado;Sergio;;Pasaje Las Dunas 6036;;;;NUNOA;REG.METROPOLITANA;CL;40490;0;990;0;41480;0;CLP
000000519418;23451676701-A;08/04/2025 01:04:03;Reembolsado;26240;0;26240;4723;0.0000;21517;1;FULFILLMENT-PANTALÓN PIERNA ANCHA CON PASADOR VERDE OSCURO NICOPOLY;MPM10002146397-4;N05298ES-FF;08/04/2025 01:04:05;FF_MATRIX_STS;Moya;Mildred;;"Av. Americo Vespucio 399 ";" 2do Piso. Modulo Retiro en Tienda";;;MAIPU;REG.METROPOLITANA;CL;Moya;Mildred;;Avenida Los Pajaritos 4437;;;;MAIPU;REG.METROPOLITANA;CL;26240;0;0;0;26240;0;CLP
000000519418;23451676701-A;08/04/2025 01:04:03;Reembolsado;44990;0;44990;8098;0.0000;36892;1;FULFILLMENT-BLAZER DE TOPE BOTONES DECORATIVOSVERDE OSCURO NICOPOLY;MPM10002146375-1;N05301ES-FF;08/04/2025 01:04:05;FF_MATRIX_STS;Moya;Mildred;;"Av. Americo Vespucio 399 ";" 2do Piso. Modulo Retiro en Tienda";;;MAIPU;REG.METROPOLITANA;CL;Moya;Mildred;;Avenida Los Pajaritos 4437;;;;MAIPU;REG.METROPOLITANA;CL;44990;0;0;0;44990;0;CLP
000000519418;23451698501-A;08/04/2025 01:59:16;Reembolsado;23990;1596;25586;4318;0.0000;19672;1;SWEATER DISEÑO FLORES NEGRO NICOPOLY;MPM10002160473-1;N05327BM;08/04/2025 01:59:19;Flujo Crossdock- Ripley PAQ;Rojas;Natalia;;Huasco 7306;S/N;;;LO ESPEJO;REG.METROPOLITANA;CL;Rojas;Natalia;;Huasco 7306;;;;LO ESPEJO;REG.METROPOLITANA;CL;23990;0;1596;0;25586;0;CLP
000000519418;23451698501-A;08/04/2025 01:59:16;Reembolsado;17990;1596;19586;3238;0.0000;14752;1;SWEATER DISEÑO CADENETAS AZUL NICOPOLY;MPM10002160494-2;N04252CM-6;08/04/2025 01:59:19;Flujo Crossdock- Ripley PAQ;Rojas;Natalia;;Huasco 7306;S/N;;;LO ESPEJO;REG.METROPOLITANA;CL;Rojas;Natalia;;Huasco 7306;;;;LO ESPEJO;REG.METROPOLITANA;CL;17990;0;1596;0;19586;0;CLP
000000519418;23451698501-A;08/04/2025 01:59:16;Reembolsado;21740;1596;23336;3913;0.0000;17827;1;SWEATER BÁSICO CUELLO BEATLE ROJO NICOPOLY;MPM10002661314-1;N03142DM-6;08/04/2025 01:59:19;Flujo Crossdock- Ripley PAQ;Rojas;Natalia;;Huasco 7306;S/N;;;LO ESPEJO;REG.METROPOLITANA;CL;Rojas;Natalia;;Huasco 7306;;;;LO ESPEJO;REG.METROPOLITANA;CL;21740;0;1596;0;23336;0;CLP
000000519418;23451803101-A;08/04/2025 08:35:30;Cerrado;40490;990;41480;7288;0.0000;33202;1;TRENCH HEBILLA KHAKI NICOPOLY;MPM10002635823-2;N05051UM-6;08/04/2025 08:35:31;10d_Retiro Tienda Ripley Portal Temuco;Flores;Carolina;;"Avenida Alemania 0671 ";3er Piso, Modulo Retiro en Tienda;;;TEMUCO;IX REGION;CL;Flores;Carolina;;Nevado San francisco 06511;;;;TEMUCO;IX REGION;CL;40490;0;990;0;41480;0;CLP
000000519418;23452026701-A;08/04/2025 11:04:00;Cerrado;49990;0;49990;8998;0.0000;40992;1;FULFILLMENT-BLAZER LARGO CUELLO CRUZADO VERDE OSCURO NICOPOLY;MPM10002146366-3;N05299EM-FF;08/04/2025 11:04:01;FF_MATRIX_STS;Cáceres;María Paz;;"Av.OHiggins 201 ";" 2do Piso. Servicio al Cliente";;;CURICO;VII REGION;CL;Cáceres;María Paz;;El rinconcito San Carlos, La Montaña Sn;;;;CURICO;VII REGION;CL;49990;0;0;0;49990;0;CLP
000000519418;23452450101-A;08/04/2025 14:46:12;Reembolsado;59990;990;60980;10798;0.0000;49192;1;ABRIGO BOUCLÉ NEGRO NICOPOLY;MPM10002646795-1;N05163BS;08/04/2025 14:46:13;5d_Retiro Tienda Ripley Talca;Caceres Navarro;Alicia Nicol;;"8 Oriente 1212 ";" 2do Piso. Modulo Retiro en Tienda";;;TALCA;VII REGION;CL;Caceres Navarro;Alicia Nicol;;30 y medio oriente 5 y media sur SN;;;;TALCA;VII REGION;CL;59990;0;990;0;60980;0;CLP
000000519418;23452507801-A;08/04/2025 15:14:45;Cerrado;49990;0;49990;8998;0.0000;40992;1;BOMBER TIPO GAMUZA BLANCO INVIERNO INVIERNO NICOPOLY;MPM10002635865-2;N05184AS;08/04/2025 15:14:47;4d_Retiro Tienda Ripley Costanera Center;Carreño;"Cristian ";;"Avenida Andrés Bello 2422 ";" 1er Piso. Modulo Retiro en Tienda";;;PROVIDENCIA;REG.METROPOLITANA;CL;Velsquez;Johanna;;San Agustin poniente 4364;;;;PROVIDENCIA;REG.METROPOLITANA;CL;49990;0;0;0;49990;0;CLP
000000519418;23452568101-A;08/04/2025 15:40:13;Cerrado;16990;0;16990;3058;0.0000;13932;1;SWEATER DETALLE PUNTO CALADO GRIS NICOPOLY;MPM10001465181-3;N04229NL;08/04/2025 15:40:14;8d_Retiro Tienda Ripley Coquimbo;Gallegos;Pilar;;"Baquedano 86 ";" 1er Piso. Servicio al Cliente";;;COQUIMBO;IV REGION;CL;Gallegos;Pilar;;Wenceslao Vergara 928;;;;COQUIMBO;IV REGION;CL;16990;0;0;0;16990;0;CLP
000000519418;23452900001-A;08/04/2025 18:45:49;Cerrado;17990;990;18980;3238;0.0000;14752;1;FALDA MUJER NICOPOLY AZUL MEDIO DENIM TAJO FRONTAL;MPM10001465759-1;N04269KL;08/04/2025 18:45:51;5d_Retiro Tienda Ripley Mall Concepción;"Gajardo ";Dafne;;"Barros Arana 1068, Concepcion ";" 3er Piso. Modulo Retiro en Tienda";;;CONCEPCION;VIII REGION;CL;"Gajardo ";"Fabiola ";;Av Pedro de valdivia 904;;;;CONCEPCION;VIII REGION;CL;17990;0;990;0;18980;0;CLP
000000519418;23453113001-A;08/04/2025 20:22:25;Reembolsado;9990;0;9990;1798;0.0000;8192;1;CHALECO PIED DE POULE CAFÉ NICOPOLY;MPM00044384970-3;N02219UM;08/04/2025 20:22:26;10d_Retiro Tienda Ripley Pto. Montt Costanera;Alocilla;Fernanda;;"Juan Soler Manfredini 10 ";" 6to Piso. Modulo Retiro en Tienda";;;PTO.MONTT;X REGION;CL;Alocilla;Fernanda;;Antuhue 4 pasaje 8  130;;;;PTO.MONTT;X REGION;CL;9990;0;0;0;9990;0;CLP
000000519418;23453664301-A;09/04/2025 00:50:22;Cerrado;10990;990;11980;1978;0.0000;9012;1;POLERA CUELLO ALTO GRIS NICOPOLY;MPM10002661324-1;N05331IS;09/04/2025 00:50:23;5d_Retiro Tienda Ripley Curicó;Diaz;Kathy;;"Av.OHiggins 201 ";" 2do Piso. Servicio al Cliente";;;CURICO;VII REGION;CL;Diaz;Kathy;;Caldera 110;;;;CURICO;VII REGION;CL;10990;0;990;0;11980;0;CLP
000000519418;23453719601-A;09/04/2025 05:44:22;Reembolsado;59990;990;60980;10798;0.0000;49192;1;ABRIGO BOUCLÉ NEGRO NICOPOLY;MPM10002646795-1;N05163BS;09/04/2025 05:44:24;5d_Retiro Tienda Ripley Valparaíso;Bueno Parada;Marianela;;"Plaza Victoria 1646 ";" 4to Piso. Servicio al Cliente";;;VALPARAISO;V REGION;CL;Bueno Parada;Marianela;;Los pajaritos pdo 6 ymedio  sta julia 2;;;;VALPARAISO;V REGION;CL;59990;0;990;0;60980;0;CLP
000000519418;23453723201-A;09/04/2025 06:07:33;Reembolsado;44990;990;45980;8098;0.0000;36892;1;CHAQUETA CORTA TIPO GAMUZA OLIVA NICOPOLY;MPM10002635832-3;N05173MS;09/04/2025 06:07:35;8d_Retiro Tienda Ripley Coquimbo;Robles;Massamy;;"Baquedano 86 ";" 1er Piso. Servicio al Cliente";;;COQUIMBO;IV REGION;CL;Robles Corts;Juan Humberto;;Ambrosio O'Higgins 144;;;;COQUIMBO;IV REGION;CL;44990;0;990;0;45980;0;CLP
000000519418;23453728601-A;09/04/2025 06:39:07;Cerrado;74990;495;75485;13498;0.0000;61492;1;ABRIGO LARGO LAZO UVA NICOPOLY;MPM10002646302-2;N04227ZL-6;09/04/2025 06:39:09;5d_Retiro Tienda Ripley Rancagua;Castillo;Daniela;;"José Domingo Mujica 490 ";" 3er Piso. Modulo Retiro en Tienda";;;RANCAGUA;VI REGION;CL;Castillo;Daniela;;Jose gil de castro  065;;;;RANCAGUA;VI REGION;CL;74990;0;495;0;75485;0;CLP
000000519418;23453728601-A;09/04/2025 06:39:07;Cerrado;74990;495;75485;13498;0.0000;61492;1;ABRIGO LARGO LAZO ROJO NICOPOLY;MPM10002646309-1;N04227DL-6;09/04/2025 06:39:09;5d_Retiro Tienda Ripley Rancagua;Castillo;Daniela;;"José Domingo Mujica 490 ";" 3er Piso. Modulo Retiro en Tienda";;;RANCAGUA;VI REGION;CL;Castillo;Daniela;;Jose gil de castro  065;;;;RANCAGUA;VI REGION;CL;74990;0;495;0;75485;0;CLP
000000519418;23453734301-A;09/04/2025 06:59:50;Cerrado;19990;990;20980;3598;0.0000;16392;1;MINI FALDA LEOPARDO CAFÉ NICOPOLY;MPM10002146549-2;N05309UL;09/04/2025 06:59:52;4d_Retiro Tienda Ripley Huechuraba;"Araya ";"Milisset ";;"Av. Americo Vespucio Norte 1737 ";" 2do Piso. Modulo Retiro en Tienda";;;HUECHURABA;REG.METROPOLITANA;CL;Vergara;Fabian;;Clentaru  2135;;;;HUECHURABA;REG.METROPOLITANA;CL;19990;0;990;0;20980;0;CLP
000000519418;23453987901-A;09/04/2025 10:58:51;Cerrado;41990;6990;48980;7558;0.0000;34432;1;BLAZER LARGO 4 BOTONES CELESTE NICOPOLY;MPM10001752437-2;N00212KM-5;09/04/2025 10:58:53;Flujo Crossdock- Ripley PAQ;Robles Segovia;Maria Fernanda;;HUATULAME, calle los claveles  624;casa;;;MONTE PATRI;IV REGION;CL;Robles Segovia;Maria Fernanda;;HUATULAME, calle los claveles  624;;;;MONTE PATRI;IV REGION;CL;41990;0;6990;0;48980;0;CLP
000000519418;23453989401-A;09/04/2025 11:00:04;Cerrado;79990;7990;87980;14398;0.0000;65592;1;ABRIGO 4 BOTONES ROJO NICOPOLY;MPM10002646327-2;N05155DL;09/04/2025 11:00:05;Flujo Crossdock- Ripley PAQ;Maldonado;Yohana Lidia;;Los Pirquineros Ramadillas Arauco 63;Casa;;;ARAUCO;VIII REGION;CL;Maldonado;Yohana Lidia;;Los Pirquineros Ramadillas Arauco 63;;;;ARAUCO;VIII REGION;CL;79990;0;7990;0;87980;0;CLP
000000519418;23454035501-A;09/04/2025 11:22:23;Cerrado;21990;990;22980;3958;0.0000;18032;1;CÁRDIGAN FLOREADO NEGRO NICOPOLY;MPM10001735011-2;N05108BM;09/04/2025 11:22:24;4d_Retiro Tienda Ripley Puente;Muoz;Karina;;"21 de Mayo 698 ";4to Piso. Modulo Retiro en Tienda;;;SANTIAGO;REG.METROPOLITANA;CL;Muoz;Karina;;San pablo 1315;;;;SANTIAGO;REG.METROPOLITANA;CL;21990;0;990;0;22980;0;CLP
000000519418;23454109001-A;09/04/2025 12:04:11;Reembolsado;10990;0;10990;1978;0.0000;9012;1;POLERA CUELLO REDONDO BURDEO NICOPOLY;MPM10002661331-2;N05330DM;09/04/2025 12:04:12;5d_Retiro Tienda Ripley Curicó;Valenzuela;Belén;;"Av.OHiggins 201 ";" 2do Piso. Servicio al Cliente";;;CURICO;VII REGION;CL;Valenzuela;Belén;;Av. Balmaceda, Villa hermanos Carrera 926;;;;CURICO;VII REGION;CL;10990;0;0;0;10990;0;CLP
000000519418;23454109001-A;09/04/2025 12:04:11;Reembolsado;10990;0;10990;1978;0.0000;9012;1;POLERA CUELLO REDONDO CAFÉ NICOPOLY;MPM10002661383-2;N05330OM;09/04/2025 12:04:12;5d_Retiro Tienda Ripley Curicó;Valenzuela;Belén;;"Av.OHiggins 201 ";" 2do Piso. Servicio al Cliente";;;CURICO;VII REGION;CL;Valenzuela;Belén;;Av. Balmaceda, Villa hermanos Carrera 926;;;;CURICO;VII REGION;CL;10990;0;0;0;10990;0;CLP
000000519418;23454109002-A;09/04/2025 12:04:11;Cerrado;44990;0;44990;8098;0.0000;36892;1;FULFILLMENT-BLAZER DE TOPE BOTONES DECORATIVOSVERDE OSCURO NICOPOLY;MPM10002146375-2;N05301EM-FF;09/04/2025 12:04:13;FF_MATRIX_STS;Valenzuela;Belén;;"Av.OHiggins 201 ";" 2do Piso. Servicio al Cliente";;;CURICO;VII REGION;CL;Valenzuela;Belén;;Av. Balmaceda, Villa hermanos Carrera 926;;;;CURICO;VII REGION;CL;44990;0;0;0;44990;0;CLP
000000519418;23454688701-A;09/04/2025 18:06:24;Cerrado;59990;990;60980;10798;0.0000;49192;1;ABRIGO BOUCLÉ KHAKI NICOPOLY;MPM10002646794-2;N05163LS;09/04/2025 18:06:26;4d_Retiro Tienda Ripley Florida Center;"Moyano ";"Ana ";;"Vicuña Mackenna Oriente 6100, La Florida ";3er Piso. Modulo Retiro en Tienda;;;LA FLORIDA;REG.METROPOLITANA;CL;Opazo;Sergio;;Pasaje 14 1109;;;;LA FLORIDA;REG.METROPOLITANA;CL;59990;0;990;0;60980;0;CLP
000000519418;23454985301-A;09/04/2025 20:54:05;Cerrado;61990;990;62980;11158;0.0000;50832;1;VESTIDO CAMISERO CINTURÓN AZUL MARINO NICOPOLY;MPM10002128942-2;N05259PS;09/04/2025 20:54:07;4d_Retiro Tienda Ripley Costanera Center;Muñoz;"Ángel ";;"Avenida Andrés Bello 2422 ";" 1er Piso. Modulo Retiro en Tienda";;;PROVIDENCIA;REG.METROPOLITANA;CL;Navarrete;Tania;;Merced 717;;;;PROVIDENCIA;REG.METROPOLITANA;CL;61990;0;990;0;62980;0;CLP
000000519418;23455057001-A;09/04/2025 21:24:24;Cerrado;28990;990;29980;5218;0.0000;23772;1;VESTIDO CAMISERO ALGODÓN MUJER NICOPOLY CELESTE TIPO DENIM;MPM10001849442-3;N05099KS;09/04/2025 21:24:25;10d_Retiro Tienda Ripley Antofagasta;Ortiz;"Yudi ";;"Arturo Prat 530 ";" 4to Piso. Servicio al Cliente";;;ANTOFAGASTA;II REGION;CL;Ortiz;"Yudi ";;Antilhue 1202;;;;ANTOFAGASTA;II REGION;CL;28990;0;990;0;29980;0;CLP
000000519418;23455115701-A;09/04/2025 21:49:05;Reembolsado;59990;6990;66980;10798;0.0000;49192;1;ABRIGO BOUCLÉ GRAFITO NICOPOLY;MPM10002646796-1;N05163NM;09/04/2025 21:49:06;Flujo Crossdock- Ripley PAQ;Ortiz;Cristina;;Santa Filomena norte 5;Casa;;;COLINA;REG.METROPOLITANA;CL;Ortiz;Cristina;;Santa Filomena norte 5;;;;COLINA;REG.METROPOLITANA;CL;59990;0;6990;0;66980;0;CLP
000000519418;23455256701-A;09/04/2025 22:40:20;Reembolsado;59990;3990;63980;10798;0.0000;49192;1;ABRIGO BOUCLÉ NEGRO NICOPOLY;MPM10002646795-3;N05163BXL;09/04/2025 22:40:21;Flujo Same day BX;Madrid;Maria Paz;;Carrascal 6311;Casa;;;QTA. NORMAL;REG.METROPOLITANA;CL;Madrid;Maria Paz;;Carrascal 6311;;;;QTA. NORMAL;REG.METROPOLITANA;CL;59990;0;3990;0;63980;0;CLP
000000519418;23455424701-A;10/04/2025 00:17:55;Cerrado;41990;990;42980;7558;0.0000;34432;1;VESTIDO SWEATER MIDI ROJO NICOPOLY;MPM10002160525-2;N05211DS;10/04/2025 00:17:57;10d_Retiro Tienda Ripley Iquique;Moscoso;Javiera;;"Vivar 550 ";" 4to Piso. Servicio al Cliente";;;IQUIQUE;I REGION;CL;Moscoso;Javiera;;Calle 2 3608;;;;IQUIQUE;I REGION;CL;41990;0;990;0;42980;0;CLP
000000519418;23456212301-A;10/04/2025 15:15:02;Cerrado;59990;990;60980;10798;0.0000;49192;1;TRENCH TIPO GAMUZA CAFÉ NICOPOLY;MPM10002635821-2;N05001OM-6;10/04/2025 15:15:03;5d_Retiro Tienda Ripley El Trébol;Alarcon;Manuel;;"Avenida Jorge Alessandri 3177 ";" 3er Piso. Modulo Retiro en Tienda";;;TALCAHUANO;VIII REGION;CL;Alarcon;Manuel;;Arturo Prat CAMPANARIO 342;;;;TALCAHUANO;VIII REGION;CL;59990;0;990;0;60980;0;CLP
000000519418;23456405102-A;10/04/2025 16:54:28;Cerrado;21990;0;21990;3958;0.0000;18032;1;SWEATER MANGAS DETALLES PERLAS CELESTE NICOPOLY;MPM10002160488-3;N03095KM-6;10/04/2025 16:54:30;8d_Retiro Tienda Ripley Puerto Montt;Conejeros;Carolina;;"Urmeneta 595, Puerto Montt ";4to Piso. Servicio al Cliente;;;PTO.MONTT;X REGION;CL;Conejeros;Carolina;;PANAMERICANA NORTE 4200;;;;PTO.MONTT;X REGION;CL;21990;0;0;0;21990;0;CLP
000000519418;23457123901-A;10/04/2025 23:01:26;Cerrado;79990;990;80980;14398;0.0000;65592;1;ABRIGO TIPO PAÑO 2 BOTONES ÓXIDO NICOPOLY;MPM10002646308-3;N05157UL;10/04/2025 23:01:27;4d_Retiro Tienda Ripley Crillon;Aguilera;Maria Jose;;"Agustinas #1025 ";Piso -1. Modulo Retiro en Tienda;;;SANTIAGO;REG.METROPOLITANA;CL;Aguilera;Maria Jose;;Avda 5 de abril  5743;;;;SANTIAGO;REG.METROPOLITANA;CL;79990;0;990;0;80980;0;CLP
000000519418;23457126401-A;10/04/2025 23:02:29;Cerrado;53990;10990;64980;9718;0.0000;44272;1;ENTERITO CUELLO MOCK AZUL NICOPOLY;MPM10002627273-3;N05313PS;10/04/2025 23:02:30;Flujo Crossdock- Ripley PAQ;Diaz;Claudia;;Osman Perez Freire 662;S/N;;;ARICA;XV REGION;CL;Diaz;Claudia;;Osman Perez Freire 662;;;;ARICA;XV REGION;CL;53990;0;10990;0;64980;0;CLP
000000519418;23457124301-A;10/04/2025 23:05:59;Cerrado;21990;990;22980;3958;0.0000;18032;1;SWEATER MANGAS DETALLES PERLAS LILA NICOPOLY;MPM10002160519-3;N03095ZL-6;10/04/2025 23:06:01;4d_Retiro Tienda Ripley Los Dominicos;Pogliacco;Patricia;;"Padre Hurtado Sur 875 ";1er Piso. Servicio al Cliente;;;LAS CONDES;REG.METROPOLITANA;CL;Pogliacco;Patricia;;LOS MILITARES 5125;;;;LAS CONDES;REG.METROPOLITANA;CL;21990;0;990;0;22980;0;CLP
000000519418;23457176401-A;10/04/2025 23:31:21;Cerrado;56990;4990;61980;10258;0.0000;46732;1;CHAQUETA LARGA IMPERMEABLE NEGRO NICOPOLY;MPM10002646291-1;N05191BL;10/04/2025 23:31:23;Flujo Crossdock- Ripley PAQ;Sepulveda;Anais;;Nicolás  1750;C 401;;;CONCEPCION;VIII REGION;CL;Sepulveda;Anais;;Nicolás  1750;;;;CONCEPCION;VIII REGION;CL;56990;0;4990;0;61980;0;CLP
000000519418;23457277501-A;11/04/2025 00:57:50;Cerrado;28990;495;29485;5218;0.0000;23772;1;SWEATER BÁSICO CUELLO BEATLE ROJO NICOPOLY;MPM10002661314-2;N03142DS-6;11/04/2025 00:57:52;5d_Retiro Tienda Ripley Mall Concepción;Ramirez;Rosa;;"Barros Arana 1068, Concepcion ";" 3er Piso. Modulo Retiro en Tienda";;;CONCEPCION;VIII REGION;CL;Ramirez;Rosa;;Uno poniente  1083;;;;CONCEPCION;VIII REGION;CL;28990;0;495;0;29485;0;CLP
000000519418;23457277501-A;11/04/2025 00:57:50;Cerrado;28990;495;29485;5218;0.0000;23772;1;SWEATER BÁSICO CUELLO BEATLE NEGRO NICOPOLY;MPM10002661332-3;N03142BS-6;11/04/2025 00:57:52;5d_Retiro Tienda Ripley Mall Concepción;Ramirez;Rosa;;"Barros Arana 1068, Concepcion ";" 3er Piso. Modulo Retiro en Tienda";;;CONCEPCION;VIII REGION;CL;Ramirez;Rosa;;Uno poniente  1083;;;;CONCEPCION;VIII REGION;CL;28990;0;495;0;29485;0;CLP
000000519418;23457284201-A;11/04/2025 01:11:11;Cerrado;54990;990;55980;9898;0.0000;45092;1;CHAQUETA BIKER NEGRO NICOPOLY;MPM10002617343-4;N02107BS-6;11/04/2025 01:11:13;5d_Retiro Tienda Ripley Talca;Saavedra;Noemi;;"8 Oriente 1212 ";" 2do Piso. Modulo Retiro en Tienda";;;TALCA;VII REGION;CL;Saavedra;Noemi;;Pasaje 12 oriente b 21norte 3223;;;;TALCA;VII REGION;CL;54990;0;990;0;55980;0;CLP
000000519418;23457328101-A;11/04/2025 06:07:48;Cerrado;26990;990;27980;4858;0.0000;22132;1;SWEATER BÁSICO CUELLO REDONDO MAGENTA NICOPOLY;MPM10002160475-3;N04248ZM-6;11/04/2025 06:07:52;10d_Retiro Tienda Ripley San Fernando;Ramirez;Sindy;;"Bernardo Ohiggins 701 ";" 3er Piso. Modulo Retiro en Tienda";;;SAN FERNANDO;VI REGION;CL;Ramirez;Sindy;;Puente negro las villas pasaje las dalias #13 13;;;;SAN FERNANDO;VI REGION;CL;26990;0;990;0;27980;0;CLP
000000519418;23457349301-A;11/04/2025 07:23:35;Cerrado;10990;990;11980;1978;0.0000;9012;1;POLERA CUELLO ALTO NEGRO NICOPOLY;MPM10002661312-2;N05331BM;11/04/2025 07:23:36;4d_Retiro Tienda Ripley Alameda;Riveros;Araceli;;"Av Libertador Bernardo O'Higgins 3470, Santiago ";3er Piso. Modulo Retiro en Tienda;;;EST.CENTRAL;REG.METROPOLITANA;CL;Riveros;Araceli;;Dario Soto torre 2  879;;;;EST.CENTRAL;REG.METROPOLITANA;CL;10990;0;990;0;11980;0;CLP
000000519418;23457356101-A;11/04/2025 07:35:18;Cerrado;79990;990;80980;14398;0.0000;65592;1;ABRIGO 4 BOTONES AZUL ELÉCTRICO NICOPOLY;MPM10002646307-1;N05155CM;11/04/2025 07:35:20;5d_Retiro Tienda Ripley Talca;Troncoso;Carolina;;"8 Oriente 1212 ";" 2do Piso. Modulo Retiro en Tienda";;;TALCA;VII REGION;CL;Amaro;Karenth Romina;;Cuadro Verde 140 E10;;;;TALCA;VII REGION;CL;79990;0;990;0;80980;0;CLP
000000519418;23457406801-A;11/04/2025 08:50:59;Cerrado;44990;495;45485;8098;0.0000;36892;1;FULFILLMENT-BLAZER DE TOPE BOTONES DECORATIVOS MORADO NICOPOLY;MPM10002146365-1;N05301ZS-FF;11/04/2025 08:51:00;FF_MATRIX;Cano;Jessica;;Exequiel larenas 769;S/N;;;COELEMU;VIII REGION;CL;Cano;Jessica;;Exequiel larenas 769;;;;COELEMU;VIII REGION;CL;44990;0;495;0;45485;0;CLP
000000519418;23457406801-A;11/04/2025 08:50:59;Cerrado;44990;495;45485;8098;0.0000;36892;1;FULFILLMENT-BLAZER DE TOPE BOTONES DECORATIVOS MORADO NICOPOLY;MPM10002146365-2;N05301ZL-FF;11/04/2025 08:51:00;FF_MATRIX;Cano;Jessica;;Exequiel larenas 769;S/N;;;COELEMU;VIII REGION;CL;Cano;Jessica;;Exequiel larenas 769;;;;COELEMU;VIII REGION;CL;44990;0;495;0;45485;0;CLP
000000519418;23433143801OPL-A;11/04/2025 10:01:25;Cerrado;26990;0;26990;4858;0.0000;22132;1;SWEATER BÁSICO CUELLO REDONDO ROJO NICOPOLY;MPM10002160523-1;N04248DM-6;11/04/2025 10:01:27;Flujo Crossdock- Ripley PAQ;Zamora Vargas;Cliente;CL;Avenida Vicuna mackenna 031;0;;0;MELIPILLA;REG.METROPOLITANA;CL;Zamora Vargas;Cliente;;Avenida Vicuna mackenna 031;Avenida Vicuna mackenna 031;;0;MELIPILLA;REG.METROPOLITANA;CL;26990;0;0;0;26990;0;CLP
000000519418;23433143801OPL-A;11/04/2025 10:01:25;Cerrado;19990;0;19990;3598;0.0000;16392;1;CALZA SKINNY VICHY CON CIERRE ROJO NICOPOLY;MPM10002122153-4;N03033DL-6;11/04/2025 10:01:27;Flujo Crossdock- Ripley PAQ;Zamora Vargas;Cliente;CL;Avenida Vicuna mackenna 031;0;;0;MELIPILLA;REG.METROPOLITANA;CL;Zamora Vargas;Cliente;;Avenida Vicuna mackenna 031;Avenida Vicuna mackenna 031;;0;MELIPILLA;REG.METROPOLITANA;CL;19990;0;0;0;19990;0;CLP
000000519418;23433143801OPL-A;11/04/2025 10:01:25;Cerrado;21990;0;21990;3958;0.0000;18032;1;SWEATER MANGAS DETALLES PERLAS CAMEL NICOPOLY;MPM10002160499-1;N03095UM-6;11/04/2025 10:01:27;Flujo Crossdock- Ripley PAQ;Zamora Vargas;Cliente;CL;Avenida Vicuna mackenna 031;0;;0;MELIPILLA;REG.METROPOLITANA;CL;Zamora Vargas;Cliente;;Avenida Vicuna mackenna 031;Avenida Vicuna mackenna 031;;0;MELIPILLA;REG.METROPOLITANA;CL;21990;0;0;0;21990;0;CLP
000000519418;23457685401-A;11/04/2025 12:09:57;Reembolsado;11990;495;12485;2158;0.0000;9832;1;CROP TOP ASIMÉTRICO RAYADO NICOPOLY;MPM10001916731-3;N05097AM;11/04/2025 12:09:59;4d_Retiro Tienda Ripley Huechuraba;"Solar ";"Norma ";;"Av. Americo Vespucio Norte 1737 ";" 2do Piso. Modulo Retiro en Tienda";;;HUECHURABA;REG.METROPOLITANA;CL;"Solar ";"Norma ";;Avenida el Carmen 1176;;;;HUECHURABA;REG.METROPOLITANA;CL;11990;0;495;0;12485;0;CLP
000000519418;23457685401-A;11/04/2025 12:09:57;Reembolsado;11990;495;12485;2158;0.0000;9832;1;BLUSA ASIMÉTRICA NEGRO NICOPOLY;MPM10001919213-1;N05096BM;11/04/2025 12:09:59;4d_Retiro Tienda Ripley Huechuraba;"Solar ";"Norma ";;"Av. Americo Vespucio Norte 1737 ";" 2do Piso. Modulo Retiro en Tienda";;;HUECHURABA;REG.METROPOLITANA;CL;"Solar ";"Norma ";;Avenida el Carmen 1176;;;;HUECHURABA;REG.METROPOLITANA;CL;11990;0;495;0;12485;0;CLP
000000519418;23457729701-A;11/04/2025 12:35:28;Cerrado;28990;1596;30586;5218;0.0000;23772;1;SWEATER COLOR BLOCK FUCSIA NICOPOLY;MPM10002627252-2;N05310SS;11/04/2025 12:35:30;Flujo Same day BX;Mercado Swett;Karla Andrea;;El sauce sur 1616;Casa;;;HUECHURABA;REG.METROPOLITANA;CL;Mercado Swett;Karla Andrea;;El sauce sur 1616;;;;HUECHURABA;REG.METROPOLITANA;CL;28990;0;1596;0;30586;0;CLP
000000519418;23457729701-A;11/04/2025 12:35:28;Cerrado;21990;1596;23586;3958;0.0000;18032;1;PANTALÓN MUJER NICOPOLY NEGRO PINZAS TIRO ALTO;MPM10001752471-4;N04120BM-5;11/04/2025 12:35:30;Flujo Same day BX;Mercado Swett;Karla Andrea;;El sauce sur 1616;Casa;;;HUECHURABA;REG.METROPOLITANA;CL;Mercado Swett;Karla Andrea;;El sauce sur 1616;;;;HUECHURABA;REG.METROPOLITANA;CL;21990;0;1596;0;23586;0;CLP
000000519418;23457729701-A;11/04/2025 12:35:28;Cerrado;54990;1596;56586;9898;0.0000;45092;1;CHAQUETA BIKER NEGRO NICOPOLY;MPM10002617343-4;N02107BS-6;11/04/2025 12:35:30;Flujo Same day BX;Mercado Swett;Karla Andrea;;El sauce sur 1616;Casa;;;HUECHURABA;REG.METROPOLITANA;CL;Mercado Swett;Karla Andrea;;El sauce sur 1616;;;;HUECHURABA;REG.METROPOLITANA;CL;54990;0;1596;0;56586;0;CLP
000000519418;23457955601-A;11/04/2025 15:15:21;Cerrado;31990;3990;35980;5758;0.0000;26232;1;SWEATER DISEÑO FLORES NEGRO NICOPOLY;MPM10002160473-3;N05327BL;11/04/2025 15:15:23;Flujo Same day BX;Silva;Jacqueline;;Av Centenario  890;"C 52 ";;;SAN MIGUEL;REG.METROPOLITANA;CL;Silva;Jacqueline;;Av Centenario  890;;;;SAN MIGUEL;REG.METROPOLITANA;CL;31990;0;3990;0;35980;0;CLP
000000519418;23457971701-A;11/04/2025 15:35:36;Cerrado;28990;3990;32980;5218;0.0000;23772;1;SWEATER COLOR BLOCK GRIS NICOPOLY;MPM10002627255-1;N05310NL;11/04/2025 15:35:37;Flujo Same day BX;Silva;Jacqueline;;Av Centenario  890;"C 52 ";;;SAN MIGUEL;REG.METROPOLITANA;CL;Silva;Jacqueline;;Av Centenario  890;;;;SAN MIGUEL;REG.METROPOLITANA;CL;28990;0;3990;0;32980;0;CLP
000000519418;23458224101-A;11/04/2025 17:03:56;Reembolsado;9990;330;10320;1798;0.0000;8192;1;CROP TOP JASPEADO CELESTE NICOPOLY;MPM10001849443-3;N05021KM;11/04/2025 17:03:57;4d_Retiro Tienda Ripley Huechuraba;"Solar ";"Norma ";;"Av. Americo Vespucio Norte 1737 ";" 2do Piso. Modulo Retiro en Tienda";;;HUECHURABA;REG.METROPOLITANA;CL;"Solar ";"Norma ";;Avenida el Carmen 1176;;;;HUECHURABA;REG.METROPOLITANA;CL;9990;0;330;0;10320;0;CLP
000000519418;23458224101-A;11/04/2025 17:03:56;Reembolsado;9990;330;10320;1798;0.0000;8192;1;CROP TOP JASPEADO BLANCO NICOPOLY;MPM10001849445-3;N05021AM;11/04/2025 17:03:57;4d_Retiro Tienda Ripley Huechuraba;"Solar ";"Norma ";;"Av. Americo Vespucio Norte 1737 ";" 2do Piso. Modulo Retiro en Tienda";;;HUECHURABA;REG.METROPOLITANA;CL;"Solar ";"Norma ";;Avenida el Carmen 1176;;;;HUECHURABA;REG.METROPOLITANA;CL;9990;0;330;0;10320;0;CLP
000000519418;23458224101-A;11/04/2025 17:03:56;Reembolsado;9990;330;10320;1798;0.0000;8192;1;CROP TOP JASPEADO ROSADO NICOPOLY;MPM10001849456-2;N05021HM;11/04/2025 17:03:57;4d_Retiro Tienda Ripley Huechuraba;"Solar ";"Norma ";;"Av. Americo Vespucio Norte 1737 ";" 2do Piso. Modulo Retiro en Tienda";;;HUECHURABA;REG.METROPOLITANA;CL;"Solar ";"Norma ";;Avenida el Carmen 1176;;;;HUECHURABA;REG.METROPOLITANA;CL;9990;0;330;0;10320;0;CLP
000000519418;23458235901-A;11/04/2025 17:08:38;Cerrado;49990;0;49990;8998;0.0000;40992;1;FULFILLMENT-BLAZER LARGO CUELLO CRUZADO KHAKI NICOPOLY;MPM10002146382-4;N05299LM-FF;11/04/2025 17:08:40;FF_MATRIX_STS;"Solar ";"Norma ";;"Av. Americo Vespucio Norte 1737 ";" 2do Piso. Modulo Retiro en Tienda";;;HUECHURABA;REG.METROPOLITANA;CL;"Solar ";"Norma ";;Avenida el Carmen 1176;;;;HUECHURABA;REG.METROPOLITANA;CL;49990;0;0;0;49990;0;CLP
000000519418;23458384302-A;11/04/2025 18:40:22;Cerrado;31990;495;32485;5758;0.0000;26232;1;CHAQUETA CUELLO CAMISERO ECOCUERO NEGRO NICOPOLY;MPM10001383864-4;N04228BM;11/04/2025 18:40:23;4d_Retiro Tienda Ripley Los Dominicos;Rivas;Veronica;;"Padre Hurtado Sur 875 ";1er Piso. Servicio al Cliente;;;LAS CONDES;REG.METROPOLITANA;CL;Rivas;Veronica;;Las totoras 8928;;;;LAS CONDES;REG.METROPOLITANA;CL;31990;0;495;0;32485;0;CLP
000000519418;23458384302-A;11/04/2025 18:40:22;Reembolsado;43990;495;44485;7918;0.0000;36072;1;BOMBER ECOCUERO MOCA NICOPOLY;MPM10002635856-3;N05153LL;11/04/2025 18:40:23;4d_Retiro Tienda Ripley Los Dominicos;Rivas;Veronica;;"Padre Hurtado Sur 875 ";1er Piso. Servicio al Cliente;;;LAS CONDES;REG.METROPOLITANA;CL;Rivas;Veronica;;Las totoras 8928;;;;LAS CONDES;REG.METROPOLITANA;CL;43990;0;495;0;44485;0;CLP
000000519418;23458513201-A;11/04/2025 20:04:51;Cerrado;24990;1596;26586;4498;0.0000;20492;1;BLUSA CON LAZO DESMONTABLE ROJO NICOPOLY;MPM10001752438-2;N04270DL-5;11/04/2025 20:04:52;Flujo Same day BX;Hidalgo;Sandra;;La Rinconada 291;501;;;HUECHURABA;REG.METROPOLITANA;CL;Hidalgo;Sandra;;La Rinconada 291;;;;HUECHURABA;REG.METROPOLITANA;CL;24990;0;1596;0;26586;0;CLP
000000519418;23458513201-A;11/04/2025 20:04:51;Cerrado;24990;1596;26586;4498;0.0000;20492;1;BLUSA CON LAZO DESMONTABLE NEGRO NICOPOLY;MPM10001752519-1;N04270BL-5;11/04/2025 20:04:52;Flujo Same day BX;Hidalgo;Sandra;;La Rinconada 291;501;;;HUECHURABA;REG.METROPOLITANA;CL;Hidalgo;Sandra;;La Rinconada 291;;;;HUECHURABA;REG.METROPOLITANA;CL;24990;0;1596;0;26586;0;CLP
000000519418;23458513201-A;11/04/2025 20:04:51;Cerrado;25990;1596;27586;4678;0.0000;21312;1;VESTIDO MUJER NICOPOLY CAFE TIPO CAMISERO LEOPARD CAFÉ;MPM10001848651-1;N05123UXL;11/04/2025 20:04:52;Flujo Same day BX;Hidalgo;Sandra;;La Rinconada 291;501;;;HUECHURABA;REG.METROPOLITANA;CL;Hidalgo;Sandra;;La Rinconada 291;;;;HUECHURABA;REG.METROPOLITANA;CL;25990;0;1596;0;27586;0;CLP
000000519418;23454247301-A;11/04/2025 20:25:30;Cerrado;57990;990;58980;10438;0.0000;47552;1;CHAQUETA CORTA IMPERMEABLE NEGRO NICOPOLY;MPM10002635843-2;N05190BS;11/04/2025 20:25:31;4d_Retiro Tienda Ripley Tobalaba;Pea;Marianela;;"Av. Camilo Henríquez 3296, Puente Alto ";2do Piso. Modulo Retiro en Tienda;;;PUENTE ALTO;REG.METROPOLITANA;CL;Pea;Marianela;;Miguel Ángel 03911;;;;PUENTE ALTO;REG.METROPOLITANA;CL;57990;0;990;0;58980;0;CLP
000000519418;23458684001-A;11/04/2025 21:41:13;Cerrado;15990;990;16980;2878;0.0000;13112;1;PANTALÓN MUJER NICOPOLY CELESTE TIRO ALTO JASPEADO;MPM10001849482-1;N05022KM;11/04/2025 21:41:15;4d_Retiro Tienda Ripley Crillon;"Navarro ";"Leticia ";;"Agustinas #1025 ";Piso -1. Modulo Retiro en Tienda;;;SANTIAGO;REG.METROPOLITANA;CL;"Navarro ";"Leticia ";;"Américo Vespucio  4601 ";;;;SANTIAGO;REG.METROPOLITANA;CL;15990;0;990;0;16980;0;CLP
000000519418;23458953002-A;12/04/2025 01:28:23;Cerrado;21990;3990;25980;3958;0.0000;18032;1;CALZA TIPO GAMUZA BURDEO NICOPOLY;MPM10002160472-1;N05307TM;12/04/2025 01:28:25;Flujo Same day BX;Alzamora;Claudia;;el trovador 4315;S/N;;;LAS CONDES;REG.METROPOLITANA;CL;Alzamora;Claudia;;el trovador 4315;;;;LAS CONDES;REG.METROPOLITANA;CL;21990;0;3990;0;25980;0;CLP
000000519418;23459019401-A;12/04/2025 02:25:07;Cerrado;36990;495;37485;6658;0.0000;30332;1;PANTALÓN BÁSICO PIERNA ANCHA NEGRO NICOPOLY;MPM10002128946-2;N05203BM;12/04/2025 02:25:09;14d_Retiro Tienda Ripley Arica;Olivare;Karina;;"Av. Diego Portales 640, Arica ";2do Piso. Modulo Retiro en Tienda;;;ARICA;XV REGION;CL;Olivare;Karina;;Óscar Belmar 185;;;;ARICA;XV REGION;CL;36990;0;495;0;37485;0;CLP
000000519418;23459019401-A;12/04/2025 02:25:07;Cerrado;36990;495;37485;6658;0.0000;30332;1;PANTALÓN BÁSICO PIERNA ANCHA KHAKI NICOPOLY;MPM10002128947-3;N05203LM;12/04/2025 02:25:09;14d_Retiro Tienda Ripley Arica;Olivare;Karina;;"Av. Diego Portales 640, Arica ";2do Piso. Modulo Retiro en Tienda;;;ARICA;XV REGION;CL;Olivare;Karina;;Óscar Belmar 185;;;;ARICA;XV REGION;CL;36990;0;495;0;37485;0;CLP
000000519418;23459067001-A;12/04/2025 08:35:25;Cerrado;25990;6990;32980;4678;0.0000;21312;1;CHAQUETA BOMBER BROCHES CAMEL NICOPOLY;MPM10001465279-4;N04263RL;12/04/2025 08:35:27;Flujo Crossdock- Ripley PAQ;Morales;Paula;;Francisco Javier krugger  2102;"7 ";;;BUIN;REG.METROPOLITANA;CL;Morales;Paula;;Francisco Javier krugger  2102;;;;BUIN;REG.METROPOLITANA;CL;25990;0;6990;0;32980;0;CLP
000000519418;23459120501-A;12/04/2025 09:43:25;Cerrado;49990;990;50980;8998;0.0000;40992;1;CHAQUETA CUELLO MAO NEGRO NICOPOLY;MPM10002617347-1;N02106BL-6;12/04/2025 09:43:27;10d_Retiro Tienda Ripley La Serena;"Troncoso ";"Guillermina ";;"Gregorio Cordovez 499 ";" 3er Piso. Modulo Retiro en Tienda";;;LA SERENA;IV REGION;CL;"Troncoso ";"Guillermina ";;El almendral 288;;;;LA SERENA;IV REGION;CL;49990;0;990;0;50980;0;CLP
000000519418;23459435701-A;12/04/2025 13:41:57;Cerrado;47990;3845;51835;8638;0.0000;39352;1;BLAZER COTELÉ CAFÉ NICOPOLY;MPM10002661346-2;N05302UM;12/04/2025 13:41:59;Flujo Crossdock- Ripley PAQ;"Agurto Aravena ";Karina Andres;;San Martin  255;Casa;;;RETIRO;VII REGION;CL;"Agurto Aravena ";Karina Andres;;San Martin  255;;;;RETIRO;VII REGION;CL;47990;0;3845;0;51835;0;CLP
000000519418;23459435701-A;12/04/2025 13:41:57;Cerrado;25990;3845;29835;4678;0.0000;21312;1;BLUSA BOTONERA INVISIBLE BLANCO NICOPOLY;MPM10001713145-2;N00089AL-5;12/04/2025 13:41:59;Flujo Crossdock- Ripley PAQ;"Agurto Aravena ";Karina Andres;;San Martin  255;Casa;;;RETIRO;VII REGION;CL;"Agurto Aravena ";Karina Andres;;San Martin  255;;;;RETIRO;VII REGION;CL;25990;0;3845;0;29835;0;CLP
000000519418;23459449002-A;12/04/2025 13:49:13;Cerrado;17990;0;17990;3238;0.0000;14752;1;BLUSA CUELLO MAO FLORAL BLANCO NICOPOLY;MPM10002122185-1;N05270AM;12/04/2025 13:49:14;Flujo Same day BX;Snchez;Carolina;;Los Cipreses 5829;S/N;;;LO PRADO;REG.METROPOLITANA;CL;Snchez;Carolina;;Los Cipreses 5829;;;;LO PRADO;REG.METROPOLITANA;CL;17990;0;0;0;17990;0;CLP
000000519418;23459494901-A;12/04/2025 14:20:40;Cerrado;20990;495;21485;3778;0.0000;17212;1;PANTALÓN MUJER NICOPOLY BLANCO TIRO ALTO BÁSICO;MPM10001752475-3;N10373AS-5;12/04/2025 14:20:42;4d_Retiro Tienda Ripley Plaza Egaña;Chavez;Francisca;;"Larrain 5800 ";" 3er Piso. Modulo Retiro en Tienda";;;NUNOA;REG.METROPOLITANA;CL;Chavez;Francisca;;avenida irarrázaval 5485;;;;NUNOA;REG.METROPOLITANA;CL;20990;0;495;0;21485;0;CLP
000000519418;23459494901-A;12/04/2025 14:20:40;Cerrado;56990;495;57485;10258;0.0000;46732;1;CHAQUETA LARGA IMPERMEABLE NEGRO NICOPOLY;MPM10002646291-3;N05191BS;12/04/2025 14:20:42;4d_Retiro Tienda Ripley Plaza Egaña;Chavez;Francisca;;"Larrain 5800 ";" 3er Piso. Modulo Retiro en Tienda";;;NUNOA;REG.METROPOLITANA;CL;Chavez;Francisca;;avenida irarrázaval 5485;;;;NUNOA;REG.METROPOLITANA;CL;56990;0;495;0;57485;0;CLP
000000519418;23459552601-A;12/04/2025 15:05:07;Cerrado;53990;990;54980;9718;0.0000;44272;1;TRENCH HEBILLA OLIVA NICOPOLY;MPM10002635820-1;N05051MS-6;12/04/2025 15:05:08;8d_Retiro Tienda Ripley Castellón;Pezo;Andrea;;"Castellon 520, Concepcion ";6to Piso. Servicio al Cliente;;;CONCEPCION;VIII REGION;CL;Pezo;Andrea;;O'Higgins 385;;;;CONCEPCION;VIII REGION;CL;53990;0;990;0;54980;0;CLP
000000519418;23459785401-A;12/04/2025 17:20:55;Cerrado;10990;7990;18980;1978;0.0000;9012;1;POLERA CUELLO ALTO BURDEO NICOPOLY;MPM10002661336-2;N05331DM;12/04/2025 17:20:56;Flujo Crossdock- Ripley PAQ;Saavedra;Vanessa;;Julio Sierra Henriquez 327;S/N;;;CURANILAHUE;VIII REGION;CL;Saavedra;Vanessa;;Julio Sierra Henriquez 327;;;;CURANILAHUE;VIII REGION;CL;10990;0;7990;0;18980;0;CLP
000000519418;23459941101-A;12/04/2025 18:55:08;Cerrado;69990;3990;73980;12598;0.0000;57392;1;ABRIGO SOLAPA REDONDA UVA NICOPOLY;MPM10002646314-3;N05252ZL;12/04/2025 18:55:09;Flujo Same day BX;Saez Friz;Maritza;;Diagonal Paraguay 360;142;;;SANTIAGO;REG.METROPOLITANA;CL;Saez Friz;Maritza;;Diagonal Paraguay 360;;;;SANTIAGO;REG.METROPOLITANA;CL;69990;0;3990;0;73980;0;CLP
000000519418;23460303801-A;12/04/2025 22:16:58;Cerrado;12990;990;13980;2338;0.0000;10652;1;SWEATER PELUDO RECOGIDO LATERAL GRIS NICOPOLY;MPM10001465176-2;N04173NL;12/04/2025 22:17:00;8d_Retiro Tienda Ripley Puerto Montt;Guerrero;Silvina;;"Urmeneta 595, Puerto Montt ";4to Piso. Servicio al Cliente;;;PTO.MONTT;X REGION;CL;Guerrero;Silvina;;Andrea aguayo Puerta Sur 6175;;;;PTO.MONTT;X REGION;CL;12990;0;990;0;13980;0;CLP
000000519418;23460470301-A;13/04/2025 00:03:41;Cerrado;8990;990;9980;1618;0.0000;7372;1;BUFANDA SUAVE ROSADO CLARO NICOPOLY;MPM10002662997-1;N05338VF;13/04/2025 00:03:42;8d_Retiro Tienda Ripley Puerto Montt;Chodil;Valentina;;"Urmeneta 595, Puerto Montt ";4to Piso. Servicio al Cliente;;;PTO.MONTT;X REGION;CL;Chodil;Valentina;;Mirador 946;;;;PTO.MONTT;X REGION;CL;8990;0;990;0;9980;0;CLP
000000519418;23460668501-A;13/04/2025 09:51:02;Cerrado;32990;3990;36980;5938;0.0000;27052;1;VESTIDO SWEATER MIDI CAMEL NICOPOLY;MPM10002160528-1;N05211US;13/04/2025 09:51:04;Flujo Same day BX;Silva;Miriam;;Colo colo 4915;Casa;;;QTA. NORMAL;REG.METROPOLITANA;CL;Silva;Miriam;;Colo colo 4915;;;;QTA. NORMAL;REG.METROPOLITANA;CL;32990;0;3990;0;36980;0;CLP
000000519418;23460707802-A;13/04/2025 10:31:26;Cerrado;49990;0;49990;8998;0.0000;40992;1;BLAZER CUELLO MAO MORADO NICOPOLY;MPM10002160537-3;N00156ZXL-6;13/04/2025 10:31:28;4d_Retiro Tienda Ripley Crillon;Gallardo;Paula;;"Agustinas #1025 ";Piso -1. Modulo Retiro en Tienda;;;SANTIAGO;REG.METROPOLITANA;CL;Gallardo;Paula;;Avenida 4 Poniente  1363;;;;SANTIAGO;REG.METROPOLITANA;CL;49990;0;0;0;49990;0;CLP
000000519418;23460707803-A;13/04/2025 10:31:27;Reembolsado;49990;0;49990;8998;0.0000;40992;1;FULFILLMENT-BLAZER LARGO CUELLO CRUZADO KHAKI NICOPOLY;MPM10002146382-2;N05299LXL-FF;13/04/2025 10:31:29;FF_MATRIX_STS;Gallardo;Paula;;"Agustinas #1025 ";Piso -1. Modulo Retiro en Tienda;;;SANTIAGO;REG.METROPOLITANA;CL;Gallardo;Paula;;Avenida 4 Poniente  1363;;;;SANTIAGO;REG.METROPOLITANA;CL;49990;0;0;0;49990;0;CLP
000000519418;23460771302-A;13/04/2025 11:15:28;Cerrado;49990;11990;61980;8998;0.0000;40992;1;CHAQUETA CUELLO MAO NEGRO NICOPOLY;MPM10002617347-1;N02106BL-6;13/04/2025 11:15:30;Flujo Crossdock- Ripley PAQ;Escudero Villegas;Jimena Cristina;;Av los sauces 1680;Condominio senderos quinta valle block A503;;;VALLENAR;III REGION;CL;Escudero Villegas;Jimena Cristina;;Av los sauces 1680;;;;VALLENAR;III REGION;CL;49990;0;11990;0;61980;0;CLP
000000519418;23460955001-A;13/04/2025 13:04:52;Cerrado;47990;990;48980;8638;0.0000;39352;1;BLAZER LARGO DE TOPE ROJO NICOPOLY;MPM10002635835-2;N05275DS;13/04/2025 13:04:54;5d_Retiro Tienda Ripley Mall Concepción;Escobar Burgos;Brbara;;"Barros Arana 1068, Concepcion ";" 3er Piso. Modulo Retiro en Tienda";;;CONCEPCION;VIII REGION;CL;Escobar Burgos;Brbara;;Psje minero delfin figueroa contreras 1842;;;;CONCEPCION;VIII REGION;CL;47990;0;990;0;48980;0;CLP
000000519418;23461273101-A;13/04/2025 16:05:50;Cerrado;44990;3990;48980;8098;0.0000;36892;1;CHAQUETA BOUCLÉ GRIS NICOPOLY;MPM10002646300-2;N05183NM;13/04/2025 16:05:51;Flujo Same day BX;Lobos;Maria;;Avenida Carrascal 6135;Casa;;;QTA. NORMAL;REG.METROPOLITANA;CL;Lobos;Maria;;Avenida Carrascal 6135;;;;QTA. NORMAL;REG.METROPOLITANA;CL;44990;0;3990;0;48980;0;CLP
000000519418;23461281401-A;13/04/2025 16:11:31;Cerrado;59990;0;59990;10798;0.0000;49192;1;ABRIGO BOUCLÉ KHAKI NICOPOLY;MPM10002646794-3;N05163LL;13/04/2025 16:11:33;5d_Retiro Tienda Ripley Talca;Morales;Claudia;;"8 Oriente 1212 ";" 2do Piso. Modulo Retiro en Tienda";;;TALCA;VII REGION;CL;Morales;Claudia;;30 oriente  1528;;;;TALCA;VII REGION;CL;59990;0;0;0;59990;0;CLP
000000519418;23461281401-A;13/04/2025 16:11:32;Cerrado;41990;0;41990;7558;0.0000;34432;1;BLAZER BOLSILLOS CON SOLAPAS KHAKI NICOPOLY;MPM10001437613-2;N04260LS;13/04/2025 16:11:33;5d_Retiro Tienda Ripley Talca;Morales;Claudia;;"8 Oriente 1212 ";" 2do Piso. Modulo Retiro en Tienda";;;TALCA;VII REGION;CL;Morales;Claudia;;30 oriente  1528;;;;TALCA;VII REGION;CL;41990;0;0;0;41990;0;CLP
000000519418;23461342901-A;13/04/2025 16:42:10;Cerrado;19990;990;20980;3598;0.0000;16392;1;SWEATER TIPO CADENETAS NEGRO NICOPOLY;MPM10001497428-3;N03025BS-4;13/04/2025 16:42:12;5d_Retiro Tienda Ripley Viña del Mar Sucre;Urrea;Karla;;"Sucre 290, Viña ";5to Piso. Modulo Retiro en Tienda;;;VI.A DEL MA;V REGION;CL;Urrea;Karla;;Alcalde Prieto Nieto  0498;;;;VI.A DEL MA;V REGION;CL;19990;0;990;0;20980;0;CLP
000000519418;23461406001-A;13/04/2025 17:10:38;Reembolsado;39990;0;39990;7198;0.0000;32792;1;VESTIDO CORTO SIN MANGAS NEGRO NICOPOLY;MPM10002122165-3;N05258BL;13/04/2025 17:10:39;Flujo Crossdock- Ripley PAQ;Sandoval;Maria Isabel;;Los Avellanos 455;S/N;;;RINCONADA;V REGION;CL;Sandoval;Maria Isabel;;Los Avellanos 455;;;;RINCONADA;V REGION;CL;39990;0;0;0;39990;0;CLP
000000519418;23461433901-A;13/04/2025 17:22:51;Cerrado;23990;0;23990;4318;0.0000;19672;1;CALZA LEOPARDO CAFÉ NICOPOLY;MPM10002160514-3;N05306UM;13/04/2025 17:22:52;4d_Retiro Tienda Ripley Los Dominicos;Freire;Sara;;"Padre Hurtado Sur 875 ";1er Piso. Servicio al Cliente;;;LAS CONDES;REG.METROPOLITANA;CL;Freire;Sara;;Víctor Sotta 7097;;;;LAS CONDES;REG.METROPOLITANA;CL;23990;0;0;0;23990;0;CLP
000000519418;23461433901-A;13/04/2025 17:22:51;Cerrado;25990;0;25990;4678;0.0000;21312;1;CALZA MUJER NICOPOLY CAFÉ ELASTICADA SKINNY TIPO ENCERADA;MPM10001503438-2;N04299UL;13/04/2025 17:22:52;4d_Retiro Tienda Ripley Los Dominicos;Freire;Sara;;"Padre Hurtado Sur 875 ";1er Piso. Servicio al Cliente;;;LAS CONDES;REG.METROPOLITANA;CL;Freire;Sara;;Víctor Sotta 7097;;;;LAS CONDES;REG.METROPOLITANA;CL;25990;0;0;0;25990;0;CLP
000000519418;23461433901-A;13/04/2025 17:22:51;Cerrado;25990;0;25990;4678;0.0000;21312;1;CALZA MUJER NICOPOLY BURDEO ELASTICADA SKINNY TIPO ENCERADA;MPM10001503439-2;N04299TL;13/04/2025 17:22:52;4d_Retiro Tienda Ripley Los Dominicos;Freire;Sara;;"Padre Hurtado Sur 875 ";1er Piso. Servicio al Cliente;;;LAS CONDES;REG.METROPOLITANA;CL;Freire;Sara;;Víctor Sotta 7097;;;;LAS CONDES;REG.METROPOLITANA;CL;25990;0;0;0;25990;0;CLP
000000519418;23461455501-A;13/04/2025 17:35:53;Cerrado;16990;495;17485;3058;0.0000;13932;1;LEGGINS MUJER NICOPOLY BURDEO LEGGING TIRO ALTO ABERTURAS;MPM00089464224-2;N03027TS;13/04/2025 17:35:54;4d_Retiro Tienda Ripley Los Dominicos;Chamorro Gonzalez;Berta Ester;;"Padre Hurtado Sur 875 ";1er Piso. Servicio al Cliente;;;LAS CONDES;REG.METROPOLITANA;CL;Chamorro Gonzalez;Berta Ester;;Villa militar cordillera calle 13 9152;;;;LAS CONDES;REG.METROPOLITANA;CL;16990;0;495;0;17485;0;CLP
000000519418;23461455501-A;13/04/2025 17:35:53;Cerrado;15990;495;16485;2878;0.0000;13112;1;LEGGINS MUJER NICOPOLY CAFÉ LEGGING TIRO ALTO COSTURAS FRONTALES;MPM00089318452-2;N03032RS;13/04/2025 17:35:54;4d_Retiro Tienda Ripley Los Dominicos;Chamorro Gonzalez;Berta Ester;;"Padre Hurtado Sur 875 ";1er Piso. Servicio al Cliente;;;LAS CONDES;REG.METROPOLITANA;CL;Chamorro Gonzalez;Berta Ester;;Villa militar cordillera calle 13 9152;;;;LAS CONDES;REG.METROPOLITANA;CL;15990;0;495;0;16485;0;CLP
000000519418;23461478701-A;13/04/2025 17:41:56;Reembolsado;44990;3990;48980;8098;0.0000;36892;1;CHAQUETA CORTA TIPO GAMUZA CAMEL NICOPOLY;MPM10002635827-2;N05173US;13/04/2025 17:41:58;Flujo Same day BX;Torres;Yarella;;Solin  1481;Casa;;;CERRO NAVIA;REG.METROPOLITANA;CL;Torres;Yarella;;Solin  1481;;;;CERRO NAVIA;REG.METROPOLITANA;CL;44990;0;3990;0;48980;0;CLP
000000519418;23461589301-A;13/04/2025 18:36:18;Cerrado;18990;990;19980;3418;0.0000;15572;1;VESTIDO MUJER NICOPOLY NEGRO TUBO CON STRASS;MPM10001849460-1;N05119BS;13/04/2025 18:36:19;4d_Retiro Tienda Ripley Plaza Vespucio;Castro;Daniza;;"Av. Vicuña Mackenna Ote. 7110, La Florida ";3er Piso. Modulo Retiro en Tienda;;;LA FLORIDA;REG.METROPOLITANA;CL;Herrada;David;;San Jorge  142;;;;LA FLORIDA;REG.METROPOLITANA;CL;18990;0;990;0;19980;0;CLP
000000519418;23461601401-A;13/04/2025 18:41:03;Cerrado;57990;990;58980;10438;0.0000;47552;1;CHAQUETA CORTA IMPERMEABLE NEGRO NICOPOLY;MPM10002635843-2;N05190BS;13/04/2025 18:41:05;10d_Retiro Tienda Ripley Antofagasta;Moya;Camila;;"Arturo Prat 530 ";" 4to Piso. Servicio al Cliente";;;ANTOFAGASTA;II REGION;CL;Moya;Camila;;Ernesto Salinas 1260;;;;ANTOFAGASTA;II REGION;CL;57990;0;990;0;58980;0;CLP
000000519418;23461714103-A;13/04/2025 19:45:28;Cerrado;54990;0;54990;9898;0.0000;45092;1;CHAQUETA BIKER NEGRO NICOPOLY;MPM10002617343-4;N02107BS-6;13/04/2025 19:45:30;18d_Retiro Tienda Ripley Punta Arenas;Cariman;Yeni;;"Avda. E Frei Montalva 01110 Local 194 ";" 2do Piso. Servicio al Cliente";;;PTA.ARENAS;XII REGION;CL;Cariman;Yeni;;Francisco Roux 1;;;;PTA.ARENAS;XII REGION;CL;54990;0;0;0;54990;0;CLP
000000519418;23461730501-A;13/04/2025 19:50:36;Reembolsado;19990;0;19990;3598;0.0000;16392;1;MINI FALDA LEOPARDO CAFÉ NICOPOLY;MPM10002146549-3;N05309UM;13/04/2025 19:50:37;Flujo Same day BX;Perez;Francis;;Avenida macul 2330;1912;;;MACUL;REG.METROPOLITANA;CL;Perez;Francis;;Avenida macul 2330;;;;MACUL;REG.METROPOLITANA;CL;19990;0;0;0;19990;0;CLP
000000519418;23461777205-A;13/04/2025 20:12:27;Cerrado;29990;0;29990;5398;0.0000;24592;1;CÁRDIGAN CROP PERLAS ROJO NICOPOLY;MPM10002160522-2;N05227DS;13/04/2025 20:12:28;10d_Retiro Tienda Ripley Antofagasta;Pizarro;Susana;;"Arturo Prat 530 ";" 4to Piso. Servicio al Cliente";;;ANTOFAGASTA;II REGION;CL;Pizarro;Susana;;Díaz Gana 900. El nogal  83;;;;ANTOFAGASTA;II REGION;CL;29990;0;0;0;29990;0;CLP
000000519418;23461779601-A;13/04/2025 20:15:01;Cerrado;29990;5990;35980;5398;0.0000;24592;1;SWEATER CANALÉ CUELLO TORTUGA ROJO NICOPOLY;MPM10002661318-3;N03150DL-6;13/04/2025 20:15:03;Flujo Crossdock- Ripley PAQ;Mora;Mariela;;Zaragoza 685;S/N;;;CURICO;VII REGION;CL;Mora;Mariela;;Zaragoza 685;;;;CURICO;VII REGION;CL;29990;0;5990;0;35980;0;CLP
000000519418;23461953801-A;13/04/2025 21:17:58;Cerrado;25990;990;26980;4678;0.0000;21312;1;VESTIDO MUJER NICOPOLY CAFÉ TIPO CAMISERO LEOPARD;MPM10001848651-3;N05123US;13/04/2025 21:18:00;11d_Retiro Tienda Ripley Temuco;Avila;Katherine;;"Arturo Prat 656, Temuco ";2do Piso. Modulo Retiro en Tienda;;;TEMUCO;IX REGION;CL;Avila;Katherine;;Alessandria 01624;;;;TEMUCO;IX REGION;CL;25990;0;990;0;26980;0;CLP
000000519418;23462084901-A;13/04/2025 22:03:10;Cerrado;20990;330;21320;3778;0.0000;17212;1;VESTIDO ASIMÉTRICO MUJER NICOPOLY CELESTE;MPM10001878070-1;N05086KM;13/04/2025 22:03:12;5d_Retiro Tienda Ripley Quilpué;Jofr Avalos;Vania Andrea;;"Claudio Vicuña 992, Quilpue ";" 3er Piso. Modulo Retiro en Tienda";;;QUILPUE;V REGION;CL;Jofr Avalos;Vania Andrea;;Madrid 353, Belloto 353;;;;QUILPUE;V REGION;CL;20990;0;330;0;21320;0;CLP
000000519418;23462084901-A;13/04/2025 22:03:10;Reembolsado;14990;330;15320;2698;0.0000;12292;1;VESTIDO CORTO MUJER NICOPOLY ROSADO CUELLO HALTER;MPM10001878077-1;N04063HM-5;13/04/2025 22:03:12;5d_Retiro Tienda Ripley Quilpué;Jofr Avalos;Vania Andrea;;"Claudio Vicuña 992, Quilpue ";" 3er Piso. Modulo Retiro en Tienda";;;QUILPUE;V REGION;CL;Jofr Avalos;Vania Andrea;;Madrid 353, Belloto 353;;;;QUILPUE;V REGION;CL;14990;0;330;0;15320;0;CLP
000000519418;23462084901-A;13/04/2025 22:03:11;Cerrado;21990;330;22320;3958;0.0000;18032;1;VESTIDO MUJER NICOPOLY BEIGE HOLGADO CON BRILLOS KHAKI;MPM10001878065-1;N05077LS;13/04/2025 22:03:12;5d_Retiro Tienda Ripley Quilpué;Jofr Avalos;Vania Andrea;;"Claudio Vicuña 992, Quilpue ";" 3er Piso. Modulo Retiro en Tienda";;;QUILPUE;V REGION;CL;Jofr Avalos;Vania Andrea;;Madrid 353, Belloto 353;;;;QUILPUE;V REGION;CL;21990;0;330;0;22320;0;CLP
000000519418;23462214701-A;13/04/2025 22:42:36;Reembolsado;36990;2185;39175;6658;0.0000;30332;1;PARKA MIDI TIPO QUILT BOLSILLOS GRIS NICOPOLY;MPM10001383857-1;N04212NS;13/04/2025 22:42:37;Flujo Same day BX;Prez;Karol;;Camino del Habito 6810;S/N;;;LA FLORIDA;REG.METROPOLITANA;CL;Prez;Karol;;Camino del Habito 6810;;;;LA FLORIDA;REG.METROPOLITANA;CL;36990;0;2185;0;39175;0;CLP
000000519418;23462214701-A;13/04/2025 22:42:36;Reembolsado;36990;2185;39175;6658;0.0000;30332;1;PARKA MIDI TIPO QUILT BOLSILLOS NEGRO NICOPOLY;MPM10001383874-1;N04212BS;13/04/2025 22:42:37;Flujo Same day BX;Prez;Karol;;Camino del Habito 6810;S/N;;;LA FLORIDA;REG.METROPOLITANA;CL;Prez;Karol;;Camino del Habito 6810;;;;LA FLORIDA;REG.METROPOLITANA;CL;36990;0;2185;0;39175;0;CLP
000000519418;23462364201-A;13/04/2025 23:46:26;Reembolsado;74990;0;74990;13498;0.0000;61492;1;ABRIGO LARGO LAZO UVA NICOPOLY;MPM10002646302-2;N04227ZL-6;13/04/2025 23:46:27;4d_Retiro Tienda Ripley Costanera Center;Tremeschin;Gabriela;;"Avenida Andrés Bello 2422 ";" 1er Piso. Modulo Retiro en Tienda";;;PROVIDENCIA;REG.METROPOLITANA;CL;Tremeschin;Gabriela;;austria  2182;;;;PROVIDENCIA;REG.METROPOLITANA;CL;74990;0;0;0;74990;0;CLP
000000519418;23462408601-A;14/04/2025 00:14:35;Cerrado;29990;990;30980;5398;0.0000;24592;1;CHAQUETA QUILT TIPO CAMISERA MARRÓN NICOPOLY;MPM10001384249-2;N04190UL;14/04/2025 00:14:36;4d_Retiro Tienda Ripley Plaza Oeste;Zamorano;Marta;;"Américo Vespucio 1501 ";" 3er Piso. Modulo Retiro en Tienda";;;CERRILLOS;REG.METROPOLITANA;CL;Zamorano;Marta;;pasaje canberra 7429;;;;CERRILLOS;REG.METROPOLITANA;CL;29990;0;990;0;30980;0;CLP
000000519418;23462554701-A;14/04/2025 08:38:08;Cerrado;37990;990;38980;6838;0.0000;31152;1;CHAQUETA BIKER ECOCUERO CORTA GRIS NICOPOLY;MPM10001383963-3;N04201NM;14/04/2025 08:38:11;4d_Retiro Tienda Ripley Tobalaba;Salgado Marin;Claudia;;"Av. Camilo Henríquez 3296, Puente Alto ";2do Piso. Modulo Retiro en Tienda;;;PUENTE ALTO;REG.METROPOLITANA;CL;Salgado Marin;Claudia;;Santa Herminia 140;;;;PUENTE ALTO;REG.METROPOLITANA;CL;37990;0;990;0;38980;0;CLP
000000519418;23462666102-A;14/04/2025 10:09:07;Reembolsado;19990;2195;22185;3598;0.0000;16392;1;SWEATER MANGA RAGLÁN GRIS NICOPOLY;MPM10002635863-2;N05253IM;14/04/2025 10:09:09;Flujo Same day BX;Ortega;Soffia;;Avenida España 471;603;;;SANTIAGO;REG.METROPOLITANA;CL;Ortega;Soffia;;Avenida España 471;;;;SANTIAGO;REG.METROPOLITANA;CL;19990;0;2195;0;22185;0;CLP
000000519418;23462666102-A;14/04/2025 10:09:07;Reembolsado;59990;2195;62185;10798;0.0000;49192;1;ABRIGO BOUCLÉ GRAFITO NICOPOLY;MPM10002646796-2;N05163NL;14/04/2025 10:09:09;Flujo Same day BX;Ortega;Soffia;;Avenida España 471;603;;;SANTIAGO;REG.METROPOLITANA;CL;Ortega;Soffia;;Avenida España 471;;;;SANTIAGO;REG.METROPOLITANA;CL;59990;0;2195;0;62185;0;CLP
000000519418;23462759602-A;14/04/2025 11:01:01;Cerrado;21990;1970;23960;3958;0.0000;18032;1;PANTALÓN MUJER NICOPOLY CELESTE PINZAS TIRO ALTO;MPM10001752461-3;N04120KL-5;14/04/2025 11:01:02;Flujo Same day BX;Barrera;Tania;;Carlos silva vildosola 10430;Casa;;;LA REINA;REG.METROPOLITANA;CL;Barrera;Tania;;Carlos silva vildosola 10430;;;;LA REINA;REG.METROPOLITANA;CL;21990;0;1970;0;23960;0;CLP
000000519418;23462832401-A;14/04/2025 11:39:53;Cerrado;21990;2970;24960;3958;0.0000;18032;1;SWEATER RAYAS BLANCO INVIERNO NICOPOLY;MPM10002160526-2;N05245AS;14/04/2025 11:39:55;Flujo Same day BX;"Acua ";"Araceli ";;Avda transversal uno 894;120;;;PUDAHUEL;REG.METROPOLITANA;CL;"Acua ";"Araceli ";;Avda transversal uno 894;;;;PUDAHUEL;REG.METROPOLITANA;CL;21990;0;2970;0;24960;0;CLP
000000519418;23462873802-A;14/04/2025 12:00:15;Cerrado;39990;3990;43980;7198;0.0000;32792;1;BLAZER LARGO MANGA DRAPEADA KHAKI NICOPOLY;MPM10001465243-3;N04262LM;14/04/2025 12:00:16;Flujo Same day BX;González Lobos;María Jose;;Presidente Alfaro 1397;1202;;;PROVIDENCIA;REG.METROPOLITANA;CL;González Lobos;María Jose;;Presidente Alfaro 1397;;;;PROVIDENCIA;REG.METROPOLITANA;CL;39990;0;3990;0;43980;0;CLP
000000519418;23462908501-A;14/04/2025 12:16:16;Reembolsado;14990;990;15980;2698;0.0000;12292;1;CALZA MUJER NICOPOLY BURDEO LISA CON CIERRE S;MPM10001465170-2;N04295TM;14/04/2025 12:16:17;5d_Retiro Tienda Ripley Viña del Mar Sucre;Gonzalez;Karen;;"Sucre 290, Viña ";5to Piso. Modulo Retiro en Tienda;;;VI.A DEL MA;V REGION;CL;Gonzalez;Karen;;Concepción 9;;;;VI.A DEL MA;V REGION;CL;14990;0;990;0;15980;0;CLP
000000519418;23463749401-A;14/04/2025 19:37:32;Cerrado;31990;3990;35980;5758;0.0000;26232;1;CHAQUETA CUELLO CAMISERO ECOCUERO CAFÉ NICOPOLY;MPM10001383853-4;N04228UM;14/04/2025 19:37:33;Flujo Same day BX;"Nuez ";Katherine;;"Libertad  1473 ";1708;;;SANTIAGO;REG.METROPOLITANA;CL;"Nuez ";Katherine;;"Libertad  1473 ";;;;SANTIAGO;REG.METROPOLITANA;CL;31990;0;3990;0;35980;0;CLP
000000519418;23464001801-A;14/04/2025 21:29:45;Cerrado;69990;3980;73970;12598;0.0000;57392;1;ABRIGO SOLAPA REDONDA UVA NICOPOLY;MPM10002646314-1;N05252ZM;14/04/2025 21:29:48;Flujo Same day BX;Gallardo Pinto;Anita;;Julio Prado  2143;1604;;;NUNOA;REG.METROPOLITANA;CL;Gallardo Pinto;Anita;;Julio Prado  2143;;;;NUNOA;REG.METROPOLITANA;CL;69990;0;3980;0;73970;0;CLP
000000519418;23464016401-A;14/04/2025 21:39:20;Cerrado;47990;3980;51970;8638;0.0000;39352;1;PARKA SIN MANGAS CORDÓN NEGRO NICOPOLY;MPM10001753190-1;N04319BL;14/04/2025 21:39:22;Flujo Same day BX;Abrigo;"Carolina ";;Varas mena  1051;Depto;;;SAN MIGUEL;REG.METROPOLITANA;CL;Abrigo;"Carolina ";;Varas mena  1051;;;;SAN MIGUEL;REG.METROPOLITANA;CL;47990;0;3980;0;51970;0;CLP
000000519418;23464039201-A;14/04/2025 21:44:24;Cerrado;19990;990;20980;3598;0.0000;16392;1;CALZA SKINNY VICHY CON CIERRE BLANCO/NEGRO NICOPOLY;MPM10002122148-3;N03033AM-6;14/04/2025 21:44:25;4d_Retiro Tienda Ripley Costanera Center;Mendicute;Maria Elena;;"Avenida Andrés Bello 2422 ";" 1er Piso. Modulo Retiro en Tienda";;;PROVIDENCIA;REG.METROPOLITANA;CL;Mendicute;Maria Elena;;Avenida espana 445;;;;PROVIDENCIA;REG.METROPOLITANA;CL;19990;0;990;0;20980;0;CLP
000000519418;23464121401-A;14/04/2025 22:18:43;Reembolsado;56990;990;57980;10258;0.0000;46732;1;CHAQUETA LARGA IMPERMEABLE NEGRO NICOPOLY;MPM10002646291-1;N05191BL;14/04/2025 22:18:44;11d_Retiro Tienda Ripley Temuco;Morales;Jacqueline;;"Arturo Prat 656, Temuco ";2do Piso. Modulo Retiro en Tienda;;;TEMUCO;IX REGION;CL;Cariman;Jose;;Raimapu 03332;;;;TEMUCO;IX REGION;CL;56990;0;990;0;57980;0;CLP
000000519418;23464200401-A;14/04/2025 22:49:55;Cerrado;79990;3990;83980;14398;0.0000;65592;1;ABRIGO FORRO TIPO PIEL GRAFITO NICOPOLY;MPM10002661326-3;N05147NL;14/04/2025 22:49:57;Flujo Same day BX;Ferrada;Juana;;María Pinto 441;Casa;;;MAIPU;REG.METROPOLITANA;CL;Ferrada;Juana;;María Pinto 441;;;;MAIPU;REG.METROPOLITANA;CL;79990;0;3990;0;83980;0;CLP
000000519418;23464324701-A;14/04/2025 23:58:23;Cerrado;59990;3990;63980;10798;0.0000;49192;1;ABRIGO BOUCLÉ KHAKI NICOPOLY;MPM10002646794-2;N05163LS;14/04/2025 23:58:25;Flujo Same day BX;Sanhueza;Maria Ester;;Porvenir 749;1523;;;SANTIAGO;REG.METROPOLITANA;CL;Sanhueza;Maria Ester;;Porvenir 749;;;;SANTIAGO;REG.METROPOLITANA;CL;59990;0;3990;0;63980;0;CLP
000000519418;23464392501-A;15/04/2025 01:16:44;Cerrado;28990;0;28990;5218;0.0000;23772;1;SWEATER BÁSICO CUELLO BEATLE MAGENTA NICOPOLY;MPM10002661608-2;N03142ZL-6;15/04/2025 01:16:46;Flujo Crossdock- Ripley PAQ;Ortega;Paulina;;Coquimbo 615 departamento 47 torre 2 615;47;;;CHIGUAYANTE;VIII REGION;CL;Ortega;Paulina;;Coquimbo 615 departamento 47 torre 2 615;;;;CHIGUAYANTE;VIII REGION;CL;28990;0;0;0;28990;0;CLP
000000519418;23464498201-A;15/04/2025 08:16:46;Cerrado;32990;3295;36285;5938;0.0000;27052;1;VESTIDO SWEATER MIDI CAMEL NICOPOLY;MPM10002160528-2;N05211UM;15/04/2025 08:16:48;Flujo Crossdock- Ripley PAQ;Cotre;Ana;;Los Pehuenches 519;Casa;;;TALCAHUANO;VIII REGION;CL;Cotre;Ana;;Los Pehuenches 519;;;;TALCAHUANO;VIII REGION;CL;32990;0;3295;0;36285;0;CLP
000000519418;23464498201-A;15/04/2025 08:16:46;Cerrado;24990;3295;28285;4498;0.0000;20492;1;VESTIDO ACANALADO MUJER NICOPOLY GRIS MANGA LARGA;MPM10001465220-1;N04300NL;15/04/2025 08:16:48;Flujo Crossdock- Ripley PAQ;Cotre;Ana;;Los Pehuenches 519;Casa;;;TALCAHUANO;VIII REGION;CL;Cotre;Ana;;Los Pehuenches 519;;;;TALCAHUANO;VIII REGION;CL;24990;0;3295;0;28285;0;CLP
000000519418;23464537601-A;15/04/2025 08:59:37;Cerrado;41990;990;42980;7558;0.0000;34432;1;PANTALÓN CARROT KHAKI NICOPOLY;MPM10002128952-4;N05242LS;15/04/2025 08:59:38;10d_Retiro Tienda Ripley Antofagasta;Collao;Karen;;"Arturo Prat 530 ";" 4to Piso. Servicio al Cliente";;;ANTOFAGASTA;II REGION;CL;Collao;Karen;;Avenida cerro paranal 315;;;;ANTOFAGASTA;II REGION;CL;41990;0;990;0;42980;0;CLP
000000519418;23464813601-A;15/04/2025 11:53:13;Cerrado;57990;990;58980;10438;0.0000;47552;1;CHAQUETA CORTA IMPERMEABLE NEGRO NICOPOLY;MPM10002635843-1;N05190BM;15/04/2025 11:53:15;5d_Retiro Tienda Ripley Mall Concepción;Encina;Kaori;;"Barros Arana 1068, Concepcion ";" 3er Piso. Modulo Retiro en Tienda";;;CONCEPCION;VIII REGION;CL;Encina;Kaori;;Pasaje 17 4491 floresta 4 4491;;;;CONCEPCION;VIII REGION;CL;57990;0;990;0;58980;0;CLP
000000519418;23465036201-A;15/04/2025 13:45:06;Cerrado;15990;1297;17287;2878;0.0000;13112;1;PANTALÓN MUJER NICOPOLY CELESTE TIRO ALTO JASPEADO;MPM10001849482-3;N05022KS;15/04/2025 13:45:08;Flujo Same day BX;Mambell;Osleynin;;Avenida Portugal 755;1610;;;SANTIAGO;REG.METROPOLITANA;CL;Mambell;Osleynin;;Avenida Portugal 755;;;;SANTIAGO;REG.METROPOLITANA;CL;15990;0;1297;0;17287;0;CLP
000000519418;23465036201-A;15/04/2025 13:45:06;Cerrado;39990;1297;41287;7198;0.0000;32792;1;BOMBER TIPO GAMUZA OLIVA NICOPOLY;MPM10002635837-2;N05184MS;15/04/2025 13:45:08;Flujo Same day BX;Mambell;Osleynin;;Avenida Portugal 755;1610;;;SANTIAGO;REG.METROPOLITANA;CL;Mambell;Osleynin;;Avenida Portugal 755;;;;SANTIAGO;REG.METROPOLITANA;CL;39990;0;1297;0;41287;0;CLP
000000519418;23465036201-A;15/04/2025 13:45:06;Cerrado;21590;1297;22887;3886;0.0000;17704;1;PANTALÓN MUJER NICOPOLY BURDEO RECTO BOTONES S;MPM00045574588-3;N02280TS;15/04/2025 13:45:08;Flujo Same day BX;Mambell;Osleynin;;Avenida Portugal 755;1610;;;SANTIAGO;REG.METROPOLITANA;CL;Mambell;Osleynin;;Avenida Portugal 755;;;;SANTIAGO;REG.METROPOLITANA;CL;21590;0;1297;0;22887;0;CLP
000000519418;23465036201-A;15/04/2025 13:45:06;Cerrado;44990;1297;46287;8098;0.0000;36892;1;CHAQUETA CORTA TIPO GAMUZA CAMEL NICOPOLY;MPM10002635827-2;N05173US;15/04/2025 13:45:08;Flujo Same day BX;Mambell;Osleynin;;Avenida Portugal 755;1610;;;SANTIAGO;REG.METROPOLITANA;CL;Mambell;Osleynin;;Avenida Portugal 755;;;;SANTIAGO;REG.METROPOLITANA;CL;44990;0;1297;0;46287;0;CLP
000000519418;23465047901-A;15/04/2025 13:51:59;Cerrado;19990;3990;23980;3598;0.0000;16392;1;MINI FALDA LEOPARDO CAFÉ NICOPOLY;MPM10002146549-3;N05309UM;15/04/2025 13:52:02;Flujo Same day BX;Fuentes;Karina;;Leonardo da vinci 7074;514;;;LAS CONDES;REG.METROPOLITANA;CL;Fuentes;Karina;;Leonardo da vinci 7074;;;;LAS CONDES;REG.METROPOLITANA;CL;19990;0;3990;0;23980;0;CLP
000000519418;23465065701-A;15/04/2025 13:57:08;Cerrado;41990;3990;45980;7558;0.0000;34432;1;CHAQUETA PUFFER COTELÉ BLANCO INVIERNO NICOPOLY;MPM10002661334-2;N05154AS;15/04/2025 13:57:09;Flujo Same day BX;Rios;Ximena;;argentina 8577;904;;;LA FLORIDA;REG.METROPOLITANA;CL;Rios;Ximena;;argentina 8577;;;;LA FLORIDA;REG.METROPOLITANA;CL;41990;0;3990;0;45980;0;CLP
000000519418;23465497301-A;15/04/2025 17:40:30;Cerrado;53890;0;53890;9700;0.0000;44190;1;CHAQUETA ECOCUERO LAZO NEGRONICOPOLY;MPM10002635859-4;N05152BXL;15/04/2025 17:40:31;Flujo Same day BX;Chacon;Maribel;;Los hinojos  3520;Casa;;;RENCA;REG.METROPOLITANA;CL;Chacon;Maribel;;Los hinojos  3520;;;;RENCA;REG.METROPOLITANA;CL;53890;0;0;0;53890;0;CLP
000000519418;23465663701-A;15/04/2025 19:15:20;Cerrado;26890;990;27880;4840;0.0000;22050;1;CÁRDIGAN CROP PERLAS BLANCO INVIERNO NICOPOLY;MPM10002160500-2;N05227AM;15/04/2025 19:15:21;4d_Retiro Tienda Ripley Crillon;Quezada;Gabriela;;"Agustinas #1025 ";Piso -1. Modulo Retiro en Tienda;;;SANTIAGO;REG.METROPOLITANA;CL;Quezada;Gabriela;;Carabineros de chile 22;;;;SANTIAGO;REG.METROPOLITANA;CL;26890;0;990;0;27880;0;CLP
000000519418;23465664801-A;15/04/2025 19:17:09;Cerrado;14990;990;15980;2698;0.0000;12292;1;BODY HALTER TIPO SATÍN VERDE OSCURO NICOPOLY;MPM10001878226-1;N05047EL;15/04/2025 19:17:10;4d_Retiro Tienda Ripley Plaza Vespucio;Aguila;Nicolas;;"Av. Vicuña Mackenna Ote. 7110, La Florida ";3er Piso. Modulo Retiro en Tienda;;;LA FLORIDA;REG.METROPOLITANA;CL;Gonzalez Chinchon;Daniela;;Bosque chileno 7209;;;;LA FLORIDA;REG.METROPOLITANA;CL;14990;0;990;0;15980;0;CLP
000000519418;23465702001-A;15/04/2025 19:36:22;Cerrado;62890;3990;66880;11320;0.0000;51570;1;ABRIGO SOLAPA REDONDA UVA NICOPOLY;MPM10002646314-1;N05252ZM;15/04/2025 19:36:24;Flujo Same day BX;Urzua;Eugenia;;Pasaje laguna blanca 0811;villa los Heroes;;;MAIPU;REG.METROPOLITANA;CL;Urzua;Eugenia;;Pasaje laguna blanca 0811;;;;MAIPU;REG.METROPOLITANA;CL;62890;0;3990;0;66880;0;CLP
000000519418;23466080701-A;15/04/2025 22:11:04;Reembolsado;17980;990;18970;3236;0.0000;14744;1;MINI FALDA LEOPARDO CAFÉ NICOPOLY;MPM10002146549-3;N05309UM;15/04/2025 22:11:05;4d_Retiro Tienda Ripley Parque Arauco;Rojas Fuentes;Maria Eugenia;;"Avenida Kennedy 5413 ";4to Piso. Modulo Retiro en Tienda;;;LAS CONDES;REG.METROPOLITANA;CL;Rojas Fuentes;Maria Eugenia;;Agua santa 1400;;;;LAS CONDES;REG.METROPOLITANA;CL;17980;0;990;0;18970;0;CLP
000000519418;23466102001-A;15/04/2025 22:19:04;Cerrado;31990;990;32980;5758;0.0000;26232;1;VESTIDO MUJER NICOPOLY ROJO PLISADO ASIMÉTRICO;MPM10001849452-2;N05100DM;15/04/2025 22:19:07;4d_Retiro Tienda Ripley Arauco Maipu;Rojas;"Claudia ";;"Av. Americo Vespucio 399 ";" 2do Piso. Modulo Retiro en Tienda";;;MAIPU;REG.METROPOLITANA;CL;Rojas;"Claudia ";;libertad 253;;;;MAIPU;REG.METROPOLITANA;CL;31990;0;990;0;32980;0;CLP
000000519418;23466144501-A;15/04/2025 22:34:26;Cerrado;51190;990;52180;9214;0.0000;41976;1;CHAQUETA LARGA IMPERMEABLE NEGRO NICOPOLY;MPM10002646291-2;N05191BM;15/04/2025 22:34:28;4d_Retiro Tienda Ripley Florida Center;Rodriguez;Poleth;;"Vicuña Mackenna Oriente 6100, La Florida ";3er Piso. Modulo Retiro en Tienda;;;LA FLORIDA;REG.METROPOLITANA;CL;Rodriguez;Poleth;;Almirante araya  1930;;;;LA FLORIDA;REG.METROPOLITANA;CL;51190;0;990;0;52180;0;CLP
000000519418;23466225601-A;15/04/2025 23:03:51;Cerrado;62890;0;62890;11320;0.0000;51570;1;ABRIGO SOLAPA REDONDA ROJO NICOPOLY;MPM10002646316-4;N05252DM;15/04/2025 23:03:52;5d_Retiro Tienda Ripley El Trébol;Irribarren;Jackeline;;"Avenida Jorge Alessandri 3177 ";" 3er Piso. Modulo Retiro en Tienda";;;TALCAHUANO;VIII REGION;CL;Irribarren;Jackeline;;La vega 801;;;;TALCAHUANO;VIII REGION;CL;62890;0;0;0;62890;0;CLP
000000519418;23466341101-A;16/04/2025 00:06:19;Cerrado;32990;1596;34586;5938;0.0000;27052;1;PANTALÓN CARROT KHAKI NICOPOLY;MPM10002128952-3;N05242LXL;16/04/2025 00:06:21;Flujo Same day BX;Rojas;Victoria;;Libertad 9124;Casa;;;SAN RAMON;REG.METROPOLITANA;CL;Rojas;Victoria;;Libertad 9124;;;;SAN RAMON;REG.METROPOLITANA;CL;32990;0;1596;0;34586;0;CLP
000000519418;23466341101-A;16/04/2025 00:06:19;Cerrado;25990;1596;27586;4678;0.0000;21312;1;CAMISA BÁSICA ALGODÓN NEGRO NICOPOLY;MPM10002128968-1;N05285BL;16/04/2025 00:06:21;Flujo Same day BX;Rojas;Victoria;;Libertad 9124;Casa;;;SAN RAMON;REG.METROPOLITANA;CL;Rojas;Victoria;;Libertad 9124;;;;SAN RAMON;REG.METROPOLITANA;CL;25990;0;1596;0;27586;0;CLP
000000519418;23466341101-A;16/04/2025 00:06:19;Cerrado;23990;1596;25586;4318;0.0000;19672;1;SWEATER DISEÑO CADENETAS BURDEO NICOPOLY;MPM10002160498-3;N04252TL-6;16/04/2025 00:06:21;Flujo Same day BX;Rojas;Victoria;;Libertad 9124;Casa;;;SAN RAMON;REG.METROPOLITANA;CL;Rojas;Victoria;;Libertad 9124;;;;SAN RAMON;REG.METROPOLITANA;CL;23990;0;1596;0;25586;0;CLP
000000519418;23466485801-A;16/04/2025 07:49:23;Cerrado;31990;990;32980;5758;0.0000;26232;1;CHAQUETA CUELLO CAMISERO ECOCUERO NEGRO NICOPOLY;MPM10001383864-2;N04228BL;16/04/2025 07:49:26;5d_Retiro Tienda Ripley Valparaíso;Miranda;Digna;;"Plaza Victoria 1646 ";" 4to Piso. Servicio al Cliente";;;VALPARAISO;V REGION;CL;Miranda;Digna;;Avenida Rodelillo 5890;;;;VALPARAISO;V REGION;CL;31990;0;990;0;32980;0;CLP
000000519418;23466631101-A;16/04/2025 10:11:58;Reembolsado;67390;3990;71380;12130;0.0000;55260;1;ABRIGO LARGO LAZO ROJO NICOPOLY;MPM10002646309-4;N04227DM-6;16/04/2025 10:12:00;Flujo Same day BX;Vega Salas;Pedro;;Huentelenfu 1409;Casa;;;MAIPU;REG.METROPOLITANA;CL;Vega Salas;Pedro;;Huentelenfu 1409;;;;MAIPU;REG.METROPOLITANA;CL;67390;0;3990;0;71380;0;CLP
000000519418;23466734302-A;16/04/2025 11:12:35;Cerrado;31390;9990;41380;5650;0.0000;25740;1;CALZA MUJER NICOPOLY NEGRO CIERRES DECORATIVOS;MPM10001710252-2;N05049BL;16/04/2025 11:12:37;Flujo Crossdock- Ripley PAQ;Cristi;Felipe;;Pedro Leon Gallo 645;506a;;;COPIAPO;III REGION;CL;Cristi;Felipe;;Pedro Leon Gallo 645;;;;COPIAPO;III REGION;CL;31390;0;9990;0;41380;0;CLP
000000519418;23466774401-A;16/04/2025 11:38:26;Cerrado;30990;990;31980;5578;0.0000;25412;1;SOBRECAMISA COTELÉ VERDE OSCURO NICOPOLY;MPM10002160504-3;N05201ES;16/04/2025 11:38:27;5d_Retiro Tienda Ripley Viña del Mar Sucre;Muñoz Zamora;Sebastián;;"Sucre 290, Viña ";5to Piso. Modulo Retiro en Tienda;;;VI.A DEL MA;V REGION;CL;Muñoz Zamora;Sebastián;;Viana 967;;;;VI.A DEL MA;V REGION;CL;30990;0;990;0;31980;0;CLP
000000519418;23466818602-A;16/04/2025 12:02:04;Reembolsado;49990;0;49990;8998;0.0000;40992;1;FULFILLMENT-BLAZER LARGO CUELLO CRUZADO ROJO OSCURO NICOPOLY;MPM10002146370-1;N05299DXL-FF;16/04/2025 12:02:06;FF_MATRIX;Escobar;"Carolina ";;Las acacias  749;842;;;VILLA ALEMA;V REGION;CL;Escobar;"Carolina ";;Las acacias  749;;;;VILLA ALEMA;V REGION;CL;49990;0;0;0;49990;0;CLP
000000519418;23466916502-A;16/04/2025 12:58:29;Cerrado;49990;0;49990;8998;0.0000;40992;1;FULFILLMENT-BLAZER LARGO CUELLO CRUZADO ROJO OSCURO NICOPOLY;MPM10002146370-2;N05299DM-FF;16/04/2025 12:58:31;FF_MATRIX_DX;Munoz;Jessica;;monvoisin 90;1510;;;MAIPU;REG.METROPOLITANA;CL;Munoz;Jessica;;monvoisin 90;;;;MAIPU;REG.METROPOLITANA;CL;49990;0;0;0;49990;0;CLP
000000519418;23466916501-A;16/04/2025 12:58:29;Cerrado;21990;1190;23180;3958;0.0000;18032;1;CALZA TIPO GAMUZA CAMEL NICOPOLY;MPM10002160536-3;N05307UL;16/04/2025 12:58:31;Flujo Same day BX;Munoz;Jessica;;monvoisin 90;1510;;;MAIPU;REG.METROPOLITANA;CL;Munoz;Jessica;;monvoisin 90;;;;MAIPU;REG.METROPOLITANA;CL;21990;0;1190;0;23180;0;CLP
000000519418;23466916501-A;16/04/2025 12:58:29;Cerrado;53990;1190;55180;9718;0.0000;44272;1;TRENCH HEBILLA KHAKI NICOPOLY;MPM10002635823-3;N05051UL-6;16/04/2025 12:58:31;Flujo Same day BX;Munoz;Jessica;;monvoisin 90;1510;;;MAIPU;REG.METROPOLITANA;CL;Munoz;Jessica;;monvoisin 90;;;;MAIPU;REG.METROPOLITANA;CL;53990;0;1190;0;55180;0;CLP
000000519418;23467194701-A;16/04/2025 15:33:24;Cerrado;59990;990;60980;10798;0.0000;49192;1;TRENCH TIPO GAMUZA OLIVA NICOPOLY;MPM10002635818-3;N05001MM-6;16/04/2025 15:33:26;8d_Retiro Tienda Ripley Coquimbo;Pizarro;Gabriela;;"Baquedano 86 ";" 1er Piso. Servicio al Cliente";;;COQUIMBO;IV REGION;CL;Pizarro;Gabriela;;Av. René Schneider 2031;;;;COQUIMBO;IV REGION;CL;59990;0;990;0;60980;0;CLP
000000519418;23467208001-A;16/04/2025 15:39:47;Cerrado;41990;990;42980;7558;0.0000;34432;1;TRENCH LAZO HEBILLA NEGRO NICOPOLY;MPM10002635819-2;N05182BS;16/04/2025 15:39:49;10d_Retiro Tienda Ripley Antofagasta;Orellana;"Paulina ";;"Arturo Prat 530 ";" 4to Piso. Servicio al Cliente";;;ANTOFAGASTA;II REGION;CL;Orellana;"Paulina ";;Galleguillos lorca 1693;;;;ANTOFAGASTA;II REGION;CL;41990;0;990;0;42980;0;CLP
000000519418;23467447701-A;16/04/2025 17:54:30;Cerrado;24990;3990;28980;4498;0.0000;20492;1;CALZA CUADRILLÉ PIE DE POULE CAFÉ NICOPOLY;MPM10002160476-2;N05202LM;16/04/2025 17:54:31;Flujo Same day BX;Campos;Marcela.a;;avenida departamental 1694;depto;;;SAN MIGUEL;REG.METROPOLITANA;CL;Campos;Marcela.a;;avenida departamental 1694;;;;SAN MIGUEL;REG.METROPOLITANA;CL;24990;0;3990;0;28980;0;CLP
000000519418;23467472401-A;16/04/2025 18:09:41;Reembolsado;49990;0;49990;8998;0.0000;40992;1;FULFILLMENT-BLAZER DE TOPE MANGA 3/4 BURDEO NICOPOLY;MPM10002146384-2;N03049TS-6-FF;16/04/2025 18:09:44;FF_MATRIX;"Mora ";"Sandra ";;Vicuña Mackenna 9060;601B;;;LA FLORIDA;REG.METROPOLITANA;CL;"Mora ";"Sandra ";;Vicuña Mackenna 9060;;;;LA FLORIDA;REG.METROPOLITANA;CL;49990;0;0;0;49990;0;CLP
000000519418;23467795402-A;16/04/2025 21:10:53;Cerrado;56990;4990;61980;10258;0.0000;46732;1;CHAQUETA LARGA IMPERMEABLE NEGRO NICOPOLY;MPM10002646291-2;N05191BM;16/04/2025 21:10:55;Flujo Crossdock- Ripley PAQ;Venegas;Claudia;;Pobl. San Jorge Altos de San Jorge 44;44;;;CONCEPCION;VIII REGION;CL;Venegas;Claudia;;Pobl. San Jorge Altos de San Jorge 44;;;;CONCEPCION;VIII REGION;CL;56990;0;4990;0;61980;0;CLP
000000519418;23467916101-A;16/04/2025 22:03:09;Cerrado;47990;990;48980;8638;0.0000;39352;1;BLAZER COTELÉ CAFÉ NICOPOLY;MPM10002661346-1;N05302US;16/04/2025 22:03:10;5d_Retiro Tienda Ripley Los Andes;Guzman;Marlen;;"Santa Teresita 683 ";2do Piso. Servicio al Cliente;;;LOS ANDES;V REGION;CL;Guzman;Marlen;;Condominio Tocornal 397 54;;;;LOS ANDES;V REGION;CL;47990;0;990;0;48980;0;CLP
000000519418;23467993601-A;16/04/2025 22:39:10;Cerrado;15990;495;16485;2878;0.0000;13112;1;PANTALÓN MUJER NICOPOLY CELESTE TIRO ALTO JASPEADO;MPM10001849482-1;N05022KM;16/04/2025 22:39:12;4d_Retiro Tienda Ripley Arauco Maipu;Lastra;Patricio;;"Av. Americo Vespucio 399 ";" 2do Piso. Modulo Retiro en Tienda";;;MAIPU;REG.METROPOLITANA;CL;Zuniga;Natalia;;Ingeniero eduardo dominguez 327 327;;;;MAIPU;REG.METROPOLITANA;CL;15990;0;495;0;16485;0;CLP
000000519418;23467993601-A;16/04/2025 22:39:10;Cerrado;9990;495;10485;1798;0.0000;8192;1;CROP TOP JASPEADO CELESTE NICOPOLY;MPM10001849443-3;N05021KM;16/04/2025 22:39:12;4d_Retiro Tienda Ripley Arauco Maipu;Lastra;Patricio;;"Av. Americo Vespucio 399 ";" 2do Piso. Modulo Retiro en Tienda";;;MAIPU;REG.METROPOLITANA;CL;Zuniga;Natalia;;Ingeniero eduardo dominguez 327 327;;;;MAIPU;REG.METROPOLITANA;CL;9990;0;495;0;10485;0;CLP
000000519418;23468178101-A;17/04/2025 00:39:49;Cerrado;25990;3990;29980;4678;0.0000;21312;1;VESTIDO MUJER NICOPOLY ROJO STRAPLESS Y ESCOTE V;MPM10001856332-1;N05011DXL;17/04/2025 00:39:50;Flujo Same day BX;Loyola;Andrea;;Rafael Sotomayor 459;107B;;;SANTIAGO;REG.METROPOLITANA;CL;Loyola;Andrea;;Rafael Sotomayor 459;;;;SANTIAGO;REG.METROPOLITANA;CL;25990;0;3990;0;29980;0;CLP
000000519418;23468195601-A;17/04/2025 01:08:59;Cerrado;59990;990;60980;10798;0.0000;49192;1;ABRIGO BOUCLÉ KHAKI NICOPOLY;MPM10002646794-2;N05163LS;17/04/2025 01:09:00;4d_Retiro Tienda Ripley Plaza Egaña;Daz;Paula;;"Larrain 5800 ";" 3er Piso. Modulo Retiro en Tienda";;;NUNOA;REG.METROPOLITANA;CL;Daz;Paula;;Av. Quilin 4985;;;;NUNOA;REG.METROPOLITANA;CL;59990;0;990;0;60980;0;CLP
000000519418;23468287602-A;17/04/2025 08:11:25;Cerrado;29990;990;30980;5398;0.0000;24592;1;CÁRDIGAN CROP PERLAS ROJO NICOPOLY;MPM10002160522-1;N05227DM;17/04/2025 08:11:27;10d_Retiro Tienda Ripley Iquique;Alegra;Susana;;"Vivar 550 ";" 4to Piso. Servicio al Cliente";;;IQUIQUE;I REGION;CL;Alegra;Susana;;Leonor Solar 3337;;;;IQUIQUE;I REGION;CL;29990;0;990;0;30980;0;CLP
000000519418;23468438601-A;17/04/2025 10:26:40;Cerrado;21990;110;22100;3958;0.0000;18032;1;SWEATER MANGAS DETALLES PERLAS CELESTE NICOPOLY;MPM10002160488-2;N03095KL-6;17/04/2025 10:26:42;6d_Retiro Tienda Ripley Nueva Valdivia;Lespai Marquez;Belen;;"Arauco 561 ";" 3er Piso. Servicio al Cliente";;;VALDIVIA;XIV REGION;CL;Lespai Marquez;Belen;;Avenida Pedro Montt 1640;;;;VALDIVIA;XIV REGION;CL;21990;0;110;0;22100;0;CLP
000000519418;23468438601-A;17/04/2025 10:26:40;Cerrado;64990;110;65100;11698;0.0000;53292;1;ABRIGO CUADRILLÉ NEGRO NICOPOLY;MPM10002646320-2;N05288BL;17/04/2025 10:26:42;6d_Retiro Tienda Ripley Nueva Valdivia;Lespai Marquez;Belen;;"Arauco 561 ";" 3er Piso. Servicio al Cliente";;;VALDIVIA;XIV REGION;CL;Lespai Marquez;Belen;;Avenida Pedro Montt 1640;;;;VALDIVIA;XIV REGION;CL;64990;0;110;0;65100;0;CLP
000000519418;23468438601-A;17/04/2025 10:26:40;Cerrado;9990;110;10100;1798;0.0000;8192;1;BUFANDA CUADRILLÉ GRANDE CELESTE NICOPOLY;MPM10002663021-1;N05335KF;17/04/2025 10:26:42;6d_Retiro Tienda Ripley Nueva Valdivia;Lespai Marquez;Belen;;"Arauco 561 ";" 3er Piso. Servicio al Cliente";;;VALDIVIA;XIV REGION;CL;Lespai Marquez;Belen;;Avenida Pedro Montt 1640;;;;VALDIVIA;XIV REGION;CL;9990;0;110;0;10100;0;CLP
000000519418;23468438601-A;17/04/2025 10:26:40;Cerrado;11990;110;12100;2158;0.0000;9832;1;BUFANDA CUADRILLÉ PEQUEÑA MOCA NICOPOLY;MPM10002663025-1;N05336GF;17/04/2025 10:26:42;6d_Retiro Tienda Ripley Nueva Valdivia;Lespai Marquez;Belen;;"Arauco 561 ";" 3er Piso. Servicio al Cliente";;;VALDIVIA;XIV REGION;CL;Lespai Marquez;Belen;;Avenida Pedro Montt 1640;;;;VALDIVIA;XIV REGION;CL;11990;0;110;0;12100;0;CLP
000000519418;23468438601-A;17/04/2025 10:26:40;Cerrado;53990;110;54100;9718;0.0000;44272;1;TRENCH HEBILLA KHAKI NICOPOLY;MPM10002635823-3;N05051UL-6;17/04/2025 10:26:42;6d_Retiro Tienda Ripley Nueva Valdivia;Lespai Marquez;Belen;;"Arauco 561 ";" 3er Piso. Servicio al Cliente";;;VALDIVIA;XIV REGION;CL;Lespai Marquez;Belen;;Avenida Pedro Montt 1640;;;;VALDIVIA;XIV REGION;CL;53990;0;110;0;54100;0;CLP
000000519418;23468438601-A;17/04/2025 10:26:40;Cerrado;21990;110;22100;3958;0.0000;18032;1;SWEATER RAYAS BLANCO INVIERNO NICOPOLY;MPM10002160526-3;N05245AL;17/04/2025 10:26:42;6d_Retiro Tienda Ripley Nueva Valdivia;Lespai Marquez;Belen;;"Arauco 561 ";" 3er Piso. Servicio al Cliente";;;VALDIVIA;XIV REGION;CL;Lespai Marquez;Belen;;Avenida Pedro Montt 1640;;;;VALDIVIA;XIV REGION;CL;21990;0;110;0;22100;0;CLP
000000519418;23468438601-A;17/04/2025 10:26:40;Cerrado;21990;110;22100;3958;0.0000;18032;1;SWEATER MANGAS DETALLES PERLAS LILA NICOPOLY;MPM10002160519-3;N03095ZL-6;17/04/2025 10:26:42;6d_Retiro Tienda Ripley Nueva Valdivia;Lespai Marquez;Belen;;"Arauco 561 ";" 3er Piso. Servicio al Cliente";;;VALDIVIA;XIV REGION;CL;Lespai Marquez;Belen;;Avenida Pedro Montt 1640;;;;VALDIVIA;XIV REGION;CL;21990;0;110;0;22100;0;CLP
000000519418;23468438601-A;17/04/2025 10:26:40;Cerrado;9990;110;10100;1798;0.0000;8192;1;BUFANDA GRUESA ROSADO NICOPOLY;MPM10002663017-1;N05334HF;17/04/2025 10:26:42;6d_Retiro Tienda Ripley Nueva Valdivia;Lespai Marquez;Belen;;"Arauco 561 ";" 3er Piso. Servicio al Cliente";;;VALDIVIA;XIV REGION;CL;Lespai Marquez;Belen;;Avenida Pedro Montt 1640;;;;VALDIVIA;XIV REGION;CL;9990;0;110;0;10100;0;CLP
000000519418;23468438601-A;17/04/2025 10:26:40;Cerrado;9990;110;10100;1798;0.0000;8192;1;BUFANDA GRUESA BLANCO INVIERNO NICOPOLY;MPM10002663004-1;N05334AF;17/04/2025 10:26:42;6d_Retiro Tienda Ripley Nueva Valdivia;Lespai Marquez;Belen;;"Arauco 561 ";" 3er Piso. Servicio al Cliente";;;VALDIVIA;XIV REGION;CL;Lespai Marquez;Belen;;Avenida Pedro Montt 1640;;;;VALDIVIA;XIV REGION;CL;9990;0;110;0;10100;0;CLP
000000519418;23468547701-A;17/04/2025 11:46:45;Cerrado;29990;9990;39980;5398;0.0000;24592;1;VESTIDO TIPO BLAZER ROJO NICOPOLY;MPM10002128953-2;N05257DM;17/04/2025 11:46:47;Flujo Crossdock- Ripley PAQ;Perez;Cristina;;Río nevado, valle los ríos 1409;S/N;;;COPIAPO;III REGION;CL;Perez;Cristina;;Río nevado, valle los ríos 1409;;;;COPIAPO;III REGION;CL;29990;0;9990;0;39980;0;CLP
000000519418;23468627501-A;17/04/2025 12:34:54;Cerrado;53990;990;54980;9718;0.0000;44272;1;TRENCH HEBILLA KHAKI NICOPOLY;MPM10002635823-2;N05051UM-6;17/04/2025 12:34:55;5d_Retiro Tienda Ripley Los Andes;"Morales ";"Carol ";;"Santa Teresita 683 ";2do Piso. Servicio al Cliente;;;LOS ANDES;V REGION;CL;Gonzalez;Mabel;;Víctor lafon 936;;;;LOS ANDES;V REGION;CL;53990;0;990;0;54980;0;CLP
000000519418;23468727701-A;17/04/2025 13:48:22;Reembolsado;57990;990;58980;10438;0.0000;47552;1;CHAQUETA CORTA IMPERMEABLE OLIVA NICOPOLY;MPM10002635844-1;N05190MS;17/04/2025 13:48:24;5d_Retiro Tienda Ripley La Calera;Soto;"Mackarenna ";;"JJ Perez 90, La Calera ";" 2do Piso. Modulo Retiro en Tienda";;;CALERA;V REGION;CL;Soto;"Mackarenna ";;Marathón 848, psj. Malbune campos deporte 841;;;;CALERA;V REGION;CL;57990;0;990;0;58980;0;CLP
000000519418;23468963201-A;17/04/2025 16:56:08;Cerrado;55990;990;56980;10078;0.0000;45912;1;ABRIGO HOMBROS CAÍDOS GRIS NICOPOLY;MPM10002646331-1;N05174NS;17/04/2025 16:56:09;10d_Retiro Tienda Ripley Pto. Montt Costanera;Duarte Alvarado;Jocelyn;;"Juan Soler Manfredini 10 ";" 6to Piso. Modulo Retiro en Tienda";;;PTO.MONTT;X REGION;CL;Duarte Alvarado;Jocelyn;;Laguna Mansa 1993;;;;PTO.MONTT;X REGION;CL;55990;0;990;0;56980;0;CLP
000000519418;23468969101-A;17/04/2025 16:59:27;Cerrado;29990;990;30980;5398;0.0000;24592;1;CHAQUETA QUILT TIPO CAMISERA NEGRO NICOPOLY;MPM10001383909-2;N04190BM;17/04/2025 16:59:28;5d_Retiro Tienda Ripley Talca;Labra Muoz;Paz;;"8 Oriente 1212 ";" 2do Piso. Modulo Retiro en Tienda";;;TALCA;VII REGION;CL;Labra Muoz;Paz;;2 norte 4754;;;;TALCA;VII REGION;CL;29990;0;990;0;30980;0;CLP
000000519418;23468981801-A;17/04/2025 17:08:54;Cerrado;24990;990;25980;4498;0.0000;20492;1;BLUSA CON LAZO DESMONTABLE CELESTE NICOPOLY;MPM10001752432-3;N04270KM-5;17/04/2025 17:08:55;5d_Retiro Tienda Ripley El Trébol;Espinoza;Ignacia Bryanet;;"Avenida Jorge Alessandri 3177 ";" 3er Piso. Modulo Retiro en Tienda";;;TALCAHUANO;VIII REGION;CL;Espinoza;Ignacia Bryanet;;Parques de Carriel 9385;;;;TALCAHUANO;VIII REGION;CL;24990;0;990;0;25980;0;CLP
000000519418;23469186901-A;17/04/2025 20:01:16;Cerrado;79990;990;80980;14398;0.0000;65592;1;ABRIGO 4 BOTONES AZUL ELÉCTRICO NICOPOLY;MPM10002646307-1;N05155CM;17/04/2025 20:01:18;5d_Retiro Tienda Ripley El Trébol;Cordova;Andres;;"Avenida Jorge Alessandri 3177 ";" 3er Piso. Modulo Retiro en Tienda";;;TALCAHUANO;VIII REGION;CL;Cordova;Andres;;Las Dalias Pje 3;;;;TALCAHUANO;VIII REGION;CL;79990;0;990;0;80980;0;CLP
000000519418;23469248001-A;17/04/2025 20:52:04;Cerrado;23990;8990;32980;4318;0.0000;19672;1;CALZA LEOPARDO CAFÉ NICOPOLY;MPM10002160514-3;N05306UM;17/04/2025 20:52:06;Flujo Crossdock- Ripley PAQ;Cisterna Cid;Jorge Orlando;;rosas oriente201 puertas hierro 2 1062;casa;;;ANGOL;IX REGION;CL;Cisterna Cid;Jorge Orlando;;rosas oriente201 puertas hierro 2 1062;;;;ANGOL;IX REGION;CL;23990;0;8990;0;32980;0;CLP
000000519418;23469383001-A;17/04/2025 22:18:52;Cerrado;54990;6990;61980;9898;0.0000;45092;1;CHAQUETA BIKER NEGRO NICOPOLY;MPM10002617343-3;N02107BL-6;17/04/2025 22:18:53;Flujo Crossdock- Ripley PAQ;Leiva;Nancy;;Condell 3057;C;;;QUINTERO;V REGION;CL;Leiva;Nancy;;Condell 3057;;;;QUINTERO;V REGION;CL;54990;0;6990;0;61980;0;CLP
000000519418;23469464201-A;17/04/2025 23:18:17;Cerrado;44990;3990;48980;8098;0.0000;36892;1;ABRIGO CORTO NEGRO NICOPOLY;MPM10002646313-2;N05160BS;17/04/2025 23:18:19;Flujo Same day BX;"Fuentes ";"Elena ";;Vicuña Mackenna  625;816;;;SANTIAGO;REG.METROPOLITANA;CL;"Fuentes ";"Elena ";;Vicuña Mackenna  625;;;;SANTIAGO;REG.METROPOLITANA;CL;44990;0;3990;0;48980;0;CLP
000000519418;23469523901-A;18/04/2025 00:08:20;Cerrado;53990;3990;57980;9718;0.0000;44272;1;TRENCH HEBILLA OLIVA NICOPOLY;MPM10002635820-2;N05051MM-6;18/04/2025 00:08:22;Flujo Same day BX;Bravo;Gema;;Pasaje Llaima 568, VILLA MILLAUQUEN 568;villa;;;QUILICURA;REG.METROPOLITANA;CL;Bravo;Gema;;Pasaje Llaima 568, VILLA MILLAUQUEN 568;;;;QUILICURA;REG.METROPOLITANA;CL;53990;0;3990;0;57980;0;CLP
000000519418;23469635401-A;18/04/2025 08:33:13;Cerrado;24990;990;25980;4498;0.0000;20492;1;VESTIDO ACANALADO MUJER NICOPOLY GRIS MANGA LARGA;MPM10001465220-2;N04300NM;18/04/2025 08:33:15;5d_Retiro Tienda Ripley Mall Concepción;Araneda zenteno;Natalie;;"Barros Arana 1068, Concepcion ";" 3er Piso. Modulo Retiro en Tienda";;;CONCEPCION;VIII REGION;CL;Araneda zenteno;Natalie;;"Calle San Carlos  204 ";;;;CONCEPCION;VIII REGION;CL;24990;0;990;0;25980;0;CLP
000000519418;23469664801-A;18/04/2025 09:27:21;Cerrado;25990;0;25990;4678;0.0000;21312;1;FULFILLMENT-GILET BÁSICO 4 BOTONES KHAKI NICOPOLY;MPM10002146381-2;N05262LM-FF;18/04/2025 09:27:22;FF_MATRIX;Flores;Vila;;Avenida consistorial 6130;76A;;;PE.ALOLEN;REG.METROPOLITANA;CL;Flores;Vila;;Avenida consistorial 6130;;;;PE.ALOLEN;REG.METROPOLITANA;CL;25990;0;0;0;25990;0;CLP
000000519418;23469785002-A;18/04/2025 11:44:30;Cerrado;45990;3990;49980;8278;0.0000;37712;1;BLAZER PIED DE POULE CAFÉ NICOPOLY;MPM10001713149-1;N05037LL;18/04/2025 11:44:32;Flujo Same day BX;Hidalgo;Priscila;;valenzuela puelma 975 9753;25;;;LA REINA;REG.METROPOLITANA;CL;Hidalgo;Priscila;;valenzuela puelma 975 9753;;;;LA REINA;REG.METROPOLITANA;CL;45990;0;3990;0;49980;0;CLP
000000519418;23469798802-A;18/04/2025 11:52:02;Cerrado;39990;990;40980;7198;0.0000;32792;1;BLAZER UN BOTÓN AZUL ACERO NICOPOLY;MPM10002635836-1;N05318CS;18/04/2025 11:52:04;5d_Retiro Tienda Ripley Los Ángeles;Moncada Puentes;Andrea;;"Valdivia 440, Los Angeles ";" 3er Piso. Servicio al Cliente";;;LOS ANGELES;VIII REGION;CL;Moncada Puentes;Andrea;;pasaje 2  loteo ex fundo el carmen lado colegio teresiano entrada por calle don victor club de campo 1695;;;;LOS ANGELES;VIII REGION;CL;39990;0;990;0;40980;0;CLP
000000519418;23469848201-A;18/04/2025 12:32:16;Reembolsado;42990;0;42990;7738;0.0000;35252;1;BLAZER CRUZADO ECOCUERO NEGRO NICOPOLY;MPM10001849471-4;N05105BL;18/04/2025 12:32:18;Flujo Same day BX;Juri Farias;Yanina Isis;;Curicó 1255;S/N;;;PUDAHUEL;REG.METROPOLITANA;CL;Juri Farias;Yanina Isis;;Curicó 1255;;;;PUDAHUEL;REG.METROPOLITANA;CL;42990;0;0;0;42990;0;CLP
000000519418;23469878101-A;18/04/2025 13:00:30;Cerrado;49990;0;49990;8998;0.0000;40992;1;FULFILLMENT-BLAZER LARGO CUELLO CRUZADO ROJO OSCURO NICOPOLY;MPM10002146370-4;N05299DL-FF;18/04/2025 13:00:32;FF_MATRIX;Perez;Marcia;;Calle La estacion 254;S/N;;;SN.BERNARDO;REG.METROPOLITANA;CL;Perez;Marcia;;Calle La estacion 254;;;;SN.BERNARDO;REG.METROPOLITANA;CL;49990;0;0;0;49990;0;CLP
000000519418;23469881401-A;18/04/2025 13:03:12;Cerrado;69990;3990;73980;12598;0.0000;57392;1;ABRIGO SOLAPA REDONDA UVA NICOPOLY;MPM10002646314-3;N05252ZL;18/04/2025 13:03:13;Flujo Same day BX;Gatica;Lorena;;"san rafael norte  57 ";S/N;;;MAIPU;REG.METROPOLITANA;CL;Gatica;Lorena;;"san rafael norte  57 ";;;;MAIPU;REG.METROPOLITANA;CL;69990;0;3990;0;73980;0;CLP
000000519418;23469893401-A;18/04/2025 13:11:24;Cerrado;21990;5990;27980;3958;0.0000;18032;1;CALZA TIPO GAMUZA NEGRO NICOPOLY;MPM10002160471-2;N05307BM;18/04/2025 13:11:26;Flujo Crossdock- Ripley PAQ;Guzman;Carla;;Irme Jhonson Molina 2579;102;;;QUILPUE;V REGION;CL;Guzman;Carla;;Irme Jhonson Molina 2579;;;;QUILPUE;V REGION;CL;21990;0;5990;0;27980;0;CLP
000000519418;23470024701-A;18/04/2025 14:57:23;Cerrado;29990;2195;32185;5398;0.0000;24592;1;CHAQUETA QUILT TIPO CAMISERA MARRÓN NICOPOLY;MPM10001384249-2;N04190UL;18/04/2025 14:57:24;Flujo Same day BX;Michelle Estay;Michelle Estay;;TERESA VIAL 1235;62;;;SAN MIGUEL;REG.METROPOLITANA;CL;Michelle Estay;Michelle Estay;;TERESA VIAL 1235;;;;SAN MIGUEL;REG.METROPOLITANA;CL;29990;0;2195;0;32185;0;CLP
000000519418;23470024701-A;18/04/2025 14:57:23;Cerrado;29990;2195;32185;5398;0.0000;24592;1;CHAQUETA QUILT TIPO CAMISERA OLIVA NICOPOLY;MPM10001383865-1;N04190ML;18/04/2025 14:57:24;Flujo Same day BX;Michelle Estay;Michelle Estay;;TERESA VIAL 1235;62;;;SAN MIGUEL;REG.METROPOLITANA;CL;Michelle Estay;Michelle Estay;;TERESA VIAL 1235;;;;SAN MIGUEL;REG.METROPOLITANA;CL;29990;0;2195;0;32185;0;CLP
000000519418;23470296501-A;18/04/2025 18:05:38;Cerrado;49990;495;50485;8998;0.0000;40992;1;BLAZER CUELLO MAO NEGRO NICOPOLY;MPM10002160484-2;N00156BXL-6;18/04/2025 18:05:40;4d_Retiro Tienda Ripley Crillon;Gallardo;Paula;;"Agustinas #1025 ";Piso -1. Modulo Retiro en Tienda;;;SANTIAGO;REG.METROPOLITANA;CL;Gallardo;Paula;;Avenida 4 Poniente  1363;;;;SANTIAGO;REG.METROPOLITANA;CL;49990;0;495;0;50485;0;CLP
000000519418;23470296501-A;18/04/2025 18:05:38;Cerrado;49990;495;50485;8998;0.0000;40992;1;BLAZER CUELLO MAO KHAKI NICOPOLY;MPM10002160480-3;N00156LXL-6;18/04/2025 18:05:40;4d_Retiro Tienda Ripley Crillon;Gallardo;Paula;;"Agustinas #1025 ";Piso -1. Modulo Retiro en Tienda;;;SANTIAGO;REG.METROPOLITANA;CL;Gallardo;Paula;;Avenida 4 Poniente  1363;;;;SANTIAGO;REG.METROPOLITANA;CL;49990;0;495;0;50485;0;CLP
000000519418;23470400702-A;18/04/2025 19:15:21;Cerrado;44990;4990;49980;8098;0.0000;36892;1;CHAQUETA BOUCLÉ NEGRO NICOPOLY;MPM10002646312-2;N05183BL;18/04/2025 19:15:22;Flujo Crossdock- Ripley PAQ;Lomboy Suazo;"Michelle ";;Sanders 10;1105;;;CONCEPCION;VIII REGION;CL;Lomboy Suazo;"Michelle ";;Sanders 10;;;;CONCEPCION;VIII REGION;CL;44990;0;4990;0;49980;0;CLP
000000519418;23470405804-A;18/04/2025 19:21:07;Cerrado;44990;3990;48980;8098;0.0000;36892;1;CHAQUETA BOUCLÉ GRIS NICOPOLY;MPM10002646300-1;N05183NS;18/04/2025 19:21:10;Flujo Same day BX;Ochoa;Daniel;;Exequiel Fernández 605;76;;;NUNOA;REG.METROPOLITANA;CL;Ochoa;Daniel;;Exequiel Fernández 605;;;;NUNOA;REG.METROPOLITANA;CL;44990;0;3990;0;48980;0;CLP
000000519418;23470696201-A;18/04/2025 22:34:12;Reembolsado;49990;0;49990;8998;0.0000;40992;1;FULFILLMENT-BLAZER LARGO CUELLO CRUZADO ROJO OSCURO NICOPOLY;MPM10002146370-4;N05299DL-FF;18/04/2025 22:34:14;FF_MATRIX;Fuentealba;Jessica;;CARLOS EDWARDS 1161;604;;;SAN MIGUEL;REG.METROPOLITANA;CL;Fuentealba;Jessica;;CARLOS EDWARDS 1161;;;;SAN MIGUEL;REG.METROPOLITANA;CL;49990;0;0;0;49990;0;CLP
000000519418;23470719801-A;18/04/2025 23:01:07;Cerrado;12990;990;13980;2338;0.0000;10652;1;BLUSA MANGAS VUELOS CELESTE NICOPOLY;MPM10001860534-2;N00312KS-5;18/04/2025 23:01:09;4d_Retiro Tienda Ripley Los Dominicos;Delgado Atenas;Cliente;;"Padre Hurtado Sur 875 ";1er Piso. Servicio al Cliente;;;LAS CONDES;REG.METROPOLITANA;CL;Delgado Atenas;Cliente;;La capitania 70;;;;LAS CONDES;REG.METROPOLITANA;CL;12990;0;990;0;13980;0;CLP
000000519418;23470790801-A;18/04/2025 23:48:08;Cerrado;54990;990;55980;9898;0.0000;45092;1;CHAQUETA BIKER NEGRO NICOPOLY;MPM10002617343-3;N02107BL-6;18/04/2025 23:48:10;5d_Retiro Tienda Ripley Quilpué;Solis Vasquez;Cesar Patricio;;"Claudio Vicuña 992, Quilpue ";" 3er Piso. Modulo Retiro en Tienda";;;QUILPUE;V REGION;CL;Solis Vasquez;Cesar Patricio;;Lima 481;;;;QUILPUE;V REGION;CL;54990;0;990;0;55980;0;CLP
000000519418;23470814501-A;19/04/2025 00:18:13;Cerrado;22990;0;22990;4138;0.0000;18852;1;CAMISA BÁSICA KHAKI NICOPOLY;MPM10002128966-2;N05181LM;19/04/2025 00:18:15;5d_Retiro Tienda Ripley Viña del Mar Sucre;Cruz;Jessica;;"Sucre 290, Viña ";5to Piso. Modulo Retiro en Tienda;;;VI.A DEL MA;V REGION;CL;Cruz;Jessica;;Pasaje viento sur  27;;;;VI.A DEL MA;V REGION;CL;22990;0;0;0;22990;0;CLP
000000519418;23470917401-A;19/04/2025 08:37:11;Cerrado;20990;990;21980;3778;0.0000;17212;1;PANTALÓN MUJER NICOPOLY KHAKI TIRO ALTO BÁSICO;MPM10001752467-4;N10373LM-5;19/04/2025 08:37:13;4d_Retiro Tienda Ripley Parque Arauco;Vazquez;Julia;;"Avenida Kennedy 5413 ";4to Piso. Modulo Retiro en Tienda;;;LAS CONDES;REG.METROPOLITANA;CL;Vazquez;Julia;;Cerro colorado 4800;;;;LAS CONDES;REG.METROPOLITANA;CL;20990;0;990;0;21980;0;CLP
000000519418;23471017701-A;19/04/2025 10:52:06;Cerrado;22990;990;23980;4138;0.0000;18852;1;CAMISA BÁSICA BURDEO NICOPOLY;MPM10002128963-4;N05181ZL;19/04/2025 10:52:08;5d_Retiro Tienda Ripley La Calera;Bernal;Maria;;"JJ Perez 90, La Calera ";" 2do Piso. Modulo Retiro en Tienda";;;CALERA;V REGION;CL;Bernal;Maria;;Pje Rancagua Villa Ohiggins 686;;;;CALERA;V REGION;CL;22990;0;990;0;23980;0;CLP
000000519418;23471058701-A;19/04/2025 11:24:49;Reembolsado;29990;990;30980;5398;0.0000;24592;1;CHAQUETA QUILT TIPO CAMISERA MARRÓN NICOPOLY;MPM10001384249-4;N04190UXL;19/04/2025 11:24:50;5d_Retiro Tienda Ripley Mall Concepción;Saavedra;Ana;;"Barros Arana 1068, Concepcion ";" 3er Piso. Modulo Retiro en Tienda";;;CONCEPCION;VIII REGION;CL;Saavedra;Ana;;Avda. Collao 1948;;;;CONCEPCION;VIII REGION;CL;29990;0;990;0;30980;0;CLP
000000519418;23471265401-A;19/04/2025 14:22:51;Cerrado;24990;990;25980;4498;0.0000;20492;1;CALZA CUADRILLÉ PIE DE POULE CAFÉ NICOPOLY;MPM10002160476-1;N05202LL;19/04/2025 14:22:53;4d_Retiro Tienda Ripley Parque Arauco;Vazquez;Julia;;"Avenida Kennedy 5413 ";4to Piso. Modulo Retiro en Tienda;;;LAS CONDES;REG.METROPOLITANA;CL;Vazquez;Julia;;Cerro colorado 4800;;;;LAS CONDES;REG.METROPOLITANA;CL;24990;0;990;0;25980;0;CLP
000000519418;23471476101-A;19/04/2025 17:03:20;Cerrado;8990;990;9980;1618;0.0000;7372;1;BUFANDA SUAVE NEGRO NICOPOLY;MPM10002662995-1;N05338BF;19/04/2025 17:03:21;10d_Retiro Tienda Ripley Pto. Montt Costanera;Chodil;Valentina;;"Juan Soler Manfredini 10 ";" 6to Piso. Modulo Retiro en Tienda";;;PTO.MONTT;X REGION;CL;Chodil;Valentina;;Mirador 946;;;;PTO.MONTT;X REGION;CL;8990;0;990;0;9980;0;CLP
000000519418;23471508202-A;19/04/2025 17:26:21;Cerrado;39990;0;39990;7198;0.0000;32792;1;BLAZER UN BOTÓN KHAKI NICOPOLY;MPM10002635831-1;N05318LS;19/04/2025 17:26:23;4d_Retiro Tienda Ripley Florida Center;Castro;Veronica;;"Vicuña Mackenna Oriente 6100, La Florida ";3er Piso. Modulo Retiro en Tienda;;;LA FLORIDA;REG.METROPOLITANA;CL;Castro;Veronica;;Pasaje ocho 5280;;;;LA FLORIDA;REG.METROPOLITANA;CL;39990;0;0;0;39990;0;CLP
000000519418;23471535601-A;19/04/2025 17:50:01;Cerrado;10990;3990;14980;1978;0.0000;9012;1;POLERA CUELLO ALTO CAFÉ NICOPOLY;MPM10002661327-1;N05331OM;19/04/2025 17:50:02;Flujo Same day BX;Sarmiento;Javiera;;la española 3889;S/N;;;MAIPU;REG.METROPOLITANA;CL;Sarmiento;Javiera;;la española 3889;;;;MAIPU;REG.METROPOLITANA;CL;10990;0;3990;0;14980;0;CLP
000000519418;23471566401-A;19/04/2025 18:06:23;Reembolsado;47990;990;48980;8638;0.0000;39352;1;CHAQUETA ECOCUERO LAZO NEGRONICOPOLY;MPM10002635859-4;N05152BXL;19/04/2025 18:06:25;4d_Retiro Tienda Ripley Crillon;Prez Seplveda;Josefa;;"Agustinas #1025 ";Piso -1. Modulo Retiro en Tienda;;;SANTIAGO;REG.METROPOLITANA;CL;Prez Seplveda;Josefa;;Avenida Las Torres con Los Arrayanes 1042;;;;SANTIAGO;REG.METROPOLITANA;CL;47990;0;990;0;48980;0;CLP
000000519418;23471717401-A;19/04/2025 19:39:10;Cerrado;16990;495;17485;3058;0.0000;13932;1;CÁRDIGAN CORTO BOTONES MAGENTA NICOPOLY;MPM00044384794-1;N02288SL;19/04/2025 19:39:12;4d_Retiro Tienda Ripley Los Dominicos;Ruiz;Angeles;;"Padre Hurtado Sur 875 ";1er Piso. Servicio al Cliente;;;LAS CONDES;REG.METROPOLITANA;CL;Ruiz;Angeles;;Cerro Catedral Sur  12179;;;;LAS CONDES;REG.METROPOLITANA;CL;16990;0;495;0;17485;0;CLP
000000519418;23471717401-A;19/04/2025 19:39:10;Cerrado;10990;495;11485;1978;0.0000;9012;1;POLERA CUELLO ALTO CAFÉ NICOPOLY;MPM10002661327-1;N05331OM;19/04/2025 19:39:12;4d_Retiro Tienda Ripley Los Dominicos;Ruiz;Angeles;;"Padre Hurtado Sur 875 ";1er Piso. Servicio al Cliente;;;LAS CONDES;REG.METROPOLITANA;CL;Ruiz;Angeles;;Cerro Catedral Sur  12179;;;;LAS CONDES;REG.METROPOLITANA;CL;10990;0;495;0;11485;0;CLP
000000519418;23471787601-A;19/04/2025 20:20:56;Cerrado;59990;3990;63980;10798;0.0000;49192;1;TRENCH TIPO GAMUZA CAFÉ NICOPOLY;MPM10002635821-2;N05001OM-6;19/04/2025 20:20:58;Flujo Same day BX;Silva;Fabiola;;Apoquindo 8053;214;;;LAS CONDES;REG.METROPOLITANA;CL;Silva;Fabiola;;Apoquindo 8053;;;;LAS CONDES;REG.METROPOLITANA;CL;59990;0;3990;0;63980;0;CLP
000000519418;23471788401-A;19/04/2025 20:22:33;Cerrado;41990;990;42980;7558;0.0000;34432;1;BLAZER PATRÓN ESPIGA GRIS CLARO NICOPOLY;MPM10001497651-3;N04159IS;19/04/2025 20:22:34;Flujo Crossdock- Ripley PAQ;Bastias;Sthefany;;4 oriente  1545;Depto 204;;;TALCA;VII REGION;CL;Bastias;Sthefany;;4 oriente  1545;;;;TALCA;VII REGION;CL;41990;0;990;0;42980;0;CLP
000000519418;23471833201-A;19/04/2025 20:52:48;Cerrado;8990;0;8990;1618;0.0000;7372;1;BUFANDA SUAVE NEGRO NICOPOLY;MPM10002662995-1;N05338BF;19/04/2025 20:52:51;4d_Retiro Tienda Ripley Tobalaba;Quezada;Johanna;;"Av. Camilo Henríquez 3296, Puente Alto ";2do Piso. Modulo Retiro en Tienda;;;PUENTE ALTO;REG.METROPOLITANA;CL;Quezada;Johanna;;El labrador  0702;;;;PUENTE ALTO;REG.METROPOLITANA;CL;8990;0;0;0;8990;0;CLP
000000519418;23472033701-A;19/04/2025 22:54:54;Cerrado;11990;990;12980;2158;0.0000;9832;1;CÁRDIGAN CORTO SIN MANGAS LILA NICOPOLY;MPM00087456870-3;N03115ZM;19/04/2025 22:54:55;4d_Retiro Tienda Ripley San Bernardo;Morales Negrete;Katherinne Solange;;"Av. Pdte. Jorge Alessandri Rodríguez 20040, San Bernardo ";2do Piso. Modulo Retiro en Tienda;;;SN.BERNARDO;REG.METROPOLITANA;CL;Morales Negrete;Katherinne Solange;;Calle del parque 0214 villa los jardi 0214;;;;SN.BERNARDO;REG.METROPOLITANA;CL;11990;0;990;0;12980;0;CLP
000000519418;23472184701-A;20/04/2025 02:21:54;Cerrado;32990;0;32990;5938;0.0000;27052;1;VESTIDO SWEATER MIDI ROJO NICOPOLY;MPM10002160525-2;N05211DS;20/04/2025 02:21:56;4d_Retiro Tienda Ripley Parque Arauco;Muoz;Karen;;"Avenida Kennedy 5413 ";4to Piso. Modulo Retiro en Tienda;;;LAS CONDES;REG.METROPOLITANA;CL;Muoz;Karen;;AMÉRICO VESPUCIO NORTE 435 PIRÁMIDE B .;;;;LAS CONDES;REG.METROPOLITANA;CL;32990;0;0;0;32990;0;CLP
000000519418;23472207401-A;20/04/2025 07:49:36;Cerrado;23990;990;24980;4318;0.0000;19672;1;CALZA LEOPARDO CAFÉ NICOPOLY;MPM10002160514-3;N05306UM;20/04/2025 07:49:38;5d_Retiro Tienda Ripley Mall Concepción;Lorca;Valentina;;"Barros Arana 1068, Concepcion ";" 3er Piso. Modulo Retiro en Tienda";;;CONCEPCION;VIII REGION;CL;Lorca;Valentina;;Av campos deportivos 402;;;;CONCEPCION;VIII REGION;CL;23990;0;990;0;24980;0;CLP
000000519418;23472287501-A;20/04/2025 10:32:00;Cerrado;14990;2195;17185;2698;0.0000;12292;1;CALZA MUJER NICOPOLY BURDEO LISA CON CIERRE S;MPM10001465170-1;N04295TL;20/04/2025 10:32:02;Flujo Same day BX;Marivil;Valesca;;Piramide 1000;1507;;;SAN MIGUEL;REG.METROPOLITANA;CL;Marivil;Valesca;;Piramide 1000;;;;SAN MIGUEL;REG.METROPOLITANA;CL;14990;0;2195;0;17185;0;CLP
000000519418;23472287501-A;20/04/2025 10:32:00;Cerrado;59990;2195;62185;10798;0.0000;49192;1;ABRIGO BOUCLÉ GRAFITO NICOPOLY;MPM10002646796-2;N05163NL;20/04/2025 10:32:02;Flujo Same day BX;Marivil;Valesca;;Piramide 1000;1507;;;SAN MIGUEL;REG.METROPOLITANA;CL;Marivil;Valesca;;Piramide 1000;;;;SAN MIGUEL;REG.METROPOLITANA;CL;59990;0;2195;0;62185;0;CLP
000000519418;23472415201-A;20/04/2025 12:24:27;Cerrado;21990;990;22980;3958;0.0000;18032;1;CALZA TIPO GAMUZA NEGRO NICOPOLY;MPM10002160471-1;N05307BL;20/04/2025 12:24:29;4d_Retiro Tienda Ripley San Bernardo;Sanhueza Sepulveda;Natalie;;"Av. Pdte. Jorge Alessandri Rodríguez 20040, San Bernardo ";2do Piso. Modulo Retiro en Tienda;;;SN.BERNARDO;REG.METROPOLITANA;CL;Sanhueza Sepulveda;Natalie;;Vecinal norte 794;;;;SN.BERNARDO;REG.METROPOLITANA;CL;21990;0;990;0;22980;0;CLP
000000519418;23472421101-A;20/04/2025 12:32:58;Cerrado;21990;3980;25970;3958;0.0000;18032;1;SWEATER RAYAS BLANCO INVIERNO NICOPOLY;MPM10002160526-1;N05245AM;20/04/2025 12:32:59;Flujo Same day BX;Ortiz;Graciela;;Hernán Cortés 2834;405;;;NUNOA;REG.METROPOLITANA;CL;Ortiz;Graciela;;Hernán Cortés 2834;;;;NUNOA;REG.METROPOLITANA;CL;21990;0;3980;0;25970;0;CLP
000000519418;23472491501-A;20/04/2025 13:23:52;Reembolsado;49990;0;49990;8998;0.0000;40992;1;FULFILLMENT-BLAZER LARGO CUELLO CRUZADO ROJO OSCURO NICOPOLY;MPM10002146370-4;N05299DL-FF;20/04/2025 13:23:53;FF_MATRIX_STS;Concha;Katherine;;"Vicuña Mackenna Oriente 6100, La Florida ";3er Piso. Modulo Retiro en Tienda;;;LA FLORIDA;REG.METROPOLITANA;CL;Concha;Katherine;;salesianos 1166;;;;LA FLORIDA;REG.METROPOLITANA;CL;49990;0;0;0;49990;0;CLP
000000519418;23472558301-A;20/04/2025 14:14:59;Cerrado;31990;990;32980;5758;0.0000;26232;1;SWEATER DISEÑO FLORES NEGRO NICOPOLY;MPM10002160473-1;N05327BM;20/04/2025 14:15:01;4d_Retiro Tienda Ripley Florida Center;Acevedo Lemus;Carmen;;"Vicuña Mackenna Oriente 6100, La Florida ";3er Piso. Modulo Retiro en Tienda;;;LA FLORIDA;REG.METROPOLITANA;CL;Acevedo Lemus;Carmen;;Lican Ray 3466 3466;;;;LA FLORIDA;REG.METROPOLITANA;CL;31990;0;990;0;32980;0;CLP
000000519418;23472686901-A;20/04/2025 15:44:23;Reembolsado;31990;0;31990;5758;0.0000;26232;1;VESTIDO MUJER NICOPOLY ROJO PLISADO ASIMÉTRICO;MPM10001849452-2;N05100DM;20/04/2025 15:44:24;Flujo Same day BX;Armijo;Lucrecia;;WARREN SMITH 70;609;;;LAS CONDES;REG.METROPOLITANA;CL;Armijo;Lucrecia;;WARREN SMITH 70;;;;LAS CONDES;REG.METROPOLITANA;CL;31990;0;0;0;31990;0;CLP
000000519418;23472753901-A;20/04/2025 16:34:32;Cerrado;39990;3990;43980;7198;0.0000;32792;1;BLAZER 4 BOTONES DECORATIVOS NEGRO NICOPOLY;MPM10001713165-4;N10046BM-5;20/04/2025 16:34:33;Flujo Same day BX;Lara;Natalia;;Vergara 186;601;;;SANTIAGO;REG.METROPOLITANA;CL;Lara;Natalia;;Vergara 186;;;;SANTIAGO;REG.METROPOLITANA;CL;39990;0;3990;0;43980;0;CLP
000000519418;23472900901-A;20/04/2025 17:58:43;Cerrado;24990;0;24990;4498;0.0000;20492;1;SWEATER MANGA MUERCIÉLAGO ROJO NICOPOLY;MPM10002661323-1;N05297DF;20/04/2025 17:58:44;5d_Retiro Tienda Ripley Valparaíso;Alvear;Denisse;;"Plaza Victoria 1646 ";" 4to Piso. Servicio al Cliente";;;VALPARAISO;V REGION;CL;Alvear;Denisse;;Uribe 27;;;;VALPARAISO;V REGION;CL;24990;0;0;0;24990;0;CLP
000000519418;23473031401-A;20/04/2025 19:18:31;Cerrado;31990;3990;35980;5758;0.0000;26232;1;VESTIDO MUJER NICOPOLY ROJO PLISADO ASIMÉTRICO;MPM10001849452-3;N05100DS;20/04/2025 19:18:32;Flujo Same day BX;Chacon;Mbarra;;RAUL LABBE 13390;42 D;;;LO BARNECHEA;REG.METROPOLITANA;CL;Chacon;Mbarra;;RAUL LABBE 13390;;;;LO BARNECHEA;REG.METROPOLITANA;CL;31990;0;3990;0;35980;0;CLP
000000519418;23473053201-A;20/04/2025 19:28:24;Cerrado;37990;990;38980;6838;0.0000;31152;1;CHAQUETA BIKER ECOCUERO CORTA NEGRO  NICOPOLY;MPM10001383962-1;N04201BXL;20/04/2025 19:28:27;5d_Retiro Tienda Ripley Valparaíso;Donoso;Barbara;;"Plaza Victoria 1646 ";" 4to Piso. Servicio al Cliente";;;VALPARAISO;V REGION;CL;Donoso Rojas;Paula Celine;;pasaje victoria 2133;;;;VALPARAISO;V REGION;CL;37990;0;990;0;38980;0;CLP
000000519418;23473196401-A;20/04/2025 20:44:21;Cerrado;41990;0;41990;7558;0.0000;34432;1;BLAZER BOLSILLOS CON SOLAPAS KHAKI NICOPOLY;MPM10001437613-3;N04260LM;20/04/2025 20:44:22;5d_Retiro Tienda Ripley Rancagua;Gumucio;Maria Pia;;"José Domingo Mujica 490 ";" 3er Piso. Modulo Retiro en Tienda";;;RANCAGUA;VI REGION;CL;Gumucio;Maria Pia;;Carrera Pinto 1104;;;;RANCAGUA;VI REGION;CL;41990;0;0;0;41990;0;CLP
000000519418;23473246301-A;20/04/2025 21:10:50;Cerrado;41990;8990;50980;7558;0.0000;34432;1;CHAQUETA PUFFER COTELÉ CAMEL NICOPOLY;MPM10002661339-1;N05154LL;20/04/2025 21:10:52;Flujo Crossdock- Ripley PAQ;Perez;Margot;;Pasaje Ambrosio ohiggins  1373;"Casa ";;;CABILDO;V REGION;CL;Perez;Margot;;Pasaje Ambrosio ohiggins  1373;;;;CABILDO;V REGION;CL;41990;0;8990;0;50980;0;CLP
000000519418;23473300501-A;20/04/2025 21:32:59;Cerrado;13990;0;13990;2518;0.0000;11472;1;FALDA MUJER NICOPOLY BURDEO TUBO CIERRE;MPM00084139820-2;N03063TL;20/04/2025 21:33:00;4d_Retiro Tienda Ripley Alameda;Lara;Olga;;"Av Libertador Bernardo O'Higgins 3470, Santiago ";3er Piso. Modulo Retiro en Tienda;;;EST.CENTRAL;REG.METROPOLITANA;CL;Lara;Olga;;Avenida Troncoso Munoz  1080;;;;EST.CENTRAL;REG.METROPOLITANA;CL;13990;0;0;0;13990;0;CLP
000000519418;23473300501-A;20/04/2025 21:32:59;Cerrado;14990;0;14990;2698;0.0000;12292;1;CALZA MUJER NICOPOLY BURDEO LISA CON CIERRE S;MPM10001465170-1;N04295TL;20/04/2025 21:33:00;4d_Retiro Tienda Ripley Alameda;Lara;Olga;;"Av Libertador Bernardo O'Higgins 3470, Santiago ";3er Piso. Modulo Retiro en Tienda;;;EST.CENTRAL;REG.METROPOLITANA;CL;Lara;Olga;;Avenida Troncoso Munoz  1080;;;;EST.CENTRAL;REG.METROPOLITANA;CL;14990;0;0;0;14990;0;CLP
000000519418;23473098001-A;20/04/2025 22:04:10;Cerrado;21990;2195;24185;3958;0.0000;18032;1;CÁRDIGAN BÁSICO BOTONES NEGRO NICOPOLY;MPM10002128957-3;N05251BS;20/04/2025 22:04:12;Flujo Same day BX;Cliente;Carolina;;Calle camino real 02012;S/N;;;PUENTE ALTO;REG.METROPOLITANA;CL;Cliente;Carolina;;Calle camino real 02012;;;;PUENTE ALTO;REG.METROPOLITANA;CL;21990;0;2195;0;24185;0;CLP
000000519418;23473098001-A;20/04/2025 22:04:10;Cerrado;21990;2195;24185;3958;0.0000;18032;1;SWEATER RAYAS BLANCO INVIERNO NICOPOLY;MPM10002160526-2;N05245AS;20/04/2025 22:04:12;Flujo Same day BX;Cliente;Carolina;;Calle camino real 02012;S/N;;;PUENTE ALTO;REG.METROPOLITANA;CL;Cliente;Carolina;;Calle camino real 02012;;;;PUENTE ALTO;REG.METROPOLITANA;CL;21990;0;2195;0;24185;0;CLP
000000519418;23473395601-A;20/04/2025 22:09:57;Cerrado;15990;3990;19980;2878;0.0000;13112;1;PANTALÓN MUJER NICOPOLY CELESTE TIRO ALTO JASPEADO;MPM10001849482-3;N05022KS;20/04/2025 22:09:58;Flujo Same day BX;Lara;Claudia Ivonne;;Cristobal Colón  7000;A42;;;LAS CONDES;REG.METROPOLITANA;CL;Lara;Claudia Ivonne;;Cristobal Colón  7000;;;;LAS CONDES;REG.METROPOLITANA;CL;15990;0;3990;0;19980;0;CLP
000000519418;23473432101-A;20/04/2025 22:26:58;Cerrado;29990;990;30980;5398;0.0000;24592;1;CÁRDIGAN CROP PERLAS ROJO NICOPOLY;MPM10002160522-1;N05227DM;20/04/2025 22:26:59;5d_Retiro Tienda Ripley Mall Concepción;Araneda;Antonia;;"Barros Arana 1068, Concepcion ";" 3er Piso. Modulo Retiro en Tienda";;;CONCEPCION;VIII REGION;CL;Lagos;Angela;;Avda Araucana 516;;;;CONCEPCION;VIII REGION;CL;29990;0;990;0;30980;0;CLP
000000519418;23473443401-A;20/04/2025 22:29:51;Cerrado;29990;2195;32185;5398;0.0000;24592;1;SWEATER DISEÑO ROMBOS ROJO NICOPOLY;MPM10002160485-2;N05213DM;20/04/2025 22:29:52;Flujo Same day BX;Retamal;Johanna;;Mar Mediterráneo 506;Lomas de lo aguirre;;;PUDAHUEL;REG.METROPOLITANA;CL;Retamal;Johanna;;Mar Mediterráneo 506;;;;PUDAHUEL;REG.METROPOLITANA;CL;29990;0;2195;0;32185;0;CLP
000000519418;23473443401-A;20/04/2025 22:29:51;Cerrado;21990;2195;24185;3958;0.0000;18032;1;SWEATER MANGAS DETALLES PERLAS LILA NICOPOLY;MPM10002160519-1;N03095ZM-6;20/04/2025 22:29:52;Flujo Same day BX;Retamal;Johanna;;Mar Mediterráneo 506;Lomas de lo aguirre;;;PUDAHUEL;REG.METROPOLITANA;CL;Retamal;Johanna;;Mar Mediterráneo 506;;;;PUDAHUEL;REG.METROPOLITANA;CL;21990;0;2195;0;24185;0;CLP
000000519418;23473480701-A;20/04/2025 22:47:42;Cerrado;25990;1990;27980;4678;0.0000;21312;1;FULFILLMENT-GILET BÁSICO 4 BOTONES NEGRO NICOPOLY;MPM10002146380-4;N05262BM-FF;20/04/2025 22:47:44;FF_MATRIX;Herrera;Kathalina;;Manso de Velasco 260;S/N;;;VILLARICA;IX REGION;CL;Herrera;Kathalina;;Manso de Velasco 260;;;;VILLARICA;IX REGION;CL;25990;0;1990;0;27980;0;CLP
000000519418;23473541101-A;20/04/2025 23:16:40;Cerrado;53990;3990;57980;9718;0.0000;44272;1;TRENCH HEBILLA OLIVA NICOPOLY;MPM10002635820-2;N05051MM-6;20/04/2025 23:16:41;Flujo Same day BX;"Vsquez ";Felipe;;Tolosa 5683;S/N;;;CONCHALI;REG.METROPOLITANA;CL;"Vsquez ";Felipe;;Tolosa 5683;;;;CONCHALI;REG.METROPOLITANA;CL;53990;0;3990;0;57980;0;CLP
000000519418;23473587501-A;20/04/2025 23:44:47;Cerrado;16990;990;17980;3058;0.0000;13932;1;LEGGINS MUJER NICOPOLY BURDEO LEGGING TIRO ALTO ABERTURAS;MPM00089464224-3;N03027TM;20/04/2025 23:44:49;5d_Retiro Tienda Ripley Quilpué;Garces;Anyta;;"Claudio Vicuña 992, Quilpue ";" 3er Piso. Modulo Retiro en Tienda";;;QUILPUE;V REGION;CL;Garces;Anyta;;Conguillio 3050;;;;QUILPUE;V REGION;CL;16990;0;990;0;17980;0;CLP
000000519418;23473660002-A;21/04/2025 00:44:33;Cerrado;44990;3970;48960;8098;0.0000;36892;1;CHAQUETA BOUCLÉ GRIS NICOPOLY;MPM10002646300-3;N05183NL;21/04/2025 00:44:34;Flujo Crossdock- Ripley PAQ;Aguila;Ruben;;José Antonio Martínez de aldunate  1667;S/N;;;LOS ANGELES;VIII REGION;CL;Aguila;Ruben;;José Antonio Martínez de aldunate  1667;;;;LOS ANGELES;VIII REGION;CL;44990;0;3970;0;48960;0;CLP
000000519418;23473879501-A;21/04/2025 10:40:30;Cerrado;39990;990;40980;7198;0.0000;32792;1;BLAZER LARGO MANGA DRAPEADA KHAKI NICOPOLY;MPM10001465243-4;N04262LS;21/04/2025 10:40:31;4d_Retiro Tienda Ripley San Bernardo;Schulz Ordez;Wanda;;"Av. Pdte. Jorge Alessandri Rodríguez 20040, San Bernardo ";2do Piso. Modulo Retiro en Tienda;;;SN.BERNARDO;REG.METROPOLITANA;CL;Schulz Ordez;Wanda;;"Eliodoro Yanez  1873 ";;;;SN.BERNARDO;REG.METROPOLITANA;CL;39990;0;990;0;40980;0;CLP
000000519418;23474160001-A;21/04/2025 13:26:27;Cerrado;69990;6990;76980;12598;0.0000;57392;1;ABRIGO SOLAPA REDONDA UVA NICOPOLY;MPM10002646314-4;N05252ZS;21/04/2025 13:26:28;Flujo Crossdock- Ripley PAQ;Quiroz;Waleska;;Vicuña Mackenna 2444;S/N;;;PE.AFLOR;REG.METROPOLITANA;CL;Quiroz;Waleska;;Vicuña Mackenna 2444;;;;PE.AFLOR;REG.METROPOLITANA;CL;69990;0;6990;0;76980;0;CLP
000000519418;23474182301-A;21/04/2025 13:41:54;Cerrado;29990;990;30980;5398;0.0000;24592;1;CÁRDIGAN CROP PERLAS ROJO NICOPOLY;MPM10002160522-3;N05227DL;21/04/2025 13:41:55;5d_Retiro Tienda Ripley Mall Concepción;Mellado;Camila;;"Barros Arana 1068, Concepcion ";" 3er Piso. Modulo Retiro en Tienda";;;CONCEPCION;VIII REGION;CL;Mellado;Camila;;Temistocles Rojas 430 pedro del rio  430;;;;CONCEPCION;VIII REGION;CL;29990;0;990;0;30980;0;CLP
000000519418;23474389401-A;21/04/2025 15:44:02;Reembolsado;34990;0;34990;6298;0.0000;28692;1;FULFILLMENT-PANTALÓN PIERNA ANCHA CON PASADOR MORADO NICOPOLY;MPM10002146392-4;N05298ZS-FF;21/04/2025 15:44:04;FF_MATRIX;Avendao;"Brbara ";;Av María  6415;Depto 1210;;;LA CISTERNA;REG.METROPOLITANA;CL;Avendao;"Brbara ";;Av María  6415;;;;LA CISTERNA;REG.METROPOLITANA;CL;34990;0;0;0;34990;0;CLP
000000519418;23474389401-A;21/04/2025 15:44:02;Reembolsado;44990;0;44990;8098;0.0000;36892;1;FULFILLMENT-BLAZER DE TOPE BOTONES DECORATIVOS MORADO NICOPOLY;MPM10002146365-1;N05301ZS-FF;21/04/2025 15:44:04;FF_MATRIX;Avendao;"Brbara ";;Av María  6415;Depto 1210;;;LA CISTERNA;REG.METROPOLITANA;CL;Avendao;"Brbara ";;Av María  6415;;;;LA CISTERNA;REG.METROPOLITANA;CL;44990;0;0;0;44990;0;CLP
000000519418;23474539501-A;21/04/2025 16:55:11;Cerrado;28990;3980;32970;5218;0.0000;23772;1;CAMISA BÁSICA BLANCO NICOPOLY;MPM10002128960-4;N05181AS;21/04/2025 16:55:13;Flujo Same day BX;Sierra;Luisa;;Alvarez de toledo 978;1204;;;SAN MIGUEL;REG.METROPOLITANA;CL;Sierra;Luisa;;Alvarez de toledo 978;;;;SAN MIGUEL;REG.METROPOLITANA;CL;28990;0;3980;0;32970;0;CLP
000000519418;23474697902-A;21/04/2025 18:27:16;Cerrado;69990;0;69990;12598;0.0000;57392;1;ABRIGO SOLAPA REDONDA ROJO NICOPOLY;MPM10002646316-4;N05252DM;21/04/2025 18:27:18;Flujo Same day BX;PEÑA Y LILLO;Miguel;;Fernando Lazcano 1325;507;;;SAN MIGUEL;REG.METROPOLITANA;CL;PEÑA Y LILLO;Miguel;;Fernando Lazcano 1325;;;;SAN MIGUEL;REG.METROPOLITANA;CL;69990;0;0;0;69990;0;CLP
000000519418;23474764901-A;21/04/2025 19:16:52;Cerrado;59990;990;60980;10798;0.0000;49192;1;ABRIGO BOUCLÉ NEGRO NICOPOLY;MPM10002646795-1;N05163BS;21/04/2025 19:16:53;4d_Retiro Tienda Ripley Tobalaba;Pacheco;Pamela;;"Av. Camilo Henríquez 3296, Puente Alto ";2do Piso. Modulo Retiro en Tienda;;;PUENTE ALTO;REG.METROPOLITANA;CL;Pacheco;Pamela;;Los Jesuitas 2995;;;;PUENTE ALTO;REG.METROPOLITANA;CL;59990;0;990;0;60980;0;CLP
000000519418;23474789401-A;21/04/2025 19:28:31;Cerrado;24990;990;25980;4498;0.0000;20492;1;BLUSA CON LAZO DESMONTABLE ROJO NICOPOLY;MPM10001752438-1;N04270DM-5;21/04/2025 19:28:32;8d_Retiro Tienda Ripley Coquimbo;Pizarro;Pamela;;"Baquedano 86 ";" 1er Piso. Servicio al Cliente";;;COQUIMBO;IV REGION;CL;Pizarro;Pamela;;Pasaje director guillermo cerecedaSJ 353;;;;COQUIMBO;IV REGION;CL;24990;0;990;0;25980;0;CLP
000000519418;23474901101-A;21/04/2025 20:28:54;Cerrado;49990;6990;56980;8998;0.0000;40992;1;BLAZER CUELLO MAO MORADO NICOPOLY;MPM10002160537-4;N00156ZM-6;21/04/2025 20:28:55;Flujo Crossdock- Ripley PAQ;Magna Perez;Regina Del Carmen;;Freire 0357 poblacion manuel plaza 0357;Casa;;;BUIN;REG.METROPOLITANA;CL;Magna Perez;Regina Del Carmen;;Freire 0357 poblacion manuel plaza 0357;;;;BUIN;REG.METROPOLITANA;CL;49990;0;6990;0;56980;0;CLP
000000519418;23475012701-A;21/04/2025 21:13:20;Cerrado;49990;4990;54980;8998;0.0000;40992;1;PARKA SIN MANGAS IMÁN CUELLO NEGRO NICOPOLY;MPM10001383918-2;N04187BM;21/04/2025 21:13:22;Flujo Crossdock- Ripley PAQ;Matavenitez Ruiz;"Yolanda ";;"1 norte 963 oficina 310 edificio 2000 963 ";310;;;TALCA;VII REGION;CL;Matavenitez Ruiz;"Yolanda ";;"1 norte 963 oficina 310 edificio 2000 963 ";;;;TALCA;VII REGION;CL;49990;0;4990;0;54980;0;CLP
000000519418;23475156904-A;21/04/2025 22:02:43;Reembolsado;15990;0;15990;2878;0.0000;13112;1;CÁRDIGAN PUNTO FINO CADENETAS CAFÉ NICOPOLY;MPM10001465228-1;N04254UM;21/04/2025 22:02:45;4d_Retiro Tienda Ripley Alameda;Alejo Quispe;Luz Nelly;;"Av Libertador Bernardo O'Higgins 3470, Santiago ";3er Piso. Modulo Retiro en Tienda;;;EST.CENTRAL;REG.METROPOLITANA;CL;Alejo Quispe;Luz Nelly;;Moneda  2878;;;;EST.CENTRAL;REG.METROPOLITANA;CL;15990;0;0;0;15990;0;CLP
000000519418;23475156904-A;21/04/2025 22:02:43;Reembolsado;19990;0;19990;3598;0.0000;16392;1;SWEATER HOLGADO EFECTO DOBLE PRENDA BLANCO NICOPOLY;MPM10001491839-2;N04312AM;21/04/2025 22:02:45;4d_Retiro Tienda Ripley Alameda;Alejo Quispe;Luz Nelly;;"Av Libertador Bernardo O'Higgins 3470, Santiago ";3er Piso. Modulo Retiro en Tienda;;;EST.CENTRAL;REG.METROPOLITANA;CL;Alejo Quispe;Luz Nelly;;Moneda  2878;;;;EST.CENTRAL;REG.METROPOLITANA;CL;19990;0;0;0;19990;0;CLP
000000519418;23475284501-A;21/04/2025 22:59:36;Cerrado;29990;990;30980;5398;0.0000;24592;1;SWEATER CANALÉ CUELLO TORTUGA ROJO NICOPOLY;MPM10002661318-3;N03150DL-6;21/04/2025 22:59:37;4d_Retiro Tienda Ripley San Bernardo;Michelle Estay;Michelle Estay;;"Av. Pdte. Jorge Alessandri Rodríguez 20040, San Bernardo ";2do Piso. Modulo Retiro en Tienda;;;SN.BERNARDO;REG.METROPOLITANA;CL;Michelle Estay;Michelle Estay;;TERESA VIAL 1235;;;;SN.BERNARDO;REG.METROPOLITANA;CL;29990;0;990;0;30980;0;CLP
000000519418;23475597001-A;22/04/2025 09:11:22;Cerrado;27990;2195;30185;5038;0.0000;22952;1;CALZA TIPO GAMUZA CAMEL NICOPOLY;MPM10002160536-3;N05307UL;22/04/2025 09:11:25;Flujo Same day BX;Baeza Mundaca;Lorena;;Camino del roble 1757;3;;;HUECHURABA;REG.METROPOLITANA;CL;Baeza Mundaca;Lorena;;Camino del roble 1757;;;;HUECHURABA;REG.METROPOLITANA;CL;27990;0;2195;0;30185;0;CLP
000000519418;23475597001-A;22/04/2025 09:11:22;Cerrado;27990;2195;30185;5038;0.0000;22952;1;CALZA TIPO GAMUZA NEGRO NICOPOLY;MPM10002160471-1;N05307BL;22/04/2025 09:11:25;Flujo Same day BX;Baeza Mundaca;Lorena;;Camino del roble 1757;3;;;HUECHURABA;REG.METROPOLITANA;CL;Baeza Mundaca;Lorena;;Camino del roble 1757;;;;HUECHURABA;REG.METROPOLITANA;CL;27990;0;2195;0;30185;0;CLP
000000519418;23475613902-A;22/04/2025 09:22:45;Cerrado;47990;0;47990;8638;0.0000;39352;1;PARKA SIN MANGAS CORDÓN CAFÉ NICOPOLY;MPM10001753186-1;N04319UM;22/04/2025 09:22:47;5d_Retiro Tienda Ripley Marina Arauco;Sernuda;Luz Mara;;"Avenida Libertad 1348 ";" Piso 4. Modulo Retiro en Tienda";;;VI.A DEL MA;V REGION;CL;Sernuda;Luz Mara;;7 norte 407 407;;;;VI.A DEL MA;V REGION;CL;47990;0;0;0;47990;0;CLP
000000519418;23476049801-A;22/04/2025 14:19:48;Reembolsado;56990;0;56990;10258;0.0000;46732;1;CHAQUETA LARGA IMPERMEABLE NEGRO NICOPOLY;MPM10002646291-2;N05191BM;22/04/2025 14:19:50;Flujo Crossdock- Ripley PAQ;Rojas Basualto;Alejandra Yannina;;Undécima  1616;"Casa ";;;VALPARAISO;V REGION;CL;Rojas Basualto;Alejandra Yannina;;Undécima  1616;;;;VALPARAISO;V REGION;CL;56990;0;0;0;56990;0;CLP
000000519418;23476049801-A;22/04/2025 14:19:48;Reembolsado;57990;0;57990;10438;0.0000;47552;1;CHAQUETA CORTA IMPERMEABLE NEGRO NICOPOLY;MPM10002635843-1;N05190BM;22/04/2025 14:19:50;Flujo Crossdock- Ripley PAQ;Rojas Basualto;Alejandra Yannina;;Undécima  1616;"Casa ";;;VALPARAISO;V REGION;CL;Rojas Basualto;Alejandra Yannina;;Undécima  1616;;;;VALPARAISO;V REGION;CL;57990;0;0;0;57990;0;CLP
000000519418;23476219301-A;22/04/2025 15:58:39;Cerrado;25990;990;26980;4678;0.0000;21312;1;CALZA SKINNY VICHY CON CIERRE ROJO NICOPOLY;MPM10002122153-1;N03033DXL-6;22/04/2025 15:58:41;4d_Retiro Tienda Ripley Costanera Center;Ponce;Javiera;;"Avenida Andrés Bello 2422 ";" 1er Piso. Modulo Retiro en Tienda";;;PROVIDENCIA;REG.METROPOLITANA;CL;Veliz;Laura;;Estrecho de magallanes 2119;;;;PROVIDENCIA;REG.METROPOLITANA;CL;25990;0;990;0;26980;0;CLP
000000519418;23476558601-A;22/04/2025 18:26:50;Cerrado;79990;4990;84980;14398;0.0000;65592;1;ABRIGO INTERIOR CORDERITO CAFÉ NICOPOLY;MPM10002661612-1;N05196UL;22/04/2025 18:26:51;Flujo Crossdock- Ripley PAQ;Fernandez;Nicolle;;Sofanor parra  736;S/N;;;LA PINTANA;REG.METROPOLITANA;CL;Fernandez;Nicolle;;Sofanor parra  736;;;;LA PINTANA;REG.METROPOLITANA;CL;79990;0;4990;0;84980;0;CLP
000000519418;23476673801-A;22/04/2025 19:41:52;Cerrado;54990;3990;58980;9898;0.0000;45092;1;VESTIDO LARGO CUELLO MOCK BURDEO NICOPOLY;MPM10002627268-2;N05311TL;22/04/2025 19:41:53;Flujo Same day BX;Widmer;Catalina;;Las Catalpas 1394;41;;;VITACURA;REG.METROPOLITANA;CL;Widmer;Catalina;;Las Catalpas 1394;;;;VITACURA;REG.METROPOLITANA;CL;54990;0;3990;0;58980;0;CLP
000000519418;23476942501-A;22/04/2025 21:35:01;Cerrado;56990;0;56990;10258;0.0000;46732;1;ABRIGO CORTO KHAKI NICOPOLY;MPM10002646297-3;N05160LS;22/04/2025 21:35:02;Flujo Crossdock- Ripley PAQ;SANDOVAL;TABITA;;EL RENACER EX LAS MULAS 17;G;;;PAINE;REG.METROPOLITANA;CL;SANDOVAL;TABITA;;EL RENACER EX LAS MULAS 17;;;;PAINE;REG.METROPOLITANA;CL;56990;0;0;0;56990;0;CLP
000000519418;23476970201-A;22/04/2025 21:50:10;Cerrado;53990;5990;59980;9718;0.0000;44272;1;TRENCH HEBILLA KHAKI NICOPOLY;MPM10002635823-2;N05051UM-6;22/04/2025 21:50:12;Flujo Crossdock- Ripley PAQ;Chamorro;Alex;;pasaje algarrobo 6246;casa;;;SP D LA PAZ;VIII REGION;CL;Chamorro;Alex;;pasaje algarrobo 6246;;;;SP D LA PAZ;VIII REGION;CL;53990;0;5990;0;59980;0;CLP
000000519418;23477106201-A;22/04/2025 22:54:30;Cerrado;69990;990;70980;12598;0.0000;57392;1;ABRIGO SOLAPA REDONDA ROJO NICOPOLY;MPM10002646316-1;N05252DL;22/04/2025 22:54:31;5d_Retiro Tienda Ripley Chillán;Cares;"Yessica ";;"5 de Abril 699 ";4to Piso. Centro de atención al Cliente;;;CHILLAN;VIII REGION;CL;Cares Cuevas;Maria;;Pasaje Gijon 1059;;;;CHILLAN;VIII REGION;CL;69990;0;990;0;70980;0;CLP
000000519418;23477135701-A;22/04/2025 23:11:18;Cerrado;15990;990;16980;2878;0.0000;13112;1;PANTALÓN MUJER NICOPOLY CELESTE TIRO ALTO JASPEADO;MPM10001849482-1;N05022KM;22/04/2025 23:11:19;4d_Retiro Tienda Ripley Los Dominicos;Lara;Claudia Ivonne;;"Padre Hurtado Sur 875 ";1er Piso. Servicio al Cliente;;;LAS CONDES;REG.METROPOLITANA;CL;Lara;Claudia Ivonne;;Cristobal Colón  7000;;;;LAS CONDES;REG.METROPOLITANA;CL;15990;0;990;0;16980;0;CLP
000000519418;23477189801-A;22/04/2025 23:42:41;Cerrado;54990;6990;61980;9898;0.0000;45092;1;CHAQUETA BIKER NEGRO NICOPOLY;MPM10002617343-3;N02107BL-6;22/04/2025 23:42:43;Flujo Crossdock- Ripley PAQ;Salgado;Pedro Alejandro;;Av.independecia 069 Casa 9;Casa;;;LIMACHE;V REGION;CL;Salgado;Pedro Alejandro;;Av.independecia 069 Casa 9;;;;LIMACHE;V REGION;CL;54990;0;6990;0;61980;0;CLP
000000519418;23477256401-A;23/04/2025 00:43:40;Cerrado;14990;990;15980;2698;0.0000;12292;1;FALDA MUJER NICOPOLY NEGRO MIDI ACANALADA;MPM10001491711-1;N04176BL;23/04/2025 00:43:42;5d_Retiro Tienda Ripley Chillán;Alarcon;Natalia Andrea;;"5 de Abril 699 ";4to Piso. Centro de atención al Cliente;;;CHILLAN;VIII REGION;CL;Alarcon;Natalia Andrea;;Matucana 777;;;;CHILLAN;VIII REGION;CL;14990;0;990;0;15980;0;CLP
000000519418;23477935301-A;23/04/2025 15:08:06;Cerrado;49990;990;50980;8998;0.0000;40992;1;BOMBER TIPO GAMUZA BLANCO INVIERNO INVIERNO NICOPOLY;MPM10002635865-2;N05184AS;23/04/2025 15:08:07;5d_Retiro Tienda Ripley La Calera;Soto;"Mackarenna ";;"JJ Perez 90, La Calera ";" 2do Piso. Modulo Retiro en Tienda";;;CALERA;V REGION;CL;Soto;"Mackarenna ";;Marathón 848, psj. Malbune campos deporte 841;;;;CALERA;V REGION;CL;49990;0;990;0;50980;0;CLP
000000519418;23478009402-A;23/04/2025 15:46:00;Cerrado;44990;6990;51980;8098;0.0000;36892;1;PARKA QUILT BROCHES GRIS BRILLANTE NICOPOLY;MPM10001383859-1;N04148NL;23/04/2025 15:46:03;Flujo Crossdock- Ripley PAQ;Ramirez;Veronica;;Las Achiras  954;S/N;;;TALAGANTE;REG.METROPOLITANA;CL;Ramirez;Veronica;;Las Achiras  954;;;;TALAGANTE;REG.METROPOLITANA;CL;44990;0;6990;0;51980;0;CLP
000000519418;23478263201-A;23/04/2025 18:13:54;Cerrado;56990;495;57485;10258;0.0000;46732;1;CHAQUETA BOUCLÉ NEGRO NICOPOLY;MPM10002646312-1;N05183BS;23/04/2025 18:13:56;5d_Retiro Tienda Ripley La Calera;Soto;"Mackarenna ";;"JJ Perez 90, La Calera ";" 2do Piso. Modulo Retiro en Tienda";;;CALERA;V REGION;CL;Soto;"Mackarenna ";;Marathón 848, psj. Malbune campos deporte 841;;;;CALERA;V REGION;CL;56990;0;495;0;57485;0;CLP
000000519418;23478263201-A;23/04/2025 18:13:54;Cerrado;49990;495;50485;8998;0.0000;40992;1;BOMBER TIPO GAMUZA CAMEL NICOPOLY;MPM10002635841-3;N05184US;23/04/2025 18:13:56;5d_Retiro Tienda Ripley La Calera;Soto;"Mackarenna ";;"JJ Perez 90, La Calera ";" 2do Piso. Modulo Retiro en Tienda";;;CALERA;V REGION;CL;Soto;"Mackarenna ";;Marathón 848, psj. Malbune campos deporte 841;;;;CALERA;V REGION;CL;49990;0;495;0;50485;0;CLP
000000519418;23478872601-A;23/04/2025 23:38:35;Cerrado;79990;6990;86980;14398;0.0000;65592;1;ABRIGO INTERIOR CORDERITO CAFÉ NICOPOLY;MPM10002661612-3;N05196US;23/04/2025 23:38:37;Flujo Crossdock- Ripley PAQ;Contreras;Aline;;Monte segundo calle 4 sur  801;S/N;;;EL MONTE;REG.METROPOLITANA;CL;Contreras;Aline;;Monte segundo calle 4 sur  801;;;;EL MONTE;REG.METROPOLITANA;CL;79990;0;6990;0;86980;0;CLP
000000519418;23479014501-A;24/04/2025 06:07:20;Cerrado;23990;690;24680;4318;0.0000;19672;1;SWEATER DISEÑO CADENETAS KHAKI NICOPOLY;MPM10002160527-2;N04252LM-6;24/04/2025 06:07:24;Flujo Same day BX;Tapia Fuentes;Patricia;;santa  Isabel Norte   07310 casa  97;Casa;;;PUENTE ALTO;REG.METROPOLITANA;CL;Tapia Fuentes;Patricia;;santa  Isabel Norte   07310 casa  97;;;;PUENTE ALTO;REG.METROPOLITANA;CL;23990;0;690;0;24680;0;CLP
000000519418;23479014501-A;24/04/2025 06:07:20;Cerrado;21990;690;22680;3958;0.0000;18032;1;SWEATER MANGAS DETALLES PERLAS NEGRO NICOPOLY;MPM10002160477-2;N03095BM-6;24/04/2025 06:07:24;Flujo Same day BX;Tapia Fuentes;Patricia;;santa  Isabel Norte   07310 casa  97;Casa;;;PUENTE ALTO;REG.METROPOLITANA;CL;Tapia Fuentes;Patricia;;santa  Isabel Norte   07310 casa  97;;;;PUENTE ALTO;REG.METROPOLITANA;CL;21990;0;690;0;22680;0;CLP
000000519418;23479471201-A;24/04/2025 13:44:46;Cerrado;55990;3990;59980;10078;0.0000;45912;1;ABRIGO SOLAPA REDONDA NEGRONICOPOLY;MPM10002646294-1;N05252BL;24/04/2025 13:44:48;Flujo Same day BX;Vergara;Leyla;;Jorge Giles  1565;S/N;;;CERRO NAVIA;REG.METROPOLITANA;CL;Vergara;Leyla;;Jorge Giles  1565;;;;CERRO NAVIA;REG.METROPOLITANA;CL;55990;0;3990;0;59980;0;CLP
000000519418;23479504201-A;24/04/2025 14:07:11;Cerrado;25990;3980;29970;4678;0.0000;21312;1;VESTIDO MUJER NICOPOLY CAFÉ TIPO CAMISERO LEOPARD;MPM10001848651-4;N05123UM;24/04/2025 14:07:12;Flujo Same day BX;Araya;Tarina;;Alberto henckel  2355;403;;;PROVIDENCIA;REG.METROPOLITANA;CL;Araya;Tarina;;Alberto henckel  2355;;;;PROVIDENCIA;REG.METROPOLITANA;CL;25990;0;3980;0;29970;0;CLP
000000519418;23479712301-A;24/04/2025 16:20:32;Cerrado;37990;3990;41980;6838;0.0000;31152;1;CHAQUETA BIKER ECOCUERO CORTA NEGRO  NICOPOLY;MPM10001383962-1;N04201BXL;24/04/2025 16:20:33;Flujo Same day BX;De León;Asunción;;Santa Elena 1760;406B;;;SANTIAGO;REG.METROPOLITANA;CL;De León;Asunción;;Santa Elena 1760;;;;SANTIAGO;REG.METROPOLITANA;CL;37990;0;3990;0;41980;0;CLP
000000519418;23479719201-A;24/04/2025 16:24:40;Cerrado;30990;3990;34980;5578;0.0000;25412;1;SOBRECAMISA COTELÉ CAFÉ NICOPOLY;MPM10002160474-3;N05201UL;24/04/2025 16:24:42;Flujo Same day BX;Contreras Larsen;Mariel;;Antupiren 8910 8910;Casa;;;PE.ALOLEN;REG.METROPOLITANA;CL;Contreras Larsen;Mariel;;Antupiren 8910 8910;;;;PE.ALOLEN;REG.METROPOLITANA;CL;30990;0;3990;0;34980;0;CLP
000000519418;23479827901-A;24/04/2025 17:31:57;Cerrado;43990;990;44980;7918;0.0000;36072;1;CHAQUETA BIKER NEGRO NICOPOLY;MPM10002617343-3;N02107BL-6;24/04/2025 17:31:58;5d_Retiro Tienda Ripley Quilpué;Loyola;Alejandra;;"Claudio Vicuña 992, Quilpue ";" 3er Piso. Modulo Retiro en Tienda";;;QUILPUE;V REGION;CL;Morales;Mauricio;;PASAJE LAS LECHERAS 3198;;;;QUILPUE;V REGION;CL;43990;0;990;0;44980;0;CLP
000000519418;23480286701-A;24/04/2025 21:52:08;Cerrado;19990;990;20980;3598;0.0000;16392;1;SWEATER MANGA RAGLÁN BLANCO INVIERNO NICOPOLY;MPM10002635846-3;N05253AM;24/04/2025 21:52:10;5d_Retiro Tienda Ripley La Calera;Sanchez;Ximena;;"JJ Perez 90, La Calera ";" 2do Piso. Modulo Retiro en Tienda";;;CALERA;V REGION;CL;Sanchez;Ximena;;Mauricio Rugendas 1848;;;;CALERA;V REGION;CL;19990;0;990;0;20980;0;CLP
000000519418;23480497502-A;24/04/2025 23:33:29;Cerrado;43990;3980;47970;7918;0.0000;36072;1;CHAQUETA BIKER NEGRO NICOPOLY;MPM10002617343-1;N02107BM-6;24/04/2025 23:33:31;Flujo Same day BX;Bastidas;Marcela;;Avenida Perú 665;502;;;RECOLETA;REG.METROPOLITANA;CL;Bastidas;Marcela;;Avenida Perú 665;;;;RECOLETA;REG.METROPOLITANA;CL;43990;0;3980;0;47970;0;CLP
000000519418;23480599501-A;25/04/2025 01:00:26;Cerrado;11990;0;11990;2158;0.0000;9832;1;CHALECO CUELLO V OVERSIZE MOSTAZA NICOPOLY;MPM00040171974-1;N02088FM;25/04/2025 01:00:28;5d_Retiro Tienda Ripley Viña del Mar Sucre;"Manterola ";Moira;;"Sucre 290, Viña ";5to Piso. Modulo Retiro en Tienda;;;VI.A DEL MA;V REGION;CL;Moreno;Andrea;;Jose Yanez 1170;;;;VI.A DEL MA;V REGION;CL;11990;0;0;0;11990;0;CLP
000000519418;23480685102-A;25/04/2025 08:01:03;Cerrado;63990;3990;67980;11518;0.0000;52472;1;ABRIGO 4 BOTONES NEGRO NICOPOLY;MPM10002646321-1;N05155BM;25/04/2025 08:01:05;Flujo Same day BX;Letelier;"Andrea ";;av  la plaza 550;casa7;;;LAS CONDES;REG.METROPOLITANA;CL;Letelier;"Andrea ";;av  la plaza 550;;;;LAS CONDES;REG.METROPOLITANA;CL;63990;0;3990;0;67980;0;CLP
