Número de factura;Order number;Date created;Estado del pedido;Subtotal de artículos (con impuestos);Gastos de envío (con impuestos);Precio total (con impuestos);Commission (excluding taxes);Impuestos sobre la comisión;Amount transferred to tienda (including taxes);Quantity;Producto;Product SKU;Offer SKU;Fecha de confirmación del pago;Shipping method;Shipping address last name;Shipping address first name;Shipping address company;Shipping address street 1;Shipping address street 2;Dirección de entrega: complementaria;Shipping address zip;Shipping address city;Shipping address state;Shipping address country;Billing address last name;Billing address first name;Billing address company;Billing address street 1;Billing address street 2;Dirección de facturación: complementaria;Billing address zip;Billing address city;Billing address state;Billing address country;Subtotal de artículos (sin impuestos);Impuestos sobre artículos;Gastos de envío (sin impuestos);Impuestos sobre gastos de envío;Precio total (sin impuestos);Impuestos sobre el precio total;Currency
000000529315;23518224301-A;09/05/2025 21:01:30;Reembolsado;20990;0;20990;3778;0.0000;17212;1;PANTALÓN MUJER NICOPOLY CELESTE TIRO ALTO BÁSICO;MPM10001752484-4;N10373CS-5;09/05/2025 21:01:31;Flujo Crossdock- Ripley PAQ;Jara;Carlos;;Avenida penaflor 2777;S/N;;;TALAGANTE;REG.METROPOLITANA;CL;Jara;Carlos;;Avenida penaflor 2777;;;;TALAGANTE;REG.METROPOLITANA;CL;20990;0;0;0;20990;0;CLP
000000529315;23525507201-A;13/05/2025 20:06:10;Reembolsado;43990;990;44980;7918;0.0000;36072;1;VESTIDO LARGO CUELLO MOCK AZUL NICOPOLY;MPM10002627274-2;N05311PL;13/05/2025 20:06:11;4d_Retiro Tienda Ripley Parque Arauco;Melendez;Gabriela;;"Avenida Kennedy 5413 ";4to Piso. Modulo Retiro en Tienda;;;LAS CONDES;REG.METROPOLITANA;CL;Melendez;Gabriela;;LUIS ENRIQUE MUNOZ 2046;;;;LAS CONDES;REG.METROPOLITANA;CL;43990;0;990;0;44980;0;CLP
000000529315;23530366901-A;16/05/2025 10:43:19;Reembolsado;17990;990;18980;3238;0.0000;14752;1;FALDA MUJER NICOPOLY AZUL MEDIO DENIM TAJO FRONTAL;MPM10001465759-1;N04269KL;16/05/2025 10:43:21;5d_Retiro Tienda Ripley Rancagua;Galaz Aguayo;Daniela Alejadra;;"José Domingo Mujica 490 ";" 3er Piso. Modulo Retiro en Tienda";;;RANCAGUA;VI REGION;CL;Galaz Aguayo;Daniela Alejadra;;Pasaje Manuel Viedma 357;;;;RANCAGUA;VI REGION;CL;17990;0;990;0;18980;0;CLP
000000529315;23531159701-A;16/05/2025 17:01:33;Reembolsado;22990;990;23980;4138;0.0000;18852;1;CALZA MUJER NICOPOLY CAFÉ CUADRILLÉ PIE POULE;MPM10002160476-2;N05202LM;16/05/2025 17:01:35;5d_Retiro Tienda Ripley El Trébol;"Torres Nova ";"Gladys Adriana ";;"Avenida Jorge Alessandri 3177 ";" 3er Piso. Modulo Retiro en Tienda";;;TALCAHUANO;VIII REGION;CL;"Torres Nova ";"Gladys Adriana ";;Toromiro 303;;;;TALCAHUANO;VIII REGION;CL;22990;0;990;0;23980;0;CLP
000000529315;23553129201-A;22/05/2025 23:55:03;Cerrado;23990;990;24980;4318;0.0000;19672;1;SWEATER MUJER NICOPOLY CELESTE DISEÑO ROMBOS;MPM10002160470-1;N05213KM;22/05/2025 23:55:05;4d_Retiro Tienda Ripley Plaza Oeste;Muoz;Claudia;;"Américo Vespucio 1501 ";" 3er Piso. Modulo Retiro en Tienda";;;CERRILLOS;REG.METROPOLITANA;CL;Muoz;Claudia;;Camino antiguo Valparaíso  5 @;;;;CERRILLOS;REG.METROPOLITANA;CL;23990;0;990;0;24980;0;CLP
000000529315;23559111001-A;24/05/2025 03:02:09;Cerrado;55990;0;55990;10078;0.0000;45912;1;FULFILLMENT-ABRIGO SOLAPA REDONDA ROJO NICOPOLY;MPM10002725932-3;N05252DL-FF;24/05/2025 03:02:11;FF_MATRIX_STS;Araya Fritis;Yasna;;"Calle Maipu S/N, Copiapo ";" 2do Piso. Servicio al Cliente";;;COPIAPO;III REGION;CL;Araya Fritis;Yasna;;Girasoles Villa el Pretil 60;;;;COPIAPO;III REGION;CL;55990;0;0;0;55990;0;CLP
000000529315;23559133901-A;24/05/2025 07:27:16;Reembolsado;41990;248;42238;7558;0.0000;34432;1;CHAQUETA PUFFER COTELÉ CAMEL NICOPOLY;MPM10002661339-3;N05154LS;24/05/2025 07:27:19;5d_Retiro Tienda Ripley Viña del Mar Sucre;Fuentes;Carol;;"Sucre 290, Viña ";5to Piso. Modulo Retiro en Tienda;;;VI.A DEL MA;V REGION;CL;Fuentes;Carol;;La bombilla 1877;;;;VI.A DEL MA;V REGION;CL;41990;0;248;0;42238;0;CLP
000000529315;23559133901-A;24/05/2025 07:27:16;Cerrado;49990;248;50238;8998;0.0000;40992;1;BLAZER MUJER NICOPOLY KHAKI LARGO CUELLO CRUZADO;MPM10002122171-4;N05299LS;24/05/2025 07:27:19;5d_Retiro Tienda Ripley Viña del Mar Sucre;Fuentes;Carol;;"Sucre 290, Viña ";5to Piso. Modulo Retiro en Tienda;;;VI.A DEL MA;V REGION;CL;Fuentes;Carol;;La bombilla 1877;;;;VI.A DEL MA;V REGION;CL;49990;0;248;0;50238;0;CLP
000000529315;23560770001-A;25/05/2025 12:07:20;Reembolsado;29990;990;30980;5398;0.0000;24592;1;BLAZER ESCOCÉS NEGRO NICOPOLY;MPM00042475306-3;N02222BL;25/05/2025 12:07:22;5d_Retiro Tienda Ripley Rancagua;Castillo;Daniela;;"José Domingo Mujica 490 ";" 3er Piso. Modulo Retiro en Tienda";;;RANCAGUA;VI REGION;CL;Castillo;Daniela;;Jose gil de castro  065;;;;RANCAGUA;VI REGION;CL;29990;0;990;0;30980;0;CLP
000000529315;23566078901-A;26/05/2025 14:38:34;Cerrado;34990;3990;38980;6298;0.0000;28692;1;CHAQUETA MITAD CHIPORRO/PARKA KHAKI NICOPOLY;MPM10001383902-3;N04152LS;26/05/2025 14:38:36;Flujo Same day BX;Jimenez;Isabel;;La Rotonda Norte  1353;S/N;;;PUENTE ALTO;REG.METROPOLITANA;CL;Jimenez;Isabel;;La Rotonda Norte  1353;;;;PUENTE ALTO;REG.METROPOLITANA;CL;34990;0;3990;0;38980;0;CLP
000000529315;23588985601-A;30/05/2025 20:07:59;Reembolsado;63990;0;63990;11518;0.0000;52472;1;ABRIGO BÁSICO 2 BOTONES EN COLOR NEGRO NICOPOLY;MPM10002646293-4;N05255BM;30/05/2025 20:08:00;10d_Retiro Tienda Ripley Antofagasta;Guzman;Monica;;"Arturo Prat 530 ";" 4to Piso. Servicio al Cliente";;;ANTOFAGASTA;II REGION;CL;Guzman;Monica;;Diaz Gana 900;;;;ANTOFAGASTA;II REGION;CL;63990;0;0;0;63990;0;CLP
000000529315;23589709601-A;31/05/2025 13:22:50;Reembolsado;37990;4990;42980;6838;0.0000;31152;1;PARKA SIN MANGAS CORDÓN EN COLOR NEGRO NICOPOLY;MPM10001753190-3;N04319BM;31/05/2025 13:22:52;Flujo Crossdock- Ripley PAQ;Yanez;Gabriel;;Germán Sandoval miranda 488;#28;;;BUIN;REG.METROPOLITANA;CL;Yanez;Gabriel;;Germán Sandoval miranda 488;;;;BUIN;REG.METROPOLITANA;CL;37990;0;4990;0;42980;0;CLP
000000529315;23589754001-A;31/05/2025 14:01:00;Cerrado;48990;330;49320;8818;0.0000;40172;1;VESTIDO LARGO FIESTA BURDEO NICOPOLY;MPM10002627258-1;N05305TM;31/05/2025 14:01:01;4d_Retiro Tienda Ripley Crillon;Parra;Paz;;"Agustinas #1025 ";Piso -1. Modulo Retiro en Tienda;;;SANTIAGO;REG.METROPOLITANA;CL;Parra;Paz;;madrid  1661;;;;SANTIAGO;REG.METROPOLITANA;CL;48990;0;330;0;49320;0;CLP
000000529315;23589754001-A;31/05/2025 14:01:00;Cerrado;31990;330;32320;5758;0.0000;26232;1;VESTIDO MUJER NICOPOLY ROJO PLISADO ASIMÉTRICO;MPM10001849452-2;N05100DM;31/05/2025 14:01:01;4d_Retiro Tienda Ripley Crillon;Parra;Paz;;"Agustinas #1025 ";Piso -1. Modulo Retiro en Tienda;;;SANTIAGO;REG.METROPOLITANA;CL;Parra;Paz;;madrid  1661;;;;SANTIAGO;REG.METROPOLITANA;CL;31990;0;330;0;32320;0;CLP
000000529315;23590219701-A;31/05/2025 19:23:16;Reembolsado;41990;8990;50980;7558;0.0000;34432;1;BLAZER LARGO DE TOPE EN COLOR ROJO NICOPOLY;MPM10002635835-1;N05275DL;31/05/2025 19:23:17;Flujo Crossdock- Ripley PAQ;Rosso;Antica;;Av OHiggins 1698;302;;;ANTOFAGASTA;II REGION;CL;Rosso;Antica;;Av OHiggins 1698;;;;ANTOFAGASTA;II REGION;CL;41990;0;8990;0;50980;0;CLP
000000529315;23590319401-A;31/05/2025 20:11:06;Cerrado;44990;0;44990;8098;0.0000;36892;1;FULFILLMENT-ABRIGO PIED DE POULE NEGRO NICOPOLY;MPM10002725929-3;N04199BM-6-FF;31/05/2025 20:11:08;FF_MATRIX_STS;Lobos;Alejandra;;"Av. Diego Portales 640, Arica ";2do Piso. Modulo Retiro en Tienda;;;ARICA;XV REGION;CL;Lobos;Alejandra;;Ignacio Zuloaga 026;;;;ARICA;XV REGION;CL;44990;0;0;0;44990;0;CLP
000000529315;23590319401-A;31/05/2025 20:11:07;Cerrado;41990;0;41990;7558;0.0000;34432;1;FULFILLMENT-ABRIGO BOUCLÉ KHAKI NICOPOLY;MPM10002725908-3;N05163LM-FF;31/05/2025 20:11:08;FF_MATRIX_STS;Lobos;Alejandra;;"Av. Diego Portales 640, Arica ";2do Piso. Modulo Retiro en Tienda;;;ARICA;XV REGION;CL;Lobos;Alejandra;;Ignacio Zuloaga 026;;;;ARICA;XV REGION;CL;41990;0;0;0;41990;0;CLP
000000529315;23590366101-A;31/05/2025 20:33:53;Cerrado;41990;0;41990;7558;0.0000;34432;1;FULFILLMENT-ABRIGO BOUCLÉ NEGRO NICOPOLY;MPM10002725922-4;N05163BS-FF;31/05/2025 20:33:54;FF_MATRIX_STS;Fernandez Vargas;Alejandra;;"Av. Diego Portales 640, Arica ";2do Piso. Modulo Retiro en Tienda;;;ARICA;XV REGION;CL;Fernandez Vargas;Alejandra;;Manuel Martínez  1135;;;;ARICA;XV REGION;CL;41990;0;0;0;41990;0;CLP
000000529315;23594421401-A;02/06/2025 00:09:40;Reembolsado;39990;0;39990;7198;0.0000;32792;1;FULFILLMENT-CHAQUETA CORTA IMPERMEABLE NEGRO NICOPOLY;MPM10002725913-3;N05190BM-FF;02/06/2025 00:09:42;FF_MATRIX_STS;Chaura;Mailen Estrella;;"Avda. E Frei Montalva 01110 Local 194 ";" 2do Piso. Servicio al Cliente";;;PTA.ARENAS;XII REGION;CL;Chaura;Mailen Estrella;;Los Colonizadores 3570;;;;PTA.ARENAS;XII REGION;CL;39990;0;0;0;39990;0;CLP
000000529315;23594663601-A;02/06/2025 00:18:42;Reembolsado;37990;0;37990;6838;0.0000;31152;1;FULFILLMENT-TRENCH HEBILLA KHAKI NICOPOLY;MPM10002725907-1;N05051US-6-FF;02/06/2025 00:18:43;FF_MATRIX_DX;Leyton;Gloria;;Avenida Los Leones 2000;706B;;;PROVIDENCIA;REG.METROPOLITANA;CL;Leyton;Gloria;;Avenida Los Leones 2000;;;;PROVIDENCIA;REG.METROPOLITANA;CL;37990;0;0;0;37990;0;CLP
000000529315;23597993401-A;02/06/2025 08:16:19;Reembolsado;20990;990;21980;3778;0.0000;17212;1;SWEATER MUJER NICOPOLY NEGRO DISEÑO ROMBOS;MPM10002160521-2;N05213BL;02/06/2025 08:16:20;10d_Retiro Tienda Ripley Pto. Montt Costanera;Barrientos Guenchur;Yorka Viviana;;"Juan Soler Manfredini 10 ";" 6to Piso. Modulo Retiro en Tienda";;;PTO.MONTT;X REGION;CL;Barrientos Guenchur;Yorka Viviana;;Pasaje lepihue  5137;;;;PTO.MONTT;X REGION;CL;20990;0;990;0;21980;0;CLP
000000529315;23598150101-A;02/06/2025 08:32:45;Cerrado;21590;0;21590;3886;0.0000;17704;1;PANTALÓN MUJER NICOPOLY BURDEO RECTO BOTONES S;MPM00045574588-3;N02280TS;02/06/2025 08:32:47;18d_Retiro Tienda Ripley Punta Arenas;Abarca Cárcamo;Alison;;"Avda. E Frei Montalva 01110 Local 194 ";" 2do Piso. Servicio al Cliente";;;PTA.ARENAS;XII REGION;CL;Abarca Cárcamo;Alison;;Ramon Jimenez 245;;;;PTA.ARENAS;XII REGION;CL;21590;0;0;0;21590;0;CLP
000000529315;23600032601-A;02/06/2025 10:35:44;Cerrado;25990;990;26980;4678;0.0000;21312;1;VESTIDO MUJER NICOPOLY NEGRO STRAPLESS Y ESCOTE V;MPM10001856352-3;N05011BS;02/06/2025 10:35:46;4d_Retiro Tienda Ripley Plaza Egaña;Baeza Gerhart;Lena;;"Larrain 5800 ";" 3er Piso. Modulo Retiro en Tienda";;;NUNOA;REG.METROPOLITANA;CL;Baeza Gerhart;Lena;;Escritor Manuel rojas 1699;;;;NUNOA;REG.METROPOLITANA;CL;25990;0;990;0;26980;0;CLP
000000529315;23602415701-A;02/06/2025 12:43:57;Cerrado;15990;990;16980;2878;0.0000;13112;1;CÁRDIGAN PUNTO FINO CADENETAS EN COLOR ROJO NICOPOLY;MPM10001465230-3;N04254DM;02/06/2025 12:43:59;11d_Retiro Tienda Ripley Temuco;Salazar;Javiera;;"Arturo Prat 656, Temuco ";2do Piso. Modulo Retiro en Tienda;;;TEMUCO;IX REGION;CL;Salazar;Javiera;;Claro solar  0363;;;;TEMUCO;IX REGION;CL;15990;0;990;0;16980;0;CLP
000000529315;23603610702-A;02/06/2025 13:46:11;Reembolsado;16990;0;16990;3058;0.0000;13932;1;VESTIDO CORTO MUJER NICOPOLY NEGRO ABERTURAS MANGAS;MPM10001849481-1;N02336BM-5;02/06/2025 13:46:13;Flujo Same day BX;Galarce;Laura;;Antonio varas 855;806;;;PROVIDENCIA;REG.METROPOLITANA;CL;Galarce;Laura;;Antonio varas 855;;;;PROVIDENCIA;REG.METROPOLITANA;CL;16990;0;0;0;16990;0;CLP
000000529315;23605676601-A;02/06/2025 15:33:07;Reembolsado;48990;0;48990;8818;0.0000;40172;1;FULFILLMENT-ABRIGO SOLAPA REDONDA VERDE LIMA NICOPOLY;MPM10002725915-1;N05252FL-FF;02/06/2025 15:33:08;FF_MATRIX;Quevedo;Marta;;siete tazas 1731;casa;;;SAN JAVIER;VII REGION;CL;Quevedo;Marta;;siete tazas 1731;;;;SAN JAVIER;VII REGION;CL;48990;0;0;0;48990;0;CLP
000000529315;23606244102-A;02/06/2025 16:06:10;Reembolsado;37990;198;38188;6838;0.0000;31152;1;VESTIDO MUJER NICOPOLY AZUL MARINO CUELLO ALTO;MPM10002128949-1;N05198PS;02/06/2025 16:06:11;10d_Retiro Tienda Ripley Iquique;Moyano;Eleonora;;"Vivar 550 ";" 4to Piso. Servicio al Cliente";;;IQUIQUE;I REGION;CL;Moyano;Eleonora;;Playa quintero 3554;;;;IQUIQUE;I REGION;CL;37990;0;198;0;38188;0;CLP
000000529315;23606508301-A;02/06/2025 16:18:14;Cerrado;63990;495;64485;11518;0.0000;52472;1;ABRIGO INTERIOR CORDERITO EN COLOR CAFE NICOPOLY;MPM10002661612-3;N05196US;02/06/2025 16:18:15;5d_Retiro Tienda Ripley Los Andes;Pasten escobar;Katherine valeria;;"Santa Teresita 683 ";2do Piso. Servicio al Cliente;;;LOS ANDES;V REGION;CL;Hernandez;"Nasle ";;Obispo ramon munita eyzaguirre 325;;;;LOS ANDES;V REGION;CL;63990;0;495;0;64485;0;CLP
000000529315;23606508301-A;02/06/2025 16:18:14;Reembolsado;25990;495;26485;4678;0.0000;21312;1;VESTIDO MUJER NICOPOLY CAFÉ TIPO CAMISERO LEOPARD;MPM10001848651-3;N05123US;02/06/2025 16:18:15;5d_Retiro Tienda Ripley Los Andes;Pasten escobar;Katherine valeria;;"Santa Teresita 683 ";2do Piso. Servicio al Cliente;;;LOS ANDES;V REGION;CL;Hernandez;"Nasle ";;Obispo ramon munita eyzaguirre 325;;;;LOS ANDES;V REGION;CL;25990;0;495;0;26485;0;CLP
000000529315;23607775801-A;02/06/2025 17:29:15;Reembolsado;33590;990;34580;6046;0.0000;27544;1;PARKA SIN MANGAS CORDÓN EN COLOR CAFE NICOPOLY;MPM10001753186-3;N04319UXL;02/06/2025 17:29:16;5d_Retiro Tienda Ripley Los Ángeles;"Sarmiento ";"Fabiola ";;"Valdivia 440, Los Angeles ";" 3er Piso. Servicio al Cliente";;;LOS ANGELES;VIII REGION;CL;"Sarmiento ";"Fabiola ";;1, 201 condominio peñón de curamonte 63;;;;LOS ANGELES;VIII REGION;CL;33590;0;990;0;34580;0;CLP
000000529315;23608399101-A;02/06/2025 18:05:33;Reembolsado;41990;0;41990;7558;0.0000;34432;1;FULFILLMENT-ABRIGO BOUCLÉ KHAKI NICOPOLY;MPM10002725908-3;N05163LM-FF;02/06/2025 18:05:34;FF_MATRIX;Campos;Carol;;Las tunas 177;Casa;;;TALCAHUANO;VIII REGION;CL;Campos;Carol;;Las tunas 177;;;;TALCAHUANO;VIII REGION;CL;41990;0;0;0;41990;0;CLP
000000529315;23609859102-A;02/06/2025 19:26:15;Cerrado;25990;0;25990;4678;0.0000;21312;1;SWEATER GILET EN COLOR BLANCO NICOPOLY;MPM10002627246-3;N05266GL;02/06/2025 19:26:16;Flujo Same day BX;Canete;Veronica;;Vicuña Mackenna  7735;Depto. 1006, Torre A;;;LA FLORIDA;REG.METROPOLITANA;CL;Canete;Veronica;;Vicuña Mackenna  7735;;;;LA FLORIDA;REG.METROPOLITANA;CL;25990;0;0;0;25990;0;CLP
000000529315;23610093201-A;02/06/2025 19:38:15;Reembolsado;29990;0;29990;5398;0.0000;24592;1;PARKA LARGA QUILT CINTURA AJUSTABLE EN COLOR NEGRO NICOPOLY;MPM10001383873-3;N04222BM;02/06/2025 19:38:17;5d_Retiro Tienda Ripley Quilpué;"Córdova Osorio ";"Jessica Andrea ";;"Claudio Vicuña 992, Quilpue ";" 3er Piso. Modulo Retiro en Tienda";;;QUILPUE;V REGION;CL;Cordova;Paula;;Traslaviña 1823;;;;QUILPUE;V REGION;CL;29990;0;0;0;29990;0;CLP
000000529315;23610946901-A;02/06/2025 20:16:26;Reembolsado;40590;0;40590;7306;0.0000;33284;1;FULFILLMENT-CHAQUETA CORTA IMPERMEABLE NEGRO NICOPOLY;MPM10002725913-1;N05190BS-FF;02/06/2025 20:16:27;FF_MATRIX;Ramrez Miranda;"Mara Jos ";;Avenida Grecia 7657;S/N;;;PE.ALOLEN;REG.METROPOLITANA;CL;Ramrez Miranda;"Mara Jos ";;Avenida Grecia 7657;;;;PE.ALOLEN;REG.METROPOLITANA;CL;40590;0;0;0;40590;0;CLP
000000529315;23612500901-A;02/06/2025 21:08:51;Reembolsado;63990;0;63990;11518;0.0000;52472;1;ABRIGO TIPO PAÑO 2 BOTONES EN COLOR NEGRONICOPOLY;MPM10002646301-4;N05157BM;02/06/2025 21:08:52;10d_Retiro Tienda Ripley La Serena;"Cuellar ";"Carolina ";;"Gregorio Cordovez 499 ";" 3er Piso. Modulo Retiro en Tienda";;;LA SERENA;IV REGION;CL;"Cuellar ";"Carolina ";;Altovalsol  59 b;;;;LA SERENA;IV REGION;CL;63990;0;0;0;63990;0;CLP
000000529315;23613134501-A;02/06/2025 21:29:14;Cerrado;55990;0;55990;10078;0.0000;45912;1;FULFILLMENT-ABRIGO INTERIOR CORDERITO CAFÉ NICOPOLY;MPM10002808198-3;N05196UL-FF;02/06/2025 21:29:15;FF_MATRIX_STS;"Castro Iriarte ";"Clarina ";;"Gregorio Cordovez 499 ";" 3er Piso. Modulo Retiro en Tienda";;;LA SERENA;IV REGION;CL;"Castro Iriarte ";"Clarina ";;Alfalfare parcela #33 Pasaje #3;;;;LA SERENA;IV REGION;CL;55990;0;0;0;55990;0;CLP
000000529315;23613974301-A;02/06/2025 21:58:28;Cerrado;52490;0;52490;9448;0.0000;43042;1;FULFILLMENT-ABRIGO LARGO LAZO CELESTE NICOPOLY;MPM10002725934-3;N04227KL-6-FF;02/06/2025 21:58:29;FF_MATRIX_STS;Gonzalez;Francisco;;"Urmeneta 595, Puerto Montt ";4to Piso. Servicio al Cliente;;;PTO.MONTT;X REGION;CL;Vargas;Wendy;;Los Geranios 5063;;;;PTO.MONTT;X REGION;CL;52490;0;0;0;52490;0;CLP
000000529315;23614726801-A;02/06/2025 22:17:43;Cerrado;29990;990;30980;5398;0.0000;24592;1;CHAQUETA QUILT TIPO CAMISERA EN COLOR NEGRO NICOPOLY;MPM10001383909-4;N04190BS;02/06/2025 22:17:44;5d_Retiro Tienda Ripley El Trébol;Mendoza;Javiera;;"Avenida Jorge Alessandri 3177 ";" 3er Piso. Modulo Retiro en Tienda";;;TALCAHUANO;VIII REGION;CL;Mendoza;Javiera;;Isla nueva #74, población Lauri 74;;;;TALCAHUANO;VIII REGION;CL;29990;0;990;0;30980;0;CLP
000000529315;23614767301-A;02/06/2025 22:18:21;Cerrado;39890;0;39890;7180;0.0000;32710;1;FULFILLMENT-ABRIGO CORTO NEGRO NICOPOLY;MPM10002725916-1;N05160BL-FF;02/06/2025 22:18:22;FF_MATRIX;Lara;Celeste;;Camino los quillayes 1180;S/N;;;PIRQUE;REG.METROPOLITANA;CL;Lara;Celeste;;Camino los quillayes 1180;;;;PIRQUE;REG.METROPOLITANA;CL;39890;0;0;0;39890;0;CLP
000000529315;23614886901-A;02/06/2025 22:21:04;Reembolsado;55990;1863;57853;10078;0.0000;45912;1;ABRIGO 4 BOTONES AZUL ELÉCTRICO NICOPOLY;MPM10002646307-1;N05155CM;02/06/2025 22:21:05;Flujo Crossdock- Ripley PAQ;Andrade;Mariana;;Hortalizas 230;Casa;;;CURANILAHUE;VIII REGION;CL;Andrade;Mariana;;Hortalizas 230;;;;CURANILAHUE;VIII REGION;CL;55990;0;1863;0;57853;0;CLP
000000529315;23615260002-A;02/06/2025 22:32:07;Reembolsado;34990;0;34990;6298;0.0000;28692;1;BLAZER MUJER NICOPOLY VERDE OSCURO CUELLO MAO;MPM10002160487-1;N00156EL-6;02/06/2025 22:32:08;4d_Retiro Tienda Ripley Tobalaba;Garrido;Nathaly;;"Av. Camilo Henríquez 3296, Puente Alto ";2do Piso. Modulo Retiro en Tienda;;;PUENTE ALTO;REG.METROPOLITANA;CL;Garrido;Nathaly;;Avenida troncal San Francisco 2135;;;;PUENTE ALTO;REG.METROPOLITANA;CL;34990;0;0;0;34990;0;CLP
000000529315;23615838301-A;02/06/2025 22:49:56;Cerrado;16990;990;17980;3058;0.0000;13932;1;LEGGINS MUJER NICOPOLY BURDEO LEGGING TIRO ALTO ABERTURAS;MPM00089464224-2;N03027TS;02/06/2025 22:49:58;10d_Retiro Tienda Ripley Antofagasta;Escobar;Ana;;"Arturo Prat 530 ";" 4to Piso. Servicio al Cliente";;;ANTOFAGASTA;II REGION;CL;Escobar;Ana;;Marina  1098;;;;ANTOFAGASTA;II REGION;CL;16990;0;990;0;17980;0;CLP
000000529315;23616891001-A;02/06/2025 23:22:16;Cerrado;38490;0;38490;6928;0.0000;31562;1;FULFILLMENT-CHAQUETA BIKER NEGRO NICOPOLY;MPM10002725927-2;N02107BXL-6-FF;02/06/2025 23:22:17;FF_MATRIX_STS;Alfaro;Cintia;;"Gregorio Cordovez 499 ";" 3er Piso. Modulo Retiro en Tienda";;;LA SERENA;IV REGION;CL;Alfaro;Cintia;;Los olivos parcela  10;;;;LA SERENA;IV REGION;CL;38490;0;0;0;38490;0;CLP
000000529315;23617705901-A;02/06/2025 23:51:56;Cerrado;37790;0;37790;6802;0.0000;30988;1;FULFILLMENT-TRENCH HEBILLA KHAKI NICOPOLY;MPM10002725907-2;N05051UM-6-FF;02/06/2025 23:51:57;FF_MATRIX_STS;Carvallo;Francisca;;"Avenida Jorge Alessandri 3177 ";" 3er Piso. Modulo Retiro en Tienda";;;TALCAHUANO;VIII REGION;CL;Carvallo;Francisca;;Roberto matta 204 lomas san Sebastián 531;;;;TALCAHUANO;VIII REGION;CL;37790;0;0;0;37790;0;CLP
000000529315;23618318001-A;03/06/2025 00:24:02;Reembolsado;55990;4990;60980;10078;0.0000;45912;1;ABRIGO 4 BOTONES AZUL ELÉCTRICO NICOPOLY;MPM10002646307-1;N05155CM;03/06/2025 00:24:03;Flujo Crossdock- Ripley PAQ;Veloso;Valeria;;32 y medio Oriente A 1744;Casa;;;TALCA;VII REGION;CL;Veloso;Valeria;;32 y medio Oriente A 1744;;;;TALCA;VII REGION;CL;55990;0;4990;0;60980;0;CLP
000000529315;23618720401-A;03/06/2025 00:55:20;Cerrado;15990;990;16980;2878;0.0000;13112;1;CÁRDIGAN PUNTO FANTASÍA ROSA NICOPOLY;MPM00040988892-1;N02086HXL;03/06/2025 00:55:21;4d_Retiro Tienda Ripley Arauco Maipu;Parra;Paz;;"Av. Americo Vespucio 399 ";" 2do Piso. Modulo Retiro en Tienda";;;MAIPU;REG.METROPOLITANA;CL;Parra;Paz;;madrid  1661;;;;MAIPU;REG.METROPOLITANA;CL;15990;0;990;0;16980;0;CLP
000000529315;23618870701-A;03/06/2025 01:10:04;Cerrado;41990;0;41990;7558;0.0000;34432;1;TRENCH TIPO GAMUZA OLIVA NICOPOLY;MPM10002635818-3;N05001MM-6;03/06/2025 01:10:05;5d_Retiro Tienda Ripley Talca;Chamorro Manriquez;Magdalena;;"8 Oriente 1212 ";" 2do Piso. Modulo Retiro en Tienda";;;TALCA;VII REGION;CL;Chamorro Manriquez;Magdalena;;General Alcerreca 750;;;;TALCA;VII REGION;CL;41990;0;0;0;41990;0;CLP
000000529315;23620615601-A;03/06/2025 09:18:32;Cerrado;39890;0;39890;7180;0.0000;32710;1;FULFILLMENT-CHAQUETA LARGA IMPERMEABLE NEGRO NICOPOLY;MPM10002725924-3;N05191BS-FF;03/06/2025 09:18:34;FF_MATRIX;Castillo;Catalina;;Tome Alto calle principal  0;Casa;;;MONTE PATRI;IV REGION;CL;Castillo;Catalina;;Tome Alto calle principal  0;;;;MONTE PATRI;IV REGION;CL;39890;0;0;0;39890;0;CLP
000000529315;23622925501-A;03/06/2025 11:51:08;Cerrado;15990;4395;20385;2878;0.0000;13112;1;VESTIDO MIDI MUJER NICOPOLY NEGRO ACANALADO;MPM10001437616-1;N04224BS;03/06/2025 11:51:09;Flujo Crossdock- Ripley PAQ;Huenupi Melin;"Luz Marina ";;Ignacio Carrera 311;Local;;;CONTULMO;VIII REGION;CL;Huenupi Melin;"Luz Marina ";;Ignacio Carrera 311;;;;CONTULMO;VIII REGION;CL;15990;0;4395;0;20385;0;CLP
000000529315;23622925501-A;03/06/2025 11:51:08;Cerrado;15990;4395;20385;2878;0.0000;13112;1;VESTIDO MIDI MUJER NICOPOLY CAFÉ ACANALADO;MPM10001437612-1;N04224US;03/06/2025 11:51:09;Flujo Crossdock- Ripley PAQ;Huenupi Melin;"Luz Marina ";;Ignacio Carrera 311;Local;;;CONTULMO;VIII REGION;CL;Huenupi Melin;"Luz Marina ";;Ignacio Carrera 311;;;;CONTULMO;VIII REGION;CL;15990;0;4395;0;20385;0;CLP
000000529315;23623683002-A;03/06/2025 12:36:23;Cerrado;29990;990;30980;5398;0.0000;24592;1;PARKA LARGA QUILT CINTURA AJUSTABLE OLIVA NICOPOLY;MPM10001383886-4;N04222MM;03/06/2025 12:36:24;8d_Retiro Tienda Ripley Puerto Montt;Oyarzo;Evelyn;;"Urmeneta 595, Puerto Montt ";4to Piso. Servicio al Cliente;;;PTO.MONTT;X REGION;CL;Oyarzo;Evelyn;;Llanten 1894;;;;PTO.MONTT;X REGION;CL;29990;0;990;0;30980;0;CLP
000000529315;23624054101-A;03/06/2025 13:00:40;Reembolsado;39990;0;39990;7198;0.0000;32792;1;FULFILLMENT-CHAQUETA LARGA IMPERMEABLE NEGRO NICOPOLY;MPM10002725924-3;N05191BS-FF;03/06/2025 13:00:41;FF_MATRIX;Abarca;Karina;;san pablo 9057;S/N;;;PUDAHUEL;REG.METROPOLITANA;CL;Abarca;Karina;;san pablo 9057;;;;PUDAHUEL;REG.METROPOLITANA;CL;39990;0;0;0;39990;0;CLP
000000529315;23624723301-A;03/06/2025 13:38:16;Cerrado;39990;0;39990;7198;0.0000;32792;1;FULFILLMENT-CHAQUETA LARGA IMPERMEABLE NEGRO NICOPOLY;MPM10002725924-1;N05191BM-FF;03/06/2025 13:38:17;FF_MATRIX_STS;Leyton Flores;Constanza Sofa;;"Arauco 561 ";" 3er Piso. Servicio al Cliente";;;VALDIVIA;XIV REGION;CL;Leyton Flores;Constanza Sofa;;Anibal Pinto  1667;;;;VALDIVIA;XIV REGION;CL;39990;0;0;0;39990;0;CLP
000000529315;23626098301-A;03/06/2025 15:00:43;Reembolsado;27990;990;28980;5038;0.0000;22952;1;TAPADO BÁSICO BOLSILLOS EN COLOR CAFE NICOPOLY;MPM10002635857-1;N05219UM;03/06/2025 15:00:44;4d_Retiro Tienda Ripley Florida Center;Pardo;Ricardo;;"Vicuña Mackenna Oriente 6100, La Florida ";3er Piso. Modulo Retiro en Tienda;;;LA FLORIDA;REG.METROPOLITANA;CL;Pardo;Ricardo;;Los Queltehues 3268;;;;LA FLORIDA;REG.METROPOLITANA;CL;27990;0;990;0;28980;0;CLP
000000529315;23629004001-A;03/06/2025 17:45:23;Reembolsado;28790;990;29780;5182;0.0000;23608;1;PARKA SIN MANGAS CORDÓN EN COLOR ROJO NICOPOLY;MPM10001753187-4;N04319DM;03/06/2025 17:45:24;5d_Retiro Tienda Ripley Talca;Muñoz;Makarena;;"8 Oriente 1212 ";" 2do Piso. Modulo Retiro en Tienda";;;TALCA;VII REGION;CL;Muñoz;Makarena;;14 norte 16 oriente faustino gonzalez 2272;;;;TALCA;VII REGION;CL;28790;0;990;0;29780;0;CLP
000000529315;23629245701-A;03/06/2025 18:01:53;Cerrado;25990;0;25990;4678;0.0000;21312;1;VESTIDO MUJER NICOPOLY NEGRO TIPO BLAZER;MPM10002128954-2;N05257BM;03/06/2025 18:01:54;5d_Retiro Tienda Ripley Curicó;Rodriguez Huerta;Estefani;;"Av.OHiggins 201 ";" 2do Piso. Servicio al Cliente";;;CURICO;VII REGION;CL;Rodriguez Huerta;Estefani;;calle rio lircay 113;;;;CURICO;VII REGION;CL;25990;0;0;0;25990;0;CLP
000000529315;23629901901-A;03/06/2025 18:41:40;Cerrado;37990;990;38980;6838;0.0000;31152;1;CHAQUETA BIKER ECOCUERO CORTA EN COLOR NEGRO  NICOPOLY;MPM10001383962-4;N04201BL;03/06/2025 18:41:41;5d_Retiro Tienda Ripley Los Ángeles;Ormeño;Leslie;;"Valdivia 440, Los Angeles ";" 3er Piso. Servicio al Cliente";;;LOS ANGELES;VIII REGION;CL;Ormeño;Leslie;;Almirante la torre 403;;;;LOS ANGELES;VIII REGION;CL;37990;0;990;0;38980;0;CLP
000000529315;23630513001-A;03/06/2025 19:10:23;Cerrado;47990;0;47990;8638;0.0000;39352;1;FULFILLMENT-ABRIGO INTERIOR CORDERITO CAFÉ NICOPOLY;MPM10002808198-3;N05196UL-FF;03/06/2025 19:10:24;FF_MATRIX_STS;"Sánchez ";"Jocabed ";;"Barros Arana 1068, Concepcion ";" 3er Piso. Modulo Retiro en Tienda";;;CONCEPCION;VIII REGION;CL;Sanchez;Sofia;;Diego Portales calle Pedro Montt 18;;;;CONCEPCION;VIII REGION;CL;47990;0;0;0;47990;0;CLP
000000529315;23630716901-A;03/06/2025 19:19:40;Reembolsado;28790;990;29780;5182;0.0000;23608;1;PARKA SIN MANGAS CORDÓN EN COLOR NEGRO NICOPOLY;MPM10001753190-1;N04319BL;03/06/2025 19:19:41;4d_Retiro Tienda Ripley Tobalaba;Caballero;Rossana;;"Av. Camilo Henríquez 3296, Puente Alto ";2do Piso. Modulo Retiro en Tienda;;;PUENTE ALTO;REG.METROPOLITANA;CL;Caballero;Rossana;;Pasaje Parque Central 06921;;;;PUENTE ALTO;REG.METROPOLITANA;CL;28790;0;990;0;29780;0;CLP
000000529315;23631083401-A;03/06/2025 19:38:15;Cerrado;38990;990;39980;7018;0.0000;31972;1;ABRIGO CUADRILLÉ EN COLOR NEGRO NICOPOLY;MPM10002646320-3;N05288BM;03/06/2025 19:38:16;5d_Retiro Tienda Ripley El Trébol;Cortes;Maritza;;"Avenida Jorge Alessandri 3177 ";" 3er Piso. Modulo Retiro en Tienda";;;TALCAHUANO;VIII REGION;CL;Cortes;Maritza;;Serrano  568;;;;TALCAHUANO;VIII REGION;CL;38990;0;990;0;39980;0;CLP
000000529315;23631100701-A;03/06/2025 19:38:52;Cerrado;35990;990;36980;6478;0.0000;29512;1;PARKA ACOLCHADA BOLSILLOS GRANDES CELESTE PASTEL NICOPOLY;MPM10001383917-3;N04147KM;03/06/2025 19:38:53;18d_Retiro Tienda Ripley Punta Arenas;Contreras;Camila;;"Avda. E Frei Montalva 01110 Local 194 ";" 2do Piso. Servicio al Cliente";;;PTA.ARENAS;XII REGION;CL;Contreras;Camila;;jorge mayorga 796;;;;PTA.ARENAS;XII REGION;CL;35990;0;990;0;36980;0;CLP
000000529315;23631450601-A;03/06/2025 19:52:57;Cerrado;28790;990;29780;5182;0.0000;23608;1;PARKA SIN MANGAS CORDÓN EN COLOR NEGRO NICOPOLY;MPM10001753190-1;N04319BL;03/06/2025 19:52:58;8d_Retiro Tienda Ripley Puerto Montt;"Barrientos ";"Nayaded ";;"Urmeneta 595, Puerto Montt ";4to Piso. Servicio al Cliente;;;PTO.MONTT;X REGION;CL;Carcaman;Basilio;;avenida alessandri 967;;;;PTO.MONTT;X REGION;CL;28790;0;990;0;29780;0;CLP
000000529315;23633514201-A;03/06/2025 21:07:23;Reembolsado;47990;990;48980;8638;0.0000;39352;1;ABRIGO TIPO PAÑO 2 BOTONES EN COLOR NEGRONICOPOLY;MPM10002646301-3;N05157BS;03/06/2025 21:07:24;4d_Retiro Tienda Ripley Crillon;Gutierrez;Geraldine;;"Agustinas #1025 ";Piso -1. Modulo Retiro en Tienda;;;SANTIAGO;REG.METROPOLITANA;CL;Gutierrez;Geraldine;;chiloe 3601;;;;SANTIAGO;REG.METROPOLITANA;CL;47990;0;990;0;48980;0;CLP
000000529315;23633675201-A;03/06/2025 21:11:32;Cerrado;22990;990;23980;4138;0.0000;18852;1;PARKA CORTA QUILT CON GORRO EN COLOR ROJO NICOPOLY;MPM10001383862-1;N04221DM;03/06/2025 21:11:33;4d_Retiro Tienda Ripley Florida Center;Rojas Rivas;Allison;;"Vicuña Mackenna Oriente 6100, La Florida ";3er Piso. Modulo Retiro en Tienda;;;LA FLORIDA;REG.METROPOLITANA;CL;Rojas Rivas;Allison;;Jose ureta 545;;;;LA FLORIDA;REG.METROPOLITANA;CL;22990;0;990;0;23980;0;CLP
000000529315;23633718701-A;03/06/2025 21:13:27;Cerrado;47990;990;48980;8638;0.0000;39352;1;ABRIGO FORRO TIPO PIEL GRAFITO NICOPOLY;MPM10002661326-4;N05147NS;03/06/2025 21:13:28;Flujo Crossdock- Ripley PAQ;Castillo;"Katherine ";;Marta colvin  2048;S/N;;;LA SERENA;IV REGION;CL;Castillo;"Katherine ";;Marta colvin  2048;;;;LA SERENA;IV REGION;CL;47990;0;990;0;48980;0;CLP
000000529315;23634773801-A;03/06/2025 21:44:25;Cerrado;28790;990;29780;5182;0.0000;23608;1;PARKA SIN MANGAS CORDÓN EN COLOR NEGRO NICOPOLY;MPM10001753190-1;N04319BL;03/06/2025 21:44:26;10d_Retiro Tienda Ripley Calama;Arancibia;Diana;;"Balmaceda 3242, Calama ";" 2do Piso. Servicio al Cliente";;;CALAMA;II REGION;CL;Arancibia;Diana;;Pasaje frutillar 3438;;;;CALAMA;II REGION;CL;28790;0;990;0;29780;0;CLP
000000529315;23634849101-A;03/06/2025 21:45:44;Reembolsado;30990;0;30990;5578;0.0000;25412;1;PARKA MIDI TIPO QUILT BOLSILLOS MARRÓN NICOPOLY;MPM10001384220-4;N04212US;03/06/2025 21:45:45;4d_Retiro Tienda Ripley Costanera Center;Diaz;Monica;;"Avenida Andrés Bello 2422 ";" 1er Piso. Modulo Retiro en Tienda";;;PROVIDENCIA;REG.METROPOLITANA;CL;Diaz;Monica;;Huelen  197;;;;PROVIDENCIA;REG.METROPOLITANA;CL;30990;0;0;0;30990;0;CLP
000000529315;23634814501-A;03/06/2025 21:47:03;Reembolsado;38990;0;38990;7018;0.0000;31972;1;ABRIGO CUADRILLÉ EN COLOR NEGRO NICOPOLY;MPM10002646320-4;N05288BXL;03/06/2025 21:47:04;5d_Retiro Tienda Ripley Curicó;Villavicencio;Jacqueline;;"Av.OHiggins 201 ";" 2do Piso. Servicio al Cliente";;;CURICO;VII REGION;CL;Villavicencio;Jacqueline;;Parcela 50 la esmeralda teno 50;;;;CURICO;VII REGION;CL;38990;0;0;0;38990;0;CLP
000000529315;23635003402-A;03/06/2025 21:50:49;Cerrado;29990;0;29990;5398;0.0000;24592;1;PANTALÓN MUJER NICOPOLY BEIGE CARROT KHAKI;MPM10002128952-1;N05242LM;03/06/2025 21:50:50;5d_Retiro Tienda Ripley Los Ángeles;Candia;Claudia;;"Valdivia 440, Los Angeles ";" 3er Piso. Servicio al Cliente";;;LOS ANGELES;VIII REGION;CL;Candia;Claudia;;Leonardo da vinci pasaje Degas   111;;;;LOS ANGELES;VIII REGION;CL;29990;0;0;0;29990;0;CLP
000000529315;23635517101-A;03/06/2025 22:06:25;Reembolsado;38990;4990;43980;7018;0.0000;31972;1;ABRIGO CUADRILLÉ EN COLOR NEGRO NICOPOLY;MPM10002646320-4;N05288BXL;03/06/2025 22:06:26;Flujo Crossdock- Ripley PAQ;Montero;Lorena;;Covadonga 935;Dep60;;;SN.BERNARDO;REG.METROPOLITANA;CL;Montero;Lorena;;Covadonga 935;;;;SN.BERNARDO;REG.METROPOLITANA;CL;38990;0;4990;0;43980;0;CLP
000000529315;23635642301-A;03/06/2025 22:10:06;Reembolsado;26990;495;27485;4858;0.0000;22132;1;SOBRECAMISA ALGODÓN MUJER NICOPOLY VERDE OSCURO COTELÉ;MPM10002160504-1;N05201EM;03/06/2025 22:10:08;14d_Retiro Tienda Ripley Arica;Contreras;Ayme;;"Av. Diego Portales 640, Arica ";2do Piso. Modulo Retiro en Tienda;;;ARICA;XV REGION;CL;Contreras;Ayme;;tito canepa 090;;;;ARICA;XV REGION;CL;26990;0;495;0;27485;0;CLP
000000529315;23635642301-A;03/06/2025 22:10:06;Cerrado;34990;495;35485;6298;0.0000;28692;1;BOMBER TIPO GAMUZA CAMEL NICOPOLY;MPM10002635841-1;N05184UM;03/06/2025 22:10:08;14d_Retiro Tienda Ripley Arica;Contreras;Ayme;;"Av. Diego Portales 640, Arica ";2do Piso. Modulo Retiro en Tienda;;;ARICA;XV REGION;CL;Contreras;Ayme;;tito canepa 090;;;;ARICA;XV REGION;CL;34990;0;495;0;35485;0;CLP
000000529315;23635740901-A;03/06/2025 22:11:35;Cerrado;38990;990;39980;7018;0.0000;31972;1;ABRIGO CUADRILLÉ EN COLOR NEGRO NICOPOLY;MPM10002646320-3;N05288BM;03/06/2025 22:11:36;10d_Retiro Tienda Ripley Antofagasta;Quinteros Cordova;Daniza;;"Arturo Prat 530 ";" 4to Piso. Servicio al Cliente";;;ANTOFAGASTA;II REGION;CL;Quinteros Cordova;Daniza;;Lastarria, Poblacion Miramar 2312;;;;ANTOFAGASTA;II REGION;CL;38990;0;990;0;39980;0;CLP
000000529315;23635876401-A;03/06/2025 22:16:35;Cerrado;26990;990;27980;4858;0.0000;22132;1;SOBRECAMISA ALGODÓN MUJER NICOPOLY GRIS COTELÉ;MPM10002160531-1;N05201IS;03/06/2025 22:16:39;5d_Retiro Tienda Ripley Los Ángeles;Yaez;Nancy;;"Valdivia 440, Los Angeles ";" 3er Piso. Servicio al Cliente";;;LOS ANGELES;VIII REGION;CL;Yaez;Nancy;;QUEULAT  1130;;;;LOS ANGELES;VIII REGION;CL;26990;0;990;0;27980;0;CLP
000000529315;23636840702-A;03/06/2025 22:41:29;Cerrado;44990;0;44990;8098;0.0000;36892;1;FULFILLMENT-ABRIGO PIED DE POULE NEGRO NICOPOLY;MPM10002725929-3;N04199BM-6-FF;03/06/2025 22:41:30;FF_MATRIX;Ambul;Gissella;;Monsenor larrain 1075;S/N;;;TALAGANTE;REG.METROPOLITANA;CL;Ambul;Gissella;;Monsenor larrain 1075;;;;TALAGANTE;REG.METROPOLITANA;CL;44990;0;0;0;44990;0;CLP
000000529315;23637010501-A;03/06/2025 22:47:22;Reembolsado;35990;8990;44980;6478;0.0000;29512;1;BLAZER MUJER NICOPOLY ROJO OSCURO TOPE BOTONES DECORATIVOS;MPM10002122203-4;N05301DXL;03/06/2025 22:47:24;Flujo Crossdock- Ripley PAQ;"Garcia ";"Maria Fernanda ";;Avenida argentina 982;S/N;;;ANTOFAGASTA;II REGION;CL;"Garcia ";"Maria Fernanda ";;Avenida argentina 982;;;;ANTOFAGASTA;II REGION;CL;35990;0;8990;0;44980;0;CLP
000000529315;23637317301-A;03/06/2025 22:53:02;Reembolsado;31980;0;31980;5756;0.0000;26224;2;VESTIDO MIDI MUJER NICOPOLY NEGRO ACANALADO;MPM10001437616-3;N04224BL;03/06/2025 22:53:03;11d_Retiro Tienda Ripley Temuco;"Saavedra ";"Rafaela ";;"Arturo Prat 656, Temuco ";2do Piso. Modulo Retiro en Tienda;;;TEMUCO;IX REGION;CL;"Saavedra ";"Rafaela ";;7norte  1234;;;;TEMUCO;IX REGION;CL;31980;0;0;0;31980;0;CLP
000000529315;23637294901-A;03/06/2025 22:56:52;Cerrado;12990;495;13485;2338;0.0000;10652;1;SWEATER PELUDO RECOGIDO LATERAL ROSA NICOPOLY;MPM10001465173-2;N04173HM;03/06/2025 22:56:53;4d_Retiro Tienda Ripley Plaza Vespucio;"Roa Fuentes ";"Mauricio Alejandro ";;"Av. Vicuña Mackenna Ote. 7110, La Florida ";3er Piso. Modulo Retiro en Tienda;;;LA FLORIDA;REG.METROPOLITANA;CL;"Roa Fuentes ";"Mauricio Alejandro ";;Guanaqueros  4959;;;;LA FLORIDA;REG.METROPOLITANA;CL;12990;0;495;0;13485;0;CLP
000000529315;23637294901-A;03/06/2025 22:56:52;Cerrado;12990;495;13485;2338;0.0000;10652;1;SWEATER PELUDO RECOGIDO LATERAL ROSA NICOPOLY;MPM10001465173-1;N04173HL;03/06/2025 22:56:53;4d_Retiro Tienda Ripley Plaza Vespucio;"Roa Fuentes ";"Mauricio Alejandro ";;"Av. Vicuña Mackenna Ote. 7110, La Florida ";3er Piso. Modulo Retiro en Tienda;;;LA FLORIDA;REG.METROPOLITANA;CL;"Roa Fuentes ";"Mauricio Alejandro ";;Guanaqueros  4959;;;;LA FLORIDA;REG.METROPOLITANA;CL;12990;0;495;0;13485;0;CLP
000000529315;23637637802-A;03/06/2025 23:02:26;Reembolsado;35990;990;36980;6478;0.0000;29512;1;BLAZER MUJER NICOPOLY NEGRO TOPE BOTONES DECORATIVOS;MPM10002122197-4;N05301BM;03/06/2025 23:02:26;4d_Retiro Tienda Ripley Plaza Egaña;Pelayo;Catalina;;"Larrain 5800 ";" 3er Piso. Modulo Retiro en Tienda";;;NUNOA;REG.METROPOLITANA;CL;Pelayo;Catalina;;Clorinda Willshaw 258;;;;NUNOA;REG.METROPOLITANA;CL;35990;0;990;0;36980;0;CLP
000000529315;23638246601-A;03/06/2025 23:17:58;Cerrado;20990;0;20990;3778;0.0000;17212;1;SWEATER MANGA MUERCIÉLAGO EN COLOR ROJO NICOPOLY;MPM10002661323-1;N05297DF;03/06/2025 23:18:00;4d_Retiro Tienda Ripley Crillon;Urrea;Katherine;;"Agustinas #1025 ";Piso -1. Modulo Retiro en Tienda;;;SANTIAGO;REG.METROPOLITANA;CL;Urrea;Katherine;;Nueva amunategui  1405;;;;SANTIAGO;REG.METROPOLITANA;CL;20990;0;0;0;20990;0;CLP
000000529315;23638641901-A;03/06/2025 23:28:53;Cerrado;39990;0;39990;7198;0.0000;32792;1;FULFILLMENT-CHAQUETA LARGA IMPERMEABLE OLIVA CLARO NICOPOLY;MPM10002725923-2;N05191ML-FF;03/06/2025 23:28:54;FF_MATRIX_STS;Chavez;Constanza;;"Av. Camilo Henríquez 3296, Puente Alto ";2do Piso. Modulo Retiro en Tienda;;;PUENTE ALTO;REG.METROPOLITANA;CL;Chavez;Constanza;;"Av diego portales  7080 ";;;;PUENTE ALTO;REG.METROPOLITANA;CL;39990;0;0;0;39990;0;CLP
000000529315;23639137301-A;03/06/2025 23:43:29;Reembolsado;43990;0;43990;7918;0.0000;36072;1;FULFILLMENT-CHAQUETA BIKER NEGRO NICOPOLY;MPM10002725927-2;N02107BXL-6-FF;03/06/2025 23:43:30;FF_MATRIX;Araya;Camila;;Chucumata 10059;S/N;;;ANTOFAGASTA;II REGION;CL;Araya;Camila;;Chucumata 10059;;;;ANTOFAGASTA;II REGION;CL;43990;0;0;0;43990;0;CLP
000000529315;23639282401-A;03/06/2025 23:47:41;Cerrado;39990;0;39990;7198;0.0000;32792;1;FULFILLMENT-CHAQUETA LARGA IMPERMEABLE OLIVA CLARO NICOPOLY;MPM10002725923-2;N05191ML-FF;03/06/2025 23:47:42;FF_MATRIX_STS;Silva;Romina;;"Av. Americo Vespucio Norte 1737 ";" 2do Piso. Modulo Retiro en Tienda";;;HUECHURABA;REG.METROPOLITANA;CL;Silva;Romina;;Las Magnolias 2870;;;;HUECHURABA;REG.METROPOLITANA;CL;39990;0;0;0;39990;0;CLP
000000529315;23639305201-A;03/06/2025 23:48:25;Cerrado;41990;0;41990;7558;0.0000;34432;1;FULFILLMENT-ABRIGO BOUCLÉ KHAKI NICOPOLY;MPM10002725908-3;N05163LM-FF;03/06/2025 23:48:26;FF_MATRIX_STS;Poblete;Carolina;;"José Domingo Mujica 490 ";" 3er Piso. Modulo Retiro en Tienda";;;RANCAGUA;VI REGION;CL;Poblete;Carolina;;Guaglen  388;;;;RANCAGUA;VI REGION;CL;41990;0;0;0;41990;0;CLP
000000529315;23639577101-A;03/06/2025 23:57:02;Cerrado;39990;0;39990;7198;0.0000;32792;1;CHAQUETA BOUCLÉ GRIS NICOPOLY;MPM10002646300-1;N05183NS;03/06/2025 23:57:03;10d_Retiro Tienda Ripley Iquique;Flores;Mariela;;"Vivar 550 ";" 4to Piso. Servicio al Cliente";;;IQUIQUE;I REGION;CL;Flores;Mariela;;Pasaje Bolivia 1273;;;;IQUIQUE;I REGION;CL;39990;0;0;0;39990;0;CLP
000000529315;23639626001-A;03/06/2025 23:58:40;Cerrado;33990;0;33990;6118;0.0000;27872;1;CHAQUETA CORTA TIPO GAMUZA CAMEL NICOPOLY;MPM10002635827-4;N05173UM;03/06/2025 23:58:41;4d_Retiro Tienda Ripley Plaza Oeste;Oyarzo;Leslie;;"Américo Vespucio 1501 ";" 3er Piso. Modulo Retiro en Tienda";;;CERRILLOS;REG.METROPOLITANA;CL;Oyarzo;Leslie;;olea 3305 3305;;;;CERRILLOS;REG.METROPOLITANA;CL;33990;0;0;0;33990;0;CLP
000000529315;23640479501-A;04/06/2025 00:36:33;Reembolsado;38990;990;39980;7018;0.0000;31972;1;ABRIGO CUADRILLÉ EN COLOR NEGRO NICOPOLY;MPM10002646320-3;N05288BM;04/06/2025 00:36:34;10d_Retiro Tienda Ripley San Fernando;Fuentes;Carolina;;"Bernardo Ohiggins 701 ";" 3er Piso. Modulo Retiro en Tienda";;;SAN FERNANDO;VI REGION;CL;Fuentes;Carolina;;Villa Rodeo Sur. La Troya 0617;;;;SAN FERNANDO;VI REGION;CL;38990;0;990;0;39980;0;CLP
000000529315;23641115101-A;04/06/2025 01:18:52;Cerrado;35990;990;36980;6478;0.0000;29512;1;BLAZER LARGO DE TOPE EN COLOR ROJO NICOPOLY;MPM10002635835-3;N05275DM;04/06/2025 01:18:54;5d_Retiro Tienda Ripley Los Ángeles;"Echeverria ";Hector;;"Valdivia 440, Los Angeles ";" 3er Piso. Servicio al Cliente";;;LOS ANGELES;VIII REGION;CL;Olivera;Josselin;;Almagro 153;;;;LOS ANGELES;VIII REGION;CL;35990;0;990;0;36980;0;CLP
000000529315;23641270901-A;04/06/2025 01:37:18;Cerrado;39990;0;39990;7198;0.0000;32792;1;FULFILLMENT-CHAQUETA LARGA IMPERMEABLE NEGRO NICOPOLY;MPM10002725924-1;N05191BM-FF;04/06/2025 01:37:19;FF_MATRIX;Castro Rios;Alexandra;;Psj chaiten 2921;S/N;;;PUENTE ALTO;REG.METROPOLITANA;CL;Castro Rios;Alexandra;;Psj chaiten 2921;;;;PUENTE ALTO;REG.METROPOLITANA;CL;39990;0;0;0;39990;0;CLP
000000529315;23641961501-A;04/06/2025 06:43:57;Cerrado;43990;0;43990;7918;0.0000;36072;1;FULFILLMENT-CHAQUETA BIKER NEGRO NICOPOLY;MPM10002725927-2;N02107BXL-6-FF;04/06/2025 06:43:58;FF_MATRIX;Torres;Claudia;;Armando Moock 3727 departamento 211;S/N;;;MACUL;REG.METROPOLITANA;CL;Torres;Claudia;;Armando Moock 3727 departamento 211;;;;MACUL;REG.METROPOLITANA;CL;43990;0;0;0;43990;0;CLP
000000529315;23642090901-A;04/06/2025 07:19:48;Cerrado;37990;0;37990;6838;0.0000;31152;1;FULFILLMENT-TRENCH HEBILLA OLIVA NICOPOLY;MPM10002725904-1;N05051MS-6-FF;04/06/2025 07:19:50;FF_MATRIX_STS;Alvarez;Maria Paz;;"Larrain 5800 ";" 3er Piso. Modulo Retiro en Tienda";;;NUNOA;REG.METROPOLITANA;CL;Alvarez;Maria Paz;;Los Laureles  6991;;;;NUNOA;REG.METROPOLITANA;CL;37990;0;0;0;37990;0;CLP
000000529315;23642170601-A;04/06/2025 07:40:41;Cerrado;39990;0;39990;7198;0.0000;32792;1;FULFILLMENT-CHAQUETA CORTA IMPERMEABLE OLIVA NICOPOLY;MPM10002725933-1;N05190ML-FF;04/06/2025 07:40:42;FF_MATRIX_STS;Burgos;Francisco;;"Barros Arana 1068, Concepcion ";" 3er Piso. Modulo Retiro en Tienda";;;CONCEPCION;VIII REGION;CL;Burgos;Francisco;;minero bernardo neftalí garcia parada 1033;;;;CONCEPCION;VIII REGION;CL;39990;0;0;0;39990;0;CLP
000000529315;23642264301-A;04/06/2025 07:54:46;Cerrado;26990;990;27980;4858;0.0000;22132;1;SOBRECAMISA ALGODÓN MUJER NICOPOLY GRIS COTELÉ;MPM10002160531-2;N05201IM;04/06/2025 07:54:47;8d_Retiro Tienda Ripley Puerto Montt;MONTOYA;ANA;;"Urmeneta 595, Puerto Montt ";4to Piso. Servicio al Cliente;;;PTO.MONTT;X REGION;CL;MONTOYA;ANA;;Ohiggins  531;;;;PTO.MONTT;X REGION;CL;26990;0;990;0;27980;0;CLP
000000529315;23642540401-A;04/06/2025 08:29:29;Cerrado;16990;990;17980;3058;0.0000;13932;1;LEGGINS MUJER NICOPOLY BURDEO LEGGING TIRO ALTO ABERTURAS;MPM00089464224-1;N03027TL;04/06/2025 08:29:30;5d_Retiro Tienda Ripley Los Andes;"Marchant ";"Veronica ";;"Santa Teresita 683 ";2do Piso. Servicio al Cliente;;;LOS ANDES;V REGION;CL;"Marchant ";"Veronica ";;Av Alessandri 1513;;;;LOS ANDES;V REGION;CL;16990;0;990;0;17980;0;CLP
000000529315;23642867701-A;04/06/2025 08:58:41;Reembolsado;39990;0;39990;7198;0.0000;32792;1;FULFILLMENT-CHAQUETA CORTA IMPERMEABLE NEGRO NICOPOLY;MPM10002725913-3;N05190BM-FF;04/06/2025 08:58:42;FF_MATRIX;Orrego Pizarro;Pablina;;Alberto blest Gana 674 condominio 2 674;203;;;OVALLE;IV REGION;CL;Orrego Pizarro;Pablina;;Alberto blest Gana 674 condominio 2 674;;;;OVALLE;IV REGION;CL;39990;0;0;0;39990;0;CLP
000000529315;23643708701-A;04/06/2025 09:59:35;Cerrado;39990;0;39990;7198;0.0000;32792;1;FULFILLMENT-CHAQUETA CORTA IMPERMEABLE NEGRO NICOPOLY;MPM10002725913-1;N05190BS-FF;04/06/2025 09:59:36;FF_MATRIX_STS;"Sepulveda ";"Valentina ";;"Av. Americo Vespucio 399 ";" 2do Piso. Modulo Retiro en Tienda";;;MAIPU;REG.METROPOLITANA;CL;"Sepulveda ";"Valentina ";;Caribu 1235;;;;MAIPU;REG.METROPOLITANA;CL;39990;0;0;0;39990;0;CLP
000000529315;23644028501-A;04/06/2025 10:21:35;Reembolsado;39990;0;39990;7198;0.0000;32792;1;BLAZER MUJER NICOPOLY NEGRO LARGO CUELLO CRUZADO;MPM10002122157-1;N05299BM;04/06/2025 10:21:37;10d_Retiro Tienda Ripley San Fernando;Ulloa;Carolina;;"Bernardo Ohiggins 701 ";" 3er Piso. Modulo Retiro en Tienda";;;SAN FERNANDO;VI REGION;CL;Ulloa;Carolina;;Calle san Ramón sector el porvenir 228;;;;SAN FERNANDO;VI REGION;CL;39990;0;0;0;39990;0;CLP
000000529315;23644387001-A;04/06/2025 10:39:51;Cerrado;59990;0;59990;10798;0.0000;49192;1;FULFILLMENT-ABRIGO LARGO LAZO UVA NICOPOLY;MPM10002725928-1;N04227ZM-6-FF;04/06/2025 10:39:52;FF_MATRIX_STS;Bascoli;Alejandra;;"Castellon 520, Concepcion ";6to Piso. Servicio al Cliente;;;CONCEPCION;VIII REGION;CL;Bascoli;Alejandra;;Bulnes 122;;;;CONCEPCION;VIII REGION;CL;59990;0;0;0;59990;0;CLP
000000529315;23645195801-A;04/06/2025 11:27:01;Cerrado;24990;990;25980;4498;0.0000;20492;1;VESTIDO MIDI MUJER NICOPOLY ROJO SWEATER;MPM10002160525-1;N05211DM;04/06/2025 11:27:02;8d_Retiro Tienda Ripley Copiapo;Oyarce;Mery;;"Calle Maipu S/N, Copiapo ";" 2do Piso. Servicio al Cliente";;;COPIAPO;III REGION;CL;Oyarce;Mery;;Los girasoles 153;;;;COPIAPO;III REGION;CL;24990;0;990;0;25980;0;CLP
000000529315;23645422301-A;04/06/2025 11:39:09;Cerrado;39990;0;39990;7198;0.0000;32792;1;CHAQUETA BOUCLÉ GRIS NICOPOLY;MPM10002646300-2;N05183NM;04/06/2025 11:39:11;5d_Retiro Tienda Ripley Talca;Saldias;"Héctor ";;"8 Oriente 1212 ";" 2do Piso. Modulo Retiro en Tienda";;;TALCA;VII REGION;CL;Zúñiga Arriagada;Ana Hortencia;;Villa inglesa los almendros 437;;;;TALCA;VII REGION;CL;39990;0;0;0;39990;0;CLP
000000529315;23645990501-A;04/06/2025 12:10:31;Cerrado;39990;0;39990;7198;0.0000;32792;1;FULFILLMENT-CHAQUETA LARGA IMPERMEABLE NEGRO NICOPOLY;MPM10002725924-3;N05191BS-FF;04/06/2025 12:10:32;FF_MATRIX_STS;Contreras;Yuyunis;;"8 Oriente 1212 ";" 2do Piso. Modulo Retiro en Tienda";;;TALCA;VII REGION;CL;Contreras;Yuyunis;;Fresia  260;;;;TALCA;VII REGION;CL;39990;0;0;0;39990;0;CLP
000000529315;23646089501-A;04/06/2025 12:15:27;Cerrado;39990;0;39990;7198;0.0000;32792;1;FULFILLMENT-CHAQUETA LARGA IMPERMEABLE NEGRO NICOPOLY;MPM10002725924-3;N05191BS-FF;04/06/2025 12:15:28;FF_MATRIX_STS;Pineda;Karla;;"Baquedano 86 ";" 1er Piso. Servicio al Cliente";;;COQUIMBO;IV REGION;CL;Pineda;Karla;;Reserva nacional torres del paine 1439;;;;COQUIMBO;IV REGION;CL;39990;0;0;0;39990;0;CLP
000000529315;23646563601-A;04/06/2025 12:41:54;Cerrado;22990;990;23980;4138;0.0000;18852;1;CHAQUETA MITAD CHIPORRO/PARKA EN COLOR NEGRO NICOPOLY;MPM10001383882-3;N04152BM;04/06/2025 12:41:56;4d_Retiro Tienda Ripley San Bernardo;Rosales;Marcela;;"Av. Pdte. Jorge Alessandri Rodríguez 20040, San Bernardo ";2do Piso. Modulo Retiro en Tienda;;;SN.BERNARDO;REG.METROPOLITANA;CL;Rosales;Marcela;;José flores 3-108;;;;SN.BERNARDO;REG.METROPOLITANA;CL;22990;0;990;0;23980;0;CLP
000000529315;23646724301-A;04/06/2025 12:49:08;Cerrado;23990;990;24980;4318;0.0000;19672;1;SWEATER DISEÑOS ESPIGAS EN COLOR NEGRO NICOPOLY;MPM10002635861-1;N04230BM-6;04/06/2025 12:49:10;10d_Retiro Tienda Ripley Calama;Panire Sibila;Jorge Huberto;;"Balmaceda 3242, Calama ";" 2do Piso. Servicio al Cliente";;;CALAMA;II REGION;CL;Panire Sibila;Jorge Huberto;;federico arcos 600;;;;CALAMA;II REGION;CL;23990;0;990;0;24980;0;CLP
000000529315;23647723601-A;04/06/2025 13:43:00;Cerrado;8790;0;8790;1582;0.0000;7208;1;POLERA CUELLO REDONDO EN COLOR CAFE NICOPOLY;MPM10002661383-1;N05330OS;04/06/2025 13:43:01;5d_Retiro Tienda Ripley Chillán;Hermosilla;Maritza;;"5 de Abril 699 ";4to Piso. Centro de atención al Cliente;;;CHILLAN;VIII REGION;CL;Hermosilla;Maritza;;Flores Millan 1342;;;;CHILLAN;VIII REGION;CL;8790;0;0;0;8790;0;CLP
000000529315;23647962801-A;04/06/2025 13:55:42;Reembolsado;39990;0;39990;7198;0.0000;32792;1;FULFILLMENT-CHAQUETA CORTA IMPERMEABLE OLIVA NICOPOLY;MPM10002725933-1;N05190ML-FF;04/06/2025 13:55:44;FF_MATRIX;Concha Cortes;Luis Alejandro;;Las tejas 2267;19;;;PUENTE ALTO;REG.METROPOLITANA;CL;Concha Cortes;Luis Alejandro;;Las tejas 2267;;;;PUENTE ALTO;REG.METROPOLITANA;CL;39990;0;0;0;39990;0;CLP
000000529315;23648522101-A;04/06/2025 14:29:50;Cerrado;7990;495;8485;1438;0.0000;6552;1;BUFANDA GRUESA EN COLOR BLANCO INVIERNO NICOPOLY;MPM10002663004-1;N05334AF;04/06/2025 14:29:51;10d_Retiro Tienda Ripley La Serena;Ruiz Inostroza;Danitza;;"Gregorio Cordovez 499 ";" 3er Piso. Modulo Retiro en Tienda";;;LA SERENA;IV REGION;CL;Ruiz Inostroza;Danitza;;AVENIDA RENE SCHNEIDER 2031;;;;LA SERENA;IV REGION;CL;7990;0;495;0;8485;0;CLP
000000529315;23648522101-A;04/06/2025 14:29:50;Cerrado;7190;495;7685;1294;0.0000;5896;1;BUFANDA SUAVE EN COLOR NEGRO NICOPOLY;MPM10002662995-1;N05338BF;04/06/2025 14:29:51;10d_Retiro Tienda Ripley La Serena;Ruiz Inostroza;Danitza;;"Gregorio Cordovez 499 ";" 3er Piso. Modulo Retiro en Tienda";;;LA SERENA;IV REGION;CL;Ruiz Inostroza;Danitza;;AVENIDA RENE SCHNEIDER 2031;;;;LA SERENA;IV REGION;CL;7190;0;495;0;7685;0;CLP
000000529315;23649191001-A;04/06/2025 15:03:25;Cerrado;35990;990;36980;6478;0.0000;29512;1;BLAZER COTELÉ EN COLOR CAFE NICOPOLY;MPM10002661346-2;N05302UM;04/06/2025 15:03:26;4d_Retiro Tienda Ripley Florida Center;Diaz;Ingrid;;"Vicuña Mackenna Oriente 6100, La Florida ";3er Piso. Modulo Retiro en Tienda;;;LA FLORIDA;REG.METROPOLITANA;CL;Diaz;Ingrid;;Pasaje 1 5260;;;;LA FLORIDA;REG.METROPOLITANA;CL;35990;0;990;0;36980;0;CLP
000000529315;23649283001-A;04/06/2025 15:04:59;Cerrado;28790;990;29780;5182;0.0000;23608;1;PARKA SIN MANGAS CORDÓN EN COLOR NEGRO NICOPOLY;MPM10001753190-1;N04319BL;04/06/2025 15:05:00;4d_Retiro Tienda Ripley Puente;Soto;Ingrid Fabiola;;"21 de Mayo 698 ";4to Piso. Modulo Retiro en Tienda;;;SANTIAGO;REG.METROPOLITANA;CL;Soto;Ingrid Fabiola;;Esmeralda 1026;;;;SANTIAGO;REG.METROPOLITANA;CL;28790;0;990;0;29780;0;CLP
000000529315;23649857101-A;04/06/2025 15:37:04;Reembolsado;47990;0;47990;8638;0.0000;39352;1;FULFILLMENT-ABRIGO INTERIOR CORDERITO CAFÉ NICOPOLY;MPM10002808198-1;N05196US-FF;04/06/2025 15:37:05;FF_MATRIX;Vela;Pilar;;Cordoba  422;S/N;;;CHILLAN;VIII REGION;CL;Vela;Pilar;;Cordoba  422;;;;CHILLAN;VIII REGION;CL;47990;0;0;0;47990;0;CLP
000000529315;23649891901-A;04/06/2025 15:38:29;Cerrado;28790;990;29780;5182;0.0000;23608;1;PARKA SIN MANGAS CORDÓN EN COLOR NEGRO NICOPOLY;MPM10001753190-4;N04319BXL;04/06/2025 15:38:31;5d_Retiro Tienda Ripley Viña del Mar Sucre;"Gonzlez ";Marta;;"Sucre 290, Viña ";5to Piso. Modulo Retiro en Tienda;;;VI.A DEL MA;V REGION;CL;"Gonzlez ";Marta;;Camino del sol  800;;;;VI.A DEL MA;V REGION;CL;28790;0;990;0;29780;0;CLP
000000529315;23650293101-A;04/06/2025 15:59:18;Cerrado;28790;990;29780;5182;0.0000;23608;1;PARKA SIN MANGAS CORDÓN EN COLOR ROJO NICOPOLY;MPM10001753187-4;N04319DM;04/06/2025 15:59:20;8d_Retiro Tienda Ripley Puerto Montt;Cifuentes;Albina;;"Urmeneta 595, Puerto Montt ";4to Piso. Servicio al Cliente;;;PTO.MONTT;X REGION;CL;Cifuentes;Albina;;Avda Vicuña Mackenna  2005;;;;PTO.MONTT;X REGION;CL;28790;0;990;0;29780;0;CLP
000000529315;23650359801-A;04/06/2025 16:03:35;Cerrado;29990;3990;33980;5398;0.0000;24592;1;PARKA QUILT BROCHES EN COLOR NEGRO BRILLANTE NICOPOLY;MPM10001383871-1;N04148BM;04/06/2025 16:03:36;Flujo Same day BX;"Jacob ";"Ingrid ";;Nuestra señora del Rosario  360;43;;;LAS CONDES;REG.METROPOLITANA;CL;"Jacob ";"Ingrid ";;Nuestra señora del Rosario  360;;;;LAS CONDES;REG.METROPOLITANA;CL;29990;0;3990;0;33980;0;CLP
000000529315;23650823501-A;04/06/2025 16:27:20;Reembolsado;41990;0;41990;7558;0.0000;34432;1;FULFILLMENT-ABRIGO BOUCLÉ GRAFITO NICOPOLY;MPM10002725920-3;N05163NL-FF;04/06/2025 16:27:21;FF_MATRIX;Jerez;Javiera;;Pasaje Barrio Vallecas 643;S/N;;;QUILICURA;REG.METROPOLITANA;CL;Jerez;Javiera;;Pasaje Barrio Vallecas 643;;;;QUILICURA;REG.METROPOLITANA;CL;41990;0;0;0;41990;0;CLP
000000529315;23650854801-A;04/06/2025 16:27:48;Cerrado;39990;0;39990;7198;0.0000;32792;1;FULFILLMENT-CHAQUETA CORTA IMPERMEABLE OLIVA NICOPOLY;MPM10002725933-3;N05190MM-FF;04/06/2025 16:27:49;FF_MATRIX;Campos;Eliana;;Fernández albano 797;608;;;LA CISTERNA;REG.METROPOLITANA;CL;Campos;Eliana;;Fernández albano 797;;;;LA CISTERNA;REG.METROPOLITANA;CL;39990;0;0;0;39990;0;CLP
000000529315;23651034701-A;04/06/2025 16:36:53;Reembolsado;39990;0;39990;7198;0.0000;32792;1;CHAQUETA BOUCLÉ EN COLOR NEGRO NICOPOLY;MPM10002646312-1;N05183BS;04/06/2025 16:36:55;4d_Retiro Tienda Ripley Tobalaba;Mondaca;Marcela;;"Av. Camilo Henríquez 3296, Puente Alto ";2do Piso. Modulo Retiro en Tienda;;;PUENTE ALTO;REG.METROPOLITANA;CL;Mondaca;Marcela;;Camino Sn Jose d Maipo  05879;;;;PUENTE ALTO;REG.METROPOLITANA;CL;39990;0;0;0;39990;0;CLP
000000529315;23651367801-A;04/06/2025 16:55:27;Reembolsado;39990;0;39990;7198;0.0000;32792;1;FULFILLMENT-CHAQUETA CORTA IMPERMEABLE NEGRO NICOPOLY;MPM10002725913-1;N05190BS-FF;04/06/2025 16:55:28;FF_MATRIX;Meneses;Ignacia;;Gabriel Palma 1007;501;;;RECOLETA;REG.METROPOLITANA;CL;Meneses;Ignacia;;Gabriel Palma 1007;;;;RECOLETA;REG.METROPOLITANA;CL;39990;0;0;0;39990;0;CLP
000000529315;23651769201-A;04/06/2025 17:14:37;Reembolsado;47990;0;47990;8638;0.0000;39352;1;ABRIGO 4 BOTONES AZUL ELÉCTRICO NICOPOLY;MPM10002646307-1;N05155CM;04/06/2025 17:14:39;10d_Retiro Tienda Ripley Antofagasta;Soto;Silvia;;"Arturo Prat 530 ";" 4to Piso. Servicio al Cliente";;;ANTOFAGASTA;II REGION;CL;Soto;Silvia;;Santa clara 02236;;;;ANTOFAGASTA;II REGION;CL;47990;0;0;0;47990;0;CLP
000000529315;23652856301-A;04/06/2025 18:10:54;Reembolsado;47990;248;48238;8638;0.0000;39352;1;ABRIGO 4 BOTONES AZUL ELÉCTRICO NICOPOLY;MPM10002646307-1;N05155CM;04/06/2025 18:10:56;5d_Retiro Tienda Ripley Marina Arauco;Quijada;Pia;;"Avenida Libertad 1348 ";" Piso 4. Modulo Retiro en Tienda";;;VI.A DEL MA;V REGION;CL;Quijada;Pia;;3 oriente 1270;;;;VI.A DEL MA;V REGION;CL;47990;0;248;0;48238;0;CLP
000000529315;23652856301-A;04/06/2025 18:10:54;Reembolsado;12990;248;13238;2338;0.0000;10652;1;TOP PRINT SNAKE VERDE NICOPOLY;MPM10001849455-3;N05115EM;04/06/2025 18:10:56;5d_Retiro Tienda Ripley Marina Arauco;Quijada;Pia;;"Avenida Libertad 1348 ";" Piso 4. Modulo Retiro en Tienda";;;VI.A DEL MA;V REGION;CL;Quijada;Pia;;3 oriente 1270;;;;VI.A DEL MA;V REGION;CL;12990;0;248;0;13238;0;CLP
000000529315;23652856301-A;04/06/2025 18:10:54;Reembolsado;41990;248;42238;7558;0.0000;34432;1;ABRIGO HOMBROS CAÍDOS GRIS NICOPOLY;MPM10002646331-3;N05174NM;04/06/2025 18:10:56;5d_Retiro Tienda Ripley Marina Arauco;Quijada;Pia;;"Avenida Libertad 1348 ";" Piso 4. Modulo Retiro en Tienda";;;VI.A DEL MA;V REGION;CL;Quijada;Pia;;3 oriente 1270;;;;VI.A DEL MA;V REGION;CL;41990;0;248;0;42238;0;CLP
000000529315;23653008301-A;04/06/2025 18:15:25;Cerrado;38990;990;39980;7018;0.0000;31972;1;ABRIGO CUADRILLÉ EN COLOR NEGRO NICOPOLY;MPM10002646320-2;N05288BL;04/06/2025 18:15:26;8d_Retiro Tienda Ripley Castellón;Rivera;Marcela;;"Castellon 520, Concepcion ";6to Piso. Servicio al Cliente;;;CONCEPCION;VIII REGION;CL;Rivera;Marcela;;30 de Octubre Villa Nonguen 352;;;;CONCEPCION;VIII REGION;CL;38990;0;990;0;39980;0;CLP
000000529315;23653324702-A;04/06/2025 18:30:36;Cerrado;37990;0;37990;6838;0.0000;31152;1;FULFILLMENT-TRENCH HEBILLA KHAKI NICOPOLY;MPM10002725907-2;N05051UM-6-FF;04/06/2025 18:30:37;FF_MATRIX_STS;Lorca;Elsa;;"Av. Camilo Henríquez 3296, Puente Alto ";2do Piso. Modulo Retiro en Tienda;;;PUENTE ALTO;REG.METROPOLITANA;CL;Lorca;Elsa;;Ramón Vinai 3745;;;;PUENTE ALTO;REG.METROPOLITANA;CL;37990;0;0;0;37990;0;CLP
000000529315;23654490502-A;04/06/2025 19:15:06;Cerrado;39990;0;39990;7198;0.0000;32792;1;FULFILLMENT-CHAQUETA LARGA IMPERMEABLE NEGRO NICOPOLY;MPM10002725924-1;N05191BM-FF;04/06/2025 19:15:07;FF_MATRIX;Barra;Javiera;;Barros Arana 1672 1672;804;;;CONCEPCION;VIII REGION;CL;Barra;Javiera;;Barros Arana 1672 1672;;;;CONCEPCION;VIII REGION;CL;39990;0;0;0;39990;0;CLP
000000529315;23654772701-A;04/06/2025 19:24:45;Reembolsado;47990;2990;50980;8638;0.0000;39352;1;ABRIGO TIPO PAÑO 2 BOTONES EN COLOR NEGRONICOPOLY;MPM10002646301-2;N05157BL;04/06/2025 19:24:47;Flujo Crossdock- Ripley PAQ;Baez;Lidia;;Armando caballero 1078, villa Lorca 1078;31 K;;;QUILLOTA;V REGION;CL;Baez;Lidia;;Armando caballero 1078, villa Lorca 1078;;;;QUILLOTA;V REGION;CL;47990;0;2990;0;50980;0;CLP
000000529315;23655448901-A;04/06/2025 19:49:00;Cerrado;19990;990;20980;3598;0.0000;16392;1;VESTIDO MIDI MUJER NICOPOLY NEGRO ACANALADO TAJO;MPM10002128945-1;N05218BS;04/06/2025 19:49:01;5d_Retiro Tienda Ripley El Trébol;Barrera;Constanza;;"Avenida Jorge Alessandri 3177 ";" 3er Piso. Modulo Retiro en Tienda";;;TALCAHUANO;VIII REGION;CL;Barrera;Constanza;;sicilia  3171;;;;TALCAHUANO;VIII REGION;CL;19990;0;990;0;20980;0;CLP
000000529315;23655573902-A;04/06/2025 19:54:46;Cerrado;19990;990;20980;3598;0.0000;16392;1;CALZA MUJER NICOPOLY CAMEL TIPO GAMUZA;MPM10002160536-2;N05307UM;04/06/2025 19:54:47;4d_Retiro Tienda Ripley Plaza Egaña;Carrasco;Geraly;;"Larrain 5800 ";" 3er Piso. Modulo Retiro en Tienda";;;NUNOA;REG.METROPOLITANA;CL;Carrasco;Geraly;;brown norte 609;;;;NUNOA;REG.METROPOLITANA;CL;19990;0;990;0;20980;0;CLP
000000529315;23655575801-A;04/06/2025 19:56:22;Cerrado;37990;0;37990;6838;0.0000;31152;1;FULFILLMENT-TRENCH HEBILLA OLIVA NICOPOLY;MPM10002725904-2;N05051ML-6-FF;04/06/2025 19:56:23;FF_MATRIX;Ayares;Alejandra;;Gotemburgo 231;173;;;LAS CONDES;REG.METROPOLITANA;CL;Ayares;Alejandra;;Gotemburgo 231;;;;LAS CONDES;REG.METROPOLITANA;CL;37990;0;0;0;37990;0;CLP
000000529315;23656275101-A;04/06/2025 20:18:43;Cerrado;28790;0;28790;5182;0.0000;23608;1;PARKA SIN MANGAS CORDÓN EN COLOR NEGRO NICOPOLY;MPM10001753190-4;N04319BXL;04/06/2025 20:18:44;5d_Retiro Tienda Ripley Los Andes;Retamal;Marcia;;"Santa Teresita 683 ";2do Piso. Servicio al Cliente;;;LOS ANDES;V REGION;CL;Retamal;Marcia;;Salinas 725;;;;LOS ANDES;V REGION;CL;28790;0;0;0;28790;0;CLP
000000529315;23656562801-A;04/06/2025 20:27:12;Cerrado;22990;990;23980;4138;0.0000;18852;1;CHAQUETA MITAD CHIPORRO/PARKA EN COLOR NEGRO NICOPOLY;MPM10001383882-1;N04152BL;04/06/2025 20:27:13;5d_Retiro Tienda Ripley Talca;"Poblete ";Vanessa;;"8 Oriente 1212 ";" 2do Piso. Modulo Retiro en Tienda";;;TALCA;VII REGION;CL;"Poblete ";Vanessa;;31 sur 5 poniente  31;;;;TALCA;VII REGION;CL;22990;0;990;0;23980;0;CLP
000000529315;23657256501-A;04/06/2025 20:49:12;Cerrado;21990;990;22980;3958;0.0000;18032;1;PANTALÓN MUJER NICOPOLY KHAKI PINZAS TIRO ALTO;MPM10001752498-2;N04120LL-5;04/06/2025 20:49:15;8d_Retiro Tienda Ripley Castellón;Ramrez;Brbara;;"Castellon 520, Concepcion ";6to Piso. Servicio al Cliente;;;CONCEPCION;VIII REGION;CL;Ramrez;Brbara;;Pasaje Titan 716;;;;CONCEPCION;VIII REGION;CL;21990;0;990;0;22980;0;CLP
000000529315;23657332401-A;04/06/2025 20:51:31;Reembolsado;38990;990;39980;7018;0.0000;31972;1;ABRIGO CUADRILLÉ EN COLOR NEGRO NICOPOLY;MPM10002646320-2;N05288BL;04/06/2025 20:51:32;8d_Retiro Tienda Ripley Puerto Montt;Salazar;Brigida;;"Urmeneta 595, Puerto Montt ";4to Piso. Servicio al Cliente;;;PTO.MONTT;X REGION;CL;Salazar;Brigida;;Vicente Perez Rosales 331;;;;PTO.MONTT;X REGION;CL;38990;0;990;0;39980;0;CLP
000000529315;23657701901-A;04/06/2025 21:03:02;Cerrado;37990;0;37990;6838;0.0000;31152;1;FULFILLMENT-TRENCH HEBILLA OLIVA NICOPOLY;MPM10002725904-2;N05051ML-6-FF;04/06/2025 21:03:03;FF_MATRIX_STS;Sandoval;Eliana;;"5 de Abril 699 ";4to Piso. Centro de atención al Cliente;;;CHILLAN;VIII REGION;CL;Sandoval;Eliana;;Villa altos de santa Rita, Dina Acuña 123;;;;CHILLAN;VIII REGION;CL;37990;0;0;0;37990;0;CLP
000000529315;23657888901-A;04/06/2025 21:07:17;Cerrado;38990;990;39980;7018;0.0000;31972;1;ABRIGO CUADRILLÉ EN COLOR NEGRO NICOPOLY;MPM10002646320-4;N05288BXL;04/06/2025 21:07:18;11d_Retiro Tienda Ripley Temuco;"Becerra ";"Paola ";;"Arturo Prat 656, Temuco ";2do Piso. Modulo Retiro en Tienda;;;TEMUCO;IX REGION;CL;Higuera Carvajal;Jose Manuel;;General Pedro Lagos  940;;;;TEMUCO;IX REGION;CL;38990;0;990;0;39980;0;CLP
000000529315;23658839501-A;04/06/2025 21:31:29;Cerrado;24990;990;25980;4498;0.0000;20492;1;SWEATER CUELLO BEATLE STRASS CELESTE NICOPOLY;MPM10002661338-1;N04231KL-6;04/06/2025 21:31:31;4d_Retiro Tienda Ripley Florida Center;Muoz;Claudia;;"Vicuña Mackenna Oriente 6100, La Florida ";3er Piso. Modulo Retiro en Tienda;;;LA FLORIDA;REG.METROPOLITANA;CL;Muoz;Claudia;;Avenida Macul 3700;;;;LA FLORIDA;REG.METROPOLITANA;CL;24990;0;990;0;25980;0;CLP
000000529315;23659756301-A;04/06/2025 21:54:55;Cerrado;39990;0;39990;7198;0.0000;32792;1;FULFILLMENT-ABRIGO CORTO NEGRO NICOPOLY;MPM10002725916-3;N05160BS-FF;04/06/2025 21:54:57;FF_MATRIX;Lermanda Riquelme;Ana Margot;;Helios 585 torre A dpto 301 condominio Helios 585 585;Dpto 301;;;LOS ANGELES;VIII REGION;CL;Lermanda Riquelme;Ana Margot;;Helios 585 torre A dpto 301 condominio Helios 585 585;;;;LOS ANGELES;VIII REGION;CL;39990;0;0;0;39990;0;CLP
000000529315;23659670601-A;04/06/2025 21:56:19;Cerrado;7990;990;8980;1438;0.0000;6552;1;BUFANDA CUADRILLÉ GRANDE MOCA NICOPOLY;MPM10002662998-1;N05335LF;04/06/2025 21:56:20;4d_Retiro Tienda Ripley Plaza Egaña;Hidalgo;Alejandro;;"Larrain 5800 ";" 3er Piso. Modulo Retiro en Tienda";;;NUNOA;REG.METROPOLITANA;CL;Hidalgo;Alejandro;;Jose Domingo Cañas 1840;;;;NUNOA;REG.METROPOLITANA;CL;7990;0;990;0;8980;0;CLP
000000529315;23659703501-A;04/06/2025 21:57:26;Cerrado;39990;0;39990;7198;0.0000;32792;1;FULFILLMENT-CHAQUETA CORTA IMPERMEABLE OLIVA NICOPOLY;MPM10002725933-3;N05190MM-FF;04/06/2025 21:57:28;FF_MATRIX;Freire;Paola;;Quillay 483;Casa;;;TALCAHUANO;VIII REGION;CL;Freire;Paola;;Quillay 483;;;;TALCAHUANO;VIII REGION;CL;39990;0;0;0;39990;0;CLP
000000529315;23660229001-A;04/06/2025 22:06:05;Cerrado;11990;0;11990;2158;0.0000;9832;1;POLERA SIN MANGAS LEOPARDO EN COLOR CAFE NICOPOLY;MPM10001856329-3;N05124UM;04/06/2025 22:06:06;5d_Retiro Tienda Ripley El Trébol;Villalobos;"Carmen ";;"Avenida Jorge Alessandri 3177 ";" 3er Piso. Modulo Retiro en Tienda";;;TALCAHUANO;VIII REGION;CL;Villalobos;"Carmen ";;Pasaje Rosita renard 8965;;;;TALCAHUANO;VIII REGION;CL;11990;0;0;0;11990;0;CLP
000000529315;23660427701-A;04/06/2025 22:11:49;Cerrado;35990;990;36980;6478;0.0000;29512;1;BLAZER MUJER NICOPOLY ROJO OSCURO TOPE BOTONES DECORATIVOS;MPM10002122203-3;N05301DL;04/06/2025 22:11:50;10d_Retiro Tienda Ripley Iquique;Craig;Angie Carol;;"Vivar 550 ";" 4to Piso. Servicio al Cliente";;;IQUIQUE;I REGION;CL;Craig;Angie Carol;;Avenida Proyectada 2140;;;;IQUIQUE;I REGION;CL;35990;0;990;0;36980;0;CLP
000000529315;23660628001-A;04/06/2025 22:17:38;Reembolsado;19990;990;20980;3598;0.0000;16392;1;CHAQUETA QUILT TIPO CAMISERA OLIVA NICOPOLY;MPM10001383865-2;N04190MS;04/06/2025 22:17:40;4d_Retiro Tienda Ripley Costanera Center;Rosales;Valeria;;"Avenida Andrés Bello 2422 ";" 1er Piso. Modulo Retiro en Tienda";;;PROVIDENCIA;REG.METROPOLITANA;CL;Rosales;Valeria;;romeo salinas 1529;;;;PROVIDENCIA;REG.METROPOLITANA;CL;19990;0;990;0;20980;0;CLP
000000529315;23660763101-A;04/06/2025 22:19:27;Cerrado;38990;248;39238;7018;0.0000;31972;1;ABRIGO CUADRILLÉ EN COLOR NEGRO NICOPOLY;MPM10002646320-2;N05288BL;04/06/2025 22:19:29;4d_Retiro Tienda Ripley Crillon;De Natale;Vanessa;;"Agustinas #1025 ";Piso -1. Modulo Retiro en Tienda;;;SANTIAGO;REG.METROPOLITANA;CL;De Natale;Vanessa;;mencia de los nidos 1111;;;;SANTIAGO;REG.METROPOLITANA;CL;38990;0;248;0;39238;0;CLP
000000529315;23660763101-A;04/06/2025 22:19:27;Cerrado;38990;248;39238;7018;0.0000;31972;1;ABRIGO CUADRILLÉ EN COLOR NEGRO NICOPOLY;MPM10002646320-3;N05288BM;04/06/2025 22:19:29;4d_Retiro Tienda Ripley Crillon;De Natale;Vanessa;;"Agustinas #1025 ";Piso -1. Modulo Retiro en Tienda;;;SANTIAGO;REG.METROPOLITANA;CL;De Natale;Vanessa;;mencia de los nidos 1111;;;;SANTIAGO;REG.METROPOLITANA;CL;38990;0;248;0;39238;0;CLP
000000529315;23660763101-A;04/06/2025 22:19:27;Cerrado;16990;248;17238;3058;0.0000;13932;1;VESTIDO CORTO MUJER NICOPOLY CELESTE ABERTURAS MANGAS;MPM10001849480-4;N02336KM-5;04/06/2025 22:19:29;4d_Retiro Tienda Ripley Crillon;De Natale;Vanessa;;"Agustinas #1025 ";Piso -1. Modulo Retiro en Tienda;;;SANTIAGO;REG.METROPOLITANA;CL;De Natale;Vanessa;;mencia de los nidos 1111;;;;SANTIAGO;REG.METROPOLITANA;CL;16990;0;248;0;17238;0;CLP
000000529315;23660763101-A;04/06/2025 22:19:27;Cerrado;16990;248;17238;3058;0.0000;13932;1;VESTIDO CORTO MUJER NICOPOLY CELESTE ABERTURAS MANGAS;MPM10001849480-1;N02336KL-5;04/06/2025 22:19:29;4d_Retiro Tienda Ripley Crillon;De Natale;Vanessa;;"Agustinas #1025 ";Piso -1. Modulo Retiro en Tienda;;;SANTIAGO;REG.METROPOLITANA;CL;De Natale;Vanessa;;mencia de los nidos 1111;;;;SANTIAGO;REG.METROPOLITANA;CL;16990;0;248;0;17238;0;CLP
000000529315;23660794401-A;04/06/2025 22:19:46;Cerrado;41990;0;41990;7558;0.0000;34432;1;FULFILLMENT-ABRIGO BOUCLÉ KHAKI NICOPOLY;MPM10002725908-3;N05163LM-FF;04/06/2025 22:19:47;FF_MATRIX_STS;Andrade;Blanca;;"Avenida Andrés Bello 2422 ";" 1er Piso. Modulo Retiro en Tienda";;;PROVIDENCIA;REG.METROPOLITANA;CL;Andrade;Blanca;;El Llano 973;;;;PROVIDENCIA;REG.METROPOLITANA;CL;41990;0;0;0;41990;0;CLP
000000529315;23660885701-A;04/06/2025 22:21:57;Reembolsado;28790;990;29780;5182;0.0000;23608;1;PARKA SIN MANGAS CORDÓN EN COLOR NEGRO NICOPOLY;MPM10001753190-3;N04319BM;04/06/2025 22:21:58;4d_Retiro Tienda Ripley Tobalaba;Espinoza Meza;Juana Luz;;"Av. Camilo Henríquez 3296, Puente Alto ";2do Piso. Modulo Retiro en Tienda;;;PUENTE ALTO;REG.METROPOLITANA;CL;Espinoza Meza;Juana Luz;;Los mineros 1442;;;;PUENTE ALTO;REG.METROPOLITANA;CL;28790;0;990;0;29780;0;CLP
000000529315;23660759901-A;04/06/2025 22:22:15;Cerrado;28990;4990;33980;5218;0.0000;23772;1;BLAZER PIED DE POULE EN COLOR CAFE NICOPOLY;MPM10001713149-4;N05037LM;04/06/2025 22:22:16;Flujo Crossdock- Ripley PAQ;"Castillo ";"Jos ";;36 oriente 9 y media norte 1950;Casa;;;TALCA;VII REGION;CL;"Castillo ";"Jos ";;36 oriente 9 y media norte 1950;;;;TALCA;VII REGION;CL;28990;0;4990;0;33980;0;CLP
000000529315;23660929901-A;04/06/2025 22:22:29;Reembolsado;47990;0;47990;8638;0.0000;39352;1;ABRIGO FORRO TIPO PIEL GRAFITO NICOPOLY;MPM10002661326-1;N05147NXL;04/06/2025 22:22:30;18d_Retiro Tienda Ripley Punta Arenas;Gonzalez;Johanna;;"Avda. E Frei Montalva 01110 Local 194 ";" 2do Piso. Servicio al Cliente";;;PTA.ARENAS;XII REGION;CL;Gonzalez;Johanna;;Pedro sarmiento de gamboa 1501;;;;PTA.ARENAS;XII REGION;CL;47990;0;0;0;47990;0;CLP
000000529315;23661335601-A;04/06/2025 22:32:47;Cerrado;59990;0;59990;10798;0.0000;49192;1;FULFILLMENT-ABRIGO LARGO LAZO UVA NICOPOLY;MPM10002725928-1;N04227ZM-6-FF;04/06/2025 22:32:50;FF_MATRIX;Rauque;Abner;;Antofagasta 748;S/N;;;OSORNO;X REGION;CL;Rauque;Abner;;Antofagasta 748;;;;OSORNO;X REGION;CL;59990;0;0;0;59990;0;CLP
000000529315;23661387201-A;04/06/2025 22:33:49;Cerrado;47990;1845;49835;8638;0.0000;39352;1;ABRIGO TIPO PAÑO 2 BOTONES GRIS NICOPOLY;MPM10002646310-4;N05157NM;04/06/2025 22:33:51;Flujo Crossdock- Ripley PAQ;Cortes;Lucy;;Avda Ignacia Silva 105;S/N;;;ILLAPEL;IV REGION;CL;Cortes;Lucy;;Avda Ignacia Silva 105;;;;ILLAPEL;IV REGION;CL;47990;0;1845;0;49835;0;CLP
000000529315;23661387201-A;04/06/2025 22:33:49;Cerrado;47990;1845;49835;8638;0.0000;39352;1;ABRIGO TIPO PAÑO 2 BOTONES EN COLOR NEGRONICOPOLY;MPM10002646301-4;N05157BM;04/06/2025 22:33:51;Flujo Crossdock- Ripley PAQ;Cortes;Lucy;;Avda Ignacia Silva 105;S/N;;;ILLAPEL;IV REGION;CL;Cortes;Lucy;;Avda Ignacia Silva 105;;;;ILLAPEL;IV REGION;CL;47990;0;1845;0;49835;0;CLP
000000529315;23661430401-A;04/06/2025 22:35:00;Cerrado;28790;990;29780;5182;0.0000;23608;1;PARKA SIN MANGAS CORDÓN EN COLOR NEGRO NICOPOLY;MPM10001753190-4;N04319BXL;04/06/2025 22:35:01;5d_Retiro Tienda Ripley El Trébol;Veloso;"Paola ";;"Avenida Jorge Alessandri 3177 ";" 3er Piso. Modulo Retiro en Tienda";;;TALCAHUANO;VIII REGION;CL;Veloso;"Paola ";;Pintacura 07151;;;;TALCAHUANO;VIII REGION;CL;28790;0;990;0;29780;0;CLP
000000529315;23661702401-A;04/06/2025 22:39:41;Cerrado;38990;990;39980;7018;0.0000;31972;1;ABRIGO CUADRILLÉ EN COLOR NEGRO NICOPOLY;MPM10002646320-2;N05288BL;04/06/2025 22:39:42;8d_Retiro Tienda Ripley Puerto Montt;Diaz;Gladys;;"Urmeneta 595, Puerto Montt ";4to Piso. Servicio al Cliente;;;PTO.MONTT;X REGION;CL;Diaz;Gladys;;pudeto 310;;;;PTO.MONTT;X REGION;CL;38990;0;990;0;39980;0;CLP
000000529315;23661720801-A;04/06/2025 22:40:07;Reembolsado;36990;0;36990;6658;0.0000;30332;1;ENTERITO MUJER NICOPOLY NEGRO CRUZADO 2 BOTONES;MPM10002122126-1;N05308BM;04/06/2025 22:40:08;10d_Retiro Tienda Ripley Pto. Montt Costanera;"Fuenzalida ";"Angelica ";;"Juan Soler Manfredini 10 ";" 6to Piso. Modulo Retiro en Tienda";;;PTO.MONTT;X REGION;CL;"Fuenzalida ";"Lorena ";;Av Vicuña Mackenna Oriente  5957;;;;PTO.MONTT;X REGION;CL;36990;0;0;0;36990;0;CLP
000000529315;23661720801-A;04/06/2025 22:40:07;Cerrado;37990;0;37990;6838;0.0000;31152;1;VESTIDO MUJER NICOPOLY NEGRO CUELLO ALTO;MPM10002128943-2;N05198BM;04/06/2025 22:40:08;10d_Retiro Tienda Ripley Pto. Montt Costanera;"Fuenzalida ";"Angelica ";;"Juan Soler Manfredini 10 ";" 6to Piso. Modulo Retiro en Tienda";;;PTO.MONTT;X REGION;CL;"Fuenzalida ";"Lorena ";;Av Vicuña Mackenna Oriente  5957;;;;PTO.MONTT;X REGION;CL;37990;0;0;0;37990;0;CLP
000000529315;23661856801-A;04/06/2025 22:43:40;Reembolsado;39990;0;39990;7198;0.0000;32792;1;FULFILLMENT-CHAQUETA CORTA IMPERMEABLE OLIVA NICOPOLY;MPM10002725933-3;N05190MM-FF;04/06/2025 22:43:42;FF_MATRIX_STS;Pavez Muoz;"Renatte ";;"Padre Hurtado Sur 875 ";1er Piso. Servicio al Cliente;;;LAS CONDES;REG.METROPOLITANA;CL;Pavez Muoz;"Renatte ";;San juan de luz 4186;;;;LAS CONDES;REG.METROPOLITANA;CL;39990;0;0;0;39990;0;CLP
000000529315;23662058301-A;04/06/2025 22:47:33;Reembolsado;59990;0;59990;10798;0.0000;49192;1;FULFILLMENT-ABRIGO LARGO LAZO UVA NICOPOLY;MPM10002725928-3;N04227ZL-6-FF;04/06/2025 22:47:34;FF_MATRIX;Veliz;Claudia;;Población Guaiquillo Pje Kiwi  807;S/N;;;CURICO;VII REGION;CL;Veliz;Claudia;;Población Guaiquillo Pje Kiwi  807;;;;CURICO;VII REGION;CL;59990;0;0;0;59990;0;CLP
000000529315;23662092502-A;04/06/2025 22:50:25;Reembolsado;17990;0;17990;3238;0.0000;14752;1;CALZA MUJER NICOPOLY SKINNY VICHY CON CIERRE BLANCO NEGRO;MPM10002122148-2;N03033AL-6;04/06/2025 22:50:26;4d_Retiro Tienda Ripley Plaza Vespucio;Rios Riffo;Maria Teresa;;"Av. Vicuña Mackenna Ote. 7110, La Florida ";3er Piso. Modulo Retiro en Tienda;;;LA FLORIDA;REG.METROPOLITANA;CL;Rios Riffo;Maria Teresa;;Gerónimo de Alderete 790;;;;LA FLORIDA;REG.METROPOLITANA;CL;17990;0;0;0;17990;0;CLP
000000529315;23662226201-A;04/06/2025 22:51:14;Cerrado;28790;990;29780;5182;0.0000;23608;1;PARKA SIN MANGAS CORDÓN EN COLOR NEGRO NICOPOLY;MPM10001753190-3;N04319BM;04/06/2025 22:51:15;5d_Retiro Tienda Ripley Chillán;Bustos Ríos;María Paz;;"5 de Abril 699 ";4to Piso. Centro de atención al Cliente;;;CHILLAN;VIII REGION;CL;Bustos Ríos;María Paz;;Pasaje San Matías, San Carlos 1933;;;;CHILLAN;VIII REGION;CL;28790;0;990;0;29780;0;CLP
000000529315;23662288601-A;04/06/2025 22:54:53;Cerrado;39990;0;39990;7198;0.0000;32792;1;FULFILLMENT-CHAQUETA CUELLO MAO NEGRO NICOPOLY;MPM10002725931-2;N02106BS-6-FF;04/06/2025 22:54:54;FF_MATRIX;Abarca;Macarena;;Garcia moreno 887;Casa;;;NUNOA;REG.METROPOLITANA;CL;Abarca;Macarena;;Garcia moreno 887;;;;NUNOA;REG.METROPOLITANA;CL;39990;0;0;0;39990;0;CLP
000000529315;23662478801-A;04/06/2025 22:57:55;Cerrado;37990;0;37990;6838;0.0000;31152;1;FULFILLMENT-TRENCH HEBILLA KHAKI NICOPOLY;MPM10002725907-2;N05051UM-6-FF;04/06/2025 22:57:56;FF_MATRIX;Melivilu;Johanna;;Av República 702;818;;;SANTIAGO;REG.METROPOLITANA;CL;Melivilu;Johanna;;Av República 702;;;;SANTIAGO;REG.METROPOLITANA;CL;37990;0;0;0;37990;0;CLP
000000529315;23662892901-A;04/06/2025 23:05:46;Cerrado;47990;0;47990;8638;0.0000;39352;1;ABRIGO BÁSICO 2 BOTONES EN COLOR NEGRO NICOPOLY;MPM10002646293-2;N05255BS;04/06/2025 23:05:49;4d_Retiro Tienda Ripley Parque Arauco;Arias;Valentina;;"Avenida Kennedy 5413 ";4to Piso. Modulo Retiro en Tienda;;;LAS CONDES;REG.METROPOLITANA;CL;Arias;Valentina;;Federico Froebel 1840;;;;LAS CONDES;REG.METROPOLITANA;CL;47990;0;0;0;47990;0;CLP
000000529315;23662799101-A;04/06/2025 23:05:51;Cerrado;22990;990;23980;4138;0.0000;18852;1;PARKA CORTA QUILT CON GORRO EN COLOR NEGRO NICOPOLY;MPM10001383868-4;N04221BM;04/06/2025 23:05:52;6d_Retiro Tienda Ripley Nueva Valdivia;Vega;Sonia;;"Arauco 561 ";" 3er Piso. Servicio al Cliente";;;VALDIVIA;XIV REGION;CL;Vega;Sonia;;Enrique Werkmeister 1044;;;;VALDIVIA;XIV REGION;CL;22990;0;990;0;23980;0;CLP
000000529315;23663087901-A;04/06/2025 23:11:24;Reembolsado;47990;0;47990;8638;0.0000;39352;1;ABRIGO FORRO TIPO PIEL GRAFITO NICOPOLY;MPM10002661326-3;N05147NL;04/06/2025 23:11:25;4d_Retiro Tienda Ripley Florida Center;Quezada;Carla;;"Vicuña Mackenna Oriente 6100, La Florida ";3er Piso. Modulo Retiro en Tienda;;;LA FLORIDA;REG.METROPOLITANA;CL;Quezada;Carla;;Juan Griego 5259;;;;LA FLORIDA;REG.METROPOLITANA;CL;47990;0;0;0;47990;0;CLP
000000529315;23663252201-A;04/06/2025 23:14:44;Cerrado;47990;0;47990;8638;0.0000;39352;1;TRENCH TIPO GAMUZA EN COLOR NEGRO NICOPOLY;MPM10002635824-2;N05001BM-6;04/06/2025 23:14:45;10d_Retiro Tienda Ripley La Serena;Tapia;"Marco ";;"Gregorio Cordovez 499 ";" 3er Piso. Modulo Retiro en Tienda";;;LA SERENA;IV REGION;CL;Cortes;Katherine Fanny;;Villa el romero Los montes  1723;;;;LA SERENA;IV REGION;CL;47990;0;0;0;47990;0;CLP
000000529315;23663361801-A;04/06/2025 23:16:55;Reembolsado;41990;0;41990;7558;0.0000;34432;1;FULFILLMENT-ABRIGO BOUCLÉ NEGRO NICOPOLY;MPM10002725922-1;N05163BL-FF;04/06/2025 23:16:59;FF_MATRIX;Rojas;Claudia;;Salomon sack 998 319;S/N;;;CERRILLOS;REG.METROPOLITANA;CL;Rojas;Claudia;;Salomon sack 998 319;;;;CERRILLOS;REG.METROPOLITANA;CL;41990;0;0;0;41990;0;CLP
000000529315;23663600501-A;04/06/2025 23:24:14;Reembolsado;37990;0;37990;6838;0.0000;31152;1;FULFILLMENT-TRENCH HEBILLA KHAKI NICOPOLY;MPM10002725907-2;N05051UM-6-FF;04/06/2025 23:24:15;FF_MATRIX;Carrasco;Carolina;;Málaga 33;202;;;LAS CONDES;REG.METROPOLITANA;CL;Carrasco;Carolina;;Málaga 33;;;;LAS CONDES;REG.METROPOLITANA;CL;37990;0;0;0;37990;0;CLP
000000529315;23664967701-A;04/06/2025 23:50:42;Cerrado;63990;0;63990;11518;0.0000;52472;1;FULFILLMENT-ABRIGO 4 BOTONES NEGRO NICOPOLY;MPM10002725909-3;N05155BL-FF;04/06/2025 23:50:43;FF_MATRIX;Vilche;"Javier ";;Villa Ayelen Avenida Manuel Montt 2;S/N;;;MOSTAZAL;VI REGION;CL;Vilche;"Javier ";;Villa Ayelen Avenida Manuel Montt 2;;;;MOSTAZAL;VI REGION;CL;63990;0;0;0;63990;0;CLP
000000529315;23665111501-A;04/06/2025 23:53:32;Cerrado;22990;990;23980;4138;0.0000;18852;1;CHAQUETA MITAD CHIPORRO/PARKA EN COLOR BLANCO INVIERNO NICOPOLY;MPM10001383894-2;N04152AM;04/06/2025 23:53:33;4d_Retiro Tienda Ripley Puente;pizarro;"fernanda ";;"21 de Mayo 698 ";4to Piso. Modulo Retiro en Tienda;;;SANTIAGO;REG.METROPOLITANA;CL;Aldana;Jeannette;;cacique colin 360;;;;SANTIAGO;REG.METROPOLITANA;CL;22990;0;990;0;23980;0;CLP
000000529315;23665148801-A;04/06/2025 23:54:28;Cerrado;19990;990;20980;3598;0.0000;16392;1;CHAQUETA QUILT TIPO CAMISERA MARRÓN NICOPOLY;MPM10001384249-4;N04190UXL;04/06/2025 23:54:29;5d_Retiro Tienda Ripley Viña del Mar Sucre;Chamorro;Gisselle;;"Sucre 290, Viña ";5to Piso. Modulo Retiro en Tienda;;;VI.A DEL MA;V REGION;CL;Chamorro;Gisselle;;san martin 605;;;;VI.A DEL MA;V REGION;CL;19990;0;990;0;20980;0;CLP
000000529315;23665736903-A;05/06/2025 00:07:11;Reembolsado;39990;0;39990;7198;0.0000;32792;1;FULFILLMENT-CHAQUETA LARGA IMPERMEABLE NEGRO NICOPOLY;MPM10002725924-3;N05191BS-FF;05/06/2025 00:07:13;FF_MATRIX;Almagia;Carolain;;Mapocho 4643;309;;;QTA. NORMAL;REG.METROPOLITANA;CL;Almagia;Carolain;;Mapocho 4643;;;;QTA. NORMAL;REG.METROPOLITANA;CL;39990;0;0;0;39990;0;CLP
000000529315;23665817701-A;05/06/2025 00:07:30;Cerrado;13990;0;13990;2518;0.0000;11472;1;VESTIDO MUJER NICOPOLY ROJO DE PUNTO TRENZADO;MPM10001465221-1;N04188DL;05/06/2025 00:07:31;4d_Retiro Tienda Ripley Arauco Maipu;Osses;Daniela;;"Av. Americo Vespucio 399 ";" 2do Piso. Modulo Retiro en Tienda";;;MAIPU;REG.METROPOLITANA;CL;Osses;Daniela;;TITAN 4900;;;;MAIPU;REG.METROPOLITANA;CL;13990;0;0;0;13990;0;CLP
000000529315;23665850601-A;05/06/2025 00:08:36;Cerrado;28790;990;29780;5182;0.0000;23608;1;PARKA SIN MANGAS CORDÓN EN COLOR NEGRO NICOPOLY;MPM10001753190-3;N04319BM;05/06/2025 00:08:37;5d_Retiro Tienda Ripley El Trébol;"Aravena ";"Sebastián ";;"Avenida Jorge Alessandri 3177 ";" 3er Piso. Modulo Retiro en Tienda";;;TALCAHUANO;VIII REGION;CL;Balderrama;Romina;;El Cañaveral Población los Tilos 1004;;;;TALCAHUANO;VIII REGION;CL;28790;0;990;0;29780;0;CLP
000000529315;23665787001-A;05/06/2025 00:09:42;Cerrado;59990;0;59990;10798;0.0000;49192;1;FULFILLMENT-ABRIGO LARGO LAZO CELESTE NICOPOLY;MPM10002725934-4;N04227KS-6-FF;05/06/2025 00:09:43;FF_MATRIX;Viera;Nathaly;;Cueto 934 santiago 934;Casa;;;SANTIAGO;REG.METROPOLITANA;CL;Viera;Nathaly;;Cueto 934 santiago 934;;;;SANTIAGO;REG.METROPOLITANA;CL;59990;0;0;0;59990;0;CLP
000000529315;23667199501-A;05/06/2025 02:02:12;Cerrado;11990;990;12980;2158;0.0000;9832;1;BLUSA ASIMÉTRICA EN COLOR NEGRO NICOPOLY;MPM10001919213-1;N05096BM;05/06/2025 02:02:13;10d_Retiro Tienda Ripley La Serena;"La Fuente ";Tayra;;"Gregorio Cordovez 499 ";" 3er Piso. Modulo Retiro en Tienda";;;LA SERENA;IV REGION;CL;"La Fuente ";Tayra;;Coló coló  4119;;;;LA SERENA;IV REGION;CL;11990;0;990;0;12980;0;CLP
000000529315;23667264701-A;05/06/2025 02:25:32;Cerrado;39990;990;40980;7198;0.0000;32792;1;BLAZER MUJER NICOPOLY MORADO CUELLO MAO;MPM10002160537-4;N00156ZM-6;05/06/2025 02:25:33;5d_Retiro Tienda Ripley Curicó;Avendao;Isabel;;"Av.OHiggins 201 ";" 2do Piso. Servicio al Cliente";;;CURICO;VII REGION;CL;Avendao;Isabel;;Ventisqueros 2214;;;;CURICO;VII REGION;CL;39990;0;990;0;40980;0;CLP
000000529315;23667356902-A;05/06/2025 03:35:47;Reembolsado;47990;0;47990;8638;0.0000;39352;1;ABRIGO TIPO PAÑO 2 BOTONES EN COLOR NEGRONICOPOLY;MPM10002646301-3;N05157BS;05/06/2025 03:35:50;8d_Retiro Tienda Ripley Copiapo;Vilches;"Annarela ";;"Calle Maipu S/N, Copiapo ";" 2do Piso. Servicio al Cliente";;;COPIAPO;III REGION;CL;Vilches;"Annarela ";;Julian de la sierra 4366;;;;COPIAPO;III REGION;CL;47990;0;0;0;47990;0;CLP
000000529315;23667480401-A;05/06/2025 06:47:55;Cerrado;28790;990;29780;5182;0.0000;23608;1;PARKA SIN MANGAS CORDÓN EN COLOR NEGRO NICOPOLY;MPM10001753190-2;N04319BS;05/06/2025 06:47:57;5d_Retiro Tienda Ripley Curicó;Toro;Luisa;;"Av.OHiggins 201 ";" 2do Piso. Servicio al Cliente";;;CURICO;VII REGION;CL;Toro;Luisa;;15 norte B 1873;;;;CURICO;VII REGION;CL;28790;0;990;0;29780;0;CLP
000000529315;23667746401-A;05/06/2025 08:32:37;Cerrado;47990;0;47990;8638;0.0000;39352;1;FULFILLMENT-ABRIGO INTERIOR CORDERITO CAFÉ NICOPOLY;MPM10002808198-3;N05196UL-FF;05/06/2025 08:32:39;FF_MATRIX_STS;Flores;Nadia;;"Vivar 550 ";" 4to Piso. Servicio al Cliente";;;IQUIQUE;I REGION;CL;Flores;Nadia;;Zegers 910 121;;;;IQUIQUE;I REGION;CL;47990;0;0;0;47990;0;CLP
000000529315;23668546501-A;05/06/2025 11:17:50;Cerrado;29990;990;30980;5398;0.0000;24592;1;PARKA LARGA QUILT CINTURA AJUSTABLE EN COLOR NEGRO NICOPOLY;MPM10001383873-2;N04222BXL;05/06/2025 11:17:51;5d_Retiro Tienda Ripley Talca;VÁSQUEZ LOBOS;HERMAN;;"8 Oriente 1212 ";" 2do Piso. Modulo Retiro en Tienda";;;TALCA;VII REGION;CL;Macaya;Gladys Jeannette;;VICTORIA 1856;;;;TALCA;VII REGION;CL;29990;0;990;0;30980;0;CLP
000000529315;23668567701-A;05/06/2025 11:19:03;Cerrado;34990;0;34990;6298;0.0000;28692;1;PARKA SIN MANGAS CORDÓN EN COLOR NEGRO NICOPOLY;MPM10001753190-3;N04319BM;05/06/2025 11:19:04;10d_Retiro Tienda Ripley Antofagasta;Saldias;Katerine;;"Arturo Prat 530 ";" 4to Piso. Servicio al Cliente";;;ANTOFAGASTA;II REGION;CL;Saldias;Katerine;;Antilhue  01302;;;;ANTOFAGASTA;II REGION;CL;34990;0;0;0;34990;0;CLP
000000529315;23668929501-A;05/06/2025 12:28:27;Reembolsado;36990;495;37485;6658;0.0000;30332;1;TRENCH LAZO HEBILLA EN COLOR NEGRO NICOPOLY;MPM10002635819-1;N05182BL;05/06/2025 12:28:28;5d_Retiro Tienda Ripley Los Andes;Guzmán;Viviana;;"Santa Teresita 683 ";2do Piso. Servicio al Cliente;;;LOS ANDES;V REGION;CL;Guzmán;Viviana;;Las Heras 358;;;;LOS ANDES;V REGION;CL;36990;0;495;0;37485;0;CLP
000000529315;23669797101-A;05/06/2025 15:42:34;Cerrado;44990;0;44990;8098;0.0000;36892;1;ABRIGO CUADRILLÉ EN COLOR NEGRO NICOPOLY;MPM10002646320-2;N05288BL;05/06/2025 15:42:35;5d_Retiro Tienda Ripley Chillán;Muñoz;Sussy;;"5 de Abril 699 ";4to Piso. Centro de atención al Cliente;;;CHILLAN;VIII REGION;CL;Poblete;Samuel;;Camino a cato, tres esquinas 45;;;;CHILLAN;VIII REGION;CL;44990;0;0;0;44990;0;CLP
000000529315;23670542701-A;05/06/2025 18:52:38;Reembolsado;39990;980;40970;7198;0.0000;32792;1;CHAQUETA BOUCLÉ EN COLOR NEGRO NICOPOLY;MPM10002646312-1;N05183BS;05/06/2025 18:52:39;Flujo Same day BX;Cantillana;Valentina;;Paimun Poniente 2830;S/N;;;PUENTE ALTO;REG.METROPOLITANA;CL;Cantillana;Valentina;;Paimun Poniente 2830;;;;PUENTE ALTO;REG.METROPOLITANA;CL;39990;0;980;0;40970;0;CLP
000000529315;23670696401-A;05/06/2025 19:33:20;Cerrado;18990;990;19980;3418;0.0000;15572;1;BLUSA BÁSICA BOTONERA INVISIBLE EN COLOR NEGRO NICOPOLY;MPM10001713154-3;N00089BS-5;05/06/2025 19:33:21;5d_Retiro Tienda Ripley Curicó;"Palma ";"Francisca ";;"Av.OHiggins 201 ";" 2do Piso. Servicio al Cliente";;;CURICO;VII REGION;CL;"Palma ";"Francisca ";;Rector Benedicto Labarca Calvo  998;;;;CURICO;VII REGION;CL;18990;0;990;0;19980;0;CLP
000000529315;23671304201-A;05/06/2025 21:47:48;Cerrado;29990;990;30980;5398;0.0000;24592;1;ABRIGO OVERSIZE PIED DE POULE EN COLOR ROJO NICOPOLY;MPM10001383884-1;N04219DL;05/06/2025 21:47:49;4d_Retiro Tienda Ripley Puente;Contreras;Daniela;;"21 de Mayo 698 ";4to Piso. Modulo Retiro en Tienda;;;SANTIAGO;REG.METROPOLITANA;CL;Contreras;Daniela;;Humorista Carlos Helo 644;;;;SANTIAGO;REG.METROPOLITANA;CL;29990;0;990;0;30980;0;CLP
000000529315;23672233201-A;06/06/2025 07:10:08;Cerrado;26990;990;27980;4858;0.0000;22132;1;SOBRECAMISA ALGODÓN MUJER NICOPOLY VERDE OSCURO COTELÉ;MPM10002160504-1;N05201EM;06/06/2025 07:10:10;5d_Retiro Tienda Ripley Mall Concepción;Vergara;Jasna;;"Barros Arana 1068, Concepcion ";" 3er Piso. Modulo Retiro en Tienda";;;CONCEPCION;VIII REGION;CL;Vergara;Jasna;;Alessandro Volta 2381;;;;CONCEPCION;VIII REGION;CL;26990;0;990;0;27980;0;CLP
000000529315;23672447201-A;06/06/2025 09:43:58;Cerrado;23990;990;24980;4318;0.0000;19672;1;LEGGINS MUJER NICOPOLY BURDEO LEGGING ECOCUERO CIERRE LATERAL;MPM00089316487-3;N03081TM;06/06/2025 09:43:59;5d_Retiro Tienda Ripley El Trébol;Carrasco;Veronica;;"Avenida Jorge Alessandri 3177 ";" 3er Piso. Modulo Retiro en Tienda";;;TALCAHUANO;VIII REGION;CL;Carrasco;Veronica;;Parque Antofagasta 283;;;;TALCAHUANO;VIII REGION;CL;23990;0;990;0;24980;0;CLP
000000529315;23673176002-A;06/06/2025 14:03:40;Reembolsado;34990;0;34990;6298;0.0000;28692;1;PARKA SIN MANGAS CORDÓN EN COLOR NEGRO NICOPOLY;MPM10001753190-4;N04319BXL;06/06/2025 14:03:41;Flujo Same day BX;Mendez Pincheira;Alicia Del Carmen;;Julio Prado 1885;casa;;;NUNOA;REG.METROPOLITANA;CL;Mendez Pincheira;Alicia Del Carmen;;Julio Prado 1885;;;;NUNOA;REG.METROPOLITANA;CL;34990;0;0;0;34990;0;CLP
000000529315;23673500001-A;06/06/2025 16:08:25;Cerrado;30990;0;30990;5578;0.0000;25412;1;CHAQUETA LEÑADORA BEIGE NICOPOLY;MPM00040988712-2;N02150AS;06/06/2025 16:08:26;10d_Retiro Tienda Ripley Portal Temuco;Trecaman;Oscar;;"Avenida Alemania 0671 ";3er Piso, Modulo Retiro en Tienda;;;TEMUCO;IX REGION;CL;Trecaman;Rayen;;Rume 933;;;;TEMUCO;IX REGION;CL;30990;0;0;0;30990;0;CLP
000000529315;23674067601-A;06/06/2025 19:51:37;Reembolsado;26990;495;27485;4858;0.0000;22132;1;SOBRECAMISA ALGODÓN MUJER NICOPOLY VERDE OSCURO COTELÉ;MPM10002160504-1;N05201EM;06/06/2025 19:51:38;4d_Retiro Tienda Ripley Costanera Center;Orellana Araya;Tabata;;"Avenida Andrés Bello 2422 ";" 1er Piso. Modulo Retiro en Tienda";;;PROVIDENCIA;REG.METROPOLITANA;CL;Orellana Araya;Tabata;;Dardignac 28;;;;PROVIDENCIA;REG.METROPOLITANA;CL;26990;0;495;0;27485;0;CLP
000000529315;23674067601-A;06/06/2025 19:51:37;Reembolsado;26990;495;27485;4858;0.0000;22132;1;SOBRECAMISA ALGODÓN MUJER NICOPOLY CAFÉ COTELÉ;MPM10002160474-2;N05201UM;06/06/2025 19:51:38;4d_Retiro Tienda Ripley Costanera Center;Orellana Araya;Tabata;;"Avenida Andrés Bello 2422 ";" 1er Piso. Modulo Retiro en Tienda";;;PROVIDENCIA;REG.METROPOLITANA;CL;Orellana Araya;Tabata;;Dardignac 28;;;;PROVIDENCIA;REG.METROPOLITANA;CL;26990;0;495;0;27485;0;CLP
000000529315;23674297001-A;06/06/2025 21:13:17;Cerrado;20990;990;21980;3778;0.0000;17212;1;SWEATER MANGA MUERCIÉLAGO EN COLOR NEGRO NICOPOLY;MPM10002661611-1;N05297BF;06/06/2025 21:13:20;10d_Retiro Tienda Ripley Portal Temuco;Altamirano;Stefanie;;"Avenida Alemania 0671 ";3er Piso, Modulo Retiro en Tienda;;;TEMUCO;IX REGION;CL;Altamirano;Stefanie;;Calle los periodistas, fundo el Carmen 0173;;;;TEMUCO;IX REGION;CL;20990;0;990;0;21980;0;CLP
000000529315;23674597201-A;06/06/2025 22:48:52;Reembolsado;41990;0;41990;7558;0.0000;34432;1;FULFILLMENT-ABRIGO BOUCLÉ NEGRO NICOPOLY;MPM10002725922-4;N05163BS-FF;06/06/2025 22:48:54;FF_MATRIX_STS;Alvarado;Belen;;"Valdivia 440, Los Angeles ";" 3er Piso. Servicio al Cliente";;;LOS ANGELES;VIII REGION;CL;Alvarado;Belen;;Primer Agua 162;;;;LOS ANGELES;VIII REGION;CL;41990;0;0;0;41990;0;CLP
000000529315;23674597202-A;06/06/2025 22:48:52;Reembolsado;35990;0;35990;6478;0.0000;29512;1;BLAZER COTELÉ EN COLOR CAFE NICOPOLY;MPM10002661346-1;N05302US;06/06/2025 22:48:53;5d_Retiro Tienda Ripley Los Ángeles;Alvarado;Belen;;"Valdivia 440, Los Angeles ";" 3er Piso. Servicio al Cliente";;;LOS ANGELES;VIII REGION;CL;Alvarado;Belen;;Primer Agua 162;;;;LOS ANGELES;VIII REGION;CL;35990;0;0;0;35990;0;CLP
000000529315;23674903001-A;07/06/2025 01:19:34;Cerrado;29990;0;29990;5398;0.0000;24592;1;ABRIGO OVERSIZE PIED DE POULE EN COLOR ROJO NICOPOLY;MPM10001383884-3;N04219DS;07/06/2025 01:19:36;5d_Retiro Tienda Ripley Marina Arauco;Muoz;"Paz ";;"Avenida Libertad 1348 ";" Piso 4. Modulo Retiro en Tienda";;;VI.A DEL MA;V REGION;CL;Muoz;"Paz ";;Avenida el Rincon 960 30;;;;VI.A DEL MA;V REGION;CL;29990;0;0;0;29990;0;CLP
000000529315;23675233201-A;07/06/2025 10:26:24;Reembolsado;41990;0;41990;7558;0.0000;34432;1;FULFILLMENT-ABRIGO BOUCLÉ NEGRO NICOPOLY;MPM10002725922-4;N05163BS-FF;07/06/2025 10:26:25;FF_MATRIX;Saldivar Brant;Paola Paz;;Los chañares 1156;S/N;;;COQUIMBO;IV REGION;CL;Saldivar Brant;Paola Paz;;Los chañares 1156;;;;COQUIMBO;IV REGION;CL;41990;0;0;0;41990;0;CLP
000000529315;23675284801-A;07/06/2025 10:50:38;Reembolsado;22990;990;23980;4138;0.0000;18852;1;CHAQUETA MITAD CHIPORRO/PARKA EN COLOR BLANCO INVIERNO NICOPOLY;MPM10001383894-3;N04152AL;07/06/2025 10:50:39;4d_Retiro Tienda Ripley Plaza Vespucio;Apablaza Foncea;Ana Maria;;"Av. Vicuña Mackenna Ote. 7110, La Florida ";3er Piso. Modulo Retiro en Tienda;;;LA FLORIDA;REG.METROPOLITANA;CL;Apablaza Foncea;Ana Maria;;Chacay 8908;;;;LA FLORIDA;REG.METROPOLITANA;CL;22990;0;990;0;23980;0;CLP
000000529315;23675758901-A;07/06/2025 14:11:40;Reembolsado;29990;990;30980;5398;0.0000;24592;1;PARKA SIN MANGAS IMÁN CUELLO EN COLOR ROJO NICOPOLY;MPM10001383854-4;N04187DL;07/06/2025 14:11:41;4d_Retiro Tienda Ripley Plaza Egaña;Cortes;Pablo;;"Larrain 5800 ";" 3er Piso. Modulo Retiro en Tienda";;;NUNOA;REG.METROPOLITANA;CL;Santibaez;Paulina;;arturo gonzalvez 3302;;;;NUNOA;REG.METROPOLITANA;CL;29990;0;990;0;30980;0;CLP
000000529315;23675863401-A;07/06/2025 14:57:40;Cerrado;20990;990;21980;3778;0.0000;17212;1;CALZA MUJER NICOPOLY NEGRO CIERRES DECORATIVOS;MPM10001710252-1;N05049BS;07/06/2025 14:57:41;10d_Retiro Tienda Ripley Portal Temuco;Naser;Vannia;;"Avenida Alemania 0671 ";3er Piso, Modulo Retiro en Tienda;;;TEMUCO;IX REGION;CL;Naser;Vannia;;Calle Barros Arana 03705;;;;TEMUCO;IX REGION;CL;20990;0;990;0;21980;0;CLP
000000529315;23676553501-A;07/06/2025 19:08:07;Cerrado;13990;990;14980;2518;0.0000;11472;1;MINIFALDA MUJER NICOPOLY NEGRO TAJO;MPM10001713190-1;N05005BM;07/06/2025 19:08:08;4d_Retiro Tienda Ripley Costanera Center;Mayor;Giselle;;"Avenida Andrés Bello 2422 ";" 1er Piso. Modulo Retiro en Tienda";;;PROVIDENCIA;REG.METROPOLITANA;CL;Mayor;Giselle;;fidias  9227;;;;PROVIDENCIA;REG.METROPOLITANA;CL;13990;0;990;0;14980;0;CLP
000000529315;23676972102-A;07/06/2025 21:23:30;Cerrado;7990;0;7990;1438;0.0000;6552;1;BUFANDA CUADRILLÉ GRANDE MOCA NICOPOLY;MPM10002662998-1;N05335LF;07/06/2025 21:23:33;4d_Retiro Tienda Ripley Plaza Oeste;Nakamura Risco;Ana;;"Américo Vespucio 1501 ";" 3er Piso. Modulo Retiro en Tienda";;;CERRILLOS;REG.METROPOLITANA;CL;Nakamura Risco;Ana;;San francisco 9362;;;;CERRILLOS;REG.METROPOLITANA;CL;7990;0;0;0;7990;0;CLP
000000529315;23676990901-A;07/06/2025 21:29:47;Cerrado;48990;3990;52980;8818;0.0000;40172;1;VESTIDO LARGO FIESTA BURDEO NICOPOLY;MPM10002627258-3;N05305TL;07/06/2025 21:29:49;Flujo Same day BX;Aviles;Belen;;Pasaje Liberia 2935;S/N;;;MAIPU;REG.METROPOLITANA;CL;Aviles;Belen;;Pasaje Liberia 2935;;;;MAIPU;REG.METROPOLITANA;CL;48990;0;3990;0;52980;0;CLP
000000529315;23677198601-A;07/06/2025 22:36:46;Cerrado;25990;990;26980;4678;0.0000;21312;1;CHAQUETA CUELLO CAMISERO ECOCUERO EN COLOR CAFE NICOPOLY;MPM10001383853-3;N04228UXL;07/06/2025 22:36:47;10d_Retiro Tienda Ripley La Serena;"Daz ";"Mara ";;"Gregorio Cordovez 499 ";" 3er Piso. Modulo Retiro en Tienda";;;LA SERENA;IV REGION;CL;"Daz ";"Mara ";;Colombia 2299;;;;LA SERENA;IV REGION;CL;25990;0;990;0;26980;0;CLP
000000529315;23677716401-A;08/06/2025 09:11:02;Cerrado;30990;990;31980;5578;0.0000;25412;1;CHAQUETA LEÑADORA BEIGE NICOPOLY;MPM00040988712-1;N02150AL;08/06/2025 09:11:04;5d_Retiro Tienda Ripley Valparaíso;Rojas;Paola;;"Plaza Victoria 1646 ";" 4to Piso. Servicio al Cliente";;;VALPARAISO;V REGION;CL;Rojas;Paola;;Ibsen 568;;;;VALPARAISO;V REGION;CL;30990;0;990;0;31980;0;CLP
000000529315;23677832101-A;08/06/2025 10:28:49;Cerrado;8790;0;8790;1582;0.0000;7208;1;POLERA CUELLO REDONDO EN COLOR CAFE NICOPOLY;MPM10002661383-2;N05330OM;08/06/2025 10:28:51;14d_Retiro Tienda Ripley Arica;Muoz;Marcela;;"Av. Diego Portales 640, Arica ";2do Piso. Modulo Retiro en Tienda;;;ARICA;XV REGION;CL;Muoz;Marcela;;Ginebra 3910;;;;ARICA;XV REGION;CL;8790;0;0;0;8790;0;CLP
000000529315;23677832101-A;08/06/2025 10:28:49;Cerrado;13990;0;13990;2518;0.0000;11472;1;VESTIDO MUJER NICOPOLY NEGRO DE PUNTO TRENZADO;MPM10001465223-2;N04188BL;08/06/2025 10:28:51;14d_Retiro Tienda Ripley Arica;Muoz;Marcela;;"Av. Diego Portales 640, Arica ";2do Piso. Modulo Retiro en Tienda;;;ARICA;XV REGION;CL;Muoz;Marcela;;Ginebra 3910;;;;ARICA;XV REGION;CL;13990;0;0;0;13990;0;CLP
000000529315;23678013301-A;08/06/2025 11:54:55;Cerrado;31990;990;32980;5758;0.0000;26232;1;CHAQUETA PUFFER COTELÉ EN COLOR BLANCO INVIERNO NICOPOLY;MPM10002661334-2;N05154AS;08/06/2025 11:54:56;4d_Retiro Tienda Ripley San Bernardo;"Riveros ";"Scarlette ";;"Av. Pdte. Jorge Alessandri Rodríguez 20040, San Bernardo ";2do Piso. Modulo Retiro en Tienda;;;SN.BERNARDO;REG.METROPOLITANA;CL;Riveros;Araceli;;Dario Soto torre 2  879;;;;SN.BERNARDO;REG.METROPOLITANA;CL;31990;0;990;0;32980;0;CLP
000000529315;23678050301-A;08/06/2025 12:13:24;Cerrado;37990;0;37990;6838;0.0000;31152;1;FULFILLMENT-TRENCH HEBILLA OLIVA NICOPOLY;MPM10002725904-2;N05051ML-6-FF;08/06/2025 12:13:25;FF_MATRIX_STS;Arias;Paola;;"Valdivia 440, Los Angeles ";" 3er Piso. Servicio al Cliente";;;LOS ANGELES;VIII REGION;CL;Arias;Paola;;Corinto 1415;;;;LOS ANGELES;VIII REGION;CL;37990;0;0;0;37990;0;CLP
000000529315;23678273801-A;08/06/2025 13:52:24;Reembolsado;47990;990;48980;8638;0.0000;39352;1;TRENCH TIPO GAMUZA EN COLOR CAFE NICOPOLY;MPM10002635821-2;N05001OM-6;08/06/2025 13:52:26;5d_Retiro Tienda Ripley Quilpué;"Marilef ";"Gladys ";;"Claudio Vicuña 992, Quilpue ";" 3er Piso. Modulo Retiro en Tienda";;;QUILPUE;V REGION;CL;"Zenteno ";Maritza;;Las barrancas  2771;;;;QUILPUE;V REGION;CL;47990;0;990;0;48980;0;CLP
000000529315;23678322301-A;08/06/2025 14:07:41;Reembolsado;44990;0;44990;8098;0.0000;36892;1;ABRIGO CUADRILLÉ EN COLOR NEGRO NICOPOLY;MPM10002646320-1;N05288BS;08/06/2025 14:07:42;10d_Retiro Tienda Ripley Antofagasta;Vigorena;Ximena;;"Arturo Prat 530 ";" 4to Piso. Servicio al Cliente";;;ANTOFAGASTA;II REGION;CL;Vigorena;Ximena;;El yodo 8265;;;;ANTOFAGASTA;II REGION;CL;44990;0;0;0;44990;0;CLP
000000529315;23678322301-A;08/06/2025 14:07:41;Reembolsado;42990;0;42990;7738;0.0000;35252;1;BLAZER CRUZADO ECOCUERO EN COLOR NEGRO NICOPOLY;MPM10001849471-2;N05105BS;08/06/2025 14:07:42;10d_Retiro Tienda Ripley Antofagasta;Vigorena;Ximena;;"Arturo Prat 530 ";" 4to Piso. Servicio al Cliente";;;ANTOFAGASTA;II REGION;CL;Vigorena;Ximena;;El yodo 8265;;;;ANTOFAGASTA;II REGION;CL;42990;0;0;0;42990;0;CLP
000000529315;23678392201-A;08/06/2025 14:38:37;Cerrado;13990;990;14980;2518;0.0000;11472;1;VESTIDO MUJER NICOPOLY ROJO DE PUNTO TRENZADO;MPM10001465221-1;N04188DL;08/06/2025 14:38:38;10d_Retiro Tienda Ripley Antofagasta;VALDEBENITO;MIRTHA;;"Arturo Prat 530 ";" 4to Piso. Servicio al Cliente";;;ANTOFAGASTA;II REGION;CL;VALDEBENITO;MIRTHA;;OFICINA PEDRO DE VALDIVIA 196;;;;ANTOFAGASTA;II REGION;CL;13990;0;990;0;14980;0;CLP
000000529315;23678439901-A;08/06/2025 14:54:21;Cerrado;41990;0;41990;7558;0.0000;34432;1;FULFILLMENT-ABRIGO BOUCLÉ GRAFITO NICOPOLY;MPM10002725920-2;N05163NM-FF;08/06/2025 14:54:23;FF_MATRIX_STS;"Pizarro ";"Lucila ";;"Gregorio Cordovez 499 ";" 3er Piso. Modulo Retiro en Tienda";;;LA SERENA;IV REGION;CL;"Pizarro ";"Lucila ";;Tocopilla  750;;;;LA SERENA;IV REGION;CL;41990;0;0;0;41990;0;CLP
000000529315;23678690901-A;08/06/2025 16:28:03;Cerrado;14990;0;14990;2698;0.0000;12292;1;BODY ESCOTE ENCAJE EN COLOR ROJO NICOPOLY;MPM10001878084-2;N02151DM-5;08/06/2025 16:28:04;5d_Retiro Tienda Ripley El Trébol;Muoz;Vanessa;;"Avenida Jorge Alessandri 3177 ";" 3er Piso. Modulo Retiro en Tienda";;;TALCAHUANO;VIII REGION;CL;Muoz;Vanessa;;Escocia 69;;;;TALCAHUANO;VIII REGION;CL;14990;0;0;0;14990;0;CLP
000000529315;23678962501-A;08/06/2025 17:59:04;Cerrado;37990;990;38980;6838;0.0000;31152;1;VESTIDO LARGO CUELLO MOCK AZUL NICOPOLY;MPM10002627274-1;N05311PM;08/06/2025 17:59:05;6d_Retiro Tienda Ripley Nueva Valdivia;Andia;Priscila;;"Arauco 561 ";" 3er Piso. Servicio al Cliente";;;VALDIVIA;XIV REGION;CL;Andia;Priscila;;Manuel montt 1125;;;;VALDIVIA;XIV REGION;CL;37990;0;990;0;38980;0;CLP
000000529315;23679108002-A;08/06/2025 18:47:15;Cerrado;47990;3990;51980;8638;0.0000;39352;1;TRENCH TIPO GAMUZA EN COLOR NEGRO NICOPOLY;MPM10002635824-3;N05001BS-6;08/06/2025 18:47:17;Flujo Same day BX;Contreras;Jalima;;Escandinavia 372;1207;;;LAS CONDES;REG.METROPOLITANA;CL;Contreras;Jalima;;Escandinavia 372;;;;LAS CONDES;REG.METROPOLITANA;CL;47990;0;3990;0;51980;0;CLP
000000529315;23679397001-A;08/06/2025 20:14:01;Cerrado;29990;990;30980;5398;0.0000;24592;1;ABRIGO OVERSIZE PIED DE POULE EN COLOR ROJO NICOPOLY;MPM10001383884-2;N04219DM;08/06/2025 20:14:02;14d_Retiro Tienda Ripley Arica;Yampara;"Danissa ";;"Av. Diego Portales 640, Arica ";2do Piso. Modulo Retiro en Tienda;;;ARICA;XV REGION;CL;Gregorio Caceres;"Berta ";;Rosario aguirre  4049;;;;ARICA;XV REGION;CL;29990;0;990;0;30980;0;CLP
000000529315;23679637501-A;08/06/2025 21:16:28;Reembolsado;19990;990;20980;3598;0.0000;16392;1;CÁRDIGAN MULTICOLOR FLORES 3D EN COLOR CAFE NICOPOLY;MPM10001735010-1;N05109US;08/06/2025 21:16:29;10d_Retiro Tienda Ripley La Serena;Santa Cruz;Marcia;;"Gregorio Cordovez 499 ";" 3er Piso. Modulo Retiro en Tienda";;;LA SERENA;IV REGION;CL;Santa Cruz;Marcia;;Federico arcos 600 condominio espacio uno 2;;;;LA SERENA;IV REGION;CL;19990;0;990;0;20980;0;CLP
000000529315;23679770101-A;08/06/2025 21:42:49;Cerrado;24990;1117;26107;4498;0.0000;20492;1;VESTIDO MIDI MUJER NICOPOLY CAMEL SWEATER;MPM10002160528-2;N05211UM;08/06/2025 21:42:51;Flujo Same day BX;Paredes;Hilsen;;San Gerardo 1061;S/N;;;RECOLETA;REG.METROPOLITANA;CL;Paredes;Hilsen;;San Gerardo 1061;;;;RECOLETA;REG.METROPOLITANA;CL;24990;0;1117;0;26107;0;CLP
000000529315;23679770101-A;08/06/2025 21:42:49;Reembolsado;15990;1117;17107;2878;0.0000;13112;1;VESTIDO MIDI MUJER NICOPOLY ROJO ACANALADO;MPM10001437622-1;N04224DL;08/06/2025 21:42:51;Flujo Same day BX;Paredes;Hilsen;;San Gerardo 1061;S/N;;;RECOLETA;REG.METROPOLITANA;CL;Paredes;Hilsen;;San Gerardo 1061;;;;RECOLETA;REG.METROPOLITANA;CL;15990;0;1117;0;17107;0;CLP
000000529315;23679770101-A;08/06/2025 21:42:49;Cerrado;19990;1117;21107;3598;0.0000;16392;1;VESTIDO ACANALADO MUJER NICOPOLY GRIS MANGA LARGA;MPM10001465220-1;N04300NL;08/06/2025 21:42:51;Flujo Same day BX;Paredes;Hilsen;;San Gerardo 1061;S/N;;;RECOLETA;REG.METROPOLITANA;CL;Paredes;Hilsen;;San Gerardo 1061;;;;RECOLETA;REG.METROPOLITANA;CL;19990;0;1117;0;21107;0;CLP
000000529315;23679770101-A;08/06/2025 21:42:49;Reembolsado;15990;1117;17107;2878;0.0000;13112;1;VESTIDO MIDI MUJER NICOPOLY NEGRO ACANALADO;MPM10001437616-3;N04224BL;08/06/2025 21:42:51;Flujo Same day BX;Paredes;Hilsen;;San Gerardo 1061;S/N;;;RECOLETA;REG.METROPOLITANA;CL;Paredes;Hilsen;;San Gerardo 1061;;;;RECOLETA;REG.METROPOLITANA;CL;15990;0;1117;0;17107;0;CLP
000000529315;23679942701-A;08/06/2025 22:18:06;Cerrado;19990;0;19990;3598;0.0000;16392;1;CÁRDIGAN MULTICOLOR FLORES 3D EN COLOR CAFE NICOPOLY;MPM10001735010-1;N05109US;08/06/2025 22:18:07;5d_Retiro Tienda Ripley Chillán;"Bustamante ";Alda;;"5 de Abril 699 ";4to Piso. Centro de atención al Cliente;;;CHILLAN;VIII REGION;CL;Bustamante;Isabel;;Pasaje volcán lonquimay  1980;;;;CHILLAN;VIII REGION;CL;19990;0;0;0;19990;0;CLP
000000529315;23680521101-A;09/06/2025 01:05:59;Cerrado;18990;990;19980;3418;0.0000;15572;1;SWEATER PUNTO FANTASÍA LUREX MOSTAZA NICOPOLY;MPM10001465191-2;N04244FS;09/06/2025 01:06:01;10d_Retiro Tienda Ripley Pto. Montt Costanera;Flores;Yessica;;"Juan Soler Manfredini 10 ";" 6to Piso. Modulo Retiro en Tienda";;;PTO.MONTT;X REGION;CL;Flores;Yessica;;Juan soler calle las camelias 2375;;;;PTO.MONTT;X REGION;CL;18990;0;990;0;19980;0;CLP
000000529315;23681068001-A;09/06/2025 11:14:34;Cerrado;37990;9990;47980;6838;0.0000;31152;1;PARKA SIN MANGAS CORDÓN EN COLOR NEGRO NICOPOLY;MPM10001753190-3;N04319BM;09/06/2025 11:14:35;Flujo Crossdock- Ripley PAQ;Casanueva;Daniel;;baquedano 340;S/N;;;NATALES;XII REGION;CL;Casanueva;Daniel;;baquedano 340;;;;NATALES;XII REGION;CL;37990;0;9990;0;47980;0;CLP
000000529315;23681370601-A;09/06/2025 12:57:19;Cerrado;21990;990;22980;3958;0.0000;18032;1;SWEATER MANGA MUERCIÉLAGO CAMEL NICOPOLY;MPM10002661325-1;N05297UF;09/06/2025 12:57:21;5d_Retiro Tienda Ripley Quilpué;"Sepúlveda ";"Macarena ";;"Claudio Vicuña 992, Quilpue ";" 3er Piso. Modulo Retiro en Tienda";;;QUILPUE;V REGION;CL;Sepulveda Vega;Maria Jose;;"Santiago 907 local 2 907 ";;;;QUILPUE;V REGION;CL;21990;0;990;0;22980;0;CLP
000000529315;23681638501-A;09/06/2025 14:39:31;Cerrado;15990;990;16980;2878;0.0000;13112;1;PANTALÓN MUJER NICOPOLY CELESTE TIRO ALTO JASPEADO;MPM10001849482-1;N05022KM;09/06/2025 14:39:33;10d_Retiro Tienda Ripley Antofagasta;Paz Paez;Gabriela;;"Arturo Prat 530 ";" 4to Piso. Servicio al Cliente";;;ANTOFAGASTA;II REGION;CL;Paz Paez;Gabriela;;Avenida Huamachuco  8900;;;;ANTOFAGASTA;II REGION;CL;15990;0;990;0;16980;0;CLP
000000529315;23681695601-A;09/06/2025 15:00:44;Reembolsado;29990;0;29990;5398;0.0000;24592;1;TAPADO BÁSICO BOLSILLOS MAGENTA NICOPOLY;MPM10002635830-2;N05219ZS;09/06/2025 15:00:46;Flujo Same day BX;Corvalan;Cynthia;;enrique concha y toro 65;S/N;;;SANTIAGO;REG.METROPOLITANA;CL;Corvalan;Cynthia;;enrique concha y toro 65;;;;SANTIAGO;REG.METROPOLITANA;CL;29990;0;0;0;29990;0;CLP
000000529315;23681739901-A;09/06/2025 15:14:46;Reembolsado;63990;0;63990;11518;0.0000;52472;1;FULFILLMENT-ABRIGO 4 BOTONES NEGRO NICOPOLY;MPM10002725909-2;N05155BM-FF;09/06/2025 15:14:47;FF_MATRIX;Henriquez;Marcia;;VICTORIA 7819;S/N;;;LA CISTERNA;REG.METROPOLITANA;CL;Henriquez;Marcia;;VICTORIA 7819;;;;LA CISTERNA;REG.METROPOLITANA;CL;63990;0;0;0;63990;0;CLP
000000529315;23681863201-A;09/06/2025 15:56:58;Reembolsado;39990;0;39990;7198;0.0000;32792;1;FULFILLMENT-CHAQUETA LARGA IMPERMEABLE MOSTAZA OSCURO NICOPOLY;MPM10002725926-3;N05191UL-FF;09/06/2025 15:56:59;FF_MATRIX_STS;Correa;Karime;;"José Domingo Mujica 490 ";" 3er Piso. Modulo Retiro en Tienda";;;RANCAGUA;VI REGION;CL;Correa;Karime;;pasaje chequen  0702;;;;RANCAGUA;VI REGION;CL;39990;0;0;0;39990;0;CLP
000000529315;23681970001-A;09/06/2025 16:36:43;Cerrado;13990;990;14980;2518;0.0000;11472;1;FALDA MUJER NICOPOLY BURDEO TUBO CIERRE;MPM00084139820-3;N03063TM;09/06/2025 16:36:44;4d_Retiro Tienda Ripley Arauco Maipu;Aballay;Veronica;;"Av. Americo Vespucio 399 ";" 2do Piso. Modulo Retiro en Tienda";;;MAIPU;REG.METROPOLITANA;CL;Aballay;Veronica;;"Manuel Rodriguez  9365 ";;;;MAIPU;REG.METROPOLITANA;CL;13990;0;990;0;14980;0;CLP
000000529315;23682033901-A;09/06/2025 16:58:17;Cerrado;7990;990;8980;1438;0.0000;6552;1;BUFANDA GRUESA FUCSIA NICOPOLY;MPM10002663000-1;N05334SF;09/06/2025 16:58:18;5d_Retiro Tienda Ripley Chillán;Burboa;Claudia;;"5 de Abril 699 ";4to Piso. Centro de atención al Cliente;;;CHILLAN;VIII REGION;CL;Burboa;Claudia;;Valle Hermoso  3248;;;;CHILLAN;VIII REGION;CL;7990;0;990;0;8980;0;CLP
000000529315;23682353201-A;09/06/2025 19:05:22;Reembolsado;63990;0;63990;11518;0.0000;52472;1;ABRIGO TIPO PAÑO 2 BOTONES ÓXIDO NICOPOLY;MPM10002646308-3;N05157UL;09/06/2025 19:05:23;Flujo Same day BX;Moya;Ana;;Santa gloria 7562;S/N;;;LA FLORIDA;REG.METROPOLITANA;CL;Moya;Ana;;Santa gloria 7562;;;;LA FLORIDA;REG.METROPOLITANA;CL;63990;0;0;0;63990;0;CLP
000000529315;23682432601-A;09/06/2025 19:37:17;Cerrado;44990;0;44990;8098;0.0000;36892;1;FULFILLMENT-ABRIGO PIED DE POULE NEGRO NICOPOLY;MPM10002725929-3;N04199BM-6-FF;09/06/2025 19:37:19;FF_MATRIX_STS;Flores Vilches;Valentina Paz;;"Av Libertador Bernardo O'Higgins 3470, Santiago ";3er Piso. Modulo Retiro en Tienda;;;EST.CENTRAL;REG.METROPOLITANA;CL;Flores Vilches;Valentina Paz;;Pasaje 53 2120;;;;EST.CENTRAL;REG.METROPOLITANA;CL;44990;0;0;0;44990;0;CLP
000000529315;23683202801-A;09/06/2025 22:55:26;Cerrado;23990;990;24980;4318;0.0000;19672;1;BLUSA MUJER NICOPOLY AZUL REY PRINT ABSTRACTO;MPM10002160510-2;N05272CL;09/06/2025 22:55:27;18d_Retiro Tienda Ripley Punta Arenas;Garcia;Patricia;;"Avda. E Frei Montalva 01110 Local 194 ";" 2do Piso. Servicio al Cliente";;;PTA.ARENAS;XII REGION;CL;Garcia;Patricia;;Presidente Jose Manuel Balmaceda 161;;;;PTA.ARENAS;XII REGION;CL;23990;0;990;0;24980;0;CLP
000000529315;23683211201-A;09/06/2025 22:59:00;Cerrado;7990;495;8485;1438;0.0000;6552;1;BUFANDA CUADRILLÉ GRANDE MOCA NICOPOLY;MPM10002662998-1;N05335LF;09/06/2025 22:59:01;5d_Retiro Tienda Ripley Talca;Quilodran;Michelle;;"8 Oriente 1212 ";" 2do Piso. Modulo Retiro en Tienda";;;TALCA;VII REGION;CL;Quilodran;Michelle;;13 sur A #254 254;;;;TALCA;VII REGION;CL;7990;0;495;0;8485;0;CLP
000000529315;23683211201-A;09/06/2025 22:59:00;Cerrado;7990;495;8485;1438;0.0000;6552;1;BUFANDA GRUESA MOCA NICOPOLY;MPM10002662981-1;N05334LF;09/06/2025 22:59:01;5d_Retiro Tienda Ripley Talca;Quilodran;Michelle;;"8 Oriente 1212 ";" 2do Piso. Modulo Retiro en Tienda";;;TALCA;VII REGION;CL;Quilodran;Michelle;;13 sur A #254 254;;;;TALCA;VII REGION;CL;7990;0;495;0;8485;0;CLP
000000529315;23683241501-A;09/06/2025 23:09:28;Reembolsado;39990;0;39990;7198;0.0000;32792;1;BLAZER MUJER NICOPOLY VERDE OSCURO CUELLO MAO;MPM10002160487-1;N00156EL-6;09/06/2025 23:09:29;Flujo Same day BX;Carvajal;Catherine;;California 1126;S/N;;;CERRO NAVIA;REG.METROPOLITANA;CL;Carvajal;Catherine;;California 1126;;;;CERRO NAVIA;REG.METROPOLITANA;CL;39990;0;0;0;39990;0;CLP
000000529315;23683548902-A;10/06/2025 01:23:07;Cerrado;63990;0;63990;11518;0.0000;52472;1;FULFILLMENT-ABRIGO 4 BOTONES ROJO NICOPOLY;MPM10002725930-2;N05155DL-FF;10/06/2025 01:23:08;FF_MATRIX;Tapia;Natalia;;Tres Arboles 2570;S/N;;;LA SERENA;IV REGION;CL;Tapia;Natalia;;Tres Arboles 2570;;;;LA SERENA;IV REGION;CL;63990;0;0;0;63990;0;CLP
000000529315;23683895201-A;10/06/2025 09:44:06;Cerrado;55990;990;56980;10078;0.0000;45912;1;ABRIGO FORRO TIPO PIEL GRAFITO NICOPOLY;MPM10002661326-4;N05147NS;10/06/2025 09:44:08;5d_Retiro Tienda Ripley Viña del Mar Sucre;Carvajal Cardenas;Alicia;;"Sucre 290, Viña ";5to Piso. Modulo Retiro en Tienda;;;VI.A DEL MA;V REGION;CL;Carvajal Cardenas;Alicia;;Lago Zenteno 1530;;;;VI.A DEL MA;V REGION;CL;55990;0;990;0;56980;0;CLP
000000529315;23683971801-A;10/06/2025 10:20:19;Cerrado;39990;5990;45980;7198;0.0000;32792;1;BLAZER MUJER NICOPOLY VERDE OSCURO CUELLO MAO;MPM10002160487-3;N00156EM-6;10/06/2025 10:20:20;Flujo Crossdock- Ripley PAQ;Burgos;Carolina;;Pasaje San Miguel villa las Araucaria 1988;S/N;;;CHIGUAYANTE;VIII REGION;CL;Burgos;Carolina;;Pasaje San Miguel villa las Araucaria 1988;;;;CHIGUAYANTE;VIII REGION;CL;39990;0;5990;0;45980;0;CLP
000000529315;23684035001-A;10/06/2025 10:50:51;Cerrado;30990;6990;37980;5578;0.0000;25412;1;CHAQUETA LEÑADORA BEIGE NICOPOLY;MPM00040988712-3;N02150AM;10/06/2025 10:50:53;Flujo Crossdock- Ripley PAQ;Ramirez;Luis;;Hernan Cortes 2678;S/N;;;CALAMA;II REGION;CL;Ramirez;Luis;;Hernan Cortes 2678;;;;CALAMA;II REGION;CL;30990;0;6990;0;37980;0;CLP
000000529315;23684260601-A;10/06/2025 12:21:32;Cerrado;22990;990;23980;4138;0.0000;18852;1;VESTIDO MIDI MUJER NICOPOLY NEGRO ACANALADO TAJO;MPM10002128945-2;N05218BM;10/06/2025 12:21:33;11d_Retiro Tienda Ripley Temuco;"Sandoval Quidel ";"ngela ";;"Arturo Prat 656, Temuco ";2do Piso. Modulo Retiro en Tienda;;;TEMUCO;IX REGION;CL;"Sandoval Quidel ";"ngela ";;Villa Alegre  980;;;;TEMUCO;IX REGION;CL;22990;0;990;0;23980;0;CLP
000000529315;23684461501-A;10/06/2025 13:49:15;Reembolsado;14990;990;15980;2698;0.0000;12292;1;FALDA MUJER NICOPOLY BURDEO MIDI ACANALADA;MPM10001491710-3;N04176TS;10/06/2025 13:49:16;4d_Retiro Tienda Ripley Costanera Center;Stumpe;Ieva;;"Avenida Andrés Bello 2422 ";" 1er Piso. Modulo Retiro en Tienda";;;PROVIDENCIA;REG.METROPOLITANA;CL;Stumpe;Ieva;;Logroño 9768;;;;PROVIDENCIA;REG.METROPOLITANA;CL;14990;0;990;0;15980;0;CLP
000000529315;23685191601-A;10/06/2025 19:06:51;Cerrado;34990;2597;37587;6298;0.0000;28692;1;PANTALÓN BÁSICO VERDE NICOPOLY;MPM10002842878-3;N05298EXL-7;10/06/2025 19:06:53;Flujo Crossdock- Ripley PAQ;Hidalgo;Lucy;;Los raulies 3712;S/N;;;CORONEL;VIII REGION;CL;Hidalgo;Lucy;;Los raulies 3712;;;;CORONEL;VIII REGION;CL;34990;0;2597;0;37587;0;CLP
000000529315;23685191601-A;10/06/2025 19:06:51;Cerrado;44990;2597;47587;8098;0.0000;36892;1;BLAZER BÁSICO DE TOPE VERDE NICOPOLY;MPM10002843017-2;N05301EL-7;10/06/2025 19:06:53;Flujo Crossdock- Ripley PAQ;Hidalgo;Lucy;;Los raulies 3712;S/N;;;CORONEL;VIII REGION;CL;Hidalgo;Lucy;;Los raulies 3712;;;;CORONEL;VIII REGION;CL;44990;0;2597;0;47587;0;CLP
000000529315;23685191601-A;10/06/2025 19:06:51;Reembolsado;34990;2597;37587;6298;0.0000;28692;1;PANTALÓN BÁSICO MORADO NICOPOLY;MPM10002842880-2;N05298ZXL-7;10/06/2025 19:06:53;Flujo Crossdock- Ripley PAQ;Hidalgo;Lucy;;Los raulies 3712;S/N;;;CORONEL;VIII REGION;CL;Hidalgo;Lucy;;Los raulies 3712;;;;CORONEL;VIII REGION;CL;34990;0;2597;0;37587;0;CLP
000000529315;23685191601-A;10/06/2025 19:06:51;Cerrado;44990;2597;47587;8098;0.0000;36892;1;BLAZER BÁSICO DE TOPE MORADO NICOPOLY;MPM10002843019-1;N05301ZL-7;10/06/2025 19:06:53;Flujo Crossdock- Ripley PAQ;Hidalgo;Lucy;;Los raulies 3712;S/N;;;CORONEL;VIII REGION;CL;Hidalgo;Lucy;;Los raulies 3712;;;;CORONEL;VIII REGION;CL;44990;0;2597;0;47587;0;CLP
000000529315;23685237001-A;10/06/2025 19:24:34;Cerrado;55990;990;56980;10078;0.0000;45912;1;ABRIGO FORRO TIPO PIEL GRAFITO NICOPOLY;MPM10002661326-4;N05147NS;10/06/2025 19:24:37;Flujo Crossdock- Ripley PAQ;"Armijo Riquelme ";"Tamara Elvira ";;Callejón rodillo parcela  Parcela 125 lote 1;Casa;;;LA SERENA;IV REGION;CL;"Armijo Riquelme ";"Tamara Elvira ";;Callejón rodillo parcela  Parcela 125 lote 1;;;;LA SERENA;IV REGION;CL;55990;0;990;0;56980;0;CLP
000000529315;23685942601-A;10/06/2025 23:08:05;Cerrado;38990;0;38990;7018;0.0000;31972;1;PARKA SIN MANGAS QUILT OLIVA NICOPOLY;MPM10001383870-4;N04191MS;10/06/2025 23:08:06;5d_Retiro Tienda Ripley Talca;Torres;Jacqueline;;"8 Oriente 1212 ";" 2do Piso. Modulo Retiro en Tienda";;;TALCA;VII REGION;CL;Torres;Jacqueline;;18 sur Villa los Tilos 166;;;;TALCA;VII REGION;CL;38990;0;0;0;38990;0;CLP
000000529315;23685942601-A;10/06/2025 23:08:05;Cerrado;36990;0;36990;6658;0.0000;30332;1;PARKA MIDI TIPO QUILT BOLSILLOS MARRÓN NICOPOLY;MPM10001384220-4;N04212US;10/06/2025 23:08:06;5d_Retiro Tienda Ripley Talca;Torres;Jacqueline;;"8 Oriente 1212 ";" 2do Piso. Modulo Retiro en Tienda";;;TALCA;VII REGION;CL;Torres;Jacqueline;;18 sur Villa los Tilos 166;;;;TALCA;VII REGION;CL;36990;0;0;0;36990;0;CLP
000000529315;23686219501-A;11/06/2025 02:53:42;Cerrado;24990;495;25485;4498;0.0000;20492;1;BLUSA CON LAZO DESMONTABLE EN COLOR ROJO NICOPOLY;MPM10001752438-2;N04270DL-5;11/06/2025 02:53:44;4d_Retiro Tienda Ripley Arauco Maipu;Morales;Marion;;"Av. Americo Vespucio 399 ";" 2do Piso. Modulo Retiro en Tienda";;;MAIPU;REG.METROPOLITANA;CL;Morales;Marion;;Campanario 2929;;;;MAIPU;REG.METROPOLITANA;CL;24990;0;495;0;25485;0;CLP
000000529315;23686219501-A;11/06/2025 02:53:42;Cerrado;26990;495;27485;4858;0.0000;22132;1;TRENCH PRÍNCIPE DE GALES LAZO GRIS NICOPOLY;MPM00048421784-2;N02290IL;11/06/2025 02:53:44;4d_Retiro Tienda Ripley Arauco Maipu;Morales;Marion;;"Av. Americo Vespucio 399 ";" 2do Piso. Modulo Retiro en Tienda";;;MAIPU;REG.METROPOLITANA;CL;Morales;Marion;;Campanario 2929;;;;MAIPU;REG.METROPOLITANA;CL;26990;0;495;0;27485;0;CLP
000000529315;23686372901-A;11/06/2025 09:10:24;Reembolsado;37990;0;37990;6838;0.0000;31152;1;PARKA SIN MANGAS CORDÓN EN COLOR ROJO NICOPOLY;MPM10001753187-2;N04319DS;11/06/2025 09:10:27;Flujo Same day BX;Alarcon Espinoza;Mirtha;;Alonso de berrios 5851;Casa;;;PE.ALOLEN;REG.METROPOLITANA;CL;Alarcon Espinoza;Mirtha;;Alonso de berrios 5851;;;;PE.ALOLEN;REG.METROPOLITANA;CL;37990;0;0;0;37990;0;CLP
000000529315;23686446001-A;11/06/2025 09:54:23;Reembolsado;41990;0;41990;7558;0.0000;34432;1;FULFILLMENT-ABRIGO BOUCLÉ KHAKI NICOPOLY;MPM10002725908-4;N05163LS-FF;11/06/2025 09:54:24;FF_MATRIX_STS;Morales;Karin;;"Av.OHiggins 201 ";" 2do Piso. Servicio al Cliente";;;CURICO;VII REGION;CL;Morales;Karin;;Condominio alto las rosas parcela  66;;;;CURICO;VII REGION;CL;41990;0;0;0;41990;0;CLP
000000529315;23686457802-A;11/06/2025 10:00:06;Reembolsado;63990;3990;67980;11518;0.0000;52472;1;ABRIGO FORRO TIPO PIEL GRAFITO NICOPOLY;MPM10002661326-1;N05147NXL;11/06/2025 10:00:08;Flujo Same day BX;Leal;Jorge;;Dolores 8879;S/N;;;SAN RAMON;REG.METROPOLITANA;CL;Leal;Jorge;;Dolores 8879;;;;SAN RAMON;REG.METROPOLITANA;CL;63990;0;3990;0;67980;0;CLP
000000529315;23686497001-A;11/06/2025 10:20:19;Cerrado;21990;990;22980;3958;0.0000;18032;1;CALZA MUJER NICOPOLY NEGRO TIPO GAMUZA;MPM10002160471-2;N05307BM;11/06/2025 10:20:20;5d_Retiro Tienda Ripley El Trébol;"Zambrano ";Claudia;;"Avenida Jorge Alessandri 3177 ";" 3er Piso. Modulo Retiro en Tienda";;;TALCAHUANO;VIII REGION;CL;Zambrano Zurita;Ivar;;Laurel 5;;;;TALCAHUANO;VIII REGION;CL;21990;0;990;0;22980;0;CLP
000000529315;23686499201-A;11/06/2025 10:22:43;Cerrado;39990;990;40980;7198;0.0000;32792;1;CHAQUETA BOUCLÉ GRIS NICOPOLY;MPM10002646300-2;N05183NM;11/06/2025 10:22:44;4d_Retiro Tienda Ripley Plaza Vespucio;"Hochfaerber ";"Geraldine ";;"Av. Vicuña Mackenna Ote. 7110, La Florida ";3er Piso. Modulo Retiro en Tienda;;;LA FLORIDA;REG.METROPOLITANA;CL;"Hochfaerber ";"Geraldine ";;Tercera avenida 1428;;;;LA FLORIDA;REG.METROPOLITANA;CL;39990;0;990;0;40980;0;CLP
000000529315;23686552001-A;11/06/2025 10:45:55;Reembolsado;24990;990;25980;4498;0.0000;20492;1;BLUSA CON LAZO DESMONTABLE CELESTE NICOPOLY;MPM10001752432-3;N04270KM-5;11/06/2025 10:45:57;4d_Retiro Tienda Ripley Los Dominicos;Gonzalez;Dominga;;"Padre Hurtado Sur 875 ";1er Piso. Servicio al Cliente;;;LAS CONDES;REG.METROPOLITANA;CL;Gonzalez;Dominga;;Av plaza 923;;;;LAS CONDES;REG.METROPOLITANA;CL;24990;0;990;0;25980;0;CLP
000000529315;23686586501-A;11/06/2025 11:02:16;Cerrado;59990;0;59990;10798;0.0000;49192;1;FULFILLMENT-ABRIGO LARGO LAZO CELESTE NICOPOLY;MPM10002725934-1;N04227KM-6-FF;11/06/2025 11:02:17;FF_MATRIX;Estolaza;Daniel;;Chacabuco 600 con cardenal caro 600;Casa;;;PERALILLO;VI REGION;CL;Estolaza;Daniel;;Chacabuco 600 con cardenal caro 600;;;;PERALILLO;VI REGION;CL;59990;0;0;0;59990;0;CLP
000000529315;23687586201-A;11/06/2025 18:08:31;Cerrado;63990;4990;68980;11518;0.0000;52472;1;ABRIGO FORRO TIPO PIEL GRAFITO NICOPOLY;MPM10002661326-1;N05147NXL;11/06/2025 18:08:33;Flujo Crossdock- Ripley PAQ;Sanchez;Gladys;;Pasaje ocho y medio sur 2573;Casa;;;TALCA;VII REGION;CL;Sanchez;Gladys;;Pasaje ocho y medio sur 2573;;;;TALCA;VII REGION;CL;63990;0;4990;0;68980;0;CLP
000000529315;23687607001-A;11/06/2025 18:20:18;Cerrado;63990;0;63990;11518;0.0000;52472;1;FULFILLMENT-ABRIGO 4 BOTONES NEGRO NICOPOLY;MPM10002725909-2;N05155BM-FF;11/06/2025 18:20:19;FF_MATRIX;Madrid;Sara;;Rinconada de Parral los peumos 3443;Casa;;;COLTAUCO;VI REGION;CL;Madrid;Sara;;Rinconada de Parral los peumos 3443;;;;COLTAUCO;VI REGION;CL;63990;0;0;0;63990;0;CLP
000000529315;23687905101-A;11/06/2025 20:25:28;Cerrado;47990;0;47990;8638;0.0000;39352;1;FULFILLMENT-ABRIGO INTERIOR CORDERITO CAFÉ NICOPOLY;MPM10002808198-2;N05196UM-FF;11/06/2025 20:25:29;FF_MATRIX_STS;Barrera;Tania;;"Padre Hurtado Sur 875 ";1er Piso. Servicio al Cliente;;;LAS CONDES;REG.METROPOLITANA;CL;Barrera;Tania;;Carlos silva vildosola 10430;;;;LAS CONDES;REG.METROPOLITANA;CL;47990;0;0;0;47990;0;CLP
000000529315;23687905102-A;11/06/2025 20:25:28;Cerrado;23990;0;23990;4318;0.0000;19672;1;LEGGINS MUJER NICOPOLY BURDEO LEGGING ECOCUERO CIERRE LATERAL;MPM00089316487-3;N03081TM;11/06/2025 20:25:30;4d_Retiro Tienda Ripley Los Dominicos;Barrera;Tania;;"Padre Hurtado Sur 875 ";1er Piso. Servicio al Cliente;;;LAS CONDES;REG.METROPOLITANA;CL;Barrera;Tania;;Carlos silva vildosola 10430;;;;LAS CONDES;REG.METROPOLITANA;CL;23990;0;0;0;23990;0;CLP
000000529315;23688207101-A;11/06/2025 21:57:00;Reembolsado;59990;0;59990;10798;0.0000;49192;1;FULFILLMENT-ABRIGO LARGO LAZO UVA NICOPOLY;MPM10002725928-3;N04227ZL-6-FF;11/06/2025 21:57:01;FF_MATRIX_STS;Solis Oyarzo;Victoria;;"Urmeneta 595, Puerto Montt ";4to Piso. Servicio al Cliente;;;PTO.MONTT;X REGION;CL;Solis Oyarzo;Victoria;;San Martin 80;;;;PTO.MONTT;X REGION;CL;59990;0;0;0;59990;0;CLP
000000529315;23688661201-A;12/06/2025 01:18:40;Cerrado;34990;990;35980;6298;0.0000;28692;1;CHAQUETA MITAD CHIPORRO/PARKA EN COLOR BLANCO INVIERNO NICOPOLY;MPM10001383894-2;N04152AM;12/06/2025 01:18:43;5d_Retiro Tienda Ripley La Calera;Barahona Gonzalez;Oriel  Eduardo;;"JJ Perez 90, La Calera ";" 2do Piso. Modulo Retiro en Tienda";;;CALERA;V REGION;CL;Barahona Gonzalez;Oriel  Eduardo;;Salvador Said Poblacion el Bosque 1249;;;;CALERA;V REGION;CL;34990;0;990;0;35980;0;CLP
000000529315;23689207101-A;12/06/2025 12:17:57;Cerrado;27990;4990;32980;5038;0.0000;22952;1;CÁRDIGAN MULTICOLOR FLORES 3D EN COLOR CAFE NICOPOLY;MPM10001735010-2;N05109UM;12/06/2025 12:17:59;Flujo Crossdock- Ripley PAQ;Tapia;Marina;;Avda Rogelio Astudillo D Las Palmeras 4;Casa;;;VI.A DEL MA;V REGION;CL;Tapia;Marina;;Avda Rogelio Astudillo D Las Palmeras 4;;;;VI.A DEL MA;V REGION;CL;27990;0;4990;0;32980;0;CLP
000000529315;23689559901-A;12/06/2025 16:06:30;Cerrado;39990;0;39990;7198;0.0000;32792;1;FULFILLMENT-CHAQUETA LARGA IMPERMEABLE MOSTAZA OSCURO NICOPOLY;MPM10002725926-2;N05191US-FF;12/06/2025 16:06:40;FF_MATRIX_ND;Aranguiz;Saskya;;Los Robles 529 529;Casa;;;PUENTE ALTO;REG.METROPOLITANA;CL;Aranguiz;Saskya;;Los Robles 529 529;;;;PUENTE ALTO;REG.METROPOLITANA;CL;39990;0;0;0;39990;0;CLP
000000529315;23689674201-A;12/06/2025 16:08:39;Cerrado;7990;990;8980;1438;0.0000;6552;1;BUFANDA GRUESA GRAFITO NICOPOLY;MPM10002663026-1;N05334NF;12/06/2025 16:08:56;4d_Retiro Tienda Ripley Florida Center;Arguello;Caroline;;"Vicuña Mackenna Oriente 6100, La Florida ";3er Piso. Modulo Retiro en Tienda;;;LA FLORIDA;REG.METROPOLITANA;CL;Arguello;Caroline;;Av portugal 910;;;;LA FLORIDA;REG.METROPOLITANA;CL;7990;0;990;0;8980;0;CLP
000000529315;23689913601-A;12/06/2025 17:48:59;Cerrado;44990;0;44990;8098;0.0000;36892;1;FULFILLMENT-ABRIGO PIED DE POULE NEGRO NICOPOLY;MPM10002725929-1;N04199BS-6-FF;12/06/2025 17:49:01;FF_MATRIX_ND;Mendez;Tamara;;Aku aku 3410;S/N;;;PUENTE ALTO;REG.METROPOLITANA;CL;Mendez;Tamara;;Aku aku 3410;;;;PUENTE ALTO;REG.METROPOLITANA;CL;44990;0;0;0;44990;0;CLP
000000529315;23690215002-A;12/06/2025 20:03:15;Cerrado;23990;990;24980;4318;0.0000;19672;1;CALZA MUJER NICOPOLY NEGRO CIERRES DECORATIVOS;MPM10001710252-3;N05049BM;12/06/2025 20:03:17;4d_Retiro Tienda Ripley Costanera Center;Sarratea;Fernanda;;"Avenida Andrés Bello 2422 ";" 1er Piso. Modulo Retiro en Tienda";;;PROVIDENCIA;REG.METROPOLITANA;CL;Sarratea;Fernanda;;Arturo Claro  1356;;;;PROVIDENCIA;REG.METROPOLITANA;CL;23990;0;990;0;24980;0;CLP
000000529315;23690265801-A;12/06/2025 20:21:13;Reembolsado;41990;0;41990;7558;0.0000;34432;1;FULFILLMENT-ABRIGO BOUCLÉ NEGRO NICOPOLY;MPM10002725922-4;N05163BS-FF;12/06/2025 20:21:14;FF_MATRIX;Salgado;Denisse;;Pasaje lafquen villa altos de Miramar 482;S/N;;;TOME;VIII REGION;CL;Salgado;Denisse;;Pasaje lafquen villa altos de Miramar 482;;;;TOME;VIII REGION;CL;41990;0;0;0;41990;0;CLP
000000529315;23690401301-A;12/06/2025 21:17:05;Reembolsado;39990;0;39990;7198;0.0000;32792;1;FULFILLMENT-CHAQUETA CORTA IMPERMEABLE OLIVA NICOPOLY;MPM10002725933-2;N05190MS-FF;12/06/2025 21:17:06;FF_MATRIX_STS;Pea;Ahilyn;;"Juan Soler Manfredini 10 ";" 6to Piso. Modulo Retiro en Tienda";;;PTO.MONTT;X REGION;CL;Pea;Ahilyn;;Volcan Callaquen 941;;;;PTO.MONTT;X REGION;CL;39990;0;0;0;39990;0;CLP
000000529315;23690407501-A;12/06/2025 21:19:23;Cerrado;7990;990;8980;1438;0.0000;6552;1;BUFANDA GRUESA MOSTAZA NICOPOLY;MPM10002663005-1;N05334FF;12/06/2025 21:19:24;5d_Retiro Tienda Ripley Quilpué;Garca Vera;Antonia;;"Claudio Vicuña 992, Quilpue ";" 3er Piso. Modulo Retiro en Tienda";;;QUILPUE;V REGION;CL;Garca Vera;Antonia;;Arturo Prat Penablanca 127;;;;QUILPUE;V REGION;CL;7990;0;990;0;8980;0;CLP
000000529315;23690523501-A;12/06/2025 21:59:14;Cerrado;37990;990;38980;6838;0.0000;31152;1;PARKA SIN MANGAS CORDÓN EN COLOR NEGRO NICOPOLY;MPM10001753190-3;N04319BM;12/06/2025 21:59:15;4d_Retiro Tienda Ripley Arauco Maipu;Merino;Mirtha;;"Av. Americo Vespucio 399 ";" 2do Piso. Modulo Retiro en Tienda";;;MAIPU;REG.METROPOLITANA;CL;Merino;Mirtha;;Parque Forestal 5413;;;;MAIPU;REG.METROPOLITANA;CL;37990;0;990;0;38980;0;CLP
000000529315;23690660701-A;12/06/2025 22:50:15;Cerrado;37990;745;38735;6838;0.0000;31152;1;PARKA SIN MANGAS CORDÓN EN COLOR NEGRO NICOPOLY;MPM10001753190-3;N04319BM;12/06/2025 22:50:17;Flujo Crossdock- Ripley PAQ;Jopia;Paulina;;calle victor manuel guerrero 1509;S/N;;;P. HURTADO;REG.METROPOLITANA;CL;Jopia;Paulina;;calle victor manuel guerrero 1509;;;;P. HURTADO;REG.METROPOLITANA;CL;37990;0;745;0;38735;0;CLP
000000529315;23690660701-A;12/06/2025 22:50:15;Cerrado;30990;745;31735;5578;0.0000;25412;1;CHAQUETA LEÑADORA BEIGE NICOPOLY;MPM00040988712-3;N02150AM;12/06/2025 22:50:17;Flujo Crossdock- Ripley PAQ;Jopia;Paulina;;calle victor manuel guerrero 1509;S/N;;;P. HURTADO;REG.METROPOLITANA;CL;Jopia;Paulina;;calle victor manuel guerrero 1509;;;;P. HURTADO;REG.METROPOLITANA;CL;30990;0;745;0;31735;0;CLP
000000529315;23690759101-A;12/06/2025 23:30:50;Cerrado;55990;4990;60980;10078;0.0000;45912;1;ABRIGO FORRO TIPO PIEL GRAFITO NICOPOLY;MPM10002661326-2;N05147NM;12/06/2025 23:30:52;Flujo Crossdock- Ripley PAQ;Vejar Belmar;Pamela;;Lazcano 251;S/N;;;CHOLCHOL;IX REGION;CL;Vejar Belmar;Pamela;;Lazcano 251;;;;CHOLCHOL;IX REGION;CL;55990;0;4990;0;60980;0;CLP
000000529315;23690790701-A;12/06/2025 23:42:30;Cerrado;43990;0;43990;7918;0.0000;36072;1;FULFILLMENT-CHAQUETA BIKER NEGRO NICOPOLY;MPM10002725927-1;N02107BM-6-FF;12/06/2025 23:42:32;FF_MATRIX;"Robles ";"Camilo ";;Teresa Vial 1270;D208;;;SAN MIGUEL;REG.METROPOLITANA;CL;"Robles ";"Camilo ";;Teresa Vial 1270;;;;SAN MIGUEL;REG.METROPOLITANA;CL;43990;0;0;0;43990;0;CLP
000000529315;23690857301-A;13/06/2025 00:25:36;Cerrado;21990;0;21990;3958;0.0000;18032;1;CALZA MUJER NICOPOLY NEGRO TIPO GAMUZA;MPM10002160471-2;N05307BM;13/06/2025 00:25:38;4d_Retiro Tienda Ripley Huechuraba;Lara;Carolina;;"Av. Americo Vespucio Norte 1737 ";" 2do Piso. Modulo Retiro en Tienda";;;HUECHURABA;REG.METROPOLITANA;CL;Lara;Carolina;;La rambla  2121;;;;HUECHURABA;REG.METROPOLITANA;CL;21990;0;0;0;21990;0;CLP
000000529315;23690857301-A;13/06/2025 00:25:36;Cerrado;6990;0;6990;1258;0.0000;5732;1;BUFANDA SUAVE EN COLOR NEGRO NICOPOLY;MPM10002662995-1;N05338BF;13/06/2025 00:25:38;4d_Retiro Tienda Ripley Huechuraba;Lara;Carolina;;"Av. Americo Vespucio Norte 1737 ";" 2do Piso. Modulo Retiro en Tienda";;;HUECHURABA;REG.METROPOLITANA;CL;Lara;Carolina;;La rambla  2121;;;;HUECHURABA;REG.METROPOLITANA;CL;6990;0;0;0;6990;0;CLP
000000529315;23690857301-A;13/06/2025 00:25:36;Cerrado;25990;0;25990;4678;0.0000;21312;1;CALZA MUJER NICOPOLY BURDEO ELASTICADA SKINNY TIPO ENCERADA;MPM10001503439-4;N04299TM;13/06/2025 00:25:38;4d_Retiro Tienda Ripley Huechuraba;Lara;Carolina;;"Av. Americo Vespucio Norte 1737 ";" 2do Piso. Modulo Retiro en Tienda";;;HUECHURABA;REG.METROPOLITANA;CL;Lara;Carolina;;La rambla  2121;;;;HUECHURABA;REG.METROPOLITANA;CL;25990;0;0;0;25990;0;CLP
000000529315;23690857301-A;13/06/2025 00:25:36;Cerrado;25990;0;25990;4678;0.0000;21312;1;CALZA MUJER NICOPOLY NEGRO ELASTICADA SKINNY TIPO ENCERADA;MPM10001503437-2;N04299BM;13/06/2025 00:25:38;4d_Retiro Tienda Ripley Huechuraba;Lara;Carolina;;"Av. Americo Vespucio Norte 1737 ";" 2do Piso. Modulo Retiro en Tienda";;;HUECHURABA;REG.METROPOLITANA;CL;Lara;Carolina;;La rambla  2121;;;;HUECHURABA;REG.METROPOLITANA;CL;25990;0;0;0;25990;0;CLP
000000529315;23690896601-A;13/06/2025 01:11:31;Cerrado;22990;990;23980;4138;0.0000;18852;1;VESTIDO MIDI MUJER NICOPOLY NEGRO ACANALADO TAJO;MPM10002128945-1;N05218BS;13/06/2025 01:11:33;4d_Retiro Tienda Ripley Plaza Vespucio;"Vasquez ";"Katherine ";;"Av. Vicuña Mackenna Ote. 7110, La Florida ";3er Piso. Modulo Retiro en Tienda;;;LA FLORIDA;REG.METROPOLITANA;CL;"Vasquez ";"Katherine ";;Calle A 1234;;;;LA FLORIDA;REG.METROPOLITANA;CL;22990;0;990;0;23980;0;CLP
000000529315;23691005901-A;13/06/2025 08:10:27;Cerrado;6990;990;7980;1258;0.0000;5732;1;BUFANDA SUAVE ROSADO CLARO NICOPOLY;MPM10002662997-1;N05338VF;13/06/2025 08:10:28;4d_Retiro Tienda Ripley Costanera Center;"Rodríguez ";"Anais ";;"Avenida Andrés Bello 2422 ";" 1er Piso. Modulo Retiro en Tienda";;;PROVIDENCIA;REG.METROPOLITANA;CL;"Riffo Aguayo ";"Teresa Del Carmen ";;Nueva la dehesa  12370;;;;PROVIDENCIA;REG.METROPOLITANA;CL;6990;0;990;0;7980;0;CLP
000000529315;23691267701-A;13/06/2025 11:12:31;Cerrado;37990;990;38980;6838;0.0000;31152;1;PARKA SIN MANGAS CORDÓN EN COLOR ROJO NICOPOLY;MPM10001753187-1;N04319DXL;13/06/2025 11:12:33;5d_Retiro Tienda Ripley Los Andes;Iglesias;Rafael;;"Santa Teresita 683 ";2do Piso. Servicio al Cliente;;;LOS ANDES;V REGION;CL;Iglesias;Rafael;;San Rafael 1437;;;;LOS ANDES;V REGION;CL;37990;0;990;0;38980;0;CLP
000000529315;23691315704-A;13/06/2025 11:37:50;Cerrado;7990;4990;12980;1438;0.0000;6552;1;BUFANDA GRUESA EN COLOR BLANCO INVIERNO NICOPOLY;MPM10002663004-1;N05334AF;13/06/2025 11:37:52;Flujo Crossdock- Ripley PAQ;Alegria Arcos;"Fernanda ";;12 y media sur B 2 y 3 oriente #950 950;Casa;;;TALCA;VII REGION;CL;Alegria Arcos;"Fernanda ";;12 y media sur B 2 y 3 oriente #950 950;;;;TALCA;VII REGION;CL;7990;0;4990;0;12980;0;CLP
000000529315;23691452801-A;13/06/2025 12:41:39;Cerrado;37990;0;37990;6838;0.0000;31152;1;FULFILLMENT-TRENCH HEBILLA KHAKI NICOPOLY;MPM10002725907-3;N05051UL-6-FF;13/06/2025 12:41:41;FF_MATRIX_STS;Muñoz Navarro;Francisca;;"Arauco 561 ";" 3er Piso. Servicio al Cliente";;;VALDIVIA;XIV REGION;CL;Muñoz Navarro;Francisca;;Av Ramon Picarte 2776;;;;VALDIVIA;XIV REGION;CL;37990;0;0;0;37990;0;CLP
000000529315;23691635101-A;13/06/2025 14:24:23;Cerrado;37990;0;37990;6838;0.0000;31152;1;FULFILLMENT-TRENCH HEBILLA KHAKI NICOPOLY;MPM10002725907-3;N05051UL-6-FF;13/06/2025 14:24:24;FF_MATRIX_ND;Muñoz;Lisseth;;Zenteno 998;303;;;SANTIAGO;REG.METROPOLITANA;CL;Muñoz;Lisseth;;Zenteno 998;;;;SANTIAGO;REG.METROPOLITANA;CL;37990;0;0;0;37990;0;CLP
000000529315;23691997201-A;13/06/2025 17:38:56;Cerrado;55990;3990;59980;10078;0.0000;45912;1;ABRIGO FORRO TIPO PIEL GRAFITO NICOPOLY;MPM10002661326-2;N05147NM;13/06/2025 17:38:57;Flujo Same day BX;Badilla;Juan Carlos;;Suarez Mujica 2771;i;;;NUNOA;REG.METROPOLITANA;CL;Badilla;Juan Carlos;;Suarez Mujica 2771;;;;NUNOA;REG.METROPOLITANA;CL;55990;0;3990;0;59980;0;CLP
000000529315;23692038701-A;13/06/2025 18:02:00;Cerrado;37990;0;37990;6838;0.0000;31152;1;FULFILLMENT-TRENCH HEBILLA KHAKI NICOPOLY;MPM10002725907-3;N05051UL-6-FF;13/06/2025 18:02:02;FF_MATRIX;Catriao;"Jimena ";;Fragata María Isabel  15;S/N;;;CHIGUAYANTE;VIII REGION;CL;Catriao;"Jimena ";;Fragata María Isabel  15;;;;CHIGUAYANTE;VIII REGION;CL;37990;0;0;0;37990;0;CLP
000000529315;23692153101-A;13/06/2025 19:01:30;Cerrado;7990;330;8320;1438;0.0000;6552;1;BUFANDA GRUESA AZUL ACERO NICOPOLY;MPM10002663003-1;N05334KF;13/06/2025 19:01:31;5d_Retiro Tienda Ripley Los Andes;Porras;Macarena;;"Santa Teresita 683 ";2do Piso. Servicio al Cliente;;;LOS ANDES;V REGION;CL;Porras;Macarena;;Luis Ferreto Mellafe 300;;;;LOS ANDES;V REGION;CL;7990;0;330;0;8320;0;CLP
000000529315;23692153101-A;13/06/2025 19:01:30;Cerrado;6990;330;7320;1258;0.0000;5732;1;BUFANDA SUAVE BEIGE NICOPOLY;MPM10002663002-1;N05338AF;13/06/2025 19:01:31;5d_Retiro Tienda Ripley Los Andes;Porras;Macarena;;"Santa Teresita 683 ";2do Piso. Servicio al Cliente;;;LOS ANDES;V REGION;CL;Porras;Macarena;;Luis Ferreto Mellafe 300;;;;LOS ANDES;V REGION;CL;6990;0;330;0;7320;0;CLP
000000529315;23692153101-A;13/06/2025 19:01:30;Cerrado;6990;330;7320;1258;0.0000;5732;1;BUFANDA SUAVE LILA NICOPOLY;MPM10002663010-1;N05338ZF;13/06/2025 19:01:31;5d_Retiro Tienda Ripley Los Andes;Porras;Macarena;;"Santa Teresita 683 ";2do Piso. Servicio al Cliente;;;LOS ANDES;V REGION;CL;Porras;Macarena;;Luis Ferreto Mellafe 300;;;;LOS ANDES;V REGION;CL;6990;0;330;0;7320;0;CLP
000000529315;23692512401-A;13/06/2025 22:00:03;Cerrado;30990;990;31980;5578;0.0000;25412;1;CHAQUETA LEÑADORA BEIGE NICOPOLY;MPM00040988712-3;N02150AM;13/06/2025 22:00:04;5d_Retiro Tienda Ripley Viña del Mar Sucre;Ramrez Salinas;"Emmy Del Carmen ";;"Sucre 290, Viña ";5to Piso. Modulo Retiro en Tienda;;;VI.A DEL MA;V REGION;CL;Ramrez Salinas;"Emmy Del Carmen ";;Calle Molina 528;;;;VI.A DEL MA;V REGION;CL;30990;0;990;0;31980;0;CLP
000000529315;23692816401-A;14/06/2025 01:58:09;Reembolsado;22990;0;22990;4138;0.0000;18852;1;SWEATER COLOR BLOCK FUCSIA NICOPOLY;MPM10002627252-3;N05310SM;14/06/2025 01:58:11;Flujo Same day BX;Quezada;Danitza;;Mercedes Fontecilla 2965;S/N;;;P.A.CERDA;REG.METROPOLITANA;CL;Quezada;Danitza;;Mercedes Fontecilla 2965;;;;P.A.CERDA;REG.METROPOLITANA;CL;22990;0;0;0;22990;0;CLP
000000529315;23692897001-A;14/06/2025 08:53:05;Cerrado;9990;0;9990;1798;0.0000;8192;1;BODY TEXTURIZADO ACANALADO GRIS NICOPOLY;MPM10001713170-1;N05003IM;14/06/2025 08:53:06;5d_Retiro Tienda Ripley Quilpué;Cruz;Jessica;;"Claudio Vicuña 992, Quilpue ";" 3er Piso. Modulo Retiro en Tienda";;;QUILPUE;V REGION;CL;Cruz;Jessica;;Pasaje viento sur  27;;;;QUILPUE;V REGION;CL;9990;0;0;0;9990;0;CLP
000000529315;23692897001-A;14/06/2025 08:53:05;Cerrado;21990;0;21990;3958;0.0000;18032;1;POLERA MANGA LARGA CUELLO CAMISERO KHAKI NICOPOLY;MPM10001710255-1;N05028LL;14/06/2025 08:53:06;5d_Retiro Tienda Ripley Quilpué;Cruz;Jessica;;"Claudio Vicuña 992, Quilpue ";" 3er Piso. Modulo Retiro en Tienda";;;QUILPUE;V REGION;CL;Cruz;Jessica;;Pasaje viento sur  27;;;;QUILPUE;V REGION;CL;21990;0;0;0;21990;0;CLP
000000529315;23692897001-A;14/06/2025 08:53:05;Reembolsado;39990;0;39990;7198;0.0000;32792;1;CHAQUETA PUFFER COTELÉ EN COLOR BLANCO INVIERNO NICOPOLY;MPM10002661334-1;N05154AM;14/06/2025 08:53:06;5d_Retiro Tienda Ripley Quilpué;Cruz;Jessica;;"Claudio Vicuña 992, Quilpue ";" 3er Piso. Modulo Retiro en Tienda";;;QUILPUE;V REGION;CL;Cruz;Jessica;;Pasaje viento sur  27;;;;QUILPUE;V REGION;CL;39990;0;0;0;39990;0;CLP
000000529315;23693017801-A;14/06/2025 10:57:50;Cerrado;9590;990;10580;1726;0.0000;7864;1;BUFANDA CUADRILLÉ PEQUEÑA GRAFITO NICOPOLY;MPM10002663008-1;N05336NF;14/06/2025 10:57:52;5d_Retiro Tienda Ripley Rancagua;Cortesi;Allison;;"José Domingo Mujica 490 ";" 3er Piso. Modulo Retiro en Tienda";;;RANCAGUA;VI REGION;CL;Cortesi;Allison;;Pasaje río los cipreses 1383;;;;RANCAGUA;VI REGION;CL;9590;0;990;0;10580;0;CLP
000000529315;23693420001-A;14/06/2025 14:55:02;Cerrado;7990;0;7990;1438;0.0000;6552;1;BUFANDA GRUESA EN COLOR ROJO NICOPOLY;MPM10002663023-1;N05334DF;14/06/2025 14:55:03;Flujo Crossdock- Ripley PAQ;Camano Olivero;Diana Andrea;;Calle Heras 90 torre A dpto  58;Dpto;;;PENCO;VIII REGION;CL;Camano Olivero;Diana Andrea;;Calle Heras 90 torre A dpto  58;;;;PENCO;VIII REGION;CL;7990;0;0;0;7990;0;CLP
000000529315;23693500801-A;14/06/2025 15:34:51;Cerrado;59990;0;59990;10798;0.0000;49192;1;ABRIGO BÁSICO 2 BOTONES EN COLOR NEGRO NICOPOLY;MPM10002646293-2;N05255BS;14/06/2025 15:34:53;5d_Retiro Tienda Ripley Marina Arauco;Ruiz Alcntar;"Katherine ";;"Avenida Libertad 1348 ";" Piso 4. Modulo Retiro en Tienda";;;VI.A DEL MA;V REGION;CL;Ruiz Alcntar;"Katherine ";;Los perales 3136;;;;VI.A DEL MA;V REGION;CL;59990;0;0;0;59990;0;CLP
000000529315;23693524501-A;14/06/2025 15:52:04;Cerrado;10990;990;11980;1978;0.0000;9012;1;POLERA CUELLO ALTO GRAFITO NICOPOLY;MPM10002661313-1;N05331NM;14/06/2025 15:52:05;5d_Retiro Tienda Ripley El Trébol;Martinez;Sebastian;;"Avenida Jorge Alessandri 3177 ";" 3er Piso. Modulo Retiro en Tienda";;;TALCAHUANO;VIII REGION;CL;Martinez;Sebastian;;Calle Nueve 2149;;;;TALCAHUANO;VIII REGION;CL;10990;0;990;0;11980;0;CLP
000000529315;23693658101-A;14/06/2025 17:09:03;Cerrado;7990;3990;11980;1438;0.0000;6552;1;BUFANDA GRUESA EN COLOR BLANCO INVIERNO NICOPOLY;MPM10002663004-1;N05334AF;14/06/2025 17:09:04;Flujo Same day BX;Valdebenito;Marco;;Apoquondo 4775;203;;;LAS CONDES;REG.METROPOLITANA;CL;Valdebenito;Marco;;Apoquondo 4775;;;;LAS CONDES;REG.METROPOLITANA;CL;7990;0;3990;0;11980;0;CLP
000000529315;23693705301-A;14/06/2025 17:31:28;Reembolsado;34990;3990;38980;6298;0.0000;28692;1;PANTALÓN BÁSICO EN COLOR NEGRO NICOPOLY;MPM10002842866-2;N05298BL-7;14/06/2025 17:31:29;Flujo Same day BX;"Gutierrez ";Andrea;;Bahia duff  1577;S/N;;;PUENTE ALTO;REG.METROPOLITANA;CL;"Gutierrez ";Andrea;;Bahia duff  1577;;;;PUENTE ALTO;REG.METROPOLITANA;CL;34990;0;3990;0;38980;0;CLP
000000529315;23693707101-A;14/06/2025 17:33:47;Cerrado;39990;0;39990;7198;0.0000;32792;1;FULFILLMENT-CHAQUETA LARGA IMPERMEABLE OLIVA CLARO NICOPOLY;MPM10002725923-1;N05191MS-FF;14/06/2025 17:33:49;FF_MATRIX;Carreno;Isabel;;Avenida las nieves oriente 2516;61;;;PUENTE ALTO;REG.METROPOLITANA;CL;Carreno;Isabel;;Avenida las nieves oriente 2516;;;;PUENTE ALTO;REG.METROPOLITANA;CL;39990;0;0;0;39990;0;CLP
000000529315;23693741101-A;14/06/2025 17:48:48;Cerrado;75980;389;76369;13676;0.0000;62304;2;PARKA SIN MANGAS CORDÓN EN COLOR NEGRO NICOPOLY;MPM10001753190-3;N04319BM;14/06/2025 17:48:49;Flujo Same day BX;Orellana Pereira;Claudio;;Sucre 2211;S/N;;;NUNOA;REG.METROPOLITANA;CL;Orellana Pereira;Claudio;;Sucre 2211;;;;NUNOA;REG.METROPOLITANA;CL;75980;0;389;0;76369;0;CLP
000000529315;23693934801-A;14/06/2025 19:33:46;Cerrado;24990;990;25980;4498;0.0000;20492;1;CAMISA ALGODÓN MUJER NICOPOLY ROJO BÁSICA;MPM10002128972-1;N05285DS;14/06/2025 19:33:47;4d_Retiro Tienda Ripley Plaza Vespucio;Contreras;Fanny;;"Av. Vicuña Mackenna Ote. 7110, La Florida ";3er Piso. Modulo Retiro en Tienda;;;LA FLORIDA;REG.METROPOLITANA;CL;Contreras;Fanny;;Doctor Sotero del Rio 109;;;;LA FLORIDA;REG.METROPOLITANA;CL;24990;0;990;0;25980;0;CLP
000000529315;23694271601-A;14/06/2025 22:25:12;Cerrado;39990;4990;44980;7198;0.0000;32792;1;FULFILLMENT-CHAQUETA CORTA IMPERMEABLE NEGRO NICOPOLY;MPM10002725913-2;N05190BL-FF;14/06/2025 22:25:13;FF_MATRIX;Fernández;Ignacia;;Altos del Tepual pasaje betel geuse 3013;Casa;;;PTO.MONTT;X REGION;CL;Fernández;Ignacia;;Altos del Tepual pasaje betel geuse 3013;;;;PTO.MONTT;X REGION;CL;39990;0;4990;0;44980;0;CLP
000000529315;23694507402-A;15/06/2025 00:52:42;Cerrado;28490;10990;39480;5128;0.0000;23362;1;PARKA CORTA QUILT CON GORRO EN COLOR NEGRO NICOPOLY;MPM10001383868-1;N04221BL;15/06/2025 00:52:43;Flujo Crossdock- Ripley PAQ;Cortes;Priscilla;;Calle nueva 2 1807;S/N;;;CALAMA;II REGION;CL;Cortes;Priscilla;;Calle nueva 2 1807;;;;CALAMA;II REGION;CL;28490;0;10990;0;39480;0;CLP
000000529315;23694507401-A;15/06/2025 00:52:42;Cerrado;39990;10990;50980;7198;0.0000;32792;1;FULFILLMENT-CHAQUETA CORTA IMPERMEABLE OLIVA NICOPOLY;MPM10002725933-2;N05190MS-FF;15/06/2025 00:52:45;FF_MATRIX;Cortes;Priscilla;;Calle nueva 2 1807;S/N;;;CALAMA;II REGION;CL;Cortes;Priscilla;;Calle nueva 2 1807;;;;CALAMA;II REGION;CL;39990;0;10990;0;50980;0;CLP
000000529315;23694646601-A;15/06/2025 09:44:50;Cerrado;39990;990;40980;7198;0.0000;32792;1;CHAQUETA PUFFER COTELÉ CAMEL NICOPOLY;MPM10002661339-3;N05154LS;15/06/2025 09:44:51;Flujo Crossdock- Ripley PAQ;Robles;Alexandra;;Mina campanilla 3907;Casa;;;LA SERENA;IV REGION;CL;Robles;Alexandra;;Mina campanilla 3907;;;;LA SERENA;IV REGION;CL;39990;0;990;0;40980;0;CLP
000000529315;23694733601-A;15/06/2025 11:10:30;Reembolsado;19990;0;19990;3598;0.0000;16392;1;CALZA MUJER NICOPOLY BURDEOS/NEGRO VICHY CON CIERRE;MPM10001465171-1;N03033TS-4;15/06/2025 11:10:31;10d_Retiro Tienda Ripley Calama;Contreras;Alejandra;;"Balmaceda 3242, Calama ";" 2do Piso. Servicio al Cliente";;;CALAMA;II REGION;CL;Contreras;Alejandra;;Taira 952;;;;CALAMA;II REGION;CL;19990;0;0;0;19990;0;CLP
000000529315;23694777501-A;15/06/2025 11:39:45;Cerrado;7990;990;8980;1438;0.0000;6552;1;BUFANDA GRUESA EN COLOR ROJO NICOPOLY;MPM10002663023-1;N05334DF;15/06/2025 11:39:46;4d_Retiro Tienda Ripley Costanera Center;Lizana;Marcela;;"Avenida Andrés Bello 2422 ";" 1er Piso. Modulo Retiro en Tienda";;;PROVIDENCIA;REG.METROPOLITANA;CL;Lizana;Marcela;;EXEQUIEL FERNANDEZ 2302;;;;PROVIDENCIA;REG.METROPOLITANA;CL;7990;0;990;0;8980;0;CLP
000000529315;23694989101-A;15/06/2025 14:01:19;Cerrado;34990;3990;38980;6298;0.0000;28692;1;CHAQUETA MITAD CHIPORRO/PARKA EN COLOR NEGRO NICOPOLY;MPM10001383882-2;N04152BS;15/06/2025 14:01:20;Flujo Same day BX;Tenorio;Irma;;Pasaje andacollo 02206;Casa;;;PUENTE ALTO;REG.METROPOLITANA;CL;Tenorio;Irma;;Pasaje andacollo 02206;;;;PUENTE ALTO;REG.METROPOLITANA;CL;34990;0;3990;0;38980;0;CLP
000000529315;23695019301-A;15/06/2025 14:22:30;Cerrado;36990;990;37980;6658;0.0000;30332;1;PARKA MIDI TIPO QUILT BOLSILLOS GRIS NICOPOLY;MPM10001383857-1;N04212NS;15/06/2025 14:22:31;5d_Retiro Tienda Ripley Valparaíso;Pinto Lopez;Priscila;;"Plaza Victoria 1646 ";" 4to Piso. Servicio al Cliente";;;VALPARAISO;V REGION;CL;Pinto Lopez;Priscila;;Republica 4 4;;;;VALPARAISO;V REGION;CL;36990;0;990;0;37980;0;CLP
000000529315;23695164901-A;15/06/2025 15:51:39;Cerrado;59990;4990;64980;10798;0.0000;49192;1;ABRIGO BÁSICO 2 BOTONES EN COLOR NEGRO NICOPOLY;MPM10002646293-2;N05255BS;15/06/2025 15:51:40;Flujo Crossdock- Ripley PAQ;Corvalan;Ema;;47 Oriente 3393;S/N;;;TALCA;VII REGION;CL;Corvalan;Ema;;47 Oriente 3393;;;;TALCA;VII REGION;CL;59990;0;4990;0;64980;0;CLP
000000529315;23695215901-A;15/06/2025 16:16:04;Cerrado;55990;0;55990;10078;0.0000;45912;1;ABRIGO FORRO TIPO PIEL GRAFITO NICOPOLY;MPM10002661326-2;N05147NM;15/06/2025 16:16:05;4d_Retiro Tienda Ripley Florida Center;Briceno;Susana;;"Vicuña Mackenna Oriente 6100, La Florida ";3er Piso. Modulo Retiro en Tienda;;;LA FLORIDA;REG.METROPOLITANA;CL;Briceno;Susana;;av vicuña mackenna pte 6491;;;;LA FLORIDA;REG.METROPOLITANA;CL;55990;0;0;0;55990;0;CLP
000000529315;23695387101-A;15/06/2025 17:42:26;Cerrado;34990;990;35980;6298;0.0000;28692;1;BOMBER TIPO GAMUZA CAMEL NICOPOLY;MPM10002635841-2;N05184UL;15/06/2025 17:42:27;4d_Retiro Tienda Ripley Plaza Vespucio;Silva Lopez;Priscilla;;"Av. Vicuña Mackenna Ote. 7110, La Florida ";3er Piso. Modulo Retiro en Tienda;;;LA FLORIDA;REG.METROPOLITANA;CL;Silva Lopez;Priscilla;;Rosa Ester  03163;;;;LA FLORIDA;REG.METROPOLITANA;CL;34990;0;990;0;35980;0;CLP
000000529315;23695708901-A;15/06/2025 20:08:47;Cerrado;51990;0;51990;9358;0.0000;42632;1;ABRIGO CUADRILLÉ EN COLOR NEGRO NICOPOLY;MPM10002646320-2;N05288BL;15/06/2025 20:08:48;Flujo Same day BX;Ortiz Castro;Lindoriza;;José Joaquín prieto 8340;D 113;;;LA CISTERNA;REG.METROPOLITANA;CL;Ortiz Castro;Lindoriza;;José Joaquín prieto 8340;;;;LA CISTERNA;REG.METROPOLITANA;CL;51990;0;0;0;51990;0;CLP
000000529315;23695840102-A;15/06/2025 21:05:07;Cerrado;63990;3990;67980;11518;0.0000;52472;1;ABRIGO FORRO TIPO PIEL GRAFITO NICOPOLY;MPM10002661326-1;N05147NXL;15/06/2025 21:05:09;Flujo Same day BX;Chacon;Maribel;;Los hinojos  3520;Casa;;;RENCA;REG.METROPOLITANA;CL;Chacon;Maribel;;Los hinojos  3520;;;;RENCA;REG.METROPOLITANA;CL;63990;0;3990;0;67980;0;CLP
000000529315;23695996901-A;15/06/2025 22:03:40;Cerrado;22990;3990;26980;4138;0.0000;18852;1;VESTIDO MIDI MUJER NICOPOLY NEGRO ACANALADO TAJO;MPM10002128945-1;N05218BS;15/06/2025 22:03:41;Flujo Same day BX;Chica;Gloria;;Matucana 1251;213;;;SANTIAGO;REG.METROPOLITANA;CL;Chica;Gloria;;Matucana 1251;;;;SANTIAGO;REG.METROPOLITANA;CL;22990;0;3990;0;26980;0;CLP
000000529315;23696302401-A;16/06/2025 00:11:42;Reembolsado;30990;0;30990;5578;0.0000;25412;1;CHAQUETA LEÑADORA CAMEL NICOPOLY;MPM00040988842-3;N02150LM;16/06/2025 00:11:44;5d_Retiro Tienda Ripley El Trébol;Garcs;Camila;;"Avenida Jorge Alessandri 3177 ";" 3er Piso. Modulo Retiro en Tienda";;;TALCAHUANO;VIII REGION;CL;Garcs;Camila;;Pasaje liguria 2752;;;;TALCAHUANO;VIII REGION;CL;30990;0;0;0;30990;0;CLP
000000529315;23696395901-A;16/06/2025 01:56:47;Cerrado;12990;990;13980;2338;0.0000;10652;1;SWEATER PELUDO RECOGIDO LATERAL GRIS NICOPOLY;MPM10001465176-2;N04173NL;16/06/2025 01:56:48;4d_Retiro Tienda Ripley Plaza Vespucio;Osorio;Catalina;;"Av. Vicuña Mackenna Ote. 7110, La Florida ";3er Piso. Modulo Retiro en Tienda;;;LA FLORIDA;REG.METROPOLITANA;CL;Osorio;Catalina;;3 norte 0730;;;;LA FLORIDA;REG.METROPOLITANA;CL;12990;0;990;0;13980;0;CLP
000000529315;23696614401-A;16/06/2025 10:50:57;Cerrado;55990;990;56980;10078;0.0000;45912;1;ABRIGO FORRO TIPO PIEL GRAFITO NICOPOLY;MPM10002661326-2;N05147NM;16/06/2025 10:50:58;4d_Retiro Tienda Ripley Plaza Egaña;"Busto Tafur ";"Yanina ";;"Larrain 5800 ";" 3er Piso. Modulo Retiro en Tienda";;;NUNOA;REG.METROPOLITANA;CL;"Busto Tafur ";"Yanina ";;Buzo Sobenes 5169;;;;NUNOA;REG.METROPOLITANA;CL;55990;0;990;0;56980;0;CLP
000000529315;23696659301-A;16/06/2025 11:13:27;Cerrado;42990;0;42990;7738;0.0000;35252;1;BLAZER CRUZADO ECOCUERO EN COLOR NEGRO NICOPOLY;MPM10001849471-2;N05105BS;16/06/2025 11:13:29;10d_Retiro Tienda Ripley Antofagasta;Vigorena;Ximena;;"Arturo Prat 530 ";" 4to Piso. Servicio al Cliente";;;ANTOFAGASTA;II REGION;CL;Vigorena;Ximena;;El yodo 8265;;;;ANTOFAGASTA;II REGION;CL;42990;0;0;0;42990;0;CLP
000000529315;23696702401-A;16/06/2025 11:38:34;Cerrado;22990;990;23980;4138;0.0000;18852;1;SWEATER BEATLE BRILLOS CELESTE NICOPOLY;MPM00084127256-1;N02015KL;16/06/2025 11:38:35;4d_Retiro Tienda Ripley Los Dominicos;Cisternas;Lissette;;"Padre Hurtado Sur 875 ";1er Piso. Servicio al Cliente;;;LAS CONDES;REG.METROPOLITANA;CL;Cliente;Doris;;Atacamenos 8951;;;;LAS CONDES;REG.METROPOLITANA;CL;22990;0;990;0;23980;0;CLP
000000529315;23696718101-A;16/06/2025 11:48:38;Cerrado;7990;990;8980;1438;0.0000;6552;1;BUFANDA CUADRILLÉ GRANDE MOCA NICOPOLY;MPM10002662998-1;N05335LF;16/06/2025 11:48:40;5d_Retiro Tienda Ripley Viña del Mar Sucre;Estay Yuivar;Roxana;;"Sucre 290, Viña ";5to Piso. Modulo Retiro en Tienda;;;VI.A DEL MA;V REGION;CL;Estay Yuivar;Roxana;;Londres 1378;;;;VI.A DEL MA;V REGION;CL;7990;0;990;0;8980;0;CLP
000000529315;23696755401-A;16/06/2025 12:10:19;Cerrado;19990;990;20980;3598;0.0000;16392;1;SWEATER BEATLE ACANALADO EN COLOR NEGRO NICOPOLY;MPM10001497418-3;N04169BM;16/06/2025 12:10:21;4d_Retiro Tienda Ripley Plaza Vespucio;Rubio;"Natalia ";;"Av. Vicuña Mackenna Ote. 7110, La Florida ";3er Piso. Modulo Retiro en Tienda;;;LA FLORIDA;REG.METROPOLITANA;CL;Rubio;"Natalia ";;Volcan Villarrica  3361;;;;LA FLORIDA;REG.METROPOLITANA;CL;19990;0;990;0;20980;0;CLP
000000529315;23697153102-A;16/06/2025 15:48:15;Reembolsado;7990;990;8980;1438;0.0000;6552;1;BUFANDA GRUESA GRAFITO NICOPOLY;MPM10002663026-1;N05334NF;16/06/2025 15:48:17;4d_Retiro Tienda Ripley Costanera Center;Leiva;Gerardo;;"Avenida Andrés Bello 2422 ";" 1er Piso. Modulo Retiro en Tienda";;;PROVIDENCIA;REG.METROPOLITANA;CL;Leiva;Gerardo;;Emilia Tellez 4805;;;;PROVIDENCIA;REG.METROPOLITANA;CL;7990;0;990;0;8980;0;CLP
000000529315;23697312301-A;16/06/2025 17:12:57;Cerrado;30990;0;30990;5578;0.0000;25412;1;CHAQUETA LEÑADORA BEIGE NICOPOLY;MPM00040988712-1;N02150AL;16/06/2025 17:12:58;Flujo Same day BX;Saavedra;Karen Pamela;;La Vara 21021;Condominio Portico;;;PUDAHUEL;REG.METROPOLITANA;CL;Saavedra;Karen Pamela;;La Vara 21021;;;;PUDAHUEL;REG.METROPOLITANA;CL;30990;0;0;0;30990;0;CLP
000000529315;23697379401-A;16/06/2025 17:46:04;Cerrado;51990;0;51990;9358;0.0000;42632;1;ABRIGO CUADRILLÉ EN COLOR NEGRO NICOPOLY;MPM10002646320-2;N05288BL;16/06/2025 17:46:05;4d_Retiro Tienda Ripley San Bernardo;Montero;Lorena;;"Av. Pdte. Jorge Alessandri Rodríguez 20040, San Bernardo ";2do Piso. Modulo Retiro en Tienda;;;SN.BERNARDO;REG.METROPOLITANA;CL;Montero;Lorena;;Covadonga 935;;;;SN.BERNARDO;REG.METROPOLITANA;CL;51990;0;0;0;51990;0;CLP
000000529315;23697400801-A;16/06/2025 18:02:47;Cerrado;44990;0;44990;8098;0.0000;36892;1;FULFILLMENT-ABRIGO PIED DE POULE NEGRO NICOPOLY;MPM10002725929-1;N04199BS-6-FF;16/06/2025 18:02:49;FF_MATRIX;"Chvez Solis ";Nicole Loreto;;Pasaje trece 1/2 sur 3193;Casa;;;TALCA;VII REGION;CL;"Chvez Solis ";Nicole Loreto;;Pasaje trece 1/2 sur 3193;;;;TALCA;VII REGION;CL;44990;0;0;0;44990;0;CLP
000000529315;23697598101-A;16/06/2025 20:00:14;Cerrado;44990;3990;48980;8098;0.0000;36892;1;PARKA QUILT BROCHES GRIS BRILLANTE NICOPOLY;MPM10001383859-3;N04148NM;16/06/2025 20:00:15;Flujo Same day BX;Perez;"Sofia ";;Malaga  212;22;;;LAS CONDES;REG.METROPOLITANA;CL;Perez;"Sofia ";;Malaga  212;;;;LAS CONDES;REG.METROPOLITANA;CL;44990;0;3990;0;48980;0;CLP
000000529315;23697730001-A;16/06/2025 21:01:32;Cerrado;21990;4990;26980;3958;0.0000;18032;1;CÁRDIGAN MUJER NICOPOLY NEGRO BÁSICO BOTONES;MPM10002128957-3;N05251BS;16/06/2025 21:01:33;Flujo Crossdock- Ripley PAQ;Vergara;Marcia;;Lago ranco  417;Casa;;;SN.BERNARDO;REG.METROPOLITANA;CL;Vergara;Marcia;;Lago ranco  417;;;;SN.BERNARDO;REG.METROPOLITANA;CL;21990;0;4990;0;26980;0;CLP
000000529315;23697999501-A;16/06/2025 22:45:50;Cerrado;39990;0;39990;7198;0.0000;32792;1;BLAZER UN BOTÓN EN COLOR ROJO NICOPOLY;MPM10002635855-1;N05318TL;16/06/2025 22:45:51;5d_Retiro Tienda Ripley Mall Concepción;Toledo Brenet;Genesis;;"Barros Arana 1068, Concepcion ";" 3er Piso. Modulo Retiro en Tienda";;;CONCEPCION;VIII REGION;CL;Leon;Alonso Rodrigo;;Pasaje Roma 3882;;;;CONCEPCION;VIII REGION;CL;39990;0;0;0;39990;0;CLP
000000529315;23698152501-A;17/06/2025 00:19:13;Cerrado;37990;990;38980;6838;0.0000;31152;1;CHAQUETA BIKER ECOCUERO CORTA GRIS NICOPOLY;MPM10001383963-4;N04201NL;17/06/2025 00:19:15;10d_Retiro Tienda Ripley Pto. Montt Costanera;Oyarzún;"Bastián ";;"Juan Soler Manfredini 10 ";" 6to Piso. Modulo Retiro en Tienda";;;PTO.MONTT;X REGION;CL;Zuhayle;Yazmin;;Luis Ross 3;;;;PTO.MONTT;X REGION;CL;37990;0;990;0;38980;0;CLP
000000529315;23698179601-A;17/06/2025 00:44:27;Cerrado;23990;0;23990;4318;0.0000;19672;1;SWEATER CANALÉ CUELLO TORTUGA EN COLOR BLANCO INVIERNO NICOPOLY;MPM10002661342-2;N03150AL-6;17/06/2025 00:44:28;Flujo Same day BX;Michelle Estay;Michelle Estay;;TERESA VIAL 1235;62;;;SAN MIGUEL;REG.METROPOLITANA;CL;Michelle Estay;Michelle Estay;;TERESA VIAL 1235;;;;SAN MIGUEL;REG.METROPOLITANA;CL;23990;0;0;0;23990;0;CLP
000000529315;23698179601-A;17/06/2025 00:44:27;Cerrado;24990;0;24990;4498;0.0000;20492;1;CHAQUETA QUILT TIPO CAMISERA EN COLOR NEGRO NICOPOLY;MPM10001383909-3;N04190BL;17/06/2025 00:44:28;Flujo Same day BX;Michelle Estay;Michelle Estay;;TERESA VIAL 1235;62;;;SAN MIGUEL;REG.METROPOLITANA;CL;Michelle Estay;Michelle Estay;;TERESA VIAL 1235;;;;SAN MIGUEL;REG.METROPOLITANA;CL;24990;0;0;0;24990;0;CLP
000000529315;23698417401-A;17/06/2025 10:31:40;Cerrado;39990;0;39990;7198;0.0000;32792;1;FULFILLMENT-ABRIGO CORTO NEGRO NICOPOLY;MPM10002725916-2;N05160BM-FF;17/06/2025 10:31:42;FF_MATRIX_DX;Rivas;Ivana;;SAN ISIDRO 292;1002;;;SANTIAGO;REG.METROPOLITANA;CL;Rivas;Ivana;;SAN ISIDRO 292;;;;SANTIAGO;REG.METROPOLITANA;CL;39990;0;0;0;39990;0;CLP
000000529315;23698420201-A;17/06/2025 10:35:43;Reembolsado;7990;495;8485;1438;0.0000;6552;1;BUFANDA GRUESA MOSTAZA NICOPOLY;MPM10002663005-1;N05334FF;17/06/2025 10:35:44;5d_Retiro Tienda Ripley Talca;Garcia;"Nelson ";;"8 Oriente 1212 ";" 2do Piso. Modulo Retiro en Tienda";;;TALCA;VII REGION;CL;Iturra;Lucia;;2 norte 2 oriente  862;;;;TALCA;VII REGION;CL;7990;0;495;0;8485;0;CLP
000000529315;23698420201-A;17/06/2025 10:35:43;Reembolsado;7990;495;8485;1438;0.0000;6552;1;BUFANDA GRUESA AZUL ELÉCTRICO NICOPOLY;MPM10002663013-1;N05334CF;17/06/2025 10:35:44;5d_Retiro Tienda Ripley Talca;Garcia;"Nelson ";;"8 Oriente 1212 ";" 2do Piso. Modulo Retiro en Tienda";;;TALCA;VII REGION;CL;Iturra;Lucia;;2 norte 2 oriente  862;;;;TALCA;VII REGION;CL;7990;0;495;0;8485;0;CLP
000000529315;23698479801-A;17/06/2025 11:09:15;Cerrado;41990;0;41990;7558;0.0000;34432;1;FULFILLMENT-ABRIGO BOUCLÉ GRAFITO NICOPOLY;MPM10002725920-4;N05163NXL-FF;17/06/2025 11:09:16;FF_MATRIX;Sovino;Paulina;;Diego Portales 1099;S/N;;;VI.A DEL MA;V REGION;CL;Sovino;Paulina;;Diego Portales 1099;;;;VI.A DEL MA;V REGION;CL;41990;0;0;0;41990;0;CLP
000000529315;23698766801-A;17/06/2025 14:10:06;Cerrado;37990;4990;42980;6838;0.0000;31152;1;PARKA SIN MANGAS CORDÓN EN COLOR NEGRO NICOPOLY;MPM10001753190-3;N04319BM;17/06/2025 14:10:07;Flujo Crossdock- Ripley PAQ;Silva;Evelyn;;Israel roizblatt  31;34;;;VALPARAISO;V REGION;CL;Silva;Evelyn;;Israel roizblatt  31;;;;VALPARAISO;V REGION;CL;37990;0;4990;0;42980;0;CLP
000000529315;23699001501-A;17/06/2025 16:34:30;Cerrado;37990;0;37990;6838;0.0000;31152;1;FULFILLMENT-TRENCH HEBILLA OLIVA NICOPOLY;MPM10002725904-3;N05051MM-6-FF;17/06/2025 16:34:32;FF_MATRIX;Córdoba;Claudia;;Avenida Salvador 1050;casaz;;;PROVIDENCIA;REG.METROPOLITANA;CL;Córdoba;Claudia;;Avenida Salvador 1050;;;;PROVIDENCIA;REG.METROPOLITANA;CL;37990;0;0;0;37990;0;CLP
000000529315;23699197601-A;17/06/2025 18:29:21;Cerrado;4990;0;4990;898;0.0000;4092;1;CUELLO TIPO PIEL BEIGE NICOPOLY;MPM10002663011-1;N05337GF;17/06/2025 18:29:22;Flujo Crossdock- Ripley PAQ;Santander Escares;Patricia Elizabeth;;Raul castro 776 pob pablo neruda 4  776;Casa;;;CORONEL;VIII REGION;CL;Santander Escares;Patricia Elizabeth;;Raul castro 776 pob pablo neruda 4  776;;;;CORONEL;VIII REGION;CL;4990;0;0;0;4990;0;CLP
000000529315;23699733401-A;17/06/2025 23:05:52;Cerrado;37990;990;38980;6838;0.0000;31152;1;PARKA SIN MANGAS CORDÓN EN COLOR BLANCO INVIERNO NICOPOLY;MPM10001753189-2;N04319AXL;17/06/2025 23:05:53;4d_Retiro Tienda Ripley Los Dominicos;"Gana ";"Giovanna ";;"Padre Hurtado Sur 875 ";1er Piso. Servicio al Cliente;;;LAS CONDES;REG.METROPOLITANA;CL;Cesped;Wladimir;;Emaus 13822;;;;LAS CONDES;REG.METROPOLITANA;CL;37990;0;990;0;38980;0;CLP
000000529315;23699864301-A;18/06/2025 00:22:55;Cerrado;41990;4990;46980;7558;0.0000;34432;1;BLAZER LARGO DE TOPE EN COLOR NEGRO NICOPOLY;MPM10002635853-3;N05275BS;18/06/2025 00:22:57;Flujo Crossdock- Ripley PAQ;Cartes Pinilla;Mara Laura;;Los alamos 91;B;;;PAINE;REG.METROPOLITANA;CL;Cartes Pinilla;Mara Laura;;Los alamos 91;;;;PAINE;REG.METROPOLITANA;CL;41990;0;4990;0;46980;0;CLP
000000529315;23700094901-A;18/06/2025 10:19:12;Cerrado;37990;4990;42980;6838;0.0000;31152;1;PARKA SIN MANGAS CORDÓN EN COLOR NEGRO NICOPOLY;MPM10001753190-3;N04319BM;18/06/2025 10:19:13;Flujo Crossdock- Ripley PAQ;Mundaca;Maribel;;Cabildo 1492;casa;;;CHILLAN;VIII REGION;CL;Mundaca;Maribel;;Cabildo 1492;;;;CHILLAN;VIII REGION;CL;37990;0;4990;0;42980;0;CLP
000000529315;23700197401-A;18/06/2025 11:27:45;Cerrado;37490;4990;42480;6748;0.0000;30742;1;PARKA LARGA QUILT CINTURA AJUSTABLE EN COLOR NEGRO NICOPOLY;MPM10001383873-4;N04222BL;18/06/2025 11:27:46;Flujo Crossdock- Ripley PAQ;Chacon;Paula;;Aminta Lara , Germán riesco 1710;S/N;;;CURACAVI;REG.METROPOLITANA;CL;Chacon;Paula;;Aminta Lara , Germán riesco 1710;;;;CURACAVI;REG.METROPOLITANA;CL;37490;0;4990;0;42480;0;CLP
000000529315;23700214201-A;18/06/2025 11:37:30;Cerrado;39990;0;39990;7198;0.0000;32792;1;BLAZER MUJER NICOPOLY MORADO CUELLO MAO;MPM10002160537-2;N00156ZL-6;18/06/2025 11:37:31;Flujo Same day BX;Soto;María;;Avenida las torres 570;S/N;;;LO PRADO;REG.METROPOLITANA;CL;Soto;María;;Avenida las torres 570;;;;LO PRADO;REG.METROPOLITANA;CL;39990;0;0;0;39990;0;CLP
000000529315;23700577001-A;18/06/2025 15:06:58;Cerrado;39990;0;39990;7198;0.0000;32792;1;FULFILLMENT-ABRIGO CORTO KHAKI NICOPOLY;MPM10002725918-2;N05160LM-FF;18/06/2025 15:06:59;FF_MATRIX;Saavedra;Paola;;Jose miguel Carrera 29;"Casa reja roja frente a la multicancha ";;;CABILDO;V REGION;CL;Saavedra;Paola;;Jose miguel Carrera 29;;;;CABILDO;V REGION;CL;39990;0;0;0;39990;0;CLP
000000529315;23700577001-A;18/06/2025 15:06:58;Cerrado;39990;0;39990;7198;0.0000;32792;1;FULFILLMENT-ABRIGO CORTO NEGRO NICOPOLY;MPM10002725916-2;N05160BM-FF;18/06/2025 15:06:59;FF_MATRIX;Saavedra;Paola;;Jose miguel Carrera 29;"Casa reja roja frente a la multicancha ";;;CABILDO;V REGION;CL;Saavedra;Paola;;Jose miguel Carrera 29;;;;CABILDO;V REGION;CL;39990;0;0;0;39990;0;CLP
000000529315;23700936901-A;18/06/2025 18:19:56;Cerrado;24990;990;25980;4498;0.0000;20492;1;CHAQUETA QUILT TIPO CAMISERA EN COLOR NEGRO NICOPOLY;MPM10001383909-4;N04190BS;18/06/2025 18:19:58;10d_Retiro Tienda Ripley San Fernando;Vargas;Andrea;;"Bernardo Ohiggins 701 ";" 3er Piso. Modulo Retiro en Tienda";;;SAN FERNANDO;VI REGION;CL;Vargas;Andrea;;Pasaje soinca 09;;;;SAN FERNANDO;VI REGION;CL;24990;0;990;0;25980;0;CLP
000000529315;23700965101-A;18/06/2025 18:36:26;Cerrado;7990;0;7990;1438;0.0000;6552;1;BUFANDA GRUESA MOCA NICOPOLY;MPM10002662981-1;N05334LF;18/06/2025 18:36:28;Flujo Crossdock- Ripley PAQ;Ogueda;Ingrid;;Calle Brasil 714;Casa;;;CHIGUAYANTE;VIII REGION;CL;Ogueda;Ingrid;;Calle Brasil 714;;;;CHIGUAYANTE;VIII REGION;CL;7990;0;0;0;7990;0;CLP
000000529315;23701055201-A;18/06/2025 19:30:12;Cerrado;55990;990;56980;10078;0.0000;45912;1;ABRIGO FORRO TIPO PIEL GRAFITO NICOPOLY;MPM10002661326-2;N05147NM;18/06/2025 19:30:14;5d_Retiro Tienda Ripley La Calera;Zuiga Mansilla;Solange;;"JJ Perez 90, La Calera ";" 2do Piso. Modulo Retiro en Tienda";;;CALERA;V REGION;CL;Zuiga Mansilla;Solange;;av las americas villa el carmen 110;;;;CALERA;V REGION;CL;55990;0;990;0;56980;0;CLP
000000529315;23701096902-A;18/06/2025 19:50:21;Cerrado;37990;5495;43485;6838;0.0000;31152;1;CHAQUETA BIKER ECOCUERO CORTA GRIS NICOPOLY;MPM10001383963-4;N04201NL;18/06/2025 19:50:24;Flujo Crossdock- Ripley PAQ;Tamborino;Giannina;;12 de febrero 1469 1469;casa;;;IQUIQUE;I REGION;CL;Tamborino;Giannina;;12 de febrero 1469 1469;;;;IQUIQUE;I REGION;CL;37990;0;5495;0;43485;0;CLP
000000529315;23701096902-A;18/06/2025 19:50:21;Cerrado;39990;5495;45485;7198;0.0000;32792;1;BLAZER MUJER NICOPOLY MORADO CUELLO MAO;MPM10002160537-2;N00156ZL-6;18/06/2025 19:50:24;Flujo Crossdock- Ripley PAQ;Tamborino;Giannina;;12 de febrero 1469 1469;casa;;;IQUIQUE;I REGION;CL;Tamborino;Giannina;;12 de febrero 1469 1469;;;;IQUIQUE;I REGION;CL;39990;0;5495;0;45485;0;CLP
000000529315;23701196701-A;18/06/2025 20:37:26;Reembolsado;41990;0;41990;7558;0.0000;34432;1;FULFILLMENT-ABRIGO BOUCLÉ GRAFITO NICOPOLY;MPM10002725920-3;N05163NL-FF;18/06/2025 20:37:27;FF_MATRIX;Cordero;Yessenia Fabiola;;las cascadas 2131;casa;;;LAMPA;REG.METROPOLITANA;CL;Cordero;Yessenia Fabiola;;las cascadas 2131;;;;LAMPA;REG.METROPOLITANA;CL;41990;0;0;0;41990;0;CLP
000000529315;23701350702-A;18/06/2025 21:47:31;Cerrado;39990;990;40980;7198;0.0000;32792;1;PARKA SIN MANGAS IMÁN CUELLO EN COLOR ROJO NICOPOLY;MPM10001383854-4;N04187DL;18/06/2025 21:47:32;Flujo Crossdock- Ripley PAQ;Ramos;Susana;;Graciela del carmen Villarroel  37;S/N;;;BUIN;REG.METROPOLITANA;CL;Ramos;Susana;;Graciela del carmen Villarroel  37;;;;BUIN;REG.METROPOLITANA;CL;39990;0;990;0;40980;0;CLP
000000529315;23701357001-A;18/06/2025 21:51:49;Cerrado;51990;4990;56980;9358;0.0000;42632;1;ABRIGO CUADRILLÉ EN COLOR NEGRO NICOPOLY;MPM10002646320-2;N05288BL;18/06/2025 21:51:51;Flujo Crossdock- Ripley PAQ;Avila;Emilia;;Los Libertadores 955;Talle;;;EL MONTE;REG.METROPOLITANA;CL;Avila;Emilia;;Los Libertadores 955;;;;EL MONTE;REG.METROPOLITANA;CL;51990;0;4990;0;56980;0;CLP
000000529315;23701412701-A;18/06/2025 22:12:46;Cerrado;41990;0;41990;7558;0.0000;34432;1;FULFILLMENT-ABRIGO BOUCLÉ KHAKI NICOPOLY;MPM10002725908-1;N05163LXL-FF;18/06/2025 22:12:48;FF_MATRIX_ND;"Arenas Gonzlez ";Carolina Alejandra;;Chiloe  5373;143;;;SAN MIGUEL;REG.METROPOLITANA;CL;"Arenas Gonzlez ";Carolina Alejandra;;Chiloe  5373;;;;SAN MIGUEL;REG.METROPOLITANA;CL;41990;0;0;0;41990;0;CLP
000000529315;23701432601-A;18/06/2025 22:20:38;Cerrado;45980;4579;50559;8276;0.0000;37704;2;SWEATER COLOR BLOCK FUCSIA NICOPOLY;MPM10002627252-3;N05310SM;18/06/2025 22:20:40;Flujo Crossdock- Ripley PAQ;Cadiz;Lidia;;Roberto Ovalle  1;23;;;PENCO;VIII REGION;CL;Cadiz;Lidia;;Roberto Ovalle  1;;;;PENCO;VIII REGION;CL;45980;0;4579;0;50559;0;CLP
000000529315;23701424201-A;18/06/2025 22:21:59;Cerrado;59990;0;59990;10798;0.0000;49192;1;FULFILLMENT-ABRIGO LARGO LAZO CELESTE NICOPOLY;MPM10002725934-1;N04227KM-6-FF;18/06/2025 22:22:00;FF_MATRIX;Vasquez Alvarez;Fanny;;corral de piedra 3;casa;;;SAG.FAMILIA;VII REGION;CL;Vasquez Alvarez;Fanny;;corral de piedra 3;;;;SAG.FAMILIA;VII REGION;CL;59990;0;0;0;59990;0;CLP
000000529315;23701437701-A;18/06/2025 22:24:32;Cerrado;26990;4990;31980;4858;0.0000;22132;1;SOBRECAMISA ALGODÓN MUJER NICOPOLY VERDE OSCURO COTELÉ;MPM10002160504-1;N05201EM;18/06/2025 22:24:33;Flujo Crossdock- Ripley PAQ;Demanet;Gonzalo;;"Edmundo Eluchans 2066 ";Departamento 309;;;VI.A DEL MA;V REGION;CL;Demanet;Gonzalo;;"Edmundo Eluchans 2066 ";;;;VI.A DEL MA;V REGION;CL;26990;0;4990;0;31980;0;CLP
000000529315;23701509501-A;18/06/2025 23:02:10;Cerrado;22990;990;23980;4138;0.0000;18852;1;SWEATER COLOR BLOCK FUCSIA NICOPOLY;MPM10002627252-3;N05310SM;18/06/2025 23:02:11;5d_Retiro Tienda Ripley Mall Concepción;Jara Fuentealba;Jacqueline   De La Rosa;;"Barros Arana 1068, Concepcion ";" 3er Piso. Modulo Retiro en Tienda";;;CONCEPCION;VIII REGION;CL;Jara Fuentealba;Jacqueline   De La Rosa;;Villa las flores Psje3;;;;CONCEPCION;VIII REGION;CL;22990;0;990;0;23980;0;CLP
000000529315;23701574801-A;18/06/2025 23:24:58;Cerrado;23990;0;23990;4318;0.0000;19672;1;CALZA MUJER NICOPOLY NEGRO CIERRES DECORATIVOS;MPM10001710252-1;N05049BS;18/06/2025 23:24:59;4d_Retiro Tienda Ripley Tobalaba;"Espinoza Rivas ";Araceli Alejandra;;"Av. Camilo Henríquez 3296, Puente Alto ";2do Piso. Modulo Retiro en Tienda;;;PUENTE ALTO;REG.METROPOLITANA;CL;"Espinoza Rivas ";Araceli Alejandra;;Mons Horacio Campillo 1210;;;;PUENTE ALTO;REG.METROPOLITANA;CL;23990;0;0;0;23990;0;CLP
000000529315;23701772301-A;19/06/2025 03:40:02;Reembolsado;63990;0;63990;11518;0.0000;52472;1;ABRIGO TIPO PAÑO 2 BOTONES EN COLOR NEGRONICOPOLY;MPM10002646301-2;N05157BL;19/06/2025 03:40:04;Flujo Same day BX;Carvallo;Maureen;;San fernando 1477;1732;;;CONCHALI;REG.METROPOLITANA;CL;Carvallo;Maureen;;San fernando 1477;;;;CONCHALI;REG.METROPOLITANA;CL;63990;0;0;0;63990;0;CLP
000000529315;23701924902-A;19/06/2025 10:13:49;Cerrado;21990;7990;29980;3958;0.0000;18032;1;SWEATER MANGA MUERCIÉLAGO EN COLOR NEGRO NICOPOLY;MPM10002661611-1;N05297BF;19/06/2025 10:13:51;Flujo Crossdock- Ripley PAQ;"Anabaln Salamanca ";Yaritza;;Las delicias  312;S/N;;;CABRERO;VIII REGION;CL;"Anabaln Salamanca ";Yaritza;;Las delicias  312;;;;CABRERO;VIII REGION;CL;21990;0;7990;0;29980;0;CLP
000000529315;23702422002-A;19/06/2025 15:33:26;Cerrado;63990;0;63990;11518;0.0000;52472;1;FULFILLMENT-ABRIGO 4 BOTONES MORADO NICOPOLY;MPM10002725911-1;N05155ZM-FF;19/06/2025 15:33:28;FF_MATRIX;Pizarro;Maria Angelica;;El Llano Subercaseaux  3589;712;;;SAN MIGUEL;REG.METROPOLITANA;CL;Pizarro;Maria Angelica;;El Llano Subercaseaux  3589;;;;SAN MIGUEL;REG.METROPOLITANA;CL;63990;0;0;0;63990;0;CLP
000000529315;23702613901-A;19/06/2025 17:28:47;Cerrado;41990;990;42980;7558;0.0000;34432;1;CHAQUETA ECOCUERO LAZO CAMEL NICOPOLY;MPM10002635848-2;N05152LL;19/06/2025 17:28:49;5d_Retiro Tienda Ripley El Trébol;Muoz;Claudia;;"Avenida Jorge Alessandri 3177 ";" 3er Piso. Modulo Retiro en Tienda";;;TALCAHUANO;VIII REGION;CL;Muoz;Claudia;;Psje uno,salinas 869;;;;TALCAHUANO;VIII REGION;CL;41990;0;990;0;42980;0;CLP
000000529315;23702768702-A;19/06/2025 19:24:18;Cerrado;51990;990;52980;9358;0.0000;42632;1;ABRIGO CUADRILLÉ EN COLOR NEGRO NICOPOLY;MPM10002646320-1;N05288BS;19/06/2025 19:24:20;10d_Retiro Tienda Ripley La Serena;Jerez;Piangela;;"Gregorio Cordovez 499 ";" 3er Piso. Modulo Retiro en Tienda";;;LA SERENA;IV REGION;CL;Jerez;Piangela;;Avenida jose manuel balmaceda  4828;;;;LA SERENA;IV REGION;CL;51990;0;990;0;52980;0;CLP
000000529315;23702778701-A;19/06/2025 19:32:58;Cerrado;6990;990;7980;1258;0.0000;5732;1;BUFANDA SUAVE FUCSIA NICOPOLY;MPM10002662996-1;N05338SF;19/06/2025 19:33:00;5d_Retiro Tienda Ripley Talca;Torres;Jacqueline;;"8 Oriente 1212 ";" 2do Piso. Modulo Retiro en Tienda";;;TALCA;VII REGION;CL;Torres;Jacqueline;;18 sur Villa los Tilos 166;;;;TALCA;VII REGION;CL;6990;0;990;0;7980;0;CLP
000000529315;23702869903-A;19/06/2025 20:30:13;Cerrado;16990;990;17980;3058;0.0000;13932;1;VESTIDO CORTO MUJER NICOPOLY BLANCO ABERTURAS MANGAS;MPM10001849478-1;N02336AM-5;19/06/2025 20:30:15;4d_Retiro Tienda Ripley Plaza Egaña;Donoso;Carola;;"Larrain 5800 ";" 3er Piso. Modulo Retiro en Tienda";;;NUNOA;REG.METROPOLITANA;CL;Donoso;Carola;;Cervantes 3093;;;;NUNOA;REG.METROPOLITANA;CL;16990;0;990;0;17980;0;CLP
000000529315;23703137001-A;19/06/2025 23:04:13;Cerrado;55990;3980;59970;10078;0.0000;45912;1;ABRIGO FORRO TIPO PIEL GRAFITO NICOPOLY;MPM10002661326-4;N05147NS;19/06/2025 23:04:14;Flujo Same day BX;Malaver;"Maria ";;Condell 1872;208;;;NUNOA;REG.METROPOLITANA;CL;Malaver;"Maria ";;Condell 1872;;;;NUNOA;REG.METROPOLITANA;CL;55990;0;3980;0;59970;0;CLP
000000529315;23703544903-A;20/06/2025 11:53:17;Cerrado;12990;3845;16835;2338;0.0000;10652;1;SWEATER PELUDO RECOGIDO LATERAL GRIS NICOPOLY;MPM10001465176-2;N04173NL;20/06/2025 11:53:19;Flujo Crossdock- Ripley PAQ;Valenzuela Vivanco;Victoria Maria;;Los tulipanes 0801;Casa;;;TEMUCO;IX REGION;CL;Valenzuela Vivanco;Victoria Maria;;Los tulipanes 0801;;;;TEMUCO;IX REGION;CL;12990;0;3845;0;16835;0;CLP
000000529315;23703544903-A;20/06/2025 11:53:17;Cerrado;18990;3845;22835;3418;0.0000;15572;1;VESTIDO MUJER NICOPOLY ROJO TUBO CON STRASS;MPM10001849451-3;N05119DL;20/06/2025 11:53:19;Flujo Crossdock- Ripley PAQ;Valenzuela Vivanco;Victoria Maria;;Los tulipanes 0801;Casa;;;TEMUCO;IX REGION;CL;Valenzuela Vivanco;Victoria Maria;;Los tulipanes 0801;;;;TEMUCO;IX REGION;CL;18990;0;3845;0;22835;0;CLP
000000529315;23703619801-A;20/06/2025 12:39:10;Cerrado;41990;0;41990;7558;0.0000;34432;1;FULFILLMENT-ABRIGO BOUCLÉ GRAFITO NICOPOLY;MPM10002725920-2;N05163NM-FF;20/06/2025 12:39:11;FF_MATRIX;Melo Rosales;Laura;;Fernando Marquez de la plata  45;S/N;;;SN.BERNARDO;REG.METROPOLITANA;CL;Melo Rosales;Laura;;Fernando Marquez de la plata  45;;;;SN.BERNARDO;REG.METROPOLITANA;CL;41990;0;0;0;41990;0;CLP
000000529315;23703969202-A;20/06/2025 16:41:53;Cerrado;41990;0;41990;7558;0.0000;34432;1;FULFILLMENT-ABRIGO BOUCLÉ NEGRO NICOPOLY;MPM10002725922-4;N05163BS-FF;20/06/2025 16:41:55;FF_MATRIX;Rengifo Gonzales;Janik;;San Francisco  265;1811;;;SANTIAGO;REG.METROPOLITANA;CL;Rengifo Gonzales;Janik;;San Francisco  265;;;;SANTIAGO;REG.METROPOLITANA;CL;41990;0;0;0;41990;0;CLP
000000529315;23704024601-A;20/06/2025 17:21:00;Cerrado;21990;990;22980;3958;0.0000;18032;1;PANTALÓN MUJER NICOPOLY BLANCO PINZAS TIRO ALTO;MPM10001752491-2;N04120AM-5;20/06/2025 17:21:02;5d_Retiro Tienda Ripley Viña del Mar Sucre;Villagra;Allison;;"Sucre 290, Viña ";5to Piso. Modulo Retiro en Tienda;;;VI.A DEL MA;V REGION;CL;Villagra;Allison;;Doce de octubre 1975;;;;VI.A DEL MA;V REGION;CL;21990;0;990;0;22980;0;CLP
000000529315;23704112601-A;20/06/2025 18:15:37;Cerrado;39990;0;39990;7198;0.0000;32792;1;FULFILLMENT-CHAQUETA LARGA IMPERMEABLE OLIVA CLARO NICOPOLY;MPM10002725923-1;N05191MS-FF;20/06/2025 18:15:40;FF_MATRIX;Iturriaga;Mathias;;CAMILO HENRIQUEZ 3015;1205;;;CONCEPCION;VIII REGION;CL;Iturriaga;Mathias;;CAMILO HENRIQUEZ 3015;;;;CONCEPCION;VIII REGION;CL;39990;0;0;0;39990;0;CLP
000000529315;23704112601-A;20/06/2025 18:15:37;Cerrado;39990;0;39990;7198;0.0000;32792;1;FULFILLMENT-CHAQUETA LARGA IMPERMEABLE OLIVA CLARO NICOPOLY;MPM10002725923-3;N05191MM-FF;20/06/2025 18:15:40;FF_MATRIX;Iturriaga;Mathias;;CAMILO HENRIQUEZ 3015;1205;;;CONCEPCION;VIII REGION;CL;Iturriaga;Mathias;;CAMILO HENRIQUEZ 3015;;;;CONCEPCION;VIII REGION;CL;39990;0;0;0;39990;0;CLP
000000529315;23704260701-A;20/06/2025 19:38:01;Cerrado;29990;2195;32185;5398;0.0000;24592;1;TAPADO BÁSICO BOLSILLOS MAGENTA NICOPOLY;MPM10002635830-1;N05219ZM;20/06/2025 19:38:03;Flujo Same day BX;Painen Norambuena;Lorena;;Santa ana 1761;Casa;;;HUECHURABA;REG.METROPOLITANA;CL;Painen Norambuena;Lorena;;Santa ana 1761;;;;HUECHURABA;REG.METROPOLITANA;CL;29990;0;2195;0;32185;0;CLP
000000529315;23704260701-A;20/06/2025 19:38:01;Cerrado;41990;2195;44185;7558;0.0000;34432;1;BLAZER LARGO DE TOPE EN COLOR NEGRO NICOPOLY;MPM10002635853-1;N05275BL;20/06/2025 19:38:03;Flujo Same day BX;Painen Norambuena;Lorena;;Santa ana 1761;Casa;;;HUECHURABA;REG.METROPOLITANA;CL;Painen Norambuena;Lorena;;Santa ana 1761;;;;HUECHURABA;REG.METROPOLITANA;CL;41990;0;2195;0;44185;0;CLP
000000529315;23704278202-A;20/06/2025 19:49:45;Cerrado;39990;3990;43980;7198;0.0000;32792;1;BLAZER MUJER NICOPOLY MORADO CUELLO MAO;MPM10002160537-2;N00156ZL-6;20/06/2025 19:49:47;Flujo Same day BX;Acua Mercado;Guisela;;los corteses 5470;G;;;NUNOA;REG.METROPOLITANA;CL;Acua Mercado;Guisela;;los corteses 5470;;;;NUNOA;REG.METROPOLITANA;CL;39990;0;3990;0;43980;0;CLP
000000529315;23704571801-A;20/06/2025 22:30:28;Cerrado;39990;1970;41960;7198;0.0000;32792;1;BLAZER 4 BOTONES DECORATIVOS EN COLOR NEGRO NICOPOLY;MPM10001713165-2;N10046BL-5;20/06/2025 22:30:30;Flujo Same day BX;Oyarce;"Veronica ";;Carmen  433;506;;;SANTIAGO;REG.METROPOLITANA;CL;Oyarce;"Veronica ";;Carmen  433;;;;SANTIAGO;REG.METROPOLITANA;CL;39990;0;1970;0;41960;0;CLP
000000529315;23704573601-A;20/06/2025 22:32:03;Cerrado;44990;0;44990;8098;0.0000;36892;1;CHAQUETA REVERSIBLE EN COLOR NEGRO NICOPOLY;MPM10002646333-2;N05189BL;20/06/2025 22:32:04;5d_Retiro Tienda Ripley Rancagua;Varas;Jeannette;;"José Domingo Mujica 490 ";" 3er Piso. Modulo Retiro en Tienda";;;RANCAGUA;VI REGION;CL;Varas;Jeannette;;Población capricornio pasaje 8 308;;;;RANCAGUA;VI REGION;CL;44990;0;0;0;44990;0;CLP
000000529315;23704766601-A;21/06/2025 00:49:02;Cerrado;25990;990;26980;4678;0.0000;21312;1;VESTIDO MUJER NICOPOLY BLANCO STRAPLESS Y ESCOTE V;MPM10001856335-4;N05011AS;21/06/2025 00:49:03;4d_Retiro Tienda Ripley Plaza Egaña;Olivares;Karen;;"Larrain 5800 ";" 3er Piso. Modulo Retiro en Tienda";;;NUNOA;REG.METROPOLITANA;CL;Olivares;Karen;;Portugal 676;;;;NUNOA;REG.METROPOLITANA;CL;25990;0;990;0;26980;0;CLP
000000529315;23704936201-A;21/06/2025 10:04:31;Reembolsado;41990;0;41990;7558;0.0000;34432;1;FULFILLMENT-ABRIGO BOUCLÉ GRAFITO NICOPOLY;MPM10002725920-2;N05163NM-FF;21/06/2025 10:04:32;FF_MATRIX;Orellana;"Pilar ";;Munich 380;S/N;;;RANCAGUA;VI REGION;CL;Orellana;"Pilar ";;Munich 380;;;;RANCAGUA;VI REGION;CL;41990;0;0;0;41990;0;CLP
000000529315;23705205801-A;21/06/2025 13:32:31;Cerrado;14990;990;15980;2698;0.0000;12292;1;CALZA MUJER NICOPOLY BURDEO LISA CON CIERRE S;MPM10001465170-2;N04295TM;21/06/2025 13:32:33;5d_Retiro Tienda Ripley Chillán;Troncoso;Viviana;;"5 de Abril 699 ";4to Piso. Centro de atención al Cliente;;;CHILLAN;VIII REGION;CL;Troncoso;Viviana;;Luis cruz martinez calle osorno 343;;;;CHILLAN;VIII REGION;CL;14990;0;990;0;15980;0;CLP
000000529315;23705508201-A;21/06/2025 16:39:46;Reembolsado;41990;0;41990;7558;0.0000;34432;1;FULFILLMENT-ABRIGO BOUCLÉ GRAFITO NICOPOLY;MPM10002725920-3;N05163NL-FF;21/06/2025 16:39:48;FF_MATRIX;Castro;Katerin;;Calle Nueve, #743 743;S/N;;;CON-CON;V REGION;CL;Castro;Katerin;;Calle Nueve, #743 743;;;;CON-CON;V REGION;CL;41990;0;0;0;41990;0;CLP
000000529315;23705691401-A;21/06/2025 18:21:22;Cerrado;21990;0;21990;3958;0.0000;18032;1;SWEATER BÁSICO PERLAS GRIS NICOPOLY;MPM10002842903-3;N03095NS-7;21/06/2025 18:21:23;8d_Retiro Tienda Ripley Castellón;"Benítez ";"Sofia me ";;"Castellon 520, Concepcion ";6to Piso. Servicio al Cliente;;;CONCEPCION;VIII REGION;CL;Andrade;Mariana;;Hortalizas 230;;;;CONCEPCION;VIII REGION;CL;21990;0;0;0;21990;0;CLP
000000529315;23705731601-A;21/06/2025 18:42:55;Cerrado;7990;495;8485;1438;0.0000;6552;1;BUFANDA GRUESA EN COLOR BLANCO INVIERNO NICOPOLY;MPM10002663004-1;N05334AF;21/06/2025 18:42:57;4d_Retiro Tienda Ripley Costanera Center;Riquelme;Evelyn;;"Avenida Andrés Bello 2422 ";" 1er Piso. Modulo Retiro en Tienda";;;PROVIDENCIA;REG.METROPOLITANA;CL;Vliz;Mabel Elizabeth;;Rupanco 5546;;;;PROVIDENCIA;REG.METROPOLITANA;CL;7990;0;495;0;8485;0;CLP
000000529315;23705731601-A;21/06/2025 18:42:55;Cerrado;6990;495;7485;1258;0.0000;5732;1;BUFANDA SUAVE GRIS NICOPOLY;MPM10002663022-1;N05338IF;21/06/2025 18:42:57;4d_Retiro Tienda Ripley Costanera Center;Riquelme;Evelyn;;"Avenida Andrés Bello 2422 ";" 1er Piso. Modulo Retiro en Tienda";;;PROVIDENCIA;REG.METROPOLITANA;CL;Vliz;Mabel Elizabeth;;Rupanco 5546;;;;PROVIDENCIA;REG.METROPOLITANA;CL;6990;0;495;0;7485;0;CLP
000000529315;23705763803-A;21/06/2025 19:02:52;Cerrado;23990;0;23990;4318;0.0000;19672;1;SWEATER ACANALADO CUELLO BOTE EN COLOR ROJO NICOPOLY;MPM10002842884-3;N05212DS-7;21/06/2025 19:02:53;Flujo Same day BX;Moraga;Betsy;;Vuelo de codorniz oriente   869;Casa;;;PUDAHUEL;REG.METROPOLITANA;CL;Moraga;Betsy;;Vuelo de codorniz oriente   869;;;;PUDAHUEL;REG.METROPOLITANA;CL;23990;0;0;0;23990;0;CLP
000000529315;23705820901-A;21/06/2025 19:38:46;Cerrado;48990;0;48990;8818;0.0000;40172;1;ABRIGO HOMBROS CAÍDOS EN COLOR NEGRO NICOPOLY;MPM10002646330-3;N05174BS;21/06/2025 19:38:48;Flujo Same day BX;Ordoez;Fernanda;;avenida ricardo lyon 394;601A;;;PROVIDENCIA;REG.METROPOLITANA;CL;Ordoez;Fernanda;;avenida ricardo lyon 394;;;;PROVIDENCIA;REG.METROPOLITANA;CL;48990;0;0;0;48990;0;CLP
000000529315;23705846001-A;21/06/2025 19:51:26;Cerrado;39990;0;39990;7198;0.0000;32792;1;FULFILLMENT-ABRIGO CORTO NEGRO NICOPOLY;MPM10002725916-3;N05160BS-FF;21/06/2025 19:51:28;FF_MATRIX;Perez;Romina Fernanda;;Merced 562;1601B;;;SANTIAGO;REG.METROPOLITANA;CL;Perez;Romina Fernanda;;Merced 562;;;;SANTIAGO;REG.METROPOLITANA;CL;39990;0;0;0;39990;0;CLP
000000529315;23706274301-A;22/06/2025 00:14:27;Cerrado;51990;3980;55970;9358;0.0000;42632;1;ABRIGO CUADRILLÉ EN COLOR NEGRO NICOPOLY;MPM10002646320-3;N05288BM;22/06/2025 00:14:29;Flujo Same day BX;Saleh;Paula;;Pablo lemetayer 9107  9107;S/N;;;LA CISTERNA;REG.METROPOLITANA;CL;Saleh;Paula;;Pablo lemetayer 9107  9107;;;;LA CISTERNA;REG.METROPOLITANA;CL;51990;0;3980;0;55970;0;CLP
000000529315;23706356601-A;22/06/2025 01:52:59;Cerrado;39990;0;39990;7198;0.0000;32792;1;FULFILLMENT-CHAQUETA CORTA IMPERMEABLE KHAKI NICOPOLY;MPM10002725905-3;N05190LS-FF;22/06/2025 01:53:01;FF_MATRIX;Albornoz;Lisette;;Alvarez de Toledo 706;Depto 308B;;;SAN MIGUEL;REG.METROPOLITANA;CL;Albornoz;Lisette;;Alvarez de Toledo 706;;;;SAN MIGUEL;REG.METROPOLITANA;CL;39990;0;0;0;39990;0;CLP
000000529315;23706364001-A;22/06/2025 02:06:50;Cerrado;63990;3980;67970;11518;0.0000;52472;1;ABRIGO TIPO PAÑO 2 BOTONES EN COLOR NEGRONICOPOLY;MPM10002646301-4;N05157BM;22/06/2025 02:06:51;Flujo Same day BX;Contreras;Carolina Cecilia;;EDUARDO CHARME 1577;S/N;;;QTA. NORMAL;REG.METROPOLITANA;CL;Contreras;Carolina Cecilia;;EDUARDO CHARME 1577;;;;QTA. NORMAL;REG.METROPOLITANA;CL;63990;0;3980;0;67970;0;CLP
000000529315;23706478401-A;22/06/2025 10:34:03;Cerrado;19990;3980;23970;3598;0.0000;16392;1;SWEATER TIPO CADENETAS EN COLOR NEGRO NICOPOLY;MPM10001497428-1;N03025BL-4;22/06/2025 10:34:04;Flujo Crossdock- Ripley PAQ;Herrera Barrientos;Elizabeth;;PEDRO MONTT 0236;S/N;;;VILLA ALEMA;V REGION;CL;Herrera Barrientos;Elizabeth;;PEDRO MONTT 0236;;;;VILLA ALEMA;V REGION;CL;19990;0;3980;0;23970;0;CLP
000000529315;23706946101-A;22/06/2025 16:12:48;Reembolsado;43990;0;43990;7918;0.0000;36072;1;CHAQUETA TIPO BIKER ECOCUERO KHAKI NICOPOLY;MPM10000316144-2;N02107LM;22/06/2025 16:12:49;10d_Retiro Tienda Ripley Iquique;Cayo;Karen;;"Vivar 550 ";" 4to Piso. Servicio al Cliente";;;IQUIQUE;I REGION;CL;Cayo;Karen;;Matilla 3451;;;;IQUIQUE;I REGION;CL;43990;0;0;0;43990;0;CLP
000000529315;23706974501-A;22/06/2025 16:28:15;Cerrado;21990;330;22320;3958;0.0000;18032;1;PANTALÓN MUJER NICOPOLY ROJO PINZAS TIRO ALTO;MPM10001752477-4;N04120DL-5;22/06/2025 16:28:16;8d_Retiro Tienda Ripley Copiapo;Magnata;Jacqueline;;"Calle Maipu S/N, Copiapo ";" 2do Piso. Servicio al Cliente";;;COPIAPO;III REGION;CL;Magnata;Jacqueline;;Fundo San Marquesado Norte 2682;;;;COPIAPO;III REGION;CL;21990;0;330;0;22320;0;CLP
000000529315;23706974501-A;22/06/2025 16:28:15;Cerrado;9590;330;9920;1726;0.0000;7864;1;BUFANDA CUADRILLÉ PEQUEÑA MOCA NICOPOLY;MPM10002663025-1;N05336GF;22/06/2025 16:28:16;8d_Retiro Tienda Ripley Copiapo;Magnata;Jacqueline;;"Calle Maipu S/N, Copiapo ";" 2do Piso. Servicio al Cliente";;;COPIAPO;III REGION;CL;Magnata;Jacqueline;;Fundo San Marquesado Norte 2682;;;;COPIAPO;III REGION;CL;9590;0;330;0;9920;0;CLP
000000529315;23706974501-A;22/06/2025 16:28:15;Cerrado;24990;330;25320;4498;0.0000;20492;1;BLUSA CON LAZO DESMONTABLE CELESTE NICOPOLY;MPM10001752432-3;N04270KM-5;22/06/2025 16:28:16;8d_Retiro Tienda Ripley Copiapo;Magnata;Jacqueline;;"Calle Maipu S/N, Copiapo ";" 2do Piso. Servicio al Cliente";;;COPIAPO;III REGION;CL;Magnata;Jacqueline;;Fundo San Marquesado Norte 2682;;;;COPIAPO;III REGION;CL;24990;0;330;0;25320;0;CLP
000000529315;23707177401-A;22/06/2025 18:21:00;Reembolsado;41990;0;41990;7558;0.0000;34432;1;FULFILLMENT-ABRIGO BOUCLÉ NEGRO NICOPOLY;MPM10002725922-2;N05163BM-FF;22/06/2025 18:21:02;FF_MATRIX;Sanhueza;Jennifer;;Bahía fitz roy  1776;S/N;;;PUENTE ALTO;REG.METROPOLITANA;CL;Sanhueza;Jennifer;;Bahía fitz roy  1776;;;;PUENTE ALTO;REG.METROPOLITANA;CL;41990;0;0;0;41990;0;CLP
000000529315;23707178101-A;22/06/2025 18:21:26;Cerrado;9990;990;10980;1798;0.0000;8192;1;CHALECO CUELLO V OVERSIZE ROSA NICOPOLY;MPM00040172304-2;N02088HL;22/06/2025 18:21:28;4d_Retiro Tienda Ripley Plaza Egaña;Hernandez;Angelina;;"Larrain 5800 ";" 3er Piso. Modulo Retiro en Tienda";;;NUNOA;REG.METROPOLITANA;CL;Hernandez;Angelina;;Lynch Sur 730;;;;NUNOA;REG.METROPOLITANA;CL;9990;0;990;0;10980;0;CLP
000000529315;23707349903-A;22/06/2025 19:47:48;Cerrado;7990;3990;11980;1438;0.0000;6552;1;BUFANDA GRUESA EN COLOR ROJO NICOPOLY;MPM10002663023-1;N05334DF;22/06/2025 19:47:49;Flujo Same day BX;Seguy;Carolina;;Juan Enrique Concha 210;Casa;;;NUNOA;REG.METROPOLITANA;CL;Seguy;Carolina;;Juan Enrique Concha 210;;;;NUNOA;REG.METROPOLITANA;CL;7990;0;3990;0;11980;0;CLP
000000529315;23707452101-A;22/06/2025 20:34:38;Cerrado;30990;3990;34980;5578;0.0000;25412;1;CHAQUETA LEÑADORA BEIGE NICOPOLY;MPM00040988712-1;N02150AL;22/06/2025 20:34:39;Flujo Same day BX;Pena;Rosa;;José Joaquín Pérez 4693;Casa;;;QTA. NORMAL;REG.METROPOLITANA;CL;Pena;Rosa;;José Joaquín Pérez 4693;;;;QTA. NORMAL;REG.METROPOLITANA;CL;30990;0;3990;0;34980;0;CLP
000000529315;23707708101-A;22/06/2025 22:14:18;Cerrado;27990;4990;32980;5038;0.0000;22952;1;CÁRDIGAN MULTICOLOR FLORES 3D EN COLOR CAFE NICOPOLY;MPM10001735010-2;N05109UM;22/06/2025 22:14:20;Flujo Crossdock- Ripley PAQ;Asperti Correa;Tiare;;El arriero 0171;Casa;;;BUIN;REG.METROPOLITANA;CL;Asperti Correa;Tiare;;El arriero 0171;;;;BUIN;REG.METROPOLITANA;CL;27990;0;4990;0;32980;0;CLP
000000529315;23707856201-A;22/06/2025 23:20:47;Cerrado;34990;990;35980;6298;0.0000;28692;1;CHAQUETA MITAD CHIPORRO/PARKA EN COLOR NEGRO NICOPOLY;MPM10001383882-2;N04152BS;22/06/2025 23:20:48;10d_Retiro Tienda Ripley La Serena;Vilches;Javiera;;"Gregorio Cordovez 499 ";" 3er Piso. Modulo Retiro en Tienda";;;LA SERENA;IV REGION;CL;Vilches;Javiera;;Rengifo 120;;;;LA SERENA;IV REGION;CL;34990;0;990;0;35980;0;CLP
000000529315;23707868601-A;22/06/2025 23:27:46;Cerrado;25990;3990;29980;4678;0.0000;21312;1;VESTIDO MUJER NICOPOLY NEGRO STRAPLESS Y ESCOTE V;MPM10001856352-4;N05011BM;22/06/2025 23:27:47;Flujo Same day BX;Montes;Mercedes;;La cabaña 424;Casa;;;LAS CONDES;REG.METROPOLITANA;CL;Montes;Mercedes;;La cabaña 424;;;;LAS CONDES;REG.METROPOLITANA;CL;25990;0;3990;0;29980;0;CLP
000000529315;23707879503-A;22/06/2025 23:35:08;Reembolsado;51990;0;51990;9358;0.0000;42632;1;ABRIGO CUADRILLÉ EN COLOR NEGRO NICOPOLY;MPM10002646320-3;N05288BM;22/06/2025 23:35:10;4d_Retiro Tienda Ripley Plaza Vespucio;Sobarzo;Jessica;;"Av. Vicuña Mackenna Ote. 7110, La Florida ";3er Piso. Modulo Retiro en Tienda;;;LA FLORIDA;REG.METROPOLITANA;CL;Sobarzo;Jessica;;Poeta Vicente Huidobro 3600;;;;LA FLORIDA;REG.METROPOLITANA;CL;51990;0;0;0;51990;0;CLP
000000529315;23707921201-A;22/06/2025 23:59:38;Cerrado;41990;0;41990;7558;0.0000;34432;1;FULFILLMENT-ABRIGO BOUCLÉ GRAFITO NICOPOLY;MPM10002725920-2;N05163NM-FF;22/06/2025 23:59:39;FF_MATRIX;Erazo;Veronica;;Julio Bertrand 3912;S/N;;;PE.AFLOR;REG.METROPOLITANA;CL;Erazo;Veronica;;Julio Bertrand 3912;;;;PE.AFLOR;REG.METROPOLITANA;CL;41990;0;0;0;41990;0;CLP
000000529315;23708044201-A;23/06/2025 02:11:52;Cerrado;49990;3990;53980;8998;0.0000;40992;1;BLAZER CUELLO CRUZADO MORADO NICOPOLY;MPM10002842881-4;N05299ZS-7;23/06/2025 02:11:54;Flujo Same day BX;Maureira;Camila;;Los alerces 2363;607;;;NUNOA;REG.METROPOLITANA;CL;Maureira;Camila;;Los alerces 2363;;;;NUNOA;REG.METROPOLITANA;CL;49990;0;3990;0;53980;0;CLP
000000529315;23708151601-A;23/06/2025 09:26:49;Reembolsado;41990;0;41990;7558;0.0000;34432;1;FULFILLMENT-ABRIGO BOUCLÉ NEGRO NICOPOLY;MPM10002725922-2;N05163BM-FF;23/06/2025 09:26:51;FF_MATRIX_DX;Quiaro;Yarelis;;Geronimo de alderete 885;151;;;LAS CONDES;REG.METROPOLITANA;CL;Quiaro;Yarelis;;Geronimo de alderete 885;;;;LAS CONDES;REG.METROPOLITANA;CL;41990;0;0;0;41990;0;CLP
000000529315;23708190501-A;23/06/2025 09:58:03;Cerrado;63990;6990;70980;11518;0.0000;52472;1;ABRIGO TIPO PAÑO 2 BOTONES ÓXIDO NICOPOLY;MPM10002646308-2;N05157US;23/06/2025 09:58:04;Flujo Crossdock- Ripley PAQ;Seguel Peralta;"Sara ";;Los carrera 1355;S/N;;;COYHAIQUE;XI REGION;CL;Seguel Peralta;"Sara ";;Los carrera 1355;;;;COYHAIQUE;XI REGION;CL;63990;0;6990;0;70980;0;CLP
000000529315;23708260401-A;23/06/2025 10:46:07;Cerrado;41990;0;41990;7558;0.0000;34432;1;FULFILLMENT-ABRIGO BOUCLÉ KHAKI NICOPOLY;MPM10002725908-1;N05163LXL-FF;23/06/2025 10:46:09;FF_MATRIX;Vergara;Verena;;Población Eleuterio Ramírez pasaje  19;22;;;CURANILAHUE;VIII REGION;CL;Vergara;Verena;;Población Eleuterio Ramírez pasaje  19;;;;CURANILAHUE;VIII REGION;CL;41990;0;0;0;41990;0;CLP
000000529315;23708316701-A;23/06/2025 11:21:51;Cerrado;29990;990;30980;5398;0.0000;24592;1;PARKA LARGA QUILT CINTURA AJUSTABLE OLIVA NICOPOLY;MPM10001383886-1;N04222ML;23/06/2025 11:21:52;4d_Retiro Tienda Ripley Huechuraba;Lama;Isabel;;"Av. Americo Vespucio Norte 1737 ";" 2do Piso. Modulo Retiro en Tienda";;;HUECHURABA;REG.METROPOLITANA;CL;Lama;Isabel;;Camino de Cintura  1467;;;;HUECHURABA;REG.METROPOLITANA;CL;29990;0;990;0;30980;0;CLP
000000529315;23708342401-A;23/06/2025 11:35:14;Cerrado;39990;0;39990;7198;0.0000;32792;1;FULFILLMENT-CHAQUETA LARGA IMPERMEABLE MOSTAZA OSCURO NICOPOLY;MPM10002725926-3;N05191UL-FF;23/06/2025 11:35:15;FF_MATRIX_DX;Araya;Scarllette;;Bartolome diaz 335;S/N;;;SN.BERNARDO;REG.METROPOLITANA;CL;Araya;Scarllette;;Bartolome diaz 335;;;;SN.BERNARDO;REG.METROPOLITANA;CL;39990;0;0;0;39990;0;CLP
000000529315;23708439101-A;23/06/2025 12:27:39;Cerrado;21990;990;22980;3958;0.0000;18032;1;CÁRDIGAN MUJER NICOPOLY NEGRO BÁSICO BOTONES;MPM10002128957-3;N05251BS;23/06/2025 12:27:41;5d_Retiro Tienda Ripley Viña del Mar Sucre;Huerta;Jose;;"Sucre 290, Viña ";5to Piso. Modulo Retiro en Tienda;;;VI.A DEL MA;V REGION;CL;Villalobos;Priscila;;Anibal pinto 42;;;;VI.A DEL MA;V REGION;CL;21990;0;990;0;22980;0;CLP
000000529315;23708596002-A;23/06/2025 13:55:01;Cerrado;47990;3990;51980;8638;0.0000;39352;1;ABRIGO BÁSICO 2 BOTONES EN COLOR NEGRO NICOPOLY;MPM10002646293-2;N05255BS;23/06/2025 13:55:02;Flujo Same day BX;Varas;Millaray;;El Carmen 10440;10440;;;LA FLORIDA;REG.METROPOLITANA;CL;Varas;Millaray;;El Carmen 10440;;;;LA FLORIDA;REG.METROPOLITANA;CL;47990;0;3990;0;51980;0;CLP
000000529315;23708709701-A;23/06/2025 14:58:58;Cerrado;25990;990;26980;4678;0.0000;21312;1;CHAQUETA PUFFER COTELÉ CAMEL NICOPOLY;MPM10002661339-2;N05154LM;23/06/2025 14:59:00;4d_Retiro Tienda Ripley Plaza Vespucio;"Marin Coronado ";Ligia;;"Av. Vicuña Mackenna Ote. 7110, La Florida ";3er Piso. Modulo Retiro en Tienda;;;LA FLORIDA;REG.METROPOLITANA;CL;"Marin Coronado ";Ligia;;Rio calle calle  10197;;;;LA FLORIDA;REG.METROPOLITANA;CL;25990;0;990;0;26980;0;CLP
000000529315;23708738701-A;23/06/2025 15:16:42;Reembolsado;39990;0;39990;7198;0.0000;32792;1;FULFILLMENT-ABRIGO CORTO NEGRO NICOPOLY;MPM10002725916-1;N05160BL-FF;23/06/2025 15:16:43;FF_MATRIX;Palma;Marcia;;Fundo El Alcazar 09;S/N;;;MAIPU;REG.METROPOLITANA;CL;Palma;Marcia;;Fundo El Alcazar 09;;;;MAIPU;REG.METROPOLITANA;CL;39990;0;0;0;39990;0;CLP
000000529315;23708849103-A;23/06/2025 16:06:47;Cerrado;29990;0;29990;5398;0.0000;24592;1;CHAQUETA BOUCLÉ GRIS NICOPOLY;MPM10002646300-2;N05183NM;23/06/2025 16:06:49;Flujo Crossdock- Ripley PAQ;Molina;"Alejandra ";;Presbitero Eduardo Lecaurt 322;S/N;;;VILLA ALEMA;V REGION;CL;Molina;"Alejandra ";;Presbitero Eduardo Lecaurt 322;;;;VILLA ALEMA;V REGION;CL;29990;0;0;0;29990;0;CLP
000000529315;23708849103-A;23/06/2025 16:06:47;Cerrado;34990;0;34990;6298;0.0000;28692;1;BOMBER TIPO GAMUZA CAMEL NICOPOLY;MPM10002635841-1;N05184UM;23/06/2025 16:06:49;Flujo Crossdock- Ripley PAQ;Molina;"Alejandra ";;Presbitero Eduardo Lecaurt 322;S/N;;;VILLA ALEMA;V REGION;CL;Molina;"Alejandra ";;Presbitero Eduardo Lecaurt 322;;;;VILLA ALEMA;V REGION;CL;34990;0;0;0;34990;0;CLP
000000529315;23708849104-A;23/06/2025 16:06:47;Cerrado;39990;0;39990;7198;0.0000;32792;1;FULFILLMENT-ABRIGO CORTO BEIGE NICOPOLY;MPM10002725921-2;N05160AL-FF;23/06/2025 16:06:48;FF_MATRIX;Molina;"Alejandra ";;Presbitero Eduardo Lecaurt 322;S/N;;;VILLA ALEMA;V REGION;CL;Molina;"Alejandra ";;Presbitero Eduardo Lecaurt 322;;;;VILLA ALEMA;V REGION;CL;39990;0;0;0;39990;0;CLP
000000529315;23708849104-A;23/06/2025 16:06:47;Cerrado;39990;0;39990;7198;0.0000;32792;1;FULFILLMENT-CHAQUETA LARGA IMPERMEABLE OLIVA CLARO NICOPOLY;MPM10002725923-3;N05191MM-FF;23/06/2025 16:06:48;FF_MATRIX;Molina;"Alejandra ";;Presbitero Eduardo Lecaurt 322;S/N;;;VILLA ALEMA;V REGION;CL;Molina;"Alejandra ";;Presbitero Eduardo Lecaurt 322;;;;VILLA ALEMA;V REGION;CL;39990;0;0;0;39990;0;CLP
000000529315;23708849104-A;23/06/2025 16:06:47;Cerrado;39990;0;39990;7198;0.0000;32792;1;FULFILLMENT-CHAQUETA LARGA IMPERMEABLE MOSTAZA OSCURO NICOPOLY;MPM10002725926-1;N05191UM-FF;23/06/2025 16:06:48;FF_MATRIX;Molina;"Alejandra ";;Presbitero Eduardo Lecaurt 322;S/N;;;VILLA ALEMA;V REGION;CL;Molina;"Alejandra ";;Presbitero Eduardo Lecaurt 322;;;;VILLA ALEMA;V REGION;CL;39990;0;0;0;39990;0;CLP
000000529315;23708866603-A;23/06/2025 16:18:44;Cerrado;39990;0;39990;7198;0.0000;32792;1;FULFILLMENT-ABRIGO CORTO BEIGE NICOPOLY;MPM10002725921-3;N05160AS-FF;23/06/2025 16:18:46;FF_MATRIX;Bravo;Nicole;;Pasaje ayalen 19 mackenna, andacollo 19;S/N;;;ANDACOLLO;IV REGION;CL;Bravo;Nicole;;Pasaje ayalen 19 mackenna, andacollo 19;;;;ANDACOLLO;IV REGION;CL;39990;0;0;0;39990;0;CLP
000000529315;23709000101-A;23/06/2025 17:25:49;Cerrado;45990;3990;49980;8278;0.0000;37712;1;ABRIGO CUADRILLÉ EN COLOR NEGRO NICOPOLY;MPM10002646320-1;N05288BS;23/06/2025 17:25:50;Flujo Same day BX;Acua;Felipe;;Efeso 80;Casa;;;PUDAHUEL;REG.METROPOLITANA;CL;Acua;Felipe;;Efeso 80;;;;PUDAHUEL;REG.METROPOLITANA;CL;45990;0;3990;0;49980;0;CLP
000000529315;23709123301-A;23/06/2025 18:31:33;Cerrado;24990;4990;29980;4498;0.0000;20492;1;CHAQUETA MITAD CHIPORRO/PARKA EN COLOR ROJO NICOPOLY;MPM10001383877-3;N04152DM;23/06/2025 18:31:34;Flujo Crossdock- Ripley PAQ;Leal;Beatriz;;Las pircas 982;68;;;SN.BERNARDO;REG.METROPOLITANA;CL;Leal;Beatriz;;Las pircas 982;;;;SN.BERNARDO;REG.METROPOLITANA;CL;24990;0;4990;0;29980;0;CLP
000000529315;23709158901-A;23/06/2025 18:54:08;Reembolsado;47990;0;47990;8638;0.0000;39352;1;ABRIGO BÁSICO 2 BOTONES EN COLOR NEGRO NICOPOLY;MPM10002646293-2;N05255BS;23/06/2025 18:54:10;8d_Retiro Tienda Ripley Coquimbo;Pea;Hellen;;"Baquedano 86 ";" 1er Piso. Servicio al Cliente";;;COQUIMBO;IV REGION;CL;Pea;Hellen;;Avenida Pedro Nolasco Videla 810;;;;COQUIMBO;IV REGION;CL;47990;0;0;0;47990;0;CLP
000000529315;23709211001-A;23/06/2025 19:18:48;Cerrado;31490;290;31780;5668;0.0000;25822;1;CHAQUETA CORTA TIPO GAMUZA OLIVA NICOPOLY;MPM10002635832-1;N05173MM;23/06/2025 19:18:50;Flujo Crossdock- Ripley PAQ;Valenzuela;Katherine Claudia;;Avenida michaihue  732;S/N;;;SP D LA PAZ;VIII REGION;CL;Valenzuela;Katherine Claudia;;Avenida michaihue  732;;;;SP D LA PAZ;VIII REGION;CL;31490;0;290;0;31780;0;CLP
000000529315;23709211001-A;23/06/2025 19:18:48;Cerrado;29990;290;30280;5398;0.0000;24592;1;CHAQUETA BOUCLÉ EN COLOR NEGRO NICOPOLY;MPM10002646312-3;N05183BM;23/06/2025 19:18:50;Flujo Crossdock- Ripley PAQ;Valenzuela;Katherine Claudia;;Avenida michaihue  732;S/N;;;SP D LA PAZ;VIII REGION;CL;Valenzuela;Katherine Claudia;;Avenida michaihue  732;;;;SP D LA PAZ;VIII REGION;CL;29990;0;290;0;30280;0;CLP
000000529315;23709395801-A;23/06/2025 20:37:26;Cerrado;37990;6990;44980;6838;0.0000;31152;1;PARKA SIN MANGAS CORDÓN EN COLOR NEGRO NICOPOLY;MPM10001753190-3;N04319BM;23/06/2025 20:37:27;Flujo Crossdock- Ripley PAQ;Arancibia Torres;Rosa Iliana;;Calle10 354;354;;;CON-CON;V REGION;CL;Arancibia Torres;Rosa Iliana;;Calle10 354;;;;CON-CON;V REGION;CL;37990;0;6990;0;44980;0;CLP
000000529315;23709611501-A;23/06/2025 22:00:03;Cerrado;7990;990;8980;1438;0.0000;6552;1;BUFANDA GRUESA MOCA NICOPOLY;MPM10002662981-1;N05334LF;23/06/2025 22:00:04;5d_Retiro Tienda Ripley Quilpué;Lezana E;Angelina;;"Claudio Vicuña 992, Quilpue ";" 3er Piso. Modulo Retiro en Tienda";;;QUILPUE;V REGION;CL;Lezana E;Angelina;;Las camelia 2641;;;;QUILPUE;V REGION;CL;7990;0;990;0;8980;0;CLP
000000529315;23709645503-A;23/06/2025 22:08:08;Cerrado;39990;0;39990;7198;0.0000;32792;1;FULFILLMENT-CHAQUETA CORTA IMPERMEABLE KHAKI NICOPOLY;MPM10002725905-3;N05190LS-FF;23/06/2025 22:08:09;FF_MATRIX;Herrera Torres;Evelyn;;Covadonga  7407;Dpto A, segundo piso;;;LA CISTERNA;REG.METROPOLITANA;CL;Herrera Torres;Evelyn;;Covadonga  7407;;;;LA CISTERNA;REG.METROPOLITANA;CL;39990;0;0;0;39990;0;CLP
000000529315;23709685301-A;23/06/2025 22:23:59;Cerrado;21990;2195;24185;3958;0.0000;18032;1;SWEATER BÁSICO PERLAS GRIS NICOPOLY;MPM10002842903-1;N03095NM-7;23/06/2025 22:24:00;Flujo Same day BX;Flores Vergara;Valeria;;Avda Ejercito Libertador  601;703;;;SANTIAGO;REG.METROPOLITANA;CL;Flores Vergara;Valeria;;Avda Ejercito Libertador  601;;;;SANTIAGO;REG.METROPOLITANA;CL;21990;0;2195;0;24185;0;CLP
000000529315;23709685301-A;23/06/2025 22:23:59;Cerrado;9590;2195;11785;1726;0.0000;7864;1;BUFANDA CUADRILLÉ PEQUEÑA GRAFITO NICOPOLY;MPM10002663008-1;N05336NF;23/06/2025 22:24:00;Flujo Same day BX;Flores Vergara;Valeria;;Avda Ejercito Libertador  601;703;;;SANTIAGO;REG.METROPOLITANA;CL;Flores Vergara;Valeria;;Avda Ejercito Libertador  601;;;;SANTIAGO;REG.METROPOLITANA;CL;9590;0;2195;0;11785;0;CLP
000000529315;23709843201-A;23/06/2025 23:22:52;Cerrado;32990;990;33980;5938;0.0000;27052;1;PANTALÓN MUJER NICOPOLY NEGRO CARROT;MPM10002128950-4;N05242BM;23/06/2025 23:22:53;4d_Retiro Tienda Ripley Crillon;Perez;Paula;;"Agustinas #1025 ";Piso -1. Modulo Retiro en Tienda;;;SANTIAGO;REG.METROPOLITANA;CL;Perez;Paula;;Avenida El Guanaco Norte  1749;;;;SANTIAGO;REG.METROPOLITANA;CL;32990;0;990;0;33980;0;CLP
000000529315;23710810201-A;24/06/2025 15:10:29;Cerrado;39990;8990;48980;7198;0.0000;32792;1;FULFILLMENT-ABRIGO CORTO NEGRO NICOPOLY;MPM10002725916-3;N05160BS-FF;24/06/2025 15:10:31;FF_MATRIX;Crdenas Llewellyn;Mario;;La Constitución 691;691;;;PTO.VARAS;X REGION;CL;Crdenas Llewellyn;Mario;;La Constitución 691;;;;PTO.VARAS;X REGION;CL;39990;0;8990;0;48980;0;CLP
000000529315;23711353601-A;24/06/2025 19:36:18;Cerrado;44990;0;44990;8098;0.0000;36892;1;FULFILLMENT-ABRIGO PIED DE POULE NEGRO NICOPOLY;MPM10002725929-1;N04199BS-6-FF;24/06/2025 19:36:19;FF_MATRIX;Hernandez;Leontina;;Nataniel Cox 898;1105;;;SANTIAGO;REG.METROPOLITANA;CL;Hernandez;Leontina;;Nataniel Cox 898;;;;SANTIAGO;REG.METROPOLITANA;CL;44990;0;0;0;44990;0;CLP
000000529315;23711941901-A;24/06/2025 23:10:26;Cerrado;41990;990;42980;7558;0.0000;34432;1;BLAZER BOLSILLOS Y BOTÓN EN COLOR ROJO NICOPOLY;MPM10001752521-4;N04260DL-5;24/06/2025 23:10:27;Flujo Crossdock- Ripley PAQ;González;María Isabel;;Kennedy  1813;D305;;;RANCAGUA;VI REGION;CL;González;María Isabel;;Kennedy  1813;;;;RANCAGUA;VI REGION;CL;41990;0;990;0;42980;0;CLP
000000529315;23712274101-A;25/06/2025 07:59:03;Cerrado;41990;0;41990;7558;0.0000;34432;1;FULFILLMENT-ABRIGO BOUCLÉ GRAFITO NICOPOLY;MPM10002725920-1;N05163NS-FF;25/06/2025 07:59:04;FF_MATRIX;Orellana;"Pilar ";;Munich 380;S/N;;;RANCAGUA;VI REGION;CL;Orellana;"Pilar ";;Munich 380;;;;RANCAGUA;VI REGION;CL;41990;0;0;0;41990;0;CLP
000000529315;23712499401-A;25/06/2025 11:16:41;Cerrado;37990;3990;41980;6838;0.0000;31152;1;PARKA SIN MANGAS CORDÓN EN COLOR ROJO NICOPOLY;MPM10001753187-3;N04319DL;25/06/2025 11:16:42;Flujo Same day BX;Causa;Macarena;;Monte Alegre 1110;505;;;LAS CONDES;REG.METROPOLITANA;CL;Causa;Macarena;;Monte Alegre 1110;;;;LAS CONDES;REG.METROPOLITANA;CL;37990;0;3990;0;41980;0;CLP
000000529315;23712575601-A;25/06/2025 11:51:43;Cerrado;55990;0;55990;10078;0.0000;45912;1;ABRIGO TIPO PAÑO 2 BOTONES EN COLOR NEGRONICOPOLY;MPM10002646301-2;N05157BL;25/06/2025 11:51:44;Flujo Same day BX;Banados;Ana Maria;;Marchant Pereira 201;Piso;;;PROVIDENCIA;REG.METROPOLITANA;CL;Banados;Ana Maria;;Marchant Pereira 201;;;;PROVIDENCIA;REG.METROPOLITANA;CL;55990;0;0;0;55990;0;CLP
000000529315;23713292101-A;25/06/2025 17:38:46;Cerrado;29990;2195;32185;5398;0.0000;24592;1;BLAZER ESCOCÉS EN COLOR NEGRO NICOPOLY;MPM00042475306-3;N02222BL;25/06/2025 17:38:48;Flujo Same day BX;Setteny Setteny;María José;;agustinas 2557;702;;;SANTIAGO;REG.METROPOLITANA;CL;Setteny Setteny;María José;;agustinas 2557;;;;SANTIAGO;REG.METROPOLITANA;CL;29990;0;2195;0;32185;0;CLP
000000529315;23713292101-A;25/06/2025 17:38:46;Cerrado;34990;2195;37185;6298;0.0000;28692;1;ABRIGO HOMBROS CAÍDOS GRIS NICOPOLY;MPM10002646331-2;N05174NL;25/06/2025 17:38:48;Flujo Same day BX;Setteny Setteny;María José;;agustinas 2557;702;;;SANTIAGO;REG.METROPOLITANA;CL;Setteny Setteny;María José;;agustinas 2557;;;;SANTIAGO;REG.METROPOLITANA;CL;34990;0;2195;0;37185;0;CLP
000000529315;23714672501-A;26/06/2025 10:17:42;Cerrado;26990;3990;30980;4858;0.0000;22132;1;BLAZER CRUZADO ECOCUERO EN COLOR NEGRO NICOPOLY;MPM10001849471-1;N05105BM;26/06/2025 10:17:43;Flujo Same day BX;Munoz Diaz;Darlene;;SANTA ISABEL 747;1606;;;SANTIAGO;REG.METROPOLITANA;CL;Munoz Diaz;Darlene;;SANTA ISABEL 747;;;;SANTIAGO;REG.METROPOLITANA;CL;26990;0;3990;0;30980;0;CLP
000000529315;23715170901-A;26/06/2025 15:10:06;Reembolsado;47990;0;47990;8638;0.0000;39352;1;ABRIGO FORRO TIPO PIEL GRAFITO NICOPOLY;MPM10002661326-4;N05147NS;26/06/2025 15:10:07;Flujo Same day BX;Pullser;Monica;;Elisa correa  634;Casa;;;PUENTE ALTO;REG.METROPOLITANA;CL;Pullser;Monica;;Elisa correa  634;;;;PUENTE ALTO;REG.METROPOLITANA;CL;47990;0;0;0;47990;0;CLP
000000529315;23715377301-A;26/06/2025 17:06:06;Cerrado;41990;0;41990;7558;0.0000;34432;1;FULFILLMENT-ABRIGO BOUCLÉ KHAKI NICOPOLY;MPM10002725908-1;N05163LXL-FF;26/06/2025 17:06:08;FF_MATRIX;Aravena;"Marcela ";;41 ote con 6 sur 4301;casa;;;TALCA;VII REGION;CL;Aravena;"Marcela ";;41 ote con 6 sur 4301;;;;TALCA;VII REGION;CL;41990;0;0;0;41990;0;CLP
000000529315;23715412001-A;26/06/2025 17:29:25;Cerrado;47990;3990;51980;8638;0.0000;39352;1;ABRIGO BÁSICO 2 BOTONES EN COLOR NEGRO NICOPOLY;MPM10002646293-2;N05255BS;26/06/2025 17:29:26;Flujo Same day BX;Zimmermann;Melissa;;La Escuela 922;Casa;;;LAS CONDES;REG.METROPOLITANA;CL;Zimmermann;Melissa;;La Escuela 922;;;;LAS CONDES;REG.METROPOLITANA;CL;47990;0;3990;0;51980;0;CLP
000000529315;23715657402-A;26/06/2025 19:43:47;Cerrado;21990;3990;25980;3958;0.0000;18032;1;SWEATER BÁSICO PERLAS EN COLOR ROJO NICOPOLY;MPM10002842886-1;N03095DL-7;26/06/2025 19:43:49;Flujo Same day BX;"Cardozo ";Ana;;Román Díaz 26;61;;;PROVIDENCIA;REG.METROPOLITANA;CL;"Cardozo ";Ana;;Román Díaz 26;;;;PROVIDENCIA;REG.METROPOLITANA;CL;21990;0;3990;0;25980;0;CLP
000000529315;23715776801-A;26/06/2025 20:45:16;Cerrado;41990;0;41990;7558;0.0000;34432;1;FULFILLMENT-ABRIGO BOUCLÉ KHAKI NICOPOLY;MPM10002725908-4;N05163LS-FF;26/06/2025 20:45:17;FF_MATRIX;Salinas Chacon;Denise;;Briones luco 0686 0686;Casa;;;LA CISTERNA;REG.METROPOLITANA;CL;Salinas Chacon;Denise;;Briones luco 0686 0686;;;;LA CISTERNA;REG.METROPOLITANA;CL;41990;0;0;0;41990;0;CLP
000000529315;23715822302-A;26/06/2025 21:04:59;Reembolsado;27990;3990;31980;5038;0.0000;22952;1;JEANS BÁSICO RECTO EN COLOR NEGRO NICOPOLY;MPM10002617665-4;N05325B38;26/06/2025 21:05:00;Flujo Same day BX;Sanchez Retamal;Angelica;;Williams King 8297;S/N;;;LA FLORIDA;REG.METROPOLITANA;CL;Sanchez Retamal;Angelica;;Williams King 8297;;;;LA FLORIDA;REG.METROPOLITANA;CL;27990;0;3990;0;31980;0;CLP
000000529315;23715824701-A;26/06/2025 21:06:42;Cerrado;19990;3990;23980;3598;0.0000;16392;1;CHAQUETA QUILT TIPO CAMISERA EN COLOR NEGRO NICOPOLY;MPM10001383909-1;N04190BXL;26/06/2025 21:06:44;Flujo Same day BX;Fuster;Rudyard;;Exequiel Fernández 1449;409;;;NUNOA;REG.METROPOLITANA;CL;Fuster;Rudyard;;Exequiel Fernández 1449;;;;NUNOA;REG.METROPOLITANA;CL;19990;0;3990;0;23980;0;CLP
000000529315;23715870901-A;26/06/2025 21:25:21;Reembolsado;33990;3990;37980;6118;0.0000;27872;1;VESTIDO CUELLO MOCK BURDEO NICOPOLY;MPM10002627257-2;N05292TS;26/06/2025 21:25:22;Flujo Same day BX;Soto Garrido;Laura;;Maestro palomo 052;Casa;;;PUENTE ALTO;REG.METROPOLITANA;CL;Soto Garrido;Laura;;Maestro palomo 052;;;;PUENTE ALTO;REG.METROPOLITANA;CL;33990;0;3990;0;37980;0;CLP
