Número de factura;Order number;Date created;Estado del pedido;Subtotal de artículos (con impuestos);Gastos de envío (con impuestos);Precio total (con impuestos);Commission (excluding taxes);Impuestos sobre la comisión;Amount transferred to tienda (including taxes);Quantity;Producto;Product SKU;Offer SKU;Fecha de confirmación del pago;Shipping method;Shipping address last name;Shipping address first name;Shipping address company;Shipping address street 1;Shipping address street 2;Dirección de entrega: complementaria;Shipping address zip;Shipping address city;Shipping address state;Shipping address country;Billing address last name;Billing address first name;Billing address company;Billing address street 1;Billing address street 2;Dirección de facturación: complementaria;Billing address zip;Billing address city;Billing address state;Billing address country;Subtotal de artículos (sin impuestos);Impuestos sobre artículos;Gastos de envío (sin impuestos);Impuestos sobre gastos de envío;Precio total (sin impuestos);Impuestos sobre el precio total;Currency
000000538209;23663672901-A;04/06/2025 23:22:54;Reembolsado;39990;0;39990;7198;0.0000;32792;1;FULFILLMENT-CHAQUETA LARGA IMPERMEABLE NEGRO NICOPOLY;MPM10002725924-1;N05191BM-FF;04/06/2025 23:22:55;FF_MATRIX_STS;Pereira;Matias;;"Valdivia 440, Los Angeles ";" 3er Piso. Servicio al Cliente";;;LOS ANGELES;VIII REGION;CL;Pereira;Matias;;Campillo 215;;;;LOS ANGELES;VIII REGION;CL;39990;0;0;0;39990;0;CLP
000000538209;23692456401-A;13/06/2025 21:32:12;Reembolsado;39990;0;39990;7198;0.0000;32792;1;FULFILLMENT-CHAQUETA LARGA IMPERMEABLE MOSTAZA OSCURO NICOPOLY;MPM10002725926-1;N05191UM-FF;13/06/2025 21:32:13;FF_MATRIX_ND;Fernandez;Paola;;San Juan de luz  4624;304;;;NUNOA;REG.METROPOLITANA;CL;Fernandez;Paola;;San Juan de luz  4624;;;;NUNOA;REG.METROPOLITANA;CL;39990;0;0;0;39990;0;CLP
000000538209;23733107501-A;03/07/2025 22:09:35;Reembolsado;31490;990;32480;5668;0.0000;25822;1;CHAQUETA CORTA TIPO GAMUZA OLIVA NICOPOLY;MPM10002635832-2;N05173ML;03/07/2025 22:09:37;10d_Retiro Tienda Ripley Antofagasta;Elgueta;Paulina;;"Arturo Prat 530 ";" 4to Piso. Servicio al Cliente";;;ANTOFAGASTA;II REGION;CL;Zambra Virgilio;Ana Maria;;Avenida Argentina 1665;;;;ANTOFAGASTA;II REGION;CL;31490;0;990;0;32480;0;CLP
000000538209;23747517101-A;10/07/2025 16:10:35;Cerrado;63990;0;63990;11518;0.0000;52472;1;FULFILLMENT-ABRIGO 4 BOTONES ROJO NICOPOLY;MPM10002725930-1;N05155DM-FF;10/07/2025 16:10:37;FF_MATRIX_STS;Quiroz Lagos;Marta;;"Barros Arana 1068, Concepcion ";" 3er Piso. Modulo Retiro en Tienda";;;CONCEPCION;VIII REGION;CL;Quiroz Lagos;Marta;;Av Carlos fresno 1475;;;;CONCEPCION;VIII REGION;CL;63990;0;0;0;63990;0;CLP
000000538209;23753260201-A;13/07/2025 22:06:51;Cerrado;9990;495;10485;1798;0.0000;8192;1;CROP TOP JASPEADO CELESTE NICOPOLY;MPM10001849443-1;N05021KS;13/07/2025 22:06:53;5d_Retiro Tienda Ripley Los Ángeles;Villalobos Mora;Aurora;;"Valdivia 440, Los Angeles ";" 3er Piso. Servicio al Cliente";;;LOS ANGELES;VIII REGION;CL;Villalobos Mora;Aurora;;Pasaje Los Bautistas 128;;;;LOS ANGELES;VIII REGION;CL;9990;0;495;0;10485;0;CLP
000000538209;23753260201-A;13/07/2025 22:06:51;Cerrado;20990;495;21485;3778;0.0000;17212;1;PANTALÓN MUJER NICOPOLY CELESTE TIRO ALTO BÁSICO;MPM10001752484-4;N10373CS-5;13/07/2025 22:06:53;5d_Retiro Tienda Ripley Los Ángeles;Villalobos Mora;Aurora;;"Valdivia 440, Los Angeles ";" 3er Piso. Servicio al Cliente";;;LOS ANGELES;VIII REGION;CL;Villalobos Mora;Aurora;;Pasaje Los Bautistas 128;;;;LOS ANGELES;VIII REGION;CL;20990;0;495;0;21485;0;CLP
000000538209;23754521501-A;14/07/2025 16:24:04;Reembolsado;31990;990;32980;5758;0.0000;26232;1;CHAQUETA REVERSIBLE EN COLOR NEGRO NICOPOLY;MPM10002646333-1;N05189BS;14/07/2025 16:24:05;4d_Retiro Tienda Ripley Plaza Vespucio;"Silva ";"Javiera ";;"Av. Vicuña Mackenna Ote. 7110, La Florida ";3er Piso. Modulo Retiro en Tienda;;;LA FLORIDA;REG.METROPOLITANA;CL;Espinoza Mardones;Nicols;;Roberto lorca Olguín 363;;;;LA FLORIDA;REG.METROPOLITANA;CL;31990;0;990;0;32980;0;CLP
000000538209;23757438501-A;16/07/2025 11:18:51;Reembolsado;17990;4990;22980;3238;0.0000;14752;1;SWEATER ESCOTE PROFUNDO CAMEL NICOPOLY;MPM10002627254-3;N05324UM;16/07/2025 11:18:53;Flujo Crossdock- Ripley PAQ;Riquelme;Yenny;;Dos norte  159;21;;;VI.A DEL MA;V REGION;CL;Riquelme;Yenny;;Dos norte  159;;;;VI.A DEL MA;V REGION;CL;17990;0;4990;0;22980;0;CLP
000000538209;23763834001-A;19/07/2025 21:57:47;Reembolsado;23990;990;24980;4318;0.0000;19672;1;SWEATER ACANALADO CUELLO BOTE CELESTE NICOPOLY;MPM10002842872-1;N05212CL-7;19/07/2025 21:57:48;4d_Retiro Tienda Ripley Arauco Maipu;Perez;Miguel;;"Av. Americo Vespucio 399 ";" 2do Piso. Modulo Retiro en Tienda";;;MAIPU;REG.METROPOLITANA;CL;Filun;Jennifer;;Las torres 620;;;;MAIPU;REG.METROPOLITANA;CL;23990;0;990;0;24980;0;CLP
000000538209;23765692901-A;20/07/2025 22:44:32;Reembolsado;45990;0;45990;8278;0.0000;37712;1;ABRIGO CUADRILLÉ EN COLOR NEGRO NICOPOLY;MPM10002646320-3;N05288BM;20/07/2025 22:44:33;4d_Retiro Tienda Ripley San Bernardo;Avila;Paola;;"Av. Pdte. Jorge Alessandri Rodríguez 20040, San Bernardo ";2do Piso. Modulo Retiro en Tienda;;;SN.BERNARDO;REG.METROPOLITANA;CL;Avila;Paola;;Del Huerto 1 1648;;;;SN.BERNARDO;REG.METROPOLITANA;CL;45990;0;0;0;45990;0;CLP
000000538209;23769262601-A;22/07/2025 16:52:18;Cerrado;29990;990;30980;5398;0.0000;24592;1;CHAQUETA BOUCLÉ EN COLOR NEGRO NICOPOLY;MPM10002646312-1;N05183BS;22/07/2025 16:52:19;10d_Retiro Tienda Ripley Iquique;Santana;Fernanda;;"Vivar 550 ";" 4to Piso. Servicio al Cliente";;;IQUIQUE;I REGION;CL;Santana;Fernanda;;Obispo Labbe 730;;;;IQUIQUE;I REGION;CL;29990;0;990;0;30980;0;CLP
000000538209;23770001301-A;22/07/2025 22:29:53;Cerrado;9990;495;10485;1798;0.0000;8192;1;CHALECO CUELLO V OVERSIZE ROSA NICOPOLY;MPM00040172304-2;N02088HL;22/07/2025 22:29:55;14d_Retiro Tienda Ripley Arica;"Ros Sez ";"Paulina Andrea ";;"Av. Diego Portales 640, Arica ";2do Piso. Modulo Retiro en Tienda;;;ARICA;XV REGION;CL;"Ros Sez ";"Paulina Andrea ";;Ninhue 3812;;;;ARICA;XV REGION;CL;9990;0;495;0;10485;0;CLP
000000538209;23770001301-A;22/07/2025 22:29:53;Cerrado;9990;495;10485;1798;0.0000;8192;1;CHALECO CUELLO V OVERSIZE MOSTAZA NICOPOLY;MPM00040171974-2;N02088FL;22/07/2025 22:29:55;14d_Retiro Tienda Ripley Arica;"Ros Sez ";"Paulina Andrea ";;"Av. Diego Portales 640, Arica ";2do Piso. Modulo Retiro en Tienda;;;ARICA;XV REGION;CL;"Ros Sez ";"Paulina Andrea ";;Ninhue 3812;;;;ARICA;XV REGION;CL;9990;0;495;0;10485;0;CLP
000000538209;23771495002-A;23/07/2025 17:34:00;Reembolsado;19990;990;20980;3598;0.0000;16392;1;CHAQUETA QUILT TIPO CAMISERA OLIVA NICOPOLY;MPM10001383865-3;N04190MXL;23/07/2025 17:34:02;5d_Retiro Tienda Ripley Rancagua;Olea;Mara Isabel;;"José Domingo Mujica 490 ";" 3er Piso. Modulo Retiro en Tienda";;;RANCAGUA;VI REGION;CL;Olea;Mara Isabel;;CALLE A BAQUEDANO 270;;;;RANCAGUA;VI REGION;CL;19990;0;990;0;20980;0;CLP
000000538209;23773548301-A;24/07/2025 16:50:05;Cerrado;19990;5980;25970;3598;0.0000;16392;1;CHAQUETA QUILT TIPO CAMISERA EN COLOR NEGRO NICOPOLY;MPM10001383909-3;N04190BL;24/07/2025 16:50:07;Flujo Crossdock- Ripley PAQ;Lopez Orias;Pamela Del Carmen;;Sargento Aguayo 369;Casa;;;CA.ETE;VIII REGION;CL;Lopez Orias;Pamela Del Carmen;;Sargento Aguayo 369;;;;CA.ETE;VIII REGION;CL;19990;0;5980;0;25970;0;CLP
000000538209;23776319901-A;25/07/2025 22:41:31;Reembolsado;26990;990;27980;4858;0.0000;22132;1;BLAZER CRUZADO ECOCUERO EN COLOR NEGRO NICOPOLY;MPM10001849471-3;N05105BXL;25/07/2025 22:41:33;5d_Retiro Tienda Ripley Talca;Gonzalez Gonzlez;Karina Andrea;;"8 Oriente 1212 ";" 2do Piso. Modulo Retiro en Tienda";;;TALCA;VII REGION;CL;Gonzalez Gonzlez;Karina Andrea;;25 y media sur b 4 poniente A 471;;;;TALCA;VII REGION;CL;26990;0;990;0;27980;0;CLP
000000538209;23777044001-A;26/07/2025 13:53:27;Reembolsado;47990;0;47990;8638;0.0000;39352;1;ABRIGO FORRO TIPO PIEL GRAFITO NICOPOLY;MPM10002661326-3;N05147NL;26/07/2025 13:53:28;10d_Retiro Tienda Ripley Antofagasta;Haack Vizcarra;Lizbeth;;"Arturo Prat 530 ";" 4to Piso. Servicio al Cliente";;;ANTOFAGASTA;II REGION;CL;Haack Vizcarra;Lizbeth;;Isluga  688;;;;ANTOFAGASTA;II REGION;CL;47990;0;0;0;47990;0;CLP
000000538209;23778267001-A;27/07/2025 01:03:23;Reembolsado;39990;0;39990;7198;0.0000;32792;1;TRENCH LAZO HEBILLA KHAKI NICOPOLY;MPM10002635817-1;N05182LL;27/07/2025 01:03:24;Flujo Same day BX;Vera;Rosa;;Eugenio Matte 4540;S/N;;;P.A.CERDA;REG.METROPOLITANA;CL;Vera;Rosa;;Eugenio Matte 4540;;;;P.A.CERDA;REG.METROPOLITANA;CL;39990;0;0;0;39990;0;CLP
000000538209;23778286701-A;27/07/2025 01:32:52;Reembolsado;39990;0;39990;7198;0.0000;32792;1;BLAZER PIED DE POULE EN COLOR CAFE NICOPOLY;MPM10001713149-1;N05037LL;27/07/2025 01:32:54;5d_Retiro Tienda Ripley Rancagua;Sepulveda;"Patricio ";;"José Domingo Mujica 490 ";" 3er Piso. Modulo Retiro en Tienda";;;RANCAGUA;VI REGION;CL;"Sepulveda ";Paula;;Las rosas  274;;;;RANCAGUA;VI REGION;CL;39990;0;0;0;39990;0;CLP
000000538209;23780158602-A;27/07/2025 22:54:57;Reembolsado;24990;0;24990;4498;0.0000;20492;1;CHAQUETA MITAD CHIPORRO/PARKA KHAKI NICOPOLY;MPM10001383902-2;N04152LL;27/07/2025 22:54:59;5d_Retiro Tienda Ripley Viña del Mar Sucre;"Valencia Leiva ";"Ivana Natalia ";;"Sucre 290, Viña ";5to Piso. Modulo Retiro en Tienda;;;VI.A DEL MA;V REGION;CL;Leiva;Nancy;;Calle Venecia La Ñipa 67;;;;VI.A DEL MA;V REGION;CL;24990;0;0;0;24990;0;CLP
000000538209;23780825101-A;28/07/2025 11:13:57;Reembolsado;19990;990;20980;3598;0.0000;16392;1;MINIFALDA MUJER NICOPOLY NEGRO TAJO;MPM10001713190-2;N05005BS;28/07/2025 11:13:58;4d_Retiro Tienda Ripley Plaza Egaña;Carrasco;Dilma Olaya;;"Larrain 5800 ";" 3er Piso. Modulo Retiro en Tienda";;;NUNOA;REG.METROPOLITANA;CL;Carrasco;Dilma Olaya;;Irrazabal 3319, ñuñoa 3319;;;;NUNOA;REG.METROPOLITANA;CL;19990;0;990;0;20980;0;CLP
000000538209;23783588901-A;29/07/2025 13:53:11;Cerrado;41990;0;41990;7558;0.0000;34432;1;FULFILLMENT-ABRIGO BOUCLÉ NEGRO NICOPOLY;MPM10002725922-1;N05163BL-FF;29/07/2025 13:53:13;FF_MATRIX_STS;Jesus;Carol Darlyn;;"Castellon 520, Concepcion ";6to Piso. Servicio al Cliente;;;CONCEPCION;VIII REGION;CL;Jesus;Carol Darlyn;;Ramón Gallegos 675;;;;CONCEPCION;VIII REGION;CL;41990;0;0;0;41990;0;CLP
000000538209;23787539201-A;30/07/2025 23:25:07;Cerrado;21990;990;22980;3958;0.0000;18032;1;PARKA CORTA QUILT CON GORRO ÓXIDO NICOPOLY;MPM10001383908-2;N04221UM;30/07/2025 23:25:09;10d_Retiro Tienda Ripley La Serena;Collao González;Maricela;;"Gregorio Cordovez 499 ";" 3er Piso. Modulo Retiro en Tienda";;;LA SERENA;IV REGION;CL;Collao González;Maricela;;Los Clarines 1497;;;;LA SERENA;IV REGION;CL;21990;0;990;0;22980;0;CLP
000000538209;23787985101-A;31/07/2025 08:58:49;Reembolsado;20990;990;21980;3778;0.0000;17212;1;PANTALÓN MUJER NICOPOLY BLANCO TIRO ALTO BÁSICO;MPM10001752475-4;N10373AM-5;31/07/2025 08:58:50;4d_Retiro Tienda Ripley Parque Arauco;Herrera;Lucia;;"Avenida Kennedy 5413 ";4to Piso. Modulo Retiro en Tienda;;;LAS CONDES;REG.METROPOLITANA;CL;Herrera;Lucia;;Avenida Vespucio Norte 2101;;;;LAS CONDES;REG.METROPOLITANA;CL;20990;0;990;0;21980;0;CLP
000000538209;23788011801-A;31/07/2025 09:12:55;Reembolsado;21990;990;22980;3958;0.0000;18032;1;PANTALÓN MUJER NICOPOLY NEGRO RECTO COSTURA FRONTAL;MPM10001713171-3;N04301BS-5;31/07/2025 09:12:57;5d_Retiro Tienda Ripley Marina Arauco;Landero;Gloria Alejandra;;"Avenida Libertad 1348 ";" Piso 4. Modulo Retiro en Tienda";;;VI.A DEL MA;V REGION;CL;Landero;Gloria Alejandra;;El Carmen 108;;;;VI.A DEL MA;V REGION;CL;21990;0;990;0;22980;0;CLP
000000538209;23788671501-A;31/07/2025 13:26:19;Reembolsado;37990;990;38980;6838;0.0000;31152;1;PARKA SIN MANGAS CORDÓN EN COLOR ROJO NICOPOLY;MPM10001753187-1;N04319DXL;31/07/2025 13:26:20;10d_Retiro Tienda Ripley San Fernando;Castro;Elena;;"Bernardo Ohiggins 701 ";" 3er Piso. Modulo Retiro en Tienda";;;SAN FERNANDO;VI REGION;CL;Castro;Elena;;Hacienda Sur Villa las Harás 0192;;;;SAN FERNANDO;VI REGION;CL;37990;0;990;0;38980;0;CLP
000000538209;23788973201-A;31/07/2025 15:16:55;Reembolsado;41990;0;41990;7558;0.0000;34432;1;BLAZER LARGO DE TOPE EN COLOR NEGRO NICOPOLY;MPM10002635853-1;N05275BL;31/07/2025 15:16:57;5d_Retiro Tienda Ripley Los Ángeles;Saez Rojas;"Carmen ";;"Valdivia 440, Los Angeles ";" 3er Piso. Servicio al Cliente";;;LOS ANGELES;VIII REGION;CL;Saez Rojas;"Carmen ";;pasaje los anglicanos 0375;;;;LOS ANGELES;VIII REGION;CL;41990;0;0;0;41990;0;CLP
000000538209;23793598701-A;01/08/2025 22:07:46;Reembolsado;34990;990;35980;6298;0.0000;28692;1;ABRIGO HOMBROS CAÍDOS EN COLOR NEGRO NICOPOLY;MPM10002646330-1;N05174BM;01/08/2025 22:07:47;4d_Retiro Tienda Ripley Costanera Center;Arriaza Retamal;Sebastian Andres;;"Avenida Andrés Bello 2422 ";" 1er Piso. Modulo Retiro en Tienda";;;PROVIDENCIA;REG.METROPOLITANA;CL;Arriaza Retamal;Sebastian Andres;;Diego de Velázquez 2087;;;;PROVIDENCIA;REG.METROPOLITANA;CL;34990;0;990;0;35980;0;CLP
000000538209;23793628101-A;01/08/2025 22:08:54;Cerrado;49990;0;49990;8998;0.0000;40992;1;BLAZER CUELLO CRUZADO MORADO NICOPOLY;MPM10002842881-3;N05299ZL-7;01/08/2025 22:08:55;18d_Retiro Tienda Ripley Punta Arenas;Valenzuela;Cristina;;"Avda. E Frei Montalva 01110 Local 194 ";" 2do Piso. Servicio al Cliente";;;PTA.ARENAS;XII REGION;CL;Valenzuela;Cristina;;Pasaje caburga  3424;;;;PTA.ARENAS;XII REGION;CL;49990;0;0;0;49990;0;CLP
000000538209;23793628101-A;01/08/2025 22:08:54;Cerrado;35990;0;35990;6478;0.0000;29512;1;BLAZER COTELÉ BURDEO NICOPOLY;MPM10002661609-3;N05302DL;01/08/2025 22:08:55;18d_Retiro Tienda Ripley Punta Arenas;Valenzuela;Cristina;;"Avda. E Frei Montalva 01110 Local 194 ";" 2do Piso. Servicio al Cliente";;;PTA.ARENAS;XII REGION;CL;Valenzuela;Cristina;;Pasaje caburga  3424;;;;PTA.ARENAS;XII REGION;CL;35990;0;0;0;35990;0;CLP
000000538209;23794388102-A;02/08/2025 09:38:06;Cerrado;31990;990;32980;5758;0.0000;26232;1;CHAQUETA REVERSIBLE EN COLOR NEGRO NICOPOLY;MPM10002646333-4;N05189BXL;02/08/2025 09:38:08;4d_Retiro Tienda Ripley Huechuraba;Jara;Solange;;"Av. Americo Vespucio Norte 1737 ";" 2do Piso. Modulo Retiro en Tienda";;;HUECHURABA;REG.METROPOLITANA;CL;Jara;Solange;;boulevard los condores 4576;;;;HUECHURABA;REG.METROPOLITANA;CL;31990;0;990;0;32980;0;CLP
000000538209;23794611201-A;02/08/2025 11:39:28;Cerrado;6990;990;7980;1258;0.0000;5732;1;BUFANDA SUAVE EN COLOR ROJO NICOPOLY;MPM10002663015-1;N05338DF;02/08/2025 11:39:29;4d_Retiro Tienda Ripley Tobalaba;Ramirez Pincheira;Carolina;;"Av. Camilo Henríquez 3296, Puente Alto ";2do Piso. Modulo Retiro en Tienda;;;PUENTE ALTO;REG.METROPOLITANA;CL;Ramirez Pincheira;Carolina;;calle el Atico 1 sur 972;;;;PUENTE ALTO;REG.METROPOLITANA;CL;6990;0;990;0;7980;0;CLP
000000538209;23794734101-A;02/08/2025 12:29:58;Cerrado;20990;990;21980;3778;0.0000;17212;1;PANTALÓN MUJER NICOPOLY CELESTE TIRO ALTO BÁSICO;MPM10001752484-4;N10373CS-5;02/08/2025 12:29:59;5d_Retiro Tienda Ripley Valparaíso;Aguilera Rodriguez;Mariela Maria;;"Plaza Victoria 1646 ";" 4to Piso. Servicio al Cliente";;;VALPARAISO;V REGION;CL;Aguilera Rodriguez;Mariela Maria;;Pasaje libertad número 43 43;;;;VALPARAISO;V REGION;CL;20990;0;990;0;21980;0;CLP
000000538209;23794777201-A;02/08/2025 12:46:51;Reembolsado;39990;0;39990;7198;0.0000;32792;1;FULFILLMENT-CHAQUETA CORTA IMPERMEABLE KHAKI NICOPOLY;MPM10002725905-2;N05190LL-FF;02/08/2025 12:46:52;FF_MATRIX;Luna;Constanza;;Avenida Tobalaba 10573;Dep33;;;PE.ALOLEN;REG.METROPOLITANA;CL;Luna;Constanza;;Avenida Tobalaba 10573;;;;PE.ALOLEN;REG.METROPOLITANA;CL;39990;0;0;0;39990;0;CLP
000000538209;23795256701-A;02/08/2025 15:54:09;Reembolsado;63990;0;63990;11518;0.0000;52472;1;FULFILLMENT-ABRIGO 4 BOTONES ÓXIDO NICOPOLY;MPM10002725912-1;N05155UM-FF;02/08/2025 15:54:10;FF_MATRIX;Varela Rojas;Maritza;;37 oriente 9 y media norte 1994;Casa;;;TALCA;VII REGION;CL;Varela Rojas;Maritza;;37 oriente 9 y media norte 1994;;;;TALCA;VII REGION;CL;63990;0;0;0;63990;0;CLP
000000538209;23795391901-A;02/08/2025 16:34:58;Reembolsado;63990;0;63990;11518;0.0000;52472;1;FULFILLMENT-ABRIGO 4 BOTONES ÓXIDO NICOPOLY;MPM10002725912-3;N05155US-FF;02/08/2025 16:35:01;FF_MATRIX;Koller;Constanza;;Dr cristobal martin 984;8;;;CONCEPCION;VIII REGION;CL;Koller;Constanza;;Dr cristobal martin 984;;;;CONCEPCION;VIII REGION;CL;63990;0;0;0;63990;0;CLP
000000538209;23795947301-A;02/08/2025 19:47:29;Reembolsado;43990;0;43990;7918;0.0000;36072;1;VESTIDO LARGO CUELLO MOCK AZUL NICOPOLY;MPM10002627274-1;N05311PM;02/08/2025 19:47:31;Flujo Crossdock- Ripley PAQ;Reyes;Elizabeth;;Calle 23 Norte, Portal Norte IV 23;Depto;;;TALCA;VII REGION;CL;Reyes;Elizabeth;;Calle 23 Norte, Portal Norte IV 23;;;;TALCA;VII REGION;CL;43990;0;0;0;43990;0;CLP
000000538209;23796550801-A;02/08/2025 22:47:30;Cerrado;34990;990;35980;6298;0.0000;28692;1;ABRIGO HOMBROS CAÍDOS EN COLOR NEGRO NICOPOLY;MPM10002646330-1;N05174BM;02/08/2025 22:47:31;8d_Retiro Tienda Ripley Copiapo;Araya Fritis;Yasna;;"Calle Maipu S/N, Copiapo ";" 2do Piso. Servicio al Cliente";;;COPIAPO;III REGION;CL;Araya Fritis;Yasna;;Girasoles Villa el Pretil 60;;;;COPIAPO;III REGION;CL;34990;0;990;0;35980;0;CLP
000000538209;23796888701-A;03/08/2025 01:17:53;Reembolsado;34990;495;35485;6298;0.0000;28692;1;ABRIGO HOMBROS CAÍDOS EN COLOR NEGRO NICOPOLY;MPM10002646330-1;N05174BM;03/08/2025 01:17:54;4d_Retiro Tienda Ripley San Bernardo;Salinas;Ruth;;"Av. Pdte. Jorge Alessandri Rodríguez 20040, San Bernardo ";2do Piso. Modulo Retiro en Tienda;;;SN.BERNARDO;REG.METROPOLITANA;CL;Salinas;Ruth;;Sta Filomena de viluco 4;;;;SN.BERNARDO;REG.METROPOLITANA;CL;34990;0;495;0;35485;0;CLP
000000538209;23796888701-A;03/08/2025 01:17:53;Reembolsado;34990;495;35485;6298;0.0000;28692;1;ABRIGO HOMBROS CAÍDOS MOCA NICOPOLY;MPM10002646295-2;N05174UM;03/08/2025 01:17:54;4d_Retiro Tienda Ripley San Bernardo;Salinas;Ruth;;"Av. Pdte. Jorge Alessandri Rodríguez 20040, San Bernardo ";2do Piso. Modulo Retiro en Tienda;;;SN.BERNARDO;REG.METROPOLITANA;CL;Salinas;Ruth;;Sta Filomena de viluco 4;;;;SN.BERNARDO;REG.METROPOLITANA;CL;34990;0;495;0;35485;0;CLP
000000538209;23796936901-A;03/08/2025 01:59:31;Reembolsado;9990;990;10980;1798;0.0000;8192;1;CHALECO CUELLO V OVERSIZE ROSA NICOPOLY;MPM00040172304-1;N02088HS;03/08/2025 01:59:32;4d_Retiro Tienda Ripley Parque Arauco;Lertora;Paola;;"Avenida Kennedy 5413 ";4to Piso. Modulo Retiro en Tienda;;;LAS CONDES;REG.METROPOLITANA;CL;Lertora;Paola;;San Carlos de Apoquindo 936;;;;LAS CONDES;REG.METROPOLITANA;CL;9990;0;990;0;10980;0;CLP
000000538209;23797923001-A;03/08/2025 15:19:47;Reembolsado;47990;0;47990;8638;0.0000;39352;1;ABRIGO BÁSICO 2 BOTONES EN COLOR NEGRO NICOPOLY;MPM10002646293-4;N05255BM;03/08/2025 15:19:48;5d_Retiro Tienda Ripley La Calera;Vega;Paulina Pilin;;"JJ Perez 90, La Calera ";" 2do Piso. Modulo Retiro en Tienda";;;CALERA;V REGION;CL;Vega;Paulina Pilin;;Caleta pichicuy 000;;;;CALERA;V REGION;CL;47990;0;0;0;47990;0;CLP
000000538209;23798068001-A;03/08/2025 16:03:01;Reembolsado;29990;990;30980;5398;0.0000;24592;1;CHAQUETA BOUCLÉ EN COLOR NEGRO NICOPOLY;MPM10002646312-2;N05183BL;03/08/2025 16:03:03;4d_Retiro Tienda Ripley Huechuraba;Carvajal;Hernán;;"Av. Americo Vespucio Norte 1737 ";" 2do Piso. Modulo Retiro en Tienda";;;HUECHURABA;REG.METROPOLITANA;CL;Carvajal;Hernán;;Magallanes 8522;;;;HUECHURABA;REG.METROPOLITANA;CL;29990;0;990;0;30980;0;CLP
000000538209;23798096001-A;03/08/2025 16:11:58;Reembolsado;19990;990;20980;3598;0.0000;16392;1;CHAQUETA QUILT TIPO CAMISERA OLIVA NICOPOLY;MPM10001383865-3;N04190MXL;03/08/2025 16:12:00;5d_Retiro Tienda Ripley Curicó;Johnson;Brenda;;"Av.OHiggins 201 ";" 2do Piso. Servicio al Cliente";;;CURICO;VII REGION;CL;Johnson;Brenda;;Yerbas buenas 1178;;;;CURICO;VII REGION;CL;19990;0;990;0;20980;0;CLP
000000538209;23798251301-A;03/08/2025 16:56:57;Reembolsado;42990;0;42990;7738;0.0000;35252;1;ENTERITO CUELLO MOCK AZUL NICOPOLY;MPM10002627273-2;N05313PM;03/08/2025 16:56:59;Flujo Same day BX;Araya;Mireya;;Vicente yañez pinzon 3733;Casa;;;MAIPU;REG.METROPOLITANA;CL;Araya;Mireya;;Vicente yañez pinzon 3733;;;;MAIPU;REG.METROPOLITANA;CL;42990;0;0;0;42990;0;CLP
000000538209;23798496501-A;03/08/2025 18:09:29;Cerrado;35990;990;36980;6478;0.0000;29512;1;CHAQUETA ECOCUERO LAZO EN COLOR NEGRONICOPOLY;MPM10002635859-4;N05152BXL;03/08/2025 18:09:31;10d_Retiro Tienda Ripley Antofagasta;Aguirre;Karen;;"Arturo Prat 530 ";" 4to Piso. Servicio al Cliente";;;ANTOFAGASTA;II REGION;CL;Aguirre;Karen;;Calle nueva 4 419;;;;ANTOFAGASTA;II REGION;CL;35990;0;990;0;36980;0;CLP
000000538209;23798585701-A;03/08/2025 18:37:59;Cerrado;9990;1596;11586;1798;0.0000;8192;1;CROP TOP JASPEADO CELESTE NICOPOLY;MPM10001849443-3;N05021KM;03/08/2025 18:38:00;Flujo Same day BX;Sifuentes;Katia;;Felix de Amesti 963;85;;;LAS CONDES;REG.METROPOLITANA;CL;Sifuentes;Katia;;Felix de Amesti 963;;;;LAS CONDES;REG.METROPOLITANA;CL;9990;0;1596;0;11586;0;CLP
000000538209;23799653901-A;03/08/2025 22:38:33;Cerrado;35990;990;36980;6478;0.0000;29512;1;BLAZER COTELÉ EN COLOR CAFE NICOPOLY;MPM10002661346-2;N05302UM;03/08/2025 22:38:34;4d_Retiro Tienda Ripley Puente;Fuenzalida;Javiera;;"21 de Mayo 698 ";4to Piso. Modulo Retiro en Tienda;;;SANTIAGO;REG.METROPOLITANA;CL;Fuenzalida;Javiera;;Santa Elena 1760;;;;SANTIAGO;REG.METROPOLITANA;CL;35990;0;990;0;36980;0;CLP
000000538209;23799770801-A;03/08/2025 22:58:16;Reembolsado;31990;0;31990;5758;0.0000;26232;1;GILET BÁSICO HILO EN COLOR BLANCO NICOPOLY;MPM10002842882-3;N05264AM-7;03/08/2025 22:58:17;10d_Retiro Tienda Ripley La Serena;"Godoy ";Mirian;;"Gregorio Cordovez 499 ";" 3er Piso. Modulo Retiro en Tienda";;;LA SERENA;IV REGION;CL;Valdes;Modesta  Diaz;;Pasaje isla chiloe  3518;;;;LA SERENA;IV REGION;CL;31990;0;0;0;31990;0;CLP
000000538209;23800152901-A;04/08/2025 00:21:49;Cerrado;13990;0;13990;2518;0.0000;11472;1;FALDA MUJER NICOPOLY BURDEO TUBO CIERRE;MPM00084139820-2;N03063TL;04/08/2025 00:21:51;4d_Retiro Tienda Ripley Costanera Center;Zampillo Ponce;Valery;;"Avenida Andrés Bello 2422 ";" 1er Piso. Modulo Retiro en Tienda";;;PROVIDENCIA;REG.METROPOLITANA;CL;Zampillo Ponce;Valery;;Amapolas  3748;;;;PROVIDENCIA;REG.METROPOLITANA;CL;13990;0;0;0;13990;0;CLP
000000538209;23800409701-A;04/08/2025 08:01:34;Reembolsado;37990;195;38185;6838;0.0000;31152;1;PARKA SIN MANGAS CORDÓN EN COLOR ROJO NICOPOLY;MPM10001753187-2;N04319DS;04/08/2025 08:01:36;Flujo Same day BX;Quijada;Carolina;;Toltecas 8668;S/N;;;LAS CONDES;REG.METROPOLITANA;CL;Quijada;Carolina;;Toltecas 8668;;;;LAS CONDES;REG.METROPOLITANA;CL;37990;0;195;0;38185;0;CLP
000000538209;23800409701-A;04/08/2025 08:01:34;Reembolsado;37990;195;38185;6838;0.0000;31152;1;PARKA SIN MANGAS CORDÓN EN COLOR BLANCO INVIERNO NICOPOLY;MPM10001753189-4;N04319AS;04/08/2025 08:01:36;Flujo Same day BX;Quijada;Carolina;;Toltecas 8668;S/N;;;LAS CONDES;REG.METROPOLITANA;CL;Quijada;Carolina;;Toltecas 8668;;;;LAS CONDES;REG.METROPOLITANA;CL;37990;0;195;0;38185;0;CLP
000000538209;23800418001-A;04/08/2025 08:16:17;Reembolsado;47990;3990;51980;8638;0.0000;39352;1;ABRIGO BÁSICO 2 BOTONES EN COLOR NEGRO NICOPOLY;MPM10002646293-3;N05255BXL;04/08/2025 08:16:18;Flujo Crossdock- Ripley PAQ;"Cortes Araya ";"Valeria Lissette ";;La huerta  471;"Casa ";;;HUALA.E;VII REGION;CL;"Cortes Araya ";"Valeria Lissette ";;La huerta  471;;;;HUALA.E;VII REGION;CL;47990;0;3990;0;51980;0;CLP
000000538209;23800676401-A;04/08/2025 10:32:12;Cerrado;26990;990;27980;4858;0.0000;22132;1;BLAZER CRUZADO ECOCUERO EN COLOR NEGRO NICOPOLY;MPM10001849471-3;N05105BXL;04/08/2025 10:32:13;10d_Retiro Tienda Ripley Calama;Weishaupt;"Carolina ";;"Balmaceda 3242, Calama ";" 2do Piso. Servicio al Cliente";;;CALAMA;II REGION;CL;Weishaupt;"Carolina ";;Manuel Mont Norte 3364;;;;CALAMA;II REGION;CL;26990;0;990;0;27980;0;CLP
000000538209;23802283401-A;04/08/2025 19:32:44;Cerrado;29990;990;30980;5398;0.0000;24592;1;CHAQUETA BOUCLÉ GRIS NICOPOLY;MPM10002646300-3;N05183NL;04/08/2025 19:32:45;4d_Retiro Tienda Ripley San Bernardo;"Fuentes ";Maria Cecilia;;"Av. Pdte. Jorge Alessandri Rodríguez 20040, San Bernardo ";2do Piso. Modulo Retiro en Tienda;;;SN.BERNARDO;REG.METROPOLITANA;CL;Acevedo;Analia;;Las salinas 638;;;;SN.BERNARDO;REG.METROPOLITANA;CL;29990;0;990;0;30980;0;CLP
000000538209;23802876801-A;04/08/2025 21:52:39;Reembolsado;47990;0;47990;8638;0.0000;39352;1;ABRIGO BÁSICO 2 BOTONES EN COLOR NEGRO NICOPOLY;MPM10002646293-3;N05255BXL;04/08/2025 21:52:40;5d_Retiro Tienda Ripley Rancagua;"Rodríguez ";"Genoveva ";;"José Domingo Mujica 490 ";" 3er Piso. Modulo Retiro en Tienda";;;RANCAGUA;VI REGION;CL;Fritz Rodriguez;Natalia;;Plaza Azaleas, Los Ancantos, Machali 52;;;;RANCAGUA;VI REGION;CL;47990;0;0;0;47990;0;CLP
000000538209;23803219601-A;04/08/2025 23:00:26;Reembolsado;34990;3990;38980;6298;0.0000;28692;1;ABRIGO HOMBROS CAÍDOS EN COLOR NEGRO NICOPOLY;MPM10002646330-2;N05174BL;04/08/2025 23:00:28;Flujo Same day BX;Astorga;Francisca;;General Carol Urzua 7040;604;;;LAS CONDES;REG.METROPOLITANA;CL;Astorga;Francisca;;General Carol Urzua 7040;;;;LAS CONDES;REG.METROPOLITANA;CL;34990;0;3990;0;38980;0;CLP
000000538209;23803885701-A;05/08/2025 09:02:58;Reembolsado;47990;990;48980;8638;0.0000;39352;1;ABRIGO FORRO TIPO PIEL GRAFITO NICOPOLY;MPM10002661326-4;N05147NS;05/08/2025 09:02:59;5d_Retiro Tienda Ripley Talca;Cancino Burgos;Maria Loreto;;"8 Oriente 1212 ";" 2do Piso. Modulo Retiro en Tienda";;;TALCA;VII REGION;CL;Cancino Burgos;Maria Loreto;;4 norte (3 y 4 poniente) 0417;;;;TALCA;VII REGION;CL;47990;0;990;0;48980;0;CLP
000000538209;23804173201-A;05/08/2025 11:04:00;Reembolsado;26990;3990;30980;4858;0.0000;22132;1;BLAZER CRUZADO ECOCUERO EN COLOR NEGRO NICOPOLY;MPM10001849471-1;N05105BM;05/08/2025 11:04:01;Flujo Same day BX;Echague;Maria Luisa;;Pirámide 971;Casa;;;SAN MIGUEL;REG.METROPOLITANA;CL;Echague;Maria Luisa;;Pirámide 971;;;;SAN MIGUEL;REG.METROPOLITANA;CL;26990;0;3990;0;30980;0;CLP
000000538209;23804661302-A;05/08/2025 13:47:33;Cerrado;25990;0;25990;4678;0.0000;21312;1;GILET 4 BOTONES EN COLOR NEGRO NICOPOLY;MPM10002842883-3;N05262BS-7;05/08/2025 13:47:34;10d_Retiro Tienda Ripley Antofagasta;Navia;Katia;;"Arturo Prat 530 ";" 4to Piso. Servicio al Cliente";;;ANTOFAGASTA;II REGION;CL;Navia;Katia;;Jaime Guzman errazuriz 4100;;;;ANTOFAGASTA;II REGION;CL;25990;0;0;0;25990;0;CLP
000000538209;23804923501-A;05/08/2025 15:07:42;Cerrado;26990;990;27980;4858;0.0000;22132;1;BLAZER CRUZADO ECOCUERO EN COLOR NEGRO NICOPOLY;MPM10001849471-1;N05105BM;05/08/2025 15:07:43;5d_Retiro Tienda Ripley Curicó;Soza;Ana;;"Av.OHiggins 201 ";" 2do Piso. Servicio al Cliente";;;CURICO;VII REGION;CL;Soza;Ana;;Mamiña  1591;;;;CURICO;VII REGION;CL;26990;0;990;0;27980;0;CLP
000000538209;23807327301-A;06/08/2025 09:06:39;Cerrado;47990;0;47990;8638;0.0000;39352;1;ABRIGO FORRO TIPO PIEL GRAFITO NICOPOLY;MPM10002661326-4;N05147NS;06/08/2025 09:06:41;6d_Retiro Tienda Ripley Nueva Valdivia;Yaez Ponce;Yovani Patricio;;"Arauco 561 ";" 3er Piso. Servicio al Cliente";;;VALDIVIA;XIV REGION;CL;Yaez Ponce;Yovani Patricio;;Villa las americas . Pasaje pedro 9 S/n;;;;VALDIVIA;XIV REGION;CL;47990;0;0;0;47990;0;CLP
000000538209;23808205101-A;06/08/2025 14:10:49;Cerrado;31990;990;32980;5758;0.0000;26232;1;VESTIDO MUJER NICOPOLY ROJO PLISADO ASIMÉTRICO;MPM10001849452-3;N05100DS;06/08/2025 14:10:51;8d_Retiro Tienda Ripley Castellón;Cliente;Claudia;;"Castellon 520, Concepcion ";6to Piso. Servicio al Cliente;;;CONCEPCION;VIII REGION;CL;Cliente;Claudia;;Juan Figari N19 19;;;;CONCEPCION;VIII REGION;CL;31990;0;990;0;32980;0;CLP
000000538209;23808329101-A;06/08/2025 14:52:02;Cerrado;19990;990;20980;3598;0.0000;16392;1;CHAQUETA QUILT TIPO CAMISERA OLIVA NICOPOLY;MPM10001383865-1;N04190ML;06/08/2025 14:52:03;10d_Retiro Tienda Ripley Portal Temuco;Cabrera;María José;;"Avenida Alemania 0671 ";3er Piso, Modulo Retiro en Tienda;;;TEMUCO;IX REGION;CL;Cabrera;María José;;San Carlos 96;;;;TEMUCO;IX REGION;CL;19990;0;990;0;20980;0;CLP
000000538209;23808733801-A;06/08/2025 17:00:23;Reembolsado;30990;990;31980;5578;0.0000;25412;1;CHAQUETA LEÑADORA BEIGE NICOPOLY;MPM00040988712-3;N02150AM;06/08/2025 17:00:24;5d_Retiro Tienda Ripley Curicó;Herrera;Maritza;;"Av.OHiggins 201 ";" 2do Piso. Servicio al Cliente";;;CURICO;VII REGION;CL;Herrera;Maritza;;Pasaje el Magnolio Villa Don Rodrigo  2565;;;;CURICO;VII REGION;CL;30990;0;990;0;31980;0;CLP
000000538209;23809338501-A;06/08/2025 20:34:54;Cerrado;47990;3980;51970;8638;0.0000;39352;1;ABRIGO GORRO DESMONTABLE BEIGE NICOPOLY;MPM10002646318-2;N05150LM;06/08/2025 20:34:55;Flujo Same day BX;Versluys;Bernardita;;Los Alpes 960;Depto 506 B;;;LAS CONDES;REG.METROPOLITANA;CL;Versluys;Bernardita;;Los Alpes 960;;;;LAS CONDES;REG.METROPOLITANA;CL;47990;0;3980;0;51970;0;CLP
000000538209;23810394201-A;07/08/2025 08:15:23;Cerrado;21990;990;22980;3958;0.0000;18032;1;SWEATER BÁSICO PERLAS CELESTE NICOPOLY;MPM10002842898-2;N03095KM-7;07/08/2025 08:15:25;4d_Retiro Tienda Ripley Florida Center;Hermosilla;Ines;;"Vicuña Mackenna Oriente 6100, La Florida ";3er Piso. Modulo Retiro en Tienda;;;LA FLORIDA;REG.METROPOLITANA;CL;Hermosilla;Ines;;Parque puyehue poniente 2150;;;;LA FLORIDA;REG.METROPOLITANA;CL;21990;0;990;0;22980;0;CLP
000000538209;23811156201-A;07/08/2025 13:25:14;Cerrado;48990;495;49485;8818;0.0000;40172;1;ABRIGO PATRON ESPIGA GRAFITO NICOPOLY;MPM10002646332-1;N05149NL;07/08/2025 13:25:16;18d_Retiro Tienda Ripley Punta Arenas;ACUÑA;VICENTE;;"Avda. E Frei Montalva 01110 Local 194 ";" 2do Piso. Servicio al Cliente";;;PTA.ARENAS;XII REGION;CL;ACUÑA;VICENTE;;pedro sarmiento de gamboa  543;;;;PTA.ARENAS;XII REGION;CL;48990;0;495;0;49485;0;CLP
000000538209;23811156201-A;07/08/2025 13:25:14;Cerrado;47990;495;48485;8638;0.0000;39352;1;ABRIGO BÁSICO 2 BOTONES EN COLOR NEGRO NICOPOLY;MPM10002646293-1;N05255BL;07/08/2025 13:25:16;18d_Retiro Tienda Ripley Punta Arenas;ACUÑA;VICENTE;;"Avda. E Frei Montalva 01110 Local 194 ";" 2do Piso. Servicio al Cliente";;;PTA.ARENAS;XII REGION;CL;ACUÑA;VICENTE;;pedro sarmiento de gamboa  543;;;;PTA.ARENAS;XII REGION;CL;47990;0;495;0;48485;0;CLP
000000538209;23811207701-A;07/08/2025 13:42:26;Cerrado;35990;495;36485;6478;0.0000;29512;1;PANTALÓN MUJER NICOPOLY AZUL ACERO RECTO CON PINZAS;MPM10002122159-4;N04277CM-6;07/08/2025 13:42:27;5d_Retiro Tienda Ripley Chillán;Garcia;Mariana;;"5 de Abril 699 ";4to Piso. Centro de atención al Cliente;;;CHILLAN;VIII REGION;CL;Garcia;Mariana;;Von schroeders 273;;;;CHILLAN;VIII REGION;CL;35990;0;495;0;36485;0;CLP
000000538209;23811207701-A;07/08/2025 13:42:26;Cerrado;49990;495;50485;8998;0.0000;40992;1;BLAZER DE TOPE MANGA 3/4 RECOGIDA CELESTE NICOPOLY;MPM10002842900-4;N03049CS-7;07/08/2025 13:42:27;5d_Retiro Tienda Ripley Chillán;Garcia;Mariana;;"5 de Abril 699 ";4to Piso. Centro de atención al Cliente;;;CHILLAN;VIII REGION;CL;Garcia;Mariana;;Von schroeders 273;;;;CHILLAN;VIII REGION;CL;49990;0;495;0;50485;0;CLP
000000538209;23811238201-A;07/08/2025 13:53:48;Reembolsado;45990;0;45990;8278;0.0000;37712;1;ABRIGO CUADRILLE  NEGRO NICOPOLY;MPM10002646320-3;N05288BM;07/08/2025 13:53:49;Flujo Same day BX;Gutierrez;Carla;;Avenida Francisco Bilbao 2140;510A;;;PROVIDENCIA;REG.METROPOLITANA;CL;Gutierrez;Carla;;Avenida Francisco Bilbao 2140;;;;PROVIDENCIA;REG.METROPOLITANA;CL;45990;0;0;0;45990;0;CLP
000000538209;23811612401-A;07/08/2025 16:06:58;Cerrado;24990;990;25980;4498;0.0000;20492;1;BLUSA CON LAZO DESMONTABLE ROJO NICOPOLY;MPM10001752438-2;N04270DL-5;07/08/2025 16:07:01;5d_Retiro Tienda Ripley Rancagua;Madariaga;Carolina;;"José Domingo Mujica 490 ";" 3er Piso. Modulo Retiro en Tienda";;;RANCAGUA;VI REGION;CL;Madariaga;Carolina;;Villa Baquedano pasaje Notro 548 548;;;;RANCAGUA;VI REGION;CL;24990;0;990;0;25980;0;CLP
000000538209;23812063201-A;07/08/2025 19:03:21;Reembolsado;31990;990;32980;5758;0.0000;26232;1;CHAQUETA REVERSIBLE NEGRO NICOPOLY;MPM10002646333-2;N05189BL;07/08/2025 19:03:23;4d_Retiro Tienda Ripley Huechuraba;Jara;Solange;;"Av. Americo Vespucio Norte 1737 ";" 2do Piso. Modulo Retiro en Tienda";;;HUECHURABA;REG.METROPOLITANA;CL;Jara;Solange;;boulevard los condores 4576;;;;HUECHURABA;REG.METROPOLITANA;CL;31990;0;990;0;32980;0;CLP
000000538209;23812317301-A;07/08/2025 20:48:19;Cerrado;19990;990;20980;3598;0.0000;16392;1;CALZA MUJER NICOPOLY BURDEOS/NEGRO VICHY CON CIERRE;MPM10001465171-2;N03033TL-4;07/08/2025 20:48:20;4d_Retiro Tienda Ripley Plaza Vespucio;Contreras;Daniela;;"Av. Vicuña Mackenna Ote. 7110, La Florida ";3er Piso. Modulo Retiro en Tienda;;;LA FLORIDA;REG.METROPOLITANA;CL;Contreras;Daniela;;Bahia Inglesa  0543;;;;LA FLORIDA;REG.METROPOLITANA;CL;19990;0;990;0;20980;0;CLP
000000538209;23812535501-A;07/08/2025 21:52:45;Reembolsado;29990;990;30980;5398;0.0000;24592;1;CHAQUETA BOUCLE  MOCA NICOPOLY;MPM10002646315-2;N05183UM;07/08/2025 21:52:46;4d_Retiro Tienda Ripley Huechuraba;"Silva ";"Ivette ";;"Av. Americo Vespucio Norte 1737 ";" 2do Piso. Modulo Retiro en Tienda";;;HUECHURABA;REG.METROPOLITANA;CL;"Silva ";"Ivette ";;Lo Arcaya 3;;;;HUECHURABA;REG.METROPOLITANA;CL;29990;0;990;0;30980;0;CLP
000000538209;23812595301-A;07/08/2025 22:11:00;Reembolsado;31490;0;31490;5668;0.0000;25822;1;CHAQUETA CORTA TIPO GAMUZA CAMEL NICOPOLY;MPM10002635827-3;N05173UL;07/08/2025 22:11:01;8d_Retiro Tienda Ripley Puerto Montt;Mansilla;Sandra;;"Urmeneta 595, Puerto Montt ";4to Piso. Servicio al Cliente;;;PTO.MONTT;X REGION;CL;Mansilla;Sandra;;Puerto Sara , Brisa Mar 2203;;;;PTO.MONTT;X REGION;CL;31490;0;0;0;31490;0;CLP
000000538209;23812595301-A;07/08/2025 22:11:00;Reembolsado;34990;0;34990;6298;0.0000;28692;1;BOMBER TIPO GAMUZA OLIVA NICOPOLY;MPM10002635837-1;N05184ML;07/08/2025 22:11:01;8d_Retiro Tienda Ripley Puerto Montt;Mansilla;Sandra;;"Urmeneta 595, Puerto Montt ";4to Piso. Servicio al Cliente;;;PTO.MONTT;X REGION;CL;Mansilla;Sandra;;Puerto Sara , Brisa Mar 2203;;;;PTO.MONTT;X REGION;CL;34990;0;0;0;34990;0;CLP
000000538209;23813073601-A;08/08/2025 06:01:19;Cerrado;26990;990;27980;4858;0.0000;22132;1;BLAZER CRUZADO ECOCUERO NEGRO NICOPOLY;MPM10001849471-1;N05105BM;08/08/2025 06:01:21;5d_Retiro Tienda Ripley Viña del Mar Sucre;Rodríguez;Ximena;;"Sucre 290, Viña ";5to Piso. Modulo Retiro en Tienda;;;VI.A DEL MA;V REGION;CL;Rodríguez;Ximena;;Lago Villarrica 32;;;;VI.A DEL MA;V REGION;CL;26990;0;990;0;27980;0;CLP
000000538209;23813183601-A;08/08/2025 08:58:16;Cerrado;44990;4990;49980;8098;0.0000;36892;1;BLAZER BASICO DE TOPE NEGRO NICOPOLY;MPM10002842906-4;N05301BS-7;08/08/2025 08:58:17;Flujo Crossdock- Ripley PAQ;Ortiz;Cristina;;Santa Filomena norte 5;Casa;;;COLINA;REG.METROPOLITANA;CL;Ortiz;Cristina;;Santa Filomena norte 5;;;;COLINA;REG.METROPOLITANA;CL;44990;0;4990;0;49980;0;CLP
000000538209;23813238601-A;08/08/2025 09:36:35;Cerrado;26990;990;27980;4858;0.0000;22132;1;BLAZER CRUZADO ECOCUERO NEGRO NICOPOLY;MPM10001849471-3;N05105BXL;08/08/2025 09:36:37;5d_Retiro Tienda Ripley Mall Concepción;Acuna;Karen;;"Barros Arana 1068, Concepcion ";" 3er Piso. Modulo Retiro en Tienda";;;CONCEPCION;VIII REGION;CL;Acuna;Karen;;Uno oriente 6264;;;;CONCEPCION;VIII REGION;CL;26990;0;990;0;27980;0;CLP
000000538209;23813255501-A;08/08/2025 09:47:59;Cerrado;25990;0;25990;4678;0.0000;21312;1;CHAQUETA PUFFER COTELE  CAMEL NICOPOLY;MPM10002661339-2;N05154LM;08/08/2025 09:48:01;10d_Retiro Tienda Ripley San Fernando;Cubillos Barrera;Lissette;;"Bernardo Ohiggins 701 ";" 3er Piso. Modulo Retiro en Tienda";;;SAN FERNANDO;VI REGION;CL;Cubillos Barrera;Lissette;;Pasaje Raúl Cubillo Ávila 621;;;;SAN FERNANDO;VI REGION;CL;25990;0;0;0;25990;0;CLP
000000538209;23814073201-A;08/08/2025 16:28:07;Cerrado;49990;0;49990;8998;0.0000;40992;1;BLAZER CUELLO CRUZADO VERDE NICOPOLY;MPM10002842873-4;N05299EM-7;08/08/2025 16:28:09;10d_Retiro Tienda Ripley Pto. Montt Costanera;"Cobi ";"Juana ";;"Juan Soler Manfredini 10 ";" 6to Piso. Modulo Retiro en Tienda";;;PTO.MONTT;X REGION;CL;Lemus;Maira;;Pto Williams  218;;;;PTO.MONTT;X REGION;CL;49990;0;0;0;49990;0;CLP
000000538209;23814159201-A;08/08/2025 17:11:34;Cerrado;35990;990;36980;6478;0.0000;29512;1;ABRIGO OVERSIZE PIED DE POULE ROJO NICOPOLY;MPM10001383884-1;N04219DL;08/08/2025 17:11:35;10d_Retiro Tienda Ripley La Serena;Orrego Araya;Macarena;;"Gregorio Cordovez 499 ";" 3er Piso. Modulo Retiro en Tienda";;;LA SERENA;IV REGION;CL;Orrego Araya;Macarena;;Avenida Puertas del Mar 351;;;;LA SERENA;IV REGION;CL;35990;0;990;0;36980;0;CLP
000000538209;23814500401-A;08/08/2025 20:04:05;Cerrado;47990;2990;50980;8638;0.0000;39352;1;ABRIGO BASICO 2 BOTONES NEGRO NICOPOLY;MPM10002646293-4;N05255BM;08/08/2025 20:04:07;Flujo Crossdock- Ripley PAQ;Lopez Castillo;Loreto;;Avenida providencia pueblo sotaqui 7;S/N;;;OVALLE;IV REGION;CL;Lopez Castillo;Loreto;;Avenida providencia pueblo sotaqui 7;;;;OVALLE;IV REGION;CL;47990;0;2990;0;50980;0;CLP
000000538209;23814504201-A;08/08/2025 20:06:29;Cerrado;24990;990;25980;4498;0.0000;20492;1;PARKA SIN MANGAS IMAN CUELLO AZUL GRISACEO NICOPOLY;MPM10001383876-1;N04187NXL;08/08/2025 20:06:30;5d_Retiro Tienda Ripley Talca;Álvarez;Gloria;;"8 Oriente 1212 ";" 2do Piso. Modulo Retiro en Tienda";;;TALCA;VII REGION;CL;Pincheira;Rolando;;17 y medio poniente 0190;;;;TALCA;VII REGION;CL;24990;0;990;0;25980;0;CLP
000000538209;23814564401-A;08/08/2025 20:28:38;Cerrado;29990;0;29990;5398;0.0000;24592;1;CHAQUETA BOUCLE  NEGRO NICOPOLY;MPM10002646312-3;N05183BM;08/08/2025 20:28:40;10d_Retiro Tienda Ripley Antofagasta;Benitez;"Danixa ";;"Arturo Prat 530 ";" 4to Piso. Servicio al Cliente";;;ANTOFAGASTA;II REGION;CL;Figueroa Burgos;"Ester Del Carmen ";;villa filadelfia pasaje la paz 2569;;;;ANTOFAGASTA;II REGION;CL;29990;0;0;0;29990;0;CLP
000000538209;23814814801-A;08/08/2025 22:20:52;Reembolsado;31490;990;32480;5668;0.0000;25822;1;CHAQUETA CORTA TIPO GAMUZA OLIVA NICOPOLY;MPM10002635832-2;N05173ML;08/08/2025 22:20:53;4d_Retiro Tienda Ripley Huechuraba;Gomez;Nathalie;;"Av. Americo Vespucio Norte 1737 ";" 2do Piso. Modulo Retiro en Tienda";;;HUECHURABA;REG.METROPOLITANA;CL;Gomez;Nathalie;;Olimpia 5360;;;;HUECHURABA;REG.METROPOLITANA;CL;31490;0;990;0;32480;0;CLP
000000538209;23814889702-A;08/08/2025 22:53:52;Cerrado;35990;990;36980;6478;0.0000;29512;1;PARKA CORTA TIPO ECOCUERO NEGRO NICOPOLY;MPM10001383848-4;N04213BXL;08/08/2025 22:53:53;10d_Retiro Tienda Ripley Pto. Montt Costanera;Huenante aviles;"Daniela elizabeth ";;"Juan Soler Manfredini 10 ";" 6to Piso. Modulo Retiro en Tienda";;;PTO.MONTT;X REGION;CL;Cliente;Yasna Elizabeth;;El teniente 80;;;;PTO.MONTT;X REGION;CL;35990;0;990;0;36980;0;CLP
000000538209;23815637102-A;09/08/2025 13:26:28;Cerrado;19990;0;19990;3598;0.0000;16392;1;CHAQUETA QUILT TIPO CAMISERA MARRON NICOPOLY;MPM10001384249-4;N04190UXL;09/08/2025 13:26:30;5d_Retiro Tienda Ripley El Trébol;Torres;Yessica;;"Avenida Jorge Alessandri 3177 ";" 3er Piso. Modulo Retiro en Tienda";;;TALCAHUANO;VIII REGION;CL;Torres;Yessica;;Jaime Repullo  2866;;;;TALCAHUANO;VIII REGION;CL;19990;0;0;0;19990;0;CLP
000000538209;23816179101-A;09/08/2025 18:05:48;Reembolsado;20990;330;21320;3778;0.0000;17212;1;PANTALÓN MUJER NICOPOLY CELESTE TIRO ALTO BÁSICO;MPM10001752484-1;N10373CM-5;09/08/2025 18:05:50;4d_Retiro Tienda Ripley Alameda;Robles;Brenda;;"Av Libertador Bernardo O'Higgins 3470, Santiago ";3er Piso. Modulo Retiro en Tienda;;;EST.CENTRAL;REG.METROPOLITANA;CL;Robles;Brenda;;armando lira  3673;;;;EST.CENTRAL;REG.METROPOLITANA;CL;20990;0;330;0;21320;0;CLP
000000538209;23816179101-A;09/08/2025 18:05:48;Reembolsado;20990;330;21320;3778;0.0000;17212;1;PANTALÓN MUJER NICOPOLY ROJO TIRO ALTO BÁSICO;MPM10001752474-2;N10373DM-5;09/08/2025 18:05:50;4d_Retiro Tienda Ripley Alameda;Robles;Brenda;;"Av Libertador Bernardo O'Higgins 3470, Santiago ";3er Piso. Modulo Retiro en Tienda;;;EST.CENTRAL;REG.METROPOLITANA;CL;Robles;Brenda;;armando lira  3673;;;;EST.CENTRAL;REG.METROPOLITANA;CL;20990;0;330;0;21320;0;CLP
000000538209;23816179101-A;09/08/2025 18:05:48;Reembolsado;26990;330;27320;4858;0.0000;22132;1;PANTALÓN MUJER NICOPOLY KHAKI PIERNA ANCHA;MPM10001856322-4;N04017LM-5;09/08/2025 18:05:50;4d_Retiro Tienda Ripley Alameda;Robles;Brenda;;"Av Libertador Bernardo O'Higgins 3470, Santiago ";3er Piso. Modulo Retiro en Tienda;;;EST.CENTRAL;REG.METROPOLITANA;CL;Robles;Brenda;;armando lira  3673;;;;EST.CENTRAL;REG.METROPOLITANA;CL;26990;0;330;0;27320;0;CLP
000000538209;23816224301-A;09/08/2025 18:28:28;Reembolsado;49990;0;49990;8998;0.0000;40992;1;BLAZER CUELLO CRUZADO VERDE NICOPOLY;MPM10002842873-3;N05299EXL-7;09/08/2025 18:28:29;5d_Retiro Tienda Ripley Viña del Mar Sucre;Alvarez;Macarena;;"Sucre 290, Viña ";5to Piso. Modulo Retiro en Tienda;;;VI.A DEL MA;V REGION;CL;Alvarez;Macarena;;Calle Marsilia 130, Jardin del Mar 130;;;;VI.A DEL MA;V REGION;CL;49990;0;0;0;49990;0;CLP
000000538209;23816287002-A;09/08/2025 19:05:52;Cerrado;34990;0;34990;6298;0.0000;28692;1;ABRIGO HOMBROS CAIDOS NEGRO NICOPOLY;MPM10002646330-1;N05174BM;09/08/2025 19:05:54;4d_Retiro Tienda Ripley Tobalaba;"González ";"Rodrigo ";;"Av. Camilo Henríquez 3296, Puente Alto ";2do Piso. Modulo Retiro en Tienda;;;PUENTE ALTO;REG.METROPOLITANA;CL;Rojas;Valeria;;Pasaje Los Infantes Sur 01997;;;;PUENTE ALTO;REG.METROPOLITANA;CL;34990;0;0;0;34990;0;CLP
000000538209;23816499401-A;09/08/2025 20:50:19;Cerrado;44990;7990;52980;8098;0.0000;36892;1;BLAZER BASICO DE TOPE ROJO NICOPOLY;MPM10002843023-1;N05301DXL-7;09/08/2025 20:50:21;Flujo Crossdock- Ripley PAQ;Navarro;Adriana;;"Esmeralda218 B 218 b ";Local comercial;;;YUNGAY;VIII REGION;CL;Navarro;Adriana;;"Esmeralda218 B 218 b ";;;;YUNGAY;VIII REGION;CL;44990;0;7990;0;52980;0;CLP
000000538209;23816663701-A;09/08/2025 21:52:36;Reembolsado;37990;3990;41980;6838;0.0000;31152;1;PARKA SIN MANGAS CORDON ROJO NICOPOLY;MPM10001753187-3;N04319DL;09/08/2025 21:52:37;Flujo Same day BX;Contreras;Maria Olga;;avenida del canal  21500;111;;;SANTIAGO;REG.METROPOLITANA;CL;Contreras;Maria Olga;;avenida del canal  21500;;;;SANTIAGO;REG.METROPOLITANA;CL;37990;0;3990;0;41980;0;CLP
000000538209;23816806601-A;09/08/2025 22:53:24;Cerrado;26990;990;27980;4858;0.0000;22132;1;BLAZER CRUZADO ECOCUERO NEGRO NICOPOLY;MPM10001849471-3;N05105BXL;09/08/2025 22:53:25;5d_Retiro Tienda Ripley Talca;Guerrero;Katherinne;;"8 Oriente 1212 ";" 2do Piso. Modulo Retiro en Tienda";;;TALCA;VII REGION;CL;Guerrero;Katherinne;;tres y medio poniente C 3;;;;TALCA;VII REGION;CL;26990;0;990;0;27980;0;CLP
000000538209;23816921401-A;10/08/2025 00:00:16;Cerrado;29990;990;30980;5398;0.0000;24592;1;PARKA QUILT BROCHES GRIS BRILLANTE NICOPOLY;MPM10001383859-1;N04148NL;10/08/2025 00:00:17;4d_Retiro Tienda Ripley Crillon;Barrientos G;Gabi Barrientos G.;;"Agustinas #1025 ";Piso -1. Modulo Retiro en Tienda;;;SANTIAGO;REG.METROPOLITANA;CL;Barrientos G;Gabi Barrientos G.;;Lord Cochrane 636;;;;SANTIAGO;REG.METROPOLITANA;CL;29990;0;990;0;30980;0;CLP
000000538209;23816995101-A;10/08/2025 00:57:50;Cerrado;31990;3990;35980;5758;0.0000;26232;1;GILET BASICO HILO NEGRO NICOPOLY;MPM10002842889-3;N05264BL-7;10/08/2025 00:57:52;Flujo Same day BX;Rojas;Natalia;;Huasco 7306;S/N;;;LO ESPEJO;REG.METROPOLITANA;CL;Rojas;Natalia;;Huasco 7306;;;;LO ESPEJO;REG.METROPOLITANA;CL;31990;0;3990;0;35980;0;CLP
000000538209;23817084101-A;10/08/2025 06:37:39;Cerrado;34990;990;35980;6298;0.0000;28692;1;ABRIGO HOMBROS CAIDOS NEGRO NICOPOLY;MPM10002646330-1;N05174BM;10/08/2025 06:37:41;10d_Retiro Tienda Ripley Antofagasta;"Hurtado González ";"Fresia ";;"Arturo Prat 530 ";" 4to Piso. Servicio al Cliente";;;ANTOFAGASTA;II REGION;CL;Aros Hurtado;Myriam Esther;;Coloso 6729;;;;ANTOFAGASTA;II REGION;CL;34990;0;990;0;35980;0;CLP
000000538209;23817217401-A;10/08/2025 10:32:06;Cerrado;19990;990;20980;3598;0.0000;16392;1;VESTIDO MIDI MUJER NICOPOLY NEGRO ACANALADO;MPM10001437616-2;N04224BM;10/08/2025 10:32:07;5d_Retiro Tienda Ripley Mall Concepción;Gomez;Angelica;;"Barros Arana 1068, Concepcion ";" 3er Piso. Modulo Retiro en Tienda";;;CONCEPCION;VIII REGION;CL;Gomez;Angelica;;obispo manuel alday 350;;;;CONCEPCION;VIII REGION;CL;19990;0;990;0;20980;0;CLP
000000538209;23817318501-A;10/08/2025 11:34:15;Cerrado;47990;0;47990;8638;0.0000;39352;1;ABRIGO GORRO DESMONTABLE BEIGE NICOPOLY;MPM10002646318-4;N05150LL;10/08/2025 11:34:16;4d_Retiro Tienda Ripley Arauco Maipu;"Henriquez ";"Yamila ";;"Av. Americo Vespucio 399 ";" 2do Piso. Modulo Retiro en Tienda";;;MAIPU;REG.METROPOLITANA;CL;Henrquez;"Evelyn ";;Janequeo  5532;;;;MAIPU;REG.METROPOLITANA;CL;47990;0;0;0;47990;0;CLP
000000538209;23817384801-A;10/08/2025 12:14:42;Cerrado;25990;990;26980;4678;0.0000;21312;1;CHAQUETA PUFFER COTELE  BLANCO INVIERNO NICOPOLY;MPM10002661334-1;N05154AM;10/08/2025 12:14:43;4d_Retiro Tienda Ripley Plaza Egaña;Guajardo;Juan;;"Larrain 5800 ";" 3er Piso. Modulo Retiro en Tienda";;;NUNOA;REG.METROPOLITANA;CL;Guajardo;Juan;;Tunga  4258;;;;NUNOA;REG.METROPOLITANA;CL;25990;0;990;0;26980;0;CLP
000000538209;23817439201-A;10/08/2025 12:48:48;Cerrado;48990;0;48990;8818;0.0000;40172;1;VESTIDO LARGO FIESTA BURDEO NICOPOLY;MPM10002627258-1;N05305TM;10/08/2025 12:48:50;4d_Retiro Tienda Ripley Plaza Egaña;Crisostomo;"Carmen Gloria ";;"Larrain 5800 ";" 3er Piso. Modulo Retiro en Tienda";;;NUNOA;REG.METROPOLITANA;CL;Crisostomo;"Carmen Gloria ";;Maximo Jeria  550;;;;NUNOA;REG.METROPOLITANA;CL;48990;0;0;0;48990;0;CLP
000000538209;23817519301-A;10/08/2025 13:34:13;Reembolsado;29990;990;30980;5398;0.0000;24592;1;CHAQUETA BOUCLE  BLANCO INVIERNO INVIERNO NICOPOLY;MPM10002646323-3;N05183AM;10/08/2025 13:34:14;5d_Retiro Tienda Ripley Chillán;Acuña;Catherine;;"5 de Abril 699 ";4to Piso. Centro de atención al Cliente;;;CHILLAN;VIII REGION;CL;Acuña;Catherine;;Hernando de castillo 3726;;;;CHILLAN;VIII REGION;CL;29990;0;990;0;30980;0;CLP
000000538209;23817537801-A;10/08/2025 13:47:26;Reembolsado;28990;990;29980;5218;0.0000;23772;1;VESTIDO MIDI MUJER NICOPOLY NEGRO SWEATER;MPM10002160530-1;N05211BM;10/08/2025 13:47:27;4d_Retiro Tienda Ripley Costanera Center;Salinas;Catalina;;"Avenida Andrés Bello 2422 ";" 1er Piso. Modulo Retiro en Tienda";;;PROVIDENCIA;REG.METROPOLITANA;CL;Burotto;Paola;;José Pestalozzi 0348;;;;PROVIDENCIA;REG.METROPOLITANA;CL;28990;0;990;0;29980;0;CLP
000000538209;23817557701-A;10/08/2025 13:58:02;Cerrado;19990;990;20980;3598;0.0000;16392;1;CHAQUETA QUILT TIPO CAMISERA MARRON NICOPOLY;MPM10001384249-4;N04190UXL;10/08/2025 13:58:03;5d_Retiro Tienda Ripley Marina Arauco;Gonzalez Melo;Maryorie paola;;"Avenida Libertad 1348 ";" Piso 4. Modulo Retiro en Tienda";;;VI.A DEL MA;V REGION;CL;Gonzalez Melo;Maryorie paola;;Av benidorm 1097;;;;VI.A DEL MA;V REGION;CL;19990;0;990;0;20980;0;CLP
000000538209;23817740301-A;10/08/2025 15:38:05;Reembolsado;19990;990;20980;3598;0.0000;16392;1;CALZA MUJER NICOPOLY SKINNY VICHY CON CIERRE BLANCO NEGRO;MPM10002122148-2;N03033AL-6;10/08/2025 15:38:06;4d_Retiro Tienda Ripley Los Dominicos;Nuez;Evelyn;;"Padre Hurtado Sur 875 ";1er Piso. Servicio al Cliente;;;LAS CONDES;REG.METROPOLITANA;CL;Nuez;Evelyn;;Valenzuela Puelma  8731;;;;LAS CONDES;REG.METROPOLITANA;CL;19990;0;990;0;20980;0;CLP
000000538209;23817983801-A;10/08/2025 17:35:41;Cerrado;30990;990;31980;5578;0.0000;25412;1;CHAQUETA LEÑADORA BEIGE NICOPOLY;MPM00040988712-1;N02150AL;10/08/2025 17:35:42;5d_Retiro Tienda Ripley Los Andes;"Espinoza ";"Solange ";;"Santa Teresita 683 ";2do Piso. Servicio al Cliente;;;LOS ANDES;V REGION;CL;Rodriguez  Perez;Ana María;;Villa Tocornal 1;;;;LOS ANDES;V REGION;CL;30990;0;990;0;31980;0;CLP
000000538209;23818068201-A;10/08/2025 18:08:05;Cerrado;35990;990;36980;6478;0.0000;29512;1;VESTIDO ACANALADO TERRACOTA CON CINTURON;MPM10002912848-1;N06097UL;10/08/2025 18:08:07;4d_Retiro Tienda Ripley Arauco Maipu;Llanten;Violeta;;"Av. Americo Vespucio 399 ";" 2do Piso. Modulo Retiro en Tienda";;;MAIPU;REG.METROPOLITANA;CL;Llanten;Violeta;;Los Artilleros 349;;;;MAIPU;REG.METROPOLITANA;CL;35990;0;990;0;36980;0;CLP
000000538209;23818219101-A;10/08/2025 19:17:09;Reembolsado;49990;3990;53980;8998;0.0000;40992;1;BLAZER CUELLO CRUZADO ROJO NICOPOLY;MPM10002842890-4;N05299DL-7;10/08/2025 19:17:10;Flujo Crossdock- Ripley PAQ;Lpez;Eduardo;;Pasaje Cibeles 1  117;117;;;LOS ANGELES;VIII REGION;CL;Lpez;Eduardo;;Pasaje Cibeles 1  117;;;;LOS ANGELES;VIII REGION;CL;49990;0;3990;0;53980;0;CLP
000000538209;23818431401-A;10/08/2025 20:37:41;Cerrado;20990;990;21980;3778;0.0000;17212;1;PANTALÓN MUJER NICOPOLY BLANCO TIRO ALTO BÁSICO;MPM10001752475-1;N10373AL-5;10/08/2025 20:37:42;4d_Retiro Tienda Ripley Costanera Center;Navarro;"Noelia ";;"Avenida Andrés Bello 2422 ";" 1er Piso. Modulo Retiro en Tienda";;;PROVIDENCIA;REG.METROPOLITANA;CL;Gonzalez Barahona;Nury;;Barros Arana  944;;;;PROVIDENCIA;REG.METROPOLITANA;CL;20990;0;990;0;21980;0;CLP
000000538209;23818495801-A;10/08/2025 20:59:32;Cerrado;37990;0;37990;6838;0.0000;31152;1;CHAQUETA BIKER ECOCUERO CORTA NEGRO NICOPOLY;MPM10001383962-3;N04201BS;10/08/2025 20:59:33;Flujo Crossdock- Ripley PAQ;Torres Gonzalez;Ignacio Emisael;;Los Laureles 50;S/N;;;CONCEPCION;VIII REGION;CL;Torres Gonzalez;Ignacio Emisael;;Los Laureles 50;;;;CONCEPCION;VIII REGION;CL;37990;0;0;0;37990;0;CLP
000000538209;23818514201-A;10/08/2025 21:07:11;Cerrado;21990;990;22980;3958;0.0000;18032;1;SWEATER BASICO PERLAS ROJO NICOPOLY;MPM10002842886-3;N03095DM-7;10/08/2025 21:07:12;10d_Retiro Tienda Ripley Calama;"Condore ";"Kruchezka ";;"Balmaceda 3242, Calama ";" 2do Piso. Servicio al Cliente";;;CALAMA;II REGION;CL;"Condore ";"Kruchezka ";;petrohue sur 3856;;;;CALAMA;II REGION;CL;21990;0;990;0;22980;0;CLP
000000538209;23818680201-A;10/08/2025 21:58:16;Cerrado;35990;990;36980;6478;0.0000;29512;1;CHAQUETA ECOCUERO LAZO NEGRONICOPOLY;MPM10002635859-3;N05152BS;10/08/2025 21:58:17;4d_Retiro Tienda Ripley Costanera Center;Alvarez;Patricia;;"Avenida Andrés Bello 2422 ";" 1er Piso. Modulo Retiro en Tienda";;;PROVIDENCIA;REG.METROPOLITANA;CL;Alvarez;Carolina;;chonchi 1595;;;;PROVIDENCIA;REG.METROPOLITANA;CL;35990;0;990;0;36980;0;CLP
000000538209;23818872601-A;10/08/2025 22:55:30;Cerrado;35990;0;35990;6478;0.0000;29512;1;CHAQUETA ECOCUERO LAZO CAMEL NICOPOLY;MPM10002635848-1;N05152LS;10/08/2025 22:55:31;4d_Retiro Tienda Ripley Plaza Vespucio;"Castro ";"Danitza ";;"Av. Vicuña Mackenna Ote. 7110, La Florida ";3er Piso. Modulo Retiro en Tienda;;;LA FLORIDA;REG.METROPOLITANA;CL;"Castro ";"Danitza ";;San Jorge  142;;;;LA FLORIDA;REG.METROPOLITANA;CL;35990;0;0;0;35990;0;CLP
000000538209;23818889402-A;10/08/2025 23:00:43;Reembolsado;18990;4990;23980;3418;0.0000;15572;1;VESTIDO MUJER NICOPOLY NEGRO TUBO CON STRASS;MPM10001849460-2;N05119BL;10/08/2025 23:00:45;Flujo Crossdock- Ripley PAQ;Campodonico;Cynthia;;Costa Rica 1000;S/N;;;PE.AFLOR;REG.METROPOLITANA;CL;Campodonico;Cynthia;;Costa Rica 1000;;;;PE.AFLOR;REG.METROPOLITANA;CL;18990;0;4990;0;23980;0;CLP
000000538209;23819047801-A;11/08/2025 00:04:50;Cerrado;29990;990;30980;5398;0.0000;24592;1;CHAQUETA BOUCLE  GRIS NICOPOLY;MPM10002646300-3;N05183NL;11/08/2025 00:04:51;4d_Retiro Tienda Ripley Arauco Maipu;"Oyarzun ";"Almendra ";;"Av. Americo Vespucio 399 ";" 2do Piso. Modulo Retiro en Tienda";;;MAIPU;REG.METROPOLITANA;CL;"Oyarzun ";"Almendra ";;Ernesto pinto lagarrigue 5522;;;;MAIPU;REG.METROPOLITANA;CL;29990;0;990;0;30980;0;CLP
000000538209;23819066501-A;11/08/2025 00:15:54;Reembolsado;26990;990;27980;4858;0.0000;22132;1;BLAZER CRUZADO ECOCUERO NEGRO NICOPOLY;MPM10001849471-3;N05105BXL;11/08/2025 00:15:56;5d_Retiro Tienda Ripley Mall Concepción;Arribasplata;Roberto;;"Barros Arana 1068, Concepcion ";" 3er Piso. Modulo Retiro en Tienda";;;CONCEPCION;VIII REGION;CL;Freire;Eyleen;;Los Crisantemos 15;;;;CONCEPCION;VIII REGION;CL;26990;0;990;0;27980;0;CLP
000000538209;23819109201-A;11/08/2025 00:48:39;Cerrado;31990;990;32980;5758;0.0000;26232;1;CHAQUETA REVERSIBLE NEGRO NICOPOLY;MPM10002646333-3;N05189BM;11/08/2025 00:48:40;4d_Retiro Tienda Ripley Plaza Egaña;Salvador;Cristhofer;;"Larrain 5800 ";" 3er Piso. Modulo Retiro en Tienda";;;NUNOA;REG.METROPOLITANA;CL;Salvador;Cristhofer;;Jose arrieta 6682;;;;NUNOA;REG.METROPOLITANA;CL;31990;0;990;0;32980;0;CLP
000000538209;23819176901-A;11/08/2025 04:00:47;Cerrado;37990;9990;47980;6838;0.0000;31152;1;BOMBER ECOCUERO NEGRO NICOPOLY;MPM10002635840-4;N05153BM;11/08/2025 04:00:51;Flujo Crossdock- Ripley PAQ;Prez Muoz;Mara Jos;;Las rosas 1991A;Casa;;;IQUIQUE;I REGION;CL;Prez Muoz;Mara Jos;;Las rosas 1991A;;;;IQUIQUE;I REGION;CL;37990;0;9990;0;47980;0;CLP
000000538209;23819176902-A;11/08/2025 04:00:47;Cerrado;39990;0;39990;7198;0.0000;32792;1;FULFILLMENT-CHAQUETA CUELLO MAO NEGRO NICOPOLY;MPM10002725931-1;N02106BL-6-FF;11/08/2025 04:00:52;FF_MATRIX;Prez Muoz;Mara Jos;;Las rosas 1991A;Casa;;;IQUIQUE;I REGION;CL;Prez Muoz;Mara Jos;;Las rosas 1991A;;;;IQUIQUE;I REGION;CL;39990;0;0;0;39990;0;CLP
000000538209;23819177301-A;11/08/2025 04:12:35;Cerrado;26990;990;27980;4858;0.0000;22132;1;BLAZER CRUZADO ECOCUERO NEGRO NICOPOLY;MPM10001849471-3;N05105BXL;11/08/2025 04:12:37;10d_Retiro Tienda Ripley Portal Temuco;Ulloa;Noelia;;"Avenida Alemania 0671 ";3er Piso, Modulo Retiro en Tienda;;;TEMUCO;IX REGION;CL;Ulloa;Noelia;;Temuco 9;;;;TEMUCO;IX REGION;CL;26990;0;990;0;27980;0;CLP
000000538209;23819194601-A;11/08/2025 06:51:06;Cerrado;39990;0;39990;7198;0.0000;32792;1;BLAZER MUJER NICOPOLY ROJO CUELLO MAO;MPM10002160481-1;N00156DM-6;11/08/2025 06:51:08;5d_Retiro Tienda Ripley El Trébol;Ormeo Lizana;Marylin Lorena;;"Avenida Jorge Alessandri 3177 ";" 3er Piso. Modulo Retiro en Tienda";;;TALCAHUANO;VIII REGION;CL;Ormeo Lizana;Marylin Lorena;;Mar de Bering  4862;;;;TALCAHUANO;VIII REGION;CL;39990;0;0;0;39990;0;CLP
000000538209;23819303001-A;11/08/2025 09:21:28;Reembolsado;49990;495;50485;8998;0.0000;40992;1;BLAZER CUELLO CRUZADO VERDE NICOPOLY;MPM10002842873-2;N05299ES-7;11/08/2025 09:21:30;5d_Retiro Tienda Ripley Talca;Solar;Maureen;;"8 Oriente 1212 ";" 2do Piso. Modulo Retiro en Tienda";;;TALCA;VII REGION;CL;Solar;Maureen;;7 oriente 2480;;;;TALCA;VII REGION;CL;49990;0;495;0;50485;0;CLP
000000538209;23819303001-A;11/08/2025 09:21:28;Reembolsado;49990;495;50485;8998;0.0000;40992;1;BLAZER CUELLO CRUZADO ROJO NICOPOLY;MPM10002842890-1;N05299DS-7;11/08/2025 09:21:30;5d_Retiro Tienda Ripley Talca;Solar;Maureen;;"8 Oriente 1212 ";" 2do Piso. Modulo Retiro en Tienda";;;TALCA;VII REGION;CL;Solar;Maureen;;7 oriente 2480;;;;TALCA;VII REGION;CL;49990;0;495;0;50485;0;CLP
000000538209;23819435301-A;11/08/2025 10:48:29;Reembolsado;34990;990;35980;6298;0.0000;28692;1;ABRIGO HOMBROS CAIDOS NEGRO NICOPOLY;MPM10002646330-1;N05174BM;11/08/2025 10:48:31;10d_Retiro Tienda Ripley Pto. Montt Costanera;Sepulveda;David;;"Juan Soler Manfredini 10 ";" 6to Piso. Modulo Retiro en Tienda";;;PTO.MONTT;X REGION;CL;Sepulveda;David;;Camino la colonia km 4.3 150;;;;PTO.MONTT;X REGION;CL;34990;0;990;0;35980;0;CLP
000000538209;23819429302-A;11/08/2025 10:48:30;Cerrado;21990;0;21990;3958;0.0000;18032;1;CÁRDIGAN MUJER NICOPOLY NEGRO BÁSICO BOTONES;MPM10002128957-4;N05251BM;11/08/2025 10:48:32;5d_Retiro Tienda Ripley Valparaíso;Amaya;Pia;;"Plaza Victoria 1646 ";" 4to Piso. Servicio al Cliente";;;VALPARAISO;V REGION;CL;Amaya;Pia;;Calle segunda 1387;;;;VALPARAISO;V REGION;CL;21990;0;0;0;21990;0;CLP
000000538209;23819792101-A;11/08/2025 13:49:08;Cerrado;48990;990;49980;8818;0.0000;40172;1;VESTIDO LARGO FIESTA NEGRO NICOPOLY;MPM10002627262-2;N05305BM;11/08/2025 13:49:10;5d_Retiro Tienda Ripley Valparaíso;Molina;Fernanda;;"Plaza Victoria 1646 ";" 4to Piso. Servicio al Cliente";;;VALPARAISO;V REGION;CL;Molina;Fernanda;;Molina 531;;;;VALPARAISO;V REGION;CL;48990;0;990;0;49980;0;CLP
000000538209;23820098701-A;11/08/2025 16:13:00;Cerrado;19990;990;20980;3598;0.0000;16392;1;CALZA MUJER NICOPOLY NEGRO CIERRES DECORATIVOS;MPM10001710252-3;N05049BM;11/08/2025 16:13:02;4d_Retiro Tienda Ripley Crillon;Illanes G;Macarena;;"Agustinas #1025 ";Piso -1. Modulo Retiro en Tienda;;;SANTIAGO;REG.METROPOLITANA;CL;Illanes G;Macarena;;Almirante Latorre 498;;;;SANTIAGO;REG.METROPOLITANA;CL;19990;0;990;0;20980;0;CLP
000000538209;23820236801-A;11/08/2025 17:21:50;Cerrado;21990;990;22980;3958;0.0000;18032;1;CÁRDIGAN MUJER NICOPOLY NEGRO BÁSICO BOTONES;MPM10002128957-3;N05251BS;11/08/2025 17:21:51;10d_Retiro Tienda Ripley Calama;Zamora;Betty;;"Balmaceda 3242, Calama ";" 2do Piso. Servicio al Cliente";;;CALAMA;II REGION;CL;Zamora;Betty;;maipu 2646;;;;CALAMA;II REGION;CL;21990;0;990;0;22980;0;CLP
000000538209;23820249801-A;11/08/2025 17:31:02;Cerrado;37990;4990;42980;6838;0.0000;31152;1;PARKA SIN MANGAS CORDON ROJO NICOPOLY;MPM10001753187-2;N04319DS;11/08/2025 17:31:03;Flujo Crossdock- Ripley PAQ;Sierra;Anabel;;Sendero Norte 55;114B;;;VI.A DEL MA;V REGION;CL;Sierra;Anabel;;Sendero Norte 55;;;;VI.A DEL MA;V REGION;CL;37990;0;4990;0;42980;0;CLP
000000538209;23820315201-A;11/08/2025 18:09:34;Cerrado;21990;6990;28980;3958;0.0000;18032;1;VESTIDO MIDI MUJER NICOPOLY NEGRO ACANALADO TAJO;MPM10002128945-2;N05218BM;11/08/2025 18:09:35;Flujo Crossdock- Ripley PAQ;Ramírez;Marcelo;;Los Pinos 24;Casa;;;LOS VILOS;IV REGION;CL;Ramírez;Marcelo;;Los Pinos 24;;;;LOS VILOS;IV REGION;CL;21990;0;6990;0;28980;0;CLP
000000538209;23820419602-A;11/08/2025 19:03:40;Cerrado;21990;0;21990;3958;0.0000;18032;1;PARKA CORTA QUILT CON GORRO AZUL MARINO NICOPOLY;MPM10001383892-4;N04221NM;11/08/2025 19:03:42;14d_Retiro Tienda Ripley Arica;Bravo Jorquera;Yerika;;"Av. Diego Portales 640, Arica ";2do Piso. Modulo Retiro en Tienda;;;ARICA;XV REGION;CL;"Bravo Arquero ";Andrea;;El Yodo 8265;;;;ARICA;XV REGION;CL;21990;0;0;0;21990;0;CLP
000000538209;23820484501-A;11/08/2025 19:38:22;Reembolsado;49990;3990;53980;8998;0.0000;40992;1;BLAZER CUELLO CRUZADO VERDE NICOPOLY;MPM10002842873-4;N05299EM-7;11/08/2025 19:38:24;Flujo Same day BX;Mutis;Guido;;LAS MADRESELVAS 910;S/N;;;LO PRADO;REG.METROPOLITANA;CL;Mutis;Guido;;LAS MADRESELVAS 910;;;;LO PRADO;REG.METROPOLITANA;CL;49990;0;3990;0;53980;0;CLP
000000538209;23820594001-A;11/08/2025 20:25:36;Cerrado;29990;1845;31835;5398;0.0000;24592;1;CHAQUETA BOUCLE  MOCA NICOPOLY;MPM10002646315-3;N05183UL;11/08/2025 20:25:38;Flujo Crossdock- Ripley PAQ;Leiva;Marjorie;;Calle Amazonas 2455;PLAC;;;LA LIGUA;V REGION;CL;Leiva;Marjorie;;Calle Amazonas 2455;;;;LA LIGUA;V REGION;CL;29990;0;1845;0;31835;0;CLP
000000538209;23820594001-A;11/08/2025 20:25:36;Cerrado;37990;1845;39835;6838;0.0000;31152;1;BOMBER ECOCUERO NEGRO NICOPOLY;MPM10002635840-3;N05153BL;11/08/2025 20:25:38;Flujo Crossdock- Ripley PAQ;Leiva;Marjorie;;Calle Amazonas 2455;PLAC;;;LA LIGUA;V REGION;CL;Leiva;Marjorie;;Calle Amazonas 2455;;;;LA LIGUA;V REGION;CL;37990;0;1845;0;39835;0;CLP
000000538209;23820703401-A;11/08/2025 21:07:22;Cerrado;35990;0;35990;6478;0.0000;29512;1;CHAQUETA ECOCUERO LAZO NEGRONICOPOLY;MPM10002635859-2;N05152BL;11/08/2025 21:07:23;Flujo Crossdock- Ripley PAQ;Tabilo;Barbara;;Nicolás Copérnico, quebrada de talca sn;S/N;;;LA SERENA;IV REGION;CL;Tabilo;Barbara;;Nicolás Copérnico, quebrada de talca sn;;;;LA SERENA;IV REGION;CL;35990;0;0;0;35990;0;CLP
000000538209;23820977901-A;11/08/2025 22:40:47;Cerrado;47990;0;47990;8638;0.0000;39352;1;ABRIGO BASICO 2 BOTONES NEGRO NICOPOLY;MPM10002646293-1;N05255BL;11/08/2025 22:40:48;10d_Retiro Tienda Ripley La Serena;Hatte;"Pilar ";;"Gregorio Cordovez 499 ";" 3er Piso. Modulo Retiro en Tienda";;;LA SERENA;IV REGION;CL;Vega Hatte;Alejandra;;pasaje aconcagua 2421;;;;LA SERENA;IV REGION;CL;47990;0;0;0;47990;0;CLP
000000538209;23821012801-A;11/08/2025 22:53:58;Cerrado;48990;990;49980;8818;0.0000;40172;1;ABRIGO PATRON ESPIGA GRAFITO NICOPOLY;MPM10002646332-2;N05149NS;11/08/2025 22:53:59;8d_Retiro Tienda Ripley Castellón;Sepulveda;"Mabel ";;"Castellon 520, Concepcion ";6to Piso. Servicio al Cliente;;;CONCEPCION;VIII REGION;CL;Sepulveda;"Mabel ";;Providencia 1072;;;;CONCEPCION;VIII REGION;CL;48990;0;990;0;49980;0;CLP
000000538209;23821264201-A;12/08/2025 02:41:17;Cerrado;29990;0;29990;5398;0.0000;24592;1;CHAQUETA BOUCLE  BLANCO INVIERNO INVIERNO NICOPOLY;MPM10002646323-2;N05183AS;12/08/2025 02:41:19;4d_Retiro Tienda Ripley San Bernardo;Osses;Francisca;;"Av. Pdte. Jorge Alessandri Rodríguez 20040, San Bernardo ";2do Piso. Modulo Retiro en Tienda;;;SN.BERNARDO;REG.METROPOLITANA;CL;Osses;Francisca;;Pasaje los jesuitas 5132;;;;SN.BERNARDO;REG.METROPOLITANA;CL;29990;0;0;0;29990;0;CLP
000000538209;23821270201-A;12/08/2025 03:21:15;Cerrado;25990;990;26980;4678;0.0000;21312;1;BLUSA BASICA BOTONERA INVISIBLE LILA NICOPOLY;MPM10000693682-2;N00089ZXL-3;12/08/2025 03:21:17;4d_Retiro Tienda Ripley Los Dominicos;Errázuriz;Soledad;;"Padre Hurtado Sur 875 ";1er Piso. Servicio al Cliente;;;LAS CONDES;REG.METROPOLITANA;CL;Errázuriz;Soledad;;Francisco Bulnes Correa 902;;;;LAS CONDES;REG.METROPOLITANA;CL;25990;0;990;0;26980;0;CLP
000000538209;23821609101-A;12/08/2025 11:20:56;Cerrado;199960;5187;205147;35993;0.0000;163967;4;BLAZER CUELLO CRUZADO MORADO NICOPOLY;MPM10002842881-1;N05299ZM-7;12/08/2025 11:20:57;Flujo Same day BX;Parra;Fernando;;los alpes 975;ofici;;;LAS CONDES;REG.METROPOLITANA;CL;Parra;Fernando;;los alpes 975;;;;LAS CONDES;REG.METROPOLITANA;CL;199960;0;5187;0;205147;0;CLP
000000538209;23821798501-A;12/08/2025 13:03:25;Cerrado;33990;3990;37980;6118;0.0000;27872;1;VESTIDO CUELLO MOCK NEGRONICOPOLY;MPM10002627271-1;N05292BL;12/08/2025 13:03:26;Flujo Same day BX;Contreras;"Francisco ";;Reyes Lavalle 3385;302;;;LAS CONDES;REG.METROPOLITANA;CL;Contreras;"Francisco ";;Reyes Lavalle 3385;;;;LAS CONDES;REG.METROPOLITANA;CL;33990;0;3990;0;37980;0;CLP
000000538209;23822068301-A;12/08/2025 15:33:27;Cerrado;47990;0;47990;8638;0.0000;39352;1;ABRIGO GORRO DESMONTABLE CAFE  NICOPOLY;MPM10002646292-4;N05150US;12/08/2025 15:33:29;4d_Retiro Tienda Ripley Huechuraba;Flores Figueroa;Natalia Andrea;;"Av. Americo Vespucio Norte 1737 ";" 2do Piso. Modulo Retiro en Tienda";;;HUECHURABA;REG.METROPOLITANA;CL;Flores Figueroa;Natalia Andrea;;El roble 615;;;;HUECHURABA;REG.METROPOLITANA;CL;47990;0;0;0;47990;0;CLP
000000538209;23822222602-A;12/08/2025 16:56:34;Cerrado;63990;0;63990;11518;0.0000;52472;1;FULFILLMENT-ABRIGO 4 BOTONES ROJO NICOPOLY;MPM10002725930-3;N05155DS-FF;12/08/2025 16:56:36;FF_MATRIX;Montecinos;Evelyn;;maria elena 8486;S/N;;;PUDAHUEL;REG.METROPOLITANA;CL;Montecinos;Evelyn;;maria elena 8486;;;;PUDAHUEL;REG.METROPOLITANA;CL;63990;0;0;0;63990;0;CLP
000000538209;23822343001-A;12/08/2025 18:02:39;Reembolsado;39990;0;39990;7198;0.0000;32792;1;BLAZER MUJER NICOPOLY VERDE OSCURO CUELLO MAO;MPM10002160487-2;N00156EXL-6;12/08/2025 18:02:40;Flujo Same day BX;Diaz Linero;Jessica;;Santa Elena  1298;603;;;SANTIAGO;REG.METROPOLITANA;CL;Diaz Linero;Jessica;;Santa Elena  1298;;;;SANTIAGO;REG.METROPOLITANA;CL;39990;0;0;0;39990;0;CLP
000000538209;23822389401-A;12/08/2025 18:30:09;Cerrado;29990;0;29990;5398;0.0000;24592;1;PARKA LARGA QUILT CINTURA AJUSTABLE GRIS NICOPOLY;MPM10001383849-2;N04222NM;12/08/2025 18:30:10;Flujo Crossdock- Ripley PAQ;Alvarado;Yahel;;Ex fundó el porvenir parcela 5 lote 3 Sn;S/N;;;LA CRUZ;V REGION;CL;Alvarado;Yahel;;Ex fundó el porvenir parcela 5 lote 3 Sn;;;;LA CRUZ;V REGION;CL;29990;0;0;0;29990;0;CLP
000000538209;23822425701-A;12/08/2025 18:49:47;Cerrado;48990;0;48990;8818;0.0000;40172;1;VESTIDO LARGO FIESTA NEGRO NICOPOLY;MPM10002627262-3;N05305BL;12/08/2025 18:49:48;Flujo Same day BX;Valenzuela;Antonio Humberto;;Calle ocho 11328;S/N;;;LA FLORIDA;REG.METROPOLITANA;CL;Valenzuela;Antonio Humberto;;Calle ocho 11328;;;;LA FLORIDA;REG.METROPOLITANA;CL;48990;0;0;0;48990;0;CLP
000000538209;23822542401-A;12/08/2025 19:54:34;Cerrado;19990;990;20980;3598;0.0000;16392;1;MINIFALDA MUJER NICOPOLY NEGRO TAJO;MPM10001713190-1;N05005BM;12/08/2025 19:54:35;5d_Retiro Tienda Ripley Quilpué;Aliaga Araya;Johanna;;"Claudio Vicuña 992, Quilpue ";" 3er Piso. Modulo Retiro en Tienda";;;QUILPUE;V REGION;CL;Aliaga Araya;Johanna;;San Martin  42;;;;QUILPUE;V REGION;CL;19990;0;990;0;20980;0;CLP
000000538209;23822560802-A;12/08/2025 20:03:51;Cerrado;33990;3990;37980;6118;0.0000;27872;1;VESTIDO CUELLO MOCK NEGRONICOPOLY;MPM10002627271-3;N05292BM;12/08/2025 20:03:53;Flujo Same day BX;Medina Silva;Macarena;;Marcoleta 328;201;;;SANTIAGO;REG.METROPOLITANA;CL;Medina Silva;Macarena;;Marcoleta 328;;;;SANTIAGO;REG.METROPOLITANA;CL;33990;0;3990;0;37980;0;CLP
000000538209;23822569301-A;12/08/2025 20:08:14;Cerrado;26990;990;27980;4858;0.0000;22132;1;BLAZER CRUZADO ECOCUERO NEGRO NICOPOLY;MPM10001849471-1;N05105BM;12/08/2025 20:08:15;10d_Retiro Tienda Ripley La Serena;Rojas Milla;Carolina;;"Gregorio Cordovez 499 ";" 3er Piso. Modulo Retiro en Tienda";;;LA SERENA;IV REGION;CL;Rojas Milla;Carolina;;El Litre 2116;;;;LA SERENA;IV REGION;CL;26990;0;990;0;27980;0;CLP
000000538209;23822684101-A;12/08/2025 21:02:01;Reembolsado;39990;0;39990;7198;0.0000;32792;1;BLAZER UN BOTON ROJO NICOPOLY;MPM10002635855-2;N05318TM;12/08/2025 21:02:02;5d_Retiro Tienda Ripley Los Ángeles;Machuca;Antonia;;"Valdivia 440, Los Angeles ";" 3er Piso. Servicio al Cliente";;;LOS ANGELES;VIII REGION;CL;Neira;Ana Luisa;;O'Higgins 507;;;;LOS ANGELES;VIII REGION;CL;39990;0;0;0;39990;0;CLP
000000538209;23822714601-A;12/08/2025 21:13:17;Cerrado;28990;0;28990;5218;0.0000;23772;1;GILET BASICO AJUSTABLE NEGRO NICOPOLY;MPM10002842891-4;N04273BL-7;12/08/2025 21:13:19;Flujo Same day BX;Schafer;Ayline;;Ramon cordova 0268;Casa;;;PUENTE ALTO;REG.METROPOLITANA;CL;Schafer;Ayline;;Ramon cordova 0268;;;;PUENTE ALTO;REG.METROPOLITANA;CL;28990;0;0;0;28990;0;CLP
000000538209;23822761501-A;12/08/2025 21:34:59;Cerrado;34990;990;35980;6298;0.0000;28692;1;ABRIGO HOMBROS CAIDOS MOCA NICOPOLY;MPM10002646295-2;N05174UM;12/08/2025 21:35:01;10d_Retiro Tienda Ripley La Serena;Tara;Miguel;;"Gregorio Cordovez 499 ";" 3er Piso. Modulo Retiro en Tienda";;;LA SERENA;IV REGION;CL;Tara;Miguel;;GIRASOLES 5472;;;;LA SERENA;IV REGION;CL;34990;0;990;0;35980;0;CLP
000000538209;23822780801-A;12/08/2025 21:37:02;Cerrado;19990;990;20980;3598;0.0000;16392;1;CHAQUETA QUILT TIPO CAMISERA MARRON NICOPOLY;MPM10001384249-4;N04190UXL;12/08/2025 21:37:03;5d_Retiro Tienda Ripley Quilpué;Cerpa;Rayen;;"Claudio Vicuña 992, Quilpue ";" 3er Piso. Modulo Retiro en Tienda";;;QUILPUE;V REGION;CL;Cerpa;Rayen;;Los Topacios 1310;;;;QUILPUE;V REGION;CL;19990;0;990;0;20980;0;CLP
000000538209;23822776301-A;12/08/2025 21:38:07;Reembolsado;48990;0;48990;8818;0.0000;40172;1;VESTIDO LARGO FIESTA NEGRO NICOPOLY;MPM10002627262-1;N05305BS;12/08/2025 21:38:08;10d_Retiro Tienda Ripley La Serena;"Olivares ";"Katherine ";;"Gregorio Cordovez 499 ";" 3er Piso. Modulo Retiro en Tienda";;;LA SERENA;IV REGION;CL;"Olivares ";"Katherine ";;Avenida las palmeras 7000;;;;LA SERENA;IV REGION;CL;48990;0;0;0;48990;0;CLP
000000538209;23822780001-A;12/08/2025 21:38:48;Cerrado;49990;495;50485;8998;0.0000;40992;1;BLAZER CUELLO CRUZADO NEGRO NICOPOLY;MPM10002842887-3;N05299BXL-7;12/08/2025 21:38:49;5d_Retiro Tienda Ripley Los Andes;Valdivia;Sonia;;"Santa Teresita 683 ";2do Piso. Servicio al Cliente;;;LOS ANDES;V REGION;CL;Valdivia;Sonia;;Avenida Fernando de la Fuente 1756;;;;LOS ANDES;V REGION;CL;49990;0;495;0;50485;0;CLP
000000538209;23822780001-A;12/08/2025 21:38:48;Cerrado;26990;495;27485;4858;0.0000;22132;1;BLAZER CRUZADO ECOCUERO NEGRO NICOPOLY;MPM10001849471-3;N05105BXL;12/08/2025 21:38:49;5d_Retiro Tienda Ripley Los Andes;Valdivia;Sonia;;"Santa Teresita 683 ";2do Piso. Servicio al Cliente;;;LOS ANDES;V REGION;CL;Valdivia;Sonia;;Avenida Fernando de la Fuente 1756;;;;LOS ANDES;V REGION;CL;26990;0;495;0;27485;0;CLP
000000538209;23822898701-A;12/08/2025 22:20:04;Reembolsado;27990;990;28980;5038;0.0000;22952;1;FALDA LARGA ANIMAL PRINT;MPM10002924218-3;N06024UL;12/08/2025 22:20:05;5d_Retiro Tienda Ripley Marina Arauco;Aros Oses;Ena Cecilia;;"Avenida Libertad 1348 ";" Piso 4. Modulo Retiro en Tienda";;;VI.A DEL MA;V REGION;CL;Aros Oses;Ena Cecilia;;"Borinquen #2 Condominios brisas del sur recreo Edif velero ";;;;VI.A DEL MA;V REGION;CL;27990;0;990;0;28980;0;CLP
000000538209;23822997701-A;12/08/2025 22:58:02;Cerrado;39990;990;40980;7198;0.0000;32792;1;BLAZER UN BOTON AZUL ACERO NICOPOLY;MPM10002635836-1;N05318CS;12/08/2025 22:58:03;Flujo Crossdock- Ripley PAQ;Gonzlez;Maira;;Lecheros 178;S/N;;;VALPARAISO;V REGION;CL;Gonzlez;Maira;;Lecheros 178;;;;VALPARAISO;V REGION;CL;39990;0;990;0;40980;0;CLP
000000538209;23823022901-A;12/08/2025 23:08:40;Cerrado;17990;990;18980;3238;0.0000;14752;1;FALDA MUJER NICOPOLY AZUL MEDIO DENIM TAJO FRONTAL;MPM10001465759-2;N04269KM;12/08/2025 23:08:41;5d_Retiro Tienda Ripley Viña del Mar Sucre;Salgado;"Christofer ";;"Sucre 290, Viña ";5to Piso. Modulo Retiro en Tienda;;;VI.A DEL MA;V REGION;CL;"Medina ";"Camila ";;El maqui  41;;;;VI.A DEL MA;V REGION;CL;17990;0;990;0;18980;0;CLP
000000538209;23823317601-A;13/08/2025 08:09:07;Cerrado;49990;0;49990;8998;0.0000;40992;1;BLAZER CUELLO CRUZADO VERDE NICOPOLY;MPM10002842873-4;N05299EM-7;13/08/2025 08:09:09;4d_Retiro Tienda Ripley Plaza Vespucio;Delgado Gutiérrez;Sandra;;"Av. Vicuña Mackenna Ote. 7110, La Florida ";3er Piso. Modulo Retiro en Tienda;;;LA FLORIDA;REG.METROPOLITANA;CL;Delgado Gutiérrez;Sandra;;Enrique Olivares 1085;;;;LA FLORIDA;REG.METROPOLITANA;CL;49990;0;0;0;49990;0;CLP
000000538209;23823386701-A;13/08/2025 09:22:30;Cerrado;37990;3990;41980;6838;0.0000;31152;1;VESTIDO MUJER NICOPOLY AZUL MARINO CUELLO ALTO;MPM10002128949-1;N05198PS;13/08/2025 09:22:31;Flujo Same day BX;Valenzuela;Camila;;La Goleta 879;S/N;;;LAS CONDES;REG.METROPOLITANA;CL;Valenzuela;Camila;;La Goleta 879;;;;LAS CONDES;REG.METROPOLITANA;CL;37990;0;3990;0;41980;0;CLP
000000538209;23823394201-A;13/08/2025 09:26:52;Cerrado;49990;990;50980;8998;0.0000;40992;1;BLAZER DE TOPE MANGA 3/4 RECOGIDA BURDEO NICOPOLY;MPM10002842894-2;N03049TL-7;13/08/2025 09:26:54;Flujo Crossdock- Ripley PAQ;Pereira;Daniela;;6 - 1/2 Oriente 265;609;;;VI.A DEL MA;V REGION;CL;Pereira;Daniela;;6 - 1/2 Oriente 265;;;;VI.A DEL MA;V REGION;CL;49990;0;990;0;50980;0;CLP
000000538209;23823396101-A;13/08/2025 09:29:59;Cerrado;24990;990;25980;4498;0.0000;20492;1;CHAQUETA MITAD CHIPORRO/PARKA NEGRO NICOPOLY;MPM10001383882-1;N04152BL;13/08/2025 09:30:01;4d_Retiro Tienda Ripley Florida Center;Machuca;"Jocelyn ";;"Vicuña Mackenna Oriente 6100, La Florida ";3er Piso. Modulo Retiro en Tienda;;;LA FLORIDA;REG.METROPOLITANA;CL;Machuca;"Jocelyn ";;Pintor Roberto matta 7151;;;;LA FLORIDA;REG.METROPOLITANA;CL;24990;0;990;0;25980;0;CLP
000000538209;23823465101-A;13/08/2025 10:22:29;Cerrado;34990;990;35980;6298;0.0000;28692;1;ABRIGO HOMBROS CAIDOS MOCA NICOPOLY;MPM10002646295-1;N05174UL;13/08/2025 10:22:31;5d_Retiro Tienda Ripley Rancagua;Mardones Cerda;Margarita;;"José Domingo Mujica 490 ";" 3er Piso. Modulo Retiro en Tienda";;;RANCAGUA;VI REGION;CL;Mardones Cerda;Margarita;;SAN MARTIN 812;;;;RANCAGUA;VI REGION;CL;34990;0;990;0;35980;0;CLP
000000538209;23823507801-A;13/08/2025 10:49:25;Cerrado;19990;6990;26980;3598;0.0000;16392;1;CHAQUETA QUILT TIPO CAMISERA NEGRO NICOPOLY;MPM10001383909-2;N04190BM;13/08/2025 10:49:27;Flujo Crossdock- Ripley PAQ;"Vicencio Molina ";"Moiss ";;Pob Las praderas subida cementerio   27;Casa;;;QUILLOTA;V REGION;CL;"Vicencio Molina ";"Moiss ";;Pob Las praderas subida cementerio   27;;;;QUILLOTA;V REGION;CL;19990;0;6990;0;26980;0;CLP
000000538209;23823764401-A;13/08/2025 13:04:34;Cerrado;23990;990;24980;4318;0.0000;19672;1;SOBRECAMISA ALGODÓN MUJER NICOPOLY GRIS COTELÉ;MPM10002160531-3;N05201IL;13/08/2025 13:04:35;4d_Retiro Tienda Ripley San Bernardo;Peña;Danica;;"Av. Pdte. Jorge Alessandri Rodríguez 20040, San Bernardo ";2do Piso. Modulo Retiro en Tienda;;;SN.BERNARDO;REG.METROPOLITANA;CL;Peña;Danica;;Chucao 825;;;;SN.BERNARDO;REG.METROPOLITANA;CL;23990;0;990;0;24980;0;CLP
000000538209;23770001301OPL-A;13/08/2025 14:33:07;Cerrado;9990;0;9990;1798;0.0000;8192;1;CHALECO CUELLO V OVERSIZE ROSA NICOPOLY;MPM00040172304-2;N02088HL;13/08/2025 14:33:09;14d_Retiro Tienda Ripley Arica;"Ros Sez ";"Paulina Andrea ";CL;"Av. Diego Portales 640, Arica ";0;;0;ARICA;XV REGION;CL;"Ros Sez ";"Paulina Andrea ";;"Av. Diego Portales 640, Arica ";"Av. Diego Portales 640, Arica ";;0;ARICA;XV REGION;CL;9990;0;0;0;9990;0;CLP
000000538209;23770001301OPL-A;13/08/2025 14:33:07;Cerrado;9990;0;9990;1798;0.0000;8192;1;CHALECO CUELLO V OVERSIZE MOSTAZA NICOPOLY;MPM00040171974-2;N02088FL;13/08/2025 14:33:09;14d_Retiro Tienda Ripley Arica;"Ros Sez ";"Paulina Andrea ";CL;"Av. Diego Portales 640, Arica ";0;;0;ARICA;XV REGION;CL;"Ros Sez ";"Paulina Andrea ";;"Av. Diego Portales 640, Arica ";"Av. Diego Portales 640, Arica ";;0;ARICA;XV REGION;CL;9990;0;0;0;9990;0;CLP
000000538209;23823973701-A;13/08/2025 15:01:40;Reembolsado;42990;0;42990;7738;0.0000;35252;1;ENTERITO CUELLO MOCK AZUL NICOPOLY;MPM10002627273-1;N05313PL;13/08/2025 15:01:41;5d_Retiro Tienda Ripley Talca;Avendaño González;Carolina;;"8 Oriente 1212 ";" 2do Piso. Modulo Retiro en Tienda";;;TALCA;VII REGION;CL;"Arteaga ";"Matias ";;Puertas negras parcela santa Ursula  1;;;;TALCA;VII REGION;CL;42990;0;0;0;42990;0;CLP
000000538209;23824253801-A;13/08/2025 17:29:34;Cerrado;19990;0;19990;3598;0.0000;16392;1;LEGGINS MUJER NICOPOLY BURDEO LEGGING ECOCUERO CIERRE LATERAL;MPM00089316487-4;N03081TS;13/08/2025 17:29:35;10d_Retiro Tienda Ripley San Fernando;"Diaz ";"Valentina ";;"Bernardo Ohiggins 701 ";" 3er Piso. Modulo Retiro en Tienda";;;SAN FERNANDO;VI REGION;CL;Cortes Ibarra;Rosi;;Pasaje Peregrino villa campanario 21;;;;SAN FERNANDO;VI REGION;CL;19990;0;0;0;19990;0;CLP
000000538209;23823583801-A;13/08/2025 19:46:57;Cerrado;31990;990;32980;5758;0.0000;26232;1;GILET BASICO HILO BLANCO NICOPOLY;MPM10002842882-3;N05264AM-7;13/08/2025 19:46:58;4d_Retiro Tienda Ripley Plaza Vespucio;Muoz;Mnica;;"Av. Vicuña Mackenna Ote. 7110, La Florida ";3er Piso. Modulo Retiro en Tienda;;;LA FLORIDA;REG.METROPOLITANA;CL;Muoz;Mnica;;EL Algarrobo 5807;;;;LA FLORIDA;REG.METROPOLITANA;CL;31990;0;990;0;32980;0;CLP
000000538209;23824894402-A;13/08/2025 22:53:28;Cerrado;13990;990;14980;2518;0.0000;11472;1;CÁRDIGAN BOTONES ACANALADO MOSTAZA NICOPOLY;MPM10001491777-3;N04180FM;13/08/2025 22:53:30;4d_Retiro Tienda Ripley Alameda;"Alvarado Gamboa ";"Karen ";;"Av Libertador Bernardo O'Higgins 3470, Santiago ";3er Piso. Modulo Retiro en Tienda;;;EST.CENTRAL;REG.METROPOLITANA;CL;"Alvarado Gamboa ";"Karen ";;Williams Rebolledo  1841;;;;EST.CENTRAL;REG.METROPOLITANA;CL;13990;0;990;0;14980;0;CLP
000000538209;23825016801-A;13/08/2025 23:49:02;Cerrado;35990;990;36980;6478;0.0000;29512;1;ABRIGO OVERSIZE PIED DE POULE BLANCO NICOPOLY;MPM10001383896-3;N04219AM;13/08/2025 23:49:03;10d_Retiro Tienda Ripley La Serena;Dubo;"Sileny ";;"Gregorio Cordovez 499 ";" 3er Piso. Modulo Retiro en Tienda";;;LA SERENA;IV REGION;CL;"Dubo ";"Marlene ";;juan rafael garcia contu 2794;;;;LA SERENA;IV REGION;CL;35990;0;990;0;36980;0;CLP
000000538209;23825131901-A;14/08/2025 01:32:16;Reembolsado;21990;0;21990;3958;0.0000;18032;1;CALZA MUJER NICOPOLY CAFÉ LEOPARDO;MPM10002160514-3;N05306UM;14/08/2025 01:32:18;5d_Retiro Tienda Ripley Los Ángeles;"Villasenor ";"Jacqueline ";;"Valdivia 440, Los Angeles ";" 3er Piso. Servicio al Cliente";;;LOS ANGELES;VIII REGION;CL;"Villasenor ";"Jacqueline ";;Rrrrio laja  104;;;;LOS ANGELES;VIII REGION;CL;21990;0;0;0;21990;0;CLP
000000538209;23825172301-A;14/08/2025 05:48:54;Cerrado;9990;990;10980;1798;0.0000;8192;1;BODY TEXTURIZADO ACANALADO GRIS NICOPOLY;MPM10001713170-1;N05003IM;14/08/2025 05:48:56;5d_Retiro Tienda Ripley Quilpué;Ruiz Solar;"Carolina ";;"Claudio Vicuña 992, Quilpue ";" 3er Piso. Modulo Retiro en Tienda";;;QUILPUE;V REGION;CL;Ruiz Solar;"Carolina ";;Sol y mar 210;;;;QUILPUE;V REGION;CL;9990;0;990;0;10980;0;CLP
000000538209;23825197101-A;14/08/2025 07:41:21;Cerrado;5990;495;6485;1078;0.0000;4912;1;BUFANDA SUAVE GRAFITO NICOPOLY;MPM10002663016-1;N05338NF;14/08/2025 07:41:22;4d_Retiro Tienda Ripley Plaza Egaña;Quinteros;Daniela;;"Larrain 5800 ";" 3er Piso. Modulo Retiro en Tienda";;;NUNOA;REG.METROPOLITANA;CL;Quinteros;Daniela;;"Avenida piedra roja  063 ";;;;NUNOA;REG.METROPOLITANA;CL;5990;0;495;0;6485;0;CLP
000000538209;23825197101-A;14/08/2025 07:41:21;Cerrado;5990;495;6485;1078;0.0000;4912;1;BUFANDA GRUESA AZUL ACERO NICOPOLY;MPM10002663003-1;N05334KF;14/08/2025 07:41:22;4d_Retiro Tienda Ripley Plaza Egaña;Quinteros;Daniela;;"Larrain 5800 ";" 3er Piso. Modulo Retiro en Tienda";;;NUNOA;REG.METROPOLITANA;CL;Quinteros;Daniela;;"Avenida piedra roja  063 ";;;;NUNOA;REG.METROPOLITANA;CL;5990;0;495;0;6485;0;CLP
000000538209;23825354601-A;14/08/2025 10:10:58;Cerrado;5990;198;6188;1078;0.0000;4912;1;BUFANDA GRUESA ROJO NICOPOLY;MPM10002663023-1;N05334DF;14/08/2025 10:11:01;5d_Retiro Tienda Ripley Mall Concepción;Mora Mora;Paulina;;"Barros Arana 1068, Concepcion ";" 3er Piso. Modulo Retiro en Tienda";;;CONCEPCION;VIII REGION;CL;Mora Mora;Paulina;;Manquimavida 124, Cond. Los Albatros 124;;;;CONCEPCION;VIII REGION;CL;5990;0;198;0;6188;0;CLP
000000538209;23825354601-A;14/08/2025 10:10:59;Cerrado;5990;198;6188;1078;0.0000;4912;1;BUFANDA GRUESA MOSTAZA NICOPOLY;MPM10002663005-1;N05334FF;14/08/2025 10:11:01;5d_Retiro Tienda Ripley Mall Concepción;Mora Mora;Paulina;;"Barros Arana 1068, Concepcion ";" 3er Piso. Modulo Retiro en Tienda";;;CONCEPCION;VIII REGION;CL;Mora Mora;Paulina;;Manquimavida 124, Cond. Los Albatros 124;;;;CONCEPCION;VIII REGION;CL;5990;0;198;0;6188;0;CLP
000000538209;23825354601-A;14/08/2025 10:10:59;Cerrado;5990;198;6188;1078;0.0000;4912;1;BUFANDA GRUESA AZUL ELE CTRICO NICOPOLY;MPM10002663013-1;N05334CF;14/08/2025 10:11:01;5d_Retiro Tienda Ripley Mall Concepción;Mora Mora;Paulina;;"Barros Arana 1068, Concepcion ";" 3er Piso. Modulo Retiro en Tienda";;;CONCEPCION;VIII REGION;CL;Mora Mora;Paulina;;Manquimavida 124, Cond. Los Albatros 124;;;;CONCEPCION;VIII REGION;CL;5990;0;198;0;6188;0;CLP
000000538209;23825354601-A;14/08/2025 10:10:59;Cerrado;5990;198;6188;1078;0.0000;4912;1;BUFANDA SUAVE AMARILLO NICOPOLY;MPM10002663019-1;N05338FF;14/08/2025 10:11:01;5d_Retiro Tienda Ripley Mall Concepción;Mora Mora;Paulina;;"Barros Arana 1068, Concepcion ";" 3er Piso. Modulo Retiro en Tienda";;;CONCEPCION;VIII REGION;CL;Mora Mora;Paulina;;Manquimavida 124, Cond. Los Albatros 124;;;;CONCEPCION;VIII REGION;CL;5990;0;198;0;6188;0;CLP
000000538209;23825354601-A;14/08/2025 10:10:59;Cerrado;5990;198;6188;1078;0.0000;4912;1;BUFANDA SUAVE GRIS NICOPOLY;MPM10002663022-1;N05338IF;14/08/2025 10:11:01;5d_Retiro Tienda Ripley Mall Concepción;Mora Mora;Paulina;;"Barros Arana 1068, Concepcion ";" 3er Piso. Modulo Retiro en Tienda";;;CONCEPCION;VIII REGION;CL;Mora Mora;Paulina;;Manquimavida 124, Cond. Los Albatros 124;;;;CONCEPCION;VIII REGION;CL;5990;0;198;0;6188;0;CLP
000000538209;23825460101-A;14/08/2025 11:07:13;Cerrado;29990;990;30980;5398;0.0000;24592;1;CHAQUETA BOUCLE  GRIS NICOPOLY;MPM10002646300-3;N05183NL;14/08/2025 11:07:14;5d_Retiro Tienda Ripley Mall Concepción;Mellado;Yennifer;;"Barros Arana 1068, Concepcion ";" 3er Piso. Modulo Retiro en Tienda";;;CONCEPCION;VIII REGION;CL;Mellado;Yennifer;;Los Andes palomares 67;;;;CONCEPCION;VIII REGION;CL;29990;0;990;0;30980;0;CLP
000000538209;23825578001-A;14/08/2025 12:14:30;Cerrado;25990;990;26980;4678;0.0000;21312;1;PARKA SIN MANGAS QUILT GRIS NICOPOLY;MPM10001383890-4;N04191NM;14/08/2025 12:14:32;4d_Retiro Tienda Ripley Costanera Center;Celery;Minou;;"Avenida Andrés Bello 2422 ";" 1er Piso. Modulo Retiro en Tienda";;;PROVIDENCIA;REG.METROPOLITANA;CL;Celery;Minou;;Andres Bello 2711;;;;PROVIDENCIA;REG.METROPOLITANA;CL;25990;0;990;0;26980;0;CLP
000000538209;23825678401-A;14/08/2025 13:11:28;Cerrado;24990;990;25980;4498;0.0000;20492;1;PARKA SIN MANGAS IMAN CUELLO BLANCO INVIERNO NICOPOLY;MPM10001383920-1;N04187AL;14/08/2025 13:11:30;4d_Retiro Tienda Ripley Costanera Center;Moreno Mora;Fernando Jose;;"Avenida Andrés Bello 2422 ";" 1er Piso. Modulo Retiro en Tienda";;;PROVIDENCIA;REG.METROPOLITANA;CL;Moreno Mora;Fernando Jose;;Av. Pedro Valdivia 5223;;;;PROVIDENCIA;REG.METROPOLITANA;CL;24990;0;990;0;25980;0;CLP
000000538209;23825679001-A;14/08/2025 13:11:45;Cerrado;35990;3990;39980;6478;0.0000;29512;1;CHAQUETA ECOCUERO LAZO NEGRONICOPOLY;MPM10002635859-1;N05152BM;14/08/2025 13:11:47;Flujo Same day BX;Alvarez Salinas;Patricia;;chonchi  1593;casa;;;RENCA;REG.METROPOLITANA;CL;Alvarez Salinas;Patricia;;chonchi  1593;;;;RENCA;REG.METROPOLITANA;CL;35990;0;3990;0;39980;0;CLP
000000538209;23825704001-A;14/08/2025 13:28:37;Cerrado;37990;195;38185;6838;0.0000;31152;1;VESTIDO MUJER NICOPOLY AZUL MARINO CUELLO ALTO;MPM10002128949-2;N05198PL;14/08/2025 13:28:39;Flujo Same day BX;Rubio;Maria Gabriela;;Camino las vertientes 1492;S/N;;;LAS CONDES;REG.METROPOLITANA;CL;Rubio;Maria Gabriela;;Camino las vertientes 1492;;;;LAS CONDES;REG.METROPOLITANA;CL;37990;0;195;0;38185;0;CLP
000000538209;23825704001-A;14/08/2025 13:28:38;Cerrado;37990;195;38185;6838;0.0000;31152;1;VESTIDO MUJER NICOPOLY BURDEO CUELLO ALTO;MPM10002128948-3;N05198TL;14/08/2025 13:28:39;Flujo Same day BX;Rubio;Maria Gabriela;;Camino las vertientes 1492;S/N;;;LAS CONDES;REG.METROPOLITANA;CL;Rubio;Maria Gabriela;;Camino las vertientes 1492;;;;LAS CONDES;REG.METROPOLITANA;CL;37990;0;195;0;38185;0;CLP
000000538209;23825709501-A;14/08/2025 13:30:43;Reembolsado;20990;3990;24980;3778;0.0000;17212;1;PANTALÓN MUJER NICOPOLY ROJO TIRO ALTO BÁSICO;MPM10001752474-2;N10373DM-5;14/08/2025 13:30:44;Flujo Same day BX;Tapia;Matias;;Pedro montt 1663;Casa;;;SANTIAGO;REG.METROPOLITANA;CL;Tapia;Matias;;Pedro montt 1663;;;;SANTIAGO;REG.METROPOLITANA;CL;20990;0;3990;0;24980;0;CLP
000000538209;23825856001-A;14/08/2025 15:10:40;Reembolsado;49990;0;49990;8998;0.0000;40992;1;BLAZER CUELLO CRUZADO VERDE NICOPOLY;MPM10002842873-2;N05299ES-7;14/08/2025 15:10:41;Flujo Same day BX;Duque;Maria;;Cordón Roma 2628;S/N;;;MAIPU;REG.METROPOLITANA;CL;Duque;Maria;;Cordón Roma 2628;;;;MAIPU;REG.METROPOLITANA;CL;49990;0;0;0;49990;0;CLP
000000538209;23825941601-A;14/08/2025 15:59:34;Cerrado;21990;3990;25980;3958;0.0000;18032;1;SWEATER BASICO PERLAS GRIS NICOPOLY;MPM10002842903-1;N03095NM-7;14/08/2025 15:59:35;Flujo Same day BX;Rivera Gonzalez;Claudia;;CATEDRAL 2642;307A;;;SANTIAGO;REG.METROPOLITANA;CL;Rivera Gonzalez;Claudia;;CATEDRAL 2642;;;;SANTIAGO;REG.METROPOLITANA;CL;21990;0;3990;0;25980;0;CLP
000000538209;23826051101-A;14/08/2025 17:02:13;Cerrado;26990;0;26990;4858;0.0000;22132;1;BLAZER CRUZADO ECOCUERO NEGRO NICOPOLY;MPM10001849471-3;N05105BXL;14/08/2025 17:02:15;6d_Retiro Tienda Ripley Nueva Valdivia;Saa;Andrea;;"Arauco 561 ";" 3er Piso. Servicio al Cliente";;;VALDIVIA;XIV REGION;CL;Saa;Andrea;;Villa cau cau pasaje 4 3125;;;;VALDIVIA;XIV REGION;CL;26990;0;0;0;26990;0;CLP
000000538209;23826138701-A;14/08/2025 17:56:51;Cerrado;28990;990;29980;5218;0.0000;23772;1;GILET BASICO AJUSTABLE BURDEO NICOPOLY;MPM10002842876-3;N04273TXL-7;14/08/2025 17:56:52;5d_Retiro Tienda Ripley Mall Concepción;Estrada;Michelle;;"Barros Arana 1068, Concepcion ";" 3er Piso. Modulo Retiro en Tienda";;;CONCEPCION;VIII REGION;CL;Estrada;Michelle;;Benito Pérez galdos 1866;;;;CONCEPCION;VIII REGION;CL;28990;0;990;0;29980;0;CLP
000000538209;23826204701-A;14/08/2025 18:33:36;Reembolsado;29990;990;30980;5398;0.0000;24592;1;PARKA LARGA QUILT CINTURA AJUSTABLE GRIS NICOPOLY;MPM10001383849-3;N04222NXL;14/08/2025 18:33:37;8d_Retiro Tienda Ripley Castellón;Rivera Alvarez;Katherine;;"Castellon 520, Concepcion ";6to Piso. Servicio al Cliente;;;CONCEPCION;VIII REGION;CL;Rivera Alvarez;Katherine;;Yungay 667;;;;CONCEPCION;VIII REGION;CL;29990;0;990;0;30980;0;CLP
000000538209;23826230201-A;14/08/2025 18:51:43;Cerrado;47990;3990;51980;8638;0.0000;39352;1;ABRIGO BASICO 2 BOTONES NEGRO NICOPOLY;MPM10002646293-4;N05255BM;14/08/2025 18:51:45;Flujo Same day BX;Riveros;Celia;;Lota 4581;S/N;;;PE.ALOLEN;REG.METROPOLITANA;CL;Riveros;Celia;;Lota 4581;;;;PE.ALOLEN;REG.METROPOLITANA;CL;47990;0;3990;0;51980;0;CLP
000000538209;23826243501-A;14/08/2025 19:02:39;Cerrado;41990;0;41990;7558;0.0000;34432;1;BLAZER LARGO DE TOPE ROJO NICOPOLY;MPM10002635835-3;N05275DM;14/08/2025 19:02:40;8d_Retiro Tienda Ripley Copiapo;LOPEZ;Elizabeth;;"Calle Maipu S/N, Copiapo ";" 2do Piso. Servicio al Cliente";;;COPIAPO;III REGION;CL;LOPEZ;Elizabeth;;Llullaillaco los volcanes 1267;;;;COPIAPO;III REGION;CL;41990;0;0;0;41990;0;CLP
000000538209;23826531401-A;14/08/2025 21:45:29;Reembolsado;31990;990;32980;5758;0.0000;26232;1;GILET BASICO HILO BURDEO NICOPOLY;MPM10002842877-1;N05264TM-7;14/08/2025 21:45:30;5d_Retiro Tienda Ripley Chillán;Villagra A;Francisca;;"5 de Abril 699 ";4to Piso. Centro de atención al Cliente;;;CHILLAN;VIII REGION;CL;Villagra A;Francisca;;Central rupanco 79;;;;CHILLAN;VIII REGION;CL;31990;0;990;0;32980;0;CLP
000000538209;23826600201-A;14/08/2025 22:17:11;Cerrado;49990;990;50980;8998;0.0000;40992;1;BLAZER CUELLO CRUZADO VERDE NICOPOLY;MPM10002842873-3;N05299EXL-7;14/08/2025 22:17:13;Flujo Crossdock- Ripley PAQ;Retamal Hernndez;Claudia Marcela;;Volcán Licancabur 19344;Casa;;;SN.BERNARDO;REG.METROPOLITANA;CL;Retamal Hernndez;Claudia Marcela;;Volcán Licancabur 19344;;;;SN.BERNARDO;REG.METROPOLITANA;CL;49990;0;990;0;50980;0;CLP
000000538209;23826600701-A;14/08/2025 22:18:00;Reembolsado;9990;0;9990;1798;0.0000;8192;1;CHALECO CUELLO V OVERSIZE ROSA NICOPOLY;MPM00040172304-3;N02088HM;14/08/2025 22:18:01;10d_Retiro Tienda Ripley Iquique;Molina;David;;"Vivar 550 ";" 4to Piso. Servicio al Cliente";;;IQUIQUE;I REGION;CL;Mancilla;Sofa;;Manuel plaza 2989;;;;IQUIQUE;I REGION;CL;9990;0;0;0;9990;0;CLP
000000538209;23826681601-A;14/08/2025 22:59:29;Cerrado;26990;990;27980;4858;0.0000;22132;1;BLAZER CRUZADO ECOCUERO NEGRO NICOPOLY;MPM10001849471-1;N05105BM;14/08/2025 22:59:31;5d_Retiro Tienda Ripley Rancagua;"Riquelme ";Camelia;;"José Domingo Mujica 490 ";" 3er Piso. Modulo Retiro en Tienda";;;RANCAGUA;VI REGION;CL;"Riquelme ";"Vernica ";;Pasaje chequen  0702;;;;RANCAGUA;VI REGION;CL;26990;0;990;0;27980;0;CLP
000000538209;23826725701-A;14/08/2025 23:18:12;Cerrado;24990;2745;27735;4498;0.0000;20492;1;BLUSA CON LAZO DESMONTABLE NEGRO NICOPOLY;MPM10001752519-2;N04270BS-5;14/08/2025 23:18:14;Flujo Crossdock- Ripley PAQ;Fuentes;Sandy;;Francisco Javier Krugger 3581;21;;;BUIN;REG.METROPOLITANA;CL;Fuentes;Sandy;;Francisco Javier Krugger 3581;;;;BUIN;REG.METROPOLITANA;CL;24990;0;2745;0;27735;0;CLP
000000538209;23826725701-A;14/08/2025 23:18:12;Cerrado;24990;2745;27735;4498;0.0000;20492;1;BLUSA CON LAZO DESMONTABLE ROJO NICOPOLY;MPM10001752438-3;N04270DS-5;14/08/2025 23:18:14;Flujo Crossdock- Ripley PAQ;Fuentes;Sandy;;Francisco Javier Krugger 3581;21;;;BUIN;REG.METROPOLITANA;CL;Fuentes;Sandy;;Francisco Javier Krugger 3581;;;;BUIN;REG.METROPOLITANA;CL;24990;0;2745;0;27735;0;CLP
000000538209;23826980301-A;15/08/2025 08:22:49;Cerrado;34990;3990;38980;6298;0.0000;28692;1;ABRIGO HOMBROS CAIDOS BLANCO INVIERNO INVIERNO NICOPOLY;MPM10002646299-2;N05174AL;15/08/2025 08:22:51;Flujo Same day BX;Mainhard;Edelweis;;Matucana 31, estación central 31;708-A;;;SANTIAGO;REG.METROPOLITANA;CL;Mainhard;Edelweis;;Matucana 31, estación central 31;;;;SANTIAGO;REG.METROPOLITANA;CL;34990;0;3990;0;38980;0;CLP
000000538209;23826992901-A;15/08/2025 08:44:19;Cerrado;49990;7990;57980;8998;0.0000;40992;1;BLAZER CUELLO CRUZADO VERDE NICOPOLY;MPM10002842873-4;N05299EM-7;15/08/2025 08:44:21;Flujo Crossdock- Ripley PAQ;Torres;Ximena;;Villa Bello Horizonte pasaje culmen 839;S/N;;;LINARES;VII REGION;CL;Torres;Ximena;;Villa Bello Horizonte pasaje culmen 839;;;;LINARES;VII REGION;CL;49990;0;7990;0;57980;0;CLP
000000538209;23827145201-A;15/08/2025 10:52:11;Cerrado;21990;3990;25980;3958;0.0000;18032;1;SWEATER BASICO PERLAS GRIS NICOPOLY;MPM10002842903-1;N03095NM-7;15/08/2025 10:52:12;Flujo Same day BX;"Morales ";"Anglica ";;José joaquin Vallejos 1535;704;;;SAN MIGUEL;REG.METROPOLITANA;CL;"Morales ";"Anglica ";;José joaquin Vallejos 1535;;;;SAN MIGUEL;REG.METROPOLITANA;CL;21990;0;3990;0;25980;0;CLP
000000538209;23827218802-A;15/08/2025 11:28:07;Cerrado;39990;3980;43970;7198;0.0000;32792;1;BLAZER LARGO MANGA DRAPEADA KHAKI NICOPOLY;MPM10001465243-1;N04262LL;15/08/2025 11:28:09;Flujo Same day BX;Castillo;Guadalupe;;Toronto  138;Casa;;;SAN JOAQUIN;REG.METROPOLITANA;CL;Castillo;Guadalupe;;Toronto  138;;;;SAN JOAQUIN;REG.METROPOLITANA;CL;39990;0;3980;0;43970;0;CLP
000000538209;23827254101-A;15/08/2025 11:47:09;Cerrado;28990;990;29980;5218;0.0000;23772;1;VESTIDO MIDI MUJER NICOPOLY NEGRO SWEATER;MPM10002160530-1;N05211BM;15/08/2025 11:47:11;4d_Retiro Tienda Ripley San Bernardo;"Pinilla ";"German ";;"Av. Pdte. Jorge Alessandri Rodríguez 20040, San Bernardo ";2do Piso. Modulo Retiro en Tienda;;;SN.BERNARDO;REG.METROPOLITANA;CL;Flores;Nelly;;Pastor oraldo rojas 1943;;;;SN.BERNARDO;REG.METROPOLITANA;CL;28990;0;990;0;29980;0;CLP
000000538209;23827488901-A;15/08/2025 14:00:45;Cerrado;35990;990;36980;6478;0.0000;29512;1;PANTALÓN MUJER NICOPOLY BEIGE RECTO CON PINZAS;MPM10002122125-2;N04277GS-6;15/08/2025 14:00:46;4d_Retiro Tienda Ripley Costanera Center;Muñoz Balcázar;Anacarina;;"Avenida Andrés Bello 2422 ";" 1er Piso. Modulo Retiro en Tienda";;;PROVIDENCIA;REG.METROPOLITANA;CL;Muñoz Balcázar;Anacarina;;Avenida Los leones 900;;;;PROVIDENCIA;REG.METROPOLITANA;CL;35990;0;990;0;36980;0;CLP
000000538209;23827653902-A;15/08/2025 15:28:44;Cerrado;19990;198;20188;3598;0.0000;16392;1;CALZA MUJER NICOPOLY NEGRO TIPO GAMUZA;MPM10002160471-3;N05307BS;15/08/2025 15:28:45;5d_Retiro Tienda Ripley Marina Arauco;Vergara;Tiare;;"Avenida Libertad 1348 ";" Piso 4. Modulo Retiro en Tienda";;;VI.A DEL MA;V REGION;CL;Vergara;Tiare;;Tte Merino 38;;;;VI.A DEL MA;V REGION;CL;19990;0;198;0;20188;0;CLP
000000538209;23827653902-A;15/08/2025 15:28:44;Cerrado;24990;198;25188;4498;0.0000;20492;1;CHAQUETA MITAD CHIPORRO/PARKA NEGRO NICOPOLY;MPM10001383882-2;N04152BS;15/08/2025 15:28:45;5d_Retiro Tienda Ripley Marina Arauco;Vergara;Tiare;;"Avenida Libertad 1348 ";" Piso 4. Modulo Retiro en Tienda";;;VI.A DEL MA;V REGION;CL;Vergara;Tiare;;Tte Merino 38;;;;VI.A DEL MA;V REGION;CL;24990;0;198;0;25188;0;CLP
000000538209;23827653902-A;15/08/2025 15:28:44;Cerrado;5990;198;6188;1078;0.0000;4912;1;BUFANDA CUADRILLE  GRANDE MOCA NICOPOLY;MPM10002662998-1;N05335LF;15/08/2025 15:28:45;5d_Retiro Tienda Ripley Marina Arauco;Vergara;Tiare;;"Avenida Libertad 1348 ";" Piso 4. Modulo Retiro en Tienda";;;VI.A DEL MA;V REGION;CL;Vergara;Tiare;;Tte Merino 38;;;;VI.A DEL MA;V REGION;CL;5990;0;198;0;6188;0;CLP
000000538209;23827653902-A;15/08/2025 15:28:44;Cerrado;6990;198;7188;1258;0.0000;5732;1;BUFANDA CUADRILLE  PEQUEÑA CAFE  NICOPOLY;MPM10002663020-1;N05336LF;15/08/2025 15:28:45;5d_Retiro Tienda Ripley Marina Arauco;Vergara;Tiare;;"Avenida Libertad 1348 ";" Piso 4. Modulo Retiro en Tienda";;;VI.A DEL MA;V REGION;CL;Vergara;Tiare;;Tte Merino 38;;;;VI.A DEL MA;V REGION;CL;6990;0;198;0;7188;0;CLP
000000538209;23827653902-A;15/08/2025 15:28:44;Cerrado;19990;198;20188;3598;0.0000;16392;1;CALZA MUJER NICOPOLY BURDEO CIERRES DECORATIVOS S;MPM10001710251-2;N05049TS;15/08/2025 15:28:45;5d_Retiro Tienda Ripley Marina Arauco;Vergara;Tiare;;"Avenida Libertad 1348 ";" Piso 4. Modulo Retiro en Tienda";;;VI.A DEL MA;V REGION;CL;Vergara;Tiare;;Tte Merino 38;;;;VI.A DEL MA;V REGION;CL;19990;0;198;0;20188;0;CLP
000000538209;23827665101-A;15/08/2025 15:33:42;Cerrado;26990;990;27980;4858;0.0000;22132;1;SWEATER MUJER NICOPOLY NEGRO BÁSICO CUELLO REDONDO;MPM10002160479-2;N04248BS-6;15/08/2025 15:33:43;5d_Retiro Tienda Ripley Marina Arauco;Vergara;Tiare;;"Avenida Libertad 1348 ";" Piso 4. Modulo Retiro en Tienda";;;VI.A DEL MA;V REGION;CL;Vergara;Tiare;;Tte Merino 38;;;;VI.A DEL MA;V REGION;CL;26990;0;990;0;27980;0;CLP
000000538209;23828044101-A;15/08/2025 18:37:29;Reembolsado;29990;0;29990;5398;0.0000;24592;1;CHAQUETA BOUCLE  BLANCO INVIERNO INVIERNO NICOPOLY;MPM10002646323-1;N05183AL;15/08/2025 18:37:30;5d_Retiro Tienda Ripley Mall Concepción;Ortiz Cerda;"Claudia ";;"Barros Arana 1068, Concepcion ";" 3er Piso. Modulo Retiro en Tienda";;;CONCEPCION;VIII REGION;CL;Ortiz Cerda;"Claudia ";;Paicavi 1376;;;;CONCEPCION;VIII REGION;CL;29990;0;0;0;29990;0;CLP
000000538209;23828044101-A;15/08/2025 18:37:29;Reembolsado;29990;0;29990;5398;0.0000;24592;1;CHAQUETA BOUCLE  NEGRO NICOPOLY;MPM10002646312-2;N05183BL;15/08/2025 18:37:30;5d_Retiro Tienda Ripley Mall Concepción;Ortiz Cerda;"Claudia ";;"Barros Arana 1068, Concepcion ";" 3er Piso. Modulo Retiro en Tienda";;;CONCEPCION;VIII REGION;CL;Ortiz Cerda;"Claudia ";;Paicavi 1376;;;;CONCEPCION;VIII REGION;CL;29990;0;0;0;29990;0;CLP
000000538209;23828048601-A;15/08/2025 18:37:37;Cerrado;39990;0;39990;7198;0.0000;32792;1;BLAZER PIED DE POULE CAFE  NICOPOLY;MPM10001713149-1;N05037LL;15/08/2025 18:37:38;4d_Retiro Tienda Ripley Huechuraba;Lugo;"Francisco ";;"Av. Americo Vespucio Norte 1737 ";" 2do Piso. Modulo Retiro en Tienda";;;HUECHURABA;REG.METROPOLITANA;CL;Gutierrez;Lureynis;;C. Albatros 4944 4944;;;;HUECHURABA;REG.METROPOLITANA;CL;39990;0;0;0;39990;0;CLP
000000538209;23828072201-A;15/08/2025 18:48:53;Cerrado;21990;330;22320;3958;0.0000;18032;1;SWEATER BASICO PERLAS CELESTE NICOPOLY;MPM10002842898-3;N03095KS-7;15/08/2025 18:48:55;4d_Retiro Tienda Ripley Plaza Vespucio;Oyarzun;Claudia;;"Av. Vicuña Mackenna Ote. 7110, La Florida ";3er Piso. Modulo Retiro en Tienda;;;LA FLORIDA;REG.METROPOLITANA;CL;Oyarzun;Claudia;;Trinidad 835;;;;LA FLORIDA;REG.METROPOLITANA;CL;21990;0;330;0;22320;0;CLP
000000538209;23828072201-A;15/08/2025 18:48:53;Cerrado;23990;330;24320;4318;0.0000;19672;1;SWEATER ACANALADO CUELLO BOTE LILA NICOPOLY;MPM10002842902-1;N05212ZS-7;15/08/2025 18:48:55;4d_Retiro Tienda Ripley Plaza Vespucio;Oyarzun;Claudia;;"Av. Vicuña Mackenna Ote. 7110, La Florida ";3er Piso. Modulo Retiro en Tienda;;;LA FLORIDA;REG.METROPOLITANA;CL;Oyarzun;Claudia;;Trinidad 835;;;;LA FLORIDA;REG.METROPOLITANA;CL;23990;0;330;0;24320;0;CLP
000000538209;23828072201-A;15/08/2025 18:48:53;Cerrado;31990;330;32320;5758;0.0000;26232;1;CHAQUETA REVERSIBLE NEGRO NICOPOLY;MPM10002646333-1;N05189BS;15/08/2025 18:48:55;4d_Retiro Tienda Ripley Plaza Vespucio;Oyarzun;Claudia;;"Av. Vicuña Mackenna Ote. 7110, La Florida ";3er Piso. Modulo Retiro en Tienda;;;LA FLORIDA;REG.METROPOLITANA;CL;Oyarzun;Claudia;;Trinidad 835;;;;LA FLORIDA;REG.METROPOLITANA;CL;31990;0;330;0;32320;0;CLP
000000538209;23828120501-A;15/08/2025 19:14:14;Reembolsado;19990;990;20980;3598;0.0000;16392;1;CALZA MUJER NICOPOLY NEGRO TIPO GAMUZA;MPM10002160471-2;N05307BM;15/08/2025 19:14:15;4d_Retiro Tienda Ripley Parque Arauco;Guzman;Jimena;;"Avenida Kennedy 5413 ";4to Piso. Modulo Retiro en Tienda;;;LAS CONDES;REG.METROPOLITANA;CL;Guzman;Jimena;;ALCANTARA 915;;;;LAS CONDES;REG.METROPOLITANA;CL;19990;0;990;0;20980;0;CLP
000000538209;23828311702-A;15/08/2025 20:44:15;Cerrado;47990;0;47990;8638;0.0000;39352;1;ABRIGO FORRO TIPO PIEL GRAFITO NICOPOLY;MPM10002661326-2;N05147NM;15/08/2025 20:44:16;5d_Retiro Tienda Ripley Talca;Regalado Villanueva;Maria  Fraccila;;"8 Oriente 1212 ";" 2do Piso. Modulo Retiro en Tienda";;;TALCA;VII REGION;CL;Regalado Villanueva;Maria  Fraccila;;"Huerfano 714 ";;;;TALCA;VII REGION;CL;47990;0;0;0;47990;0;CLP
000000538209;23828311301-A;15/08/2025 20:46:35;Cerrado;22990;990;23980;4138;0.0000;18852;1;ENTERITO MUJER NICOPOLY VERDE OLIVA LAZO Y HEBILLA;MPM10001849448-1;N04058MS-5;15/08/2025 20:46:36;4d_Retiro Tienda Ripley Puente;Zaines;Sofia;;"21 de Mayo 698 ";4to Piso. Modulo Retiro en Tienda;;;SANTIAGO;REG.METROPOLITANA;CL;Zaines;Sofia;;Avenida Santa Rosa 265;;;;SANTIAGO;REG.METROPOLITANA;CL;22990;0;990;0;23980;0;CLP
000000538209;23828320901-A;15/08/2025 20:51:57;Cerrado;47990;990;48980;8638;0.0000;39352;1;ABRIGO BASICO 2 BOTONES NEGRO NICOPOLY;MPM10002646293-4;N05255BM;15/08/2025 20:51:58;4d_Retiro Tienda Ripley Plaza Egaña;Silva Crdenas;"Saraby ";;"Larrain 5800 ";" 3er Piso. Modulo Retiro en Tienda";;;NUNOA;REG.METROPOLITANA;CL;Silva Crdenas;"Saraby ";;pasaje 374 8109;;;;NUNOA;REG.METROPOLITANA;CL;47990;0;990;0;48980;0;CLP
000000538209;23828464301-A;15/08/2025 21:51:25;Cerrado;21990;990;22980;3958;0.0000;18032;1;SWEATER BASICO PERLAS GRIS NICOPOLY;MPM10002842903-3;N03095NS-7;15/08/2025 21:51:26;4d_Retiro Tienda Ripley Tobalaba;Vargas;Daniela;;"Av. Camilo Henríquez 3296, Puente Alto ";2do Piso. Modulo Retiro en Tienda;;;PUENTE ALTO;REG.METROPOLITANA;CL;Vargas;Daniela;;Presbitero felix Zaragoza 2480;;;;PUENTE ALTO;REG.METROPOLITANA;CL;21990;0;990;0;22980;0;CLP
000000538209;23828474102-A;15/08/2025 21:53:28;Cerrado;34990;0;34990;6298;0.0000;28692;1;ABRIGO HOMBROS CAIDOS NEGRO NICOPOLY;MPM10002646330-1;N05174BM;15/08/2025 21:53:29;10d_Retiro Tienda Ripley Calama;"Muñoz ";"Catherine ";;"Balmaceda 3242, Calama ";" 2do Piso. Servicio al Cliente";;;CALAMA;II REGION;CL;"Saavedra ";"Rodrigo ";;"Pajonales  3861 ";;;;CALAMA;II REGION;CL;34990;0;0;0;34990;0;CLP
000000538209;23828492601-A;15/08/2025 22:02:08;Cerrado;49990;5990;55980;8998;0.0000;40992;1;BLAZER CUELLO CRUZADO VERDE NICOPOLY;MPM10002842873-2;N05299ES-7;15/08/2025 22:02:09;Flujo Crossdock- Ripley PAQ;Hernandez;Soledad;;Arquitecto Albrecht Freitag 1703;casa;;;OSORNO;X REGION;CL;Hernandez;Soledad;;Arquitecto Albrecht Freitag 1703;;;;OSORNO;X REGION;CL;49990;0;5990;0;55980;0;CLP
000000538209;23828564401-A;15/08/2025 22:32:30;Cerrado;25990;990;26980;4678;0.0000;21312;1;CHAQUETA PUFFER COTELE  CAMEL NICOPOLY;MPM10002661339-2;N05154LM;15/08/2025 22:32:31;4d_Retiro Tienda Ripley Tobalaba;Vargas;Daniela;;"Av. Camilo Henríquez 3296, Puente Alto ";2do Piso. Modulo Retiro en Tienda;;;PUENTE ALTO;REG.METROPOLITANA;CL;Vargas;Daniela;;Presbitero felix Zaragoza 2480;;;;PUENTE ALTO;REG.METROPOLITANA;CL;25990;0;990;0;26980;0;CLP
000000538209;23828682701-A;15/08/2025 23:33:55;Cerrado;23990;2195;26185;4318;0.0000;19672;1;SOBRECAMISA ALGODÓN MUJER NICOPOLY GRIS COTELÉ;MPM10002160531-3;N05201IL;15/08/2025 23:33:56;Flujo Same day BX;Soto;Aracely;;Pasaje 9 poniente  8256;S/N;;;LA GRANJA;REG.METROPOLITANA;CL;Soto;Aracely;;Pasaje 9 poniente  8256;;;;LA GRANJA;REG.METROPOLITANA;CL;23990;0;2195;0;26185;0;CLP
000000538209;23828682701-A;15/08/2025 23:33:55;Cerrado;29990;2195;32185;5398;0.0000;24592;1;BLAZER ESCOCE S NEGRO NICOPOLY;MPM00042475306-5;N02222BXL;15/08/2025 23:33:56;Flujo Same day BX;Soto;Aracely;;Pasaje 9 poniente  8256;S/N;;;LA GRANJA;REG.METROPOLITANA;CL;Soto;Aracely;;Pasaje 9 poniente  8256;;;;LA GRANJA;REG.METROPOLITANA;CL;29990;0;2195;0;32185;0;CLP
000000538209;23828852701-A;16/08/2025 02:13:17;Cerrado;55990;0;55990;10078;0.0000;45912;1;BLAZER 6 BOTONES MARRON NICOPOLY;MPM10002912487-2;N06001OL;16/08/2025 02:13:18;Flujo Same day BX;Valenzuela;Maria Soledad;;La Gloria 34 34;2109;;;LAS CONDES;REG.METROPOLITANA;CL;Valenzuela;Maria Soledad;;La Gloria 34 34;;;;LAS CONDES;REG.METROPOLITANA;CL;55990;0;0;0;55990;0;CLP
000000538209;23829085701-A;16/08/2025 11:09:50;Cerrado;24990;990;25980;4498;0.0000;20492;1;CHAQUETA MITAD CHIPORRO/PARKA BLANCO INVIERNO NICOPOLY;MPM10001383894-3;N04152AL;16/08/2025 11:09:51;5d_Retiro Tienda Ripley Los Andes;Aranda;Maria Soledad;;"Santa Teresita 683 ";2do Piso. Servicio al Cliente;;;LOS ANDES;V REGION;CL;Aranda;Maria Soledad;;tocornal 084;;;;LOS ANDES;V REGION;CL;24990;0;990;0;25980;0;CLP
000000538209;23829133301-A;16/08/2025 11:42:08;Cerrado;39990;3990;43980;7198;0.0000;32792;1;BLAZER LARGO MANGA DRAPEADA AZUL MEDIO NICOPOLY;MPM10001465239-3;N04262KS;16/08/2025 11:42:09;Flujo Same day BX;Perez;Eduardo;;Villaseca 720;804;;;NUNOA;REG.METROPOLITANA;CL;Perez;Eduardo;;Villaseca 720;;;;NUNOA;REG.METROPOLITANA;CL;39990;0;3990;0;43980;0;CLP
000000538209;23829180001-A;16/08/2025 12:07:18;Cerrado;19990;990;20980;3598;0.0000;16392;1;CHAQUETA QUILT TIPO CAMISERA NEGRO NICOPOLY;MPM10001383909-1;N04190BXL;16/08/2025 12:07:20;4d_Retiro Tienda Ripley Los Dominicos;"Montero ";Paola;;"Padre Hurtado Sur 875 ";1er Piso. Servicio al Cliente;;;LAS CONDES;REG.METROPOLITANA;CL;"Montero ";Paola;;Quinchamali oriente 14191;;;;LAS CONDES;REG.METROPOLITANA;CL;19990;0;990;0;20980;0;CLP
000000538209;23829213401-A;16/08/2025 12:25:34;Cerrado;19990;0;19990;3598;0.0000;16392;1;VESTIDO MIDI MUJER NICOPOLY ROJO ACANALADO;MPM10001437622-3;N04224DM;16/08/2025 12:25:36;4d_Retiro Tienda Ripley Puente;Pérez;Jacqueline;;"21 de Mayo 698 ";4to Piso. Modulo Retiro en Tienda;;;SANTIAGO;REG.METROPOLITANA;CL;Pérez;Jacqueline;;Apóstol Santiago 2287;;;;SANTIAGO;REG.METROPOLITANA;CL;19990;0;0;0;19990;0;CLP
000000538209;23829473101-A;16/08/2025 15:08:14;Cerrado;39990;0;39990;7198;0.0000;32792;1;BLAZER UN BOTON ROJO NICOPOLY;MPM10002635855-3;N05318TS;16/08/2025 15:08:15;4d_Retiro Tienda Ripley Arauco Maipu;Arancibia;Francisca;;"Av. Americo Vespucio 399 ";" 2do Piso. Modulo Retiro en Tienda";;;MAIPU;REG.METROPOLITANA;CL;Arancibia;Francisca;;Los matriceros 1217;;;;MAIPU;REG.METROPOLITANA;CL;39990;0;0;0;39990;0;CLP
000000538209;23829529701-A;16/08/2025 15:39:53;Reembolsado;37990;7990;45980;6838;0.0000;31152;1;PARKA SIN MANGAS CORDON ROJO NICOPOLY;MPM10001753187-4;N04319DM;16/08/2025 15:39:55;Flujo Crossdock- Ripley PAQ;Moraga Riquelme;Marisol;;Villa alegre 1335;Casa;;;MULCHEN;VIII REGION;CL;Moraga Riquelme;Marisol;;Villa alegre 1335;;;;MULCHEN;VIII REGION;CL;37990;0;7990;0;45980;0;CLP
000000538209;23829655401-A;16/08/2025 16:46:58;Cerrado;37990;990;38980;6838;0.0000;31152;1;BOMBER ECOCUERO NEGRO NICOPOLY;MPM10002635840-1;N05153BS;16/08/2025 16:46:59;5d_Retiro Tienda Ripley Chillán;Villalobos;Francisca;;"5 de Abril 699 ";4to Piso. Centro de atención al Cliente;;;CHILLAN;VIII REGION;CL;Villalobos;Francisca;;Pasaje Los Halcones 430;;;;CHILLAN;VIII REGION;CL;37990;0;990;0;38980;0;CLP
000000538209;23829782401-A;16/08/2025 17:46:03;Cerrado;34990;0;34990;6298;0.0000;28692;1;ABRIGO HOMBROS CAIDOS BLANCO INVIERNO INVIERNO NICOPOLY;MPM10002646299-1;N05174AM;16/08/2025 17:46:04;4d_Retiro Tienda Ripley Costanera Center;Allendes;Sandra;;"Avenida Andrés Bello 2422 ";" 1er Piso. Modulo Retiro en Tienda";;;PROVIDENCIA;REG.METROPOLITANA;CL;Allendes;Sandra;;Rosario Sur 234;;;;PROVIDENCIA;REG.METROPOLITANA;CL;34990;0;0;0;34990;0;CLP
000000538209;23829977501-A;16/08/2025 19:43:59;Cerrado;63990;0;63990;11518;0.0000;52472;1;FULFILLMENT-ABRIGO 4 BOTONES ROJO NICOPOLY;MPM10002725930-3;N05155DS-FF;16/08/2025 19:44:01;FF_MATRIX;Castillo;Carlos;;Avenida Mexico 2227;casa 2;;;PUENTE ALTO;REG.METROPOLITANA;CL;Castillo;Carlos;;Avenida Mexico 2227;;;;PUENTE ALTO;REG.METROPOLITANA;CL;63990;0;0;0;63990;0;CLP
000000538209;23830234301-A;16/08/2025 21:50:56;Cerrado;26990;3990;30980;4858;0.0000;22132;1;BLAZER CRUZADO ECOCUERO NEGRO NICOPOLY;MPM10001849471-3;N05105BXL;16/08/2025 21:50:58;Flujo Same day BX;Ramirez;Daniela;;Nagoya 1249;S/N;;;LA FLORIDA;REG.METROPOLITANA;CL;Ramirez;Daniela;;Nagoya 1249;;;;LA FLORIDA;REG.METROPOLITANA;CL;26990;0;3990;0;30980;0;CLP
000000538209;23830450901-A;16/08/2025 23:40:56;Cerrado;19990;990;20980;3598;0.0000;16392;1;CAMISA MUJER NICOPOLY ROJO PLIEGUES CINTURA;MPM10002160478-2;N05267DS;16/08/2025 23:40:57;4d_Retiro Tienda Ripley Tobalaba;Quiroga;Karen;;"Av. Camilo Henríquez 3296, Puente Alto ";2do Piso. Modulo Retiro en Tienda;;;PUENTE ALTO;REG.METROPOLITANA;CL;Quiroga;Karen;;Cerró ciprés 1971;;;;PUENTE ALTO;REG.METROPOLITANA;CL;19990;0;990;0;20980;0;CLP
000000538209;23830485101-A;17/08/2025 00:06:42;Cerrado;21990;990;22980;3958;0.0000;18032;1;SWEATER BASICO PERLAS ROJO NICOPOLY;MPM10002842886-1;N03095DL-7;17/08/2025 00:06:44;10d_Retiro Tienda Ripley Portal Temuco;Mendoza;Silvia;;"Avenida Alemania 0671 ";3er Piso, Modulo Retiro en Tienda;;;TEMUCO;IX REGION;CL;Mendoza;Silvia;;San martin 416;;;;TEMUCO;IX REGION;CL;21990;0;990;0;22980;0;CLP
000000538209;23830735701-A;17/08/2025 10:23:00;Cerrado;17990;990;18980;3238;0.0000;14752;1;VESTIDO MUJER NICOPOLY NEGRO DE PUNTO TRENZADO;MPM10001465223-3;N04188BS;17/08/2025 10:23:02;4d_Retiro Tienda Ripley Plaza Vespucio;Calderon Contreras;Cindy Fabiola;;"Av. Vicuña Mackenna Ote. 7110, La Florida ";3er Piso. Modulo Retiro en Tienda;;;LA FLORIDA;REG.METROPOLITANA;CL;Calderon Contreras;Cindy Fabiola;;Canto general 0555;;;;LA FLORIDA;REG.METROPOLITANA;CL;17990;0;990;0;18980;0;CLP
000000538209;23830740001-A;17/08/2025 10:28:21;Cerrado;49990;0;49990;8998;0.0000;40992;1;BLAZER DE TOPE MANGA 3/4 RECOGIDA BURDEO NICOPOLY;MPM10002842894-1;N03049TXL-7;17/08/2025 10:28:23;5d_Retiro Tienda Ripley Marina Arauco;Pereira;Daniela;;"Avenida Libertad 1348 ";" Piso 4. Modulo Retiro en Tienda";;;VI.A DEL MA;V REGION;CL;Pereira;Daniela;;6 - 1/2 Oriente 265;;;;VI.A DEL MA;V REGION;CL;49990;0;0;0;49990;0;CLP
000000538209;23830759401-A;17/08/2025 10:49:13;Reembolsado;47990;0;47990;8638;0.0000;39352;1;ABRIGO BASICO 2 BOTONES NEGRO NICOPOLY;MPM10002646293-4;N05255BM;17/08/2025 10:49:15;10d_Retiro Tienda Ripley Calama;"Ibacache ";"Claudia ";;"Balmaceda 3242, Calama ";" 2do Piso. Servicio al Cliente";;;CALAMA;II REGION;CL;"Ibacache ";"Claudia ";;Conde duque 1914;;;;CALAMA;II REGION;CL;47990;0;0;0;47990;0;CLP
000000538209;23831111601-A;17/08/2025 14:00:53;Cerrado;48990;980;49970;8818;0.0000;40172;1;VESTIDO LARGO FIESTA NEGRO NICOPOLY;MPM10002627262-1;N05305BS;17/08/2025 14:00:55;Flujo Same day BX;Díaz;Isabel;;Torres del Paine Norte  9015;S/N;;;PE.ALOLEN;REG.METROPOLITANA;CL;Díaz;Isabel;;Torres del Paine Norte  9015;;;;PE.ALOLEN;REG.METROPOLITANA;CL;48990;0;980;0;49970;0;CLP
000000538209;23831138201-A;17/08/2025 14:15:33;Reembolsado;42990;0;42990;7738;0.0000;35252;1;ENTERITO CUELLO MOCK BURDEO NICOPOLY;MPM10002627263-3;N05313TM;17/08/2025 14:15:34;Flujo Same day BX;Jawor;Isidora;;Alsacia 57;505;;;LAS CONDES;REG.METROPOLITANA;CL;Jawor;Isidora;;Alsacia 57;;;;LAS CONDES;REG.METROPOLITANA;CL;42990;0;0;0;42990;0;CLP
000000538209;23831165901-A;17/08/2025 14:27:43;Cerrado;31990;990;32980;5758;0.0000;26232;1;GILET BASICO HILO BURDEO NICOPOLY;MPM10002842877-1;N05264TM-7;17/08/2025 14:27:44;4d_Retiro Tienda Ripley Florida Center;"Moyano ";"Ana ";;"Vicuña Mackenna Oriente 6100, La Florida ";3er Piso. Modulo Retiro en Tienda;;;LA FLORIDA;REG.METROPOLITANA;CL;Opazo;Sergio;;Pasaje 14 1109;;;;LA FLORIDA;REG.METROPOLITANA;CL;31990;0;990;0;32980;0;CLP
000000538209;23831197301-A;17/08/2025 14:46:32;Cerrado;28990;0;28990;5218;0.0000;23772;1;VESTIDO MIDI MUJER NICOPOLY NEGRO SWEATER;MPM10002160530-2;N05211BS;17/08/2025 14:46:33;10d_Retiro Tienda Ripley Iquique;Camuset;Barbara;;"Vivar 550 ";" 4to Piso. Servicio al Cliente";;;IQUIQUE;I REGION;CL;Camuset;Barbara;;José Francisco Vergara 3419;;;;IQUIQUE;I REGION;CL;28990;0;0;0;28990;0;CLP
000000538209;23831215601-A;17/08/2025 14:56:57;Cerrado;49990;0;49990;8998;0.0000;40992;1;BLAZER CUELLO CRUZADO ROJO NICOPOLY;MPM10002842890-4;N05299DL-7;17/08/2025 14:56:59;4d_Retiro Tienda Ripley Plaza Vespucio;Tramolao;Marlene;;"Av. Vicuña Mackenna Ote. 7110, La Florida ";3er Piso. Modulo Retiro en Tienda;;;LA FLORIDA;REG.METROPOLITANA;CL;Tramolao;Marlene;;Pasaje los contratistas 5676;;;;LA FLORIDA;REG.METROPOLITANA;CL;49990;0;0;0;49990;0;CLP
000000538209;23831215601-A;17/08/2025 14:56:57;Cerrado;23990;0;23990;4318;0.0000;19672;1;SWEATER ACANALADO CUELLO BOTE NEGRO NICOPOLY;MPM10002842905-1;N05212BL-7;17/08/2025 14:56:59;4d_Retiro Tienda Ripley Plaza Vespucio;Tramolao;Marlene;;"Av. Vicuña Mackenna Ote. 7110, La Florida ";3er Piso. Modulo Retiro en Tienda;;;LA FLORIDA;REG.METROPOLITANA;CL;Tramolao;Marlene;;Pasaje los contratistas 5676;;;;LA FLORIDA;REG.METROPOLITANA;CL;23990;0;0;0;23990;0;CLP
000000538209;23831300101-A;17/08/2025 15:44:08;Cerrado;30990;8990;39980;5578;0.0000;25412;1;CHAQUETA LEÑADORA BEIGE NICOPOLY;MPM00040988712-1;N02150AL;17/08/2025 15:44:10;Flujo Crossdock- Ripley PAQ;Muoz Millan;Marcela;;Country Villarrica I parcela 81 P81;S/N;;;VILLARICA;IX REGION;CL;Muoz Millan;Marcela;;Country Villarrica I parcela 81 P81;;;;VILLARICA;IX REGION;CL;30990;0;8990;0;39980;0;CLP
000000538209;23831484702-A;17/08/2025 17:10:05;Reembolsado;45990;3990;49980;8278;0.0000;37712;1;ABRIGO CUADRILLE  NEGRO NICOPOLY;MPM10002646320-1;N05288BS;17/08/2025 17:10:06;Flujo Same day BX;Villarroel;German;;Constantinopla Poniente 16824;S/N;;;MAIPU;REG.METROPOLITANA;CL;Villarroel;German;;Constantinopla Poniente 16824;;;;MAIPU;REG.METROPOLITANA;CL;45990;0;3990;0;49980;0;CLP
000000538209;23831590301-A;17/08/2025 17:57:58;Cerrado;24990;0;24990;4498;0.0000;20492;1;BLUSA CON LAZO DESMONTABLE NEGRO NICOPOLY;MPM10001752519-2;N04270BS-5;17/08/2025 17:58:00;4d_Retiro Tienda Ripley Huechuraba;"Pinto ";"Brenda ";;"Av. Americo Vespucio Norte 1737 ";" 2do Piso. Modulo Retiro en Tienda";;;HUECHURABA;REG.METROPOLITANA;CL;RUBIO;JOSE MANUEL;;las violetas 167;;;;HUECHURABA;REG.METROPOLITANA;CL;24990;0;0;0;24990;0;CLP
000000538209;23831632301-A;17/08/2025 18:22:02;Reembolsado;43990;0;43990;7918;0.0000;36072;1;CHAQUETA ECOCUERO TIPO BIKER CAFE  NICOPOLY;MPM10001735077-3;N02107UL-5;17/08/2025 18:22:03;5d_Retiro Tienda Ripley Viña del Mar Sucre;Gutiérrez;Marlene;;"Sucre 290, Viña ";5to Piso. Modulo Retiro en Tienda;;;VI.A DEL MA;V REGION;CL;Gutiérrez;Marlene;;Población Riquelme calle bio bio 104;;;;VI.A DEL MA;V REGION;CL;43990;0;0;0;43990;0;CLP
000000538209;23831651701-A;17/08/2025 18:28:46;Cerrado;21990;0;21990;3958;0.0000;18032;1;SWEATER BASICO PERLAS FUCSIA NICOPOLY;MPM10002842901-3;N03095SS-7;17/08/2025 18:28:47;Flujo Same day BX;Venegas;Priscilla;;Thiare 1099;195;;;MAIPU;REG.METROPOLITANA;CL;Venegas;Priscilla;;Thiare 1099;;;;MAIPU;REG.METROPOLITANA;CL;21990;0;0;0;21990;0;CLP
000000538209;23831676401-A;17/08/2025 18:43:13;Cerrado;35990;990;36980;6478;0.0000;29512;1;CHAQUETA ECOCUERO LAZO CAMEL NICOPOLY;MPM10002635848-4;N05152LM;17/08/2025 18:43:14;4d_Retiro Tienda Ripley Puente;Valenzuela;Andrea;;"21 de Mayo 698 ";4to Piso. Modulo Retiro en Tienda;;;SANTIAGO;REG.METROPOLITANA;CL;Valenzuela;Andrea;;Pielago del sur 1881;;;;SANTIAGO;REG.METROPOLITANA;CL;35990;0;990;0;36980;0;CLP
000000538209;23831737701-A;17/08/2025 19:14:41;Reembolsado;31990;990;32980;5758;0.0000;26232;1;CHAQUETA REVERSIBLE NEGRO NICOPOLY;MPM10002646333-3;N05189BM;17/08/2025 19:14:42;10d_Retiro Tienda Ripley San Fernando;Meneses;Jessica;;"Bernardo Ohiggins 701 ";" 3er Piso. Modulo Retiro en Tienda";;;SAN FERNANDO;VI REGION;CL;Meneses;Jessica;;Circunvalación sur 861;;;;SAN FERNANDO;VI REGION;CL;31990;0;990;0;32980;0;CLP
000000538209;23831775501-A;17/08/2025 19:29:28;Cerrado;21990;990;22980;3958;0.0000;18032;1;PARKA CORTA QUILT CON GORRO AZUL MARINO NICOPOLY;MPM10001383892-4;N04221NM;17/08/2025 19:29:30;5d_Retiro Tienda Ripley Valparaíso;Gonzalez;Maryori;;"Plaza Victoria 1646 ";" 4to Piso. Servicio al Cliente";;;VALPARAISO;V REGION;CL;Gonzalez;Maryori;;Progreso pasaje las dalias 11;;;;VALPARAISO;V REGION;CL;21990;0;990;0;22980;0;CLP
000000538209;23831816901-A;17/08/2025 19:45:59;Cerrado;34990;3990;38980;6298;0.0000;28692;1;ABRIGO HOMBROS CAIDOS NEGRO NICOPOLY;MPM10002646330-1;N05174BM;17/08/2025 19:46:00;Flujo Same day BX;Astorga;Francisca;;General Carol Urzua 7040;604;;;LAS CONDES;REG.METROPOLITANA;CL;Astorga;Francisca;;General Carol Urzua 7040;;;;LAS CONDES;REG.METROPOLITANA;CL;34990;0;3990;0;38980;0;CLP
000000538209;23831832503-A;17/08/2025 19:54:25;Cerrado;47990;0;47990;8638;0.0000;39352;1;ABRIGO BASICO 2 BOTONES NEGRO NICOPOLY;MPM10002646293-1;N05255BL;17/08/2025 19:54:26;Flujo Crossdock- Ripley PAQ;Araya Bustos;"Barbara ";;MAULE SUR COLBUN 184;CASA;;;COLBUN;VII REGION;CL;Araya Bustos;"Barbara ";;MAULE SUR COLBUN 184;;;;COLBUN;VII REGION;CL;47990;0;0;0;47990;0;CLP
000000538209;23831833201-A;17/08/2025 19:55:02;Reembolsado;39990;0;39990;7198;0.0000;32792;1;BLAZER MUJER NICOPOLY KHAKI CUELLO MAO;MPM10002160480-2;N00156LS-6;17/08/2025 19:55:03;Flujo Same day BX;Casanova;Claudia;;Antonio Bellet 444;1401;;;PROVIDENCIA;REG.METROPOLITANA;CL;Casanova;Claudia;;Antonio Bellet 444;;;;PROVIDENCIA;REG.METROPOLITANA;CL;39990;0;0;0;39990;0;CLP
000000538209;23831915601-A;17/08/2025 20:34:27;Cerrado;29990;990;30980;5398;0.0000;24592;1;CHAQUETA BOUCLE  NEGRO NICOPOLY;MPM10002646312-3;N05183BM;17/08/2025 20:34:28;4d_Retiro Tienda Ripley Plaza Vespucio;Maureira;Carolina;;"Av. Vicuña Mackenna Ote. 7110, La Florida ";3er Piso. Modulo Retiro en Tienda;;;LA FLORIDA;REG.METROPOLITANA;CL;Rodriguez;"Silvana ";;Villa Nuevo Amanecer 12;;;;LA FLORIDA;REG.METROPOLITANA;CL;29990;0;990;0;30980;0;CLP
000000538209;23832058201-A;17/08/2025 21:22:37;Cerrado;25990;0;25990;4678;0.0000;21312;1;CHAQUETA PUFFER COTELE  CAMEL NICOPOLY;MPM10002661339-2;N05154LM;17/08/2025 21:22:38;5d_Retiro Tienda Ripley Los Andes;Rosendo;Shesaly;;"Santa Teresita 683 ";2do Piso. Servicio al Cliente;;;LOS ANDES;V REGION;CL;Rosendo;Shesaly;;Tacna norte 257;;;;LOS ANDES;V REGION;CL;25990;0;0;0;25990;0;CLP
000000538209;23832142801-A;17/08/2025 21:48:55;Cerrado;35990;5990;41980;6478;0.0000;29512;1;BLAZER COTELE  CAFE  NICOPOLY;MPM10002661346-2;N05302UM;17/08/2025 21:48:56;Flujo Crossdock- Ripley PAQ;Arias;Grenda;;Bulnes 266;Ofi;;;TALCAHUANO;VIII REGION;CL;Arias;Grenda;;Bulnes 266;;;;TALCAHUANO;VIII REGION;CL;35990;0;5990;0;41980;0;CLP
000000538209;23832282301-A;17/08/2025 22:28:31;Cerrado;20990;4990;25980;3778;0.0000;17212;1;PANTALÓN MUJER NICOPOLY BLANCO TIRO ALTO BÁSICO;MPM10001752475-4;N10373AM-5;17/08/2025 22:28:32;Flujo Crossdock- Ripley PAQ;Barra;Alejandra;;ongolmo 1131;503;;;CONCEPCION;VIII REGION;CL;Barra;Alejandra;;ongolmo 1131;;;;CONCEPCION;VIII REGION;CL;20990;0;4990;0;25980;0;CLP
000000538209;23832321101-A;17/08/2025 22:44:10;Cerrado;19990;3980;23970;3598;0.0000;16392;1;SWEATER CANALE  CUELLO TORTUGA NEGRO NICOPOLY;MPM10002661614-2;N03150BM-6;17/08/2025 22:44:12;Flujo Same day BX;Aranzaes;Natalia;;Santa Amelia  2782;"Casa ";;;MAIPU;REG.METROPOLITANA;CL;Aranzaes;Natalia;;Santa Amelia  2782;;;;MAIPU;REG.METROPOLITANA;CL;19990;0;3980;0;23970;0;CLP
000000538209;23832391201-A;17/08/2025 23:05:27;Cerrado;19990;990;20980;3598;0.0000;16392;1;CHAQUETA QUILT TIPO CAMISERA OLIVA NICOPOLY;MPM10001383865-4;N04190MM;17/08/2025 23:05:28;4d_Retiro Tienda Ripley Crillon;"Halat ";"Branko ";;"Agustinas #1025 ";Piso -1. Modulo Retiro en Tienda;;;SANTIAGO;REG.METROPOLITANA;CL;Ortiz;Cecilia;;San José de la sierra 90;;;;SANTIAGO;REG.METROPOLITANA;CL;19990;0;990;0;20980;0;CLP
000000538209;23832460601-A;17/08/2025 23:26:27;Cerrado;37990;0;37990;6838;0.0000;31152;1;BOMBER ECOCUERO NEGRO NICOPOLY;MPM10002635840-4;N05153BM;17/08/2025 23:26:28;14d_Retiro Tienda Ripley Arica;Soto;Nicole;;"Av. Diego Portales 640, Arica ";2do Piso. Modulo Retiro en Tienda;;;ARICA;XV REGION;CL;Soto;Nicole;;VILLA ALTOS DEL MAR CALLE TRES NORTE  173;;;;ARICA;XV REGION;CL;37990;0;0;0;37990;0;CLP
000000538209;23832460601-A;17/08/2025 23:26:27;Cerrado;37990;0;37990;6838;0.0000;31152;1;CHAQUETA BIKER ECOCUERO CORTA NEGRO NICOPOLY;MPM10001383962-1;N04201BXL;17/08/2025 23:26:28;14d_Retiro Tienda Ripley Arica;Soto;Nicole;;"Av. Diego Portales 640, Arica ";2do Piso. Modulo Retiro en Tienda;;;ARICA;XV REGION;CL;Soto;Nicole;;VILLA ALTOS DEL MAR CALLE TRES NORTE  173;;;;ARICA;XV REGION;CL;37990;0;0;0;37990;0;CLP
000000538209;23832478901-A;17/08/2025 23:32:22;Cerrado;26990;0;26990;4858;0.0000;22132;1;SWEATER MUJER NICOPOLY MAGENTA BÁSICO CUELLO REDONDO;MPM10002160475-2;N04248ZL-6;17/08/2025 23:32:24;6d_Retiro Tienda Ripley Nueva Valdivia;Martinez;Ricardo;;"Arauco 561 ";" 3er Piso. Servicio al Cliente";;;VALDIVIA;XIV REGION;CL;Martinez;Ricardo;;San Martin 1082;;;;VALDIVIA;XIV REGION;CL;26990;0;0;0;26990;0;CLP
000000538209;23832494401-A;17/08/2025 23:38:09;Cerrado;49990;5990;55980;8998;0.0000;40992;1;BLAZER MANGA 3/4 AJUSTADA CON PLIEGUES NEGRO;MPM00089474054-2;N03049BXL;17/08/2025 23:38:11;Flujo Crossdock- Ripley PAQ;Zapata;Hector;;Prolongación Ñipas 795;S/N;;;TOME;VIII REGION;CL;Zapata;Hector;;Prolongación Ñipas 795;;;;TOME;VIII REGION;CL;49990;0;5990;0;55980;0;CLP
000000538209;23832565301-A;18/08/2025 00:15:07;Cerrado;15990;990;16980;2878;0.0000;13112;1;LEGGINS MUJER NICOPOLY BURDEO LEGGING TIRO ALTO COSTURAS FRONTALES;MPM00089316440-2;N03032TS;18/08/2025 00:15:09;4d_Retiro Tienda Ripley Crillon;Rocha Lpez;Mara Teresa;;"Agustinas #1025 ";Piso -1. Modulo Retiro en Tienda;;;SANTIAGO;REG.METROPOLITANA;CL;Rocha Lpez;Mara Teresa;;pasaje Republica 3;;;;SANTIAGO;REG.METROPOLITANA;CL;15990;0;990;0;16980;0;CLP
000000538209;23832764201-A;18/08/2025 08:06:27;Reembolsado;25990;3990;29980;4678;0.0000;21312;1;VESTIDO MUJER NICOPOLY NEGRO STRAPLESS Y ESCOTE V;MPM10001856352-1;N05011BL;18/08/2025 08:06:29;Flujo Same day BX;Contreras;Alicia;;Coliseo 1094;Casa;;;MAIPU;REG.METROPOLITANA;CL;Contreras;Alicia;;Coliseo 1094;;;;MAIPU;REG.METROPOLITANA;CL;25990;0;3990;0;29980;0;CLP
000000538209;23832986401-A;18/08/2025 10:41:29;Cerrado;37990;990;38980;6838;0.0000;31152;1;CHAQUETA BIKER ECOCUERO CORTA NEGRO NICOPOLY;MPM10001383962-2;N04201BM;18/08/2025 10:41:31;4d_Retiro Tienda Ripley Alameda;Burbano;Elizabeth;;"Av Libertador Bernardo O'Higgins 3470, Santiago ";3er Piso. Modulo Retiro en Tienda;;;EST.CENTRAL;REG.METROPOLITANA;CL;Burbano;Elizabeth;;Cruchaga montt 760;;;;EST.CENTRAL;REG.METROPOLITANA;CL;37990;0;990;0;38980;0;CLP
000000538209;23833070501-A;18/08/2025 11:23:02;Cerrado;41990;0;41990;7558;0.0000;34432;1;FULFILLMENT-ABRIGO BOUCLÉ NEGRO NICOPOLY;MPM10002725922-3;N05163BXL-FF;18/08/2025 11:23:03;FF_MATRIX;Ramos;Felipe;;Los plátanos 1127;Casa;;;CERRO NAVIA;REG.METROPOLITANA;CL;Ramos;Felipe;;Los plátanos 1127;;;;CERRO NAVIA;REG.METROPOLITANA;CL;41990;0;0;0;41990;0;CLP
000000538209;23833214402-A;18/08/2025 12:32:03;Cerrado;39990;1990;41980;7198;0.0000;32792;1;BLAZER PIED DE POULE CAFE  NICOPOLY;MPM10001713149-2;N05037LS;18/08/2025 12:32:06;Flujo Crossdock- Ripley PAQ;"Villarroel ";Karen;;Pasaje la Vega 109;Casa;;;TOME;VIII REGION;CL;"Villarroel ";Karen;;Pasaje la Vega 109;;;;TOME;VIII REGION;CL;39990;0;1990;0;41980;0;CLP
000000538209;23833205301-A;18/08/2025 12:33:41;Cerrado;19990;990;20980;3598;0.0000;16392;1;CALZA MUJER NICOPOLY NEGRO CIERRES DECORATIVOS;MPM10001710252-3;N05049BM;18/08/2025 12:33:42;4d_Retiro Tienda Ripley Arauco Maipu;Diaz Vidal;Pia;;"Av. Americo Vespucio 399 ";" 2do Piso. Modulo Retiro en Tienda";;;MAIPU;REG.METROPOLITANA;CL;Diaz Vidal;Pia;;Av primera transversal 2806;;;;MAIPU;REG.METROPOLITANA;CL;19990;0;990;0;20980;0;CLP
000000538209;23833977501-A;18/08/2025 19:28:30;Cerrado;22990;3990;26980;4138;0.0000;18852;1;CAMISA MUJER NICOPOLY ROJO BÁSICA;MPM10002128973-2;N05181DXL;18/08/2025 19:28:31;Flujo Same day BX;Lara;Geraldine;;Av Maria Rozas Velasquez 45;810;;;EST.CENTRAL;REG.METROPOLITANA;CL;Lara;Geraldine;;Av Maria Rozas Velasquez 45;;;;EST.CENTRAL;REG.METROPOLITANA;CL;22990;0;3990;0;26980;0;CLP
000000538209;23834177601-A;18/08/2025 21:03:54;Cerrado;24990;0;24990;4498;0.0000;20492;1;BLUSA CON LAZO DESMONTABLE NEGRO NICOPOLY;MPM10001752519-2;N04270BS-5;18/08/2025 21:03:56;5d_Retiro Tienda Ripley Quilpué;Caceres Carrasco;Allen Fernanda;;"Claudio Vicuña 992, Quilpue ";" 3er Piso. Modulo Retiro en Tienda";;;QUILPUE;V REGION;CL;Caceres Carrasco;Allen Fernanda;;Carelmapu  470;;;;QUILPUE;V REGION;CL;24990;0;0;0;24990;0;CLP
000000538209;23834201601-A;18/08/2025 21:12:29;Cerrado;18990;0;18990;3418;0.0000;15572;1;CÁRDIGAN FLOREADO CELESTE NICOPOLY;MPM10001734993-2;N05108KM;18/08/2025 21:12:31;5d_Retiro Tienda Ripley Curicó;"Valenzuela López ";"Amanda ";;"Av.OHiggins 201 ";" 2do Piso. Servicio al Cliente";;;CURICO;VII REGION;CL;Valenzuela;"Evelyn ";;La estrella teno  0000;;;;CURICO;VII REGION;CL;18990;0;0;0;18990;0;CLP
000000538209;23834228501-A;18/08/2025 21:22:37;Reembolsado;43990;8990;52980;7918;0.0000;36072;1;VESTIDO LARGO CUELLO MOCK AZUL NICOPOLY;MPM10002627274-3;N05311PS;18/08/2025 21:22:38;Flujo Crossdock- Ripley PAQ;Morales Vargas;Angelica;;Capitan garcia 250;Pobl LIBERTAD;;;PTO.MONTT;X REGION;CL;Morales Vargas;Angelica;;Capitan garcia 250;;;;PTO.MONTT;X REGION;CL;43990;0;8990;0;52980;0;CLP
000000538209;23834236301-A;18/08/2025 21:25:13;Cerrado;37990;6990;44980;6838;0.0000;31152;1;VESTIDO MUJER NICOPOLY AZUL MARINO CUELLO ALTO;MPM10002128949-3;N05198PM;18/08/2025 21:25:14;Flujo Crossdock- Ripley PAQ;Vilches Espinoza;Eileen;;1 oriente villa primavera block B 1240;410;;;CON-CON;V REGION;CL;Vilches Espinoza;Eileen;;1 oriente villa primavera block B 1240;;;;CON-CON;V REGION;CL;37990;0;6990;0;44980;0;CLP
000000538209;23834236701-A;18/08/2025 21:27:10;Cerrado;30990;990;31980;5578;0.0000;25412;1;PARKA MIDI TIPO QUILT BOLSILLOS GRIS NICOPOLY;MPM10001383857-3;N04212NL;18/08/2025 21:27:11;5d_Retiro Tienda Ripley Valparaíso;Echeverria;"Angélica ";;"Plaza Victoria 1646 ";" 4to Piso. Servicio al Cliente";;;VALPARAISO;V REGION;CL;Dazarola;Gabriela;;Ramiro Rocuant 1;;;;VALPARAISO;V REGION;CL;30990;0;990;0;31980;0;CLP
000000538209;23834360201-A;18/08/2025 22:14:21;Cerrado;34990;990;35980;6298;0.0000;28692;1;ABRIGO HOMBROS CAIDOS GRIS NICOPOLY;MPM10002646331-3;N05174NM;18/08/2025 22:14:22;4d_Retiro Tienda Ripley Arauco Maipu;Arce;"Daniela ";;"Av. Americo Vespucio 399 ";" 2do Piso. Modulo Retiro en Tienda";;;MAIPU;REG.METROPOLITANA;CL;Arce;"Daniela ";;Pasaje pio XII 2301;;;;MAIPU;REG.METROPOLITANA;CL;34990;0;990;0;35980;0;CLP
000000538209;23834371901-A;18/08/2025 22:20:15;Cerrado;5990;990;6980;1078;0.0000;4912;1;BUFANDA GRUESA ROJO NICOPOLY;MPM10002663023-1;N05334DF;18/08/2025 22:20:16;5d_Retiro Tienda Ripley Marina Arauco;Linderman;"Francisco ";;"Avenida Libertad 1348 ";" Piso 4. Modulo Retiro en Tienda";;;VI.A DEL MA;V REGION;CL;Saavedra;Genesis;;3 oriente 640;;;;VI.A DEL MA;V REGION;CL;5990;0;990;0;6980;0;CLP
000000538209;23834435801-A;18/08/2025 22:45:04;Cerrado;35990;745;36735;6478;0.0000;29512;1;CHAQUETA ECOCUERO LAZO NEGRONICOPOLY;MPM10002635859-3;N05152BS;18/08/2025 22:45:06;Flujo Crossdock- Ripley PAQ;"Jorquera ";"Daniela ";;avenida presidente salvador allende  0510;712D;;;RANCAGUA;VI REGION;CL;"Jorquera ";"Daniela ";;avenida presidente salvador allende  0510;;;;RANCAGUA;VI REGION;CL;35990;0;745;0;36735;0;CLP
000000538209;23834435801-A;18/08/2025 22:45:04;Cerrado;49990;745;50735;8998;0.0000;40992;1;BLAZER CUELLO CRUZADO MORADO NICOPOLY;MPM10002842881-1;N05299ZM-7;18/08/2025 22:45:06;Flujo Crossdock- Ripley PAQ;"Jorquera ";"Daniela ";;avenida presidente salvador allende  0510;712D;;;RANCAGUA;VI REGION;CL;"Jorquera ";"Daniela ";;avenida presidente salvador allende  0510;;;;RANCAGUA;VI REGION;CL;49990;0;745;0;50735;0;CLP
000000538209;23834495901-A;18/08/2025 23:09:22;Cerrado;39990;990;40980;7198;0.0000;32792;1;BLAZER UN BOTON NEGRO NICOPOLY;MPM10002635845-1;N05318BS;18/08/2025 23:09:23;5d_Retiro Tienda Ripley Quilpué;"Cuadra ";"Joselyn ";;"Claudio Vicuña 992, Quilpue ";" 3er Piso. Modulo Retiro en Tienda";;;QUILPUE;V REGION;CL;"Cuadra ";"Joselyn ";;Pasaje Tricahue  2729;;;;QUILPUE;V REGION;CL;39990;0;990;0;40980;0;CLP
000000538209;23834640301-A;19/08/2025 00:35:58;Cerrado;13990;0;13990;2518;0.0000;11472;1;SWEATER MUJER NICOPOLY NEGRO DISEÑO TRENZADO;MPM10002160524-1;N04289BM-6;19/08/2025 00:36:00;6d_Retiro Tienda Ripley Nueva Valdivia;Candia;Camila;;"Arauco 561 ";" 3er Piso. Servicio al Cliente";;;VALDIVIA;XIV REGION;CL;Candia;Camila;;Avenida ramon picarte  1530;;;;VALDIVIA;XIV REGION;CL;13990;0;0;0;13990;0;CLP
000000538209;23834730501-A;19/08/2025 06:49:46;Cerrado;23990;990;24980;4318;0.0000;19672;1;SOBRECAMISA ALGODÓN MUJER NICOPOLY GRIS COTELÉ;MPM10002160531-2;N05201IM;19/08/2025 06:49:48;5d_Retiro Tienda Ripley El Trébol;Guiez;Genoveva;;"Avenida Jorge Alessandri 3177 ";" 3er Piso. Modulo Retiro en Tienda";;;TALCAHUANO;VIII REGION;CL;Guiez;Genoveva;;campos deportivos bellavista 550;;;;TALCAHUANO;VIII REGION;CL;23990;0;990;0;24980;0;CLP
000000538209;23834865001-A;19/08/2025 09:48:05;Cerrado;49990;990;50980;8998;0.0000;40992;1;BLAZER CUELLO CRUZADO KHAKI NICOPOLY;MPM10002843162-1;N05299LL-7;19/08/2025 09:48:06;4d_Retiro Tienda Ripley Crillon;Riquelme;Susana;;"Agustinas #1025 ";Piso -1. Modulo Retiro en Tienda;;;SANTIAGO;REG.METROPOLITANA;CL;Riquelme;Susana;;universidad de chile 2867;;;;SANTIAGO;REG.METROPOLITANA;CL;49990;0;990;0;50980;0;CLP
000000538209;23835073401-A;19/08/2025 11:51:44;Cerrado;47990;0;47990;8638;0.0000;39352;1;ABRIGO FORRO TIPO PIEL GRAFITO NICOPOLY;MPM10002661326-2;N05147NM;19/08/2025 11:51:46;4d_Retiro Tienda Ripley Florida Center;Rojas;Cristian;;"Vicuña Mackenna Oriente 6100, La Florida ";3er Piso. Modulo Retiro en Tienda;;;LA FLORIDA;REG.METROPOLITANA;CL;Rojas;Cristian;;Los Robles 8608;;;;LA FLORIDA;REG.METROPOLITANA;CL;47990;0;0;0;47990;0;CLP
000000538209;23835341201-A;19/08/2025 14:18:47;Cerrado;29990;0;29990;5398;0.0000;24592;1;CHAQUETA BOUCLE  GRIS NICOPOLY;MPM10002646300-3;N05183NL;19/08/2025 14:18:48;5d_Retiro Tienda Ripley El Trébol;Mardones;Lizbetty;;"Avenida Jorge Alessandri 3177 ";" 3er Piso. Modulo Retiro en Tienda";;;TALCAHUANO;VIII REGION;CL;Mardones;Lizbetty;;El Michay 4598;;;;TALCAHUANO;VIII REGION;CL;29990;0;0;0;29990;0;CLP
000000538209;23835341201-A;19/08/2025 14:18:47;Cerrado;34990;0;34990;6298;0.0000;28692;1;BOMBER TIPO GAMUZA OLIVA NICOPOLY;MPM10002635837-1;N05184ML;19/08/2025 14:18:48;5d_Retiro Tienda Ripley El Trébol;Mardones;Lizbetty;;"Avenida Jorge Alessandri 3177 ";" 3er Piso. Modulo Retiro en Tienda";;;TALCAHUANO;VIII REGION;CL;Mardones;Lizbetty;;El Michay 4598;;;;TALCAHUANO;VIII REGION;CL;34990;0;0;0;34990;0;CLP
000000538209;23835788401-A;19/08/2025 18:28:54;Cerrado;34990;3990;38980;6298;0.0000;28692;1;ABRIGO HOMBROS CAIDOS MOCA NICOPOLY;MPM10002646295-1;N05174UL;19/08/2025 18:28:55;Flujo Same day BX;Armas;Celia Beatriz;;El Arrayan 8306;Casa;;;CERRILLOS;REG.METROPOLITANA;CL;Armas;Celia Beatriz;;El Arrayan 8306;;;;CERRILLOS;REG.METROPOLITANA;CL;34990;0;3990;0;38980;0;CLP
000000538209;23835897902-A;19/08/2025 19:37:29;Cerrado;39990;4990;44980;7198;0.0000;32792;1;BLAZER UN BOTON ROJO NICOPOLY;MPM10002635855-3;N05318TS;19/08/2025 19:37:30;Flujo Crossdock- Ripley PAQ;Bahamondes;Silvana;;calle párroco  agustin lobos 2550;"Valles de Peñaflor ";;;PE.AFLOR;REG.METROPOLITANA;CL;Bahamondes;Silvana;;calle párroco  agustin lobos 2550;;;;PE.AFLOR;REG.METROPOLITANA;CL;39990;0;4990;0;44980;0;CLP
000000538209;23836170301-A;19/08/2025 21:47:41;Cerrado;48990;4990;53980;8818;0.0000;40172;1;VESTIDO LARGO FIESTA NEGRO NICOPOLY;MPM10002627262-3;N05305BL;19/08/2025 21:47:42;Flujo Crossdock- Ripley PAQ;Zuiga;Francisca;;los apostoles 15535;casa;;;SN.BERNARDO;REG.METROPOLITANA;CL;Zuiga;Francisca;;los apostoles 15535;;;;SN.BERNARDO;REG.METROPOLITANA;CL;48990;0;4990;0;53980;0;CLP
000000538209;23836193402-A;19/08/2025 21:53:08;Reembolsado;29990;9990;39980;5398;0.0000;24592;1;TAPADO BASICO BOLSILLOS ROJO NICOPOLY;MPM10002635866-1;N05219DS;19/08/2025 21:53:09;Flujo Crossdock- Ripley PAQ;Solis;Victor;;Camilo Henríquez 220;S/N;;;PAILLACO;XIV REGION;CL;Solis;Victor;;Camilo Henríquez 220;;;;PAILLACO;XIV REGION;CL;29990;0;9990;0;39980;0;CLP
000000538209;23836279901-A;19/08/2025 22:28:17;Cerrado;47990;1980;49970;8638;0.0000;39352;1;ABRIGO FORRO TIPO PIEL GRAFITO NICOPOLY;MPM10002661326-2;N05147NM;19/08/2025 22:28:18;Flujo Crossdock- Ripley PAQ;Sotomayor;Yohanna;;Empresario Samuel llanten 3724;S/N;;;PE.AFLOR;REG.METROPOLITANA;CL;Sotomayor;Yohanna;;Empresario Samuel llanten 3724;;;;PE.AFLOR;REG.METROPOLITANA;CL;47990;0;1980;0;49970;0;CLP
000000538209;23836317701-A;19/08/2025 22:43:24;Cerrado;63990;0;63990;11518;0.0000;52472;1;FULFILLMENT-ABRIGO 4 BOTONES ROJO NICOPOLY;MPM10002725930-3;N05155DS-FF;19/08/2025 22:43:25;FF_MATRIX;Urrea;Jonathan;;Esmeralda 025;S/N;;;COLINA;REG.METROPOLITANA;CL;Urrea;Jonathan;;Esmeralda 025;;;;COLINA;REG.METROPOLITANA;CL;63990;0;0;0;63990;0;CLP
000000538209;23836646901-A;20/08/2025 08:20:40;Cerrado;63980;1496;65476;11516;0.0000;52464;2;CHAQUETA REVERSIBLE NEGRO NICOPOLY;MPM10002646333-3;N05189BM;20/08/2025 08:20:42;Flujo Same day BX;Solanes;Montserrat;;Cerro La Parva 766;piso 6;;;LAS CONDES;REG.METROPOLITANA;CL;Solanes;Montserrat;;Cerro La Parva 766;;;;LAS CONDES;REG.METROPOLITANA;CL;63980;0;1496;0;65476;0;CLP
000000538209;23836646901-A;20/08/2025 08:20:40;Cerrado;51980;1496;53476;9356;0.0000;42624;2;CHAQUETA PUFFER COTELE  CAMEL NICOPOLY;MPM10002661339-2;N05154LM;20/08/2025 08:20:42;Flujo Same day BX;Solanes;Montserrat;;Cerro La Parva 766;piso 6;;;LAS CONDES;REG.METROPOLITANA;CL;Solanes;Montserrat;;Cerro La Parva 766;;;;LAS CONDES;REG.METROPOLITANA;CL;51980;0;1496;0;53476;0;CLP
000000538209;23836646901-A;20/08/2025 08:20:40;Cerrado;47990;1496;49486;8638;0.0000;39352;1;ABRIGO FORRO TIPO PIEL GRAFITO NICOPOLY;MPM10002661326-2;N05147NM;20/08/2025 08:20:42;Flujo Same day BX;Solanes;Montserrat;;Cerro La Parva 766;piso 6;;;LAS CONDES;REG.METROPOLITANA;CL;Solanes;Montserrat;;Cerro La Parva 766;;;;LAS CONDES;REG.METROPOLITANA;CL;47990;0;1496;0;49486;0;CLP
000000538209;23836646901-A;20/08/2025 08:20:40;Cerrado;45990;1496;47486;8278;0.0000;37712;1;ABRIGO CUADRILLE  NEGRO NICOPOLY;MPM10002646320-3;N05288BM;20/08/2025 08:20:42;Flujo Same day BX;Solanes;Montserrat;;Cerro La Parva 766;piso 6;;;LAS CONDES;REG.METROPOLITANA;CL;Solanes;Montserrat;;Cerro La Parva 766;;;;LAS CONDES;REG.METROPOLITANA;CL;45990;0;1496;0;47486;0;CLP
000000538209;23836700501-A;20/08/2025 09:15:57;Cerrado;28990;990;29980;5218;0.0000;23772;1;GILET BASICO AJUSTABLE NEGRO NICOPOLY;MPM10002842891-3;N04273BM-7;20/08/2025 09:15:58;10d_Retiro Tienda Ripley Iquique;Choque;Araceli;;"Vivar 550 ";" 4to Piso. Servicio al Cliente";;;IQUIQUE;I REGION;CL;Choque;Araceli;;Sargento aldea 2052;;;;IQUIQUE;I REGION;CL;28990;0;990;0;29980;0;CLP
000000538209;23836838401-A;20/08/2025 10:55:17;Cerrado;47990;0;47990;8638;0.0000;39352;1;ABRIGO FORRO TIPO PIEL GRAFITO NICOPOLY;MPM10002661326-2;N05147NM;20/08/2025 10:55:18;Flujo Same day BX;Parra;Carla;;San Diego 161;1209;;;SANTIAGO;REG.METROPOLITANA;CL;Parra;Carla;;San Diego 161;;;;SANTIAGO;REG.METROPOLITANA;CL;47990;0;0;0;47990;0;CLP
000000538209;23836941501-A;20/08/2025 11:54:15;Cerrado;55990;990;56980;10078;0.0000;45912;1;BLAZER 6 BOTONES MARRON NICOPOLY;MPM10002912487-4;N06001OXL;20/08/2025 11:54:16;10d_Retiro Tienda Ripley San Fernando;Cliente;"Cristina ";;"Bernardo Ohiggins 701 ";" 3er Piso. Modulo Retiro en Tienda";;;SAN FERNANDO;VI REGION;CL;Cliente;"Cristina ";;Cabello 531;;;;SAN FERNANDO;VI REGION;CL;55990;0;990;0;56980;0;CLP
000000538209;23836957601-A;20/08/2025 12:06:30;Reembolsado;25990;990;26980;4678;0.0000;21312;1;VESTIDO MUJER NICOPOLY NEGRO STRAPLESS Y ESCOTE V;MPM10001856352-1;N05011BL;20/08/2025 12:06:31;5d_Retiro Tienda Ripley El Trébol;Vasquez;Veronica;;"Avenida Jorge Alessandri 3177 ";" 3er Piso. Modulo Retiro en Tienda";;;TALCAHUANO;VIII REGION;CL;Vasquez;Veronica;;av torreones este 1731;;;;TALCAHUANO;VIII REGION;CL;25990;0;990;0;26980;0;CLP
000000538209;23836982501-A;20/08/2025 12:19:41;Cerrado;41990;6990;48980;7558;0.0000;34432;1;BLAZER LARGO DE TOPE NEGRO NICOPOLY;MPM10002635853-3;N05275BS;20/08/2025 12:19:43;Flujo Crossdock- Ripley PAQ;Espinoza;Karol;;daniel barros grez 481;S/N;;;SANTA CRUZ;VI REGION;CL;Espinoza;Karol;;daniel barros grez 481;;;;SANTA CRUZ;VI REGION;CL;41990;0;6990;0;48980;0;CLP
000000538209;23837170601-A;20/08/2025 14:25:09;Cerrado;48990;2945;51935;8818;0.0000;40172;1;VESTIDO LARGO FIESTA BURDEO NICOPOLY;MPM10002627258-3;N05305TL;20/08/2025 14:25:11;Flujo Crossdock- Ripley PAQ;Cordero Ovando;Mildred Soledas Cordero Ovando;;Jaime Guzmán Errázuriz 04100;1108;;;ANTOFAGASTA;II REGION;CL;Cordero Ovando;Mildred Soledas Cordero Ovando;;Jaime Guzmán Errázuriz 04100;;;;ANTOFAGASTA;II REGION;CL;48990;0;2945;0;51935;0;CLP
000000538209;23837170601-A;20/08/2025 14:25:09;Cerrado;48990;2945;51935;8818;0.0000;40172;1;VESTIDO LARGO FIESTA NEGRO NICOPOLY;MPM10002627262-2;N05305BM;20/08/2025 14:25:11;Flujo Crossdock- Ripley PAQ;Cordero Ovando;Mildred Soledas Cordero Ovando;;Jaime Guzmán Errázuriz 04100;1108;;;ANTOFAGASTA;II REGION;CL;Cordero Ovando;Mildred Soledas Cordero Ovando;;Jaime Guzmán Errázuriz 04100;;;;ANTOFAGASTA;II REGION;CL;48990;0;2945;0;51935;0;CLP
000000538209;23837245701-A;20/08/2025 15:10:08;Cerrado;45990;0;45990;8278;0.0000;37712;1;ABRIGO CUADRILLE  NEGRO NICOPOLY;MPM10002646320-1;N05288BS;20/08/2025 15:10:09;5d_Retiro Tienda Ripley El Trébol;Krumm Bello;Carolina;;"Avenida Jorge Alessandri 3177 ";" 3er Piso. Modulo Retiro en Tienda";;;TALCAHUANO;VIII REGION;CL;Krumm Bello;Carolina;;AV SANTA MARIA 7835;;;;TALCAHUANO;VIII REGION;CL;45990;0;0;0;45990;0;CLP
000000538209;23837267401-A;20/08/2025 15:19:41;Cerrado;25990;4990;30980;4678;0.0000;21312;1;PARKA SIN MANGAS QUILT OLIVA NICOPOLY;MPM10001383870-2;N04191MM;20/08/2025 15:19:42;Flujo Crossdock- Ripley PAQ;Carcamo;Diva;;Av pacifico  751;1009, edificio Marina;;;LA SERENA;IV REGION;CL;Carcamo;Diva;;Av pacifico  751;;;;LA SERENA;IV REGION;CL;25990;0;4990;0;30980;0;CLP
000000538209;23837386903-A;20/08/2025 16:24:37;Cerrado;31490;0;31490;5668;0.0000;25822;1;CHAQUETA CORTA TIPO GAMUZA BLANCO INVIERNO INVIERNO NICOPOLY;MPM10002635829-2;N05173AM;20/08/2025 16:24:38;Flujo Same day BX;Faras Meyer;Joaquin Lorenzo;;Dr Johow 370;14;;;NUNOA;REG.METROPOLITANA;CL;Faras Meyer;Joaquin Lorenzo;;Dr Johow 370;;;;NUNOA;REG.METROPOLITANA;CL;31490;0;0;0;31490;0;CLP
000000538209;23837470901-A;20/08/2025 17:11:00;Cerrado;13990;0;13990;2518;0.0000;11472;1;CÁRDIGAN BOTONES ACANALADO GRIS NICOPOLY;MPM10001491735-1;N04180NS;20/08/2025 17:11:02;5d_Retiro Tienda Ripley Los Andes;Lopez;Karen;;"Santa Teresita 683 ";2do Piso. Servicio al Cliente;;;LOS ANDES;V REGION;CL;Lopez;Karen;;Avenida las Parras 1008 1008;;;;LOS ANDES;V REGION;CL;13990;0;0;0;13990;0;CLP
000000538209;23837470901-A;20/08/2025 17:11:00;Reembolsado;29990;0;29990;5398;0.0000;24592;1;BLUSA RAYAS LAZO DESMONTABLE BLANCO NICOPOLY;MPM10002842874-3;N05291AS-7;20/08/2025 17:11:02;5d_Retiro Tienda Ripley Los Andes;Lopez;Karen;;"Santa Teresita 683 ";2do Piso. Servicio al Cliente;;;LOS ANDES;V REGION;CL;Lopez;Karen;;Avenida las Parras 1008 1008;;;;LOS ANDES;V REGION;CL;29990;0;0;0;29990;0;CLP
000000538209;23837502401-A;20/08/2025 17:31:38;Cerrado;19990;990;20980;3598;0.0000;16392;1;CALZA MUJER NICOPOLY SKINNY VICHY CON CIERRE BLANCO NEGRO;MPM10002122148-3;N03033AM-6;20/08/2025 17:31:41;4d_Retiro Tienda Ripley Tobalaba;Nunez;Maria Jose;;"Av. Camilo Henríquez 3296, Puente Alto ";2do Piso. Modulo Retiro en Tienda;;;PUENTE ALTO;REG.METROPOLITANA;CL;Nunez;Maria Jose;;Avenida san carlos 1850;;;;PUENTE ALTO;REG.METROPOLITANA;CL;19990;0;990;0;20980;0;CLP
000000538209;23837574001-A;20/08/2025 18:19:44;Cerrado;9990;330;10320;1798;0.0000;8192;1;BODY TEXTURIZADO ACANALADO CELESTE NICOPOLY;MPM10001713155-1;N05003KS;20/08/2025 18:19:46;4d_Retiro Tienda Ripley Plaza Vespucio;Gonzalez;Betsabe;;"Av. Vicuña Mackenna Ote. 7110, La Florida ";3er Piso. Modulo Retiro en Tienda;;;LA FLORIDA;REG.METROPOLITANA;CL;Gonzalez;Betsabe;;aristoteles 1275;;;;LA FLORIDA;REG.METROPOLITANA;CL;9990;0;330;0;10320;0;CLP
000000538209;23837574001-A;20/08/2025 18:19:44;Cerrado;9990;330;10320;1798;0.0000;8192;1;BODY TEXTURIZADO ACANALADO GRIS NICOPOLY;MPM10001713170-2;N05003IS;20/08/2025 18:19:46;4d_Retiro Tienda Ripley Plaza Vespucio;Gonzalez;Betsabe;;"Av. Vicuña Mackenna Ote. 7110, La Florida ";3er Piso. Modulo Retiro en Tienda;;;LA FLORIDA;REG.METROPOLITANA;CL;Gonzalez;Betsabe;;aristoteles 1275;;;;LA FLORIDA;REG.METROPOLITANA;CL;9990;0;330;0;10320;0;CLP
000000538209;23837574001-A;20/08/2025 18:19:44;Cerrado;9990;330;10320;1798;0.0000;8192;1;BODY ACANALADO MANGA CORTA AMARILLO NICOPOLY;MPM00084129952-5;N03129FS;20/08/2025 18:19:46;4d_Retiro Tienda Ripley Plaza Vespucio;Gonzalez;Betsabe;;"Av. Vicuña Mackenna Ote. 7110, La Florida ";3er Piso. Modulo Retiro en Tienda;;;LA FLORIDA;REG.METROPOLITANA;CL;Gonzalez;Betsabe;;aristoteles 1275;;;;LA FLORIDA;REG.METROPOLITANA;CL;9990;0;330;0;10320;0;CLP
000000538209;23837934501-A;20/08/2025 21:54:50;Cerrado;5990;990;6980;1078;0.0000;4912;1;BUFANDA CUADRILLE  GRANDE MOCA NICOPOLY;MPM10002662998-1;N05335LF;20/08/2025 21:54:51;4d_Retiro Tienda Ripley Florida Center;Diaz;Mara Jess;;"Vicuña Mackenna Oriente 6100, La Florida ";3er Piso. Modulo Retiro en Tienda;;;LA FLORIDA;REG.METROPOLITANA;CL;Diaz;Mara Jess;;Avenida Macul 3198 depto 619;;;;LA FLORIDA;REG.METROPOLITANA;CL;5990;0;990;0;6980;0;CLP
000000538209;23837994601-A;20/08/2025 22:22:44;Cerrado;35990;990;36980;6478;0.0000;29512;1;CHAQUETA ECOCUERO LAZO NEGRONICOPOLY;MPM10002635859-1;N05152BM;20/08/2025 22:22:45;4d_Retiro Tienda Ripley Arauco Maipu;Crisostomo;Rodrigo;;"Av. Americo Vespucio 399 ";" 2do Piso. Modulo Retiro en Tienda";;;MAIPU;REG.METROPOLITANA;CL;Crisostomo;Rodrigo;;San José #2578;;;;MAIPU;REG.METROPOLITANA;CL;35990;0;990;0;36980;0;CLP
000000538209;23838013901-A;20/08/2025 22:29:07;Cerrado;35990;990;36980;6478;0.0000;29512;1;CHAQUETA ECOCUERO LAZO NEGRONICOPOLY;MPM10002635859-3;N05152BS;20/08/2025 22:29:08;5d_Retiro Tienda Ripley Quilpué;Paredes;Ignacia;;"Claudio Vicuña 992, Quilpue ";" 3er Piso. Modulo Retiro en Tienda";;;QUILPUE;V REGION;CL;Paredes;Ignacia;;Andres bello 320;;;;QUILPUE;V REGION;CL;35990;0;990;0;36980;0;CLP
000000538209;23838094001-A;20/08/2025 23:10:16;Cerrado;29990;990;30980;5398;0.0000;24592;1;CHAQUETA BOUCLE  NEGRO NICOPOLY;MPM10002646312-2;N05183BL;20/08/2025 23:10:18;4d_Retiro Tienda Ripley Plaza Egaña;Paez;Ilonka Cecilia;;"Larrain 5800 ";" 3er Piso. Modulo Retiro en Tienda";;;NUNOA;REG.METROPOLITANA;CL;Paez;Ilonka Cecilia;;Mariano Sanchez Fontecilla  8410;;;;NUNOA;REG.METROPOLITANA;CL;29990;0;990;0;30980;0;CLP
000000538209;23838100701-A;20/08/2025 23:13:42;Cerrado;18990;990;19980;3418;0.0000;15572;1;VESTIDO MUJER NICOPOLY NEGRO TUBO CON STRASS;MPM10001849460-3;N05119BM;20/08/2025 23:13:44;10d_Retiro Tienda Ripley La Serena;Espinoza Cuevas;Francisca;;"Gregorio Cordovez 499 ";" 3er Piso. Modulo Retiro en Tienda";;;LA SERENA;IV REGION;CL;Cuevas Castillo;Yanett;;Rio claro villa potrerillos 167;;;;LA SERENA;IV REGION;CL;18990;0;990;0;19980;0;CLP
000000538209;23838347301-A;21/08/2025 06:13:47;Cerrado;39990;990;40980;7198;0.0000;32792;1;TRENCH LAZO HEBILLA NEGRO NICOPOLY;MPM10002635819-1;N05182BL;21/08/2025 06:13:51;4d_Retiro Tienda Ripley Tobalaba;Ulloa;Katty;;"Av. Camilo Henríquez 3296, Puente Alto ";2do Piso. Modulo Retiro en Tienda;;;PUENTE ALTO;REG.METROPOLITANA;CL;Ulloa;Katty;;lazio sur 278;;;;PUENTE ALTO;REG.METROPOLITANA;CL;39990;0;990;0;40980;0;CLP
000000538209;23838382401-A;21/08/2025 08:20:28;Cerrado;43990;5990;49980;7918;0.0000;36072;1;VESTIDO LARGO CUELLO MOCK AZUL NICOPOLY;MPM10002627274-2;N05311PL;21/08/2025 08:20:31;Flujo Crossdock- Ripley PAQ;Moraga;Luis;;Bahía Mansa 23;Casa;;;MACHALI;VI REGION;CL;Moraga;Luis;;Bahía Mansa 23;;;;MACHALI;VI REGION;CL;43990;0;5990;0;49980;0;CLP
000000538209;23838400502-A;21/08/2025 08:45:21;Reembolsado;34990;0;34990;6298;0.0000;28692;1;BOMBER TIPO GAMUZA OLIVA NICOPOLY;MPM10002635837-1;N05184ML;21/08/2025 08:45:23;Flujo Same day BX;Adasme;Carolina;;García Reyes  66;Dpto 714;;;SANTIAGO;REG.METROPOLITANA;CL;Adasme;Carolina;;García Reyes  66;;;;SANTIAGO;REG.METROPOLITANA;CL;34990;0;0;0;34990;0;CLP
000000538209;23838514601-A;21/08/2025 10:30:17;Cerrado;43990;0;43990;7918;0.0000;36072;1;VESTIDO LARGO CUELLO MOCK AZUL NICOPOLY;MPM10002627274-1;N05311PM;21/08/2025 10:30:18;Flujo Same day BX;Fischman;Tamara;;Avenida presidente kennedy 5230;142;;;VITACURA;REG.METROPOLITANA;CL;Fischman;Tamara;;Avenida presidente kennedy 5230;;;;VITACURA;REG.METROPOLITANA;CL;43990;0;0;0;43990;0;CLP
000000538209;23838887401-A;21/08/2025 14:45:07;Reembolsado;31990;3990;35980;5758;0.0000;26232;1;VESTIDO MUJER NICOPOLY ROJO PLISADO ASIMÉTRICO;MPM10001849452-2;N05100DM;21/08/2025 14:45:10;Flujo Same day BX;Dinamarca;Javiera;;Brisas del maipo 0916;S/N;;;LA CISTERNA;REG.METROPOLITANA;CL;Dinamarca;Javiera;;Brisas del maipo 0916;;;;LA CISTERNA;REG.METROPOLITANA;CL;31990;0;3990;0;35980;0;CLP
000000538209;23838942501-A;21/08/2025 15:15:49;Cerrado;5990;495;6485;1078;0.0000;4912;1;BUFANDA GRUESA FUCSIA NICOPOLY;MPM10002663000-1;N05334SF;21/08/2025 15:15:51;10d_Retiro Tienda Ripley Portal Temuco;Neicun;Robinson;;"Avenida Alemania 0671 ";3er Piso, Modulo Retiro en Tienda;;;TEMUCO;IX REGION;CL;Neicun;Robinson;;Malvoa 906;;;;TEMUCO;IX REGION;CL;5990;0;495;0;6485;0;CLP
000000538209;23838942501-A;21/08/2025 15:15:49;Cerrado;5990;495;6485;1078;0.0000;4912;1;BUFANDA GRUESA GRAFITO NICOPOLY;MPM10002663026-1;N05334NF;21/08/2025 15:15:51;10d_Retiro Tienda Ripley Portal Temuco;Neicun;Robinson;;"Avenida Alemania 0671 ";3er Piso, Modulo Retiro en Tienda;;;TEMUCO;IX REGION;CL;Neicun;Robinson;;Malvoa 906;;;;TEMUCO;IX REGION;CL;5990;0;495;0;6485;0;CLP
000000538209;23838971101-A;21/08/2025 15:33:37;Cerrado;23990;7990;31980;4318;0.0000;19672;1;CALZA SKINNY TIPO ENCERADA NEGRO NICOPOLY;MPM10002635868-3;N05316BS;21/08/2025 15:33:39;Flujo Crossdock- Ripley PAQ;"Rodrguez Mora ";"Carmen ";;Saavedra  336;"Casa ";;;LEBU;VIII REGION;CL;"Rodrguez Mora ";"Carmen ";;Saavedra  336;;;;LEBU;VIII REGION;CL;23990;0;7990;0;31980;0;CLP
000000538209;23839063202-A;21/08/2025 16:26:36;Cerrado;29990;1397;31387;5398;0.0000;24592;1;GILET LARGO CON BOTONES NEGRO;MPM10002910447-3;N06135BL;21/08/2025 16:26:38;Flujo Crossdock- Ripley PAQ;Araya;Monica;;marcial martinez cuadros 755;casa;;;LA SERENA;IV REGION;CL;Araya;Monica;;marcial martinez cuadros 755;;;;LA SERENA;IV REGION;CL;29990;0;1397;0;31387;0;CLP
000000538209;23839063202-A;21/08/2025 16:26:36;Cerrado;44990;1397;46387;8098;0.0000;36892;1;BLAZER BASICO DE TOPE ROJO NICOPOLY;MPM10002843023-3;N05301DL-7;21/08/2025 16:26:38;Flujo Crossdock- Ripley PAQ;Araya;Monica;;marcial martinez cuadros 755;casa;;;LA SERENA;IV REGION;CL;Araya;Monica;;marcial martinez cuadros 755;;;;LA SERENA;IV REGION;CL;44990;0;1397;0;46387;0;CLP
000000538209;23839063202-A;21/08/2025 16:26:36;Cerrado;25990;1397;27387;4678;0.0000;21312;1;GILET LEOPARD CAFE  NICOPOLY;MPM10002842888-2;N05304LL-7;21/08/2025 16:26:38;Flujo Crossdock- Ripley PAQ;Araya;Monica;;marcial martinez cuadros 755;casa;;;LA SERENA;IV REGION;CL;Araya;Monica;;marcial martinez cuadros 755;;;;LA SERENA;IV REGION;CL;25990;0;1397;0;27387;0;CLP
000000538209;23839063202-A;21/08/2025 16:26:36;Cerrado;25990;1397;27387;4678;0.0000;21312;1;GILET 4 BOTONES ROJO NICOPOLY;MPM10002842871-2;N05262DL-7;21/08/2025 16:26:38;Flujo Crossdock- Ripley PAQ;Araya;Monica;;marcial martinez cuadros 755;casa;;;LA SERENA;IV REGION;CL;Araya;Monica;;marcial martinez cuadros 755;;;;LA SERENA;IV REGION;CL;25990;0;1397;0;27387;0;CLP
000000538209;23839063202-A;21/08/2025 16:26:36;Cerrado;44990;1397;46387;8098;0.0000;36892;1;BLAZER BASICO DE TOPE BLANCO NICOPOLY;MPM10002925196-2;N05301AL;21/08/2025 16:26:38;Flujo Crossdock- Ripley PAQ;Araya;Monica;;marcial martinez cuadros 755;casa;;;LA SERENA;IV REGION;CL;Araya;Monica;;marcial martinez cuadros 755;;;;LA SERENA;IV REGION;CL;44990;0;1397;0;46387;0;CLP
000000538209;23839121101-A;21/08/2025 16:59:12;Cerrado;33990;990;34980;6118;0.0000;27872;1;VESTIDO CUELLO MOCK NEGRONICOPOLY;MPM10002627271-1;N05292BL;21/08/2025 16:59:13;4d_Retiro Tienda Ripley Plaza Egaña;Espinosa;Fernanda;;"Larrain 5800 ";" 3er Piso. Modulo Retiro en Tienda";;;NUNOA;REG.METROPOLITANA;CL;Espinosa;Fernanda;;francisco contreras 6618;;;;NUNOA;REG.METROPOLITANA;CL;33990;0;990;0;34980;0;CLP
000000538209;23839234601-A;21/08/2025 18:10:05;Cerrado;55990;0;55990;10078;0.0000;45912;1;BLAZER 6 BOTONES MARRON NICOPOLY;MPM10002912487-1;N06001OS;21/08/2025 18:10:06;Flujo Crossdock- Ripley PAQ;Nova;Priscila;;Santa amelia 557;S/N;;;CORONEL;VIII REGION;CL;Nova;Priscila;;Santa amelia 557;;;;CORONEL;VIII REGION;CL;55990;0;0;0;55990;0;CLP
000000538209;23839400701-A;21/08/2025 19:53:19;Reembolsado;49990;0;49990;8998;0.0000;40992;1;BLAZER CUELLO CRUZADO KHAKI NICOPOLY;MPM10002843162-3;N05299LXL-7;21/08/2025 19:53:20;4d_Retiro Tienda Ripley Plaza Oeste;Gonzlez;Johanna;;"Américo Vespucio 1501 ";" 3er Piso. Modulo Retiro en Tienda";;;CERRILLOS;REG.METROPOLITANA;CL;Gonzlez;Johanna;;Canal esteban 18343;;;;CERRILLOS;REG.METROPOLITANA;CL;49990;0;0;0;49990;0;CLP
000000538209;23839624901-A;21/08/2025 21:47:11;Cerrado;45990;3990;49980;8278;0.0000;37712;1;ABRIGO CUADRILLE  NEGRO NICOPOLY;MPM10002646320-1;N05288BS;21/08/2025 21:47:13;Flujo Same day BX;Manquian;Rodrigo;;Los Tuliperos Poniente 658;S/N;;;PUDAHUEL;REG.METROPOLITANA;CL;Manquian;Rodrigo;;Los Tuliperos Poniente 658;;;;PUDAHUEL;REG.METROPOLITANA;CL;45990;0;3990;0;49980;0;CLP
000000538209;23839665301-A;21/08/2025 22:04:27;Cerrado;47990;0;47990;8638;0.0000;39352;1;ABRIGO BASICO 2 BOTONES NEGRO NICOPOLY;MPM10002646293-4;N05255BM;21/08/2025 22:04:29;Flujo Same day BX;Pirela;Beranyelis;;Avenida Salesianos 1190;602;;;SAN MIGUEL;REG.METROPOLITANA;CL;Pirela;Beranyelis;;Avenida Salesianos 1190;;;;SAN MIGUEL;REG.METROPOLITANA;CL;47990;0;0;0;47990;0;CLP
000000538209;23839797201-A;21/08/2025 23:11:07;Cerrado;21990;990;22980;3958;0.0000;18032;1;PARKA CORTA QUILT CON GORRO AZUL MARINO NICOPOLY;MPM10001383892-4;N04221NM;21/08/2025 23:11:09;8d_Retiro Tienda Ripley Puerto Montt;Arcos;Evelyn;;"Urmeneta 595, Puerto Montt ";4to Piso. Servicio al Cliente;;;PTO.MONTT;X REGION;CL;Arcos;Evelyn;;Las acacias. Ex condominio Endesa  4;;;;PTO.MONTT;X REGION;CL;21990;0;990;0;22980;0;CLP
000000538209;23839852401-A;21/08/2025 23:42:58;Cerrado;35990;0;35990;6478;0.0000;29512;1;BLAZER COTELE  CAFE  NICOPOLY;MPM10002661346-2;N05302UM;21/08/2025 23:43:00;8d_Retiro Tienda Ripley Copiapo;Malla;Sandra;;"Calle Maipu S/N, Copiapo ";" 2do Piso. Servicio al Cliente";;;COPIAPO;III REGION;CL;Malla;Sandra;;Fundo san marquesado norte  306;;;;COPIAPO;III REGION;CL;35990;0;0;0;35990;0;CLP
000000538209;23839897402-A;22/08/2025 00:25:09;Cerrado;37990;3990;41980;6838;0.0000;31152;1;CHAQUETA BIKER ECOCUERO CORTA GRIS NICOPOLY;MPM10001383963-2;N04201NS;22/08/2025 00:25:10;Flujo Same day BX;TEJOS;INGRID;;NUEVA CUATRO 4897;S/N;;;CONCHALI;REG.METROPOLITANA;CL;TEJOS;INGRID;;NUEVA CUATRO 4897;;;;CONCHALI;REG.METROPOLITANA;CL;37990;0;3990;0;41980;0;CLP
000000538209;23840040601-A;22/08/2025 08:50:39;Cerrado;37990;3990;41980;6838;0.0000;31152;1;BOMBER ECOCUERO NEGRO NICOPOLY;MPM10002635840-3;N05153BL;22/08/2025 08:50:41;Flujo Same day BX;Vergara;Fabiola;;San Nicolas 1425 1425;909;;;SAN MIGUEL;REG.METROPOLITANA;CL;Vergara;Fabiola;;San Nicolas 1425 1425;;;;SAN MIGUEL;REG.METROPOLITANA;CL;37990;0;3990;0;41980;0;CLP
000000538209;23840414501-A;22/08/2025 12:57:18;Cerrado;29990;990;30980;5398;0.0000;24592;1;CHAQUETA BOUCLE  MOCA NICOPOLY;MPM10002646315-1;N05183US;22/08/2025 12:57:19;4d_Retiro Tienda Ripley Crillon;Gonzalez;Fernanda;;"Agustinas #1025 ";Piso -1. Modulo Retiro en Tienda;;;SANTIAGO;REG.METROPOLITANA;CL;Gonzalez;Fernanda;;juan solar parra  755;;;;SANTIAGO;REG.METROPOLITANA;CL;29990;0;990;0;30980;0;CLP
000000538209;23840570701-A;22/08/2025 14:45:55;Cerrado;35990;3990;39980;6478;0.0000;29512;1;ABRIGO OVERSIZE PIED DE POULE BLANCO NICOPOLY;MPM10001383896-1;N04219AL;22/08/2025 14:45:56;Flujo Same day BX;"Thibaut ";"Michelle ";;Escandinavia 298;604;;;LAS CONDES;REG.METROPOLITANA;CL;"Thibaut ";"Michelle ";;Escandinavia 298;;;;LAS CONDES;REG.METROPOLITANA;CL;35990;0;3990;0;39980;0;CLP
000000538209;23840657801-A;22/08/2025 15:43:02;Cerrado;5990;3990;9980;1078;0.0000;4912;1;BUFANDA GRUESA FUCSIA NICOPOLY;MPM10002663000-1;N05334SF;22/08/2025 15:43:04;Flujo Same day BX;Dalencon;Alejandra;;Valle Central 11536;Casa;;;EL BOSQUE;REG.METROPOLITANA;CL;Dalencon;Alejandra;;Valle Central 11536;;;;EL BOSQUE;REG.METROPOLITANA;CL;5990;0;3990;0;9980;0;CLP
000000538209;23840865201-A;22/08/2025 17:58:12;Cerrado;29990;990;30980;5398;0.0000;24592;1;GILET LARGO CON BOTONES NEGRO;MPM10002910447-1;N06135BS;22/08/2025 17:58:14;10d_Retiro Tienda Ripley Portal Temuco;Aguayo;"Jacqueline ";;"Avenida Alemania 0671 ";3er Piso, Modulo Retiro en Tienda;;;TEMUCO;IX REGION;CL;Garrido  Flores;Valeria Fernanda;;Luis Durand  05150;;;;TEMUCO;IX REGION;CL;29990;0;990;0;30980;0;CLP
000000538209;23841210701-A;22/08/2025 21:28:05;Cerrado;24990;990;25980;4498;0.0000;20492;1;BLUSA CON LAZO DESMONTABLE ROJO NICOPOLY;MPM10001752438-1;N04270DM-5;22/08/2025 21:28:07;4d_Retiro Tienda Ripley San Bernardo;Orias Chavarria;Alejandra Deyanira;;"Av. Pdte. Jorge Alessandri Rodríguez 20040, San Bernardo ";2do Piso. Modulo Retiro en Tienda;;;SN.BERNARDO;REG.METROPOLITANA;CL;Orias Chavarria;Alejandra Deyanira;;Baquedano 1910;;;;SN.BERNARDO;REG.METROPOLITANA;CL;24990;0;990;0;25980;0;CLP
000000538209;23841633501-A;23/08/2025 10:20:23;Cerrado;19990;6990;26980;3598;0.0000;16392;1;CHAQUETA QUILT TIPO CAMISERA OLIVA NICOPOLY;MPM10001383865-4;N04190MM;23/08/2025 10:20:24;Flujo Crossdock- Ripley PAQ;Ziga;Luisa;;SOLEDAD 172;"Dpto ";;;SAN ANTONIO;V REGION;CL;Ziga;Luisa;;SOLEDAD 172;;;;SAN ANTONIO;V REGION;CL;19990;0;6990;0;26980;0;CLP
000000538209;23841739701-A;23/08/2025 11:52:30;Cerrado;23990;1596;25586;4318;0.0000;19672;1;SWEATER ACANALADO CUELLO BOTE LILA NICOPOLY;MPM10002842902-3;N05212ZL-7;23/08/2025 11:52:32;Flujo Same day BX;Muoz;Karen;;Camino del Retiro 6926;Casa;;;LA FLORIDA;REG.METROPOLITANA;CL;Muoz;Karen;;Camino del Retiro 6926;;;;LA FLORIDA;REG.METROPOLITANA;CL;23990;0;1596;0;25586;0;CLP
000000538209;23841739701-A;23/08/2025 11:52:31;Cerrado;23990;1596;25586;4318;0.0000;19672;1;SWEATER MUJER NICOPOLY CELESTE DISEÑO ROMBOS;MPM10002160470-1;N05213KM;23/08/2025 11:52:32;Flujo Same day BX;Muoz;Karen;;Camino del Retiro 6926;Casa;;;LA FLORIDA;REG.METROPOLITANA;CL;Muoz;Karen;;Camino del Retiro 6926;;;;LA FLORIDA;REG.METROPOLITANA;CL;23990;0;1596;0;25586;0;CLP
000000538209;23841739701-A;23/08/2025 11:52:31;Cerrado;19990;1596;21586;3598;0.0000;16392;1;SWEATER CANALE  CUELLO TORTUGA NEGRO NICOPOLY;MPM10002661614-2;N03150BM-6;23/08/2025 11:52:32;Flujo Same day BX;Muoz;Karen;;Camino del Retiro 6926;Casa;;;LA FLORIDA;REG.METROPOLITANA;CL;Muoz;Karen;;Camino del Retiro 6926;;;;LA FLORIDA;REG.METROPOLITANA;CL;19990;0;1596;0;21586;0;CLP
000000538209;23841921702-A;23/08/2025 13:57:50;Cerrado;9990;495;10485;1798;0.0000;8192;1;BODY TEXTURIZADO ACANALADO GRIS NICOPOLY;MPM10001713170-1;N05003IM;23/08/2025 13:57:51;4d_Retiro Tienda Ripley Plaza Egaña;Araya;Maria;;"Larrain 5800 ";" 3er Piso. Modulo Retiro en Tienda";;;NUNOA;REG.METROPOLITANA;CL;Araya;Maria;;General Jofre 202;;;;NUNOA;REG.METROPOLITANA;CL;9990;0;495;0;10485;0;CLP
000000538209;23841921702-A;23/08/2025 13:57:50;Cerrado;13990;495;14485;2518;0.0000;11472;1;SWEATER MUJER NICOPOLY NEGRO DISEÑO TRENZADO;MPM10002160524-1;N04289BM-6;23/08/2025 13:57:51;4d_Retiro Tienda Ripley Plaza Egaña;Araya;Maria;;"Larrain 5800 ";" 3er Piso. Modulo Retiro en Tienda";;;NUNOA;REG.METROPOLITANA;CL;Araya;Maria;;General Jofre 202;;;;NUNOA;REG.METROPOLITANA;CL;13990;0;495;0;14485;0;CLP
000000538209;23841936501-A;23/08/2025 14:09:01;Cerrado;23990;190;24180;4318;0.0000;19672;1;SWEATER MUJER NICOPOLY CELESTE DISEÑO ROMBOS;MPM10002160470-1;N05213KM;23/08/2025 14:09:03;Flujo Same day BX;Ampuero Lopez;Jose Alberto;;Av Altos del Valle 1335;9;;;HUECHURABA;REG.METROPOLITANA;CL;Ampuero Lopez;Jose Alberto;;Av Altos del Valle 1335;;;;HUECHURABA;REG.METROPOLITANA;CL;23990;0;190;0;24180;0;CLP
000000538209;23841936501-A;23/08/2025 14:09:01;Cerrado;22990;190;23180;4138;0.0000;18852;1;SWEATER CUELLO BEATLE STRASS OXIDO NICOPOLY;MPM10002661316-2;N04231RM-6;23/08/2025 14:09:03;Flujo Same day BX;Ampuero Lopez;Jose Alberto;;Av Altos del Valle 1335;9;;;HUECHURABA;REG.METROPOLITANA;CL;Ampuero Lopez;Jose Alberto;;Av Altos del Valle 1335;;;;HUECHURABA;REG.METROPOLITANA;CL;22990;0;190;0;23180;0;CLP
000000538209;23841981001-A;23/08/2025 14:41:55;Cerrado;19990;9990;29980;3598;0.0000;16392;1;CHAQUETA QUILT TIPO CAMISERA MARRON NICOPOLY;MPM10001384249-4;N04190UXL;23/08/2025 14:41:56;Flujo Crossdock- Ripley PAQ;Nahuelpan;Cristina;;Maria Elena, Mirasur, Rahue Alto 1883;S/N;;;OSORNO;X REGION;CL;Nahuelpan;Cristina;;Maria Elena, Mirasur, Rahue Alto 1883;;;;OSORNO;X REGION;CL;19990;0;9990;0;29980;0;CLP
000000538209;23842303301-A;23/08/2025 18:11:14;Cerrado;49990;0;49990;8998;0.0000;40992;1;BLAZER CUELLO CRUZADO MORADO NICOPOLY;MPM10002842881-2;N05299ZXL-7;23/08/2025 18:11:15;Flujo Same day BX;Portino;Sergio;;Los Griegos  7133;"Casa ";;;CERRILLOS;REG.METROPOLITANA;CL;Portino;Sergio;;Los Griegos  7133;;;;CERRILLOS;REG.METROPOLITANA;CL;49990;0;0;0;49990;0;CLP
000000538209;23842348901-A;23/08/2025 18:42:40;Cerrado;31990;3990;35980;5758;0.0000;26232;1;CÁRDIGAN MUJER NICOPOLY NEGRO CROP PERLAS;MPM10002160513-3;N05227BM;23/08/2025 18:42:41;Flujo Same day BX;Gonzalez;Camila;;General freire 80;210A;;;LA CISTERNA;REG.METROPOLITANA;CL;Gonzalez;Camila;;General freire 80;;;;LA CISTERNA;REG.METROPOLITANA;CL;31990;0;3990;0;35980;0;CLP
000000538209;23842387901-A;23/08/2025 19:08:52;Reembolsado;49990;0;49990;8998;0.0000;40992;1;BLAZER CUELLO CRUZADO MORADO NICOPOLY;MPM10002842881-3;N05299ZL-7;23/08/2025 19:08:53;Flujo Same day BX;Torres Saavedra;"Lili ";;Los Espinos 2978;1403;;;MACUL;REG.METROPOLITANA;CL;Torres Saavedra;"Lili ";;Los Espinos 2978;;;;MACUL;REG.METROPOLITANA;CL;49990;0;0;0;49990;0;CLP
000000538209;23842449901-A;23/08/2025 19:39:12;Reembolsado;37990;495;38485;6838;0.0000;31152;1;CHAQUETA BIKER ECOCUERO CORTA NEGRO NICOPOLY;MPM10001383962-1;N04201BXL;23/08/2025 19:39:13;4d_Retiro Tienda Ripley Arauco Maipu;Padilla;Francisco Javier;;"Av. Americo Vespucio 399 ";" 2do Piso. Modulo Retiro en Tienda";;;MAIPU;REG.METROPOLITANA;CL;Padilla;Francisco Javier;;Guajiros 1815;;;;MAIPU;REG.METROPOLITANA;CL;37990;0;495;0;38485;0;CLP
000000538209;23842449901-A;23/08/2025 19:39:12;Reembolsado;39990;495;40485;7198;0.0000;32792;1;CHAQUETA MAO ECOCUERO CAFE NICOPOLY;MPM10001385117-2;N02106UXL-4;23/08/2025 19:39:13;4d_Retiro Tienda Ripley Arauco Maipu;Padilla;Francisco Javier;;"Av. Americo Vespucio 399 ";" 2do Piso. Modulo Retiro en Tienda";;;MAIPU;REG.METROPOLITANA;CL;Padilla;Francisco Javier;;Guajiros 1815;;;;MAIPU;REG.METROPOLITANA;CL;39990;0;495;0;40485;0;CLP
000000538209;23842697801-A;23/08/2025 22:00:24;Cerrado;14990;330;15320;2698;0.0000;12292;1;BODY HALTER TIPO SATIN BURDEO NICOPOLY;MPM10001878232-1;N05047TM;23/08/2025 22:00:25;5d_Retiro Tienda Ripley Rancagua;Muoz;"Fernanda ";;"José Domingo Mujica 490 ";" 3er Piso. Modulo Retiro en Tienda";;;RANCAGUA;VI REGION;CL;Muoz;"Fernanda ";;Puntilla de Panquehue 698;;;;RANCAGUA;VI REGION;CL;14990;0;330;0;15320;0;CLP
000000538209;23842697801-A;23/08/2025 22:00:24;Cerrado;14990;330;15320;2698;0.0000;12292;1;BODY HALTER TIPO SATIN VERDE OSCURO NICOPOLY;MPM10001878226-2;N05047EM;23/08/2025 22:00:25;5d_Retiro Tienda Ripley Rancagua;Muoz;"Fernanda ";;"José Domingo Mujica 490 ";" 3er Piso. Modulo Retiro en Tienda";;;RANCAGUA;VI REGION;CL;Muoz;"Fernanda ";;Puntilla de Panquehue 698;;;;RANCAGUA;VI REGION;CL;14990;0;330;0;15320;0;CLP
000000538209;23842697801-A;23/08/2025 22:00:24;Cerrado;14990;330;15320;2698;0.0000;12292;1;BODY HALTER TIPO SATIN NEGRO NICOPOLY;MPM10001878231-1;N05047BS;23/08/2025 22:00:25;5d_Retiro Tienda Ripley Rancagua;Muoz;"Fernanda ";;"José Domingo Mujica 490 ";" 3er Piso. Modulo Retiro en Tienda";;;RANCAGUA;VI REGION;CL;Muoz;"Fernanda ";;Puntilla de Panquehue 698;;;;RANCAGUA;VI REGION;CL;14990;0;330;0;15320;0;CLP
000000538209;23842716901-A;23/08/2025 22:10:49;Cerrado;19990;990;20980;3598;0.0000;16392;1;CHAQUETA QUILT TIPO CAMISERA OLIVA NICOPOLY;MPM10001383865-3;N04190MXL;23/08/2025 22:10:51;5d_Retiro Tienda Ripley Viña del Mar Sucre;Mora;Patricia;;"Sucre 290, Viña ";5to Piso. Modulo Retiro en Tienda;;;VI.A DEL MA;V REGION;CL;Mora;Patricia;;Luis Thayer ojeda 1840 1840;;;;VI.A DEL MA;V REGION;CL;19990;0;990;0;20980;0;CLP
000000538209;23842809701-A;23/08/2025 23:09:17;Cerrado;39990;0;39990;7198;0.0000;32792;1;TRENCH LAZO HEBILLA NEGRO NICOPOLY;MPM10002635819-2;N05182BS;23/08/2025 23:09:18;Flujo Same day BX;Montes Agreda;Ebersh Segundo;;Capitanía General 6241;Casa;;;HUECHURABA;REG.METROPOLITANA;CL;Montes Agreda;Ebersh Segundo;;Capitanía General 6241;;;;HUECHURABA;REG.METROPOLITANA;CL;39990;0;0;0;39990;0;CLP
000000538209;23842937501-A;24/08/2025 01:09:04;Cerrado;5990;990;6980;1078;0.0000;4912;1;BUFANDA CUADRILLE  GRANDE MOCA NICOPOLY;MPM10002662998-1;N05335LF;24/08/2025 01:09:05;11d_Retiro Tienda Ripley Temuco;Fernandez;Pamela;;"Arturo Prat 656, Temuco ";2do Piso. Modulo Retiro en Tienda;;;TEMUCO;IX REGION;CL;Fernandez;Pamela;;mailef  0375;;;;TEMUCO;IX REGION;CL;5990;0;990;0;6980;0;CLP
000000538209;23843224802-A;24/08/2025 11:58:18;Reembolsado;20990;990;21980;3778;0.0000;17212;1;PANTALÓN MUJER NICOPOLY BLANCO TIRO ALTO BÁSICO;MPM10001752475-4;N10373AM-5;24/08/2025 11:58:20;5d_Retiro Tienda Ripley Quilpué;Caceres Carrasco;Allen Fernanda;;"Claudio Vicuña 992, Quilpue ";" 3er Piso. Modulo Retiro en Tienda";;;QUILPUE;V REGION;CL;Caceres Carrasco;Allen Fernanda;;Carelmapu  470;;;;QUILPUE;V REGION;CL;20990;0;990;0;21980;0;CLP
000000538209;23843927701-A;24/08/2025 18:38:01;Reembolsado;21990;195;22185;3958;0.0000;18032;1;VESTIDO MIDI MUJER NICOPOLY NEGRO ACANALADO TAJO;MPM10002128945-2;N05218BM;24/08/2025 18:38:03;Flujo Same day BX;Contreras;Jonna;;rodrigo araya 1410;1309;;;NUNOA;REG.METROPOLITANA;CL;Contreras;Jonna;;rodrigo araya 1410;;;;NUNOA;REG.METROPOLITANA;CL;21990;0;195;0;22185;0;CLP
000000538209;23843927701-A;24/08/2025 18:38:01;Reembolsado;22990;195;23185;4138;0.0000;18852;1;ENTERITO MUJER NICOPOLY VERDE OLIVA LAZO Y HEBILLA;MPM10001849448-1;N04058MS-5;24/08/2025 18:38:03;Flujo Same day BX;Contreras;Jonna;;rodrigo araya 1410;1309;;;NUNOA;REG.METROPOLITANA;CL;Contreras;Jonna;;rodrigo araya 1410;;;;NUNOA;REG.METROPOLITANA;CL;22990;0;195;0;23185;0;CLP
000000538209;23844636701-A;24/08/2025 23:33:18;Reembolsado;45990;0;45990;8278;0.0000;37712;1;ABRIGO CUADRILLE  NEGRO NICOPOLY;MPM10002646320-3;N05288BM;24/08/2025 23:33:19;Flujo Same day BX;Parra;Llilda;;Parque central poniente 1480;S/N;;;MAIPU;REG.METROPOLITANA;CL;Parra;Llilda;;Parque central poniente 1480;;;;MAIPU;REG.METROPOLITANA;CL;45990;0;0;0;45990;0;CLP
000000538209;23844747502-A;25/08/2025 00:50:54;Cerrado;34990;0;34990;6298;0.0000;28692;1;ABRIGO HOMBROS CAIDOS BLANCO INVIERNO INVIERNO NICOPOLY;MPM10002646299-1;N05174AM;25/08/2025 00:50:56;4d_Retiro Tienda Ripley Costanera Center;Valbuena Badell;Valeria;;"Avenida Andrés Bello 2422 ";" 1er Piso. Modulo Retiro en Tienda";;;PROVIDENCIA;REG.METROPOLITANA;CL;Valbuena Badell;Valeria;;Condell 1777;;;;PROVIDENCIA;REG.METROPOLITANA;CL;34990;0;0;0;34990;0;CLP
000000538209;23845194001-A;25/08/2025 12:31:55;Cerrado;49990;2195;52185;8998;0.0000;40992;1;BLAZER CUELLO CRUZADO KHAKI NICOPOLY;MPM10002843162-4;N05299LS-7;25/08/2025 12:31:57;Flujo Same day BX;Estay Gonzalez;MIRIAM;;Av. Santa Maria 8700;DEPTO;;;VITACURA;REG.METROPOLITANA;CL;Estay Gonzalez;MIRIAM;;Av. Santa Maria 8700;;;;VITACURA;REG.METROPOLITANA;CL;49990;0;2195;0;52185;0;CLP
000000538209;23845194001-A;25/08/2025 12:31:55;Cerrado;49990;2195;52185;8998;0.0000;40992;1;BLAZER CUELLO CRUZADO ROJO NICOPOLY;MPM10002842890-1;N05299DS-7;25/08/2025 12:31:57;Flujo Same day BX;Estay Gonzalez;MIRIAM;;Av. Santa Maria 8700;DEPTO;;;VITACURA;REG.METROPOLITANA;CL;Estay Gonzalez;MIRIAM;;Av. Santa Maria 8700;;;;VITACURA;REG.METROPOLITANA;CL;49990;0;2195;0;52185;0;CLP
000000538209;23845220201-A;25/08/2025 12:47:17;Reembolsado;41990;0;41990;7558;0.0000;34432;1;BLAZER LARGO DE TOPE NEGRO NICOPOLY;MPM10002635853-2;N05275BM;25/08/2025 12:47:19;4d_Retiro Tienda Ripley Florida Center;Coliñir;Ximena;;"Vicuña Mackenna Oriente 6100, La Florida ";3er Piso. Modulo Retiro en Tienda;;;LA FLORIDA;REG.METROPOLITANA;CL;Coliñir;Ximena;;Vargas Buston 1082;;;;LA FLORIDA;REG.METROPOLITANA;CL;41990;0;0;0;41990;0;CLP
000000538209;23845267801-A;25/08/2025 13:12:37;Cerrado;29990;4990;34980;5398;0.0000;24592;1;GILET LARGO CON BOTONES NEGRO;MPM10002910447-2;N06135BM;25/08/2025 13:12:38;Flujo Crossdock- Ripley PAQ;Miranda;Oriana;;3 oriente 1331;1701;;;VI.A DEL MA;V REGION;CL;Miranda;Oriana;;3 oriente 1331;;;;VI.A DEL MA;V REGION;CL;29990;0;4990;0;34980;0;CLP
000000538209;23845626401-A;25/08/2025 17:06:25;Cerrado;48990;0;48990;8818;0.0000;40172;1;ABRIGO PATRON ESPIGA GRAFITO NICOPOLY;MPM10002646332-4;N05149NM;25/08/2025 17:06:26;Flujo Same day BX;Perez;Solange;;Santa Elba  1426;S/N;;;MAIPU;REG.METROPOLITANA;CL;Perez;Solange;;Santa Elba  1426;;;;MAIPU;REG.METROPOLITANA;CL;48990;0;0;0;48990;0;CLP
000000538209;23845656401-A;25/08/2025 17:24:09;Cerrado;19990;990;20980;3598;0.0000;16392;1;LEGGINS MUJER NICOPOLY BURDEO LEGGING ECOCUERO CIERRE LATERAL;MPM00089316487-3;N03081TM;25/08/2025 17:24:10;4d_Retiro Tienda Ripley Crillon;Del Valle;Isabel;;"Agustinas #1025 ";Piso -1. Modulo Retiro en Tienda;;;SANTIAGO;REG.METROPOLITANA;CL;Del Valle;Isabel;;Bio bio 1485;;;;SANTIAGO;REG.METROPOLITANA;CL;19990;0;990;0;20980;0;CLP
000000538209;23845809701-A;25/08/2025 19:02:09;Cerrado;37990;6990;44980;6838;0.0000;31152;1;BOMBER ECOCUERO NEGRO NICOPOLY;MPM10002635840-3;N05153BL;25/08/2025 19:02:11;Flujo Crossdock- Ripley PAQ;Reyes;Vanessa;;Los laberintos 0157;4425;;;EL QUISCO;V REGION;CL;Reyes;Vanessa;;Los laberintos 0157;;;;EL QUISCO;V REGION;CL;37990;0;6990;0;44980;0;CLP
000000538209;23845877101-A;25/08/2025 19:46:18;Cerrado;31990;4990;36980;5758;0.0000;26232;1;CHAQUETA REVERSIBLE NEGRO NICOPOLY;MPM10002646333-1;N05189BS;25/08/2025 19:46:19;Flujo Crossdock- Ripley PAQ;Ruiz;Gladis;;Calle Quillota 0151;0151;;;VI.A DEL MA;V REGION;CL;Ruiz;Gladis;;Calle Quillota 0151;;;;VI.A DEL MA;V REGION;CL;31990;0;4990;0;36980;0;CLP
000000538209;23846504901-A;26/08/2025 08:18:36;Cerrado;22990;3990;26980;4138;0.0000;18852;1;ENTERITO MUJER NICOPOLY VERDE OLIVA LAZO Y HEBILLA;MPM10001849448-2;N04058MXL-5;26/08/2025 08:18:38;Flujo Same day BX;Loyola Mejias;Karina;;Eclipse 647;B;;;PUDAHUEL;REG.METROPOLITANA;CL;Loyola Mejias;Karina;;Eclipse 647;;;;PUDAHUEL;REG.METROPOLITANA;CL;22990;0;3990;0;26980;0;CLP
000000538209;23846636001-A;26/08/2025 10:14:45;Cerrado;22990;2195;25185;4138;0.0000;18852;1;SWEATER ACANALADO CUELLO ALTO GRIS NICOPOLY;MPM10001497413-1;N04195NS;26/08/2025 10:14:46;Flujo Same day BX;Moraga;Betsy;;Vuelo de codorniz oriente   869;Casa;;;PUDAHUEL;REG.METROPOLITANA;CL;Moraga;Betsy;;Vuelo de codorniz oriente   869;;;;PUDAHUEL;REG.METROPOLITANA;CL;22990;0;2195;0;25185;0;CLP
000000538209;23846636001-A;26/08/2025 10:14:45;Cerrado;21990;2195;24185;3958;0.0000;18032;1;SWEATER BASICO PERLAS ROJO NICOPOLY;MPM10002842886-2;N03095DS-7;26/08/2025 10:14:46;Flujo Same day BX;Moraga;Betsy;;Vuelo de codorniz oriente   869;Casa;;;PUDAHUEL;REG.METROPOLITANA;CL;Moraga;Betsy;;Vuelo de codorniz oriente   869;;;;PUDAHUEL;REG.METROPOLITANA;CL;21990;0;2195;0;24185;0;CLP
000000538209;23846735601-A;26/08/2025 11:08:40;Cerrado;28990;3990;32980;5218;0.0000;23772;1;VESTIDO MIDI MUJER NICOPOLY CAMEL SWEATER;MPM10002160528-1;N05211US;26/08/2025 11:08:42;Flujo Same day BX;Figueroa Quiroz;Lorena Isabel;;Estero De Quempo 06103;"Casa ";;;PUENTE ALTO;REG.METROPOLITANA;CL;Figueroa Quiroz;Lorena Isabel;;Estero De Quempo 06103;;;;PUENTE ALTO;REG.METROPOLITANA;CL;28990;0;3990;0;32980;0;CLP
000000538209;23847281401-A;26/08/2025 16:34:46;Cerrado;35990;3990;39980;6478;0.0000;29512;1;PANTALÓN MUJER NICOPOLY NEGRO RECTO CON PINZAS;MPM10002122150-3;N04277BM-6;26/08/2025 16:34:48;Flujo Same day BX;Brquez;Isidora;;san eugenio 1551;909;;;NUNOA;REG.METROPOLITANA;CL;Brquez;Isidora;;san eugenio 1551;;;;NUNOA;REG.METROPOLITANA;CL;35990;0;3990;0;39980;0;CLP
000000538209;23847592501-A;26/08/2025 20:04:43;Reembolsado;49990;0;49990;8998;0.0000;40992;1;BLAZER CUELLO CRUZADO NEGRO NICOPOLY;MPM10002842887-4;N05299BL-7;26/08/2025 20:04:44;Flujo Same day BX;Curapil;Ingrid;;Tomas de figueroa  2467;S/N;;;VITACURA;REG.METROPOLITANA;CL;Curapil;Ingrid;;Tomas de figueroa  2467;;;;VITACURA;REG.METROPOLITANA;CL;49990;0;0;0;49990;0;CLP
000000538209;23847788701-A;26/08/2025 21:29:31;Cerrado;25990;0;25990;4678;0.0000;21312;1;GILET 4 BOTONES BEIGE NICOPOLY;MPM10002842899-3;N05262LXL-7;26/08/2025 21:29:32;Flujo Same day BX;Gonzalez  Lecaros;Ana;;Uno sur 851;Camila 210;;;MAIPU;REG.METROPOLITANA;CL;Gonzalez  Lecaros;Ana;;Uno sur 851;;;;MAIPU;REG.METROPOLITANA;CL;25990;0;0;0;25990;0;CLP
000000538209;23847788701-A;26/08/2025 21:29:31;Reembolsado;34990;0;34990;6298;0.0000;28692;1;PANTALON BASICO KHAKI NICOPOLY;MPM10002842875-3;N05298LM-7;26/08/2025 21:29:32;Flujo Same day BX;Gonzalez  Lecaros;Ana;;Uno sur 851;Camila 210;;;MAIPU;REG.METROPOLITANA;CL;Gonzalez  Lecaros;Ana;;Uno sur 851;;;;MAIPU;REG.METROPOLITANA;CL;34990;0;0;0;34990;0;CLP
000000538209;23847788701-A;26/08/2025 21:29:31;Cerrado;49990;0;49990;8998;0.0000;40992;1;BLAZER CUELLO CRUZADO KHAKI NICOPOLY;MPM10002843162-1;N05299LL-7;26/08/2025 21:29:32;Flujo Same day BX;Gonzalez  Lecaros;Ana;;Uno sur 851;Camila 210;;;MAIPU;REG.METROPOLITANA;CL;Gonzalez  Lecaros;Ana;;Uno sur 851;;;;MAIPU;REG.METROPOLITANA;CL;49990;0;0;0;49990;0;CLP
000000538209;23847819201-A;26/08/2025 21:45:19;Cerrado;35990;3980;39970;6478;0.0000;29512;1;CHAQUETA ECOCUERO LAZO NEGRONICOPOLY;MPM10002635859-4;N05152BXL;26/08/2025 21:45:20;Flujo Same day BX;Mundaca;Katherine;;El golf de manquehue 9385;S/N;;;LO BARNECHEA;REG.METROPOLITANA;CL;Mundaca;Katherine;;El golf de manquehue 9385;;;;LO BARNECHEA;REG.METROPOLITANA;CL;35990;0;3980;0;39970;0;CLP
000000538209;23847910001-A;26/08/2025 22:24:01;Cerrado;35990;3990;39980;6478;0.0000;29512;1;ABRIGO OVERSIZE PIED DE POULE BLANCO NICOPOLY;MPM10001383896-3;N04219AM;26/08/2025 22:24:03;Flujo Same day BX;"Corbino ";Cliente;;Doctor johow 425;203;;;NUNOA;REG.METROPOLITANA;CL;"Corbino ";Cliente;;Doctor johow 425;;;;NUNOA;REG.METROPOLITANA;CL;35990;0;3990;0;39980;0;CLP
000000538209;23847933201-A;26/08/2025 22:33:14;Cerrado;29990;3990;33980;5398;0.0000;24592;1;CHAQUETA BOUCLE  MOCA NICOPOLY;MPM10002646315-1;N05183US;26/08/2025 22:33:15;Flujo Same day BX;Celis;Nicolas;;Coronel alvarado 2505;610A;;;INDEPENDENC;REG.METROPOLITANA;CL;Celis;Nicolas;;Coronel alvarado 2505;;;;INDEPENDENC;REG.METROPOLITANA;CL;29990;0;3990;0;33980;0;CLP
000000538209;23847957201-A;26/08/2025 22:45:39;Cerrado;39990;0;39990;7198;0.0000;32792;1;TRENCH LAZO HEBILLA KHAKI NICOPOLY;MPM10002635817-2;N05182LM;26/08/2025 22:45:41;Flujo Same day BX;Godoy;Flor;;Ingeniero pierre lehmann 7821;S/N;;;PUDAHUEL;REG.METROPOLITANA;CL;Godoy;Flor;;Ingeniero pierre lehmann 7821;;;;PUDAHUEL;REG.METROPOLITANA;CL;39990;0;0;0;39990;0;CLP
