Número de factura;Order number;Date created;Estado del pedido;Subtotal de artículos (con impuestos);Gastos de envío (con impuestos);Precio total (con impuestos);Commission (excluding taxes);Impuestos sobre la comisión;Amount transferred to tienda (including taxes);Quantity;Producto;Product SKU;Offer SKU;Fecha de confirmación del pago;Shipping method;Shipping address last name;Shipping address first name;Shipping address company;Shipping address street 1;Shipping address street 2;Dirección de entrega: complementaria;Shipping address zip;Shipping address city;Shipping address state;Shipping address country;Billing address last name;Billing address first name;Billing address company;Billing address street 1;Billing address street 2;Dirección de facturación: complementaria;Billing address zip;Billing address city;Billing address state;Billing address country;Subtotal de artículos (sin impuestos);Impuestos sobre artículos;Gastos de envío (sin impuestos);Impuestos sobre gastos de envío;Precio total (sin impuestos);Impuestos sobre el precio total;Currency
000000551904;23967740501-A;03/10/2025 20:53:53;Reembolsado;39990;0;39990;7198;0.0000;32792;1;BLAZER CUELLO CRUZADO VERDE NICOPOLY;MPM10002842873-3;N05299EXL-7;03/10/2025 20:53:54;10d_Retiro Tienda Ripley La Serena;Aguilera;Jocelyn;;"Gregorio Cordovez 499 ";" 3er Piso. Modulo Retiro en Tienda";;;LA SERENA;IV REGION;CL;Aguilera;Jocelyn;;Mauricio Bitrán 768;;;;LA SERENA;IV REGION;CL;39990;0;0;0;39990;0;CLP
000000551904;23975777301-A;06/10/2025 01:10:40;Reembolsado;25590;0;25590;4606;0.0000;20984;1;GILET BASICO HILO BLANCO NICOPOLY;MPM10002842882-2;N05264AL-7;06/10/2025 01:10:42;5d_Retiro Tienda Ripley Chillán;Cliente;Sandra;;"5 de Abril 699 ";4to Piso. Centro de atención al Cliente;;;CHILLAN;VIII REGION;CL;Cliente;Sandra;;Manuel Bulnes 775;;;;CHILLAN;VIII REGION;CL;25590;0;0;0;25590;0;CLP
000000551904;24006245602-A;07/10/2025 11:53:46;Reembolsado;34990;0;34990;6298;0.0000;28692;1;FULFILLMENT-BLAZER CUELLO CRUZADO BLANCO NICOPOLY;MPM10002943914-5;N05299AM-FF;07/10/2025 11:53:47;FF_MATRIX_STS;"Muñoz Escamilla ";"Nayaret ";;"5 de Abril 699 ";4to Piso. Centro de atención al Cliente;;;CHILLAN;VIII REGION;CL;Fuentes;Genesis;;Los Claveles 1310;;;;CHILLAN;VIII REGION;CL;34990;0;0;0;34990;0;CLP
000000551904;24016135502-A;07/10/2025 21:35:42;Recibido;35990;0;35990;6478;0.0000;29512;1;BLAZER LARGO DE TOPE NEGRO NICOPOLY;MPM10002635853-1;N05275BL;07/10/2025 21:35:43;10d_Retiro Tienda Ripley Antofagasta;Cerda;Ingrid;;"Arturo Prat 530 ";" 4to Piso. Servicio al Cliente";;;ANTOFAGASTA;II REGION;CL;Cerda;Ingrid;;oficina petronila  160;;;;ANTOFAGASTA;II REGION;CL;35990;0;0;0;35990;0;CLP
000000551904;24053788301-A;09/10/2025 14:50:13;Recibido;30990;0;30990;5578;0.0000;25412;1;BLAZER CUELLO CRUZADO ROJO NICOPOLY;MPM10002842890-1;N05299DS-7;09/10/2025 14:50:14;10d_Retiro Tienda Ripley Antofagasta;"Álvarez ";"Soraya ";;"Arturo Prat 530 ";" 4to Piso. Servicio al Cliente";;;ANTOFAGASTA;II REGION;CL;Cepeda;"Luis ";;Bellavista  3781;;;;ANTOFAGASTA;II REGION;CL;30990;0;0;0;30990;0;CLP
000000551904;24053788301-A;09/10/2025 14:50:13;Recibido;30990;0;30990;5578;0.0000;25412;1;BLAZER CUELLO CRUZADO KHAKI NICOPOLY;MPM10002843162-4;N05299LS-7;09/10/2025 14:50:14;10d_Retiro Tienda Ripley Antofagasta;"Álvarez ";"Soraya ";;"Arturo Prat 530 ";" 4to Piso. Servicio al Cliente";;;ANTOFAGASTA;II REGION;CL;Cepeda;"Luis ";;Bellavista  3781;;;;ANTOFAGASTA;II REGION;CL;30990;0;0;0;30990;0;CLP
000000551904;24060732001-A;12/10/2025 00:14:50;Reembolsado;25490;0;25490;4588;0.0000;20902;1;BLAZER FLOREADO NEGRO NICOPOLY;MPM10002627264-2;N05320BL;12/10/2025 00:14:52;5d_Retiro Tienda Ripley Marina Arauco;Gonzalez Plaza;Rosa Yolanda;;"Avenida Libertad 1348 ";" Piso 4. Modulo Retiro en Tienda";;;VI.A DEL MA;V REGION;CL;Gonzalez Plaza;Rosa Yolanda;;colinas del mar isla lenox 551;;;;VI.A DEL MA;V REGION;CL;25490;0;0;0;25490;0;CLP
000000551904;24061038601-A;12/10/2025 10:55:30;Recibido;41990;990;42980;7558;0.0000;34432;1;BLAZER BOLSILLOS Y BOTÓN ROJO NICOPOLY;MPM10001752521-3;N04260DM-5;12/10/2025 10:55:31;10d_Retiro Tienda Ripley Antofagasta;Perez;Sofia;;"Arturo Prat 530 ";" 4to Piso. Servicio al Cliente";;;ANTOFAGASTA;II REGION;CL;Perez;Sofia;;lima 360;;;;ANTOFAGASTA;II REGION;CL;41990;0;990;0;42980;0;CLP
000000551904;24062368101-A;12/10/2025 20:10:22;Reembolsado;25490;0;25490;4588;0.0000;20902;1;BLAZER FLOREADO NEGRO NICOPOLY;MPM10002627264-3;N05320BM;12/10/2025 20:10:23;5d_Retiro Tienda Ripley Marina Arauco;Gonzalez Plaza;Rosa Yolanda;;"Avenida Libertad 1348 ";" Piso 4. Modulo Retiro en Tienda";;;VI.A DEL MA;V REGION;CL;Gonzalez Plaza;Rosa Yolanda;;colinas del mar isla lenox 551;;;;VI.A DEL MA;V REGION;CL;25490;0;0;0;25490;0;CLP
000000551904;24072168501-A;19/10/2025 00:36:51;Reembolsado;25990;990;26980;4678;0.0000;21312;1;VESTIDO MUJER NICOPOLY NEGRO STRAPLESS Y ESCOTE V;MPM10001856352-1;N05011BL;19/10/2025 00:36:53;4d_Retiro Tienda Ripley Plaza Vespucio;Gutierrez;"Victor ";;"Av. Vicuña Mackenna Ote. 7110, La Florida ";3er Piso. Modulo Retiro en Tienda;;;LA FLORIDA;REG.METROPOLITANA;CL;Morgado;Viviana;;Concha 8991;;;;LA FLORIDA;REG.METROPOLITANA;CL;25990;0;990;0;26980;0;CLP
000000551904;24087315201-A;28/10/2025 07:04:21;Reembolsado;25990;0;25990;4678;0.0000;21312;1;GILET 4 BOTONES LILA NICOPOLY;MPM10002842896-4;N05262ZM-7;28/10/2025 07:04:23;Flujo Crossdock- Ripley PAQ;Carrillo Reyes;Blanca Orieta;;El Fundo 21156;S/N;;;PUDAHUEL;REG.METROPOLITANA;CL;Carrillo Reyes;Blanca Orieta;;El Fundo 21156;;;;PUDAHUEL;REG.METROPOLITANA;CL;25990;0;0;0;25990;0;CLP
000000551904;24087315201-A;28/10/2025 07:04:21;Reembolsado;25990;0;25990;4678;0.0000;21312;1;GILET 4 BOTONES VERDE NICOPOLY;MPM10002842869-1;N05262EM-7;28/10/2025 07:04:23;Flujo Crossdock- Ripley PAQ;Carrillo Reyes;Blanca Orieta;;El Fundo 21156;S/N;;;PUDAHUEL;REG.METROPOLITANA;CL;Carrillo Reyes;Blanca Orieta;;El Fundo 21156;;;;PUDAHUEL;REG.METROPOLITANA;CL;25990;0;0;0;25990;0;CLP
000000551904;24093769701-A;31/10/2025 21:07:14;Reembolsado;21990;990;22980;3958;0.0000;18032;1;GILET BASICO HILO BLANCO NICOPOLY;MPM10002842882-3;N05264AM-7;31/10/2025 21:07:15;4d_Retiro Tienda Ripley Plaza Vespucio;ABBATE VARGAS;Laura Paola;;"Av. Vicuña Mackenna Ote. 7110, La Florida ";3er Piso. Modulo Retiro en Tienda;;;LA FLORIDA;REG.METROPOLITANA;CL;ABBATE VARGAS;Laura Paola;;Lican Ray 7061;;;;LA FLORIDA;REG.METROPOLITANA;CL;21990;0;990;0;22980;0;CLP
000000551904;24093781701-A;31/10/2025 21:12:41;Reembolsado;34990;990;35980;6298;0.0000;28692;1;ENTERITO MUJER NICOPOLY ROJO CRUZADO 2 BOTONES;MPM10002122131-3;N05308DM;31/10/2025 21:12:42;11d_Retiro Tienda Ripley Temuco;Medina;Laura;;"Arturo Prat 656, Temuco ";2do Piso. Modulo Retiro en Tienda;;;TEMUCO;IX REGION;CL;Medina;Laura;;Nahuelbuta 3145 3145;;;;TEMUCO;IX REGION;CL;34990;0;990;0;35980;0;CLP
000000551904;24094189201-A;01/11/2025 01:21:04;Reembolsado;19990;1596;21586;3598;0.0000;16392;1;CALZA MUJER NICOPOLY GRAFITO CIERRES DECORATIVOS;MPM10001710250-1;N05049NS;01/11/2025 01:21:06;Flujo Crossdock- Ripley PAQ;Gonzalez;Fernanda;;juan solar parra  755;casa;;;EL BOSQUE;REG.METROPOLITANA;CL;Gonzalez;Fernanda;;juan solar parra  755;;;;EL BOSQUE;REG.METROPOLITANA;CL;19990;0;1596;0;21586;0;CLP
000000551904;24094189201-A;01/11/2025 01:21:04;Reembolsado;28990;1596;30586;5218;0.0000;23772;1;PANTALÓN MUJER NICOPOLY BLANCO CARROT;MPM10002128951-1;N05242AS;01/11/2025 01:21:06;Flujo Crossdock- Ripley PAQ;Gonzalez;Fernanda;;juan solar parra  755;casa;;;EL BOSQUE;REG.METROPOLITANA;CL;Gonzalez;Fernanda;;juan solar parra  755;;;;EL BOSQUE;REG.METROPOLITANA;CL;28990;0;1596;0;30586;0;CLP
000000551904;24094629001-A;01/11/2025 12:46:43;Reembolsado;17990;1980;19970;3238;0.0000;14752;1;FALDA MUJER NICOPOLY AZUL MEDIO DENIM TAJO FRONTAL;MPM10001465759-2;N04269KM;01/11/2025 12:46:44;Flujo Crossdock- Ripley PAQ;Cabrera;Daniela;;Pedro Aguirre cerda 230;S/N;;;YUMBEL;VIII REGION;CL;Cabrera;Daniela;;Pedro Aguirre cerda 230;;;;YUMBEL;VIII REGION;CL;17990;0;1980;0;19970;0;CLP
000000551904;24095060401-A;01/11/2025 17:03:50;Reembolsado;17990;990;18980;3238;0.0000;14752;1;FALDA MUJER NICOPOLY AZUL MEDIO DENIM TAJO FRONTAL;MPM10001465759-2;N04269KM;01/11/2025 17:03:51;4d_Retiro Tienda Ripley Crillon;Gamboa Aguilera;Andrea Del Carmen;;"Agustinas #1025 ";Piso -1. Modulo Retiro en Tienda;;;SANTIAGO;REG.METROPOLITANA;CL;Gamboa Aguilera;Andrea Del Carmen;;las acacias 25;;;;SANTIAGO;REG.METROPOLITANA;CL;17990;0;990;0;18980;0;CLP
000000551904;24096252501-A;02/11/2025 10:54:10;Reembolsado;9990;990;10980;1798;0.0000;8192;1;BODY TEXTURIZADO ACANALADO GRIS NICOPOLY;MPM10001713170-1;N05003IM;02/11/2025 10:54:11;5d_Retiro Tienda Ripley Mall Concepción;Ferrada;Joceline;;"Barros Arana 1068, Concepcion ";" 3er Piso. Modulo Retiro en Tienda";;;CONCEPCION;VIII REGION;CL;Ferrada;Joceline;;Santa justina 167;;;;CONCEPCION;VIII REGION;CL;9990;0;990;0;10980;0;CLP
000000551904;24096519101-A;02/11/2025 13:21:02;Reembolsado;18990;990;19980;3418;0.0000;15572;1;VESTIDO MUJER NICOPOLY NEGRO TIPO BLAZER;MPM10002128954-2;N05257BM;02/11/2025 13:21:03;5d_Retiro Tienda Ripley Mall Concepción;Nuñez;Daniela;;"Barros Arana 1068, Concepcion ";" 3er Piso. Modulo Retiro en Tienda";;;CONCEPCION;VIII REGION;CL;Nuñez;Daniela;;Blasco Ibáñez 2374;;;;CONCEPCION;VIII REGION;CL;18990;0;990;0;19980;0;CLP
000000551904;24097328701-A;02/11/2025 18:50:15;Reembolsado;31990;990;32980;5758;0.0000;26232;1;VESTIDO MUJER NICOPOLY AZUL MARINO CUELLO ALTO;MPM10002128949-3;N05198PM;02/11/2025 18:50:16;4d_Retiro Tienda Ripley Parque Arauco;Gonzalez;Andrea;;"Avenida Kennedy 5413 ";4to Piso. Modulo Retiro en Tienda;;;LAS CONDES;REG.METROPOLITANA;CL;Gonzalez;Andrea;;Apolo cinco 1859;;;;LAS CONDES;REG.METROPOLITANA;CL;31990;0;990;0;32980;0;CLP
000000551904;24097823301-A;02/11/2025 22:16:50;Recibido;9990;990;10980;1798;0.0000;8192;1;CROP TOP JASPEADO BLANCO NICOPOLY;MPM10001849445-3;N05021AM;02/11/2025 22:16:51;5d_Retiro Tienda Ripley Rancagua;Pea;Nayareth;;"José Domingo Mujica 490 ";" 3er Piso. Modulo Retiro en Tienda";;;RANCAGUA;VI REGION;CL;Pea;Nayareth;;Centenario 629;;;;RANCAGUA;VI REGION;CL;9990;0;990;0;10980;0;CLP
000000551904;24098253801-A;03/11/2025 01:54:16;Reembolsado;22990;3990;26980;4138;0.0000;18852;1;ENTERITO MUJER NICOPOLY VERDE OLIVA LAZO Y HEBILLA;MPM10001849448-1;N04058MS-5;03/11/2025 01:54:18;Flujo Crossdock- Ripley PAQ;"Torres Valencia ";"Yohana Andrea ";;La costa 7939;Casa;;;RENCA;REG.METROPOLITANA;CL;"Torres Valencia ";"Yohana Andrea ";;La costa 7939;;;;RENCA;REG.METROPOLITANA;CL;22990;0;3990;0;26980;0;CLP
000000551904;24098348001-A;03/11/2025 08:17:28;Recibido;22990;495;23485;4138;0.0000;18852;1;SWEATER ACANALADO CUELLO ALTO GRIS NICOPOLY;MPM10001497413-1;N04195NS;03/11/2025 08:17:30;10d_Retiro Tienda Ripley Iquique;Navarrete Flores;Ingrid;;"Vivar 550 ";" 4to Piso. Servicio al Cliente";;;IQUIQUE;I REGION;CL;Navarrete Flores;Ingrid;;Serrano 1980;;;;IQUIQUE;I REGION;CL;22990;0;495;0;23485;0;CLP
000000551904;24098348001-A;03/11/2025 08:17:28;Recibido;19990;495;20485;3598;0.0000;16392;1;SWEATER MUJER NICOPOLY ROJO BÁSICO CUELLO REDONDO;MPM10002160523-3;N04248DS-6;03/11/2025 08:17:30;10d_Retiro Tienda Ripley Iquique;Navarrete Flores;Ingrid;;"Vivar 550 ";" 4to Piso. Servicio al Cliente";;;IQUIQUE;I REGION;CL;Navarrete Flores;Ingrid;;Serrano 1980;;;;IQUIQUE;I REGION;CL;19990;0;495;0;20485;0;CLP
000000551904;24100508601-A;04/11/2025 00:48:36;Reembolsado;28990;0;28990;5218;0.0000;23772;1;VESTIDO CAMISERO ALGODÓN MUJER NICOPOLY CELESTE TIPO DENIM;MPM10001849442-3;N05099KS;04/11/2025 00:48:38;Flujo Crossdock- Ripley PAQ;Ubeda;Josefa;;Camilo Ortuzar 4030;1002B;;;MACUL;REG.METROPOLITANA;CL;Ubeda;Josefa;;Camilo Ortuzar 4030;;;;MACUL;REG.METROPOLITANA;CL;28990;0;0;0;28990;0;CLP
000000551904;24101191601-A;04/11/2025 13:15:14;Reembolsado;18990;990;19980;3418;0.0000;15572;1;VESTIDO MUJER NICOPOLY NEGRO TIPO BLAZER;MPM10002128954-2;N05257BM;04/11/2025 13:15:15;4d_Retiro Tienda Ripley Costanera Center;Garca Bandres;Nathalia Mayrim;;"Avenida Andrés Bello 2422 ";" 1er Piso. Modulo Retiro en Tienda";;;PROVIDENCIA;REG.METROPOLITANA;CL;Garca Bandres;Nathalia Mayrim;;San Isidro 96;;;;PROVIDENCIA;REG.METROPOLITANA;CL;18990;0;990;0;19980;0;CLP
000000551904;24101439601-A;04/11/2025 15:13:52;Reembolsado;19990;0;19990;3598;0.0000;16392;1;CALZA MUJER NICOPOLY GRAFITO CIERRES DECORATIVOS;MPM10001710250-1;N05049NS;04/11/2025 15:13:54;4d_Retiro Tienda Ripley Huechuraba;Silva;Grace;;"Av. Americo Vespucio Norte 1737 ";" 2do Piso. Modulo Retiro en Tienda";;;HUECHURABA;REG.METROPOLITANA;CL;Silva;Grace;;Paso Fino  7889;;;;HUECHURABA;REG.METROPOLITANA;CL;19990;0;0;0;19990;0;CLP
000000551904;24101439601-A;04/11/2025 15:13:52;Reembolsado;19990;0;19990;3598;0.0000;16392;1;CALZA MUJER NICOPOLY NEGRO CIERRES DECORATIVOS;MPM10001710252-1;N05049BS;04/11/2025 15:13:54;4d_Retiro Tienda Ripley Huechuraba;Silva;Grace;;"Av. Americo Vespucio Norte 1737 ";" 2do Piso. Modulo Retiro en Tienda";;;HUECHURABA;REG.METROPOLITANA;CL;Silva;Grace;;Paso Fino  7889;;;;HUECHURABA;REG.METROPOLITANA;CL;19990;0;0;0;19990;0;CLP
000000551904;24101599902-A;04/11/2025 16:31:15;Recibido;19990;990;20980;3598;0.0000;16392;1;SWEATER MUJER NICOPOLY MAGENTA BÁSICO CUELLO REDONDO;MPM10002160475-3;N04248ZM-6;04/11/2025 16:31:16;4d_Retiro Tienda Ripley Costanera Center;Santamaria;Miel;;"Avenida Andrés Bello 2422 ";" 1er Piso. Modulo Retiro en Tienda";;;PROVIDENCIA;REG.METROPOLITANA;CL;Oyarzun;Daniela;;Versalles 3036;;;;PROVIDENCIA;REG.METROPOLITANA;CL;19990;0;990;0;20980;0;CLP
000000551904;24101699601-A;04/11/2025 17:16:43;Reembolsado;34990;990;35980;6298;0.0000;28692;1;ENTERITO MUJER NICOPOLY ROJO OSCURO CUT OUT ESCOTE;MPM10002122134-3;N05303TM;04/11/2025 17:16:45;4d_Retiro Tienda Ripley Arauco Maipu;Quintana;Luisa;;"Av. Americo Vespucio 399 ";" 2do Piso. Modulo Retiro en Tienda";;;MAIPU;REG.METROPOLITANA;CL;Quintana;Luisa;;El Huaso 2025;;;;MAIPU;REG.METROPOLITANA;CL;34990;0;990;0;35980;0;CLP
000000551904;24103470801-A;05/11/2025 14:18:25;Recibido;9990;990;10980;1798;0.0000;8192;1;POLERA BASICA CUELLO REDONDO LINEAS ROJO NICOPOLY;MPM10002967724-3;N06113DM;05/11/2025 14:18:27;5d_Retiro Tienda Ripley Los Andes;Hernandez;Claudia;;"Santa Teresita 683 ";2do Piso. Servicio al Cliente;;;LOS ANDES;V REGION;CL;Hernandez;Claudia;;Hector humeres 541;;;;LOS ANDES;V REGION;CL;9990;0;990;0;10980;0;CLP
000000551904;24103949901-A;05/11/2025 18:07:38;Reembolsado;25990;990;26980;4678;0.0000;21312;1;BLUSA BASICA BOTONERA INVISIBLE NEGRO NICOPOLY;MPM10001713154-1;N00089BM-5;05/11/2025 18:07:39;5d_Retiro Tienda Ripley Mall Concepción;Henríquez;Paula;;"Barros Arana 1068, Concepcion ";" 3er Piso. Modulo Retiro en Tienda";;;CONCEPCION;VIII REGION;CL;Henríquez;Paula;;Los chiquillanes 2051;;;;CONCEPCION;VIII REGION;CL;25990;0;990;0;26980;0;CLP
000000551904;24104501401-A;05/11/2025 22:12:28;Reembolsado;31990;990;32980;5758;0.0000;26232;1;ENTERITO CUELLO MOCK BURDEO NICOPOLY;MPM10002627263-1;N05313TS;05/11/2025 22:12:29;5d_Retiro Tienda Ripley Talca;"Valenzuela ";Arlette;;"8 Oriente 1212 ";" 2do Piso. Modulo Retiro en Tienda";;;TALCA;VII REGION;CL;"Valenzuela ";Arlette;;Villa pucara, 5 oriente entre 21 y 25 0468;;;;TALCA;VII REGION;CL;31990;0;990;0;32980;0;CLP
000000551904;24104670401-A;05/11/2025 23:15:30;Recibido;16990;495;17485;3058;0.0000;13932;1;CARDIGAN DE HILO LEOPARDO FUCSIA NICOPOLY;MPM10001856336-1;N05131SS;05/11/2025 23:15:31;10d_Retiro Tienda Ripley Calama;Toledo;"Viviana ";;"Balmaceda 3242, Calama ";" 2do Piso. Servicio al Cliente";;;CALAMA;II REGION;CL;Toledo;"Viviana ";;Pasaje Las Parinas 2215;;;;CALAMA;II REGION;CL;16990;0;495;0;17485;0;CLP
000000551904;24104670401-A;05/11/2025 23:15:30;Reembolsado;19990;495;20485;3598;0.0000;16392;1;CÁRDIGAN MUJER NICOPOLY ROJO CROP PERLAS;MPM10002160522-2;N05227DS;05/11/2025 23:15:31;10d_Retiro Tienda Ripley Calama;Toledo;"Viviana ";;"Balmaceda 3242, Calama ";" 2do Piso. Servicio al Cliente";;;CALAMA;II REGION;CL;Toledo;"Viviana ";;Pasaje Las Parinas 2215;;;;CALAMA;II REGION;CL;19990;0;495;0;20485;0;CLP
000000551904;24104756901-A;06/11/2025 00:03:19;Reembolsado;45990;990;46980;8278;0.0000;37712;1;ENTERITO EFECTO DOS PIEZAS MORADO NICOPOLY;MPM10003031554-3;N04018ZL;06/11/2025 00:03:21;5d_Retiro Tienda Ripley Talca;Garrido;Vanessa;;"8 Oriente 1212 ";" 2do Piso. Modulo Retiro en Tienda";;;TALCA;VII REGION;CL;Garrido;Vanessa;;2 norte 4754;;;;TALCA;VII REGION;CL;45990;0;990;0;46980;0;CLP
000000551904;24104884201-A;06/11/2025 02:00:05;Recibido;29990;990;30980;5398;0.0000;24592;1;BLAZER 6 BOTONES NEGRO;MPM10002912800-4;N06001BXL;06/11/2025 02:00:07;5d_Retiro Tienda Ripley Mall Concepción;Pulgar;Andrea;;"Barros Arana 1068, Concepcion ";" 3er Piso. Modulo Retiro en Tienda";;;CONCEPCION;VIII REGION;CL;Pulgar;Andrea;;Bulnes  257;;;;CONCEPCION;VIII REGION;CL;29990;0;990;0;30980;0;CLP
000000551904;24105055801-A;06/11/2025 09:27:17;Reembolsado;36990;990;37980;6658;0.0000;30332;1;PANTALÓN PALAZZO MUJER NICOPOLY MAGENTA TAJOS;MPM10001503442-1;N10369ZXL-4;06/11/2025 09:27:18;4d_Retiro Tienda Ripley Tobalaba;Saez;Angelica Maria;;"Av. Camilo Henríquez 3296, Puente Alto ";2do Piso. Modulo Retiro en Tienda;;;PUENTE ALTO;REG.METROPOLITANA;CL;Saez;Angelica Maria;;Los Azahares 3402;;;;PUENTE ALTO;REG.METROPOLITANA;CL;36990;0;990;0;37980;0;CLP
000000551904;24105210401-A;06/11/2025 11:00:17;Reembolsado;34990;990;35980;6298;0.0000;28692;1;ENTERITO MUJER NICOPOLY ACERO CUT OUT ESCOTE AZUL;MPM10002122128-3;N05303CL;06/11/2025 11:00:19;10d_Retiro Tienda Ripley Portal Temuco;Castro Mosler;Ana Maria;;"Avenida Alemania 0671 ";3er Piso, Modulo Retiro en Tienda;;;TEMUCO;IX REGION;CL;Castro Mosler;Ana Maria;;Los Corrales 1573;;;;TEMUCO;IX REGION;CL;34990;0;990;0;35980;0;CLP
000000551904;24105768801-A;06/11/2025 15:35:59;Reembolsado;19990;990;20980;3598;0.0000;16392;1;CÁRDIGAN MUJER NICOPOLY ROJO CROP PERLAS;MPM10002160522-2;N05227DS;06/11/2025 15:36:00;5d_Retiro Tienda Ripley Curicó;ormazabal;"martina ";;"Av.OHiggins 201 ";" 2do Piso. Servicio al Cliente";;;CURICO;VII REGION;CL;Ormazabal Moraga;Mariela Alejandra;;mataquito 232;;;;CURICO;VII REGION;CL;19990;0;990;0;20980;0;CLP
000000551904;24106029401-A;06/11/2025 17:54:18;Reembolsado;44990;990;45980;8098;0.0000;36892;1;VESTIDO LARGO FLOREADO ROSADO NICOPOLY;MPM10003037833-3;N06076SXL;06/11/2025 17:54:19;10d_Retiro Tienda Ripley Iquique;Pinda;Elibet;;"Vivar 550 ";" 4to Piso. Servicio al Cliente";;;IQUIQUE;I REGION;CL;Pinda;Elibet;;Avenida La Tirana 5445;;;;IQUIQUE;I REGION;CL;44990;0;990;0;45980;0;CLP
000000551904;24106515901-A;06/11/2025 21:42:49;Recibido;29990;990;30980;5398;0.0000;24592;1;BLAZER 6 BOTONES MARRON NICOPOLY;MPM10002912487-3;N06001OM;06/11/2025 21:42:50;10d_Retiro Tienda Ripley Antofagasta;"Valenzuela ";"Shirley ";;"Arturo Prat 530 ";" 4to Piso. Servicio al Cliente";;;ANTOFAGASTA;II REGION;CL;"Valenzuela ";"Shirley ";;Avenida Heroes de la Concepción  9278;;;;ANTOFAGASTA;II REGION;CL;29990;0;990;0;30980;0;CLP
000000551904;24106582401-A;06/11/2025 22:08:29;Recibido;23990;990;24980;4318;0.0000;19672;1;GILET LARGO CON BOTONES CAFE;MPM10002910425-3;N06135UL;06/11/2025 22:08:31;10d_Retiro Tienda Ripley Antofagasta;Mena Sovino;Catalina;;"Arturo Prat 530 ";" 4to Piso. Servicio al Cliente";;;ANTOFAGASTA;II REGION;CL;Mena Sovino;Catalina;;Avenida Edmundo Perez Zujovic 7130;;;;ANTOFAGASTA;II REGION;CL;23990;0;990;0;24980;0;CLP
000000551904;24106870602-A;07/11/2025 00:35:48;Reembolsado;23990;0;23990;4318;0.0000;19672;1;GILET LARGO CON BOTONES BLANCO;MPM10002910437-3;N06135AS;07/11/2025 00:35:49;5d_Retiro Tienda Ripley El Trébol;Olate;Alejandra;;"Avenida Jorge Alessandri 3177 ";" 3er Piso. Modulo Retiro en Tienda";;;TALCAHUANO;VIII REGION;CL;Olate;Alejandra;;Los claveles  455;;;;TALCAHUANO;VIII REGION;CL;23990;0;0;0;23990;0;CLP
000000551904;24107050001-A;07/11/2025 09:12:44;Recibido;19990;990;20980;3598;0.0000;16392;1;GILET LEOPARD CAFE  NICOPOLY;MPM10002842888-4;N05304LM-7;07/11/2025 09:12:46;5d_Retiro Tienda Ripley Mall Concepción;Gayoso;Darling;;"Barros Arana 1068, Concepcion ";" 3er Piso. Modulo Retiro en Tienda";;;CONCEPCION;VIII REGION;CL;Gayoso;Darling;;Pasaje2 los robles sn, tubul, Arauco Sn;;;;CONCEPCION;VIII REGION;CL;19990;0;990;0;20980;0;CLP
000000551904;24107283202-A;07/11/2025 11:36:49;Recibido;17990;990;18980;3238;0.0000;14752;1;GILET LEOPARD CAFE  NICOPOLY;MPM10002842888-4;N05304LM-7;07/11/2025 11:36:51;5d_Retiro Tienda Ripley Chillán;Llanos;Marilyn Alejandra;;"5 de Abril 699 ";4to Piso. Centro de atención al Cliente;;;CHILLAN;VIII REGION;CL;Llanos;Marilyn Alejandra;;Placilla  399;;;;CHILLAN;VIII REGION;CL;17990;0;990;0;18980;0;CLP
000000551904;24107305101-A;07/11/2025 11:47:54;Reembolsado;23990;990;24980;4318;0.0000;19672;1;BLUSA ENCAJE DETALLE LENTEJUELAS BLANCO NICOPOLY;MPM10003032207-2;N06142AS;07/11/2025 11:47:56;4d_Retiro Tienda Ripley Los Dominicos;Ortega;Victoria;;"Padre Hurtado Sur 875 ";1er Piso. Servicio al Cliente;;;LAS CONDES;REG.METROPOLITANA;CL;Ortega;Victoria;;av san luis 20555;;;;LAS CONDES;REG.METROPOLITANA;CL;23990;0;990;0;24980;0;CLP
000000551904;24107459801-A;07/11/2025 13:15:14;Recibido;28990;0;28990;5218;0.0000;23772;1;FULFILLMENT-GILET BASICO ROSADO NICOPOLY;MPM10002943907-1;N04273HS-FF;07/11/2025 13:15:16;FF_MATRIX_STS;Garrido;"Karina ";;"Agustinas #1025 ";Piso -1. Modulo Retiro en Tienda;;;SANTIAGO;REG.METROPOLITANA;CL;Garrido;"Karina ";;Ahumada  251;;;;SANTIAGO;REG.METROPOLITANA;CL;28990;0;0;0;28990;0;CLP
000000551904;24107459801-A;07/11/2025 13:15:14;Recibido;28990;0;28990;5218;0.0000;23772;1;FULFILLMENT-GILET BASICO BLANCO NICOPOLY;MPM10002943917-1;N04273AS-FF;07/11/2025 13:15:16;FF_MATRIX_STS;Garrido;"Karina ";;"Agustinas #1025 ";Piso -1. Modulo Retiro en Tienda;;;SANTIAGO;REG.METROPOLITANA;CL;Garrido;"Karina ";;Ahumada  251;;;;SANTIAGO;REG.METROPOLITANA;CL;28990;0;0;0;28990;0;CLP
000000551904;24107608601-A;07/11/2025 14:42:51;Recibido;24990;990;25980;4498;0.0000;20492;1;PANTALÓN MUJER NICOPOLY ROJO PIERNA ANCHA;MPM10001856324-3;N04017DM-5;07/11/2025 14:42:53;5d_Retiro Tienda Ripley Rancagua;Adame Puente;Fresia Ester;;"José Domingo Mujica 490 ";" 3er Piso. Modulo Retiro en Tienda";;;RANCAGUA;VI REGION;CL;Adame Puente;Fresia Ester;;Villa el llano, pasaje las caobas 668;;;;RANCAGUA;VI REGION;CL;24990;0;990;0;25980;0;CLP
000000551904;24107789001-A;07/11/2025 16:25:59;Recibido;25990;0;25990;4678;0.0000;21312;1;VESTIDO CAMISERO ALGODÓN MUJER NICOPOLY CELESTE TIPO DENIM;MPM10001849442-3;N05099KS;07/11/2025 16:26:00;8d_Retiro Tienda Ripley Copiapo;Abdenour;Elias;;"Calle Maipu S/N, Copiapo ";" 2do Piso. Servicio al Cliente";;;COPIAPO;III REGION;CL;Abdenour;Elias;;Vicuña Mackenna 1725;;;;COPIAPO;III REGION;CL;25990;0;0;0;25990;0;CLP
000000551904;24108110101-A;07/11/2025 19:22:15;Recibido;24990;990;25980;4498;0.0000;20492;1;TRENCH PRINCIPE DE GALES LAZO GRIS NICOPOLY;MPM00048421784-2;N02290IL;07/11/2025 19:22:16;5d_Retiro Tienda Ripley Talca;Castro;Irene;;"8 Oriente 1212 ";" 2do Piso. Modulo Retiro en Tienda";;;TALCA;VII REGION;CL;Castro;Irene;;4 oriente con 7 norte  1798;;;;TALCA;VII REGION;CL;24990;0;990;0;25980;0;CLP
000000551904;24108311901-A;07/11/2025 21:18:46;Recibido;36990;0;36990;6658;0.0000;30332;1;BLAZER CUELLO CRUZADO KHAKI NICOPOLY;MPM10002843162-2;N05299LM-7;07/11/2025 21:18:47;10d_Retiro Tienda Ripley Calama;Guerrero;Clara;;"Balmaceda 3242, Calama ";" 2do Piso. Servicio al Cliente";;;CALAMA;II REGION;CL;Guerrero;Clara;;La reconquista 3497;;;;CALAMA;II REGION;CL;36990;0;0;0;36990;0;CLP
000000551904;24108324601-A;07/11/2025 21:25:24;Recibido;24990;990;25980;4498;0.0000;20492;1;PANTALÓN MUJER NICOPOLY KHAKI PIERNA ANCHA;MPM10001856322-4;N04017LM-5;07/11/2025 21:25:25;10d_Retiro Tienda Ripley Calama;Guerrero;Clara;;"Balmaceda 3242, Calama ";" 2do Piso. Servicio al Cliente";;;CALAMA;II REGION;CL;Guerrero;Clara;;La reconquista 3497;;;;CALAMA;II REGION;CL;24990;0;990;0;25980;0;CLP
000000551904;24108542201-A;07/11/2025 23:23:10;Reembolsado;16990;990;17980;3058;0.0000;13932;1;CÁRDIGAN MUJER NICOPOLY NEGRO RAYADO;MPM10002160518-2;N05236BM;07/11/2025 23:23:11;5d_Retiro Tienda Ripley Valparaíso;Pinto Lopez;Priscila;;"Plaza Victoria 1646 ";" 4to Piso. Servicio al Cliente";;;VALPARAISO;V REGION;CL;Pinto Lopez;Priscila;;Republica 4 4;;;;VALPARAISO;V REGION;CL;16990;0;990;0;17980;0;CLP
000000551904;24108648101-A;08/11/2025 00:49:56;Recibido;37990;0;37990;6838;0.0000;31152;1;BLAZER BOLSILLOS Y BOTÓN CELESTE NICOPOLY;MPM10001752431-3;N04260CS-5;08/11/2025 00:49:57;5d_Retiro Tienda Ripley Los Ángeles;"Rivas ";"Elizabeth ";;"Valdivia 440, Los Angeles ";" 3er Piso. Servicio al Cliente";;;LOS ANGELES;VIII REGION;CL;Gutierrez;Matias;;Los Olmos 847;;;;LOS ANGELES;VIII REGION;CL;37990;0;0;0;37990;0;CLP
000000551904;24108664801-A;08/11/2025 01:09:10;Reembolsado;25990;990;26980;4678;0.0000;21312;1;TOP ENCAJE ESCOTE V NEGRO NICOPOLY;MPM10003037647-2;N06094BS;08/11/2025 01:09:11;10d_Retiro Tienda Ripley Antofagasta;Ghisolfo Flores;Dayanna;;"Arturo Prat 530 ";" 4to Piso. Servicio al Cliente";;;ANTOFAGASTA;II REGION;CL;Ghisolfo Flores;Dayanna;;Avenida Arturo Perez Canto 458;;;;ANTOFAGASTA;II REGION;CL;25990;0;990;0;26980;0;CLP
000000551904;24108992301-A;08/11/2025 11:42:46;Recibido;28990;990;29980;5218;0.0000;23772;1;ENTERITO CUELLO MOCK BURDEO NICOPOLY;MPM10002627263-1;N05313TS;08/11/2025 11:42:47;8d_Retiro Tienda Ripley Castellón;Soto;"Matias ";;"Castellon 520, Concepcion ";6to Piso. Servicio al Cliente;;;CONCEPCION;VIII REGION;CL;Chandia;Juana;;Copiapó 37;;;;CONCEPCION;VIII REGION;CL;28990;0;990;0;29980;0;CLP
000000551904;24109046101-A;08/11/2025 12:15:10;Recibido;31990;0;31990;5758;0.0000;26232;1;ENTERITO CUELLO MOCK BURDEO NICOPOLY;MPM10002627263-3;N05313TM;08/11/2025 12:15:11;5d_Retiro Tienda Ripley Los Andes;Bonilla;Javiera;;"Santa Teresita 683 ";2do Piso. Servicio al Cliente;;;LOS ANDES;V REGION;CL;Bonilla;Javiera;;San martin 941;;;;LOS ANDES;V REGION;CL;31990;0;0;0;31990;0;CLP
000000551904;24109082501-A;08/11/2025 12:38:32;Recibido;36990;0;36990;6658;0.0000;30332;1;BLAZER LARGO MANGA DRAPEADA AZUL MEDIO NICOPOLY;MPM10001465239-2;N04262KXL;08/11/2025 12:38:33;8d_Retiro Tienda Ripley Puerto Montt;"Mansilla ";"Lilian ";;"Urmeneta 595, Puerto Montt ";4to Piso. Servicio al Cliente;;;PTO.MONTT;X REGION;CL;Mancilla;Natalia;;Mirador del bosque norte  1507;;;;PTO.MONTT;X REGION;CL;36990;0;0;0;36990;0;CLP
000000551904;24109195501-A;08/11/2025 13:47:16;Recibido;34290;6045;40335;6172;0.0000;28118;1;VESTIDO AJUSTADO CUT OUT NEGRO NICOPOLY;MPM10003037319-2;N06146BL;08/11/2025 13:47:18;Flujo Crossdock- Ripley PAQ;Núnez Vivar;Katerine;;Chinchilla 1487;S/N;;;CALAMA;II REGION;CL;Núnez Vivar;Katerine;;Chinchilla 1487;;;;CALAMA;II REGION;CL;34290;0;6045;0;40335;0;CLP
000000551904;24109195501-A;08/11/2025 13:47:16;Recibido;38990;6045;45035;7018;0.0000;31972;1;VESTIDO CAMISERO MUJER NICOPOLY AZUL MARINO CINTURÓN;MPM10002128942-3;N05259PL;08/11/2025 13:47:18;Flujo Crossdock- Ripley PAQ;Núnez Vivar;Katerine;;Chinchilla 1487;S/N;;;CALAMA;II REGION;CL;Núnez Vivar;Katerine;;Chinchilla 1487;;;;CALAMA;II REGION;CL;38990;0;6045;0;45035;0;CLP
000000551904;24109245401-A;08/11/2025 14:24:53;Recibido;32990;990;33980;5938;0.0000;27052;1;VESTIDO LARGO CUELLO MOCK BURDEO NICOPOLY;MPM10002627268-3;N05311TS;08/11/2025 14:24:54;8d_Retiro Tienda Ripley Coquimbo;Dubo;Pamela Dubo;;"Baquedano 86 ";" 1er Piso. Servicio al Cliente";;;COQUIMBO;IV REGION;CL;Dubo;Pamela Dubo;;Calle chonchon N 630;;;;COQUIMBO;IV REGION;CL;32990;0;990;0;33980;0;CLP
000000551904;24109385401-A;08/11/2025 15:51:35;Recibido;28990;0;28990;5218;0.0000;23772;1;VESTIDO FLOREADO BOTONES DELANTEROS FUCSIA NICOPOLY;MPM10003037311-3;N06054SM;08/11/2025 15:51:36;4d_Retiro Tienda Ripley Plaza Egaña;Montenegro;Elizabeth;;"Larrain 5800 ";" 3er Piso. Modulo Retiro en Tienda";;;NUNOA;REG.METROPOLITANA;CL;Montenegro;Elizabeth;;Suarez mujica 411;;;;NUNOA;REG.METROPOLITANA;CL;28990;0;0;0;28990;0;CLP
000000551904;24109385401-A;08/11/2025 15:51:35;Reembolsado;28990;0;28990;5218;0.0000;23772;1;VESTIDO FLOREADO BOTONES DELANTEROS FUCSIA NICOPOLY;MPM10003037311-4;N06054SL;08/11/2025 15:51:36;4d_Retiro Tienda Ripley Plaza Egaña;Montenegro;Elizabeth;;"Larrain 5800 ";" 3er Piso. Modulo Retiro en Tienda";;;NUNOA;REG.METROPOLITANA;CL;Montenegro;Elizabeth;;Suarez mujica 411;;;;NUNOA;REG.METROPOLITANA;CL;28990;0;0;0;28990;0;CLP
000000551904;24109438401-A;08/11/2025 16:22:47;Reembolsado;36990;0;36990;6658;0.0000;30332;1;BLAZER CUELLO CRUZADO ROJO NICOPOLY;MPM10002842890-1;N05299DS-7;08/11/2025 16:22:49;10d_Retiro Tienda Ripley Iquique;Oviedo;Claudia;;"Vivar 550 ";" 4to Piso. Servicio al Cliente";;;IQUIQUE;I REGION;CL;Oviedo;Claudia;;AVENIDA SALVADOR ALLENDE GOSSENS 1668;;;;IQUIQUE;I REGION;CL;36990;0;0;0;36990;0;CLP
000000551904;24109444901-A;08/11/2025 16:25:58;Recibido;29990;0;29990;5398;0.0000;24592;1;BLAZER FLOREADO NEGRO NICOPOLY;MPM10002627264-1;N05320BS;08/11/2025 16:26:00;10d_Retiro Tienda Ripley Antofagasta;Vigorena;Ximena;;"Arturo Prat 530 ";" 4to Piso. Servicio al Cliente";;;ANTOFAGASTA;II REGION;CL;Vigorena;Ximena;;El yodo 8265;;;;ANTOFAGASTA;II REGION;CL;29990;0;0;0;29990;0;CLP
000000551904;24109444901-A;08/11/2025 16:25:58;Recibido;29990;0;29990;5398;0.0000;24592;1;BLAZER FLOREADO CELESTE NICOPOLY;MPM10002627259-3;N05320KS;08/11/2025 16:26:00;10d_Retiro Tienda Ripley Antofagasta;Vigorena;Ximena;;"Arturo Prat 530 ";" 4to Piso. Servicio al Cliente";;;ANTOFAGASTA;II REGION;CL;Vigorena;Ximena;;El yodo 8265;;;;ANTOFAGASTA;II REGION;CL;29990;0;0;0;29990;0;CLP
000000551904;24109490301-A;08/11/2025 16:50:06;Reembolsado;43990;0;43990;7918;0.0000;36072;1;FULFILLMENT-ENTERITO CINTURON AJUSTABLE VERDE OSCURO NICOPOLY;MPM10003037784-1;N06091EL-FF;08/11/2025 16:50:08;FF_MATRIX;Vicencio;Marianela;;Belisario Prats 1460;401;;;INDEPENDENC;REG.METROPOLITANA;CL;Vicencio;Marianela;;Belisario Prats 1460;;;;INDEPENDENC;REG.METROPOLITANA;CL;43990;0;0;0;43990;0;CLP
000000551904;24109899401-A;08/11/2025 20:28:19;Recibido;107940;330;108270;19429;0.0000;88511;6;CAMISA MUJER NICOPOLY ROJO BÁSICA;MPM10002128973-1;N05181DM;08/11/2025 20:28:20;10d_Retiro Tienda Ripley Pto. Montt Costanera;Gil Hoyos;Maria;;"Juan Soler Manfredini 10 ";" 6to Piso. Modulo Retiro en Tienda";;;PTO.MONTT;X REGION;CL;Gil Hoyos;Maria;;Diego de Almagro norte 2550 2550;;;;PTO.MONTT;X REGION;CL;107940;0;330;0;108270;0;CLP
000000551904;24109899401-A;08/11/2025 20:28:19;Recibido;35980;330;36310;6476;0.0000;29504;2;CAMISA MUJER NICOPOLY ROJO BÁSICA;MPM10002128973-4;N05181DL;08/11/2025 20:28:20;10d_Retiro Tienda Ripley Pto. Montt Costanera;Gil Hoyos;Maria;;"Juan Soler Manfredini 10 ";" 6to Piso. Modulo Retiro en Tienda";;;PTO.MONTT;X REGION;CL;Gil Hoyos;Maria;;Diego de Almagro norte 2550 2550;;;;PTO.MONTT;X REGION;CL;35980;0;330;0;36310;0;CLP
000000551904;24109899401-A;08/11/2025 20:28:19;Recibido;35980;330;36310;6476;0.0000;29504;2;CAMISA MUJER NICOPOLY ROJO BÁSICA;MPM10002128973-3;N05181DS;08/11/2025 20:28:20;10d_Retiro Tienda Ripley Pto. Montt Costanera;Gil Hoyos;Maria;;"Juan Soler Manfredini 10 ";" 6to Piso. Modulo Retiro en Tienda";;;PTO.MONTT;X REGION;CL;Gil Hoyos;Maria;;Diego de Almagro norte 2550 2550;;;;PTO.MONTT;X REGION;CL;35980;0;330;0;36310;0;CLP
000000551904;24109911202-A;08/11/2025 20:34:05;Reembolsado;31990;0;31990;5758;0.0000;26232;1;BLAZER MUJER NICOPOLY ROJO CUELLO MAO;MPM10002160481-4;N00156DL-6;08/11/2025 20:34:06;5d_Retiro Tienda Ripley El Trébol;Berrios;Karen;;"Avenida Jorge Alessandri 3177 ";" 3er Piso. Modulo Retiro en Tienda";;;TALCAHUANO;VIII REGION;CL;Berrios;Karen;;Avenida santa María  7550;;;;TALCAHUANO;VIII REGION;CL;31990;0;0;0;31990;0;CLP
000000551904;24109919201-A;08/11/2025 20:41:33;Recibido;32990;990;33980;5938;0.0000;27052;1;BLAZER 6 BOTONES NEGRO;MPM10002912800-3;N06001BM;08/11/2025 20:41:35;4d_Retiro Tienda Ripley San Bernardo;Estolaza;Guillermo;;"Av. Pdte. Jorge Alessandri Rodríguez 20040, San Bernardo ";2do Piso. Modulo Retiro en Tienda;;;SN.BERNARDO;REG.METROPOLITANA;CL;Estolaza;Johanna;;las brisas el romeral san bernardo 11;;;;SN.BERNARDO;REG.METROPOLITANA;CL;32990;0;990;0;33980;0;CLP
000000551904;24109993302-A;08/11/2025 21:20:46;Reembolsado;24990;0;24990;4498;0.0000;20492;1;CHAQUETA CORTA TIPO GAMUZA CAMEL NICOPOLY;MPM10002635827-1;N05173UXL;08/11/2025 21:20:47;5d_Retiro Tienda Ripley Mall Concepción;Toledo;Geraldine;;"Barros Arana 1068, Concepcion ";" 3er Piso. Modulo Retiro en Tienda";;;CONCEPCION;VIII REGION;CL;Toledo;Geraldine;;Pasaje 1  22;;;;CONCEPCION;VIII REGION;CL;24990;0;0;0;24990;0;CLP
000000551904;24109993302-A;08/11/2025 21:20:46;Reembolsado;24990;0;24990;4498;0.0000;20492;1;CHAQUETA CORTA TIPO GAMUZA BLANCO INVIERNO INVIERNO NICOPOLY;MPM10002635829-1;N05173AL;08/11/2025 21:20:47;5d_Retiro Tienda Ripley Mall Concepción;Toledo;Geraldine;;"Barros Arana 1068, Concepcion ";" 3er Piso. Modulo Retiro en Tienda";;;CONCEPCION;VIII REGION;CL;Toledo;Geraldine;;Pasaje 1  22;;;;CONCEPCION;VIII REGION;CL;24990;0;0;0;24990;0;CLP
000000551904;24110004201-A;08/11/2025 21:27:16;Recibido;29990;990;30980;5398;0.0000;24592;1;BLAZER MUJER NICOPOLY NEGRO LAZO DELANTERO;MPM10002128962-1;N05276BL;08/11/2025 21:27:17;5d_Retiro Tienda Ripley El Trébol;Escobar;Nicole;;"Avenida Jorge Alessandri 3177 ";" 3er Piso. Modulo Retiro en Tienda";;;TALCAHUANO;VIII REGION;CL;Escobar;Nicole;;Nicolas 1755;;;;TALCAHUANO;VIII REGION;CL;29990;0;990;0;30980;0;CLP
000000551904;24110058801-A;08/11/2025 21:56:11;Reembolsado;20990;990;21980;3778;0.0000;17212;1;ENTERITO MUJER NICOPOLY VERDE OLIVA LAZO Y HEBILLA;MPM10001849448-3;N04058MM-5;08/11/2025 21:56:13;4d_Retiro Tienda Ripley Puente;Cuba;Miriam;;"21 de Mayo 698 ";4to Piso. Modulo Retiro en Tienda;;;SANTIAGO;REG.METROPOLITANA;CL;Cuba;Miriam;;General roca 1821;;;;SANTIAGO;REG.METROPOLITANA;CL;20990;0;990;0;21980;0;CLP
000000551904;24110263301-A;08/11/2025 23:49:14;Recibido;34990;0;34990;6298;0.0000;28692;1;FULFILLMENT-BLAZER CUELLO SIN SOLAPA BLANCO NICOPOLY;MPM10002975137-4;N05140AL-FF;08/11/2025 23:49:16;FF_MATRIX;Zarzola;Patricia;;MANUEL CASTRO RAMOS 2415;D 261;;;IQUIQUE;I REGION;CL;Zarzola;Patricia;;MANUEL CASTRO RAMOS 2415;;;;IQUIQUE;I REGION;CL;34990;0;0;0;34990;0;CLP
000000551904;24110558801-A;09/11/2025 09:36:22;Reembolsado;17990;0;17990;3238;0.0000;14752;1;GILET 4 BOTONES NEGRO NICOPOLY;MPM10002842883-3;N05262BS-7;09/11/2025 09:36:24;4d_Retiro Tienda Ripley Costanera Center;Mellado;Katherine;;"Avenida Andrés Bello 2422 ";" 1er Piso. Modulo Retiro en Tienda";;;PROVIDENCIA;REG.METROPOLITANA;CL;Mellado;Katherine;;Duble Almeyda 4798;;;;PROVIDENCIA;REG.METROPOLITANA;CL;17990;0;0;0;17990;0;CLP
000000551904;24110589001-A;09/11/2025 10:08:35;Recibido;14990;0;14990;2698;0.0000;12292;1;FULFILLMENT-POLERA SIN MANGAS LEOPARDO CAFE  NICOPOLY;MPM10002995221-4;N05124UXL-FF;09/11/2025 10:08:36;FF_MATRIX_STS;Araya;"Dafne ";;"Barros Arana 1068, Concepcion ";" 3er Piso. Modulo Retiro en Tienda";;;CONCEPCION;VIII REGION;CL;Montesinos;Fabiola;;Las Araucarias 070;;;;CONCEPCION;VIII REGION;CL;14990;0;0;0;14990;0;CLP
000000551904;24110600301-A;09/11/2025 10:19:48;Recibido;34990;990;35980;6298;0.0000;28692;1;BLAZER MUJER NICOPOLY MORADO CUELLO MAO;MPM10002160537-4;N00156ZM-6;09/11/2025 10:19:49;4d_Retiro Tienda Ripley Los Dominicos;Lucca;Valeria;;"Padre Hurtado Sur 875 ";1er Piso. Servicio al Cliente;;;LAS CONDES;REG.METROPOLITANA;CL;Lucca;Valeria;;duqueco 1965 torre 4 depto 1965;;;;LAS CONDES;REG.METROPOLITANA;CL;34990;0;990;0;35980;0;CLP
000000551904;24110782001-A;09/11/2025 12:11:51;Recibido;26990;990;27980;4858;0.0000;22132;1;BLAZER LARGO DE TOPE NEGRO NICOPOLY;MPM10002635853-2;N05275BM;09/11/2025 12:11:52;4d_Retiro Tienda Ripley San Bernardo;Veliz;Sara;;"Av. Pdte. Jorge Alessandri Rodríguez 20040, San Bernardo ";2do Piso. Modulo Retiro en Tienda;;;SN.BERNARDO;REG.METROPOLITANA;CL;Veliz;Sara;;avenida central 1349;;;;SN.BERNARDO;REG.METROPOLITANA;CL;26990;0;990;0;27980;0;CLP
000000551904;24110815001-A;09/11/2025 12:31:34;Recibido;21990;0;21990;3958;0.0000;18032;1;CARDIGAN TIPO CROCHET HILO NEGRO NICOPOLY;MPM10002950627-3;N06084BM;09/11/2025 12:31:36;5d_Retiro Tienda Ripley Chillán;Valladares;Sylvia;;"5 de Abril 699 ";4to Piso. Centro de atención al Cliente;;;CHILLAN;VIII REGION;CL;Valladares;Sylvia;;Pasaje antilhue  1045;;;;CHILLAN;VIII REGION;CL;21990;0;0;0;21990;0;CLP
000000551904;24110891901-A;09/11/2025 13:10:52;Reembolsado;48990;0;48990;8818;0.0000;40172;1;FULFILLMENT-ENTERITO HALTER CON CINTURON LAZO FUCSIA NICOPOLY;MPM10003037781-3;N05036SM-FF;09/11/2025 13:10:54;FF_MATRIX_STS;Oviedo;Claudia;;"Vivar 550 ";" 4to Piso. Servicio al Cliente";;;IQUIQUE;I REGION;CL;Oviedo;Claudia;;AVENIDA SALVADOR ALLENDE GOSSENS 1668;;;;IQUIQUE;I REGION;CL;48990;0;0;0;48990;0;CLP
000000551904;24110945901-A;09/11/2025 13:41:00;Recibido;20990;495;21485;3778;0.0000;17212;1;GILET LARGO CON BOTONES NEGRO;MPM10002910447-3;N06135BL;09/11/2025 13:41:02;5d_Retiro Tienda Ripley Mall Concepción;Olivares;Yasmina;;"Barros Arana 1068, Concepcion ";" 3er Piso. Modulo Retiro en Tienda";;;CONCEPCION;VIII REGION;CL;Olivares;Yasmina;;Minero Delirio Alarcon Picarte dos  1789;;;;CONCEPCION;VIII REGION;CL;20990;0;495;0;21485;0;CLP
000000551904;24110945901-A;09/11/2025 13:41:00;Recibido;20990;495;21485;3778;0.0000;17212;1;GILET LARGO CON BOTONES CAFE;MPM10002910425-3;N06135UL;09/11/2025 13:41:02;5d_Retiro Tienda Ripley Mall Concepción;Olivares;Yasmina;;"Barros Arana 1068, Concepcion ";" 3er Piso. Modulo Retiro en Tienda";;;CONCEPCION;VIII REGION;CL;Olivares;Yasmina;;Minero Delirio Alarcon Picarte dos  1789;;;;CONCEPCION;VIII REGION;CL;20990;0;495;0;21485;0;CLP
000000551904;24110960101-A;09/11/2025 13:51:11;Reembolsado;19990;0;19990;3598;0.0000;16392;1;GILET LEOPARD CAFE  NICOPOLY;MPM10002842888-4;N05304LM-7;09/11/2025 13:51:13;Flujo Crossdock- Ripley PAQ;Espinoza;Eivy;;Senador Matte 074;S/N;;;RECOLETA;REG.METROPOLITANA;CL;Espinoza;Eivy;;Senador Matte 074;;;;RECOLETA;REG.METROPOLITANA;CL;19990;0;0;0;19990;0;CLP
000000551904;24111288801-A;09/11/2025 16:37:03;Recibido;31990;0;31990;5758;0.0000;26232;1;ENTERITO MUJER NICOPOLY NEGRO CRUZADO 2 BOTONES;MPM10002122126-1;N05308BM;09/11/2025 16:37:04;5d_Retiro Tienda Ripley El Trébol;Lagos Salgado;Elda Lidia;;"Avenida Jorge Alessandri 3177 ";" 3er Piso. Modulo Retiro en Tienda";;;TALCAHUANO;VIII REGION;CL;Lagos Salgado;Elda Lidia;;Pasaje 16 floresta 3 2678;;;;TALCAHUANO;VIII REGION;CL;31990;0;0;0;31990;0;CLP
000000551904;24111370901-A;09/11/2025 17:13:05;Recibido;16090;990;17080;2896;0.0000;13194;1;POLERA ENCAJE ESCOTE NUDO ROSADO NICOPOLY;MPM10002951852-2;N06107HM;09/11/2025 17:13:06;10d_Retiro Tienda Ripley Iquique;Cayo;Karen;;"Vivar 550 ";" 4to Piso. Servicio al Cliente";;;IQUIQUE;I REGION;CL;Cayo;Karen;;Matilla 3451;;;;IQUIQUE;I REGION;CL;16090;0;990;0;17080;0;CLP
000000551904;24111463701-A;09/11/2025 17:56:51;Reembolsado;32990;990;33980;5938;0.0000;27052;1;BLAZER 6 BOTONES NEGRO;MPM10002912800-4;N06001BXL;09/11/2025 17:56:52;5d_Retiro Tienda Ripley Talca;Valenzuela;Carla;;"8 Oriente 1212 ";" 2do Piso. Modulo Retiro en Tienda";;;TALCA;VII REGION;CL;Valenzuela;Carla;;Talca, maule 1355;;;;TALCA;VII REGION;CL;32990;0;990;0;33980;0;CLP
000000551904;24111508701-A;09/11/2025 18:18:18;Recibido;21990;9990;31980;3958;0.0000;18032;1;CÁRDIGAN MUJER NICOPOLY BLANCO INVIERNO CROP PERLAS;MPM10002160500-1;N05227AS;09/11/2025 18:18:19;Flujo Crossdock- Ripley PAQ;Gonzalez Correa;Maria Angelica;;avenida juan pablo II 484;S/N;;;PANGUIPULLI;XIV REGION;CL;Gonzalez Correa;Maria Angelica;;avenida juan pablo II 484;;;;PANGUIPULLI;XIV REGION;CL;21990;0;9990;0;31980;0;CLP
000000551904;24111618501-A;09/11/2025 19:11:14;Recibido;20990;0;20990;3778;0.0000;17212;1;GILET LARGO CON BOTONES BLANCO;MPM10002910437-2;N06135AL;09/11/2025 19:11:15;5d_Retiro Tienda Ripley La Calera;"Baez ";"Ximena ";;"JJ Perez 90, La Calera ";" 2do Piso. Modulo Retiro en Tienda";;;LA CALERA;V REGION;CL;"Baez ";"Ximena ";;Poblacion manuela figueroa los maiten 1372;;;;LA CALERA;V REGION;CL;20990;0;0;0;20990;0;CLP
000000551904;24111662801-A;09/11/2025 19:30:16;Reembolsado;48990;990;49980;8818;0.0000;40172;1;VESTIDO LARGO FLOREADO ROSADO NICOPOLY;MPM10003037833-4;N06076SM;09/11/2025 19:30:17;5d_Retiro Tienda Ripley Talca;Cliente;Javiera;;"8 Oriente 1212 ";" 2do Piso. Modulo Retiro en Tienda";;;TALCA;VII REGION;CL;Cliente;Javiera;;30 oriente 1420;;;;TALCA;VII REGION;CL;48990;0;990;0;49980;0;CLP
000000551904;24111680401-A;09/11/2025 19:37:11;Recibido;29990;990;30980;5398;0.0000;24592;1;BLAZER 6 BOTONES NEGRO;MPM10002912800-3;N06001BM;09/11/2025 19:37:12;6d_Retiro Tienda Ripley Nueva Valdivia;Flores Nilian;Andrea Alejandra;;"Arauco 561 ";" 3er Piso. Servicio al Cliente";;;VALDIVIA;XIV REGION;CL;Flores Nilian;Andrea Alejandra;;Pasaje Barcelona 120;;;;VALDIVIA;XIV REGION;CL;29990;0;990;0;30980;0;CLP
000000551904;24111684701-A;09/11/2025 19:39:19;Recibido;20290;990;21280;3652;0.0000;16638;1;GILET HALTER ESPALDA DESCUBIERTA BLANCO NICOPOLY;MPM10002977123-1;N06065AS;09/11/2025 19:39:21;8d_Retiro Tienda Ripley Castellón;Briones;Karina;;"Castellon 520, Concepcion ";6to Piso. Servicio al Cliente;;;CONCEPCION;VIII REGION;CL;Briones;Karina;;freire 746;;;;CONCEPCION;VIII REGION;CL;20290;0;990;0;21280;0;CLP
000000551904;24111744101-A;09/11/2025 20:04:37;Recibido;45990;990;46980;8278;0.0000;37712;1;VESTIDO TUL FLOREADO FUCSIA NICOPOLY;MPM10003032203-3;N06108SM;09/11/2025 20:04:39;8d_Retiro Tienda Ripley Coquimbo;Robles;Massamy;;"Baquedano 86 ";" 1er Piso. Servicio al Cliente";;;COQUIMBO;IV REGION;CL;Robles Corts;Juan Humberto;;Ambrosio O'Higgins 144;;;;COQUIMBO;IV REGION;CL;45990;0;990;0;46980;0;CLP
000000551904;24111807701-A;09/11/2025 20:29:34;Recibido;31990;0;31990;5758;0.0000;26232;1;BLAZER PINCELADAS AZUL NICOPOLY;MPM10002627272-3;N05322PM;09/11/2025 20:29:35;10d_Retiro Tienda Ripley Antofagasta;Vigorena;Ximena;;"Arturo Prat 530 ";" 4to Piso. Servicio al Cliente";;;ANTOFAGASTA;II REGION;CL;Vigorena;Ximena;;El yodo 8265;;;;ANTOFAGASTA;II REGION;CL;31990;0;0;0;31990;0;CLP
000000551904;24111986501-A;09/11/2025 21:42:44;Reembolsado;34990;0;34990;6298;0.0000;28692;1;FULFILLMENT-PANTALÓN MUJER NICOPOLY NEGRO PIERNA ANCHA CON PASADOR;MPM10002146394-3;N05298BXL-FF;09/11/2025 21:42:46;FF_MATRIX_STS;Cabezas;Ingrid Lorena;;"Av. Camilo Henríquez 3296, Puente Alto ";2do Piso. Modulo Retiro en Tienda;;;PUENTE ALTO;REG.METROPOLITANA;CL;Cabezas;Ingrid Lorena;;cerro loma larga  3719;;;;PUENTE ALTO;REG.METROPOLITANA;CL;34990;0;0;0;34990;0;CLP
000000551904;24112052301-A;09/11/2025 22:06:07;Recibido;31990;0;31990;5758;0.0000;26232;1;BLAZER UN BOTON KHAKI NICOPOLY;MPM10002635831-3;N05318LL;09/11/2025 22:06:09;5d_Retiro Tienda Ripley Chillán;Aguilera;Solange;;"5 de Abril 699 ";4to Piso. Centro de atención al Cliente;;;CHILLAN;VIII REGION;CL;Aguilera;Solange;;Avenida nueva poniente  482;;;;CHILLAN;VIII REGION;CL;31990;0;0;0;31990;0;CLP
000000551904;24112052301-A;09/11/2025 22:06:07;Recibido;31990;0;31990;5758;0.0000;26232;1;BLAZER UN BOTON AZUL ACERO NICOPOLY;MPM10002635836-3;N05318CL;09/11/2025 22:06:09;5d_Retiro Tienda Ripley Chillán;Aguilera;Solange;;"5 de Abril 699 ";4to Piso. Centro de atención al Cliente;;;CHILLAN;VIII REGION;CL;Aguilera;Solange;;Avenida nueva poniente  482;;;;CHILLAN;VIII REGION;CL;31990;0;0;0;31990;0;CLP
000000551904;24112093801-A;09/11/2025 22:19:38;Recibido;29990;0;29990;5398;0.0000;24592;1;VESTIDO LARGO CUELLO MOCK BURDEO NICOPOLY;MPM10002627268-3;N05311TS;09/11/2025 22:19:39;8d_Retiro Tienda Ripley Coquimbo;"Robles ";Massamy;;"Baquedano 86 ";" 1er Piso. Servicio al Cliente";;;COQUIMBO;IV REGION;CL;Robles Corts;Juan Humberto;;Ambrosio O'Higgins 144;;;;COQUIMBO;IV REGION;CL;29990;0;0;0;29990;0;CLP
000000551904;24112129803-A;09/11/2025 22:36:34;Recibido;17990;0;17990;3238;0.0000;14752;1;CAMISA MUJER NICOPOLY ROJO PLIEGUES CINTURA;MPM10002160478-3;N05267DM;09/11/2025 22:36:35;10d_Retiro Tienda Ripley Portal Temuco;"Sanhueza ";"Constanza ";;"Avenida Alemania 0671 ";3er Piso, Modulo Retiro en Tienda;;;TEMUCO;IX REGION;CL;"Mejias ";"Gladys ";;Cacique Juan Antinao 1885 1885;;;;TEMUCO;IX REGION;CL;17990;0;0;0;17990;0;CLP
000000551904;24112206201-A;09/11/2025 23:01:26;Recibido;29990;990;30980;5398;0.0000;24592;1;BLAZER MUJER NICOPOLY ROJO LAZO DELANTERO;MPM10002128976-3;N05276DS;09/11/2025 23:01:27;5d_Retiro Tienda Ripley Chillán;Concha;Patricia Margarita;;"5 de Abril 699 ";4to Piso. Centro de atención al Cliente;;;CHILLAN;VIII REGION;CL;Concha;Patricia Margarita;;los alerces, villa madrid 963;;;;CHILLAN;VIII REGION;CL;29990;0;990;0;30980;0;CLP
000000551904;24112217701-A;09/11/2025 23:05:30;Reembolsado;25990;990;26980;4678;0.0000;21312;1;VESTIDO CAMISERO ALGODÓN MUJER NICOPOLY CELESTE TIPO DENIM;MPM10001849442-3;N05099KS;09/11/2025 23:05:31;4d_Retiro Tienda Ripley Crillon;Palma;Yanira;;"Agustinas #1025 ";Piso -1. Modulo Retiro en Tienda;;;SANTIAGO;REG.METROPOLITANA;CL;Cortes;Hilda Erika;;Pasaje 2 norte 3864;;;;SANTIAGO;REG.METROPOLITANA;CL;25990;0;990;0;26980;0;CLP
000000551904;24112246701-A;09/11/2025 23:17:10;Recibido;29990;0;29990;5398;0.0000;24592;1;BLAZER FLOREADO CELESTE NICOPOLY;MPM10002627259-2;N05320KL;09/11/2025 23:17:12;5d_Retiro Tienda Ripley Mall Concepción;"Alvial ";"Ingrid ";;"Barros Arana 1068, Concepcion ";" 3er Piso. Modulo Retiro en Tienda";;;CONCEPCION;VIII REGION;CL;"Alvial ";"Ingrid ";;Minero José fierro urra  1461;;;;CONCEPCION;VIII REGION;CL;29990;0;0;0;29990;0;CLP
000000551904;24112302201-A;09/11/2025 23:38:24;Recibido;28990;990;29980;5218;0.0000;23772;1;ENTERITO MUJER NICOPOLY NEGRO CON ENCAJE;MPM10001849465-2;N05040BS;09/11/2025 23:38:25;5d_Retiro Tienda Ripley Los Ángeles;Conejeros;Lilian Alejandra;;"Valdivia 440, Los Angeles ";" 3er Piso. Servicio al Cliente";;;LOS ANGELES;VIII REGION;CL;Conejeros;Lilian Alejandra;;la pena 479;;;;LOS ANGELES;VIII REGION;CL;28990;0;990;0;29980;0;CLP
000000551904;24112352701-A;10/11/2025 00:00:53;Reembolsado;28990;0;28990;5218;0.0000;23772;1;FULFILLMENT-GILET BASICO AJUSTABLE NEGRO NICOPOLY;MPM10002943912-4;N04273BL-7-FF;10/11/2025 00:00:55;FF_MATRIX;Carvajal;"Veronica ";;Pasaje los sauces 916;Casa;;;LA SERENA;IV REGION;CL;Carvajal;"Veronica ";;Pasaje los sauces 916;;;;LA SERENA;IV REGION;CL;28990;0;0;0;28990;0;CLP
000000551904;24112365501-A;10/11/2025 00:06:10;Recibido;32990;0;32990;5938;0.0000;27052;1;BLAZER BASICO DE TOPE KHAKI NICOPOLY;MPM10002843022-1;N05301LM-7;10/11/2025 00:06:11;5d_Retiro Tienda Ripley El Trébol;Garcia;Ana;;"Avenida Jorge Alessandri 3177 ";" 3er Piso. Modulo Retiro en Tienda";;;TALCAHUANO;VIII REGION;CL;Garcia;Ana;;Jaime Repullo Torre E 2803;;;;TALCAHUANO;VIII REGION;CL;32990;0;0;0;32990;0;CLP
000000551904;24112375201-A;10/11/2025 00:11:50;Recibido;29990;0;29990;5398;0.0000;24592;1;BLAZER MUJER NICOPOLY ROJO LAZO DELANTERO;MPM10002128976-3;N05276DS;10/11/2025 00:11:52;10d_Retiro Tienda Ripley Calama;"Huerta lvarez ";"Gabriela ";;"Balmaceda 3242, Calama ";" 2do Piso. Servicio al Cliente";;;CALAMA;II REGION;CL;"Huerta lvarez ";"Gabriela ";;11 de Septiembre  3366;;;;CALAMA;II REGION;CL;29990;0;0;0;29990;0;CLP
000000551904;24112526101-A;10/11/2025 07:32:24;Recibido;17990;990;18980;3238;0.0000;14752;1;GILET 4 BOTONES BEIGE NICOPOLY;MPM10002842899-2;N05262LL-7;10/11/2025 07:32:25;4d_Retiro Tienda Ripley Huechuraba;Zarhi Espinoza;Karim;;"Av. Americo Vespucio Norte 1737 ";" 2do Piso. Modulo Retiro en Tienda";;;HUECHURABA;REG.METROPOLITANA;CL;Zarhi Espinoza;Karim;;La capilla 1415;;;;HUECHURABA;REG.METROPOLITANA;CL;17990;0;990;0;18980;0;CLP
000000551904;24112591001-A;10/11/2025 09:01:53;Reembolsado;36990;0;36990;6658;0.0000;30332;1;BLAZER DE TOPE MANGA 3/4 RECOGIDA CELESTE NICOPOLY;MPM10002842900-1;N03049CM-7;10/11/2025 09:01:55;10d_Retiro Tienda Ripley Calama;Medrano;Celia;;"Balmaceda 3242, Calama ";" 2do Piso. Servicio al Cliente";;;CALAMA;II REGION;CL;Medrano;Celia;;pje los cactus 765;;;;CALAMA;II REGION;CL;36990;0;0;0;36990;0;CLP
000000551904;24112595301-A;10/11/2025 09:36:44;Recibido;33990;990;34980;6118;0.0000;27872;1;ENTERITO ESCOTE CRUZADO BURDEO NICOPOLY;MPM10003031626-1;N05044TS;10/11/2025 09:36:45;5d_Retiro Tienda Ripley Curicó;Cifuentes;Carolina;;"Av.OHiggins 201 ";" 2do Piso. Servicio al Cliente";;;CURICO;VII REGION;CL;Cifuentes;Carolina;;Villa don Sebastián pasaje 4 1561;;;;CURICO;VII REGION;CL;33990;0;990;0;34980;0;CLP
000000551904;24112842101-A;10/11/2025 11:23:37;Recibido;33990;990;34980;6118;0.0000;27872;1;BLAZER SIN MANGAS BOLSILLOS NEGRO;MPM10001752522-4;N04294BS-5;10/11/2025 11:23:39;4d_Retiro Tienda Ripley Florida Center;Placencia;Katherine;;"Vicuña Mackenna Oriente 6100, La Florida ";3er Piso. Modulo Retiro en Tienda;;;LA FLORIDA;REG.METROPOLITANA;CL;Placencia;Katherine;;Queilen 853;;;;LA FLORIDA;REG.METROPOLITANA;CL;33990;0;990;0;34980;0;CLP
000000551904;24112855001-A;10/11/2025 11:27:54;Recibido;28990;990;29980;5218;0.0000;23772;1;ENTERITO MUJER NICOPOLY NEGRO CON ENCAJE;MPM10001849465-2;N05040BS;10/11/2025 11:27:55;11d_Retiro Tienda Ripley Temuco;Porma;Cristian;;"Arturo Prat 656, Temuco ";2do Piso. Modulo Retiro en Tienda;;;TEMUCO;IX REGION;CL;Porma;Cristian;;Santo domingo 566;;;;TEMUCO;IX REGION;CL;28990;0;990;0;29980;0;CLP
000000551904;24112971701-A;10/11/2025 12:21:06;Reembolsado;37990;990;38980;6838;0.0000;31152;1;ENTERITO MUJER NICOPOLY CUT OUT ESCOTE COBRE;MPM10002122129-2;N05303UL;10/11/2025 12:21:08;5d_Retiro Tienda Ripley La Calera;Gonzalez;Veronica;;"JJ Perez 90, La Calera ";" 2do Piso. Modulo Retiro en Tienda";;;LA CALERA;V REGION;CL;Gonzalez;Veronica;;josefina  1044;;;;LA CALERA;V REGION;CL;37990;0;990;0;38980;0;CLP
000000551904;24113058501-A;10/11/2025 12:57:37;Recibido;12990;990;13980;2338;0.0000;10652;1;CALZA MUJER NICOPOLY SKINNY VICHY CON CIERRE BLANCO NEGRO;MPM10002122148-3;N03033AM-6;10/11/2025 12:57:38;5d_Retiro Tienda Ripley Viña del Mar Sucre;Gonzalez;Karen;;"Sucre 290, Viña ";5to Piso. Modulo Retiro en Tienda;;;VI.A DEL MA;V REGION;CL;Gonzalez;Karen;;Concepción 9;;;;VI.A DEL MA;V REGION;CL;12990;0;990;0;13980;0;CLP
000000551904;24113264701-A;10/11/2025 14:44:49;Reembolsado;34990;0;34990;6298;0.0000;28692;1;BLAZER MUJER NICOPOLY VERDE OSCURO CUELLO MAO;MPM10002160487-1;N00156EL-6;10/11/2025 14:44:50;Flujo Crossdock- Ripley PAQ;Barrios;"Josmar ";;FROILAN Roa Sitio 2 5746;905;;;LA FLORIDA;REG.METROPOLITANA;CL;Barrios;"Josmar ";;FROILAN Roa Sitio 2 5746;;;;LA FLORIDA;REG.METROPOLITANA;CL;34990;0;0;0;34990;0;CLP
000000551904;24113307501-A;10/11/2025 15:08:14;Recibido;34990;0;34990;6298;0.0000;28692;1;FULFILLMENT-BLAZER CUELLO SIN SOLAPA NEGRO NICOPOLY;MPM10002975133-2;N05140BS-FF;10/11/2025 15:08:16;FF_MATRIX_STS;Lopez;Veronica;;"Vivar 550 ";" 4to Piso. Servicio al Cliente";;;IQUIQUE;I REGION;CL;Lopez;Veronica;;Pasaje Cuatro 3435;;;;IQUIQUE;I REGION;CL;34990;0;0;0;34990;0;CLP
000000551904;24113489201-A;10/11/2025 16:21:30;Reembolsado;17990;3980;21970;3238;0.0000;14752;1;POLERA ENCAJE ESCOTE NUDO NEGRO NICOPOLY;MPM10002951856-2;N06107BM;10/11/2025 16:21:31;Flujo Crossdock- Ripley PAQ;Donoso;"Lisette ";;Villasana 1451;508torreA;;;QTA. NORMAL;REG.METROPOLITANA;CL;Donoso;"Lisette ";;Villasana 1451;;;;QTA. NORMAL;REG.METROPOLITANA;CL;17990;0;3980;0;21970;0;CLP
000000551904;24113546501-A;10/11/2025 16:43:54;Recibido;28990;990;29980;5218;0.0000;23772;1;ENTERITO CUELLO MOCK BURDEO NICOPOLY;MPM10002627263-2;N05313TL;10/11/2025 16:43:56;4d_Retiro Tienda Ripley Tobalaba;Arias;Marisa;;"Av. Camilo Henríquez 3296, Puente Alto ";2do Piso. Modulo Retiro en Tienda;;;PUENTE ALTO;REG.METROPOLITANA;CL;Arias;Marisa;;Comprensión 1035;;;;PUENTE ALTO;REG.METROPOLITANA;CL;28990;0;990;0;29980;0;CLP
000000551904;24114004001-A;10/11/2025 20:06:07;Recibido;26990;990;27980;4858;0.0000;22132;1;BLAZER MUJER NICOPOLY NEGRO LAZO DELANTERO;MPM10002128962-2;N05276BM;10/11/2025 20:06:08;5d_Retiro Tienda Ripley Los Ángeles;Flores;Melissa;;"Valdivia 440, Los Angeles ";" 3er Piso. Servicio al Cliente";;;LOS ANGELES;VIII REGION;CL;Flores;Melissa;;Chacayal sur hijuela el alamo  Sn;;;;LOS ANGELES;VIII REGION;CL;26990;0;990;0;27980;0;CLP
000000551904;24114309502-A;10/11/2025 21:41:27;Reembolsado;32990;0;32990;5938;0.0000;27052;1;BLAZER BASICO DE TOPE MORADO NICOPOLY;MPM10002843019-2;N05301ZXL-7;10/11/2025 21:41:29;5d_Retiro Tienda Ripley El Trébol;Palma Gallardo;Eduardo;;"Avenida Jorge Alessandri 3177 ";" 3er Piso. Modulo Retiro en Tienda";;;TALCAHUANO;VIII REGION;CL;Palma Gallardo;Eduardo;;Los diaguitas 2212 7;;;;TALCAHUANO;VIII REGION;CL;32990;0;0;0;32990;0;CLP
000000551904;24114379701-A;10/11/2025 22:02:43;Recibido;17990;990;18980;3238;0.0000;14752;1;BLUSA BASICA ESCOTE EN V BLANCO NICOPOLY;MPM10001856331-4;N02493AL-5;10/11/2025 22:02:44;5d_Retiro Tienda Ripley Curicó;Pezoa;Denise;;"Av.OHiggins 201 ";" 2do Piso. Servicio al Cliente";;;CURICO;VII REGION;CL;Pezoa;Denise;;Avenida circunvalación 811;;;;CURICO;VII REGION;CL;17990;0;990;0;18980;0;CLP
000000551904;24114554601-A;10/11/2025 22:44:35;Recibido;23990;990;24980;4318;0.0000;19672;1;GILET LARGO CON BOTONES BLANCO;MPM10002910437-1;N06135AM;10/11/2025 22:44:36;5d_Retiro Tienda Ripley Talca;Caceres;"Adrian ";;"8 Oriente 1212 ";" 2do Piso. Modulo Retiro en Tienda";;;TALCA;VII REGION;CL;Cancino Lopez;Maria Soledad;;Pulluquen 2335;;;;TALCA;VII REGION;CL;23990;0;990;0;24980;0;CLP
000000551904;24114729501-A;10/11/2025 23:32:53;Reembolsado;48990;990;49980;8818;0.0000;40172;1;ENTERITO HALTER CON CINTURON LAZO FUCSIA NICOPOLY;MPM10001752465-3;N05036SL;10/11/2025 23:32:54;10d_Retiro Tienda Ripley Portal Temuco;Colicheo;Johana;;"Avenida Alemania 0671 ";3er Piso, Modulo Retiro en Tienda;;;TEMUCO;IX REGION;CL;Colicheo;Lissette;;Pasaje altramuz 2735;;;;TEMUCO;IX REGION;CL;48990;0;990;0;49980;0;CLP
000000551904;24114778001-A;10/11/2025 23:48:54;Recibido;31990;0;31990;5758;0.0000;26232;1;BLAZER UN BOTON ROJO NICOPOLY;MPM10002635855-2;N05318TM;10/11/2025 23:48:55;5d_Retiro Tienda Ripley Talca;Soliz Bravo;Elsa Isolina;;"8 Oriente 1212 ";" 2do Piso. Modulo Retiro en Tienda";;;TALCA;VII REGION;CL;Soliz Bravo;Elsa Isolina;;Inmaculada concepción 36;;;;TALCA;VII REGION;CL;31990;0;0;0;31990;0;CLP
000000551904;24114862701-A;11/11/2025 00:25:35;Recibido;25990;0;25990;4678;0.0000;21312;1;FULFILLMENT-GILET MUJER NICOPOLY NEGRO BÁSICO 4 BOTONES;MPM10002146380-3;N05262BXL-FF;11/11/2025 00:25:36;FF_MATRIX;Lopez;"Adriana ";;CUESTA LO GONZALEZ CAMINO LLANTEN 00;Casa;;;CHIMBARONGO;VI REGION;CL;Lopez;"Adriana ";;CUESTA LO GONZALEZ CAMINO LLANTEN 00;;;;CHIMBARONGO;VI REGION;CL;25990;0;0;0;25990;0;CLP
000000551904;24115122601-A;11/11/2025 08:36:46;Recibido;30990;990;31980;5578;0.0000;25412;1;ENTERITO MUJER NICOPOLY BLANCO ESCOTE CRUZADO;MPM10001856330-1;N05044AS;11/11/2025 08:36:47;5d_Retiro Tienda Ripley Chillán;Gonzalez;Rocio;;"5 de Abril 699 ";4to Piso. Centro de atención al Cliente;;;CHILLAN;VIII REGION;CL;Gonzalez;Rocio;;Pedro Poblete Vera pasaje 1 95;;;;CHILLAN;VIII REGION;CL;30990;0;990;0;31980;0;CLP
000000551904;24115163001-A;11/11/2025 09:05:07;Recibido;17990;990;18980;3238;0.0000;14752;1;POLERA ENCAJE MANGA LARGA NEGRO NICOPOLY;MPM10002951146-1;N06020BM;11/11/2025 09:05:08;5d_Retiro Tienda Ripley Marina Arauco;Ortiz;Sabrina;;"Avenida Libertad 1348 ";" Piso 4. Modulo Retiro en Tienda";;;VI.A DEL MA;V REGION;CL;Ortiz;Sabrina;;Pasaje el ciruelillo 1453;;;;VI.A DEL MA;V REGION;CL;17990;0;990;0;18980;0;CLP
000000551904;24115241801-A;11/11/2025 09:45:59;Recibido;23990;2745;26735;4318;0.0000;19672;1;VESTIDO LARGO CON ABERTURAS LATERALES NEGRO NICOPOLY;MPM10003031643-2;N06035BM;11/11/2025 09:46:00;Flujo Crossdock- Ripley PAQ;Diaz;Carla;;42 y media oriente B 3563;Casa;;;TALCA;VII REGION;CL;Diaz;Carla;;42 y media oriente B 3563;;;;TALCA;VII REGION;CL;23990;0;2745;0;26735;0;CLP
000000551904;24115241801-A;11/11/2025 09:45:59;Recibido;33990;2745;36735;6118;0.0000;27872;1;VESTIDO CORTO FLORAL CON VUELOS CRUZADOS FUCSIA NICOPOLY;MPM10003037830-3;N06163BM;11/11/2025 09:46:00;Flujo Crossdock- Ripley PAQ;Diaz;Carla;;42 y media oriente B 3563;Casa;;;TALCA;VII REGION;CL;Diaz;Carla;;42 y media oriente B 3563;;;;TALCA;VII REGION;CL;33990;0;2745;0;36735;0;CLP
000000551904;24115256501-A;11/11/2025 09:55:01;Recibido;23990;8990;32980;4318;0.0000;19672;1;VESTIDO LARGO CON ABERTURAS LATERALES NEGRO NICOPOLY;MPM10003031643-2;N06035BM;11/11/2025 09:55:02;Flujo Crossdock- Ripley PAQ;Paredes;Karla;;Arturo prat 364;Ofi;;;ANGOL;IX REGION;CL;Paredes;Karla;;Arturo prat 364;;;;ANGOL;IX REGION;CL;23990;0;8990;0;32980;0;CLP
000000551904;24115262601-A;11/11/2025 09:55:11;Recibido;29990;0;29990;5398;0.0000;24592;1;BLAZER MUJER NICOPOLY NEGRO LAZO DELANTERO;MPM10002128962-3;N05276BS;11/11/2025 09:55:12;Flujo Crossdock- Ripley PAQ;Borquez;Lourdes;;Tarapacá 1324;714;;;SANTIAGO;REG.METROPOLITANA;CL;Borquez;Lourdes;;Tarapacá 1324;;;;SANTIAGO;REG.METROPOLITANA;CL;29990;0;0;0;29990;0;CLP
000000551904;24115383801-A;11/11/2025 10:41:21;Recibido;28990;495;29485;5218;0.0000;23772;1;VESTIDO MUJER NICOPOLY NEGRO CUELLO ALTO;MPM10002128943-2;N05198BM;11/11/2025 10:41:22;4d_Retiro Tienda Ripley Plaza Vespucio;OLIVER;ANAIS;;"Av. Vicuña Mackenna Ote. 7110, La Florida ";3er Piso. Modulo Retiro en Tienda;;;LA FLORIDA;REG.METROPOLITANA;CL;Mora;Rocio;;GEMINIS 1340;;;;LA FLORIDA;REG.METROPOLITANA;CL;28990;0;495;0;29485;0;CLP
000000551904;24115383801-A;11/11/2025 10:41:21;Recibido;17990;495;18485;3238;0.0000;14752;1;MINIFALDA MUJER NICOPOLY NEGRO TAJO;MPM10001713190-1;N05005BM;11/11/2025 10:41:22;4d_Retiro Tienda Ripley Plaza Vespucio;OLIVER;ANAIS;;"Av. Vicuña Mackenna Ote. 7110, La Florida ";3er Piso. Modulo Retiro en Tienda;;;LA FLORIDA;REG.METROPOLITANA;CL;Mora;Rocio;;GEMINIS 1340;;;;LA FLORIDA;REG.METROPOLITANA;CL;17990;0;495;0;18485;0;CLP
000000551904;24115601401-A;11/11/2025 11:57:07;Recibido;19990;990;20980;3598;0.0000;16392;1;BLUSA BASICA BOTONERA INVISIBLE CELESTE NICOPOLY;MPM10001713161-1;N00089KS-5;11/11/2025 11:57:08;4d_Retiro Tienda Ripley Los Dominicos;GOMEZ;ELIZABETH;;"Padre Hurtado Sur 875 ";1er Piso. Servicio al Cliente;;;LAS CONDES;REG.METROPOLITANA;CL;Caceres;Giordana;;pasaje murallon 546;;;;LAS CONDES;REG.METROPOLITANA;CL;19990;0;990;0;20980;0;CLP
000000551904;24115602701-A;11/11/2025 12:00:38;Recibido;49990;0;49990;8998;0.0000;40992;1;FULFILLMENT-BLAZER MANGA 3/4 AJUSTADA CON PLIEGUES BLANCO;MPM10002943892-5;N03049AXL-FF;11/11/2025 12:00:40;FF_MATRIX_STS;Quiñones;Paula;;"Balmaceda 3242, Calama ";" 2do Piso. Servicio al Cliente";;;CALAMA;II REGION;CL;Quiñones;Paula;;Camino a Toconao 53 b;;;;CALAMA;II REGION;CL;49990;0;0;0;49990;0;CLP
000000551904;24115723502-A;11/11/2025 12:41:39;Recibido;32990;3990;36980;5938;0.0000;27052;1;VESTIDO ALGODÓN MUJER NICOPOLY CAFÉ SAFARI CUELLO CAMISERO;MPM10002122834-1;N05268LS;11/11/2025 12:41:40;Flujo Crossdock- Ripley PAQ;Ibanez;Yasna;;Jose Domingo Cañas 2550;1105;;;NUNOA;REG.METROPOLITANA;CL;Ibanez;Yasna;;Jose Domingo Cañas 2550;;;;NUNOA;REG.METROPOLITANA;CL;32990;0;3990;0;36980;0;CLP
000000551904;24115762601-A;11/11/2025 12:55:21;Recibido;26990;2745;29735;4858;0.0000;22132;1;CHAQUETA BOUCLE  BLANCO INVIERNO INVIERNO NICOPOLY;MPM10002646323-3;N05183AM;11/11/2025 12:55:22;Flujo Crossdock- Ripley PAQ;Santiago;Margarita;;Pinares 31;31;;;VALPARAISO;V REGION;CL;Santiago;Margarita;;Pinares 31;;;;VALPARAISO;V REGION;CL;26990;0;2745;0;29735;0;CLP
000000551904;24115762601-A;11/11/2025 12:55:21;Recibido;48990;2745;51735;8818;0.0000;40172;1;ENTERITO MUJER NICOPOLY NEGRO HALTER CON CINTURÓN LAZO;MPM10001752466-1;N05036BL;11/11/2025 12:55:22;Flujo Crossdock- Ripley PAQ;Santiago;Margarita;;Pinares 31;31;;;VALPARAISO;V REGION;CL;Santiago;Margarita;;Pinares 31;;;;VALPARAISO;V REGION;CL;48990;0;2745;0;51735;0;CLP
000000551904;24115958301-A;11/11/2025 14:09:10;Recibido;31990;0;31990;5758;0.0000;26232;1;ENTERITO MUJER NICOPOLY NEGRO CRUZADO 2 BOTONES;MPM10002122126-2;N05308BS;11/11/2025 14:09:11;5d_Retiro Tienda Ripley Valparaíso;Pérez;Luisa;;"Plaza Victoria 1646 ";" 4to Piso. Servicio al Cliente";;;VALPARAISO;V REGION;CL;Pérez;Luisa;;Mexico 1316 B-10;;;;VALPARAISO;V REGION;CL;31990;0;0;0;31990;0;CLP
000000551904;24115997801-A;11/11/2025 14:26:25;Reembolsado;20990;990;21980;3778;0.0000;17212;1;PANTALÓN MUJER NICOPOLY CELESTE TIRO ALTO BÁSICO;MPM10001752484-4;N10373CS-5;11/11/2025 14:26:27;5d_Retiro Tienda Ripley Chillán;"Molina ";"Carla ";;"5 de Abril 699 ";4to Piso. Centro de atención al Cliente;;;CHILLAN;VIII REGION;CL;"Molina ";"Carla ";;Cerro Florida  77;;;;CHILLAN;VIII REGION;CL;20990;0;990;0;21980;0;CLP
000000551904;24116056101-A;11/11/2025 14:46:57;Recibido;31990;990;32980;5758;0.0000;26232;1;TRENCH LAZO HEBILLA NEGRO NICOPOLY;MPM10002635819-2;N05182BS;11/11/2025 14:46:59;5d_Retiro Tienda Ripley Mall Concepción;Tuya Mendoza;Lorena;;"Barros Arana 1068, Concepcion ";" 3er Piso. Modulo Retiro en Tienda";;;CONCEPCION;VIII REGION;CL;Tuya Mendoza;Lorena;;Pasaje 12 6496;;;;CONCEPCION;VIII REGION;CL;31990;0;990;0;32980;0;CLP
000000551904;24116209901-A;11/11/2025 15:32:54;Recibido;31990;0;31990;5758;0.0000;26232;1;ENTERITO MUJER NICOPOLY NEGRO CRUZADO 2 BOTONES;MPM10002122126-1;N05308BM;11/11/2025 15:32:55;10d_Retiro Tienda Ripley Portal Temuco;Espinoza Brevis;Evelyn;;"Avenida Alemania 0671 ";3er Piso, Modulo Retiro en Tienda;;;TEMUCO;IX REGION;CL;Espinoza Brevis;Evelyn;;Avenida Olimpia 1720;;;;TEMUCO;IX REGION;CL;31990;0;0;0;31990;0;CLP
000000551904;24116235702-A;11/11/2025 15:43:07;Recibido;31990;6990;38980;5758;0.0000;26232;1;BLAZER MUJER NICOPOLY NEGRO CUELLO MAO;MPM10002160484-2;N00156BXL-6;11/11/2025 15:43:09;Flujo Crossdock- Ripley PAQ;Sanchez;Tatiana;;Coquimbo 475;Casa;;;SAN ANTONIO;V REGION;CL;Sanchez;Tatiana;;Coquimbo 475;;;;SAN ANTONIO;V REGION;CL;31990;0;6990;0;38980;0;CLP
000000551904;24116259902-A;11/11/2025 15:49:51;Recibido;24990;990;25980;4498;0.0000;20492;1;VESTIDO CAMISERO CEBRA CAFE  NICOPOLY;MPM10002977800-4;N06169US;11/11/2025 15:49:52;5d_Retiro Tienda Ripley Talca;Cespedes;Patricia;;"8 Oriente 1212 ";" 2do Piso. Modulo Retiro en Tienda";;;TALCA;VII REGION;CL;Cespedes;Patricia;;1 y media oriente 25 sur Pucara V 0480;;;;TALCA;VII REGION;CL;24990;0;990;0;25980;0;CLP
000000551904;24116320501-A;11/11/2025 16:06:40;Reembolsado;17990;990;18980;3238;0.0000;14752;1;GILET 4 BOTONES NEGRO NICOPOLY;MPM10002842883-2;N05262BM-7;11/11/2025 16:06:42;4d_Retiro Tienda Ripley Plaza Vespucio;"Gacitua Garrido ";"Catherine Alejandra ";;"Av. Vicuña Mackenna Ote. 7110, La Florida ";3er Piso. Modulo Retiro en Tienda;;;LA FLORIDA;REG.METROPOLITANA;CL;Garrido;Eva;;Santo tomas 783;;;;LA FLORIDA;REG.METROPOLITANA;CL;17990;0;990;0;18980;0;CLP
000000551904;24116335301-A;11/11/2025 16:13:56;Recibido;31990;990;32980;5758;0.0000;26232;1;VESTIDO FLOREADO BOTONES DELANTEROS FUCSIA NICOPOLY;MPM10003037311-1;N06054SXL;11/11/2025 16:13:57;5d_Retiro Tienda Ripley La Calera;Barraza Silva;Cliente;;"JJ Perez 90, La Calera ";" 2do Piso. Modulo Retiro en Tienda";;;LA CALERA;V REGION;CL;Barraza Silva;Cliente;;Manuel Rodríguez 27;;;;LA CALERA;V REGION;CL;31990;0;990;0;32980;0;CLP
000000551904;24116347401-A;11/11/2025 16:16:20;Recibido;26990;2195;29185;4858;0.0000;22132;1;VESTIDO CAMISERO CEBRA CAFE  NICOPOLY;MPM10002977800-1;N06169UM;11/11/2025 16:16:21;Flujo Crossdock- Ripley PAQ;Stitchkin;Angelina;;PASAJE DEL ARREO  274;casa;;;QUILICURA;REG.METROPOLITANA;CL;Stitchkin;Angelina;;PASAJE DEL ARREO  274;;;;QUILICURA;REG.METROPOLITANA;CL;26990;0;2195;0;29185;0;CLP
000000551904;24116347401-A;11/11/2025 16:16:20;Recibido;25990;2195;28185;4678;0.0000;21312;1;VESTIDO MUJER NICOPOLY ROJO STRAPLESS Y ESCOTE V;MPM10001856332-4;N05011DM;11/11/2025 16:16:21;Flujo Crossdock- Ripley PAQ;Stitchkin;Angelina;;PASAJE DEL ARREO  274;casa;;;QUILICURA;REG.METROPOLITANA;CL;Stitchkin;Angelina;;PASAJE DEL ARREO  274;;;;QUILICURA;REG.METROPOLITANA;CL;25990;0;2195;0;28185;0;CLP
000000551904;24116423101-A;11/11/2025 16:44:56;Recibido;34990;0;34990;6298;0.0000;28692;1;ENTERITO MUJER NICOPOLY ROJO CRUZADO 2 BOTONES;MPM10002122131-1;N05308DS;11/11/2025 16:44:57;5d_Retiro Tienda Ripley Rancagua;Miranda lobos;"Karen ";;"José Domingo Mujica 490 ";" 3er Piso. Modulo Retiro en Tienda";;;RANCAGUA;VI REGION;CL;Mena;Hortensia;;Independencia 0129;;;;RANCAGUA;VI REGION;CL;34990;0;0;0;34990;0;CLP
000000551904;24116486801-A;11/11/2025 17:06:08;Recibido;29990;0;29990;5398;0.0000;24592;1;BLAZER LARGO DE TOPE NEGRO NICOPOLY;MPM10002635853-2;N05275BM;11/11/2025 17:06:09;Flujo Crossdock- Ripley PAQ;Merino;Sofia;;Nuestra Señora del Rosario  1633;Depto. 301;;;VITACURA;REG.METROPOLITANA;CL;Merino;Sofia;;Nuestra Señora del Rosario  1633;;;;VITACURA;REG.METROPOLITANA;CL;29990;0;0;0;29990;0;CLP
000000551904;24116526901-A;11/11/2025 17:18:04;Recibido;31990;7990;39980;5758;0.0000;26232;1;BLAZER UN BOTON ROJO NICOPOLY;MPM10002635855-2;N05318TM;11/11/2025 17:18:05;Flujo Crossdock- Ripley PAQ;Soto Diaz;Sandra;;Prieto 477;S/N;;;CONSTITUCIO;VII REGION;CL;Soto Diaz;Sandra;;Prieto 477;;;;CONSTITUCIO;VII REGION;CL;31990;0;7990;0;39980;0;CLP
000000551904;24116699601-A;11/11/2025 18:16:38;Reembolsado;36990;2745;39735;6658;0.0000;30332;1;PANTALÓN PALAZZO MUJER NICOPOLY MAGENTA TAJOS;MPM10001503442-1;N10369ZXL-4;11/11/2025 18:16:40;Flujo Crossdock- Ripley PAQ;Cliente;Marjorie;;Cerro techado 07681;S/N;;;PUENTE ALTO;REG.METROPOLITANA;CL;Cliente;Marjorie;;Cerro techado 07681;;;;PUENTE ALTO;REG.METROPOLITANA;CL;36990;0;2745;0;39735;0;CLP
000000551904;24116699601-A;11/11/2025 18:16:38;Reembolsado;19990;2745;22735;3598;0.0000;16392;1;CROP TOP ESPALDA ELASTICADA MAGENTA NICOPOLY;MPM10001503477-3;N10368ZXL-4;11/11/2025 18:16:40;Flujo Crossdock- Ripley PAQ;Cliente;Marjorie;;Cerro techado 07681;S/N;;;PUENTE ALTO;REG.METROPOLITANA;CL;Cliente;Marjorie;;Cerro techado 07681;;;;PUENTE ALTO;REG.METROPOLITANA;CL;19990;0;2745;0;22735;0;CLP
000000551904;24116723301-A;11/11/2025 18:23:10;Recibido;31990;990;32980;5758;0.0000;26232;1;ENTERITO MUJER NICOPOLY ROJO CRUZADO 2 BOTONES;MPM10002122131-1;N05308DS;11/11/2025 18:23:11;4d_Retiro Tienda Ripley Puente;Bori;Marta;;"21 de Mayo 698 ";4to Piso. Modulo Retiro en Tienda;;;SANTIAGO;REG.METROPOLITANA;CL;Bori;Marta;;Avda. Errazuriz 930;;;;SANTIAGO;REG.METROPOLITANA;CL;31990;0;990;0;32980;0;CLP
000000551904;24116851901-A;11/11/2025 19:07:32;Recibido;26990;4990;31980;4858;0.0000;22132;1;VESTIDO TIPO SATIN FLOREADO ROSADO NICOPOLY;MPM10003037324-3;N06159HM;11/11/2025 19:07:33;Flujo Crossdock- Ripley PAQ;BASTIAS;CARLOS;;Pasaje Castor 0225;S/N;;;PUENTE ALTO;REG.METROPOLITANA;CL;BASTIAS;CARLOS;;Pasaje Castor 0225;;;;PUENTE ALTO;REG.METROPOLITANA;CL;26990;0;4990;0;31980;0;CLP
000000551904;24117027901-A;11/11/2025 20:11:55;Recibido;9990;990;10980;1798;0.0000;8192;1;POLERA ESCOTE EN V BASICA ROSADO NICOPOLY;MPM10002968382-2;N06124HXL;11/11/2025 20:11:57;4d_Retiro Tienda Ripley Los Dominicos;Medel Galvez;Karen;;"Padre Hurtado Sur 875 ";1er Piso. Servicio al Cliente;;;LAS CONDES;REG.METROPOLITANA;CL;Medel Galvez;Karen;;nueva bilbao 9058;;;;LAS CONDES;REG.METROPOLITANA;CL;9990;0;990;0;10980;0;CLP
000000551904;24117042501-A;11/11/2025 20:15:15;Recibido;34990;0;34990;6298;0.0000;28692;1;BLAZER UN BOTON NEGRO NICOPOLY;MPM10002635845-2;N05318BM;11/11/2025 20:15:16;10d_Retiro Tienda Ripley Portal Temuco;Salazar;Carolina;;"Avenida Alemania 0671 ";3er Piso, Modulo Retiro en Tienda;;;TEMUCO;IX REGION;CL;Salazar;Carolina;;Quino 0712;;;;TEMUCO;IX REGION;CL;34990;0;0;0;34990;0;CLP
000000551904;24117066301-A;11/11/2025 20:22:24;Reembolsado;17990;0;17990;3238;0.0000;14752;1;GILET LEOPARD CAFE  NICOPOLY;MPM10002842888-1;N05304LS-7;11/11/2025 20:22:25;5d_Retiro Tienda Ripley Talca;sepulveda;iska;;"8 Oriente 1212 ";" 2do Piso. Modulo Retiro en Tienda";;;TALCA;VII REGION;CL;Henriquez Moya;Joan Esteban;;San javier 361, villa doña antonia 361;;;;TALCA;VII REGION;CL;17990;0;0;0;17990;0;CLP
000000551904;24117069301-A;11/11/2025 20:22:32;Recibido;36990;0;36990;6658;0.0000;30332;1;FULFILLMENT-PANTALON MUJER NICOPOLY BLANCO MEZCLA LINO;MPM10003037772-2;N05020AS-FF;11/11/2025 20:22:33;FF_MATRIX;Hamilton;Laura;;Av el golf de manquehue 10182;S/N;;;LO BARNECHEA;REG.METROPOLITANA;CL;Hamilton;Laura;;Av el golf de manquehue 10182;;;;LO BARNECHEA;REG.METROPOLITANA;CL;36990;0;0;0;36990;0;CLP
000000551904;24117079401-A;11/11/2025 20:30:08;Recibido;19990;4990;24980;3598;0.0000;16392;1;GILET LEOPARD CAFE  NICOPOLY;MPM10002842888-4;N05304LM-7;11/11/2025 20:30:09;Flujo Crossdock- Ripley PAQ;Cobian;"Claudia ";;Portales oriente 686;Casa;;;SN.BERNARDO;REG.METROPOLITANA;CL;Cobian;"Claudia ";;Portales oriente 686;;;;SN.BERNARDO;REG.METROPOLITANA;CL;19990;0;4990;0;24980;0;CLP
000000551904;24117309001-A;11/11/2025 21:36:38;Recibido;19990;4990;24980;3598;0.0000;16392;1;CÁRDIGAN MUJER NICOPOLY BLANCO INVIERNO CROP PERLAS;MPM10002160500-3;N05227AL;11/11/2025 21:36:39;Flujo Crossdock- Ripley PAQ;Martinez Vasquez;Daniela;;Laguna invernada  1498;S/N;;;TALCA;VII REGION;CL;Martinez Vasquez;Daniela;;Laguna invernada  1498;;;;TALCA;VII REGION;CL;19990;0;4990;0;24980;0;CLP
000000551904;24117381401-A;11/11/2025 21:56:06;Recibido;16990;0;16990;3058;0.0000;13932;1;SWEATER BASICO PERLAS GRIS NICOPOLY;MPM10002842903-3;N03095NS-7;11/11/2025 21:56:07;5d_Retiro Tienda Ripley Marina Arauco;Letelier;Cristian;;"Avenida Libertad 1348 ";" Piso 4. Modulo Retiro en Tienda";;;VI.A DEL MA;V REGION;CL;Vergara;Katherine;;Ortiz de rozas  445;;;;VI.A DEL MA;V REGION;CL;16990;0;0;0;16990;0;CLP
000000551904;24117377501-A;11/11/2025 21:57:28;Reembolsado;34990;0;34990;6298;0.0000;28692;1;BLAZER MUJER NICOPOLY MORADO CUELLO MAO;MPM10002160537-3;N00156ZXL-6;11/11/2025 21:57:30;Flujo Crossdock- Ripley PAQ;Polanco;Eduardo;;San Martin 873;406;;;SANTIAGO;REG.METROPOLITANA;CL;Polanco;Eduardo;;San Martin 873;;;;SANTIAGO;REG.METROPOLITANA;CL;34990;0;0;0;34990;0;CLP
000000551904;24117544801-A;11/11/2025 22:34:49;Reembolsado;19990;990;20980;3598;0.0000;16392;1;BLUSA CUELLO MAO TIPO SATÍN ROJO NICOPOLY;MPM10001465211-3;N04264DL;11/11/2025 22:34:51;4d_Retiro Tienda Ripley Crillon;Leiva Bohle;Loreto Bessy;;"Agustinas #1025 ";Piso -1. Modulo Retiro en Tienda;;;SANTIAGO;REG.METROPOLITANA;CL;Leiva Bohle;Loreto Bessy;;Escandinavia  240;;;;SANTIAGO;REG.METROPOLITANA;CL;19990;0;990;0;20980;0;CLP
000000551904;24117586801-A;11/11/2025 22:42:52;Recibido;28990;990;29980;5218;0.0000;23772;1;ENTERITO CUELLO MOCK BURDEO NICOPOLY;MPM10002627263-2;N05313TL;11/11/2025 22:42:53;10d_Retiro Tienda Ripley Portal Temuco;Morales;Jeannette Marisol;;"Avenida Alemania 0671 ";3er Piso, Modulo Retiro en Tienda;;;TEMUCO;IX REGION;CL;Morales;Jeannette Marisol;;Gustavo Adolfo Becker 3581;;;;TEMUCO;IX REGION;CL;28990;0;990;0;29980;0;CLP
000000551904;24117605401-A;11/11/2025 22:48:52;Recibido;29990;0;29990;5398;0.0000;24592;1;BLAZER LARGO DE TOPE NEGRO NICOPOLY;MPM10002635853-1;N05275BL;11/11/2025 22:48:53;10d_Retiro Tienda Ripley Antofagasta;Mena Sovino;Catalina;;"Arturo Prat 530 ";" 4to Piso. Servicio al Cliente";;;ANTOFAGASTA;II REGION;CL;Mena Sovino;Catalina;;Avenida Edmundo Perez Zujovic 7130;;;;ANTOFAGASTA;II REGION;CL;29990;0;0;0;29990;0;CLP
000000551904;24117636201-A;11/11/2025 22:54:27;Recibido;31990;2990;34980;5758;0.0000;26232;1;ENTERITO MUJER NICOPOLY ROJO CRUZADO 2 BOTONES;MPM10002122131-3;N05308DM;11/11/2025 22:54:29;Flujo Crossdock- Ripley PAQ;Aranda;Yohana;;ALONSO DAVILA  los conquistadores 01811;S/N;;;TEMUCO;IX REGION;CL;Aranda;Yohana;;ALONSO DAVILA  los conquistadores 01811;;;;TEMUCO;IX REGION;CL;31990;0;2990;0;34980;0;CLP
000000551904;24117734301-A;11/11/2025 23:19:51;Recibido;26990;990;27980;4858;0.0000;22132;1;BLAZER MUJER NICOPOLY NEGRO LAZO DELANTERO;MPM10002128962-3;N05276BS;11/11/2025 23:19:53;5d_Retiro Tienda Ripley Curicó;"Aranguiz ";"Catalina ";;"Av.OHiggins 201 ";" 2do Piso. Servicio al Cliente";;;CURICO;VII REGION;CL;"Aranguiz ";"Catalina ";;Villa Samuel perez calle 1 1671;;;;CURICO;VII REGION;CL;26990;0;990;0;27980;0;CLP
000000551904;24117742501-A;11/11/2025 23:20:38;Reembolsado;37990;0;37990;6838;0.0000;31152;1;BLAZER BOLSILLOS CON SOLAPAS KHAKI NICOPOLY;MPM10001437613-3;N04260LM;11/11/2025 23:20:39;5d_Retiro Tienda Ripley Viña del Mar Sucre;Diaz Gomez;Barbara;;"Sucre 290, Viña ";5to Piso. Modulo Retiro en Tienda;;;VI.A DEL MA;V REGION;CL;Diaz Gomez;Barbara;;av borinquen 234;;;;VI.A DEL MA;V REGION;CL;37990;0;0;0;37990;0;CLP
000000551904;24117742501-A;11/11/2025 23:20:38;Reembolsado;26990;0;26990;4858;0.0000;22132;1;BLAZER MUJER NICOPOLY ROJO LAZO DELANTERO;MPM10002128976-2;N05276DM;11/11/2025 23:20:39;5d_Retiro Tienda Ripley Viña del Mar Sucre;Diaz Gomez;Barbara;;"Sucre 290, Viña ";5to Piso. Modulo Retiro en Tienda;;;VI.A DEL MA;V REGION;CL;Diaz Gomez;Barbara;;av borinquen 234;;;;VI.A DEL MA;V REGION;CL;26990;0;0;0;26990;0;CLP
000000551904;24117742501-A;11/11/2025 23:20:38;Recibido;31990;0;31990;5758;0.0000;26232;1;BLAZER UN BOTON KHAKI NICOPOLY;MPM10002635831-2;N05318LM;11/11/2025 23:20:39;5d_Retiro Tienda Ripley Viña del Mar Sucre;Diaz Gomez;Barbara;;"Sucre 290, Viña ";5to Piso. Modulo Retiro en Tienda;;;VI.A DEL MA;V REGION;CL;Diaz Gomez;Barbara;;av borinquen 234;;;;VI.A DEL MA;V REGION;CL;31990;0;0;0;31990;0;CLP
000000551904;24117750601-A;11/11/2025 23:23:59;Recibido;17990;0;17990;3238;0.0000;14752;1;SOBRECAMISA ALGODÓN MUJER NICOPOLY BLANCO INVIERNO COTELÉ;MPM10002160503-3;N05201AL;11/11/2025 23:24:01;5d_Retiro Tienda Ripley La Calera;Loyola;Josefa;;"JJ Perez 90, La Calera ";" 2do Piso. Modulo Retiro en Tienda";;;LA CALERA;V REGION;CL;Vargas;Paulina;;Belen  18;;;;LA CALERA;V REGION;CL;17990;0;0;0;17990;0;CLP
000000551904;24117832401-A;11/11/2025 23:46:46;Reembolsado;32990;0;32990;5938;0.0000;27052;1;BLAZER BASICO DE TOPE ROJO NICOPOLY;MPM10002843023-1;N05301DXL-7;11/11/2025 23:46:48;4d_Retiro Tienda Ripley Tobalaba;Chiappa;Andrea;;"Av. Camilo Henríquez 3296, Puente Alto ";2do Piso. Modulo Retiro en Tienda;;;PUENTE ALTO;REG.METROPOLITANA;CL;Chiappa;Andrea;;Avenida Troncal San Francisco 2128;;;;PUENTE ALTO;REG.METROPOLITANA;CL;32990;0;0;0;32990;0;CLP
000000551904;24117832401-A;11/11/2025 23:46:46;Reembolsado;25990;0;25990;4678;0.0000;21312;1;PANTALON BASICO ROJO NICOPOLY;MPM10002842867-1;N05298DXL-7;11/11/2025 23:46:48;4d_Retiro Tienda Ripley Tobalaba;Chiappa;Andrea;;"Av. Camilo Henríquez 3296, Puente Alto ";2do Piso. Modulo Retiro en Tienda;;;PUENTE ALTO;REG.METROPOLITANA;CL;Chiappa;Andrea;;Avenida Troncal San Francisco 2128;;;;PUENTE ALTO;REG.METROPOLITANA;CL;25990;0;0;0;25990;0;CLP
000000551904;24117839701-A;11/11/2025 23:49:06;Reembolsado;31990;330;32320;5758;0.0000;26232;1;BLAZER MUJER NICOPOLY MORADO CUELLO MAO;MPM10002160537-4;N00156ZM-6;11/11/2025 23:49:08;4d_Retiro Tienda Ripley Costanera Center;Troncoso;Marcia;;"Avenida Andrés Bello 2422 ";" 1er Piso. Modulo Retiro en Tienda";;;PROVIDENCIA;REG.METROPOLITANA;CL;Troncoso;Marcia;;Los Crisantemos 833;;;;PROVIDENCIA;REG.METROPOLITANA;CL;31990;0;330;0;32320;0;CLP
000000551904;24117839701-A;11/11/2025 23:49:06;Reembolsado;31990;330;32320;5758;0.0000;26232;1;BLAZER MUJER NICOPOLY KHAKI CUELLO MAO;MPM10002160480-4;N00156LL-6;11/11/2025 23:49:08;4d_Retiro Tienda Ripley Costanera Center;Troncoso;Marcia;;"Avenida Andrés Bello 2422 ";" 1er Piso. Modulo Retiro en Tienda";;;PROVIDENCIA;REG.METROPOLITANA;CL;Troncoso;Marcia;;Los Crisantemos 833;;;;PROVIDENCIA;REG.METROPOLITANA;CL;31990;0;330;0;32320;0;CLP
000000551904;24117839701-A;11/11/2025 23:49:06;Reembolsado;31990;330;32320;5758;0.0000;26232;1;BLAZER MUJER NICOPOLY NEGRO CUELLO MAO;MPM10002160484-1;N00156BL-6;11/11/2025 23:49:08;4d_Retiro Tienda Ripley Costanera Center;Troncoso;Marcia;;"Avenida Andrés Bello 2422 ";" 1er Piso. Modulo Retiro en Tienda";;;PROVIDENCIA;REG.METROPOLITANA;CL;Troncoso;Marcia;;Los Crisantemos 833;;;;PROVIDENCIA;REG.METROPOLITANA;CL;31990;0;330;0;32320;0;CLP
000000551904;24117858101-A;11/11/2025 23:58:25;Recibido;34990;990;35980;6298;0.0000;28692;1;ENTERITO MUJER NICOPOLY ROJO CRUZADO 2 BOTONES;MPM10002122131-3;N05308DM;11/11/2025 23:58:27;4d_Retiro Tienda Ripley Plaza Vespucio;Huenuan;Maricela;;"Av. Vicuña Mackenna Ote. 7110, La Florida ";3er Piso. Modulo Retiro en Tienda;;;LA FLORIDA;REG.METROPOLITANA;CL;Huenuan;Maricela;;El fundador 13365;;;;LA FLORIDA;REG.METROPOLITANA;CL;34990;0;990;0;35980;0;CLP
000000551904;24118157901-A;12/11/2025 08:15:17;Recibido;34990;0;34990;6298;0.0000;28692;1;ENTERITO MUJER NICOPOLY ROJO CRUZADO 2 BOTONES;MPM10002122131-3;N05308DM;12/11/2025 08:15:18;5d_Retiro Tienda Ripley Viña del Mar Sucre;Mclean Alarcon;Pilar;;"Sucre 290, Viña ";5to Piso. Modulo Retiro en Tienda;;;VI.A DEL MA;V REGION;CL;Mclean Alarcon;Pilar;;Francisco Soza Cousiño 750B;;;;VI.A DEL MA;V REGION;CL;34990;0;0;0;34990;0;CLP
000000551904;24118253901-A;12/11/2025 09:32:20;Recibido;41990;990;42980;7558;0.0000;34432;1;BLAZER BOLSILLOS Y BOTÓN ROJO NICOPOLY;MPM10001752521-2;N04260DS-5;12/11/2025 09:32:21;Flujo Crossdock- Ripley PAQ;Verdugo;Catalina;;Calle siete poniente 1315;Depto;;;TALCA;VII REGION;CL;Verdugo;Catalina;;Calle siete poniente 1315;;;;TALCA;VII REGION;CL;41990;0;990;0;42980;0;CLP
000000551904;24118272501-A;12/11/2025 09:46:53;Recibido;22990;990;23980;4138;0.0000;18852;1;GILET HALTER ESPALDA DESCUBIERTA BLANCO NICOPOLY;MPM10002977123-3;N06065AM;12/11/2025 09:46:54;4d_Retiro Tienda Ripley Plaza Vespucio;Jofre;Valentina;;"Av. Vicuña Mackenna Ote. 7110, La Florida ";3er Piso. Modulo Retiro en Tienda;;;LA FLORIDA;REG.METROPOLITANA;CL;Jofre;Valentina;;Avenida Canal la Luz 3593;;;;LA FLORIDA;REG.METROPOLITANA;CL;22990;0;990;0;23980;0;CLP
000000551904;24118277802-A;12/11/2025 09:50:47;Recibido;17990;8990;26980;3238;0.0000;14752;1;VESTIDO MUJER NICOPOLY CAFE TIPO CAMISERO LEOPARD CAFÉ;MPM10001848651-1;N05123UXL;12/11/2025 09:50:50;Flujo Crossdock- Ripley PAQ;Flores;Joselin Judith;;CALLE PUERTO NATALES 1118;BODEG;;;PTO.MONTT;X REGION;CL;Flores;Joselin Judith;;CALLE PUERTO NATALES 1118;;;;PTO.MONTT;X REGION;CL;17990;0;8990;0;26980;0;CLP
000000551904;24118277801-A;12/11/2025 09:50:47;Recibido;33990;8990;42980;6118;0.0000;27872;1;FULFILLMENT-VESTIDO CAMISERO CEBRA CAFE  NICOPOLY;MPM10002995225-1;N06169UXL-FF;12/11/2025 09:50:49;FF_MATRIX;Flores;Joselin Judith;;CALLE PUERTO NATALES 1118;BODEG;;;PTO.MONTT;X REGION;CL;Flores;Joselin Judith;;CALLE PUERTO NATALES 1118;;;;PTO.MONTT;X REGION;CL;33990;0;8990;0;42980;0;CLP
000000551904;24118315401-A;12/11/2025 10:09:20;Reembolsado;19990;2195;22185;3598;0.0000;16392;1;GILET 4 BOTONES LILA NICOPOLY;MPM10002842896-3;N05262ZL-7;12/11/2025 10:09:22;Flujo Crossdock- Ripley PAQ;Santana;Geraldine;;Coventry 1985;306;;;NUNOA;REG.METROPOLITANA;CL;Santana;Geraldine;;Coventry 1985;;;;NUNOA;REG.METROPOLITANA;CL;19990;0;2195;0;22185;0;CLP
000000551904;24118315401-A;12/11/2025 10:09:20;Reembolsado;22990;2195;25185;4138;0.0000;18852;1;GILET BASICO AJUSTABLE ROJO NICOPOLY;MPM10002842897-4;N04273DL-7;12/11/2025 10:09:22;Flujo Crossdock- Ripley PAQ;Santana;Geraldine;;Coventry 1985;306;;;NUNOA;REG.METROPOLITANA;CL;Santana;Geraldine;;Coventry 1985;;;;NUNOA;REG.METROPOLITANA;CL;22990;0;2195;0;25185;0;CLP
000000551904;24118368101-A;12/11/2025 10:36:43;Recibido;18990;3990;22980;3418;0.0000;15572;1;PANTALÓN MUJER NICOPOLY ROJO TIRO ALTO BÁSICO;MPM10001752474-4;N10373DS-5;12/11/2025 10:36:44;Flujo Crossdock- Ripley PAQ;Rivas;Jonathan;;Padre Orellana 1656;1938;;;SANTIAGO;REG.METROPOLITANA;CL;Rivas;Jonathan;;Padre Orellana 1656;;;;SANTIAGO;REG.METROPOLITANA;CL;18990;0;3990;0;22980;0;CLP
000000551904;24118543301-A;12/11/2025 12:02:31;Recibido;45990;990;46980;8278;0.0000;37712;1;ENTERITO EFECTO DOS PIEZAS NEGRO NICOPOLY;MPM10001752433-1;N04018BL-5;12/11/2025 12:02:32;4d_Retiro Tienda Ripley Plaza Vespucio;Cordova;Carolina;;"Av. Vicuña Mackenna Ote. 7110, La Florida ";3er Piso. Modulo Retiro en Tienda;;;LA FLORIDA;REG.METROPOLITANA;CL;Cordova;Carolina;;Pasaje millapen 8487;;;;LA FLORIDA;REG.METROPOLITANA;CL;45990;0;990;0;46980;0;CLP
000000551904;24118558801-A;12/11/2025 12:13:37;Reembolsado;21990;990;22980;3958;0.0000;18032;1;PANTALÓN MUJER NICOPOLY BLANCO PINZAS TIRO ALTO;MPM10001752491-4;N04120AS-5;12/11/2025 12:13:38;5d_Retiro Tienda Ripley Viña del Mar Sucre;Majmud;Cristina;;"Sucre 290, Viña ";5to Piso. Modulo Retiro en Tienda;;;VI.A DEL MA;V REGION;CL;Majmud;Cristina;;Garay alto 1189;;;;VI.A DEL MA;V REGION;CL;21990;0;990;0;22980;0;CLP
000000551904;24118599401-A;12/11/2025 12:33:39;Recibido;32990;1990;34980;5938;0.0000;27052;1;BLAZER BASICO DE TOPE KHAKI NICOPOLY;MPM10002843022-1;N05301LM-7;12/11/2025 12:33:41;Flujo Crossdock- Ripley PAQ;Araya;Sonia;;Esteban de sosa 530 penco 530;Casa;;;PENCO;VIII REGION;CL;Araya;Sonia;;Esteban de sosa 530 penco 530;;;;PENCO;VIII REGION;CL;32990;0;1990;0;34980;0;CLP
000000551904;24118841501-A;12/11/2025 14:51:33;Recibido;22990;3980;26970;4138;0.0000;18852;1;CARDIGAN TIPO CROCHET BOTONES DORADOS BEIGE NICOPOLY;MPM10002950329-3;N06066AS;12/11/2025 14:51:35;Flujo Crossdock- Ripley PAQ;Gutierrez;Karina;;El huapi 146;S/N;;;QTA.TILCOCO;VI REGION;CL;Gutierrez;Karina;;El huapi 146;;;;QTA.TILCOCO;VI REGION;CL;22990;0;3980;0;26970;0;CLP
000000551904;24118911301-A;12/11/2025 15:26:24;Recibido;28990;0;28990;5218;0.0000;23772;1;FULFILLMENT-GILET BASICO ROSADO NICOPOLY;MPM10002943907-2;N04273HL-FF;12/11/2025 15:26:25;FF_MATRIX;Gonzalez;Ana Karina;;Manuel antonio tocornal  359;Depto 912;;;SANTIAGO;REG.METROPOLITANA;CL;Gonzalez;Ana Karina;;Manuel antonio tocornal  359;;;;SANTIAGO;REG.METROPOLITANA;CL;28990;0;0;0;28990;0;CLP
000000551904;24118965601-A;12/11/2025 15:56:19;Recibido;14990;9990;24980;2698;0.0000;12292;1;TOP ACANALADO HOMBROS CAIDOS NEGRO NICOPOLY;MPM10001856351-3;N05129BL;12/11/2025 15:56:20;Flujo Crossdock- Ripley PAQ;Altamirano;Leonardo;;Lautaro 696;Casa;;;ARICA;XV REGION;CL;Altamirano;Leonardo;;Lautaro 696;;;;ARICA;XV REGION;CL;14990;0;9990;0;24980;0;CLP
000000551904;24118987801-A;12/11/2025 16:13:32;Recibido;31990;0;31990;5758;0.0000;26232;1;ENTERITO CUELLO MOCK BURDEO NICOPOLY;MPM10002627263-2;N05313TL;12/11/2025 16:13:34;10d_Retiro Tienda Ripley Portal Temuco;"Garcia ";Soraida;;"Avenida Alemania 0671 ";3er Piso, Modulo Retiro en Tienda;;;TEMUCO;IX REGION;CL;"Garcia ";Soraida;;Calle4  1078;;;;TEMUCO;IX REGION;CL;31990;0;0;0;31990;0;CLP
000000551904;24119014101-A;12/11/2025 16:24:26;Recibido;38990;3980;42970;7018;0.0000;31972;1;VESTIDO AJUSTADO CUT OUT NEGRO NICOPOLY;MPM10003037319-1;N06146BS;12/11/2025 16:24:27;Flujo Crossdock- Ripley PAQ;Zepeda;Edith;;Villa camino del sol calle Pedro de V 18;S/N;;;LA CRUZ;V REGION;CL;Zepeda;Edith;;Villa camino del sol calle Pedro de V 18;;;;LA CRUZ;V REGION;CL;38990;0;3980;0;42970;0;CLP
000000551904;24119047204-A;12/11/2025 16:41:38;Recibido;28990;6990;35980;5218;0.0000;23772;1;VESTIDO FLOREADO BOTONES DELANTEROS FUCSIA NICOPOLY;MPM10003037311-4;N06054SL;12/11/2025 16:41:40;Flujo Crossdock- Ripley PAQ;Carroza;Joselyne Olga;;pasaje todos los santos 1148;villa;;;LA LIGUA;V REGION;CL;Carroza;Joselyne Olga;;pasaje todos los santos 1148;;;;LA LIGUA;V REGION;CL;28990;0;6990;0;35980;0;CLP
000000551904;24119156001-A;12/11/2025 17:41:07;Recibido;23990;3990;27980;4318;0.0000;19672;1;VESTIDO LARGO CON ABERTURAS LATERALES NEGRO NICOPOLY;MPM10003031643-1;N06035BS;12/11/2025 17:41:08;Flujo Crossdock- Ripley PAQ;Jara;Patricia;;Termas de panimavida 6956;S/N;;;CERRO NAVIA;REG.METROPOLITANA;CL;Jara;Patricia;;Termas de panimavida 6956;;;;CERRO NAVIA;REG.METROPOLITANA;CL;23990;0;3990;0;27980;0;CLP
000000551904;24119356501-A;12/11/2025 19:35:10;Reembolsado;37990;0;37990;6838;0.0000;31152;1;FULFILLMENT-BLAZER MANGA DETALLE DRAPEADO MORADO NICOPOLY;MPM10002975139-2;N02481ZXL-4-FF;12/11/2025 19:35:11;FF_MATRIX;Torres Silva;Ingrid;;Neptuno  2056;Casa;;;QTA. NORMAL;REG.METROPOLITANA;CL;Torres Silva;Ingrid;;Neptuno  2056;;;;QTA. NORMAL;REG.METROPOLITANA;CL;37990;0;0;0;37990;0;CLP
000000551904;24119411401-A;12/11/2025 20:08:42;Recibido;35990;0;35990;6478;0.0000;29512;1;FULFILLMENT-PANTALON VESTIR RECTO CAFE  NICOPOLY;MPM10002952978-1;N06039OS-FF;12/11/2025 20:08:43;FF_MATRIX;Pavez Salgado;Jessica;;4 oriente 6 norte 1701;S/N;;;TALCA;VII REGION;CL;Pavez Salgado;Jessica;;4 oriente 6 norte 1701;;;;TALCA;VII REGION;CL;35990;0;0;0;35990;0;CLP
000000551904;24119411401-A;12/11/2025 20:08:42;Recibido;32990;0;32990;5938;0.0000;27052;1;FULFILLMENT-GILET CROP CON SOLAPA CAFE  NICOPOLY;MPM10002952994-3;N06038OS-FF;12/11/2025 20:08:43;FF_MATRIX;Pavez Salgado;Jessica;;4 oriente 6 norte 1701;S/N;;;TALCA;VII REGION;CL;Pavez Salgado;Jessica;;4 oriente 6 norte 1701;;;;TALCA;VII REGION;CL;32990;0;0;0;32990;0;CLP
000000551904;24119485401-A;12/11/2025 20:47:48;Recibido;7990;0;7990;1438;0.0000;6552;1;TOP SIN MANGAS ACANALADO NEGRO NICOPOLY;MPM10002968378-1;N06133BS;12/11/2025 20:47:50;Flujo Crossdock- Ripley PAQ;Lolas;Gloria;;Jose de Moraleda 4772;S/N;;;LAS CONDES;REG.METROPOLITANA;CL;Lolas;Gloria;;Jose de Moraleda 4772;;;;LAS CONDES;REG.METROPOLITANA;CL;7990;0;0;0;7990;0;CLP
000000551904;24119485401-A;12/11/2025 20:47:48;Recibido;25990;0;25990;4678;0.0000;21312;1;TOP ENCAJE ESCOTE V NEGRO NICOPOLY;MPM10003037647-2;N06094BS;12/11/2025 20:47:50;Flujo Crossdock- Ripley PAQ;Lolas;Gloria;;Jose de Moraleda 4772;S/N;;;LAS CONDES;REG.METROPOLITANA;CL;Lolas;Gloria;;Jose de Moraleda 4772;;;;LAS CONDES;REG.METROPOLITANA;CL;25990;0;0;0;25990;0;CLP
000000551904;24119505101-A;12/11/2025 21:00:18;Recibido;23990;6990;30980;4318;0.0000;19672;1;BLUSA ENCAJE DETALLE LENTEJUELAS BLANCO NICOPOLY;MPM10003032207-2;N06142AS;12/11/2025 21:00:19;Flujo Crossdock- Ripley PAQ;Alonso;Lorena;;Ignacio Carrera Pinto 100;Casa;;;NAVIDAD;VI REGION;CL;Alonso;Lorena;;Ignacio Carrera Pinto 100;;;;NAVIDAD;VI REGION;CL;23990;0;6990;0;30980;0;CLP
000000551904;24119540001-A;12/11/2025 21:15:43;Recibido;19990;0;19990;3598;0.0000;16392;1;CÁRDIGAN MUJER NICOPOLY ROJO CROP PERLAS;MPM10002160522-2;N05227DS;12/11/2025 21:15:44;Flujo Crossdock- Ripley PAQ;Bustos;Helia;;Avda Parque del Este 06760;3;;;PUENTE ALTO;REG.METROPOLITANA;CL;Bustos;Helia;;Avda Parque del Este 06760;;;;PUENTE ALTO;REG.METROPOLITANA;CL;19990;0;0;0;19990;0;CLP
000000551904;24119584702-A;12/11/2025 21:52:35;Recibido;34990;4990;39980;6298;0.0000;28692;1;BLAZER PINCELADAS AZUL NICOPOLY;MPM10002627272-3;N05322PM;12/11/2025 21:52:36;Flujo Crossdock- Ripley PAQ;Mujica;Ignacia;;Cinco y medio poniente 151;1401;;;VI.A DEL MA;V REGION;CL;Mujica;Ignacia;;Cinco y medio poniente 151;;;;VI.A DEL MA;V REGION;CL;34990;0;4990;0;39980;0;CLP
000000551904;24119712801-A;12/11/2025 22:33:57;Recibido;29990;413;30403;5398;0.0000;24592;1;BLAZER 6 BOTONES NEGRO;MPM10002912800-2;N06001BL;12/11/2025 22:33:59;Flujo Crossdock- Ripley PAQ;De La Rosa;Pamela;;Maipú life 1318;305;;;CONCEPCION;VIII REGION;CL;De La Rosa;Pamela;;Maipú life 1318;;;;CONCEPCION;VIII REGION;CL;29990;0;413;0;30403;0;CLP
000000551904;24119712801-A;12/11/2025 22:33:57;Recibido;36990;413;37403;6658;0.0000;30332;1;BLAZER CUELLO CRUZADO KHAKI NICOPOLY;MPM10002843162-1;N05299LL-7;12/11/2025 22:33:59;Flujo Crossdock- Ripley PAQ;De La Rosa;Pamela;;Maipú life 1318;305;;;CONCEPCION;VIII REGION;CL;De La Rosa;Pamela;;Maipú life 1318;;;;CONCEPCION;VIII REGION;CL;36990;0;413;0;37403;0;CLP
000000551904;24119712801-A;12/11/2025 22:33:57;Recibido;32990;413;33403;5938;0.0000;27052;1;BLAZER BASICO DE TOPE ROJO NICOPOLY;MPM10002843023-3;N05301DL-7;12/11/2025 22:33:59;Flujo Crossdock- Ripley PAQ;De La Rosa;Pamela;;Maipú life 1318;305;;;CONCEPCION;VIII REGION;CL;De La Rosa;Pamela;;Maipú life 1318;;;;CONCEPCION;VIII REGION;CL;32990;0;413;0;33403;0;CLP
000000551904;24119712801-A;12/11/2025 22:33:57;Recibido;37990;413;38403;6838;0.0000;31152;1;BLAZER BOLSILLOS Y BOTÓN NEGRO NICOPOLY;MPM10001752517-3;N04260BL-5;12/11/2025 22:33:59;Flujo Crossdock- Ripley PAQ;De La Rosa;Pamela;;Maipú life 1318;305;;;CONCEPCION;VIII REGION;CL;De La Rosa;Pamela;;Maipú life 1318;;;;CONCEPCION;VIII REGION;CL;37990;0;413;0;38403;0;CLP
000000551904;24119712801-A;12/11/2025 22:33:57;Recibido;37990;413;38403;6838;0.0000;31152;1;BLAZER BOLSILLOS CON SOLAPAS KHAKI NICOPOLY;MPM10001437613-1;N04260LL;12/11/2025 22:33:59;Flujo Crossdock- Ripley PAQ;De La Rosa;Pamela;;Maipú life 1318;305;;;CONCEPCION;VIII REGION;CL;De La Rosa;Pamela;;Maipú life 1318;;;;CONCEPCION;VIII REGION;CL;37990;0;413;0;38403;0;CLP
000000551904;24119712801-A;12/11/2025 22:33:57;Recibido;25990;413;26403;4678;0.0000;21312;1;PANTALON BASICO ROJO NICOPOLY;MPM10002842867-4;N05298DM-7;12/11/2025 22:33:59;Flujo Crossdock- Ripley PAQ;De La Rosa;Pamela;;Maipú life 1318;305;;;CONCEPCION;VIII REGION;CL;De La Rosa;Pamela;;Maipú life 1318;;;;CONCEPCION;VIII REGION;CL;25990;0;413;0;26403;0;CLP
000000551904;24119712802-A;12/11/2025 22:33:57;Recibido;49990;0;49990;8998;0.0000;40992;1;FULFILLMENT-BLAZER CUELLO CRUZADO BLANCO NICOPOLY;MPM10002943914-2;N05299AL-FF;12/11/2025 22:33:59;FF_MATRIX;De La Rosa;Pamela;;Maipú life 1318;305;;;CONCEPCION;VIII REGION;CL;De La Rosa;Pamela;;Maipú life 1318;;;;CONCEPCION;VIII REGION;CL;49990;0;0;0;49990;0;CLP
000000551904;24119712802-A;12/11/2025 22:33:57;Reembolsado;44990;0;44990;8098;0.0000;36892;1;FULFILLMENT-BLAZER BASICO DE TOPE BLANCO NICOPOLY;MPM10002943904-2;N05301AL-FF;12/11/2025 22:33:59;FF_MATRIX;De La Rosa;Pamela;;Maipú life 1318;305;;;CONCEPCION;VIII REGION;CL;De La Rosa;Pamela;;Maipú life 1318;;;;CONCEPCION;VIII REGION;CL;44990;0;0;0;44990;0;CLP
000000551904;24119712802-A;12/11/2025 22:33:57;Recibido;34990;0;34990;6298;0.0000;28692;1;FULFILLMENT-PANTALON BASICO ROSADO NICOPOLY;MPM10002952997-4;N05298HM-FF;12/11/2025 22:33:59;FF_MATRIX;De La Rosa;Pamela;;Maipú life 1318;305;;;CONCEPCION;VIII REGION;CL;De La Rosa;Pamela;;Maipú life 1318;;;;CONCEPCION;VIII REGION;CL;34990;0;0;0;34990;0;CLP
000000551904;24119808301-A;12/11/2025 23:13:58;Recibido;26990;990;27980;4858;0.0000;22132;1;BLAZER LARGO DE TOPE NEGRO NICOPOLY;MPM10002635853-1;N05275BL;12/11/2025 23:13:59;5d_Retiro Tienda Ripley Mall Concepción;Rebolledo;Krishna;;"Barros Arana 1068, Concepcion ";" 3er Piso. Modulo Retiro en Tienda";;;CONCEPCION;VIII REGION;CL;Riffo;Angelica;;Maipu 1740;;;;CONCEPCION;VIII REGION;CL;26990;0;990;0;27980;0;CLP
000000551904;24119949301-A;13/11/2025 00:55:19;Recibido;35990;0;35990;6478;0.0000;29512;1;FULFILLMENT-PANTALON VESTIR RECTO BLANCO NICOPOLY;MPM10002952976-2;N06039AXL-FF;13/11/2025 00:55:21;FF_MATRIX;Ossa;Josefa;;Lautaro 374;S/N;;;ANGOL;IX REGION;CL;Ossa;Josefa;;Lautaro 374;;;;ANGOL;IX REGION;CL;35990;0;0;0;35990;0;CLP
000000551904;24119949301-A;13/11/2025 00:55:19;Recibido;25990;0;25990;4678;0.0000;21312;1;FULFILLMENT-GILET 4 BOTONES BLANCO NICOPOLY;MPM10002952977-2;N05262AXL-FF;13/11/2025 00:55:21;FF_MATRIX;Ossa;Josefa;;Lautaro 374;S/N;;;ANGOL;IX REGION;CL;Ossa;Josefa;;Lautaro 374;;;;ANGOL;IX REGION;CL;25990;0;0;0;25990;0;CLP
000000551904;24119960901-A;13/11/2025 01:09:47;Reembolsado;29990;0;29990;5398;0.0000;24592;1;VESTIDO LARGO CUELLO MOCK BURDEO NICOPOLY;MPM10002627268-1;N05311TM;13/11/2025 01:09:49;Flujo Crossdock- Ripley PAQ;Diaz;Carolina;;Paineo 7179;S/N;;;HUECHURABA;REG.METROPOLITANA;CL;Diaz;Carolina;;Paineo 7179;;;;HUECHURABA;REG.METROPOLITANA;CL;29990;0;0;0;29990;0;CLP
000000551904;24119960902-A;13/11/2025 01:09:47;Reembolsado;48990;0;48990;8818;0.0000;40172;1;FULFILLMENT-VESTIDO AJUSTADO CUT OUT NEGRO NICOPOLY;MPM10003043492-1;N06146BL-FF;13/11/2025 01:09:50;FF_MATRIX_DX;Diaz;Carolina;;Paineo 7179;S/N;;;HUECHURABA;REG.METROPOLITANA;CL;Diaz;Carolina;;Paineo 7179;;;;HUECHURABA;REG.METROPOLITANA;CL;48990;0;0;0;48990;0;CLP
000000551904;24120043501-A;13/11/2025 07:44:42;Recibido;26990;990;27980;4858;0.0000;22132;1;BLAZER LARGO DE TOPE NEGRO NICOPOLY;MPM10002635853-1;N05275BL;13/11/2025 07:44:44;5d_Retiro Tienda Ripley Valparaíso;Saavedra;Lacey;;"Plaza Victoria 1646 ";" 4to Piso. Servicio al Cliente";;;VALPARAISO;V REGION;CL;Saavedra;Lacey;;Calle Riquelme 135;;;;VALPARAISO;V REGION;CL;26990;0;990;0;27980;0;CLP
000000551904;24120160501-A;13/11/2025 09:43:29;Recibido;41990;990;42980;7558;0.0000;34432;1;BLAZER BOLSILLOS Y BOTÓN CELESTE NICOPOLY;MPM10001752431-1;N04260CM-5;13/11/2025 09:43:31;8d_Retiro Tienda Ripley Puerto Montt;Becerra;Sandra;;"Urmeneta 595, Puerto Montt ";4to Piso. Servicio al Cliente;;;PTO.MONTT;X REGION;CL;Becerra;Sandra;;Canal Caicaen  Puerta Sur Puerto mont 6072;;;;PTO.MONTT;X REGION;CL;41990;0;990;0;42980;0;CLP
000000551904;24120163502-A;13/11/2025 09:45:15;Recibido;24990;0;24990;4498;0.0000;20492;1;FULFILLMENT-PANTALON TIPO CREPE  ANIMAL PRINT CAFE  NICOPOLY;MPM10002995231-2;N06103UXL-FF;13/11/2025 09:45:16;FF_MATRIX_DX;Perez;Alda;;Las verbenas 8627;801;;;LAS CONDES;REG.METROPOLITANA;CL;Perez;Alda;;Las verbenas 8627;;;;LAS CONDES;REG.METROPOLITANA;CL;24990;0;0;0;24990;0;CLP
000000551904;24120205001-A;13/11/2025 10:11:01;Recibido;19990;2195;22185;3598;0.0000;16392;1;PANTALÓN MUJER NICOPOLY ROJO PINZAS TIRO ALTO;MPM10001752477-2;N04120DM-5;13/11/2025 10:11:02;Flujo Crossdock- Ripley PAQ;Aviles;Cecilia;;guacolda 688;S/N;;;LA FLORIDA;REG.METROPOLITANA;CL;Aviles;Cecilia;;guacolda 688;;;;LA FLORIDA;REG.METROPOLITANA;CL;19990;0;2195;0;22185;0;CLP
000000551904;24120205001-A;13/11/2025 10:11:01;Recibido;25990;2195;28185;4678;0.0000;21312;1;PANTALÓN MUJER NICOPOLY BLANCO CARROT;MPM10002128951-4;N05242AM;13/11/2025 10:11:02;Flujo Crossdock- Ripley PAQ;Aviles;Cecilia;;guacolda 688;S/N;;;LA FLORIDA;REG.METROPOLITANA;CL;Aviles;Cecilia;;guacolda 688;;;;LA FLORIDA;REG.METROPOLITANA;CL;25990;0;2195;0;28185;0;CLP
000000551904;24120207501-A;13/11/2025 10:14:32;Recibido;36990;3990;40980;6658;0.0000;30332;1;BLAZER SIN MANGAS BOLSILLOS CAFE;MPM10002942345-4;N04294OM;13/11/2025 10:14:33;Flujo Crossdock- Ripley PAQ;Cliente;Lorena;;AVENIDA AMERICO VESPUCIO 1456;F 106;;;QUILICURA;REG.METROPOLITANA;CL;Cliente;Lorena;;AVENIDA AMERICO VESPUCIO 1456;;;;QUILICURA;REG.METROPOLITANA;CL;36990;0;3990;0;40980;0;CLP
000000551904;24120297201-A;13/11/2025 11:07:02;Reembolsado;29990;990;30980;5398;0.0000;24592;1;BLAZER 6 BOTONES NEGRO;MPM10002912800-4;N06001BXL;13/11/2025 11:07:03;5d_Retiro Tienda Ripley Rancagua;Varos;Francisca;;"José Domingo Mujica 490 ";" 3er Piso. Modulo Retiro en Tienda";;;RANCAGUA;VI REGION;CL;Varos;Francisca;;Avenida Mauque 0525;;;;RANCAGUA;VI REGION;CL;29990;0;990;0;30980;0;CLP
000000551904;24120345901-A;13/11/2025 11:36:51;Recibido;28990;990;29980;5218;0.0000;23772;1;TRENCH LAZO HEBILLA NEGRO NICOPOLY;MPM10002635819-2;N05182BS;13/11/2025 11:36:53;8d_Retiro Tienda Ripley Castellón;Romero;Consuelo;;"Castellon 520, Concepcion ";6to Piso. Servicio al Cliente;;;CONCEPCION;VIII REGION;CL;Romero;Consuelo;;calle 1 207;;;;CONCEPCION;VIII REGION;CL;28990;0;990;0;29980;0;CLP
000000551904;24120599001-A;13/11/2025 14:02:24;Recibido;25990;990;26980;4678;0.0000;21312;1;TOP ENCAJE ESCOTE V NEGRO NICOPOLY;MPM10003037647-2;N06094BS;13/11/2025 14:02:26;4d_Retiro Tienda Ripley Costanera Center;Atoche Mori;Ingrid;;"Avenida Andrés Bello 2422 ";" 1er Piso. Modulo Retiro en Tienda";;;PROVIDENCIA;REG.METROPOLITANA;CL;Atoche Mori;Ingrid;;San Sebastián 2960;;;;PROVIDENCIA;REG.METROPOLITANA;CL;25990;0;990;0;26980;0;CLP
000000551904;24120763201-A;13/11/2025 15:37:07;Recibido;34990;1596;36586;6298;0.0000;28692;1;BLAZER MUJER NICOPOLY VERDE OSCURO CUELLO MAO;MPM10002160487-1;N00156EL-6;13/11/2025 15:37:09;Flujo Crossdock- Ripley PAQ;Ruiz;Paula;;Nuestra señora del rosario 1057;509;;;VITACURA;REG.METROPOLITANA;CL;Ruiz;Paula;;Nuestra señora del rosario 1057;;;;VITACURA;REG.METROPOLITANA;CL;34990;0;1596;0;36586;0;CLP
000000551904;24120763201-A;13/11/2025 15:37:07;Recibido;34990;1596;36586;6298;0.0000;28692;1;BLAZER MUJER NICOPOLY ROJO CUELLO MAO;MPM10002160481-4;N00156DL-6;13/11/2025 15:37:09;Flujo Crossdock- Ripley PAQ;Ruiz;Paula;;Nuestra señora del rosario 1057;509;;;VITACURA;REG.METROPOLITANA;CL;Ruiz;Paula;;Nuestra señora del rosario 1057;;;;VITACURA;REG.METROPOLITANA;CL;34990;0;1596;0;36586;0;CLP
000000551904;24120763201-A;13/11/2025 15:37:07;Recibido;34990;1596;36586;6298;0.0000;28692;1;BLAZER MUJER NICOPOLY ROJO CUELLO MAO;MPM10002160481-1;N00156DM-6;13/11/2025 15:37:09;Flujo Crossdock- Ripley PAQ;Ruiz;Paula;;Nuestra señora del rosario 1057;509;;;VITACURA;REG.METROPOLITANA;CL;Ruiz;Paula;;Nuestra señora del rosario 1057;;;;VITACURA;REG.METROPOLITANA;CL;34990;0;1596;0;36586;0;CLP
000000551904;24120940801-A;13/11/2025 17:05:27;Recibido;9990;990;10980;1798;0.0000;8192;1;CROP TOP JASPEADO BLANCO NICOPOLY;MPM10001849445-3;N05021AM;13/11/2025 17:05:28;5d_Retiro Tienda Ripley La Calera;Estay;Angela;;"JJ Perez 90, La Calera ";" 2do Piso. Modulo Retiro en Tienda";;;LA CALERA;V REGION;CL;Estay;Angela;;Avenida Alonso zumaeta 1733;;;;LA CALERA;V REGION;CL;9990;0;990;0;10980;0;CLP
000000551904;24121006701-A;13/11/2025 17:38:35;Recibido;25990;495;26485;4678;0.0000;21312;1;PANTALÓN MUJER NICOPOLY BLANCO CARROT;MPM10002128951-4;N05242AM;13/11/2025 17:38:36;4d_Retiro Tienda Ripley Crillon;Gonzalez;Fernanda;;"Agustinas #1025 ";Piso -1. Modulo Retiro en Tienda;;;SANTIAGO;REG.METROPOLITANA;CL;Gonzalez;Fernanda;;Avenida manuel rodriguez sur 540;;;;SANTIAGO;REG.METROPOLITANA;CL;25990;0;495;0;26485;0;CLP
000000551904;24121006701-A;13/11/2025 17:38:35;Recibido;17990;495;18485;3238;0.0000;14752;1;CALZA MUJER NICOPOLY GRAFITO CIERRES DECORATIVOS;MPM10001710250-3;N05049NM;13/11/2025 17:38:36;4d_Retiro Tienda Ripley Crillon;Gonzalez;Fernanda;;"Agustinas #1025 ";Piso -1. Modulo Retiro en Tienda;;;SANTIAGO;REG.METROPOLITANA;CL;Gonzalez;Fernanda;;Avenida manuel rodriguez sur 540;;;;SANTIAGO;REG.METROPOLITANA;CL;17990;0;495;0;18485;0;CLP
000000551904;24121162301-A;13/11/2025 19:09:59;Reembolsado;35990;0;35990;6478;0.0000;29512;1;FULFILLMENT-PANTALÓN MUJER NICOPOLY NEGRO RECTO CON PINZAS;MPM10002146401-1;N04277BM-6-FF;13/11/2025 19:10:00;FF_MATRIX;Matus;Yarela;;Cáceres 153, torres de la alameda 121;Depto;;;RANCAGUA;VI REGION;CL;Matus;Yarela;;Cáceres 153, torres de la alameda 121;;;;RANCAGUA;VI REGION;CL;35990;0;0;0;35990;0;CLP
000000551904;24121276001-A;13/11/2025 20:17:32;Reembolsado;36990;4990;41980;6658;0.0000;30332;1;BLAZER SIN MANGAS BOLSILLOS NEGRO;MPM10001752522-2;N04294BXL-5;13/11/2025 20:17:33;Flujo Crossdock- Ripley PAQ;Pérez Caroca;Belén;;Arrecife 1524;Casa;;;PAINE;REG.METROPOLITANA;CL;Pérez Caroca;Belén;;Arrecife 1524;;;;PAINE;REG.METROPOLITANA;CL;36990;0;4990;0;41980;0;CLP
000000551904;24121283301-A;13/11/2025 20:20:41;Reembolsado;21990;990;22980;3958;0.0000;18032;1;GILET BASICO HILO BLANCO NICOPOLY;MPM10002842882-3;N05264AM-7;13/11/2025 20:20:42;5d_Retiro Tienda Ripley Talca;Eguiluz;Ana Katalina;;"8 Oriente 1212 ";" 2do Piso. Modulo Retiro en Tienda";;;TALCA;VII REGION;CL;Eguiluz;Ana Katalina;;Talca 80;;;;TALCA;VII REGION;CL;21990;0;990;0;22980;0;CLP
000000551904;24121299701-A;13/11/2025 20:31:44;Recibido;49990;0;49990;8998;0.0000;40992;1;FULFILLMENT-BLAZER MANGA 3/4 AJUSTADA CON PLIEGUES MARRON;MPM10002943891-5;N03049OM-FF;13/11/2025 20:31:45;FF_MATRIX;Bahamondes;Paola;;AVENIDA ESPANA ESQUINA GORBEA 397;907;;;SANTIAGO;REG.METROPOLITANA;CL;Bahamondes;Paola;;AVENIDA ESPANA ESQUINA GORBEA 397;;;;SANTIAGO;REG.METROPOLITANA;CL;49990;0;0;0;49990;0;CLP
000000551904;24121354701-A;13/11/2025 20:58:23;Reembolsado;17990;990;18980;3238;0.0000;14752;1;GILET 4 BOTONES VERDE NICOPOLY;MPM10002842869-1;N05262EM-7;13/11/2025 20:58:25;5d_Retiro Tienda Ripley Viña del Mar Sucre;Valenzuela;Adriana;;"Sucre 290, Viña ";5to Piso. Modulo Retiro en Tienda;;;VI.A DEL MA;V REGION;CL;Valenzuela;Adriana;;Pasaje Lord Cochrane Villa Linda 524;;;;VI.A DEL MA;V REGION;CL;17990;0;990;0;18980;0;CLP
000000551904;24121468401-A;13/11/2025 21:59:26;Recibido;31990;3990;35980;5758;0.0000;26232;1;VESTIDO FLOREADO BOTONES DELANTEROS FUCSIA NICOPOLY;MPM10003037311-2;N06054SS;13/11/2025 21:59:27;Flujo Crossdock- Ripley PAQ;Bustos;Alejandra;;camino del monte 5925;S/N;;;LA FLORIDA;REG.METROPOLITANA;CL;Bustos;Alejandra;;camino del monte 5925;;;;LA FLORIDA;REG.METROPOLITANA;CL;31990;0;3990;0;35980;0;CLP
000000551904;24121554601-A;13/11/2025 22:38:03;Recibido;49990;0;49990;8998;0.0000;40992;1;FULFILLMENT-BLAZER MANGA 3/4 AJUSTADA CON PLIEGUES CELESTE NICOPOLY;MPM10002943895-1;N03049KL-5-FF;13/11/2025 22:38:04;FF_MATRIX;Cuadros Ojeda;Constanza;;Los pehuenches 1423;S/N;;;PUENTE ALTO;REG.METROPOLITANA;CL;Cuadros Ojeda;Constanza;;Los pehuenches 1423;;;;PUENTE ALTO;REG.METROPOLITANA;CL;49990;0;0;0;49990;0;CLP
000000551904;24121582501-A;13/11/2025 22:49:02;Recibido;28990;990;29980;5218;0.0000;23772;1;VESTIDO MUJER NICOPOLY NEGRO CUELLO ALTO;MPM10002128943-2;N05198BM;13/11/2025 22:49:03;4d_Retiro Tienda Ripley Plaza Egaña;Echeverria;Mariana;;"Larrain 5800 ";" 3er Piso. Modulo Retiro en Tienda";;;NUNOA;REG.METROPOLITANA;CL;Echeverria;Mariana;;Hamburgo  1027;;;;NUNOA;REG.METROPOLITANA;CL;28990;0;990;0;29980;0;CLP
000000551904;24121596101-A;13/11/2025 22:55:59;Reembolsado;28990;0;28990;5218;0.0000;23772;1;ENTERITO CUELLO MOCK BURDEO NICOPOLY;MPM10002627263-2;N05313TL;13/11/2025 22:56:01;Flujo Crossdock- Ripley PAQ;Calderon;Jenifer;;LOS TOPACIOS 1380 QUILPUE 1380;J504;;;QUILPUE;V REGION;CL;Calderon;Jenifer;;LOS TOPACIOS 1380 QUILPUE 1380;;;;QUILPUE;V REGION;CL;28990;0;0;0;28990;0;CLP
000000551904;24121596101-A;13/11/2025 22:55:59;Reembolsado;61990;0;61990;11158;0.0000;50832;1;VESTIDO LARGO TIRANTES CRUZADOS NEGRO NICOPOLY;MPM10002979450-1;N06145BL;13/11/2025 22:56:01;Flujo Crossdock- Ripley PAQ;Calderon;Jenifer;;LOS TOPACIOS 1380 QUILPUE 1380;J504;;;QUILPUE;V REGION;CL;Calderon;Jenifer;;LOS TOPACIOS 1380 QUILPUE 1380;;;;QUILPUE;V REGION;CL;61990;0;0;0;61990;0;CLP
000000551904;24121596101-A;13/11/2025 22:55:59;Reembolsado;44990;0;44990;8098;0.0000;36892;1;VESTIDO LARGO FLOREADO ROSADO NICOPOLY;MPM10003037833-3;N06076SXL;13/11/2025 22:56:01;Flujo Crossdock- Ripley PAQ;Calderon;Jenifer;;LOS TOPACIOS 1380 QUILPUE 1380;J504;;;QUILPUE;V REGION;CL;Calderon;Jenifer;;LOS TOPACIOS 1380 QUILPUE 1380;;;;QUILPUE;V REGION;CL;44990;0;0;0;44990;0;CLP
000000551904;24121608102-A;13/11/2025 22:59:46;Recibido;25990;990;26980;4678;0.0000;21312;1;TOP ENCAJE ESCOTE V NEGRO NICOPOLY;MPM10003037647-3;N06094BL;13/11/2025 22:59:47;8d_Retiro Tienda Ripley Copiapo;Ramos Bordones;Karina;;"Calle Maipu S/N, Copiapo ";" 2do Piso. Servicio al Cliente";;;COPIAPO;III REGION;CL;Ramos Bordones;Karina;;Viña Fajardo 2630 la viñita del P 2630;;;;COPIAPO;III REGION;CL;25990;0;990;0;26980;0;CLP
000000551904;24121665701-A;13/11/2025 23:30:56;Recibido;12990;495;13485;2338;0.0000;10652;1;BLUSA MANGAS VUELOS NEGRO NICOPOLY;MPM10001856360-2;N00312BM-5;13/11/2025 23:30:57;4d_Retiro Tienda Ripley Arauco Maipu;Ortega;Paola;;"Av. Americo Vespucio 399 ";" 2do Piso. Modulo Retiro en Tienda";;;MAIPU;REG.METROPOLITANA;CL;Ortega;Paola;;Ana Hanga Koe 1252;;;;MAIPU;REG.METROPOLITANA;CL;12990;0;495;0;13485;0;CLP
000000551904;24121665701-A;13/11/2025 23:30:56;Reembolsado;19990;495;20485;3598;0.0000;16392;1;BLUSA CUELLO V TIPO GASA CELESTE NICOPOLY;MPM10001752450-1;N04111KM-5;13/11/2025 23:30:57;4d_Retiro Tienda Ripley Arauco Maipu;Ortega;Paola;;"Av. Americo Vespucio 399 ";" 2do Piso. Modulo Retiro en Tienda";;;MAIPU;REG.METROPOLITANA;CL;Ortega;Paola;;Ana Hanga Koe 1252;;;;MAIPU;REG.METROPOLITANA;CL;19990;0;495;0;20485;0;CLP
000000551904;24121944001-A;14/11/2025 09:26:17;Recibido;37990;0;37990;6838;0.0000;31152;1;FULFILLMENT-BLAZER MANGA DETALLE DRAPEADO MORADO NICOPOLY;MPM10002975139-4;N02481ZM-4-FF;14/11/2025 09:26:18;FF_MATRIX;Tobar;Carolina;;2 oriente 13 sur 92;S/N;;;TALCA;VII REGION;CL;Tobar;Carolina;;2 oriente 13 sur 92;;;;TALCA;VII REGION;CL;37990;0;0;0;37990;0;CLP
000000551904;24122045301-A;14/11/2025 10:41:23;Recibido;17990;190;18180;3238;0.0000;14752;1;VESTIDO MIDI MUJER NICOPOLY ROJO ACANALADO;MPM10001437622-3;N04224DM;14/11/2025 10:41:25;Flujo Crossdock- Ripley PAQ;Arteaga;María;;Avenida Portugal 810;1309;;;SANTIAGO;REG.METROPOLITANA;CL;Arteaga;María;;Avenida Portugal 810;;;;SANTIAGO;REG.METROPOLITANA;CL;17990;0;190;0;18180;0;CLP
000000551904;24122045301-A;14/11/2025 10:41:23;Recibido;28990;190;29180;5218;0.0000;23772;1;ENTERITO CUELLO MOCK AZUL NICOPOLY;MPM10002627273-2;N05313PM;14/11/2025 10:41:25;Flujo Crossdock- Ripley PAQ;Arteaga;María;;Avenida Portugal 810;1309;;;SANTIAGO;REG.METROPOLITANA;CL;Arteaga;María;;Avenida Portugal 810;;;;SANTIAGO;REG.METROPOLITANA;CL;28990;0;190;0;29180;0;CLP
000000551904;24122109701-A;14/11/2025 11:22:30;Reembolsado;28990;0;28990;5218;0.0000;23772;1;FULFILLMENT-GILET HALTER ESPALDA DESCUBIERTA BLANCO NICOPOLY;MPM10002995212-4;N06065AS-FF;14/11/2025 11:22:31;FF_MATRIX_STS;Solis Soto;Edison;;"Av Libertador Bernardo O'Higgins 3470, Santiago ";3er Piso. Modulo Retiro en Tienda;;;EST.CENTRAL;REG.METROPOLITANA;CL;Solis Soto;Edison;;rafael sotomayor 563;;;;EST.CENTRAL;REG.METROPOLITANA;CL;28990;0;0;0;28990;0;CLP
000000551904;24122145701-A;14/11/2025 11:41:31;Recibido;9990;990;10980;1798;0.0000;8192;1;POLERA ESCOTE EN V BASICA CAFE  NICOPOLY;MPM10002967415-4;N06124UL;14/11/2025 11:41:33;5d_Retiro Tienda Ripley Valparaíso;"Rojas Cáceres ";"Denise ";;"Plaza Victoria 1646 ";" 4to Piso. Servicio al Cliente";;;VALPARAISO;V REGION;CL;Caceres;Rossi;;Decima playa ancha 286;;;;VALPARAISO;V REGION;CL;9990;0;990;0;10980;0;CLP
000000551904;24122254601-A;14/11/2025 12:48:40;Recibido;84990;3990;88980;15298;0.0000;69692;1;VESTIDO ENCAJE SIRENA NEGRO NICOPOLY;MPM10003037774-3;N06154BS;14/11/2025 12:48:42;Flujo Crossdock- Ripley PAQ;Malagueo;Violeta;;Gregorio de la Fuente 3100;208;;;MACUL;REG.METROPOLITANA;CL;Malagueo;Violeta;;Gregorio de la Fuente 3100;;;;MACUL;REG.METROPOLITANA;CL;84990;0;3990;0;88980;0;CLP
000000551904;24122832901-A;14/11/2025 18:40:28;Reembolsado;35990;5990;41980;6478;0.0000;29512;1;VESTIDO ASIME TRICO FLORAL VERDE NICOPOLY;MPM10003037797-4;N06173EL;14/11/2025 18:40:29;Flujo Crossdock- Ripley PAQ;Soto;Macarena;;Villa las pircas beatriz urra 30;Casa;;;REQUINOA;VI REGION;CL;Soto;Macarena;;Villa las pircas beatriz urra 30;;;;REQUINOA;VI REGION;CL;35990;0;5990;0;41980;0;CLP
000000551904;24123049601-A;14/11/2025 20:51:28;Recibido;31990;5980;37970;5758;0.0000;26232;1;BLAZER UN BOTON KHAKI NICOPOLY;MPM10002635831-2;N05318LM;14/11/2025 20:51:30;Flujo Crossdock- Ripley PAQ;Perez;Alexia;;18 de septiembre  1484;S/N;;;CABILDO;V REGION;CL;Perez;Alexia;;18 de septiembre  1484;;;;CABILDO;V REGION;CL;31990;0;5980;0;37970;0;CLP
000000551904;24123052702-A;14/11/2025 20:53:14;Recibido;15990;2980;18970;2878;0.0000;13112;1;BLUSA ESCOTE V SIN MANGAS ROJO NICOPOLY;MPM10001919210-3;N05136DM;14/11/2025 20:53:16;Flujo Crossdock- Ripley PAQ;Meza;Cecilia;;El paso el aromo parcela 5;S/N;;;SAN JAVIER;VII REGION;CL;Meza;Cecilia;;El paso el aromo parcela 5;;;;SAN JAVIER;VII REGION;CL;15990;0;2980;0;18970;0;CLP
000000551904;24123145101-A;14/11/2025 21:44:39;Recibido;39990;4990;44980;7198;0.0000;32792;1;BLAZER LARGO MANGA DRAPEADA KHAKI NICOPOLY;MPM10001465243-3;N04262LM;14/11/2025 21:44:40;Flujo Crossdock- Ripley PAQ;Geissbuhler;Karina;;Cerro Santa Lucia 1946;S/N;;;PUENTE ALTO;REG.METROPOLITANA;CL;Geissbuhler;Karina;;Cerro Santa Lucia 1946;;;;PUENTE ALTO;REG.METROPOLITANA;CL;39990;0;4990;0;44980;0;CLP
000000551904;24123323901-A;14/11/2025 23:15:49;Recibido;21990;990;22980;3958;0.0000;18032;1;GILET BASICO HILO BLANCO NICOPOLY;MPM10002842882-3;N05264AM-7;14/11/2025 23:15:50;4d_Retiro Tienda Ripley Plaza Vespucio;ABBATE VARGAS;Laura Paola;;"Av. Vicuña Mackenna Ote. 7110, La Florida ";3er Piso. Modulo Retiro en Tienda;;;LA FLORIDA;REG.METROPOLITANA;CL;ABBATE VARGAS;Laura Paola;;Vicuña Mackenna 7770;;;;LA FLORIDA;REG.METROPOLITANA;CL;21990;0;990;0;22980;0;CLP
000000551904;24123450101-A;15/11/2025 00:43:58;Reembolsado;25990;0;25990;4678;0.0000;21312;1;FULFILLMENT-GILET 4 BOTONES BLANCO NICOPOLY;MPM10002952977-1;N05262AM-FF;15/11/2025 00:44:00;FF_MATRIX;Ulloa;Josefa;;avenida luis durand 3355;S/N;;;TEMUCO;IX REGION;CL;Ulloa;Josefa;;avenida luis durand 3355;;;;TEMUCO;IX REGION;CL;25990;0;0;0;25990;0;CLP
000000551904;24123450101-A;15/11/2025 00:43:58;Reembolsado;44990;0;44990;8098;0.0000;36892;1;FULFILLMENT-BLAZER BASICO DE TOPE BLANCO NICOPOLY;MPM10002943904-1;N05301AM-FF;15/11/2025 00:44:00;FF_MATRIX;Ulloa;Josefa;;avenida luis durand 3355;S/N;;;TEMUCO;IX REGION;CL;Ulloa;Josefa;;avenida luis durand 3355;;;;TEMUCO;IX REGION;CL;44990;0;0;0;44990;0;CLP
000000551904;24123450101-A;15/11/2025 00:43:58;Recibido;34990;0;34990;6298;0.0000;28692;1;FULFILLMENT-PANTALÓN MUJER NICOPOLY NEGRO PIERNA ANCHA CON PASADOR;MPM10002146394-4;N05298BL-FF;15/11/2025 00:44:00;FF_MATRIX;Ulloa;Josefa;;avenida luis durand 3355;S/N;;;TEMUCO;IX REGION;CL;Ulloa;Josefa;;avenida luis durand 3355;;;;TEMUCO;IX REGION;CL;34990;0;0;0;34990;0;CLP
000000551904;24123450101-A;15/11/2025 00:43:58;Recibido;34990;0;34990;6298;0.0000;28692;1;FULFILLMENT-PANTALON BASICO BLANCO NICOPOLY;MPM10002952979-1;N05298AL-FF;15/11/2025 00:44:00;FF_MATRIX;Ulloa;Josefa;;avenida luis durand 3355;S/N;;;TEMUCO;IX REGION;CL;Ulloa;Josefa;;avenida luis durand 3355;;;;TEMUCO;IX REGION;CL;34990;0;0;0;34990;0;CLP
000000551904;24123450101-A;15/11/2025 00:43:58;Recibido;25990;0;25990;4678;0.0000;21312;1;FULFILLMENT-GILET 4 BOTONES BLANCO NICOPOLY;MPM10002952977-4;N05262AL-FF;15/11/2025 00:44:00;FF_MATRIX;Ulloa;Josefa;;avenida luis durand 3355;S/N;;;TEMUCO;IX REGION;CL;Ulloa;Josefa;;avenida luis durand 3355;;;;TEMUCO;IX REGION;CL;25990;0;0;0;25990;0;CLP
000000551904;24123533801-A;15/11/2025 04:57:46;Recibido;29990;6990;36980;5398;0.0000;24592;1;BLAZER 6 BOTONES NEGRO;MPM10002912800-4;N06001BXL;15/11/2025 04:57:47;Flujo Crossdock- Ripley PAQ;Ogalde Silva;Lorena;;Luis Alberto araya 2220;S/N;;;SAN ANTONIO;V REGION;CL;Ogalde Silva;Lorena;;Luis Alberto araya 2220;;;;SAN ANTONIO;V REGION;CL;29990;0;6990;0;36980;0;CLP
000000551904;24123590101-A;15/11/2025 08:48:41;Recibido;33990;0;33990;6118;0.0000;27872;1;VESTIDO CORTO FLORAL CON VUELOS CRUZADOS FUCSIA NICOPOLY;MPM10003037830-1;N06163BS;15/11/2025 08:48:43;Flujo Crossdock- Ripley PAQ;Valladares;Carol;;Antofagasta 3470 , la florida 3470;Casa;;;LA FLORIDA;REG.METROPOLITANA;CL;Valladares;Carol;;Antofagasta 3470 , la florida 3470;;;;LA FLORIDA;REG.METROPOLITANA;CL;33990;0;0;0;33990;0;CLP
000000551904;24123590101-A;15/11/2025 08:48:41;Recibido;19990;0;19990;3598;0.0000;16392;1;SHORT MUJER NICOPOLY BEIGE BÁSICO TIRO ALTO;MPM10002122158-3;N05260GS;15/11/2025 08:48:43;Flujo Crossdock- Ripley PAQ;Valladares;Carol;;Antofagasta 3470 , la florida 3470;Casa;;;LA FLORIDA;REG.METROPOLITANA;CL;Valladares;Carol;;Antofagasta 3470 , la florida 3470;;;;LA FLORIDA;REG.METROPOLITANA;CL;19990;0;0;0;19990;0;CLP
000000551904;24123590102-A;15/11/2025 08:48:41;Recibido;34990;0;34990;6298;0.0000;28692;1;FULFILLMENT-BLAZER CUELLO SIN SOLAPA CELESTE NICOPOLY;MPM10002975125-4;N05140KS-FF;15/11/2025 08:48:43;FF_MATRIX;Valladares;Carol;;Antofagasta 3470 , la florida 3470;Casa;;;LA FLORIDA;REG.METROPOLITANA;CL;Valladares;Carol;;Antofagasta 3470 , la florida 3470;;;;LA FLORIDA;REG.METROPOLITANA;CL;34990;0;0;0;34990;0;CLP
000000551904;24123693501-A;15/11/2025 10:31:58;Recibido;21990;3980;25970;3958;0.0000;18032;1;GILET BASICO HILO NEGRO NICOPOLY;MPM10002842889-2;N05264BS-7;15/11/2025 10:32:00;Flujo Crossdock- Ripley PAQ;Berrios;Leslye;;Martinez de rozas 4494;Casa;;;QTA. NORMAL;REG.METROPOLITANA;CL;Berrios;Leslye;;Martinez de rozas 4494;;;;QTA. NORMAL;REG.METROPOLITANA;CL;21990;0;3980;0;25970;0;CLP
000000551904;24123900501-A;15/11/2025 12:36:31;Recibido;34990;0;34990;6298;0.0000;28692;1;FULFILLMENT-PANTALÓN MUJER NICOPOLY NEGRO PIERNA ANCHA CON PASADOR;MPM10002146394-2;N05298BS-FF;15/11/2025 12:36:32;FF_MATRIX;Villarroel;Pollet;;Chuquicamata 637;Casa;;;LA PINTANA;REG.METROPOLITANA;CL;Villarroel;Pollet;;Chuquicamata 637;;;;LA PINTANA;REG.METROPOLITANA;CL;34990;0;0;0;34990;0;CLP
000000551904;24123929001-A;15/11/2025 12:55:39;Reembolsado;48990;990;49980;8818;0.0000;40172;1;ENTERITO HALTER CON CINTURON LAZO FUCSIA NICOPOLY;MPM10001752465-3;N05036SL;15/11/2025 12:55:40;5d_Retiro Tienda Ripley Quilpué;Tureo;Ivonne;;"Claudio Vicuña 992, Quilpue ";" 3er Piso. Modulo Retiro en Tienda";;;QUILPUE;V REGION;CL;Tureo;Ivonne;;isla quiriquina 1495;;;;QUILPUE;V REGION;CL;48990;0;990;0;49980;0;CLP
000000551904;24123946101-A;15/11/2025 13:06:52;Recibido;27990;3990;31980;5038;0.0000;22952;1;PANTALON BASICO ROJO NICOPOLY;MPM10002842867-4;N05298DM-7;15/11/2025 13:06:53;Flujo Crossdock- Ripley PAQ;Higuera;Fanny;;camino del roble 1334;51;;;HUECHURABA;REG.METROPOLITANA;CL;Higuera;Fanny;;camino del roble 1334;;;;HUECHURABA;REG.METROPOLITANA;CL;27990;0;3990;0;31980;0;CLP
000000551904;24124082001-A;15/11/2025 14:32:31;Reembolsado;23990;4990;28980;4318;0.0000;19672;1;GILET LARGO CON BOTONES BLANCO;MPM10002910437-3;N06135AS;15/11/2025 14:32:32;Flujo Crossdock- Ripley PAQ;Alarcon;Catalina;;Pasaje veintiseis 640;640;;;RANCAGUA;VI REGION;CL;Alarcon;Catalina;;Pasaje veintiseis 640;;;;RANCAGUA;VI REGION;CL;23990;0;4990;0;28980;0;CLP
000000551904;24124114401-A;15/11/2025 14:49:54;Recibido;27990;0;27990;5038;0.0000;22952;1;FULFILLMENT-GILET MEZCLA LINO KHAKI NICOPOLY;MPM10003037780-3;N05019LS-FF;15/11/2025 14:49:55;FF_MATRIX;Valdés Romero;Katherine;;Calle La Empresa 290;Casa;;;QUILICURA;REG.METROPOLITANA;CL;Valdés Romero;Katherine;;Calle La Empresa 290;;;;QUILICURA;REG.METROPOLITANA;CL;27990;0;0;0;27990;0;CLP
000000551904;24124114401-A;15/11/2025 14:49:54;Reembolsado;36990;0;36990;6658;0.0000;30332;1;FULFILLMENT-PANTALON MUJER NICOPOLY BEIGE MEZCLA LINO;MPM10003037754-1;N05020LM-FF;15/11/2025 14:49:55;FF_MATRIX;Valdés Romero;Katherine;;Calle La Empresa 290;Casa;;;QUILICURA;REG.METROPOLITANA;CL;Valdés Romero;Katherine;;Calle La Empresa 290;;;;QUILICURA;REG.METROPOLITANA;CL;36990;0;0;0;36990;0;CLP
000000551904;24124163701-A;15/11/2025 15:20:53;Reembolsado;31990;990;32980;5758;0.0000;26232;1;ENTERITO CUELLO MOCK BURDEO NICOPOLY;MPM10002627263-3;N05313TM;15/11/2025 15:20:55;4d_Retiro Tienda Ripley Crillon;Palma;Ximena Celia;;"Agustinas #1025 ";Piso -1. Modulo Retiro en Tienda;;;SANTIAGO;REG.METROPOLITANA;CL;Palma;Ximena Celia;;Brown Norte 90 1107;;;;SANTIAGO;REG.METROPOLITANA;CL;31990;0;990;0;32980;0;CLP
000000551904;24124369701-A;15/11/2025 17:06:44;Recibido;23990;990;24980;4318;0.0000;19672;1;GILET LARGO CON BOTONES BLANCO;MPM10002910437-2;N06135AL;15/11/2025 17:06:45;4d_Retiro Tienda Ripley Plaza Vespucio;ABBATE VARGAS;Laura Paola;;"Av. Vicuña Mackenna Ote. 7110, La Florida ";3er Piso. Modulo Retiro en Tienda;;;LA FLORIDA;REG.METROPOLITANA;CL;ABBATE VARGAS;Laura Paola;;Vicuña Mackenna 7770;;;;LA FLORIDA;REG.METROPOLITANA;CL;23990;0;990;0;24980;0;CLP
000000551904;24124696601-A;15/11/2025 19:51:43;Recibido;13990;3990;17980;2518;0.0000;11472;1;FALDA MUJER NICOPOLY BURDEO TUBO CIERRE;MPM00084139820-1;N03063TS;15/11/2025 19:51:44;Flujo Crossdock- Ripley PAQ;Riquelme Castro;Katherine;;santa clara  5801;casa;;;SAN MIGUEL;REG.METROPOLITANA;CL;Riquelme Castro;Katherine;;santa clara  5801;;;;SAN MIGUEL;REG.METROPOLITANA;CL;13990;0;3990;0;17980;0;CLP
000000551904;24124750001-A;15/11/2025 20:19:49;Recibido;26990;990;27980;4858;0.0000;22132;1;VESTIDO FLORES FUCSIA NICOPOLY;MPM10003032191-2;N06093SM;15/11/2025 20:19:50;4d_Retiro Tienda Ripley Huechuraba;Travisany;Yaritza;;"Av. Americo Vespucio Norte 1737 ";" 2do Piso. Modulo Retiro en Tienda";;;HUECHURABA;REG.METROPOLITANA;CL;Travisany;Yaritza;;Cancilleria  1731;;;;HUECHURABA;REG.METROPOLITANA;CL;26990;0;990;0;27980;0;CLP
000000551904;24124793501-A;15/11/2025 20:46:07;Recibido;39990;1845;41835;7198;0.0000;32792;1;BLAZER CUELLO CRUZADO KHAKI NICOPOLY;MPM10002843162-2;N05299LM-7;15/11/2025 20:46:09;Flujo Crossdock- Ripley PAQ;"Rivera ";"Marcela ";;Los suspiros 172;S/N;;;CARTAGENA;V REGION;CL;"Rivera ";"Marcela ";;Los suspiros 172;;;;CARTAGENA;V REGION;CL;39990;0;1845;0;41835;0;CLP
000000551904;24124793501-A;15/11/2025 20:46:07;Recibido;31990;1845;33835;5758;0.0000;26232;1;TRENCH LAZO HEBILLA NEGRO NICOPOLY;MPM10002635819-3;N05182BM;15/11/2025 20:46:09;Flujo Crossdock- Ripley PAQ;"Rivera ";"Marcela ";;Los suspiros 172;S/N;;;CARTAGENA;V REGION;CL;"Rivera ";"Marcela ";;Los suspiros 172;;;;CARTAGENA;V REGION;CL;31990;0;1845;0;33835;0;CLP
000000551904;24124813201-A;15/11/2025 20:55:12;Recibido;34990;0;34990;6298;0.0000;28692;1;FULFILLMENT-PANTALON BASICO CELESTE NICOPOLY;MPM10002952981-3;N05298KM-FF;15/11/2025 20:55:14;FF_MATRIX;Soto;Javiera;;Venticuatro y media oriente A 1204;1204;;;TALCA;VII REGION;CL;Soto;Javiera;;Venticuatro y media oriente A 1204;;;;TALCA;VII REGION;CL;34990;0;0;0;34990;0;CLP
000000551904;24124834401-A;15/11/2025 21:05:00;Recibido;34990;990;35980;6298;0.0000;28692;1;ENTERITO MUJER NICOPOLY ROJO OSCURO CUT OUT ESCOTE;MPM10002122134-3;N05303TM;15/11/2025 21:05:01;11d_Retiro Tienda Ripley Temuco;"Toy Montenegro ";Xiomara Paz;;"Arturo Prat 656, Temuco ";2do Piso. Modulo Retiro en Tienda;;;TEMUCO;IX REGION;CL;Montenegro;Mariana;;Pedro lagos 121;;;;TEMUCO;IX REGION;CL;34990;0;990;0;35980;0;CLP
000000551904;24125044401-A;15/11/2025 22:49:12;Recibido;49990;990;50980;8998;0.0000;40992;1;CHAQUETA CUELLO MAO CAFE NICOPOLY;MPM10002617339-2;N02106OS-6;15/11/2025 22:49:13;4d_Retiro Tienda Ripley Costanera Center;Quiñones;Nicole;;"Avenida Andrés Bello 2422 ";" 1er Piso. Modulo Retiro en Tienda";;;PROVIDENCIA;REG.METROPOLITANA;CL;Quiñones;Nicole;;perez valenzuela 1209;;;;PROVIDENCIA;REG.METROPOLITANA;CL;49990;0;990;0;50980;0;CLP
000000551904;24125142401-A;15/11/2025 23:41:03;Recibido;32990;3990;36980;5938;0.0000;27052;1;BLAZER 6 BOTONES NEGRO;MPM10002912800-2;N06001BL;15/11/2025 23:41:04;Flujo Crossdock- Ripley PAQ;Valenzuela;Jacqueline;;Buenos Aires 0509 0509;S/N;;;QUILICURA;REG.METROPOLITANA;CL;Valenzuela;Jacqueline;;Buenos Aires 0509 0509;;;;QUILICURA;REG.METROPOLITANA;CL;32990;0;3990;0;36980;0;CLP
000000551904;24125170201-A;15/11/2025 23:56:17;Reembolsado;17990;990;18980;3238;0.0000;14752;1;VESTIDO ACANALADO MUJER NICOPOLY NEGRO CUELLO ALTO;MPM10001710245-3;N05055BS;15/11/2025 23:56:19;4d_Retiro Tienda Ripley Plaza Egaña;Coloma Coloma;"Mara Alejandra ";;"Larrain 5800 ";" 3er Piso. Modulo Retiro en Tienda";;;NUNOA;REG.METROPOLITANA;CL;Coloma Coloma;"Mara Alejandra ";;La marcha  2113;;;;NUNOA;REG.METROPOLITANA;CL;17990;0;990;0;18980;0;CLP
000000551904;24125234801-A;16/11/2025 00:56:44;Recibido;12990;990;13980;2338;0.0000;10652;1;CALZA MUJER NICOPOLY SKINNY VICHY CON CIERRE BLANCO NEGRO;MPM10002122148-4;N03033AS-6;16/11/2025 00:56:46;5d_Retiro Tienda Ripley Marina Arauco;Cordovez;Caroline;;"Avenida Libertad 1348 ";" Piso 4. Modulo Retiro en Tienda";;;VI.A DEL MA;V REGION;CL;Cordovez;Caroline;;Torre Cordillera Estero Maintenlahue  1100;;;;VI.A DEL MA;V REGION;CL;12990;0;990;0;13980;0;CLP
000000551904;24125246501-A;16/11/2025 01:11:08;Recibido;9990;990;10980;1798;0.0000;8192;1;BODY TEXTURIZADO ACANALADO GRIS NICOPOLY;MPM10001713170-1;N05003IM;16/11/2025 01:11:09;5d_Retiro Tienda Ripley Mall Concepción;Campusano Toledo;Camila Vanessa;;"Barros Arana 1068, Concepcion ";" 3er Piso. Modulo Retiro en Tienda";;;CONCEPCION;VIII REGION;CL;Campusano Toledo;Camila Vanessa;;Las Camelias 99;;;;CONCEPCION;VIII REGION;CL;9990;0;990;0;10980;0;CLP
000000551904;24125271902-A;16/11/2025 01:57:10;Recibido;32990;6990;39980;5938;0.0000;27052;1;BLAZER 6 BOTONES NEGRO;MPM10002912800-3;N06001BM;16/11/2025 01:57:11;Flujo Crossdock- Ripley PAQ;Leiva;Nancy;;Condell 3057;C;;;QUINTERO;V REGION;CL;Leiva;Nancy;;Condell 3057;;;;QUINTERO;V REGION;CL;32990;0;6990;0;39980;0;CLP
000000551904;24125334901-A;16/11/2025 07:38:26;Recibido;32990;3990;36980;5938;0.0000;27052;1;BLAZER BASICO DE TOPE KHAKI NICOPOLY;MPM10002843022-4;N05301LL-7;16/11/2025 07:38:28;Flujo Crossdock- Ripley PAQ;Montenegro;Carolina;;Wagner 157;casa;;;QUILICURA;REG.METROPOLITANA;CL;Montenegro;Carolina;;Wagner 157;;;;QUILICURA;REG.METROPOLITANA;CL;32990;0;3990;0;36980;0;CLP
000000551904;24125386501-A;16/11/2025 09:40:35;Recibido;14990;0;14990;2698;0.0000;12292;1;BODY HALTER TIPO SATIN VERDE OSCURO NICOPOLY;MPM10001878226-2;N05047EM;16/11/2025 09:40:37;10d_Retiro Tienda Ripley Pto. Montt Costanera;Burdiles;"Yasna ";;"Juan Soler Manfredini 10 ";" 6to Piso. Modulo Retiro en Tienda";;;PTO.MONTT;X REGION;CL;Morales;Javiera;;Canal quehui  6091;;;;PTO.MONTT;X REGION;CL;14990;0;0;0;14990;0;CLP
000000551904;24125446701-A;16/11/2025 10:34:01;Recibido;19990;7990;27980;3598;0.0000;16392;1;GILET 4 BOTONES NEGRO NICOPOLY;MPM10002842883-4;N05262BXL-7;16/11/2025 10:34:02;Flujo Crossdock- Ripley PAQ;Tapia;Alejandra;;Calle los aromos 612;Ofici;;;COLBUN;VII REGION;CL;Tapia;Alejandra;;Calle los aromos 612;;;;COLBUN;VII REGION;CL;19990;0;7990;0;27980;0;CLP
000000551904;24125562101-A;16/11/2025 12:14:15;Recibido;22990;2195;25185;4138;0.0000;18852;1;GILET BASICO AJUSTABLE ROJO NICOPOLY;MPM10002842897-3;N04273DS-7;16/11/2025 12:14:17;Flujo Crossdock- Ripley PAQ;Fuentes;Valentina;;Callao 3800;81;;;LAS CONDES;REG.METROPOLITANA;CL;Fuentes;Valentina;;Callao 3800;;;;LAS CONDES;REG.METROPOLITANA;CL;22990;0;2195;0;25185;0;CLP
000000551904;24125562101-A;16/11/2025 12:14:15;Recibido;28990;2195;31185;5218;0.0000;23772;1;PANTALÓN MUJER NICOPOLY ROJO RECTO CON PINZAS;MPM10002122135-3;N04277DM-6;16/11/2025 12:14:17;Flujo Crossdock- Ripley PAQ;Fuentes;Valentina;;Callao 3800;81;;;LAS CONDES;REG.METROPOLITANA;CL;Fuentes;Valentina;;Callao 3800;;;;LAS CONDES;REG.METROPOLITANA;CL;28990;0;2195;0;31185;0;CLP
000000551904;24125706701-A;16/11/2025 14:04:32;Recibido;33990;990;34980;6118;0.0000;27872;1;ENTERITO ESCOTE CRUZADO BURDEO NICOPOLY;MPM10003031626-3;N05044TL;16/11/2025 14:04:33;5d_Retiro Tienda Ripley La Calera;Olivares;"Nicole ";;"JJ Perez 90, La Calera ";" 2do Piso. Modulo Retiro en Tienda";;;LA CALERA;V REGION;CL;Olivares;"Nicole ";;4 esquinas hijuelas 00000;;;;LA CALERA;V REGION;CL;33990;0;990;0;34980;0;CLP
000000551904;24125818101-A;16/11/2025 15:23:50;Recibido;31990;3980;35970;5758;0.0000;26232;1;BLAZER MUJER NICOPOLY NEGRO CUELLO MAO;MPM10002160484-4;N00156BM-6;16/11/2025 15:23:52;Flujo Crossdock- Ripley PAQ;Gacitua;"Linda ";;Los Picunches 124;S/N;;;MAIPU;REG.METROPOLITANA;CL;Gacitua;"Linda ";;Los Picunches 124;;;;MAIPU;REG.METROPOLITANA;CL;31990;0;3980;0;35970;0;CLP
000000551904;24125872101-A;16/11/2025 15:59:05;Recibido;24990;0;24990;4498;0.0000;20492;1;VESTIDO CAMISERO CEBRA CAFE  NICOPOLY;MPM10002977800-4;N06169US;16/11/2025 15:59:07;4d_Retiro Tienda Ripley Crillon;Silva;Susan Maricel;;"Agustinas #1025 ";Piso -1. Modulo Retiro en Tienda;;;SANTIAGO;REG.METROPOLITANA;CL;Silva;Susan Maricel;;Teatinos 180;;;;SANTIAGO;REG.METROPOLITANA;CL;24990;0;0;0;24990;0;CLP
000000551904;24125872101-A;16/11/2025 15:59:05;Recibido;31990;0;31990;5758;0.0000;26232;1;ENTERITO MUJER NICOPOLY NEGRO CRUZADO 2 BOTONES;MPM10002122126-2;N05308BS;16/11/2025 15:59:07;4d_Retiro Tienda Ripley Crillon;Silva;Susan Maricel;;"Agustinas #1025 ";Piso -1. Modulo Retiro en Tienda;;;SANTIAGO;REG.METROPOLITANA;CL;Silva;Susan Maricel;;Teatinos 180;;;;SANTIAGO;REG.METROPOLITANA;CL;31990;0;0;0;31990;0;CLP
000000551904;24125908301-A;16/11/2025 16:19:08;Recibido;17990;330;18320;3238;0.0000;14752;1;GILET LEOPARD CAFE  NICOPOLY;MPM10002842888-4;N05304LM-7;16/11/2025 16:19:10;4d_Retiro Tienda Ripley Crillon;Pizarro;"Cristian ";;"Agustinas #1025 ";Piso -1. Modulo Retiro en Tienda;;;SANTIAGO;REG.METROPOLITANA;CL;Cliente;"Karina Ninoska ";;La esteras norte 2541;;;;SANTIAGO;REG.METROPOLITANA;CL;17990;0;330;0;18320;0;CLP
000000551904;24125908301-A;16/11/2025 16:19:08;Recibido;20990;330;21320;3778;0.0000;17212;1;GILET BASICO AJUSTABLE ROJO NICOPOLY;MPM10002842897-2;N04273DM-7;16/11/2025 16:19:10;4d_Retiro Tienda Ripley Crillon;Pizarro;"Cristian ";;"Agustinas #1025 ";Piso -1. Modulo Retiro en Tienda;;;SANTIAGO;REG.METROPOLITANA;CL;Cliente;"Karina Ninoska ";;La esteras norte 2541;;;;SANTIAGO;REG.METROPOLITANA;CL;20990;0;330;0;21320;0;CLP
000000551904;24125908301-A;16/11/2025 16:19:09;Reembolsado;17990;330;18320;3238;0.0000;14752;1;GILET 4 BOTONES ROJO NICOPOLY;MPM10002842871-1;N05262DM-7;16/11/2025 16:19:10;4d_Retiro Tienda Ripley Crillon;Pizarro;"Cristian ";;"Agustinas #1025 ";Piso -1. Modulo Retiro en Tienda;;;SANTIAGO;REG.METROPOLITANA;CL;Cliente;"Karina Ninoska ";;La esteras norte 2541;;;;SANTIAGO;REG.METROPOLITANA;CL;17990;0;330;0;18320;0;CLP
000000551904;24126040001-A;16/11/2025 17:39:28;Recibido;17990;3980;21970;3238;0.0000;14752;1;POLERA ENCAJE ESCOTE NUDO NEGRO NICOPOLY;MPM10002951856-3;N06107BL;16/11/2025 17:39:29;Flujo Crossdock- Ripley PAQ;Iturra;"Andrea ";;José Miguel carrera 130;2081;;;LA FLORIDA;REG.METROPOLITANA;CL;Iturra;"Andrea ";;José Miguel carrera 130;;;;LA FLORIDA;REG.METROPOLITANA;CL;17990;0;3980;0;21970;0;CLP
000000551904;24126094401-A;16/11/2025 18:05:46;Recibido;19990;990;20980;3598;0.0000;16392;1;CÁRDIGAN MUJER NICOPOLY ROJO CROP PERLAS;MPM10002160522-2;N05227DS;16/11/2025 18:05:48;5d_Retiro Tienda Ripley Chillán;Mora;Camila;;"5 de Abril 699 ";4to Piso. Centro de atención al Cliente;;;CHILLAN;VIII REGION;CL;Mora;Camila;;Río segre 2482;;;;CHILLAN;VIII REGION;CL;19990;0;990;0;20980;0;CLP
000000551904;24126218101-A;16/11/2025 19:17:34;Reembolsado;37990;4990;42980;6838;0.0000;31152;1;ENTERITO MUJER NICOPOLY ROJO OSCURO CUT OUT ESCOTE;MPM10002122134-1;N05303TL;16/11/2025 19:17:36;Flujo Crossdock- Ripley PAQ;Espinoza;Marin;;Pasaje Pilmaiquen 080;S/N;;;PAINE;REG.METROPOLITANA;CL;Espinoza;Marin;;Pasaje Pilmaiquen 080;;;;PAINE;REG.METROPOLITANA;CL;37990;0;4990;0;42980;0;CLP
000000551904;24126262101-A;16/11/2025 19:43:47;Recibido;35990;7990;43980;6478;0.0000;29512;1;VESTIDO ASIME TRICO FLORAL VERDE NICOPOLY;MPM10003037797-3;N06173EM;16/11/2025 19:43:48;Flujo Crossdock- Ripley PAQ;Lermanda Riquelme;Ana Margot;;Helios 585 dpto a301 585;"A301 ";;;LOS ANGELES;VIII REGION;CL;Lermanda Riquelme;Ana Margot;;Helios 585 dpto a301 585;;;;LOS ANGELES;VIII REGION;CL;35990;0;7990;0;43980;0;CLP
000000551904;24126353401-A;16/11/2025 20:32:22;Recibido;25990;0;25990;4678;0.0000;21312;1;FULFILLMENT-GILET 4 BOTONES BLANCO NICOPOLY;MPM10002952977-1;N05262AM-FF;16/11/2025 20:32:24;FF_MATRIX;Lagos;Alicia Del Rosario;;santa adela 0968;S/N;;;RECOLETA;REG.METROPOLITANA;CL;Lagos;Alicia Del Rosario;;santa adela 0968;;;;RECOLETA;REG.METROPOLITANA;CL;25990;0;0;0;25990;0;CLP
000000551904;24126410501-A;16/11/2025 21:01:03;Recibido;23990;2195;26185;4318;0.0000;19672;1;GILET LARGO CON BOTONES CAFE;MPM10002910425-3;N06135UL;16/11/2025 21:01:05;Flujo Crossdock- Ripley PAQ;Pizarro;Fabiola;;El Rey 10446;S/N;;;LA FLORIDA;REG.METROPOLITANA;CL;Pizarro;Fabiola;;El Rey 10446;;;;LA FLORIDA;REG.METROPOLITANA;CL;23990;0;2195;0;26185;0;CLP
000000551904;24126410501-A;16/11/2025 21:01:03;Recibido;23990;2195;26185;4318;0.0000;19672;1;GILET LARGO CON BOTONES BLANCO;MPM10002910437-2;N06135AL;16/11/2025 21:01:05;Flujo Crossdock- Ripley PAQ;Pizarro;Fabiola;;El Rey 10446;S/N;;;LA FLORIDA;REG.METROPOLITANA;CL;Pizarro;Fabiola;;El Rey 10446;;;;LA FLORIDA;REG.METROPOLITANA;CL;23990;0;2195;0;26185;0;CLP
000000551904;24126479401-A;16/11/2025 21:33:18;Recibido;28990;0;28990;5218;0.0000;23772;1;FULFILLMENT-GILET BASICO AJUSTABLE NEGRO NICOPOLY;MPM10002943912-3;N04273BM-7-FF;16/11/2025 21:33:19;FF_MATRIX_STS;Nuez;Eugenia;;"Avenida Andrés Bello 2422 ";" 1er Piso. Modulo Retiro en Tienda";;;PROVIDENCIA;REG.METROPOLITANA;CL;Nuez;Eugenia;;Felipe II 4385;;;;PROVIDENCIA;REG.METROPOLITANA;CL;28990;0;0;0;28990;0;CLP
000000551904;24126506401-A;16/11/2025 21:44:29;Recibido;28990;0;28990;5218;0.0000;23772;1;VESTIDO FLOREADO BOTONES DELANTEROS FUCSIA NICOPOLY;MPM10003037311-1;N06054SXL;16/11/2025 21:44:30;4d_Retiro Tienda Ripley Plaza Egaña;Ahumada;Marcela;;"Larrain 5800 ";" 3er Piso. Modulo Retiro en Tienda";;;NUNOA;REG.METROPOLITANA;CL;Ahumada;Marcela;;Celerino Pereira 1905;;;;NUNOA;REG.METROPOLITANA;CL;28990;0;0;0;28990;0;CLP
000000551904;24126553201-A;16/11/2025 22:07:45;Recibido;17990;990;18980;3238;0.0000;14752;1;POLERA ENCAJE ESCOTE NUDO NEGRO NICOPOLY;MPM10002951856-3;N06107BL;16/11/2025 22:07:46;4d_Retiro Tienda Ripley Florida Center;"Rodriguez ";Paulette;;"Vicuña Mackenna Oriente 6100, La Florida ";3er Piso. Modulo Retiro en Tienda;;;LA FLORIDA;REG.METROPOLITANA;CL;"Rodriguez ";Paulette;;punta carrizal 2740;;;;LA FLORIDA;REG.METROPOLITANA;CL;17990;0;990;0;18980;0;CLP
000000551904;24126650401-A;16/11/2025 22:46:04;Recibido;31990;970;32960;5758;0.0000;26232;1;ENTERITO MUJER NICOPOLY NEGRO CRUZADO 2 BOTONES;MPM10002122126-2;N05308BS;16/11/2025 22:46:08;Flujo Crossdock- Ripley PAQ;Rodrguez;Jeanette Alejandra;;El Rabanal  1581;18;;;RANCAGUA;VI REGION;CL;Rodrguez;Jeanette Alejandra;;El Rabanal  1581;;;;RANCAGUA;VI REGION;CL;31990;0;970;0;32960;0;CLP
000000551904;24126668301-A;16/11/2025 22:51:36;Recibido;36990;0;36990;6658;0.0000;30332;1;BLAZER CUELLO CRUZADO KHAKI NICOPOLY;MPM10002843162-2;N05299LM-7;16/11/2025 22:51:38;Flujo Crossdock- Ripley PAQ;Manzor;Myriam;;Psje bolivia 256 villa las americas 256;Casa;;;PAINE;REG.METROPOLITANA;CL;Manzor;Myriam;;Psje bolivia 256 villa las americas 256;;;;PAINE;REG.METROPOLITANA;CL;36990;0;0;0;36990;0;CLP
000000551904;24126669301-A;16/11/2025 22:53:33;Recibido;35990;0;35990;6478;0.0000;29512;1;FULFILLMENT-PANTALON MUJER NICOPOLY BLANCO CON PINZAS RECTO;MPM10002943927-1;N04277AS-5-FF;16/11/2025 22:53:34;FF_MATRIX;González;Bárbara;;El parque 0131;705;;;RANCAGUA;VI REGION;CL;González;Bárbara;;El parque 0131;;;;RANCAGUA;VI REGION;CL;35990;0;0;0;35990;0;CLP
000000551904;24126794301-A;16/11/2025 23:48:11;Reembolsado;19990;990;20980;3598;0.0000;16392;1;GILET 4 BOTONES NEGRO NICOPOLY;MPM10002842883-2;N05262BM-7;16/11/2025 23:48:12;4d_Retiro Tienda Ripley Crillon;Arismendi;Elisairet;;"Agustinas #1025 ";Piso -1. Modulo Retiro en Tienda;;;SANTIAGO;REG.METROPOLITANA;CL;Arismendi;Elisairet;;Av Santa Rosa 365;;;;SANTIAGO;REG.METROPOLITANA;CL;19990;0;990;0;20980;0;CLP
000000551904;24127016001-A;17/11/2025 09:05:11;Recibido;21990;7990;29980;3958;0.0000;18032;1;PANTALÓN MUJER NICOPOLY BLANCO PINZAS TIRO ALTO;MPM10001752491-3;N04120AL-5;17/11/2025 09:05:12;Flujo Crossdock- Ripley PAQ;Soto;Carolina;;Jaen 1932;S/N;;;LINARES;VII REGION;CL;Soto;Carolina;;Jaen 1932;;;;LINARES;VII REGION;CL;21990;0;7990;0;29980;0;CLP
000000551904;24127101501-A;17/11/2025 10:11:52;Recibido;36990;263;37253;6658;0.0000;30332;1;BLAZER CUELLO CRUZADO MORADO NICOPOLY;MPM10002842881-4;N05299ZS-7;17/11/2025 10:11:53;Flujo Crossdock- Ripley PAQ;Sepulveda;Ramiro;;Cuarzo 1690;Casa;;;LA FLORIDA;REG.METROPOLITANA;CL;Sepulveda;Ramiro;;Cuarzo 1690;;;;LA FLORIDA;REG.METROPOLITANA;CL;36990;0;263;0;37253;0;CLP
000000551904;24127101501-A;17/11/2025 10:11:52;Recibido;36990;263;37253;6658;0.0000;30332;1;BLAZER CUELLO CRUZADO KHAKI NICOPOLY;MPM10002843162-4;N05299LS-7;17/11/2025 10:11:53;Flujo Crossdock- Ripley PAQ;Sepulveda;Ramiro;;Cuarzo 1690;Casa;;;LA FLORIDA;REG.METROPOLITANA;CL;Sepulveda;Ramiro;;Cuarzo 1690;;;;LA FLORIDA;REG.METROPOLITANA;CL;36990;0;263;0;37253;0;CLP
000000551904;24127101501-A;17/11/2025 10:11:52;Recibido;29990;263;30253;5398;0.0000;24592;1;BLAZER 6 BOTONES NEGRO;MPM10002912800-1;N06001BS;17/11/2025 10:11:53;Flujo Crossdock- Ripley PAQ;Sepulveda;Ramiro;;Cuarzo 1690;Casa;;;LA FLORIDA;REG.METROPOLITANA;CL;Sepulveda;Ramiro;;Cuarzo 1690;;;;LA FLORIDA;REG.METROPOLITANA;CL;29990;0;263;0;30253;0;CLP
000000551904;24127276101-A;17/11/2025 11:42:55;Reembolsado;49990;0;49990;8998;0.0000;40992;1;FULFILLMENT-BLAZER CUELLO CRUZADO NEGRO NICOPOLY;MPM10002943915-2;N05299BXXL-7-FF;17/11/2025 11:42:56;FF_MATRIX_DX;Acevedo;Lorena;;vergara 412;86;;;SANTIAGO;REG.METROPOLITANA;CL;Acevedo;Lorena;;vergara 412;;;;SANTIAGO;REG.METROPOLITANA;CL;49990;0;0;0;49990;0;CLP
000000551904;24127280601-A;17/11/2025 11:46:21;Reembolsado;36990;0;36990;6658;0.0000;30332;1;BLAZER CUELLO CRUZADO MORADO NICOPOLY;MPM10002842881-3;N05299ZL-7;17/11/2025 11:46:22;4d_Retiro Tienda Ripley Plaza Vespucio;Alvial;Victoria;;"Av. Vicuña Mackenna Ote. 7110, La Florida ";3er Piso. Modulo Retiro en Tienda;;;LA FLORIDA;REG.METROPOLITANA;CL;Alvial;Victoria;;Pasaje cuatro 9665 La Patria 9665;;;;LA FLORIDA;REG.METROPOLITANA;CL;36990;0;0;0;36990;0;CLP
000000551904;24127753101-A;17/11/2025 15:47:06;Recibido;32990;0;32990;5938;0.0000;27052;1;VESTIDO LARGO CUELLO MOCK BURDEO NICOPOLY;MPM10002627268-3;N05311TS;17/11/2025 15:47:08;Flujo Crossdock- Ripley PAQ;Ramirez;Maria Del Pilar;;Avenida el Tranque 12326;31B;;;LO BARNECHEA;REG.METROPOLITANA;CL;Ramirez;Maria Del Pilar;;Avenida el Tranque 12326;;;;LO BARNECHEA;REG.METROPOLITANA;CL;32990;0;0;0;32990;0;CLP
000000551904;24128348001-A;17/11/2025 20:51:54;Reembolsado;19990;0;19990;3598;0.0000;16392;1;GILET BASICO HILO NEGRO NICOPOLY;MPM10002842889-2;N05264BS-7;17/11/2025 20:51:55;4d_Retiro Tienda Ripley Huechuraba;Soto Tejo;"Luis ";;"Av. Americo Vespucio Norte 1737 ";" 2do Piso. Modulo Retiro en Tienda";;;HUECHURABA;REG.METROPOLITANA;CL;Mansilla Alvarez;Nayira;;Calle manzanilla 2101;;;;HUECHURABA;REG.METROPOLITANA;CL;19990;0;0;0;19990;0;CLP
000000551904;24128419101-A;17/11/2025 21:22:36;Recibido;36990;0;36990;6658;0.0000;30332;1;BLAZER CUELLO CRUZADO KHAKI NICOPOLY;MPM10002843162-4;N05299LS-7;17/11/2025 21:22:37;4d_Retiro Tienda Ripley Crillon;Gonzalez;Monica;;"Agustinas #1025 ";Piso -1. Modulo Retiro en Tienda;;;SANTIAGO;REG.METROPOLITANA;CL;Gonzalez;Monica;;Tarapacá 1324;;;;SANTIAGO;REG.METROPOLITANA;CL;36990;0;0;0;36990;0;CLP
000000551904;24128443001-A;17/11/2025 21:35:37;Recibido;22990;990;23980;4138;0.0000;18852;1;GILET BASICO AJUSTABLE ROJO NICOPOLY;MPM10002842897-2;N04273DM-7;17/11/2025 21:35:38;4d_Retiro Tienda Ripley Plaza Egaña;Cortes;Carolina;;"Larrain 5800 ";" 3er Piso. Modulo Retiro en Tienda";;;NUNOA;REG.METROPOLITANA;CL;Cortes;Carolina;;Francisco de Villagra 127;;;;NUNOA;REG.METROPOLITANA;CL;22990;0;990;0;23980;0;CLP
000000551904;24128837801-A;18/11/2025 00:32:37;Recibido;29990;1960;31950;5398;0.0000;24592;1;VESTIDO LARGO CUELLO MOCK AZUL NICOPOLY;MPM10002627274-1;N05311PM;18/11/2025 00:32:39;Flujo Crossdock- Ripley PAQ;Salas;Constanza;;Alicahue 18489;D-14;;;SN.BERNARDO;REG.METROPOLITANA;CL;Salas;Constanza;;Alicahue 18489;;;;SN.BERNARDO;REG.METROPOLITANA;CL;29990;0;1960;0;31950;0;CLP
000000551904;24128986401-A;18/11/2025 08:29:52;Reembolsado;36990;4990;41980;6658;0.0000;30332;1;PANTALÓN PALAZZO MUJER NICOPOLY VERDE TAJOS;MPM10001503443-1;N10369EL-4;18/11/2025 08:29:53;Flujo Crossdock- Ripley PAQ;Rivera;Ruth;;Marlén Bozán Ramos 1500;Casa;;;BUIN;REG.METROPOLITANA;CL;Rivera;Ruth;;Marlén Bozán Ramos 1500;;;;BUIN;REG.METROPOLITANA;CL;36990;0;4990;0;41980;0;CLP
000000551904;24129350501-A;18/11/2025 12:30:41;Recibido;25990;0;25990;4678;0.0000;21312;1;FULFILLMENT-GILET MUJER NICOPOLY NEGRO BÁSICO 4 BOTONES;MPM10002146380-4;N05262BM-FF;18/11/2025 12:30:42;FF_MATRIX_DX;Vergara;Alicia;;Volcán Tinguiririca 19340;S/N;;;SN.BERNARDO;REG.METROPOLITANA;CL;Vergara;Alicia;;Volcán Tinguiririca 19340;;;;SN.BERNARDO;REG.METROPOLITANA;CL;25990;0;0;0;25990;0;CLP
