Número de factura;Order number;Date created;Estado del pedido;Subtotal de artículos (con impuestos);Gastos de envío (con impuestos);Precio total (con impuestos);Commission (excluding taxes);Impuestos sobre la comisión;Amount transferred to tienda (including taxes);Quantity;Producto;Product SKU;Offer SKU;Fecha de confirmación del pago;Shipping method;Shipping address last name;Shipping address first name;Shipping address company;Shipping address street 1;Shipping address street 2;Dirección de entrega: complementaria;Shipping address zip;Shipping address city;Shipping address state;Shipping address country;Billing address last name;Billing address first name;Billing address company;Billing address street 1;Billing address street 2;Dirección de facturación: complementaria;Billing address zip;Billing address city;Billing address state;Billing address country;Subtotal de artículos (sin impuestos);Impuestos sobre artículos;Gastos de envío (sin impuestos);Impuestos sobre gastos de envío;Precio total (sin impuestos);Impuestos sobre el precio total;Currency
000000586105;24481418602-A;19/03/2026 18:21:58;Reembolsado;29990;0;29990;5398;0.0000;24592;1;BLAZER BASICO DE TOPE GRIS NICOPOLY;MPM10002924446-5;N05301IXL;19/03/2026 18:22:00;5d_Retiro Tienda Ripley El Trébol;Caamaño;Fernando;;"Avenida Jorge Alessandri 3177 ";" 3er Piso. Modulo Retiro en Tienda";;;TALCAHUANO;VIII REGION;CL;CV;Araceli;;18 de mayo 1968;;;;TALCAHUANO;VIII REGION;CL;29990;0;0;0;29990;0;CLP
000000586105;24481418601-A;19/03/2026 18:21:58;Reembolsado;44990;0;44990;8098;0.0000;36892;1;FULFILLMENT-BLAZER BASICO DE TOPE MORADO NICOPOLY;MPM10003150058-3;N05301ZXL-7-FF;19/03/2026 18:22:00;FF_MATRIX_STS;Caamaño;Fernando;;"Avenida Jorge Alessandri 3177 ";" 3er Piso. Modulo Retiro en Tienda";;;TALCAHUANO;VIII REGION;CL;CV;Araceli;;18 de mayo 1968;;;;TALCAHUANO;VIII REGION;CL;44990;0;0;0;44990;0;CLP
000000586105;24481418601-A;19/03/2026 18:21:58;Reembolsado;44990;0;44990;8098;0.0000;36892;1;FULFILLMENT-BLAZER BASICO DE TOPE VERDE NICOPOLY;MPM10003150057-2;N05301EXL-7-FF;19/03/2026 18:22:00;FF_MATRIX_STS;Caamaño;Fernando;;"Avenida Jorge Alessandri 3177 ";" 3er Piso. Modulo Retiro en Tienda";;;TALCAHUANO;VIII REGION;CL;CV;Araceli;;18 de mayo 1968;;;;TALCAHUANO;VIII REGION;CL;44990;0;0;0;44990;0;CLP
000000586105;24483244902-A;20/03/2026 21:54:19;Reembolsado;33490;0;33490;6028;0.0000;27462;1;TRENCH LAZO HEBILLA NEGRO NICOPOLY;MPM10002635819-1;N05182BL;20/03/2026 21:54:20;4d_Retiro Tienda Ripley Arauco Maipu;Diaz;Javiera;;"Agustinas #1025 ";Piso -1. Modulo Retiro en Tienda;;;SANTIAGO;REG.METROPOLITANA;CL;Diaz;Javiera;;avenida vicuña mackenna oriente 6187;;;;SANTIAGO;REG.METROPOLITANA;CL;33490;0;0;0;33490;0;CLP
000000586105;24484206701-A;21/03/2026 16:39:26;Recibido;39990;0;39990;7198;0.0000;32792;1;BLAZER BASICO DE TOPE CAFE  NICOPOLY;MPM10003143418-4;N05301US;21/03/2026 16:39:27;5d_Retiro Tienda Ripley Chillán;Olavarria;Rocio;;"Avenida Jorge Alessandri 3177 ";" 3er Piso. Modulo Retiro en Tienda";;;TALCAHUANO;VIII REGION;CL;Olivares;Vernica;;Victoria 1194 1194;;;;TALCAHUANO;VIII REGION;CL;39990;0;0;0;39990;0;CLP
000000586105;24485361901-A;22/03/2026 13:04:21;Recibido;16490;0;16490;2968;0.0000;13522;1;CAMISA BOTONERA ESPALDA BLANCO NICOPOLY;MPM10002952057-2;N06132AS;22/03/2026 13:04:23;4d_Retiro Tienda Ripley San Bernardo;Marn;Camila;;"Avenida Andrés Bello 2422 ";" 1er Piso. Modulo Retiro en Tienda";;;PROVIDENCIA;REG.METROPOLITANA;CL;Marn;Camila;;La Rinconada 895;;;;PROVIDENCIA;REG.METROPOLITANA;CL;16490;0;0;0;16490;0;CLP
000000586105;24485384801-A;22/03/2026 13:23:47;Reembolsado;36990;0;36990;6658;0.0000;30332;1;TRENCH LAZO HEBILLA KHAKI NICOPOLY;MPM10002635817-3;N05182LS;22/03/2026 13:23:47;8d_Retiro Tienda Ripley Puerto Montt;Aedo;"Josefa ";;"Juan Soler Manfredini 10 ";" 6to Piso. Modulo Retiro en Tienda";;;PTO.MONTT;X REGION;CL;Oyarzo;Ana Alejandra;;Km 2 Quellón 0;;;;PTO.MONTT;X REGION;CL;36990;0;0;0;36990;0;CLP
000000586105;24490858501-A;24/03/2026 15:55:14;Recibido;19990;990;20980;3598;0.0000;16392;1;BLAZER 4 BOTONES DECORATIVOS NEGRO NICOPOLY;MPM10001713165-4;N10046BM-5;24/03/2026 15:55:15;5d_Retiro Tienda Ripley Talca;Ramos;Gisselle;;"8 Oriente 1212 ";" 2do Piso. Modulo Retiro en Tienda";;;TALCA;VII REGION;CL;Ramos;Juan;;K-511 1;;;;TALCA;VII REGION;CL;19990;0;990;0;20980;0;CLP
000000586105;24493293201-A;25/03/2026 14:27:18;Reembolsado;45990;0;45990;8278;0.0000;37712;1;FULFILLMENT-VESTIDO LARGO ESCOTE DRAPEADO AZUL NICOPOLY;MPM10002975112-3;N06078PM-FF;25/03/2026 14:27:19;FF_MATRIX_DX;Molina;Amparo;;Martín Alonso Pinzón 7069, Las Condes 7059;S/N;;;LAS CONDES;REG.METROPOLITANA;CL;Molina;Amparo;;Martín Alonso Pinzón 7069, Las Condes 7059;;;;LAS CONDES;REG.METROPOLITANA;CL;45990;0;0;0;45990;0;CLP
000000586105;24498002901-A;26/03/2026 23:20:13;Reembolsado;22390;0;22390;4030;0.0000;18360;1;CÁRDIGAN MUJER NICOPOLY ROJO CROP PERLAS;MPM10002160522-2;N05227DS;26/03/2026 23:20:15;11d_Retiro Tienda Ripley Temuco;Cliente;Karla;;"Arturo Prat 656, Temuco ";2do Piso. Modulo Retiro en Tienda;;;TEMUCO;IX REGION;CL;Cliente;Karla;;Pulmahue 1262;;;;TEMUCO;IX REGION;CL;22390;0;0;0;22390;0;CLP
000000586105;24498002901-A;26/03/2026 23:20:13;Reembolsado;36990;0;36990;6658;0.0000;30332;1;PANTALÓN MUJER NICOPOLY CAFÉ LAZO HEBILLA;MPM10002146501-2;N05271RS;26/03/2026 23:20:15;11d_Retiro Tienda Ripley Temuco;Cliente;Karla;;"Arturo Prat 656, Temuco ";2do Piso. Modulo Retiro en Tienda;;;TEMUCO;IX REGION;CL;Cliente;Karla;;Pulmahue 1262;;;;TEMUCO;IX REGION;CL;36990;0;0;0;36990;0;CLP
000000586105;24501569601-A;28/03/2026 01:13:16;Reembolsado;31990;0;31990;5758;0.0000;26232;1;BLAZER CUELLO CRUZADO NEGRO NICOPOLY;MPM10002842887-1;N05299BM-7;28/03/2026 01:13:17;5d_Retiro Tienda Ripley Mall Concepción;Fonseca Lizama;Flora;;"Barros Arana 1068, Concepcion ";" 3er Piso. Modulo Retiro en Tienda";;;CONCEPCION;VIII REGION;CL;Fonseca Lizama;Flora;;Pasaje 12 640;;;;CONCEPCION;VIII REGION;CL;31990;0;0;0;31990;0;CLP
000000586105;24507318701-A;29/03/2026 18:18:44;Reembolsado;33490;0;33490;6028;0.0000;27462;1;TRENCH LAZO HEBILLA NEGRO NICOPOLY;MPM10002635819-2;N05182BS;29/03/2026 18:18:45;5d_Retiro Tienda Ripley Chillán;"Fuentes ";"Elizabeth ";;"5 de Abril 699 ";4to Piso. Centro de atención al Cliente;;;CHILLAN;XVI REGION;CL;"Fuentes ";"Elizabeth ";;21 de mayo Grumete Cortez 075;;;;CHILLAN;XVI REGION;CL;33490;0;0;0;33490;0;CLP
000000586105;24508725701-A;29/03/2026 22:51:48;Reembolsado;36390;0;36390;6550;0.0000;29840;1;BLAZER PATRON ESPIGA GRIS CLARO NICOPOLY;MPM10001497651-4;N04159IL;29/03/2026 22:51:49;4d_Retiro Tienda Ripley San Bernardo;Rojas;Fabiola;;"Av. Pdte. Jorge Alessandri Rodríguez 20040, San Bernardo ";2do Piso. Modulo Retiro en Tienda;;;SN.BERNARDO;REG.METROPOLITANA;CL;Rojas;Fabiola;;DARIO SOTO 879;;;;SN.BERNARDO;REG.METROPOLITANA;CL;36390;0;0;0;36390;0;CLP
000000586105;24510082502-A;30/03/2026 10:58:37;Reembolsado;35990;0;35990;6478;0.0000;29512;1;BLAZER PIED DE POULE CAFE  NICOPOLY;MPM10001713149-4;N05037LM;30/03/2026 10:58:38;Flujo Flota Propia;Munoz;Pedro;;Alcalde Pedro Alarcón 834;511;;;SAN MIGUEL;REG.METROPOLITANA;CL;Munoz;Pedro;;Alcalde Pedro Alarcón 834;;;;SAN MIGUEL;REG.METROPOLITANA;CL;35990;0;0;0;35990;0;CLP
000000586105;24514104801-A;31/03/2026 10:56:14;Reembolsado;25990;0;25990;4678;0.0000;21312;1;GILET BASICO AJUSTABLE BLANCO NICOPOLY;MPM10001752454-1;N04273AXL-5;31/03/2026 10:56:15;10d_Retiro Tienda Ripley Iquique;Galvez;Daniela;;"Vivar 550 ";" 4to Piso. Servicio al Cliente";;;IQUIQUE;I REGION;CL;Galvez;Daniela;;Los chunchos 3476;;;;IQUIQUE;I REGION;CL;25990;0;0;0;25990;0;CLP
000000586105;24514104801-A;31/03/2026 10:56:14;Reembolsado;33990;0;33990;6118;0.0000;27872;1;PANTALON DE PIERNA RECTA RAYA DIPLOMATICA BURDEO NICOPOLY;MPM10003180341-4;N06041TXL;31/03/2026 10:56:15;10d_Retiro Tienda Ripley Iquique;Galvez;Daniela;;"Vivar 550 ";" 4to Piso. Servicio al Cliente";;;IQUIQUE;I REGION;CL;Galvez;Daniela;;Los chunchos 3476;;;;IQUIQUE;I REGION;CL;33990;0;0;0;33990;0;CLP
000000586105;24515325101-A;31/03/2026 16:41:32;Recibido;19990;7990;27980;3598;0.0000;16392;1;BLAZER 4 BOTONES DECORATIVOS NEGRO NICOPOLY;MPM10001713165-2;N10046BL-5;31/03/2026 16:41:33;Flujo Flota Propia;Ojeda;"Carolina ";;Pedro lira 1458;S/N;;;SP D LA PAZ;VIII REGION;CL;Ojeda;"Carolina ";;Pedro lira 1458;;;;SP D LA PAZ;VIII REGION;CL;19990;0;7990;0;27980;0;CLP
000000586105;24515664501-A;31/03/2026 18:21:19;Reembolsado;17990;0;17990;3238;0.0000;14752;1;CALZA MUJER NICOPOLY GRAFITO CIERRES DECORATIVOS;MPM10001710250-1;N05049NS;31/03/2026 18:21:20;4d_Retiro Tienda Ripley Tobalaba;Barrios;Sandra Del Carmen;;"Av. Camilo Henríquez 3296, Puente Alto ";2do Piso. Modulo Retiro en Tienda;;;PUENTE ALTO;REG.METROPOLITANA;CL;Barrios;Sandra Del Carmen;;Calle Salas  8973;;;;PUENTE ALTO;REG.METROPOLITANA;CL;17990;0;0;0;17990;0;CLP
000000586105;24515790901-A;31/03/2026 18:58:16;Reembolsado;19990;990;20980;3598;0.0000;16392;1;BLAZER 4 BOTONES DECORATIVOS NEGRO NICOPOLY;MPM10001713165-2;N10046BL-5;31/03/2026 18:58:17;4d_Retiro Tienda Ripley Huechuraba;Correa;Nicole;;"Av. Americo Vespucio Norte 1737 ";" 2do Piso. Modulo Retiro en Tienda";;;HUECHURABA;REG.METROPOLITANA;CL;Correa;Nicole;;Las vertientes 1026;;;;HUECHURABA;REG.METROPOLITANA;CL;19990;0;990;0;20980;0;CLP
000000586105;24516641902-A;31/03/2026 21:38:17;Reembolsado;29990;0;29990;5398;0.0000;24592;1;GILET BASICO AJUSTABLE MOCCA NICOPOLY;MPM10002943900-3;N04273OXL-FF;31/03/2026 21:38:18;FF_MATRIX_STS;Montenegro;"Lissette ";;"Vivar 550 ";" 4to Piso. Servicio al Cliente";;;IQUIQUE;I REGION;CL;Ulloa;Karol;;Huantaca 2241;;;;IQUIQUE;I REGION;CL;29990;0;0;0;29990;0;CLP
000000586105;24516853701-A;31/03/2026 22:12:02;Recibido;19990;990;20980;3598;0.0000;16392;1;BLAZER 4 BOTONES DECORATIVOS NEGRO NICOPOLY;MPM10001713165-3;N10046BS-5;31/03/2026 22:12:02;4d_Retiro Tienda Ripley Parque Arauco;Lamas;Leyla;;"Avenida Kennedy 5413 ";4to Piso. Modulo Retiro en Tienda;;;LAS CONDES;REG.METROPOLITANA;CL;Lamas;Leyla;;Los Jardines 976;;;;LAS CONDES;REG.METROPOLITANA;CL;19990;0;990;0;20980;0;CLP
000000586105;24517436301-A;31/03/2026 23:41:43;Recibido;25990;0;25990;4678;0.0000;21312;1;FULFILLMENT-PANTALON PALAZZO TAJOS MOSTAZA NICOPOLY;MPM10003037767-4;N10369FS-FF;31/03/2026 23:41:44;FF_MATRIX_STS;Rojas;Jeymmy;;"Arturo Prat 530 ";" 4to Piso. Servicio al Cliente";;;ANTOFAGASTA;II REGION;CL;Rojas;Jeymmy;;Avenida Cerro Paranal 271;;;;ANTOFAGASTA;II REGION;CL;25990;0;0;0;25990;0;CLP
000000586105;24517436301-A;31/03/2026 23:41:43;Recibido;25990;0;25990;4678;0.0000;21312;1;FULFILLMENT-PANTALON PALAZZO MUJER NICOPOLY NEGRO TAJOS;MPM10003037757-1;N10369BS-4-FF;31/03/2026 23:41:44;FF_MATRIX_STS;Rojas;Jeymmy;;"Arturo Prat 530 ";" 4to Piso. Servicio al Cliente";;;ANTOFAGASTA;II REGION;CL;Rojas;Jeymmy;;Avenida Cerro Paranal 271;;;;ANTOFAGASTA;II REGION;CL;25990;0;0;0;25990;0;CLP
000000586105;24519036001-A;01/04/2026 14:16:23;Recibido;23190;3990;27180;4174;0.0000;19016;1;CARDIGAN CUELLO V CON 3 BOTONES BURDEO NICOPOLY;MPM10003202722-1;N06232TS;01/04/2026 14:16:24;Flujo Flota Propia;Ruiz Tagle;Carolina;;Camino Turístico 11808;Dpto 23;;;LO BARNECHEA;REG.METROPOLITANA;CL;Ruiz Tagle;Carolina;;Camino Turístico 11808;;;;LO BARNECHEA;REG.METROPOLITANA;CL;23190;0;3990;0;27180;0;CLP
000000586105;24521191102-A;01/04/2026 23:17:33;Reembolsado;31990;0;31990;5758;0.0000;26232;1;BLAZER MUJER NICOPOLY MORADO CUELLO MAO;MPM10002160537-2;N00156ZL-6;01/04/2026 23:17:35;10d_Retiro Tienda Ripley San Fernando;"Cornejo ";"Carolina ";;"Bernardo Ohiggins 701 ";" 3er Piso. Modulo Retiro en Tienda";;;SAN FERNANDO;VI REGION;CL;Cornejo;Silbana;;Manuel Rodriguez 770;;;;SAN FERNANDO;VI REGION;CL;31990;0;0;0;31990;0;CLP
000000586105;24521191102-A;01/04/2026 23:17:33;Reembolsado;17990;0;17990;3238;0.0000;14752;1;BLAZER ENTALLADO CLASICO AMARILLO NICOPOLY;MPM00014509502-4;N00346FXL;01/04/2026 23:17:35;10d_Retiro Tienda Ripley San Fernando;"Cornejo ";"Carolina ";;"Bernardo Ohiggins 701 ";" 3er Piso. Modulo Retiro en Tienda";;;SAN FERNANDO;VI REGION;CL;Cornejo;Silbana;;Manuel Rodriguez 770;;;;SAN FERNANDO;VI REGION;CL;17990;0;0;0;17990;0;CLP
000000586105;24521191102-A;01/04/2026 23:17:33;Reembolsado;31990;0;31990;5758;0.0000;26232;1;BLAZER BASICO DE TOPE VERDE NICOPOLY;MPM10002843017-1;N05301EXL-7;01/04/2026 23:17:35;10d_Retiro Tienda Ripley San Fernando;"Cornejo ";"Carolina ";;"Bernardo Ohiggins 701 ";" 3er Piso. Modulo Retiro en Tienda";;;SAN FERNANDO;VI REGION;CL;Cornejo;Silbana;;Manuel Rodriguez 770;;;;SAN FERNANDO;VI REGION;CL;31990;0;0;0;31990;0;CLP
000000586105;24521776601-A;02/04/2026 00:46:32;Recibido;27990;990;28980;5038;0.0000;22952;1;BLAZER 4 BOTONES DECORATIVOS NEGRO NICOPOLY;MPM10001713165-3;N10046BS-5;02/04/2026 00:46:34;5d_Retiro Tienda Ripley Los Ángeles;Troncoso Ferrari;158104512;;"Valdivia 440, Los Angeles ";" 3er Piso. Servicio al Cliente";;;LOS ANGELES;VIII REGION;CL;Troncoso Ferrari;158104512;;Huepil 409;;;;LOS ANGELES;VIII REGION;CL;27990;0;990;0;28980;0;CLP
000000586105;24522277701-A;02/04/2026 10:23:11;Reembolsado;64990;0;64990;11698;0.0000;53292;1;ABRIGO SOLAPA REDONDA NEGRONICOPOLY;MPM10002646294-1;N05252BL;02/04/2026 10:23:12;5d_Retiro Tienda Ripley La Calera;Torres;Maria Teresa;;"JJ Perez 90, La Calera ";" 2do Piso. Modulo Retiro en Tienda";;;LA CALERA;V REGION;CL;Torres;Maria Teresa;;Pasaje taiteare  1166;;;;LA CALERA;V REGION;CL;64990;0;0;0;64990;0;CLP
000000586105;24525398201-A;03/04/2026 12:35:45;Reembolsado;21990;0;21990;3958;0.0000;18032;1;FULFILLMENT-GILET HALTER ESPALDA DESCUBIERTA BLANCO NICOPOLY;MPM10002995212-2;N06065AL-FF;03/04/2026 12:35:46;FF_MATRIX_STS;Gomez;Abigail;;"Juan Soler Manfredini 10 ";" 6to Piso. Modulo Retiro en Tienda";;;PTO.MONTT;X REGION;CL;Gomez;Abigail;;Cristino Winkler  170;;;;PTO.MONTT;X REGION;CL;21990;0;0;0;21990;0;CLP
000000586105;24525398201-A;03/04/2026 12:35:45;Reembolsado;19990;0;19990;3598;0.0000;16392;1;FULFILLMENT-GILET MEZCLA LINO BLANCO NICOPOLY;MPM10003037786-3;N05019AL-FF;03/04/2026 12:35:46;FF_MATRIX_STS;Gomez;Abigail;;"Juan Soler Manfredini 10 ";" 6to Piso. Modulo Retiro en Tienda";;;PTO.MONTT;X REGION;CL;Gomez;Abigail;;Cristino Winkler  170;;;;PTO.MONTT;X REGION;CL;19990;0;0;0;19990;0;CLP
000000586105;24527850001-A;04/04/2026 01:29:04;Reembolsado;17990;990;18980;3238;0.0000;14752;1;BLAZER ENTALLADO CLASICO AMARILLO NICOPOLY;MPM00014509502-4;N00346FXL;04/04/2026 01:29:06;10d_Retiro Tienda Ripley Portal Temuco;"Cristóbal ";"Janine ";;"Avenida Alemania 0671 ";3er Piso, Modulo Retiro en Tienda;;;TEMUCO;IX REGION;CL;Palma;Pamela;;Ohiggin esquina smith 7;;;;TEMUCO;IX REGION;CL;17990;0;990;0;18980;0;CLP
000000586105;24529504101-A;04/04/2026 17:38:59;Reembolsado;49990;0;49990;8998;0.0000;40992;1;BLAZER OVERSIZE TIPO GAMUZA CAFE  NICOPOLY;MPM10003221915-2;N06196UL;04/04/2026 17:39:01;5d_Retiro Tienda Ripley Rancagua;Vega;"Evelyn ";;"José Domingo Mujica 490 ";" 3er Piso. Modulo Retiro en Tienda";;;RANCAGUA;VI REGION;CL;Vega;"Evelyn ";;Calle republica Pobl. Santa Elvira 202;;;;RANCAGUA;VI REGION;CL;49990;0;0;0;49990;0;CLP
000000586105;24530223201-A;04/04/2026 21:17:41;Recibido;29990;0;29990;5398;0.0000;24592;1;CHAQUETA BIKER ECOCUERO CORTA CAFE  NICOPOLY;MPM10001383955-3;N04201UXL;04/04/2026 21:17:42;18d_Retiro Tienda Ripley Punta Arenas;"Echeverria ";Simri;;"Avda. E Frei Montalva 01110 Local 194 ";" 2do Piso. Servicio al Cliente";;;PTA.ARENAS;XII REGION;CL;"Echeverria ";Simri;;Calle 1 oriente proyectada 01439;;;;PTA.ARENAS;XII REGION;CL;29990;0;0;0;29990;0;CLP
000000586105;24530226201-A;04/04/2026 21:19:26;Reembolsado;27990;0;27990;5038;0.0000;22952;1;JEANS CORTE RECTO CAFE  NICOPOLY;MPM10003181097-2;N06153UXL;04/04/2026 21:19:28;4d_Retiro Tienda Ripley San Bernardo;Zura;Elizabeth;;"Av. Pdte. Jorge Alessandri Rodríguez 20040, San Bernardo ";2do Piso. Modulo Retiro en Tienda;;;SN.BERNARDO;REG.METROPOLITANA;CL;Zura;Elizabeth;;El Barrancón 11;;;;SN.BERNARDO;REG.METROPOLITANA;CL;27990;0;0;0;27990;0;CLP
000000586105;24531953902-A;05/04/2026 13:04:15;Recibido;35990;0;35990;6478;0.0000;29512;1;BLAZER PIED DE POULE CAFE  NICOPOLY;MPM10001713149-4;N05037LM;05/04/2026 13:04:16;4d_Retiro Tienda Ripley Costanera Center;Fuentes;Catalina;;"Avenida Andrés Bello 2422 ";" 1er Piso. Modulo Retiro en Tienda";;;PROVIDENCIA;REG.METROPOLITANA;CL;Creus;Dan;;Luz 2960;;;;PROVIDENCIA;REG.METROPOLITANA;CL;35990;0;0;0;35990;0;CLP
000000586105;24534232401-A;05/04/2026 22:29:39;Reembolsado;23990;0;23990;4318;0.0000;19672;1;BLAZER 4 BOTONES DECORATIVOS NEGRO NICOPOLY;MPM10001713165-4;N10046BM-5;05/04/2026 22:29:40;5d_Retiro Tienda Ripley Talca;Soto;Claudia;;"8 Oriente 1212 ";" 2do Piso. Modulo Retiro en Tienda";;;TALCA;VII REGION;CL;Soto;Claudia;;25 sur 1175;;;;TALCA;VII REGION;CL;23990;0;0;0;23990;0;CLP
000000586105;24534232401-A;05/04/2026 22:29:39;Reembolsado;17990;0;17990;3238;0.0000;14752;1;BLAZER ENTALLADO CLASICO AMARILLO NICOPOLY;MPM00014509502-2;N00346FM;05/04/2026 22:29:40;5d_Retiro Tienda Ripley Talca;Soto;Claudia;;"8 Oriente 1212 ";" 2do Piso. Modulo Retiro en Tienda";;;TALCA;VII REGION;CL;Soto;Claudia;;25 sur 1175;;;;TALCA;VII REGION;CL;17990;0;0;0;17990;0;CLP
000000586105;24535270502-A;06/04/2026 10:42:26;Recibido;27990;990;28980;5038;0.0000;22952;1;CHAQUETA LEÑADORA BEIGE NICOPOLY;MPM00040988712-3;N02150AM;06/04/2026 10:42:28;18d_Retiro Tienda Ripley Punta Arenas;Ulloa Segovia;Carolina;;"Avda. E Frei Montalva 01110 Local 194 ";" 2do Piso. Servicio al Cliente";;;PTA.ARENAS;XII REGION;CL;Ulloa Segovia;Carolina;;George Slight Marshall  68;;;;PTA.ARENAS;XII REGION;CL;27990;0;990;0;28980;0;CLP
000000586105;24536255401-A;06/04/2026 16:51:40;Recibido;34990;990;35980;6298;0.0000;28692;1;CHAQUETA BIKER NEGRO NICOPOLY;MPM10002617343-4;N02107BS-6;06/04/2026 16:51:42;4d_Retiro Tienda Ripley San Bernardo;"Hidalgo ";Patricia;;"Av. Pdte. Jorge Alessandri Rodríguez 20040, San Bernardo ";2do Piso. Modulo Retiro en Tienda;;;SN.BERNARDO;REG.METROPOLITANA;CL;Guzman;Karen;;Los diamantes  2444;;;;SN.BERNARDO;REG.METROPOLITANA;CL;34990;0;990;0;35980;0;CLP
000000586105;24537758101-A;07/04/2026 08:45:25;Recibido;31990;0;31990;5758;0.0000;26232;1;FULFILLMENT-SWEATER CUELLO ALTO ROMBOS BLANCO NICOPOLY;MPM10003238345-3;N06239AM-FF;07/04/2026 08:45:26;FF_MATRIX_STS;Knight;Paul;;"Arauco 561 ";" 3er Piso. Servicio al Cliente";;;VALDIVIA;XIV REGION;CL;Knight;Paul;;Baquedano 160;;;;VALDIVIA;XIV REGION;CL;31990;0;0;0;31990;0;CLP
000000586105;24538059701-A;07/04/2026 11:36:21;Recibido;16990;990;17980;3058;0.0000;13932;1;SWEATER MUJER NICOPOLY MAGENTA BÁSICO CUELLO REDONDO;MPM10002160475-2;N04248ZL-6;07/04/2026 11:36:23;4d_Retiro Tienda Ripley Huechuraba;Fuentes;Carolina;;"Av. Americo Vespucio Norte 1737 ";" 2do Piso. Modulo Retiro en Tienda";;;HUECHURABA;REG.METROPOLITANA;CL;Fuentes;Carolina;;Los Paltos 635, 8580169 Huechuraba, Región Metropolitana, Chile 635;;;;HUECHURABA;REG.METROPOLITANA;CL;16990;0;990;0;17980;0;CLP
000000586105;24539298304-A;07/04/2026 23:04:20;Recibido;29990;0;29990;5398;0.0000;24592;1;FULFILLMENT-BLUSA MANGA LARGA CON CORBATIN CELESTE NICOPOLY;MPM10003221488-3;N06184KM-FF;07/04/2026 23:04:21;FF_MATRIX_STS;Lujan;Clara;;"Av. Americo Vespucio 399 ";" 2do Piso. Modulo Retiro en Tienda";;;MAIPU;REG.METROPOLITANA;CL;Lujan;Clara;;Yelcho 5405;;;;MAIPU;REG.METROPOLITANA;CL;29990;0;0;0;29990;0;CLP
000000586105;24539523701-A;08/04/2026 07:41:22;Recibido;11990;0;11990;2158;0.0000;9832;1;BUFANDA GRUESA ROSADO NICOPOLY;MPM10002663017-1;N05334HF;08/04/2026 07:41:23;8d_Retiro Tienda Ripley Copiapo;Casanga;Francisca;;"Calle Maipu S/N, Copiapo ";" 2do Piso. Servicio al Cliente";;;COPIAPO;III REGION;CL;Casanga;Francisca;;El Capacho 1637;;;;COPIAPO;III REGION;CL;11990;0;0;0;11990;0;CLP
000000586105;24540492001-A;08/04/2026 18:37:20;Recibido;84990;0;84990;15298;0.0000;69692;1;FULFILLMENT-ABRIGO SOLAPA Y CINTURON ROJO NICOPOLY;MPM10003238328-2;N06188DM-FF;08/04/2026 18:37:21;FF_MATRIX_STS;Sepulveda;Estrella;;"Arturo Prat 656, Temuco ";2do Piso. Modulo Retiro en Tienda;;;TEMUCO;IX REGION;CL;Sepulveda;Estrella;;Sangers  1191;;;;TEMUCO;IX REGION;CL;84990;0;0;0;84990;0;CLP
000000586105;24541715301-A;09/04/2026 14:13:11;Reembolsado;29990;0;29990;5398;0.0000;24592;1;BLAZER MUJER NICOPOLY MORADO CUELLO MAO;MPM10002160537-4;N00156ZM-6;09/04/2026 14:13:13;8d_Retiro Tienda Ripley Castellón;Rodriguez;Margaritha;;"Castellon 520, Concepcion ";6to Piso. Servicio al Cliente;;;CONCEPCION;VIII REGION;CL;Rodriguez;Margaritha;;Los araucanos 957;;;;CONCEPCION;VIII REGION;CL;29990;0;0;0;29990;0;CLP
000000586105;24541839901-A;09/04/2026 15:34:58;Reembolsado;31990;0;31990;5758;0.0000;26232;1;FULFILLMENT-PANTALON BASICO NEGRO NICOPOLY;MPM10003150043-1;N05298BM-7-FF;09/04/2026 15:34:59;FF_MATRIX_STS;Hormazábal Castro;Valery Arlette;;"José Domingo Mujica 490 ";" 3er Piso. Modulo Retiro en Tienda";;;RANCAGUA;VI REGION;CL;Hormazabal;Jose;;Hernando de Aguirre 162;;;;RANCAGUA;VI REGION;CL;31990;0;0;0;31990;0;CLP
000000586105;24542006401-A;09/04/2026 17:20:19;Recibido;29990;0;29990;5398;0.0000;24592;1;BLAZER CUELLO CRUZADO NEGRO NICOPOLY;MPM10002842887-3;N05299BXL-7;09/04/2026 17:20:20;4d_Retiro Tienda Ripley San Bernardo;Opazo;Vernica;;"Av. Pdte. Jorge Alessandri Rodríguez 20040, San Bernardo ";2do Piso. Modulo Retiro en Tienda;;;SN.BERNARDO;REG.METROPOLITANA;CL;Opazo;Vernica;;Camilo Berrios Quintanilla 142;;;;SN.BERNARDO;REG.METROPOLITANA;CL;29990;0;0;0;29990;0;CLP
000000586105;24542138001-A;09/04/2026 18:46:01;Reembolsado;44990;0;44990;8098;0.0000;36892;1;FULFILLMENT-BLAZER BASICO DE TOPE VERDE NICOPOLY;MPM10003150057-1;N05301EM-7-FF;09/04/2026 18:46:02;FF_MATRIX_STS;Alarcon;Catalina;;"Barros Arana 1068, Concepcion ";" 3er Piso. Modulo Retiro en Tienda";;;CONCEPCION;VIII REGION;CL;Alarcon;Catalina;;ñipas interior, pasaje 2 .;;;;CONCEPCION;VIII REGION;CL;44990;0;0;0;44990;0;CLP
000000586105;24542264401-A;09/04/2026 20:06:00;Reembolsado;29490;330;29820;5308;0.0000;24182;1;CARDIGAN DISEÑO TRENZADO CAFE  NICOPOLY;MPM10003217104-2;N06240UM;09/04/2026 20:06:02;4d_Retiro Tienda Ripley Plaza Vespucio;Espinoza Silva;Viviana;;"Av. Vicuña Mackenna Ote. 7110, La Florida ";3er Piso. Modulo Retiro en Tienda;;;LA FLORIDA;REG.METROPOLITANA;CL;Espinoza Silva;Viviana;;Coronel 6675;;;;LA FLORIDA;REG.METROPOLITANA;CL;29490;0;330;0;29820;0;CLP
000000586105;24542264401-A;09/04/2026 20:06:00;Reembolsado;17990;330;18320;3238;0.0000;14752;1;VESTIDO ACANALADO MUJER NICOPOLY NEGRO CUELLO ALTO;MPM10001710245-1;N05055BM;09/04/2026 20:06:02;4d_Retiro Tienda Ripley Plaza Vespucio;Espinoza Silva;Viviana;;"Av. Vicuña Mackenna Ote. 7110, La Florida ";3er Piso. Modulo Retiro en Tienda;;;LA FLORIDA;REG.METROPOLITANA;CL;Espinoza Silva;Viviana;;Coronel 6675;;;;LA FLORIDA;REG.METROPOLITANA;CL;17990;0;330;0;18320;0;CLP
000000586105;24542264401-A;09/04/2026 20:06:00;Reembolsado;56990;330;57320;10258;0.0000;46732;1;CHAQUETA CORTA TIPO GAMUZA CAFE  NICOPOLY;MPM10003221921-4;N06221UM;09/04/2026 20:06:02;4d_Retiro Tienda Ripley Plaza Vespucio;Espinoza Silva;Viviana;;"Av. Vicuña Mackenna Ote. 7110, La Florida ";3er Piso. Modulo Retiro en Tienda;;;LA FLORIDA;REG.METROPOLITANA;CL;Espinoza Silva;Viviana;;Coronel 6675;;;;LA FLORIDA;REG.METROPOLITANA;CL;56990;0;330;0;57320;0;CLP
000000586105;24542501901-A;09/04/2026 22:11:31;Recibido;36990;0;36990;6658;0.0000;30332;1;FULFILLMENT-PANTALON BASICO VERDE NICOPOLY;MPM10003150071-3;N05298ES-7-FF;09/04/2026 22:11:32;FF_MATRIX_STS;"Gaete Vergara ";"Alicia ";;"Av.OHiggins 201 ";" 2do Piso. Servicio al Cliente";;;CURICO;VII REGION;CL;González;Natalia;;Población Balmaceda 1907;;;;CURICO;VII REGION;CL;36990;0;0;0;36990;0;CLP
000000586105;24542750101-A;10/04/2026 02:57:43;Recibido;22490;248;22738;4048;0.0000;18442;1;FULFILLMENT-VESTIDO TIPO SATIN FLOREADO NEGRO NICOPOLY;MPM10003043488-3;N06159BM-FF;10/04/2026 02:57:46;FF_MATRIX_DX;Gomez;Ignacia;;Luz 2959;165;;;LAS CONDES;REG.METROPOLITANA;CL;Gomez;Ignacia;;Luz 2959;;;;LAS CONDES;REG.METROPOLITANA;CL;22490;0;248;0;22738;0;CLP
000000586105;24542750101-A;10/04/2026 02:57:43;Recibido;22490;248;22738;4048;0.0000;18442;1;FULFILLMENT-VESTIDO TIPO SATIN FLOREADO NEGRO NICOPOLY;MPM10003043488-1;N06159BL-FF;10/04/2026 02:57:46;FF_MATRIX_DX;Gomez;Ignacia;;Luz 2959;165;;;LAS CONDES;REG.METROPOLITANA;CL;Gomez;Ignacia;;Luz 2959;;;;LAS CONDES;REG.METROPOLITANA;CL;22490;0;248;0;22738;0;CLP
000000586105;24542750101-A;10/04/2026 02:57:43;Recibido;28490;248;28738;5128;0.0000;23362;1;FULFILLMENT-VESTIDO FLORAL VOLANTES CELESTE NICOPOLY;MPM10003043490-1;N06171KM-FF;10/04/2026 02:57:46;FF_MATRIX_DX;Gomez;Ignacia;;Luz 2959;165;;;LAS CONDES;REG.METROPOLITANA;CL;Gomez;Ignacia;;Luz 2959;;;;LAS CONDES;REG.METROPOLITANA;CL;28490;0;248;0;28738;0;CLP
000000586105;24542750101-A;10/04/2026 02:57:43;Recibido;28490;248;28738;5128;0.0000;23362;1;FULFILLMENT-VESTIDO FLORAL VOLANTES CELESTE NICOPOLY;MPM10003043490-2;N06171KL-FF;10/04/2026 02:57:46;FF_MATRIX_DX;Gomez;Ignacia;;Luz 2959;165;;;LAS CONDES;REG.METROPOLITANA;CL;Gomez;Ignacia;;Luz 2959;;;;LAS CONDES;REG.METROPOLITANA;CL;28490;0;248;0;28738;0;CLP
000000586105;24543413401-A;10/04/2026 15:22:28;Recibido;16990;0;16990;3058;0.0000;13932;1;FULFILLMENT-FALDA SHORT TIPO GAMUZA CAFE  NICOPOLY;MPM10002975103-3;N06075US-FF;10/04/2026 15:22:29;FF_MATRIX_STS;Novoa;Claudia;;"Valdivia 440, Los Angeles ";" 3er Piso. Servicio al Cliente";;;LOS ANGELES;VIII REGION;CL;Poblete;Patricia;;Ejercito 155;;;;LOS ANGELES;VIII REGION;CL;16990;0;0;0;16990;0;CLP
000000586105;24543769701-A;10/04/2026 19:22:26;Recibido;36990;990;37980;6658;0.0000;30332;1;CHAQUETA LARGA IMPERMEABLE MOSTAZA OSCURO NICOPOLY;MPM10002646325-1;N05191UM;10/04/2026 19:22:28;18d_Retiro Tienda Ripley Punta Arenas;Seron;Marcia;;"Avda. E Frei Montalva 01110 Local 194 ";" 2do Piso. Servicio al Cliente";;;PTA.ARENAS;XII REGION;CL;Seron;Marcia;;21 de Mayo 1401;;;;PTA.ARENAS;XII REGION;CL;36990;0;990;0;37980;0;CLP
000000586105;24543879401-A;10/04/2026 20:31:44;Recibido;59990;990;60980;10798;0.0000;49192;1;BLAZER OVERSIZE TIPO GAMUZA CAFE  NICOPOLY;MPM10003221915-3;N06196UM;10/04/2026 20:31:45;10d_Retiro Tienda Ripley San Fernando;NAVARRETE LEYTON;ESTER;;"Bernardo Ohiggins 701 ";" 3er Piso. Modulo Retiro en Tienda";;;SAN FERNANDO;VI REGION;CL;NAVARRETE LEYTON;ESTER;;Quechereguas 617;;;;SAN FERNANDO;VI REGION;CL;59990;0;990;0;60980;0;CLP
000000586105;24543969401-A;10/04/2026 21:28:59;Reembolsado;51990;0;51990;9358;0.0000;42632;1;BLAZER MANGA 3/4 AJUSTADO CON SOLAPAS BLANCO NICOPOLY;MPM10002943892-2;N03049AXXL-FF;10/04/2026 21:29:00;FF_MATRIX_STS;Rosales;Ayleen;;"Avenida Jorge Alessandri 3177 ";" 3er Piso. Modulo Retiro en Tienda";;;TALCAHUANO;VIII REGION;CL;Ortega;Luis;;Avenida Los Lobos 1902;;;;TALCAHUANO;VIII REGION;CL;51990;0;0;0;51990;0;CLP
000000586105;24544446301-A;11/04/2026 10:29:27;Reembolsado;29990;0;29990;5398;0.0000;24592;1;FULFILLMENT-BLAZER LARGO 4 BOTONES ROSADO NICOPOLY;MPM10002943889-2;N05299HXXL-FF;11/04/2026 10:29:28;FF_MATRIX_STS;Erices;Alejandra;;"Avenida Jorge Alessandri 3177 ";" 3er Piso. Modulo Retiro en Tienda";;;TALCAHUANO;VIII REGION;CL;Erices;Alejandra;;Jaime Repullo 3620;;;;TALCAHUANO;VIII REGION;CL;29990;0;0;0;29990;0;CLP
000000586105;24544448501-A;11/04/2026 10:31:19;Reembolsado;38990;0;38990;7018;0.0000;31972;1;BLAZER BASICO DE TOPE CAFE  NICOPOLY;MPM10003143418-4;N05301US;11/04/2026 10:31:21;8d_Retiro Tienda Ripley Puerto Montt;Reatamal;Matias;;"Urmeneta 595, Puerto Montt ";4to Piso. Servicio al Cliente;;;PTO.MONTT;X REGION;CL;Reatamal;Matias;;Calle pedro aguirre cerda 210;;;;PTO.MONTT;X REGION;CL;38990;0;0;0;38990;0;CLP
000000586105;24544448501-A;11/04/2026 10:31:19;Reembolsado;38990;0;38990;7018;0.0000;31972;1;BLAZER BASICO DE TOPE MORADO NICOPOLY;MPM10002843019-4;N05301ZS-7;11/04/2026 10:31:21;8d_Retiro Tienda Ripley Puerto Montt;Reatamal;Matias;;"Urmeneta 595, Puerto Montt ";4to Piso. Servicio al Cliente;;;PTO.MONTT;X REGION;CL;Reatamal;Matias;;Calle pedro aguirre cerda 210;;;;PTO.MONTT;X REGION;CL;38990;0;0;0;38990;0;CLP
000000586105;24544448502-A;11/04/2026 10:31:19;Reembolsado;38990;0;38990;7018;0.0000;31972;1;FULFILLMENT-BLAZER BASICO DE TOPE VERDE NICOPOLY;MPM10003150057-4;N05301ES-7-FF;11/04/2026 10:31:21;FF_MATRIX_STS;Reatamal;Matias;;"Urmeneta 595, Puerto Montt ";4to Piso. Servicio al Cliente;;;PTO.MONTT;X REGION;CL;Reatamal;Matias;;Calle pedro aguirre cerda 210;;;;PTO.MONTT;X REGION;CL;38990;0;0;0;38990;0;CLP
000000586105;24544448502-A;11/04/2026 10:31:19;Reembolsado;31990;0;31990;5758;0.0000;26232;1;FULFILLMENT-PANTALON BASICO VERDE NICOPOLY;MPM10003150071-1;N05298EL-7-FF;11/04/2026 10:31:21;FF_MATRIX_STS;Reatamal;Matias;;"Urmeneta 595, Puerto Montt ";4to Piso. Servicio al Cliente;;;PTO.MONTT;X REGION;CL;Reatamal;Matias;;Calle pedro aguirre cerda 210;;;;PTO.MONTT;X REGION;CL;31990;0;0;0;31990;0;CLP
000000586105;24544508301-A;11/04/2026 11:13:07;Recibido;22990;990;23980;4138;0.0000;18852;1;PANTALON ENTALLADO COSTURAS DELANTERAS GRIS NICOPOLY;MPM10002941919-4;N03030IXL;11/04/2026 11:13:08;5d_Retiro Tienda Ripley El Trébol;Carrillo Roa;Natalia;;"Avenida Jorge Alessandri 3177 ";" 3er Piso. Modulo Retiro en Tienda";;;TALCAHUANO;VIII REGION;CL;Carrillo Roa;Natalia;;Croacia  3745;;;;TALCAHUANO;VIII REGION;CL;22990;0;990;0;23980;0;CLP
000000586105;24545348601-A;11/04/2026 20:04:20;Reembolsado;34490;0;34490;6208;0.0000;28282;1;BLAZER PIED DE POULE CAFE  NICOPOLY;MPM10001713149-1;N05037LL;11/04/2026 20:04:21;Flujo Flota Propia;Carrera;Consuelo;;Río Magdalena 642;"204 ";;;CERRILLOS;REG.METROPOLITANA;CL;Carrera;Consuelo;;Río Magdalena 642;;;;CERRILLOS;REG.METROPOLITANA;CL;34490;0;0;0;34490;0;CLP
000000586105;24545669401-A;11/04/2026 23:08:00;Reembolsado;60990;0;60990;10978;0.0000;50012;1;FULFILLMENT-ABRIGO SOLAPA REDONDA VERDE PETROLEO NICOPOLY;MPM10003238324-4;N05252EL-FF;11/04/2026 23:08:01;FF_MATRIX;Milategua;Ana;;Calle Cabello 451;S/N;;;SANTA CRUZ;VI REGION;CL;Milategua;Ana;;Calle Cabello 451;;;;SANTA CRUZ;VI REGION;CL;60990;0;0;0;60990;0;CLP
000000586105;24545721201-A;11/04/2026 23:45:23;Reembolsado;60990;0;60990;10978;0.0000;50012;1;ABRIGO SOLAPA REDONDA NEGRONICOPOLY;MPM10002646294-4;N05252BXL;11/04/2026 23:45:25;5d_Retiro Tienda Ripley La Calera;Torres;Maria Teresa;;"JJ Perez 90, La Calera ";" 2do Piso. Modulo Retiro en Tienda";;;LA CALERA;V REGION;CL;Torres;Maria Teresa;;Pasaje taiteare  1166;;;;LA CALERA;V REGION;CL;60990;0;0;0;60990;0;CLP
000000586105;24545848001-A;12/04/2026 04:36:29;Recibido;11990;990;12980;2158;0.0000;9832;1;POLERA MANGA LARGA CUELLO BOTE BURDEO NICOPOLY;MPM10003203309-2;N06308TS;12/04/2026 04:36:31;4d_Retiro Tienda Ripley Arauco Maipu;Careaga;Tamara;;"Av. Americo Vespucio 399 ";" 2do Piso. Modulo Retiro en Tienda";;;MAIPU;REG.METROPOLITANA;CL;Careaga;Tamara;;Los cancilleres 1524 1524;;;;MAIPU;REG.METROPOLITANA;CL;11990;0;990;0;12980;0;CLP
000000586105;24546151501-A;12/04/2026 12:11:13;Recibido;25990;0;25990;4678;0.0000;21312;1;BLAZER BASICO DE TOPE GRIS NICOPOLY;MPM10002924446-1;N05301IXXL;12/04/2026 12:11:14;18d_Retiro Tienda Ripley Punta Arenas;Diaz Baos;Maria Constanza;;"Avda. E Frei Montalva 01110 Local 194 ";" 2do Piso. Servicio al Cliente";;;PTA.ARENAS;XII REGION;CL;Diaz Baos;Maria Constanza;;19 de junio  01818;;;;PTA.ARENAS;XII REGION;CL;25990;0;0;0;25990;0;CLP
000000586105;24546151501-A;12/04/2026 12:11:13;Recibido;29990;0;29990;5398;0.0000;24592;1;BLAZER LARGO 4 BOTONES ROSADO NICOPOLY;MPM10002924047-1;N05299HXXL;12/04/2026 12:11:14;18d_Retiro Tienda Ripley Punta Arenas;Diaz Baos;Maria Constanza;;"Avda. E Frei Montalva 01110 Local 194 ";" 2do Piso. Servicio al Cliente";;;PTA.ARENAS;XII REGION;CL;Diaz Baos;Maria Constanza;;19 de junio  01818;;;;PTA.ARENAS;XII REGION;CL;29990;0;0;0;29990;0;CLP
000000586105;24546488701-A;12/04/2026 15:33:35;Reembolsado;34490;0;34490;6208;0.0000;28282;1;CHAQUETA BOUCLE  BLANCO INVIERNO INVIERNO NICOPOLY;MPM10002646323-2;N05183AS;12/04/2026 15:33:36;4d_Retiro Tienda Ripley Arauco Maipu;"Lueiza ";"Valentina ";;"Av. Americo Vespucio 399 ";" 2do Piso. Modulo Retiro en Tienda";;;MAIPU;REG.METROPOLITANA;CL;Lueiza;Sandra;;Laguna Icalma 6384, 9190266 Santiago, Estación Central, Región Metropolitana, Chile 6384;;;;MAIPU;REG.METROPOLITANA;CL;34490;0;0;0;34490;0;CLP
000000586105;24547780001-A;13/04/2026 09:09:12;Recibido;37990;0;37990;6838;0.0000;31152;1;VESTIDO BRODERIE BLANCO NICOPOLY;MPM10002984874-2;N06025AL;13/04/2026 09:09:13;5d_Retiro Tienda Ripley Talca;Tejo;Nicol;;"8 Oriente 1212 ";" 2do Piso. Modulo Retiro en Tienda";;;TALCA;VII REGION;CL;Verdugo;Patricio;;Calle Parque Conguillio 2120;;;;TALCA;VII REGION;CL;37990;0;0;0;37990;0;CLP
000000586105;24547892701-A;13/04/2026 10:30:41;Reembolsado;38990;0;38990;7018;0.0000;31972;1;BLAZER BASICO DE TOPE NEGRO NICOPOLY;MPM10002842906-1;N05301BXL-7;13/04/2026 10:30:42;8d_Retiro Tienda Ripley Copiapo;Gonzalez;Miriam;;"Calle Maipu S/N, Copiapo ";" 2do Piso. Servicio al Cliente";;;COPIAPO;III REGION;CL;Gonzalez;Miriam;;Damiana Argandoña  714;;;;COPIAPO;III REGION;CL;38990;0;0;0;38990;0;CLP
000000586105;24548266401-A;13/04/2026 13:56:35;Recibido;69990;3990;73980;12598;0.0000;57392;1;TRENCH CLASICO DOBLE BOTONADURA CAFE  NICOPOLY;MPM10003237641-3;N06187UL;13/04/2026 13:56:37;Flujo Flota Propia;"Cabezas Galvez ";"Carlos ";;Pasaje montreal 4640 casa M 4640;M;;;SAN MIGUEL;REG.METROPOLITANA;CL;"Cabezas Galvez ";"Carlos ";;Pasaje montreal 4640 casa M 4640;;;;SAN MIGUEL;REG.METROPOLITANA;CL;69990;0;3990;0;73980;0;CLP
000000586105;24548676001-A;13/04/2026 17:46:51;Recibido;17990;990;18980;3238;0.0000;14752;1;BLAZER ENTALLADO CLASICO AMARILLO NICOPOLY;MPM00014509502-4;N00346FXL;13/04/2026 17:46:52;10d_Retiro Tienda Ripley Antofagasta;Gangoo;"Vidya ";;"Arturo Prat 530 ";" 4to Piso. Servicio al Cliente";;;ANTOFAGASTA;II REGION;CL;Gangoo;"Vidya ";;EL ORO  8275;;;;ANTOFAGASTA;II REGION;CL;17990;0;990;0;18980;0;CLP
000000586105;24549274501-A;13/04/2026 22:45:21;Recibido;34990;0;34990;6298;0.0000;28692;1;BLAZER CUELLO CRUZADO NEGRO NICOPOLY;MPM10002842887-2;N05299BS-7;13/04/2026 22:45:22;5d_Retiro Tienda Ripley Chillán;Lopez;Ana;;"5 de Abril 699 ";4to Piso. Centro de atención al Cliente;;;CHILLAN;XVI REGION;CL;Lopez;Ana;;Ricardo lyon 505;;;;CHILLAN;XVI REGION;CL;34990;0;0;0;34990;0;CLP
000000586105;24549397301-A;13/04/2026 23:52:33;Reembolsado;28990;0;28990;5218;0.0000;23772;1;FULFILLMENT-BLUSA VUELOS MANGA LARGA NEGRO NICOPOLY;MPM10002943905-3;N06067BL-FF;13/04/2026 23:52:34;FF_MATRIX_STS;Cortes;Catherine;;"Baquedano 86 ";" 1er Piso. Servicio al Cliente";;;COQUIMBO;IV REGION;CL;Cortes;Catherine;;Calle Ambrosio Ohiggins  759;;;;COQUIMBO;IV REGION;CL;28990;0;0;0;28990;0;CLP
000000586105;24549745201-A;14/04/2026 10:40:30;Recibido;27990;990;28980;5038;0.0000;22952;1;BLUSA CORBATIN Y VUELOS NEGRO NICOPOLY;MPM10003221930-3;N06274BXL;14/04/2026 10:40:32;5d_Retiro Tienda Ripley Mall Concepción;"Monroy ";"Martín ";;"Barros Arana 1068, Concepcion ";" 3er Piso. Modulo Retiro en Tienda";;;CONCEPCION;VIII REGION;CL;Maldonado;Roxana;;Calle 4 condominio Newenkelen  1078;;;;CONCEPCION;VIII REGION;CL;27990;0;990;0;28980;0;CLP
000000586105;24550372901-A;14/04/2026 16:15:44;Recibido;91990;990;92980;16558;0.0000;75432;1;ABRIGO CON CINTURON HEBILLA METALICA AZUL REY NICOPOLY;MPM10003232203-4;N06215CS;14/04/2026 16:15:46;5d_Retiro Tienda Ripley El Trébol;Valeria;Joselin;;"Avenida Jorge Alessandri 3177 ";" 3er Piso. Modulo Retiro en Tienda";;;TALCAHUANO;VIII REGION;CL;Valeria;Joselin;;Acceso sur a penco Cond pta de penco 7,95;;;;TALCAHUANO;VIII REGION;CL;91990;0;990;0;92980;0;CLP
000000586105;24551186201-A;14/04/2026 22:31:33;Recibido;39990;990;40980;7198;0.0000;32792;1;BOMBER ECOCUERO NEGRO NICOPOLY;MPM10002635840-4;N05153BM;14/04/2026 22:31:34;4d_Retiro Tienda Ripley Tobalaba;Lagos;Elsa;;"Av. Camilo Henríquez 3296, Puente Alto ";2do Piso. Modulo Retiro en Tienda;;;PUENTE ALTO;REG.METROPOLITANA;CL;Lagos;Elsa;;Pedro Lira 196;;;;PUENTE ALTO;REG.METROPOLITANA;CL;39990;0;990;0;40980;0;CLP
000000586105;24551228801-A;14/04/2026 22:49:13;Reembolsado;29990;0;29990;5398;0.0000;24592;1;VESTIDO FLORAL VOLANTES CELESTE NICOPOLY;MPM10003037326-2;N06171KM;14/04/2026 22:49:14;4d_Retiro Tienda Ripley Plaza Vespucio;Tapia;Paula;;"Av. Vicuña Mackenna Ote. 7110, La Florida ";3er Piso. Modulo Retiro en Tienda;;;LA FLORIDA;REG.METROPOLITANA;CL;Tapia;Paula;;Argentina 8970 6;;;;LA FLORIDA;REG.METROPOLITANA;CL;29990;0;0;0;29990;0;CLP
000000586105;24551249301-A;14/04/2026 22:56:33;Reembolsado;26990;990;27980;4858;0.0000;22132;1;TRENCH PRINCIPE DE GALES LAZO GRIS NICOPOLY;MPM00048421784-3;N02290IS;14/04/2026 22:56:34;10d_Retiro Tienda Ripley Portal Temuco;Garrido  Flores;Valeria Fernanda;;"Avenida Alemania 0671 ";3er Piso, Modulo Retiro en Tienda;;;TEMUCO;IX REGION;CL;Garrido  Flores;Valeria Fernanda;;Luis Durand  05150;;;;TEMUCO;IX REGION;CL;26990;0;990;0;27980;0;CLP
000000586105;24551301101-A;14/04/2026 23:24:29;Reembolsado;39990;0;39990;7198;0.0000;32792;1;BLAZER PIED DE POULE CAFE  NICOPOLY;MPM10001713149-4;N05037LM;14/04/2026 23:24:30;4d_Retiro Tienda Ripley Plaza Oeste;Armijo;Sandy;;"Américo Vespucio 1501 ";" 3er Piso. Modulo Retiro en Tienda";;;CERRILLOS;REG.METROPOLITANA;CL;Armijo;Sandy;;Bombero Hugo Olguin 7387;;;;CERRILLOS;REG.METROPOLITANA;CL;39990;0;0;0;39990;0;CLP
000000586105;24551307201-A;14/04/2026 23:30:07;Reembolsado;29990;0;29990;5398;0.0000;24592;1;VESTIDO AJUSTADO CUT OUT NEGRO NICOPOLY;MPM10003037319-2;N06146BL;14/04/2026 23:30:09;Flujo Flota Propia;Lorca Tapia;Gabriela;;Calle Berlín 1000;1305;;;SAN MIGUEL;REG.METROPOLITANA;CL;Lorca Tapia;Gabriela;;Calle Berlín 1000;;;;SAN MIGUEL;REG.METROPOLITANA;CL;29990;0;0;0;29990;0;CLP
000000586105;24551380101-A;15/04/2026 00:19:40;Recibido;28990;0;28990;5218;0.0000;23772;1;FULFILLMENT-BLUSA VUELOS MANGA LARGA BURDEO NICOPOLY;MPM10003150053-3;N06067TS-FF;15/04/2026 00:19:42;FF_MATRIX_STS;"Maldonado ";Anais;;"Juan Soler Manfredini 10 ";" 6to Piso. Modulo Retiro en Tienda";;;PTO.MONTT;X REGION;CL;"Maldonado ";Anais;;Lago panguipulli  370;;;;PTO.MONTT;X REGION;CL;28990;0;0;0;28990;0;CLP
000000586105;24551448001-A;15/04/2026 02:40:25;Recibido;36990;0;36990;6658;0.0000;30332;1;BLAZER BOLSILLOS Y BOTÓN NEGRO NICOPOLY;MPM10001752517-1;N04260BM-5;15/04/2026 02:40:27;5d_Retiro Tienda Ripley Los Ángeles;Elgueta Rodríguez;Lilian;;"Valdivia 440, Los Angeles ";" 3er Piso. Servicio al Cliente";;;LOS ANGELES;VIII REGION;CL;Elgueta Rodríguez;Lilian;;La cumbre 2510;;;;LOS ANGELES;VIII REGION;CL;36990;0;0;0;36990;0;CLP
000000586105;24551448001-A;15/04/2026 02:40:25;Recibido;11990;0;11990;2158;0.0000;9832;1;BUFANDA GRUESA ROJO NICOPOLY;MPM10002663023-1;N05334DF;15/04/2026 02:40:27;5d_Retiro Tienda Ripley Los Ángeles;Elgueta Rodríguez;Lilian;;"Valdivia 440, Los Angeles ";" 3er Piso. Servicio al Cliente";;;LOS ANGELES;VIII REGION;CL;Elgueta Rodríguez;Lilian;;La cumbre 2510;;;;LOS ANGELES;VIII REGION;CL;11990;0;0;0;11990;0;CLP
000000586105;24551598101-A;15/04/2026 09:18:09;Recibido;29990;0;29990;5398;0.0000;24592;1;FULFILLMENT-GILET BASICO AJUSTABLE AZUL NICOPOLY;MPM10003150064-1;N04273PXL-FF;15/04/2026 09:18:10;FF_MATRIX_STS;Choque;Araceli;;"Vivar 550 ";" 4to Piso. Servicio al Cliente";;;IQUIQUE;I REGION;CL;Choque;Araceli;;Sargento aldea 2052;;;;IQUIQUE;I REGION;CL;29990;0;0;0;29990;0;CLP
000000586105;24551871101-A;15/04/2026 11:44:30;Recibido;27990;3990;31980;5038;0.0000;22952;1;BLAZER 6 BOTONES GRAFITO NICOPOLY;MPM10002912545-2;N06001NXL;15/04/2026 11:44:31;Flujo Flota Propia;Rodriguez;Claudia;;Oceanía 217, Pudahuel, Región Metropolitana, Chile 217;S/N;;;PUDAHUEL;REG.METROPOLITANA;CL;Rodriguez;Claudia;;Oceanía 217, Pudahuel, Región Metropolitana, Chile 217;;;;PUDAHUEL;REG.METROPOLITANA;CL;27990;0;3990;0;31980;0;CLP
000000586105;24552407901-A;15/04/2026 16:52:51;Reembolsado;36990;0;36990;6658;0.0000;30332;1;FULFILLMENT-PANTALON BASICO VERDE NICOPOLY;MPM10003150071-1;N05298EL-7-FF;15/04/2026 16:52:52;FF_MATRIX;Castillo Toro;Natalia;;Baltazar Villalobos 1171;S/N;;;SANTIAGO;REG.METROPOLITANA;CL;Castillo Toro;Natalia;;Baltazar Villalobos 1171;;;;SANTIAGO;REG.METROPOLITANA;CL;36990;0;0;0;36990;0;CLP
000000586105;24552407902-A;15/04/2026 16:52:51;Recibido;34990;3980;38970;6298;0.0000;28692;1;BLAZER MUJER NICOPOLY MORADO CUELLO MAO;MPM10002160537-4;N00156ZM-6;15/04/2026 16:52:52;Flujo Flota Propia;Castillo Toro;Natalia;;Baltazar Villalobos 1171;S/N;;;SANTIAGO;REG.METROPOLITANA;CL;Castillo Toro;Natalia;;Baltazar Villalobos 1171;;;;SANTIAGO;REG.METROPOLITANA;CL;34990;0;3980;0;38970;0;CLP
000000586105;24552517501-A;15/04/2026 17:53:01;Recibido;30990;0;30990;5578;0.0000;25412;1;CHAQUETA LEÑADORA BEIGE NICOPOLY;MPM00040988712-1;N02150AL;15/04/2026 17:53:02;5d_Retiro Tienda Ripley El Trébol;Ortega;Karla;;"Avenida Jorge Alessandri 3177 ";" 3er Piso. Modulo Retiro en Tienda";;;TALCAHUANO;VIII REGION;CL;Ortega;Karla;;Av san pedro del valle 1895 19;;;;TALCAHUANO;VIII REGION;CL;30990;0;0;0;30990;0;CLP
000000586105;24552656401-A;15/04/2026 19:09:32;Reembolsado;27990;0;27990;5038;0.0000;22952;1;CHAQUETA LEÑADORA BEIGE NICOPOLY;MPM00040988712-3;N02150AM;15/04/2026 19:09:33;8d_Retiro Tienda Ripley Castellón;Bizama;Carolina;;"Castellon 520, Concepcion ";6to Piso. Servicio al Cliente;;;CONCEPCION;VIII REGION;CL;Bizama;Carolina;;Manuel Bulnes  174;;;;CONCEPCION;VIII REGION;CL;27990;0;0;0;27990;0;CLP
000000586105;24552857501-A;15/04/2026 20:17:42;Reembolsado;35990;0;35990;6478;0.0000;29512;1;CHAQUETA BOUCLE  BLANCO INVIERNO INVIERNO NICOPOLY;MPM10002646323-2;N05183AS;15/04/2026 20:17:43;4d_Retiro Tienda Ripley Plaza Egaña;Zenteno;Valeria;;"Larrain 5800 ";" 3er Piso. Modulo Retiro en Tienda";;;NUNOA;REG.METROPOLITANA;CL;Zenteno;Valeria;;Brown norte 40;;;;NUNOA;REG.METROPOLITANA;CL;35990;0;0;0;35990;0;CLP
000000586105;24552942801-A;15/04/2026 20:40:24;Recibido;24490;990;25480;4408;0.0000;20082;1;TRENCH PRINCIPE DE GALES LAZO GRIS NICOPOLY;MPM00048421784-2;N02290IL;15/04/2026 20:40:24;4d_Retiro Tienda Ripley Plaza Vespucio;Caullan;Edith;;"Av. Vicuña Mackenna Ote. 7110, La Florida ";3er Piso. Modulo Retiro en Tienda;;;LA FLORIDA;REG.METROPOLITANA;CL;Caullan;Edith;;Miguel Angel  03027;;;;LA FLORIDA;REG.METROPOLITANA;CL;24490;0;990;0;25480;0;CLP
000000586105;24552961801-A;15/04/2026 20:48:53;Recibido;26990;0;26990;4858;0.0000;22132;1;TRENCH PRINCIPE DE GALES LAZO GRIS NICOPOLY;MPM00048421784-4;N02290IM;15/04/2026 20:48:54;10d_Retiro Tienda Ripley Portal Temuco;Albornoz;Karen;;"Avenida Alemania 0671 ";3er Piso, Modulo Retiro en Tienda;;;TEMUCO;IX REGION;CL;Albornoz;Karen;;El Trigal 490;;;;TEMUCO;IX REGION;CL;26990;0;0;0;26990;0;CLP
000000586105;24552985601-A;15/04/2026 20:52:02;Recibido;34990;4990;39980;6298;0.0000;28692;1;CHAQUETA BIKER NEGRO NICOPOLY;MPM10002617343-4;N02107BS-6;15/04/2026 20:52:03;Flujo Flota Propia;Venegas;Denisse;;Pasaje Navares 1 741;Casa;;;PUENTE ALTO;REG.METROPOLITANA;CL;Venegas;Denisse;;Pasaje Navares 1 741;;;;PUENTE ALTO;REG.METROPOLITANA;CL;34990;0;4990;0;39980;0;CLP
000000586105;24553142001-A;15/04/2026 21:29:51;Reembolsado;27990;0;27990;5038;0.0000;22952;1;CHAQUETA LEÑADORA BEIGE NICOPOLY;MPM00040988712-1;N02150AL;15/04/2026 21:29:53;5d_Retiro Tienda Ripley Mall Concepción;Moya;Alejandra;;"Barros Arana 1068, Concepcion ";" 3er Piso. Modulo Retiro en Tienda";;;CONCEPCION;VIII REGION;CL;Moya;Alejandra;;pasaje liguria 2817;;;;CONCEPCION;VIII REGION;CL;27990;0;0;0;27990;0;CLP
000000586105;24553175001-A;15/04/2026 21:36:51;Recibido;30990;990;31980;5578;0.0000;25412;1;CHAQUETA LEÑADORA BEIGE NICOPOLY;MPM00040988712-3;N02150AM;15/04/2026 21:36:52;5d_Retiro Tienda Ripley Valparaíso;Thomas;Samanta;;"Plaza Victoria 1646 ";" 4to Piso. Servicio al Cliente";;;VALPARAISO;V REGION;CL;Thomas;Samanta;;Calle Padre Hurtado 650;;;;VALPARAISO;V REGION;CL;30990;0;990;0;31980;0;CLP
000000586105;24553519501-A;15/04/2026 22:46:59;Recibido;29990;0;29990;5398;0.0000;24592;1;BOMBER TIPO GAMUZA BLANCO INVIERNO INVIERNO NICOPOLY;MPM10002635865-3;N05184AM;15/04/2026 22:47:00;5d_Retiro Tienda Ripley Talca;"Verdugo Salinas ";"Luz Constanza ";;"8 Oriente 1212 ";" 2do Piso. Modulo Retiro en Tienda";;;TALCA;VII REGION;CL;Maraboli;Natali;;Rengifo psjSan Pedro  133;;;;TALCA;VII REGION;CL;29990;0;0;0;29990;0;CLP
000000586105;24553550801-A;15/04/2026 22:51:21;Recibido;30990;0;30990;5578;0.0000;25412;1;CHAQUETA LEÑADORA BEIGE NICOPOLY;MPM00040988712-3;N02150AM;15/04/2026 22:51:22;10d_Retiro Tienda Ripley Antofagasta;Esteban;Mario;;"Arturo Prat 530 ";" 4to Piso. Servicio al Cliente";;;ANTOFAGASTA;II REGION;CL;Gatica Valdivia;Carolina;;Nicanor Plaza 1320;;;;ANTOFAGASTA;II REGION;CL;30990;0;0;0;30990;0;CLP
000000586105;24553786701-A;15/04/2026 23:40:59;Recibido;64990;0;64990;11698;0.0000;53292;1;FULFILLMENT-ABRIGO SOLAPA REDONDA ROJO NICOPOLY;MPM10002725932-3;N05252DL-FF;15/04/2026 23:41:00;FF_MATRIX_STS;Jara Fuentealba;Jacqueline   De La Rosa;;"Barros Arana 1068, Concepcion ";" 3er Piso. Modulo Retiro en Tienda";;;CONCEPCION;VIII REGION;CL;Jara Fuentealba;Jacqueline   De La Rosa;;Villa las flores Psje3;;;;CONCEPCION;VIII REGION;CL;64990;0;0;0;64990;0;CLP
000000586105;24553786702-A;15/04/2026 23:40:59;Recibido;72990;0;72990;13138;0.0000;59852;1;ABRIGO 4 BOTONES AZUL ELE CTRICO NICOPOLY;MPM10002646307-2;N05155CL;15/04/2026 23:41:00;5d_Retiro Tienda Ripley Mall Concepción;Jara Fuentealba;Jacqueline   De La Rosa;;"Barros Arana 1068, Concepcion ";" 3er Piso. Modulo Retiro en Tienda";;;CONCEPCION;VIII REGION;CL;Jara Fuentealba;Jacqueline   De La Rosa;;Villa las flores Psje3;;;;CONCEPCION;VIII REGION;CL;72990;0;0;0;72990;0;CLP
000000586105;24553819001-A;15/04/2026 23:48:21;Recibido;64990;990;65980;11698;0.0000;53292;1;ABRIGO SOLAPA REDONDA VERDE PETROLEO NICOPOLY;MPM10003232483-3;N05252EM;15/04/2026 23:48:22;5d_Retiro Tienda Ripley Marina Arauco;Ojeda;Nataly;;"Avenida Libertad 1348 ";" Piso 4. Modulo Retiro en Tienda";;;VI.A DEL MA;V REGION;CL;Ojeda;Nataly;;El palto 3001;;;;VI.A DEL MA;V REGION;CL;64990;0;990;0;65980;0;CLP
000000586105;24553954701-A;16/04/2026 00:35:37;Recibido;24490;0;24490;4408;0.0000;20082;1;TRENCH PRINCIPE DE GALES LAZO GRIS NICOPOLY;MPM00048421784-4;N02290IM;16/04/2026 00:35:38;8d_Retiro Tienda Ripley Coquimbo;Rivera Rojas;María Del Mar;;"Baquedano 86 ";" 1er Piso. Servicio al Cliente";;;COQUIMBO;IV REGION;CL;Carvajal;Juan Pablo;;Buque Riquelme 1134;;;;COQUIMBO;IV REGION;CL;24490;0;0;0;24490;0;CLP
000000586105;24554054901-A;16/04/2026 02:07:12;Recibido;38990;0;38990;7018;0.0000;31972;1;CHAQUETA ECOCUERO TIPO BIKER CAFE  NICOPOLY;MPM10001735077-3;N02107UL-5;16/04/2026 02:07:13;5d_Retiro Tienda Ripley El Trébol;Cruz;Anamaria;;"Avenida Jorge Alessandri 3177 ";" 3er Piso. Modulo Retiro en Tienda";;;TALCAHUANO;VIII REGION;CL;Cruz;Anamaria;;William Ward 3034;;;;TALCAHUANO;VIII REGION;CL;38990;0;0;0;38990;0;CLP
000000586105;24554136501-A;16/04/2026 06:55:29;Recibido;68990;11990;80980;12418;0.0000;56572;1;ABRIGO ECOCUERO CAFE 	 NICOPOLY;MPM10003232488-2;N06217UXL;16/04/2026 06:55:31;Flujo Flota Propia;Camino Cuello;Catherine;;Av.Alemania pasaje los maquis 399;Casa;;;FRUTILLAR;X REGION;CL;Camino Cuello;Catherine;;Av.Alemania pasaje los maquis 399;;;;FRUTILLAR;X REGION;CL;68990;0;11990;0;80980;0;CLP
000000586105;24554428101-A;16/04/2026 09:41:50;Reembolsado;30990;0;30990;5578;0.0000;25412;1;BLAZER LARGO 4 BOTONES ROSADO NICOPOLY;MPM10002924047-4;N05299HS;16/04/2026 09:41:52;Flujo Flota Propia;Chamblas Duran;Jose Luis Giovanny;;Antonio Varas 2627;902;;;NUNOA;REG.METROPOLITANA;CL;Chamblas Duran;Jose Luis Giovanny;;Antonio Varas 2627;;;;NUNOA;REG.METROPOLITANA;CL;30990;0;0;0;30990;0;CLP
000000586105;24554439601-A;16/04/2026 09:47:29;Recibido;63990;0;63990;11518;0.0000;52472;1;CHAQUETA ECOCUERO/TIPO PIEL CAFE  NICOPOLY;MPM10002661333-1;N05148UL;16/04/2026 09:47:30;4d_Retiro Tienda Ripley Puente;Pezoa Alarcon;Clear Nieves;;"21 de Mayo 698 ";4to Piso. Modulo Retiro en Tienda;;;SANTIAGO;REG.METROPOLITANA;CL;Pezoa Alarcon;Clear Nieves;;San Martin   870;;;;SANTIAGO;REG.METROPOLITANA;CL;63990;0;0;0;63990;0;CLP
000000586105;24554497603-A;16/04/2026 10:06:09;Recibido;26990;990;27980;4858;0.0000;22132;1;CHAQUETA BIKER ECOCUERO CORTA CAFE  NICOPOLY;MPM10001383955-2;N04201UM;16/04/2026 10:06:10;4d_Retiro Tienda Ripley Plaza Vespucio;García Díaz;Dany;;"Av. Vicuña Mackenna Ote. 7110, La Florida ";3er Piso. Modulo Retiro en Tienda;;;LA FLORIDA;REG.METROPOLITANA;CL;García Díaz;Dany;;las chilcas sur 9347;;;;LA FLORIDA;REG.METROPOLITANA;CL;26990;0;990;0;27980;0;CLP
000000586105;24554581401-A;16/04/2026 10:33:34;Recibido;30990;0;30990;5578;0.0000;25412;1;CHAQUETA LEÑADORA BEIGE NICOPOLY;MPM00040988712-1;N02150AL;16/04/2026 10:33:35;4d_Retiro Tienda Ripley Plaza Egaña;Malave;Oswaldo;;"Larrain 5800 ";" 3er Piso. Modulo Retiro en Tienda";;;NUNOA;REG.METROPOLITANA;CL;Malave;Oswaldo;;Camino La Estaca Oriente 4950;;;;NUNOA;REG.METROPOLITANA;CL;30990;0;0;0;30990;0;CLP
000000586105;24554626201-A;16/04/2026 10:53:05;Reembolsado;51990;0;51990;9358;0.0000;42632;1;BLAZER PATRON ESPIGA GRIS CLARO NICOPOLY;MPM10001497651-4;N04159IL;16/04/2026 10:53:06;Retiro Tienda Ripley Chillan_BE;"Quintana ";Miriam;;"5 de Abril 699 ";4to Piso. Centro de atención al Cliente;;;CHILLAN;XVI REGION;CL;"Quintana ";Miriam;;Maipón 983;;;;CHILLAN;XVI REGION;CL;51990;0;0;0;51990;0;CLP
000000586105;24554739401-A;16/04/2026 11:20:31;Reembolsado;33990;4990;38980;6118;0.0000;27872;1;PANTALON RECTO CON PINZA MOCCA NICOPOLY;MPM10002943922-3;N04277OL-FF;16/04/2026 11:20:32;FF_MATRIX;Choque;Araceli;;Sargento aldea 2052;Casa;;;IQUIQUE;I REGION;CL;Choque;Araceli;;Sargento aldea 2052;;;;IQUIQUE;I REGION;CL;33990;0;4990;0;38980;0;CLP
000000586105;24554782201-A;16/04/2026 11:33:26;Recibido;26990;990;27980;4858;0.0000;22132;1;TRENCH PRINCIPE DE GALES LAZO GRIS NICOPOLY;MPM00048421784-2;N02290IL;16/04/2026 11:33:27;5d_Retiro Tienda Ripley Chillán;Rivas;Beatriz;;"5 de Abril 699 ";4to Piso. Centro de atención al Cliente;;;CHILLAN;XVI REGION;CL;Rivas;Beatriz;;Vicente Perez Rosales 3 norte 805;;;;CHILLAN;XVI REGION;CL;26990;0;990;0;27980;0;CLP
000000586105;24554910301-A;16/04/2026 12:07:12;Recibido;29990;0;29990;5398;0.0000;24592;1;FULFILLMENT-GILET LARGO CON BOTONES NEGRO NICOPOLY;MPM10003195769-3;N06135BM-FF;16/04/2026 12:07:13;FF_MATRIX_STS;Bustos;Daniela;;"Avenida Jorge Alessandri 3177 ";" 3er Piso. Modulo Retiro en Tienda";;;TALCAHUANO;VIII REGION;CL;Bustos;Daniela;;Eslovenia  806;;;;TALCAHUANO;VIII REGION;CL;29990;0;0;0;29990;0;CLP
000000586105;24554978501-A;16/04/2026 12:25:01;Recibido;34990;0;34990;6298;0.0000;28692;1;CHAQUETA BIKER NEGRO NICOPOLY;MPM10002617343-4;N02107BS-6;16/04/2026 12:25:02;Retiro Tienda Ripley Valparaiso_BE;Bobadilla;"Jovanka ";;"Plaza Victoria 1646 ";" 4to Piso. Servicio al Cliente";;;VALPARAISO;V REGION;CL;Bobadilla;"Jovanka ";;Calle siete 160;;;;VALPARAISO;V REGION;CL;34990;0;0;0;34990;0;CLP
000000586105;24555027601-A;16/04/2026 12:39:05;Reembolsado;17990;0;17990;3238;0.0000;14752;1;JEANS BASICO PIERNA ANCHA NICOPOLY;MPM10002912796-4;N06003P36;16/04/2026 12:39:06;Retiro Tienda Ripley San Bernardo_BE;Zuniga;Johann;;"Av. Pdte. Jorge Alessandri Rodríguez 20040, San Bernardo ";2do Piso. Modulo Retiro en Tienda;;;SN.BERNARDO;REG.METROPOLITANA;CL;Zuniga;Johann;;Baquedano  1630;;;;SN.BERNARDO;REG.METROPOLITANA;CL;17990;0;0;0;17990;0;CLP
000000586105;24555117701-A;16/04/2026 13:05:17;Recibido;24490;990;25480;4408;0.0000;20082;1;TRENCH PRINCIPE DE GALES LAZO GRIS NICOPOLY;MPM00048421784-1;N02290IXL;16/04/2026 13:05:19;Retiro Tienda Ripley Puerto Montt_BE;Barrientos;Claudia;;"Urmeneta 595, Puerto Montt ";4to Piso. Servicio al Cliente;;;PTO.MONTT;X REGION;CL;Barrientos;Claudia;;Barcelona 1758;;;;PTO.MONTT;X REGION;CL;24490;0;990;0;25480;0;CLP
000000586105;24555217202-A;16/04/2026 13:37:20;Recibido;24990;7990;32980;4498;0.0000;20492;1;JEANS BASICO RECTO NEGRO NICOPOLY;MPM10002617665-4;N05325B38;16/04/2026 13:37:21;Flujo Tradicional Habitualidad;Faundez;Alejandra;;RENGIFO PASAJE SAN PEDRO  129;CASA;;;CONSTITUCIO;VII REGION;CL;Faundez;Alejandra;;RENGIFO PASAJE SAN PEDRO  129;;;;CONSTITUCIO;VII REGION;CL;24990;0;7990;0;32980;0;CLP
000000586105;24555360101-A;16/04/2026 14:23:46;Recibido;38990;3990;42980;7018;0.0000;31972;1;CHAQUETA BIKER CAFE  NICOPOLY;MPM10002617341-4;N02107OL-6;16/04/2026 14:23:48;Flujo Tradicional Habitualidad;Reyes;Angie;;Luis Valenzuela Aris 3268;510;;;MACUL;REG.METROPOLITANA;CL;Reyes;Angie;;Luis Valenzuela Aris 3268;;;;MACUL;REG.METROPOLITANA;CL;38990;0;3990;0;42980;0;CLP
000000586105;24555385501-A;16/04/2026 14:29:50;Recibido;24490;0;24490;4408;0.0000;20082;1;TRENCH PRINCIPE DE GALES LAZO GRIS NICOPOLY;MPM00048421784-1;N02290IXL;16/04/2026 14:29:51;Retiro Tienda Ripley Mall Concepcion_BE;vera;nicole;;"Barros Arana 1068, Concepcion ";" 3er Piso. Modulo Retiro en Tienda";;;CONCEPCION;VIII REGION;CL;Melgarejo;Juan;;Línea Férrea 48;;;;CONCEPCION;VIII REGION;CL;24490;0;0;0;24490;0;CLP
000000586105;24555534101-A;16/04/2026 15:14:18;Recibido;26990;990;27980;4858;0.0000;22132;1;TRENCH PRINCIPE DE GALES LAZO GRIS NICOPOLY;MPM00048421784-3;N02290IS;16/04/2026 15:14:19;Retiro Tienda Ripley Coquimbo_BE;Gonzalez;Viviana;;"Baquedano 86 ";" 1er Piso. Servicio al Cliente";;;COQUIMBO;IV REGION;CL;Gonzalez;Viviana;;Exequiel fernandez 90;;;;COQUIMBO;IV REGION;CL;26990;0;990;0;27980;0;CLP
000000586105;24555710201-A;16/04/2026 15:58:16;Reembolsado;33990;0;33990;6118;0.0000;27872;1;FULFILLMENT-PANTALON RECTO CON PINZA MOCCA NICOPOLY;MPM10002943922-1;N04277OM-FF;16/04/2026 15:58:17;FF_MATRIX_STS;Quezada;Camila;;"Av. Camilo Henríquez 3296, Puente Alto ";2do Piso. Modulo Retiro en Tienda;;;PUENTE ALTO;REG.METROPOLITANA;CL;Quezada;Camila;;Quilan 883;;;;PUENTE ALTO;REG.METROPOLITANA;CL;33990;0;0;0;33990;0;CLP
000000586105;24555734501-A;16/04/2026 16:06:54;Recibido;26990;990;27980;4858;0.0000;22132;1;TRENCH PRINCIPE DE GALES LAZO GRIS NICOPOLY;MPM00048421784-3;N02290IS;16/04/2026 16:06:55;Retiro Tienda Ripley Mall Concepcion_BE;AGUAYO CAMPOS;Carlos;;"Barros Arana 1068, Concepcion ";" 3er Piso. Modulo Retiro en Tienda";;;CONCEPCION;VIII REGION;CL;Fuenmayor;Karinelvis;;chacabuco 402;;;;CONCEPCION;VIII REGION;CL;26990;0;990;0;27980;0;CLP
000000586105;24555825001-A;16/04/2026 16:32:38;Recibido;29990;0;29990;5398;0.0000;24592;1;BLUSA MANGA LARGA CON CORBATIN BLANCO NICOPOLY;MPM10003217046-2;N06184AL;16/04/2026 16:32:40;Retiro Tienda Ripley Marina Arauco_BE;Orozco;Samara;;"Avenida Libertad 1348 ";" Piso 4. Modulo Retiro en Tienda";;;VI.A DEL MA;V REGION;CL;Donoso;Paola;;El mirador 738;;;;VI.A DEL MA;V REGION;CL;29990;0;0;0;29990;0;CLP
000000586105;24555904901-A;16/04/2026 16:49:13;Recibido;27990;990;28980;5038;0.0000;22952;1;CHAQUETA LEÑADORA BEIGE NICOPOLY;MPM00040988712-3;N02150AM;16/04/2026 16:49:14;Retiro Tienda Ripley Florida_BE;MACAYA;ROCIO;;"Vicuña Mackenna Oriente 6100, La Florida ";3er Piso. Modulo Retiro en Tienda;;;LA FLORIDA;REG.METROPOLITANA;CL;MACAYA;ROCIO;;Avenida Centenario 935;;;;LA FLORIDA;REG.METROPOLITANA;CL;27990;0;990;0;28980;0;CLP
000000586105;24555949801-A;16/04/2026 17:03:10;Recibido;24490;990;25480;4408;0.0000;20082;1;TRENCH PRINCIPE DE GALES LAZO GRIS NICOPOLY;MPM00048421784-4;N02290IM;16/04/2026 17:03:11;Retiro Tienda Ripley Portal Temuco_BE;Cordova;Abdi;;"Avenida Alemania 0671 ";3er Piso, Modulo Retiro en Tienda;;;TEMUCO;IX REGION;CL;Barros;Constanza;;calle blanco encalada 556;;;;TEMUCO;IX REGION;CL;24490;0;990;0;25480;0;CLP
000000586105;24556207701-A;16/04/2026 18:06:57;Recibido;26990;990;27980;4858;0.0000;22132;1;TRENCH PRINCIPE DE GALES LAZO GRIS NICOPOLY;MPM00048421784-2;N02290IL;16/04/2026 18:06:58;Retiro Tienda Ripley La Serena_BE;Diaz;"Maximiliano ";;"Gregorio Cordovez 499 ";" 3er Piso. Modulo Retiro en Tienda";;;LA SERENA;IV REGION;CL;Diaz;Alejandro;;Maestranza 217;;;;LA SERENA;IV REGION;CL;26990;0;990;0;27980;0;CLP
000000586105;24556298901-A;16/04/2026 18:32:36;Recibido;29990;0;29990;5398;0.0000;24592;1;FULFILLMENT-GILET SASTRE ENTALLADO VERDE OSCURO NICOPOLY;MPM10003150066-2;N06063EL-FF;16/04/2026 18:32:37;FF_MATRIX;Quezada;Camila;;Quilan 883;Casa;;;PUENTE ALTO;REG.METROPOLITANA;CL;Quezada;Camila;;Quilan 883;;;;PUENTE ALTO;REG.METROPOLITANA;CL;29990;0;0;0;29990;0;CLP
000000586105;24556424701-A;16/04/2026 19:07:32;Recibido;35990;990;36980;6478;0.0000;29512;1;BLAZER MUJER NICOPOLY NEGRO LAZO DELANTERO;MPM10002128962-2;N05276BM;16/04/2026 19:07:34;Retiro Tienda Ripley Castellón_BE;Urra guila;Enrique Franklin;;"Castellon 520, Concepcion ";6to Piso. Servicio al Cliente;;;CONCEPCION;VIII REGION;CL;Urra guila;Enrique Franklin;;Fragata Lautaro 331;;;;CONCEPCION;VIII REGION;CL;35990;0;990;0;36980;0;CLP
000000586105;24556645002-A;16/04/2026 20:02:40;Reembolsado;32990;0;32990;5938;0.0000;27052;1;CHAQUETA LARGA IMPERMEABLE OLIVA CLARO NICOPOLY;MPM10002646328-3;N05191MM;16/04/2026 20:02:42;Retiro Tienda Ripley Copiapo_BE;"Jimnez ";"Ximena ";;"Calle Maipu S/N, Copiapo ";" 2do Piso. Servicio al Cliente";;;COPIAPO;III REGION;CL;"Jimnez ";"Ximena ";;Castellón 4005 Villa El español  4005;;;;COPIAPO;III REGION;CL;32990;0;0;0;32990;0;CLP
000000586105;24556645001-A;16/04/2026 20:02:40;Reembolsado;53990;0;53990;9718;0.0000;44272;1;FULFILLMENT-TRENCH TIPO GAMUZA CAFE  NICOPOLY;MPM10002952989-1;N05001OM-6-FF;16/04/2026 20:02:41;FF_MATRIX_STS;"Jimnez ";"Ximena ";;"Calle Maipu S/N, Copiapo ";" 2do Piso. Servicio al Cliente";;;COPIAPO;III REGION;CL;"Jimnez ";"Ximena ";;Castellón 4005 Villa El español  4005;;;;COPIAPO;III REGION;CL;53990;0;0;0;53990;0;CLP
000000586105;24556725701-A;16/04/2026 20:20:27;Reembolsado;35990;0;35990;6478;0.0000;29512;1;BLAZER MUJER NICOPOLY NEGRO LAZO DELANTERO;MPM10002128962-3;N05276BS;16/04/2026 20:20:28;Flujo Tradicional Habitualidad;Susarte;Margarita;;Óscar castro 10458;Casa;;;LA GRANJA;REG.METROPOLITANA;CL;Susarte;Margarita;;Óscar castro 10458;;;;LA GRANJA;REG.METROPOLITANA;CL;35990;0;0;0;35990;0;CLP
000000586105;24556759101-A;16/04/2026 20:27:46;Reembolsado;26990;990;27980;4858;0.0000;22132;1;SWEATER CUELLO ALTO RAYAS HORIZONTALES NEGRO NICOPOLY;MPM10003238368-1;N06234BM;16/04/2026 20:27:47;Retiro Tienda Ripley Los Angeles_BE;Cid Escobar;Dasy Delmira;;"Valdivia 440, Los Angeles ";" 3er Piso. Servicio al Cliente";;;LOS ANGELES;VIII REGION;CL;Cid Escobar;Dasy Delmira;;Colo Colo 761;;;;LOS ANGELES;VIII REGION;CL;26990;0;990;0;27980;0;CLP
000000586105;24556909601-A;16/04/2026 21:02:32;Recibido;26990;0;26990;4858;0.0000;22132;1;TRENCH PRINCIPE DE GALES LAZO GRIS NICOPOLY;MPM00048421784-1;N02290IXL;16/04/2026 21:02:33;Retiro Tienda Ripley Crillon_BE;Fernandez;Fabiola Natalia;;"Agustinas #1025 ";Piso -1. Modulo Retiro en Tienda;;;SANTIAGO;REG.METROPOLITANA;CL;Fernandez;Fabiola Natalia;;José Manuel Infante 2658;;;;SANTIAGO;REG.METROPOLITANA;CL;26990;0;0;0;26990;0;CLP
000000586105;24557152801-A;16/04/2026 21:48:58;Reembolsado;69990;0;69990;12598;0.0000;57392;1;CHAQUETA ECOCUERO/TIPO PIEL CAFE  NICOPOLY;MPM10002661333-4;N05148US;16/04/2026 21:48:59;Retiro Tienda Ripley Marina Arauco_BE;Adones;Monica;;"Avenida Libertad 1348 ";" Piso 4. Modulo Retiro en Tienda";;;VI.A DEL MA;V REGION;CL;Adones;Monica;;5 Norte   1096;;;;VI.A DEL MA;V REGION;CL;69990;0;0;0;69990;0;CLP
000000586105;24557212401-A;16/04/2026 21:55:16;Recibido;11990;0;11990;2158;0.0000;9832;1;POLERA MANGA LARGA CUELLO BOTE BURDEO NICOPOLY;MPM10003203309-4;N06308TM;16/04/2026 21:55:18;Retiro Tienda Ripley Crillon_BE;Sepulveda;Viviana;;"Agustinas #1025 ";Piso -1. Modulo Retiro en Tienda;;;SANTIAGO;REG.METROPOLITANA;CL;Sepulveda;Viviana;;Jose manuel borgoño  1841;;;;SANTIAGO;REG.METROPOLITANA;CL;11990;0;0;0;11990;0;CLP
000000586105;24557212401-A;16/04/2026 21:55:16;Recibido;9990;0;9990;1798;0.0000;8192;1;POLERA MANGA CORTA BASICA ROJO NICOPOLY;MPM10003143392-4;N06112DL;16/04/2026 21:55:18;Retiro Tienda Ripley Crillon_BE;Sepulveda;Viviana;;"Agustinas #1025 ";Piso -1. Modulo Retiro en Tienda;;;SANTIAGO;REG.METROPOLITANA;CL;Sepulveda;Viviana;;Jose manuel borgoño  1841;;;;SANTIAGO;REG.METROPOLITANA;CL;9990;0;0;0;9990;0;CLP
000000586105;24557212401-A;16/04/2026 21:55:16;Recibido;11990;0;11990;2158;0.0000;9832;1;POLERA MANGA LARGA CUELLO BOTE NEGRO NICOPOLY;MPM10003203273-2;N06308BM;16/04/2026 21:55:18;Retiro Tienda Ripley Crillon_BE;Sepulveda;Viviana;;"Agustinas #1025 ";Piso -1. Modulo Retiro en Tienda;;;SANTIAGO;REG.METROPOLITANA;CL;Sepulveda;Viviana;;Jose manuel borgoño  1841;;;;SANTIAGO;REG.METROPOLITANA;CL;11990;0;0;0;11990;0;CLP
000000586105;24557278001-A;16/04/2026 22:07:40;Recibido;23990;0;23990;4318;0.0000;19672;1;POLERA ENCAJE MANGA LARGA CAFE  NICOPOLY;MPM10002962923-1;N06020UM;16/04/2026 22:07:41;Retiro Tienda Ripley Los Angeles_BE;Cid Jofre;Maria Fernanda;;"Valdivia 440, Los Angeles ";" 3er Piso. Servicio al Cliente";;;LOS ANGELES;VIII REGION;CL;Cid Jofre;Maria Fernanda;;Avenida alcazar 550;;;;LOS ANGELES;VIII REGION;CL;23990;0;0;0;23990;0;CLP
000000586105;24557337601-A;16/04/2026 22:19:05;Recibido;17990;0;17990;3238;0.0000;14752;1;BLAZER ENTALLADO CLASICO AMARILLO NICOPOLY;MPM00014509502-4;N00346FXL;16/04/2026 22:19:06;Retiro Tienda Ripley Antofagasta_BE;"González ";Paula;;"Arturo Prat 530 ";" 4to Piso. Servicio al Cliente";;;ANTOFAGASTA;II REGION;CL;Villarreal;Valentina;;Los quirquinchos 1363;;;;ANTOFAGASTA;II REGION;CL;17990;0;0;0;17990;0;CLP
000000586105;24557382001-A;16/04/2026 22:24:35;Recibido;11990;990;12980;2158;0.0000;9832;1;POLERA MANGA LARGA CUELLO BOTE BURDEO NICOPOLY;MPM10003203309-2;N06308TS;16/04/2026 22:24:35;Retiro Tienda Ripley Crillon_BE;Cortes;Nicole;;"Agustinas #1025 ";Piso -1. Modulo Retiro en Tienda;;;SANTIAGO;REG.METROPOLITANA;CL;Cortes;Nicole;;Morande 25;;;;SANTIAGO;REG.METROPOLITANA;CL;11990;0;990;0;12980;0;CLP
000000586105;24557437801-A;16/04/2026 22:36:46;Recibido;79990;3990;83980;14398;0.0000;65592;1;ABRIGO LARGO LAZO NEGRO NICOPOLY;MPM10002646306-2;N04227BS-6;16/04/2026 22:36:48;Flujo Tradicional Habitualidad;Quintana;Natalia;;Los Mañios 19822;CASA;;;PUDAHUEL;REG.METROPOLITANA;CL;Quintana;Natalia;;Los Mañios 19822;;;;PUDAHUEL;REG.METROPOLITANA;CL;79990;0;3990;0;83980;0;CLP
000000586105;24557551601-A;16/04/2026 22:52:20;Reembolsado;34990;0;34990;6298;0.0000;28692;1;BLAZER CUELLO CRUZADO CELESTE NICOPOLY;MPM10002925199-2;N05299KS;16/04/2026 22:52:24;Retiro Tienda Ripley Parque Arauco_BE;robles;cedric;;"Avenida Kennedy 5413 ";4to Piso. Modulo Retiro en Tienda;;;LAS CONDES;REG.METROPOLITANA;CL;Romero;Fernanda;;roman diaz 2270;;;;LAS CONDES;REG.METROPOLITANA;CL;34990;0;0;0;34990;0;CLP
000000586105;24557578601-A;16/04/2026 22:55:13;Reembolsado;30990;0;30990;5578;0.0000;25412;1;BLAZER MUJER NICOPOLY MORADO CUELLO MAO;MPM10002160537-1;N00156ZS-6;16/04/2026 22:55:15;Retiro Tienda Ripley Mall Calama_BE;Contreras;Alejandra;;"Balmaceda 3242, Calama ";" 2do Piso. Servicio al Cliente";;;CALAMA;II REGION;CL;Contreras;Alejandra;;Taira 952;;;;CALAMA;II REGION;CL;30990;0;0;0;30990;0;CLP
000000586105;24557578601-A;16/04/2026 22:55:13;Recibido;29990;0;29990;5398;0.0000;24592;1;CARDIGAN DISEÑO TRENZADO NEGRO NICOPOLY;MPM10003217102-3;N06240BS;16/04/2026 22:55:15;Retiro Tienda Ripley Mall Calama_BE;Contreras;Alejandra;;"Balmaceda 3242, Calama ";" 2do Piso. Servicio al Cliente";;;CALAMA;II REGION;CL;Contreras;Alejandra;;Taira 952;;;;CALAMA;II REGION;CL;29990;0;0;0;29990;0;CLP
000000586105;24557966501-A;17/04/2026 00:04:50;Recibido;31990;195;32185;5758;0.0000;26232;1;BLAZER SIN MANGAS BOLSILLOS BURDEOS NICOPOLY;MPM10001752514-1;N04294DM-5;17/04/2026 00:04:51;Flujo Tradicional Habitualidad;Faundez Moran;Jessica;;Pedro fontova  6426;42;;;HUECHURABA;REG.METROPOLITANA;CL;Faundez Moran;Jessica;;Pedro fontova  6426;;;;HUECHURABA;REG.METROPOLITANA;CL;31990;0;195;0;32185;0;CLP
000000586105;24557966501-A;17/04/2026 00:04:50;Recibido;31990;195;32185;5758;0.0000;26232;1;BLAZER SIN MANGAS BOTON AZUL ACERO NICOPOLY;MPM10001448923-1;N04294CM;17/04/2026 00:04:51;Flujo Tradicional Habitualidad;Faundez Moran;Jessica;;Pedro fontova  6426;42;;;HUECHURABA;REG.METROPOLITANA;CL;Faundez Moran;Jessica;;Pedro fontova  6426;;;;HUECHURABA;REG.METROPOLITANA;CL;31990;0;195;0;32185;0;CLP
000000586105;24558123301-A;17/04/2026 01:04:27;Recibido;12990;990;13980;2338;0.0000;10652;1;POLERA MANGA 3/4 CUELLO BOTE CAFE  NICOPOLY;MPM10003203144-3;N06296US;17/04/2026 01:04:29;Retiro Tienda Ripley La Serena_BE;Urqueta Rojas;Jubika;;"Gregorio Cordovez 499 ";" 3er Piso. Modulo Retiro en Tienda";;;LA SERENA;IV REGION;CL;Urqueta Rojas;Jubika;;Álvaro Casanova 2952;;;;LA SERENA;IV REGION;CL;12990;0;990;0;13980;0;CLP
000000586105;24558360501-A;17/04/2026 08:12:05;Recibido;11990;0;11990;2158;0.0000;9832;1;BUFANDA GRUESA NEGRO NICOPOLY;MPM10002663075-1;N05334BF;17/04/2026 08:12:07;Retiro Tienda Ripley Marina Arauco_BE;González Alfaro;Sofia;;"Avenida Libertad 1348 ";" Piso 4. Modulo Retiro en Tienda";;;VI.A DEL MA;V REGION;CL;González Alfaro;Sofia;;7 Norte 1401;;;;VI.A DEL MA;V REGION;CL;11990;0;0;0;11990;0;CLP
000000586105;24558360501-A;17/04/2026 08:12:05;Recibido;9990;0;9990;1798;0.0000;8192;1;BUFANDA SUAVE BEIGE NICOPOLY;MPM10002663002-1;N05338AF;17/04/2026 08:12:07;Retiro Tienda Ripley Marina Arauco_BE;González Alfaro;Sofia;;"Avenida Libertad 1348 ";" Piso 4. Modulo Retiro en Tienda";;;VI.A DEL MA;V REGION;CL;González Alfaro;Sofia;;7 Norte 1401;;;;VI.A DEL MA;V REGION;CL;9990;0;0;0;9990;0;CLP
000000586105;24558372801-A;17/04/2026 08:17:57;Recibido;17990;990;18980;3238;0.0000;14752;1;BLAZER ENTALLADO CLASICO AMARILLO NICOPOLY;MPM00014509502-2;N00346FM;17/04/2026 08:17:58;Retiro Tienda Ripley Talca_BE;"Fuenzalida De La Parra ";"Clorindo Antonio ";;"8 Oriente 1212 ";" 2do Piso. Modulo Retiro en Tienda";;;TALCA;VII REGION;CL;"Fuenzalida De La Parra ";"Clorindo Antonio ";;27 sur 249;;;;TALCA;VII REGION;CL;17990;0;990;0;18980;0;CLP
000000586105;24558617201-A;17/04/2026 10:22:22;Recibido;44990;990;45980;8098;0.0000;36892;1;PANTALON ESTILO JAPONE S PIERNA ANCHA NEGRO NICOPOLY;MPM10003177464-4;N06180BM;17/04/2026 10:22:24;Retiro Tienda Ripley Vina Del Mar_BE;Fuentes;Carol;;"Sucre 290, Viña ";5to Piso. Modulo Retiro en Tienda;;;VI.A DEL MA;V REGION;CL;Fuentes;Carol;;La bombilla 1877;;;;VI.A DEL MA;V REGION;CL;44990;0;990;0;45980;0;CLP
000000586105;24558915801-A;17/04/2026 12:36:57;Reembolsado;46990;0;46990;8458;0.0000;38532;1;BLAZER PATRON ESPIGA GRIS CLARO NICOPOLY;MPM10001497651-1;N04159IM;17/04/2026 12:36:58;Retiro Tienda Ripley Nueva Valdivia_BE;Lineros;Cecilia;;"Arauco 561 ";" 3er Piso. Servicio al Cliente";;;VALDIVIA;XIV REGION;CL;Lineros;Cecilia;;Río Copiapó 340;;;;VALDIVIA;XIV REGION;CL;46990;0;0;0;46990;0;CLP
000000586105;24558991001-A;17/04/2026 13:23:00;Recibido;11990;990;12980;2158;0.0000;9832;1;BUFANDA CUADRILLE  PEQUEÑA MOCA NICOPOLY;MPM10002663025-1;N05336GF;17/04/2026 13:23:01;Retiro Tienda Ripley Mall Concepcion_BE;Sola;Constanza;;"Barros Arana 1068, Concepcion ";" 3er Piso. Modulo Retiro en Tienda";;;CONCEPCION;VIII REGION;CL;Sola;Constanza;;Freire 1480;;;;CONCEPCION;VIII REGION;CL;11990;0;990;0;12980;0;CLP
000000586105;24559219501-A;17/04/2026 15:46:55;Recibido;26990;5990;32980;4858;0.0000;22132;1;TRENCH PRINCIPE DE GALES LAZO GRIS NICOPOLY;MPM00048421784-3;N02290IS;17/04/2026 15:46:56;Flujo Tradicional Habitualidad;Cepeda;Macarena;;O Higgins 940;804;;;CONCEPCION;VIII REGION;CL;Cepeda;Macarena;;O Higgins 940;;;;CONCEPCION;VIII REGION;CL;26990;0;5990;0;32980;0;CLP
000000586105;24559504601-A;17/04/2026 18:48:29;Recibido;17990;990;18980;3238;0.0000;14752;1;BLAZER ENTALLADO CLASICO AMARILLO NICOPOLY;MPM00014509502-3;N00346FL;17/04/2026 18:48:30;Retiro Tienda Ripley Plaza Oeste_BE;Osses;Luisa Osses;;"Américo Vespucio 1501 ";" 3er Piso. Modulo Retiro en Tienda";;;CERRILLOS;REG.METROPOLITANA;CL;Osses;Luisa Osses;;Croacia 1567;;;;CERRILLOS;REG.METROPOLITANA;CL;17990;0;990;0;18980;0;CLP
000000586105;24559585301-A;17/04/2026 19:40:30;Recibido;34990;4990;39980;6298;0.0000;28692;1;BLAZER MUJER NICOPOLY ROJO CUELLO MAO;MPM10002160481-4;N00156DL-6;17/04/2026 19:40:32;Flujo Tradicional Habitualidad;Torres;Claudia;;Martín de Solís 15689, 8051561 San Bernardo, Región Metropolitana, Chile 15689;Casa;;;SN.BERNARDO;REG.METROPOLITANA;CL;Torres;Claudia;;Martín de Solís 15689, 8051561 San Bernardo, Región Metropolitana, Chile 15689;;;;SN.BERNARDO;REG.METROPOLITANA;CL;34990;0;4990;0;39980;0;CLP
000000586105;24559723501-A;17/04/2026 20:51:16;Recibido;34990;0;34990;6298;0.0000;28692;1;FULFILLMENT-BLAZER LARGO 4 BOTONES ROSADO NICOPOLY;MPM10002943889-5;N05299HXL-FF;17/04/2026 20:51:17;FF_MATRIX_STS;Villar;Victoria;;"8 Oriente 1212 ";" 2do Piso. Modulo Retiro en Tienda";;;TALCA;VII REGION;CL;Villar;Victoria;;Brisas de Pencahue Calle la union 833;;;;TALCA;VII REGION;CL;34990;0;0;0;34990;0;CLP
000000586105;24559753401-A;17/04/2026 21:06:47;Recibido;31990;0;31990;5758;0.0000;26232;1;CÁRDIGAN MUJER NICOPOLY ROJO CROP PERLAS;MPM10002160522-1;N05227DM;17/04/2026 21:06:48;Retiro Tienda Ripley Talca_BE;"Loyola Orellana ";Katherine Paz;;"8 Oriente 1212 ";" 2do Piso. Modulo Retiro en Tienda";;;TALCA;VII REGION;CL;"Loyola Orellana ";Katherine Paz;;39 y media Oriente b 4 y media sur  912;;;;TALCA;VII REGION;CL;31990;0;0;0;31990;0;CLP
000000586105;24560716501-A;18/04/2026 15:20:59;Recibido;26990;990;27980;4858;0.0000;22132;1;TRENCH PRINCIPE DE GALES LAZO GRIS NICOPOLY;MPM00048421784-3;N02290IS;18/04/2026 15:21:00;Retiro Tienda Ripley Parque Arauco_BE;Moreira;Claudia;;"Avenida Kennedy 5413 ";4to Piso. Modulo Retiro en Tienda;;;LAS CONDES;REG.METROPOLITANA;CL;Moreira;Claudia;;James Joyce  1533;;;;LAS CONDES;REG.METROPOLITANA;CL;26990;0;990;0;27980;0;CLP
000000586105;24560823501-A;18/04/2026 16:26:26;Recibido;27990;990;28980;5038;0.0000;22952;1;BLAZER 6 BOTONES GRAFITO NICOPOLY;MPM10002912545-2;N06001NXL;18/04/2026 16:26:27;Retiro Tienda Ripley Valparaiso_BE;Maynou;Cecilia;;"Plaza Victoria 1646 ";" 4to Piso. Servicio al Cliente";;;VALPARAISO;V REGION;CL;Bruna;Fernanda;;Altamirano 1419;;;;VALPARAISO;V REGION;CL;27990;0;990;0;28980;0;CLP
000000586105;24560972401-A;18/04/2026 17:53:51;Reembolsado;30990;0;30990;5578;0.0000;25412;1;CHAQUETA LEÑADORA BEIGE NICOPOLY;MPM00040988712-3;N02150AM;18/04/2026 17:53:52;Retiro Tienda Ripley El Trebol_BE;Higuera Torres;Jessica;;"Avenida Jorge Alessandri 3177 ";" 3er Piso. Modulo Retiro en Tienda";;;TALCAHUANO;VIII REGION;CL;Higuera Torres;Jessica;;Avenida Grecia  1118;;;;TALCAHUANO;VIII REGION;CL;30990;0;0;0;30990;0;CLP
000000586105;24561107803-A;18/04/2026 19:13:57;Recibido;69990;5990;75980;12598;0.0000;57392;1;BLAZER OVERSIZE TIPO GAMUZA CAFE  NICOPOLY;MPM10003221915-2;N06196UL;18/04/2026 19:13:58;Flujo Tradicional Habitualidad;Gonzalez;Ingrid Romina;;BULNES 502;S/N;;;CHILLAN;XVI REGION;CL;Gonzalez;Ingrid Romina;;BULNES 502;;;;CHILLAN;XVI REGION;CL;69990;0;5990;0;75980;0;CLP
000000586105;24561424901-A;18/04/2026 22:17:17;Recibido;17990;6990;24980;3238;0.0000;14752;1;FALDA MUJER NICOPOLY AZUL MEDIO DENIM TAJO FRONTAL;MPM10001465759-3;N04269KS;18/04/2026 22:17:18;Flujo Flota Propia;Gimenez Avaria;Victor Gabriel;;Chacabuco 960;C1 dpto 11;;;QUILLOTA;V REGION;CL;Gimenez Avaria;Victor Gabriel;;Chacabuco 960;;;;QUILLOTA;V REGION;CL;17990;0;6990;0;24980;0;CLP
000000586105;24561474501-A;18/04/2026 22:45:45;Recibido;11990;990;12980;2158;0.0000;9832;1;BLUSA SIN MANGAS LILA NICOPOLY;MPM10001916746-2;N05071ZXL;18/04/2026 22:45:46;Retiro Tienda Ripley Los Angeles_BE;Matamala;Erika;;"Valdivia 440, Los Angeles ";" 3er Piso. Servicio al Cliente";;;LOS ANGELES;VIII REGION;CL;Matamala;Erika;;Pasaje Yungay 122;;;;LOS ANGELES;VIII REGION;CL;11990;0;990;0;12980;0;CLP
000000586105;24561737701-A;19/04/2026 02:40:58;Recibido;17990;990;18980;3238;0.0000;14752;1;FALDA MUJER NICOPOLY AZUL MEDIO DENIM TAJO FRONTAL;MPM10001465759-2;N04269KM;19/04/2026 02:41:00;Retiro Tienda Ripley Nueva Valdivia_BE;Poblete;Valentina;;"Arauco 561 ";" 3er Piso. Servicio al Cliente";;;VALDIVIA;XIV REGION;CL;Poblete;Valentina;;C - 43, Vicente Carvallo Goyeneche 740;;;;VALDIVIA;XIV REGION;CL;17990;0;990;0;18980;0;CLP
000000586105;24561805701-A;19/04/2026 07:53:07;Recibido;11990;0;11990;2158;0.0000;9832;1;FULFILLMENT-FALDA MUJER NICOPOLY CAFE  MINI LEOPARDO;MPM10002952990-2;N05309UL-FF;19/04/2026 07:53:09;FF_MATRIX_STS;Snchez;Nycole;;"Vicuña Mackenna Oriente 6100, La Florida ";3er Piso. Modulo Retiro en Tienda;;;LA FLORIDA;REG.METROPOLITANA;CL;Snchez;Nycole;;Lino 3423;;;;LA FLORIDA;REG.METROPOLITANA;CL;11990;0;0;0;11990;0;CLP
000000586105;24561811701-A;19/04/2026 08:08:56;Reembolsado;37990;0;37990;6838;0.0000;31152;1;FULFILLMENT-PANTALON RECTO CON PINZA MOCCA NICOPOLY;MPM10002943922-1;N04277OM-FF;19/04/2026 08:08:57;FF_MATRIX;Chateau;Michelle;;Vaduz 4844;Casa;;;SANTIAGO;REG.METROPOLITANA;CL;Chateau;Michelle;;Vaduz 4844;;;;SANTIAGO;REG.METROPOLITANA;CL;37990;0;0;0;37990;0;CLP
000000586105;24561811701-A;19/04/2026 08:08:56;Reembolsado;51990;0;51990;9358;0.0000;42632;1;FULFILLMENT-BLAZER MANGA 3/4 AJUSTADO CON SOLAPAS MOCCA NICOPOLY;MPM10002943891-5;N03049OM-FF;19/04/2026 08:08:57;FF_MATRIX;Chateau;Michelle;;Vaduz 4844;Casa;;;SANTIAGO;REG.METROPOLITANA;CL;Chateau;Michelle;;Vaduz 4844;;;;SANTIAGO;REG.METROPOLITANA;CL;51990;0;0;0;51990;0;CLP
000000586105;24561864901-A;19/04/2026 09:44:21;Recibido;11990;330;12320;2158;0.0000;9832;1;POLERA MANGA LARGA CUELLO BOTE NEGRO NICOPOLY;MPM10003203273-1;N06308BS;19/04/2026 09:44:23;Retiro Tienda Ripley Plaza Vespucio_BE;Cliente;Gabriela;;"Av. Vicuña Mackenna Ote. 7110, La Florida ";3er Piso. Modulo Retiro en Tienda;;;LA FLORIDA;REG.METROPOLITANA;CL;Cliente;Gabriela;;Wule 9480;;;;LA FLORIDA;REG.METROPOLITANA;CL;11990;0;330;0;12320;0;CLP
000000586105;24561864901-A;19/04/2026 09:44:21;Recibido;11990;330;12320;2158;0.0000;9832;1;POLERA MANGA LARGA CUELLO BOTE BLANCO NICOPOLY;MPM10003203200-4;N06308AS;19/04/2026 09:44:23;Retiro Tienda Ripley Plaza Vespucio_BE;Cliente;Gabriela;;"Av. Vicuña Mackenna Ote. 7110, La Florida ";3er Piso. Modulo Retiro en Tienda;;;LA FLORIDA;REG.METROPOLITANA;CL;Cliente;Gabriela;;Wule 9480;;;;LA FLORIDA;REG.METROPOLITANA;CL;11990;0;330;0;12320;0;CLP
000000586105;24561864901-A;19/04/2026 09:44:21;Recibido;11990;330;12320;2158;0.0000;9832;1;POLERA MANGA LARGA CUELLO BOTE CAFE  NICOPOLY;MPM10003203224-4;N06308US;19/04/2026 09:44:23;Retiro Tienda Ripley Plaza Vespucio_BE;Cliente;Gabriela;;"Av. Vicuña Mackenna Ote. 7110, La Florida ";3er Piso. Modulo Retiro en Tienda;;;LA FLORIDA;REG.METROPOLITANA;CL;Cliente;Gabriela;;Wule 9480;;;;LA FLORIDA;REG.METROPOLITANA;CL;11990;0;330;0;12320;0;CLP
000000586105;24561873001-A;19/04/2026 09:58:34;Recibido;26990;3990;30980;4858;0.0000;22132;1;TRENCH PRINCIPE DE GALES LAZO GRIS NICOPOLY;MPM00048421784-3;N02290IS;19/04/2026 09:58:36;Flujo Flota Propia;Massuh;Monica;;Alsacia 57;1504;;;LAS CONDES;REG.METROPOLITANA;CL;Massuh;Monica;;Alsacia 57;;;;LAS CONDES;REG.METROPOLITANA;CL;26990;0;3990;0;30980;0;CLP
000000586105;24561946401-A;19/04/2026 11:01:29;Recibido;34990;0;34990;6298;0.0000;28692;1;FULFILLMENT-BLAZER CUELLO CRUZADO GRIS NICOPOLY;MPM10002943902-3;N05299IS-FF;19/04/2026 11:01:30;FF_MATRIX_STS;Verdugo Rivera;Carla;;"Avenida Libertad 1348 ";" Piso 4. Modulo Retiro en Tienda";;;VI.A DEL MA;V REGION;CL;Verdugo Rivera;Carla;;Carlos roger 45;;;;VI.A DEL MA;V REGION;CL;34990;0;0;0;34990;0;CLP
000000586105;24562163801-A;19/04/2026 13:27:04;Recibido;29990;495;30485;5398;0.0000;24592;1;BLAZER BASICO DE TOPE GRIS NICOPOLY;MPM10002924446-1;N05301IXXL;19/04/2026 13:27:06;Retiro Tienda Ripley Portal Temuco_BE;Castro;Cleiner;;"Avenida Alemania 0671 ";3er Piso, Modulo Retiro en Tienda;;;TEMUCO;IX REGION;CL;Castro;Cleiner;;Pitagora norte 2025;;;;TEMUCO;IX REGION;CL;29990;0;495;0;30485;0;CLP
000000586105;24562163801-A;19/04/2026 13:27:04;Recibido;34990;495;35485;6298;0.0000;28692;1;BLAZER LARGO 4 BOTONES ROSADO NICOPOLY;MPM10002924047-1;N05299HXXL;19/04/2026 13:27:06;Retiro Tienda Ripley Portal Temuco_BE;Castro;Cleiner;;"Avenida Alemania 0671 ";3er Piso, Modulo Retiro en Tienda;;;TEMUCO;IX REGION;CL;Castro;Cleiner;;Pitagora norte 2025;;;;TEMUCO;IX REGION;CL;34990;0;495;0;35485;0;CLP
000000586105;24562305001-A;19/04/2026 15:00:35;Recibido;30990;990;31980;5578;0.0000;25412;1;CHAQUETA LEÑADORA BEIGE NICOPOLY;MPM00040988712-2;N02150AS;19/04/2026 15:00:36;Retiro Tienda Ripley Tobalaba_BE;"Vsquez ";"Carolina ";;"Av. Camilo Henríquez 3296, Puente Alto ";2do Piso. Modulo Retiro en Tienda;;;PUENTE ALTO;REG.METROPOLITANA;CL;"Vsquez ";"Carolina ";;Avenida San Carlos 02060, Puente Alto 02060;;;;PUENTE ALTO;REG.METROPOLITANA;CL;30990;0;990;0;31980;0;CLP
000000586105;24562343001-A;19/04/2026 15:23:39;Recibido;26990;990;27980;4858;0.0000;22132;1;TRENCH PRINCIPE DE GALES LAZO GRIS NICOPOLY;MPM00048421784-2;N02290IL;19/04/2026 15:23:41;Retiro Tienda Ripley El Trebol_BE;Cliente;Juan;;"Avenida Jorge Alessandri 3177 ";" 3er Piso. Modulo Retiro en Tienda";;;TALCAHUANO;VIII REGION;CL;Cliente;Juan;;juan varela 1532;;;;TALCAHUANO;VIII REGION;CL;26990;0;990;0;27980;0;CLP
000000586105;24562461301-A;19/04/2026 16:24:42;Recibido;33990;990;34980;6118;0.0000;27872;1;CARDIGAN DISEÑO TRENZADO GRIS NICOPOLY;MPM10003217101-2;N06240NM;19/04/2026 16:24:43;Retiro Tienda Ripley Mall Concepcion_BE;Riquelme Vidal;Kamila;;"Barros Arana 1068, Concepcion ";" 3er Piso. Modulo Retiro en Tienda";;;CONCEPCION;VIII REGION;CL;Riquelme Vidal;Kamila;;avenida andalue 1339;;;;CONCEPCION;VIII REGION;CL;33990;0;990;0;34980;0;CLP
000000586105;24562638301-A;19/04/2026 17:50:44;Recibido;44990;2980;47970;8098;0.0000;36892;1;JEANS CORTE BARREL AZUL NICOPOLY;MPM10003199816-3;N06182PXL;19/04/2026 17:50:46;Flujo Tradicional Habitualidad;Fernandez Vasquez;Deyanira;;Canto del Valle 1777;94;;;CONCEPCION;VIII REGION;CL;Fernandez Vasquez;Deyanira;;Canto del Valle 1777;;;;CONCEPCION;VIII REGION;CL;44990;0;2980;0;47970;0;CLP
000000586105;24562821001-A;19/04/2026 19:13:57;Recibido;11990;990;12980;2158;0.0000;9832;1;BUFANDA GRUESA ROJO NICOPOLY;MPM10002663023-1;N05334DF;19/04/2026 19:13:58;Retiro Tienda Ripley Huechuraba_BE;"Angulo ";"Álvaro ";;"Av. Americo Vespucio Norte 1737 ";" 2do Piso. Modulo Retiro en Tienda";;;HUECHURABA;REG.METROPOLITANA;CL;Coloma;Juan;;pasaje mesamavida  2658;;;;HUECHURABA;REG.METROPOLITANA;CL;11990;0;990;0;12980;0;CLP
000000586105;24562840401-A;19/04/2026 19:22:07;Reembolsado;35990;0;35990;6478;0.0000;29512;1;VESTIDO ACANALADO BLANCO CON CINTURON NICOPOLY;MPM10002910460-1;N06097AL;19/04/2026 19:22:09;Retiro Tienda Ripley Pto.Montt Costanera_BE;"Oyarzo Carianco ";Tatiana Regina;;"Juan Soler Manfredini 10 ";" 6to Piso. Modulo Retiro en Tienda";;;PTO.MONTT;X REGION;CL;"Oyarzo Carianco ";Tatiana Regina;;Puerta sur isla de pascua 6209;;;;PTO.MONTT;X REGION;CL;35990;0;0;0;35990;0;CLP
000000586105;24562937901-A;19/04/2026 20:10:24;Recibido;39990;6990;46980;7198;0.0000;32792;1;BLAZER MUJER NICOPOLY NEGRO LAZO DELANTERO;MPM10002128962-2;N05276BM;19/04/2026 20:10:25;Flujo Tradicional Habitualidad;Astete Lucero;Iris;;San Sebastián 327;Casa;;;RENGO;VI REGION;CL;Astete Lucero;Iris;;San Sebastián 327;;;;RENGO;VI REGION;CL;39990;0;6990;0;46980;0;CLP
000000586105;24563140301-A;19/04/2026 21:42:14;Recibido;79990;4990;84980;14398;0.0000;65592;1;ABRIGO 4 BOTONES AZUL ELE CTRICO NICOPOLY;MPM10002646307-2;N05155CL;19/04/2026 21:42:15;Flujo Flota Propia;Alfaro Fernandez;Alejandra;;Los condores 2040;202 A;;;PE.ALOLEN;REG.METROPOLITANA;CL;Alfaro Fernandez;Alejandra;;Los condores 2040;;;;PE.ALOLEN;REG.METROPOLITANA;CL;79990;0;4990;0;84980;0;CLP
000000586105;24563166301-A;19/04/2026 21:53:41;Recibido;26990;990;27980;4858;0.0000;22132;1;TRENCH PRINCIPE DE GALES LAZO GRIS NICOPOLY;MPM00048421784-4;N02290IM;19/04/2026 21:53:42;Retiro Tienda Ripley Puerto Montt_BE;Sànchez;Manuel;;"Urmeneta 595, Puerto Montt ";4to Piso. Servicio al Cliente;;;PTO.MONTT;X REGION;CL;Cartes;Maria;;Pasaje Villa del Rey 1845;;;;PTO.MONTT;X REGION;CL;26990;0;990;0;27980;0;CLP
000000586105;24563213902-A;19/04/2026 22:11:55;Recibido;29990;0;29990;5398;0.0000;24592;1;FULFILLMENT-BLUSA MANGA LARGA CON CORBATIN BLANCO NICOPOLY;MPM10003221457-1;N06184AXL-FF;19/04/2026 22:11:57;FF_MATRIX_STS;Jiménez Palma;María Verónica;;"Plaza Victoria 1646 ";" 4to Piso. Servicio al Cliente";;;VALPARAISO;V REGION;CL;Jiménez Palma;María Verónica;;San Jorge 188;;;;VALPARAISO;V REGION;CL;29990;0;0;0;29990;0;CLP
000000586105;24563289601-A;19/04/2026 22:46:24;Recibido;17990;990;18980;3238;0.0000;14752;1;BLAZER ENTALLADO CLASICO AMARILLO NICOPOLY;MPM00014509502-4;N00346FXL;19/04/2026 22:46:26;Retiro Tienda Ripley Talca_BE;Zarate;Katherine;;"8 Oriente 1212 ";" 2do Piso. Modulo Retiro en Tienda";;;TALCA;VII REGION;CL;Zarate;Katherine;;Uno Sur Edificio plaza Talca 690;;;;TALCA;VII REGION;CL;17990;0;990;0;18980;0;CLP
000000586105;24563369401-A;19/04/2026 23:26:23;Recibido;22990;0;22990;4138;0.0000;18852;1;VESTIDO PLIEGUES EN CINTURA ROJONICOPOLY;MPM10002627269-2;N05278DL;19/04/2026 23:26:25;Retiro Tienda Ripley Portal Temuco_BE;Flores;Susana;;"Avenida Alemania 0671 ";3er Piso, Modulo Retiro en Tienda;;;TEMUCO;IX REGION;CL;Flores;Susana;;Volcan  copiapo 65;;;;TEMUCO;IX REGION;CL;22990;0;0;0;22990;0;CLP
000000586105;24563369401-A;19/04/2026 23:26:23;Recibido;22990;0;22990;4138;0.0000;18852;1;VESTIDO PLIEGUES EN CINTURA NEGRO NICOPOLY;MPM10002627270-2;N05278BL;19/04/2026 23:26:25;Retiro Tienda Ripley Portal Temuco_BE;Flores;Susana;;"Avenida Alemania 0671 ";3er Piso, Modulo Retiro en Tienda;;;TEMUCO;IX REGION;CL;Flores;Susana;;Volcan  copiapo 65;;;;TEMUCO;IX REGION;CL;22990;0;0;0;22990;0;CLP
000000586105;24563489101-A;20/04/2026 01:12:22;Recibido;26990;3990;30980;4858;0.0000;22132;1;TRENCH PRINCIPE DE GALES LAZO GRIS NICOPOLY;MPM00048421784-1;N02290IXL;20/04/2026 01:12:24;Flujo Tradicional Habitualidad;Vila;Rosario;;Américo Vespucio 1184;2104;;;MAIPU;REG.METROPOLITANA;CL;Vila;Rosario;;Américo Vespucio 1184;;;;MAIPU;REG.METROPOLITANA;CL;26990;0;3990;0;30980;0;CLP
000000586105;24563502901-A;20/04/2026 01:46:00;Reembolsado;30990;0;30990;5578;0.0000;25412;1;CHAQUETA LEÑADORA BEIGE NICOPOLY;MPM00040988712-2;N02150AS;20/04/2026 01:46:01;Retiro Tienda Ripley Portal Temuco_BE;Mac Adoo;Elizabeth;;"Avenida Alemania 0671 ";3er Piso, Modulo Retiro en Tienda;;;TEMUCO;IX REGION;CL;Mac Adoo;Elizabeth;;Diego 02034 Sta. Elena de Maipo;;;;TEMUCO;IX REGION;CL;30990;0;0;0;30990;0;CLP
000000586105;24563799901-A;20/04/2026 11:08:23;Recibido;21990;0;21990;3958;0.0000;18032;1;FULFILLMENT-SHORT CON BOTONES DELANTEROS NEGRO NICOPOLY;MPM10002995233-1;N06068BM-FF;20/04/2026 11:08:24;FF_MATRIX_DX;Bouffanais;Claudia;;Avenida Vicuña mackenna 7735;209B;;;LA FLORIDA;REG.METROPOLITANA;CL;Bouffanais;Claudia;;Avenida Vicuña mackenna 7735;;;;LA FLORIDA;REG.METROPOLITANA;CL;21990;0;0;0;21990;0;CLP
000000586105;24563799902-A;20/04/2026 11:08:23;Recibido;9990;980;10970;1798;0.0000;8192;1;POLERA MANGA CORTA BASICA BLANCO NICOPOLY;MPM10002966431-3;N06112AM;20/04/2026 11:08:25;Flujo Flota Propia;Bouffanais;Claudia;;Avenida Vicuña mackenna 7735;209B;;;LA FLORIDA;REG.METROPOLITANA;CL;Bouffanais;Claudia;;Avenida Vicuña mackenna 7735;;;;LA FLORIDA;REG.METROPOLITANA;CL;9990;0;980;0;10970;0;CLP
000000586105;24563802501-A;20/04/2026 11:10:30;Recibido;27990;3980;31970;5038;0.0000;22952;1;BLAZER 4 BOTONES DECORATIVOS NEGRO NICOPOLY;MPM10001713165-4;N10046BM-5;20/04/2026 11:10:31;Flujo Tradicional Habitualidad;Inostroza;Cintya;;Calle la sierra 7962;Casa;;;RENCA;REG.METROPOLITANA;CL;Inostroza;Cintya;;Calle la sierra 7962;;;;RENCA;REG.METROPOLITANA;CL;27990;0;3980;0;31970;0;CLP
000000586105;24563829703-A;20/04/2026 11:28:08;Reembolsado;11990;0;11990;2158;0.0000;9832;1;FULFILLMENT-FALDA MUJER NICOPOLY CAFE  MINI LEOPARDO;MPM10002952990-1;N05309US-FF;20/04/2026 11:28:10;FF_MATRIX;López;Macarena;;Avenida Vitacura 3355, Vitacura 3355;145;;;VITACURA;REG.METROPOLITANA;CL;López;Macarena;;Avenida Vitacura 3355, Vitacura 3355;;;;VITACURA;REG.METROPOLITANA;CL;11990;0;0;0;11990;0;CLP
000000586105;24563984801-A;20/04/2026 12:50:56;Recibido;33990;4395;38385;6118;0.0000;27872;1;CARDIGAN DISEÑO TRENZADO CAFE  NICOPOLY;MPM10003217104-3;N06240UL;20/04/2026 12:50:57;Flujo Tradicional Habitualidad;Tobar;Karla;;Alcones 0;S/N;;;MARCHIGUE;VI REGION;CL;Tobar;Karla;;Alcones 0;;;;MARCHIGUE;VI REGION;CL;33990;0;4395;0;38385;0;CLP
000000586105;24563984801-A;20/04/2026 12:50:56;Recibido;64990;4395;69385;11698;0.0000;53292;1;CHAQUETA CORTA TIPO GAMUZA CAFE  NICOPOLY;MPM10003221921-1;N06221UL;20/04/2026 12:50:57;Flujo Tradicional Habitualidad;Tobar;Karla;;Alcones 0;S/N;;;MARCHIGUE;VI REGION;CL;Tobar;Karla;;Alcones 0;;;;MARCHIGUE;VI REGION;CL;64990;0;4395;0;69385;0;CLP
000000586105;24564036001-A;20/04/2026 13:18:42;Recibido;17990;3980;21970;3238;0.0000;14752;1;BLAZER ENTALLADO CLASICO AMARILLO NICOPOLY;MPM00014509502-3;N00346FL;20/04/2026 13:18:43;Flujo Flota Propia;Pilar;Marcela;;pasaje santa ana 10982;S/N;;;LA FLORIDA;REG.METROPOLITANA;CL;Pilar;Marcela;;pasaje santa ana 10982;;;;LA FLORIDA;REG.METROPOLITANA;CL;17990;0;3980;0;21970;0;CLP
000000586105;24564187101-A;20/04/2026 14:48:13;Recibido;69990;0;69990;12598;0.0000;57392;1;CHAQUETA ECOCUERO/TIPO PIEL CAFE  NICOPOLY;MPM10002661333-2;N05148UXL;20/04/2026 14:48:14;Flujo Tradicional Habitualidad;Latorre;Pamela;;Corcovado 227;S/N;;;LO PRADO;REG.METROPOLITANA;CL;Latorre;Pamela;;Corcovado 227;;;;LO PRADO;REG.METROPOLITANA;CL;69990;0;0;0;69990;0;CLP
000000586105;24564363301-A;20/04/2026 16:13:15;Recibido;26990;1596;28586;4858;0.0000;22132;1;SWEATER MUJER NICOPOLY MAGENTA BÁSICO CUELLO REDONDO;MPM10002160475-1;N04248ZS-6;20/04/2026 16:13:16;Flujo Tradicional Habitualidad;Muoz;Karen;;Camino del Retiro 6926;Casa;;;LA FLORIDA;REG.METROPOLITANA;CL;Muoz;Karen;;Camino del Retiro 6926;;;;LA FLORIDA;REG.METROPOLITANA;CL;26990;0;1596;0;28586;0;CLP
000000586105;24564363301-A;20/04/2026 16:13:15;Recibido;23990;1596;25586;4318;0.0000;19672;1;SWEATER ACANALADO CUELLO BOTE CELESTE NICOPOLY;MPM10002842872-3;N05212CM-7;20/04/2026 16:13:16;Flujo Tradicional Habitualidad;Muoz;Karen;;Camino del Retiro 6926;Casa;;;LA FLORIDA;REG.METROPOLITANA;CL;Muoz;Karen;;Camino del Retiro 6926;;;;LA FLORIDA;REG.METROPOLITANA;CL;23990;0;1596;0;25586;0;CLP
000000586105;24564363301-A;20/04/2026 16:13:15;Recibido;23990;1596;25586;4318;0.0000;19672;1;SWEATER ACANALADO CUELLO BOTE NEGRO NICOPOLY;MPM10002842905-3;N05212BM-7;20/04/2026 16:13:16;Flujo Tradicional Habitualidad;Muoz;Karen;;Camino del Retiro 6926;Casa;;;LA FLORIDA;REG.METROPOLITANA;CL;Muoz;Karen;;Camino del Retiro 6926;;;;LA FLORIDA;REG.METROPOLITANA;CL;23990;0;1596;0;25586;0;CLP
000000586105;24564542401-A;20/04/2026 17:54:58;Recibido;26990;4990;31980;4858;0.0000;22132;1;FULFILLMENT-GILET 4 BOTONES CAFE  NICOPOLY;MPM10003150060-3;N05262UM-FF;20/04/2026 17:54:59;FF_MATRIX;Escobar;Catherine;;Los arenales  2;S/N;;;PAINE;REG.METROPOLITANA;CL;Escobar;Catherine;;Los arenales  2;;;;PAINE;REG.METROPOLITANA;CL;26990;0;4990;0;31980;0;CLP
000000586105;24564542402-A;20/04/2026 17:54:58;Recibido;29990;2745;32735;5398;0.0000;24592;1;GILET BASICO AJUSTABLE AZUL NICOPOLY;MPM10003143979-3;N04273PM;20/04/2026 17:55:00;Flujo Tradicional Habitualidad;Escobar;Catherine;;Los arenales  2;S/N;;;PAINE;REG.METROPOLITANA;CL;Escobar;Catherine;;Los arenales  2;;;;PAINE;REG.METROPOLITANA;CL;29990;0;2745;0;32735;0;CLP
000000586105;24564542402-A;20/04/2026 17:54:58;Recibido;33990;2745;36735;6118;0.0000;27872;1;CARDIGAN DISEÑO TRENZADO CAFE  NICOPOLY;MPM10003217104-2;N06240UM;20/04/2026 17:55:00;Flujo Tradicional Habitualidad;Escobar;Catherine;;Los arenales  2;S/N;;;PAINE;REG.METROPOLITANA;CL;Escobar;Catherine;;Los arenales  2;;;;PAINE;REG.METROPOLITANA;CL;33990;0;2745;0;36735;0;CLP
000000586105;24565027501-A;20/04/2026 22:04:13;Recibido;11990;0;11990;2158;0.0000;9832;1;POLERA MANGA LARGA CUELLO BOTE BURDEO NICOPOLY;MPM10003203309-4;N06308TM;20/04/2026 22:04:14;Retiro Tienda Ripley Maipu_BE;Morales;Vanessa;;"Av. Americo Vespucio 399 ";" 2do Piso. Modulo Retiro en Tienda";;;MAIPU;REG.METROPOLITANA;CL;Morales;Vanessa;;Pasaje Armando Cortinez 120;;;;MAIPU;REG.METROPOLITANA;CL;11990;0;0;0;11990;0;CLP
000000586105;24565184204-A;20/04/2026 23:14:01;Recibido;15990;3990;19980;2878;0.0000;13112;1;BLUSA ENCAJE HOMBROS NEGRO NICOPOLY;MPM10001491720-4;N04242BXL;20/04/2026 23:14:02;Flujo Flota Propia;Grez;Maria Jose;;Baron Pierre de Coubertin 77;44;;;SANTIAGO;REG.METROPOLITANA;CL;Grez;Maria Jose;;Baron Pierre de Coubertin 77;;;;SANTIAGO;REG.METROPOLITANA;CL;15990;0;3990;0;19980;0;CLP
000000586105;24565455301-A;21/04/2026 09:04:13;Recibido;39990;990;40980;7198;0.0000;32792;1;BLAZER PIED DE POULE CAFE  NICOPOLY;MPM10001713149-4;N05037LM;21/04/2026 09:04:14;Retiro Tienda Ripley Quilpue_BE;Arneric Arranz;Dania;;"Claudio Vicuña 992, Quilpue ";" 3er Piso. Modulo Retiro en Tienda";;;QUILPUE;V REGION;CL;Arneric Arranz;Dania;;PRAT 199;;;;QUILPUE;V REGION;CL;39990;0;990;0;40980;0;CLP
000000586105;24565519302-A;21/04/2026 09:55:05;Recibido;43990;990;44980;7918;0.0000;36072;1;FULFILLMENT-CARDIGAN CRUZADO CON BOTON DORADO CAFE  NICOPOLY;MPM10003209031-4;N06231UM-FF;21/04/2026 09:55:06;FF_MATRIX;Tapia;Elizabeth;;Los Piñones 30;58;;;CHIGUAYANTE;VIII REGION;CL;Tapia;Elizabeth;;Los Piñones 30;;;;CHIGUAYANTE;VIII REGION;CL;43990;0;990;0;44980;0;CLP
000000586105;24565519301-A;21/04/2026 09:55:05;Recibido;29990;1998;31988;5398;0.0000;24592;1;FALDA MIDI ECOCUERO NEGRO NICOPOLY;MPM10003217105-3;N06299BXL;21/04/2026 09:55:08;Flujo Flota Propia;Tapia;Elizabeth;;Los Piñones 30;58;;;CHIGUAYANTE;VIII REGION;CL;Tapia;Elizabeth;;Los Piñones 30;;;;CHIGUAYANTE;VIII REGION;CL;29990;0;1998;0;31988;0;CLP
000000586105;24565519301-A;21/04/2026 09:55:06;Recibido;15990;1998;17988;2878;0.0000;13112;1;POLERA CON TRANSPARENCIAS NICOPOLY;MPM10002950554-1;N06140BL;21/04/2026 09:55:08;Flujo Flota Propia;Tapia;Elizabeth;;Los Piñones 30;58;;;CHIGUAYANTE;VIII REGION;CL;Tapia;Elizabeth;;Los Piñones 30;;;;CHIGUAYANTE;VIII REGION;CL;15990;0;1998;0;17988;0;CLP
000000586105;24565519301-A;21/04/2026 09:55:06;Recibido;29990;1998;31988;5398;0.0000;24592;1;FALDA MIDI ECOCUERO CAFE  NICOPOLY;MPM10003217106-4;N06299UXL;21/04/2026 09:55:08;Flujo Flota Propia;Tapia;Elizabeth;;Los Piñones 30;58;;;CHIGUAYANTE;VIII REGION;CL;Tapia;Elizabeth;;Los Piñones 30;;;;CHIGUAYANTE;VIII REGION;CL;29990;0;1998;0;31988;0;CLP
000000586105;24565519301-A;21/04/2026 09:55:06;Recibido;43990;1998;45988;7918;0.0000;36072;1;CARDIGAN CRUZADO CON BOTON DORADO MORADO NICOPOLY;MPM10003199793-3;N06231ZM;21/04/2026 09:55:08;Flujo Flota Propia;Tapia;Elizabeth;;Los Piñones 30;58;;;CHIGUAYANTE;VIII REGION;CL;Tapia;Elizabeth;;Los Piñones 30;;;;CHIGUAYANTE;VIII REGION;CL;43990;0;1998;0;45988;0;CLP
000000586105;24565519301-A;21/04/2026 09:55:06;Recibido;79990;1998;81988;14398;0.0000;65592;1;ABRIGO CUELLO PELO SINTE TICO NEGRO NICOPOLY;MPM10003237726-2;N06220BL;21/04/2026 09:55:08;Flujo Flota Propia;Tapia;Elizabeth;;Los Piñones 30;58;;;CHIGUAYANTE;VIII REGION;CL;Tapia;Elizabeth;;Los Piñones 30;;;;CHIGUAYANTE;VIII REGION;CL;79990;0;1998;0;81988;0;CLP
000000586105;24565519301-A;21/04/2026 09:55:06;Recibido;59990;1998;61988;10798;0.0000;49192;1;TRENCH LAZO TIPO GAMUZA CAFE  NICOPOLY;MPM10002635821-1;N05001OL-6;21/04/2026 09:55:08;Flujo Flota Propia;Tapia;Elizabeth;;Los Piñones 30;58;;;CHIGUAYANTE;VIII REGION;CL;Tapia;Elizabeth;;Los Piñones 30;;;;CHIGUAYANTE;VIII REGION;CL;59990;0;1998;0;61988;0;CLP
000000586105;24565708401-A;21/04/2026 11:52:38;Reembolsado;32990;0;32990;5938;0.0000;27052;1;BLAZER FLOREADO CELESTE NICOPOLY;MPM10002627259-1;N05320KM;21/04/2026 11:52:39;Retiro Tienda Ripley Vina Del Mar_BE;"Mendoza ";"Giuliana ";;"Sucre 290, Viña ";5to Piso. Modulo Retiro en Tienda;;;VI.A DEL MA;V REGION;CL;"Vicencio Molina ";"Moiss ";;Pob Las praderas subida cementerio   27;;;;VI.A DEL MA;V REGION;CL;32990;0;0;0;32990;0;CLP
000000586105;24565731802-A;21/04/2026 12:07:16;Recibido;30990;8990;39980;5578;0.0000;25412;1;CHAQUETA LEÑADORA BEIGE NICOPOLY;MPM00040988712-2;N02150AS;21/04/2026 12:07:17;Flujo Tradicional Habitualidad;Gutierrez Pereira;Brbara Andrea;;Av Argentina 2000;S/N;;;ANTOFAGASTA;II REGION;CL;Gutierrez Pereira;Brbara Andrea;;Av Argentina 2000;;;;ANTOFAGASTA;II REGION;CL;30990;0;8990;0;39980;0;CLP
000000586105;24566036901-A;21/04/2026 15:11:36;Recibido;59990;0;59990;10798;0.0000;49192;1;VESTIDO ENCAJE SIRENA NEGRO NICOPOLY;MPM10003037774-1;N06154BL;21/04/2026 15:11:37;Flujo Tradicional Habitualidad;"Reyes Bastias ";Jennifer;;Río Loa 636;S/N;;;CERRILLOS;REG.METROPOLITANA;CL;"Reyes Bastias ";Jennifer;;Río Loa 636;;;;CERRILLOS;REG.METROPOLITANA;CL;59990;0;0;0;59990;0;CLP
000000586105;24566055601-A;21/04/2026 15:22:05;Recibido;27990;7990;35980;5038;0.0000;22952;1;BLAZER 4 BOTONES DECORATIVOS NEGRO NICOPOLY;MPM10001713165-2;N10046BL-5;21/04/2026 15:22:06;Flujo Tradicional Habitualidad;Soto;Flavia;;H-802 4, Las Cabras, O'Higgins, Chile 4;Par38;;;LAS CABRAS;VI REGION;CL;Soto;Flavia;;H-802 4, Las Cabras, O'Higgins, Chile 4;;;;LAS CABRAS;VI REGION;CL;27990;0;7990;0;35980;0;CLP
000000586105;24566133001-A;21/04/2026 16:12:01;Recibido;34990;0;34990;6298;0.0000;28692;1;FULFILLMENT-BLAZER LARGO 4 BOTONES ROSADO NICOPOLY;MPM10002943889-5;N05299HXL-FF;21/04/2026 16:12:02;FF_MATRIX_STS;"Sandoval ";Bernardo;;"Avenida Alemania 0671 ";3er Piso, Modulo Retiro en Tienda;;;TEMUCO;IX REGION;CL;Alvarado;Mario;;madreselvas  4519;;;;TEMUCO;IX REGION;CL;34990;0;0;0;34990;0;CLP
000000586105;24566790701-A;21/04/2026 22:12:50;Recibido;34990;4990;39980;6298;0.0000;28692;1;BLAZER CUELLO CRUZADO BLANCO NICOPOLY;MPM10002924088-3;N05299AL;21/04/2026 22:12:51;Flujo Flota Propia;"Fuentes ";Catalina;;Avenida San Miguel 4900;S/N;;;TALCA;VII REGION;CL;"Fuentes ";Catalina;;Avenida San Miguel 4900;;;;TALCA;VII REGION;CL;34990;0;4990;0;39980;0;CLP
000000586105;24566958001-A;21/04/2026 23:35:14;Recibido;79990;4990;84980;14398;0.0000;65592;1;ABRIGO CUELLO PELO SINTE TICO NEGRO NICOPOLY;MPM10003237726-4;N06220BM;21/04/2026 23:35:16;Flujo Flota Propia;Navarro;Susana;;EL SOLAR 8215;13;;;PE.ALOLEN;REG.METROPOLITANA;CL;Navarro;Susana;;EL SOLAR 8215;;;;PE.ALOLEN;REG.METROPOLITANA;CL;79990;0;4990;0;84980;0;CLP
000000586105;24566985003-A;21/04/2026 23:55:14;Recibido;26990;2190;29180;4858;0.0000;22132;1;SWEATER MUJER NICOPOLY ROJO BÁSICO CUELLO REDONDO;MPM10002160523-3;N04248DS-6;21/04/2026 23:55:16;Flujo Flota Propia;Rebolledo;Fabiola;;Ureta cox 1019;S/N;;;SAN MIGUEL;REG.METROPOLITANA;CL;Rebolledo;Fabiola;;Ureta cox 1019;;;;SAN MIGUEL;REG.METROPOLITANA;CL;26990;0;2190;0;29180;0;CLP
000000586105;24566985003-A;21/04/2026 23:55:14;Recibido;26990;2190;29180;4858;0.0000;22132;1;SWEATER MUJER NICOPOLY NEGRO BÁSICO CUELLO REDONDO;MPM10002160479-2;N04248BS-6;21/04/2026 23:55:16;Flujo Flota Propia;Rebolledo;Fabiola;;Ureta cox 1019;S/N;;;SAN MIGUEL;REG.METROPOLITANA;CL;Rebolledo;Fabiola;;Ureta cox 1019;;;;SAN MIGUEL;REG.METROPOLITANA;CL;26990;0;2190;0;29180;0;CLP
000000586105;24567041701-A;22/04/2026 01:10:48;Recibido;84990;7990;92980;15298;0.0000;69692;1;ABRIGO SOLAPA Y CINTURON ROJO NICOPOLY;MPM10003232693-1;N06188DL;22/04/2026 01:10:50;Flujo Tradicional Habitualidad;Rebolledo;Kata;;Pasaje Los Correa 2;2;;;COLTAUCO;VI REGION;CL;Rebolledo;Kata;;Pasaje Los Correa 2;;;;COLTAUCO;VI REGION;CL;84990;0;7990;0;92980;0;CLP
000000586105;24567071401-A;22/04/2026 02:29:56;Recibido;39990;4990;44980;7198;0.0000;32792;1;BLAZER MUJER NICOPOLY NEGRO LAZO DELANTERO;MPM10002128962-1;N05276BL;22/04/2026 02:29:58;Flujo Flota Propia;"Guerra ";Gilda;;Av Santa Elena Condominio Laguna 7 145;Casa;;;COLINA;REG.METROPOLITANA;CL;"Guerra ";Gilda;;Av Santa Elena Condominio Laguna 7 145;;;;COLINA;REG.METROPOLITANA;CL;39990;0;4990;0;44980;0;CLP
000000586105;24568126001-A;22/04/2026 19:21:58;Recibido;9990;990;10980;1798;0.0000;8192;1;POLERA ESCOTE EN V BASICA BLANCO NICOPOLY;MPM10002965953-4;N06124AL;22/04/2026 19:21:59;Retiro Tienda Ripley Plaza Egana_BE;Fernandez;Alejandra;;"Larrain 5800 ";" 3er Piso. Modulo Retiro en Tienda";;;NUNOA;REG.METROPOLITANA;CL;Fernandez;Alejandra;;la niña  3020;;;;NUNOA;REG.METROPOLITANA;CL;9990;0;990;0;10980;0;CLP
000000586105;24568159601-A;22/04/2026 19:43:53;Recibido;17990;3990;21980;3238;0.0000;14752;1;BLAZER ENTALLADO CLASICO AMARILLO NICOPOLY;MPM00014509502-3;N00346FL;22/04/2026 19:43:54;Flujo Flota Propia;Villalobos;Keily;;Guardia marina Riquelme 4880;102;;;SAN MIGUEL;REG.METROPOLITANA;CL;Villalobos;Keily;;Guardia marina Riquelme 4880;;;;SAN MIGUEL;REG.METROPOLITANA;CL;17990;0;3990;0;21980;0;CLP
000000586105;24568311201-A;22/04/2026 21:02:30;Recibido;44990;4990;49980;8098;0.0000;36892;1;JEANS CORTE BARREL AZUL NICOPOLY;MPM10003199816-2;N06182PL;22/04/2026 21:02:32;Flujo Flota Propia;Fernandez Vasquez;Deyanira;;Canto del Valle 1777;94;;;CONCEPCION;VIII REGION;CL;Fernandez Vasquez;Deyanira;;Canto del Valle 1777;;;;CONCEPCION;VIII REGION;CL;44990;0;4990;0;49980;0;CLP
000000586105;24568662701-A;22/04/2026 23:55:53;Recibido;17990;4990;22980;3238;0.0000;14752;1;CAMISA BOTONERA ESPALDA KHAKI NICOPOLY;MPM10002952066-1;N06132LXL;22/04/2026 23:55:54;Flujo Flota Propia;"San Martn ";"Ana ";;Camino la meseta norte  4922;Casa;;;PE.ALOLEN;REG.METROPOLITANA;CL;"San Martn ";"Ana ";;Camino la meseta norte  4922;;;;PE.ALOLEN;REG.METROPOLITANA;CL;17990;0;4990;0;22980;0;CLP
000000586105;24568675601-A;23/04/2026 00:04:48;Recibido;71990;4395;76385;12958;0.0000;59032;1;ABRIGO SOLAPA REDONDA NEGRONICOPOLY;MPM10002646294-4;N05252BXL;23/04/2026 00:04:49;Flujo Tradicional Habitualidad;Bravo;Yecarela;;Pasaje las Ulmarias 1485;S/N;;;CURANILAHUE;VIII REGION;CL;Bravo;Yecarela;;Pasaje las Ulmarias 1485;;;;CURANILAHUE;VIII REGION;CL;71990;0;4395;0;76385;0;CLP
000000586105;24568675601-A;23/04/2026 00:04:48;Recibido;71990;4395;76385;12958;0.0000;59032;1;ABRIGO SOLAPA REDONDA CAFE  NICOPOLY;MPM10003232487-1;N05252UXL;23/04/2026 00:04:49;Flujo Tradicional Habitualidad;Bravo;Yecarela;;Pasaje las Ulmarias 1485;S/N;;;CURANILAHUE;VIII REGION;CL;Bravo;Yecarela;;Pasaje las Ulmarias 1485;;;;CURANILAHUE;VIII REGION;CL;71990;0;4395;0;76385;0;CLP
000000586105;24568973801-A;23/04/2026 10:29:05;Recibido;26990;4990;31980;4858;0.0000;22132;1;TRENCH PRINCIPE DE GALES LAZO GRIS NICOPOLY;MPM00048421784-1;N02290IXL;23/04/2026 10:29:06;Flujo Flota Propia;Ulloa;Maritza;;AV. ALCALD HERNAN PRIETO PJE LOS OLMO 9C;CASA;;;PIRQUE;REG.METROPOLITANA;CL;Ulloa;Maritza;;AV. ALCALD HERNAN PRIETO PJE LOS OLMO 9C;;;;PIRQUE;REG.METROPOLITANA;CL;26990;0;4990;0;31980;0;CLP
000000586105;24569040901-A;23/04/2026 11:01:13;Recibido;38990;0;38990;7018;0.0000;31972;1;CHAQUETA BIKER NEGRO NICOPOLY;MPM10002617343-4;N02107BS-6;23/04/2026 11:01:14;Flujo Flota Propia;Pizarro Fernndez;"Cindy Francisca ";;Manuel Rodríguez 1174, 8650979 Santiago, Renca, Región Metropolitana, Chile 1174;Casa;;;RENCA;REG.METROPOLITANA;CL;Pizarro Fernndez;"Cindy Francisca ";;Manuel Rodríguez 1174, 8650979 Santiago, Renca, Región Metropolitana, Chile 1174;;;;RENCA;REG.METROPOLITANA;CL;38990;0;0;0;38990;0;CLP
000000586105;24569040901-A;23/04/2026 11:01:13;Recibido;38990;0;38990;7018;0.0000;31972;1;CHAQUETA BIKER CAFE  NICOPOLY;MPM10002617341-3;N02107OS-6;23/04/2026 11:01:14;Flujo Flota Propia;Pizarro Fernndez;"Cindy Francisca ";;Manuel Rodríguez 1174, 8650979 Santiago, Renca, Región Metropolitana, Chile 1174;Casa;;;RENCA;REG.METROPOLITANA;CL;Pizarro Fernndez;"Cindy Francisca ";;Manuel Rodríguez 1174, 8650979 Santiago, Renca, Región Metropolitana, Chile 1174;;;;RENCA;REG.METROPOLITANA;CL;38990;0;0;0;38990;0;CLP
000000586105;24569102502-A;23/04/2026 11:37:01;Recibido;27990;593;28583;5038;0.0000;22952;1;BLAZER 4 BOTONES DECORATIVOS NEGRO NICOPOLY;MPM10001713165-3;N10046BS-5;23/04/2026 11:37:02;Flujo Flota Propia;Mora;Rocio;;GEMINIS 1340;CASA;;;LA FLORIDA;REG.METROPOLITANA;CL;Mora;Rocio;;GEMINIS 1340;;;;LA FLORIDA;REG.METROPOLITANA;CL;27990;0;593;0;28583;0;CLP
000000586105;24569102502-A;23/04/2026 11:37:01;Recibido;12990;593;13583;2338;0.0000;10652;1;POLERA MANGA 3/4 CUELLO BOTE NEGRO NICOPOLY;MPM10003203085-2;N06296BS;23/04/2026 11:37:02;Flujo Flota Propia;Mora;Rocio;;GEMINIS 1340;CASA;;;LA FLORIDA;REG.METROPOLITANA;CL;Mora;Rocio;;GEMINIS 1340;;;;LA FLORIDA;REG.METROPOLITANA;CL;12990;0;593;0;13583;0;CLP
000000586105;24569102502-A;23/04/2026 11:37:01;Recibido;12990;593;13583;2338;0.0000;10652;1;POLERA MANGA 3/4 CUELLO BOTE BLANCO NICOPOLY;MPM10003203034-4;N06296AS;23/04/2026 11:37:02;Flujo Flota Propia;Mora;Rocio;;GEMINIS 1340;CASA;;;LA FLORIDA;REG.METROPOLITANA;CL;Mora;Rocio;;GEMINIS 1340;;;;LA FLORIDA;REG.METROPOLITANA;CL;12990;0;593;0;13583;0;CLP
000000586105;24569346301-A;23/04/2026 14:05:11;Recibido;26990;3990;30980;4858;0.0000;22132;1;SWEATER MUJER NICOPOLY CELESTE BÁSICO CUELLO REDONDO;MPM10002160533-2;N04248KM-6;23/04/2026 14:05:12;Flujo Flota Propia;Queirolo;Maria;;La Huasa 1923  Chile 1923;303;;;LO BARNECHEA;REG.METROPOLITANA;CL;Queirolo;Maria;;La Huasa 1923  Chile 1923;;;;LO BARNECHEA;REG.METROPOLITANA;CL;26990;0;3990;0;30980;0;CLP
000000586105;24569477101-A;23/04/2026 15:23:45;Recibido;29990;3990;33980;5398;0.0000;24592;1;GILET LARGO CON BOTONES VERDE NICOPOLY;MPM10003180657-1;N06135EL;23/04/2026 15:23:46;Flujo Flota Propia;Gutiérrez Rodríguez;María Jesús;;Miguel Claro 2555;1602;;;NUNOA;REG.METROPOLITANA;CL;Gutiérrez Rodríguez;María Jesús;;Miguel Claro 2555;;;;NUNOA;REG.METROPOLITANA;CL;29990;0;3990;0;33980;0;CLP
000000586105;24569629902-A;23/04/2026 16:49:38;Recibido;34990;1980;36970;6298;0.0000;28692;1;BLAZER CUELLO CRUZADO CELESTE NICOPOLY;MPM10002925199-2;N05299KS;23/04/2026 16:49:39;Flujo Flota Propia;Molina;Jecksie;;Ángel Parra 657;S/N;;;CHILLAN VJO;XVI REGION;CL;Molina;Jecksie;;Ángel Parra 657;;;;CHILLAN VJO;XVI REGION;CL;34990;0;1980;0;36970;0;CLP
000000586105;24569648002-A;23/04/2026 17:06:26;Reembolsado;44990;0;44990;8098;0.0000;36892;1;FULFILLMENT-BLAZER BASICO DE TOPE VERDE NICOPOLY;MPM10003150057-2;N05301EXL-7-FF;23/04/2026 17:06:27;FF_MATRIX;Atenas Gàlvez;Belén;;Mardoqueo Fernández 101;Depto. 605;;;PROVIDENCIA;REG.METROPOLITANA;CL;Atenas Gàlvez;Belén;;Mardoqueo Fernández 101;;;;PROVIDENCIA;REG.METROPOLITANA;CL;44990;0;0;0;44990;0;CLP
000000586105;24569810302-A;23/04/2026 18:54:27;Recibido;34990;0;34990;6298;0.0000;28692;1;BLAZER CUELLO CRUZADO NEGRO NICOPOLY;MPM10002842887-2;N05299BS-7;23/04/2026 18:54:28;Flujo Flota Propia;Lamuño;Carolina;;Tucapel 664;1202;;;CONCEPCION;VIII REGION;CL;Lamuño;Carolina;;Tucapel 664;;;;CONCEPCION;VIII REGION;CL;34990;0;0;0;34990;0;CLP
000000586105;24569884301-A;23/04/2026 19:43:57;Reembolsado;79990;8990;88980;14398;0.0000;65592;1;ABRIGO LARGO LAZO NEGRO NICOPOLY;MPM10002646306-1;N04227BXL-6;23/04/2026 19:43:59;Flujo Tradicional Habitualidad;Olave;Cesar;;calle cementerio carahue 143;casa;;;CARAHUE;IX REGION;CL;Olave;Cesar;;calle cementerio carahue 143;;;;CARAHUE;IX REGION;CL;79990;0;8990;0;88980;0;CLP
000000586105;24570189301-A;23/04/2026 22:18:46;Recibido;34990;4990;39980;6298;0.0000;28692;1;BLAZER MUJER NICOPOLY VERDE OSCURO CUELLO MAO;MPM10002160487-1;N00156EL-6;23/04/2026 22:18:47;Flujo Flota Propia;Queupil;Karina;;Francisco Javier Krugger 2500;61;;;BUIN;REG.METROPOLITANA;CL;Queupil;Karina;;Francisco Javier Krugger 2500;;;;BUIN;REG.METROPOLITANA;CL;34990;0;4990;0;39980;0;CLP
000000586105;24570569801-A;24/04/2026 09:19:32;Recibido;26990;3990;30980;4858;0.0000;22132;1;TRENCH PRINCIPE DE GALES LAZO GRIS NICOPOLY;MPM00048421784-2;N02290IL;24/04/2026 09:19:33;Flujo Flota Propia;Retamales;Andrea;;Libertad  598;S/N;;;MAIPU;REG.METROPOLITANA;CL;Retamales;Andrea;;Libertad  598;;;;MAIPU;REG.METROPOLITANA;CL;26990;0;3990;0;30980;0;CLP
000000586105;24570637301-A;24/04/2026 10:19:59;Recibido;38990;0;38990;7018;0.0000;31972;1;CHAQUETA BIKER NEGRO NICOPOLY;MPM10002617343-1;N02107BM-6;24/04/2026 10:20:01;Flujo Flota Propia;Santibáñez;Carla;;Av quilin 3375 dto 809 .;Dto;;;MACUL;REG.METROPOLITANA;CL;Santibáñez;Carla;;Av quilin 3375 dto 809 .;;;;MACUL;REG.METROPOLITANA;CL;38990;0;0;0;38990;0;CLP
000000586105;24570924501-A;24/04/2026 13:54:56;Recibido;44990;3990;48980;8098;0.0000;36892;1;PANTALON ESTILO JAPONE S PIERNA ANCHA BURDEO NICOPOLY;MPM10003177451-1;N06180TL;24/04/2026 13:54:57;Flujo Flota Propia;Rodriguez;Paula;;Apolo cinco 1860;S/N;;;VITACURA;REG.METROPOLITANA;CL;Rodriguez;Paula;;Apolo cinco 1860;;;;VITACURA;REG.METROPOLITANA;CL;44990;0;3990;0;48980;0;CLP
000000586105;24570966501-A;24/04/2026 14:26:27;Recibido;57990;3990;61980;10438;0.0000;47552;1;CHAQUETA ECOCUERO ACOLCHADO CUELLO MAO CAFE  NICOPOLY;MPM10003217335-3;N06205UL;24/04/2026 14:26:28;Flujo Flota Propia;Acevedo;Andrea;;Martín de Zamora 4909, dpto 33 4909, Las Condes 4909;33;;;LAS CONDES;REG.METROPOLITANA;CL;Acevedo;Andrea;;Martín de Zamora 4909, dpto 33 4909, Las Condes 4909;;;;LAS CONDES;REG.METROPOLITANA;CL;57990;0;3990;0;61980;0;CLP
000000586105;24570995801-A;24/04/2026 14:49:06;Recibido;26990;3990;30980;4858;0.0000;22132;1;TRENCH PRINCIPE DE GALES LAZO GRIS NICOPOLY;MPM00048421784-2;N02290IL;24/04/2026 14:49:07;Flujo Flota Propia;Cliente;Angelica Maria;;Calle Agustinas  1612;1207;;;SANTIAGO;REG.METROPOLITANA;CL;Cliente;Angelica Maria;;Calle Agustinas  1612;;;;SANTIAGO;REG.METROPOLITANA;CL;26990;0;3990;0;30980;0;CLP
000000586105;24571407301-A;24/04/2026 19:20:08;Recibido;38990;0;38990;7018;0.0000;31972;1;FULFILLMENT-PANTALON VESTIR RECTO BURDEO NICOPOLY;MPM10003150040-1;N06039TM-FF;24/04/2026 19:20:10;FF_MATRIX;Umaa;"Paula ";;America 449;1216;;;SN.BERNARDO;REG.METROPOLITANA;CL;Umaa;"Paula ";;America 449;;;;SN.BERNARDO;REG.METROPOLITANA;CL;38990;0;0;0;38990;0;CLP
000000586105;24572335201-A;25/04/2026 13:14:52;Recibido;27990;0;27990;5038;0.0000;22952;1;BLAZER 4 BOTONES DECORATIVOS NEGRO NICOPOLY;MPM10001713165-2;N10046BL-5;25/04/2026 13:14:53;Flujo Flota Propia;Painen Norambuena;Lorena;;Santa ana 1761;Casa;;;HUECHURABA;REG.METROPOLITANA;CL;Painen Norambuena;Lorena;;Santa ana 1761;;;;HUECHURABA;REG.METROPOLITANA;CL;27990;0;0;0;27990;0;CLP
000000586105;24573958601-A;26/04/2026 13:27:23;Recibido;71990;2990;74980;12958;0.0000;59032;1;FULFILLMENT-ABRIGO SOLAPA REDONDA NEGRONICOPOLY;MPM10002725914-1;N05252BS-FF;26/04/2026 13:27:24;FF_MATRIX;Herrera Constanzo;Ingrid;;Ruta g988 Hijuelas 47 Las Pataguas . 23;Casa;;;CARTAGENA;V REGION;CL;Herrera Constanzo;Ingrid;;Ruta g988 Hijuelas 47 Las Pataguas . 23;;;;CARTAGENA;V REGION;CL;71990;0;2990;0;74980;0;CLP
000000586105;24574402301-A;26/04/2026 17:19:47;Recibido;34990;3990;38980;6298;0.0000;28692;1;BLAZER CUELLO CRUZADO NEGRO NICOPOLY;MPM10002842887-2;N05299BS-7;26/04/2026 17:19:47;Flujo Flota Propia;Garcia Alamos;Alejandra Nicole;;Leonor Osorio  2768;Casa;;;RECOLETA;REG.METROPOLITANA;CL;Garcia Alamos;Alejandra Nicole;;Leonor Osorio  2768;;;;RECOLETA;REG.METROPOLITANA;CL;34990;0;3990;0;38980;0;CLP
000000586105;24574596301-A;26/04/2026 18:54:01;Recibido;51990;3980;55970;9358;0.0000;42632;1;BLAZER MANGA 3/4 AJUSTADO CON SOLAPAS BLANCO NICOPOLY;MPM10000316121-2;N03049AL;26/04/2026 18:54:02;Flujo Flota Propia;Barrientos;Aracely;;Tercera avenida  1222;504;;;SAN MIGUEL;REG.METROPOLITANA;CL;Barrientos;Aracely;;Tercera avenida  1222;;;;SAN MIGUEL;REG.METROPOLITANA;CL;51990;0;3980;0;55970;0;CLP
000000586105;24575542801-A;27/04/2026 08:07:59;Recibido;55990;3980;59970;10078;0.0000;45912;1;BLAZER OVERSIZE TIPO GAMUZA CAFE  NICOPOLY;MPM10003221915-3;N06196UM;27/04/2026 08:08:00;Flujo Flota Propia;Zepeda;Jeannette;;Lasana  6610;S/N;;;HUECHURABA;REG.METROPOLITANA;CL;Zepeda;Jeannette;;Lasana  6610;;;;HUECHURABA;REG.METROPOLITANA;CL;55990;0;3980;0;59970;0;CLP
