"Numero de documento","Tipo de documento","Fecha de Transaccion","Descripcion Factura","Tipo de Transaccion","Nombre del producto","SKU vendedor","SKU Falabella","Monto (Sin IVA)","IVA","Monto con IVA","Divisa","N estado de cuenta","N de orden","Referencia de pago Fpay","Falabella-Id","Estado de la orden","Modalidad logistica","Tipo de envio","Detalles de transaccion","Seller ID","Tipo de Seller"
"","Nota de Credito","2026-05-20 09:05:11.11","Promociones de Envio F.com","Reembolso por Promo envío falabella.com","Blazer Oversize Tipo Gamuza Café Nicopoly","N06196UM","152209096","3352.941","637.058","3990.0","CLP","FACL-SC75ABC-20260520-CLP","3236448469","20260522C10219004669682026","b819276b-fbaa-4706-aafe-06e7cc5b22fa","sellerOrderLineDelivered","FBS","drop_shipping","","SC75ABC","Principal"
"","Factura","2026-05-20 09:05:11.11","Promociones de Envio F.com","Cobro Promo envío falabella.com","Blazer Oversize Tipo Gamuza Café Nicopoly","N06196UM","152209096","-3352.941","-637.058","-3990.0","CLP","FACL-SC75ABC-20260520-CLP","3236448469","20260522C10219004669682026","b819276b-fbaa-4706-aafe-06e7cc5b22fa","sellerOrderLineDelivered","FBS","drop_shipping","","SC75ABC","Principal"
"","Factura","2026-05-20 09:05:11.11","Envio a cargo del Cliente","Reversa de pago de envío comprador","Blazer Oversize Tipo Gamuza Café Nicopoly","N06196UM","152209096","0.000","0.000","0.0","CLP","FACL-SC75ABC-20260520-CLP","3236448469","20260522C10219004669682026","b819276b-fbaa-4706-aafe-06e7cc5b22fa","sellerOrderLineDelivered","FBS","drop_shipping","","SC75ABC","Principal"
"","Nota de Credito","2026-05-20 09:05:11.11","Promociones Producto","Pago de aporte promocionales a cliente (Promo)","Blazer Oversize Tipo Gamuza Café Nicopoly","N06196UM","152209096","0.000","0.000","0.0","CLP","FACL-SC75ABC-20260520-CLP","3236448469","20260522C10219004669682026","b819276b-fbaa-4706-aafe-06e7cc5b22fa","sellerOrderLineDelivered","FBS","drop_shipping","Pre Calculated Transaction with Transaction Id:81974bc8-cc37-4cfa-b19e-fab19b60daa4","SC75ABC","Principal"
"","Nota de Credito","2026-05-20 09:05:11.11","Envio: Falabella Directo (Falabella Flex)","Pago por envío directo","Blazer Oversize Tipo Gamuza Café Nicopoly","N06196UM","152209096","420.168","79.831","500.0","CLP","FACL-SC75ABC-20260520-CLP","3236448469","20260522C10219004669682026","b819276b-fbaa-4706-aafe-06e7cc5b22fa","sellerOrderLineDelivered","FBS","drop_shipping","Pre Calculated Transaction with Transaction Id:05546edd-fd46-4b03-8f50-960b2e67b7ef","SC75ABC","Principal"
"","Factura","2026-05-20 09:05:11.11","Comisiones","Cobro por comisión por venta","Blazer Oversize Tipo Gamuza Café Nicopoly","N06196UM","152209096","-9410.084","-1787.915","-11198.0","CLP","FACL-SC75ABC-20260520-CLP","3236448469","20260522C10219004669682026","b819276b-fbaa-4706-aafe-06e7cc5b22fa","sellerOrderLineDelivered","FBS","drop_shipping","Pre Calculated Transaction with Transaction Id:518862cb-a560-40d8-96dc-91624dc18fdf","SC75ABC","Principal"
"","Nota de Credito","2026-05-20 08:05:34.34","Promociones de Envio F.com","Reembolso por Promo envío falabella.com","Pantalón Vestir Recto Mocca Nicopoly","N06039US","152153724","3352.941","637.058","3990.0","CLP","FACL-SC75ABC-20260520-CLP","3236490085","20260522C10219004669682026","f1f0bfb4-8ef2-4721-b2f5-f7c7c9a1f005","sellerOrderLineDelivered","FBS","drop_shipping","","SC75ABC","Principal"
"","Factura","2026-05-20 08:05:34.34","Promociones de Envio F.com","Cobro Promo envío falabella.com","Pantalón Vestir Recto Mocca Nicopoly","N06039US","152153724","-3352.941","-637.058","-3990.0","CLP","FACL-SC75ABC-20260520-CLP","3236490085","20260522C10219004669682026","f1f0bfb4-8ef2-4721-b2f5-f7c7c9a1f005","sellerOrderLineDelivered","FBS","drop_shipping","","SC75ABC","Principal"
"","Factura","2026-05-20 08:05:34.34","Envio a cargo del Cliente","Reversa de pago de envío comprador","Pantalón Vestir Recto Mocca Nicopoly","N06039US","152153724","0.000","0.000","0.0","CLP","FACL-SC75ABC-20260520-CLP","3236490085","20260522C10219004669682026","f1f0bfb4-8ef2-4721-b2f5-f7c7c9a1f005","sellerOrderLineDelivered","FBS","drop_shipping","","SC75ABC","Principal"
"","Nota de Credito","2026-05-20 08:05:34.34","Promociones Producto","Pago de aporte promocionales a cliente (Promo)","Pantalón Vestir Recto Mocca Nicopoly","N06039US","152153724","0.000","0.000","0.0","CLP","FACL-SC75ABC-20260520-CLP","3236490085","20260522C10219004669682026","f1f0bfb4-8ef2-4721-b2f5-f7c7c9a1f005","sellerOrderLineDelivered","FBS","drop_shipping","Pre Calculated Transaction with Transaction Id:24cdde0f-f2a8-4c2f-a0ab-5d55bc58159b","SC75ABC","Principal"
"","Nota de Credito","2026-05-20 08:05:34.34","Envio: Falabella Directo (Falabella Flex)","Pago por envío directo","Pantalón Vestir Recto Mocca Nicopoly","N06039US","152153724","420.168","79.831","500.0","CLP","FACL-SC75ABC-20260520-CLP","3236490085","20260522C10219004669682026","f1f0bfb4-8ef2-4721-b2f5-f7c7c9a1f005","sellerOrderLineDelivered","FBS","drop_shipping","Pre Calculated Transaction with Transaction Id:68ae0839-2065-4dee-9d8e-bb25b041897c","SC75ABC","Principal"
"","Factura","2026-05-20 08:05:34.34","Comisiones","Cobro por comisión por venta","Pantalón Vestir Recto Mocca Nicopoly","N06039US","152153724","-6552.941","-1245.058","-7798.0","CLP","FACL-SC75ABC-20260520-CLP","3236490085","20260522C10219004669682026","f1f0bfb4-8ef2-4721-b2f5-f7c7c9a1f005","sellerOrderLineDelivered","FBS","drop_shipping","Pre Calculated Transaction with Transaction Id:fec6c5e6-6f03-458f-aba6-eb71276c2138","SC75ABC","Principal"
"","Nota de Credito","2026-05-20 08:05:28.28","Promociones de Envio F.com","Reembolso por Promo envío falabella.com","Cárdigan Flores Tejidas Gris Nicopoly","N06235NS","152357403","3352.941","637.058","3990.0","CLP","FACL-SC75ABC-20260520-CLP","3236453496","20260522C10219004669682026","b536a27a-6f01-4660-b3c5-f043edb7fc63","sellerOrderLineDelivered","FBS","drop_shipping","","SC75ABC","Principal"
"","Factura","2026-05-20 08:05:28.28","Promociones de Envio F.com","Cobro Promo envío falabella.com","Cárdigan Flores Tejidas Gris Nicopoly","N06235NS","152357403","-3352.941","-637.058","-3990.0","CLP","FACL-SC75ABC-20260520-CLP","3236453496","20260522C10219004669682026","b536a27a-6f01-4660-b3c5-f043edb7fc63","sellerOrderLineDelivered","FBS","drop_shipping","","SC75ABC","Principal"
"","Factura","2026-05-20 08:05:28.28","Envio a cargo del Cliente","Reversa de pago de envío comprador","Cárdigan Flores Tejidas Gris Nicopoly","N06235NS","152357403","0.000","0.000","0.0","CLP","FACL-SC75ABC-20260520-CLP","3236453496","20260522C10219004669682026","b536a27a-6f01-4660-b3c5-f043edb7fc63","sellerOrderLineDelivered","FBS","drop_shipping","","SC75ABC","Principal"
"","Nota de Credito","2026-05-20 08:05:28.28","Promociones Producto","Pago de aporte promocionales a cliente (Promo)","Cárdigan Flores Tejidas Gris Nicopoly","N06235NS","152357403","0.000","0.000","0.0","CLP","FACL-SC75ABC-20260520-CLP","3236453496","20260522C10219004669682026","b536a27a-6f01-4660-b3c5-f043edb7fc63","sellerOrderLineDelivered","FBS","drop_shipping","Pre Calculated Transaction with Transaction Id:d9149112-4bbc-4d11-8bf2-fe73fce17b3d","SC75ABC","Principal"
"","Nota de Credito","2026-05-20 08:05:28.28","Envio: Falabella Directo (Falabella Flex)","Pago por envío directo","Cárdigan Flores Tejidas Gris Nicopoly","N06235NS","152357403","420.168","79.831","500.0","CLP","FACL-SC75ABC-20260520-CLP","3236453496","20260522C10219004669682026","b536a27a-6f01-4660-b3c5-f043edb7fc63","sellerOrderLineDelivered","FBS","drop_shipping","Pre Calculated Transaction with Transaction Id:cff416a7-f237-41d3-ab02-49777e383fd3","SC75ABC","Principal"
"","Factura","2026-05-20 08:05:28.28","Comisiones","Cobro por comisión por venta","Cárdigan Flores Tejidas Gris Nicopoly","N06235NS","152357403","-4536.134","-861.865","-5398.0","CLP","FACL-SC75ABC-20260520-CLP","3236453496","20260522C10219004669682026","b536a27a-6f01-4660-b3c5-f043edb7fc63","sellerOrderLineDelivered","FBS","drop_shipping","Pre Calculated Transaction with Transaction Id:352fc70b-b095-4ed4-bfc6-7cbefb52feff","SC75ABC","Principal"
"","Nota de Credito","2026-05-20 07:05:51.51","Promociones de Envio F.com","Reembolso por Promo envío falabella.com","Blazer Oversize Tipo Gamuza Café Nicopoly","N06196UM","152209096","3352.941","637.058","3990.0","CLP","FACL-SC75ABC-20260520-CLP","3236463115","20260522C10219004669682026","628d2fc7-bd9c-4e84-b1a0-768b895a80ba","sellerOrderLineDelivered","FBS","drop_shipping","","SC75ABC","Principal"
"","Factura","2026-05-20 07:05:51.51","Promociones de Envio F.com","Cobro Promo envío falabella.com","Blazer Oversize Tipo Gamuza Café Nicopoly","N06196UM","152209096","-3352.941","-637.058","-3990.0","CLP","FACL-SC75ABC-20260520-CLP","3236463115","20260522C10219004669682026","628d2fc7-bd9c-4e84-b1a0-768b895a80ba","sellerOrderLineDelivered","FBS","drop_shipping","","SC75ABC","Principal"
"","Factura","2026-05-20 07:05:51.51","Envio a cargo del Cliente","Reversa de pago de envío comprador","Blazer Oversize Tipo Gamuza Café Nicopoly","N06196UM","152209096","0.000","0.000","0.0","CLP","FACL-SC75ABC-20260520-CLP","3236463115","20260522C10219004669682026","628d2fc7-bd9c-4e84-b1a0-768b895a80ba","sellerOrderLineDelivered","FBS","drop_shipping","","SC75ABC","Principal"
"","Nota de Credito","2026-05-20 07:05:51.51","Promociones Producto","Pago de aporte promocionales a cliente (Promo)","Blazer Oversize Tipo Gamuza Café Nicopoly","N06196UM","152209096","0.000","0.000","0.0","CLP","FACL-SC75ABC-20260520-CLP","3236463115","20260522C10219004669682026","628d2fc7-bd9c-4e84-b1a0-768b895a80ba","sellerOrderLineDelivered","FBS","drop_shipping","Pre Calculated Transaction with Transaction Id:28b5462c-d7d8-468e-a715-e567df50fbba","SC75ABC","Principal"
"","Nota de Credito","2026-05-20 07:05:51.51","Envio: Falabella Directo (Falabella Flex)","Pago por envío directo","Blazer Oversize Tipo Gamuza Café Nicopoly","N06196UM","152209096","420.168","79.831","500.0","CLP","FACL-SC75ABC-20260520-CLP","3236463115","20260522C10219004669682026","628d2fc7-bd9c-4e84-b1a0-768b895a80ba","sellerOrderLineDelivered","FBS","drop_shipping","Pre Calculated Transaction with Transaction Id:f068ac2a-d24a-42e7-aed1-f425c80e1a22","SC75ABC","Principal"
"","Factura","2026-05-20 07:05:51.51","Comisiones","Cobro por comisión por venta","Blazer Oversize Tipo Gamuza Café Nicopoly","N06196UM","152209096","-9410.084","-1787.915","-11198.0","CLP","FACL-SC75ABC-20260520-CLP","3236463115","20260522C10219004669682026","628d2fc7-bd9c-4e84-b1a0-768b895a80ba","sellerOrderLineDelivered","FBS","drop_shipping","Pre Calculated Transaction with Transaction Id:dedfaeba-a991-4040-affe-918228eb103d","SC75ABC","Principal"
"","Nota de Credito","2026-05-19 06:05:50.50","Promociones de Envio F.com","Reembolso por Promo envío falabella.com","Pantalón Vestir Recto Burdeo Nicopoly","N06039TL","152143039","1436.974","273.025","1710.0","CLP","FACL-SC75ABC-20260519-CLP","3236417494","20260520C10219004610022026","f41b7263-31f7-4b40-ac73-741af576fb7f","sellerOrderLineDelivered","FBS","drop_shipping","","SC75ABC","Principal"
"","Factura","2026-05-19 06:05:50.50","Promociones de Envio F.com","Cobro Promo envío falabella.com","Pantalón Vestir Recto Burdeo Nicopoly","N06039TL","152143039","-1436.974","-273.025","-1710.0","CLP","FACL-SC75ABC-20260519-CLP","3236417494","20260520C10219004610022026","f41b7263-31f7-4b40-ac73-741af576fb7f","sellerOrderLineDelivered","FBS","drop_shipping","","SC75ABC","Principal"
"","Factura","2026-05-19 06:05:50.50","Envio a cargo del Cliente","Reversa de pago de envío comprador","Pantalón Vestir Recto Burdeo Nicopoly","N06039TL","152143039","0.000","0.000","0.0","CLP","FACL-SC75ABC-20260519-CLP","3236417494","20260520C10219004610022026","f41b7263-31f7-4b40-ac73-741af576fb7f","sellerOrderLineDelivered","FBS","drop_shipping","","SC75ABC","Principal"
"","Nota de Credito","2026-05-19 06:05:50.50","Promociones Producto","Pago de aporte promocionales a cliente (Promo)","Pantalón Vestir Recto Burdeo Nicopoly","N06039TL","152143039","0.000","0.000","0.0","CLP","FACL-SC75ABC-20260519-CLP","3236417494","20260520C10219004610022026","f41b7263-31f7-4b40-ac73-741af576fb7f","sellerOrderLineDelivered","FBS","drop_shipping","Pre Calculated Transaction with Transaction Id:b8cd5dfc-cbf3-4ed3-9b0d-718054412cb2","SC75ABC","Principal"
"","Nota de Credito","2026-05-19 06:05:50.50","Envio: Falabella Directo (Falabella Flex)","Pago por envío directo","Pantalón Vestir Recto Burdeo Nicopoly","N06039TL","152143039","420.168","79.831","500.0","CLP","FACL-SC75ABC-20260519-CLP","3236417494","20260520C10219004610022026","f41b7263-31f7-4b40-ac73-741af576fb7f","sellerOrderLineDelivered","FBS","drop_shipping","Pre Calculated Transaction with Transaction Id:3c3c56f5-c483-46ce-a1b5-9f2073e9275b","SC75ABC","Principal"
"","Factura","2026-05-19 06:05:50.50","Comisiones","Cobro por comisión por venta","Pantalón Vestir Recto Burdeo Nicopoly","N06039TL","152143039","-6552.941","-1245.058","-7798.0","CLP","FACL-SC75ABC-20260519-CLP","3236417494","20260520C10219004610022026","f41b7263-31f7-4b40-ac73-741af576fb7f","sellerOrderLineDelivered","FBS","drop_shipping","Pre Calculated Transaction with Transaction Id:4684dac3-e66f-444b-a409-43fde1925a7c","SC75ABC","Principal"
"","Nota de Credito","2026-05-19 06:05:49.49","Promociones de Envio F.com","Reembolso por Promo envío falabella.com","Blazer  Dos Botones Burdeo Nicopoly","N06190TM","152147936","1915.966","364.033","2280.0","CLP","FACL-SC75ABC-20260519-CLP","3236417494","20260520C10219004610022026","f1c4827d-b415-4e66-bc69-17b79a69a52c","sellerOrderLineDelivered","FBS","drop_shipping","","SC75ABC","Principal"
"","Factura","2026-05-19 06:05:49.49","Promociones de Envio F.com","Cobro Promo envío falabella.com","Blazer  Dos Botones Burdeo Nicopoly","N06190TM","152147936","-1915.966","-364.033","-2280.0","CLP","FACL-SC75ABC-20260519-CLP","3236417494","20260520C10219004610022026","f1c4827d-b415-4e66-bc69-17b79a69a52c","sellerOrderLineDelivered","FBS","drop_shipping","","SC75ABC","Principal"
"","Factura","2026-05-19 06:05:49.49","Envio a cargo del Cliente","Reversa de pago de envío comprador","Blazer  Dos Botones Burdeo Nicopoly","N06190TM","152147936","0.000","0.000","0.0","CLP","FACL-SC75ABC-20260519-CLP","3236417494","20260520C10219004610022026","f1c4827d-b415-4e66-bc69-17b79a69a52c","sellerOrderLineDelivered","FBS","drop_shipping","","SC75ABC","Principal"
"","Nota de Credito","2026-05-19 06:05:49.49","Promociones Producto","Pago de aporte promocionales a cliente (Promo)","Blazer  Dos Botones Burdeo Nicopoly","N06190TM","152147936","0.000","0.000","0.0","CLP","FACL-SC75ABC-20260519-CLP","3236417494","20260520C10219004610022026","f1c4827d-b415-4e66-bc69-17b79a69a52c","sellerOrderLineDelivered","FBS","drop_shipping","Pre Calculated Transaction with Transaction Id:ad0e54fb-75b9-4aaf-9fc9-a13b0e91db9c","SC75ABC","Principal"
"","Nota de Credito","2026-05-19 06:05:49.49","Envio: Falabella Directo (Falabella Flex)","Pago por envío directo","Blazer  Dos Botones Burdeo Nicopoly","N06190TM","152147936","420.168","79.831","500.0","CLP","FACL-SC75ABC-20260519-CLP","3236417494","20260520C10219004610022026","f1c4827d-b415-4e66-bc69-17b79a69a52c","sellerOrderLineDelivered","FBS","drop_shipping","Pre Calculated Transaction with Transaction Id:f42789ba-3a58-4784-ba1f-f47dbcfad23b","SC75ABC","Principal"
"","Factura","2026-05-19 06:05:49.49","Comisiones","Cobro por comisión por venta","Blazer  Dos Botones Burdeo Nicopoly","N06190TM","152147936","-8737.815","-1660.184","-10398.0","CLP","FACL-SC75ABC-20260519-CLP","3236417494","20260520C10219004610022026","f1c4827d-b415-4e66-bc69-17b79a69a52c","sellerOrderLineDelivered","FBS","drop_shipping","Pre Calculated Transaction with Transaction Id:29082e7e-8ad6-44cf-afb2-c2b3047dfd83","SC75ABC","Principal"
"","Nota de Credito","2026-05-19 03:05:07.07","Promociones de Envio F.com","Reembolso por Promo envío falabella.com","Cárdigan Diseño Trenzado Negro Nicopoly","N06240BS","152148359","4193.277","796.722","4990.0","CLP","FACL-SC75ABC-20260519-CLP","3235976621","20260520C10219004610022026","e2328c04-d27b-40a9-9d95-e0807423ac3b","sellerOrderLineDelivered","FBS","drop_shipping","","SC75ABC","Principal"
"","Factura","2026-05-19 03:05:07.07","Promociones de Envio F.com","Cobro Promo envío falabella.com","Cárdigan Diseño Trenzado Negro Nicopoly","N06240BS","152148359","-4193.277","-796.722","-4990.0","CLP","FACL-SC75ABC-20260519-CLP","3235976621","20260520C10219004610022026","e2328c04-d27b-40a9-9d95-e0807423ac3b","sellerOrderLineDelivered","FBS","drop_shipping","","SC75ABC","Principal"
"","Factura","2026-05-19 03:05:07.07","Envio a cargo del Cliente","Reversa de pago de envío comprador","Cárdigan Diseño Trenzado Negro Nicopoly","N06240BS","152148359","0.000","0.000","0.0","CLP","FACL-SC75ABC-20260519-CLP","3235976621","20260520C10219004610022026","e2328c04-d27b-40a9-9d95-e0807423ac3b","sellerOrderLineDelivered","FBS","drop_shipping","","SC75ABC","Principal"
"","Nota de Credito","2026-05-19 03:05:06.06","Promociones Producto","Pago de aporte promocionales a cliente (Promo)","Cárdigan Diseño Trenzado Negro Nicopoly","N06240BS","152148359","0.000","0.000","0.0","CLP","FACL-SC75ABC-20260519-CLP","3235976621","20260520C10219004610022026","e2328c04-d27b-40a9-9d95-e0807423ac3b","sellerOrderLineDelivered","FBS","drop_shipping","Pre Calculated Transaction with Transaction Id:cc1c766e-42d5-4fe7-ba5b-576c17dcb307","SC75ABC","Principal"
"","Factura","2026-05-19 03:05:06.06","Comisiones","Cobro por comisión por venta","Cárdigan Diseño Trenzado Negro Nicopoly","N06240BS","152148359","-4536.134","-861.865","-5398.0","CLP","FACL-SC75ABC-20260519-CLP","3235976621","20260520C10219004610022026","e2328c04-d27b-40a9-9d95-e0807423ac3b","sellerOrderLineDelivered","FBS","drop_shipping","Pre Calculated Transaction with Transaction Id:abeed485-ed8e-4525-b49d-05089231dcf7","SC75ABC","Principal"
"","Factura","2026-05-19 03:05:06.06","Envio: Cofinanciamiento logistico","Cobro por cofinanciamiento logístico","Cárdigan Diseño Trenzado Negro Nicopoly","N06240BS","152148359","-4949.579","-940.420","-5890.0","CLP","FACL-SC75ABC-20260519-CLP","3235976621","20260520C10219004610022026","e2328c04-d27b-40a9-9d95-e0807423ac3b","sellerOrderLineDelivered","FBS","drop_shipping","Pre Calculated Transaction with Transaction Id:79bb2ce6-f965-4b3b-8f95-ddf14351f6b1","SC75ABC","Principal"
"","Factura","2026-05-19 01:05:37.37","Logistica Inversa (Devoluciones)","Cobro por logística inversa","Camisa Rayas Bicolor Café Nicopoly","N05200UM","152153501","-2428.571","-461.428","-2890.0","CLP","FACL-SC75ABC-20260519-CLP","3235413225","20260520C10219004610022026","dcb4f052-1cfd-4935-86c9-90cbb124df10","sellerReturnOrderLineUpdated","FBS","drop_shipping","","SC75ABC","Principal"
"","Nota de Credito","2026-05-19 01:05:37.37","Comisiones","Reembolso por comisión por venta","Camisa Rayas Bicolor Café Nicopoly","N05200UM","152153501","4536.134","861.865","5398.0","CLP","FACL-SC75ABC-20260519-CLP","3235413225","20260520C10219004610022026","dcb4f052-1cfd-4935-86c9-90cbb124df10","sellerReturnOrderLineUpdated","FBS","drop_shipping","","SC75ABC","Principal"
"","Factura","2026-05-19 01:05:34.34","Logistica Inversa (Devoluciones)","Cobro por logística inversa","Sweater Cuello Alto Rombos Café Nicopoly","N06239UL","152359493","-2428.571","-461.428","-2890.0","CLP","FACL-SC75ABC-20260519-CLP","3235652505","20260520C10219004610022026","071834d9-ad44-4881-a67a-c85e2669aaa3","sellerReturnOrderLineUpdated","FBS","drop_shipping","","SC75ABC","Principal"
"","Nota de Credito","2026-05-19 01:05:34.34","Comisiones","Reembolso por comisión por venta","Sweater Cuello Alto Rombos Café Nicopoly","N06239UL","152359493","4368.067","829.932","5198.0","CLP","FACL-SC75ABC-20260519-CLP","3235652505","20260520C10219004610022026","071834d9-ad44-4881-a67a-c85e2669aaa3","sellerReturnOrderLineUpdated","FBS","drop_shipping","","SC75ABC","Principal"
"","Factura","2026-05-19 01:05:31.31","Logistica Inversa (Devoluciones)","Cobro por logística inversa","Abrigo Solapa Redonda Café Nicopoly","N05252UL","152415765","-2521.008","-478.991","-3000.0","CLP","FACL-SC75ABC-20260519-CLP","3234955367","20260520C10219004610022026","40bd2fdb-5c4d-413c-845f-ca8983f546c8","sellerReturnOrderLineUpdated","FBS","drop_shipping","","SC75ABC","Principal"
"","Nota de Credito","2026-05-19 01:05:31.31","Comisiones","Reembolso por comisión por venta","Abrigo Solapa Redonda Café Nicopoly","N05252UL","152415765","12099.159","2298.840","14398.0","CLP","FACL-SC75ABC-20260519-CLP","3234955367","20260520C10219004610022026","40bd2fdb-5c4d-413c-845f-ca8983f546c8","sellerReturnOrderLineUpdated","FBS","drop_shipping","","SC75ABC","Principal"
"","Factura","2026-05-19 01:05:19.19","Logistica Inversa (Devoluciones)","Cobro por logística inversa","Camisa Rayas Bicolor Café Nicopoly","N05200US","152153503","-2428.571","-461.428","-2890.0","CLP","FACL-SC75ABC-20260519-CLP","3235883332","20260520C10219004610022026","8505aabd-432b-4b3a-8057-f522b39d1032","sellerReturnOrderLineUpdated","FBS","drop_shipping","","SC75ABC","Principal"
"","Nota de Debito","2026-05-19 01:05:19.19","Promociones Producto","Descuento por aportes promocionales a clientes (Promo)","Camisa Rayas Bicolor Café Nicopoly","N05200US","152153503","0.000","0.000","0.0","CLP","FACL-SC75ABC-20260519-CLP","3235883332","20260520C10219004610022026","8505aabd-432b-4b3a-8057-f522b39d1032","sellerReturnOrderLineUpdated","FBS","drop_shipping","","SC75ABC","Principal"
"","Nota de Credito","2026-05-19 01:05:19.19","Comisiones","Reembolso por comisión por venta","Camisa Rayas Bicolor Café Nicopoly","N05200US","152153503","4536.134","861.865","5398.0","CLP","FACL-SC75ABC-20260519-CLP","3235883332","20260520C10219004610022026","8505aabd-432b-4b3a-8057-f522b39d1032","sellerReturnOrderLineUpdated","FBS","drop_shipping","","SC75ABC","Principal"
"","Nota de Credito","2026-05-19 12:05:07.07","Promociones de Envio F.com","Reembolso por Promo envío falabella.com","Jeans Corte Barrel Azul Nicopoly","N06182PL","152150559","5033.613","956.386","5990.0","CLP","FACL-SC75ABC-20260519-CLP","3236127329","20260520C10219004610022026","4e7ac6f5-ba0d-4016-a8f9-f86a1a599d03","sellerOrderLineDelivered","FBS","drop_shipping","","SC75ABC","Principal"
"","Factura","2026-05-19 12:05:07.07","Promociones de Envio F.com","Cobro Promo envío falabella.com","Jeans Corte Barrel Azul Nicopoly","N06182PL","152150559","-5033.613","-956.386","-5990.0","CLP","FACL-SC75ABC-20260519-CLP","3236127329","20260520C10219004610022026","4e7ac6f5-ba0d-4016-a8f9-f86a1a599d03","sellerOrderLineDelivered","FBS","drop_shipping","","SC75ABC","Principal"
"","Factura","2026-05-19 12:05:07.07","Envio a cargo del Cliente","Reversa de pago de envío comprador","Jeans Corte Barrel Azul Nicopoly","N06182PL","152150559","0.000","0.000","0.0","CLP","FACL-SC75ABC-20260519-CLP","3236127329","20260520C10219004610022026","4e7ac6f5-ba0d-4016-a8f9-f86a1a599d03","sellerOrderLineDelivered","FBS","drop_shipping","","SC75ABC","Principal"
"","Nota de Credito","2026-05-19 12:05:07.07","Promociones Producto","Pago de aporte promocionales a cliente (Promo)","Jeans Corte Barrel Azul Nicopoly","N06182PL","152150559","0.000","0.000","0.0","CLP","FACL-SC75ABC-20260519-CLP","3236127329","20260520C10219004610022026","4e7ac6f5-ba0d-4016-a8f9-f86a1a599d03","sellerOrderLineDelivered","FBS","drop_shipping","Pre Calculated Transaction with Transaction Id:377c086d-e6a5-4dbb-8e96-51cbc97063cd","SC75ABC","Principal"
"","Factura","2026-05-19 12:05:07.07","Comisiones","Cobro por comisión por venta","Jeans Corte Barrel Azul Nicopoly","N06182PL","152150559","-7561.344","-1436.655","-8998.0","CLP","FACL-SC75ABC-20260519-CLP","3236127329","20260520C10219004610022026","4e7ac6f5-ba0d-4016-a8f9-f86a1a599d03","sellerOrderLineDelivered","FBS","drop_shipping","Pre Calculated Transaction with Transaction Id:20c8b525-5ea4-4bb5-9b77-c432005fd8c9","SC75ABC","Principal"
"","Factura","2026-05-19 12:05:07.07","Envio: Cofinanciamiento logistico","Cobro por cofinanciamiento logístico","Jeans Corte Barrel Azul Nicopoly","N06182PL","152150559","-4697.478","-892.520","-5590.0","CLP","FACL-SC75ABC-20260519-CLP","3236127329","20260520C10219004610022026","4e7ac6f5-ba0d-4016-a8f9-f86a1a599d03","sellerOrderLineDelivered","FBS","drop_shipping","Pre Calculated Transaction with Transaction Id:f865364d-ea39-4255-9c1a-30a4b1720707","SC75ABC","Principal"
"","Nota de Credito","2026-05-19 12:05:15.15","Promociones de Envio F.com","Reembolso por Promo envío falabella.com","Jeans Rectos Tiro Alto Café Nicopoly","N06283U42","152148362","4193.277","796.722","4990.0","CLP","FACL-SC75ABC-20260519-CLP","3236156012","20260520C10219004610022026","12440b8f-3bd2-4dd2-a6e1-c7be808db0c4","sellerOrderLineDelivered","FBS","drop_shipping","","SC75ABC","Principal"
"","Factura","2026-05-19 12:05:15.15","Promociones de Envio F.com","Cobro Promo envío falabella.com","Jeans Rectos Tiro Alto Café Nicopoly","N06283U42","152148362","-4193.277","-796.722","-4990.0","CLP","FACL-SC75ABC-20260519-CLP","3236156012","20260520C10219004610022026","12440b8f-3bd2-4dd2-a6e1-c7be808db0c4","sellerOrderLineDelivered","FBS","drop_shipping","","SC75ABC","Principal"
"","Factura","2026-05-19 12:05:15.15","Envio a cargo del Cliente","Reversa de pago de envío comprador","Jeans Rectos Tiro Alto Café Nicopoly","N06283U42","152148362","0.000","0.000","0.0","CLP","FACL-SC75ABC-20260519-CLP","3236156012","20260520C10219004610022026","12440b8f-3bd2-4dd2-a6e1-c7be808db0c4","sellerOrderLineDelivered","FBS","drop_shipping","","SC75ABC","Principal"
"","Nota de Credito","2026-05-19 12:05:14.14","Promociones Producto","Pago de aporte promocionales a cliente (Promo)","Jeans Rectos Tiro Alto Café Nicopoly","N06283U42","152148362","0.000","0.000","0.0","CLP","FACL-SC75ABC-20260519-CLP","3236156012","20260520C10219004610022026","12440b8f-3bd2-4dd2-a6e1-c7be808db0c4","sellerOrderLineDelivered","FBS","drop_shipping","Pre Calculated Transaction with Transaction Id:dea84163-7efc-47ae-aa18-62a804a1af0b","SC75ABC","Principal"
"","Factura","2026-05-19 12:05:14.14","Comisiones","Cobro por comisión por venta","Jeans Rectos Tiro Alto Café Nicopoly","N06283U42","152148362","-5712.605","-1085.394","-6798.0","CLP","FACL-SC75ABC-20260519-CLP","3236156012","20260520C10219004610022026","12440b8f-3bd2-4dd2-a6e1-c7be808db0c4","sellerOrderLineDelivered","FBS","drop_shipping","Pre Calculated Transaction with Transaction Id:791fc6cc-fbca-400a-bb2a-2f5fae7f5702","SC75ABC","Principal"
"","Factura","2026-05-19 12:05:14.14","Envio: Cofinanciamiento logistico","Cobro por cofinanciamiento logístico","Jeans Rectos Tiro Alto Café Nicopoly","N06283U42","152148362","-4697.478","-892.520","-5590.0","CLP","FACL-SC75ABC-20260519-CLP","3236156012","20260520C10219004610022026","12440b8f-3bd2-4dd2-a6e1-c7be808db0c4","sellerOrderLineDelivered","FBS","drop_shipping","Pre Calculated Transaction with Transaction Id:9cfb8fab-d4cb-4d59-aea5-c50606fd16f5","SC75ABC","Principal"
"","Nota de Credito","2026-05-19 09:05:18.18","Promociones de Envio F.com","Reembolso por Promo envío falabella.com","Blazer Básico de Tope Negro Nicopoly","N05301BS-7","152128437","4193.277","796.722","4990.0","CLP","FACL-SC75ABC-20260519-CLP","3236055161","20260520C10219004610022026","f972e679-6c1e-4af8-bdc5-47b4506c06ba","sellerOrderLineDelivered","FBS","drop_shipping","","SC75ABC","Principal"
"","Factura","2026-05-19 09:05:18.18","Promociones de Envio F.com","Cobro Promo envío falabella.com","Blazer Básico de Tope Negro Nicopoly","N05301BS-7","152128437","-4193.277","-796.722","-4990.0","CLP","FACL-SC75ABC-20260519-CLP","3236055161","20260520C10219004610022026","f972e679-6c1e-4af8-bdc5-47b4506c06ba","sellerOrderLineDelivered","FBS","drop_shipping","","SC75ABC","Principal"
"","Factura","2026-05-19 09:05:18.18","Envio a cargo del Cliente","Reversa de pago de envío comprador","Blazer Básico de Tope Negro Nicopoly","N05301BS-7","152128437","0.000","0.000","0.0","CLP","FACL-SC75ABC-20260519-CLP","3236055161","20260520C10219004610022026","f972e679-6c1e-4af8-bdc5-47b4506c06ba","sellerOrderLineDelivered","FBS","drop_shipping","","SC75ABC","Principal"
"","Nota de Credito","2026-05-19 09:05:17.17","Promociones Producto","Pago de aporte promocionales a cliente (Promo)","Blazer Básico de Tope Negro Nicopoly","N05301BS-7","152128437","0.000","0.000","0.0","CLP","FACL-SC75ABC-20260519-CLP","3236055161","20260520C10219004610022026","f972e679-6c1e-4af8-bdc5-47b4506c06ba","sellerOrderLineDelivered","FBS","drop_shipping","Pre Calculated Transaction with Transaction Id:172730df-514c-4826-ab21-530ea56a2058","SC75ABC","Principal"
"","Factura","2026-05-19 09:05:17.17","Comisiones","Cobro por comisión por venta","Blazer Básico de Tope Negro Nicopoly","N05301BS-7","152128437","-6048.739","-1149.260","-7198.0","CLP","FACL-SC75ABC-20260519-CLP","3236055161","20260520C10219004610022026","f972e679-6c1e-4af8-bdc5-47b4506c06ba","sellerOrderLineDelivered","FBS","drop_shipping","Pre Calculated Transaction with Transaction Id:d69e96dd-9ec2-4608-8fb8-1ad3a85b611c","SC75ABC","Principal"
"","Factura","2026-05-19 09:05:17.17","Envio: Cofinanciamiento logistico","Cobro por cofinanciamiento logístico","Blazer Básico de Tope Negro Nicopoly","N05301BS-7","152128437","-4949.579","-940.420","-5890.0","CLP","FACL-SC75ABC-20260519-CLP","3236055161","20260520C10219004610022026","f972e679-6c1e-4af8-bdc5-47b4506c06ba","sellerOrderLineDelivered","FBS","drop_shipping","Pre Calculated Transaction with Transaction Id:9e1e15d2-0b23-4a31-992a-ac0fa6904710","SC75ABC","Principal"
"","Factura","2026-05-18 06:05:39.39","Envio a cargo del Cliente","Reversa de pago de envío comprador","Chaqueta Ecocuero/Tipo Piel Café Nicopoly","N05148UM","152410952","-3352.941","-637.058","-3990.0","CLP","FACL-SC75ABC-20260518-CLP","3236007479","20260519C10219004569552026","2802b4cc-bc9e-4cb7-9134-1cf558e489b1","sellerOrderLineDelivered","FBS","drop_shipping","","SC75ABC","Principal"
"","Nota de Credito","2026-05-18 06:05:39.39","Envio: Falabella Directo (Falabella Flex)","Pago por envío directo","Chaqueta Ecocuero/Tipo Piel Café Nicopoly","N05148UM","152410952","420.168","79.831","500.0","CLP","FACL-SC75ABC-20260518-CLP","3236007479","20260519C10219004569552026","2802b4cc-bc9e-4cb7-9134-1cf558e489b1","sellerOrderLineDelivered","FBS","drop_shipping","Pre Calculated Transaction with Transaction Id:2a851a7a-2c29-41c9-bd72-ca63845fa7d7","SC75ABC","Principal"
"","Factura","2026-05-18 06:05:39.39","Comisiones","Cobro por comisión por venta","Chaqueta Ecocuero/Tipo Piel Café Nicopoly","N05148UM","152410952","-8401.680","-1596.319","-9998.0","CLP","FACL-SC75ABC-20260518-CLP","3236007479","20260519C10219004569552026","2802b4cc-bc9e-4cb7-9134-1cf558e489b1","sellerOrderLineDelivered","FBS","drop_shipping","Pre Calculated Transaction with Transaction Id:7cb7ef93-86a6-4f02-b008-07c4280faff7","SC75ABC","Principal"
"","Nota de Credito","2026-05-18 05:05:32.32","Promociones de Envio F.com","Reembolso por Promo envío falabella.com","Vest Tipo Gamuza Bordado Negro Nicopoly","N06208BM","152133032","3352.941","637.058","3990.0","CLP","FACL-SC75ABC-20260518-CLP","3236326183","20260519C10219004569552026","f4dce75e-8540-4413-93a8-52dc05d28a3f","sellerOrderLineDelivered","FBS","drop_shipping","","SC75ABC","Principal"
"","Factura","2026-05-18 05:05:32.32","Promociones de Envio F.com","Cobro Promo envío falabella.com","Vest Tipo Gamuza Bordado Negro Nicopoly","N06208BM","152133032","-3352.941","-637.058","-3990.0","CLP","FACL-SC75ABC-20260518-CLP","3236326183","20260519C10219004569552026","f4dce75e-8540-4413-93a8-52dc05d28a3f","sellerOrderLineDelivered","FBS","drop_shipping","","SC75ABC","Principal"
"","Factura","2026-05-18 05:05:32.32","Envio a cargo del Cliente","Reversa de pago de envío comprador","Vest Tipo Gamuza Bordado Negro Nicopoly","N06208BM","152133032","0.000","0.000","0.0","CLP","FACL-SC75ABC-20260518-CLP","3236326183","20260519C10219004569552026","f4dce75e-8540-4413-93a8-52dc05d28a3f","sellerOrderLineDelivered","FBS","drop_shipping","","SC75ABC","Principal"
"","Nota de Credito","2026-05-18 05:05:32.32","Promociones Producto","Pago de aporte promocionales a cliente (Promo)","Vest Tipo Gamuza Bordado Negro Nicopoly","N06208BM","152133032","0.000","0.000","0.0","CLP","FACL-SC75ABC-20260518-CLP","3236326183","20260519C10219004569552026","f4dce75e-8540-4413-93a8-52dc05d28a3f","sellerOrderLineDelivered","FBS","drop_shipping","Pre Calculated Transaction with Transaction Id:0876406f-6784-4dd6-87fd-51972a9afab7","SC75ABC","Principal"
"","Nota de Credito","2026-05-18 05:05:32.32","Envio: Falabella Directo (Falabella Flex)","Pago por envío directo","Vest Tipo Gamuza Bordado Negro Nicopoly","N06208BM","152133032","420.168","79.831","500.0","CLP","FACL-SC75ABC-20260518-CLP","3236326183","20260519C10219004569552026","f4dce75e-8540-4413-93a8-52dc05d28a3f","sellerOrderLineDelivered","FBS","drop_shipping","Pre Calculated Transaction with Transaction Id:8d68a7f8-ca18-49be-89a9-4be1a46505ec","SC75ABC","Principal"
"","Factura","2026-05-18 05:05:32.32","Comisiones","Cobro por comisión por venta","Vest Tipo Gamuza Bordado Negro Nicopoly","N06208BM","152133032","-5376.470","-1021.529","-6398.0","CLP","FACL-SC75ABC-20260518-CLP","3236326183","20260519C10219004569552026","f4dce75e-8540-4413-93a8-52dc05d28a3f","sellerOrderLineDelivered","FBS","drop_shipping","Pre Calculated Transaction with Transaction Id:72fa2ae0-bbdf-466b-a293-28d676aa2a45","SC75ABC","Principal"
"","Nota de Credito","2026-05-16 02:05:07.07","Promociones de Envio F.com","Reembolso por Promo envío falabella.com","Camisa Rayas Bicolor Café Nicopoly","N05200UL","152153502","6714.285","1275.714","7990.0","CLP","FACL-SC75ABC-20260516-CLP","3235719564","20260518C10219004527932026","b5005415-c29f-414e-8bb4-cb98517d523f","sellerOrderLineDelivered","FBS","drop_shipping","","SC75ABC","Principal"
"","Factura","2026-05-16 02:05:07.07","Promociones de Envio F.com","Cobro Promo envío falabella.com","Camisa Rayas Bicolor Café Nicopoly","N05200UL","152153502","-6714.285","-1275.714","-7990.0","CLP","FACL-SC75ABC-20260516-CLP","3235719564","20260518C10219004527932026","b5005415-c29f-414e-8bb4-cb98517d523f","sellerOrderLineDelivered","FBS","drop_shipping","","SC75ABC","Principal"
"","Factura","2026-05-16 02:05:07.07","Envio a cargo del Cliente","Reversa de pago de envío comprador","Camisa Rayas Bicolor Café Nicopoly","N05200UL","152153502","0.000","0.000","0.0","CLP","FACL-SC75ABC-20260516-CLP","3235719564","20260518C10219004527932026","b5005415-c29f-414e-8bb4-cb98517d523f","sellerOrderLineDelivered","FBS","drop_shipping","","SC75ABC","Principal"
"","Nota de Credito","2026-05-16 02:05:07.07","Promociones Producto","Pago de aporte promocionales a cliente (Promo)","Camisa Rayas Bicolor Café Nicopoly","N05200UL","152153502","0.000","0.000","0.0","CLP","FACL-SC75ABC-20260516-CLP","3235719564","20260518C10219004527932026","b5005415-c29f-414e-8bb4-cb98517d523f","sellerOrderLineDelivered","FBS","drop_shipping","Pre Calculated Transaction with Transaction Id:34ec0df4-314b-4e2f-8cac-53e02c440d79","SC75ABC","Principal"
"","Factura","2026-05-16 02:05:07.07","Comisiones","Cobro por comisión por venta","Camisa Rayas Bicolor Café Nicopoly","N05200UL","152153502","-4536.134","-861.865","-5398.0","CLP","FACL-SC75ABC-20260516-CLP","3235719564","20260518C10219004527932026","b5005415-c29f-414e-8bb4-cb98517d523f","sellerOrderLineDelivered","FBS","drop_shipping","Pre Calculated Transaction with Transaction Id:004a9e02-8ea5-46b3-9f9d-5fd3ff4a396f","SC75ABC","Principal"
"","Factura","2026-05-16 02:05:07.07","Envio: Cofinanciamiento logistico","Cobro por cofinanciamiento logístico","Camisa Rayas Bicolor Café Nicopoly","N05200UL","152153502","-4697.478","-892.520","-5590.0","CLP","FACL-SC75ABC-20260516-CLP","3235719564","20260518C10219004527932026","b5005415-c29f-414e-8bb4-cb98517d523f","sellerOrderLineDelivered","FBS","drop_shipping","Pre Calculated Transaction with Transaction Id:57f8ae5c-6606-48fe-ae15-980e37250d67","SC75ABC","Principal"
"","Factura","2026-05-15 08:05:56.56","Envio a cargo del Cliente","Reversa de pago de envío comprador","Jeans Pierna Recta Azul Nicopoly","N06310C42","152150295","-3352.941","-637.058","-3990.0","CLP","FACL-SC75ABC-20260515-CLP","3235829190","20260518C10219004527932026","54be46e5-3d71-4905-8fab-aef1ec4462dc","sellerOrderLineDelivered","FBS","drop_shipping","","SC75ABC","Principal"
"","Nota de Credito","2026-05-15 08:05:56.56","Envio: Falabella Directo (Falabella Flex)","Pago por envío directo","Jeans Pierna Recta Azul Nicopoly","N06310C42","152150295","420.168","79.831","500.0","CLP","FACL-SC75ABC-20260515-CLP","3235829190","20260518C10219004527932026","54be46e5-3d71-4905-8fab-aef1ec4462dc","sellerOrderLineDelivered","FBS","drop_shipping","Pre Calculated Transaction with Transaction Id:9a5792a6-c485-4a94-91a2-19675aaa27fc","SC75ABC","Principal"
"","Factura","2026-05-15 08:05:56.56","Comisiones","Cobro por comisión por venta","Jeans Pierna Recta Azul Nicopoly","N06310C42","152150295","-5880.672","-1117.327","-6998.0","CLP","FACL-SC75ABC-20260515-CLP","3235829190","20260518C10219004527932026","54be46e5-3d71-4905-8fab-aef1ec4462dc","sellerOrderLineDelivered","FBS","drop_shipping","Pre Calculated Transaction with Transaction Id:1f5cccc5-03d9-424c-a848-a753f4d6bc9f","SC75ABC","Principal"
"","Nota de Credito","2026-05-15 05:05:12.12","Promociones de Envio F.com","Reembolso por Promo envío falabella.com","Blazer Básico de Tope Morado Nicopoly","N05301ZL-7","152133062","755.462","143.537","899.0","CLP","FACL-SC75ABC-20260515-CLP","3235721766","20260518C10219004527932026","995b46b7-2217-4e2a-947b-d339e88f2342","sellerOrderLineDelivered","FBS","drop_shipping","","SC75ABC","Principal"
"","Factura","2026-05-15 05:05:12.12","Promociones de Envio F.com","Cobro Promo envío falabella.com","Blazer Básico de Tope Morado Nicopoly","N05301ZL-7","152133062","-755.462","-143.537","-899.0","CLP","FACL-SC75ABC-20260515-CLP","3235721766","20260518C10219004527932026","995b46b7-2217-4e2a-947b-d339e88f2342","sellerOrderLineDelivered","FBS","drop_shipping","","SC75ABC","Principal"
"","Factura","2026-05-15 05:05:12.12","Envio a cargo del Cliente","Reversa de pago de envío comprador","Blazer Básico de Tope Morado Nicopoly","N05301ZL-7","152133062","0.000","0.000","0.0","CLP","FACL-SC75ABC-20260515-CLP","3235721766","20260518C10219004527932026","995b46b7-2217-4e2a-947b-d339e88f2342","sellerOrderLineDelivered","FBS","drop_shipping","","SC75ABC","Principal"
"","Nota de Credito","2026-05-15 05:05:12.12","Promociones Producto","Pago de aporte promocionales a cliente (Promo)","Blazer Básico de Tope Morado Nicopoly","N05301ZL-7","152133062","0.000","0.000","0.0","CLP","FACL-SC75ABC-20260515-CLP","3235721766","20260518C10219004527932026","995b46b7-2217-4e2a-947b-d339e88f2342","sellerOrderLineDelivered","FBS","drop_shipping","Pre Calculated Transaction with Transaction Id:b0539488-5862-4260-9b62-39b25e1b6e28","SC75ABC","Principal"
"","Factura","2026-05-15 05:05:12.12","Comisiones","Cobro por comisión por venta","Blazer Básico de Tope Morado Nicopoly","N05301ZL-7","152133062","-6048.739","-1149.260","-7198.0","CLP","FACL-SC75ABC-20260515-CLP","3235721766","20260518C10219004527932026","995b46b7-2217-4e2a-947b-d339e88f2342","sellerOrderLineDelivered","FBS","drop_shipping","Pre Calculated Transaction with Transaction Id:059f034a-99e9-407d-8e7f-0affbacd45ab","SC75ABC","Principal"
"","Factura","2026-05-15 05:05:12.12","Envio: Cofinanciamiento logistico","Cobro por cofinanciamiento logístico","Blazer Básico de Tope Morado Nicopoly","N05301ZL-7","152133062","-4949.579","-940.420","-5890.0","CLP","FACL-SC75ABC-20260515-CLP","3235721766","20260518C10219004527932026","995b46b7-2217-4e2a-947b-d339e88f2342","sellerOrderLineDelivered","FBS","drop_shipping","Pre Calculated Transaction with Transaction Id:50dae203-4cc8-4f6d-a13b-59cda40c6bd8","SC75ABC","Principal"
"","Nota de Credito","2026-05-15 05:05:11.11","Promociones de Envio F.com","Reembolso por Promo envío falabella.com","Blazer Básico de Tope Morado Nicopoly","N05301ZL-7","152133062","755.462","143.537","899.0","CLP","FACL-SC75ABC-20260515-CLP","3235721766","20260518C10219004527932026","80da775b-4943-4a49-b15a-abfd1c725107","sellerOrderLineDelivered","FBS","drop_shipping","","SC75ABC","Principal"
"","Factura","2026-05-15 05:05:11.11","Promociones de Envio F.com","Cobro Promo envío falabella.com","Blazer Básico de Tope Morado Nicopoly","N05301ZL-7","152133062","-755.462","-143.537","-899.0","CLP","FACL-SC75ABC-20260515-CLP","3235721766","20260518C10219004527932026","80da775b-4943-4a49-b15a-abfd1c725107","sellerOrderLineDelivered","FBS","drop_shipping","","SC75ABC","Principal"
"","Factura","2026-05-15 05:05:11.11","Envio a cargo del Cliente","Reversa de pago de envío comprador","Blazer Básico de Tope Morado Nicopoly","N05301ZL-7","152133062","0.000","0.000","0.0","CLP","FACL-SC75ABC-20260515-CLP","3235721766","20260518C10219004527932026","80da775b-4943-4a49-b15a-abfd1c725107","sellerOrderLineDelivered","FBS","drop_shipping","","SC75ABC","Principal"
"","Nota de Credito","2026-05-15 05:05:10.10","Promociones Producto","Pago de aporte promocionales a cliente (Promo)","Blazer Básico de Tope Morado Nicopoly","N05301ZL-7","152133062","0.000","0.000","0.0","CLP","FACL-SC75ABC-20260515-CLP","3235721766","20260518C10219004527932026","80da775b-4943-4a49-b15a-abfd1c725107","sellerOrderLineDelivered","FBS","drop_shipping","Pre Calculated Transaction with Transaction Id:9721ecf3-f76e-419a-8cd4-10980311a135","SC75ABC","Principal"
"","Factura","2026-05-15 05:05:10.10","Comisiones","Cobro por comisión por venta","Blazer Básico de Tope Morado Nicopoly","N05301ZL-7","152133062","-6048.739","-1149.260","-7198.0","CLP","FACL-SC75ABC-20260515-CLP","3235721766","20260518C10219004527932026","80da775b-4943-4a49-b15a-abfd1c725107","sellerOrderLineDelivered","FBS","drop_shipping","Pre Calculated Transaction with Transaction Id:e5cfec53-42f0-47e4-a6f9-8f6dc962087a","SC75ABC","Principal"
"","Factura","2026-05-15 05:05:10.10","Envio: Cofinanciamiento logistico","Cobro por cofinanciamiento logístico","Blazer Básico de Tope Morado Nicopoly","N05301ZL-7","152133062","-4949.579","-940.420","-5890.0","CLP","FACL-SC75ABC-20260515-CLP","3235721766","20260518C10219004527932026","80da775b-4943-4a49-b15a-abfd1c725107","sellerOrderLineDelivered","FBS","drop_shipping","Pre Calculated Transaction with Transaction Id:1c2d10ce-a017-4061-b856-bf486469adae","SC75ABC","Principal"
"","Nota de Credito","2026-05-15 05:05:10.10","Promociones de Envio F.com","Reembolso por Promo envío falabella.com","Blazer Básico de Tope Morado Nicopoly","N05301ZL-7","152133062","755.462","143.537","899.0","CLP","FACL-SC75ABC-20260515-CLP","3235721766","20260518C10219004527932026","a5090ad2-2cba-423a-a6ea-8d49e50b9966","sellerOrderLineDelivered","FBS","drop_shipping","","SC75ABC","Principal"
"","Factura","2026-05-15 05:05:10.10","Promociones de Envio F.com","Cobro Promo envío falabella.com","Blazer Básico de Tope Morado Nicopoly","N05301ZL-7","152133062","-755.462","-143.537","-899.0","CLP","FACL-SC75ABC-20260515-CLP","3235721766","20260518C10219004527932026","a5090ad2-2cba-423a-a6ea-8d49e50b9966","sellerOrderLineDelivered","FBS","drop_shipping","","SC75ABC","Principal"
"","Factura","2026-05-15 05:05:10.10","Envio a cargo del Cliente","Reversa de pago de envío comprador","Blazer Básico de Tope Morado Nicopoly","N05301ZL-7","152133062","0.000","0.000","0.0","CLP","FACL-SC75ABC-20260515-CLP","3235721766","20260518C10219004527932026","a5090ad2-2cba-423a-a6ea-8d49e50b9966","sellerOrderLineDelivered","FBS","drop_shipping","","SC75ABC","Principal"
"","Nota de Credito","2026-05-15 05:05:09.09","Promociones Producto","Pago de aporte promocionales a cliente (Promo)","Blazer Básico de Tope Morado Nicopoly","N05301ZL-7","152133062","0.000","0.000","0.0","CLP","FACL-SC75ABC-20260515-CLP","3235721766","20260518C10219004527932026","a5090ad2-2cba-423a-a6ea-8d49e50b9966","sellerOrderLineDelivered","FBS","drop_shipping","Pre Calculated Transaction with Transaction Id:5db7ae27-59dc-4b46-942d-b5835f1aa9e7","SC75ABC","Principal"
"","Factura","2026-05-15 05:05:09.09","Comisiones","Cobro por comisión por venta","Blazer Básico de Tope Morado Nicopoly","N05301ZL-7","152133062","-6048.739","-1149.260","-7198.0","CLP","FACL-SC75ABC-20260515-CLP","3235721766","20260518C10219004527932026","a5090ad2-2cba-423a-a6ea-8d49e50b9966","sellerOrderLineDelivered","FBS","drop_shipping","Pre Calculated Transaction with Transaction Id:f9e95e08-005f-40dc-8ca0-f2b84861bb49","SC75ABC","Principal"
"","Factura","2026-05-15 05:05:09.09","Envio: Cofinanciamiento logistico","Cobro por cofinanciamiento logístico","Blazer Básico de Tope Morado Nicopoly","N05301ZL-7","152133062","-4949.579","-940.420","-5890.0","CLP","FACL-SC75ABC-20260515-CLP","3235721766","20260518C10219004527932026","a5090ad2-2cba-423a-a6ea-8d49e50b9966","sellerOrderLineDelivered","FBS","drop_shipping","Pre Calculated Transaction with Transaction Id:964dcc3f-12c7-4193-aaf8-9878ec6960c1","SC75ABC","Principal"
"","Nota de Credito","2026-05-15 05:05:07.07","Promociones de Envio F.com","Reembolso por Promo envío falabella.com","Blazer Básico de Tope Morado Nicopoly","N05301ZL-7","152133062","755.462","143.537","899.0","CLP","FACL-SC75ABC-20260515-CLP","3235721766","20260518C10219004527932026","37b1bbaf-6304-4df7-8db5-f91976b7cdeb","sellerOrderLineDelivered","FBS","drop_shipping","","SC75ABC","Principal"
"","Factura","2026-05-15 05:05:07.07","Promociones de Envio F.com","Cobro Promo envío falabella.com","Blazer Básico de Tope Morado Nicopoly","N05301ZL-7","152133062","-755.462","-143.537","-899.0","CLP","FACL-SC75ABC-20260515-CLP","3235721766","20260518C10219004527932026","37b1bbaf-6304-4df7-8db5-f91976b7cdeb","sellerOrderLineDelivered","FBS","drop_shipping","","SC75ABC","Principal"
"","Factura","2026-05-15 05:05:07.07","Envio a cargo del Cliente","Reversa de pago de envío comprador","Blazer Básico de Tope Morado Nicopoly","N05301ZL-7","152133062","0.000","0.000","0.0","CLP","FACL-SC75ABC-20260515-CLP","3235721766","20260518C10219004527932026","37b1bbaf-6304-4df7-8db5-f91976b7cdeb","sellerOrderLineDelivered","FBS","drop_shipping","","SC75ABC","Principal"
"","Nota de Credito","2026-05-15 05:05:06.06","Promociones Producto","Pago de aporte promocionales a cliente (Promo)","Blazer Básico de Tope Morado Nicopoly","N05301ZL-7","152133062","0.000","0.000","0.0","CLP","FACL-SC75ABC-20260515-CLP","3235721766","20260518C10219004527932026","37b1bbaf-6304-4df7-8db5-f91976b7cdeb","sellerOrderLineDelivered","FBS","drop_shipping","Pre Calculated Transaction with Transaction Id:e244c25c-e56f-4b6a-9c2a-21a6e24698e8","SC75ABC","Principal"
"","Factura","2026-05-15 05:05:06.06","Comisiones","Cobro por comisión por venta","Blazer Básico de Tope Morado Nicopoly","N05301ZL-7","152133062","-6048.739","-1149.260","-7198.0","CLP","FACL-SC75ABC-20260515-CLP","3235721766","20260518C10219004527932026","37b1bbaf-6304-4df7-8db5-f91976b7cdeb","sellerOrderLineDelivered","FBS","drop_shipping","Pre Calculated Transaction with Transaction Id:554049c6-ab1a-4f1e-b2e1-8792d380c40e","SC75ABC","Principal"
"","Factura","2026-05-15 05:05:06.06","Envio: Cofinanciamiento logistico","Cobro por cofinanciamiento logístico","Blazer Básico de Tope Morado Nicopoly","N05301ZL-7","152133062","-4949.579","-940.420","-5890.0","CLP","FACL-SC75ABC-20260515-CLP","3235721766","20260518C10219004527932026","37b1bbaf-6304-4df7-8db5-f91976b7cdeb","sellerOrderLineDelivered","FBS","drop_shipping","Pre Calculated Transaction with Transaction Id:7c6eb969-3de3-49f7-90f1-7689e09b34b7","SC75ABC","Principal"
"","Nota de Credito","2026-05-15 05:05:04.04","Promociones de Envio F.com","Reembolso por Promo envío falabella.com","Blazer Básico de Tope Morado Nicopoly","N05301ZM-7","152133063","755.462","143.537","899.0","CLP","FACL-SC75ABC-20260515-CLP","3235721766","20260518C10219004527932026","099d6e25-c2c5-4169-8c63-0e93df765012","sellerOrderLineDelivered","FBS","drop_shipping","","SC75ABC","Principal"
"","Factura","2026-05-15 05:05:04.04","Promociones de Envio F.com","Cobro Promo envío falabella.com","Blazer Básico de Tope Morado Nicopoly","N05301ZM-7","152133063","-755.462","-143.537","-899.0","CLP","FACL-SC75ABC-20260515-CLP","3235721766","20260518C10219004527932026","099d6e25-c2c5-4169-8c63-0e93df765012","sellerOrderLineDelivered","FBS","drop_shipping","","SC75ABC","Principal"
"","Factura","2026-05-15 05:05:04.04","Envio a cargo del Cliente","Reversa de pago de envío comprador","Blazer Básico de Tope Morado Nicopoly","N05301ZM-7","152133063","0.000","0.000","0.0","CLP","FACL-SC75ABC-20260515-CLP","3235721766","20260518C10219004527932026","099d6e25-c2c5-4169-8c63-0e93df765012","sellerOrderLineDelivered","FBS","drop_shipping","","SC75ABC","Principal"
"","Nota de Credito","2026-05-15 05:05:04.04","Promociones Producto","Pago de aporte promocionales a cliente (Promo)","Blazer Básico de Tope Morado Nicopoly","N05301ZM-7","152133063","0.000","0.000","0.0","CLP","FACL-SC75ABC-20260515-CLP","3235721766","20260518C10219004527932026","099d6e25-c2c5-4169-8c63-0e93df765012","sellerOrderLineDelivered","FBS","drop_shipping","Pre Calculated Transaction with Transaction Id:6aa65c41-edc7-4cdb-97cb-a8572f3a964f","SC75ABC","Principal"
"","Factura","2026-05-15 05:05:04.04","Comisiones","Cobro por comisión por venta","Blazer Básico de Tope Morado Nicopoly","N05301ZM-7","152133063","-6048.739","-1149.260","-7198.0","CLP","FACL-SC75ABC-20260515-CLP","3235721766","20260518C10219004527932026","099d6e25-c2c5-4169-8c63-0e93df765012","sellerOrderLineDelivered","FBS","drop_shipping","Pre Calculated Transaction with Transaction Id:4ef53802-09d8-41b7-a5ec-bafe4b1d4b57","SC75ABC","Principal"
"","Factura","2026-05-15 05:05:04.04","Envio: Cofinanciamiento logistico","Cobro por cofinanciamiento logístico","Blazer Básico de Tope Morado Nicopoly","N05301ZM-7","152133063","-4949.579","-940.420","-5890.0","CLP","FACL-SC75ABC-20260515-CLP","3235721766","20260518C10219004527932026","099d6e25-c2c5-4169-8c63-0e93df765012","sellerOrderLineDelivered","FBS","drop_shipping","Pre Calculated Transaction with Transaction Id:cc83575e-fe61-45f6-9d8a-d4673cfcf71b","SC75ABC","Principal"
"","Nota de Credito","2026-05-15 05:05:03.03","Promociones de Envio F.com","Reembolso por Promo envío falabella.com","Blazer Básico de Tope Morado Nicopoly","N05301ZM-7","152133063","755.462","143.537","899.0","CLP","FACL-SC75ABC-20260515-CLP","3235721766","20260518C10219004527932026","ad955593-bdad-4abe-99a5-c9ed232fa23a","sellerOrderLineDelivered","FBS","drop_shipping","","SC75ABC","Principal"
"","Factura","2026-05-15 05:05:03.03","Promociones de Envio F.com","Cobro Promo envío falabella.com","Blazer Básico de Tope Morado Nicopoly","N05301ZM-7","152133063","-755.462","-143.537","-899.0","CLP","FACL-SC75ABC-20260515-CLP","3235721766","20260518C10219004527932026","ad955593-bdad-4abe-99a5-c9ed232fa23a","sellerOrderLineDelivered","FBS","drop_shipping","","SC75ABC","Principal"
"","Factura","2026-05-15 05:05:03.03","Envio a cargo del Cliente","Reversa de pago de envío comprador","Blazer Básico de Tope Morado Nicopoly","N05301ZM-7","152133063","0.000","0.000","0.0","CLP","FACL-SC75ABC-20260515-CLP","3235721766","20260518C10219004527932026","ad955593-bdad-4abe-99a5-c9ed232fa23a","sellerOrderLineDelivered","FBS","drop_shipping","","SC75ABC","Principal"
"","Nota de Credito","2026-05-15 05:05:03.03","Promociones Producto","Pago de aporte promocionales a cliente (Promo)","Blazer Básico de Tope Morado Nicopoly","N05301ZM-7","152133063","0.000","0.000","0.0","CLP","FACL-SC75ABC-20260515-CLP","3235721766","20260518C10219004527932026","ad955593-bdad-4abe-99a5-c9ed232fa23a","sellerOrderLineDelivered","FBS","drop_shipping","Pre Calculated Transaction with Transaction Id:3339c80f-640c-4924-9710-f9a310c49524","SC75ABC","Principal"
"","Factura","2026-05-15 05:05:03.03","Comisiones","Cobro por comisión por venta","Blazer Básico de Tope Morado Nicopoly","N05301ZM-7","152133063","-6048.739","-1149.260","-7198.0","CLP","FACL-SC75ABC-20260515-CLP","3235721766","20260518C10219004527932026","ad955593-bdad-4abe-99a5-c9ed232fa23a","sellerOrderLineDelivered","FBS","drop_shipping","Pre Calculated Transaction with Transaction Id:38e4b5f2-1226-4f4e-b557-e58b5b68b0cc","SC75ABC","Principal"
"","Factura","2026-05-15 05:05:03.03","Envio: Cofinanciamiento logistico","Cobro por cofinanciamiento logístico","Blazer Básico de Tope Morado Nicopoly","N05301ZM-7","152133063","-4949.579","-940.420","-5890.0","CLP","FACL-SC75ABC-20260515-CLP","3235721766","20260518C10219004527932026","ad955593-bdad-4abe-99a5-c9ed232fa23a","sellerOrderLineDelivered","FBS","drop_shipping","Pre Calculated Transaction with Transaction Id:ad82951b-759a-470b-961f-e08a1338a1cc","SC75ABC","Principal"
"","Nota de Credito","2026-05-15 05:05:02.02","Promociones de Envio F.com","Reembolso por Promo envío falabella.com","Blazer Básico de Tope Morado Nicopoly","N05301ZM-7","152133063","755.462","143.537","899.0","CLP","FACL-SC75ABC-20260515-CLP","3235721766","20260518C10219004527932026","765665e6-0bfe-4a89-af1f-2678d65b04a5","sellerOrderLineDelivered","FBS","drop_shipping","","SC75ABC","Principal"
"","Factura","2026-05-15 05:05:02.02","Promociones de Envio F.com","Cobro Promo envío falabella.com","Blazer Básico de Tope Morado Nicopoly","N05301ZM-7","152133063","-755.462","-143.537","-899.0","CLP","FACL-SC75ABC-20260515-CLP","3235721766","20260518C10219004527932026","765665e6-0bfe-4a89-af1f-2678d65b04a5","sellerOrderLineDelivered","FBS","drop_shipping","","SC75ABC","Principal"
"","Factura","2026-05-15 05:05:02.02","Envio a cargo del Cliente","Reversa de pago de envío comprador","Blazer Básico de Tope Morado Nicopoly","N05301ZM-7","152133063","0.000","0.000","0.0","CLP","FACL-SC75ABC-20260515-CLP","3235721766","20260518C10219004527932026","765665e6-0bfe-4a89-af1f-2678d65b04a5","sellerOrderLineDelivered","FBS","drop_shipping","","SC75ABC","Principal"
"","Nota de Credito","2026-05-15 05:05:01.01","Promociones Producto","Pago de aporte promocionales a cliente (Promo)","Blazer Básico de Tope Morado Nicopoly","N05301ZM-7","152133063","0.000","0.000","0.0","CLP","FACL-SC75ABC-20260515-CLP","3235721766","20260518C10219004527932026","765665e6-0bfe-4a89-af1f-2678d65b04a5","sellerOrderLineDelivered","FBS","drop_shipping","Pre Calculated Transaction with Transaction Id:c4a0456a-894d-4994-9543-44f692ee4be8","SC75ABC","Principal"
"","Factura","2026-05-15 05:05:01.01","Comisiones","Cobro por comisión por venta","Blazer Básico de Tope Morado Nicopoly","N05301ZM-7","152133063","-6048.739","-1149.260","-7198.0","CLP","FACL-SC75ABC-20260515-CLP","3235721766","20260518C10219004527932026","765665e6-0bfe-4a89-af1f-2678d65b04a5","sellerOrderLineDelivered","FBS","drop_shipping","Pre Calculated Transaction with Transaction Id:a5368c82-87f7-4e93-9512-34f2619e91cc","SC75ABC","Principal"
"","Factura","2026-05-15 05:05:01.01","Envio: Cofinanciamiento logistico","Cobro por cofinanciamiento logístico","Blazer Básico de Tope Morado Nicopoly","N05301ZM-7","152133063","-4949.579","-940.420","-5890.0","CLP","FACL-SC75ABC-20260515-CLP","3235721766","20260518C10219004527932026","765665e6-0bfe-4a89-af1f-2678d65b04a5","sellerOrderLineDelivered","FBS","drop_shipping","Pre Calculated Transaction with Transaction Id:31cd347f-4fff-4f56-8866-d1f58dd4c19d","SC75ABC","Principal"
"","Nota de Credito","2026-05-15 05:05:00.00","Promociones de Envio F.com","Reembolso por Promo envío falabella.com","Blazer Básico de Tope Morado Nicopoly","N05301ZS-7","152133059","755.462","143.537","899.0","CLP","FACL-SC75ABC-20260515-CLP","3235721766","20260518C10219004527932026","05e30cda-3555-4a63-957e-ad66cdb384b4","sellerOrderLineDelivered","FBS","drop_shipping","","SC75ABC","Principal"
"","Factura","2026-05-15 05:05:00.00","Promociones de Envio F.com","Cobro Promo envío falabella.com","Blazer Básico de Tope Morado Nicopoly","N05301ZS-7","152133059","-755.462","-143.537","-899.0","CLP","FACL-SC75ABC-20260515-CLP","3235721766","20260518C10219004527932026","05e30cda-3555-4a63-957e-ad66cdb384b4","sellerOrderLineDelivered","FBS","drop_shipping","","SC75ABC","Principal"
"","Factura","2026-05-15 05:05:00.00","Envio a cargo del Cliente","Reversa de pago de envío comprador","Blazer Básico de Tope Morado Nicopoly","N05301ZS-7","152133059","0.000","0.000","0.0","CLP","FACL-SC75ABC-20260515-CLP","3235721766","20260518C10219004527932026","05e30cda-3555-4a63-957e-ad66cdb384b4","sellerOrderLineDelivered","FBS","drop_shipping","","SC75ABC","Principal"
"","Nota de Credito","2026-05-15 05:05:00.00","Promociones Producto","Pago de aporte promocionales a cliente (Promo)","Blazer Básico de Tope Morado Nicopoly","N05301ZS-7","152133059","0.000","0.000","0.0","CLP","FACL-SC75ABC-20260515-CLP","3235721766","20260518C10219004527932026","05e30cda-3555-4a63-957e-ad66cdb384b4","sellerOrderLineDelivered","FBS","drop_shipping","Pre Calculated Transaction with Transaction Id:361a3255-c917-4aac-b1bf-1f084763c6d2","SC75ABC","Principal"
"","Factura","2026-05-15 05:05:00.00","Comisiones","Cobro por comisión por venta","Blazer Básico de Tope Morado Nicopoly","N05301ZS-7","152133059","-6048.739","-1149.260","-7198.0","CLP","FACL-SC75ABC-20260515-CLP","3235721766","20260518C10219004527932026","05e30cda-3555-4a63-957e-ad66cdb384b4","sellerOrderLineDelivered","FBS","drop_shipping","Pre Calculated Transaction with Transaction Id:549cbec1-0629-4ea8-b65c-6d4195206165","SC75ABC","Principal"
"","Factura","2026-05-15 05:05:00.00","Envio: Cofinanciamiento logistico","Cobro por cofinanciamiento logístico","Blazer Básico de Tope Morado Nicopoly","N05301ZS-7","152133059","-4949.579","-940.420","-5890.0","CLP","FACL-SC75ABC-20260515-CLP","3235721766","20260518C10219004527932026","05e30cda-3555-4a63-957e-ad66cdb384b4","sellerOrderLineDelivered","FBS","drop_shipping","Pre Calculated Transaction with Transaction Id:ceccaf51-1cee-448e-bddb-fbfeaf28a77d","SC75ABC","Principal"
"","Nota de Credito","2026-05-15 05:05:59.59","Promociones de Envio F.com","Reembolso por Promo envío falabella.com","Blazer Básico de Tope Morado Nicopoly","N05301ZS-7","152133059","755.462","143.537","899.0","CLP","FACL-SC75ABC-20260515-CLP","3235721766","20260518C10219004527932026","8a9d966a-8ee0-452f-a9e3-29f5046a1cfc","sellerOrderLineDelivered","FBS","drop_shipping","","SC75ABC","Principal"
"","Factura","2026-05-15 05:05:59.59","Promociones de Envio F.com","Cobro Promo envío falabella.com","Blazer Básico de Tope Morado Nicopoly","N05301ZS-7","152133059","-755.462","-143.537","-899.0","CLP","FACL-SC75ABC-20260515-CLP","3235721766","20260518C10219004527932026","8a9d966a-8ee0-452f-a9e3-29f5046a1cfc","sellerOrderLineDelivered","FBS","drop_shipping","","SC75ABC","Principal"
"","Factura","2026-05-15 05:05:59.59","Envio a cargo del Cliente","Reversa de pago de envío comprador","Blazer Básico de Tope Morado Nicopoly","N05301ZS-7","152133059","0.000","0.000","0.0","CLP","FACL-SC75ABC-20260515-CLP","3235721766","20260518C10219004527932026","8a9d966a-8ee0-452f-a9e3-29f5046a1cfc","sellerOrderLineDelivered","FBS","drop_shipping","","SC75ABC","Principal"
"","Nota de Credito","2026-05-15 05:05:59.59","Promociones Producto","Pago de aporte promocionales a cliente (Promo)","Blazer Básico de Tope Morado Nicopoly","N05301ZS-7","152133059","0.000","0.000","0.0","CLP","FACL-SC75ABC-20260515-CLP","3235721766","20260518C10219004527932026","8a9d966a-8ee0-452f-a9e3-29f5046a1cfc","sellerOrderLineDelivered","FBS","drop_shipping","Pre Calculated Transaction with Transaction Id:86eeb734-f91d-4a44-ab6e-97ed222b88f8","SC75ABC","Principal"
"","Factura","2026-05-15 05:05:59.59","Comisiones","Cobro por comisión por venta","Blazer Básico de Tope Morado Nicopoly","N05301ZS-7","152133059","-6048.739","-1149.260","-7198.0","CLP","FACL-SC75ABC-20260515-CLP","3235721766","20260518C10219004527932026","8a9d966a-8ee0-452f-a9e3-29f5046a1cfc","sellerOrderLineDelivered","FBS","drop_shipping","Pre Calculated Transaction with Transaction Id:da0c234a-1873-4448-a00b-56f479e20638","SC75ABC","Principal"
"","Factura","2026-05-15 05:05:59.59","Envio: Cofinanciamiento logistico","Cobro por cofinanciamiento logístico","Blazer Básico de Tope Morado Nicopoly","N05301ZS-7","152133059","-4949.579","-940.420","-5890.0","CLP","FACL-SC75ABC-20260515-CLP","3235721766","20260518C10219004527932026","8a9d966a-8ee0-452f-a9e3-29f5046a1cfc","sellerOrderLineDelivered","FBS","drop_shipping","Pre Calculated Transaction with Transaction Id:d0fc8304-bcdc-4a0f-9272-d748a5921a61","SC75ABC","Principal"
"","Nota de Credito","2026-05-15 05:05:58.58","Promociones de Envio F.com","Reembolso por Promo envío falabella.com","Blazer Básico de Tope Morado Nicopoly","N05301ZS-7","152133059","755.462","143.537","899.0","CLP","FACL-SC75ABC-20260515-CLP","3235721766","20260518C10219004527932026","c13793c6-c184-4ff8-b583-c617f7d19e3a","sellerOrderLineDelivered","FBS","drop_shipping","","SC75ABC","Principal"
"","Factura","2026-05-15 05:05:58.58","Promociones de Envio F.com","Cobro Promo envío falabella.com","Blazer Básico de Tope Morado Nicopoly","N05301ZS-7","152133059","-755.462","-143.537","-899.0","CLP","FACL-SC75ABC-20260515-CLP","3235721766","20260518C10219004527932026","c13793c6-c184-4ff8-b583-c617f7d19e3a","sellerOrderLineDelivered","FBS","drop_shipping","","SC75ABC","Principal"
"","Factura","2026-05-15 05:05:58.58","Envio a cargo del Cliente","Reversa de pago de envío comprador","Blazer Básico de Tope Morado Nicopoly","N05301ZS-7","152133059","0.000","0.000","0.0","CLP","FACL-SC75ABC-20260515-CLP","3235721766","20260518C10219004527932026","c13793c6-c184-4ff8-b583-c617f7d19e3a","sellerOrderLineDelivered","FBS","drop_shipping","","SC75ABC","Principal"
"","Nota de Credito","2026-05-15 05:05:58.58","Promociones Producto","Pago de aporte promocionales a cliente (Promo)","Blazer Básico de Tope Morado Nicopoly","N05301ZS-7","152133059","0.000","0.000","0.0","CLP","FACL-SC75ABC-20260515-CLP","3235721766","20260518C10219004527932026","c13793c6-c184-4ff8-b583-c617f7d19e3a","sellerOrderLineDelivered","FBS","drop_shipping","Pre Calculated Transaction with Transaction Id:54052f66-7b99-4a26-ace4-4d8fb346eb16","SC75ABC","Principal"
"","Factura","2026-05-15 05:05:58.58","Comisiones","Cobro por comisión por venta","Blazer Básico de Tope Morado Nicopoly","N05301ZS-7","152133059","-6048.739","-1149.260","-7198.0","CLP","FACL-SC75ABC-20260515-CLP","3235721766","20260518C10219004527932026","c13793c6-c184-4ff8-b583-c617f7d19e3a","sellerOrderLineDelivered","FBS","drop_shipping","Pre Calculated Transaction with Transaction Id:829397dd-fc1c-435b-aece-5316b64e1d5a","SC75ABC","Principal"
"","Factura","2026-05-15 05:05:58.58","Envio: Cofinanciamiento logistico","Cobro por cofinanciamiento logístico","Blazer Básico de Tope Morado Nicopoly","N05301ZS-7","152133059","-4949.579","-940.420","-5890.0","CLP","FACL-SC75ABC-20260515-CLP","3235721766","20260518C10219004527932026","c13793c6-c184-4ff8-b583-c617f7d19e3a","sellerOrderLineDelivered","FBS","drop_shipping","Pre Calculated Transaction with Transaction Id:34430dfc-7271-4f9b-bf63-049d60afb26f","SC75ABC","Principal"
"","Nota de Credito","2026-05-15 05:05:28.28","Promociones de Envio F.com","Reembolso por Promo envío falabella.com","Camisa Rayas Bicolor Café Nicopoly","N05200US","152153503","3352.941","637.058","3990.0","CLP","FACL-SC75ABC-20260515-CLP","3235883332","20260518C10219004527932026","8505aabd-432b-4b3a-8057-f522b39d1032","sellerOrderLineDelivered","FBS","drop_shipping","","SC75ABC","Principal"
"","Factura","2026-05-15 05:05:28.28","Promociones de Envio F.com","Cobro Promo envío falabella.com","Camisa Rayas Bicolor Café Nicopoly","N05200US","152153503","-3352.941","-637.058","-3990.0","CLP","FACL-SC75ABC-20260515-CLP","3235883332","20260518C10219004527932026","8505aabd-432b-4b3a-8057-f522b39d1032","sellerOrderLineDelivered","FBS","drop_shipping","","SC75ABC","Principal"
"","Factura","2026-05-15 05:05:28.28","Envio a cargo del Cliente","Reversa de pago de envío comprador","Camisa Rayas Bicolor Café Nicopoly","N05200US","152153503","0.000","0.000","0.0","CLP","FACL-SC75ABC-20260515-CLP","3235883332","20260518C10219004527932026","8505aabd-432b-4b3a-8057-f522b39d1032","sellerOrderLineDelivered","FBS","drop_shipping","","SC75ABC","Principal"
"","Nota de Credito","2026-05-15 05:05:28.28","Promociones Producto","Pago de aporte promocionales a cliente (Promo)","Camisa Rayas Bicolor Café Nicopoly","N05200US","152153503","0.000","0.000","0.0","CLP","FACL-SC75ABC-20260515-CLP","3235883332","20260518C10219004527932026","8505aabd-432b-4b3a-8057-f522b39d1032","sellerOrderLineDelivered","FBS","drop_shipping","Pre Calculated Transaction with Transaction Id:b3858065-d952-4993-9764-0fac994c59d9","SC75ABC","Principal"
"","Nota de Credito","2026-05-15 05:05:28.28","Envio: Falabella Directo (Falabella Flex)","Pago por envío directo","Camisa Rayas Bicolor Café Nicopoly","N05200US","152153503","420.168","79.831","500.0","CLP","FACL-SC75ABC-20260515-CLP","3235883332","20260518C10219004527932026","8505aabd-432b-4b3a-8057-f522b39d1032","sellerOrderLineDelivered","FBS","drop_shipping","Pre Calculated Transaction with Transaction Id:e43245bf-2e50-4d4d-8a6a-04afbb891c1b","SC75ABC","Principal"
"","Factura","2026-05-15 05:05:28.28","Comisiones","Cobro por comisión por venta","Camisa Rayas Bicolor Café Nicopoly","N05200US","152153503","-4536.134","-861.865","-5398.0","CLP","FACL-SC75ABC-20260515-CLP","3235883332","20260518C10219004527932026","8505aabd-432b-4b3a-8057-f522b39d1032","sellerOrderLineDelivered","FBS","drop_shipping","Pre Calculated Transaction with Transaction Id:7e2f74d2-11be-48ad-a3a5-c0291f8d76b2","SC75ABC","Principal"
"","Nota de Credito","2026-05-15 03:05:05.05","Promociones de Envio F.com","Reembolso por Promo envío falabella.com","Sweater Cuello Alto Rayas Horizontales Negro Nicopoly","N06234BL","152488222","5033.613","956.386","5990.0","CLP","FACL-SC75ABC-20260515-CLP","3235764244","20260518C10219004527932026","74f33f1a-0ba2-4632-8a21-fce3df2bc9fe","sellerOrderLineDelivered","FBS","drop_shipping","","SC75ABC","Principal"
"","Factura","2026-05-15 03:05:05.05","Promociones de Envio F.com","Cobro Promo envío falabella.com","Sweater Cuello Alto Rayas Horizontales Negro Nicopoly","N06234BL","152488222","-5033.613","-956.386","-5990.0","CLP","FACL-SC75ABC-20260515-CLP","3235764244","20260518C10219004527932026","74f33f1a-0ba2-4632-8a21-fce3df2bc9fe","sellerOrderLineDelivered","FBS","drop_shipping","","SC75ABC","Principal"
"","Factura","2026-05-15 03:05:05.05","Envio a cargo del Cliente","Reversa de pago de envío comprador","Sweater Cuello Alto Rayas Horizontales Negro Nicopoly","N06234BL","152488222","0.000","0.000","0.0","CLP","FACL-SC75ABC-20260515-CLP","3235764244","20260518C10219004527932026","74f33f1a-0ba2-4632-8a21-fce3df2bc9fe","sellerOrderLineDelivered","FBS","drop_shipping","","SC75ABC","Principal"
"","Nota de Credito","2026-05-15 03:05:05.05","Promociones Producto","Pago de aporte promocionales a cliente (Promo)","Sweater Cuello Alto Rayas Horizontales Negro Nicopoly","N06234BL","152488222","0.000","0.000","0.0","CLP","FACL-SC75ABC-20260515-CLP","3235764244","20260518C10219004527932026","74f33f1a-0ba2-4632-8a21-fce3df2bc9fe","sellerOrderLineDelivered","FBS","drop_shipping","Pre Calculated Transaction with Transaction Id:86b7fd97-59b8-40cf-8423-b1e0dc06085d","SC75ABC","Principal"
"","Factura","2026-05-15 03:05:05.05","Comisiones","Cobro por comisión por venta","Sweater Cuello Alto Rayas Horizontales Negro Nicopoly","N06234BL","152488222","-4031.932","-766.067","-4798.0","CLP","FACL-SC75ABC-20260515-CLP","3235764244","20260518C10219004527932026","74f33f1a-0ba2-4632-8a21-fce3df2bc9fe","sellerOrderLineDelivered","FBS","drop_shipping","Pre Calculated Transaction with Transaction Id:680e6581-a8f7-4b00-9225-b0c37df9a9c3","SC75ABC","Principal"
"","Factura","2026-05-15 03:05:05.05","Envio: Cofinanciamiento logistico","Cobro por cofinanciamiento logístico","Sweater Cuello Alto Rayas Horizontales Negro Nicopoly","N06234BL","152488222","-4949.579","-940.420","-5890.0","CLP","FACL-SC75ABC-20260515-CLP","3235764244","20260518C10219004527932026","74f33f1a-0ba2-4632-8a21-fce3df2bc9fe","sellerOrderLineDelivered","FBS","drop_shipping","Pre Calculated Transaction with Transaction Id:57d0c89c-c2c2-44e3-99fe-918cc45254e7","SC75ABC","Principal"
"","Nota de Credito","2026-05-15 12:05:20.20","Promociones de Envio F.com","Reembolso por Promo envío falabella.com","Cárdigan Diseño Trenzado Gris Nicopoly","N06240NM","152148170","3357.142","637.856","3995.0","CLP","FACL-SC75ABC-20260515-CLP","3235784116","20260518C10219004527932026","4e0eb644-e2a1-41fa-96b6-501173873341","sellerOrderLineDelivered","FBS","drop_shipping","","SC75ABC","Principal"
"","Factura","2026-05-15 12:05:20.20","Promociones de Envio F.com","Cobro Promo envío falabella.com","Cárdigan Diseño Trenzado Gris Nicopoly","N06240NM","152148170","-3357.142","-637.856","-3995.0","CLP","FACL-SC75ABC-20260515-CLP","3235784116","20260518C10219004527932026","4e0eb644-e2a1-41fa-96b6-501173873341","sellerOrderLineDelivered","FBS","drop_shipping","","SC75ABC","Principal"
"","Factura","2026-05-15 12:05:20.20","Envio a cargo del Cliente","Reversa de pago de envío comprador","Cárdigan Diseño Trenzado Gris Nicopoly","N06240NM","152148170","0.000","0.000","0.0","CLP","FACL-SC75ABC-20260515-CLP","3235784116","20260518C10219004527932026","4e0eb644-e2a1-41fa-96b6-501173873341","sellerOrderLineDelivered","FBS","drop_shipping","","SC75ABC","Principal"
"","Nota de Credito","2026-05-15 12:05:20.20","Promociones Producto","Pago de aporte promocionales a cliente (Promo)","Cárdigan Diseño Trenzado Gris Nicopoly","N06240NM","152148170","0.000","0.000","0.0","CLP","FACL-SC75ABC-20260515-CLP","3235784116","20260518C10219004527932026","4e0eb644-e2a1-41fa-96b6-501173873341","sellerOrderLineDelivered","FBS","drop_shipping","Pre Calculated Transaction with Transaction Id:2e3d064f-f126-4fc3-be93-30c0e919d4f7","SC75ABC","Principal"
"","Factura","2026-05-15 12:05:20.20","Comisiones","Cobro por comisión por venta","Cárdigan Diseño Trenzado Gris Nicopoly","N06240NM","152148170","-4536.134","-861.865","-5398.0","CLP","FACL-SC75ABC-20260515-CLP","3235784116","20260518C10219004527932026","4e0eb644-e2a1-41fa-96b6-501173873341","sellerOrderLineDelivered","FBS","drop_shipping","Pre Calculated Transaction with Transaction Id:912617e2-508f-47a9-abe5-1dd023ab09e6","SC75ABC","Principal"
"","Factura","2026-05-15 12:05:20.20","Envio: Cofinanciamiento logistico","Cobro por cofinanciamiento logístico","Cárdigan Diseño Trenzado Gris Nicopoly","N06240NM","152148170","-4949.579","-940.420","-5890.0","CLP","FACL-SC75ABC-20260515-CLP","3235784116","20260518C10219004527932026","4e0eb644-e2a1-41fa-96b6-501173873341","sellerOrderLineDelivered","FBS","drop_shipping","Pre Calculated Transaction with Transaction Id:4bf1ab6c-f17b-42cc-ab8f-604ad9506dec","SC75ABC","Principal"
"","Nota de Credito","2026-05-15 12:05:19.19","Promociones de Envio F.com","Reembolso por Promo envío falabella.com","Cárdigan Diseño Trenzado Negro Nicopoly","N06240BM","152148379","3357.142","637.856","3995.0","CLP","FACL-SC75ABC-20260515-CLP","3235784116","20260518C10219004527932026","b5d064a3-6a8d-4d28-b202-d573e5eabaa9","sellerOrderLineDelivered","FBS","drop_shipping","","SC75ABC","Principal"
"","Factura","2026-05-15 12:05:19.19","Promociones de Envio F.com","Cobro Promo envío falabella.com","Cárdigan Diseño Trenzado Negro Nicopoly","N06240BM","152148379","-3357.142","-637.856","-3995.0","CLP","FACL-SC75ABC-20260515-CLP","3235784116","20260518C10219004527932026","b5d064a3-6a8d-4d28-b202-d573e5eabaa9","sellerOrderLineDelivered","FBS","drop_shipping","","SC75ABC","Principal"
"","Factura","2026-05-15 12:05:19.19","Envio a cargo del Cliente","Reversa de pago de envío comprador","Cárdigan Diseño Trenzado Negro Nicopoly","N06240BM","152148379","0.000","0.000","0.0","CLP","FACL-SC75ABC-20260515-CLP","3235784116","20260518C10219004527932026","b5d064a3-6a8d-4d28-b202-d573e5eabaa9","sellerOrderLineDelivered","FBS","drop_shipping","","SC75ABC","Principal"
"","Nota de Credito","2026-05-15 12:05:19.19","Promociones Producto","Pago de aporte promocionales a cliente (Promo)","Cárdigan Diseño Trenzado Negro Nicopoly","N06240BM","152148379","0.000","0.000","0.0","CLP","FACL-SC75ABC-20260515-CLP","3235784116","20260518C10219004527932026","b5d064a3-6a8d-4d28-b202-d573e5eabaa9","sellerOrderLineDelivered","FBS","drop_shipping","Pre Calculated Transaction with Transaction Id:7ac6229c-3f9e-4b46-ab1f-fa1ff8dc1e59","SC75ABC","Principal"
"","Factura","2026-05-15 12:05:19.19","Comisiones","Cobro por comisión por venta","Cárdigan Diseño Trenzado Negro Nicopoly","N06240BM","152148379","-4536.134","-861.865","-5398.0","CLP","FACL-SC75ABC-20260515-CLP","3235784116","20260518C10219004527932026","b5d064a3-6a8d-4d28-b202-d573e5eabaa9","sellerOrderLineDelivered","FBS","drop_shipping","Pre Calculated Transaction with Transaction Id:71529033-2929-422a-8db4-e05e6dddb1c7","SC75ABC","Principal"
"","Factura","2026-05-15 12:05:19.19","Envio: Cofinanciamiento logistico","Cobro por cofinanciamiento logístico","Cárdigan Diseño Trenzado Negro Nicopoly","N06240BM","152148379","-4949.579","-940.420","-5890.0","CLP","FACL-SC75ABC-20260515-CLP","3235784116","20260518C10219004527932026","b5d064a3-6a8d-4d28-b202-d573e5eabaa9","sellerOrderLineDelivered","FBS","drop_shipping","Pre Calculated Transaction with Transaction Id:d556fdf6-4ac3-4295-8f11-ed5fd01655ba","SC75ABC","Principal"
"","Factura","2026-05-15 03:05:54.54","Envio: Falabella Directo (Falabella Flex)","Corrección de cobro por envío directo","Cárdigan Diseño Trenzado Gris Nicopoly","N06240NM","152148170","-210.084","-39.915","-250.0","CLP","FACL-SC75ABC-20260515-CLP","3234658402","20260518C10219004527932026","82399249-5cd2-4bc4-8a1e-e608cdce71d8","manualTransactionCreated","FBS","drop_shipping","Cobro por diferencia en servicio Falaflex","SC75ABC","Principal"
"","Nota de Credito","2026-05-15 03:05:43.43","Envio: Falabella Directo (Falabella Flex)","Corrección de pago envio directo","Abrigo Lazo Café Nicopoly","N04227UM","152412076","1126.050","213.949","1340.0","CLP","FACL-SC75ABC-20260515-CLP","3234566321","20260518C10219004527932026","31206931-ee35-4730-9623-627d4aeaaf47","manualTransactionCreated","FBS","drop_shipping","Reembolso por diferencia en servicio Falaflex","SC75ABC","Principal"
"","Factura","2026-05-15 03:05:08.08","Envio: Falabella Directo (Falabella Flex)","Corrección de cobro por envío directo","Blazer Básico de Tope Verde Nicopoly","N05301EXL-7","152133068","-210.084","-39.915","-250.0","CLP","FACL-SC75ABC-20260515-CLP","3234732889","20260518C10219004527932026","86b34c3f-4009-4061-bdaf-63b7e0747dae","manualTransactionCreated","FBS","drop_shipping","Cobro por diferencia en servicio Falaflex","SC75ABC","Principal"
"","Factura","2026-05-14 07:05:28.28","Envio a cargo del Cliente","Reversa de pago de envío comprador","Trench Clásico Doble Botonadura Negro Nicopoly","N06187BXL","152499982","-3352.941","-637.058","-3990.0","CLP","FACL-SC75ABC-20260514-CLP","3235720386","20260515C10219004460162026","ce03b097-bdf6-4890-8a03-6cc22452e3d5","sellerOrderLineDelivered","FBS","drop_shipping","","SC75ABC","Principal"
"","Nota de Credito","2026-05-14 07:05:27.27","Envio: Falabella Directo (Falabella Flex)","Pago por envío directo","Trench Clásico Doble Botonadura Negro Nicopoly","N06187BXL","152499982","420.168","79.831","500.0","CLP","FACL-SC75ABC-20260514-CLP","3235720386","20260515C10219004460162026","ce03b097-bdf6-4890-8a03-6cc22452e3d5","sellerOrderLineDelivered","FBS","drop_shipping","Pre Calculated Transaction with Transaction Id:c86e5b76-09d0-48ca-b745-a151e7a0a90f","SC75ABC","Principal"
"","Factura","2026-05-14 07:05:27.27","Comisiones","Cobro por comisión por venta","Trench Clásico Doble Botonadura Negro Nicopoly","N06187BXL","152499982","-13779.831","-2618.167","-16398.0","CLP","FACL-SC75ABC-20260514-CLP","3235720386","20260515C10219004460162026","ce03b097-bdf6-4890-8a03-6cc22452e3d5","sellerOrderLineDelivered","FBS","drop_shipping","Pre Calculated Transaction with Transaction Id:a2868dab-e948-4443-ac77-3c00380311ac","SC75ABC","Principal"
"","Nota de Credito","2026-05-14 05:05:17.17","Promociones de Envio F.com","Reembolso por Promo envío falabella.com","Cárdigan Tejido Calado Cuello V Negro Nicopoly","N06270BS","152148407","3352.941","637.058","3990.0","CLP","FACL-SC75ABC-20260514-CLP","3235778354","20260515C10219004460162026","87abe086-922b-41bb-8eb8-17afd4e79b6e","sellerOrderLineDelivered","FBS","drop_shipping","","SC75ABC","Principal"
"","Factura","2026-05-14 05:05:17.17","Promociones de Envio F.com","Cobro Promo envío falabella.com","Cárdigan Tejido Calado Cuello V Negro Nicopoly","N06270BS","152148407","-3352.941","-637.058","-3990.0","CLP","FACL-SC75ABC-20260514-CLP","3235778354","20260515C10219004460162026","87abe086-922b-41bb-8eb8-17afd4e79b6e","sellerOrderLineDelivered","FBS","drop_shipping","","SC75ABC","Principal"
"","Factura","2026-05-14 05:05:17.17","Envio a cargo del Cliente","Reversa de pago de envío comprador","Cárdigan Tejido Calado Cuello V Negro Nicopoly","N06270BS","152148407","0.000","0.000","0.0","CLP","FACL-SC75ABC-20260514-CLP","3235778354","20260515C10219004460162026","87abe086-922b-41bb-8eb8-17afd4e79b6e","sellerOrderLineDelivered","FBS","drop_shipping","","SC75ABC","Principal"
"","Nota de Credito","2026-05-14 05:05:17.17","Promociones Producto","Pago de aporte promocionales a cliente (Promo)","Cárdigan Tejido Calado Cuello V Negro Nicopoly","N06270BS","152148407","0.000","0.000","0.0","CLP","FACL-SC75ABC-20260514-CLP","3235778354","20260515C10219004460162026","87abe086-922b-41bb-8eb8-17afd4e79b6e","sellerOrderLineDelivered","FBS","drop_shipping","Pre Calculated Transaction with Transaction Id:57bf2f21-817a-49bb-91b6-6192fa4ea9ec","SC75ABC","Principal"
"","Nota de Credito","2026-05-14 05:05:17.17","Envio: Falabella Directo (Falabella Flex)","Pago por envío directo","Cárdigan Tejido Calado Cuello V Negro Nicopoly","N06270BS","152148407","420.168","79.831","500.0","CLP","FACL-SC75ABC-20260514-CLP","3235778354","20260515C10219004460162026","87abe086-922b-41bb-8eb8-17afd4e79b6e","sellerOrderLineDelivered","FBS","drop_shipping","Pre Calculated Transaction with Transaction Id:5c74527d-67fb-46f4-b385-27e3ccb07ac1","SC75ABC","Principal"
"","Factura","2026-05-14 05:05:17.17","Comisiones","Cobro por comisión por venta","Cárdigan Tejido Calado Cuello V Negro Nicopoly","N06270BS","152148407","-5712.605","-1085.394","-6798.0","CLP","FACL-SC75ABC-20260514-CLP","3235778354","20260515C10219004460162026","87abe086-922b-41bb-8eb8-17afd4e79b6e","sellerOrderLineDelivered","FBS","drop_shipping","Pre Calculated Transaction with Transaction Id:8c5ad913-877e-4bc2-9df3-0b57d0a1f17b","SC75ABC","Principal"
"","Factura","2026-05-14 01:05:06.06","Envio a cargo del Cliente","Reversa de pago de envío comprador","Chaqueta Mitad Chiporro/Parka Rojo Nicopoly","N04152DL","152389321","-9235.294","-1754.705","-10990.0","CLP","FACL-SC75ABC-20260514-CLP","3235708615","20260515C10219004460162026","ed381806-9641-401d-adc2-bef6838fe8c2","sellerOrderLineDelivered","FBS","drop_shipping","","SC75ABC","Principal"
"","Factura","2026-05-14 01:05:05.05","Comisiones","Cobro por comisión por venta","Chaqueta Mitad Chiporro/Parka Rojo Nicopoly","N04152DL","152389321","-5880.672","-1117.327","-6998.0","CLP","FACL-SC75ABC-20260514-CLP","3235708615","20260515C10219004460162026","ed381806-9641-401d-adc2-bef6838fe8c2","sellerOrderLineDelivered","FBS","drop_shipping","Pre Calculated Transaction with Transaction Id:da6cfe82-883f-4da5-adfe-39fa3467e07b","SC75ABC","Principal"
"","Factura","2026-05-14 01:05:05.05","Envio: Cofinanciamiento logistico","Cobro por cofinanciamiento logístico","Chaqueta Mitad Chiporro/Parka Rojo Nicopoly","N04152DL","152389321","-5369.747","-1020.251","-6390.0","CLP","FACL-SC75ABC-20260514-CLP","3235708615","20260515C10219004460162026","ed381806-9641-401d-adc2-bef6838fe8c2","sellerOrderLineDelivered","FBS","drop_shipping","Pre Calculated Transaction with Transaction Id:c375df56-10b4-4210-962c-9cba9833795f","SC75ABC","Principal"
"","Factura","2026-05-14 10:05:09.09","Envio a cargo del Cliente","Reversa de pago de envío comprador","Sweater Cuello Alto Rombos Café Nicopoly","N06239UL","152359493","-4193.277","-796.722","-4990.0","CLP","FACL-SC75ABC-20260514-CLP","3235652505","20260515C10219004460162026","071834d9-ad44-4881-a67a-c85e2669aaa3","sellerOrderLineDelivered","FBS","drop_shipping","","SC75ABC","Principal"
"","Factura","2026-05-14 10:05:09.09","Comisiones","Cobro por comisión por venta","Sweater Cuello Alto Rombos Café Nicopoly","N06239UL","152359493","-4368.067","-829.932","-5198.0","CLP","FACL-SC75ABC-20260514-CLP","3235652505","20260515C10219004460162026","071834d9-ad44-4881-a67a-c85e2669aaa3","sellerOrderLineDelivered","FBS","drop_shipping","Pre Calculated Transaction with Transaction Id:b4bc812e-db61-4fb7-8f7e-75bf0bb57882","SC75ABC","Principal"
"","Factura","2026-05-14 10:05:09.09","Envio: Cofinanciamiento logistico","Cobro por cofinanciamiento logístico","Sweater Cuello Alto Rombos Café Nicopoly","N06239UL","152359493","-4949.579","-940.420","-5890.0","CLP","FACL-SC75ABC-20260514-CLP","3235652505","20260515C10219004460162026","071834d9-ad44-4881-a67a-c85e2669aaa3","sellerOrderLineDelivered","FBS","drop_shipping","Pre Calculated Transaction with Transaction Id:e74cae3f-e376-4cab-88d8-2c96aaeab5bf","SC75ABC","Principal"
"","Nota de Credito","2026-05-14 10:05:08.08","Promociones de Envio F.com","Reembolso por Promo envío falabella.com","Abrigo Largo Lazo Negro Nicopoly","N04227BS-6","152389400","4193.277","796.722","4990.0","CLP","FACL-SC75ABC-20260514-CLP","3235676254","20260515C10219004460162026","b369acab-3a1b-4d3c-b2f4-ad85e5d6b24a","sellerOrderLineDelivered","FBS","drop_shipping","","SC75ABC","Principal"
"","Factura","2026-05-14 10:05:08.08","Promociones de Envio F.com","Cobro Promo envío falabella.com","Abrigo Largo Lazo Negro Nicopoly","N04227BS-6","152389400","-4193.277","-796.722","-4990.0","CLP","FACL-SC75ABC-20260514-CLP","3235676254","20260515C10219004460162026","b369acab-3a1b-4d3c-b2f4-ad85e5d6b24a","sellerOrderLineDelivered","FBS","drop_shipping","","SC75ABC","Principal"
"","Factura","2026-05-14 10:05:08.08","Envio a cargo del Cliente","Reversa de pago de envío comprador","Abrigo Largo Lazo Negro Nicopoly","N04227BS-6","152389400","0.000","0.000","0.0","CLP","FACL-SC75ABC-20260514-CLP","3235676254","20260515C10219004460162026","b369acab-3a1b-4d3c-b2f4-ad85e5d6b24a","sellerOrderLineDelivered","FBS","drop_shipping","","SC75ABC","Principal"
"","Nota de Credito","2026-05-14 10:05:08.08","Promociones Producto","Pago de aporte promocionales a cliente (Promo)","Abrigo Largo Lazo Negro Nicopoly","N04227BS-6","152389400","0.000","0.000","0.0","CLP","FACL-SC75ABC-20260514-CLP","3235676254","20260515C10219004460162026","b369acab-3a1b-4d3c-b2f4-ad85e5d6b24a","sellerOrderLineDelivered","FBS","drop_shipping","Pre Calculated Transaction with Transaction Id:ef3127f7-1d61-4fea-b182-a6675462bc14","SC75ABC","Principal"
"","Factura","2026-05-14 10:05:08.08","Comisiones","Cobro por comisión por venta","Abrigo Largo Lazo Negro Nicopoly","N04227BS-6","152389400","-13443.697","-2554.302","-15998.0","CLP","FACL-SC75ABC-20260514-CLP","3235676254","20260515C10219004460162026","b369acab-3a1b-4d3c-b2f4-ad85e5d6b24a","sellerOrderLineDelivered","FBS","drop_shipping","Pre Calculated Transaction with Transaction Id:3a5bf276-461a-4191-8ae7-3b6b8da8466d","SC75ABC","Principal"
"","Factura","2026-05-14 10:05:08.08","Envio: Cofinanciamiento logistico","Cobro por cofinanciamiento logístico","Abrigo Largo Lazo Negro Nicopoly","N04227BS-6","152389400","-5369.747","-1020.251","-6390.0","CLP","FACL-SC75ABC-20260514-CLP","3235676254","20260515C10219004460162026","b369acab-3a1b-4d3c-b2f4-ad85e5d6b24a","sellerOrderLineDelivered","FBS","drop_shipping","Pre Calculated Transaction with Transaction Id:01eabd17-ecbb-44ad-bebb-f1c9741dfb14","SC75ABC","Principal"
"","Factura","2026-05-14 10:05:07.07","Envio a cargo del Cliente","Reversa de pago de envío comprador","Chaqueta Mitad Chiporro/Parka Khaki Nicopoly","N04152LS","152389402","-5033.613","-956.386","-5990.0","CLP","FACL-SC75ABC-20260514-CLP","3235667847","20260515C10219004460162026","545bbd8f-10f9-4655-a946-a61ecc7ca71e","sellerOrderLineDelivered","FBS","drop_shipping","","SC75ABC","Principal"
"","Factura","2026-05-14 10:05:07.07","Comisiones","Cobro por comisión por venta","Chaqueta Mitad Chiporro/Parka Khaki Nicopoly","N04152LS","152389402","-5880.672","-1117.327","-6998.0","CLP","FACL-SC75ABC-20260514-CLP","3235667847","20260515C10219004460162026","545bbd8f-10f9-4655-a946-a61ecc7ca71e","sellerOrderLineDelivered","FBS","drop_shipping","Pre Calculated Transaction with Transaction Id:330632a8-8c96-4e06-83fd-4b747f6fe1fd","SC75ABC","Principal"
"","Factura","2026-05-14 10:05:07.07","Envio: Cofinanciamiento logistico","Cobro por cofinanciamiento logístico","Chaqueta Mitad Chiporro/Parka Khaki Nicopoly","N04152LS","152389402","-5369.747","-1020.251","-6390.0","CLP","FACL-SC75ABC-20260514-CLP","3235667847","20260515C10219004460162026","545bbd8f-10f9-4655-a946-a61ecc7ca71e","sellerOrderLineDelivered","FBS","drop_shipping","Pre Calculated Transaction with Transaction Id:4a490132-c8e2-45c1-8244-116d0f7751fc","SC75ABC","Principal"
"","Factura","2026-05-13 07:05:59.59","Envio a cargo del Cliente","Reversa de pago de envío comprador","Cárdigan Trenzado Cuello Redondo Celeste Nicopoly","N06225KL","152148236","-1676.470","-318.529","-1995.0","CLP","FACL-SC75ABC-20260513-CLP","3235691147","20260514C10219004417072026","ab6f704f-953e-4a8e-8bd3-fae855200dc3","sellerOrderLineDelivered","FBS","drop_shipping","","SC75ABC","Principal"
"","Nota de Credito","2026-05-13 07:05:59.59","Envio: Falabella Directo (Falabella Flex)","Pago por envío directo","Cárdigan Trenzado Cuello Redondo Celeste Nicopoly","N06225KL","152148236","420.168","79.831","500.0","CLP","FACL-SC75ABC-20260513-CLP","3235691147","20260514C10219004417072026","ab6f704f-953e-4a8e-8bd3-fae855200dc3","sellerOrderLineDelivered","FBS","drop_shipping","Pre Calculated Transaction with Transaction Id:e93d2152-8120-4a59-81dc-c4c75bac3218","SC75ABC","Principal"
"","Factura","2026-05-13 07:05:59.59","Comisiones","Cobro por comisión por venta","Cárdigan Trenzado Cuello Redondo Celeste Nicopoly","N06225KL","152148236","-4536.134","-861.865","-5398.0","CLP","FACL-SC75ABC-20260513-CLP","3235691147","20260514C10219004417072026","ab6f704f-953e-4a8e-8bd3-fae855200dc3","sellerOrderLineDelivered","FBS","drop_shipping","Pre Calculated Transaction with Transaction Id:6392e790-2a31-4d67-afa2-91c241b233a8","SC75ABC","Principal"
"","Factura","2026-05-13 07:05:58.58","Envio a cargo del Cliente","Reversa de pago de envío comprador","Cárdigan Trenzado Cuello Redondo Gris Nicopoly","N06225NL","152152831","-1676.470","-318.529","-1995.0","CLP","FACL-SC75ABC-20260513-CLP","3235691147","20260514C10219004417072026","64a8cd7d-c5cd-49e6-bff3-116973b84452","sellerOrderLineDelivered","FBS","drop_shipping","","SC75ABC","Principal"
"","Nota de Credito","2026-05-13 07:05:58.58","Envio: Falabella Directo (Falabella Flex)","Pago por envío directo","Cárdigan Trenzado Cuello Redondo Gris Nicopoly","N06225NL","152152831","420.168","79.831","500.0","CLP","FACL-SC75ABC-20260513-CLP","3235691147","20260514C10219004417072026","64a8cd7d-c5cd-49e6-bff3-116973b84452","sellerOrderLineDelivered","FBS","drop_shipping","Pre Calculated Transaction with Transaction Id:d31d3376-dd4c-490f-8f23-4b7d02165e43","SC75ABC","Principal"
"","Factura","2026-05-13 07:05:58.58","Comisiones","Cobro por comisión por venta","Cárdigan Trenzado Cuello Redondo Gris Nicopoly","N06225NL","152152831","-4536.134","-861.865","-5398.0","CLP","FACL-SC75ABC-20260513-CLP","3235691147","20260514C10219004417072026","64a8cd7d-c5cd-49e6-bff3-116973b84452","sellerOrderLineDelivered","FBS","drop_shipping","Pre Calculated Transaction with Transaction Id:1d2eab3e-cf16-4b33-af85-9da9142e1350","SC75ABC","Principal"
"","Nota de Credito","2026-05-13 06:05:52.52","Promociones de Envio F.com","Reembolso por Promo envío falabella.com","Cárdigan Diseño Trenzado Negro Nicopoly","N06240BL","152148358","3352.941","637.058","3990.0","CLP","FACL-SC75ABC-20260513-CLP","3235709105","20260514C10219004417072026","1b8d3733-969c-4fd4-93bf-f0ba026ce50e","sellerOrderLineDelivered","FBS","drop_shipping","","SC75ABC","Principal"
"","Factura","2026-05-13 06:05:52.52","Promociones de Envio F.com","Cobro Promo envío falabella.com","Cárdigan Diseño Trenzado Negro Nicopoly","N06240BL","152148358","-3352.941","-637.058","-3990.0","CLP","FACL-SC75ABC-20260513-CLP","3235709105","20260514C10219004417072026","1b8d3733-969c-4fd4-93bf-f0ba026ce50e","sellerOrderLineDelivered","FBS","drop_shipping","","SC75ABC","Principal"
"","Factura","2026-05-13 06:05:52.52","Envio a cargo del Cliente","Reversa de pago de envío comprador","Cárdigan Diseño Trenzado Negro Nicopoly","N06240BL","152148358","0.000","0.000","0.0","CLP","FACL-SC75ABC-20260513-CLP","3235709105","20260514C10219004417072026","1b8d3733-969c-4fd4-93bf-f0ba026ce50e","sellerOrderLineDelivered","FBS","drop_shipping","","SC75ABC","Principal"
"","Nota de Credito","2026-05-13 06:05:52.52","Promociones Producto","Pago de aporte promocionales a cliente (Promo)","Cárdigan Diseño Trenzado Negro Nicopoly","N06240BL","152148358","0.000","0.000","0.0","CLP","FACL-SC75ABC-20260513-CLP","3235709105","20260514C10219004417072026","1b8d3733-969c-4fd4-93bf-f0ba026ce50e","sellerOrderLineDelivered","FBS","drop_shipping","Pre Calculated Transaction with Transaction Id:4c8ac231-ab13-44ee-84dc-2cd565fba050","SC75ABC","Principal"
"","Nota de Credito","2026-05-13 06:05:52.52","Envio: Falabella Directo (Falabella Flex)","Pago por envío directo","Cárdigan Diseño Trenzado Negro Nicopoly","N06240BL","152148358","420.168","79.831","500.0","CLP","FACL-SC75ABC-20260513-CLP","3235709105","20260514C10219004417072026","1b8d3733-969c-4fd4-93bf-f0ba026ce50e","sellerOrderLineDelivered","FBS","drop_shipping","Pre Calculated Transaction with Transaction Id:58f1e193-7ae2-4c42-8290-e544ae16d754","SC75ABC","Principal"
"","Factura","2026-05-13 06:05:52.52","Comisiones","Cobro por comisión por venta","Cárdigan Diseño Trenzado Negro Nicopoly","N06240BL","152148358","-4536.134","-861.865","-5398.0","CLP","FACL-SC75ABC-20260513-CLP","3235709105","20260514C10219004417072026","1b8d3733-969c-4fd4-93bf-f0ba026ce50e","sellerOrderLineDelivered","FBS","drop_shipping","Pre Calculated Transaction with Transaction Id:cc2489a1-ea58-482d-983b-e107ce415519","SC75ABC","Principal"
"","Nota de Credito","2026-05-12 10:05:08.08","Promociones de Envio F.com","Reembolso por Promo envío falabella.com","Jeans Rectos Tiro Alto Café Nicopoly","N06283U36","152148363","3352.941","637.058","3990.0","CLP","FACL-SC75ABC-20260512-CLP","3235570696","20260513C10219004372172026","84b2c9e8-06fb-4a90-9d20-04ccf7a24b48","sellerOrderLineDelivered","FBS","drop_shipping","","SC75ABC","Principal"
"","Factura","2026-05-12 10:05:08.08","Promociones de Envio F.com","Cobro Promo envío falabella.com","Jeans Rectos Tiro Alto Café Nicopoly","N06283U36","152148363","-3352.941","-637.058","-3990.0","CLP","FACL-SC75ABC-20260512-CLP","3235570696","20260513C10219004372172026","84b2c9e8-06fb-4a90-9d20-04ccf7a24b48","sellerOrderLineDelivered","FBS","drop_shipping","","SC75ABC","Principal"
"","Factura","2026-05-12 10:05:08.08","Envio a cargo del Cliente","Reversa de pago de envío comprador","Jeans Rectos Tiro Alto Café Nicopoly","N06283U36","152148363","0.000","0.000","0.0","CLP","FACL-SC75ABC-20260512-CLP","3235570696","20260513C10219004372172026","84b2c9e8-06fb-4a90-9d20-04ccf7a24b48","sellerOrderLineDelivered","FBS","drop_shipping","","SC75ABC","Principal"
"","Nota de Credito","2026-05-12 10:05:07.07","Promociones Producto","Pago de aporte promocionales a cliente (Promo)","Jeans Rectos Tiro Alto Café Nicopoly","N06283U36","152148363","0.000","0.000","0.0","CLP","FACL-SC75ABC-20260512-CLP","3235570696","20260513C10219004372172026","84b2c9e8-06fb-4a90-9d20-04ccf7a24b48","sellerOrderLineDelivered","FBS","drop_shipping","Pre Calculated Transaction with Transaction Id:e7a2c57e-f820-400a-8787-e3c55dcaf6e4","SC75ABC","Principal"
"","Nota de Credito","2026-05-12 10:05:07.07","Envio: Falabella Directo (Falabella Flex)","Pago por envío directo","Jeans Rectos Tiro Alto Café Nicopoly","N06283U36","152148363","420.168","79.831","500.0","CLP","FACL-SC75ABC-20260512-CLP","3235570696","20260513C10219004372172026","84b2c9e8-06fb-4a90-9d20-04ccf7a24b48","sellerOrderLineDelivered","FBS","drop_shipping","Pre Calculated Transaction with Transaction Id:0fb0e711-fc8c-4d73-abc9-acbf8c1f2962","SC75ABC","Principal"
"","Factura","2026-05-12 10:05:07.07","Comisiones","Cobro por comisión por venta","Jeans Rectos Tiro Alto Café Nicopoly","N06283U36","152148363","-5712.605","-1085.394","-6798.0","CLP","FACL-SC75ABC-20260512-CLP","3235570696","20260513C10219004372172026","84b2c9e8-06fb-4a90-9d20-04ccf7a24b48","sellerOrderLineDelivered","FBS","drop_shipping","Pre Calculated Transaction with Transaction Id:d404416f-f06b-42e7-b0fa-be0a292270db","SC75ABC","Principal"
"","Nota de Credito","2026-05-12 07:05:06.06","Promociones de Envio F.com","Reembolso por Promo envío falabella.com","Cárdigan Tejido Calado Cuello V Blanco Nicopoly","N06270AL","152147995","3352.941","637.058","3990.0","CLP","FACL-SC75ABC-20260512-CLP","3235568945","20260513C10219004372172026","00bed51d-3ff7-433c-974b-a72d988e06fb","sellerOrderLineDelivered","FBS","drop_shipping","","SC75ABC","Principal"
"","Factura","2026-05-12 07:05:06.06","Promociones de Envio F.com","Cobro Promo envío falabella.com","Cárdigan Tejido Calado Cuello V Blanco Nicopoly","N06270AL","152147995","-3352.941","-637.058","-3990.0","CLP","FACL-SC75ABC-20260512-CLP","3235568945","20260513C10219004372172026","00bed51d-3ff7-433c-974b-a72d988e06fb","sellerOrderLineDelivered","FBS","drop_shipping","","SC75ABC","Principal"
"","Factura","2026-05-12 07:05:06.06","Envio a cargo del Cliente","Reversa de pago de envío comprador","Cárdigan Tejido Calado Cuello V Blanco Nicopoly","N06270AL","152147995","0.000","0.000","0.0","CLP","FACL-SC75ABC-20260512-CLP","3235568945","20260513C10219004372172026","00bed51d-3ff7-433c-974b-a72d988e06fb","sellerOrderLineDelivered","FBS","drop_shipping","","SC75ABC","Principal"
"","Nota de Credito","2026-05-12 07:05:06.06","Promociones Producto","Pago de aporte promocionales a cliente (Promo)","Cárdigan Tejido Calado Cuello V Blanco Nicopoly","N06270AL","152147995","0.000","0.000","0.0","CLP","FACL-SC75ABC-20260512-CLP","3235568945","20260513C10219004372172026","00bed51d-3ff7-433c-974b-a72d988e06fb","sellerOrderLineDelivered","FBS","drop_shipping","Pre Calculated Transaction with Transaction Id:465fb133-0a3f-4016-a21e-a8f2b8586c2a","SC75ABC","Principal"
"","Nota de Credito","2026-05-12 07:05:06.06","Envio: Falabella Directo (Falabella Flex)","Pago por envío directo","Cárdigan Tejido Calado Cuello V Blanco Nicopoly","N06270AL","152147995","420.168","79.831","500.0","CLP","FACL-SC75ABC-20260512-CLP","3235568945","20260513C10219004372172026","00bed51d-3ff7-433c-974b-a72d988e06fb","sellerOrderLineDelivered","FBS","drop_shipping","Pre Calculated Transaction with Transaction Id:8abe0c03-34ba-4165-b8b7-3109e49aaf34","SC75ABC","Principal"
"","Factura","2026-05-12 07:05:06.06","Comisiones","Cobro por comisión por venta","Cárdigan Tejido Calado Cuello V Blanco Nicopoly","N06270AL","152147995","-5712.605","-1085.394","-6798.0","CLP","FACL-SC75ABC-20260512-CLP","3235568945","20260513C10219004372172026","00bed51d-3ff7-433c-974b-a72d988e06fb","sellerOrderLineDelivered","FBS","drop_shipping","Pre Calculated Transaction with Transaction Id:c8ca0c85-d1a2-4d34-aa40-c4211de8795a","SC75ABC","Principal"
"","Factura","2026-05-12 06:05:25.25","Envio: Falabella Directo (Falabella Flex)","Corrección de cobro por envío directo","Blazer Básico de Tope Verde Nicopoly","N05301EXL-7","152133068","-210.084","-39.915","-250.0","CLP","FACL-SC75ABC-20260512-CLP","3234732889","20260513C10219004372172026","a33b7734-222a-44cd-99c4-5012f410e7be","manualTransactionCreated","FBS","drop_shipping","Cobro por diferencia en servicio Falaflex","SC75ABC","Principal"
"","Factura","2026-05-12 06:05:07.07","Envio: Falabella Directo (Falabella Flex)","Corrección de cobro por envío directo","Sweater Trenzado Cuello Redondo Café Nicopoly","N06229UM","152209098","-210.084","-39.915","-250.0","CLP","FACL-SC75ABC-20260512-CLP","3234658402","20260513C10219004372172026","ef8406f9-9d56-4dc9-893b-1eceef4f500f","manualTransactionCreated","FBS","drop_shipping","Cobro por diferencia en servicio Falaflex","SC75ABC","Principal"
"","Nota de Credito","2026-05-12 06:05:59.59","Envio: Falabella Directo (Falabella Flex)","Corrección de pago envio directo","Abrigo con Solapa y Cinturón Beige Nicopoly","N06211GM","152500466","2226.890","423.109","2650.0","CLP","FACL-SC75ABC-20260512-CLP","3234566321","20260513C10219004372172026","10588c27-72a0-44c2-ac8a-65314cb1ba99","manualTransactionCreated","FBS","drop_shipping","Reembolso por diferencia en servicio Falaflex","SC75ABC","Principal"
"","Factura","2026-05-12 06:05:42.42","Envio: Falabella Directo (Falabella Flex)","Corrección de cobro por envío directo","Blazer Básico de Tope Morado Nicopoly","N05301ZL-7","152133062","-210.084","-39.915","-250.0","CLP","FACL-SC75ABC-20260512-CLP","3234229796","20260513C10219004372172026","28217a02-ad24-428a-97d6-a33620892573","manualTransactionCreated","FBS","drop_shipping","Cobro por diferencia en servicio Falaflex","SC75ABC","Principal"
"","Factura","2026-05-12 06:05:35.35","Envio: Falabella Directo (Falabella Flex)","Corrección de cobro por envío directo","Blazer Básico de Tope Morado Nicopoly","N05301ZL-7","152133062","-210.084","-39.915","-250.0","CLP","FACL-SC75ABC-20260512-CLP","3234119415","20260513C10219004372172026","5f6bce4b-7ba1-4c40-a2e5-604189add0a3","manualTransactionCreated","FBS","drop_shipping","Cobro por diferencia en servicio Falaflex","SC75ABC","Principal"
"","Factura","2026-05-12 06:05:25.25","Envio: Falabella Directo (Falabella Flex)","Corrección de cobro por envío directo","Jeans Corte Barrel Café Nicopoly","N06182UXL","152150299","-210.084","-39.915","-250.0","CLP","FACL-SC75ABC-20260512-CLP","3234114186","20260513C10219004372172026","a1f710ac-eaa3-42ca-93fa-31e2fa07c51b","manualTransactionCreated","FBS","drop_shipping","Cobro por diferencia en servicio Falaflex","SC75ABC","Principal"
"","Factura","2026-05-12 06:05:17.17","Envio: Falabella Directo (Falabella Flex)","Corrección de cobro por envío directo","Jeans Rectos Tiro Alto Café Nicopoly","N06283U42","152148362","-210.084","-39.915","-250.0","CLP","FACL-SC75ABC-20260512-CLP","3234114186","20260513C10219004372172026","48e15760-a9fd-4194-9fbd-9766da34070f","manualTransactionCreated","FBS","drop_shipping","Cobro por diferencia en servicio Falaflex","SC75ABC","Principal"
"","Factura","2026-05-12 06:05:07.07","Envio: Falabella Directo (Falabella Flex)","Corrección de cobro por envío directo","Blazer Básico de Tope Café Nicopoly","N05301UL","152134453","-210.084","-39.915","-250.0","CLP","FACL-SC75ABC-20260512-CLP","3234119415","20260513C10219004372172026","3f30a718-4895-4c40-a1ed-b3c2874f0784","manualTransactionCreated","FBS","drop_shipping","Cobro por diferencia en servicio Falaflex","SC75ABC","Principal"
"","Factura","2026-05-12 06:05:04.04","Envio: Falabella Directo (Falabella Flex)","Corrección de cobro por envío directo","Pantalón Básico Morado Nicopoly","N05298ZL-7","152148172","-210.084","-39.915","-250.0","CLP","FACL-SC75ABC-20260512-CLP","3234229796","20260513C10219004372172026","e71c6aa5-2648-4631-b33d-31ed88f51203","manualTransactionCreated","FBS","drop_shipping","Cobro por diferencia en servicio Falaflex","SC75ABC","Principal"
"","Factura","2026-05-12 02:05:09.09","Envio a cargo del Cliente","Reversa de pago de envío comprador","Chaqueta Tipo Barbour Mocca Nicopoly","N06197OM","152209128","-5873.949","-1116.050","-6990.0","CLP","FACL-SC75ABC-20260512-CLP","3235382245","20260513C10219004372172026","40fafd9d-66e5-4cd7-adf8-dfa49dae859d","sellerOrderLineDelivered","FBS","drop_shipping","","SC75ABC","Principal"
"","Factura","2026-05-12 02:05:09.09","Comisiones","Cobro por comisión por venta","Chaqueta Tipo Barbour Mocca Nicopoly","N06197OM","152209128","-9410.084","-1787.915","-11198.0","CLP","FACL-SC75ABC-20260512-CLP","3235382245","20260513C10219004372172026","40fafd9d-66e5-4cd7-adf8-dfa49dae859d","sellerOrderLineDelivered","FBS","drop_shipping","Pre Calculated Transaction with Transaction Id:03d0969d-97f7-46af-a9bb-8da834e0e375","SC75ABC","Principal"
"","Factura","2026-05-12 02:05:09.09","Envio: Cofinanciamiento logistico","Cobro por cofinanciamiento logístico","Chaqueta Tipo Barbour Mocca Nicopoly","N06197OM","152209128","-5369.747","-1020.251","-6390.0","CLP","FACL-SC75ABC-20260512-CLP","3235382245","20260513C10219004372172026","40fafd9d-66e5-4cd7-adf8-dfa49dae859d","sellerOrderLineDelivered","FBS","drop_shipping","Pre Calculated Transaction with Transaction Id:ff85d843-d45f-4819-881f-b8b05e8f9580","SC75ABC","Principal"
"","Factura","2026-05-12 11:05:24.24","Logistica Inversa (Devoluciones)","Cobro por logística inversa","Camisa Rayas Bicolor Café Nicopoly","N05200UM","152153501","-2428.571","-461.428","-2890.0","CLP","FACL-SC75ABC-20260512-CLP","3234660104","20260513C10219004372172026","f5ffb335-9973-4d1e-98fa-fdac907a5ee2","sellerReturnOrderLineUpdated","FBS","drop_shipping","","SC75ABC","Principal"
"","Nota de Debito","2026-05-12 11:05:24.24","Promociones Producto","Descuento por aportes promocionales a clientes (Promo)","Camisa Rayas Bicolor Café Nicopoly","N05200UM","152153501","0.000","0.000","0.0","CLP","FACL-SC75ABC-20260512-CLP","3234660104","20260513C10219004372172026","f5ffb335-9973-4d1e-98fa-fdac907a5ee2","sellerReturnOrderLineUpdated","FBS","drop_shipping","","SC75ABC","Principal"
"","Nota de Credito","2026-05-12 11:05:24.24","Comisiones","Reembolso por comisión por venta","Camisa Rayas Bicolor Café Nicopoly","N05200UM","152153501","3359.663","638.335","3998.0","CLP","FACL-SC75ABC-20260512-CLP","3234660104","20260513C10219004372172026","f5ffb335-9973-4d1e-98fa-fdac907a5ee2","sellerReturnOrderLineUpdated","FBS","drop_shipping","","SC75ABC","Principal"
"","Factura","2026-05-12 11:05:18.18","Logistica Inversa (Devoluciones)","Cobro por logística inversa","Pantalón Vestir Recto Mocca Nicopoly","N06039UM","152153725","-2428.571","-461.428","-2890.0","CLP","FACL-SC75ABC-20260512-CLP","3231937595","20260513C10219004372172026","7dc0eec0-724b-453c-b32c-f059ade20295","sellerReturnOrderLineUpdated","FBS","drop_shipping","","SC75ABC","Principal"
"","Nota de Debito","2026-05-12 11:05:18.18","Promociones Producto","Descuento por aportes promocionales a clientes (Promo)","Pantalón Vestir Recto Mocca Nicopoly","N06039UM","152153725","0.000","0.000","0.0","CLP","FACL-SC75ABC-20260512-CLP","3231937595","20260513C10219004372172026","7dc0eec0-724b-453c-b32c-f059ade20295","sellerReturnOrderLineUpdated","FBS","drop_shipping","","SC75ABC","Principal"
"","Nota de Credito","2026-05-12 11:05:18.18","Comisiones","Reembolso por comisión por venta","Pantalón Vestir Recto Mocca Nicopoly","N06039UM","152153725","6552.941","1245.058","7798.0","CLP","FACL-SC75ABC-20260512-CLP","3231937595","20260513C10219004372172026","7dc0eec0-724b-453c-b32c-f059ade20295","sellerReturnOrderLineUpdated","FBS","drop_shipping","","SC75ABC","Principal"
"","Factura","2026-05-12 11:05:15.15","Envio a cargo del Cliente","Reversa de pago de envío comprador","Chaqueta Mitad Chiporro/Parka Khaki Nicopoly","N04152LM","152389408","-5033.613","-956.386","-5990.0","CLP","FACL-SC75ABC-20260512-CLP","3235456504","20260513C10219004372172026","193a2a46-07b5-495e-9a0f-b09ba8b54cbb","sellerOrderLineDelivered","FBS","drop_shipping","","SC75ABC","Principal"
"","Factura","2026-05-12 11:05:14.14","Comisiones","Cobro por comisión por venta","Chaqueta Mitad Chiporro/Parka Khaki Nicopoly","N04152LM","152389408","-5880.672","-1117.327","-6998.0","CLP","FACL-SC75ABC-20260512-CLP","3235456504","20260513C10219004372172026","193a2a46-07b5-495e-9a0f-b09ba8b54cbb","sellerOrderLineDelivered","FBS","drop_shipping","Pre Calculated Transaction with Transaction Id:61aea8ea-b2cc-40d7-961d-8db4772493a0","SC75ABC","Principal"
"","Factura","2026-05-12 11:05:14.14","Envio: Cofinanciamiento logistico","Cobro por cofinanciamiento logístico","Chaqueta Mitad Chiporro/Parka Khaki Nicopoly","N04152LM","152389408","-5369.747","-1020.251","-6390.0","CLP","FACL-SC75ABC-20260512-CLP","3235456504","20260513C10219004372172026","193a2a46-07b5-495e-9a0f-b09ba8b54cbb","sellerOrderLineDelivered","FBS","drop_shipping","Pre Calculated Transaction with Transaction Id:fbf20ca9-24b2-4b12-86b5-aaee26ac79fe","SC75ABC","Principal"
"","Nota de Credito","2026-05-11 08:05:48.48","Promociones de Envio F.com","Reembolso por Promo envío falabella.com","Blazer Básico de Tope Óxido Nicopoly","N05301RS","152135412","3352.941","637.058","3990.0","CLP","FACL-SC75ABC-20260511-CLP","3235290667","20260512C10219004329082026","dd3c789c-a6a4-4939-8427-9ea1b82a315f","sellerOrderLineDelivered","FBS","drop_shipping","","SC75ABC","Principal"
"","Factura","2026-05-11 08:05:48.48","Promociones de Envio F.com","Cobro Promo envío falabella.com","Blazer Básico de Tope Óxido Nicopoly","N05301RS","152135412","-3352.941","-637.058","-3990.0","CLP","FACL-SC75ABC-20260511-CLP","3235290667","20260512C10219004329082026","dd3c789c-a6a4-4939-8427-9ea1b82a315f","sellerOrderLineDelivered","FBS","drop_shipping","","SC75ABC","Principal"
"","Factura","2026-05-11 08:05:48.48","Envio a cargo del Cliente","Reversa de pago de envío comprador","Blazer Básico de Tope Óxido Nicopoly","N05301RS","152135412","0.000","0.000","0.0","CLP","FACL-SC75ABC-20260511-CLP","3235290667","20260512C10219004329082026","dd3c789c-a6a4-4939-8427-9ea1b82a315f","sellerOrderLineDelivered","FBS","drop_shipping","","SC75ABC","Principal"
"","Nota de Credito","2026-05-11 08:05:48.48","Promociones Producto","Pago de aporte promocionales a cliente (Promo)","Blazer Básico de Tope Óxido Nicopoly","N05301RS","152135412","0.000","0.000","0.0","CLP","FACL-SC75ABC-20260511-CLP","3235290667","20260512C10219004329082026","dd3c789c-a6a4-4939-8427-9ea1b82a315f","sellerOrderLineDelivered","FBS","drop_shipping","Pre Calculated Transaction with Transaction Id:72b865e4-0d04-47d6-92ba-76c79f7fa82d","SC75ABC","Principal"
"","Nota de Credito","2026-05-11 08:05:48.48","Envio: Falabella Directo (Falabella Flex)","Pago por envío directo","Blazer Básico de Tope Óxido Nicopoly","N05301RS","152135412","420.168","79.831","500.0","CLP","FACL-SC75ABC-20260511-CLP","3235290667","20260512C10219004329082026","dd3c789c-a6a4-4939-8427-9ea1b82a315f","sellerOrderLineDelivered","FBS","drop_shipping","Pre Calculated Transaction with Transaction Id:b2b3eb2b-6d0c-4d17-a86f-135eb3b9333d","SC75ABC","Principal"
"","Factura","2026-05-11 08:05:48.48","Comisiones","Cobro por comisión por venta","Blazer Básico de Tope Óxido Nicopoly","N05301RS","152135412","-7561.344","-1436.655","-8998.0","CLP","FACL-SC75ABC-20260511-CLP","3235290667","20260512C10219004329082026","dd3c789c-a6a4-4939-8427-9ea1b82a315f","sellerOrderLineDelivered","FBS","drop_shipping","Pre Calculated Transaction with Transaction Id:d502bf40-df00-4286-b626-99e7bad02a45","SC75ABC","Principal"
"","Factura","2026-05-11 07:05:34.34","Envio a cargo del Cliente","Reversa de pago de envío comprador","Camisa Rayas Bicolor Café Nicopoly","N05200UM","152153501","-3352.941","-637.058","-3990.0","CLP","FACL-SC75ABC-20260511-CLP","3235413225","20260512C10219004329082026","dcb4f052-1cfd-4935-86c9-90cbb124df10","sellerOrderLineDelivered","FBS","drop_shipping","","SC75ABC","Principal"
"","Nota de Credito","2026-05-11 07:05:34.34","Envio: Falabella Directo (Falabella Flex)","Pago por envío directo","Camisa Rayas Bicolor Café Nicopoly","N05200UM","152153501","420.168","79.831","500.0","CLP","FACL-SC75ABC-20260511-CLP","3235413225","20260512C10219004329082026","dcb4f052-1cfd-4935-86c9-90cbb124df10","sellerOrderLineDelivered","FBS","drop_shipping","Pre Calculated Transaction with Transaction Id:225d1e13-3420-4e8a-84af-4765d2a94276","SC75ABC","Principal"
"","Factura","2026-05-11 07:05:34.34","Comisiones","Cobro por comisión por venta","Camisa Rayas Bicolor Café Nicopoly","N05200UM","152153501","-4536.134","-861.865","-5398.0","CLP","FACL-SC75ABC-20260511-CLP","3235413225","20260512C10219004329082026","dcb4f052-1cfd-4935-86c9-90cbb124df10","sellerOrderLineDelivered","FBS","drop_shipping","Pre Calculated Transaction with Transaction Id:e3ec1900-4284-4c07-b891-fb2f5dc59bb1","SC75ABC","Principal"
"","Nota de Credito","2026-05-11 06:05:05.05","Promociones de Envio F.com","Reembolso por Promo envío falabella.com","Sweater con Patrón Trenzado Blanco Nicopoly","N06237AS","152209113","3352.941","637.058","3990.0","CLP","FACL-SC75ABC-20260511-CLP","3235412496","20260512C10219004329082026","a3eb09b1-b4b7-45cb-bea7-44e24b0d16b7","sellerOrderLineDelivered","FBS","drop_shipping","","SC75ABC","Principal"
"","Factura","2026-05-11 06:05:05.05","Promociones de Envio F.com","Cobro Promo envío falabella.com","Sweater con Patrón Trenzado Blanco Nicopoly","N06237AS","152209113","-3352.941","-637.058","-3990.0","CLP","FACL-SC75ABC-20260511-CLP","3235412496","20260512C10219004329082026","a3eb09b1-b4b7-45cb-bea7-44e24b0d16b7","sellerOrderLineDelivered","FBS","drop_shipping","","SC75ABC","Principal"
"","Factura","2026-05-11 06:05:05.05","Envio a cargo del Cliente","Reversa de pago de envío comprador","Sweater con Patrón Trenzado Blanco Nicopoly","N06237AS","152209113","0.000","0.000","0.0","CLP","FACL-SC75ABC-20260511-CLP","3235412496","20260512C10219004329082026","a3eb09b1-b4b7-45cb-bea7-44e24b0d16b7","sellerOrderLineDelivered","FBS","drop_shipping","","SC75ABC","Principal"
"","Nota de Credito","2026-05-11 06:05:05.05","Promociones Producto","Pago de aporte promocionales a cliente (Promo)","Sweater con Patrón Trenzado Blanco Nicopoly","N06237AS","152209113","0.000","0.000","0.0","CLP","FACL-SC75ABC-20260511-CLP","3235412496","20260512C10219004329082026","a3eb09b1-b4b7-45cb-bea7-44e24b0d16b7","sellerOrderLineDelivered","FBS","drop_shipping","Pre Calculated Transaction with Transaction Id:65b31507-af8c-44b9-b547-335390bba4de","SC75ABC","Principal"
"","Nota de Credito","2026-05-11 06:05:05.05","Envio: Falabella Directo (Falabella Flex)","Pago por envío directo","Sweater con Patrón Trenzado Blanco Nicopoly","N06237AS","152209113","420.168","79.831","500.0","CLP","FACL-SC75ABC-20260511-CLP","3235412496","20260512C10219004329082026","a3eb09b1-b4b7-45cb-bea7-44e24b0d16b7","sellerOrderLineDelivered","FBS","drop_shipping","Pre Calculated Transaction with Transaction Id:6fb06d3c-c305-474f-8546-a27108b75367","SC75ABC","Principal"
"","Factura","2026-05-11 06:05:05.05","Comisiones","Cobro por comisión por venta","Sweater con Patrón Trenzado Blanco Nicopoly","N06237AS","152209113","-4872.268","-925.730","-5798.0","CLP","FACL-SC75ABC-20260511-CLP","3235412496","20260512C10219004329082026","a3eb09b1-b4b7-45cb-bea7-44e24b0d16b7","sellerOrderLineDelivered","FBS","drop_shipping","Pre Calculated Transaction with Transaction Id:fd380381-26fd-403f-b40a-d196c2de618e","SC75ABC","Principal"
"","Nota de Credito","2026-05-11 05:05:09.09","Promociones de Envio F.com","Reembolso por Promo envío falabella.com","Sweater Jaspeado Cuello Redondo Gris Nicopoly","N06260NM","152348997","3352.941","637.058","3990.0","CLP","FACL-SC75ABC-20260511-CLP","3235341741","20260512C10219004329082026","2de32a2d-a8ba-4f89-82d2-3b8106ee10cc","sellerOrderLineDelivered","FBS","drop_shipping","","SC75ABC","Principal"
"","Factura","2026-05-11 05:05:09.09","Promociones de Envio F.com","Cobro Promo envío falabella.com","Sweater Jaspeado Cuello Redondo Gris Nicopoly","N06260NM","152348997","-3352.941","-637.058","-3990.0","CLP","FACL-SC75ABC-20260511-CLP","3235341741","20260512C10219004329082026","2de32a2d-a8ba-4f89-82d2-3b8106ee10cc","sellerOrderLineDelivered","FBS","drop_shipping","","SC75ABC","Principal"
"","Factura","2026-05-11 05:05:09.09","Envio a cargo del Cliente","Reversa de pago de envío comprador","Sweater Jaspeado Cuello Redondo Gris Nicopoly","N06260NM","152348997","0.000","0.000","0.0","CLP","FACL-SC75ABC-20260511-CLP","3235341741","20260512C10219004329082026","2de32a2d-a8ba-4f89-82d2-3b8106ee10cc","sellerOrderLineDelivered","FBS","drop_shipping","","SC75ABC","Principal"
"","Nota de Credito","2026-05-11 05:05:09.09","Promociones Producto","Pago de aporte promocionales a cliente (Promo)","Sweater Jaspeado Cuello Redondo Gris Nicopoly","N06260NM","152348997","0.000","0.000","0.0","CLP","FACL-SC75ABC-20260511-CLP","3235341741","20260512C10219004329082026","2de32a2d-a8ba-4f89-82d2-3b8106ee10cc","sellerOrderLineDelivered","FBS","drop_shipping","Pre Calculated Transaction with Transaction Id:bcae67ee-2dd0-4f9d-85da-18b10bd478c3","SC75ABC","Principal"
"","Nota de Credito","2026-05-11 05:05:09.09","Envio: Falabella Directo (Falabella Flex)","Pago por envío directo","Sweater Jaspeado Cuello Redondo Gris Nicopoly","N06260NM","152348997","420.168","79.831","500.0","CLP","FACL-SC75ABC-20260511-CLP","3235341741","20260512C10219004329082026","2de32a2d-a8ba-4f89-82d2-3b8106ee10cc","sellerOrderLineDelivered","FBS","drop_shipping","Pre Calculated Transaction with Transaction Id:ae5e9a79-b878-4d0e-9413-87a44ec457e6","SC75ABC","Principal"
"","Factura","2026-05-11 05:05:09.09","Comisiones","Cobro por comisión por venta","Sweater Jaspeado Cuello Redondo Gris Nicopoly","N06260NM","152348997","-4704.201","-893.798","-5598.0","CLP","FACL-SC75ABC-20260511-CLP","3235341741","20260512C10219004329082026","2de32a2d-a8ba-4f89-82d2-3b8106ee10cc","sellerOrderLineDelivered","FBS","drop_shipping","Pre Calculated Transaction with Transaction Id:a86472f9-7f7e-4a2c-998c-d077350e5a10","SC75ABC","Principal"
"","Nota de Credito","2026-05-09 12:05:16.16","Promociones de Envio F.com","Reembolso por Promo envío falabella.com","Sweater Cuello Alto Rayas Horizontales Negro Nicopoly","N06234BL","152488222","2512.605","477.394","2990.0","CLP","FACL-SC75ABC-20260509-CLP","3234796544","20260512C10219004329082026","ad0a80f9-cd7f-4dba-9f7c-1eaec3e087b3","sellerOrderLineDelivered","FBS","drop_shipping","","SC75ABC","Principal"
"","Factura","2026-05-09 12:05:16.16","Promociones de Envio F.com","Cobro Promo envío falabella.com","Sweater Cuello Alto Rayas Horizontales Negro Nicopoly","N06234BL","152488222","-2512.605","-477.394","-2990.0","CLP","FACL-SC75ABC-20260509-CLP","3234796544","20260512C10219004329082026","ad0a80f9-cd7f-4dba-9f7c-1eaec3e087b3","sellerOrderLineDelivered","FBS","drop_shipping","","SC75ABC","Principal"
"","Factura","2026-05-09 12:05:16.16","Envio a cargo del Cliente","Reversa de pago de envío comprador","Sweater Cuello Alto Rayas Horizontales Negro Nicopoly","N06234BL","152488222","0.000","0.000","0.0","CLP","FACL-SC75ABC-20260509-CLP","3234796544","20260512C10219004329082026","ad0a80f9-cd7f-4dba-9f7c-1eaec3e087b3","sellerOrderLineDelivered","FBS","drop_shipping","","SC75ABC","Principal"
"","Nota de Credito","2026-05-09 12:05:16.16","Promociones Producto","Pago de aporte promocionales a cliente (Promo)","Sweater Cuello Alto Rayas Horizontales Negro Nicopoly","N06234BL","152488222","0.000","0.000","0.0","CLP","FACL-SC75ABC-20260509-CLP","3234796544","20260512C10219004329082026","ad0a80f9-cd7f-4dba-9f7c-1eaec3e087b3","sellerOrderLineDelivered","FBS","drop_shipping","Pre Calculated Transaction with Transaction Id:3701cb79-25b7-4846-8927-c72e3bd81986","SC75ABC","Principal"
"","Factura","2026-05-09 12:05:16.16","Comisiones","Cobro por comisión por venta","Sweater Cuello Alto Rayas Horizontales Negro Nicopoly","N06234BL","152488222","-4368.067","-829.932","-5198.0","CLP","FACL-SC75ABC-20260509-CLP","3234796544","20260512C10219004329082026","ad0a80f9-cd7f-4dba-9f7c-1eaec3e087b3","sellerOrderLineDelivered","FBS","drop_shipping","Pre Calculated Transaction with Transaction Id:aff028cd-a87b-4080-a082-8b117c58158e","SC75ABC","Principal"
"","Factura","2026-05-09 12:05:16.16","Envio: Cofinanciamiento logistico","Cobro por cofinanciamiento logístico","Sweater Cuello Alto Rayas Horizontales Negro Nicopoly","N06234BL","152488222","-6210.084","-1179.915","-7390.0","CLP","FACL-SC75ABC-20260509-CLP","3234796544","20260512C10219004329082026","ad0a80f9-cd7f-4dba-9f7c-1eaec3e087b3","sellerOrderLineDelivered","FBS","drop_shipping","Pre Calculated Transaction with Transaction Id:fe51604d-9acf-4a79-bae4-b0e6ce32f3b7","SC75ABC","Principal"
"","Factura","2026-05-08 09:05:08.08","Envio a cargo del Cliente","Reversa de pago de envío comprador","Chaqueta Ecocuero/Tipo Piel Café Nicopoly","N05148UL","152410954","-3352.941","-637.058","-3990.0","CLP","FACL-SC75ABC-20260508-CLP","3235222926","20260512C10219004329082026","0efab604-decf-4ef9-9794-45662c5f1dfd","sellerOrderLineDelivered","FBS","drop_shipping","","SC75ABC","Principal"
"","Nota de Credito","2026-05-08 09:05:08.08","Envio: Falabella Directo (Falabella Flex)","Pago por envío directo","Chaqueta Ecocuero/Tipo Piel Café Nicopoly","N05148UL","152410954","420.168","79.831","500.0","CLP","FACL-SC75ABC-20260508-CLP","3235222926","20260512C10219004329082026","0efab604-decf-4ef9-9794-45662c5f1dfd","sellerOrderLineDelivered","FBS","drop_shipping","Pre Calculated Transaction with Transaction Id:0cecbe7c-9662-463c-8ccd-d302db393573","SC75ABC","Principal"
"","Factura","2026-05-08 09:05:08.08","Comisiones","Cobro por comisión por venta","Chaqueta Ecocuero/Tipo Piel Café Nicopoly","N05148UL","152410954","-8401.680","-1596.319","-9998.0","CLP","FACL-SC75ABC-20260508-CLP","3235222926","20260512C10219004329082026","0efab604-decf-4ef9-9794-45662c5f1dfd","sellerOrderLineDelivered","FBS","drop_shipping","Pre Calculated Transaction with Transaction Id:e21d34e7-cf1b-4732-a0cc-60669f9bac42","SC75ABC","Principal"
"","Factura","2026-05-08 06:05:09.09","Envio a cargo del Cliente","Reversa de pago de envío comprador","Abrigo Solapa Redonda Negro Nicopoly","N05252BM","152415750","-3352.941","-637.058","-3990.0","CLP","FACL-SC75ABC-20260508-CLP","3235146233","20260512C10219004329082026","6fd4a7e4-980a-4325-a5b8-94fa66582315","sellerOrderLineDelivered","FBS","drop_shipping","","SC75ABC","Principal"
"","Nota de Credito","2026-05-08 06:05:09.09","Envio: Falabella Directo (Falabella Flex)","Pago por envío directo","Abrigo Solapa Redonda Negro Nicopoly","N05252BM","152415750","420.168","79.831","500.0","CLP","FACL-SC75ABC-20260508-CLP","3235146233","20260512C10219004329082026","6fd4a7e4-980a-4325-a5b8-94fa66582315","sellerOrderLineDelivered","FBS","drop_shipping","Pre Calculated Transaction with Transaction Id:94a23966-c344-414e-823c-98a14c58ea6a","SC75ABC","Principal"
"","Factura","2026-05-08 06:05:09.09","Comisiones","Cobro por comisión por venta","Abrigo Solapa Redonda Negro Nicopoly","N05252BM","152415750","-12099.159","-2298.840","-14398.0","CLP","FACL-SC75ABC-20260508-CLP","3235146233","20260512C10219004329082026","6fd4a7e4-980a-4325-a5b8-94fa66582315","sellerOrderLineDelivered","FBS","drop_shipping","Pre Calculated Transaction with Transaction Id:f04df6ea-2b10-4410-8a02-894a76813579","SC75ABC","Principal"
"","Factura","2026-05-08 01:05:15.15","Logistica Inversa (Devoluciones)","Cobro por logística inversa","Blazer Básico de Tope Morado Nicopoly","N05301ZXL-7","152133058","-2428.571","-461.428","-2890.0","CLP","FACL-SC75ABC-20260508-CLP","3231775858","20260512C10219004329082026","82e54bfe-5ec2-4e67-aa54-eb4ee80f9d0a","sellerReturnOrderLineUpdated","FBS","drop_shipping","","SC75ABC","Principal"
"","Nota de Debito","2026-05-08 01:05:15.15","Promociones Producto","Descuento por aportes promocionales a clientes (Promo)","Blazer Básico de Tope Morado Nicopoly","N05301ZXL-7","152133058","0.000","0.000","0.0","CLP","FACL-SC75ABC-20260508-CLP","3231775858","20260512C10219004329082026","82e54bfe-5ec2-4e67-aa54-eb4ee80f9d0a","sellerReturnOrderLineUpdated","FBS","drop_shipping","","SC75ABC","Principal"
"","Nota de Credito","2026-05-08 01:05:15.15","Comisiones","Reembolso por comisión por venta","Blazer Básico de Tope Morado Nicopoly","N05301ZXL-7","152133058","7561.344","1436.655","8998.0","CLP","FACL-SC75ABC-20260508-CLP","3231775858","20260512C10219004329082026","82e54bfe-5ec2-4e67-aa54-eb4ee80f9d0a","sellerReturnOrderLineUpdated","FBS","drop_shipping","","SC75ABC","Principal"
"","Factura","2026-05-08 01:05:19.19","Logistica Inversa (Devoluciones)","Cobro por logística inversa","Abrigo Largo Lazo Rojo Nicopoly","N04227DS-6","152389325","-2521.008","-478.991","-3000.0","CLP","FACL-SC75ABC-20260508-CLP","3234040761","20260512C10219004329082026","73523284-ed60-44cc-b213-62d5bc123cd6","sellerReturnOrderLineUpdated","FBS","drop_shipping","","SC75ABC","Principal"
"","Nota de Debito","2026-05-08 01:05:19.19","Promociones Producto","Descuento por aportes promocionales a clientes (Promo)","Abrigo Largo Lazo Rojo Nicopoly","N04227DS-6","152389325","0.000","0.000","0.0","CLP","FACL-SC75ABC-20260508-CLP","3234040761","20260512C10219004329082026","73523284-ed60-44cc-b213-62d5bc123cd6","sellerReturnOrderLineUpdated","FBS","drop_shipping","","SC75ABC","Principal"
"","Nota de Credito","2026-05-08 01:05:19.19","Comisiones","Reembolso por comisión por venta","Abrigo Largo Lazo Rojo Nicopoly","N04227DS-6","152389325","13443.697","2554.302","15998.0","CLP","FACL-SC75ABC-20260508-CLP","3234040761","20260512C10219004329082026","73523284-ed60-44cc-b213-62d5bc123cd6","sellerReturnOrderLineUpdated","FBS","drop_shipping","","SC75ABC","Principal"
"","Factura","2026-05-08 01:05:17.17","Logistica Inversa (Devoluciones)","Cobro por logística inversa","Abrigo Solapa y Cinturón Rojo Nicopoly","N06188DS","152431118","-2521.008","-478.991","-3000.0","CLP","FACL-SC75ABC-20260508-CLP","3234040761","20260512C10219004329082026","779708d9-bc28-4d50-a902-7ae3258b1cfa","sellerReturnOrderLineUpdated","FBS","drop_shipping","","SC75ABC","Principal"
"","Nota de Debito","2026-05-08 01:05:17.17","Promociones Producto","Descuento por aportes promocionales a clientes (Promo)","Abrigo Solapa y Cinturón Rojo Nicopoly","N06188DS","152431118","0.000","0.000","0.0","CLP","FACL-SC75ABC-20260508-CLP","3234040761","20260512C10219004329082026","779708d9-bc28-4d50-a902-7ae3258b1cfa","sellerReturnOrderLineUpdated","FBS","drop_shipping","","SC75ABC","Principal"
"","Nota de Credito","2026-05-08 01:05:17.17","Comisiones","Reembolso por comisión por venta","Abrigo Solapa y Cinturón Rojo Nicopoly","N06188DS","152431118","14284.033","2713.966","16998.0","CLP","FACL-SC75ABC-20260508-CLP","3234040761","20260512C10219004329082026","779708d9-bc28-4d50-a902-7ae3258b1cfa","sellerReturnOrderLineUpdated","FBS","drop_shipping","","SC75ABC","Principal"
"","Factura","2026-05-08 01:05:14.14","Logistica Inversa (Devoluciones)","Cobro por logística inversa","Blazer Básico de Tope Café Nicopoly","N05301UXL","152134452","-2428.571","-461.428","-2890.0","CLP","FACL-SC75ABC-20260508-CLP","3231775858","20260512C10219004329082026","d7c1a27b-3190-40b5-9f1f-16af0ea08de4","sellerReturnOrderLineUpdated","FBS","drop_shipping","","SC75ABC","Principal"
"","Nota de Debito","2026-05-08 01:05:14.14","Promociones Producto","Descuento por aportes promocionales a clientes (Promo)","Blazer Básico de Tope Café Nicopoly","N05301UXL","152134452","0.000","0.000","0.0","CLP","FACL-SC75ABC-20260508-CLP","3231775858","20260512C10219004329082026","d7c1a27b-3190-40b5-9f1f-16af0ea08de4","sellerReturnOrderLineUpdated","FBS","drop_shipping","","SC75ABC","Principal"
"","Nota de Credito","2026-05-08 01:05:14.14","Comisiones","Reembolso por comisión por venta","Blazer Básico de Tope Café Nicopoly","N05301UXL","152134452","7561.344","1436.655","8998.0","CLP","FACL-SC75ABC-20260508-CLP","3231775858","20260512C10219004329082026","d7c1a27b-3190-40b5-9f1f-16af0ea08de4","sellerReturnOrderLineUpdated","FBS","drop_shipping","","SC75ABC","Principal"
"","Factura","2026-05-08 12:05:31.31","Envio a cargo del Cliente","Reversa de pago de envío comprador","Trench Clásico Doble Botonadura Beige Nicopoly","N06187GS","152499956","-5033.613","-956.386","-5990.0","CLP","FACL-SC75ABC-20260508-CLP","3234997901","20260512C10219004329082026","359f955b-ba57-47ce-86e3-8864f9524015","sellerOrderLineDelivered","FBS","drop_shipping","","SC75ABC","Principal"
"","Factura","2026-05-08 12:05:31.31","Comisiones","Cobro por comisión por venta","Trench Clásico Doble Botonadura Beige Nicopoly","N06187GS","152499956","-13779.831","-2618.167","-16398.0","CLP","FACL-SC75ABC-20260508-CLP","3234997901","20260512C10219004329082026","359f955b-ba57-47ce-86e3-8864f9524015","sellerOrderLineDelivered","FBS","drop_shipping","Pre Calculated Transaction with Transaction Id:66c9516f-86a9-4ac0-a11c-ad8ad3bd3594","SC75ABC","Principal"
"","Factura","2026-05-08 12:05:31.31","Envio: Cofinanciamiento logistico","Cobro por cofinanciamiento logístico","Trench Clásico Doble Botonadura Beige Nicopoly","N06187GS","152499956","-3352.941","-637.058","-3990.0","CLP","FACL-SC75ABC-20260508-CLP","3234997901","20260512C10219004329082026","359f955b-ba57-47ce-86e3-8864f9524015","sellerOrderLineDelivered","FBS","drop_shipping","Pre Calculated Transaction with Transaction Id:c9bd3b80-ef9e-476c-bd1c-34884c8ec53d","SC75ABC","Principal"
"","Factura","2026-05-07 09:05:12.12","Envio a cargo del Cliente","Reversa de pago de envío comprador","Chaqueta de Paño con Cinturón Negro Nicopoly","N06189BM","152431105","-3352.941","-637.058","-3990.0","CLP","FACL-SC75ABC-20260507-CLP","3235080630","20260508C10219004210462026","594045f6-bb01-43fd-b278-212d183b81fe","sellerOrderLineDelivered","FBS","drop_shipping","","SC75ABC","Principal"
"","Nota de Credito","2026-05-07 09:05:12.12","Envio: Falabella Directo (Falabella Flex)","Pago por envío directo","Chaqueta de Paño con Cinturón Negro Nicopoly","N06189BM","152431105","420.168","79.831","500.0","CLP","FACL-SC75ABC-20260507-CLP","3235080630","20260508C10219004210462026","594045f6-bb01-43fd-b278-212d183b81fe","sellerOrderLineDelivered","FBS","drop_shipping","Pre Calculated Transaction with Transaction Id:e2f9ea42-59a7-41d9-8f5f-d187f07b6f25","SC75ABC","Principal"
"","Factura","2026-05-07 09:05:12.12","Comisiones","Cobro por comisión por venta","Chaqueta de Paño con Cinturón Negro Nicopoly","N06189BM","152431105","-10082.352","-1915.646","-11998.0","CLP","FACL-SC75ABC-20260507-CLP","3235080630","20260508C10219004210462026","594045f6-bb01-43fd-b278-212d183b81fe","sellerOrderLineDelivered","FBS","drop_shipping","Pre Calculated Transaction with Transaction Id:df8cb484-d238-467a-84b6-7f9fd27c2578","SC75ABC","Principal"
"","Nota de Credito","2026-05-07 07:05:15.15","Promociones de Envio F.com","Reembolso por Promo envío falabella.com","Sweater de Punto Calado Beige Nicopoly","N06236GS","152209151","3352.941","637.058","3990.0","CLP","FACL-SC75ABC-20260507-CLP","3235084917","20260508C10219004210462026","99285c76-1fc6-4ce4-bc26-6a014d2b42e7","sellerOrderLineDelivered","FBS","drop_shipping","","SC75ABC","Principal"
"","Factura","2026-05-07 07:05:15.15","Promociones de Envio F.com","Cobro Promo envío falabella.com","Sweater de Punto Calado Beige Nicopoly","N06236GS","152209151","-3352.941","-637.058","-3990.0","CLP","FACL-SC75ABC-20260507-CLP","3235084917","20260508C10219004210462026","99285c76-1fc6-4ce4-bc26-6a014d2b42e7","sellerOrderLineDelivered","FBS","drop_shipping","","SC75ABC","Principal"
"","Factura","2026-05-07 07:05:15.15","Envio a cargo del Cliente","Reversa de pago de envío comprador","Sweater de Punto Calado Beige Nicopoly","N06236GS","152209151","0.000","0.000","0.0","CLP","FACL-SC75ABC-20260507-CLP","3235084917","20260508C10219004210462026","99285c76-1fc6-4ce4-bc26-6a014d2b42e7","sellerOrderLineDelivered","FBS","drop_shipping","","SC75ABC","Principal"
"","Nota de Credito","2026-05-07 07:05:15.15","Promociones Producto","Pago de aporte promocionales a cliente (Promo)","Sweater de Punto Calado Beige Nicopoly","N06236GS","152209151","0.000","0.000","0.0","CLP","FACL-SC75ABC-20260507-CLP","3235084917","20260508C10219004210462026","99285c76-1fc6-4ce4-bc26-6a014d2b42e7","sellerOrderLineDelivered","FBS","drop_shipping","Pre Calculated Transaction with Transaction Id:4ea7c1da-ee24-44ad-bd03-0781894c9090","SC75ABC","Principal"
"","Nota de Credito","2026-05-07 07:05:15.15","Envio: Falabella Directo (Falabella Flex)","Pago por envío directo","Sweater de Punto Calado Beige Nicopoly","N06236GS","152209151","420.168","79.831","500.0","CLP","FACL-SC75ABC-20260507-CLP","3235084917","20260508C10219004210462026","99285c76-1fc6-4ce4-bc26-6a014d2b42e7","sellerOrderLineDelivered","FBS","drop_shipping","Pre Calculated Transaction with Transaction Id:31290c97-ebbd-4655-8e2a-412f17473892","SC75ABC","Principal"
"","Factura","2026-05-07 07:05:15.15","Comisiones","Cobro por comisión por venta","Sweater de Punto Calado Beige Nicopoly","N06236GS","152209151","-4200.000","-798.000","-4998.0","CLP","FACL-SC75ABC-20260507-CLP","3235084917","20260508C10219004210462026","99285c76-1fc6-4ce4-bc26-6a014d2b42e7","sellerOrderLineDelivered","FBS","drop_shipping","Pre Calculated Transaction with Transaction Id:eaa3d7ba-77bd-4c0d-a92b-3ade205a3dcd","SC75ABC","Principal"
"","Factura","2026-05-07 06:05:01.01","Envio a cargo del Cliente","Reversa de pago de envío comprador","Chaqueta de Paño con Cinturón Negro Nicopoly","N06189BS","152431103","-4193.277","-796.722","-4990.0","CLP","FACL-SC75ABC-20260507-CLP","3234947752","20260508C10219004210462026","a6f9a009-b43d-474e-ba10-d0c147f04ff5","sellerOrderLineDelivered","FBS","drop_shipping","","SC75ABC","Principal"
"","Factura","2026-05-07 06:05:01.01","Comisiones","Cobro por comisión por venta","Chaqueta de Paño con Cinturón Negro Nicopoly","N06189BS","152431103","-10082.352","-1915.646","-11998.0","CLP","FACL-SC75ABC-20260507-CLP","3234947752","20260508C10219004210462026","a6f9a009-b43d-474e-ba10-d0c147f04ff5","sellerOrderLineDelivered","FBS","drop_shipping","Pre Calculated Transaction with Transaction Id:57537269-7ff7-4186-9741-7e7d8138bb16","SC75ABC","Principal"
"","Factura","2026-05-07 06:05:01.01","Envio: Cofinanciamiento logistico","Cobro por cofinanciamiento logístico","Chaqueta de Paño con Cinturón Negro Nicopoly","N06189BS","152431103","-3352.941","-637.058","-3990.0","CLP","FACL-SC75ABC-20260507-CLP","3234947752","20260508C10219004210462026","a6f9a009-b43d-474e-ba10-d0c147f04ff5","sellerOrderLineDelivered","FBS","drop_shipping","Pre Calculated Transaction with Transaction Id:2788f629-c1c2-4f3c-9ff9-4d5bb3315112","SC75ABC","Principal"
"","Nota de Credito","2026-05-07 02:05:14.14","Promociones de Envio F.com","Reembolso por Promo envío falabella.com","Sweater Trenzado Cuello Alto Blanco Nicopoly","N06262AM","152488212","4193.277","796.722","4990.0","CLP","FACL-SC75ABC-20260507-CLP","3234871623","20260508C10219004210462026","ec02924b-c784-4b14-b38a-9753548c676f","sellerOrderLineDelivered","FBS","drop_shipping","","SC75ABC","Principal"
"","Factura","2026-05-07 02:05:14.14","Promociones de Envio F.com","Cobro Promo envío falabella.com","Sweater Trenzado Cuello Alto Blanco Nicopoly","N06262AM","152488212","-4193.277","-796.722","-4990.0","CLP","FACL-SC75ABC-20260507-CLP","3234871623","20260508C10219004210462026","ec02924b-c784-4b14-b38a-9753548c676f","sellerOrderLineDelivered","FBS","drop_shipping","","SC75ABC","Principal"
"","Factura","2026-05-07 02:05:14.14","Envio a cargo del Cliente","Reversa de pago de envío comprador","Sweater Trenzado Cuello Alto Blanco Nicopoly","N06262AM","152488212","0.000","0.000","0.0","CLP","FACL-SC75ABC-20260507-CLP","3234871623","20260508C10219004210462026","ec02924b-c784-4b14-b38a-9753548c676f","sellerOrderLineDelivered","FBS","drop_shipping","","SC75ABC","Principal"
"","Nota de Credito","2026-05-07 02:05:13.13","Promociones Producto","Pago de aporte promocionales a cliente (Promo)","Sweater Trenzado Cuello Alto Blanco Nicopoly","N06262AM","152488212","0.000","0.000","0.0","CLP","FACL-SC75ABC-20260507-CLP","3234871623","20260508C10219004210462026","ec02924b-c784-4b14-b38a-9753548c676f","sellerOrderLineDelivered","FBS","drop_shipping","Pre Calculated Transaction with Transaction Id:9321befd-575d-45d4-a159-ecdec3d46bc3","SC75ABC","Principal"
"","Factura","2026-05-07 02:05:13.13","Comisiones","Cobro por comisión por venta","Sweater Trenzado Cuello Alto Blanco Nicopoly","N06262AM","152488212","-4704.201","-893.798","-5598.0","CLP","FACL-SC75ABC-20260507-CLP","3234871623","20260508C10219004210462026","ec02924b-c784-4b14-b38a-9753548c676f","sellerOrderLineDelivered","FBS","drop_shipping","Pre Calculated Transaction with Transaction Id:84de25cc-180e-47a7-881f-ba59796b57ea","SC75ABC","Principal"
"","Factura","2026-05-07 02:05:13.13","Envio: Cofinanciamiento logistico","Cobro por cofinanciamiento logístico","Sweater Trenzado Cuello Alto Blanco Nicopoly","N06262AM","152488212","-6210.084","-1179.915","-7390.0","CLP","FACL-SC75ABC-20260507-CLP","3234871623","20260508C10219004210462026","ec02924b-c784-4b14-b38a-9753548c676f","sellerOrderLineDelivered","FBS","drop_shipping","Pre Calculated Transaction with Transaction Id:ce125a3a-b223-45e4-ae88-ebe8892a260a","SC75ABC","Principal"
"","Factura","2026-05-07 11:05:32.32","Logistica Inversa (Devoluciones)","Cobro por logística inversa","Blazer Básico de Tope Negro Nicopoly","N05301BS-7","152128437","-2428.571","-461.428","-2890.0","CLP","FACL-SC75ABC-20260507-CLP","3232826311","20260508C10219004210462026","c0ff5a36-d4d5-4052-a9ec-defe0a49d184","sellerReturnOrderLineUpdated","FBS","drop_shipping","","SC75ABC","Principal"
"","Nota de Debito","2026-05-07 11:05:32.32","Promociones Producto","Descuento por aportes promocionales a clientes (Promo)","Blazer Básico de Tope Negro Nicopoly","N05301BS-7","152128437","0.000","0.000","0.0","CLP","FACL-SC75ABC-20260507-CLP","3232826311","20260508C10219004210462026","c0ff5a36-d4d5-4052-a9ec-defe0a49d184","sellerReturnOrderLineUpdated","FBS","drop_shipping","","SC75ABC","Principal"
"","Nota de Credito","2026-05-07 11:05:32.32","Comisiones","Reembolso por comisión por venta","Blazer Básico de Tope Negro Nicopoly","N05301BS-7","152128437","7561.344","1436.655","8998.0","CLP","FACL-SC75ABC-20260507-CLP","3232826311","20260508C10219004210462026","c0ff5a36-d4d5-4052-a9ec-defe0a49d184","sellerReturnOrderLineUpdated","FBS","drop_shipping","","SC75ABC","Principal"
"","Factura","2026-05-07 11:05:31.31","Logistica Inversa (Devoluciones)","Cobro por logística inversa","Jeans Corte Recto Café Nicopoly","N06153UXL","152148221","-2428.571","-461.428","-2890.0","CLP","FACL-SC75ABC-20260507-CLP","3232742716","20260508C10219004210462026","46bfa501-7a8d-4f36-b66c-6746fa5b71a2","sellerReturnOrderLineUpdated","FBS","drop_shipping","","SC75ABC","Principal"
"","Nota de Credito","2026-05-07 11:05:31.31","Comisiones","Reembolso por comisión por venta","Jeans Corte Recto Café Nicopoly","N06153UXL","152148221","6721.008","1276.991","7998.0","CLP","FACL-SC75ABC-20260507-CLP","3232742716","20260508C10219004210462026","46bfa501-7a8d-4f36-b66c-6746fa5b71a2","sellerReturnOrderLineUpdated","FBS","drop_shipping","","SC75ABC","Principal"
"","Factura","2026-05-07 11:05:26.26","Logistica Inversa (Devoluciones)","Cobro por logística inversa","Pantalón Tartán Gris Nicopoly","N06277NXL","152153537","-2428.571","-461.428","-2890.0","CLP","FACL-SC75ABC-20260507-CLP","3232742716","20260508C10219004210462026","719d2e4c-cad6-4946-8bde-a3bffd01a816","sellerReturnOrderLineUpdated","FBS","drop_shipping","","SC75ABC","Principal"
"","Nota de Credito","2026-05-07 11:05:26.26","Comisiones","Reembolso por comisión por venta","Pantalón Tartán Gris Nicopoly","N06277NXL","152153537","8065.546","1532.453","9598.0","CLP","FACL-SC75ABC-20260507-CLP","3232742716","20260508C10219004210462026","719d2e4c-cad6-4946-8bde-a3bffd01a816","sellerReturnOrderLineUpdated","FBS","drop_shipping","","SC75ABC","Principal"
"","Nota de Credito","2026-05-06 09:05:58.58","Promociones de Envio F.com","Reembolso por Promo envío falabella.com","Camisa Rayas Bicolor Café Nicopoly","N05200UL","152153502","3352.941","637.058","3990.0","CLP","FACL-SC75ABC-20260506-CLP","3234895736","20260507C10219004165102026","cfe186d0-4fbd-4851-9eb8-1641ad8b13e7","sellerOrderLineDelivered","FBS","drop_shipping","","SC75ABC","Principal"
"","Factura","2026-05-06 09:05:58.58","Promociones de Envio F.com","Cobro Promo envío falabella.com","Camisa Rayas Bicolor Café Nicopoly","N05200UL","152153502","-3352.941","-637.058","-3990.0","CLP","FACL-SC75ABC-20260506-CLP","3234895736","20260507C10219004165102026","cfe186d0-4fbd-4851-9eb8-1641ad8b13e7","sellerOrderLineDelivered","FBS","drop_shipping","","SC75ABC","Principal"
"","Factura","2026-05-06 09:05:58.58","Envio a cargo del Cliente","Reversa de pago de envío comprador","Camisa Rayas Bicolor Café Nicopoly","N05200UL","152153502","0.000","0.000","0.0","CLP","FACL-SC75ABC-20260506-CLP","3234895736","20260507C10219004165102026","cfe186d0-4fbd-4851-9eb8-1641ad8b13e7","sellerOrderLineDelivered","FBS","drop_shipping","","SC75ABC","Principal"
"","Nota de Credito","2026-05-06 09:05:58.58","Promociones Producto","Pago de aporte promocionales a cliente (Promo)","Camisa Rayas Bicolor Café Nicopoly","N05200UL","152153502","0.000","0.000","0.0","CLP","FACL-SC75ABC-20260506-CLP","3234895736","20260507C10219004165102026","cfe186d0-4fbd-4851-9eb8-1641ad8b13e7","sellerOrderLineDelivered","FBS","drop_shipping","Pre Calculated Transaction with Transaction Id:c26b0c48-59cb-41cf-a49e-9c494a4520c5","SC75ABC","Principal"
"","Nota de Credito","2026-05-06 09:05:58.58","Envio: Falabella Directo (Falabella Flex)","Pago por envío directo","Camisa Rayas Bicolor Café Nicopoly","N05200UL","152153502","420.168","79.831","500.0","CLP","FACL-SC75ABC-20260506-CLP","3234895736","20260507C10219004165102026","cfe186d0-4fbd-4851-9eb8-1641ad8b13e7","sellerOrderLineDelivered","FBS","drop_shipping","Pre Calculated Transaction with Transaction Id:16cb41da-9e78-4edb-97b1-f4cce9e8ef9a","SC75ABC","Principal"
"","Factura","2026-05-06 09:05:58.58","Comisiones","Cobro por comisión por venta","Camisa Rayas Bicolor Café Nicopoly","N05200UL","152153502","-4536.134","-861.865","-5398.0","CLP","FACL-SC75ABC-20260506-CLP","3234895736","20260507C10219004165102026","cfe186d0-4fbd-4851-9eb8-1641ad8b13e7","sellerOrderLineDelivered","FBS","drop_shipping","Pre Calculated Transaction with Transaction Id:639c1136-0dda-4302-849e-e601637b5cfa","SC75ABC","Principal"
"","Nota de Credito","2026-05-06 09:05:57.57","Promociones de Envio F.com","Reembolso por Promo envío falabella.com","Gilet Sastre Entallado Café Nicopoly","N06063UL","152135219","3352.941","637.058","3990.0","CLP","FACL-SC75ABC-20260506-CLP","3234942951","20260507C10219004165102026","a7a7a5f5-fcc2-49fb-95a9-dfb50ec83228","sellerOrderLineDelivered","FBS","drop_shipping","","SC75ABC","Principal"
"","Factura","2026-05-06 09:05:57.57","Promociones de Envio F.com","Cobro Promo envío falabella.com","Gilet Sastre Entallado Café Nicopoly","N06063UL","152135219","-3352.941","-637.058","-3990.0","CLP","FACL-SC75ABC-20260506-CLP","3234942951","20260507C10219004165102026","a7a7a5f5-fcc2-49fb-95a9-dfb50ec83228","sellerOrderLineDelivered","FBS","drop_shipping","","SC75ABC","Principal"
"","Factura","2026-05-06 09:05:57.57","Envio a cargo del Cliente","Reversa de pago de envío comprador","Gilet Sastre Entallado Café Nicopoly","N06063UL","152135219","0.000","0.000","0.0","CLP","FACL-SC75ABC-20260506-CLP","3234942951","20260507C10219004165102026","a7a7a5f5-fcc2-49fb-95a9-dfb50ec83228","sellerOrderLineDelivered","FBS","drop_shipping","","SC75ABC","Principal"
"","Nota de Credito","2026-05-06 09:05:57.57","Promociones Producto","Pago de aporte promocionales a cliente (Promo)","Gilet Sastre Entallado Café Nicopoly","N06063UL","152135219","0.000","0.000","0.0","CLP","FACL-SC75ABC-20260506-CLP","3234942951","20260507C10219004165102026","a7a7a5f5-fcc2-49fb-95a9-dfb50ec83228","sellerOrderLineDelivered","FBS","drop_shipping","Pre Calculated Transaction with Transaction Id:6f97ed28-46b3-4a4e-aff4-42890f235e18","SC75ABC","Principal"
"","Nota de Credito","2026-05-06 09:05:57.57","Envio: Falabella Directo (Falabella Flex)","Pago por envío directo","Gilet Sastre Entallado Café Nicopoly","N06063UL","152135219","420.168","79.831","500.0","CLP","FACL-SC75ABC-20260506-CLP","3234942951","20260507C10219004165102026","a7a7a5f5-fcc2-49fb-95a9-dfb50ec83228","sellerOrderLineDelivered","FBS","drop_shipping","Pre Calculated Transaction with Transaction Id:7ceae623-bc1a-44b0-a1fd-f98093c43b94","SC75ABC","Principal"
"","Factura","2026-05-06 09:05:57.57","Comisiones","Cobro por comisión por venta","Gilet Sastre Entallado Café Nicopoly","N06063UL","152135219","-5544.537","-1053.462","-6598.0","CLP","FACL-SC75ABC-20260506-CLP","3234942951","20260507C10219004165102026","a7a7a5f5-fcc2-49fb-95a9-dfb50ec83228","sellerOrderLineDelivered","FBS","drop_shipping","Pre Calculated Transaction with Transaction Id:a614fd22-61f3-4c39-893e-a0525f78a9c7","SC75ABC","Principal"
"","Factura","2026-05-06 08:05:45.45","Envio a cargo del Cliente","Reversa de pago de envío comprador","Abrigo Solapa Redonda Café Nicopoly","N05252UL","152415765","-3352.941","-637.058","-3990.0","CLP","FACL-SC75ABC-20260506-CLP","3234955367","20260507C10219004165102026","40bd2fdb-5c4d-413c-845f-ca8983f546c8","sellerOrderLineDelivered","FBS","drop_shipping","","SC75ABC","Principal"
"","Nota de Credito","2026-05-06 08:05:45.45","Envio: Falabella Directo (Falabella Flex)","Pago por envío directo","Abrigo Solapa Redonda Café Nicopoly","N05252UL","152415765","420.168","79.831","500.0","CLP","FACL-SC75ABC-20260506-CLP","3234955367","20260507C10219004165102026","40bd2fdb-5c4d-413c-845f-ca8983f546c8","sellerOrderLineDelivered","FBS","drop_shipping","Pre Calculated Transaction with Transaction Id:81c10bd4-a45d-4a04-af06-bd668e0c3094","SC75ABC","Principal"
"","Factura","2026-05-06 08:05:45.45","Comisiones","Cobro por comisión por venta","Abrigo Solapa Redonda Café Nicopoly","N05252UL","152415765","-12099.159","-2298.840","-14398.0","CLP","FACL-SC75ABC-20260506-CLP","3234955367","20260507C10219004165102026","40bd2fdb-5c4d-413c-845f-ca8983f546c8","sellerOrderLineDelivered","FBS","drop_shipping","Pre Calculated Transaction with Transaction Id:2f55e3f3-e4c7-4e9b-9b6b-e791e2a2e554","SC75ABC","Principal"
"","Factura","2026-05-06 08:05:16.16","Envio a cargo del Cliente","Reversa de pago de envío comprador","Sweater Cruzado con Botones Azul Nicopoly","N06249CM","152209115","-3352.941","-637.058","-3990.0","CLP","FACL-SC75ABC-20260506-CLP","3234884224","20260507C10219004165102026","33959be5-5c13-45b9-bdd2-2818eecea6ad","sellerOrderLineDelivered","FBS","drop_shipping","","SC75ABC","Principal"
"","Nota de Credito","2026-05-06 08:05:16.16","Envio: Falabella Directo (Falabella Flex)","Pago por envío directo","Sweater Cruzado con Botones Azul Nicopoly","N06249CM","152209115","420.168","79.831","500.0","CLP","FACL-SC75ABC-20260506-CLP","3234884224","20260507C10219004165102026","33959be5-5c13-45b9-bdd2-2818eecea6ad","sellerOrderLineDelivered","FBS","drop_shipping","Pre Calculated Transaction with Transaction Id:4c8fece3-c998-4de4-a582-30f4226ba471","SC75ABC","Principal"
"","Factura","2026-05-06 08:05:16.16","Comisiones","Cobro por comisión por venta","Sweater Cruzado con Botones Azul Nicopoly","N06249CM","152209115","-5040.336","-957.663","-5998.0","CLP","FACL-SC75ABC-20260506-CLP","3234884224","20260507C10219004165102026","33959be5-5c13-45b9-bdd2-2818eecea6ad","sellerOrderLineDelivered","FBS","drop_shipping","Pre Calculated Transaction with Transaction Id:6f316c6a-9def-45db-849e-69497c0975c7","SC75ABC","Principal"
"","Nota de Credito","2026-05-06 06:05:55.55","Promociones de Envio F.com","Reembolso por Promo envío falabella.com","Cárdigan Diseño Trenzado Negro Nicopoly","N06240BS","152148359","3352.941","637.058","3990.0","CLP","FACL-SC75ABC-20260506-CLP","3234566633","20260507C10219004165102026","5b5f79e8-859c-41fd-83b4-31a06692c39b","sellerOrderLineDelivered","FBS","drop_shipping","","SC75ABC","Principal"
"","Factura","2026-05-06 06:05:55.55","Promociones de Envio F.com","Cobro Promo envío falabella.com","Cárdigan Diseño Trenzado Negro Nicopoly","N06240BS","152148359","-3352.941","-637.058","-3990.0","CLP","FACL-SC75ABC-20260506-CLP","3234566633","20260507C10219004165102026","5b5f79e8-859c-41fd-83b4-31a06692c39b","sellerOrderLineDelivered","FBS","drop_shipping","","SC75ABC","Principal"
"","Factura","2026-05-06 06:05:55.55","Envio a cargo del Cliente","Reversa de pago de envío comprador","Cárdigan Diseño Trenzado Negro Nicopoly","N06240BS","152148359","0.000","0.000","0.0","CLP","FACL-SC75ABC-20260506-CLP","3234566633","20260507C10219004165102026","5b5f79e8-859c-41fd-83b4-31a06692c39b","sellerOrderLineDelivered","FBS","drop_shipping","","SC75ABC","Principal"
"","Nota de Credito","2026-05-06 06:05:55.55","Promociones Producto","Pago de aporte promocionales a cliente (Promo)","Cárdigan Diseño Trenzado Negro Nicopoly","N06240BS","152148359","0.000","0.000","0.0","CLP","FACL-SC75ABC-20260506-CLP","3234566633","20260507C10219004165102026","5b5f79e8-859c-41fd-83b4-31a06692c39b","sellerOrderLineDelivered","FBS","drop_shipping","Pre Calculated Transaction with Transaction Id:db00521e-e96c-4e01-85b1-f033ab35a48a","SC75ABC","Principal"
"","Nota de Credito","2026-05-06 06:05:55.55","Envio: Falabella Directo (Falabella Flex)","Pago por envío directo","Cárdigan Diseño Trenzado Negro Nicopoly","N06240BS","152148359","420.168","79.831","500.0","CLP","FACL-SC75ABC-20260506-CLP","3234566633","20260507C10219004165102026","5b5f79e8-859c-41fd-83b4-31a06692c39b","sellerOrderLineDelivered","FBS","drop_shipping","Pre Calculated Transaction with Transaction Id:23c8a8f4-952d-42eb-a1f9-0559e8629004","SC75ABC","Principal"
"","Factura","2026-05-06 06:05:55.55","Comisiones","Cobro por comisión por venta","Cárdigan Diseño Trenzado Negro Nicopoly","N06240BS","152148359","-4872.268","-925.730","-5798.0","CLP","FACL-SC75ABC-20260506-CLP","3234566633","20260507C10219004165102026","5b5f79e8-859c-41fd-83b4-31a06692c39b","sellerOrderLineDelivered","FBS","drop_shipping","Pre Calculated Transaction with Transaction Id:6335fd1d-fea1-4006-b416-33cbf2b6ea76","SC75ABC","Principal"
"","Factura","2026-05-06 06:05:22.22","Envio a cargo del Cliente","Reversa de pago de envío comprador","Camisa Rayas Bicolor Café Nicopoly","N05200UM","152153501","-3352.941","-637.058","-3990.0","CLP","FACL-SC75ABC-20260506-CLP","3234576335","20260507C10219004165102026","ab1508b4-28ce-40e9-97b7-175417962cfe","sellerOrderLineDelivered","FBS","drop_shipping","","SC75ABC","Principal"
"","Nota de Credito","2026-05-06 06:05:21.21","Envio: Falabella Directo (Falabella Flex)","Pago por envío directo","Camisa Rayas Bicolor Café Nicopoly","N05200UM","152153501","420.168","79.831","500.0","CLP","FACL-SC75ABC-20260506-CLP","3234576335","20260507C10219004165102026","ab1508b4-28ce-40e9-97b7-175417962cfe","sellerOrderLineDelivered","FBS","drop_shipping","Pre Calculated Transaction with Transaction Id:5d8060de-7f21-4370-88f5-d285b3cc924d","SC75ABC","Principal"
"","Factura","2026-05-06 06:05:21.21","Comisiones","Cobro por comisión por venta","Camisa Rayas Bicolor Café Nicopoly","N05200UM","152153501","-3359.663","-638.335","-3998.0","CLP","FACL-SC75ABC-20260506-CLP","3234576335","20260507C10219004165102026","ab1508b4-28ce-40e9-97b7-175417962cfe","sellerOrderLineDelivered","FBS","drop_shipping","Pre Calculated Transaction with Transaction Id:29c50a6d-de96-4419-bf08-7bab162af724","SC75ABC","Principal"
"","Nota de Credito","2026-05-06 06:05:04.04","Promociones de Envio F.com","Reembolso por Promo envío falabella.com","Blazer Oversize Tipo Gamuza Café Nicopoly","N06196UM","152209096","3352.941","637.058","3990.0","CLP","FACL-SC75ABC-20260506-CLP","3234912609","20260507C10219004165102026","8c8edd44-ec7b-42fb-9e8c-d737f47363a3","sellerOrderLineDelivered","FBS","drop_shipping","","SC75ABC","Principal"
"","Factura","2026-05-06 06:05:04.04","Promociones de Envio F.com","Cobro Promo envío falabella.com","Blazer Oversize Tipo Gamuza Café Nicopoly","N06196UM","152209096","-3352.941","-637.058","-3990.0","CLP","FACL-SC75ABC-20260506-CLP","3234912609","20260507C10219004165102026","8c8edd44-ec7b-42fb-9e8c-d737f47363a3","sellerOrderLineDelivered","FBS","drop_shipping","","SC75ABC","Principal"
"","Factura","2026-05-06 06:05:04.04","Envio a cargo del Cliente","Reversa de pago de envío comprador","Blazer Oversize Tipo Gamuza Café Nicopoly","N06196UM","152209096","0.000","0.000","0.0","CLP","FACL-SC75ABC-20260506-CLP","3234912609","20260507C10219004165102026","8c8edd44-ec7b-42fb-9e8c-d737f47363a3","sellerOrderLineDelivered","FBS","drop_shipping","","SC75ABC","Principal"
"","Nota de Credito","2026-05-06 06:05:04.04","Promociones Producto","Pago de aporte promocionales a cliente (Promo)","Blazer Oversize Tipo Gamuza Café Nicopoly","N06196UM","152209096","0.000","0.000","0.0","CLP","FACL-SC75ABC-20260506-CLP","3234912609","20260507C10219004165102026","8c8edd44-ec7b-42fb-9e8c-d737f47363a3","sellerOrderLineDelivered","FBS","drop_shipping","Pre Calculated Transaction with Transaction Id:d64b69f0-1e8b-410a-aa23-c5721a1ee825","SC75ABC","Principal"
"","Nota de Credito","2026-05-06 06:05:04.04","Envio: Falabella Directo (Falabella Flex)","Pago por envío directo","Blazer Oversize Tipo Gamuza Café Nicopoly","N06196UM","152209096","420.168","79.831","500.0","CLP","FACL-SC75ABC-20260506-CLP","3234912609","20260507C10219004165102026","8c8edd44-ec7b-42fb-9e8c-d737f47363a3","sellerOrderLineDelivered","FBS","drop_shipping","Pre Calculated Transaction with Transaction Id:eb1b4355-ac1f-49c8-aa40-64c180acefc4","SC75ABC","Principal"
"","Factura","2026-05-06 06:05:04.04","Comisiones","Cobro por comisión por venta","Blazer Oversize Tipo Gamuza Café Nicopoly","N06196UM","152209096","-9410.084","-1787.915","-11198.0","CLP","FACL-SC75ABC-20260506-CLP","3234912609","20260507C10219004165102026","8c8edd44-ec7b-42fb-9e8c-d737f47363a3","sellerOrderLineDelivered","FBS","drop_shipping","Pre Calculated Transaction with Transaction Id:b4c2351b-ac9c-4a7c-bc47-3becfc1a87c6","SC75ABC","Principal"
"","Nota de Credito","2026-05-06 04:05:35.35","Promociones de Envio F.com","Reembolso por Promo envío falabella.com","Sweater Cruzado con Botones Morado Nicopoly","N06249ZS","152209159","2516.806","478.193","2995.0","CLP","FACL-SC75ABC-20260506-CLP","3234744201","20260507C10219004165102026","8f9bc2af-8f04-4482-9ec3-a758b3b7af46","sellerOrderLineDelivered","FBS","drop_shipping","","SC75ABC","Principal"
"","Factura","2026-05-06 04:05:35.35","Promociones de Envio F.com","Cobro Promo envío falabella.com","Sweater Cruzado con Botones Morado Nicopoly","N06249ZS","152209159","-2516.806","-478.193","-2995.0","CLP","FACL-SC75ABC-20260506-CLP","3234744201","20260507C10219004165102026","8f9bc2af-8f04-4482-9ec3-a758b3b7af46","sellerOrderLineDelivered","FBS","drop_shipping","","SC75ABC","Principal"
"","Factura","2026-05-06 04:05:35.35","Envio a cargo del Cliente","Reversa de pago de envío comprador","Sweater Cruzado con Botones Morado Nicopoly","N06249ZS","152209159","0.000","0.000","0.0","CLP","FACL-SC75ABC-20260506-CLP","3234744201","20260507C10219004165102026","8f9bc2af-8f04-4482-9ec3-a758b3b7af46","sellerOrderLineDelivered","FBS","drop_shipping","","SC75ABC","Principal"
"","Nota de Credito","2026-05-06 04:05:35.35","Promociones Producto","Pago de aporte promocionales a cliente (Promo)","Sweater Cruzado con Botones Morado Nicopoly","N06249ZS","152209159","0.000","0.000","0.0","CLP","FACL-SC75ABC-20260506-CLP","3234744201","20260507C10219004165102026","8f9bc2af-8f04-4482-9ec3-a758b3b7af46","sellerOrderLineDelivered","FBS","drop_shipping","Pre Calculated Transaction with Transaction Id:02584477-08ae-40b1-a36a-aeaadd6f14dd","SC75ABC","Principal"
"","Factura","2026-05-06 04:05:35.35","Comisiones","Cobro por comisión por venta","Sweater Cruzado con Botones Morado Nicopoly","N06249ZS","152209159","-5040.336","-957.663","-5998.0","CLP","FACL-SC75ABC-20260506-CLP","3234744201","20260507C10219004165102026","8f9bc2af-8f04-4482-9ec3-a758b3b7af46","sellerOrderLineDelivered","FBS","drop_shipping","Pre Calculated Transaction with Transaction Id:6d3873c8-4b50-4d69-ac5f-a50b274ef2d3","SC75ABC","Principal"
"","Factura","2026-05-06 04:05:35.35","Envio: Cofinanciamiento logistico","Cobro por cofinanciamiento logístico","Sweater Cruzado con Botones Morado Nicopoly","N06249ZS","152209159","-6210.084","-1179.915","-7390.0","CLP","FACL-SC75ABC-20260506-CLP","3234744201","20260507C10219004165102026","8f9bc2af-8f04-4482-9ec3-a758b3b7af46","sellerOrderLineDelivered","FBS","drop_shipping","Pre Calculated Transaction with Transaction Id:7ec66fbb-ab2b-46d2-b2a6-a3318afc81ee","SC75ABC","Principal"
"","Nota de Credito","2026-05-06 04:05:35.35","Promociones de Envio F.com","Reembolso por Promo envío falabella.com","Sweater Cruzado con Botones Azul Nicopoly","N06249CS","152209118","2516.806","478.193","2995.0","CLP","FACL-SC75ABC-20260506-CLP","3234744201","20260507C10219004165102026","dd1d51bd-c03a-4a7f-8088-0833e7c02695","sellerOrderLineDelivered","FBS","drop_shipping","","SC75ABC","Principal"
"","Factura","2026-05-06 04:05:35.35","Promociones de Envio F.com","Cobro Promo envío falabella.com","Sweater Cruzado con Botones Azul Nicopoly","N06249CS","152209118","-2516.806","-478.193","-2995.0","CLP","FACL-SC75ABC-20260506-CLP","3234744201","20260507C10219004165102026","dd1d51bd-c03a-4a7f-8088-0833e7c02695","sellerOrderLineDelivered","FBS","drop_shipping","","SC75ABC","Principal"
"","Factura","2026-05-06 04:05:35.35","Envio a cargo del Cliente","Reversa de pago de envío comprador","Sweater Cruzado con Botones Azul Nicopoly","N06249CS","152209118","0.000","0.000","0.0","CLP","FACL-SC75ABC-20260506-CLP","3234744201","20260507C10219004165102026","dd1d51bd-c03a-4a7f-8088-0833e7c02695","sellerOrderLineDelivered","FBS","drop_shipping","","SC75ABC","Principal"
"","Nota de Credito","2026-05-06 04:05:35.35","Promociones Producto","Pago de aporte promocionales a cliente (Promo)","Sweater Cruzado con Botones Azul Nicopoly","N06249CS","152209118","0.000","0.000","0.0","CLP","FACL-SC75ABC-20260506-CLP","3234744201","20260507C10219004165102026","dd1d51bd-c03a-4a7f-8088-0833e7c02695","sellerOrderLineDelivered","FBS","drop_shipping","Pre Calculated Transaction with Transaction Id:50607145-7eef-4c91-af6e-9ab77541f034","SC75ABC","Principal"
"","Factura","2026-05-06 04:05:35.35","Comisiones","Cobro por comisión por venta","Sweater Cruzado con Botones Azul Nicopoly","N06249CS","152209118","-5040.336","-957.663","-5998.0","CLP","FACL-SC75ABC-20260506-CLP","3234744201","20260507C10219004165102026","dd1d51bd-c03a-4a7f-8088-0833e7c02695","sellerOrderLineDelivered","FBS","drop_shipping","Pre Calculated Transaction with Transaction Id:cc0e2160-6405-40c3-8acb-a9e7e7fc2777","SC75ABC","Principal"
"","Factura","2026-05-06 04:05:35.35","Envio: Cofinanciamiento logistico","Cobro por cofinanciamiento logístico","Sweater Cruzado con Botones Azul Nicopoly","N06249CS","152209118","-6210.084","-1179.915","-7390.0","CLP","FACL-SC75ABC-20260506-CLP","3234744201","20260507C10219004165102026","dd1d51bd-c03a-4a7f-8088-0833e7c02695","sellerOrderLineDelivered","FBS","drop_shipping","Pre Calculated Transaction with Transaction Id:55bbf884-04af-4726-88ac-afa610a6060e","SC75ABC","Principal"
"","Factura","2026-05-06 03:05:29.29","Envio a cargo del Cliente","Reversa de pago de envío comprador","Abrigo Largo Lazo Negro Nicopoly","N04227BM-6","152389317","-3352.941","-637.058","-3990.0","CLP","FACL-SC75ABC-20260506-CLP","3234833478","20260507C10219004165102026","6bf6ab80-5998-4f2e-b4b3-e61cfc4ff6ff","sellerOrderLineDelivered","FBS","drop_shipping","","SC75ABC","Principal"
"","Nota de Credito","2026-05-06 03:05:29.29","Envio: Falabella Directo (Falabella Flex)","Pago por envío directo","Abrigo Largo Lazo Negro Nicopoly","N04227BM-6","152389317","420.168","79.831","500.0","CLP","FACL-SC75ABC-20260506-CLP","3234833478","20260507C10219004165102026","6bf6ab80-5998-4f2e-b4b3-e61cfc4ff6ff","sellerOrderLineDelivered","FBS","drop_shipping","Pre Calculated Transaction with Transaction Id:9b14d4e0-5c66-4f3d-9276-62677af29968","SC75ABC","Principal"
"","Factura","2026-05-06 03:05:29.29","Comisiones","Cobro por comisión por venta","Abrigo Largo Lazo Negro Nicopoly","N04227BM-6","152389317","-13443.697","-2554.302","-15998.0","CLP","FACL-SC75ABC-20260506-CLP","3234833478","20260507C10219004165102026","6bf6ab80-5998-4f2e-b4b3-e61cfc4ff6ff","sellerOrderLineDelivered","FBS","drop_shipping","Pre Calculated Transaction with Transaction Id:8afb9cc6-7e4b-4ba4-81c4-efa7fa99275c","SC75ABC","Principal"
"","Factura","2026-05-06 03:05:14.14","Envio a cargo del Cliente","Reversa de pago de envío comprador","Blazer Básico de Tope Verde Nicopoly","N05301EXL-7","152133068","-1676.470","-318.529","-1995.0","CLP","FACL-SC75ABC-20260506-CLP","3234732889","20260507C10219004165102026","86b34c3f-4009-4061-bdaf-63b7e0747dae","sellerOrderLineDelivered","FBS","drop_shipping","","SC75ABC","Principal"
"","Nota de Credito","2026-05-06 03:05:14.14","Envio: Falabella Directo (Falabella Flex)","Pago por envío directo","Blazer Básico de Tope Verde Nicopoly","N05301EXL-7","152133068","420.168","79.831","500.0","CLP","FACL-SC75ABC-20260506-CLP","3234732889","20260507C10219004165102026","86b34c3f-4009-4061-bdaf-63b7e0747dae","sellerOrderLineDelivered","FBS","drop_shipping","Pre Calculated Transaction with Transaction Id:288b157d-9a03-4904-b49a-d3b569d99f83","SC75ABC","Principal"
"","Factura","2026-05-06 03:05:14.14","Comisiones","Cobro por comisión por venta","Blazer Básico de Tope Verde Nicopoly","N05301EXL-7","152133068","-7561.344","-1436.655","-8998.0","CLP","FACL-SC75ABC-20260506-CLP","3234732889","20260507C10219004165102026","86b34c3f-4009-4061-bdaf-63b7e0747dae","sellerOrderLineDelivered","FBS","drop_shipping","Pre Calculated Transaction with Transaction Id:caad4b6f-bb5d-4bbb-8ccf-ee955e669c43","SC75ABC","Principal"
"","Factura","2026-05-06 03:05:14.14","Envio a cargo del Cliente","Reversa de pago de envío comprador","Blazer Básico de Tope Verde Nicopoly","N05301EXL-7","152133068","-1676.470","-318.529","-1995.0","CLP","FACL-SC75ABC-20260506-CLP","3234732889","20260507C10219004165102026","a33b7734-222a-44cd-99c4-5012f410e7be","sellerOrderLineDelivered","FBS","drop_shipping","","SC75ABC","Principal"
"","Nota de Credito","2026-05-06 03:05:14.14","Envio: Falabella Directo (Falabella Flex)","Pago por envío directo","Blazer Básico de Tope Verde Nicopoly","N05301EXL-7","152133068","420.168","79.831","500.0","CLP","FACL-SC75ABC-20260506-CLP","3234732889","20260507C10219004165102026","a33b7734-222a-44cd-99c4-5012f410e7be","sellerOrderLineDelivered","FBS","drop_shipping","Pre Calculated Transaction with Transaction Id:ae4aecaf-f5a7-4da7-b78c-4daaeecc6896","SC75ABC","Principal"
"","Factura","2026-05-06 03:05:14.14","Comisiones","Cobro por comisión por venta","Blazer Básico de Tope Verde Nicopoly","N05301EXL-7","152133068","-7561.344","-1436.655","-8998.0","CLP","FACL-SC75ABC-20260506-CLP","3234732889","20260507C10219004165102026","a33b7734-222a-44cd-99c4-5012f410e7be","sellerOrderLineDelivered","FBS","drop_shipping","Pre Calculated Transaction with Transaction Id:7039732c-4ba2-4ec9-b6b8-63f2031137ec","SC75ABC","Principal"
"","Nota de Credito","2026-05-06 03:05:57.57","Promociones de Envio F.com","Reembolso por Promo envío falabella.com","Abrigo Lazo Café Nicopoly","N04227UM","152412076","1546.218","293.781","1840.0","CLP","FACL-SC75ABC-20260506-CLP","3234566321","20260507C10219004165102026","31206931-ee35-4730-9623-627d4aeaaf47","sellerOrderLineDelivered","FBS","drop_shipping","","SC75ABC","Principal"
"","Factura","2026-05-06 03:05:57.57","Promociones de Envio F.com","Cobro Promo envío falabella.com","Abrigo Lazo Café Nicopoly","N04227UM","152412076","-1546.218","-293.781","-1840.0","CLP","FACL-SC75ABC-20260506-CLP","3234566321","20260507C10219004165102026","31206931-ee35-4730-9623-627d4aeaaf47","sellerOrderLineDelivered","FBS","drop_shipping","","SC75ABC","Principal"
"","Factura","2026-05-06 03:05:57.57","Envio a cargo del Cliente","Reversa de pago de envío comprador","Abrigo Lazo Café Nicopoly","N04227UM","152412076","0.000","0.000","0.0","CLP","FACL-SC75ABC-20260506-CLP","3234566321","20260507C10219004165102026","31206931-ee35-4730-9623-627d4aeaaf47","sellerOrderLineDelivered","FBS","drop_shipping","","SC75ABC","Principal"
"","Nota de Credito","2026-05-06 03:05:57.57","Promociones Producto","Pago de aporte promocionales a cliente (Promo)","Abrigo Lazo Café Nicopoly","N04227UM","152412076","0.000","0.000","0.0","CLP","FACL-SC75ABC-20260506-CLP","3234566321","20260507C10219004165102026","31206931-ee35-4730-9623-627d4aeaaf47","sellerOrderLineDelivered","FBS","drop_shipping","Pre Calculated Transaction with Transaction Id:0c640203-c396-45c5-80a0-634f2d5cc135","SC75ABC","Principal"
"","Nota de Credito","2026-05-06 03:05:57.57","Envio: Falabella Directo (Falabella Flex)","Pago por envío directo","Abrigo Lazo Café Nicopoly","N04227UM","152412076","420.168","79.831","500.0","CLP","FACL-SC75ABC-20260506-CLP","3234566321","20260507C10219004165102026","31206931-ee35-4730-9623-627d4aeaaf47","sellerOrderLineDelivered","FBS","drop_shipping","Pre Calculated Transaction with Transaction Id:42f1cc73-fe5d-4bbc-9a1c-24c6c7bb2795","SC75ABC","Principal"
"","Factura","2026-05-06 03:05:57.57","Comisiones","Cobro por comisión por venta","Abrigo Lazo Café Nicopoly","N04227UM","152412076","-13443.697","-2554.302","-15998.0","CLP","FACL-SC75ABC-20260506-CLP","3234566321","20260507C10219004165102026","31206931-ee35-4730-9623-627d4aeaaf47","sellerOrderLineDelivered","FBS","drop_shipping","Pre Calculated Transaction with Transaction Id:125512c5-64db-418e-99b2-3a6acb1e2d2e","SC75ABC","Principal"
"","Nota de Credito","2026-05-06 03:05:49.49","Promociones de Envio F.com","Reembolso por Promo envío falabella.com","Abrigo con Solapa y Cinturón Beige Nicopoly","N06211GM","152500466","2647.058","502.941","3150.0","CLP","FACL-SC75ABC-20260506-CLP","3234566321","20260507C10219004165102026","10588c27-72a0-44c2-ac8a-65314cb1ba99","sellerOrderLineDelivered","FBS","drop_shipping","","SC75ABC","Principal"
"","Factura","2026-05-06 03:05:49.49","Promociones de Envio F.com","Cobro Promo envío falabella.com","Abrigo con Solapa y Cinturón Beige Nicopoly","N06211GM","152500466","-2647.058","-502.941","-3150.0","CLP","FACL-SC75ABC-20260506-CLP","3234566321","20260507C10219004165102026","10588c27-72a0-44c2-ac8a-65314cb1ba99","sellerOrderLineDelivered","FBS","drop_shipping","","SC75ABC","Principal"
"","Factura","2026-05-06 03:05:49.49","Envio a cargo del Cliente","Reversa de pago de envío comprador","Abrigo con Solapa y Cinturón Beige Nicopoly","N06211GM","152500466","0.000","0.000","0.0","CLP","FACL-SC75ABC-20260506-CLP","3234566321","20260507C10219004165102026","10588c27-72a0-44c2-ac8a-65314cb1ba99","sellerOrderLineDelivered","FBS","drop_shipping","","SC75ABC","Principal"
"","Nota de Credito","2026-05-06 03:05:49.49","Promociones Producto","Pago de aporte promocionales a cliente (Promo)","Abrigo con Solapa y Cinturón Beige Nicopoly","N06211GM","152500466","0.000","0.000","0.0","CLP","FACL-SC75ABC-20260506-CLP","3234566321","20260507C10219004165102026","10588c27-72a0-44c2-ac8a-65314cb1ba99","sellerOrderLineDelivered","FBS","drop_shipping","Pre Calculated Transaction with Transaction Id:3ac8f4c5-48ab-449d-87a5-49844876ae2f","SC75ABC","Principal"
"","Nota de Credito","2026-05-06 03:05:49.49","Envio: Falabella Directo (Falabella Flex)","Pago por envío directo","Abrigo con Solapa y Cinturón Beige Nicopoly","N06211GM","152500466","420.168","79.831","500.0","CLP","FACL-SC75ABC-20260506-CLP","3234566321","20260507C10219004165102026","10588c27-72a0-44c2-ac8a-65314cb1ba99","sellerOrderLineDelivered","FBS","drop_shipping","Pre Calculated Transaction with Transaction Id:324bfaa5-3771-409d-ae8e-aeaf1aae1a57","SC75ABC","Principal"
"","Factura","2026-05-06 03:05:49.49","Comisiones","Cobro por comisión por venta","Abrigo con Solapa y Cinturón Beige Nicopoly","N06211GM","152500466","-23023.529","-4374.470","-27398.0","CLP","FACL-SC75ABC-20260506-CLP","3234566321","20260507C10219004165102026","10588c27-72a0-44c2-ac8a-65314cb1ba99","sellerOrderLineDelivered","FBS","drop_shipping","Pre Calculated Transaction with Transaction Id:441f42bb-2589-459c-9bc7-9b4082597602","SC75ABC","Principal"
"","Nota de Credito","2026-05-06 03:05:15.15","Promociones de Envio F.com","Reembolso por Promo envío falabella.com","Blazer  Dos Botones Burdeo Nicopoly","N06190TL","152147937","3352.941","637.058","3990.0","CLP","FACL-SC75ABC-20260506-CLP","3234812267","20260507C10219004165102026","65fc431a-4516-4c17-bc74-68ec471df6a6","sellerOrderLineDelivered","FBS","drop_shipping","","SC75ABC","Principal"
"","Factura","2026-05-06 03:05:15.15","Promociones de Envio F.com","Cobro Promo envío falabella.com","Blazer  Dos Botones Burdeo Nicopoly","N06190TL","152147937","-3352.941","-637.058","-3990.0","CLP","FACL-SC75ABC-20260506-CLP","3234812267","20260507C10219004165102026","65fc431a-4516-4c17-bc74-68ec471df6a6","sellerOrderLineDelivered","FBS","drop_shipping","","SC75ABC","Principal"
"","Factura","2026-05-06 03:05:15.15","Envio a cargo del Cliente","Reversa de pago de envío comprador","Blazer  Dos Botones Burdeo Nicopoly","N06190TL","152147937","0.000","0.000","0.0","CLP","FACL-SC75ABC-20260506-CLP","3234812267","20260507C10219004165102026","65fc431a-4516-4c17-bc74-68ec471df6a6","sellerOrderLineDelivered","FBS","drop_shipping","","SC75ABC","Principal"
"","Nota de Credito","2026-05-06 03:05:15.15","Promociones Producto","Pago de aporte promocionales a cliente (Promo)","Blazer  Dos Botones Burdeo Nicopoly","N06190TL","152147937","0.000","0.000","0.0","CLP","FACL-SC75ABC-20260506-CLP","3234812267","20260507C10219004165102026","65fc431a-4516-4c17-bc74-68ec471df6a6","sellerOrderLineDelivered","FBS","drop_shipping","Pre Calculated Transaction with Transaction Id:76ff3338-a515-4a18-8f6b-8a002ed51296","SC75ABC","Principal"
"","Nota de Credito","2026-05-06 03:05:15.15","Envio: Falabella Directo (Falabella Flex)","Pago por envío directo","Blazer  Dos Botones Burdeo Nicopoly","N06190TL","152147937","420.168","79.831","500.0","CLP","FACL-SC75ABC-20260506-CLP","3234812267","20260507C10219004165102026","65fc431a-4516-4c17-bc74-68ec471df6a6","sellerOrderLineDelivered","FBS","drop_shipping","Pre Calculated Transaction with Transaction Id:acf243df-1d52-4fc6-8c6c-6b0a47f9320e","SC75ABC","Principal"
"","Factura","2026-05-06 03:05:15.15","Comisiones","Cobro por comisión por venta","Blazer  Dos Botones Burdeo Nicopoly","N06190TL","152147937","-10082.352","-1915.646","-11998.0","CLP","FACL-SC75ABC-20260506-CLP","3234812267","20260507C10219004165102026","65fc431a-4516-4c17-bc74-68ec471df6a6","sellerOrderLineDelivered","FBS","drop_shipping","Pre Calculated Transaction with Transaction Id:4f0033e3-b573-4a36-bf34-7c503ddfa112","SC75ABC","Principal"
"","Nota de Credito","2026-05-06 02:05:35.35","Promociones de Envio F.com","Reembolso por Promo envío falabella.com","Sweater Cuello Alto Rombos Café Nicopoly","N06239UL","152359493","1672.268","317.730","1990.0","CLP","FACL-SC75ABC-20260506-CLP","3234512263","20260507C10219004165102026","dde3f9da-1b22-44b5-813e-bd732cae566b","sellerOrderLineDelivered","FBS","drop_shipping","","SC75ABC","Principal"
"","Factura","2026-05-06 02:05:35.35","Promociones de Envio F.com","Cobro Promo envío falabella.com","Sweater Cuello Alto Rombos Café Nicopoly","N06239UL","152359493","-1672.268","-317.730","-1990.0","CLP","FACL-SC75ABC-20260506-CLP","3234512263","20260507C10219004165102026","dde3f9da-1b22-44b5-813e-bd732cae566b","sellerOrderLineDelivered","FBS","drop_shipping","","SC75ABC","Principal"
"","Factura","2026-05-06 02:05:35.35","Envio a cargo del Cliente","Reversa de pago de envío comprador","Sweater Cuello Alto Rombos Café Nicopoly","N06239UL","152359493","0.000","0.000","0.0","CLP","FACL-SC75ABC-20260506-CLP","3234512263","20260507C10219004165102026","dde3f9da-1b22-44b5-813e-bd732cae566b","sellerOrderLineDelivered","FBS","drop_shipping","","SC75ABC","Principal"
"","Nota de Credito","2026-05-06 02:05:35.35","Promociones Producto","Pago de aporte promocionales a cliente (Promo)","Sweater Cuello Alto Rombos Café Nicopoly","N06239UL","152359493","0.000","0.000","0.0","CLP","FACL-SC75ABC-20260506-CLP","3234512263","20260507C10219004165102026","dde3f9da-1b22-44b5-813e-bd732cae566b","sellerOrderLineDelivered","FBS","drop_shipping","Pre Calculated Transaction with Transaction Id:d7415e52-1d2f-489a-bb90-d8c872765931","SC75ABC","Principal"
"","Factura","2026-05-06 02:05:35.35","Comisiones","Cobro por comisión por venta","Sweater Cuello Alto Rombos Café Nicopoly","N06239UL","152359493","-4704.201","-893.798","-5598.0","CLP","FACL-SC75ABC-20260506-CLP","3234512263","20260507C10219004165102026","dde3f9da-1b22-44b5-813e-bd732cae566b","sellerOrderLineDelivered","FBS","drop_shipping","Pre Calculated Transaction with Transaction Id:8a5378a3-2db7-4648-a1af-1daa17d5d9a6","SC75ABC","Principal"
"","Factura","2026-05-06 02:05:35.35","Envio: Cofinanciamiento logistico","Cobro por cofinanciamiento logístico","Sweater Cuello Alto Rombos Café Nicopoly","N06239UL","152359493","-6210.084","-1179.915","-7390.0","CLP","FACL-SC75ABC-20260506-CLP","3234512263","20260507C10219004165102026","dde3f9da-1b22-44b5-813e-bd732cae566b","sellerOrderLineDelivered","FBS","drop_shipping","Pre Calculated Transaction with Transaction Id:2dd794b6-34ad-4397-873e-0b61d41064b7","SC75ABC","Principal"
"","Factura","2026-05-06 02:05:18.18","Envio a cargo del Cliente","Reversa de pago de envío comprador","Pantalón  Recto Burdeo Nicopoly","N06192TS","152148040","-1672.268","-317.730","-1990.0","CLP","FACL-SC75ABC-20260506-CLP","3234265282","20260507C10219004165102026","a91ffe8d-99ca-4c00-9154-47a68865d77b","sellerOrderLineDelivered","FBS","drop_shipping","","SC75ABC","Principal"
"","Factura","2026-05-06 02:05:18.18","Comisiones","Cobro por comisión por venta","Pantalón  Recto Burdeo Nicopoly","N06192TS","152148040","-6721.008","-1276.991","-7998.0","CLP","FACL-SC75ABC-20260506-CLP","3234265282","20260507C10219004165102026","a91ffe8d-99ca-4c00-9154-47a68865d77b","sellerOrderLineDelivered","FBS","drop_shipping","Pre Calculated Transaction with Transaction Id:d47bc223-2033-4f66-81f7-7892dd0eb54e","SC75ABC","Principal"
"","Factura","2026-05-06 02:05:18.18","Envio: Cofinanciamiento logistico","Cobro por cofinanciamiento logístico","Pantalón  Recto Burdeo Nicopoly","N06192TS","152148040","-4697.478","-892.520","-5590.0","CLP","FACL-SC75ABC-20260506-CLP","3234265282","20260507C10219004165102026","a91ffe8d-99ca-4c00-9154-47a68865d77b","sellerOrderLineDelivered","FBS","drop_shipping","Pre Calculated Transaction with Transaction Id:94dd0b12-6b9f-4213-9ead-b56a6f472059","SC75ABC","Principal"
"","Factura","2026-05-06 01:05:12.12","Envio a cargo del Cliente","Reversa de pago de envío comprador","Trench Clásico Doble Botonadura Café Nicopoly","N06187UM","152499987","-3352.941","-637.058","-3990.0","CLP","FACL-SC75ABC-20260506-CLP","3234669588","20260507C10219004165102026","70c0d24f-d5d6-480b-a98e-1bb1e001e731","sellerOrderLineDelivered","FBS","drop_shipping","","SC75ABC","Principal"
"","Nota de Credito","2026-05-06 01:05:12.12","Envio: Falabella Directo (Falabella Flex)","Pago por envío directo","Trench Clásico Doble Botonadura Café Nicopoly","N06187UM","152499987","420.168","79.831","500.0","CLP","FACL-SC75ABC-20260506-CLP","3234669588","20260507C10219004165102026","70c0d24f-d5d6-480b-a98e-1bb1e001e731","sellerOrderLineDelivered","FBS","drop_shipping","Pre Calculated Transaction with Transaction Id:241724e4-fd3b-4707-8298-88c17110fae9","SC75ABC","Principal"
"","Factura","2026-05-06 01:05:12.12","Comisiones","Cobro por comisión por venta","Trench Clásico Doble Botonadura Café Nicopoly","N06187UM","152499987","-13779.831","-2618.167","-16398.0","CLP","FACL-SC75ABC-20260506-CLP","3234669588","20260507C10219004165102026","70c0d24f-d5d6-480b-a98e-1bb1e001e731","sellerOrderLineDelivered","FBS","drop_shipping","Pre Calculated Transaction with Transaction Id:e019b9f5-94eb-405e-a41b-41cb7100319d","SC75ABC","Principal"
"","Nota de Credito","2026-05-06 01:05:09.09","Promociones de Envio F.com","Reembolso por Promo envío falabella.com","Camisa Rayas Bicolor Café Nicopoly","N05200UM","152153501","3352.941","637.058","3990.0","CLP","FACL-SC75ABC-20260506-CLP","3234660104","20260507C10219004165102026","f5ffb335-9973-4d1e-98fa-fdac907a5ee2","sellerOrderLineDelivered","FBS","drop_shipping","","SC75ABC","Principal"
"","Factura","2026-05-06 01:05:09.09","Promociones de Envio F.com","Cobro Promo envío falabella.com","Camisa Rayas Bicolor Café Nicopoly","N05200UM","152153501","-3352.941","-637.058","-3990.0","CLP","FACL-SC75ABC-20260506-CLP","3234660104","20260507C10219004165102026","f5ffb335-9973-4d1e-98fa-fdac907a5ee2","sellerOrderLineDelivered","FBS","drop_shipping","","SC75ABC","Principal"
"","Factura","2026-05-06 01:05:09.09","Envio a cargo del Cliente","Reversa de pago de envío comprador","Camisa Rayas Bicolor Café Nicopoly","N05200UM","152153501","0.000","0.000","0.0","CLP","FACL-SC75ABC-20260506-CLP","3234660104","20260507C10219004165102026","f5ffb335-9973-4d1e-98fa-fdac907a5ee2","sellerOrderLineDelivered","FBS","drop_shipping","","SC75ABC","Principal"
"","Nota de Credito","2026-05-06 01:05:08.08","Promociones Producto","Pago de aporte promocionales a cliente (Promo)","Camisa Rayas Bicolor Café Nicopoly","N05200UM","152153501","0.000","0.000","0.0","CLP","FACL-SC75ABC-20260506-CLP","3234660104","20260507C10219004165102026","f5ffb335-9973-4d1e-98fa-fdac907a5ee2","sellerOrderLineDelivered","FBS","drop_shipping","Pre Calculated Transaction with Transaction Id:3dadde39-4cad-4ea8-8ba5-fbd7078c1eeb","SC75ABC","Principal"
"","Nota de Credito","2026-05-06 01:05:08.08","Envio: Falabella Directo (Falabella Flex)","Pago por envío directo","Camisa Rayas Bicolor Café Nicopoly","N05200UM","152153501","420.168","79.831","500.0","CLP","FACL-SC75ABC-20260506-CLP","3234660104","20260507C10219004165102026","f5ffb335-9973-4d1e-98fa-fdac907a5ee2","sellerOrderLineDelivered","FBS","drop_shipping","Pre Calculated Transaction with Transaction Id:9c331e70-66cb-43a5-a223-61d8eb79754b","SC75ABC","Principal"
"","Factura","2026-05-06 01:05:08.08","Comisiones","Cobro por comisión por venta","Camisa Rayas Bicolor Café Nicopoly","N05200UM","152153501","-3359.663","-638.335","-3998.0","CLP","FACL-SC75ABC-20260506-CLP","3234660104","20260507C10219004165102026","f5ffb335-9973-4d1e-98fa-fdac907a5ee2","sellerOrderLineDelivered","FBS","drop_shipping","Pre Calculated Transaction with Transaction Id:20bf1780-3182-42c5-af30-6b8a9f4c79dd","SC75ABC","Principal"
"","Nota de Credito","2026-05-06 12:05:53.53","Promociones de Envio F.com","Reembolso por Promo envío falabella.com","Camisa Rayas Bicolor Café Nicopoly","N05200UXL","152153500","3352.941","637.058","3990.0","CLP","FACL-SC75ABC-20260506-CLP","3234653412","20260507C10219004165102026","effb5607-f929-42ef-bf32-d9e8f2306d1b","sellerOrderLineDelivered","FBS","drop_shipping","","SC75ABC","Principal"
"","Factura","2026-05-06 12:05:53.53","Promociones de Envio F.com","Cobro Promo envío falabella.com","Camisa Rayas Bicolor Café Nicopoly","N05200UXL","152153500","-3352.941","-637.058","-3990.0","CLP","FACL-SC75ABC-20260506-CLP","3234653412","20260507C10219004165102026","effb5607-f929-42ef-bf32-d9e8f2306d1b","sellerOrderLineDelivered","FBS","drop_shipping","","SC75ABC","Principal"
"","Factura","2026-05-06 12:05:53.53","Envio a cargo del Cliente","Reversa de pago de envío comprador","Camisa Rayas Bicolor Café Nicopoly","N05200UXL","152153500","0.000","0.000","0.0","CLP","FACL-SC75ABC-20260506-CLP","3234653412","20260507C10219004165102026","effb5607-f929-42ef-bf32-d9e8f2306d1b","sellerOrderLineDelivered","FBS","drop_shipping","","SC75ABC","Principal"
"","Nota de Credito","2026-05-06 12:05:53.53","Promociones Producto","Pago de aporte promocionales a cliente (Promo)","Camisa Rayas Bicolor Café Nicopoly","N05200UXL","152153500","0.000","0.000","0.0","CLP","FACL-SC75ABC-20260506-CLP","3234653412","20260507C10219004165102026","effb5607-f929-42ef-bf32-d9e8f2306d1b","sellerOrderLineDelivered","FBS","drop_shipping","Pre Calculated Transaction with Transaction Id:aff21c86-057a-48ef-a7ea-42a5e4473d49","SC75ABC","Principal"
"","Nota de Credito","2026-05-06 12:05:53.53","Envio: Falabella Directo (Falabella Flex)","Pago por envío directo","Camisa Rayas Bicolor Café Nicopoly","N05200UXL","152153500","420.168","79.831","500.0","CLP","FACL-SC75ABC-20260506-CLP","3234653412","20260507C10219004165102026","effb5607-f929-42ef-bf32-d9e8f2306d1b","sellerOrderLineDelivered","FBS","drop_shipping","Pre Calculated Transaction with Transaction Id:ed1a446b-5aa8-4666-bfaf-f0cf39fd6a74","SC75ABC","Principal"
"","Factura","2026-05-06 12:05:53.53","Comisiones","Cobro por comisión por venta","Camisa Rayas Bicolor Café Nicopoly","N05200UXL","152153500","-3359.663","-638.335","-3998.0","CLP","FACL-SC75ABC-20260506-CLP","3234653412","20260507C10219004165102026","effb5607-f929-42ef-bf32-d9e8f2306d1b","sellerOrderLineDelivered","FBS","drop_shipping","Pre Calculated Transaction with Transaction Id:67558d87-f0db-4a63-a417-5b542135730a","SC75ABC","Principal"
"","Nota de Credito","2026-05-06 10:05:31.31","Promociones de Envio F.com","Reembolso por Promo envío falabella.com","Camisa Rayas Bicolor Café Nicopoly","N05200US","152153503","3352.941","637.058","3990.0","CLP","FACL-SC75ABC-20260506-CLP","3234406864","20260507C10219004165102026","fdf4ee98-833c-4c68-9926-1507a4b4d6b9","sellerOrderLineDelivered","FBS","drop_shipping","","SC75ABC","Principal"
"","Factura","2026-05-06 10:05:31.31","Promociones de Envio F.com","Cobro Promo envío falabella.com","Camisa Rayas Bicolor Café Nicopoly","N05200US","152153503","-3352.941","-637.058","-3990.0","CLP","FACL-SC75ABC-20260506-CLP","3234406864","20260507C10219004165102026","fdf4ee98-833c-4c68-9926-1507a4b4d6b9","sellerOrderLineDelivered","FBS","drop_shipping","","SC75ABC","Principal"
"","Factura","2026-05-06 10:05:31.31","Envio a cargo del Cliente","Reversa de pago de envío comprador","Camisa Rayas Bicolor Café Nicopoly","N05200US","152153503","0.000","0.000","0.0","CLP","FACL-SC75ABC-20260506-CLP","3234406864","20260507C10219004165102026","fdf4ee98-833c-4c68-9926-1507a4b4d6b9","sellerOrderLineDelivered","FBS","drop_shipping","","SC75ABC","Principal"
"","Nota de Credito","2026-05-06 10:05:31.31","Promociones Producto","Pago de aporte promocionales a cliente (Promo)","Camisa Rayas Bicolor Café Nicopoly","N05200US","152153503","0.000","0.000","0.0","CLP","FACL-SC75ABC-20260506-CLP","3234406864","20260507C10219004165102026","fdf4ee98-833c-4c68-9926-1507a4b4d6b9","sellerOrderLineDelivered","FBS","drop_shipping","Pre Calculated Transaction with Transaction Id:9d07d525-470a-4b52-a260-7077172cb3ac","SC75ABC","Principal"
"","Nota de Credito","2026-05-06 10:05:31.31","Envio: Falabella Directo (Falabella Flex)","Pago por envío directo","Camisa Rayas Bicolor Café Nicopoly","N05200US","152153503","420.168","79.831","500.0","CLP","FACL-SC75ABC-20260506-CLP","3234406864","20260507C10219004165102026","fdf4ee98-833c-4c68-9926-1507a4b4d6b9","sellerOrderLineDelivered","FBS","drop_shipping","Pre Calculated Transaction with Transaction Id:0dc2b778-e62f-4a10-b616-90c82eca675c","SC75ABC","Principal"
"","Factura","2026-05-06 10:05:31.31","Comisiones","Cobro por comisión por venta","Camisa Rayas Bicolor Café Nicopoly","N05200US","152153503","-3359.663","-638.335","-3998.0","CLP","FACL-SC75ABC-20260506-CLP","3234406864","20260507C10219004165102026","fdf4ee98-833c-4c68-9926-1507a4b4d6b9","sellerOrderLineDelivered","FBS","drop_shipping","Pre Calculated Transaction with Transaction Id:346310fb-a5bd-426e-8a9f-be3c5a46cdda","SC75ABC","Principal"
"","Nota de Credito","2026-05-06 09:05:42.42","Promociones de Envio F.com","Reembolso por Promo envío falabella.com","Sweater Trenzado Cuello Redondo Café Nicopoly","N06229UM","152209098","1784.873","339.125","2124.0","CLP","FACL-SC75ABC-20260506-CLP","3234658402","20260507C10219004165102026","ef8406f9-9d56-4dc9-893b-1eceef4f500f","sellerOrderLineDelivered","FBS","drop_shipping","","SC75ABC","Principal"
"","Factura","2026-05-06 09:05:42.42","Promociones de Envio F.com","Cobro Promo envío falabella.com","Sweater Trenzado Cuello Redondo Café Nicopoly","N06229UM","152209098","-1784.873","-339.125","-2124.0","CLP","FACL-SC75ABC-20260506-CLP","3234658402","20260507C10219004165102026","ef8406f9-9d56-4dc9-893b-1eceef4f500f","sellerOrderLineDelivered","FBS","drop_shipping","","SC75ABC","Principal"
"","Factura","2026-05-06 09:05:42.42","Envio a cargo del Cliente","Reversa de pago de envío comprador","Sweater Trenzado Cuello Redondo Café Nicopoly","N06229UM","152209098","0.000","0.000","0.0","CLP","FACL-SC75ABC-20260506-CLP","3234658402","20260507C10219004165102026","ef8406f9-9d56-4dc9-893b-1eceef4f500f","sellerOrderLineDelivered","FBS","drop_shipping","","SC75ABC","Principal"
"","Nota de Credito","2026-05-06 09:05:42.42","Promociones Producto","Pago de aporte promocionales a cliente (Promo)","Sweater Trenzado Cuello Redondo Café Nicopoly","N06229UM","152209098","0.000","0.000","0.0","CLP","FACL-SC75ABC-20260506-CLP","3234658402","20260507C10219004165102026","ef8406f9-9d56-4dc9-893b-1eceef4f500f","sellerOrderLineDelivered","FBS","drop_shipping","Pre Calculated Transaction with Transaction Id:babda3a2-e962-48b9-aacc-8ce1fd319af5","SC75ABC","Principal"
"","Nota de Credito","2026-05-06 09:05:42.42","Envio: Falabella Directo (Falabella Flex)","Pago por envío directo","Sweater Trenzado Cuello Redondo Café Nicopoly","N06229UM","152209098","420.168","79.831","500.0","CLP","FACL-SC75ABC-20260506-CLP","3234658402","20260507C10219004165102026","ef8406f9-9d56-4dc9-893b-1eceef4f500f","sellerOrderLineDelivered","FBS","drop_shipping","Pre Calculated Transaction with Transaction Id:12aae92e-1f66-43ab-9118-cb9b614fa909","SC75ABC","Principal"
"","Factura","2026-05-06 09:05:42.42","Comisiones","Cobro por comisión por venta","Sweater Trenzado Cuello Redondo Café Nicopoly","N06229UM","152209098","-5544.537","-1053.462","-6598.0","CLP","FACL-SC75ABC-20260506-CLP","3234658402","20260507C10219004165102026","ef8406f9-9d56-4dc9-893b-1eceef4f500f","sellerOrderLineDelivered","FBS","drop_shipping","Pre Calculated Transaction with Transaction Id:d3008fe5-4e66-47d7-a316-a04e1b0840cb","SC75ABC","Principal"
"","Nota de Credito","2026-05-06 09:05:42.42","Promociones de Envio F.com","Reembolso por Promo envío falabella.com","Cárdigan Diseño Trenzado Gris Nicopoly","N06240NM","152148170","1568.067","297.932","1866.0","CLP","FACL-SC75ABC-20260506-CLP","3234658402","20260507C10219004165102026","82399249-5cd2-4bc4-8a1e-e608cdce71d8","sellerOrderLineDelivered","FBS","drop_shipping","","SC75ABC","Principal"
"","Factura","2026-05-06 09:05:42.42","Promociones de Envio F.com","Cobro Promo envío falabella.com","Cárdigan Diseño Trenzado Gris Nicopoly","N06240NM","152148170","-1568.067","-297.932","-1866.0","CLP","FACL-SC75ABC-20260506-CLP","3234658402","20260507C10219004165102026","82399249-5cd2-4bc4-8a1e-e608cdce71d8","sellerOrderLineDelivered","FBS","drop_shipping","","SC75ABC","Principal"
"","Factura","2026-05-06 09:05:42.42","Envio a cargo del Cliente","Reversa de pago de envío comprador","Cárdigan Diseño Trenzado Gris Nicopoly","N06240NM","152148170","0.000","0.000","0.0","CLP","FACL-SC75ABC-20260506-CLP","3234658402","20260507C10219004165102026","82399249-5cd2-4bc4-8a1e-e608cdce71d8","sellerOrderLineDelivered","FBS","drop_shipping","","SC75ABC","Principal"
"","Nota de Credito","2026-05-06 09:05:42.42","Promociones Producto","Pago de aporte promocionales a cliente (Promo)","Cárdigan Diseño Trenzado Gris Nicopoly","N06240NM","152148170","0.000","0.000","0.0","CLP","FACL-SC75ABC-20260506-CLP","3234658402","20260507C10219004165102026","82399249-5cd2-4bc4-8a1e-e608cdce71d8","sellerOrderLineDelivered","FBS","drop_shipping","Pre Calculated Transaction with Transaction Id:1c637cde-cfb8-4a4a-9038-46fd62ac85cd","SC75ABC","Principal"
"","Nota de Credito","2026-05-06 09:05:42.42","Envio: Falabella Directo (Falabella Flex)","Pago por envío directo","Cárdigan Diseño Trenzado Gris Nicopoly","N06240NM","152148170","420.168","79.831","500.0","CLP","FACL-SC75ABC-20260506-CLP","3234658402","20260507C10219004165102026","82399249-5cd2-4bc4-8a1e-e608cdce71d8","sellerOrderLineDelivered","FBS","drop_shipping","Pre Calculated Transaction with Transaction Id:e55f78e2-48de-49b1-af70-1cc2b1b89c70","SC75ABC","Principal"
"","Factura","2026-05-06 09:05:42.42","Comisiones","Cobro por comisión por venta","Cárdigan Diseño Trenzado Gris Nicopoly","N06240NM","152148170","-4872.268","-925.730","-5798.0","CLP","FACL-SC75ABC-20260506-CLP","3234658402","20260507C10219004165102026","82399249-5cd2-4bc4-8a1e-e608cdce71d8","sellerOrderLineDelivered","FBS","drop_shipping","Pre Calculated Transaction with Transaction Id:6a79e35a-7b51-4d88-a41a-8514740389ae","SC75ABC","Principal"
"","Factura","2026-05-05 02:05:07.07","Envio a cargo del Cliente","Reversa de pago de envío comprador","Chaqueta Mitad Chiporro/Parka Khaki Nicopoly","N04152LL","152389403","-5873.949","-1116.050","-6990.0","CLP","FACL-SC75ABC-20260505-CLP","3234525021","20260506C10219004120642026","8efec241-4bad-4d62-b633-9fedf5f10010","sellerOrderLineDelivered","FBS","drop_shipping","","SC75ABC","Principal"
"","Factura","2026-05-05 02:05:07.07","Comisiones","Cobro por comisión por venta","Chaqueta Mitad Chiporro/Parka Khaki Nicopoly","N04152LL","152389403","-5880.672","-1117.327","-6998.0","CLP","FACL-SC75ABC-20260505-CLP","3234525021","20260506C10219004120642026","8efec241-4bad-4d62-b633-9fedf5f10010","sellerOrderLineDelivered","FBS","drop_shipping","Pre Calculated Transaction with Transaction Id:8d263094-fcba-4cd3-a678-22100aaff529","SC75ABC","Principal"
"","Factura","2026-05-05 02:05:07.07","Envio: Cofinanciamiento logistico","Cobro por cofinanciamiento logístico","Chaqueta Mitad Chiporro/Parka Khaki Nicopoly","N04152LL","152389403","-6714.285","-1275.714","-7990.0","CLP","FACL-SC75ABC-20260505-CLP","3234525021","20260506C10219004120642026","8efec241-4bad-4d62-b633-9fedf5f10010","sellerOrderLineDelivered","FBS","drop_shipping","Pre Calculated Transaction with Transaction Id:ddfa814e-a4b9-4c20-8ae0-ae13cdf962aa","SC75ABC","Principal"
"","Nota de Credito","2026-05-05 11:05:13.13","Promociones de Envio F.com","Reembolso por Promo envío falabella.com","Pantalón Estilo Japonés Pierna Ancha Burdeo Nicopoly","N06180TXL","152147986","4193.277","796.722","4990.0","CLP","FACL-SC75ABC-20260505-CLP","3234678495","20260506C10219004120642026","ec894add-a003-4499-b4ff-c990f7e816ab","sellerOrderLineDelivered","FBS","drop_shipping","","SC75ABC","Principal"
"","Factura","2026-05-05 11:05:13.13","Promociones de Envio F.com","Cobro Promo envío falabella.com","Pantalón Estilo Japonés Pierna Ancha Burdeo Nicopoly","N06180TXL","152147986","-4193.277","-796.722","-4990.0","CLP","FACL-SC75ABC-20260505-CLP","3234678495","20260506C10219004120642026","ec894add-a003-4499-b4ff-c990f7e816ab","sellerOrderLineDelivered","FBS","drop_shipping","","SC75ABC","Principal"
"","Factura","2026-05-05 11:05:13.13","Envio a cargo del Cliente","Reversa de pago de envío comprador","Pantalón Estilo Japonés Pierna Ancha Burdeo Nicopoly","N06180TXL","152147986","0.000","0.000","0.0","CLP","FACL-SC75ABC-20260505-CLP","3234678495","20260506C10219004120642026","ec894add-a003-4499-b4ff-c990f7e816ab","sellerOrderLineDelivered","FBS","drop_shipping","","SC75ABC","Principal"
"","Nota de Credito","2026-05-05 11:05:13.13","Promociones Producto","Pago de aporte promocionales a cliente (Promo)","Pantalón Estilo Japonés Pierna Ancha Burdeo Nicopoly","N06180TXL","152147986","0.000","0.000","0.0","CLP","FACL-SC75ABC-20260505-CLP","3234678495","20260506C10219004120642026","ec894add-a003-4499-b4ff-c990f7e816ab","sellerOrderLineDelivered","FBS","drop_shipping","Pre Calculated Transaction with Transaction Id:7456bcd9-7723-46cf-8f9d-f215853ee8af","SC75ABC","Principal"
"","Factura","2026-05-05 11:05:13.13","Comisiones","Cobro por comisión por venta","Pantalón Estilo Japonés Pierna Ancha Burdeo Nicopoly","N06180TXL","152147986","-7561.344","-1436.655","-8998.0","CLP","FACL-SC75ABC-20260505-CLP","3234678495","20260506C10219004120642026","ec894add-a003-4499-b4ff-c990f7e816ab","sellerOrderLineDelivered","FBS","drop_shipping","Pre Calculated Transaction with Transaction Id:5645fb83-ab3f-4dbd-ac50-b61fa8d30b80","SC75ABC","Principal"
"","Factura","2026-05-05 11:05:13.13","Envio: Cofinanciamiento logistico","Cobro por cofinanciamiento logístico","Pantalón Estilo Japonés Pierna Ancha Burdeo Nicopoly","N06180TXL","152147986","-5873.949","-1116.050","-6990.0","CLP","FACL-SC75ABC-20260505-CLP","3234678495","20260506C10219004120642026","ec894add-a003-4499-b4ff-c990f7e816ab","sellerOrderLineDelivered","FBS","drop_shipping","Pre Calculated Transaction with Transaction Id:e95584e3-f9b2-49a6-9fa9-9ef77fb8613e","SC75ABC","Principal"
"","Factura","2026-05-05 11:05:23.23","Envio a cargo del Cliente","Reversa de pago de envío comprador","Trench Clásico Doble Botonadura Beige Nicopoly","N06187GXL","152499955","-5033.613","-956.386","-5990.0","CLP","FACL-SC75ABC-20260505-CLP","3234302368","20260506C10219004120642026","96efc647-8e23-4d4a-bd75-5e5fc73bcb58","sellerOrderLineDelivered","FBS","drop_shipping","","SC75ABC","Principal"
"","Factura","2026-05-05 11:05:23.23","Comisiones","Cobro por comisión por venta","Trench Clásico Doble Botonadura Beige Nicopoly","N06187GXL","152499955","-13779.831","-2618.167","-16398.0","CLP","FACL-SC75ABC-20260505-CLP","3234302368","20260506C10219004120642026","96efc647-8e23-4d4a-bd75-5e5fc73bcb58","sellerOrderLineDelivered","FBS","drop_shipping","Pre Calculated Transaction with Transaction Id:1dcd543c-85f4-477f-93da-286bca9a9c32","SC75ABC","Principal"
"","Factura","2026-05-05 11:05:23.23","Envio: Cofinanciamiento logistico","Cobro por cofinanciamiento logístico","Trench Clásico Doble Botonadura Beige Nicopoly","N06187GXL","152499955","-5369.747","-1020.251","-6390.0","CLP","FACL-SC75ABC-20260505-CLP","3234302368","20260506C10219004120642026","96efc647-8e23-4d4a-bd75-5e5fc73bcb58","sellerOrderLineDelivered","FBS","drop_shipping","Pre Calculated Transaction with Transaction Id:aa2de708-d6f2-4d40-b2dc-80a9afbcb340","SC75ABC","Principal"
"","Nota de Credito","2026-05-05 10:05:40.40","Promociones de Envio F.com","Reembolso por Promo envío falabella.com","Parka Acolchada con Cinturón Lazo Café Nicopoly","N06194UL","152500082","4201.680","798.319","5000.0","CLP","FACL-SC75ABC-20260505-CLP","3234566623","20260506C10219004120642026","5e1703f9-509a-4f12-a59f-80635d0b70b5","sellerOrderLineDelivered","FBS","drop_shipping","","SC75ABC","Principal"
"","Factura","2026-05-05 10:05:40.40","Promociones de Envio F.com","Cobro Promo envío falabella.com","Parka Acolchada con Cinturón Lazo Café Nicopoly","N06194UL","152500082","-4201.680","-798.319","-5000.0","CLP","FACL-SC75ABC-20260505-CLP","3234566623","20260506C10219004120642026","5e1703f9-509a-4f12-a59f-80635d0b70b5","sellerOrderLineDelivered","FBS","drop_shipping","","SC75ABC","Principal"
"","Factura","2026-05-05 10:05:40.40","Envio a cargo del Cliente","Reversa de pago de envío comprador","Parka Acolchada con Cinturón Lazo Café Nicopoly","N06194UL","152500082","-831.932","-158.067","-990.0","CLP","FACL-SC75ABC-20260505-CLP","3234566623","20260506C10219004120642026","5e1703f9-509a-4f12-a59f-80635d0b70b5","sellerOrderLineDelivered","FBS","drop_shipping","","SC75ABC","Principal"
"","Nota de Credito","2026-05-05 10:05:39.39","Promociones Producto","Pago de aporte promocionales a cliente (Promo)","Parka Acolchada con Cinturón Lazo Café Nicopoly","N06194UL","152500082","0.000","0.000","0.0","CLP","FACL-SC75ABC-20260505-CLP","3234566623","20260506C10219004120642026","5e1703f9-509a-4f12-a59f-80635d0b70b5","sellerOrderLineDelivered","FBS","drop_shipping","Pre Calculated Transaction with Transaction Id:da843582-8425-4022-9165-1b12458e1220","SC75ABC","Principal"
"","Factura","2026-05-05 10:05:39.39","Comisiones","Cobro por comisión por venta","Parka Acolchada con Cinturón Lazo Café Nicopoly","N06194UL","152500082","-15124.369","-2873.630","-17998.0","CLP","FACL-SC75ABC-20260505-CLP","3234566623","20260506C10219004120642026","5e1703f9-509a-4f12-a59f-80635d0b70b5","sellerOrderLineDelivered","FBS","drop_shipping","Pre Calculated Transaction with Transaction Id:c1880278-664a-46ee-bfcf-b69a31b5c08b","SC75ABC","Principal"
"","Factura","2026-05-05 10:05:39.39","Envio: Cofinanciamiento logistico","Cobro por cofinanciamiento logístico","Parka Acolchada con Cinturón Lazo Café Nicopoly","N06194UL","152500082","-6714.285","-1275.714","-7990.0","CLP","FACL-SC75ABC-20260505-CLP","3234566623","20260506C10219004120642026","5e1703f9-509a-4f12-a59f-80635d0b70b5","sellerOrderLineDelivered","FBS","drop_shipping","Pre Calculated Transaction with Transaction Id:146db6e5-4d33-4bd6-bb7a-889e44e6a6e7","SC75ABC","Principal"
"","Factura","2026-05-05 10:05:41.41","Logistica Inversa (Devoluciones)","Cobro por logística inversa","Jeans Rectos Tiro Alto Café Nicopoly","N06283U42","152148362","-2428.571","-461.428","-2890.0","CLP","FACL-SC75ABC-20260505-CLP","3234114186","20260506C10219004120642026","48e15760-a9fd-4194-9fbd-9766da34070f","sellerReturnOrderLineUpdated","FBS","drop_shipping","","SC75ABC","Principal"
"","Nota de Debito","2026-05-05 10:05:41.41","Promociones Producto","Descuento por aportes promocionales a clientes (Promo)","Jeans Rectos Tiro Alto Café Nicopoly","N06283U42","152148362","0.000","0.000","0.0","CLP","FACL-SC75ABC-20260505-CLP","3234114186","20260506C10219004120642026","48e15760-a9fd-4194-9fbd-9766da34070f","sellerReturnOrderLineUpdated","FBS","drop_shipping","","SC75ABC","Principal"
"","Nota de Credito","2026-05-05 10:05:41.41","Comisiones","Reembolso por comisión por venta","Jeans Rectos Tiro Alto Café Nicopoly","N06283U42","152148362","7057.142","1340.856","8398.0","CLP","FACL-SC75ABC-20260505-CLP","3234114186","20260506C10219004120642026","48e15760-a9fd-4194-9fbd-9766da34070f","sellerReturnOrderLineUpdated","FBS","drop_shipping","","SC75ABC","Principal"
"","Factura","2026-05-05 10:05:37.37","Logistica Inversa (Devoluciones)","Cobro por logística inversa","Jeans Corte Barrel Café Nicopoly","N06182UXL","152150299","-2428.571","-461.428","-2890.0","CLP","FACL-SC75ABC-20260505-CLP","3234114186","20260506C10219004120642026","a1f710ac-eaa3-42ca-93fa-31e2fa07c51b","sellerReturnOrderLineUpdated","FBS","drop_shipping","","SC75ABC","Principal"
"","Nota de Debito","2026-05-05 10:05:37.37","Promociones Producto","Descuento por aportes promocionales a clientes (Promo)","Jeans Corte Barrel Café Nicopoly","N06182UXL","152150299","0.000","0.000","0.0","CLP","FACL-SC75ABC-20260505-CLP","3234114186","20260506C10219004120642026","a1f710ac-eaa3-42ca-93fa-31e2fa07c51b","sellerReturnOrderLineUpdated","FBS","drop_shipping","","SC75ABC","Principal"
"","Nota de Credito","2026-05-05 10:05:37.37","Comisiones","Reembolso por comisión por venta","Jeans Corte Barrel Café Nicopoly","N06182UXL","152150299","7561.344","1436.655","8998.0","CLP","FACL-SC75ABC-20260505-CLP","3234114186","20260506C10219004120642026","a1f710ac-eaa3-42ca-93fa-31e2fa07c51b","sellerReturnOrderLineUpdated","FBS","drop_shipping","","SC75ABC","Principal"
"","Nota de Credito","2026-05-04 03:05:28.28","Promociones de Envio F.com","Reembolso por Promo envío falabella.com","Pantalón Básico Café Nicopoly","N05298US","152153568","3352.941","637.058","3990.0","CLP","FACL-SC75ABC-20260504-CLP","3234221946","20260505C10219004078562026","8d3370f9-58e8-4726-a1de-e9a338e5bccc","sellerOrderLineDelivered","FBS","drop_shipping","","SC75ABC","Principal"
"","Factura","2026-05-04 03:05:28.28","Promociones de Envio F.com","Cobro Promo envío falabella.com","Pantalón Básico Café Nicopoly","N05298US","152153568","-3352.941","-637.058","-3990.0","CLP","FACL-SC75ABC-20260504-CLP","3234221946","20260505C10219004078562026","8d3370f9-58e8-4726-a1de-e9a338e5bccc","sellerOrderLineDelivered","FBS","drop_shipping","","SC75ABC","Principal"
"","Factura","2026-05-04 03:05:28.28","Envio a cargo del Cliente","Reversa de pago de envío comprador","Pantalón Básico Café Nicopoly","N05298US","152153568","0.000","0.000","0.0","CLP","FACL-SC75ABC-20260504-CLP","3234221946","20260505C10219004078562026","8d3370f9-58e8-4726-a1de-e9a338e5bccc","sellerOrderLineDelivered","FBS","drop_shipping","","SC75ABC","Principal"
"","Nota de Credito","2026-05-04 03:05:28.28","Promociones Producto","Pago de aporte promocionales a cliente (Promo)","Pantalón Básico Café Nicopoly","N05298US","152153568","0.000","0.000","0.0","CLP","FACL-SC75ABC-20260504-CLP","3234221946","20260505C10219004078562026","8d3370f9-58e8-4726-a1de-e9a338e5bccc","sellerOrderLineDelivered","FBS","drop_shipping","Pre Calculated Transaction with Transaction Id:7957a6bf-60ea-47f4-a71b-554e5314cd19","SC75ABC","Principal"
"","Nota de Credito","2026-05-04 03:05:28.28","Envio: Falabella Directo (Falabella Flex)","Pago por envío directo","Pantalón Básico Café Nicopoly","N05298US","152153568","420.168","79.831","500.0","CLP","FACL-SC75ABC-20260504-CLP","3234221946","20260505C10219004078562026","8d3370f9-58e8-4726-a1de-e9a338e5bccc","sellerOrderLineDelivered","FBS","drop_shipping","Pre Calculated Transaction with Transaction Id:d0f51601-5eda-4302-8ba5-2acd38f8fd85","SC75ABC","Principal"
"","Factura","2026-05-04 03:05:28.28","Comisiones","Cobro por comisión por venta","Pantalón Básico Café Nicopoly","N05298US","152153568","-6384.873","-1213.125","-7598.0","CLP","FACL-SC75ABC-20260504-CLP","3234221946","20260505C10219004078562026","8d3370f9-58e8-4726-a1de-e9a338e5bccc","sellerOrderLineDelivered","FBS","drop_shipping","Pre Calculated Transaction with Transaction Id:73c4f3ba-0223-4e97-b48c-a633971577cb","SC75ABC","Principal"
"","Nota de Credito","2026-05-04 06:05:06.06","Promociones de Envio F.com","Reembolso por Promo envío falabella.com","Blazer Básico de Tope Café Nicopoly","N05301UXL","152134452","4193.277","796.722","4990.0","CLP","FACL-SC75ABC-20260504-CLP","3234208231","20260505C10219004078562026","172fc33e-8794-4e79-95f7-788bbe6fdd58","sellerOrderLineDelivered","FBS","drop_shipping","","SC75ABC","Principal"
"","Factura","2026-05-04 06:05:06.06","Promociones de Envio F.com","Cobro Promo envío falabella.com","Blazer Básico de Tope Café Nicopoly","N05301UXL","152134452","-4193.277","-796.722","-4990.0","CLP","FACL-SC75ABC-20260504-CLP","3234208231","20260505C10219004078562026","172fc33e-8794-4e79-95f7-788bbe6fdd58","sellerOrderLineDelivered","FBS","drop_shipping","","SC75ABC","Principal"
"","Factura","2026-05-04 06:05:06.06","Envio a cargo del Cliente","Reversa de pago de envío comprador","Blazer Básico de Tope Café Nicopoly","N05301UXL","152134452","0.000","0.000","0.0","CLP","FACL-SC75ABC-20260504-CLP","3234208231","20260505C10219004078562026","172fc33e-8794-4e79-95f7-788bbe6fdd58","sellerOrderLineDelivered","FBS","drop_shipping","","SC75ABC","Principal"
"","Nota de Credito","2026-05-04 06:05:06.06","Promociones Producto","Pago de aporte promocionales a cliente (Promo)","Blazer Básico de Tope Café Nicopoly","N05301UXL","152134452","0.000","0.000","0.0","CLP","FACL-SC75ABC-20260504-CLP","3234208231","20260505C10219004078562026","172fc33e-8794-4e79-95f7-788bbe6fdd58","sellerOrderLineDelivered","FBS","drop_shipping","Pre Calculated Transaction with Transaction Id:7dae1e7a-f149-46f9-82da-1e66bd9e5801","SC75ABC","Principal"
"","Factura","2026-05-04 06:05:06.06","Comisiones","Cobro por comisión por venta","Blazer Básico de Tope Café Nicopoly","N05301UXL","152134452","-7561.344","-1436.655","-8998.0","CLP","FACL-SC75ABC-20260504-CLP","3234208231","20260505C10219004078562026","172fc33e-8794-4e79-95f7-788bbe6fdd58","sellerOrderLineDelivered","FBS","drop_shipping","Pre Calculated Transaction with Transaction Id:f3180e1a-a84d-47b8-8d08-de527a92e9f5","SC75ABC","Principal"
"","Factura","2026-05-04 06:05:06.06","Envio: Cofinanciamiento logistico","Cobro por cofinanciamiento logístico","Blazer Básico de Tope Café Nicopoly","N05301UXL","152134452","-4949.579","-940.420","-5890.0","CLP","FACL-SC75ABC-20260504-CLP","3234208231","20260505C10219004078562026","172fc33e-8794-4e79-95f7-788bbe6fdd58","sellerOrderLineDelivered","FBS","drop_shipping","Pre Calculated Transaction with Transaction Id:0b1766e3-0397-497f-bf3e-46af31837e8b","SC75ABC","Principal"
"","Nota de Credito","2026-05-02 03:05:28.28","Promociones de Envio F.com","Reembolso por Promo envío falabella.com","Jeans Corte Barrel Café Nicopoly","N06182UXL","152150299","1734.453","329.546","2064.0","CLP","FACL-SC75ABC-20260502-CLP","3234114186","20260504C10219004036882026","a1f710ac-eaa3-42ca-93fa-31e2fa07c51b","sellerOrderLineDelivered","FBS","drop_shipping","","SC75ABC","Principal"
"","Factura","2026-05-02 03:05:28.28","Promociones de Envio F.com","Cobro Promo envío falabella.com","Jeans Corte Barrel Café Nicopoly","N06182UXL","152150299","-1734.453","-329.546","-2064.0","CLP","FACL-SC75ABC-20260502-CLP","3234114186","20260504C10219004036882026","a1f710ac-eaa3-42ca-93fa-31e2fa07c51b","sellerOrderLineDelivered","FBS","drop_shipping","","SC75ABC","Principal"
"","Factura","2026-05-02 03:05:28.28","Envio a cargo del Cliente","Reversa de pago de envío comprador","Jeans Corte Barrel Café Nicopoly","N06182UXL","152150299","0.000","0.000","0.0","CLP","FACL-SC75ABC-20260502-CLP","3234114186","20260504C10219004036882026","a1f710ac-eaa3-42ca-93fa-31e2fa07c51b","sellerOrderLineDelivered","FBS","drop_shipping","","SC75ABC","Principal"
"","Nota de Credito","2026-05-02 03:05:28.28","Promociones Producto","Pago de aporte promocionales a cliente (Promo)","Jeans Corte Barrel Café Nicopoly","N06182UXL","152150299","0.000","0.000","0.0","CLP","FACL-SC75ABC-20260502-CLP","3234114186","20260504C10219004036882026","a1f710ac-eaa3-42ca-93fa-31e2fa07c51b","sellerOrderLineDelivered","FBS","drop_shipping","Pre Calculated Transaction with Transaction Id:bdb9d06c-4eb7-4c19-b3e7-d3cb8061215c","SC75ABC","Principal"
"","Nota de Credito","2026-05-02 03:05:28.28","Envio: Falabella Directo (Falabella Flex)","Pago por envío directo","Jeans Corte Barrel Café Nicopoly","N06182UXL","152150299","420.168","79.831","500.0","CLP","FACL-SC75ABC-20260502-CLP","3234114186","20260504C10219004036882026","a1f710ac-eaa3-42ca-93fa-31e2fa07c51b","sellerOrderLineDelivered","FBS","drop_shipping","Pre Calculated Transaction with Transaction Id:b02c2961-2e82-4c30-8f55-ca29b1566101","SC75ABC","Principal"
"","Factura","2026-05-02 03:05:28.28","Comisiones","Cobro por comisión por venta","Jeans Corte Barrel Café Nicopoly","N06182UXL","152150299","-7561.344","-1436.655","-8998.0","CLP","FACL-SC75ABC-20260502-CLP","3234114186","20260504C10219004036882026","a1f710ac-eaa3-42ca-93fa-31e2fa07c51b","sellerOrderLineDelivered","FBS","drop_shipping","Pre Calculated Transaction with Transaction Id:31e43440-4eb4-44ff-bd4d-f9e5a84b8165","SC75ABC","Principal"
"","Nota de Credito","2026-05-02 03:05:27.27","Promociones de Envio F.com","Reembolso por Promo envío falabella.com","Jeans Rectos Tiro Alto Café Nicopoly","N06283U42","152148362","1618.487","307.512","1926.0","CLP","FACL-SC75ABC-20260502-CLP","3234114186","20260504C10219004036882026","48e15760-a9fd-4194-9fbd-9766da34070f","sellerOrderLineDelivered","FBS","drop_shipping","","SC75ABC","Principal"
"","Factura","2026-05-02 03:05:27.27","Promociones de Envio F.com","Cobro Promo envío falabella.com","Jeans Rectos Tiro Alto Café Nicopoly","N06283U42","152148362","-1618.487","-307.512","-1926.0","CLP","FACL-SC75ABC-20260502-CLP","3234114186","20260504C10219004036882026","48e15760-a9fd-4194-9fbd-9766da34070f","sellerOrderLineDelivered","FBS","drop_shipping","","SC75ABC","Principal"
"","Factura","2026-05-02 03:05:27.27","Envio a cargo del Cliente","Reversa de pago de envío comprador","Jeans Rectos Tiro Alto Café Nicopoly","N06283U42","152148362","0.000","0.000","0.0","CLP","FACL-SC75ABC-20260502-CLP","3234114186","20260504C10219004036882026","48e15760-a9fd-4194-9fbd-9766da34070f","sellerOrderLineDelivered","FBS","drop_shipping","","SC75ABC","Principal"
"","Nota de Credito","2026-05-02 03:05:27.27","Promociones Producto","Pago de aporte promocionales a cliente (Promo)","Jeans Rectos Tiro Alto Café Nicopoly","N06283U42","152148362","0.000","0.000","0.0","CLP","FACL-SC75ABC-20260502-CLP","3234114186","20260504C10219004036882026","48e15760-a9fd-4194-9fbd-9766da34070f","sellerOrderLineDelivered","FBS","drop_shipping","Pre Calculated Transaction with Transaction Id:5b56dd7e-291b-4c4e-985e-55a1cf1a7b75","SC75ABC","Principal"
"","Nota de Credito","2026-05-02 03:05:27.27","Envio: Falabella Directo (Falabella Flex)","Pago por envío directo","Jeans Rectos Tiro Alto Café Nicopoly","N06283U42","152148362","420.168","79.831","500.0","CLP","FACL-SC75ABC-20260502-CLP","3234114186","20260504C10219004036882026","48e15760-a9fd-4194-9fbd-9766da34070f","sellerOrderLineDelivered","FBS","drop_shipping","Pre Calculated Transaction with Transaction Id:26f70728-2afb-44bb-b46e-6741b0288f5f","SC75ABC","Principal"
"","Factura","2026-05-02 03:05:27.27","Comisiones","Cobro por comisión por venta","Jeans Rectos Tiro Alto Café Nicopoly","N06283U42","152148362","-7057.142","-1340.856","-8398.0","CLP","FACL-SC75ABC-20260502-CLP","3234114186","20260504C10219004036882026","48e15760-a9fd-4194-9fbd-9766da34070f","sellerOrderLineDelivered","FBS","drop_shipping","Pre Calculated Transaction with Transaction Id:326ddfdd-af99-4e96-9f65-9c193f7adfbd","SC75ABC","Principal"
"","Nota de Credito","2026-05-02 01:05:43.43","Promociones de Envio F.com","Reembolso por Promo envío falabella.com","Blazer Básico de Tope Café Nicopoly","N05301UL","152134453","1676.470","318.529","1995.0","CLP","FACL-SC75ABC-20260502-CLP","3234119415","20260504C10219004036882026","3f30a718-4895-4c40-a1ed-b3c2874f0784","sellerOrderLineDelivered","FBS","drop_shipping","","SC75ABC","Principal"
"","Factura","2026-05-02 01:05:43.43","Promociones de Envio F.com","Cobro Promo envío falabella.com","Blazer Básico de Tope Café Nicopoly","N05301UL","152134453","-1676.470","-318.529","-1995.0","CLP","FACL-SC75ABC-20260502-CLP","3234119415","20260504C10219004036882026","3f30a718-4895-4c40-a1ed-b3c2874f0784","sellerOrderLineDelivered","FBS","drop_shipping","","SC75ABC","Principal"
"","Factura","2026-05-02 01:05:43.43","Envio a cargo del Cliente","Reversa de pago de envío comprador","Blazer Básico de Tope Café Nicopoly","N05301UL","152134453","0.000","0.000","0.0","CLP","FACL-SC75ABC-20260502-CLP","3234119415","20260504C10219004036882026","3f30a718-4895-4c40-a1ed-b3c2874f0784","sellerOrderLineDelivered","FBS","drop_shipping","","SC75ABC","Principal"
"","Nota de Credito","2026-05-02 01:05:43.43","Promociones Producto","Pago de aporte promocionales a cliente (Promo)","Blazer Básico de Tope Café Nicopoly","N05301UL","152134453","0.000","0.000","0.0","CLP","FACL-SC75ABC-20260502-CLP","3234119415","20260504C10219004036882026","3f30a718-4895-4c40-a1ed-b3c2874f0784","sellerOrderLineDelivered","FBS","drop_shipping","Pre Calculated Transaction with Transaction Id:3299f7d5-cfc5-4cbf-8746-e635d700e96b","SC75ABC","Principal"
"","Nota de Credito","2026-05-02 01:05:43.43","Envio: Falabella Directo (Falabella Flex)","Pago por envío directo","Blazer Básico de Tope Café Nicopoly","N05301UL","152134453","420.168","79.831","500.0","CLP","FACL-SC75ABC-20260502-CLP","3234119415","20260504C10219004036882026","3f30a718-4895-4c40-a1ed-b3c2874f0784","sellerOrderLineDelivered","FBS","drop_shipping","Pre Calculated Transaction with Transaction Id:b872a5ef-5d28-4f58-8280-6eaa8cccbcab","SC75ABC","Principal"
"","Factura","2026-05-02 01:05:43.43","Comisiones","Cobro por comisión por venta","Blazer Básico de Tope Café Nicopoly","N05301UL","152134453","-7561.344","-1436.655","-8998.0","CLP","FACL-SC75ABC-20260502-CLP","3234119415","20260504C10219004036882026","3f30a718-4895-4c40-a1ed-b3c2874f0784","sellerOrderLineDelivered","FBS","drop_shipping","Pre Calculated Transaction with Transaction Id:910d85f6-0867-4e39-9d62-6d6c94ab6af8","SC75ABC","Principal"
"","Nota de Credito","2026-05-02 01:05:43.43","Promociones de Envio F.com","Reembolso por Promo envío falabella.com","Blazer Básico de Tope Morado Nicopoly","N05301ZL-7","152133062","1676.470","318.529","1995.0","CLP","FACL-SC75ABC-20260502-CLP","3234119415","20260504C10219004036882026","5f6bce4b-7ba1-4c40-a2e5-604189add0a3","sellerOrderLineDelivered","FBS","drop_shipping","","SC75ABC","Principal"
"","Factura","2026-05-02 01:05:43.43","Promociones de Envio F.com","Cobro Promo envío falabella.com","Blazer Básico de Tope Morado Nicopoly","N05301ZL-7","152133062","-1676.470","-318.529","-1995.0","CLP","FACL-SC75ABC-20260502-CLP","3234119415","20260504C10219004036882026","5f6bce4b-7ba1-4c40-a2e5-604189add0a3","sellerOrderLineDelivered","FBS","drop_shipping","","SC75ABC","Principal"
"","Factura","2026-05-02 01:05:43.43","Envio a cargo del Cliente","Reversa de pago de envío comprador","Blazer Básico de Tope Morado Nicopoly","N05301ZL-7","152133062","0.000","0.000","0.0","CLP","FACL-SC75ABC-20260502-CLP","3234119415","20260504C10219004036882026","5f6bce4b-7ba1-4c40-a2e5-604189add0a3","sellerOrderLineDelivered","FBS","drop_shipping","","SC75ABC","Principal"
"","Nota de Credito","2026-05-02 01:05:42.42","Promociones Producto","Pago de aporte promocionales a cliente (Promo)","Blazer Básico de Tope Morado Nicopoly","N05301ZL-7","152133062","0.000","0.000","0.0","CLP","FACL-SC75ABC-20260502-CLP","3234119415","20260504C10219004036882026","5f6bce4b-7ba1-4c40-a2e5-604189add0a3","sellerOrderLineDelivered","FBS","drop_shipping","Pre Calculated Transaction with Transaction Id:bd6cc5a3-61a6-418f-976b-35a7b76a3ded","SC75ABC","Principal"
"","Nota de Credito","2026-05-02 01:05:42.42","Envio: Falabella Directo (Falabella Flex)","Pago por envío directo","Blazer Básico de Tope Morado Nicopoly","N05301ZL-7","152133062","420.168","79.831","500.0","CLP","FACL-SC75ABC-20260502-CLP","3234119415","20260504C10219004036882026","5f6bce4b-7ba1-4c40-a2e5-604189add0a3","sellerOrderLineDelivered","FBS","drop_shipping","Pre Calculated Transaction with Transaction Id:f9de2a29-8347-4e68-a77f-9c22b463402f","SC75ABC","Principal"
"","Factura","2026-05-02 01:05:42.42","Comisiones","Cobro por comisión por venta","Blazer Básico de Tope Morado Nicopoly","N05301ZL-7","152133062","-7561.344","-1436.655","-8998.0","CLP","FACL-SC75ABC-20260502-CLP","3234119415","20260504C10219004036882026","5f6bce4b-7ba1-4c40-a2e5-604189add0a3","sellerOrderLineDelivered","FBS","drop_shipping","Pre Calculated Transaction with Transaction Id:c049d719-fbf2-4c04-b2db-0dc36bb728d1","SC75ABC","Principal"
"","Nota de Credito","2026-05-02 12:05:05.05","Promociones de Envio F.com","Reembolso por Promo envío falabella.com","Jeans Pierna Recta Azul Nicopoly","N06310C42","152150295","4193.277","796.722","4990.0","CLP","FACL-SC75ABC-20260502-CLP","3234258724","20260504C10219004036882026","04b191c1-28a1-400f-acdc-e4e8cf1bf7cd","sellerOrderLineDelivered","FBS","drop_shipping","","SC75ABC","Principal"
"","Factura","2026-05-02 12:05:05.05","Promociones de Envio F.com","Cobro Promo envío falabella.com","Jeans Pierna Recta Azul Nicopoly","N06310C42","152150295","-4193.277","-796.722","-4990.0","CLP","FACL-SC75ABC-20260502-CLP","3234258724","20260504C10219004036882026","04b191c1-28a1-400f-acdc-e4e8cf1bf7cd","sellerOrderLineDelivered","FBS","drop_shipping","","SC75ABC","Principal"
"","Factura","2026-05-02 12:05:05.05","Envio a cargo del Cliente","Reversa de pago de envío comprador","Jeans Pierna Recta Azul Nicopoly","N06310C42","152150295","0.000","0.000","0.0","CLP","FACL-SC75ABC-20260502-CLP","3234258724","20260504C10219004036882026","04b191c1-28a1-400f-acdc-e4e8cf1bf7cd","sellerOrderLineDelivered","FBS","drop_shipping","","SC75ABC","Principal"
"","Nota de Credito","2026-05-02 12:05:05.05","Promociones Producto","Pago de aporte promocionales a cliente (Promo)","Jeans Pierna Recta Azul Nicopoly","N06310C42","152150295","0.000","0.000","0.0","CLP","FACL-SC75ABC-20260502-CLP","3234258724","20260504C10219004036882026","04b191c1-28a1-400f-acdc-e4e8cf1bf7cd","sellerOrderLineDelivered","FBS","drop_shipping","Pre Calculated Transaction with Transaction Id:c57880a7-f440-4eeb-becc-fc82e9a721e9","SC75ABC","Principal"
"","Factura","2026-05-02 12:05:05.05","Comisiones","Cobro por comisión por venta","Jeans Pierna Recta Azul Nicopoly","N06310C42","152150295","-7225.210","-1372.789","-8598.0","CLP","FACL-SC75ABC-20260502-CLP","3234258724","20260504C10219004036882026","04b191c1-28a1-400f-acdc-e4e8cf1bf7cd","sellerOrderLineDelivered","FBS","drop_shipping","Pre Calculated Transaction with Transaction Id:b617f4d7-77c2-400b-bb57-a8b7e1f306fa","SC75ABC","Principal"
"","Factura","2026-05-02 12:05:05.05","Envio: Cofinanciamiento logistico","Cobro por cofinanciamiento logístico","Jeans Pierna Recta Azul Nicopoly","N06310C42","152150295","-4697.478","-892.520","-5590.0","CLP","FACL-SC75ABC-20260502-CLP","3234258724","20260504C10219004036882026","04b191c1-28a1-400f-acdc-e4e8cf1bf7cd","sellerOrderLineDelivered","FBS","drop_shipping","Pre Calculated Transaction with Transaction Id:4ca32633-b3a9-4e35-817c-7a3a4cc08695","SC75ABC","Principal"
"","Nota de Credito","2026-05-02 10:05:42.42","Promociones de Envio F.com","Reembolso por Promo envío falabella.com","Pantalón Básico Morado Nicopoly","N05298ZL-7","152148172","1535.294","291.705","1827.0","CLP","FACL-SC75ABC-20260502-CLP","3234229796","20260504C10219004036882026","e71c6aa5-2648-4631-b33d-31ed88f51203","sellerOrderLineDelivered","FBS","drop_shipping","","SC75ABC","Principal"
"","Factura","2026-05-02 10:05:42.42","Promociones de Envio F.com","Cobro Promo envío falabella.com","Pantalón Básico Morado Nicopoly","N05298ZL-7","152148172","-1535.294","-291.705","-1827.0","CLP","FACL-SC75ABC-20260502-CLP","3234229796","20260504C10219004036882026","e71c6aa5-2648-4631-b33d-31ed88f51203","sellerOrderLineDelivered","FBS","drop_shipping","","SC75ABC","Principal"
"","Factura","2026-05-02 10:05:42.42","Envio a cargo del Cliente","Reversa de pago de envío comprador","Pantalón Básico Morado Nicopoly","N05298ZL-7","152148172","0.000","0.000","0.0","CLP","FACL-SC75ABC-20260502-CLP","3234229796","20260504C10219004036882026","e71c6aa5-2648-4631-b33d-31ed88f51203","sellerOrderLineDelivered","FBS","drop_shipping","","SC75ABC","Principal"
"","Nota de Credito","2026-05-02 10:05:42.42","Promociones Producto","Pago de aporte promocionales a cliente (Promo)","Pantalón Básico Morado Nicopoly","N05298ZL-7","152148172","0.000","0.000","0.0","CLP","FACL-SC75ABC-20260502-CLP","3234229796","20260504C10219004036882026","e71c6aa5-2648-4631-b33d-31ed88f51203","sellerOrderLineDelivered","FBS","drop_shipping","Pre Calculated Transaction with Transaction Id:4a31273c-7386-4e5f-a5a1-168f78bfb527","SC75ABC","Principal"
"","Nota de Credito","2026-05-02 10:05:42.42","Envio: Falabella Directo (Falabella Flex)","Pago por envío directo","Pantalón Básico Morado Nicopoly","N05298ZL-7","152148172","420.168","79.831","500.0","CLP","FACL-SC75ABC-20260502-CLP","3234229796","20260504C10219004036882026","e71c6aa5-2648-4631-b33d-31ed88f51203","sellerOrderLineDelivered","FBS","drop_shipping","Pre Calculated Transaction with Transaction Id:2efb90dc-e697-42f6-8e1d-f50c47610987","SC75ABC","Principal"
"","Factura","2026-05-02 10:05:42.42","Comisiones","Cobro por comisión por venta","Pantalón Básico Morado Nicopoly","N05298ZL-7","152148172","-6384.873","-1213.125","-7598.0","CLP","FACL-SC75ABC-20260502-CLP","3234229796","20260504C10219004036882026","e71c6aa5-2648-4631-b33d-31ed88f51203","sellerOrderLineDelivered","FBS","drop_shipping","Pre Calculated Transaction with Transaction Id:64084d41-a9c8-4bf0-8c37-b98d4c2e5482","SC75ABC","Principal"
"","Nota de Credito","2026-05-02 10:05:41.41","Promociones de Envio F.com","Reembolso por Promo envío falabella.com","Blazer Básico de Tope Morado Nicopoly","N05301ZL-7","152133062","1817.647","345.352","2163.0","CLP","FACL-SC75ABC-20260502-CLP","3234229796","20260504C10219004036882026","28217a02-ad24-428a-97d6-a33620892573","sellerOrderLineDelivered","FBS","drop_shipping","","SC75ABC","Principal"
"","Factura","2026-05-02 10:05:41.41","Promociones de Envio F.com","Cobro Promo envío falabella.com","Blazer Básico de Tope Morado Nicopoly","N05301ZL-7","152133062","-1817.647","-345.352","-2163.0","CLP","FACL-SC75ABC-20260502-CLP","3234229796","20260504C10219004036882026","28217a02-ad24-428a-97d6-a33620892573","sellerOrderLineDelivered","FBS","drop_shipping","","SC75ABC","Principal"
"","Factura","2026-05-02 10:05:41.41","Envio a cargo del Cliente","Reversa de pago de envío comprador","Blazer Básico de Tope Morado Nicopoly","N05301ZL-7","152133062","0.000","0.000","0.0","CLP","FACL-SC75ABC-20260502-CLP","3234229796","20260504C10219004036882026","28217a02-ad24-428a-97d6-a33620892573","sellerOrderLineDelivered","FBS","drop_shipping","","SC75ABC","Principal"
"","Nota de Credito","2026-05-02 10:05:41.41","Promociones Producto","Pago de aporte promocionales a cliente (Promo)","Blazer Básico de Tope Morado Nicopoly","N05301ZL-7","152133062","0.000","0.000","0.0","CLP","FACL-SC75ABC-20260502-CLP","3234229796","20260504C10219004036882026","28217a02-ad24-428a-97d6-a33620892573","sellerOrderLineDelivered","FBS","drop_shipping","Pre Calculated Transaction with Transaction Id:c399b1cd-d295-4f13-bc0c-aa49fc32bca7","SC75ABC","Principal"
"","Nota de Credito","2026-05-02 10:05:41.41","Envio: Falabella Directo (Falabella Flex)","Pago por envío directo","Blazer Básico de Tope Morado Nicopoly","N05301ZL-7","152133062","420.168","79.831","500.0","CLP","FACL-SC75ABC-20260502-CLP","3234229796","20260504C10219004036882026","28217a02-ad24-428a-97d6-a33620892573","sellerOrderLineDelivered","FBS","drop_shipping","Pre Calculated Transaction with Transaction Id:afdcab32-7d93-47e5-a5d2-2a91a8919f14","SC75ABC","Principal"
"","Factura","2026-05-02 10:05:41.41","Comisiones","Cobro por comisión por venta","Blazer Básico de Tope Morado Nicopoly","N05301ZL-7","152133062","-7561.344","-1436.655","-8998.0","CLP","FACL-SC75ABC-20260502-CLP","3234229796","20260504C10219004036882026","28217a02-ad24-428a-97d6-a33620892573","sellerOrderLineDelivered","FBS","drop_shipping","Pre Calculated Transaction with Transaction Id:d84d6e56-50c6-4b8f-8b39-1c574f6a0c00","SC75ABC","Principal"
"","Factura","2026-04-30 11:04:58.58","Logistica Inversa (Devoluciones)","Cobro por logística inversa","Blazer Básico de Tope Café Nicopoly","N05301UL","152134453","-2428.571","-461.428","-2890.0","CLP","FACL-SC75ABC-20260430-CLP","3231066142","20260504C10219004036882026","959e0a91-9ad7-4224-b881-715836c31c0a","sellerReturnOrderLineUpdated","FBS","drop_shipping","","SC75ABC","Principal"
"","Nota de Debito","2026-04-30 11:04:58.58","Promociones Producto","Descuento por aportes promocionales a clientes (Promo)","Blazer Básico de Tope Café Nicopoly","N05301UL","152134453","0.000","0.000","0.0","CLP","FACL-SC75ABC-20260430-CLP","3231066142","20260504C10219004036882026","959e0a91-9ad7-4224-b881-715836c31c0a","sellerReturnOrderLineUpdated","FBS","drop_shipping","","SC75ABC","Principal"
"","Nota de Credito","2026-04-30 11:04:58.58","Comisiones","Reembolso por comisión por venta","Blazer Básico de Tope Café Nicopoly","N05301UL","152134453","6048.739","1149.260","7198.0","CLP","FACL-SC75ABC-20260430-CLP","3231066142","20260504C10219004036882026","959e0a91-9ad7-4224-b881-715836c31c0a","sellerReturnOrderLineUpdated","FBS","drop_shipping","","SC75ABC","Principal"
"","Factura","2026-04-30 09:04:24.24","Envio: Falabella Directo (Falabella Flex)","Corrección de cobro por envío directo","Jeans Corte Recto Café Nicopoly","N06153UXL","152148221","-210.084","-39.915","-250.0","CLP","FACL-SC75ABC-20260430-CLP","3232742716","20260504C10219004036882026","46bfa501-7a8d-4f36-b66c-6746fa5b71a2","manualTransactionCreated","FBS","drop_shipping","Cobro por diferencia en servicio Falaflex","SC75ABC","Principal"
"","Factura","2026-04-30 09:04:21.21","Envio: Falabella Directo (Falabella Flex)","Corrección de cobro por envío directo","Pantalón Tartán Gris Nicopoly","N06277NXL","152153537","-210.084","-39.915","-250.0","CLP","FACL-SC75ABC-20260430-CLP","3232742716","20260504C10219004036882026","719d2e4c-cad6-4946-8bde-a3bffd01a816","manualTransactionCreated","FBS","drop_shipping","Cobro por diferencia en servicio Falaflex","SC75ABC","Principal"
"","Nota de Credito","2026-04-29 12:04:05.05","Promociones de Envio F.com","Reembolso por Promo envío falabella.com","Jeans Rectos Tiro Alto Café Nicopoly","N06283U42","152148362","3352.941","637.058","3990.0","CLP","FACL-SC75ABC-20260429-CLP","3234043818","20260430C10219003968102026","b1ea1b3f-ea51-4de4-8e1f-d18461ce9cf7","sellerOrderLineDelivered","FBS","drop_shipping","","SC75ABC","Principal"
"","Factura","2026-04-29 12:04:05.05","Promociones de Envio F.com","Cobro Promo envío falabella.com","Jeans Rectos Tiro Alto Café Nicopoly","N06283U42","152148362","-3352.941","-637.058","-3990.0","CLP","FACL-SC75ABC-20260429-CLP","3234043818","20260430C10219003968102026","b1ea1b3f-ea51-4de4-8e1f-d18461ce9cf7","sellerOrderLineDelivered","FBS","drop_shipping","","SC75ABC","Principal"
"","Factura","2026-04-29 12:04:05.05","Envio a cargo del Cliente","Reversa de pago de envío comprador","Jeans Rectos Tiro Alto Café Nicopoly","N06283U42","152148362","0.000","0.000","0.0","CLP","FACL-SC75ABC-20260429-CLP","3234043818","20260430C10219003968102026","b1ea1b3f-ea51-4de4-8e1f-d18461ce9cf7","sellerOrderLineDelivered","FBS","drop_shipping","","SC75ABC","Principal"
"","Nota de Credito","2026-04-29 12:04:05.05","Promociones Producto","Pago de aporte promocionales a cliente (Promo)","Jeans Rectos Tiro Alto Café Nicopoly","N06283U42","152148362","0.000","0.000","0.0","CLP","FACL-SC75ABC-20260429-CLP","3234043818","20260430C10219003968102026","b1ea1b3f-ea51-4de4-8e1f-d18461ce9cf7","sellerOrderLineDelivered","FBS","drop_shipping","Pre Calculated Transaction with Transaction Id:712d00da-25c6-4191-8c53-fa4f775df38f","SC75ABC","Principal"
"","Factura","2026-04-29 12:04:05.05","Comisiones","Cobro por comisión por venta","Jeans Rectos Tiro Alto Café Nicopoly","N06283U42","152148362","-7057.142","-1340.856","-8398.0","CLP","FACL-SC75ABC-20260429-CLP","3234043818","20260430C10219003968102026","b1ea1b3f-ea51-4de4-8e1f-d18461ce9cf7","sellerOrderLineDelivered","FBS","drop_shipping","Pre Calculated Transaction with Transaction Id:85b9461f-1244-46f1-8bb4-1240a5b736b1","SC75ABC","Principal"
"","Factura","2026-04-29 12:04:05.05","Envio: Cofinanciamiento logistico","Cobro por cofinanciamiento logístico","Jeans Rectos Tiro Alto Café Nicopoly","N06283U42","152148362","-4697.478","-892.520","-5590.0","CLP","FACL-SC75ABC-20260429-CLP","3234043818","20260430C10219003968102026","b1ea1b3f-ea51-4de4-8e1f-d18461ce9cf7","sellerOrderLineDelivered","FBS","drop_shipping","Pre Calculated Transaction with Transaction Id:57232914-155d-49d4-b220-cdb9f5e24bd6","SC75ABC","Principal"
"","Nota de Credito","2026-04-29 11:04:37.37","Promociones de Envio F.com","Reembolso por Promo envío falabella.com","Abrigo Largo Lazo Rojo Nicopoly","N04227DS-6","152389325","1344.537","255.462","1600.0","CLP","FACL-SC75ABC-20260429-CLP","3234040761","20260430C10219003968102026","73523284-ed60-44cc-b213-62d5bc123cd6","sellerOrderLineDelivered","FBS","drop_shipping","","SC75ABC","Principal"
"","Factura","2026-04-29 11:04:37.37","Promociones de Envio F.com","Cobro Promo envío falabella.com","Abrigo Largo Lazo Rojo Nicopoly","N04227DS-6","152389325","-1344.537","-255.462","-1600.0","CLP","FACL-SC75ABC-20260429-CLP","3234040761","20260430C10219003968102026","73523284-ed60-44cc-b213-62d5bc123cd6","sellerOrderLineDelivered","FBS","drop_shipping","","SC75ABC","Principal"
"","Factura","2026-04-29 11:04:37.37","Envio a cargo del Cliente","Reversa de pago de envío comprador","Abrigo Largo Lazo Rojo Nicopoly","N04227DS-6","152389325","-804.201","-152.798","-957.0","CLP","FACL-SC75ABC-20260429-CLP","3234040761","20260430C10219003968102026","73523284-ed60-44cc-b213-62d5bc123cd6","sellerOrderLineDelivered","FBS","drop_shipping","","SC75ABC","Principal"
"","Nota de Credito","2026-04-29 11:04:37.37","Promociones Producto","Pago de aporte promocionales a cliente (Promo)","Abrigo Largo Lazo Rojo Nicopoly","N04227DS-6","152389325","0.000","0.000","0.0","CLP","FACL-SC75ABC-20260429-CLP","3234040761","20260430C10219003968102026","73523284-ed60-44cc-b213-62d5bc123cd6","sellerOrderLineDelivered","FBS","drop_shipping","Pre Calculated Transaction with Transaction Id:7419270c-4daf-4896-963b-113e19f6344d","SC75ABC","Principal"
"","Factura","2026-04-29 11:04:37.37","Comisiones","Cobro por comisión por venta","Abrigo Largo Lazo Rojo Nicopoly","N04227DS-6","152389325","-13443.697","-2554.302","-15998.0","CLP","FACL-SC75ABC-20260429-CLP","3234040761","20260430C10219003968102026","73523284-ed60-44cc-b213-62d5bc123cd6","sellerOrderLineDelivered","FBS","drop_shipping","Pre Calculated Transaction with Transaction Id:b42e13d5-9447-4859-9a38-f5a83bde5abb","SC75ABC","Principal"
"","Factura","2026-04-29 11:04:37.37","Envio: Cofinanciamiento logistico","Cobro por cofinanciamiento logístico","Abrigo Largo Lazo Rojo Nicopoly","N04227DS-6","152389325","-5369.747","-1020.251","-6390.0","CLP","FACL-SC75ABC-20260429-CLP","3234040761","20260430C10219003968102026","73523284-ed60-44cc-b213-62d5bc123cd6","sellerOrderLineDelivered","FBS","drop_shipping","Pre Calculated Transaction with Transaction Id:98f6403b-6e48-45e2-b455-faf34e12e53e","SC75ABC","Principal"
"","Nota de Credito","2026-04-29 11:04:05.05","Promociones de Envio F.com","Reembolso por Promo envío falabella.com","Abrigo Solapa y Cinturón Rojo Nicopoly","N06188DM","152431117","1428.571","271.428","1700.0","CLP","FACL-SC75ABC-20260429-CLP","3234040761","20260430C10219003968102026","73fa9efc-5efc-419b-a5e1-94bc75168cf0","sellerOrderLineDelivered","FBS","drop_shipping","","SC75ABC","Principal"
"","Factura","2026-04-29 11:04:05.05","Promociones de Envio F.com","Cobro Promo envío falabella.com","Abrigo Solapa y Cinturón Rojo Nicopoly","N06188DM","152431117","-1428.571","-271.428","-1700.0","CLP","FACL-SC75ABC-20260429-CLP","3234040761","20260430C10219003968102026","73fa9efc-5efc-419b-a5e1-94bc75168cf0","sellerOrderLineDelivered","FBS","drop_shipping","","SC75ABC","Principal"
"","Factura","2026-04-29 11:04:05.05","Envio a cargo del Cliente","Reversa de pago de envío comprador","Abrigo Solapa y Cinturón Rojo Nicopoly","N06188DM","152431117","-854.621","-162.377","-1017.0","CLP","FACL-SC75ABC-20260429-CLP","3234040761","20260430C10219003968102026","73fa9efc-5efc-419b-a5e1-94bc75168cf0","sellerOrderLineDelivered","FBS","drop_shipping","","SC75ABC","Principal"
"","Nota de Credito","2026-04-29 11:04:05.05","Promociones Producto","Pago de aporte promocionales a cliente (Promo)","Abrigo Solapa y Cinturón Rojo Nicopoly","N06188DM","152431117","0.000","0.000","0.0","CLP","FACL-SC75ABC-20260429-CLP","3234040761","20260430C10219003968102026","73fa9efc-5efc-419b-a5e1-94bc75168cf0","sellerOrderLineDelivered","FBS","drop_shipping","Pre Calculated Transaction with Transaction Id:bf6e7857-c5d4-4848-b1ac-f1fc0a503e08","SC75ABC","Principal"
"","Factura","2026-04-29 11:04:05.05","Comisiones","Cobro por comisión por venta","Abrigo Solapa y Cinturón Rojo Nicopoly","N06188DM","152431117","-14284.033","-2713.966","-16998.0","CLP","FACL-SC75ABC-20260429-CLP","3234040761","20260430C10219003968102026","73fa9efc-5efc-419b-a5e1-94bc75168cf0","sellerOrderLineDelivered","FBS","drop_shipping","Pre Calculated Transaction with Transaction Id:1914f190-c1f6-4d8a-beb4-467238c6d882","SC75ABC","Principal"
"","Factura","2026-04-29 11:04:05.05","Envio: Cofinanciamiento logistico","Cobro por cofinanciamiento logístico","Abrigo Solapa y Cinturón Rojo Nicopoly","N06188DM","152431117","-5369.747","-1020.251","-6390.0","CLP","FACL-SC75ABC-20260429-CLP","3234040761","20260430C10219003968102026","73fa9efc-5efc-419b-a5e1-94bc75168cf0","sellerOrderLineDelivered","FBS","drop_shipping","Pre Calculated Transaction with Transaction Id:b2a9876e-6138-4195-b577-7a55f12508e3","SC75ABC","Principal"
"","Nota de Credito","2026-04-29 11:04:04.04","Promociones de Envio F.com","Reembolso por Promo envío falabella.com","Abrigo Solapa y Cinturón Rojo Nicopoly","N06188DS","152431118","1428.571","271.428","1700.0","CLP","FACL-SC75ABC-20260429-CLP","3234040761","20260430C10219003968102026","779708d9-bc28-4d50-a902-7ae3258b1cfa","sellerOrderLineDelivered","FBS","drop_shipping","","SC75ABC","Principal"
"","Factura","2026-04-29 11:04:04.04","Promociones de Envio F.com","Cobro Promo envío falabella.com","Abrigo Solapa y Cinturón Rojo Nicopoly","N06188DS","152431118","-1428.571","-271.428","-1700.0","CLP","FACL-SC75ABC-20260429-CLP","3234040761","20260430C10219003968102026","779708d9-bc28-4d50-a902-7ae3258b1cfa","sellerOrderLineDelivered","FBS","drop_shipping","","SC75ABC","Principal"
"","Factura","2026-04-29 11:04:04.04","Envio a cargo del Cliente","Reversa de pago de envío comprador","Abrigo Solapa y Cinturón Rojo Nicopoly","N06188DS","152431118","-853.781","-162.218","-1016.0","CLP","FACL-SC75ABC-20260429-CLP","3234040761","20260430C10219003968102026","779708d9-bc28-4d50-a902-7ae3258b1cfa","sellerOrderLineDelivered","FBS","drop_shipping","","SC75ABC","Principal"
"","Nota de Credito","2026-04-29 11:04:04.04","Promociones Producto","Pago de aporte promocionales a cliente (Promo)","Abrigo Solapa y Cinturón Rojo Nicopoly","N06188DS","152431118","0.000","0.000","0.0","CLP","FACL-SC75ABC-20260429-CLP","3234040761","20260430C10219003968102026","779708d9-bc28-4d50-a902-7ae3258b1cfa","sellerOrderLineDelivered","FBS","drop_shipping","Pre Calculated Transaction with Transaction Id:597da9c9-465a-48d4-8402-cb35e39761aa","SC75ABC","Principal"
"","Factura","2026-04-29 11:04:04.04","Comisiones","Cobro por comisión por venta","Abrigo Solapa y Cinturón Rojo Nicopoly","N06188DS","152431118","-14284.033","-2713.966","-16998.0","CLP","FACL-SC75ABC-20260429-CLP","3234040761","20260430C10219003968102026","779708d9-bc28-4d50-a902-7ae3258b1cfa","sellerOrderLineDelivered","FBS","drop_shipping","Pre Calculated Transaction with Transaction Id:1039cd25-12c8-4d54-8846-bfcc3cece777","SC75ABC","Principal"
"","Factura","2026-04-29 11:04:04.04","Envio: Cofinanciamiento logistico","Cobro por cofinanciamiento logístico","Abrigo Solapa y Cinturón Rojo Nicopoly","N06188DS","152431118","-5369.747","-1020.251","-6390.0","CLP","FACL-SC75ABC-20260429-CLP","3234040761","20260430C10219003968102026","779708d9-bc28-4d50-a902-7ae3258b1cfa","sellerOrderLineDelivered","FBS","drop_shipping","Pre Calculated Transaction with Transaction Id:01276ff2-88e6-4238-b84a-fc4ad79d1d1d","SC75ABC","Principal"
"","Nota de Credito","2026-04-28 04:04:06.06","Promociones de Envio F.com","Reembolso por Promo envío falabella.com","Trench Clásico Doble Botonadura Café Nicopoly","N06187UL","152499988","4201.680","798.319","5000.0","CLP","FACL-SC75ABC-20260428-CLP","3233788946","20260430C10219003968102026","2c585cde-87b4-465f-98af-4c25ff1f8c3d","sellerOrderLineDelivered","FBS","drop_shipping","","SC75ABC","Principal"
"","Factura","2026-04-28 04:04:06.06","Promociones de Envio F.com","Cobro Promo envío falabella.com","Trench Clásico Doble Botonadura Café Nicopoly","N06187UL","152499988","-4201.680","-798.319","-5000.0","CLP","FACL-SC75ABC-20260428-CLP","3233788946","20260430C10219003968102026","2c585cde-87b4-465f-98af-4c25ff1f8c3d","sellerOrderLineDelivered","FBS","drop_shipping","","SC75ABC","Principal"
"","Factura","2026-04-28 04:04:06.06","Envio a cargo del Cliente","Reversa de pago de envío comprador","Trench Clásico Doble Botonadura Café Nicopoly","N06187UL","152499988","-831.932","-158.067","-990.0","CLP","FACL-SC75ABC-20260428-CLP","3233788946","20260430C10219003968102026","2c585cde-87b4-465f-98af-4c25ff1f8c3d","sellerOrderLineDelivered","FBS","drop_shipping","","SC75ABC","Principal"
"","Nota de Credito","2026-04-28 04:04:06.06","Promociones Producto","Pago de aporte promocionales a cliente (Promo)","Trench Clásico Doble Botonadura Café Nicopoly","N06187UL","152499988","0.000","0.000","0.0","CLP","FACL-SC75ABC-20260428-CLP","3233788946","20260430C10219003968102026","2c585cde-87b4-465f-98af-4c25ff1f8c3d","sellerOrderLineDelivered","FBS","drop_shipping","Pre Calculated Transaction with Transaction Id:41c5e4cc-ae2a-4701-b5c0-60efac392f8d","SC75ABC","Principal"
"","Factura","2026-04-28 04:04:06.06","Comisiones","Cobro por comisión por venta","Trench Clásico Doble Botonadura Café Nicopoly","N06187UL","152499988","-13779.831","-2618.167","-16398.0","CLP","FACL-SC75ABC-20260428-CLP","3233788946","20260430C10219003968102026","2c585cde-87b4-465f-98af-4c25ff1f8c3d","sellerOrderLineDelivered","FBS","drop_shipping","Pre Calculated Transaction with Transaction Id:191afce2-d5c5-4099-9f0c-6fb2ef9950af","SC75ABC","Principal"
"","Factura","2026-04-28 04:04:06.06","Envio: Cofinanciamiento logistico","Cobro por cofinanciamiento logístico","Trench Clásico Doble Botonadura Café Nicopoly","N06187UL","152499988","-5369.747","-1020.251","-6390.0","CLP","FACL-SC75ABC-20260428-CLP","3233788946","20260430C10219003968102026","2c585cde-87b4-465f-98af-4c25ff1f8c3d","sellerOrderLineDelivered","FBS","drop_shipping","Pre Calculated Transaction with Transaction Id:1dcb36ad-0c78-4d80-b0f8-84d04f7d7df3","SC75ABC","Principal"
"","Factura","2026-04-28 03:04:35.35","Envio a cargo del Cliente","Reversa de pago de envío comprador","Abrigo Largo Lazo Negro Nicopoly","N04227BS-6","152389400","-3352.941","-637.058","-3990.0","CLP","FACL-SC75ABC-20260428-CLP","3233710163","20260430C10219003968102026","4116bb2d-bf98-455c-b56a-a924780abf84","sellerOrderLineDelivered","FBS","drop_shipping","","SC75ABC","Principal"
"","Nota de Credito","2026-04-28 03:04:35.35","Envio: Falabella Directo (Falabella Flex)","Pago por envío directo","Abrigo Largo Lazo Negro Nicopoly","N04227BS-6","152389400","420.168","79.831","500.0","CLP","FACL-SC75ABC-20260428-CLP","3233710163","20260430C10219003968102026","4116bb2d-bf98-455c-b56a-a924780abf84","sellerOrderLineDelivered","FBS","drop_shipping","Pre Calculated Transaction with Transaction Id:245f7347-9df7-4255-b12e-19415dc87060","SC75ABC","Principal"
"","Factura","2026-04-28 03:04:35.35","Comisiones","Cobro por comisión por venta","Abrigo Largo Lazo Negro Nicopoly","N04227BS-6","152389400","-13443.697","-2554.302","-15998.0","CLP","FACL-SC75ABC-20260428-CLP","3233710163","20260430C10219003968102026","4116bb2d-bf98-455c-b56a-a924780abf84","sellerOrderLineDelivered","FBS","drop_shipping","Pre Calculated Transaction with Transaction Id:aa4aca5c-42a3-40e8-a9b4-0d93ec4e1173","SC75ABC","Principal"
"","Factura","2026-04-28 03:04:10.10","Envio a cargo del Cliente","Reversa de pago de envío comprador","Sweater Cuello Alto Rombos Café Nicopoly","N06239UL","152359493","-3352.941","-637.058","-3990.0","CLP","FACL-SC75ABC-20260428-CLP","3233830662","20260430C10219003968102026","df2ef93d-d6e4-4d6b-8b49-c39cb9a41bf2","sellerOrderLineDelivered","FBS","drop_shipping","","SC75ABC","Principal"
"","Nota de Credito","2026-04-28 03:04:10.10","Envio: Falabella Directo (Falabella Flex)","Pago por envío directo","Sweater Cuello Alto Rombos Café Nicopoly","N06239UL","152359493","420.168","79.831","500.0","CLP","FACL-SC75ABC-20260428-CLP","3233830662","20260430C10219003968102026","df2ef93d-d6e4-4d6b-8b49-c39cb9a41bf2","sellerOrderLineDelivered","FBS","drop_shipping","Pre Calculated Transaction with Transaction Id:ceda646d-7346-4db7-81cd-b52737bf4bc4","SC75ABC","Principal"
"","Factura","2026-04-28 03:04:10.10","Comisiones","Cobro por comisión por venta","Sweater Cuello Alto Rombos Café Nicopoly","N06239UL","152359493","-5376.470","-1021.529","-6398.0","CLP","FACL-SC75ABC-20260428-CLP","3233830662","20260430C10219003968102026","df2ef93d-d6e4-4d6b-8b49-c39cb9a41bf2","sellerOrderLineDelivered","FBS","drop_shipping","Pre Calculated Transaction with Transaction Id:310c2324-0f24-49e3-b70a-b3315a6abad5","SC75ABC","Principal"
"","Factura","2026-04-28 03:04:01.01","Envio a cargo del Cliente","Reversa de pago de envío comprador","Abrigo Patrón Espiga Grafito Nicopoly","N05149NS","152410959","-3352.941","-637.058","-3990.0","CLP","FACL-SC75ABC-20260428-CLP","3233741604","20260430C10219003968102026","2f7a0c40-51c7-4e69-b14d-3eb4e49bca6b","sellerOrderLineDelivered","FBS","drop_shipping","","SC75ABC","Principal"
"","Nota de Credito","2026-04-28 03:04:01.01","Envio: Falabella Directo (Falabella Flex)","Pago por envío directo","Abrigo Patrón Espiga Grafito Nicopoly","N05149NS","152410959","420.168","79.831","500.0","CLP","FACL-SC75ABC-20260428-CLP","3233741604","20260430C10219003968102026","2f7a0c40-51c7-4e69-b14d-3eb4e49bca6b","sellerOrderLineDelivered","FBS","drop_shipping","Pre Calculated Transaction with Transaction Id:8e836468-ad0c-4651-904a-71f6f6a68691","SC75ABC","Principal"
"","Factura","2026-04-28 03:04:01.01","Comisiones","Cobro por comisión por venta","Abrigo Patrón Espiga Grafito Nicopoly","N05149NS","152410959","-13779.831","-2618.167","-16398.0","CLP","FACL-SC75ABC-20260428-CLP","3233741604","20260430C10219003968102026","2f7a0c40-51c7-4e69-b14d-3eb4e49bca6b","sellerOrderLineDelivered","FBS","drop_shipping","Pre Calculated Transaction with Transaction Id:20c2c84d-8406-4c2c-93a8-40276f49391c","SC75ABC","Principal"
"","Factura","2026-04-28 01:04:10.10","Envio a cargo del Cliente","Reversa de pago de envío comprador","Cárdigan Diseño Trenzado Gris Nicopoly","N06240NS","152148169","-4193.277","-796.722","-4990.0","CLP","FACL-SC75ABC-20260428-CLP","3233799720","20260430C10219003968102026","64abbb52-e54c-473c-bd8a-7e5e80823a21","sellerOrderLineDelivered","FBS","drop_shipping","","SC75ABC","Principal"
"","Factura","2026-04-28 01:04:10.10","Comisiones","Cobro por comisión por venta","Cárdigan Diseño Trenzado Gris Nicopoly","N06240NS","152148169","-5712.605","-1085.394","-6798.0","CLP","FACL-SC75ABC-20260428-CLP","3233799720","20260430C10219003968102026","64abbb52-e54c-473c-bd8a-7e5e80823a21","sellerOrderLineDelivered","FBS","drop_shipping","Pre Calculated Transaction with Transaction Id:3fd57076-1b38-46f4-9ae6-4209fec4ed9e","SC75ABC","Principal"
"","Factura","2026-04-28 01:04:10.10","Envio: Cofinanciamiento logistico","Cobro por cofinanciamiento logístico","Cárdigan Diseño Trenzado Gris Nicopoly","N06240NS","152148169","-4949.579","-940.420","-5890.0","CLP","FACL-SC75ABC-20260428-CLP","3233799720","20260430C10219003968102026","64abbb52-e54c-473c-bd8a-7e5e80823a21","sellerOrderLineDelivered","FBS","drop_shipping","Pre Calculated Transaction with Transaction Id:8fcf444b-dac7-4b40-a5d8-2c62a2822786","SC75ABC","Principal"
"","Nota de Credito","2026-04-28 12:04:47.47","Promociones de Envio F.com","Reembolso por Promo envío falabella.com","Sweater Trenzado Cuello Redondo Blanco Nicopoly","N06229AM","152209102","3352.941","637.058","3990.0","CLP","FACL-SC75ABC-20260428-CLP","3233789614","20260430C10219003968102026","8a88a5bc-5884-4347-9701-4f590e3c50ac","sellerOrderLineDelivered","FBS","drop_shipping","","SC75ABC","Principal"
"","Factura","2026-04-28 12:04:47.47","Promociones de Envio F.com","Cobro Promo envío falabella.com","Sweater Trenzado Cuello Redondo Blanco Nicopoly","N06229AM","152209102","-3352.941","-637.058","-3990.0","CLP","FACL-SC75ABC-20260428-CLP","3233789614","20260430C10219003968102026","8a88a5bc-5884-4347-9701-4f590e3c50ac","sellerOrderLineDelivered","FBS","drop_shipping","","SC75ABC","Principal"
"","Factura","2026-04-28 12:04:47.47","Envio a cargo del Cliente","Reversa de pago de envío comprador","Sweater Trenzado Cuello Redondo Blanco Nicopoly","N06229AM","152209102","0.000","0.000","0.0","CLP","FACL-SC75ABC-20260428-CLP","3233789614","20260430C10219003968102026","8a88a5bc-5884-4347-9701-4f590e3c50ac","sellerOrderLineDelivered","FBS","drop_shipping","","SC75ABC","Principal"
"","Nota de Credito","2026-04-28 12:04:47.47","Promociones Producto","Pago de aporte promocionales a cliente (Promo)","Sweater Trenzado Cuello Redondo Blanco Nicopoly","N06229AM","152209102","0.000","0.000","0.0","CLP","FACL-SC75ABC-20260428-CLP","3233789614","20260430C10219003968102026","8a88a5bc-5884-4347-9701-4f590e3c50ac","sellerOrderLineDelivered","FBS","drop_shipping","Pre Calculated Transaction with Transaction Id:8e42cec3-6c71-4d20-9e1a-41de8094eb9c","SC75ABC","Principal"
"","Nota de Credito","2026-04-28 12:04:47.47","Envio: Falabella Directo (Falabella Flex)","Pago por envío directo","Sweater Trenzado Cuello Redondo Blanco Nicopoly","N06229AM","152209102","420.168","79.831","500.0","CLP","FACL-SC75ABC-20260428-CLP","3233789614","20260430C10219003968102026","8a88a5bc-5884-4347-9701-4f590e3c50ac","sellerOrderLineDelivered","FBS","drop_shipping","Pre Calculated Transaction with Transaction Id:14466a5f-2e6b-4fdd-a1ed-a7d7df233110","SC75ABC","Principal"
"","Factura","2026-04-28 12:04:47.47","Comisiones","Cobro por comisión por venta","Sweater Trenzado Cuello Redondo Blanco Nicopoly","N06229AM","152209102","-6384.873","-1213.125","-7598.0","CLP","FACL-SC75ABC-20260428-CLP","3233789614","20260430C10219003968102026","8a88a5bc-5884-4347-9701-4f590e3c50ac","sellerOrderLineDelivered","FBS","drop_shipping","Pre Calculated Transaction with Transaction Id:2d945c11-04a3-49e2-81a9-0f89c0f3322a","SC75ABC","Principal"
"","Factura","2026-04-28 11:04:05.05","Logistica Inversa (Devoluciones)","Cobro por logística inversa","Blazer Cinturón Burdeo Nicopoly","N06191TXL","152147920","-2428.571","-461.428","-2890.0","CLP","FACL-SC75ABC-20260428-CLP","3232148020","20260430C10219003968102026","51d3b827-8cab-4b65-a86e-f488982d40e9","sellerReturnOrderLineUpdated","FBS","drop_shipping","","SC75ABC","Principal"
"","Nota de Credito","2026-04-28 11:04:05.05","Comisiones","Reembolso por comisión por venta","Blazer Cinturón Burdeo Nicopoly","N06191TXL","152147920","10922.689","2075.310","12998.0","CLP","FACL-SC75ABC-20260428-CLP","3232148020","20260430C10219003968102026","51d3b827-8cab-4b65-a86e-f488982d40e9","sellerReturnOrderLineUpdated","FBS","drop_shipping","","SC75ABC","Principal"
"","Factura","2026-04-28 11:04:58.58","Logistica Inversa (Devoluciones)","Cobro por logística inversa","Abrigo Largo Lazo Negro Nicopoly","N04227BM-6","152389317","-2521.008","-478.991","-3000.0","CLP","FACL-SC75ABC-20260428-CLP","3231586274","20260430C10219003968102026","187a04c4-1d30-4a16-aa11-2ed5165bba65","sellerReturnOrderLineUpdated","FBS","drop_shipping","","SC75ABC","Principal"
"","Nota de Credito","2026-04-28 11:04:58.58","Comisiones","Reembolso por comisión por venta","Abrigo Largo Lazo Negro Nicopoly","N04227BM-6","152389317","13443.697","2554.302","15998.0","CLP","FACL-SC75ABC-20260428-CLP","3231586274","20260430C10219003968102026","187a04c4-1d30-4a16-aa11-2ed5165bba65","sellerReturnOrderLineUpdated","FBS","drop_shipping","","SC75ABC","Principal"
"","Factura","2026-04-28 11:04:07.07","Logistica Inversa (Devoluciones)","Cobro por logística inversa","Parka Acolchada con Cinturón Lazo Negro Nicopoly","N06194BXL","152500071","-2521.008","-478.991","-3000.0","CLP","FACL-SC75ABC-20260428-CLP","3231984601","20260430C10219003968102026","941053fc-a64b-48ed-a9eb-3937c6645ac0","sellerReturnOrderLineUpdated","FBS","drop_shipping","","SC75ABC","Principal"
"","Nota de Credito","2026-04-28 11:04:07.07","Comisiones","Reembolso por comisión por venta","Parka Acolchada con Cinturón Lazo Negro Nicopoly","N06194BXL","152500071","15124.369","2873.630","17998.0","CLP","FACL-SC75ABC-20260428-CLP","3231984601","20260430C10219003968102026","941053fc-a64b-48ed-a9eb-3937c6645ac0","sellerReturnOrderLineUpdated","FBS","drop_shipping","","SC75ABC","Principal"
"","Factura","2026-04-27 10:04:03.03","Logistica Inversa (Devoluciones)","Cobro por logística inversa","Blazer Básico de Tope Café Nicopoly","N05301UM","152134450","-2428.571","-461.428","-2890.0","CLP","FACL-SC75ABC-20260427-CLP","3229329355","20260430C10219003968102026","2ddf7f7a-338c-4c86-865e-ff7306612f1f","sellerReturnOrderLineUpdated","FBS","drop_shipping","","SC75ABC","Principal"
"","Nota de Debito","2026-04-27 10:04:03.03","Promociones Producto","Descuento por aportes promocionales a clientes (Promo)","Blazer Básico de Tope Café Nicopoly","N05301UM","152134450","0.000","0.000","0.0","CLP","FACL-SC75ABC-20260427-CLP","3229329355","20260430C10219003968102026","2ddf7f7a-338c-4c86-865e-ff7306612f1f","sellerReturnOrderLineUpdated","FBS","drop_shipping","","SC75ABC","Principal"
"","Nota de Credito","2026-04-27 10:04:03.03","Comisiones","Reembolso por comisión por venta","Blazer Básico de Tope Café Nicopoly","N05301UM","152134450","7561.344","1436.655","8998.0","CLP","FACL-SC75ABC-20260427-CLP","3229329355","20260430C10219003968102026","2ddf7f7a-338c-4c86-865e-ff7306612f1f","sellerReturnOrderLineUpdated","FBS","drop_shipping","","SC75ABC","Principal"
"","Factura","2026-04-27 10:04:02.02","Logistica Inversa (Devoluciones)","Cobro por logística inversa","Pantalón Sastrero Recto Negro Nicopoly","N06192BM","152153551","-2428.571","-461.428","-2890.0","CLP","FACL-SC75ABC-20260427-CLP","3229329355","20260430C10219003968102026","e6d17494-0a22-4d78-a3b9-8709a2b500aa","sellerReturnOrderLineUpdated","FBS","drop_shipping","","SC75ABC","Principal"
"","Nota de Debito","2026-04-27 10:04:02.02","Promociones Producto","Descuento por aportes promocionales a clientes (Promo)","Pantalón Sastrero Recto Negro Nicopoly","N06192BM","152153551","0.000","0.000","0.0","CLP","FACL-SC75ABC-20260427-CLP","3229329355","20260430C10219003968102026","e6d17494-0a22-4d78-a3b9-8709a2b500aa","sellerReturnOrderLineUpdated","FBS","drop_shipping","","SC75ABC","Principal"
"","Nota de Credito","2026-04-27 10:04:02.02","Comisiones","Reembolso por comisión por venta","Pantalón Sastrero Recto Negro Nicopoly","N06192BM","152153551","6721.008","1276.991","7998.0","CLP","FACL-SC75ABC-20260427-CLP","3229329355","20260430C10219003968102026","e6d17494-0a22-4d78-a3b9-8709a2b500aa","sellerReturnOrderLineUpdated","FBS","drop_shipping","","SC75ABC","Principal"
"","Factura","2026-04-25 03:04:06.06","Envio a cargo del Cliente","Reversa de pago de envío comprador","Blazer Básico de Tope Café Nicopoly","N05301UXL","152134452","-3352.941","-637.058","-3990.0","CLP","FACL-SC75ABC-20260425-CLP","3233465825","20260427C10219003839252026","d02f2771-485f-48b3-9468-d046a516269b","sellerOrderLineDelivered","FBS","drop_shipping","","SC75ABC","Principal"
"","Factura","2026-04-25 03:04:06.06","Comisiones","Cobro por comisión por venta","Blazer Básico de Tope Café Nicopoly","N05301UXL","152134452","-7561.344","-1436.655","-8998.0","CLP","FACL-SC75ABC-20260425-CLP","3233465825","20260427C10219003839252026","d02f2771-485f-48b3-9468-d046a516269b","sellerOrderLineDelivered","FBS","drop_shipping","Pre Calculated Transaction with Transaction Id:61691de6-fda1-4504-9843-483127e2d5fc","SC75ABC","Principal"
"","Factura","2026-04-25 03:04:06.06","Envio: Cofinanciamiento logistico","Cobro por cofinanciamiento logístico","Blazer Básico de Tope Café Nicopoly","N05301UXL","152134452","-4949.579","-940.420","-5890.0","CLP","FACL-SC75ABC-20260425-CLP","3233465825","20260427C10219003839252026","d02f2771-485f-48b3-9468-d046a516269b","sellerOrderLineDelivered","FBS","drop_shipping","Pre Calculated Transaction with Transaction Id:f02721c7-5f80-4421-979b-c90f70a08613","SC75ABC","Principal"
"","Nota de Credito","2026-04-25 11:04:37.37","Promociones de Envio F.com","Reembolso por Promo envío falabella.com","Blazer Básico de Tope Negro Nicopoly","N05301BM-7","152128435","4193.277","796.722","4990.0","CLP","FACL-SC75ABC-20260425-CLP","3233656913","20260427C10219003839252026","ebced02c-0e15-4c16-9e71-affc6f56ba1e","sellerOrderLineDelivered","FBS","drop_shipping","","SC75ABC","Principal"
"","Factura","2026-04-25 11:04:37.37","Promociones de Envio F.com","Cobro Promo envío falabella.com","Blazer Básico de Tope Negro Nicopoly","N05301BM-7","152128435","-4193.277","-796.722","-4990.0","CLP","FACL-SC75ABC-20260425-CLP","3233656913","20260427C10219003839252026","ebced02c-0e15-4c16-9e71-affc6f56ba1e","sellerOrderLineDelivered","FBS","drop_shipping","","SC75ABC","Principal"
"","Factura","2026-04-25 11:04:37.37","Envio a cargo del Cliente","Reversa de pago de envío comprador","Blazer Básico de Tope Negro Nicopoly","N05301BM-7","152128435","0.000","0.000","0.0","CLP","FACL-SC75ABC-20260425-CLP","3233656913","20260427C10219003839252026","ebced02c-0e15-4c16-9e71-affc6f56ba1e","sellerOrderLineDelivered","FBS","drop_shipping","","SC75ABC","Principal"
"","Nota de Credito","2026-04-25 11:04:37.37","Promociones Producto","Pago de aporte promocionales a cliente (Promo)","Blazer Básico de Tope Negro Nicopoly","N05301BM-7","152128435","0.000","0.000","0.0","CLP","FACL-SC75ABC-20260425-CLP","3233656913","20260427C10219003839252026","ebced02c-0e15-4c16-9e71-affc6f56ba1e","sellerOrderLineDelivered","FBS","drop_shipping","Pre Calculated Transaction with Transaction Id:12c4418e-6bf0-48aa-a53a-97a631d07834","SC75ABC","Principal"
"","Factura","2026-04-25 11:04:37.37","Comisiones","Cobro por comisión por venta","Blazer Básico de Tope Negro Nicopoly","N05301BM-7","152128435","-7561.344","-1436.655","-8998.0","CLP","FACL-SC75ABC-20260425-CLP","3233656913","20260427C10219003839252026","ebced02c-0e15-4c16-9e71-affc6f56ba1e","sellerOrderLineDelivered","FBS","drop_shipping","Pre Calculated Transaction with Transaction Id:ca846902-715b-4bab-b58b-5531bf306a45","SC75ABC","Principal"
"","Factura","2026-04-25 11:04:37.37","Envio: Cofinanciamiento logistico","Cobro por cofinanciamiento logístico","Blazer Básico de Tope Negro Nicopoly","N05301BM-7","152128435","-4949.579","-940.420","-5890.0","CLP","FACL-SC75ABC-20260425-CLP","3233656913","20260427C10219003839252026","ebced02c-0e15-4c16-9e71-affc6f56ba1e","sellerOrderLineDelivered","FBS","drop_shipping","Pre Calculated Transaction with Transaction Id:280a6bba-b1f0-4575-bea8-6dc8fe1649f4","SC75ABC","Principal"
"","Nota de Credito","2026-04-24 03:04:27.27","Promociones de Envio F.com","Reembolso por Promo envío falabella.com","Jeans Corte Barrel Azul Nicopoly","N06182PL","152150559","3352.941","637.058","3990.0","CLP","FACL-SC75ABC-20260424-CLP","3233331532","20260427C10219003839252026","8ca17c28-2984-47af-b394-6a312b526bb4","sellerOrderLineDelivered","FBS","drop_shipping","","SC75ABC","Principal"
"","Factura","2026-04-24 03:04:27.27","Promociones de Envio F.com","Cobro Promo envío falabella.com","Jeans Corte Barrel Azul Nicopoly","N06182PL","152150559","-3352.941","-637.058","-3990.0","CLP","FACL-SC75ABC-20260424-CLP","3233331532","20260427C10219003839252026","8ca17c28-2984-47af-b394-6a312b526bb4","sellerOrderLineDelivered","FBS","drop_shipping","","SC75ABC","Principal"
"","Factura","2026-04-24 03:04:27.27","Envio a cargo del Cliente","Reversa de pago de envío comprador","Jeans Corte Barrel Azul Nicopoly","N06182PL","152150559","0.000","0.000","0.0","CLP","FACL-SC75ABC-20260424-CLP","3233331532","20260427C10219003839252026","8ca17c28-2984-47af-b394-6a312b526bb4","sellerOrderLineDelivered","FBS","drop_shipping","","SC75ABC","Principal"
"","Nota de Credito","2026-04-24 03:04:27.27","Promociones Producto","Pago de aporte promocionales a cliente (Promo)","Jeans Corte Barrel Azul Nicopoly","N06182PL","152150559","0.000","0.000","0.0","CLP","FACL-SC75ABC-20260424-CLP","3233331532","20260427C10219003839252026","8ca17c28-2984-47af-b394-6a312b526bb4","sellerOrderLineDelivered","FBS","drop_shipping","Pre Calculated Transaction with Transaction Id:73debdd4-446a-4296-bb39-94c4f9766031","SC75ABC","Principal"
"","Nota de Credito","2026-04-24 03:04:27.27","Envio: Falabella Directo (Falabella Flex)","Pago por envío directo","Jeans Corte Barrel Azul Nicopoly","N06182PL","152150559","420.168","79.831","500.0","CLP","FACL-SC75ABC-20260424-CLP","3233331532","20260427C10219003839252026","8ca17c28-2984-47af-b394-6a312b526bb4","sellerOrderLineDelivered","FBS","drop_shipping","Pre Calculated Transaction with Transaction Id:fa9bcb98-7078-44b3-8333-7d2d2395fd62","SC75ABC","Principal"
"","Factura","2026-04-24 03:04:27.27","Comisiones","Cobro por comisión por venta","Jeans Corte Barrel Azul Nicopoly","N06182PL","152150559","-7561.344","-1436.655","-8998.0","CLP","FACL-SC75ABC-20260424-CLP","3233331532","20260427C10219003839252026","8ca17c28-2984-47af-b394-6a312b526bb4","sellerOrderLineDelivered","FBS","drop_shipping","Pre Calculated Transaction with Transaction Id:2db30002-58e7-4dcd-bfc9-48ee6b8081c5","SC75ABC","Principal"
"","Factura","2026-04-24 12:04:03.03","Envio a cargo del Cliente","Reversa de pago de envío comprador","Blazer Básico de Tope Verde Nicopoly","N05301EXL-7","152133068","-5873.949","-1116.050","-6990.0","CLP","FACL-SC75ABC-20260424-CLP","3233280910","20260427C10219003839252026","7aeae7ea-c2bc-4cde-904d-7a4bc29ea184","sellerOrderLineDelivered","FBS","drop_shipping","","SC75ABC","Principal"
"","Factura","2026-04-24 12:04:03.03","Comisiones","Cobro por comisión por venta","Blazer Básico de Tope Verde Nicopoly","N05301EXL-7","152133068","-7561.344","-1436.655","-8998.0","CLP","FACL-SC75ABC-20260424-CLP","3233280910","20260427C10219003839252026","7aeae7ea-c2bc-4cde-904d-7a4bc29ea184","sellerOrderLineDelivered","FBS","drop_shipping","Pre Calculated Transaction with Transaction Id:d3ef77e6-d717-43d2-80d9-a81c7f8ed924","SC75ABC","Principal"
"","Factura","2026-04-24 12:04:03.03","Envio: Cofinanciamiento logistico","Cobro por cofinanciamiento logístico","Blazer Básico de Tope Verde Nicopoly","N05301EXL-7","152133068","-4949.579","-940.420","-5890.0","CLP","FACL-SC75ABC-20260424-CLP","3233280910","20260427C10219003839252026","7aeae7ea-c2bc-4cde-904d-7a4bc29ea184","sellerOrderLineDelivered","FBS","drop_shipping","Pre Calculated Transaction with Transaction Id:644f7cf5-d013-42b5-b1a4-80257ca315bc","SC75ABC","Principal"
"","Nota de Credito","2026-04-24 12:04:36.36","Promociones de Envio F.com","Reembolso por Promo envío falabella.com","Blazer Básico de Tope Verde Nicopoly","N05301EXL-7","152133068","3352.941","637.058","3990.0","CLP","FACL-SC75ABC-20260424-CLP","3233127448","20260427C10219003839252026","36bfe62a-3afc-4f96-83ad-ec57c08e2976","sellerOrderLineDelivered","FBS","drop_shipping","","SC75ABC","Principal"
"","Factura","2026-04-24 12:04:36.36","Promociones de Envio F.com","Cobro Promo envío falabella.com","Blazer Básico de Tope Verde Nicopoly","N05301EXL-7","152133068","-3352.941","-637.058","-3990.0","CLP","FACL-SC75ABC-20260424-CLP","3233127448","20260427C10219003839252026","36bfe62a-3afc-4f96-83ad-ec57c08e2976","sellerOrderLineDelivered","FBS","drop_shipping","","SC75ABC","Principal"
"","Factura","2026-04-24 12:04:36.36","Envio a cargo del Cliente","Reversa de pago de envío comprador","Blazer Básico de Tope Verde Nicopoly","N05301EXL-7","152133068","0.000","0.000","0.0","CLP","FACL-SC75ABC-20260424-CLP","3233127448","20260427C10219003839252026","36bfe62a-3afc-4f96-83ad-ec57c08e2976","sellerOrderLineDelivered","FBS","drop_shipping","","SC75ABC","Principal"
"","Nota de Credito","2026-04-24 12:04:36.36","Promociones Producto","Pago de aporte promocionales a cliente (Promo)","Blazer Básico de Tope Verde Nicopoly","N05301EXL-7","152133068","0.000","0.000","0.0","CLP","FACL-SC75ABC-20260424-CLP","3233127448","20260427C10219003839252026","36bfe62a-3afc-4f96-83ad-ec57c08e2976","sellerOrderLineDelivered","FBS","drop_shipping","Pre Calculated Transaction with Transaction Id:1f4995f1-d24d-47d8-8f14-70a8c5fec051","SC75ABC","Principal"
"","Nota de Credito","2026-04-24 12:04:36.36","Envio: Falabella Directo (Falabella Flex)","Pago por envío directo","Blazer Básico de Tope Verde Nicopoly","N05301EXL-7","152133068","420.168","79.831","500.0","CLP","FACL-SC75ABC-20260424-CLP","3233127448","20260427C10219003839252026","36bfe62a-3afc-4f96-83ad-ec57c08e2976","sellerOrderLineDelivered","FBS","drop_shipping","Pre Calculated Transaction with Transaction Id:d85215cc-9c4a-4826-8ce7-3b6aff87ca80","SC75ABC","Principal"
"","Factura","2026-04-24 12:04:36.36","Comisiones","Cobro por comisión por venta","Blazer Básico de Tope Verde Nicopoly","N05301EXL-7","152133068","-7561.344","-1436.655","-8998.0","CLP","FACL-SC75ABC-20260424-CLP","3233127448","20260427C10219003839252026","36bfe62a-3afc-4f96-83ad-ec57c08e2976","sellerOrderLineDelivered","FBS","drop_shipping","Pre Calculated Transaction with Transaction Id:2253950d-6383-4936-b30f-1c28aa249b07","SC75ABC","Principal"
"","Nota de Credito","2026-04-22 06:04:18.18","Promociones de Envio F.com","Reembolso por Promo envío falabella.com","Pantalón  Recto Café Nicopoly","N06192US","152148390","3352.941","637.058","3990.0","CLP","FACL-SC75ABC-20260422-CLP","3232699801","20260423C10219003729262026","e6cf793d-b1f4-4e8b-b23a-b233f50be836","sellerOrderLineDelivered","FBS","drop_shipping","","SC75ABC","Principal"
"","Factura","2026-04-22 06:04:18.18","Promociones de Envio F.com","Cobro Promo envío falabella.com","Pantalón  Recto Café Nicopoly","N06192US","152148390","-3352.941","-637.058","-3990.0","CLP","FACL-SC75ABC-20260422-CLP","3232699801","20260423C10219003729262026","e6cf793d-b1f4-4e8b-b23a-b233f50be836","sellerOrderLineDelivered","FBS","drop_shipping","","SC75ABC","Principal"
"","Factura","2026-04-22 06:04:18.18","Envio a cargo del Cliente","Reversa de pago de envío comprador","Pantalón  Recto Café Nicopoly","N06192US","152148390","0.000","0.000","0.0","CLP","FACL-SC75ABC-20260422-CLP","3232699801","20260423C10219003729262026","e6cf793d-b1f4-4e8b-b23a-b233f50be836","sellerOrderLineDelivered","FBS","drop_shipping","","SC75ABC","Principal"
"","Nota de Credito","2026-04-22 06:04:18.18","Promociones Producto","Pago de aporte promocionales a cliente (Promo)","Pantalón  Recto Café Nicopoly","N06192US","152148390","0.000","0.000","0.0","CLP","FACL-SC75ABC-20260422-CLP","3232699801","20260423C10219003729262026","e6cf793d-b1f4-4e8b-b23a-b233f50be836","sellerOrderLineDelivered","FBS","drop_shipping","Pre Calculated Transaction with Transaction Id:29299435-c8f3-4fd5-83da-bf1bad4e8797","SC75ABC","Principal"
"","Nota de Credito","2026-04-22 06:04:18.18","Envio: Falabella Directo (Falabella Flex)","Pago por envío directo","Pantalón  Recto Café Nicopoly","N06192US","152148390","420.168","79.831","500.0","CLP","FACL-SC75ABC-20260422-CLP","3232699801","20260423C10219003729262026","e6cf793d-b1f4-4e8b-b23a-b233f50be836","sellerOrderLineDelivered","FBS","drop_shipping","Pre Calculated Transaction with Transaction Id:89126e1f-bfa6-4655-b405-5cc0d9d3b87d","SC75ABC","Principal"
"","Factura","2026-04-22 06:04:18.18","Comisiones","Cobro por comisión por venta","Pantalón  Recto Café Nicopoly","N06192US","152148390","-6721.008","-1276.991","-7998.0","CLP","FACL-SC75ABC-20260422-CLP","3232699801","20260423C10219003729262026","e6cf793d-b1f4-4e8b-b23a-b233f50be836","sellerOrderLineDelivered","FBS","drop_shipping","Pre Calculated Transaction with Transaction Id:27b3b176-28e8-4fc6-878a-ae3ae04c5778","SC75ABC","Principal"
"","Nota de Credito","2026-04-22 06:04:17.17","Promociones de Envio F.com","Reembolso por Promo envío falabella.com","Blazer Básico de Tope Negro Nicopoly","N05301BS-7","152128437","3352.941","637.058","3990.0","CLP","FACL-SC75ABC-20260422-CLP","3232826311","20260423C10219003729262026","c0ff5a36-d4d5-4052-a9ec-defe0a49d184","sellerOrderLineDelivered","FBS","drop_shipping","","SC75ABC","Principal"
"","Factura","2026-04-22 06:04:17.17","Promociones de Envio F.com","Cobro Promo envío falabella.com","Blazer Básico de Tope Negro Nicopoly","N05301BS-7","152128437","-3352.941","-637.058","-3990.0","CLP","FACL-SC75ABC-20260422-CLP","3232826311","20260423C10219003729262026","c0ff5a36-d4d5-4052-a9ec-defe0a49d184","sellerOrderLineDelivered","FBS","drop_shipping","","SC75ABC","Principal"
"","Factura","2026-04-22 06:04:17.17","Envio a cargo del Cliente","Reversa de pago de envío comprador","Blazer Básico de Tope Negro Nicopoly","N05301BS-7","152128437","0.000","0.000","0.0","CLP","FACL-SC75ABC-20260422-CLP","3232826311","20260423C10219003729262026","c0ff5a36-d4d5-4052-a9ec-defe0a49d184","sellerOrderLineDelivered","FBS","drop_shipping","","SC75ABC","Principal"
"","Nota de Credito","2026-04-22 06:04:17.17","Promociones Producto","Pago de aporte promocionales a cliente (Promo)","Blazer Básico de Tope Negro Nicopoly","N05301BS-7","152128437","0.000","0.000","0.0","CLP","FACL-SC75ABC-20260422-CLP","3232826311","20260423C10219003729262026","c0ff5a36-d4d5-4052-a9ec-defe0a49d184","sellerOrderLineDelivered","FBS","drop_shipping","Pre Calculated Transaction with Transaction Id:529d88a9-0a8c-4ba8-ab4a-15f826445fb9","SC75ABC","Principal"
"","Nota de Credito","2026-04-22 06:04:17.17","Envio: Falabella Directo (Falabella Flex)","Pago por envío directo","Blazer Básico de Tope Negro Nicopoly","N05301BS-7","152128437","420.168","79.831","500.0","CLP","FACL-SC75ABC-20260422-CLP","3232826311","20260423C10219003729262026","c0ff5a36-d4d5-4052-a9ec-defe0a49d184","sellerOrderLineDelivered","FBS","drop_shipping","Pre Calculated Transaction with Transaction Id:454c47a8-6155-4b94-abbc-5d17f44fe3dc","SC75ABC","Principal"
"","Factura","2026-04-22 06:04:17.17","Comisiones","Cobro por comisión por venta","Blazer Básico de Tope Negro Nicopoly","N05301BS-7","152128437","-7561.344","-1436.655","-8998.0","CLP","FACL-SC75ABC-20260422-CLP","3232826311","20260423C10219003729262026","c0ff5a36-d4d5-4052-a9ec-defe0a49d184","sellerOrderLineDelivered","FBS","drop_shipping","Pre Calculated Transaction with Transaction Id:e45bab5b-39f4-4684-87a6-2706f7d4708e","SC75ABC","Principal"
"","Factura","2026-04-22 05:04:56.56","Envio: Falabella Directo (Falabella Flex)","Corrección de cobro por envío directo","Blazer Básico de Tope Morado Nicopoly","N05301ZXL-7","152133058","-210.084","-39.915","-250.0","CLP","FACL-SC75ABC-20260422-CLP","3232094330","20260423C10219003729262026","f5b598d5-a49d-48aa-a9f5-8eacb7c02781","manualTransactionCreated","FBS","drop_shipping","Cobro por diferencia en servicio Falaflex","SC75ABC","Principal"
"","Factura","2026-04-22 05:04:33.33","Envio: Falabella Directo (Falabella Flex)","Corrección de cobro por envío directo","Blazer Básico de Tope Verde Nicopoly","N05301EXL-7","152133068","-210.084","-39.915","-250.0","CLP","FACL-SC75ABC-20260422-CLP","3232094330","20260423C10219003729262026","f069781e-27b7-4c3b-af9e-62c61a1297db","manualTransactionCreated","FBS","drop_shipping","Cobro por diferencia en servicio Falaflex","SC75ABC","Principal"
"","Factura","2026-04-22 03:04:08.08","Envio a cargo del Cliente","Reversa de pago de envío comprador","Jeans Corte Recto Café Nicopoly","N06153UXL","152148221","-1524.369","-289.630","-1814.0","CLP","FACL-SC75ABC-20260422-CLP","3232742716","20260423C10219003729262026","46bfa501-7a8d-4f36-b66c-6746fa5b71a2","sellerOrderLineDelivered","FBS","drop_shipping","","SC75ABC","Principal"
"","Nota de Credito","2026-04-22 03:04:08.08","Envio: Falabella Directo (Falabella Flex)","Pago por envío directo","Jeans Corte Recto Café Nicopoly","N06153UXL","152148221","420.168","79.831","500.0","CLP","FACL-SC75ABC-20260422-CLP","3232742716","20260423C10219003729262026","46bfa501-7a8d-4f36-b66c-6746fa5b71a2","sellerOrderLineDelivered","FBS","drop_shipping","Pre Calculated Transaction with Transaction Id:a9502c80-9511-4a3c-984b-f623c1d1ba9b","SC75ABC","Principal"
"","Factura","2026-04-22 03:04:08.08","Comisiones","Cobro por comisión por venta","Jeans Corte Recto Café Nicopoly","N06153UXL","152148221","-6721.008","-1276.991","-7998.0","CLP","FACL-SC75ABC-20260422-CLP","3232742716","20260423C10219003729262026","46bfa501-7a8d-4f36-b66c-6746fa5b71a2","sellerOrderLineDelivered","FBS","drop_shipping","Pre Calculated Transaction with Transaction Id:dfe40c6e-10e6-46f1-902d-d08a4714118f","SC75ABC","Principal"
"","Factura","2026-04-22 03:04:08.08","Envio a cargo del Cliente","Reversa de pago de envío comprador","Pantalón Tartán Gris Nicopoly","N06277NXL","152153537","-1828.571","-347.428","-2176.0","CLP","FACL-SC75ABC-20260422-CLP","3232742716","20260423C10219003729262026","719d2e4c-cad6-4946-8bde-a3bffd01a816","sellerOrderLineDelivered","FBS","drop_shipping","","SC75ABC","Principal"
"","Nota de Credito","2026-04-22 03:04:08.08","Envio: Falabella Directo (Falabella Flex)","Pago por envío directo","Pantalón Tartán Gris Nicopoly","N06277NXL","152153537","420.168","79.831","500.0","CLP","FACL-SC75ABC-20260422-CLP","3232742716","20260423C10219003729262026","719d2e4c-cad6-4946-8bde-a3bffd01a816","sellerOrderLineDelivered","FBS","drop_shipping","Pre Calculated Transaction with Transaction Id:53ff6b8f-3f2c-46ab-94f7-afb9d56c30d8","SC75ABC","Principal"
"","Factura","2026-04-22 03:04:08.08","Comisiones","Cobro por comisión por venta","Pantalón Tartán Gris Nicopoly","N06277NXL","152153537","-8065.546","-1532.453","-9598.0","CLP","FACL-SC75ABC-20260422-CLP","3232742716","20260423C10219003729262026","719d2e4c-cad6-4946-8bde-a3bffd01a816","sellerOrderLineDelivered","FBS","drop_shipping","Pre Calculated Transaction with Transaction Id:b7d4cf24-2d3e-4907-83db-54b46cac89f6","SC75ABC","Principal"
"","Factura","2026-04-22 03:04:10.10","Envio a cargo del Cliente","Reversa de pago de envío comprador","Gilet Sastre Entallado Blanco Nicopoly","N06063AL","152153598","-5873.949","-1116.050","-6990.0","CLP","FACL-SC75ABC-20260422-CLP","3232679333","20260423C10219003729262026","edf38d8e-46bc-4a4f-af2d-b637489371ad","sellerOrderLineDelivered","FBS","drop_shipping","","SC75ABC","Principal"
"","Factura","2026-04-22 03:04:10.10","Comisiones","Cobro por comisión por venta","Gilet Sastre Entallado Blanco Nicopoly","N06063AL","152153598","-5544.537","-1053.462","-6598.0","CLP","FACL-SC75ABC-20260422-CLP","3232679333","20260423C10219003729262026","edf38d8e-46bc-4a4f-af2d-b637489371ad","sellerOrderLineDelivered","FBS","drop_shipping","Pre Calculated Transaction with Transaction Id:b877c6ec-e48d-42f6-b73c-6928c4bd7fe6","SC75ABC","Principal"
"","Factura","2026-04-22 03:04:10.10","Envio: Cofinanciamiento logistico","Cobro por cofinanciamiento logístico","Gilet Sastre Entallado Blanco Nicopoly","N06063AL","152153598","-3100.840","-589.159","-3690.0","CLP","FACL-SC75ABC-20260422-CLP","3232679333","20260423C10219003729262026","edf38d8e-46bc-4a4f-af2d-b637489371ad","sellerOrderLineDelivered","FBS","drop_shipping","Pre Calculated Transaction with Transaction Id:29a5cb13-25c3-43c7-b033-c6ca79342114","SC75ABC","Principal"
"","Nota de Credito","2026-04-22 07:04:15.15","Promociones de Envio F.com","Reembolso por Promo envío falabella.com","Sweater con Patrón Trenzado Blanco Nicopoly","N06237AS","152209113","3352.941","637.058","3990.0","CLP","FACL-SC75ABC-20260422-CLP","3232368288","20260423C10219003729262026","490bca44-43f1-477f-b4ee-0ba7454ffdf5","sellerOrderLineDelivered","FBS","drop_shipping","","SC75ABC","Principal"
"","Factura","2026-04-22 07:04:15.15","Promociones de Envio F.com","Cobro Promo envío falabella.com","Sweater con Patrón Trenzado Blanco Nicopoly","N06237AS","152209113","-3352.941","-637.058","-3990.0","CLP","FACL-SC75ABC-20260422-CLP","3232368288","20260423C10219003729262026","490bca44-43f1-477f-b4ee-0ba7454ffdf5","sellerOrderLineDelivered","FBS","drop_shipping","","SC75ABC","Principal"
"","Factura","2026-04-22 07:04:15.15","Envio a cargo del Cliente","Reversa de pago de envío comprador","Sweater con Patrón Trenzado Blanco Nicopoly","N06237AS","152209113","0.000","0.000","0.0","CLP","FACL-SC75ABC-20260422-CLP","3232368288","20260423C10219003729262026","490bca44-43f1-477f-b4ee-0ba7454ffdf5","sellerOrderLineDelivered","FBS","drop_shipping","","SC75ABC","Principal"
"","Nota de Credito","2026-04-22 07:04:15.15","Promociones Producto","Pago de aporte promocionales a cliente (Promo)","Sweater con Patrón Trenzado Blanco Nicopoly","N06237AS","152209113","0.000","0.000","0.0","CLP","FACL-SC75ABC-20260422-CLP","3232368288","20260423C10219003729262026","490bca44-43f1-477f-b4ee-0ba7454ffdf5","sellerOrderLineDelivered","FBS","drop_shipping","Pre Calculated Transaction with Transaction Id:2115aef5-7e30-4ad9-b2fe-506477944605","SC75ABC","Principal"
"","Nota de Credito","2026-04-22 07:04:15.15","Envio: Falabella Directo (Falabella Flex)","Pago por envío directo","Sweater con Patrón Trenzado Blanco Nicopoly","N06237AS","152209113","420.168","79.831","500.0","CLP","FACL-SC75ABC-20260422-CLP","3232368288","20260423C10219003729262026","490bca44-43f1-477f-b4ee-0ba7454ffdf5","sellerOrderLineDelivered","FBS","drop_shipping","Pre Calculated Transaction with Transaction Id:3a0d333d-51a8-4f2a-bc11-61711fe55e85","SC75ABC","Principal"
"","Factura","2026-04-22 07:04:15.15","Comisiones","Cobro por comisión por venta","Sweater con Patrón Trenzado Blanco Nicopoly","N06237AS","152209113","-5712.605","-1085.394","-6798.0","CLP","FACL-SC75ABC-20260422-CLP","3232368288","20260423C10219003729262026","490bca44-43f1-477f-b4ee-0ba7454ffdf5","sellerOrderLineDelivered","FBS","drop_shipping","Pre Calculated Transaction with Transaction Id:07017214-27b1-402c-9dbc-0c8c1511be30","SC75ABC","Principal"
"","Nota de Credito","2026-04-21 06:04:06.06","Promociones de Envio F.com","Reembolso por Promo envío falabella.com","Blazer Básico de Tope Café Nicopoly","N05301UL","152134453","3352.941","637.058","3990.0","CLP","FACL-SC75ABC-20260421-CLP","3232359379","20260422C10219003685072026","9528f866-405b-4959-bb10-138cf70332ae","sellerOrderLineDelivered","FBS","drop_shipping","","SC75ABC","Principal"
"","Factura","2026-04-21 06:04:06.06","Promociones de Envio F.com","Cobro Promo envío falabella.com","Blazer Básico de Tope Café Nicopoly","N05301UL","152134453","-3352.941","-637.058","-3990.0","CLP","FACL-SC75ABC-20260421-CLP","3232359379","20260422C10219003685072026","9528f866-405b-4959-bb10-138cf70332ae","sellerOrderLineDelivered","FBS","drop_shipping","","SC75ABC","Principal"
"","Factura","2026-04-21 06:04:06.06","Envio a cargo del Cliente","Reversa de pago de envío comprador","Blazer Básico de Tope Café Nicopoly","N05301UL","152134453","0.000","0.000","0.0","CLP","FACL-SC75ABC-20260421-CLP","3232359379","20260422C10219003685072026","9528f866-405b-4959-bb10-138cf70332ae","sellerOrderLineDelivered","FBS","drop_shipping","","SC75ABC","Principal"
"","Nota de Credito","2026-04-21 06:04:06.06","Promociones Producto","Pago de aporte promocionales a cliente (Promo)","Blazer Básico de Tope Café Nicopoly","N05301UL","152134453","0.000","0.000","0.0","CLP","FACL-SC75ABC-20260421-CLP","3232359379","20260422C10219003685072026","9528f866-405b-4959-bb10-138cf70332ae","sellerOrderLineDelivered","FBS","drop_shipping","Pre Calculated Transaction with Transaction Id:8c3f20fc-ae26-44da-ad9f-550fadca4a14","SC75ABC","Principal"
"","Nota de Credito","2026-04-21 06:04:06.06","Envio: Falabella Directo (Falabella Flex)","Pago por envío directo","Blazer Básico de Tope Café Nicopoly","N05301UL","152134453","420.168","79.831","500.0","CLP","FACL-SC75ABC-20260421-CLP","3232359379","20260422C10219003685072026","9528f866-405b-4959-bb10-138cf70332ae","sellerOrderLineDelivered","FBS","drop_shipping","Pre Calculated Transaction with Transaction Id:ecd35368-61ae-48a9-b143-ddce053b70ad","SC75ABC","Principal"
"","Factura","2026-04-21 06:04:06.06","Comisiones","Cobro por comisión por venta","Blazer Básico de Tope Café Nicopoly","N05301UL","152134453","-7561.344","-1436.655","-8998.0","CLP","FACL-SC75ABC-20260421-CLP","3232359379","20260422C10219003685072026","9528f866-405b-4959-bb10-138cf70332ae","sellerOrderLineDelivered","FBS","drop_shipping","Pre Calculated Transaction with Transaction Id:5aa1fdb1-36a5-4602-af33-a73b9dad29a3","SC75ABC","Principal"
"","Factura","2026-04-21 03:04:09.09","Envio a cargo del Cliente","Reversa de pago de envío comprador","Trench Clásico Doble Botonadura Negro Nicopoly","N06187BM","152499984","-3352.941","-637.058","-3990.0","CLP","FACL-SC75ABC-20260421-CLP","3232369579","20260422C10219003685072026","f5961211-208b-4743-9ff1-7ebcc33c7b08","sellerOrderLineDelivered","FBS","drop_shipping","","SC75ABC","Principal"
"","Nota de Credito","2026-04-21 03:04:09.09","Envio: Falabella Directo (Falabella Flex)","Pago por envío directo","Trench Clásico Doble Botonadura Negro Nicopoly","N06187BM","152499984","420.168","79.831","500.0","CLP","FACL-SC75ABC-20260421-CLP","3232369579","20260422C10219003685072026","f5961211-208b-4743-9ff1-7ebcc33c7b08","sellerOrderLineDelivered","FBS","drop_shipping","Pre Calculated Transaction with Transaction Id:76633a1a-f73c-4901-bbd3-d8e2199d5c45","SC75ABC","Principal"
"","Factura","2026-04-21 03:04:09.09","Comisiones","Cobro por comisión por venta","Trench Clásico Doble Botonadura Negro Nicopoly","N06187BM","152499984","-13779.831","-2618.167","-16398.0","CLP","FACL-SC75ABC-20260421-CLP","3232369579","20260422C10219003685072026","f5961211-208b-4743-9ff1-7ebcc33c7b08","sellerOrderLineDelivered","FBS","drop_shipping","Pre Calculated Transaction with Transaction Id:d665681f-9447-4566-8e4c-9920a2453233","SC75ABC","Principal"
"","Nota de Credito","2026-04-21 03:04:40.40","Promociones de Envio F.com","Reembolso por Promo envío falabella.com","Pantalón Básico Café Nicopoly","N05298UL","152153571","3352.941","637.058","3990.0","CLP","FACL-SC75ABC-20260421-CLP","3232359381","20260422C10219003685072026","ddcf16a7-f9cc-4286-82a1-338ef9bfe5e4","sellerOrderLineDelivered","FBS","drop_shipping","","SC75ABC","Principal"
"","Factura","2026-04-21 03:04:40.40","Promociones de Envio F.com","Cobro Promo envío falabella.com","Pantalón Básico Café Nicopoly","N05298UL","152153571","-3352.941","-637.058","-3990.0","CLP","FACL-SC75ABC-20260421-CLP","3232359381","20260422C10219003685072026","ddcf16a7-f9cc-4286-82a1-338ef9bfe5e4","sellerOrderLineDelivered","FBS","drop_shipping","","SC75ABC","Principal"
"","Factura","2026-04-21 03:04:40.40","Envio a cargo del Cliente","Reversa de pago de envío comprador","Pantalón Básico Café Nicopoly","N05298UL","152153571","0.000","0.000","0.0","CLP","FACL-SC75ABC-20260421-CLP","3232359381","20260422C10219003685072026","ddcf16a7-f9cc-4286-82a1-338ef9bfe5e4","sellerOrderLineDelivered","FBS","drop_shipping","","SC75ABC","Principal"
"","Nota de Credito","2026-04-21 03:04:39.39","Promociones Producto","Pago de aporte promocionales a cliente (Promo)","Pantalón Básico Café Nicopoly","N05298UL","152153571","0.000","0.000","0.0","CLP","FACL-SC75ABC-20260421-CLP","3232359381","20260422C10219003685072026","ddcf16a7-f9cc-4286-82a1-338ef9bfe5e4","sellerOrderLineDelivered","FBS","drop_shipping","Pre Calculated Transaction with Transaction Id:c4b9301f-abc9-444e-8fc8-763f425838c5","SC75ABC","Principal"
"","Nota de Credito","2026-04-21 03:04:39.39","Envio: Falabella Directo (Falabella Flex)","Pago por envío directo","Pantalón Básico Café Nicopoly","N05298UL","152153571","420.168","79.831","500.0","CLP","FACL-SC75ABC-20260421-CLP","3232359381","20260422C10219003685072026","ddcf16a7-f9cc-4286-82a1-338ef9bfe5e4","sellerOrderLineDelivered","FBS","drop_shipping","Pre Calculated Transaction with Transaction Id:bc0bf7b9-921c-44da-843b-be5f0a8077d6","SC75ABC","Principal"
"","Factura","2026-04-21 03:04:39.39","Comisiones","Cobro por comisión por venta","Pantalón Básico Café Nicopoly","N05298UL","152153571","-6384.873","-1213.125","-7598.0","CLP","FACL-SC75ABC-20260421-CLP","3232359381","20260422C10219003685072026","ddcf16a7-f9cc-4286-82a1-338ef9bfe5e4","sellerOrderLineDelivered","FBS","drop_shipping","Pre Calculated Transaction with Transaction Id:4ed0ffc7-5024-4790-b098-371d2a13e204","SC75ABC","Principal"
"","Nota de Credito","2026-04-21 03:04:56.56","Promociones de Envio F.com","Reembolso por Promo envío falabella.com","Blazer Básico de Tope Negro Nicopoly","N05301BM-7","152128435","3352.941","637.058","3990.0","CLP","FACL-SC75ABC-20260421-CLP","3232161344","20260422C10219003685072026","5a3046db-9bb8-4aa0-ae22-45107f5f6018","sellerOrderLineDelivered","FBS","drop_shipping","","SC75ABC","Principal"
"","Factura","2026-04-21 03:04:56.56","Promociones de Envio F.com","Cobro Promo envío falabella.com","Blazer Básico de Tope Negro Nicopoly","N05301BM-7","152128435","-3352.941","-637.058","-3990.0","CLP","FACL-SC75ABC-20260421-CLP","3232161344","20260422C10219003685072026","5a3046db-9bb8-4aa0-ae22-45107f5f6018","sellerOrderLineDelivered","FBS","drop_shipping","","SC75ABC","Principal"
"","Factura","2026-04-21 03:04:56.56","Envio a cargo del Cliente","Reversa de pago de envío comprador","Blazer Básico de Tope Negro Nicopoly","N05301BM-7","152128435","0.000","0.000","0.0","CLP","FACL-SC75ABC-20260421-CLP","3232161344","20260422C10219003685072026","5a3046db-9bb8-4aa0-ae22-45107f5f6018","sellerOrderLineDelivered","FBS","drop_shipping","","SC75ABC","Principal"
"","Nota de Credito","2026-04-21 03:04:56.56","Promociones Producto","Pago de aporte promocionales a cliente (Promo)","Blazer Básico de Tope Negro Nicopoly","N05301BM-7","152128435","0.000","0.000","0.0","CLP","FACL-SC75ABC-20260421-CLP","3232161344","20260422C10219003685072026","5a3046db-9bb8-4aa0-ae22-45107f5f6018","sellerOrderLineDelivered","FBS","drop_shipping","Pre Calculated Transaction with Transaction Id:6fa9735a-4d22-4715-9822-62e152561ce5","SC75ABC","Principal"
"","Nota de Credito","2026-04-21 03:04:56.56","Envio: Falabella Directo (Falabella Flex)","Pago por envío directo","Blazer Básico de Tope Negro Nicopoly","N05301BM-7","152128435","420.168","79.831","500.0","CLP","FACL-SC75ABC-20260421-CLP","3232161344","20260422C10219003685072026","5a3046db-9bb8-4aa0-ae22-45107f5f6018","sellerOrderLineDelivered","FBS","drop_shipping","Pre Calculated Transaction with Transaction Id:58efb930-9096-4a42-9fb0-4abfea956077","SC75ABC","Principal"
"","Factura","2026-04-21 03:04:56.56","Comisiones","Cobro por comisión por venta","Blazer Básico de Tope Negro Nicopoly","N05301BM-7","152128435","-7561.344","-1436.655","-8998.0","CLP","FACL-SC75ABC-20260421-CLP","3232161344","20260422C10219003685072026","5a3046db-9bb8-4aa0-ae22-45107f5f6018","sellerOrderLineDelivered","FBS","drop_shipping","Pre Calculated Transaction with Transaction Id:ff3522da-bd44-4fdd-8f35-d7deda59b350","SC75ABC","Principal"
"","Nota de Credito","2026-04-21 12:04:12.12","Promociones de Envio F.com","Reembolso por Promo envío falabella.com","Pantalón Estilo Japonés Pierna Ancha Café Nicopoly","N06180UL","152153619","3352.941","637.058","3990.0","CLP","FACL-SC75ABC-20260421-CLP","3232366305","20260422C10219003685072026","9a56fa62-74d9-4306-b4bd-86aa2836401a","sellerOrderLineDelivered","FBS","drop_shipping","","SC75ABC","Principal"
"","Factura","2026-04-21 12:04:12.12","Promociones de Envio F.com","Cobro Promo envío falabella.com","Pantalón Estilo Japonés Pierna Ancha Café Nicopoly","N06180UL","152153619","-3352.941","-637.058","-3990.0","CLP","FACL-SC75ABC-20260421-CLP","3232366305","20260422C10219003685072026","9a56fa62-74d9-4306-b4bd-86aa2836401a","sellerOrderLineDelivered","FBS","drop_shipping","","SC75ABC","Principal"
"","Factura","2026-04-21 12:04:12.12","Envio a cargo del Cliente","Reversa de pago de envío comprador","Pantalón Estilo Japonés Pierna Ancha Café Nicopoly","N06180UL","152153619","0.000","0.000","0.0","CLP","FACL-SC75ABC-20260421-CLP","3232366305","20260422C10219003685072026","9a56fa62-74d9-4306-b4bd-86aa2836401a","sellerOrderLineDelivered","FBS","drop_shipping","","SC75ABC","Principal"
"","Nota de Credito","2026-04-21 12:04:12.12","Promociones Producto","Pago de aporte promocionales a cliente (Promo)","Pantalón Estilo Japonés Pierna Ancha Café Nicopoly","N06180UL","152153619","0.000","0.000","0.0","CLP","FACL-SC75ABC-20260421-CLP","3232366305","20260422C10219003685072026","9a56fa62-74d9-4306-b4bd-86aa2836401a","sellerOrderLineDelivered","FBS","drop_shipping","Pre Calculated Transaction with Transaction Id:61b0d747-82f3-4874-9ae4-34bac5165fe9","SC75ABC","Principal"
"","Nota de Credito","2026-04-21 12:04:12.12","Envio: Falabella Directo (Falabella Flex)","Pago por envío directo","Pantalón Estilo Japonés Pierna Ancha Café Nicopoly","N06180UL","152153619","420.168","79.831","500.0","CLP","FACL-SC75ABC-20260421-CLP","3232366305","20260422C10219003685072026","9a56fa62-74d9-4306-b4bd-86aa2836401a","sellerOrderLineDelivered","FBS","drop_shipping","Pre Calculated Transaction with Transaction Id:4e2911d8-6337-4206-a8db-b310a685e644","SC75ABC","Principal"
"","Factura","2026-04-21 12:04:12.12","Comisiones","Cobro por comisión por venta","Pantalón Estilo Japonés Pierna Ancha Café Nicopoly","N06180UL","152153619","-7561.344","-1436.655","-8998.0","CLP","FACL-SC75ABC-20260421-CLP","3232366305","20260422C10219003685072026","9a56fa62-74d9-4306-b4bd-86aa2836401a","sellerOrderLineDelivered","FBS","drop_shipping","Pre Calculated Transaction with Transaction Id:528af157-b70d-457e-8432-9b71d096d372","SC75ABC","Principal"
"","Factura","2026-04-21 11:04:33.33","Logistica Inversa (Devoluciones)","Cobro por logística inversa","Pantalón Estilo Japonés Pierna Ancha Burdeo Nicopoly","N06180TL","152147988","-2428.571","-461.428","-2890.0","CLP","FACL-SC75ABC-20260421-CLP","3231197711","20260422C10219003685072026","34094441-6477-40d4-8784-288ddb771383","sellerReturnOrderLineUpdated","FBS","drop_shipping","","SC75ABC","Principal"
"","Nota de Debito","2026-04-21 11:04:33.33","Promociones Producto","Descuento por aportes promocionales a clientes (Promo)","Pantalón Estilo Japonés Pierna Ancha Burdeo Nicopoly","N06180TL","152147988","0.000","0.000","0.0","CLP","FACL-SC75ABC-20260421-CLP","3231197711","20260422C10219003685072026","34094441-6477-40d4-8784-288ddb771383","sellerReturnOrderLineUpdated","FBS","drop_shipping","","SC75ABC","Principal"
"","Nota de Credito","2026-04-21 11:04:33.33","Comisiones","Reembolso por comisión por venta","Pantalón Estilo Japonés Pierna Ancha Burdeo Nicopoly","N06180TL","152147988","7561.344","1436.655","8998.0","CLP","FACL-SC75ABC-20260421-CLP","3231197711","20260422C10219003685072026","34094441-6477-40d4-8784-288ddb771383","sellerReturnOrderLineUpdated","FBS","drop_shipping","","SC75ABC","Principal"
