marketplace,id_transaccion,id_orden,fecha,detalle,monto,tipo_movimiento,archivo_origen,folio_xml,estado_xml,load_ts,asociacion_xml,financial_group,clasificacion_operativa,include_in_operational_pnl
ML,POS_114233533971_1 enero 2025 - 1 julio 2025.xlsx_180,2000011916477980,2025-12-06,bigger_than_expected_fashion,22990.0,PAGO,1 enero 2025 - 1 julio 2025.xlsx,,,2026-05-27 15:01:07.423457,,ajustes,Ajuste por Talla/Garantía,False
ML,POS_113706176970_1 enero 2025 - 1 julio 2025.xlsx_181,2000011814512528,2025-12-06,smaller_than_expected_fashion,25990.0,PAGO,1 enero 2025 - 1 julio 2025.xlsx,,,2026-05-27 15:01:07.423457,,ajustes,Ajuste por Talla/Garantía,False
ML,POS_114789635230_1 enero 2025 - 1 julio 2025.xlsx_182,2000011924316500,2025-12-06,bigger_than_expected_fashion,39990.0,PAGO,1 enero 2025 - 1 julio 2025.xlsx,,,2026-05-27 15:01:07.423457,,ajustes,Ajuste por Talla/Garantía,False
ML,POS_114310085731_1 enero 2025 - 1 julio 2025.xlsx_183,2000011924404556,2025-12-06,bigger_than_expected_fashion,27990.0,PAGO,1 enero 2025 - 1 julio 2025.xlsx,,,2026-05-27 15:01:07.423457,,ajustes,Ajuste por Talla/Garantía,False
ML,POS_114302647427_1 enero 2025 - 1 julio 2025.xlsx_184,2000011923720814,2025-12-06,bigger_than_expected_fashion,27990.0,PAGO,1 enero 2025 - 1 julio 2025.xlsx,,,2026-05-27 15:01:07.423457,,ajustes,Ajuste por Talla/Garantía,False
ML,POS_113737346939_1 enero 2025 - 1 julio 2025.xlsx_185,2000011865503928,2025-12-06,bigger_than_expected_fashion,34990.0,PAGO,1 enero 2025 - 1 julio 2025.xlsx,,,2026-05-27 15:01:07.423457,,ajustes,Ajuste por Talla/Garantía,False
ML,POS_112893860609_1 enero 2025 - 1 julio 2025.xlsx_186,2000011780240198,2025-12-06,dont_want_it_another_cause_fashion,47990.0,PAGO,1 enero 2025 - 1 julio 2025.xlsx,,,2026-05-27 15:01:07.423457,,ajustes,Ajuste por Arrepentimiento,True
ML,POS_113768906226_1 enero 2025 - 1 julio 2025.xlsx_187,2000011821023814,2025-12-06,smaller_than_expected_fashion,24990.0,PAGO,1 enero 2025 - 1 julio 2025.xlsx,,,2026-05-27 15:01:07.423457,,ajustes,Ajuste por Talla/Garantía,False
ML,POS_113845884275_1 enero 2025 - 1 julio 2025.xlsx_188,2000011874949184,2025-12-06,bigger_than_expected_fashion,22990.0,PAGO,1 enero 2025 - 1 julio 2025.xlsx,,,2026-05-27 15:01:07.423457,,ajustes,Ajuste por Talla/Garantía,False
ML,POS_114304455279_1 enero 2025 - 1 julio 2025.xlsx_189,2000011923888156,2025-12-06,smaller_than_expected_fashion,39990.0,PAGO,1 enero 2025 - 1 julio 2025.xlsx,,,2026-05-27 15:01:07.423457,,ajustes,Ajuste por Talla/Garantía,False
ML,POS_114333522695_1 enero 2025 - 1 julio 2025.xlsx_190,2000011927194734,2025-12-06,item_not_useful_fashion_different_change,27990.0,PAGO,1 enero 2025 - 1 julio 2025.xlsx,,,2026-05-27 15:01:07.423457,,ajustes,Ajuste por Arrepentimiento,True
ML,POS_113263263928_1 enero 2025 - 1 julio 2025.xlsx_191,2000011771275320,2025-12-06,smaller_than_expected_fashion,42990.0,PAGO,1 enero 2025 - 1 julio 2025.xlsx,,,2026-05-27 15:01:07.423457,,ajustes,Ajuste por Talla/Garantía,False
ML,POS_114080281743_1 enero 2025 - 1 julio 2025.xlsx_192,2000011900651138,2025-12-06,different_color_or_size_fashion,39990.0,PAGO,1 enero 2025 - 1 julio 2025.xlsx,,,2026-05-27 15:01:07.423457,,ajustes,Ajuste por Diferencia de Publicación,True
ML,POS_113383121179_1 enero 2025 - 1 julio 2025.xlsx_193,2000011832250358,2025-12-06,bigger_than_expected_fashion,28790.0,PAGO,1 enero 2025 - 1 julio 2025.xlsx,,,2026-05-27 15:01:07.423457,,ajustes,Ajuste por Talla/Garantía,False
ML,POS_114305132412_1 enero 2025 - 1 julio 2025.xlsx_194,2000011873587870,2025-11-06,dont_want_it_another_cause_fashion,47990.0,PAGO,1 enero 2025 - 1 julio 2025.xlsx,,,2026-05-27 15:01:07.423457,,ajustes,Ajuste por Arrepentimiento,True
ML,POS_114080281743_1 enero 2025 - 1 julio 2025.xlsx_195,2000011900651138,2025-11-06,different_color_or_size_fashion,39990.0,PAGO,1 enero 2025 - 1 julio 2025.xlsx,,,2026-05-27 15:01:07.423457,,ajustes,Ajuste por Diferencia de Publicación,True
ML,POS_113069326263_1 enero 2025 - 1 julio 2025.xlsx_196,2000011795538614,2025-11-06,item_not_useful_fashion_different_change,33990.0,PAGO,1 enero 2025 - 1 julio 2025.xlsx,,,2026-05-27 15:01:07.423457,,ajustes,Ajuste por Arrepentimiento,True
ML,POS_114212985673_1 enero 2025 - 1 julio 2025.xlsx_197,2000011914799836,2025-11-06,bigger_than_expected_fashion,63990.0,PAGO,1 enero 2025 - 1 julio 2025.xlsx,,,2026-05-27 15:01:07.423457,,ajustes,Ajuste por Talla/Garantía,False
ML,POS_114619767562_1 enero 2025 - 1 julio 2025.xlsx_198,2000011906439850,2025-11-06,dont_want_it_another_cause_fashion,59990.0,PAGO,1 enero 2025 - 1 julio 2025.xlsx,,,2026-05-27 15:01:07.423457,,ajustes,Ajuste por Arrepentimiento,True
ML,POS_111653141708_1 enero 2025 - 1 julio 2025.xlsx_199,2000011617066042,2025-11-06,different_color_or_size_fashion,35990.0,PAGO,1 enero 2025 - 1 julio 2025.xlsx,,,2026-05-27 15:01:07.423457,,ajustes,Ajuste por Diferencia de Publicación,True
ML,POS_114303166672_1 enero 2025 - 1 julio 2025.xlsx_200,2000011873470740,2025-11-06,bigger_than_expected_fashion,22990.0,PAGO,1 enero 2025 - 1 julio 2025.xlsx,,,2026-05-27 15:01:07.423457,,ajustes,Ajuste por Talla/Garantía,False
ML,POS_114052773654_1 enero 2025 - 1 julio 2025.xlsx_201,2000011850774334,2025-11-06,smaller_than_expected_fashion,37990.0,PAGO,1 enero 2025 - 1 julio 2025.xlsx,,,2026-05-27 15:01:07.423457,,ajustes,Ajuste por Talla/Garantía,False
ML,POS_113432625615_1 enero 2025 - 1 julio 2025.xlsx_202,2000011837220424,2025-11-06,bigger_than_expected_fashion,28790.0,PAGO,1 enero 2025 - 1 julio 2025.xlsx,,,2026-05-27 15:01:07.423457,,ajustes,Ajuste por Talla/Garantía,False
ML,POS_114038654792_1 enero 2025 - 1 julio 2025.xlsx_203,2000011849658200,2025-11-06,bigger_than_expected_fashion,39990.0,PAGO,1 enero 2025 - 1 julio 2025.xlsx,,,2026-05-27 15:01:07.423457,,ajustes,Ajuste por Talla/Garantía,False
ML,POS_113950658907_1 enero 2025 - 1 julio 2025.xlsx_204,2000011886325762,2025-10-06,bigger_than_expected_fashion,63990.0,PAGO,1 enero 2025 - 1 julio 2025.xlsx,,,2026-05-27 15:01:07.423457,,ajustes,Ajuste por Talla/Garantía,False
ML,POS_113227167353_1 enero 2025 - 1 julio 2025.xlsx_205,2000011813135774,2025-10-06,bigger_than_expected_fashion,33590.0,PAGO,1 enero 2025 - 1 julio 2025.xlsx,,,2026-05-27 15:01:07.423457,,ajustes,Ajuste por Talla/Garantía,False
ML,POS_114083801939_1 enero 2025 - 1 julio 2025.xlsx_206,2000011901326536,2025-10-06,smaller_than_expected_fashion,39990.0,PAGO,1 enero 2025 - 1 julio 2025.xlsx,,,2026-05-27 15:01:07.423457,,ajustes,Ajuste por Talla/Garantía,False
ML,POS_113742611811_1 enero 2025 - 1 julio 2025.xlsx_207,2000011866031536,2025-10-06,smaller_than_expected_fashion,35990.0,PAGO,1 enero 2025 - 1 julio 2025.xlsx,,,2026-05-27 15:01:07.423457,,ajustes,Ajuste por Talla/Garantía,False
ML,POS_113840256733_1 enero 2025 - 1 julio 2025.xlsx_208,2000011874544564,2025-10-06,bigger_than_expected_fashion,28990.0,PAGO,1 enero 2025 - 1 julio 2025.xlsx,,,2026-05-27 15:01:07.423457,,ajustes,Ajuste por Talla/Garantía,False
ML,POS_114672869010_1 enero 2025 - 1 julio 2025.xlsx_209,2000011911870750,2025-10-06,undelivered_repentant_buyer,19990.0,PAGO,1 enero 2025 - 1 julio 2025.xlsx,,,2026-05-27 15:01:07.423457,,ajustes,Ajuste por Arrepentimiento,True
ML,POS_114047529052_1 enero 2025 - 1 julio 2025.xlsx_210,2000011850359400,2025-10-06,not_match_size_guide_fashion,22990.0,PAGO,1 enero 2025 - 1 julio 2025.xlsx,,,2026-05-27 15:01:07.423457,,ajustes,Ajuste por Talla/Garantía,True
ML,POS_114557874192_1 enero 2025 - 1 julio 2025.xlsx_211,2000011900457866,2025-10-06,dont_want_it_another_cause_fashion,39990.0,PAGO,1 enero 2025 - 1 julio 2025.xlsx,,,2026-05-27 15:01:07.423457,,ajustes,Ajuste por Arrepentimiento,True
ML,POS_114561158810_1 enero 2025 - 1 julio 2025.xlsx_212,2000011901132634,2025-10-06,undelivered_repentant_buyer,37490.0,PAGO,1 enero 2025 - 1 julio 2025.xlsx,,,2026-05-27 15:01:07.423457,,ajustes,Ajuste por Arrepentimiento,True
ML,POS_110944176469_1 enero 2025 - 1 julio 2025.xlsx_213,2000011587996920,2025-10-06,bigger_than_expected_fashion,53990.0,PAGO,1 enero 2025 - 1 julio 2025.xlsx,,,2026-05-27 15:01:07.423457,,ajustes,Ajuste por Talla/Garantía,False
ML,POS_113602194461_1 enero 2025 - 1 julio 2025.xlsx_214,2000011853308236,2025-10-06,item_not_useful_fashion_different_change,33990.0,PAGO,1 enero 2025 - 1 julio 2025.xlsx,,,2026-05-27 15:01:07.423457,,ajustes,Ajuste por Arrepentimiento,True
ML,POS_113959433725_1 enero 2025 - 1 julio 2025.xlsx_215,2000011887963232,2025-10-06,smaller_than_expected_fashion,29990.0,PAGO,1 enero 2025 - 1 julio 2025.xlsx,,,2026-05-27 15:01:07.423457,,ajustes,Ajuste por Talla/Garantía,False
ML,POS_113948421457_1 enero 2025 - 1 julio 2025.xlsx_216,2000011886038086,2025-10-06,bigger_than_expected_fashion,29990.0,PAGO,1 enero 2025 - 1 julio 2025.xlsx,,,2026-05-27 15:01:07.423457,,ajustes,Ajuste por Talla/Garantía,False
ML,POS_113255177095_1 enero 2025 - 1 julio 2025.xlsx_217,2000011816993810,2025-10-06,smaller_than_expected_fashion,39990.0,PAGO,1 enero 2025 - 1 julio 2025.xlsx,,,2026-05-27 15:01:07.423457,,ajustes,Ajuste por Talla/Garantía,False
ML,POS_113425128735_1 enero 2025 - 1 julio 2025.xlsx_218,2000011836442082,2025-09-06,smaller_than_expected_fashion,25990.0,PAGO,1 enero 2025 - 1 julio 2025.xlsx,,,2026-05-27 15:01:07.423457,,ajustes,Ajuste por Talla/Garantía,False
ML,POS_113970950252_1 enero 2025 - 1 julio 2025.xlsx_219,2000011843739544,2025-09-06,smaller_than_expected_fashion,35990.0,PAGO,1 enero 2025 - 1 julio 2025.xlsx,,,2026-05-27 15:01:07.423457,,ajustes,Ajuste por Talla/Garantía,False
ML,POS_113935633805_1 enero 2025 - 1 julio 2025.xlsx_220,2000011884051216,2025-09-06,dont_want_it_another_cause_fashion,47990.0,PAGO,1 enero 2025 - 1 julio 2025.xlsx,,,2026-05-27 15:01:07.423457,,ajustes,Ajuste por Arrepentimiento,True
ML,POS_113933847899_1 enero 2025 - 1 julio 2025.xlsx_221,2000011884051216,2025-09-06,dont_want_it_another_cause_fashion,47990.0,PAGO,1 enero 2025 - 1 julio 2025.xlsx,,,2026-05-27 15:01:07.423457,,ajustes,Ajuste por Arrepentimiento,True
ML,POS_111181067231_1 enero 2025 - 1 julio 2025.xlsx_222,2000011614159818,2025-09-06,bigger_than_expected_fashion,52990.0,PAGO,1 enero 2025 - 1 julio 2025.xlsx,,,2026-05-27 15:01:07.423457,,ajustes,Ajuste por Talla/Garantía,False
ML,POS_113851050669_1 enero 2025 - 1 julio 2025.xlsx_223,2000011875361506,2025-09-06,item_not_useful_fashion_different_change,55990.0,PAGO,1 enero 2025 - 1 julio 2025.xlsx,,,2026-05-27 15:01:07.423457,,ajustes,Ajuste por Arrepentimiento,True
ML,POS_113959102559_1 enero 2025 - 1 julio 2025.xlsx_224,2000011887862906,2025-09-06,different_color_or_size_fashion,26990.0,PAGO,1 enero 2025 - 1 julio 2025.xlsx,,,2026-05-27 15:01:07.423457,,ajustes,Ajuste por Diferencia de Publicación,True
ML,POS_113201156154_1 enero 2025 - 1 julio 2025.xlsx_225,2000011764490652,2025-09-06,item_not_useful_fashion_different_change,47990.0,PAGO,1 enero 2025 - 1 julio 2025.xlsx,,,2026-05-27 15:01:07.423457,,ajustes,Ajuste por Arrepentimiento,True
ML,POS_113431923613_1 enero 2025 - 1 julio 2025.xlsx_226,2000011837133504,2025-09-06,bigger_than_expected_fashion,29990.0,PAGO,1 enero 2025 - 1 julio 2025.xlsx,,,2026-05-27 15:01:07.423457,,ajustes,Ajuste por Talla/Garantía,False
ML,POS_112827720585_1 enero 2025 - 1 julio 2025.xlsx_227,2000011774348362,2025-09-06,bigger_than_expected_fashion,29990.0,PAGO,1 enero 2025 - 1 julio 2025.xlsx,,,2026-05-27 15:01:07.423457,,ajustes,Ajuste por Talla/Garantía,False
ML,POS_113707329316_1 enero 2025 - 1 julio 2025.xlsx_228,2000011814739186,2025-09-06,bigger_than_expected_fashion,40590.0,PAGO,1 enero 2025 - 1 julio 2025.xlsx,,,2026-05-27 15:01:07.423457,,ajustes,Ajuste por Talla/Garantía,False
ML,POS_113305350567_1 enero 2025 - 1 julio 2025.xlsx_229,2000011822139978,2025-09-06,bigger_than_expected_fashion,35990.0,PAGO,1 enero 2025 - 1 julio 2025.xlsx,,,2026-05-27 15:01:07.423457,,ajustes,Ajuste por Talla/Garantía,False
ML,POS_113788795154_1 enero 2025 - 1 julio 2025.xlsx_230,2000011823602370,2025-09-06,smaller_than_expected_fashion,39990.0,PAGO,1 enero 2025 - 1 julio 2025.xlsx,,,2026-05-27 15:01:07.423457,,ajustes,Ajuste por Talla/Garantía,False
ML,POS_113576031681_1 enero 2025 - 1 julio 2025.xlsx_231,2000011850739960,2025-09-06,smaller_than_expected_fashion,22990.0,PAGO,1 enero 2025 - 1 julio 2025.xlsx,,,2026-05-27 15:01:07.423457,,ajustes,Ajuste por Talla/Garantía,False
ML,POS_113765756268_1 enero 2025 - 1 julio 2025.xlsx_232,2000011820658444,2025-09-06,bigger_than_expected_fashion,36990.0,PAGO,1 enero 2025 - 1 julio 2025.xlsx,,,2026-05-27 15:01:07.423457,,ajustes,Ajuste por Talla/Garantía,False
ML,POS_113765759582_1 enero 2025 - 1 julio 2025.xlsx_233,2000011820658444,2025-09-06,bigger_than_expected_fashion,36990.0,PAGO,1 enero 2025 - 1 julio 2025.xlsx,,,2026-05-27 15:01:07.423457,,ajustes,Ajuste por Talla/Garantía,False
ML,POS_112986611209_1 enero 2025 - 1 julio 2025.xlsx_234,2000011788334194,2025-09-06,bigger_than_expected_fashion,39990.0,PAGO,1 enero 2025 - 1 julio 2025.xlsx,,,2026-05-27 15:01:07.423457,,ajustes,Ajuste por Talla/Garantía,False
ML,POS_110992611030_1 enero 2025 - 1 julio 2025.xlsx_235,2000011554305228,2025-09-06,dont_want_it_another_cause_fashion,25990.0,PAGO,1 enero 2025 - 1 julio 2025.xlsx,,,2026-05-27 15:01:07.423457,,ajustes,Ajuste por Arrepentimiento,True
ML,POS_113470399897_1 enero 2025 - 1 julio 2025.xlsx_236,2000011841205266,2025-09-06,bigger_than_expected_fashion,39990.0,PAGO,1 enero 2025 - 1 julio 2025.xlsx,,,2026-05-27 15:01:07.423457,,ajustes,Ajuste por Talla/Garantía,False
ML,POS_113471692353_1 enero 2025 - 1 julio 2025.xlsx_237,2000011841401106,2025-08-06,bigger_than_expected_fashion,47990.0,PAGO,1 enero 2025 - 1 julio 2025.xlsx,,,2026-05-27 15:01:07.423457,,ajustes,Ajuste por Talla/Garantía,False
ML,POS_113951348036_1 enero 2025 - 1 julio 2025.xlsx_238,2000011842024686,2025-08-06,bigger_than_expected_fashion,28990.0,PAGO,1 enero 2025 - 1 julio 2025.xlsx,,,2026-05-27 15:01:07.423457,,ajustes,Ajuste por Talla/Garantía,False
ML,POS_113451903045_1 enero 2025 - 1 julio 2025.xlsx_239,2000011838974766,2025-08-06,smaller_than_expected_fashion,29990.0,PAGO,1 enero 2025 - 1 julio 2025.xlsx,,,2026-05-27 15:01:07.423457,,ajustes,Ajuste por Talla/Garantía,False
ML,POS_111022428090_1 enero 2025 - 1 julio 2025.xlsx_240,2000011556532272,2025-08-06,bigger_than_expected_fashion,48990.0,PAGO,1 enero 2025 - 1 julio 2025.xlsx,,,2026-05-27 15:01:07.423457,,ajustes,Ajuste por Talla/Garantía,False
ML,POS_113494492003_1 enero 2025 - 1 julio 2025.xlsx_242,2000011843721626,2025-08-06,bigger_than_expected_fashion,41990.0,PAGO,1 enero 2025 - 1 julio 2025.xlsx,,,2026-05-27 15:01:07.423457,,ajustes,Ajuste por Talla/Garantía,False
ML,POS_114065927964_1 enero 2025 - 1 julio 2025.xlsx_243,2000011851837466,2025-08-06,bigger_than_expected_fashion,39990.0,PAGO,1 enero 2025 - 1 julio 2025.xlsx,,,2026-05-27 15:01:07.423457,,ajustes,Ajuste por Talla/Garantía,False
ML,POS_113574217467_1 enero 2025 - 1 julio 2025.xlsx_244,2000011850624764,2025-08-06,bigger_than_expected_fashion,55990.0,PAGO,1 enero 2025 - 1 julio 2025.xlsx,,,2026-05-27 15:01:07.423457,,ajustes,Ajuste por Talla/Garantía,False
ML,POS_113666328810_1 enero 2025 - 1 julio 2025.xlsx_245,2000011809483442,2025-08-06,bigger_than_expected_fashion,29390.0,PAGO,1 enero 2025 - 1 julio 2025.xlsx,,,2026-05-27 15:01:07.423457,,ajustes,Ajuste por Talla/Garantía,False
ML,POS_113194589285_1 enero 2025 - 1 julio 2025.xlsx_246,2000011809483440,2025-08-06,bigger_than_expected_fashion,32990.0,PAGO,1 enero 2025 - 1 julio 2025.xlsx,,,2026-05-27 15:01:07.423457,,ajustes,Ajuste por Talla/Garantía,False
ML,POS_110974265050_1 enero 2025 - 1 julio 2025.xlsx_247,2000011553199596,2025-08-06,bigger_than_expected_fashion,45990.0,PAGO,1 enero 2025 - 1 julio 2025.xlsx,,,2026-05-27 15:01:07.423457,,ajustes,Ajuste por Talla/Garantía,False
ML,POS_113185516683_1 enero 2025 - 1 julio 2025.xlsx_248,2000011808348704,2025-08-06,bigger_than_expected_fashion,48990.0,PAGO,1 enero 2025 - 1 julio 2025.xlsx,,,2026-05-27 15:01:07.423457,,ajustes,Ajuste por Talla/Garantía,False
ML,POS_114311021284_1 enero 2025 - 1 julio 2025.xlsx_249,2000011874072564,2025-08-06,undelivered_repentant_buyer,29990.0,PAGO,1 enero 2025 - 1 julio 2025.xlsx,,,2026-05-27 15:01:07.423457,,ajustes,Ajuste por Arrepentimiento,True
ML,POS_114310999680_1 enero 2025 - 1 julio 2025.xlsx_250,2000011874072564,2025-08-06,undelivered_repentant_buyer,29990.0,PAGO,1 enero 2025 - 1 julio 2025.xlsx,,,2026-05-27 15:01:07.423457,,ajustes,Ajuste por Arrepentimiento,True
ML,POS_113604109989_1 enero 2025 - 1 julio 2025.xlsx_251,2000011853549744,2025-08-06,bigger_than_expected_fashion,47990.0,PAGO,1 enero 2025 - 1 julio 2025.xlsx,,,2026-05-27 15:01:07.423457,,ajustes,Ajuste por Talla/Garantía,False
ML,POS_113829929784_1 enero 2025 - 1 julio 2025.xlsx_252,2000011829326410,2025-07-06,smaller_than_expected_fashion,21990.0,PAGO,1 enero 2025 - 1 julio 2025.xlsx,,,2026-05-27 15:01:07.423457,,ajustes,Ajuste por Talla/Garantía,False
ML,POS_112667386161_1 enero 2025 - 1 julio 2025.xlsx_254,2000011757268032,2025-07-06,damaged_package_broken_item_fashion,63990.0,PAGO,1 enero 2025 - 1 julio 2025.xlsx,,,2026-05-27 15:01:07.423457,,ajustes,Ajuste por Producto Dañado/Vacío,True
ML,POS_113610989447_1 enero 2025 - 1 julio 2025.xlsx_255,2000011854631016,2025-07-06,bigger_than_expected_fashion,39990.0,PAGO,1 enero 2025 - 1 julio 2025.xlsx,,,2026-05-27 15:01:07.423457,,ajustes,Ajuste por Talla/Garantía,False
ML,POS_113920610828_1 enero 2025 - 1 julio 2025.xlsx_279,2000011838319114,2025-05-06,bigger_than_expected_fashion,25990.0,PAGO,1 enero 2025 - 1 julio 2025.xlsx,,,2026-05-27 15:01:07.423457,,ajustes,Ajuste por Talla/Garantía,False
ML,POS_111477142615_1 enero 2025 - 1 julio 2025.xlsx_280,2000011641391504,2025-05-06,bigger_than_expected_fashion,25674.0,PAGO,1 enero 2025 - 1 julio 2025.xlsx,,,2026-05-27 15:01:07.423457,,ajustes,Ajuste por Talla/Garantía,False
ML,POS_113471473647_1 enero 2025 - 1 julio 2025.xlsx_282,2000011841400930,2025-05-06,bigger_than_expected_fashion,39990.0,PAGO,1 enero 2025 - 1 julio 2025.xlsx,,,2026-05-27 15:01:07.423457,,ajustes,Ajuste por Talla/Garantía,False
ML,POS_113918469942_1 enero 2025 - 1 julio 2025.xlsx_283,2000011838148082,2025-05-06,bigger_than_expected_fashion,35990.0,PAGO,1 enero 2025 - 1 julio 2025.xlsx,,,2026-05-27 15:01:07.423457,,ajustes,Ajuste por Talla/Garantía,False
ML,POS_111656787409_1 enero 2025 - 1 julio 2025.xlsx_284,2000011658123530,2025-05-06,bigger_than_expected_fashion,20990.0,PAGO,1 enero 2025 - 1 julio 2025.xlsx,,,2026-05-27 15:01:07.423457,,ajustes,Ajuste por Talla/Garantía,False
ML,POS_113307870667_1 enero 2025 - 1 julio 2025.xlsx_285,2000011822518424,2025-05-06,bigger_than_expected_fashion,29990.0,PAGO,1 enero 2025 - 1 julio 2025.xlsx,,,2026-05-27 15:01:07.423457,,ajustes,Ajuste por Talla/Garantía,False
ML,POS_114034713226_1 enero 2025 - 1 julio 2025.xlsx_286,2000011849245436,2025-05-06,undelivered_repentant_buyer,22990.0,PAGO,1 enero 2025 - 1 julio 2025.xlsx,,,2026-05-27 15:01:07.423457,,ajustes,Ajuste por Arrepentimiento,True
ML,POS_113587063424_1 enero 2025 - 1 julio 2025.xlsx_287,2000011801797660,2025-05-06,bigger_than_expected_fashion,22990.0,PAGO,1 enero 2025 - 1 julio 2025.xlsx,,,2026-05-27 15:01:07.423457,,ajustes,Ajuste por Talla/Garantía,False
ML,POS_113441050231_1 enero 2025 - 1 julio 2025.xlsx_288,2000011837992264,2025-05-06,bigger_than_expected_fashion,39990.0,PAGO,1 enero 2025 - 1 julio 2025.xlsx,,,2026-05-27 15:01:07.423457,,ajustes,Ajuste por Talla/Garantía,False
ML,POS_113270596528_1 enero 2025 - 1 julio 2025.xlsx_292,2000011772443126,2025-05-06,bigger_than_expected_fashion,29990.0,PAGO,1 enero 2025 - 1 julio 2025.xlsx,,,2026-05-27 15:01:07.423457,,ajustes,Ajuste por Talla/Garantía,False
ML,POS_111775192730_1 enero 2025 - 1 julio 2025.xlsx_293,2000011628379084,2025-05-06,smaller_than_expected_fashion,21990.0,PAGO,1 enero 2025 - 1 julio 2025.xlsx,,,2026-05-27 15:01:07.423457,,ajustes,Ajuste por Talla/Garantía,False
ML,POS_112959420147_1 enero 2025 - 1 julio 2025.xlsx_294,2000011786076358,2025-05-06,bigger_than_expected_fashion,29990.0,PAGO,1 enero 2025 - 1 julio 2025.xlsx,,,2026-05-27 15:01:07.423457,,ajustes,Ajuste por Talla/Garantía,False
ML,POS_113430028566_1 enero 2025 - 1 julio 2025.xlsx_295,2000011786067830,2025-05-06,bigger_than_expected_fashion,29990.0,PAGO,1 enero 2025 - 1 julio 2025.xlsx,,,2026-05-27 15:01:07.423457,,ajustes,Ajuste por Talla/Garantía,False
ML,POS_113429811612_1 enero 2025 - 1 julio 2025.xlsx_296,2000011786069586,2025-05-06,bigger_than_expected_fashion,29990.0,PAGO,1 enero 2025 - 1 julio 2025.xlsx,,,2026-05-27 15:01:07.423457,,ajustes,Ajuste por Talla/Garantía,False
ML,POS_113429899750_1 enero 2025 - 1 julio 2025.xlsx_297,2000011786065822,2025-05-06,bigger_than_expected_fashion,29990.0,PAGO,1 enero 2025 - 1 julio 2025.xlsx,,,2026-05-27 15:01:07.423457,,ajustes,Ajuste por Talla/Garantía,False
ML,POS_113236213453_1 enero 2025 - 1 julio 2025.xlsx_298,2000011814899496,2025-05-06,not_match_size_guide_fashion,19990.0,PAGO,1 enero 2025 - 1 julio 2025.xlsx,,,2026-05-27 15:01:07.423457,,ajustes,Ajuste por Talla/Garantía,True
ML,POS_113375357985_1 enero 2025 - 1 julio 2025.xlsx_299,2000011831436382,2025-05-06,item_not_useful_fashion_different_change,39990.0,PAGO,1 enero 2025 - 1 julio 2025.xlsx,,,2026-05-27 15:01:07.423457,,ajustes,Ajuste por Arrepentimiento,True
ML,POS_113995493126_1 enero 2025 - 1 julio 2025.xlsx_300,2000011845666650,2025-05-06,undelivered_other,44990.0,PAGO,1 enero 2025 - 1 julio 2025.xlsx,,,2026-05-27 15:01:07.423457,,ajustes,Ajuste por Falla en Entrega,True
ML,POS_113117467435_1 enero 2025 - 1 julio 2025.xlsx_302,2000011802137044,2025-05-06,bigger_than_expected_fashion,40990.0,PAGO,1 enero 2025 - 1 julio 2025.xlsx,,,2026-05-27 15:01:07.423457,,ajustes,Ajuste por Talla/Garantía,False
ML,POS_112728136421_1 enero 2025 - 1 julio 2025.xlsx_303,2000011764142512,2025-05-06,bigger_than_expected_fashion,21990.0,PAGO,1 enero 2025 - 1 julio 2025.xlsx,,,2026-05-27 15:01:07.423457,,ajustes,Ajuste por Talla/Garantía,False
ML,POS_113397945900_1 enero 2025 - 1 julio 2025.xlsx_304,2000011783439658,2025-04-06,dont_want_it_another_cause_fashion,37390.0,PAGO,1 enero 2025 - 1 julio 2025.xlsx,,,2026-05-27 15:01:07.423457,,ajustes,Ajuste por Arrepentimiento,True
ML,POS_113702929442_1 enero 2025 - 1 julio 2025.xlsx_305,2000011813862516,2025-04-06,bigger_than_expected_fashion,55990.0,PAGO,1 enero 2025 - 1 julio 2025.xlsx,,,2026-05-27 15:01:07.423457,,ajustes,Ajuste por Talla/Garantía,False
ML,POS_113720854622_1 enero 2025 - 1 julio 2025.xlsx_306,2000011816634592,2025-04-06,bigger_than_expected_fashion,48990.0,PAGO,1 enero 2025 - 1 julio 2025.xlsx,,,2026-05-27 15:01:07.423457,,ajustes,Ajuste por Talla/Garantía,False
ML,POS_113390888357_1 enero 2025 - 1 julio 2025.xlsx_307,2000011833021104,2025-04-06,bigger_than_expected_fashion,19990.0,PAGO,1 enero 2025 - 1 julio 2025.xlsx,,,2026-05-27 15:01:07.423457,,ajustes,Ajuste por Talla/Garantía,False
ML,POS_113734151704_1 enero 2025 - 1 julio 2025.xlsx_309,2000011817580800,2025-04-06,smaller_than_expected_fashion,28990.0,PAGO,1 enero 2025 - 1 julio 2025.xlsx,,,2026-05-27 15:01:07.423457,,ajustes,Ajuste por Talla/Garantía,False
ML,POS_113734304494_1 enero 2025 - 1 julio 2025.xlsx_310,2000011817571906,2025-04-06,smaller_than_expected_fashion,21990.0,PAGO,1 enero 2025 - 1 julio 2025.xlsx,,,2026-05-27 15:01:07.423457,,ajustes,Ajuste por Talla/Garantía,False
ML,POS_113673232822_1 enero 2025 - 1 julio 2025.xlsx_311,2000011810163374,2025-04-06,bigger_than_expected_fashion,33590.0,PAGO,1 enero 2025 - 1 julio 2025.xlsx,,,2026-05-27 15:01:07.423457,,ajustes,Ajuste por Talla/Garantía,False
ML,POS_111875810616_1 enero 2025 - 1 julio 2025.xlsx_312,2000011636345196,2025-04-06,smaller_than_expected_fashion,39990.0,PAGO,1 enero 2025 - 1 julio 2025.xlsx,,,2026-05-27 15:01:07.423457,,ajustes,Ajuste por Talla/Garantía,False
ML,POS_113238499019_1 enero 2025 - 1 julio 2025.xlsx_313,2000011815480154,2025-04-06,bigger_than_expected_fashion,55990.0,PAGO,1 enero 2025 - 1 julio 2025.xlsx,,,2026-05-27 15:01:07.423457,,ajustes,Ajuste por Talla/Garantía,False
ML,POS_113710241474_1 enero 2025 - 1 julio 2025.xlsx_314,2000011815474930,2025-04-06,bigger_than_expected_fashion,48990.0,PAGO,1 enero 2025 - 1 julio 2025.xlsx,,,2026-05-27 15:01:07.423457,,ajustes,Ajuste por Talla/Garantía,False
ML,POS_113639530420_1 enero 2025 - 1 julio 2025.xlsx_315,2000011806242038,2025-04-06,bigger_than_expected_fashion,19990.0,PAGO,1 enero 2025 - 1 julio 2025.xlsx,,,2026-05-27 15:01:07.423457,,ajustes,Ajuste por Talla/Garantía,False
ML,POS_113243570635_1 enero 2025 - 1 julio 2025.xlsx_316,2000011816360900,2025-04-06,not_match_size_guide_fashion,35990.0,PAGO,1 enero 2025 - 1 julio 2025.xlsx,,,2026-05-27 15:01:07.423457,,ajustes,Ajuste por Talla/Garantía,True
ML,POS_112673250557_1 enero 2025 - 1 julio 2025.xlsx_317,2000011757934562,2025-04-06,bigger_than_expected_fashion,63990.0,PAGO,1 enero 2025 - 1 julio 2025.xlsx,,,2026-05-27 15:01:07.423457,,ajustes,Ajuste por Talla/Garantía,False
ML,POS_113814391048_1 enero 2025 - 1 julio 2025.xlsx_318,2000011826395618,2025-04-06,bigger_than_expected_fashion,55990.0,PAGO,1 enero 2025 - 1 julio 2025.xlsx,,,2026-05-27 15:01:07.423457,,ajustes,Ajuste por Talla/Garantía,False
ML,POS_113423268085_1 enero 2025 - 1 julio 2025.xlsx_319,2000011836238790,2025-04-06,undelivered_other,39990.0,PAGO,1 enero 2025 - 1 julio 2025.xlsx,,,2026-05-27 15:01:07.423457,,ajustes,Ajuste por Falla en Entrega,True
ML,POS_111197965879_1 enero 2025 - 1 julio 2025.xlsx_320,2000011617026888,2025-04-06,bigger_than_expected_fashion,63990.0,PAGO,1 enero 2025 - 1 julio 2025.xlsx,,,2026-05-27 15:01:07.423457,,ajustes,Ajuste por Talla/Garantía,False
ML,POS_112759618616_1 enero 2025 - 1 julio 2025.xlsx_321,2000011716680828,2025-04-06,bigger_than_expected_fashion,41990.0,PAGO,1 enero 2025 - 1 julio 2025.xlsx,,,2026-05-27 15:01:07.423457,,ajustes,Ajuste por Talla/Garantía,False
ML,POS_109976256625_1 enero 2025 - 1 julio 2025.xlsx_322,2000011504975384,2025-04-06,smaller_than_expected_fashion,19990.0,PAGO,1 enero 2025 - 1 julio 2025.xlsx,,,2026-05-27 15:01:07.423457,,ajustes,Ajuste por Talla/Garantía,False
ML,POS_112284335386_1 enero 2025 - 1 julio 2025.xlsx_323,2000011675065782,2025-04-06,bigger_than_expected_fashion,37990.0,PAGO,1 enero 2025 - 1 julio 2025.xlsx,,,2026-05-27 15:01:07.423457,,ajustes,Ajuste por Talla/Garantía,False
ML,POS_110272091939_1 enero 2025 - 1 julio 2025.xlsx_324,2000011534015430,2025-04-06,bigger_than_expected_fashion,29990.0,PAGO,1 enero 2025 - 1 julio 2025.xlsx,,,2026-05-27 15:01:07.423457,,ajustes,Ajuste por Talla/Garantía,False
ML,POS_113150334699_1 enero 2025 - 1 julio 2025.xlsx_325,2000011804423980,2025-04-06,bigger_than_expected_fashion,20293.0,PAGO,1 enero 2025 - 1 julio 2025.xlsx,,,2026-05-27 15:01:07.423457,,ajustes,Ajuste por Talla/Garantía,False
ML,POS_113588380652_1 enero 2025 - 1 julio 2025.xlsx_326,2000011802098404,2025-04-06,dont_want_it_another_cause_fashion,13990.0,PAGO,1 enero 2025 - 1 julio 2025.xlsx,,,2026-05-27 15:01:07.423457,,ajustes,Ajuste por Arrepentimiento,True
ML,POS_113051292957_1 enero 2025 - 1 julio 2025.xlsx_327,2000011793925546,2025-04-06,bigger_than_expected_fashion,22990.0,PAGO,1 enero 2025 - 1 julio 2025.xlsx,,,2026-05-27 15:01:07.423457,,ajustes,Ajuste por Talla/Garantía,False
ML,POS_112879024477_1 enero 2025 - 1 julio 2025.xlsx_328,2000011779112916,2025-04-06,bigger_than_expected_fashion,36990.0,PAGO,1 enero 2025 - 1 julio 2025.xlsx,,,2026-05-27 15:01:07.423457,,ajustes,Ajuste por Talla/Garantía,False
ML,POS_113681898996_1 enero 2025 - 1 julio 2025.xlsx_329,2000011810973218,2025-04-06,bigger_than_expected_fashion,32990.0,PAGO,1 enero 2025 - 1 julio 2025.xlsx,,,2026-05-27 15:01:07.423457,,ajustes,Ajuste por Talla/Garantía,False
ML,POS_113212846699_1 enero 2025 - 1 julio 2025.xlsx_331,2000011811263362,2025-04-06,bigger_than_expected_fashion,40990.0,PAGO,1 enero 2025 - 1 julio 2025.xlsx,,,2026-05-27 15:01:07.423457,,ajustes,Ajuste por Talla/Garantía,False
ML,POS_112069585149_1 enero 2025 - 1 julio 2025.xlsx_332,2000011699045278,2025-03-06,smaller_than_expected_fashion,59990.0,PAGO,1 enero 2025 - 1 julio 2025.xlsx,,,2026-05-27 15:01:07.423457,,ajustes,Ajuste por Talla/Garantía,False
ML,POS_113237314165_1 enero 2025 - 1 julio 2025.xlsx_333,2000011815162260,2025-03-06,different_color_or_size_fashion,34990.0,PAGO,1 enero 2025 - 1 julio 2025.xlsx,,,2026-05-27 15:01:07.423457,,ajustes,Ajuste por Diferencia de Publicación,True
ML,POS_113001634908_1 enero 2025 - 1 julio 2025.xlsx_334,2000011742289332,2025-03-06,item_not_useful_fashion_different_change,37990.0,PAGO,1 enero 2025 - 1 julio 2025.xlsx,,,2026-05-27 15:01:07.423457,,ajustes,Ajuste por Arrepentimiento,True
ML,POS_113236823289_1 enero 2025 - 1 julio 2025.xlsx_335,2000011815053898,2025-03-06,bigger_than_expected_fashion,17990.0,PAGO,1 enero 2025 - 1 julio 2025.xlsx,,,2026-05-27 15:01:07.423457,,ajustes,Ajuste por Talla/Garantía,False
ML,POS_113118158793_1 enero 2025 - 1 julio 2025.xlsx_336,2000011802317084,2025-03-06,bigger_than_expected_fashion,19990.0,PAGO,1 enero 2025 - 1 julio 2025.xlsx,,,2026-05-27 15:01:07.423457,,ajustes,Ajuste por Talla/Garantía,False
ML,POS_113236878689_1 enero 2025 - 1 julio 2025.xlsx_337,2000011815056962,2025-03-06,item_not_useful_fashion_different_change,17990.0,PAGO,1 enero 2025 - 1 julio 2025.xlsx,,,2026-05-27 15:01:07.423457,,ajustes,Ajuste por Arrepentimiento,True
ML,POS_113693017310_1 enero 2025 - 1 julio 2025.xlsx_338,2000011780683794,2025-03-06,bigger_than_expected_fashion,39990.0,PAGO,1 enero 2025 - 1 julio 2025.xlsx,,,2026-05-27 15:01:07.423457,,ajustes,Ajuste por Talla/Garantía,False
ML,POS_112900119643_1 enero 2025 - 1 julio 2025.xlsx_339,2000011780683794,2025-03-06,bigger_than_expected_fashion,39990.0,PAGO,1 enero 2025 - 1 julio 2025.xlsx,,,2026-05-27 15:01:07.423457,,ajustes,Ajuste por Talla/Garantía,False
ML,POS_112900297473_1 enero 2025 - 1 julio 2025.xlsx_340,2000011780683794,2025-03-06,bigger_than_expected_fashion,39990.0,PAGO,1 enero 2025 - 1 julio 2025.xlsx,,,2026-05-27 15:01:07.423457,,ajustes,Ajuste por Talla/Garantía,False
ML,POS_113389181616_1 enero 2025 - 1 julio 2025.xlsx_341,2000011780683794,2025-03-06,bigger_than_expected_fashion,39990.0,PAGO,1 enero 2025 - 1 julio 2025.xlsx,,,2026-05-27 15:01:07.423457,,ajustes,Ajuste por Talla/Garantía,False
ML,POS_112918793903_1 enero 2025 - 1 julio 2025.xlsx_342,2000011780683794,2025-03-06,bigger_than_expected_fashion,39990.0,PAGO,1 enero 2025 - 1 julio 2025.xlsx,,,2026-05-27 15:01:07.423457,,ajustes,Ajuste por Talla/Garantía,False
ML,POS_113817598628_1 enero 2025 - 1 julio 2025.xlsx_343,2000011826900206,2025-03-06,undelivered_other,29990.0,PAGO,1 enero 2025 - 1 julio 2025.xlsx,,,2026-05-27 15:01:07.423457,,ajustes,Ajuste por Falla en Entrega,True
ML,POS_113444952194_1 enero 2025 - 1 julio 2025.xlsx_344,2000011787208630,2025-03-06,item_not_useful_fashion_different_change,28990.0,PAGO,1 enero 2025 - 1 julio 2025.xlsx,,,2026-05-27 15:01:07.423457,,ajustes,Ajuste por Arrepentimiento,True
ML,POS_112800132331_1 enero 2025 - 1 julio 2025.xlsx_345,2000011772358434,2025-03-06,dont_want_it_another_cause_fashion,44793.0,PAGO,1 enero 2025 - 1 julio 2025.xlsx,,,2026-05-27 15:01:07.423457,,ajustes,Ajuste por Arrepentimiento,True
ML,POS_113659802626_1 enero 2025 - 1 julio 2025.xlsx_346,2000011808690688,2025-03-06,smaller_than_expected_fashion,34532.0,PAGO,1 enero 2025 - 1 julio 2025.xlsx,,,2026-05-27 15:01:07.423457,,ajustes,Ajuste por Talla/Garantía,False
ML,POS_113659713906_1 enero 2025 - 1 julio 2025.xlsx_348,2000011808690688,2025-03-06,smaller_than_expected_fashion,2458.0,PAGO,1 enero 2025 - 1 julio 2025.xlsx,,,2026-05-27 15:01:07.423457,,ajustes,Ajuste por Talla/Garantía,False
ML,POS_113345009852_1 enero 2025 - 1 julio 2025.xlsx_351,2000011778693246,2025-03-06,bigger_than_expected_fashion,29990.0,PAGO,1 enero 2025 - 1 julio 2025.xlsx,,,2026-05-27 15:01:07.423457,,ajustes,Ajuste por Talla/Garantía,False
ML,POS_113587121634_1 enero 2025 - 1 julio 2025.xlsx_352,2000011801790842,2025-03-06,bigger_than_expected_fashion,28990.0,PAGO,1 enero 2025 - 1 julio 2025.xlsx,,,2026-05-27 15:01:07.423457,,ajustes,Ajuste por Talla/Garantía,False
ML,POS_112949539747_1 enero 2025 - 1 julio 2025.xlsx_353,2000011785410216,2025-03-06,different_color_or_size_fashion_change,39990.0,PAGO,1 enero 2025 - 1 julio 2025.xlsx,,,2026-05-27 15:01:07.423457,,ajustes,Ajuste por Diferencia de Publicación,True
ML,POS_113147135971_1 enero 2025 - 1 julio 2025.xlsx_354,2000011804117660,2025-03-06,bigger_than_expected_fashion,32207.0,PAGO,1 enero 2025 - 1 julio 2025.xlsx,,,2026-05-27 15:01:07.423457,,ajustes,Ajuste por Talla/Garantía,False
ML,POS_113618542868_1 enero 2025 - 1 julio 2025.xlsx_356,2000011804117660,2025-03-06,bigger_than_expected_fashion,23783.0,PAGO,1 enero 2025 - 1 julio 2025.xlsx,,,2026-05-27 15:01:07.423457,,ajustes,Ajuste por Talla/Garantía,False
ML,POS_113708326650_1 enero 2025 - 1 julio 2025.xlsx_357,2000011814983314,2025-03-06,bigger_than_expected_fashion,15390.0,PAGO,1 enero 2025 - 1 julio 2025.xlsx,,,2026-05-27 15:01:07.423457,,ajustes,Ajuste por Talla/Garantía,False
ML,POS_113525813214_1 enero 2025 - 1 julio 2025.xlsx_358,2000011794237868,2025-03-06,smaller_than_expected_fashion,14990.0,PAGO,1 enero 2025 - 1 julio 2025.xlsx,,,2026-05-27 15:01:07.423457,,ajustes,Ajuste por Talla/Garantía,False
ML,POS_113123513994_1 enero 2025 - 1 julio 2025.xlsx_359,2000011755994918,2025-03-06,dont_want_it_another_cause_fashion,39990.0,PAGO,1 enero 2025 - 1 julio 2025.xlsx,,,2026-05-27 15:01:07.423457,,ajustes,Ajuste por Arrepentimiento,True
ML,POS_113588640806_1 enero 2025 - 1 julio 2025.xlsx_360,2000011802113760,2025-03-06,bigger_than_expected_fashion,40990.0,PAGO,1 enero 2025 - 1 julio 2025.xlsx,,,2026-05-27 15:01:07.423457,,ajustes,Ajuste por Talla/Garantía,False
ML,POS_113224960846_1 enero 2025 - 1 julio 2025.xlsx_361,2000011767101384,2025-03-06,bigger_than_expected_fashion,48990.0,PAGO,1 enero 2025 - 1 julio 2025.xlsx,,,2026-05-27 15:01:07.423457,,ajustes,Ajuste por Talla/Garantía,False
ML,POS_113568972942_1 enero 2025 - 1 julio 2025.xlsx_362,2000011798992672,2025-03-06,delivered_but_not_receive_package,29990.0,PAGO,1 enero 2025 - 1 julio 2025.xlsx,,,2026-05-27 15:01:07.423457,,ajustes,Ajuste por Falla en Entrega,True
ML,POS_113210923905_1 enero 2025 - 1 julio 2025.xlsx_363,2000011811059870,2025-03-06,not_match_size_guide_fashion,38990.0,PAGO,1 enero 2025 - 1 julio 2025.xlsx,,,2026-05-27 15:01:07.423457,,ajustes,Ajuste por Talla/Garantía,True
ML,POS_113399403916_1 enero 2025 - 1 julio 2025.xlsx_365,2000011783624836,2025-03-06,bigger_than_expected_fashion,24990.0,PAGO,1 enero 2025 - 1 julio 2025.xlsx,,,2026-05-27 15:01:07.423457,,ajustes,Ajuste por Talla/Garantía,False
ML,POS_111988999258_1 enero 2025 - 1 julio 2025.xlsx_366,2000011645765912,2025-03-06,bigger_than_expected_fashion,28990.0,PAGO,1 enero 2025 - 1 julio 2025.xlsx,,,2026-05-27 15:01:07.423457,,ajustes,Ajuste por Talla/Garantía,False
ML,POS_113157328503_1 enero 2025 - 1 julio 2025.xlsx_367,2000011805171216,2025-03-06,bigger_than_expected_fashion,20290.0,PAGO,1 enero 2025 - 1 julio 2025.xlsx,,,2026-05-27 15:01:07.423457,,ajustes,Ajuste por Talla/Garantía,False
ML,POS_113456308228_1 enero 2025 - 1 julio 2025.xlsx_369,2000011788213646,2025-03-06,dont_want_it_another_cause_fashion,12930.0,PAGO,1 enero 2025 - 1 julio 2025.xlsx,,,2026-05-27 15:01:07.423457,,ajustes,Ajuste por Arrepentimiento,True
ML,POS_113588466024_1 enero 2025 - 1 julio 2025.xlsx_370,2000011802129752,2025-02-06,bigger_than_expected_fashion,41990.0,PAGO,1 enero 2025 - 1 julio 2025.xlsx,,,2026-05-27 15:01:07.423457,,ajustes,Ajuste por Talla/Garantía,False
ML,POS_113016516925_1 enero 2025 - 1 julio 2025.xlsx_371,2000011790640130,2025-02-06,bigger_than_expected_fashion,34990.0,PAGO,1 enero 2025 - 1 julio 2025.xlsx,,,2026-05-27 15:01:07.423457,,ajustes,Ajuste por Talla/Garantía,False
ML,POS_113552125356_1 enero 2025 - 1 julio 2025.xlsx_372,2000011796978796,2025-02-06,smaller_than_expected_fashion,47990.0,PAGO,1 enero 2025 - 1 julio 2025.xlsx,,,2026-05-27 15:01:07.423457,,ajustes,Ajuste por Talla/Garantía,False
ML,POS_112926024837_1 enero 2025 - 1 julio 2025.xlsx_373,2000011783236466,2025-02-06,smaller_than_expected_fashion,43990.0,PAGO,1 enero 2025 - 1 julio 2025.xlsx,,,2026-05-27 15:01:07.423457,,ajustes,Ajuste por Talla/Garantía,False
ML,POS_112930240869_1 enero 2025 - 1 julio 2025.xlsx_374,2000011783783732,2025-02-06,bigger_than_expected_fashion,39990.0,PAGO,1 enero 2025 - 1 julio 2025.xlsx,,,2026-05-27 15:01:07.423457,,ajustes,Ajuste por Talla/Garantía,False
ML,POS_110888270050_1 enero 2025 - 1 julio 2025.xlsx_375,2000011544673242,2025-02-06,smaller_than_expected_fashion,55990.0,PAGO,1 enero 2025 - 1 julio 2025.xlsx,,,2026-05-27 15:01:07.423457,,ajustes,Ajuste por Talla/Garantía,False
ML,POS_113306848180_1 enero 2025 - 1 julio 2025.xlsx_376,2000011775162268,2025-02-06,bigger_than_expected_fashion,47990.0,PAGO,1 enero 2025 - 1 julio 2025.xlsx,,,2026-05-27 15:01:07.423457,,ajustes,Ajuste por Talla/Garantía,False
ML,POS_113547160682_1 enero 2025 - 1 julio 2025.xlsx_377,2000011796362624,2025-02-06,undelivered_repentant_buyer,47990.0,PAGO,1 enero 2025 - 1 julio 2025.xlsx,,,2026-05-27 15:01:07.423457,,ajustes,Ajuste por Arrepentimiento,True
ML,POS_113117272745_1 enero 2025 - 1 julio 2025.xlsx_378,2000011802041386,2025-02-06,undelivered_other,33590.0,PAGO,1 enero 2025 - 1 julio 2025.xlsx,,,2026-05-27 15:01:07.423457,,ajustes,Ajuste por Falla en Entrega,True
ML,POS_113578025106_1 enero 2025 - 1 julio 2025.xlsx_379,2000011800201490,2025-01-06,undelivered_repentant_buyer,22990.0,PAGO,1 enero 2025 - 1 julio 2025.xlsx,,,2026-05-27 15:01:07.423457,,ajustes,Ajuste por Arrepentimiento,True
ML,POS_113586441804_1 enero 2025 - 1 julio 2025.xlsx_380,2000011801644736,2025-01-06,undelivered_other,22990.0,PAGO,1 enero 2025 - 1 julio 2025.xlsx,,,2026-05-27 15:01:07.423457,,ajustes,Ajuste por Falla en Entrega,True
ML,POS_113577818010_1 enero 2025 - 1 julio 2025.xlsx_381,2000011800184408,2025-01-06,undelivered_other,39990.0,PAGO,1 enero 2025 - 1 julio 2025.xlsx,,,2026-05-27 15:01:07.423457,,ajustes,Ajuste por Falla en Entrega,True
ML,POS_112896999875_1 enero 2025 - 1 julio 2025.xlsx_382,2000011780459390,2025-01-06,undelivered_repentant_buyer,29990.0,PAGO,1 enero 2025 - 1 julio 2025.xlsx,,,2026-05-27 15:01:07.423457,,ajustes,Ajuste por Arrepentimiento,True
ML,POS_110017911028_1 enero 2025 - 1 julio 2025.xlsx_383,2000011468679162,2025-01-06,dont_want_it_another_cause_fashion,55990.0,PAGO,1 enero 2025 - 1 julio 2025.xlsx,,,2026-05-27 15:01:07.423457,,ajustes,Ajuste por Arrepentimiento,True
ML,POS_111812829336_1 enero 2025 - 1 julio 2025.xlsx_384,2000011631011488,2025-01-06,different_color_or_size_fashion,22990.0,PAGO,1 enero 2025 - 1 julio 2025.xlsx,,,2026-05-27 15:01:07.423457,,ajustes,Ajuste por Diferencia de Publicación,True
ML,POS_111045139962_1 enero 2025 - 1 julio 2025.xlsx_385,2000011558343822,2025-01-06,smaller_than_expected_fashion,39990.0,PAGO,1 enero 2025 - 1 julio 2025.xlsx,,,2026-05-27 15:01:07.423457,,ajustes,Ajuste por Talla/Garantía,False
ML,POS_113139160766_1 enero 2025 - 1 julio 2025.xlsx_386,2000011757595392,2025-01-06,smaller_than_expected_fashion,31990.0,PAGO,1 enero 2025 - 1 julio 2025.xlsx,,,2026-05-27 15:01:07.423457,,ajustes,Ajuste por Talla/Garantía,False
ML,POS_113139079998_1 enero 2025 - 1 julio 2025.xlsx_387,2000011757591620,2025-01-06,smaller_than_expected_fashion,31990.0,PAGO,1 enero 2025 - 1 julio 2025.xlsx,,,2026-05-27 15:01:07.423457,,ajustes,Ajuste por Talla/Garantía,False
ML,POS_113263263928_1 enero 2025 - 1 julio 2025.xlsx_388,2000011771275320,2025-01-06,bigger_than_expected_fashion,42990.0,PAGO,1 enero 2025 - 1 julio 2025.xlsx,,,2026-05-27 15:01:07.423457,,ajustes,Ajuste por Talla/Garantía,False
ML,POS_112793353877_1 enero 2025 - 1 julio 2025.xlsx_389,2000011771276678,2025-01-06,bigger_than_expected_fashion,37990.0,PAGO,1 enero 2025 - 1 julio 2025.xlsx,,,2026-05-27 15:01:07.423457,,ajustes,Ajuste por Talla/Garantía,False
ML,POS_110272335227_1 enero 2025 - 1 julio 2025.xlsx_647,2000011534027622,2025-12-05,smaller_than_expected_fashion,53990.0,PAGO,1 enero 2025 - 1 julio 2025.xlsx,,,2026-05-27 15:01:07.423457,,ajustes,Ajuste por Talla/Garantía,False
ML,POS_110294349639_1 enero 2025 - 1 julio 2025.xlsx_648,2000011536177812,2025-12-05,bigger_than_expected_fashion,45990.0,PAGO,1 enero 2025 - 1 julio 2025.xlsx,,,2026-05-27 15:01:07.423457,,ajustes,Ajuste por Talla/Garantía,False
ML,POS_110407045418_1 enero 2025 - 1 julio 2025.xlsx_649,2000011503080782,2025-12-05,bigger_than_expected_fashion,17930.0,PAGO,1 enero 2025 - 1 julio 2025.xlsx,,,2026-05-27 15:01:07.423457,,ajustes,Ajuste por Talla/Garantía,False
ML,POS_111218466870_1 enero 2025 - 1 julio 2025.xlsx_650,2000011570596248,2025-12-05,bigger_than_expected_fashion,19990.0,PAGO,1 enero 2025 - 1 julio 2025.xlsx,,,2026-05-27 15:01:07.423457,,ajustes,Ajuste por Talla/Garantía,False
ML,POS_111218461026_1 enero 2025 - 1 julio 2025.xlsx_651,2000011570596246,2025-12-05,bigger_than_expected_fashion,22990.0,PAGO,1 enero 2025 - 1 julio 2025.xlsx,,,2026-05-27 15:01:07.423457,,ajustes,Ajuste por Talla/Garantía,False
ML,POS_110915024252_1 enero 2025 - 1 julio 2025.xlsx_652,2000011547188278,2025-12-05,bigger_than_expected_fashion,29990.0,PAGO,1 enero 2025 - 1 julio 2025.xlsx,,,2026-05-27 15:01:07.423457,,ajustes,Ajuste por Talla/Garantía,False
ML,POS_111210173510_1 enero 2025 - 1 julio 2025.xlsx_653,2000011569857802,2025-12-05,item_not_useful_fashion_different_change,53990.0,PAGO,1 enero 2025 - 1 julio 2025.xlsx,,,2026-05-27 15:01:07.423457,,ajustes,Ajuste por Arrepentimiento,True
ML,POS_110241081854_1 enero 2025 - 1 julio 2025.xlsx_654,2000011488789462,2025-12-05,dont_want_it_another_cause_fashion,19990.0,PAGO,1 enero 2025 - 1 julio 2025.xlsx,,,2026-05-27 15:01:07.423457,,ajustes,Ajuste por Arrepentimiento,True
ML,POS_110422226980_1 enero 2025 - 1 julio 2025.xlsx_655,2000011504957206,2025-12-05,bigger_than_expected_fashion,29990.0,PAGO,1 enero 2025 - 1 julio 2025.xlsx,,,2026-05-27 15:01:07.423457,,ajustes,Ajuste por Talla/Garantía,False
ML,POS_111094317578_1 enero 2025 - 1 julio 2025.xlsx_656,2000011561898312,2025-12-05,bigger_than_expected_fashion,45990.0,PAGO,1 enero 2025 - 1 julio 2025.xlsx,,,2026-05-27 15:01:07.423457,,ajustes,Ajuste por Talla/Garantía,False
ML,POS_110138377297_1 enero 2025 - 1 julio 2025.xlsx_657,2000011520779924,2025-12-05,dont_want_it_another_cause_fashion,55990.0,PAGO,1 enero 2025 - 1 julio 2025.xlsx,,,2026-05-27 15:01:07.423457,,ajustes,Ajuste por Arrepentimiento,True
ML,POS_110586250132_1 enero 2025 - 1 julio 2025.xlsx_658,2000011520787032,2025-12-05,dont_want_it_another_cause_fashion,51990.0,PAGO,1 enero 2025 - 1 julio 2025.xlsx,,,2026-05-27 15:01:07.423457,,ajustes,Ajuste por Arrepentimiento,True
ML,POS_111223697386_1 enero 2025 - 1 julio 2025.xlsx_659,2000011571052832,2025-12-05,bigger_than_expected_fashion,47990.0,PAGO,1 enero 2025 - 1 julio 2025.xlsx,,,2026-05-27 15:01:07.423457,,ajustes,Ajuste por Talla/Garantía,False
ML,POS_110770892525_1 enero 2025 - 1 julio 2025.xlsx_660,2000011571049480,2025-12-05,smaller_than_expected_fashion,45990.0,PAGO,1 enero 2025 - 1 julio 2025.xlsx,,,2026-05-27 15:01:07.423457,,ajustes,Ajuste por Talla/Garantía,False
ML,POS_110300060669_1 enero 2025 - 1 julio 2025.xlsx_661,2000011536726802,2025-12-05,smaller_than_expected_fashion,37990.0,PAGO,1 enero 2025 - 1 julio 2025.xlsx,,,2026-05-27 15:01:07.423457,,ajustes,Ajuste por Talla/Garantía,False
ML,POS_108850308293_1 enero 2025 - 1 julio 2025.xlsx_662,2000011402665294,2025-12-05,smaller_than_expected_fashion,21990.0,PAGO,1 enero 2025 - 1 julio 2025.xlsx,,,2026-05-27 15:01:07.423457,,ajustes,Ajuste por Talla/Garantía,False
ML,POS_110657824815_1 enero 2025 - 1 julio 2025.xlsx_663,2000011563308826,2025-12-05,bigger_than_expected_fashion,45990.0,PAGO,1 enero 2025 - 1 julio 2025.xlsx,,,2026-05-27 15:01:07.423457,,ajustes,Ajuste por Talla/Garantía,False
ML,POS_110457478447_1 enero 2025 - 1 julio 2025.xlsx_664,2000011546529406,2025-12-05,smaller_than_expected_fashion,43990.0,PAGO,1 enero 2025 - 1 julio 2025.xlsx,,,2026-05-27 15:01:07.423457,,ajustes,Ajuste por Talla/Garantía,False
ML,POS_110165426091_1 enero 2025 - 1 julio 2025.xlsx_665,2000011523413922,2025-12-05,different_color_or_size_fashion,17990.0,PAGO,1 enero 2025 - 1 julio 2025.xlsx,,,2026-05-27 15:01:07.423457,,ajustes,Ajuste por Diferencia de Publicación,True
ML,POS_109416800790_1 enero 2025 - 1 julio 2025.xlsx_666,2000011414668292,2025-12-05,bigger_than_expected_fashion,53990.0,PAGO,1 enero 2025 - 1 julio 2025.xlsx,,,2026-05-27 15:01:07.423457,,ajustes,Ajuste por Talla/Garantía,False
ML,POS_109368709253_1 enero 2025 - 1 julio 2025.xlsx_667,2000011450614152,2025-12-05,bigger_than_expected_fashion,29990.0,PAGO,1 enero 2025 - 1 julio 2025.xlsx,,,2026-05-27 15:01:07.423457,,ajustes,Ajuste por Talla/Garantía,False
ML,POS_109965978707_1 enero 2025 - 1 julio 2025.xlsx_668,2000011503613952,2025-12-05,bigger_than_expected_fashion,45990.0,PAGO,1 enero 2025 - 1 julio 2025.xlsx,,,2026-05-27 15:01:07.423457,,ajustes,Ajuste por Talla/Garantía,False
ML,POS_110546536166_1 enero 2025 - 1 julio 2025.xlsx_669,2000011517504444,2025-12-05,dont_want_it_another_cause_fashion,29990.0,PAGO,1 enero 2025 - 1 julio 2025.xlsx,,,2026-05-27 15:01:07.423457,,ajustes,Ajuste por Arrepentimiento,True
ML,POS_111036358644_1 enero 2025 - 1 julio 2025.xlsx_670,2000011557589358,2025-12-05,different_color_or_size_fashion,25990.0,PAGO,1 enero 2025 - 1 julio 2025.xlsx,,,2026-05-27 15:01:07.423457,,ajustes,Ajuste por Diferencia de Publicación,True
ML,POS_110513275096_1 enero 2025 - 1 julio 2025.xlsx_671,2000011513333606,2025-12-05,smaller_than_expected_fashion,38990.0,PAGO,1 enero 2025 - 1 julio 2025.xlsx,,,2026-05-27 15:01:07.423457,,ajustes,Ajuste por Talla/Garantía,False
ML,POS_110480393253_1 enero 2025 - 1 julio 2025.xlsx_672,2000011548998944,2025-12-05,undelivered_other,25990.0,PAGO,1 enero 2025 - 1 julio 2025.xlsx,,,2026-05-27 15:01:07.423457,,ajustes,Ajuste por Falla en Entrega,True
ML,POS_110574060935_1 enero 2025 - 1 julio 2025.xlsx_673,2000011556787032,2025-12-05,smaller_than_expected_fashion,43990.0,PAGO,1 enero 2025 - 1 julio 2025.xlsx,,,2026-05-27 15:01:07.423457,,ajustes,Ajuste por Talla/Garantía,False
ML,POS_111008761962_1 enero 2025 - 1 julio 2025.xlsx_674,2000011555424828,2025-12-05,item_not_useful_fashion_different_change,59990.0,PAGO,1 enero 2025 - 1 julio 2025.xlsx,,,2026-05-27 15:01:07.423457,,ajustes,Ajuste por Arrepentimiento,True
ML,POS_110286051083_1 enero 2025 - 1 julio 2025.xlsx_675,2000011535335810,2025-11-05,item_not_useful_fashion_different_change,22990.0,PAGO,1 enero 2025 - 1 julio 2025.xlsx,,,2026-05-27 15:01:07.423457,,ajustes,Ajuste por Arrepentimiento,True
ML,POS_110342226823_1 enero 2025 - 1 julio 2025.xlsx_676,2000011541061514,2025-11-05,bigger_than_expected_fashion,27990.0,PAGO,1 enero 2025 - 1 julio 2025.xlsx,,,2026-05-27 15:01:07.423457,,ajustes,Ajuste por Talla/Garantía,False
ML,POS_110668517194_1 enero 2025 - 1 julio 2025.xlsx_677,2000011529579266,2025-11-05,smaller_than_expected_fashion,55990.0,PAGO,1 enero 2025 - 1 julio 2025.xlsx,,,2026-05-27 15:01:07.423457,,ajustes,Ajuste por Talla/Garantía,False
ML,POS_111016781312_1 enero 2025 - 1 julio 2025.xlsx_678,2000011556031792,2025-11-05,bigger_than_expected_fashion,45990.0,PAGO,1 enero 2025 - 1 julio 2025.xlsx,,,2026-05-27 15:01:07.423457,,ajustes,Ajuste por Talla/Garantía,False
ML,POS_110564581761_1 enero 2025 - 1 julio 2025.xlsx_679,2000011556031792,2025-11-05,bigger_than_expected_fashion,45990.0,PAGO,1 enero 2025 - 1 julio 2025.xlsx,,,2026-05-27 15:01:07.423457,,ajustes,Ajuste por Talla/Garantía,False
ML,POS_110547276346_1 enero 2025 - 1 julio 2025.xlsx_680,2000011517634354,2025-11-05,smaller_than_expected_fashion,63990.0,PAGO,1 enero 2025 - 1 julio 2025.xlsx,,,2026-05-27 15:01:07.423457,,ajustes,Ajuste por Talla/Garantía,False
ML,POS_110969093774_1 enero 2025 - 1 julio 2025.xlsx_681,2000011552540070,2025-11-05,item_not_useful_fashion_different_change,22990.0,PAGO,1 enero 2025 - 1 julio 2025.xlsx,,,2026-05-27 15:01:07.423457,,ajustes,Ajuste por Arrepentimiento,True
ML,POS_110517532663_1 enero 2025 - 1 julio 2025.xlsx_682,2000011552540070,2025-11-05,item_not_useful_fashion_different_change,22990.0,PAGO,1 enero 2025 - 1 julio 2025.xlsx,,,2026-05-27 15:01:07.423457,,ajustes,Ajuste por Arrepentimiento,True
ML,POS_110992629434_1 enero 2025 - 1 julio 2025.xlsx_683,2000011554299918,2025-11-05,bigger_than_expected_fashion,35992.0,PAGO,1 enero 2025 - 1 julio 2025.xlsx,,,2026-05-27 15:01:07.423457,,ajustes,Ajuste por Talla/Garantía,False
ML,POS_109544863020_1 enero 2025 - 1 julio 2025.xlsx_684,2000011425766736,2025-11-05,smaller_than_expected_fashion,49990.0,PAGO,1 enero 2025 - 1 julio 2025.xlsx,,,2026-05-27 15:01:07.423457,,ajustes,Ajuste por Talla/Garantía,False
ML,POS_109544793928_1 enero 2025 - 1 julio 2025.xlsx_685,2000011425766726,2025-11-05,smaller_than_expected_fashion,35990.0,PAGO,1 enero 2025 - 1 julio 2025.xlsx,,,2026-05-27 15:01:07.423457,,ajustes,Ajuste por Talla/Garantía,False
ML,POS_109544880362_1 enero 2025 - 1 julio 2025.xlsx_686,2000011425766724,2025-11-05,smaller_than_expected_fashion,21590.0,PAGO,1 enero 2025 - 1 julio 2025.xlsx,,,2026-05-27 15:01:07.423457,,ajustes,Ajuste por Talla/Garantía,False
ML,POS_110541871424_1 enero 2025 - 1 julio 2025.xlsx_687,2000011516655464,2025-11-05,bigger_than_expected_fashion,45990.0,PAGO,1 enero 2025 - 1 julio 2025.xlsx,,,2026-05-27 15:01:07.423457,,ajustes,Ajuste por Talla/Garantía,False
ML,POS_110515659561_1 enero 2025 - 1 julio 2025.xlsx_688,2000011552302110,2025-11-05,item_not_useful_fashion_different_change,51990.0,PAGO,1 enero 2025 - 1 julio 2025.xlsx,,,2026-05-27 15:01:07.423457,,ajustes,Ajuste por Arrepentimiento,True
ML,POS_110447612945_1 enero 2025 - 1 julio 2025.xlsx_689,2000011545630374,2025-11-05,bigger_than_expected_fashion,53990.0,PAGO,1 enero 2025 - 1 julio 2025.xlsx,,,2026-05-27 15:01:07.423457,,ajustes,Ajuste por Talla/Garantía,False
ML,POS_110647099878_1 enero 2025 - 1 julio 2025.xlsx_690,2000011526633422,2025-11-05,dont_want_it_another_cause_fashion,29990.0,PAGO,1 enero 2025 - 1 julio 2025.xlsx,,,2026-05-27 15:01:07.423457,,ajustes,Ajuste por Arrepentimiento,True
ML,POS_110738722027_1 enero 2025 - 1 julio 2025.xlsx_691,2000011568669492,2025-11-05,undelivered_repentant_buyer,18140.0,PAGO,1 enero 2025 - 1 julio 2025.xlsx,,,2026-05-27 15:01:07.423457,,ajustes,Ajuste por Arrepentimiento,True
ML,POS_111191592652_1 enero 2025 - 1 julio 2025.xlsx_692,2000011568669492,2025-11-05,undelivered_repentant_buyer,11850.0,PAGO,1 enero 2025 - 1 julio 2025.xlsx,,,2026-05-27 15:01:07.423457,,ajustes,Ajuste por Arrepentimiento,True
ML,POS_108681227279_1 enero 2025 - 1 julio 2025.xlsx_694,2000011386180250,2025-11-05,smaller_than_expected_fashion,11990.0,PAGO,1 enero 2025 - 1 julio 2025.xlsx,,,2026-05-27 15:01:07.423457,,ajustes,Ajuste por Talla/Garantía,False
ML,POS_109118865784_1 enero 2025 - 1 julio 2025.xlsx_695,2000011386180252,2025-11-05,smaller_than_expected_fashion,12990.0,PAGO,1 enero 2025 - 1 julio 2025.xlsx,,,2026-05-27 15:01:07.423457,,ajustes,Ajuste por Talla/Garantía,False
ML,POS_108681221407_1 enero 2025 - 1 julio 2025.xlsx_696,nan,2025-11-05,smaller_than_expected_fashion,3691.0,PAGO,1 enero 2025 - 1 julio 2025.xlsx,,,2026-05-27 15:01:07.423457,,ajustes,Ajuste por Talla/Garantía,False
ML,POS_110525380995_1 enero 2025 - 1 julio 2025.xlsx_697,2000011553666622,2025-11-05,bigger_than_expected_fashion,37990.0,PAGO,1 enero 2025 - 1 julio 2025.xlsx,,,2026-05-27 15:01:07.423457,,ajustes,Ajuste por Talla/Garantía,False
ML,POS_110698347680_1 enero 2025 - 1 julio 2025.xlsx_698,2000011532152086,2025-10-05,not_match_size_guide_fashion,46990.0,PAGO,1 enero 2025 - 1 julio 2025.xlsx,,,2026-05-27 15:01:07.423457,,ajustes,Ajuste por Talla/Garantía,True
ML,POS_108795610561_1 enero 2025 - 1 julio 2025.xlsx_699,2000011397146550,2025-10-05,bigger_than_expected_fashion,21990.0,PAGO,1 enero 2025 - 1 julio 2025.xlsx,,,2026-05-27 15:01:07.423457,,ajustes,Ajuste por Talla/Garantía,False
ML,POS_108579073577_1 enero 2025 - 1 julio 2025.xlsx_700,2000011375950122,2025-10-05,bigger_than_expected_fashion,28990.0,PAGO,1 enero 2025 - 1 julio 2025.xlsx,,,2026-05-27 15:01:07.423457,,ajustes,Ajuste por Talla/Garantía,False
ML,POS_110491119978_1 enero 2025 - 1 julio 2025.xlsx_701,2000011511100014,2025-10-05,bigger_than_expected_fashion,63990.0,PAGO,1 enero 2025 - 1 julio 2025.xlsx,,,2026-05-27 15:01:07.423457,,ajustes,Ajuste por Talla/Garantía,False
ML,POS_110297008191_1 enero 2025 - 1 julio 2025.xlsx_702,2000011536407700,2025-10-05,different_color_or_size_fashion_change,53990.0,PAGO,1 enero 2025 - 1 julio 2025.xlsx,,,2026-05-27 15:01:07.423457,,ajustes,Ajuste por Diferencia de Publicación,True
ML,POS_110501534743_1 enero 2025 - 1 julio 2025.xlsx_703,2000011550713754,2025-10-05,different_than_published,45990.0,PAGO,1 enero 2025 - 1 julio 2025.xlsx,,,2026-05-27 15:01:07.423457,,ajustes,Ajuste por Diferencia de Publicación,True
ML,POS_110493818481_1 enero 2025 - 1 julio 2025.xlsx_704,2000011550142196,2025-10-05,bigger_than_expected_fashion,45990.0,PAGO,1 enero 2025 - 1 julio 2025.xlsx,,,2026-05-27 15:01:07.423457,,ajustes,Ajuste por Talla/Garantía,False
ML,POS_110899153926_1 enero 2025 - 1 julio 2025.xlsx_705,2000011545652722,2025-10-05,different_color_or_size_fashion_change,59990.0,PAGO,1 enero 2025 - 1 julio 2025.xlsx,,,2026-05-27 15:01:07.423457,,ajustes,Ajuste por Diferencia de Publicación,True
ML,POS_109943555955_1 enero 2025 - 1 julio 2025.xlsx_706,2000011501010178,2025-10-05,bigger_than_expected_fashion,19990.0,PAGO,1 enero 2025 - 1 julio 2025.xlsx,,,2026-05-27 15:01:07.423457,,ajustes,Ajuste por Talla/Garantía,False
ML,POS_111167980722_1 enero 2025 - 1 julio 2025.xlsx_707,2000011567205506,2025-10-05,undelivered_repentant_buyer,19990.0,PAGO,1 enero 2025 - 1 julio 2025.xlsx,,,2026-05-27 15:01:07.423457,,ajustes,Ajuste por Arrepentimiento,True
ML,POS_110932826114_1 enero 2025 - 1 julio 2025.xlsx_708,2000011549081274,2025-10-05,bigger_than_expected_fashion,45990.0,PAGO,1 enero 2025 - 1 julio 2025.xlsx,,,2026-05-27 15:01:07.423457,,ajustes,Ajuste por Talla/Garantía,False
ML,POS_110794414822_1 enero 2025 - 1 julio 2025.xlsx_709,2000011541390414,2025-10-05,bigger_than_expected_fashion,24990.0,PAGO,1 enero 2025 - 1 julio 2025.xlsx,,,2026-05-27 15:01:07.423457,,ajustes,Ajuste por Talla/Garantía,False
ML,POS_110817237482_1 enero 2025 - 1 julio 2025.xlsx_710,2000011542301384,2025-10-05,bigger_than_expected_fashion,55990.0,PAGO,1 enero 2025 - 1 julio 2025.xlsx,,,2026-05-27 15:01:07.423457,,ajustes,Ajuste por Talla/Garantía,False
ML,POS_110314354483_1 enero 2025 - 1 julio 2025.xlsx_711,2000011537923844,2025-10-05,smaller_than_expected_fashion,21980.0,PAGO,1 enero 2025 - 1 julio 2025.xlsx,,,2026-05-27 15:01:07.423457,,ajustes,Ajuste por Talla/Garantía,False
ML,POS_110344850804_1 enero 2025 - 1 julio 2025.xlsx_712,2000011497082114,2025-10-05,smaller_than_expected_fashion,25990.0,PAGO,1 enero 2025 - 1 julio 2025.xlsx,,,2026-05-27 15:01:07.423457,,ajustes,Ajuste por Talla/Garantía,False
ML,POS_110521959381_1 enero 2025 - 1 julio 2025.xlsx_713,2000011553133378,2025-09-05,item_not_useful_fashion_different_change,22990.0,PAGO,1 enero 2025 - 1 julio 2025.xlsx,,,2026-05-27 15:01:07.423457,,ajustes,Ajuste por Arrepentimiento,True
ML,POS_110083744893_1 enero 2025 - 1 julio 2025.xlsx_715,2000011515031394,2025-09-05,bigger_than_expected_fashion,45990.0,PAGO,1 enero 2025 - 1 julio 2025.xlsx,,,2026-05-27 15:01:07.423457,,ajustes,Ajuste por Talla/Garantía,False
ML,POS_110222498349_1 enero 2025 - 1 julio 2025.xlsx_716,2000011529977028,2025-09-05,not_match_size_guide_fashion,43990.0,PAGO,1 enero 2025 - 1 julio 2025.xlsx,,,2026-05-27 15:01:07.423457,,ajustes,Ajuste por Talla/Garantía,True
ML,POS_109972313396_1 enero 2025 - 1 julio 2025.xlsx_717,2000011464953824,2025-09-05,broken_item_fashion,49990.0,PAGO,1 enero 2025 - 1 julio 2025.xlsx,,,2026-05-27 15:01:07.423457,,ajustes,Ajuste por Producto Dañado/Vacío,False
ML,POS_110415092817_1 enero 2025 - 1 julio 2025.xlsx_720,2000011542841460,2025-09-05,smaller_than_expected_fashion,31990.0,PAGO,1 enero 2025 - 1 julio 2025.xlsx,,,2026-05-27 15:01:07.423457,,ajustes,Ajuste por Talla/Garantía,False
ML,POS_110421470681_1 enero 2025 - 1 julio 2025.xlsx_721,2000011543305706,2025-09-05,bigger_than_expected_fashion,20990.0,PAGO,1 enero 2025 - 1 julio 2025.xlsx,,,2026-05-27 15:01:07.423457,,ajustes,Ajuste por Talla/Garantía,False
ML,POS_110790508434_1 enero 2025 - 1 julio 2025.xlsx_722,2000011540940014,2025-09-05,bigger_than_expected_fashion,63990.0,PAGO,1 enero 2025 - 1 julio 2025.xlsx,,,2026-05-27 15:01:07.423457,,ajustes,Ajuste por Talla/Garantía,False
ML,POS_110539796699_1 enero 2025 - 1 julio 2025.xlsx_724,2000011554250032,2025-09-05,undelivered_repentant_buyer,39990.0,PAGO,1 enero 2025 - 1 julio 2025.xlsx,,,2026-05-27 15:01:07.423457,,ajustes,Ajuste por Arrepentimiento,True
ML,POS_110439214685_1 enero 2025 - 1 julio 2025.xlsx_725,2000011544871138,2025-09-05,smaller_than_expected_fashion,17990.0,PAGO,1 enero 2025 - 1 julio 2025.xlsx,,,2026-05-27 15:01:07.423457,,ajustes,Ajuste por Talla/Garantía,False
ML,POS_110663963342_1 enero 2025 - 1 julio 2025.xlsx_726,2000011528842376,2025-09-05,bigger_than_expected_fashion,47990.0,PAGO,1 enero 2025 - 1 julio 2025.xlsx,,,2026-05-27 15:01:07.423457,,ajustes,Ajuste por Talla/Garantía,False
ML,POS_110947239722_1 enero 2025 - 1 julio 2025.xlsx_727,2000011550279694,2025-09-05,undelivered_repentant_buyer,35992.0,PAGO,1 enero 2025 - 1 julio 2025.xlsx,,,2026-05-27 15:01:07.423457,,ajustes,Ajuste por Arrepentimiento,True
ML,POS_110182386365_1 enero 2025 - 1 julio 2025.xlsx_728,2000011525215266,2025-08-05,dont_want_it_another_cause_fashion,25990.0,PAGO,1 enero 2025 - 1 julio 2025.xlsx,,,2026-05-27 15:01:07.423457,,ajustes,Ajuste por Arrepentimiento,True
ML,POS_110659696280_1 enero 2025 - 1 julio 2025.xlsx_729,2000011528162060,2025-08-05,bigger_than_expected_fashion,27990.0,PAGO,1 enero 2025 - 1 julio 2025.xlsx,,,2026-05-27 15:01:07.423457,,ajustes,Ajuste por Talla/Garantía,False
ML,POS_110208064857_1 enero 2025 - 1 julio 2025.xlsx_730,2000011527689810,2025-08-05,bigger_than_expected_fashion,51990.0,PAGO,1 enero 2025 - 1 julio 2025.xlsx,,,2026-05-27 15:01:07.423457,,ajustes,Ajuste por Talla/Garantía,False
ML,POS_110193111691_1 enero 2025 - 1 julio 2025.xlsx_731,2000011526128434,2025-08-05,smaller_than_expected_fashion,59990.0,PAGO,1 enero 2025 - 1 julio 2025.xlsx,,,2026-05-27 15:01:07.423457,,ajustes,Ajuste por Talla/Garantía,False
ML,POS_110870812124_1 enero 2025 - 1 julio 2025.xlsx_732,2000011543207820,2025-08-05,estimated_delivery_out_of_time,63990.0,PAGO,1 enero 2025 - 1 julio 2025.xlsx,,,2026-05-27 15:01:07.423457,,ajustes,Ajuste por Retraso en Entrega,True
ML,POS_110656394820_1 enero 2025 - 1 julio 2025.xlsx_733,2000011527696484,2025-08-05,bigger_than_expected_fashion,51990.0,PAGO,1 enero 2025 - 1 julio 2025.xlsx,,,2026-05-27 15:01:07.423457,,ajustes,Ajuste por Talla/Garantía,False
ML,POS_110422029097_1 enero 2025 - 1 julio 2025.xlsx_734,2000011543366958,2025-08-05,undelivered_other,23990.0,PAGO,1 enero 2025 - 1 julio 2025.xlsx,,,2026-05-27 15:01:07.423457,,ajustes,Ajuste por Falla en Entrega,True
ML,POS_110216061179_1 enero 2025 - 1 julio 2025.xlsx_735,2000011528900500,2025-08-05,dont_want_it_another_cause_fashion,25990.0,PAGO,1 enero 2025 - 1 julio 2025.xlsx,,,2026-05-27 15:01:07.423457,,ajustes,Ajuste por Arrepentimiento,True
ML,POS_110661163732_1 enero 2025 - 1 julio 2025.xlsx_736,2000011528361148,2025-08-05,smaller_than_expected_fashion,39990.0,PAGO,1 enero 2025 - 1 julio 2025.xlsx,,,2026-05-27 15:01:07.423457,,ajustes,Ajuste por Talla/Garantía,False
ML,POS_109618471245_1 enero 2025 - 1 julio 2025.xlsx_737,2000011472663650,2025-08-05,different_color_or_size_fashion_change,22990.0,PAGO,1 enero 2025 - 1 julio 2025.xlsx,,,2026-05-27 15:01:07.423457,,ajustes,Ajuste por Diferencia de Publicación,True
ML,POS_109546819143_1 enero 2025 - 1 julio 2025.xlsx_738,2000011466698124,2025-08-05,bigger_than_expected_fashion,42990.0,PAGO,1 enero 2025 - 1 julio 2025.xlsx,,,2026-05-27 15:01:07.423457,,ajustes,Ajuste por Talla/Garantía,False
ML,POS_110550397502_1 enero 2025 - 1 julio 2025.xlsx_739,2000011518222020,2025-08-05,smaller_than_expected_fashion,63990.0,PAGO,1 enero 2025 - 1 julio 2025.xlsx,,,2026-05-27 15:01:07.423457,,ajustes,Ajuste por Talla/Garantía,False
ML,POS_109973835097_1 enero 2025 - 1 julio 2025.xlsx_740,2000011504609022,2025-08-05,bigger_than_expected_fashion,51990.0,PAGO,1 enero 2025 - 1 julio 2025.xlsx,,,2026-05-27 15:01:07.423457,,ajustes,Ajuste por Talla/Garantía,False
ML,POS_110428305214_1 enero 2025 - 1 julio 2025.xlsx_741,2000011505971784,2025-08-05,bigger_than_expected_fashion,47990.0,PAGO,1 enero 2025 - 1 julio 2025.xlsx,,,2026-05-27 15:01:07.423457,,ajustes,Ajuste por Talla/Garantía,False
ML,POS_109646292549_1 enero 2025 - 1 julio 2025.xlsx_742,2000011475367124,2025-07-05,different_color_or_size_fashion_change,22990.0,PAGO,1 enero 2025 - 1 julio 2025.xlsx,,,2026-05-27 15:01:07.423457,,ajustes,Ajuste por Diferencia de Publicación,True
ML,POS_109798215039_1 enero 2025 - 1 julio 2025.xlsx_743,2000011488993774,2025-07-05,bigger_than_expected_fashion,23000.0,PAGO,1 enero 2025 - 1 julio 2025.xlsx,,,2026-05-27 15:01:07.423457,,ajustes,Ajuste por Talla/Garantía,False
ML,POS_109798266527_1 enero 2025 - 1 julio 2025.xlsx_744,2000011488993774,2025-07-05,bigger_than_expected_fashion,22990.0,PAGO,1 enero 2025 - 1 julio 2025.xlsx,,,2026-05-27 15:01:07.423457,,ajustes,Ajuste por Talla/Garantía,False
ML,POS_110080472153_1 enero 2025 - 1 julio 2025.xlsx_745,2000011514639070,2025-07-05,smaller_than_expected_fashion,55990.0,PAGO,1 enero 2025 - 1 julio 2025.xlsx,,,2026-05-27 15:01:07.423457,,ajustes,Ajuste por Talla/Garantía,False
ML,POS_110031421169_1 enero 2025 - 1 julio 2025.xlsx_746,2000011509627326,2025-07-05,dont_want_it_another_cause_fashion,23990.0,PAGO,1 enero 2025 - 1 julio 2025.xlsx,,,2026-05-27 15:01:07.423457,,ajustes,Ajuste por Arrepentimiento,True
ML,POS_110234174753_1 enero 2025 - 1 julio 2025.xlsx_747,2000011530763106,2025-07-05,unauthorized_purchase,63990.0,PAGO,1 enero 2025 - 1 julio 2025.xlsx,,,2026-05-27 15:01:07.423457,,ajustes,Ajuste por Disputa no Respondida,True
ML,POS_110682697110_1 enero 2025 - 1 julio 2025.xlsx_748,2000011530763106,2025-07-05,unauthorized_purchase,63990.0,PAGO,1 enero 2025 - 1 julio 2025.xlsx,,,2026-05-27 15:01:07.423457,,ajustes,Ajuste por Disputa no Respondida,True
ML,POS_110234109113_1 enero 2025 - 1 julio 2025.xlsx_749,2000011530763106,2025-07-05,unauthorized_purchase,63990.0,PAGO,1 enero 2025 - 1 julio 2025.xlsx,,,2026-05-27 15:01:07.423457,,ajustes,Ajuste por Disputa no Respondida,True
ML,POS_110240148666_1 enero 2025 - 1 julio 2025.xlsx_750,2000011488698074,2025-07-05,bigger_than_expected_fashion,59990.0,PAGO,1 enero 2025 - 1 julio 2025.xlsx,,,2026-05-27 15:01:07.423457,,ajustes,Ajuste por Talla/Garantía,False
ML,POS_110194894683_1 enero 2025 - 1 julio 2025.xlsx_751,2000011526268626,2025-07-05,undelivered_other,55990.0,PAGO,1 enero 2025 - 1 julio 2025.xlsx,,,2026-05-27 15:01:07.423457,,ajustes,Ajuste por Falla en Entrega,True
ML,POS_110233154171_1 enero 2025 - 1 julio 2025.xlsx_752,2000011530698188,2025-07-05,undelivered_other,41990.0,PAGO,1 enero 2025 - 1 julio 2025.xlsx,,,2026-05-27 15:01:07.423457,,ajustes,Ajuste por Falla en Entrega,True
ML,POS_110228571721_1 enero 2025 - 1 julio 2025.xlsx_753,2000011530434642,2025-07-05,undelivered_repentant_buyer,49990.0,PAGO,1 enero 2025 - 1 julio 2025.xlsx,,,2026-05-27 15:01:07.423457,,ajustes,Ajuste por Arrepentimiento,True
ML,POS_109774584866_1 enero 2025 - 1 julio 2025.xlsx_754,2000011446567100,2025-07-05,smaller_than_expected_fashion,39990.0,PAGO,1 enero 2025 - 1 julio 2025.xlsx,,,2026-05-27 15:01:07.423457,,ajustes,Ajuste por Talla/Garantía,False
ML,POS_110425375412_1 enero 2025 - 1 julio 2025.xlsx_755,2000011505478570,2025-06-05,different_color_or_size_fashion,27990.0,PAGO,1 enero 2025 - 1 julio 2025.xlsx,,,2026-05-27 15:01:07.423457,,ajustes,Ajuste por Diferencia de Publicación,True
ML,POS_108933813449_1 enero 2025 - 1 julio 2025.xlsx_756,2000011410319560,2025-06-05,item_not_useful_fashion_different_change,45990.0,PAGO,1 enero 2025 - 1 julio 2025.xlsx,,,2026-05-27 15:01:07.423457,,ajustes,Ajuste por Arrepentimiento,True
ML,POS_110276758272_1 enero 2025 - 1 julio 2025.xlsx_757,2000011491925482,2025-06-05,bigger_than_expected_fashion,45990.0,PAGO,1 enero 2025 - 1 julio 2025.xlsx,,,2026-05-27 15:01:07.423457,,ajustes,Ajuste por Talla/Garantía,False
ML,POS_110390682002_1 enero 2025 - 1 julio 2025.xlsx_758,2000011501158650,2025-06-05,item_not_useful_fashion_different_change,29990.0,PAGO,1 enero 2025 - 1 julio 2025.xlsx,,,2026-05-27 15:01:07.423457,,ajustes,Ajuste por Arrepentimiento,True
ML,POS_110399089250_1 enero 2025 - 1 julio 2025.xlsx_759,2000011502161342,2025-06-05,smaller_than_expected_fashion,19490.0,PAGO,1 enero 2025 - 1 julio 2025.xlsx,,,2026-05-27 15:01:07.423457,,ajustes,Ajuste por Talla/Garantía,False
ML,POS_110415688416_1 enero 2025 - 1 julio 2025.xlsx_760,2000011504092646,2025-06-05,bigger_than_expected_fashion,41990.0,PAGO,1 enero 2025 - 1 julio 2025.xlsx,,,2026-05-27 15:01:07.423457,,ajustes,Ajuste por Talla/Garantía,False
ML,POS_109500709171_1 enero 2025 - 1 julio 2025.xlsx_761,2000011462830430,2025-06-05,dont_want_it_another_cause_fashion,41990.0,PAGO,1 enero 2025 - 1 julio 2025.xlsx,,,2026-05-27 15:01:07.423457,,ajustes,Ajuste por Arrepentimiento,True
ML,POS_110344678718_1 enero 2025 - 1 julio 2025.xlsx_762,2000011497060226,2025-06-05,dont_want_it_another_cause_fashion,47990.0,PAGO,1 enero 2025 - 1 julio 2025.xlsx,,,2026-05-27 15:01:07.423457,,ajustes,Ajuste por Arrepentimiento,True
ML,POS_110385797418_1 enero 2025 - 1 julio 2025.xlsx_763,2000011500523976,2025-06-05,dont_want_it_another_cause_fashion,25990.0,PAGO,1 enero 2025 - 1 julio 2025.xlsx,,,2026-05-27 15:01:07.423457,,ajustes,Ajuste por Arrepentimiento,True
ML,POS_107386161212_1 enero 2025 - 1 julio 2025.xlsx_764,2000011228798666,2025-06-05,bigger_than_expected_fashion,25990.0,PAGO,1 enero 2025 - 1 julio 2025.xlsx,,,2026-05-27 15:01:07.423457,,ajustes,Ajuste por Talla/Garantía,False
ML,POS_109946861321_1 enero 2025 - 1 julio 2025.xlsx_765,2000011501377336,2025-06-05,bigger_than_expected_fashion,55990.0,PAGO,1 enero 2025 - 1 julio 2025.xlsx,,,2026-05-27 15:01:07.423457,,ajustes,Ajuste por Talla/Garantía,False
ML,POS_109296142003_1 enero 2025 - 1 julio 2025.xlsx_766,2000011442648378,2025-06-05,not_match_size_guide_fashion,25990.0,PAGO,1 enero 2025 - 1 julio 2025.xlsx,,,2026-05-27 15:01:07.423457,,ajustes,Ajuste por Talla/Garantía,True
ML,POS_110138710797_1 enero 2025 - 1 julio 2025.xlsx_767,2000011520805674,2025-06-05,undelivered_other,24480.0,PAGO,1 enero 2025 - 1 julio 2025.xlsx,,,2026-05-27 15:01:07.423457,,ajustes,Ajuste por Falla en Entrega,True
ML,POS_109647687955_1 enero 2025 - 1 julio 2025.xlsx_768,2000011475562038,2025-06-05,bigger_than_expected_fashion,59990.0,PAGO,1 enero 2025 - 1 julio 2025.xlsx,,,2026-05-27 15:01:07.423457,,ajustes,Ajuste por Talla/Garantía,False
ML,POS_108307011638_1 enero 2025 - 1 julio 2025.xlsx_769,2000011308350732,2025-06-05,different_color_or_size,56990.0,PAGO,1 enero 2025 - 1 julio 2025.xlsx,,,2026-05-27 15:01:07.423457,,ajustes,Ajuste por Diferencia de Publicación,True
ML,POS_108306865578_1 enero 2025 - 1 julio 2025.xlsx_770,2000011308350732,2025-06-05,different_color_or_size,56990.0,PAGO,1 enero 2025 - 1 julio 2025.xlsx,,,2026-05-27 15:01:07.423457,,ajustes,Ajuste por Diferencia de Publicación,True
ML,POS_108307156314_1 enero 2025 - 1 julio 2025.xlsx_771,2000011308350732,2025-06-05,different_color_or_size,56990.0,PAGO,1 enero 2025 - 1 julio 2025.xlsx,,,2026-05-27 15:01:07.423457,,ajustes,Ajuste por Diferencia de Publicación,True
ML,POS_107832260989_1 enero 2025 - 1 julio 2025.xlsx_772,2000011308350732,2025-06-05,different_color_or_size,56990.0,PAGO,1 enero 2025 - 1 julio 2025.xlsx,,,2026-05-27 15:01:07.423457,,ajustes,Ajuste por Diferencia de Publicación,True
ML,POS_109745626807_1 enero 2025 - 1 julio 2025.xlsx_773,2000011484784952,2025-06-05,bigger_than_expected_fashion,42990.0,PAGO,1 enero 2025 - 1 julio 2025.xlsx,,,2026-05-27 15:01:07.423457,,ajustes,Ajuste por Talla/Garantía,False
ML,POS_108838298039_1 enero 2025 - 1 julio 2025.xlsx_774,2000011401391394,2025-06-05,different_color_or_size_fashion,49990.0,PAGO,1 enero 2025 - 1 julio 2025.xlsx,,,2026-05-27 15:01:07.423457,,ajustes,Ajuste por Diferencia de Publicación,True
ML,POS_109064168107_1 enero 2025 - 1 julio 2025.xlsx_789,2000011422554246,2025-04-05,smaller_than_expected_fashion,31990.0,PAGO,1 enero 2025 - 1 julio 2025.xlsx,,,2026-05-27 15:01:07.423457,,ajustes,Ajuste por Talla/Garantía,False
ML,POS_110021397190_1 enero 2025 - 1 julio 2025.xlsx_790,2000011468940118,2025-04-05,different_color_or_size_fashion,47990.0,PAGO,1 enero 2025 - 1 julio 2025.xlsx,,,2026-05-27 15:01:07.423457,,ajustes,Ajuste por Diferencia de Publicación,True
ML,POS_107140512441_1 enero 2025 - 1 julio 2025.xlsx_791,2000011244984608,2025-04-05,dont_want_it_another_cause_fashion,16490.0,PAGO,1 enero 2025 - 1 julio 2025.xlsx,,,2026-05-27 15:01:07.423457,,ajustes,Ajuste por Arrepentimiento,True
ML,POS_109612663800_1 enero 2025 - 1 julio 2025.xlsx_792,2000011431074338,2025-04-05,dont_want_it_another_cause_fashion,39990.0,PAGO,1 enero 2025 - 1 julio 2025.xlsx,,,2026-05-27 15:01:07.423457,,ajustes,Ajuste por Arrepentimiento,True
ML,POS_109612768184_1 enero 2025 - 1 julio 2025.xlsx_793,2000011431067420,2025-04-05,bigger_than_expected_fashion,38990.0,PAGO,1 enero 2025 - 1 julio 2025.xlsx,,,2026-05-27 15:01:07.423457,,ajustes,Ajuste por Talla/Garantía,False
ML,POS_109780939750_1 enero 2025 - 1 julio 2025.xlsx_794,2000011447284688,2025-04-05,bigger_than_expected_fashion,27990.0,PAGO,1 enero 2025 - 1 julio 2025.xlsx,,,2026-05-27 15:01:07.423457,,ajustes,Ajuste por Talla/Garantía,False
ML,POS_109859667103_1 enero 2025 - 1 julio 2025.xlsx_795,2000011494170936,2025-04-05,undelivered_repentant_buyer,39990.0,PAGO,1 enero 2025 - 1 julio 2025.xlsx,,,2026-05-27 15:01:07.423457,,ajustes,Ajuste por Arrepentimiento,True
ML,POS_110305460694_1 enero 2025 - 1 julio 2025.xlsx_796,2000011494176306,2025-04-05,undelivered_repentant_buyer,39990.0,PAGO,1 enero 2025 - 1 julio 2025.xlsx,,,2026-05-27 15:01:07.423457,,ajustes,Ajuste por Arrepentimiento,True
ML,POS_110340785606_1 enero 2025 - 1 julio 2025.xlsx_797,2000011496725284,2025-04-05,undelivered_repentant_buyer,18780.0,PAGO,1 enero 2025 - 1 julio 2025.xlsx,,,2026-05-27 15:01:07.423457,,ajustes,Ajuste por Arrepentimiento,True
ML,POS_110349641152_1 enero 2025 - 1 julio 2025.xlsx_798,2000011497467994,2025-03-05,undelivered_repentant_buyer,20990.0,PAGO,1 enero 2025 - 1 julio 2025.xlsx,,,2026-05-27 15:01:07.423457,,ajustes,Ajuste por Arrepentimiento,True
ML,POS_109901285903_1 enero 2025 - 1 julio 2025.xlsx_800,2000011497255354,2025-03-05,undelivered_repentant_buyer,20990.0,PAGO,1 enero 2025 - 1 julio 2025.xlsx,,,2026-05-27 15:01:07.423457,,ajustes,Ajuste por Arrepentimiento,True
ML,POS_110040283878_1 enero 2025 - 1 julio 2025.xlsx_801,2000011470451138,2025-03-05,smaller_than_expected_fashion,20990.0,PAGO,1 enero 2025 - 1 julio 2025.xlsx,,,2026-05-27 15:01:07.423457,,ajustes,Ajuste por Talla/Garantía,False
ML,POS_110106947058_1 enero 2025 - 1 julio 2025.xlsx_802,2000011477157302,2025-03-05,undelivered_repentant_buyer,50860.0,PAGO,1 enero 2025 - 1 julio 2025.xlsx,,,2026-05-27 15:01:07.423457,,ajustes,Ajuste por Arrepentimiento,True
ML,POS_109691410465_1 enero 2025 - 1 julio 2025.xlsx_803,2000011480454592,2025-03-05,smaller_than_expected_fashion,23990.0,PAGO,1 enero 2025 - 1 julio 2025.xlsx,,,2026-05-27 15:01:07.423457,,ajustes,Ajuste por Talla/Garantía,False
ML,POS_109549507717_1 enero 2025 - 1 julio 2025.xlsx_804,2000011466941834,2025-03-05,bigger_than_expected_fashion,10000.0,PAGO,1 enero 2025 - 1 julio 2025.xlsx,,,2026-05-27 15:01:07.423457,,ajustes,Ajuste por Talla/Garantía,False
ML,POS_109993747746_1 enero 2025 - 1 julio 2025.xlsx_805,2000011466941834,2025-03-05,bigger_than_expected_fashion,38990.0,PAGO,1 enero 2025 - 1 julio 2025.xlsx,,,2026-05-27 15:01:07.423457,,ajustes,Ajuste por Talla/Garantía,False
ML,POS_110108665188_1 enero 2025 - 1 julio 2025.xlsx_806,2000011477325108,2025-03-05,bigger_than_expected_fashion,45990.0,PAGO,1 enero 2025 - 1 julio 2025.xlsx,,,2026-05-27 15:01:07.423457,,ajustes,Ajuste por Talla/Garantía,False
ML,POS_109759680462_1 enero 2025 - 1 julio 2025.xlsx_807,2000011444734468,2025-03-05,bigger_than_expected_fashion,39990.0,PAGO,1 enero 2025 - 1 julio 2025.xlsx,,,2026-05-27 15:01:07.423457,,ajustes,Ajuste por Talla/Garantía,False
ML,POS_110162079632_1 enero 2025 - 1 julio 2025.xlsx_808,2000011482369858,2025-03-05,smaller_than_expected_fashion,36990.0,PAGO,1 enero 2025 - 1 julio 2025.xlsx,,,2026-05-27 15:01:07.423457,,ajustes,Ajuste por Talla/Garantía,False
ML,POS_110162131548_1 enero 2025 - 1 julio 2025.xlsx_809,2000011482375234,2025-03-05,smaller_than_expected_fashion,36990.0,PAGO,1 enero 2025 - 1 julio 2025.xlsx,,,2026-05-27 15:01:07.423457,,ajustes,Ajuste por Talla/Garantía,False
ML,POS_110120929378_1 enero 2025 - 1 julio 2025.xlsx_810,2000011478569350,2025-03-05,undelivered_other,27990.0,PAGO,1 enero 2025 - 1 julio 2025.xlsx,,,2026-05-27 15:01:07.423457,,ajustes,Ajuste por Falla en Entrega,True
ML,POS_109988440698_1 enero 2025 - 1 julio 2025.xlsx_811,2000011466444874,2025-02-05,smaller_than_expected_fashion,22490.0,PAGO,1 enero 2025 - 1 julio 2025.xlsx,,,2026-05-27 15:01:07.423457,,ajustes,Ajuste por Talla/Garantía,False
ML,POS_108643488759_1 enero 2025 - 1 julio 2025.xlsx_812,2000011381664450,2025-02-05,smaller_than_expected_fashion,49990.0,PAGO,1 enero 2025 - 1 julio 2025.xlsx,,,2026-05-27 15:01:07.423457,,ajustes,Ajuste por Talla/Garantía,False
ML,POS_109337496579_1 enero 2025 - 1 julio 2025.xlsx_813,2000011447151132,2025-02-05,bigger_than_expected_fashion,51990.0,PAGO,1 enero 2025 - 1 julio 2025.xlsx,,,2026-05-27 15:01:07.423457,,ajustes,Ajuste por Talla/Garantía,False
ML,POS_109965775012_1 enero 2025 - 1 julio 2025.xlsx_814,2000011464474902,2025-02-05,bigger_than_expected_fashion,41990.0,PAGO,1 enero 2025 - 1 julio 2025.xlsx,,,2026-05-27 15:01:07.423457,,ajustes,Ajuste por Talla/Garantía,False
ML,POS_109373613297_1 enero 2025 - 1 julio 2025.xlsx_817,2000011451531398,2025-02-05,bigger_than_expected_fashion,41990.0,PAGO,1 enero 2025 - 1 julio 2025.xlsx,,,2026-05-27 15:01:07.423457,,ajustes,Ajuste por Talla/Garantía,False
ML,POS_109763576294_1 enero 2025 - 1 julio 2025.xlsx_818,2000011445158494,2025-02-05,bigger_than_expected_fashion,21930.0,PAGO,1 enero 2025 - 1 julio 2025.xlsx,,,2026-05-27 15:01:07.423457,,ajustes,Ajuste por Talla/Garantía,False
ML,POS_109257560817_1 enero 2025 - 1 julio 2025.xlsx_819,2000011439158016,2025-02-05,bigger_than_expected_fashion,37990.0,PAGO,1 enero 2025 - 1 julio 2025.xlsx,,,2026-05-27 15:01:07.423457,,ajustes,Ajuste por Talla/Garantía,False
ML,POS_108987792941_1 enero 2025 - 1 julio 2025.xlsx_820,2000011416065588,2025-02-05,smaller_than_expected_fashion,30997.0,PAGO,1 enero 2025 - 1 julio 2025.xlsx,,,2026-05-27 15:01:07.423457,,ajustes,Ajuste por Talla/Garantía,False
ML,POS_108987737757_1 enero 2025 - 1 julio 2025.xlsx_821,2000011416065588,2025-02-05,smaller_than_expected_fashion,20993.0,PAGO,1 enero 2025 - 1 julio 2025.xlsx,,,2026-05-27 15:01:07.423457,,ajustes,Ajuste por Talla/Garantía,False
ML,POS_109689786309_1 enero 2025 - 1 julio 2025.xlsx_822,2000011480169334,2025-01-05,undelivered_repentant_buyer,47990.0,PAGO,1 enero 2025 - 1 julio 2025.xlsx,,,2026-05-27 15:01:07.423457,,ajustes,Ajuste por Arrepentimiento,True
ML,POS_108120050473_1 enero 2025 - 1 julio 2025.xlsx_823,2000011337209822,2025-01-05,different_color_or_size_fashion,23990.0,PAGO,1 enero 2025 - 1 julio 2025.xlsx,,,2026-05-27 15:01:07.423457,,ajustes,Ajuste por Diferencia de Publicación,True
ML,POS_110130489546_1 enero 2025 - 1 julio 2025.xlsx_824,2000011479649522,2025-01-05,undelivered_repentant_buyer,30990.0,PAGO,1 enero 2025 - 1 julio 2025.xlsx,,,2026-05-27 15:01:07.423457,,ajustes,Ajuste por Arrepentimiento,True
ML,POS_109112537647_1 enero 2025 - 1 julio 2025.xlsx_825,2000011426597380,2025-01-05,bigger_than_expected_fashion,56990.0,PAGO,1 enero 2025 - 1 julio 2025.xlsx,,,2026-05-27 15:01:07.423457,,ajustes,Ajuste por Talla/Garantía,False
ML,POS_109750550602_1 enero 2025 - 1 julio 2025.xlsx_826,2000011443851376,2025-01-05,bigger_than_expected_fashion,17990.0,PAGO,1 enero 2025 - 1 julio 2025.xlsx,,,2026-05-27 15:01:07.423457,,ajustes,Ajuste por Talla/Garantía,False
ML,POS_109308070993_1 enero 2025 - 1 julio 2025.xlsx_827,2000011443868186,2025-01-05,bigger_than_expected_fashion,17990.0,PAGO,1 enero 2025 - 1 julio 2025.xlsx,,,2026-05-27 15:01:07.423457,,ajustes,Ajuste por Talla/Garantía,False
ML,POS_109750455600_1 enero 2025 - 1 julio 2025.xlsx_828,2000011443851378,2025-01-05,bigger_than_expected_fashion,17990.0,PAGO,1 enero 2025 - 1 julio 2025.xlsx,,,2026-05-27 15:01:07.423457,,ajustes,Ajuste por Talla/Garantía,False
ML,POS_109413420566_1 enero 2025 - 1 julio 2025.xlsx_829,2000011414318608,2025-01-05,smaller_than_expected_fashion,19990.0,PAGO,1 enero 2025 - 1 julio 2025.xlsx,,,2026-05-27 15:01:07.423457,,ajustes,Ajuste por Talla/Garantía,False
ML,POS_109526776371_1 enero 2025 - 1 julio 2025.xlsx_830,2000011464636278,2025-01-05,smaller_than_expected_fashion,3851.0,PAGO,1 enero 2025 - 1 julio 2025.xlsx,,,2026-05-27 15:01:07.423457,,ajustes,Ajuste por Talla/Garantía,False
ML,POS_109523674529_1 enero 2025 - 1 julio 2025.xlsx_831,2000011464636278,2025-01-05,smaller_than_expected_fashion,41990.0,PAGO,1 enero 2025 - 1 julio 2025.xlsx,,,2026-05-27 15:01:07.423457,,ajustes,Ajuste por Talla/Garantía,False
ML,POS_109970627528_1 enero 2025 - 1 julio 2025.xlsx_832,2000011464636278,2025-01-05,smaller_than_expected_fashion,34325.0,PAGO,1 enero 2025 - 1 julio 2025.xlsx,,,2026-05-27 15:01:07.423457,,ajustes,Ajuste por Talla/Garantía,False
ML,POS_107384666178_1 enero 2025 - 1 julio 2025.xlsx_1020,2000011228619568,2025-12-04,different_color_or_size_fashion,26240.0,PAGO,1 enero 2025 - 1 julio 2025.xlsx,,,2026-05-27 15:01:07.423457,,ajustes,Ajuste por Diferencia de Publicación,True
ML,POS_107727466745_1 enero 2025 - 1 julio 2025.xlsx_1021,2000011300083096,2025-12-04,item_not_useful_fashion_different_change,79990.0,PAGO,1 enero 2025 - 1 julio 2025.xlsx,,,2026-05-27 15:01:07.423457,,ajustes,Ajuste por Arrepentimiento,True
ML,POS_108085254604_1 enero 2025 - 1 julio 2025.xlsx_1022,2000011294068776,2025-12-04,different_color_or_size_fashion,54990.0,PAGO,1 enero 2025 - 1 julio 2025.xlsx,,,2026-05-27 15:01:07.423457,,ajustes,Ajuste por Diferencia de Publicación,True
ML,POS_108042039294_1 enero 2025 - 1 julio 2025.xlsx_1023,2000011290999700,2025-12-04,dont_want_it_another_cause_fashion,52990.0,PAGO,1 enero 2025 - 1 julio 2025.xlsx,,,2026-05-27 15:01:07.423457,,ajustes,Ajuste por Arrepentimiento,True
ML,POS_107570596420_1 enero 2025 - 1 julio 2025.xlsx_1024,2000011245230034,2025-12-04,bigger_than_expected_fashion,49990.0,PAGO,1 enero 2025 - 1 julio 2025.xlsx,,,2026-05-27 15:01:07.423457,,ajustes,Ajuste por Talla/Garantía,False
ML,POS_108039007832_1 enero 2025 - 1 julio 2025.xlsx_1025,2000011290586916,2025-12-04,change_receiver_address,24990.0,PAGO,1 enero 2025 - 1 julio 2025.xlsx,,,2026-05-27 15:01:07.423457,,ajustes,Ajuste por Cambio de Dirección,True
ML,POS_106600280130_1 enero 2025 - 1 julio 2025.xlsx_1026,2000011154811930,2025-12-04,bigger_than_expected_fashion,26990.0,PAGO,1 enero 2025 - 1 julio 2025.xlsx,,,2026-05-27 15:01:07.423457,,ajustes,Ajuste por Talla/Garantía,False
ML,POS_107610959071_1 enero 2025 - 1 julio 2025.xlsx_1027,2000011291133676,2025-12-04,bigger_than_expected_fashion,24990.0,PAGO,1 enero 2025 - 1 julio 2025.xlsx,,,2026-05-27 15:01:07.423457,,ajustes,Ajuste por Talla/Garantía,False
ML,POS_107576103054_1 enero 2025 - 1 julio 2025.xlsx_1028,2000011246061858,2025-11-04,bigger_than_expected_fashion,43490.0,PAGO,1 enero 2025 - 1 julio 2025.xlsx,,,2026-05-27 15:01:07.423457,,ajustes,Ajuste por Talla/Garantía,False
ML,POS_106681320645_1 enero 2025 - 1 julio 2025.xlsx_1029,2000011202581232,2025-11-04,item_not_useful_fashion_different_change,25191.0,PAGO,1 enero 2025 - 1 julio 2025.xlsx,,,2026-05-27 15:01:07.423457,,ajustes,Ajuste por Arrepentimiento,True
ML,POS_107002283541_1 enero 2025 - 1 julio 2025.xlsx_1032,2000011232386176,2025-11-04,different_color_or_size_fashion,42740.0,PAGO,1 enero 2025 - 1 julio 2025.xlsx,,,2026-05-27 15:01:07.423457,,ajustes,Ajuste por Diferencia de Publicación,True
ML,POS_107688090922_1 enero 2025 - 1 julio 2025.xlsx_1033,2000011257137048,2025-11-04,bigger_than_expected_fashion,20990.0,PAGO,1 enero 2025 - 1 julio 2025.xlsx,,,2026-05-27 15:01:07.423457,,ajustes,Ajuste por Talla/Garantía,False
ML,POS_107693934277_1 enero 2025 - 1 julio 2025.xlsx_1034,2000011297646142,2025-11-04,undelivered_repentant_buyer,41990.0,PAGO,1 enero 2025 - 1 julio 2025.xlsx,,,2026-05-27 15:01:07.423457,,ajustes,Ajuste por Arrepentimiento,True
ML,POS_107901797876_1 enero 2025 - 1 julio 2025.xlsx_1035,2000011277520588,2025-11-04,smaller_than_expected_fashion,39991.0,PAGO,1 enero 2025 - 1 julio 2025.xlsx,,,2026-05-27 15:01:07.423457,,ajustes,Ajuste por Talla/Garantía,False
ML,POS_107983256480_1 enero 2025 - 1 julio 2025.xlsx_1038,2000011285124266,2025-11-04,dont_want_it_another_cause_fashion,69990.0,PAGO,1 enero 2025 - 1 julio 2025.xlsx,,,2026-05-27 15:01:07.423457,,ajustes,Ajuste por Arrepentimiento,True
ML,POS_107748703572_1 enero 2025 - 1 julio 2025.xlsx_1039,2000011262793612,2025-11-04,bigger_than_expected_fashion,28499.0,PAGO,1 enero 2025 - 1 julio 2025.xlsx,,,2026-05-27 15:01:07.423457,,ajustes,Ajuste por Talla/Garantía,False
ML,POS_107748932338_1 enero 2025 - 1 julio 2025.xlsx_1040,2000011262793612,2025-11-04,bigger_than_expected_fashion,8991.0,PAGO,1 enero 2025 - 1 julio 2025.xlsx,,,2026-05-27 15:01:07.423457,,ajustes,Ajuste por Talla/Garantía,False
ML,POS_107172278322_1 enero 2025 - 1 julio 2025.xlsx_1041,2000011209696666,2025-11-04,smaller_than_expected_fashion,59990.0,PAGO,1 enero 2025 - 1 julio 2025.xlsx,,,2026-05-27 15:01:07.423457,,ajustes,Ajuste por Talla/Garantía,False
ML,POS_106928747387_1 enero 2025 - 1 julio 2025.xlsx_1042,2000011226384528,2025-11-04,smaller_than_expected_fashion,37490.0,PAGO,1 enero 2025 - 1 julio 2025.xlsx,,,2026-05-27 15:01:07.423457,,ajustes,Ajuste por Talla/Garantía,False
ML,POS_107672984440_1 enero 2025 - 1 julio 2025.xlsx_1043,2000011255126132,2025-10-04,bigger_than_expected_fashion,49990.0,PAGO,1 enero 2025 - 1 julio 2025.xlsx,,,2026-05-27 15:01:07.423457,,ajustes,Ajuste por Talla/Garantía,False
ML,POS_107052379666_1 enero 2025 - 1 julio 2025.xlsx_1044,2000011197036612,2025-10-04,bigger_than_expected_fashion,21740.0,PAGO,1 enero 2025 - 1 julio 2025.xlsx,,,2026-05-27 15:01:07.423457,,ajustes,Ajuste por Talla/Garantía,False
ML,POS_107052432812_1 enero 2025 - 1 julio 2025.xlsx_1045,2000011197029510,2025-10-04,dont_want_it_another_cause_fashion,59990.0,PAGO,1 enero 2025 - 1 julio 2025.xlsx,,,2026-05-27 15:01:07.423457,,ajustes,Ajuste por Arrepentimiento,True
ML,POS_107126687451_1 enero 2025 - 1 julio 2025.xlsx_1046,2000011243374332,2025-10-04,item_not_useful_fashion_different_change,29240.0,PAGO,1 enero 2025 - 1 julio 2025.xlsx,,,2026-05-27 15:01:07.423457,,ajustes,Ajuste por Arrepentimiento,True
ML,POS_107144510957_1 enero 2025 - 1 julio 2025.xlsx_1047,2000011245562044,2025-10-04,bigger_than_expected_fashion,19990.0,PAGO,1 enero 2025 - 1 julio 2025.xlsx,,,2026-05-27 15:01:07.423457,,ajustes,Ajuste por Talla/Garantía,False
ML,POS_106944964589_1 enero 2025 - 1 julio 2025.xlsx_1048,2000011227515810,2025-10-04,bigger_than_expected_fashion,49990.0,PAGO,1 enero 2025 - 1 julio 2025.xlsx,,,2026-05-27 15:01:07.423457,,ajustes,Ajuste por Talla/Garantía,False
ML,POS_107430181322_1 enero 2025 - 1 julio 2025.xlsx_1049,2000011232378350,2025-10-04,smaller_than_expected_fashion,21150.0,PAGO,1 enero 2025 - 1 julio 2025.xlsx,,,2026-05-27 15:01:07.423457,,ajustes,Ajuste por Talla/Garantía,False
ML,POS_106576409067_1 enero 2025 - 1 julio 2025.xlsx_1050,2000011191549566,2025-10-04,smaller_than_expected_fashion,24740.0,PAGO,1 enero 2025 - 1 julio 2025.xlsx,,,2026-05-27 15:01:07.423457,,ajustes,Ajuste por Talla/Garantía,False
ML,POS_107576712918_1 enero 2025 - 1 julio 2025.xlsx_1051,2000011246166710,2025-10-04,bigger_than_expected_fashion,7490.0,PAGO,1 enero 2025 - 1 julio 2025.xlsx,,,2026-05-27 15:01:07.423457,,ajustes,Ajuste por Talla/Garantía,False
ML,POS_107712879908_1 enero 2025 - 1 julio 2025.xlsx_1052,2000011259549208,2025-09-04,different_color_or_size_fashion,20990.0,PAGO,1 enero 2025 - 1 julio 2025.xlsx,,,2026-05-27 15:01:07.423457,,ajustes,Ajuste por Diferencia de Publicación,True
ML,POS_107169462074_1 enero 2025 - 1 julio 2025.xlsx_1053,2000011209422008,2025-09-04,bigger_than_expected_fashion,21910.0,PAGO,1 enero 2025 - 1 julio 2025.xlsx,,,2026-05-27 15:01:07.423457,,ajustes,Ajuste por Talla/Garantía,False
ML,POS_107062695073_1 enero 2025 - 1 julio 2025.xlsx_1054,2000011237063338,2025-09-04,bigger_than_expected_fashion,35990.0,PAGO,1 enero 2025 - 1 julio 2025.xlsx,,,2026-05-27 15:01:07.423457,,ajustes,Ajuste por Talla/Garantía,False
ML,POS_107062603449_1 enero 2025 - 1 julio 2025.xlsx_1055,2000011237061664,2025-09-04,bigger_than_expected_fashion,35990.0,PAGO,1 enero 2025 - 1 julio 2025.xlsx,,,2026-05-27 15:01:07.423457,,ajustes,Ajuste por Talla/Garantía,False
ML,POS_107105655125_1 enero 2025 - 1 julio 2025.xlsx_1056,2000011240886720,2025-09-04,not_match_size_guide_fashion,20990.0,PAGO,1 enero 2025 - 1 julio 2025.xlsx,,,2026-05-27 15:01:07.423457,,ajustes,Ajuste por Talla/Garantía,True
ML,POS_107105992617_1 enero 2025 - 1 julio 2025.xlsx_1057,2000011240886720,2025-09-04,not_match_size_guide_fashion,20990.0,PAGO,1 enero 2025 - 1 julio 2025.xlsx,,,2026-05-27 15:01:07.423457,,ajustes,Ajuste por Talla/Garantía,True
ML,POS_107745530936_1 enero 2025 - 1 julio 2025.xlsx_1058,2000011262401812,2025-09-04,bigger_than_expected_fashion,21740.0,PAGO,1 enero 2025 - 1 julio 2025.xlsx,,,2026-05-27 15:01:07.423457,,ajustes,Ajuste por Talla/Garantía,False
ML,POS_107344160463_1 enero 2025 - 1 julio 2025.xlsx_1059,2000011265571494,2025-09-04,smaller_than_expected_fashion,29990.0,PAGO,1 enero 2025 - 1 julio 2025.xlsx,,,2026-05-27 15:01:07.423457,,ajustes,Ajuste por Talla/Garantía,False
ML,POS_107150205020_1 enero 2025 - 1 julio 2025.xlsx_1060,2000011207610280,2025-09-04,bigger_than_expected_fashion,42740.0,PAGO,1 enero 2025 - 1 julio 2025.xlsx,,,2026-05-27 15:01:07.423457,,ajustes,Ajuste por Talla/Garantía,False
ML,POS_107302098655_1 enero 2025 - 1 julio 2025.xlsx_1061,2000011261152626,2025-09-04,smaller_than_expected_fashion,49990.0,PAGO,1 enero 2025 - 1 julio 2025.xlsx,,,2026-05-27 15:01:07.423457,,ajustes,Ajuste por Talla/Garantía,False
ML,POS_107304843329_1 enero 2025 - 1 julio 2025.xlsx_1062,2000011261430682,2025-09-04,bigger_than_expected_fashion,31490.0,PAGO,1 enero 2025 - 1 julio 2025.xlsx,,,2026-05-27 15:01:07.423457,,ajustes,Ajuste por Talla/Garantía,False
ML,POS_107734950166_1 enero 2025 - 1 julio 2025.xlsx_1063,2000011261419514,2025-09-04,smaller_than_expected_fashion,22490.0,PAGO,1 enero 2025 - 1 julio 2025.xlsx,,,2026-05-27 15:01:07.423457,,ajustes,Ajuste por Talla/Garantía,False
ML,POS_106372474364_1 enero 2025 - 1 julio 2025.xlsx_1064,2000011133343428,2025-09-04,bigger_than_expected_fashion,23990.0,PAGO,1 enero 2025 - 1 julio 2025.xlsx,,,2026-05-27 15:01:07.423457,,ajustes,Ajuste por Talla/Garantía,False
ML,POS_106979940749_1 enero 2025 - 1 julio 2025.xlsx_1065,2000011230771586,2025-09-04,bigger_than_expected_fashion,44990.0,PAGO,1 enero 2025 - 1 julio 2025.xlsx,,,2026-05-27 15:01:07.423457,,ajustes,Ajuste por Talla/Garantía,False
ML,POS_106980196393_1 enero 2025 - 1 julio 2025.xlsx_1066,2000011230812712,2025-09-04,bigger_than_expected_fashion,44990.0,PAGO,1 enero 2025 - 1 julio 2025.xlsx,,,2026-05-27 15:01:07.423457,,ajustes,Ajuste por Talla/Garantía,False
ML,POS_106485091113_1 enero 2025 - 1 julio 2025.xlsx_1067,2000011182593636,2025-09-04,dont_want_it_another_cause_fashion,33740.0,PAGO,1 enero 2025 - 1 julio 2025.xlsx,,,2026-05-27 15:01:07.423457,,ajustes,Ajuste por Arrepentimiento,True
ML,POS_106425181269_1 enero 2025 - 1 julio 2025.xlsx_1068,2000011176496572,2025-09-04,bigger_than_expected_fashion,33740.0,PAGO,1 enero 2025 - 1 julio 2025.xlsx,,,2026-05-27 15:01:07.423457,,ajustes,Ajuste por Talla/Garantía,False
ML,POS_107542794344_1 enero 2025 - 1 julio 2025.xlsx_1069,2000011241925046,2025-09-04,dont_want_it_another_cause_fashion,40490.0,PAGO,1 enero 2025 - 1 julio 2025.xlsx,,,2026-05-27 15:01:07.423457,,ajustes,Ajuste por Arrepentimiento,True
ML,POS_106826156825_1 enero 2025 - 1 julio 2025.xlsx_1070,2000011217239828,2025-09-04,smaller_than_expected_fashion,37490.0,PAGO,1 enero 2025 - 1 julio 2025.xlsx,,,2026-05-27 15:01:07.423457,,ajustes,Ajuste por Talla/Garantía,False
ML,POS_107163864872_1 enero 2025 - 1 julio 2025.xlsx_1071,2000011209147818,2025-08-04,bigger_than_expected_fashion,34192.0,PAGO,1 enero 2025 - 1 julio 2025.xlsx,,,2026-05-27 15:01:07.423457,,ajustes,Ajuste por Talla/Garantía,False
ML,POS_107231772051_1 enero 2025 - 1 julio 2025.xlsx_1072,2000011253998494,2025-08-04,bigger_than_expected_fashion,20990.0,PAGO,1 enero 2025 - 1 julio 2025.xlsx,,,2026-05-27 15:01:07.423457,,ajustes,Ajuste por Talla/Garantía,False
ML,POS_107662831668_1 enero 2025 - 1 julio 2025.xlsx_1073,2000011254170272,2025-08-04,dont_want_it_another_cause_fashion,52490.0,PAGO,1 enero 2025 - 1 julio 2025.xlsx,,,2026-05-27 15:01:07.423457,,ajustes,Ajuste por Arrepentimiento,True
ML,POS_106242284129_1 enero 2025 - 1 julio 2025.xlsx_1074,2000011160395634,2025-08-04,bigger_than_expected_fashion,40490.0,PAGO,1 enero 2025 - 1 julio 2025.xlsx,,,2026-05-27 15:01:07.423457,,ajustes,Ajuste por Talla/Garantía,False
ML,POS_107207823341_1 enero 2025 - 1 julio 2025.xlsx_1075,2000011251282534,2025-08-04,bigger_than_expected_fashion,39990.0,PAGO,1 enero 2025 - 1 julio 2025.xlsx,,,2026-05-27 15:01:07.423457,,ajustes,Ajuste por Talla/Garantía,False
ML,POS_106748113967_1 enero 2025 - 1 julio 2025.xlsx_1076,2000011209941914,2025-08-04,bigger_than_expected_fashion,43490.0,PAGO,1 enero 2025 - 1 julio 2025.xlsx,,,2026-05-27 15:01:07.423457,,ajustes,Ajuste por Talla/Garantía,False
ML,POS_106468160465_1 enero 2025 - 1 julio 2025.xlsx_1077,2000011180867748,2025-08-04,dont_want_it_another_cause_fashion,57980.0,PAGO,1 enero 2025 - 1 julio 2025.xlsx,,,2026-05-27 15:01:07.423457,,ajustes,Ajuste por Arrepentimiento,True
ML,POS_107551387498_1 enero 2025 - 1 julio 2025.xlsx_1078,2000011242975270,2025-08-04,delivery_date_was_not_met,33740.0,PAGO,1 enero 2025 - 1 julio 2025.xlsx,,,2026-05-27 15:01:07.423457,,ajustes,Ajuste por Retraso en Entrega,True
ML,POS_107105157423_1 enero 2025 - 1 julio 2025.xlsx_1079,2000011240832750,2025-08-04,undelivered_repentant_buyer,29990.0,PAGO,1 enero 2025 - 1 julio 2025.xlsx,,,2026-05-27 15:01:07.423457,,ajustes,Ajuste por Arrepentimiento,True
ML,POS_106625505895_1 enero 2025 - 1 julio 2025.xlsx_1080,2000011196727010,2025-08-04,different_color_or_size_fashion_change,42740.0,PAGO,1 enero 2025 - 1 julio 2025.xlsx,,,2026-05-27 15:01:07.423457,,ajustes,Ajuste por Diferencia de Publicación,True
ML,POS_106918625849_1 enero 2025 - 1 julio 2025.xlsx_1081,2000011225675600,2025-08-04,delivery_date_was_not_met,22490.0,PAGO,1 enero 2025 - 1 julio 2025.xlsx,,,2026-05-27 15:01:07.423457,,ajustes,Ajuste por Retraso en Entrega,True
ML,POS_106918683295_1 enero 2025 - 1 julio 2025.xlsx_1082,2000011225690088,2025-08-04,delivery_date_was_not_met,22490.0,PAGO,1 enero 2025 - 1 julio 2025.xlsx,,,2026-05-27 15:01:07.423457,,ajustes,Ajuste por Retraso en Entrega,True
ML,POS_105434241087_1 enero 2025 - 1 julio 2025.xlsx_1083,2000011085550068,2025-08-04,bigger_than_expected_fashion,46792.0,PAGO,1 enero 2025 - 1 julio 2025.xlsx,,,2026-05-27 15:01:07.423457,,ajustes,Ajuste por Talla/Garantía,False
ML,POS_107489651850_1 enero 2025 - 1 julio 2025.xlsx_1084,2000011236977074,2025-08-04,not_match_size_guide_fashion,35990.0,PAGO,1 enero 2025 - 1 julio 2025.xlsx,,,2026-05-27 15:01:07.423457,,ajustes,Ajuste por Talla/Garantía,True
ML,POS_107076877907_1 enero 2025 - 1 julio 2025.xlsx_1085,2000011238331588,2025-08-04,undelivered_repentant_buyer,23600.0,PAGO,1 enero 2025 - 1 julio 2025.xlsx,,,2026-05-27 15:01:07.423457,,ajustes,Ajuste por Arrepentimiento,True
ML,POS_107041138603_1 enero 2025 - 1 julio 2025.xlsx_1086,2000011235416826,2025-08-04,smaller_than_expected_fashion,8240.0,PAGO,1 enero 2025 - 1 julio 2025.xlsx,,,2026-05-27 15:01:07.423457,,ajustes,Ajuste por Talla/Garantía,False
ML,POS_107469125480_1 enero 2025 - 1 julio 2025.xlsx_1087,2000011235418730,2025-08-04,smaller_than_expected_fashion,8240.0,PAGO,1 enero 2025 - 1 julio 2025.xlsx,,,2026-05-27 15:01:07.423457,,ajustes,Ajuste por Talla/Garantía,False
ML,POS_107041096927_1 enero 2025 - 1 julio 2025.xlsx_1088,nan,2025-08-04,smaller_than_expected_fashion,2940.0,PAGO,1 enero 2025 - 1 julio 2025.xlsx,,,2026-05-27 15:01:07.423457,,ajustes,Ajuste por Talla/Garantía,False
ML,POS_106541545856_1 enero 2025 - 1 julio 2025.xlsx_1089,2000011150023972,2025-07-04,bigger_than_expected_fashion,21850.0,PAGO,1 enero 2025 - 1 julio 2025.xlsx,,,2026-05-27 15:01:07.423457,,ajustes,Ajuste por Talla/Garantía,False
ML,POS_106586979497_1 enero 2025 - 1 julio 2025.xlsx_1090,2000011192799880,2025-07-04,bigger_than_expected_fashion,41240.0,PAGO,1 enero 2025 - 1 julio 2025.xlsx,,,2026-05-27 15:01:07.423457,,ajustes,Ajuste por Talla/Garantía,False
ML,POS_105721344463_1 enero 2025 - 1 julio 2025.xlsx_1091,2000011109465102,2025-07-04,dont_want_it_another_cause_fashion,25990.0,PAGO,1 enero 2025 - 1 julio 2025.xlsx,,,2026-05-27 15:01:07.423457,,ajustes,Ajuste por Arrepentimiento,True
ML,POS_105025343869_1 enero 2025 - 1 julio 2025.xlsx_1092,2000011045037980,2025-07-04,smaller_than_expected_fashion,23990.0,PAGO,1 enero 2025 - 1 julio 2025.xlsx,,,2026-05-27 15:01:07.423457,,ajustes,Ajuste por Talla/Garantía,False
ML,POS_106959847179_1 enero 2025 - 1 julio 2025.xlsx_1093,2000011228929096,2025-07-04,bigger_than_expected_fashion,48740.0,PAGO,1 enero 2025 - 1 julio 2025.xlsx,,,2026-05-27 15:01:07.423457,,ajustes,Ajuste por Talla/Garantía,False
ML,POS_106398238895_1 enero 2025 - 1 julio 2025.xlsx_1094,2000011174109270,2025-07-04,smaller_than_expected_fashion,26990.0,PAGO,1 enero 2025 - 1 julio 2025.xlsx,,,2026-05-27 15:01:07.423457,,ajustes,Ajuste por Talla/Garantía,False
ML,POS_106398163067_1 enero 2025 - 1 julio 2025.xlsx_1095,2000011174120410,2025-07-04,smaller_than_expected_fashion,22970.0,PAGO,1 enero 2025 - 1 julio 2025.xlsx,,,2026-05-27 15:01:07.423457,,ajustes,Ajuste por Talla/Garantía,False
ML,POS_106821532714_1 enero 2025 - 1 julio 2025.xlsx_1096,2000011174120408,2025-07-04,smaller_than_expected_fashion,18000.0,PAGO,1 enero 2025 - 1 julio 2025.xlsx,,,2026-05-27 15:01:07.423457,,ajustes,Ajuste por Talla/Garantía,False
ML,POS_106398244171_1 enero 2025 - 1 julio 2025.xlsx_1097,2000011174112578,2025-07-04,smaller_than_expected_fashion,26240.0,PAGO,1 enero 2025 - 1 julio 2025.xlsx,,,2026-05-27 15:01:07.423457,,ajustes,Ajuste por Talla/Garantía,False
ML,POS_107105254908_1 enero 2025 - 1 julio 2025.xlsx_1098,2000011202322108,2025-07-04,bigger_than_expected_fashion,25490.0,PAGO,1 enero 2025 - 1 julio 2025.xlsx,,,2026-05-27 15:01:07.423457,,ajustes,Ajuste por Talla/Garantía,False
ML,POS_107621345564_1 enero 2025 - 1 julio 2025.xlsx_1099,2000011249678654,2025-07-04,undelivered_other,48740.0,PAGO,1 enero 2025 - 1 julio 2025.xlsx,,,2026-05-27 15:01:07.423457,,ajustes,Ajuste por Falla en Entrega,True
ML,POS_107192872109_1 enero 2025 - 1 julio 2025.xlsx_1100,2000011249678652,2025-07-04,undelivered_other,56240.0,PAGO,1 enero 2025 - 1 julio 2025.xlsx,,,2026-05-27 15:01:07.423457,,ajustes,Ajuste por Falla en Entrega,True
ML,POS_107192634187_1 enero 2025 - 1 julio 2025.xlsx_1101,2000011249669574,2025-07-04,undelivered_other,56240.0,PAGO,1 enero 2025 - 1 julio 2025.xlsx,,,2026-05-27 15:01:07.423457,,ajustes,Ajuste por Falla en Entrega,True
ML,POS_106672365357_1 enero 2025 - 1 julio 2025.xlsx_1102,2000011201393196,2025-06-04,broken_item_fashion,59990.0,PAGO,1 enero 2025 - 1 julio 2025.xlsx,,,2026-05-27 15:01:07.423457,,ajustes,Ajuste por Producto Dañado/Vacío,False
ML,POS_106785104429_1 enero 2025 - 1 julio 2025.xlsx_1103,2000011213487884,2025-06-04,bigger_than_expected_fashion,20990.0,PAGO,1 enero 2025 - 1 julio 2025.xlsx,,,2026-05-27 15:01:07.423457,,ajustes,Ajuste por Talla/Garantía,False
ML,POS_107088324359_1 enero 2025 - 1 julio 2025.xlsx_1104,2000011239342746,2025-06-04,unauthorized_purchase,52490.0,PAGO,1 enero 2025 - 1 julio 2025.xlsx,,,2026-05-27 15:01:07.423457,,ajustes,Ajuste por Disputa no Respondida,True
ML,POS_107516453614_1 enero 2025 - 1 julio 2025.xlsx_1105,2000011239340960,2025-06-04,unauthorized_purchase,20240.0,PAGO,1 enero 2025 - 1 julio 2025.xlsx,,,2026-05-27 15:01:07.423457,,ajustes,Ajuste por Disputa no Respondida,True
ML,POS_107219080780_1 enero 2025 - 1 julio 2025.xlsx_1106,2000011214322370,2025-05-04,bigger_than_expected_fashion,33740.0,PAGO,1 enero 2025 - 1 julio 2025.xlsx,,,2026-05-27 15:01:07.423457,,ajustes,Ajuste por Talla/Garantía,False
ML,POS_107437833686_1 enero 2025 - 1 julio 2025.xlsx_1107,2000011232927744,2025-05-04,estimated_delivery_out_of_time,35990.0,PAGO,1 enero 2025 - 1 julio 2025.xlsx,,,2026-05-27 15:01:07.423457,,ajustes,Ajuste por Retraso en Entrega,True
ML,POS_106959788219_1 enero 2025 - 1 julio 2025.xlsx_1108,2000011228916834,2025-05-04,undelivered_repentant_buyer,46240.0,PAGO,1 enero 2025 - 1 julio 2025.xlsx,,,2026-05-27 15:01:07.423457,,ajustes,Ajuste por Arrepentimiento,True
ML,POS_107222199756_1 enero 2025 - 1 julio 2025.xlsx_1109,2000011214613372,2025-05-04,smaller_than_expected_fashion,44990.0,PAGO,1 enero 2025 - 1 julio 2025.xlsx,,,2026-05-27 15:01:07.423457,,ajustes,Ajuste por Talla/Garantía,False
ML,POS_107093797596_1 enero 2025 - 1 julio 2025.xlsx_1120,2000011201003536,2025-03-04,bigger_than_expected_fashion,46240.0,PAGO,1 enero 2025 - 1 julio 2025.xlsx,,,2026-05-27 15:01:07.423457,,ajustes,Ajuste por Talla/Garantía,False
ML,POS_106761607815_1 enero 2025 - 1 julio 2025.xlsx_1121,2000011211324346,2025-03-04,undelivered_repentant_buyer,20990.0,PAGO,1 enero 2025 - 1 julio 2025.xlsx,,,2026-05-27 15:01:07.423457,,ajustes,Ajuste por Arrepentimiento,True
ML,POS_106675011891_1 enero 2025 - 1 julio 2025.xlsx_1122,2000011201735916,2025-03-04,bigger_than_expected_fashion,42740.0,PAGO,1 enero 2025 - 1 julio 2025.xlsx,,,2026-05-27 15:01:07.423457,,ajustes,Ajuste por Talla/Garantía,False
ML,POS_107027373034_1 enero 2025 - 1 julio 2025.xlsx_1123,2000011194130222,2025-03-04,different_color_or_size_fashion_change,25990.0,PAGO,1 enero 2025 - 1 julio 2025.xlsx,,,2026-05-27 15:01:07.423457,,ajustes,Ajuste por Diferencia de Publicación,True
ML,POS_106397907909_1 enero 2025 - 1 julio 2025.xlsx_1124,2000011174104102,2025-03-04,bigger_than_expected_fashion,43490.0,PAGO,1 enero 2025 - 1 julio 2025.xlsx,,,2026-05-27 15:01:07.423457,,ajustes,Ajuste por Talla/Garantía,False
ML,POS_106615258565_1 enero 2025 - 1 julio 2025.xlsx_1125,2000011195320012,2025-03-04,bigger_than_expected_fashion,20790.0,PAGO,1 enero 2025 - 1 julio 2025.xlsx,,,2026-05-27 15:01:07.423457,,ajustes,Ajuste por Talla/Garantía,False
ML,POS_105437533191_1 enero 2025 - 1 julio 2025.xlsx_1126,2000011085837108,2025-03-04,bigger_than_expected_fashion,20272.0,PAGO,1 enero 2025 - 1 julio 2025.xlsx,,,2026-05-27 15:01:07.423457,,ajustes,Ajuste por Talla/Garantía,False
ML,POS_106047910525_1 enero 2025 - 1 julio 2025.xlsx_1127,2000011142896728,2025-03-04,smaller_than_expected_fashion,26990.0,PAGO,1 enero 2025 - 1 julio 2025.xlsx,,,2026-05-27 15:01:07.423457,,ajustes,Ajuste por Talla/Garantía,False
ML,POS_106114695572_1 enero 2025 - 1 julio 2025.xlsx_1128,2000011106555078,2025-03-04,smaller_than_expected_fashion,18990.0,PAGO,1 enero 2025 - 1 julio 2025.xlsx,,,2026-05-27 15:01:07.423457,,ajustes,Ajuste por Talla/Garantía,False
ML,POS_106212755189_1 enero 2025 - 1 julio 2025.xlsx_1129,2000011157756938,2025-03-04,bigger_than_expected_fashion,44990.0,PAGO,1 enero 2025 - 1 julio 2025.xlsx,,,2026-05-27 15:01:07.423457,,ajustes,Ajuste por Talla/Garantía,False
ML,POS_106806001358_1 enero 2025 - 1 julio 2025.xlsx_1130,2000011172323168,2025-03-04,bigger_than_expected_fashion,29990.0,PAGO,1 enero 2025 - 1 julio 2025.xlsx,,,2026-05-27 15:01:07.423457,,ajustes,Ajuste por Talla/Garantía,False
ML,POS_106390765963_1 enero 2025 - 1 julio 2025.xlsx_1131,2000011173187786,2025-03-04,dont_want_it_another_cause_fashion,31990.0,PAGO,1 enero 2025 - 1 julio 2025.xlsx,,,2026-05-27 15:01:07.423457,,ajustes,Ajuste por Arrepentimiento,True
ML,POS_107153981744_1 enero 2025 - 1 julio 2025.xlsx_1132,2000011208222854,2025-03-04,undelivered_repentant_buyer,28490.0,PAGO,1 enero 2025 - 1 julio 2025.xlsx,,,2026-05-27 15:01:07.423457,,ajustes,Ajuste por Arrepentimiento,True
ML,POS_106437065895_1 enero 2025 - 1 julio 2025.xlsx_1133,2000011177629798,2025-03-04,dont_want_it_another_cause_fashion,19490.0,PAGO,1 enero 2025 - 1 julio 2025.xlsx,,,2026-05-27 15:01:07.423457,,ajustes,Ajuste por Arrepentimiento,True
ML,POS_106437214559_1 enero 2025 - 1 julio 2025.xlsx_1134,2000011177627886,2025-03-04,smaller_than_expected_fashion,23990.0,PAGO,1 enero 2025 - 1 julio 2025.xlsx,,,2026-05-27 15:01:07.423457,,ajustes,Ajuste por Talla/Garantía,False
ML,POS_106575250657_1 enero 2025 - 1 julio 2025.xlsx_1135,2000011191414378,2025-03-04,different_color_or_size_fashion_change,42740.0,PAGO,1 enero 2025 - 1 julio 2025.xlsx,,,2026-05-27 15:01:07.423457,,ajustes,Ajuste por Diferencia de Publicación,True
ML,POS_106759255634_1 enero 2025 - 1 julio 2025.xlsx_1136,2000011167683538,2025-02-04,smaller_than_expected_fashion,59990.0,PAGO,1 enero 2025 - 1 julio 2025.xlsx,,,2026-05-27 15:01:07.423457,,ajustes,Ajuste por Talla/Garantía,False
ML,POS_106822700856_1 enero 2025 - 1 julio 2025.xlsx_1137,2000011174225334,2025-02-04,bigger_than_expected_fashion,29990.0,PAGO,1 enero 2025 - 1 julio 2025.xlsx,,,2026-05-27 15:01:07.423457,,ajustes,Ajuste por Talla/Garantía,False
ML,POS_105589056319_1 enero 2025 - 1 julio 2025.xlsx_1138,2000011098155332,2025-02-04,bigger_than_expected_fashion,50692.0,PAGO,1 enero 2025 - 1 julio 2025.xlsx,,,2026-05-27 15:01:07.423457,,ajustes,Ajuste por Talla/Garantía,False
ML,POS_106433399741_1 enero 2025 - 1 julio 2025.xlsx_1139,2000011177242848,2025-02-04,smaller_than_expected_fashion,40490.0,PAGO,1 enero 2025 - 1 julio 2025.xlsx,,,2026-05-27 15:01:07.423457,,ajustes,Ajuste por Talla/Garantía,False
ML,POS_105775685366_1 enero 2025 - 1 julio 2025.xlsx_1140,2000011078648084,2025-02-04,bigger_than_expected_fashion,15990.0,PAGO,1 enero 2025 - 1 julio 2025.xlsx,,,2026-05-27 15:01:07.423457,,ajustes,Ajuste por Talla/Garantía,False
ML,POS_106532196433_1 enero 2025 - 1 julio 2025.xlsx_1141,2000011187501408,2025-02-04,bigger_than_expected_fashion,44990.0,PAGO,1 enero 2025 - 1 julio 2025.xlsx,,,2026-05-27 15:01:07.423457,,ajustes,Ajuste por Talla/Garantía,False
ML,POS_106956467972_1 enero 2025 - 1 julio 2025.xlsx_1142,2000011187505178,2025-02-04,bigger_than_expected_fashion,25990.0,PAGO,1 enero 2025 - 1 julio 2025.xlsx,,,2026-05-27 15:01:07.423457,,ajustes,Ajuste por Talla/Garantía,False
ML,POS_106296209411_1 enero 2025 - 1 julio 2025.xlsx_1143,2000011164646970,2025-02-04,smaller_than_expected_fashion,18120.0,PAGO,1 enero 2025 - 1 julio 2025.xlsx,,,2026-05-27 15:01:07.423457,,ajustes,Ajuste por Talla/Garantía,False
ML,POS_107068875144_1 enero 2025 - 1 julio 2025.xlsx_1144,2000011198493630,2025-02-04,undelivered_other,56240.0,PAGO,1 enero 2025 - 1 julio 2025.xlsx,,,2026-05-27 15:01:07.423457,,ajustes,Ajuste por Falla en Entrega,True
ML,POS_106500020773_1 enero 2025 - 1 julio 2025.xlsx_1145,2000011184100498,2025-02-04,bigger_than_expected_fashion,59990.0,PAGO,1 enero 2025 - 1 julio 2025.xlsx,,,2026-05-27 15:01:07.423457,,ajustes,Ajuste por Talla/Garantía,False
ML,POS_106999491684_1 enero 2025 - 1 julio 2025.xlsx_1146,2000011191309172,2025-02-04,smaller_than_expected_fashion,16490.0,PAGO,1 enero 2025 - 1 julio 2025.xlsx,,,2026-05-27 15:01:07.423457,,ajustes,Ajuste por Talla/Garantía,False
ML,POS_106600280130_1 enero 2025 - 1 julio 2025.xlsx_1147,2000011154811930,2025-02-04,dont_want_it_another_cause_fashion,26990.0,PAGO,1 enero 2025 - 1 julio 2025.xlsx,,,2026-05-27 15:01:07.423457,,ajustes,Ajuste por Arrepentimiento,True
ML,POS_106664578468_1 enero 2025 - 1 julio 2025.xlsx_1148,2000011160338624,2025-02-04,bigger_than_expected_fashion,26240.0,PAGO,1 enero 2025 - 1 julio 2025.xlsx,,,2026-05-27 15:01:07.423457,,ajustes,Ajuste por Talla/Garantía,False
ML,POS_104372961937_1 enero 2025 - 1 julio 2025.xlsx_1149,2000010983678676,2025-02-04,smaller_than_expected_fashion,13990.0,PAGO,1 enero 2025 - 1 julio 2025.xlsx,,,2026-05-27 15:01:07.423457,,ajustes,Ajuste por Talla/Garantía,False
ML,POS_105051702696_1 enero 2025 - 1 julio 2025.xlsx_1150,2000011009969788,2025-02-04,bigger_than_expected_fashion,22990.0,PAGO,1 enero 2025 - 1 julio 2025.xlsx,,,2026-05-27 15:01:07.423457,,ajustes,Ajuste por Talla/Garantía,False
ML,POS_106394149747_1 enero 2025 - 1 julio 2025.xlsx_1151,2000011173634452,2025-02-04,bigger_than_expected_fashion,42740.0,PAGO,1 enero 2025 - 1 julio 2025.xlsx,,,2026-05-27 15:01:07.423457,,ajustes,Ajuste por Talla/Garantía,False
ML,POS_106432167795_1 enero 2025 - 1 julio 2025.xlsx_1152,2000011177121256,2025-01-04,bigger_than_expected_fashion,34792.0,PAGO,1 enero 2025 - 1 julio 2025.xlsx,,,2026-05-27 15:01:07.423457,,ajustes,Ajuste por Talla/Garantía,False
ML,POS_106936367132_1 enero 2025 - 1 julio 2025.xlsx_1153,2000011185884654,2025-01-04,smaller_than_expected_fashion,16990.0,PAGO,1 enero 2025 - 1 julio 2025.xlsx,,,2026-05-27 15:01:07.423457,,ajustes,Ajuste por Talla/Garantía,False
ML,POS_106512330749_1 enero 2025 - 1 julio 2025.xlsx_1154,2000011185878012,2025-01-04,smaller_than_expected_fashion,11990.0,PAGO,1 enero 2025 - 1 julio 2025.xlsx,,,2026-05-27 15:01:07.423457,,ajustes,Ajuste por Talla/Garantía,False
ML,POS_106936341298_1 enero 2025 - 1 julio 2025.xlsx_1155,2000011185884656,2025-01-04,smaller_than_expected_fashion,20030.0,PAGO,1 enero 2025 - 1 julio 2025.xlsx,,,2026-05-27 15:01:07.423457,,ajustes,Ajuste por Talla/Garantía,False
ML,POS_106936398900_1 enero 2025 - 1 julio 2025.xlsx_1156,2000011185884658,2025-01-04,smaller_than_expected_fashion,21990.0,PAGO,1 enero 2025 - 1 julio 2025.xlsx,,,2026-05-27 15:01:07.423457,,ajustes,Ajuste por Talla/Garantía,False
ML,POS_106512308981_1 enero 2025 - 1 julio 2025.xlsx_1157,2000011185883388,2025-01-04,smaller_than_expected_fashion,16880.0,PAGO,1 enero 2025 - 1 julio 2025.xlsx,,,2026-05-27 15:01:07.423457,,ajustes,Ajuste por Talla/Garantía,False
ML,POS_106512314943_1 enero 2025 - 1 julio 2025.xlsx_1158,2000011185883386,2025-01-04,smaller_than_expected_fashion,19490.0,PAGO,1 enero 2025 - 1 julio 2025.xlsx,,,2026-05-27 15:01:07.423457,,ajustes,Ajuste por Talla/Garantía,False
ML,POS_106936349238_1 enero 2025 - 1 julio 2025.xlsx_1159,2000011185884660,2025-01-04,smaller_than_expected_fashion,16990.0,PAGO,1 enero 2025 - 1 julio 2025.xlsx,,,2026-05-27 15:01:07.423457,,ajustes,Ajuste por Talla/Garantía,False
ML,POS_106936291722_1 enero 2025 - 1 julio 2025.xlsx_1160,2000011185883384,2025-01-04,smaller_than_expected_fashion,15300.0,PAGO,1 enero 2025 - 1 julio 2025.xlsx,,,2026-05-27 15:01:07.423457,,ajustes,Ajuste por Talla/Garantía,False
ML,POS_106628719938_1 enero 2025 - 1 julio 2025.xlsx_1161,2000011157323332,2025-01-04,smaller_than_expected_fashion,18000.0,PAGO,1 enero 2025 - 1 julio 2025.xlsx,,,2026-05-27 15:01:07.423457,,ajustes,Ajuste por Talla/Garantía,False
ML,POS_106807212810_1 enero 2025 - 1 julio 2025.xlsx_1162,2000011172474750,2025-01-04,smaller_than_expected_fashion,19940.0,PAGO,1 enero 2025 - 1 julio 2025.xlsx,,,2026-05-27 15:01:07.423457,,ajustes,Ajuste por Talla/Garantía,False
ML,POS_106617626797_1 enero 2025 - 1 julio 2025.xlsx_1163,2000011195616572,2025-01-04,undelivered_repentant_buyer,41240.0,PAGO,1 enero 2025 - 1 julio 2025.xlsx,,,2026-05-27 15:01:07.423457,,ajustes,Ajuste por Arrepentimiento,True
ML,POS_106932739976_1 enero 2025 - 1 julio 2025.xlsx_1164,2000011185306738,2025-01-04,bigger_than_expected_fashion,20990.0,PAGO,1 enero 2025 - 1 julio 2025.xlsx,,,2026-05-27 15:01:07.423457,,ajustes,Ajuste por Talla/Garantía,False
ML,POS_106883657406_1 enero 2025 - 1 julio 2025.xlsx_1165,2000011179866802,2025-01-04,different_color_or_size_fashion_change,33740.0,PAGO,1 enero 2025 - 1 julio 2025.xlsx,,,2026-05-27 15:01:07.423457,,ajustes,Ajuste por Diferencia de Publicación,True
ML,POS_106282202347_1 enero 2025 - 1 julio 2025.xlsx_1166,2000011163394834,2025-01-04,bigger_than_expected_fashion,56240.0,PAGO,1 enero 2025 - 1 julio 2025.xlsx,,,2026-05-27 15:01:07.423457,,ajustes,Ajuste por Talla/Garantía,False
ML,POS_106633494108_1 enero 2025 - 1 julio 2025.xlsx_1167,2000011157575828,2025-01-04,bigger_than_expected_fashion,49990.0,PAGO,1 enero 2025 - 1 julio 2025.xlsx,,,2026-05-27 15:01:07.423457,,ajustes,Ajuste por Talla/Garantía,False
ML,POS_106262979053_1 enero 2025 - 1 julio 2025.xlsx_1168,2000011161941148,2025-01-04,bigger_than_expected_fashion,35990.0,PAGO,1 enero 2025 - 1 julio 2025.xlsx,,,2026-05-27 15:01:07.423457,,ajustes,Ajuste por Talla/Garantía,False
ML,POS_106685777522_1 enero 2025 - 1 julio 2025.xlsx_1169,2000011161941042,2025-01-04,bigger_than_expected_fashion,52490.0,PAGO,1 enero 2025 - 1 julio 2025.xlsx,,,2026-05-27 15:01:07.423457,,ajustes,Ajuste por Talla/Garantía,False
ML,POS_106362573005_1 enero 2025 - 1 julio 2025.xlsx_1170,2000011169960046,2025-01-04,dont_want_it_another_cause_fashion,26240.0,PAGO,1 enero 2025 - 1 julio 2025.xlsx,,,2026-05-27 15:01:07.423457,,ajustes,Ajuste por Arrepentimiento,True
ML,POS_106365517347_1 enero 2025 - 1 julio 2025.xlsx_1171,2000011170199302,2025-01-04,dont_want_it_another_cause_fashion,26240.0,PAGO,1 enero 2025 - 1 julio 2025.xlsx,,,2026-05-27 15:01:07.423457,,ajustes,Ajuste por Arrepentimiento,True
ML,POS_106365450301_1 enero 2025 - 1 julio 2025.xlsx_1172,2000011170216386,2025-01-04,dont_want_it_another_cause_fashion,25990.0,PAGO,1 enero 2025 - 1 julio 2025.xlsx,,,2026-05-27 15:01:07.423457,,ajustes,Ajuste por Arrepentimiento,True
ML,POS_106671557618_1 enero 2025 - 1 julio 2025.xlsx_1173,2000011160924572,2025-01-04,delivered_but_not_receive_package,17740.0,PAGO,1 enero 2025 - 1 julio 2025.xlsx,,,2026-05-27 15:01:07.423457,,ajustes,Ajuste por Falla en Entrega,True
ML,POS_106671652418_1 enero 2025 - 1 julio 2025.xlsx_1174,2000011160924572,2025-01-04,delivered_but_not_receive_package,22000.0,PAGO,1 enero 2025 - 1 julio 2025.xlsx,,,2026-05-27 15:01:07.423457,,ajustes,Ajuste por Falla en Entrega,True
ML,POS_106195500725_1 enero 2025 - 1 julio 2025.xlsx_1175,2000011156551020,2025-01-04,bigger_than_expected_fashion,37990.0,PAGO,1 enero 2025 - 1 julio 2025.xlsx,,,2026-05-27 15:01:07.423457,,ajustes,Ajuste por Talla/Garantía,False
ML,POS_106798113806_1 enero 2025 - 1 julio 2025.xlsx_1176,2000011171309776,2025-01-04,bigger_than_expected_fashion,40490.0,PAGO,1 enero 2025 - 1 julio 2025.xlsx,,,2026-05-27 15:01:07.423457,,ajustes,Ajuste por Talla/Garantía,False
ML,POS_106280199621_1 enero 2025 - 1 julio 2025.xlsx_1177,2000011163240526,2025-01-04,different_item_other,59990.0,PAGO,1 enero 2025 - 1 julio 2025.xlsx,,,2026-05-27 15:01:07.423457,,ajustes,Ajuste por Diferencia de Publicación,True
ML,POS_106532245517_1 enero 2025 - 1 julio 2025.xlsx_1178,2000011187518408,2025-01-04,undelivered_repentant_buyer,20240.0,PAGO,1 enero 2025 - 1 julio 2025.xlsx,,,2026-05-27 15:01:07.423457,,ajustes,Ajuste por Arrepentimiento,True
ML,POS_106532223627_1 enero 2025 - 1 julio 2025.xlsx_1179,2000011187518406,2025-01-04,undelivered_repentant_buyer,20240.0,PAGO,1 enero 2025 - 1 julio 2025.xlsx,,,2026-05-27 15:01:07.423457,,ajustes,Ajuste por Arrepentimiento,True
ML,POS_106532231597_1 enero 2025 - 1 julio 2025.xlsx_1180,2000011187513326,2025-01-04,undelivered_repentant_buyer,20240.0,PAGO,1 enero 2025 - 1 julio 2025.xlsx,,,2026-05-27 15:01:07.423457,,ajustes,Ajuste por Arrepentimiento,True
ML,POS_104364490148_1 enero 2025 - 1 julio 2025.xlsx_1369,2000010946737172,2025-12-03,dont_want_it_another_cause_fashion,25990.0,PAGO,1 enero 2025 - 1 julio 2025.xlsx,,,2026-05-27 15:01:07.423457,,ajustes,Ajuste por Arrepentimiento,True
ML,POS_103959531013_1 enero 2025 - 1 julio 2025.xlsx_1370,2000010946739104,2025-12-03,dont_want_it_another_cause_fashion,29990.0,PAGO,1 enero 2025 - 1 julio 2025.xlsx,,,2026-05-27 15:01:07.423457,,ajustes,Ajuste por Arrepentimiento,True
ML,POS_104614905986_1 enero 2025 - 1 julio 2025.xlsx_1371,2000010966683204,2025-12-03,bigger_than_expected_fashion,15990.0,PAGO,1 enero 2025 - 1 julio 2025.xlsx,,,2026-05-27 15:01:07.423457,,ajustes,Ajuste por Talla/Garantía,False
ML,POS_104615042358_1 enero 2025 - 1 julio 2025.xlsx_1372,2000010966675516,2025-12-03,bigger_than_expected_fashion,20990.0,PAGO,1 enero 2025 - 1 julio 2025.xlsx,,,2026-05-27 15:01:07.423457,,ajustes,Ajuste por Talla/Garantía,False
ML,POS_104405191339_1 enero 2025 - 1 julio 2025.xlsx_1373,2000010986343626,2025-12-03,bigger_than_expected_fashion,21390.0,PAGO,1 enero 2025 - 1 julio 2025.xlsx,,,2026-05-27 15:01:07.423457,,ajustes,Ajuste por Talla/Garantía,False
ML,POS_103528902742_1 enero 2025 - 1 julio 2025.xlsx_1374,2000010871462500,2025-11-03,dont_want_it_another_cause_fashion,17990.0,PAGO,1 enero 2025 - 1 julio 2025.xlsx,,,2026-05-27 15:01:07.423457,,ajustes,Ajuste por Arrepentimiento,True
ML,POS_103528892806_1 enero 2025 - 1 julio 2025.xlsx_1375,2000010871456824,2025-11-03,dont_want_it_another_cause_fashion,9990.0,PAGO,1 enero 2025 - 1 julio 2025.xlsx,,,2026-05-27 15:01:07.423457,,ajustes,Ajuste por Arrepentimiento,True
ML,POS_103528855878_1 enero 2025 - 1 julio 2025.xlsx_1376,2000010871462502,2025-11-03,dont_want_it_another_cause_fashion,17990.0,PAGO,1 enero 2025 - 1 julio 2025.xlsx,,,2026-05-27 15:01:07.423457,,ajustes,Ajuste por Arrepentimiento,True
ML,POS_104450821670_1 enero 2025 - 1 julio 2025.xlsx_1377,2000010953695010,2025-11-03,not_match_size_guide_fashion,44990.0,PAGO,1 enero 2025 - 1 julio 2025.xlsx,,,2026-05-27 15:01:07.423457,,ajustes,Ajuste por Talla/Garantía,True
ML,POS_104801792986_1 enero 2025 - 1 julio 2025.xlsx_1378,2000010985372948,2025-11-03,different_color_or_size_fashion_change,31990.0,PAGO,1 enero 2025 - 1 julio 2025.xlsx,,,2026-05-27 15:01:07.423457,,ajustes,Ajuste por Diferencia de Publicación,True
ML,POS_104306548259_1 enero 2025 - 1 julio 2025.xlsx_1379,2000010976255328,2025-11-03,smaller_than_expected_fashion,61990.0,PAGO,1 enero 2025 - 1 julio 2025.xlsx,,,2026-05-27 15:01:07.423457,,ajustes,Ajuste por Talla/Garantía,False
ML,POS_104142483644_1 enero 2025 - 1 julio 2025.xlsx_1380,2000010925689242,2025-11-03,bigger_than_expected_fashion,16990.0,PAGO,1 enero 2025 - 1 julio 2025.xlsx,,,2026-05-27 15:01:07.423457,,ajustes,Ajuste por Talla/Garantía,False
ML,POS_104386999796_1 enero 2025 - 1 julio 2025.xlsx_1381,2000010948197860,2025-11-03,dont_want_it_another_cause_fashion,9990.0,PAGO,1 enero 2025 - 1 julio 2025.xlsx,,,2026-05-27 15:01:07.423457,,ajustes,Ajuste por Arrepentimiento,True
ML,POS_104321986536_1 enero 2025 - 1 julio 2025.xlsx_1382,2000010942507816,2025-10-03,bigger_than_expected_fashion,31990.0,PAGO,1 enero 2025 - 1 julio 2025.xlsx,,,2026-05-27 15:01:07.423457,,ajustes,Ajuste por Talla/Garantía,False
ML,POS_104321919252_1 enero 2025 - 1 julio 2025.xlsx_1383,2000010942510876,2025-10-03,bigger_than_expected_fashion,21990.0,PAGO,1 enero 2025 - 1 julio 2025.xlsx,,,2026-05-27 15:01:07.423457,,ajustes,Ajuste por Talla/Garantía,False
ML,POS_104236696533_1 enero 2025 - 1 julio 2025.xlsx_1384,2000010969840150,2025-10-03,undelivered_repentant_buyer,15990.0,PAGO,1 enero 2025 - 1 julio 2025.xlsx,,,2026-05-27 15:01:07.423457,,ajustes,Ajuste por Arrepentimiento,True
ML,POS_104642734332_1 enero 2025 - 1 julio 2025.xlsx_1385,2000010969836416,2025-10-03,undelivered_repentant_buyer,15990.0,PAGO,1 enero 2025 - 1 julio 2025.xlsx,,,2026-05-27 15:01:07.423457,,ajustes,Ajuste por Arrepentimiento,True
ML,POS_104642738350_1 enero 2025 - 1 julio 2025.xlsx_1386,2000010969840152,2025-10-03,undelivered_repentant_buyer,15990.0,PAGO,1 enero 2025 - 1 julio 2025.xlsx,,,2026-05-27 15:01:07.423457,,ajustes,Ajuste por Arrepentimiento,True
ML,POS_104236849851_1 enero 2025 - 1 julio 2025.xlsx_1387,2000010969846586,2025-09-03,undelivered_repentant_buyer,39990.0,PAGO,1 enero 2025 - 1 julio 2025.xlsx,,,2026-05-27 15:01:07.423457,,ajustes,Ajuste por Arrepentimiento,True
ML,POS_103965000576_1 enero 2025 - 1 julio 2025.xlsx_1388,2000010907563782,2025-09-03,smaller_than_expected_fashion,35990.0,PAGO,1 enero 2025 - 1 julio 2025.xlsx,,,2026-05-27 15:01:07.423457,,ajustes,Ajuste por Talla/Garantía,False
ML,POS_103964885904_1 enero 2025 - 1 julio 2025.xlsx_1389,2000010907572242,2025-09-03,smaller_than_expected_fashion,28990.0,PAGO,1 enero 2025 - 1 julio 2025.xlsx,,,2026-05-27 15:01:07.423457,,ajustes,Ajuste por Talla/Garantía,False
ML,POS_103604315239_1 enero 2025 - 1 julio 2025.xlsx_1390,2000010911291666,2025-08-03,bigger_than_expected_fashion,20990.0,PAGO,1 enero 2025 - 1 julio 2025.xlsx,,,2026-05-27 15:01:07.423457,,ajustes,Ajuste por Talla/Garantía,False
ML,POS_101537680545_1 enero 2025 - 1 julio 2025.xlsx_1391,2000010714054754,2025-08-03,different_color_or_size_fashion_change,22990.0,PAGO,1 enero 2025 - 1 julio 2025.xlsx,,,2026-05-27 15:01:07.423457,,ajustes,Ajuste por Diferencia de Publicación,True
ML,POS_103926836821_1 enero 2025 - 1 julio 2025.xlsx_1392,2000010943317212,2025-08-03,bigger_than_expected_fashion,31990.0,PAGO,1 enero 2025 - 1 julio 2025.xlsx,,,2026-05-27 15:01:07.423457,,ajustes,Ajuste por Talla/Garantía,False
ML,POS_103947254187_1 enero 2025 - 1 julio 2025.xlsx_1393,2000010945130806,2025-08-03,smaller_than_expected_fashion,28990.0,PAGO,1 enero 2025 - 1 julio 2025.xlsx,,,2026-05-27 15:01:07.423457,,ajustes,Ajuste por Talla/Garantía,False
ML,POS_103570567753_1 enero 2025 - 1 julio 2025.xlsx_1394,2000010908406370,2025-08-03,smaller_than_expected_fashion,49990.0,PAGO,1 enero 2025 - 1 julio 2025.xlsx,,,2026-05-27 15:01:07.423457,,ajustes,Ajuste por Talla/Garantía,False
ML,POS_104379218746_1 enero 2025 - 1 julio 2025.xlsx_1395,2000010947744220,2025-08-03,bigger_than_expected_fashion,14990.0,PAGO,1 enero 2025 - 1 julio 2025.xlsx,,,2026-05-27 15:01:07.423457,,ajustes,Ajuste por Talla/Garantía,False
ML,POS_103974321699_1 enero 2025 - 1 julio 2025.xlsx_1396,2000010947735628,2025-08-03,bigger_than_expected_fashion,12990.0,PAGO,1 enero 2025 - 1 julio 2025.xlsx,,,2026-05-27 15:01:07.423457,,ajustes,Ajuste por Talla/Garantía,False
ML,POS_103974321695_1 enero 2025 - 1 julio 2025.xlsx_1397,2000010947744218,2025-08-03,bigger_than_expected_fashion,14990.0,PAGO,1 enero 2025 - 1 julio 2025.xlsx,,,2026-05-27 15:01:07.423457,,ajustes,Ajuste por Talla/Garantía,False
ML,POS_103938322503_1 enero 2025 - 1 julio 2025.xlsx_1398,2000010944304744,2025-08-03,smaller_than_expected_fashion,28990.0,PAGO,1 enero 2025 - 1 julio 2025.xlsx,,,2026-05-27 15:01:07.423457,,ajustes,Ajuste por Talla/Garantía,False
ML,POS_103938173571_1 enero 2025 - 1 julio 2025.xlsx_1399,2000010944308286,2025-08-03,smaller_than_expected_fashion,35990.0,PAGO,1 enero 2025 - 1 julio 2025.xlsx,,,2026-05-27 15:01:07.423457,,ajustes,Ajuste por Talla/Garantía,False
ML,POS_103444996575_1 enero 2025 - 1 julio 2025.xlsx_1400,2000010898242628,2025-07-03,smaller_than_expected_fashion,26990.0,PAGO,1 enero 2025 - 1 julio 2025.xlsx,,,2026-05-27 15:01:07.423457,,ajustes,Ajuste por Talla/Garantía,False
ML,POS_104246408290_1 enero 2025 - 1 julio 2025.xlsx_1401,2000010935417706,2025-07-03,bigger_than_expected_fashion,20990.0,PAGO,1 enero 2025 - 1 julio 2025.xlsx,,,2026-05-27 15:01:07.423457,,ajustes,Ajuste por Talla/Garantía,False
ML,POS_103779221511_1 enero 2025 - 1 julio 2025.xlsx_1402,2000010928651088,2025-06-03,different_color_or_size_fashion,27990.0,PAGO,1 enero 2025 - 1 julio 2025.xlsx,,,2026-05-27 15:01:07.423457,,ajustes,Ajuste por Diferencia de Publicación,True
ML,POS_104302268438_1 enero 2025 - 1 julio 2025.xlsx_1403,2000010940284372,2025-06-03,undelivered_repentant_buyer,31990.0,PAGO,1 enero 2025 - 1 julio 2025.xlsx,,,2026-05-27 15:01:07.423457,,ajustes,Ajuste por Arrepentimiento,True
ML,POS_104034005026_1 enero 2025 - 1 julio 2025.xlsx_1404,2000010914348142,2025-06-03,broken_item_fashion,61990.0,PAGO,1 enero 2025 - 1 julio 2025.xlsx,,,2026-05-27 15:01:07.423457,,ajustes,Ajuste por Producto Dañado/Vacío,False
ML,POS_104006809674_1 enero 2025 - 1 julio 2025.xlsx_1405,2000010911293496,2025-06-03,smaller_than_expected_fashion,25990.0,PAGO,1 enero 2025 - 1 julio 2025.xlsx,,,2026-05-27 15:01:07.423457,,ajustes,Ajuste por Talla/Garantía,False
ML,POS_103766272654_1 enero 2025 - 1 julio 2025.xlsx_1406,2000010892490348,2025-06-03,smaller_than_expected_fashion,28990.0,PAGO,1 enero 2025 - 1 julio 2025.xlsx,,,2026-05-27 15:01:07.423457,,ajustes,Ajuste por Talla/Garantía,False
ML,POS_104175024000_1 enero 2025 - 1 julio 2025.xlsx_1407,2000010927996020,2025-06-03,smaller_than_expected_fashion,21990.0,PAGO,1 enero 2025 - 1 julio 2025.xlsx,,,2026-05-27 15:01:07.423457,,ajustes,Ajuste por Talla/Garantía,False
ML,POS_104072650580_1 enero 2025 - 1 julio 2025.xlsx_1408,2000010918063856,2025-06-03,bigger_than_expected_fashion,24990.0,PAGO,1 enero 2025 - 1 julio 2025.xlsx,,,2026-05-27 15:01:07.423457,,ajustes,Ajuste por Talla/Garantía,False
ML,POS_103969420814_1 enero 2025 - 1 julio 2025.xlsx_1409,2000010908048800,2025-05-03,smaller_than_expected_fashion,12990.0,PAGO,1 enero 2025 - 1 julio 2025.xlsx,,,2026-05-27 15:01:07.423457,,ajustes,Ajuste por Talla/Garantía,False
ML,POS_103567318915_1 enero 2025 - 1 julio 2025.xlsx_1410,2000010908044914,2025-05-03,smaller_than_expected_fashion,10990.0,PAGO,1 enero 2025 - 1 julio 2025.xlsx,,,2026-05-27 15:01:07.423457,,ajustes,Ajuste por Talla/Garantía,False
ML,POS_102865049660_1 enero 2025 - 1 julio 2025.xlsx_1411,2000010807382736,2025-05-03,dont_want_it_another_cause_fashion,31990.0,PAGO,1 enero 2025 - 1 julio 2025.xlsx,,,2026-05-27 15:01:07.423457,,ajustes,Ajuste por Arrepentimiento,True
ML,POS_103676945155_1 enero 2025 - 1 julio 2025.xlsx_1412,2000010918763464,2025-05-03,bigger_than_expected_fashion,24990.0,PAGO,1 enero 2025 - 1 julio 2025.xlsx,,,2026-05-27 15:01:07.423457,,ajustes,Ajuste por Talla/Garantía,False
ML,POS_103676849683_1 enero 2025 - 1 julio 2025.xlsx_1413,2000010918759734,2025-05-03,bigger_than_expected_fashion,6990.0,PAGO,1 enero 2025 - 1 julio 2025.xlsx,,,2026-05-27 15:01:07.423457,,ajustes,Ajuste por Talla/Garantía,False
ML,POS_103676889421_1 enero 2025 - 1 julio 2025.xlsx_1414,2000010918763466,2025-05-03,bigger_than_expected_fashion,14990.0,PAGO,1 enero 2025 - 1 julio 2025.xlsx,,,2026-05-27 15:01:07.423457,,ajustes,Ajuste por Talla/Garantía,False
ML,POS_103676965065_1 enero 2025 - 1 julio 2025.xlsx_1415,2000010918763462,2025-05-03,bigger_than_expected_fashion,9990.0,PAGO,1 enero 2025 - 1 julio 2025.xlsx,,,2026-05-27 15:01:07.423457,,ajustes,Ajuste por Talla/Garantía,False
ML,POS_103676929265_1 enero 2025 - 1 julio 2025.xlsx_1416,2000010918768790,2025-05-03,bigger_than_expected_fashion,13990.0,PAGO,1 enero 2025 - 1 julio 2025.xlsx,,,2026-05-27 15:01:07.423457,,ajustes,Ajuste por Talla/Garantía,False
ML,POS_103676915301_1 enero 2025 - 1 julio 2025.xlsx_1417,2000010918763460,2025-05-03,bigger_than_expected_fashion,15990.0,PAGO,1 enero 2025 - 1 julio 2025.xlsx,,,2026-05-27 15:01:07.423457,,ajustes,Ajuste por Talla/Garantía,False
ML,POS_103677006657_1 enero 2025 - 1 julio 2025.xlsx_1418,2000010918772290,2025-05-03,bigger_than_expected_fashion,12990.0,PAGO,1 enero 2025 - 1 julio 2025.xlsx,,,2026-05-27 15:01:07.423457,,ajustes,Ajuste por Talla/Garantía,False
ML,POS_103611149257_1 enero 2025 - 1 julio 2025.xlsx_1419,2000010912074166,2025-05-03,estimated_delivery_out_of_time,10990.0,PAGO,1 enero 2025 - 1 julio 2025.xlsx,,,2026-05-27 15:01:07.423457,,ajustes,Ajuste por Retraso en Entrega,True
ML,POS_103611171037_1 enero 2025 - 1 julio 2025.xlsx_1420,2000010912066864,2025-05-03,estimated_delivery_out_of_time,9990.0,PAGO,1 enero 2025 - 1 julio 2025.xlsx,,,2026-05-27 15:01:07.423457,,ajustes,Ajuste por Retraso en Entrega,True
ML,POS_103892828612_1 enero 2025 - 1 julio 2025.xlsx_1421,2000010901327542,2025-04-03,bigger_than_expected_fashion,26990.0,PAGO,1 enero 2025 - 1 julio 2025.xlsx,,,2026-05-27 15:01:07.423457,,ajustes,Ajuste por Talla/Garantía,False
ML,POS_103491078643_1 enero 2025 - 1 julio 2025.xlsx_1422,2000010901336164,2025-04-03,bigger_than_expected_fashion,18990.0,PAGO,1 enero 2025 - 1 julio 2025.xlsx,,,2026-05-27 15:01:07.423457,,ajustes,Ajuste por Talla/Garantía,False
ML,POS_103491033227_1 enero 2025 - 1 julio 2025.xlsx_1423,2000010901327540,2025-04-03,bigger_than_expected_fashion,9990.0,PAGO,1 enero 2025 - 1 julio 2025.xlsx,,,2026-05-27 15:01:07.423457,,ajustes,Ajuste por Talla/Garantía,False
ML,POS_103684570797_1 enero 2025 - 1 julio 2025.xlsx_1424,2000010919297698,2025-04-03,undelivered_repentant_buyer,25990.0,PAGO,1 enero 2025 - 1 julio 2025.xlsx,,,2026-05-27 15:01:07.423457,,ajustes,Ajuste por Arrepentimiento,True
ML,POS_104004141328_1 enero 2025 - 1 julio 2025.xlsx_1425,2000010911027406,2025-04-03,different_item_other,31990.0,PAGO,1 enero 2025 - 1 julio 2025.xlsx,,,2026-05-27 15:01:07.423457,,ajustes,Ajuste por Diferencia de Publicación,True
ML,POS_103166616525_1 enero 2025 - 1 julio 2025.xlsx_1426,2000010875460298,2025-04-03,smaller_than_expected_fashion,27990.0,PAGO,1 enero 2025 - 1 julio 2025.xlsx,,,2026-05-27 15:01:07.423457,,ajustes,Ajuste por Talla/Garantía,False
ML,POS_103996855336_1 enero 2025 - 1 julio 2025.xlsx_1427,2000010910330570,2025-04-03,bigger_than_expected_fashion,21990.0,PAGO,1 enero 2025 - 1 julio 2025.xlsx,,,2026-05-27 15:01:07.423457,,ajustes,Ajuste por Talla/Garantía,False
ML,POS_103549718697_1 enero 2025 - 1 julio 2025.xlsx_1428,2000010906385182,2025-04-03,bigger_than_expected_fashion,20990.0,PAGO,1 enero 2025 - 1 julio 2025.xlsx,,,2026-05-27 15:01:07.423457,,ajustes,Ajuste por Talla/Garantía,False
ML,POS_103668349883_1 enero 2025 - 1 julio 2025.xlsx_1429,2000010917876686,2025-04-03,undelivered_repentant_buyer,24990.0,PAGO,1 enero 2025 - 1 julio 2025.xlsx,,,2026-05-27 15:01:07.423457,,ajustes,Ajuste por Arrepentimiento,True
ML,POS_102978918531_1 enero 2025 - 1 julio 2025.xlsx_1439,2000010856035298,2025-02-03,smaller_than_expected_fashion,25990.0,PAGO,1 enero 2025 - 1 julio 2025.xlsx,,,2026-05-27 15:01:07.423457,,ajustes,Ajuste por Talla/Garantía,False
ML,POS_103561939231_1 enero 2025 - 1 julio 2025.xlsx_1440,2000010907486226,2025-02-03,undelivered_repentant_buyer,113970.0,PAGO,1 enero 2025 - 1 julio 2025.xlsx,,,2026-05-27 15:01:07.423457,,ajustes,Ajuste por Arrepentimiento,True
ML,POS_103256645747_1 enero 2025 - 1 julio 2025.xlsx_1441,2000010883843136,2025-02-03,delivered_but_not_receive_package,19990.0,PAGO,1 enero 2025 - 1 julio 2025.xlsx,,,2026-05-27 15:01:07.423457,,ajustes,Ajuste por Falla en Entrega,True
ML,POS_103124096931_1 enero 2025 - 1 julio 2025.xlsx_1442,2000010870748024,2025-02-03,smaller_than_expected_fashion,20990.0,PAGO,1 enero 2025 - 1 julio 2025.xlsx,,,2026-05-27 15:01:07.423457,,ajustes,Ajuste por Talla/Garantía,False
ML,POS_102840518215_1 enero 2025 - 1 julio 2025.xlsx_1443,2000010840282236,2025-01-03,smaller_than_expected_fashion,25990.0,PAGO,1 enero 2025 - 1 julio 2025.xlsx,,,2026-05-27 15:01:07.423457,,ajustes,Ajuste por Talla/Garantía,False
ML,POS_103227748769_1 enero 2025 - 1 julio 2025.xlsx_1444,2000010881391158,2025-01-03,bigger_than_expected_fashion,31990.0,PAGO,1 enero 2025 - 1 julio 2025.xlsx,,,2026-05-27 15:01:07.423457,,ajustes,Ajuste por Talla/Garantía,False
ML,POS_103425817748_1 enero 2025 - 1 julio 2025.xlsx_1445,2000010860530350,2025-01-03,smaller_than_expected_fashion,20490.0,PAGO,1 enero 2025 - 1 julio 2025.xlsx,,,2026-05-27 15:01:07.423457,,ajustes,Ajuste por Talla/Garantía,False
ML,POS_103263209321_1 enero 2025 - 1 julio 2025.xlsx_1446,2000010884564470,2025-01-03,smaller_than_expected_fashion,37990.0,PAGO,1 enero 2025 - 1 julio 2025.xlsx,,,2026-05-27 15:01:07.423457,,ajustes,Ajuste por Talla/Garantía,False
ML,POS_103518769840_1 enero 2025 - 1 julio 2025.xlsx_1447,2000010870144828,2025-01-03,item_not_useful_fashion_different_change,20980.0,PAGO,1 enero 2025 - 1 julio 2025.xlsx,,,2026-05-27 15:01:07.423457,,ajustes,Ajuste por Arrepentimiento,True
ML,POS_102169585084_1 enero 2025 - 1 julio 2025.xlsx_1531,2000010741619060,2025-12-02,undelivered_repentant_buyer,20990.0,PAGO,1 enero 2025 - 1 julio 2025.xlsx,,,2026-05-27 15:01:07.423457,,ajustes,Ajuste por Arrepentimiento,True
ML,POS_101887029702_1 enero 2025 - 1 julio 2025.xlsx_1532,2000010708977882,2025-12-02,bigger_than_expected_fashion,25990.0,PAGO,1 enero 2025 - 1 julio 2025.xlsx,,,2026-05-27 15:01:07.423457,,ajustes,Ajuste por Talla/Garantía,False
ML,POS_100764131203_1 enero 2025 - 1 julio 2025.xlsx_1533,2000010637582434,2025-12-02,smaller_than_expected_fashion,19790.0,PAGO,1 enero 2025 - 1 julio 2025.xlsx,,,2026-05-27 15:01:07.423457,,ajustes,Ajuste por Talla/Garantía,False
ML,POS_101717965343_1 enero 2025 - 1 julio 2025.xlsx_1534,2000010733047328,2025-12-02,smaller_than_expected_fashion,28990.0,PAGO,1 enero 2025 - 1 julio 2025.xlsx,,,2026-05-27 15:01:07.423457,,ajustes,Ajuste por Talla/Garantía,False
ML,POS_101607570756_1 enero 2025 - 1 julio 2025.xlsx_1535,2000010685031040,2025-12-02,bigger_than_expected_fashion,20990.0,PAGO,1 enero 2025 - 1 julio 2025.xlsx,,,2026-05-27 15:01:07.423457,,ajustes,Ajuste por Talla/Garantía,False
ML,POS_100240117143_1 enero 2025 - 1 julio 2025.xlsx_1536,2000010585785680,2025-12-02,dont_want_it_another_cause_fashion,39990.0,PAGO,1 enero 2025 - 1 julio 2025.xlsx,,,2026-05-27 15:01:07.423457,,ajustes,Ajuste por Arrepentimiento,True
ML,POS_98839175857_1 enero 2025 - 1 julio 2025.xlsx_1537,2000010446898814,2025-12-02,smaller_than_expected_fashion,27990.0,PAGO,1 enero 2025 - 1 julio 2025.xlsx,,,2026-05-27 15:01:07.423457,,ajustes,Ajuste por Talla/Garantía,False
ML,POS_98839281081_1 enero 2025 - 1 julio 2025.xlsx_1538,2000010446895046,2025-12-02,smaller_than_expected_fashion,31990.0,PAGO,1 enero 2025 - 1 julio 2025.xlsx,,,2026-05-27 15:01:07.423457,,ajustes,Ajuste por Talla/Garantía,False
ML,POS_98839259249_1 enero 2025 - 1 julio 2025.xlsx_1539,2000010446895044,2025-12-02,smaller_than_expected_fashion,25990.0,PAGO,1 enero 2025 - 1 julio 2025.xlsx,,,2026-05-27 15:01:07.423457,,ajustes,Ajuste por Talla/Garantía,False
ML,POS_101789117374_1 enero 2025 - 1 julio 2025.xlsx_1540,2000010700677488,2025-12-02,smaller_than_expected_fashion,22990.0,PAGO,1 enero 2025 - 1 julio 2025.xlsx,,,2026-05-27 15:01:07.423457,,ajustes,Ajuste por Talla/Garantía,False
ML,POS_101261783783_1 enero 2025 - 1 julio 2025.xlsx_1541,2000010688902232,2025-11-02,dont_want_it_another_cause_fashion,19990.0,PAGO,1 enero 2025 - 1 julio 2025.xlsx,,,2026-05-27 15:01:07.423457,,ajustes,Ajuste por Arrepentimiento,True
ML,POS_99967409349_1 enero 2025 - 1 julio 2025.xlsx_1542,2000010559016302,2025-11-02,bigger_than_expected_fashion,26990.0,PAGO,1 enero 2025 - 1 julio 2025.xlsx,,,2026-05-27 15:01:07.423457,,ajustes,Ajuste por Talla/Garantía,False
ML,POS_100638452181_1 enero 2025 - 1 julio 2025.xlsx_1543,2000010625428932,2025-10-02,bigger_than_expected_fashion,12990.0,PAGO,1 enero 2025 - 1 julio 2025.xlsx,,,2026-05-27 15:01:07.423457,,ajustes,Ajuste por Talla/Garantía,False
ML,POS_101443551770_1 enero 2025 - 1 julio 2025.xlsx_1544,2000010670668658,2025-10-02,dont_want_it_another_cause_fashion,15990.0,PAGO,1 enero 2025 - 1 julio 2025.xlsx,,,2026-05-27 15:01:07.423457,,ajustes,Ajuste por Arrepentimiento,True
ML,POS_101173064683_1 enero 2025 - 1 julio 2025.xlsx_1545,2000010681094022,2025-10-02,smaller_than_expected_fashion,26990.0,PAGO,1 enero 2025 - 1 julio 2025.xlsx,,,2026-05-27 15:01:07.423457,,ajustes,Ajuste por Talla/Garantía,False
ML,POS_99449312038_1 enero 2025 - 1 julio 2025.xlsx_1546,2000010473856478,2025-10-02,different_color_or_size_fashion,13990.0,PAGO,1 enero 2025 - 1 julio 2025.xlsx,,,2026-05-27 15:01:07.423457,,ajustes,Ajuste por Diferencia de Publicación,True
ML,POS_101829885604_1 enero 2025 - 1 julio 2025.xlsx_1547,2000010704975702,2025-09-02,change_receiver_address,22990.0,PAGO,1 enero 2025 - 1 julio 2025.xlsx,,,2026-05-27 15:01:07.423457,,ajustes,Ajuste por Cambio de Dirección,True
ML,POS_101829893564_1 enero 2025 - 1 julio 2025.xlsx_1548,2000010704977496,2025-09-02,change_receiver_address,14990.0,PAGO,1 enero 2025 - 1 julio 2025.xlsx,,,2026-05-27 15:01:07.423457,,ajustes,Ajuste por Cambio de Dirección,True
ML,POS_101108701399_1 enero 2025 - 1 julio 2025.xlsx_1549,2000010674580792,2025-09-02,bigger_than_expected_fashion,20990.0,PAGO,1 enero 2025 - 1 julio 2025.xlsx,,,2026-05-27 15:01:07.423457,,ajustes,Ajuste por Talla/Garantía,False
ML,POS_101097555151_1 enero 2025 - 1 julio 2025.xlsx_1550,2000010673603054,2025-09-02,smaller_than_expected_fashion,9990.0,PAGO,1 enero 2025 - 1 julio 2025.xlsx,,,2026-05-27 15:01:07.423457,,ajustes,Ajuste por Talla/Garantía,False
ML,POS_101097670493_1 enero 2025 - 1 julio 2025.xlsx_1551,2000010673595704,2025-09-02,smaller_than_expected_fashion,15990.0,PAGO,1 enero 2025 - 1 julio 2025.xlsx,,,2026-05-27 15:01:07.423457,,ajustes,Ajuste por Talla/Garantía,False
ML,POS_101796781192_1 enero 2025 - 1 julio 2025.xlsx_1552,2000010701329042,2025-09-02,undelivered_other,77970.0,PAGO,1 enero 2025 - 1 julio 2025.xlsx,,,2026-05-27 15:01:07.423457,,ajustes,Ajuste por Falla en Entrega,True
ML,POS_101796836556_1 enero 2025 - 1 julio 2025.xlsx_1553,2000010701331066,2025-09-02,undelivered_other,86970.0,PAGO,1 enero 2025 - 1 julio 2025.xlsx,,,2026-05-27 15:01:07.423457,,ajustes,Ajuste por Falla en Entrega,True
ML,POS_101416115045_1 enero 2025 - 1 julio 2025.xlsx_1554,2000010701331068,2025-09-02,undelivered_other,149970.0,PAGO,1 enero 2025 - 1 julio 2025.xlsx,,,2026-05-27 15:01:07.423457,,ajustes,Ajuste por Falla en Entrega,True
ML,POS_101416037445_1 enero 2025 - 1 julio 2025.xlsx_1555,2000010701336072,2025-09-02,undelivered_other,57980.0,PAGO,1 enero 2025 - 1 julio 2025.xlsx,,,2026-05-27 15:01:07.423457,,ajustes,Ajuste por Falla en Entrega,True
ML,POS_101796846348_1 enero 2025 - 1 julio 2025.xlsx_1556,2000010701336078,2025-09-02,undelivered_other,20990.0,PAGO,1 enero 2025 - 1 julio 2025.xlsx,,,2026-05-27 15:01:07.423457,,ajustes,Ajuste por Falla en Entrega,True
ML,POS_101416085257_1 enero 2025 - 1 julio 2025.xlsx_1557,2000010701336076,2025-09-02,undelivered_other,77970.0,PAGO,1 enero 2025 - 1 julio 2025.xlsx,,,2026-05-27 15:01:07.423457,,ajustes,Ajuste por Falla en Entrega,True
ML,POS_101414592639_1 enero 2025 - 1 julio 2025.xlsx_1558,2000010701191458,2025-09-02,undelivered_repentant_buyer,57980.0,PAGO,1 enero 2025 - 1 julio 2025.xlsx,,,2026-05-27 15:01:07.423457,,ajustes,Ajuste por Arrepentimiento,True
ML,POS_101366922906_1 enero 2025 - 1 julio 2025.xlsx_1559,2000010662122950,2025-08-02,bigger_than_expected_fashion,31990.0,PAGO,1 enero 2025 - 1 julio 2025.xlsx,,,2026-05-27 15:01:07.423457,,ajustes,Ajuste por Talla/Garantía,False
ML,POS_101366883178_1 enero 2025 - 1 julio 2025.xlsx_1560,2000010662122948,2025-08-02,bigger_than_expected_fashion,25990.0,PAGO,1 enero 2025 - 1 julio 2025.xlsx,,,2026-05-27 15:01:07.423457,,ajustes,Ajuste por Talla/Garantía,False
ML,POS_101366829542_1 enero 2025 - 1 julio 2025.xlsx_1561,2000010662124876,2025-08-02,bigger_than_expected_fashion,31990.0,PAGO,1 enero 2025 - 1 julio 2025.xlsx,,,2026-05-27 15:01:07.423457,,ajustes,Ajuste por Talla/Garantía,False
ML,POS_99297296393_1 enero 2025 - 1 julio 2025.xlsx_1562,2000010493704596,2025-08-02,smaller_than_expected_fashion,15990.0,PAGO,1 enero 2025 - 1 julio 2025.xlsx,,,2026-05-27 15:01:07.423457,,ajustes,Ajuste por Talla/Garantía,False
ML,POS_99982678667_1 enero 2025 - 1 julio 2025.xlsx_1563,2000010560382556,2025-08-02,bigger_than_expected_fashion,31990.0,PAGO,1 enero 2025 - 1 julio 2025.xlsx,,,2026-05-27 15:01:07.423457,,ajustes,Ajuste por Talla/Garantía,False
ML,POS_101486939246_1 enero 2025 - 1 julio 2025.xlsx_1564,2000010674525084,2025-08-02,bigger_than_expected_fashion,20480.0,PAGO,1 enero 2025 - 1 julio 2025.xlsx,,,2026-05-27 15:01:07.423457,,ajustes,Ajuste por Talla/Garantía,False
ML,POS_101526292352_1 enero 2025 - 1 julio 2025.xlsx_1565,2000010678635842,2025-08-02,bigger_than_expected_fashion,25990.0,PAGO,1 enero 2025 - 1 julio 2025.xlsx,,,2026-05-27 15:01:07.423457,,ajustes,Ajuste por Talla/Garantía,False
ML,POS_99764730681_1 enero 2025 - 1 julio 2025.xlsx_1566,2000010539991038,2025-07-02,bigger_than_expected_fashion,20480.0,PAGO,1 enero 2025 - 1 julio 2025.xlsx,,,2026-05-27 15:01:07.423457,,ajustes,Ajuste por Talla/Garantía,False
ML,POS_101088365122_1 enero 2025 - 1 julio 2025.xlsx_1567,2000010631744182,2025-07-02,smaller_than_expected_fashion,39990.0,PAGO,1 enero 2025 - 1 julio 2025.xlsx,,,2026-05-27 15:01:07.423457,,ajustes,Ajuste por Talla/Garantía,False
ML,POS_101062118431_1 enero 2025 - 1 julio 2025.xlsx_1568,2000010670143452,2025-06-02,estimated_delivery_out_of_time,24990.0,PAGO,1 enero 2025 - 1 julio 2025.xlsx,,,2026-05-27 15:01:07.423457,,ajustes,Ajuste por Retraso en Entrega,True
ML,POS_100742459605_1 enero 2025 - 1 julio 2025.xlsx_1569,2000010634824236,2025-06-02,smaller_than_expected_fashion,28990.0,PAGO,1 enero 2025 - 1 julio 2025.xlsx,,,2026-05-27 15:01:07.423457,,ajustes,Ajuste por Talla/Garantía,False
ML,POS_101374547576_1 enero 2025 - 1 julio 2025.xlsx_1570,2000010662944302,2025-06-02,item_not_useful_fashion_different_change,49990.0,PAGO,1 enero 2025 - 1 julio 2025.xlsx,,,2026-05-27 15:01:07.423457,,ajustes,Ajuste por Arrepentimiento,True
ML,POS_101093936512_1 enero 2025 - 1 julio 2025.xlsx_1571,nan,2025-06-02,smaller_than_expected_fashion,9491.0,PAGO,1 enero 2025 - 1 julio 2025.xlsx,,,2026-05-27 15:01:07.423457,,ajustes,Ajuste por Talla/Garantía,False
ML,POS_100718189619_1 enero 2025 - 1 julio 2025.xlsx_1572,2000010632183326,2025-06-02,smaller_than_expected_fashion,14990.0,PAGO,1 enero 2025 - 1 julio 2025.xlsx,,,2026-05-27 15:01:07.423457,,ajustes,Ajuste por Talla/Garantía,False
ML,POS_100718183641_1 enero 2025 - 1 julio 2025.xlsx_1573,2000010632179682,2025-06-02,smaller_than_expected_fashion,14990.0,PAGO,1 enero 2025 - 1 julio 2025.xlsx,,,2026-05-27 15:01:07.423457,,ajustes,Ajuste por Talla/Garantía,False
ML,POS_99962636973_1 enero 2025 - 1 julio 2025.xlsx_1574,2000010558540464,2025-06-02,bigger_than_expected_fashion,31990.0,PAGO,1 enero 2025 - 1 julio 2025.xlsx,,,2026-05-27 15:01:07.423457,,ajustes,Ajuste por Talla/Garantía,False
ML,POS_99683415433_1 enero 2025 - 1 julio 2025.xlsx_1575,2000010531395562,2025-06-02,smaller_than_expected_fashion,49990.0,PAGO,1 enero 2025 - 1 julio 2025.xlsx,,,2026-05-27 15:01:07.423457,,ajustes,Ajuste por Talla/Garantía,False
ML,POS_99683295951_1 enero 2025 - 1 julio 2025.xlsx_1576,2000010531398872,2025-06-02,smaller_than_expected_fashion,49990.0,PAGO,1 enero 2025 - 1 julio 2025.xlsx,,,2026-05-27 15:01:07.423457,,ajustes,Ajuste por Talla/Garantía,False
ML,POS_101283871548_1 enero 2025 - 1 julio 2025.xlsx_1577,2000010653159122,2025-05-02,smaller_than_expected_fashion,35990.0,PAGO,1 enero 2025 - 1 julio 2025.xlsx,,,2026-05-27 15:01:07.423457,,ajustes,Ajuste por Talla/Garantía,False
ML,POS_100976677193_1 enero 2025 - 1 julio 2025.xlsx_1578,2000010661126828,2025-05-02,item_not_useful_fashion_different_change,24990.0,PAGO,1 enero 2025 - 1 julio 2025.xlsx,,,2026-05-27 15:01:07.423457,,ajustes,Ajuste por Arrepentimiento,True
ML,POS_101000004563_1 enero 2025 - 1 julio 2025.xlsx_1579,2000010663253136,2025-05-02,bigger_than_expected_fashion,31990.0,PAGO,1 enero 2025 - 1 julio 2025.xlsx,,,2026-05-27 15:01:07.423457,,ajustes,Ajuste por Talla/Garantía,False
ML,POS_100908858329_1 enero 2025 - 1 julio 2025.xlsx_1580,2000010653350490,2025-05-02,bigger_than_expected_fashion,18490.0,PAGO,1 enero 2025 - 1 julio 2025.xlsx,,,2026-05-27 15:01:07.423457,,ajustes,Ajuste por Talla/Garantía,False
ML,POS_100481795927_1 enero 2025 - 1 julio 2025.xlsx_1581,2000010611831114,2025-05-02,bigger_than_expected_fashion,53990.0,PAGO,1 enero 2025 - 1 julio 2025.xlsx,,,2026-05-27 15:01:07.423457,,ajustes,Ajuste por Talla/Garantía,False
ML,POS_100856228108_1 enero 2025 - 1 julio 2025.xlsx_1582,2000010611827224,2025-05-02,bigger_than_expected_fashion,11990.0,PAGO,1 enero 2025 - 1 julio 2025.xlsx,,,2026-05-27 15:01:07.423457,,ajustes,Ajuste por Talla/Garantía,False
ML,POS_100856059510_1 enero 2025 - 1 julio 2025.xlsx_1583,2000010611821650,2025-05-02,bigger_than_expected_fashion,18990.0,PAGO,1 enero 2025 - 1 julio 2025.xlsx,,,2026-05-27 15:01:07.423457,,ajustes,Ajuste por Talla/Garantía,False
ML,POS_100481833351_1 enero 2025 - 1 julio 2025.xlsx_1584,2000010611831116,2025-05-02,bigger_than_expected_fashion,11990.0,PAGO,1 enero 2025 - 1 julio 2025.xlsx,,,2026-05-27 15:01:07.423457,,ajustes,Ajuste por Talla/Garantía,False
ML,POS_101188549772_1 enero 2025 - 1 julio 2025.xlsx_1585,2000010642629780,2025-05-02,bigger_than_expected_fashion,9990.0,PAGO,1 enero 2025 - 1 julio 2025.xlsx,,,2026-05-27 15:01:07.423457,,ajustes,Ajuste por Talla/Garantía,False
ML,POS_100381719012_1 enero 2025 - 1 julio 2025.xlsx_1586,2000010562645194,2025-05-02,smaller_than_expected_fashion,20990.0,PAGO,1 enero 2025 - 1 julio 2025.xlsx,,,2026-05-27 15:01:07.423457,,ajustes,Ajuste por Talla/Garantía,False
ML,POS_99743025201_1 enero 2025 - 1 julio 2025.xlsx_1587,2000010537624098,2025-05-02,bigger_than_expected_fashion,34990.0,PAGO,1 enero 2025 - 1 julio 2025.xlsx,,,2026-05-27 15:01:07.423457,,ajustes,Ajuste por Talla/Garantía,False
ML,POS_100111463444_1 enero 2025 - 1 julio 2025.xlsx_1588,2000010537624100,2025-05-02,bigger_than_expected_fashion,31990.0,PAGO,1 enero 2025 - 1 julio 2025.xlsx,,,2026-05-27 15:01:07.423457,,ajustes,Ajuste por Talla/Garantía,False
ML,POS_100987270224_1 enero 2025 - 1 julio 2025.xlsx_1589,2000010622773014,2025-05-02,bigger_than_expected_fashion,29990.0,PAGO,1 enero 2025 - 1 julio 2025.xlsx,,,2026-05-27 15:01:07.423457,,ajustes,Ajuste por Talla/Garantía,False
ML,POS_100981148928_1 enero 2025 - 1 julio 2025.xlsx_1590,2000010622773014,2025-05-02,bigger_than_expected_fashion,29990.0,PAGO,1 enero 2025 - 1 julio 2025.xlsx,,,2026-05-27 15:01:07.423457,,ajustes,Ajuste por Talla/Garantía,False
ML,POS_100808240718_1 enero 2025 - 1 julio 2025.xlsx_1591,2000010606760020,2025-04-02,dont_want_it_another_cause_fashion,14990.0,PAGO,1 enero 2025 - 1 julio 2025.xlsx,,,2026-05-27 15:01:07.423457,,ajustes,Ajuste por Arrepentimiento,True
ML,POS_99211475948_1 enero 2025 - 1 julio 2025.xlsx_1592,2000010448071466,2025-04-02,dont_want_it_another_cause_fashion,20990.0,PAGO,1 enero 2025 - 1 julio 2025.xlsx,,,2026-05-27 15:01:07.423457,,ajustes,Ajuste por Arrepentimiento,True
ML,POS_99211863702_1 enero 2025 - 1 julio 2025.xlsx_1593,2000010448071466,2025-04-02,dont_want_it_another_cause_fashion,20990.0,PAGO,1 enero 2025 - 1 julio 2025.xlsx,,,2026-05-27 15:01:07.423457,,ajustes,Ajuste por Arrepentimiento,True
ML,POS_100038048858_1 enero 2025 - 1 julio 2025.xlsx_1594,2000010530631932,2025-03-02,different_color_or_size_fashion,29990.0,PAGO,1 enero 2025 - 1 julio 2025.xlsx,,,2026-05-27 15:01:07.423457,,ajustes,Ajuste por Diferencia de Publicación,True
ML,POS_100493112743_1 enero 2025 - 1 julio 2025.xlsx_1595,2000010613087988,2025-03-02,different_color_or_size_fashion,25990.0,PAGO,1 enero 2025 - 1 julio 2025.xlsx,,,2026-05-27 15:01:07.423457,,ajustes,Ajuste por Diferencia de Publicación,True
ML,POS_100915934182_1 enero 2025 - 1 julio 2025.xlsx_1596,2000010617171998,2025-03-02,smaller_than_expected_fashion,9990.0,PAGO,1 enero 2025 - 1 julio 2025.xlsx,,,2026-05-27 15:01:07.423457,,ajustes,Ajuste por Talla/Garantía,False
ML,POS_100374869733_1 enero 2025 - 1 julio 2025.xlsx_1597,2000010600659110,2025-03-02,dont_want_it_another_cause_fashion,9990.0,PAGO,1 enero 2025 - 1 julio 2025.xlsx,,,2026-05-27 15:01:07.423457,,ajustes,Ajuste por Arrepentimiento,True
ML,POS_99584995225_1 enero 2025 - 1 julio 2025.xlsx_1598,2000010521245450,2025-03-02,bigger_than_expected_fashion,27990.0,PAGO,1 enero 2025 - 1 julio 2025.xlsx,,,2026-05-27 15:01:07.423457,,ajustes,Ajuste por Talla/Garantía,False
ML,POS_99729166316_1 enero 2025 - 1 julio 2025.xlsx_1599,2000010499397102,2025-03-02,smaller_than_expected_fashion,28990.0,PAGO,1 enero 2025 - 1 julio 2025.xlsx,,,2026-05-27 15:01:07.423457,,ajustes,Ajuste por Talla/Garantía,False
ML,POS_100863855484_1 enero 2025 - 1 julio 2025.xlsx_1602,2000010612662470,2025-01-02,smaller_than_expected_fashion,9990.0,PAGO,1 enero 2025 - 1 julio 2025.xlsx,,,2026-05-27 15:01:07.423457,,ajustes,Ajuste por Talla/Garantía,False
ML,POS_100489698409_1 enero 2025 - 1 julio 2025.xlsx_1603,2000010612662468,2025-01-02,smaller_than_expected_fashion,9990.0,PAGO,1 enero 2025 - 1 julio 2025.xlsx,,,2026-05-27 15:01:07.423457,,ajustes,Ajuste por Talla/Garantía,False
ML,POS_100489672677_1 enero 2025 - 1 julio 2025.xlsx_1604,2000010612660488,2025-01-02,item_not_useful_fashion_different_change,12990.0,PAGO,1 enero 2025 - 1 julio 2025.xlsx,,,2026-05-27 15:01:07.423457,,ajustes,Ajuste por Arrepentimiento,True
ML,POS_98090719758_1 enero 2025 - 1 julio 2025.xlsx_1605,2000010337606978,2025-01-02,smaller_than_expected_fashion,21990.0,PAGO,1 enero 2025 - 1 julio 2025.xlsx,,,2026-05-27 15:01:07.423457,,ajustes,Ajuste por Talla/Garantía,False
ML,POS_98090254164_1 enero 2025 - 1 julio 2025.xlsx_1606,2000010337606978,2025-01-02,smaller_than_expected_fashion,21990.0,PAGO,1 enero 2025 - 1 julio 2025.xlsx,,,2026-05-27 15:01:07.423457,,ajustes,Ajuste por Talla/Garantía,False
ML,POS_100687997755_1 enero 2025 - 1 julio 2025.xlsx_1607,2000010629594344,2025-01-02,undelivered_repentant_buyer,4990.0,PAGO,1 enero 2025 - 1 julio 2025.xlsx,,,2026-05-27 15:01:07.423457,,ajustes,Ajuste por Arrepentimiento,True
ML,POS_100688003747_1 enero 2025 - 1 julio 2025.xlsx_1608,2000010629594346,2025-01-02,undelivered_repentant_buyer,119980.0,PAGO,1 enero 2025 - 1 julio 2025.xlsx,,,2026-05-27 15:01:07.423457,,ajustes,Ajuste por Arrepentimiento,True
ML,POS_100687898887_1 enero 2025 - 1 julio 2025.xlsx_1609,2000010629584508,2025-01-02,undelivered_repentant_buyer,119980.0,PAGO,1 enero 2025 - 1 julio 2025.xlsx,,,2026-05-27 15:01:07.423457,,ajustes,Ajuste por Arrepentimiento,True
ML,POS_101004002202_1 enero 2025 - 1 julio 2025.xlsx_1610,2000010624746910,2025-01-02,undelivered_repentant_buyer,21980.0,PAGO,1 enero 2025 - 1 julio 2025.xlsx,,,2026-05-27 15:01:07.423457,,ajustes,Ajuste por Arrepentimiento,True
ML,POS_96510400562_1 enero 2025 - 1 julio 2025.xlsx_1809,2000010193297258,2025-12-01,bigger_than_expected_fashion,22990.0,PAGO,1 enero 2025 - 1 julio 2025.xlsx,,,2026-05-27 15:01:07.423457,,ajustes,Ajuste por Talla/Garantía,False
ML,POS_98781350812_1 enero 2025 - 1 julio 2025.xlsx_1810,2000010408231262,2025-12-01,smaller_than_expected_fashion,13990.0,PAGO,1 enero 2025 - 1 julio 2025.xlsx,,,2026-05-27 15:01:07.423457,,ajustes,Ajuste por Talla/Garantía,False
ML,POS_98781311216_1 enero 2025 - 1 julio 2025.xlsx_1811,2000010408231260,2025-12-01,smaller_than_expected_fashion,13990.0,PAGO,1 enero 2025 - 1 julio 2025.xlsx,,,2026-05-27 15:01:07.423457,,ajustes,Ajuste por Talla/Garantía,False
ML,POS_98517482973_1 enero 2025 - 1 julio 2025.xlsx_1812,2000010417513598,2025-12-01,dont_want_it_another_cause_fashion,25990.0,PAGO,1 enero 2025 - 1 julio 2025.xlsx,,,2026-05-27 15:01:07.423457,,ajustes,Ajuste por Arrepentimiento,True
ML,POS_98208751101_1 enero 2025 - 1 julio 2025.xlsx_1813,2000010386305954,2025-12-01,dont_want_it_another_cause_fashion,16790.0,PAGO,1 enero 2025 - 1 julio 2025.xlsx,,,2026-05-27 15:01:07.423457,,ajustes,Ajuste por Arrepentimiento,True
ML,POS_98566858284_1 enero 2025 - 1 julio 2025.xlsx_1814,2000010386307712,2025-12-01,dont_want_it_another_cause_fashion,16790.0,PAGO,1 enero 2025 - 1 julio 2025.xlsx,,,2026-05-27 15:01:07.423457,,ajustes,Ajuste por Arrepentimiento,True
ML,POS_98208737371_1 enero 2025 - 1 julio 2025.xlsx_1815,2000010386307714,2025-12-01,dont_want_it_another_cause_fashion,14990.0,PAGO,1 enero 2025 - 1 julio 2025.xlsx,,,2026-05-27 15:01:07.423457,,ajustes,Ajuste por Arrepentimiento,True
ML,POS_97079703805_1 enero 2025 - 1 julio 2025.xlsx_1816,2000010283255338,2025-12-01,bigger_than_expected_fashion,32990.0,PAGO,1 enero 2025 - 1 julio 2025.xlsx,,,2026-05-27 15:01:07.423457,,ajustes,Ajuste por Talla/Garantía,False
ML,POS_98351963643_1 enero 2025 - 1 julio 2025.xlsx_1817,2000010400366752,2025-11-01,smaller_than_expected_fashion,31990.0,PAGO,1 enero 2025 - 1 julio 2025.xlsx,,,2026-05-27 15:01:07.423457,,ajustes,Ajuste por Talla/Garantía,False
ML,POS_97494062073_1 enero 2025 - 1 julio 2025.xlsx_1818,2000010322500258,2025-11-01,missing_invoice,20990.0,PAGO,1 enero 2025 - 1 julio 2025.xlsx,,,2026-05-27 15:01:07.423457,,ajustes,Ajuste Poscobro General,True
ML,POS_98773397336_1 enero 2025 - 1 julio 2025.xlsx_1819,2000010407009364,2025-11-01,smaller_than_expected_fashion,25990.0,PAGO,1 enero 2025 - 1 julio 2025.xlsx,,,2026-05-27 15:01:07.423457,,ajustes,Ajuste por Talla/Garantía,False
ML,POS_98445753981_1 enero 2025 - 1 julio 2025.xlsx_1820,2000010410320644,2025-11-01,smaller_than_expected_fashion,20990.0,PAGO,1 enero 2025 - 1 julio 2025.xlsx,,,2026-05-27 15:01:07.423457,,ajustes,Ajuste por Talla/Garantía,False
ML,POS_96118505181_1 enero 2025 - 1 julio 2025.xlsx_1821,2000010187821400,2025-10-01,not_match_size_guide_fashion,39990.0,PAGO,1 enero 2025 - 1 julio 2025.xlsx,,,2026-05-27 15:01:07.423457,,ajustes,Ajuste por Talla/Garantía,True
ML,POS_98178165132_1 enero 2025 - 1 julio 2025.xlsx_1822,2000010346536044,2025-10-01,bigger_than_expected_fashion,20090.0,PAGO,1 enero 2025 - 1 julio 2025.xlsx,,,2026-05-27 15:01:07.423457,,ajustes,Ajuste por Talla/Garantía,False
ML,POS_97513662800_1 enero 2025 - 1 julio 2025.xlsx_1823,2000010291612094,2025-10-01,bigger_than_expected_fashion,19990.0,PAGO,1 enero 2025 - 1 julio 2025.xlsx,,,2026-05-27 15:01:07.423457,,ajustes,Ajuste por Talla/Garantía,False
ML,POS_98584984912_1 enero 2025 - 1 julio 2025.xlsx_1824,2000010387754568,2025-10-01,smaller_than_expected_fashion,20990.0,PAGO,1 enero 2025 - 1 julio 2025.xlsx,,,2026-05-27 15:01:07.423457,,ajustes,Ajuste por Talla/Garantía,False
ML,POS_98106201021_1 enero 2025 - 1 julio 2025.xlsx_1825,2000010375956288,2025-10-01,bigger_than_expected_fashion,10490.0,PAGO,1 enero 2025 - 1 julio 2025.xlsx,,,2026-05-27 15:01:07.423457,,ajustes,Ajuste por Talla/Garantía,False
ML,POS_97382123253_1 enero 2025 - 1 julio 2025.xlsx_1826,2000010312141066,2025-10-01,bigger_than_expected_fashion,39990.0,PAGO,1 enero 2025 - 1 julio 2025.xlsx,,,2026-05-27 15:01:07.423457,,ajustes,Ajuste por Talla/Garantía,False
ML,POS_98228258571_1 enero 2025 - 1 julio 2025.xlsx_1827,2000010387882434,2025-10-01,smaller_than_expected_fashion,22990.0,PAGO,1 enero 2025 - 1 julio 2025.xlsx,,,2026-05-27 15:01:07.423457,,ajustes,Ajuste por Talla/Garantía,False
ML,POS_96993494688_1 enero 2025 - 1 julio 2025.xlsx_1828,2000010251024274,2025-09-01,bigger_than_expected_fashion,23990.0,PAGO,1 enero 2025 - 1 julio 2025.xlsx,,,2026-05-27 15:01:07.423457,,ajustes,Ajuste por Talla/Garantía,False
ML,POS_98301383164_1 enero 2025 - 1 julio 2025.xlsx_1829,2000010358977942,2025-09-01,bigger_than_expected_fashion,31990.0,PAGO,1 enero 2025 - 1 julio 2025.xlsx,,,2026-05-27 15:01:07.423457,,ajustes,Ajuste por Talla/Garantía,False
ML,POS_97521911758_1 enero 2025 - 1 julio 2025.xlsx_1830,2000010292362638,2025-09-01,smaller_than_expected_fashion,15990.0,PAGO,1 enero 2025 - 1 julio 2025.xlsx,,,2026-05-27 15:01:07.423457,,ajustes,Ajuste por Talla/Garantía,False
ML,POS_98227399205_1 enero 2025 - 1 julio 2025.xlsx_1831,2000010387803740,2025-09-01,smaller_than_expected_fashion,20990.0,PAGO,1 enero 2025 - 1 julio 2025.xlsx,,,2026-05-27 15:01:07.423457,,ajustes,Ajuste por Talla/Garantía,False
ML,POS_97608513784_1 enero 2025 - 1 julio 2025.xlsx_1832,2000010301213440,2025-09-01,broken_item_fashion,39990.0,PAGO,1 enero 2025 - 1 julio 2025.xlsx,,,2026-05-27 15:01:07.423457,,ajustes,Ajuste por Producto Dañado/Vacío,False
ML,POS_97587626510_1 enero 2025 - 1 julio 2025.xlsx_1833,2000010299533688,2025-09-01,different_color_or_size_fashion,21990.0,PAGO,1 enero 2025 - 1 julio 2025.xlsx,,,2026-05-27 15:01:07.423457,,ajustes,Ajuste por Diferencia de Publicación,True
ML,POS_98225491585_1 enero 2025 - 1 julio 2025.xlsx_1834,2000010387664318,2025-09-01,dont_want_it_another_cause_fashion,21930.0,PAGO,1 enero 2025 - 1 julio 2025.xlsx,,,2026-05-27 15:01:07.423457,,ajustes,Ajuste por Arrepentimiento,True
ML,POS_98672307602_1 enero 2025 - 1 julio 2025.xlsx_1835,2000010396839004,2025-09-01,bigger_than_expected_fashion,20990.0,PAGO,1 enero 2025 - 1 julio 2025.xlsx,,,2026-05-27 15:01:07.423457,,ajustes,Ajuste por Talla/Garantía,False
ML,POS_98554382816_1 enero 2025 - 1 julio 2025.xlsx_1836,2000010384367610,2025-09-01,different_color_or_size_fashion,31990.0,PAGO,1 enero 2025 - 1 julio 2025.xlsx,,,2026-05-27 15:01:07.423457,,ajustes,Ajuste por Diferencia de Publicación,True
ML,POS_98196207275_1 enero 2025 - 1 julio 2025.xlsx_1837,2000010384372432,2025-09-01,different_color_or_size_fashion,31990.0,PAGO,1 enero 2025 - 1 julio 2025.xlsx,,,2026-05-27 15:01:07.423457,,ajustes,Ajuste por Diferencia de Publicación,True
ML,POS_98554382816_1 enero 2025 - 1 julio 2025.xlsx_1838,2000010384367610,2025-09-01,different_than_published,31990.0,PAGO,1 enero 2025 - 1 julio 2025.xlsx,,,2026-05-27 15:01:07.423457,,ajustes,Ajuste por Diferencia de Publicación,True
ML,POS_98040075997_1 enero 2025 - 1 julio 2025.xlsx_1839,2000010368320556,2025-09-01,bigger_than_expected_fashion,39990.0,PAGO,1 enero 2025 - 1 julio 2025.xlsx,,,2026-05-27 15:01:07.423457,,ajustes,Ajuste por Talla/Garantía,False
ML,POS_95404117881_1 enero 2025 - 1 julio 2025.xlsx_1840,2000010104194918,2025-09-01,bigger_than_expected_fashion,24990.0,PAGO,1 enero 2025 - 1 julio 2025.xlsx,,,2026-05-27 15:01:07.423457,,ajustes,Ajuste por Talla/Garantía,False
ML,POS_98040100013_1 enero 2025 - 1 julio 2025.xlsx_1841,2000010368313076,2025-09-01,smaller_than_expected_fashion,39990.0,PAGO,1 enero 2025 - 1 julio 2025.xlsx,,,2026-05-27 15:01:07.423457,,ajustes,Ajuste por Talla/Garantía,False
ML,POS_98040104075_1 enero 2025 - 1 julio 2025.xlsx_1842,2000010368309614,2025-09-01,smaller_than_expected_fashion,51990.0,PAGO,1 enero 2025 - 1 julio 2025.xlsx,,,2026-05-27 15:01:07.423457,,ajustes,Ajuste por Talla/Garantía,False
ML,POS_98040202843_1 enero 2025 - 1 julio 2025.xlsx_1843,2000010368309826,2025-09-01,smaller_than_expected_fashion,21990.0,PAGO,1 enero 2025 - 1 julio 2025.xlsx,,,2026-05-27 15:01:07.423457,,ajustes,Ajuste por Talla/Garantía,False
ML,POS_98111312484_1 enero 2025 - 1 julio 2025.xlsx_1844,2000010339858504,2025-08-01,broken_item_fashion,21990.0,PAGO,1 enero 2025 - 1 julio 2025.xlsx,,,2026-05-27 15:01:07.423457,,ajustes,Ajuste por Producto Dañado/Vacío,False
ML,POS_98100019679_1 enero 2025 - 1 julio 2025.xlsx_1845,2000010374925030,2025-08-01,bigger_than_expected_fashion,39990.0,PAGO,1 enero 2025 - 1 julio 2025.xlsx,,,2026-05-27 15:01:07.423457,,ajustes,Ajuste por Talla/Garantía,False
ML,POS_98042614143_1 enero 2025 - 1 julio 2025.xlsx_1846,2000010368527030,2025-08-01,dont_want_it_another_cause_fashion,17764.0,PAGO,1 enero 2025 - 1 julio 2025.xlsx,,,2026-05-27 15:01:07.423457,,ajustes,Ajuste por Arrepentimiento,True
ML,POS_98461327804_1 enero 2025 - 1 julio 2025.xlsx_1847,2000010375548846,2025-08-01,dont_want_it_another_cause_fashion,26490.0,PAGO,1 enero 2025 - 1 julio 2025.xlsx,,,2026-05-27 15:01:07.423457,,ajustes,Ajuste por Arrepentimiento,True
ML,POS_97807639569_1 enero 2025 - 1 julio 2025.xlsx_1848,2000010345041268,2025-08-01,bigger_than_expected_fashion,39990.0,PAGO,1 enero 2025 - 1 julio 2025.xlsx,,,2026-05-27 15:01:07.423457,,ajustes,Ajuste por Talla/Garantía,False
ML,POS_96771569435_1 enero 2025 - 1 julio 2025.xlsx_1849,2000010261763524,2025-08-01,dont_want_it_another_cause_fashion,39990.0,PAGO,1 enero 2025 - 1 julio 2025.xlsx,,,2026-05-27 15:01:07.423457,,ajustes,Ajuste por Arrepentimiento,True
ML,POS_97300153135_1 enero 2025 - 1 julio 2025.xlsx_1850,2000010305016346,2025-08-01,bigger_than_expected_fashion,19990.0,PAGO,1 enero 2025 - 1 julio 2025.xlsx,,,2026-05-27 15:01:07.423457,,ajustes,Ajuste por Talla/Garantía,False
ML,POS_97838194545_1 enero 2025 - 1 julio 2025.xlsx_1851,2000010348394836,2025-08-01,dont_want_it_another_cause_fashion,19990.0,PAGO,1 enero 2025 - 1 julio 2025.xlsx,,,2026-05-27 15:01:07.423457,,ajustes,Ajuste por Arrepentimiento,True
ML,POS_97838111465_1 enero 2025 - 1 julio 2025.xlsx_1852,2000010348402404,2025-08-01,dont_want_it_another_cause_fashion,28990.0,PAGO,1 enero 2025 - 1 julio 2025.xlsx,,,2026-05-27 15:01:07.423457,,ajustes,Ajuste por Arrepentimiento,True
ML,POS_97405818853_1 enero 2025 - 1 julio 2025.xlsx_1853,2000010313994300,2025-07-01,dont_want_it_another_cause_fashion,19990.0,PAGO,1 enero 2025 - 1 julio 2025.xlsx,,,2026-05-27 15:01:07.423457,,ajustes,Ajuste por Arrepentimiento,True
ML,POS_98297821984_1 enero 2025 - 1 julio 2025.xlsx_1854,2000010358558874,2025-07-01,bigger_than_expected_fashion,21990.0,PAGO,1 enero 2025 - 1 julio 2025.xlsx,,,2026-05-27 15:01:07.423457,,ajustes,Ajuste por Talla/Garantía,False
ML,POS_98134117739_1 enero 2025 - 1 julio 2025.xlsx_1855,2000010377829200,2025-07-01,smaller_than_expected_fashion,18990.0,PAGO,1 enero 2025 - 1 julio 2025.xlsx,,,2026-05-27 15:01:07.423457,,ajustes,Ajuste por Talla/Garantía,False
ML,POS_98491878518_1 enero 2025 - 1 julio 2025.xlsx_1856,2000010377830980,2025-07-01,smaller_than_expected_fashion,18990.0,PAGO,1 enero 2025 - 1 julio 2025.xlsx,,,2026-05-27 15:01:07.423457,,ajustes,Ajuste por Talla/Garantía,False
ML,POS_98388143538_1 enero 2025 - 1 julio 2025.xlsx_1857,2000010367315050,2025-07-01,smaller_than_expected_fashion,24990.0,PAGO,1 enero 2025 - 1 julio 2025.xlsx,,,2026-05-27 15:01:07.423457,,ajustes,Ajuste por Talla/Garantía,False
ML,POS_97944150683_1 enero 2025 - 1 julio 2025.xlsx_1858,2000010358897822,2025-07-01,smaller_than_expected_fashion,24390.0,PAGO,1 enero 2025 - 1 julio 2025.xlsx,,,2026-05-27 15:01:07.423457,,ajustes,Ajuste por Talla/Garantía,False
ML,POS_96007520285_1 enero 2025 - 1 julio 2025.xlsx_1859,2000010174388664,2025-07-01,bigger_than_expected_fashion,31990.0,PAGO,1 enero 2025 - 1 julio 2025.xlsx,,,2026-05-27 15:01:07.423457,,ajustes,Ajuste por Talla/Garantía,False
ML,POS_98204251857_1 enero 2025 - 1 julio 2025.xlsx_1860,2000010385524574,2025-07-01,undelivered_repentant_buyer,10990.0,PAGO,1 enero 2025 - 1 julio 2025.xlsx,,,2026-05-27 15:01:07.423457,,ajustes,Ajuste por Arrepentimiento,True
ML,POS_98204303419_1 enero 2025 - 1 julio 2025.xlsx_1861,2000010385520676,2025-07-01,undelivered_repentant_buyer,12990.0,PAGO,1 enero 2025 - 1 julio 2025.xlsx,,,2026-05-27 15:01:07.423457,,ajustes,Ajuste por Arrepentimiento,True
ML,POS_98204309271_1 enero 2025 - 1 julio 2025.xlsx_1862,2000010385528496,2025-07-01,undelivered_repentant_buyer,15990.0,PAGO,1 enero 2025 - 1 julio 2025.xlsx,,,2026-05-27 15:01:07.423457,,ajustes,Ajuste por Arrepentimiento,True
ML,POS_98330155482_1 enero 2025 - 1 julio 2025.xlsx_1863,2000010361883142,2025-07-01,smaller_than_expected_fashion,24990.0,PAGO,1 enero 2025 - 1 julio 2025.xlsx,,,2026-05-27 15:01:07.423457,,ajustes,Ajuste por Talla/Garantía,False
ML,POS_97848799862_1 enero 2025 - 1 julio 2025.xlsx_1864,2000010322532922,2025-06-01,smaller_than_expected_fashion,19990.0,PAGO,1 enero 2025 - 1 julio 2025.xlsx,,,2026-05-27 15:01:07.423457,,ajustes,Ajuste por Talla/Garantía,False
ML,POS_98187574853_1 enero 2025 - 1 julio 2025.xlsx_1865,2000010383383888,2025-06-01,undelivered_repentant_buyer,20990.0,PAGO,1 enero 2025 - 1 julio 2025.xlsx,,,2026-05-27 15:01:07.423457,,ajustes,Ajuste por Arrepentimiento,True
ML,POS_97936109775_1 enero 2025 - 1 julio 2025.xlsx_1866,2000010358013394,2025-06-01,bigger_than_expected_fashion,23990.0,PAGO,1 enero 2025 - 1 julio 2025.xlsx,,,2026-05-27 15:01:07.423457,,ajustes,Ajuste por Talla/Garantía,False
ML,POS_98292729388_1 enero 2025 - 1 julio 2025.xlsx_1867,2000010358018890,2025-06-01,bigger_than_expected_fashion,23990.0,PAGO,1 enero 2025 - 1 julio 2025.xlsx,,,2026-05-27 15:01:07.423457,,ajustes,Ajuste por Talla/Garantía,False
ML,POS_96448297297_1 enero 2025 - 1 julio 2025.xlsx_1868,2000010230179466,2025-06-01,smaller_than_expected_fashion,26990.0,PAGO,1 enero 2025 - 1 julio 2025.xlsx,,,2026-05-27 15:01:07.423457,,ajustes,Ajuste por Talla/Garantía,False
ML,POS_96989664745_1 enero 2025 - 1 julio 2025.xlsx_1869,2000010278684514,2025-06-01,dont_want_it_another_cause_fashion,19990.0,PAGO,1 enero 2025 - 1 julio 2025.xlsx,,,2026-05-27 15:01:07.423457,,ajustes,Ajuste por Arrepentimiento,True
ML,POS_98159949641_1 enero 2025 - 1 julio 2025.xlsx_1870,2000010380595380,2025-06-01,undelivered_repentant_buyer,15490.0,PAGO,1 enero 2025 - 1 julio 2025.xlsx,,,2026-05-27 15:01:07.423457,,ajustes,Ajuste por Arrepentimiento,True
ML,POS_96245958904_1 enero 2025 - 1 julio 2025.xlsx_1871,2000010163492526,2025-06-01,bigger_than_expected_fashion,39990.0,PAGO,1 enero 2025 - 1 julio 2025.xlsx,,,2026-05-27 15:01:07.423457,,ajustes,Ajuste por Talla/Garantía,False
ML,POS_97897382620_1 enero 2025 - 1 julio 2025.xlsx_1872,2000010325441742,2025-06-01,bigger_than_expected_fashion,19990.0,PAGO,1 enero 2025 - 1 julio 2025.xlsx,,,2026-05-27 15:01:07.423457,,ajustes,Ajuste por Talla/Garantía,False
ML,POS_96461360713_1 enero 2025 - 1 julio 2025.xlsx_1873,2000010232581062,2025-06-01,smaller_than_expected_fashion,20990.0,PAGO,1 enero 2025 - 1 julio 2025.xlsx,,,2026-05-27 15:01:07.423457,,ajustes,Ajuste por Talla/Garantía,False
ML,POS_96814279502_1 enero 2025 - 1 julio 2025.xlsx_1874,2000010232930494,2025-06-01,bigger_than_expected_fashion,19990.0,PAGO,1 enero 2025 - 1 julio 2025.xlsx,,,2026-05-27 15:01:07.423457,,ajustes,Ajuste por Talla/Garantía,False
ML,POS_95278899217_1 enero 2025 - 1 julio 2025.xlsx_1875,2000010090125996,2025-06-01,smaller_than_expected_fashion,24990.0,PAGO,1 enero 2025 - 1 julio 2025.xlsx,,,2026-05-27 15:01:07.423457,,ajustes,Ajuste por Talla/Garantía,False
ML,POS_97862818346_1 enero 2025 - 1 julio 2025.xlsx_1876,2000010323279728,2025-06-01,dont_want_it_another_cause_fashion,16990.0,PAGO,1 enero 2025 - 1 julio 2025.xlsx,,,2026-05-27 15:01:07.423457,,ajustes,Ajuste por Arrepentimiento,True
ML,POS_97045847068_1 enero 2025 - 1 julio 2025.xlsx_1877,2000010255525430,2025-05-01,smaller_than_expected_fashion,25190.0,PAGO,1 enero 2025 - 1 julio 2025.xlsx,,,2026-05-27 15:01:07.423457,,ajustes,Ajuste por Talla/Garantía,False
ML,POS_96695343871_1 enero 2025 - 1 julio 2025.xlsx_1878,2000010255527406,2025-05-01,smaller_than_expected_fashion,45990.0,PAGO,1 enero 2025 - 1 julio 2025.xlsx,,,2026-05-27 15:01:07.423457,,ajustes,Ajuste por Talla/Garantía,False
ML,POS_96467295454_1 enero 2025 - 1 julio 2025.xlsx_1879,2000010188147074,2025-05-01,dont_want_it_another_cause_fashion,26990.0,PAGO,1 enero 2025 - 1 julio 2025.xlsx,,,2026-05-27 15:01:07.423457,,ajustes,Ajuste por Arrepentimiento,True
ML,POS_96943977200_1 enero 2025 - 1 julio 2025.xlsx_1880,2000010246692808,2025-05-01,bigger_than_expected_fashion,11960.0,PAGO,1 enero 2025 - 1 julio 2025.xlsx,,,2026-05-27 15:01:07.423457,,ajustes,Ajuste por Talla/Garantía,False
ML,POS_96594064265_1 enero 2025 - 1 julio 2025.xlsx_1881,2000010246692808,2025-05-01,bigger_than_expected_fashion,8030.0,PAGO,1 enero 2025 - 1 julio 2025.xlsx,,,2026-05-27 15:01:07.423457,,ajustes,Ajuste por Talla/Garantía,False
ML,POS_98204175774_1 enero 2025 - 1 julio 2025.xlsx_1882,2000010350007224,2025-05-01,smaller_than_expected_fashion,36990.0,PAGO,1 enero 2025 - 1 julio 2025.xlsx,,,2026-05-27 15:01:07.423457,,ajustes,Ajuste por Talla/Garantía,False
ML,POS_95679686467_1 enero 2025 - 1 julio 2025.xlsx_1883,2000010137030090,2025-05-01,smaller_than_expected_fashion,34990.0,PAGO,1 enero 2025 - 1 julio 2025.xlsx,,,2026-05-27 15:01:07.423457,,ajustes,Ajuste por Talla/Garantía,False
ML,POS_97486545341_1 enero 2025 - 1 julio 2025.xlsx_1884,2000010321469840,2025-05-01,bigger_than_expected_fashion,19990.0,PAGO,1 enero 2025 - 1 julio 2025.xlsx,,,2026-05-27 15:01:07.423457,,ajustes,Ajuste por Talla/Garantía,False
ML,POS_98090719758_1 enero 2025 - 1 julio 2025.xlsx_1885,2000010337606978,2025-05-01,bigger_than_expected_fashion,21990.0,PAGO,1 enero 2025 - 1 julio 2025.xlsx,,,2026-05-27 15:01:07.423457,,ajustes,Ajuste por Talla/Garantía,False
ML,POS_98090254164_1 enero 2025 - 1 julio 2025.xlsx_1886,2000010337606978,2025-05-01,bigger_than_expected_fashion,21990.0,PAGO,1 enero 2025 - 1 julio 2025.xlsx,,,2026-05-27 15:01:07.423457,,ajustes,Ajuste por Talla/Garantía,False
ML,POS_96467261218_1 enero 2025 - 1 julio 2025.xlsx_1887,2000010188150560,2025-05-01,dont_want_it_another_cause_fashion,26990.0,PAGO,1 enero 2025 - 1 julio 2025.xlsx,,,2026-05-27 15:01:07.423457,,ajustes,Ajuste por Arrepentimiento,True
ML,POS_98011246709_1 enero 2025 - 1 julio 2025.xlsx_1888,2000010365567460,2025-04-01,undelivered_repentant_buyer,27990.0,PAGO,1 enero 2025 - 1 julio 2025.xlsx,,,2026-05-27 15:01:07.423457,,ajustes,Ajuste por Arrepentimiento,True
ML,POS_94957406083_1 enero 2025 - 1 julio 2025.xlsx_1889,2000010058644972,2025-04-01,bigger_than_expected_fashion,17990.0,PAGO,1 enero 2025 - 1 julio 2025.xlsx,,,2026-05-27 15:01:07.423457,,ajustes,Ajuste por Talla/Garantía,False
ML,POS_97724555885_1 enero 2025 - 1 julio 2025.xlsx_1890,2000010336470182,2025-04-01,smaller_than_expected_fashion,24990.0,PAGO,1 enero 2025 - 1 julio 2025.xlsx,,,2026-05-27 15:01:07.423457,,ajustes,Ajuste por Talla/Garantía,False
ML,POS_98080034846_1 enero 2025 - 1 julio 2025.xlsx_1891,2000010336466510,2025-04-01,smaller_than_expected_fashion,23990.0,PAGO,1 enero 2025 - 1 julio 2025.xlsx,,,2026-05-27 15:01:07.423457,,ajustes,Ajuste por Talla/Garantía,False
ML,POS_97724636593_1 enero 2025 - 1 julio 2025.xlsx_1892,2000010336466512,2025-04-01,smaller_than_expected_fashion,14990.0,PAGO,1 enero 2025 - 1 julio 2025.xlsx,,,2026-05-27 15:01:07.423457,,ajustes,Ajuste por Talla/Garantía,False
ML,POS_98079971446_1 enero 2025 - 1 julio 2025.xlsx_1893,2000010336463674,2025-04-01,smaller_than_expected_fashion,4990.0,PAGO,1 enero 2025 - 1 julio 2025.xlsx,,,2026-05-27 15:01:07.423457,,ajustes,Ajuste por Talla/Garantía,False
ML,POS_95167395510_1 enero 2025 - 1 julio 2025.xlsx_1894,2000010043273828,2025-04-01,bigger_than_expected_fashion,15590.0,PAGO,1 enero 2025 - 1 julio 2025.xlsx,,,2026-05-27 15:01:07.423457,,ajustes,Ajuste por Talla/Garantía,False
ML,POS_98129579646_1 enero 2025 - 1 julio 2025.xlsx_1895,2000010341334282,2025-03-01,smaller_than_expected_fashion,17990.0,PAGO,1 enero 2025 - 1 julio 2025.xlsx,,,2026-05-27 15:01:07.423457,,ajustes,Ajuste por Talla/Garantía,False
ML,POS_98129522034_1 enero 2025 - 1 julio 2025.xlsx_1896,2000010341319822,2025-03-01,bigger_than_expected_fashion,17990.0,PAGO,1 enero 2025 - 1 julio 2025.xlsx,,,2026-05-27 15:01:07.423457,,ajustes,Ajuste por Talla/Garantía,False
ML,POS_97665940731_1 enero 2025 - 1 julio 2025.xlsx_1897,2000010332531408,2025-03-01,undelivered_repentant_buyer,15990.0,PAGO,1 enero 2025 - 1 julio 2025.xlsx,,,2026-05-27 15:01:07.423457,,ajustes,Ajuste por Arrepentimiento,True
ML,POS_97281587233_1 enero 2025 - 1 julio 2025.xlsx_1898,2000010303310206,2025-03-01,smaller_than_expected_fashion,22990.0,PAGO,1 enero 2025 - 1 julio 2025.xlsx,,,2026-05-27 15:01:07.423457,,ajustes,Ajuste por Talla/Garantía,False
ML,POS_97281477915_1 enero 2025 - 1 julio 2025.xlsx_1899,2000010303287196,2025-03-01,smaller_than_expected_fashion,13990.0,PAGO,1 enero 2025 - 1 julio 2025.xlsx,,,2026-05-27 15:01:07.423457,,ajustes,Ajuste por Talla/Garantía,False
ML,POS_96703405213_1 enero 2025 - 1 julio 2025.xlsx_1900,2000010256306284,2025-03-01,smaller_than_expected_fashion,23990.0,PAGO,1 enero 2025 - 1 julio 2025.xlsx,,,2026-05-27 15:01:07.423457,,ajustes,Ajuste por Talla/Garantía,False
ML,POS_95118063842_1 enero 2025 - 1 julio 2025.xlsx_1901,2000010037557868,2025-03-01,bigger_than_expected_fashion,18990.0,PAGO,1 enero 2025 - 1 julio 2025.xlsx,,,2026-05-27 15:01:07.423457,,ajustes,Ajuste por Talla/Garantía,False
ML,POS_96929073728_1 enero 2025 - 1 julio 2025.xlsx_1902,2000010245564988,2025-03-01,smaller_than_expected_fashion,19990.0,PAGO,1 enero 2025 - 1 julio 2025.xlsx,,,2026-05-27 15:01:07.423457,,ajustes,Ajuste por Talla/Garantía,False
ML,POS_97865243205_1 enero 2025 - 1 julio 2025.xlsx_1903,2000010351302622,2025-03-01,estimated_delivery_out_of_time,17990.0,PAGO,1 enero 2025 - 1 julio 2025.xlsx,,,2026-05-27 15:01:07.423457,,ajustes,Ajuste por Retraso en Entrega,True
ML,POS_96830387880_1 enero 2025 - 1 julio 2025.xlsx_1904,2000010234455154,2025-03-01,smaller_than_expected_fashion,28990.0,PAGO,1 enero 2025 - 1 julio 2025.xlsx,,,2026-05-27 15:01:07.423457,,ajustes,Ajuste por Talla/Garantía,False
ML,POS_96830660320_1 enero 2025 - 1 julio 2025.xlsx_1905,2000010234453144,2025-03-01,smaller_than_expected_fashion,24990.0,PAGO,1 enero 2025 - 1 julio 2025.xlsx,,,2026-05-27 15:01:07.423457,,ajustes,Ajuste por Talla/Garantía,False
ML,POS_97248551755_1 enero 2025 - 1 julio 2025.xlsx_1906,2000010300756364,2025-03-01,different_than_published,29990.0,PAGO,1 enero 2025 - 1 julio 2025.xlsx,,,2026-05-27 15:01:07.423457,,ajustes,Ajuste por Diferencia de Publicación,True
ML,POS_97839529503_1 enero 2025 - 1 julio 2025.xlsx_1907,2000010348610718,2025-03-01,undelivered_repentant_buyer,8990.0,PAGO,1 enero 2025 - 1 julio 2025.xlsx,,,2026-05-27 15:01:07.423457,,ajustes,Ajuste por Arrepentimiento,True
ML,POS_97061818210_1 enero 2025 - 1 julio 2025.xlsx_1908,2000010256923744,2025-02-01,bigger_than_expected_fashion,19790.0,PAGO,1 enero 2025 - 1 julio 2025.xlsx,,,2026-05-27 15:01:07.423457,,ajustes,Ajuste por Talla/Garantía,False
ML,POS_97982614756_1 enero 2025 - 1 julio 2025.xlsx_1909,2000010330873980,2025-02-01,smaller_than_expected_fashion,23990.0,PAGO,1 enero 2025 - 1 julio 2025.xlsx,,,2026-05-27 15:01:07.423457,,ajustes,Ajuste por Talla/Garantía,False
ML,POS_97828673856_1 enero 2025 - 1 julio 2025.xlsx_1910,2000010320261788,2025-02-01,smaller_than_expected_fashion,31990.0,PAGO,1 enero 2025 - 1 julio 2025.xlsx,,,2026-05-27 15:01:07.423457,,ajustes,Ajuste por Talla/Garantía,False
ML,POS_97693413160_1 enero 2025 - 1 julio 2025.xlsx_1911,2000010308625876,2025-02-01,smaller_than_expected_fashion,32990.0,PAGO,1 enero 2025 - 1 julio 2025.xlsx,,,2026-05-27 15:01:07.423457,,ajustes,Ajuste por Talla/Garantía,False
ML,POS_97631912378_1 enero 2025 - 1 julio 2025.xlsx_1912,2000010302973006,2025-02-01,smaller_than_expected_fashion,26990.0,PAGO,1 enero 2025 - 1 julio 2025.xlsx,,,2026-05-27 15:01:07.423457,,ajustes,Ajuste por Talla/Garantía,False
ML,POS_97133746367_1 enero 2025 - 1 julio 2025.xlsx_1913,2000010289131114,2025-02-01,bigger_than_expected_fashion,31990.0,PAGO,1 enero 2025 - 1 julio 2025.xlsx,,,2026-05-27 15:01:07.423457,,ajustes,Ajuste por Talla/Garantía,False
ML,POS_97739745227_1 enero 2025 - 1 julio 2025.xlsx_1914,2000010338172308,2025-02-01,not_match_size_guide_fashion,21990.0,PAGO,1 enero 2025 - 1 julio 2025.xlsx,,,2026-05-27 15:01:07.423457,,ajustes,Ajuste por Talla/Garantía,True
ML,POS_97711167408_1 enero 2025 - 1 julio 2025.xlsx_1915,2000010310094630,2025-02-01,dont_want_it_another_cause_fashion,31990.0,PAGO,1 enero 2025 - 1 julio 2025.xlsx,,,2026-05-27 15:01:07.423457,,ajustes,Ajuste por Arrepentimiento,True
ML,POS_97600694997_1 enero 2025 - 1 julio 2025.xlsx_1916,2000010329529982,2025-02-01,smaller_than_expected_fashion,34990.0,PAGO,1 enero 2025 - 1 julio 2025.xlsx,,,2026-05-27 15:01:07.423457,,ajustes,Ajuste por Talla/Garantía,False
ML,POS_97520894477_1 enero 2025 - 1 julio 2025.xlsx_1917,2000010324071100,2025-02-01,bigger_than_expected_fashion,23480.0,PAGO,1 enero 2025 - 1 julio 2025.xlsx,,,2026-05-27 15:01:07.423457,,ajustes,Ajuste por Talla/Garantía,False
ML,POS_97226641085_1 enero 2025 - 1 julio 2025.xlsx_1918,2000010298404978,2025-02-01,smaller_than_expected_fashion,24990.0,PAGO,1 enero 2025 - 1 julio 2025.xlsx,,,2026-05-27 15:01:07.423457,,ajustes,Ajuste por Talla/Garantía,False
ML,POS_95661060663_1 enero 2025 - 1 julio 2025.xlsx_1919,2000010134977088,2025-02-01,bigger_than_expected_fashion,21590.0,PAGO,1 enero 2025 - 1 julio 2025.xlsx,,,2026-05-27 15:01:07.423457,,ajustes,Ajuste por Talla/Garantía,False
ML,POS_95660978491_1 enero 2025 - 1 julio 2025.xlsx_1920,2000010134975186,2025-02-01,smaller_than_expected_fashion,10190.0,PAGO,1 enero 2025 - 1 julio 2025.xlsx,,,2026-05-27 15:01:07.423457,,ajustes,Ajuste por Talla/Garantía,False
ML,POS_95660890907_1 enero 2025 - 1 julio 2025.xlsx_1921,2000010134977102,2025-02-01,smaller_than_expected_fashion,10190.0,PAGO,1 enero 2025 - 1 julio 2025.xlsx,,,2026-05-27 15:01:07.423457,,ajustes,Ajuste por Talla/Garantía,False
ML,POS_96004040800_1 enero 2025 - 1 julio 2025.xlsx_1922,2000010134967932,2025-02-01,smaller_than_expected_fashion,26990.0,PAGO,1 enero 2025 - 1 julio 2025.xlsx,,,2026-05-27 15:01:07.423457,,ajustes,Ajuste por Talla/Garantía,False
ML,POS_95660896887_1 enero 2025 - 1 julio 2025.xlsx_1923,2000010134975182,2025-02-01,smaller_than_expected_fashion,21990.0,PAGO,1 enero 2025 - 1 julio 2025.xlsx,,,2026-05-27 15:01:07.423457,,ajustes,Ajuste por Talla/Garantía,False
ML,POS_97881724042_1 enero 2025 - 1 julio 2025.xlsx_1924,2000010324474758,2025-02-01,smaller_than_expected_fashion,19380.0,PAGO,1 enero 2025 - 1 julio 2025.xlsx,,,2026-05-27 15:01:07.423457,,ajustes,Ajuste por Talla/Garantía,False
ML,POS_96909080829_1 enero 2025 - 1 julio 2025.xlsx_1925,2000010273693226,2025-02-01,not_match_size_guide_fashion,19990.0,PAGO,1 enero 2025 - 1 julio 2025.xlsx,,,2026-05-27 15:01:07.423457,,ajustes,Ajuste por Talla/Garantía,True
ML,POS_96378462699_1 enero 2025 - 1 julio 2025.xlsx_1926,2000010221588122,2025-02-01,bigger_than_expected_fashion,22990.0,PAGO,1 enero 2025 - 1 julio 2025.xlsx,,,2026-05-27 15:01:07.423457,,ajustes,Ajuste por Talla/Garantía,False
ML,POS_96866712332_1 enero 2025 - 1 julio 2025.xlsx_1927,2000010238385272,2025-02-01,different_color_or_size_fashion,21990.0,PAGO,1 enero 2025 - 1 julio 2025.xlsx,,,2026-05-27 15:01:07.423457,,ajustes,Ajuste por Diferencia de Publicación,True
ML,POS_97620873327_1 enero 2025 - 1 julio 2025.xlsx_1928,2000010330644122,2025-02-01,bigger_than_expected_fashion,21990.0,PAGO,1 enero 2025 - 1 julio 2025.xlsx,,,2026-05-27 15:01:07.423457,,ajustes,Ajuste por Talla/Garantía,False
ML,POS_97653469962_1 enero 2025 - 1 julio 2025.xlsx_1929,2000010304961090,2025-02-01,smaller_than_expected_fashion,21990.0,PAGO,1 enero 2025 - 1 julio 2025.xlsx,,,2026-05-27 15:01:07.423457,,ajustes,Ajuste por Talla/Garantía,False
ML,POS_96933093393_1 enero 2025 - 1 julio 2025.xlsx_1930,2000010275153982,2025-02-01,bigger_than_expected_fashion,32990.0,PAGO,1 enero 2025 - 1 julio 2025.xlsx,,,2026-05-27 15:01:07.423457,,ajustes,Ajuste por Talla/Garantía,False
ML,POS_96378462699_1 enero 2025 - 1 julio 2025.xlsx_1931,2000010221588122,2025-02-01,bigger_than_expected_fashion,22990.0,PAGO,1 enero 2025 - 1 julio 2025.xlsx,,,2026-05-27 15:01:07.423457,,ajustes,Ajuste por Talla/Garantía,False
ML,POS_95724920122_1 enero 2025 - 1 julio 2025.xlsx_1932,2000010101225010,2025-02-01,smaller_than_expected_fashion,28990.0,PAGO,1 enero 2025 - 1 julio 2025.xlsx,,,2026-05-27 15:01:07.423457,,ajustes,Ajuste por Talla/Garantía,False
ML,POS_97941121496_1 enero 2025 - 1 julio 2025.xlsx_1933,2000010328314298,2025-02-01,bigger_than_expected_fashion,18990.0,PAGO,1 enero 2025 - 1 julio 2025.xlsx,,,2026-05-27 15:01:07.423457,,ajustes,Ajuste por Talla/Garantía,False
ML,POS_97941165224_1 enero 2025 - 1 julio 2025.xlsx_1934,2000010328297366,2025-02-01,bigger_than_expected_fashion,11990.0,PAGO,1 enero 2025 - 1 julio 2025.xlsx,,,2026-05-27 15:01:07.423457,,ajustes,Ajuste por Talla/Garantía,False
ML,POS_95509440773_1 enero 2025 - 1 julio 2025.xlsx_1935,2000010116957454,2025-02-01,smaller_than_expected_fashion,22180.0,PAGO,1 enero 2025 - 1 julio 2025.xlsx,,,2026-05-27 15:01:07.423457,,ajustes,Ajuste por Talla/Garantía,False
ML,POS_95011887108_1 enero 2025 - 1 julio 2025.xlsx_1936,2000010023771246,2025-02-01,smaller_than_expected_fashion,19990.0,PAGO,1 enero 2025 - 1 julio 2025.xlsx,,,2026-05-27 15:01:07.423457,,ajustes,Ajuste por Talla/Garantía,False
ML,POS_95011922476_1 enero 2025 - 1 julio 2025.xlsx_1937,2000010023772982,2025-02-01,smaller_than_expected_fashion,24990.0,PAGO,1 enero 2025 - 1 julio 2025.xlsx,,,2026-05-27 15:01:07.423457,,ajustes,Ajuste por Talla/Garantía,False
ML,POS_94675650885_1 enero 2025 - 1 julio 2025.xlsx_1938,2000010023772980,2025-02-01,smaller_than_expected_fashion,23990.0,PAGO,1 enero 2025 - 1 julio 2025.xlsx,,,2026-05-27 15:01:07.423457,,ajustes,Ajuste por Talla/Garantía,False
ML,POS_95011940156_1 enero 2025 - 1 julio 2025.xlsx_1939,2000010023771248,2025-02-01,smaller_than_expected_fashion,23990.0,PAGO,1 enero 2025 - 1 julio 2025.xlsx,,,2026-05-27 15:01:07.423457,,ajustes,Ajuste por Talla/Garantía,False
ML,POS_95011845784_1 enero 2025 - 1 julio 2025.xlsx_1940,2000010023776628,2025-02-01,smaller_than_expected_fashion,29990.0,PAGO,1 enero 2025 - 1 julio 2025.xlsx,,,2026-05-27 15:01:07.423457,,ajustes,Ajuste por Talla/Garantía,False
ML,POS_97953692084_1 enero 2025 - 1 julio 2025.xlsx_1941,2000010329333780,2025-02-01,smaller_than_expected_fashion,34990.0,PAGO,1 enero 2025 - 1 julio 2025.xlsx,,,2026-05-27 15:01:07.423457,,ajustes,Ajuste por Talla/Garantía,False
ML,POS_95731662024_1 enero 2025 - 1 julio 2025.xlsx_1942,2000010102166124,2025-02-01,smaller_than_expected_fashion,15990.0,PAGO,1 enero 2025 - 1 julio 2025.xlsx,,,2026-05-27 15:01:07.423457,,ajustes,Ajuste por Talla/Garantía,False
ML,POS_95390488531_1 enero 2025 - 1 julio 2025.xlsx_1943,2000010102168162,2025-02-01,smaller_than_expected_fashion,23990.0,PAGO,1 enero 2025 - 1 julio 2025.xlsx,,,2026-05-27 15:01:07.423457,,ajustes,Ajuste por Talla/Garantía,False
ML,POS_95731662004_1 enero 2025 - 1 julio 2025.xlsx_1944,2000010102162674,2025-02-01,smaller_than_expected_fashion,19990.0,PAGO,1 enero 2025 - 1 julio 2025.xlsx,,,2026-05-27 15:01:07.423457,,ajustes,Ajuste por Talla/Garantía,False
ML,POS_95390488519_1 enero 2025 - 1 julio 2025.xlsx_1945,2000010102170060,2025-02-01,smaller_than_expected_fashion,15990.0,PAGO,1 enero 2025 - 1 julio 2025.xlsx,,,2026-05-27 15:01:07.423457,,ajustes,Ajuste por Talla/Garantía,False
ML,POS_97968153034_1 enero 2025 - 1 julio 2025.xlsx_1946,2000010330338202,2025-02-01,bigger_than_expected_fashion,22490.0,PAGO,1 enero 2025 - 1 julio 2025.xlsx,,,2026-05-27 15:01:07.423457,,ajustes,Ajuste por Talla/Garantía,False
ML,POS_114932728812_1 enero 2025 - 1 julio 2025.xlsx_2142,nan,2025-12-06,Ajuste Poscobro,441.0,PAGO,1 enero 2025 - 1 julio 2025.xlsx,,,2026-05-27 15:01:07.423457,,ajustes,Ajuste Poscobro General,True
ML,POS_114450982375_1 enero 2025 - 1 julio 2025.xlsx_2143,2000011939141686,2025-12-06,reconciled,45990.0,PAGO,1 enero 2025 - 1 julio 2025.xlsx,,,2026-05-27 15:01:07.423457,,ajustes,Ajuste Poscobro Conciliado,False
ML,POS_114430749265_1 enero 2025 - 1 julio 2025.xlsx_2144,2000011937066178,2025-12-06,bpp_refunded,27990.0,PAGO,1 enero 2025 - 1 julio 2025.xlsx,,,2026-05-27 15:01:07.423457,,ajustes,Ajuste por Compra Protegida (BPP),False
ML,POS_114908939840_1 enero 2025 - 1 julio 2025.xlsx_2145,2000011936793434,2025-12-06,reconciled,45990.0,PAGO,1 enero 2025 - 1 julio 2025.xlsx,,,2026-05-27 15:01:07.423457,,ajustes,Ajuste Poscobro Conciliado,False
ML,POS_114874801592_1 enero 2025 - 1 julio 2025.xlsx_2146,2000011933414544,2025-12-06,reconciled,45990.0,PAGO,1 enero 2025 - 1 julio 2025.xlsx,,,2026-05-27 15:01:07.423457,,ajustes,Ajuste Poscobro Conciliado,False
ML,POS_114333522695_1 enero 2025 - 1 julio 2025.xlsx_2147,2000011927194734,2025-11-06,bpp_refunded,27990.0,PAGO,1 enero 2025 - 1 julio 2025.xlsx,,,2026-05-27 15:01:07.423457,,ajustes,Ajuste por Compra Protegida (BPP),False
ML,POS_114321245153_1 enero 2025 - 1 julio 2025.xlsx_2148,2000011925524030,2025-11-06,bpp_refunded,55990.0,PAGO,1 enero 2025 - 1 julio 2025.xlsx,,,2026-05-27 15:01:07.423457,,ajustes,Ajuste por Compra Protegida (BPP),False
ML,POS_114790890088_1 enero 2025 - 1 julio 2025.xlsx_2149,nan,2025-11-06,Ajuste Poscobro,441.0,PAGO,1 enero 2025 - 1 julio 2025.xlsx,,,2026-05-27 15:01:07.423457,,ajustes,Ajuste Poscobro General,True
ML,POS_114310085731_1 enero 2025 - 1 julio 2025.xlsx_2150,2000011924404556,2025-11-06,reconciled,27990.0,PAGO,1 enero 2025 - 1 julio 2025.xlsx,,,2026-05-27 15:01:07.423457,,ajustes,Ajuste Poscobro Conciliado,False
ML,POS_114789962940_1 enero 2025 - 1 julio 2025.xlsx_2151,nan,2025-11-06,Ajuste Poscobro,525.0,PAGO,1 enero 2025 - 1 julio 2025.xlsx,,,2026-05-27 15:01:07.423457,,ajustes,Ajuste Poscobro General,True
ML,POS_114789635230_1 enero 2025 - 1 julio 2025.xlsx_2152,2000011924316500,2025-11-06,bpp_refunded,39990.0,PAGO,1 enero 2025 - 1 julio 2025.xlsx,,,2026-05-27 15:01:07.423457,,ajustes,Ajuste por Compra Protegida (BPP),False
ML,POS_114304455279_1 enero 2025 - 1 julio 2025.xlsx_2153,2000011923888156,2025-11-06,bpp_refunded,39990.0,PAGO,1 enero 2025 - 1 julio 2025.xlsx,,,2026-05-27 15:01:07.423457,,ajustes,Ajuste por Compra Protegida (BPP),False
ML,POS_114302962987_1 enero 2025 - 1 julio 2025.xlsx_2154,nan,2025-11-06,Ajuste Poscobro,441.0,PAGO,1 enero 2025 - 1 julio 2025.xlsx,,,2026-05-27 15:01:07.423457,,ajustes,Ajuste Poscobro General,True
ML,POS_114302647427_1 enero 2025 - 1 julio 2025.xlsx_2155,2000011923720814,2025-11-06,reconciled,27990.0,PAGO,1 enero 2025 - 1 julio 2025.xlsx,,,2026-05-27 15:01:07.423457,,ajustes,Ajuste Poscobro Conciliado,False
ML,POS_114298154541_1 enero 2025 - 1 julio 2025.xlsx_2156,2000011923313966,2025-11-06,bpp_refunded,39990.0,PAGO,1 enero 2025 - 1 julio 2025.xlsx,,,2026-05-27 15:01:07.423457,,ajustes,Ajuste por Compra Protegida (BPP),False
ML,POS_114754445284_1 enero 2025 - 1 julio 2025.xlsx_2157,nan,2025-11-06,Ajuste Poscobro,441.0,PAGO,1 enero 2025 - 1 julio 2025.xlsx,,,2026-05-27 15:01:07.423457,,ajustes,Ajuste Poscobro General,True
ML,POS_114273894713_1 enero 2025 - 1 julio 2025.xlsx_2158,2000011920620790,2025-11-06,bpp_refunded,27990.0,PAGO,1 enero 2025 - 1 julio 2025.xlsx,,,2026-05-27 15:01:07.423457,,ajustes,Ajuste por Compra Protegida (BPP),False
ML,POS_114735185386_1 enero 2025 - 1 julio 2025.xlsx_2159,2000011918577986,2025-11-06,reconciled,37490.0,PAGO,1 enero 2025 - 1 julio 2025.xlsx,,,2026-05-27 15:01:07.423457,,ajustes,Ajuste Poscobro Conciliado,False
ML,POS_114247010441_1 enero 2025 - 1 julio 2025.xlsx_2160,2000011917788060,2025-11-06,bpp_refunded,59990.0,PAGO,1 enero 2025 - 1 julio 2025.xlsx,,,2026-05-27 15:01:07.423457,,ajustes,Ajuste por Compra Protegida (BPP),False
ML,POS_114233533971_1 enero 2025 - 1 julio 2025.xlsx_2161,2000011916477980,2025-11-06,bpp_refunded,22990.0,PAGO,1 enero 2025 - 1 julio 2025.xlsx,,,2026-05-27 15:01:07.423457,,ajustes,Ajuste por Compra Protegida (BPP),False
ML,POS_114212985673_1 enero 2025 - 1 julio 2025.xlsx_2162,2000011914799836,2025-10-06,bpp_refunded,63990.0,PAGO,1 enero 2025 - 1 julio 2025.xlsx,,,2026-05-27 15:01:07.423457,,ajustes,Ajuste por Compra Protegida (BPP),False
ML,POS_114672869010_1 enero 2025 - 1 julio 2025.xlsx_2163,2000011911870750,2025-10-06,bpp_refunded,19990.0,PAGO,1 enero 2025 - 1 julio 2025.xlsx,,,2026-05-27 15:01:07.423457,,ajustes,Ajuste por Compra Protegida (BPP),False
ML,POS_114161680983_1 enero 2025 - 1 julio 2025.xlsx_2164,2000011908903292,2025-10-06,bpp_refunded,21990.0,PAGO,1 enero 2025 - 1 julio 2025.xlsx,,,2026-05-27 15:01:07.423457,,ajustes,Ajuste por Compra Protegida (BPP),False
ML,POS_114083801939_1 enero 2025 - 1 julio 2025.xlsx_2165,2000011901326536,2025-09-06,bpp_refunded,39990.0,PAGO,1 enero 2025 - 1 julio 2025.xlsx,,,2026-05-27 15:01:07.423457,,ajustes,Ajuste por Compra Protegida (BPP),False
ML,POS_114561179720_1 enero 2025 - 1 julio 2025.xlsx_2166,nan,2025-09-06,Ajuste Poscobro,441.0,PAGO,1 enero 2025 - 1 julio 2025.xlsx,,,2026-05-27 15:01:07.423457,,ajustes,Ajuste Poscobro General,True
ML,POS_114561158810_1 enero 2025 - 1 julio 2025.xlsx_2167,2000011901132634,2025-09-06,bpp_refunded,37490.0,PAGO,1 enero 2025 - 1 julio 2025.xlsx,,,2026-05-27 15:01:07.423457,,ajustes,Ajuste por Compra Protegida (BPP),False
ML,POS_114081584965_1 enero 2025 - 1 julio 2025.xlsx_2168,2000011900880426,2025-09-06,bpp_refunded,28490.0,PAGO,1 enero 2025 - 1 julio 2025.xlsx,,,2026-05-27 15:01:07.423457,,ajustes,Ajuste por Compra Protegida (BPP),False
ML,POS_114080281743_1 enero 2025 - 1 julio 2025.xlsx_2169,2000011900651138,2025-09-06,bpp_refunded,39990.0,PAGO,1 enero 2025 - 1 julio 2025.xlsx,,,2026-05-27 15:01:07.423457,,ajustes,Ajuste por Compra Protegida (BPP),False
ML,POS_114557874192_1 enero 2025 - 1 julio 2025.xlsx_2170,2000011900457866,2025-09-06,reconciled,39990.0,PAGO,1 enero 2025 - 1 julio 2025.xlsx,,,2026-05-27 15:01:07.423457,,ajustes,Ajuste Poscobro Conciliado,False
ML,POS_114070289295_1 enero 2025 - 1 julio 2025.xlsx_2171,2000011898990336,2025-09-06,bpp_refunded,55990.0,PAGO,1 enero 2025 - 1 julio 2025.xlsx,,,2026-05-27 15:01:07.423457,,ajustes,Ajuste por Compra Protegida (BPP),False
ML,POS_114544624120_1 enero 2025 - 1 julio 2025.xlsx_2172,nan,2025-09-06,Ajuste Poscobro,441.0,PAGO,1 enero 2025 - 1 julio 2025.xlsx,,,2026-05-27 15:01:07.423457,,ajustes,Ajuste Poscobro General,True
ML,POS_114544234000_1 enero 2025 - 1 julio 2025.xlsx_2173,2000011898403856,2025-09-06,bpp_refunded,20990.0,PAGO,1 enero 2025 - 1 julio 2025.xlsx,,,2026-05-27 15:01:07.423457,,ajustes,Ajuste por Compra Protegida (BPP),False
ML,POS_114544271386_1 enero 2025 - 1 julio 2025.xlsx_2174,2000011898407382,2025-09-06,bpp_refunded,20990.0,PAGO,1 enero 2025 - 1 julio 2025.xlsx,,,2026-05-27 15:01:07.423457,,ajustes,Ajuste por Compra Protegida (BPP),False
ML,POS_114487777582_1 enero 2025 - 1 julio 2025.xlsx_2175,2000011892070706,2025-09-06,bpp_refunded,59990.0,PAGO,1 enero 2025 - 1 julio 2025.xlsx,,,2026-05-27 15:01:07.423457,,ajustes,Ajuste por Compra Protegida (BPP),False
ML,POS_114484544278_1 enero 2025 - 1 julio 2025.xlsx_2177,2000011891713414,2025-09-06,bpp_refunded,37990.0,PAGO,1 enero 2025 - 1 julio 2025.xlsx,,,2026-05-27 15:01:07.423457,,ajustes,Ajuste por Compra Protegida (BPP),False
ML,POS_113959618905_1 enero 2025 - 1 julio 2025.xlsx_2178,nan,2025-09-06,Ajuste Poscobro,525.0,PAGO,1 enero 2025 - 1 julio 2025.xlsx,,,2026-05-27 15:01:07.423457,,ajustes,Ajuste Poscobro General,True
ML,POS_113959433725_1 enero 2025 - 1 julio 2025.xlsx_2179,2000011887963232,2025-09-06,bpp_refunded,29990.0,PAGO,1 enero 2025 - 1 julio 2025.xlsx,,,2026-05-27 15:01:07.423457,,ajustes,Ajuste por Compra Protegida (BPP),False
ML,POS_114436774368_1 enero 2025 - 1 julio 2025.xlsx_2180,2000011887891576,2025-09-06,bpp_refunded,59990.0,PAGO,1 enero 2025 - 1 julio 2025.xlsx,,,2026-05-27 15:01:07.423457,,ajustes,Ajuste por Compra Protegida (BPP),False
ML,POS_113959102559_1 enero 2025 - 1 julio 2025.xlsx_2181,2000011887862906,2025-09-06,bpp_refunded,26990.0,PAGO,1 enero 2025 - 1 julio 2025.xlsx,,,2026-05-27 15:01:07.423457,,ajustes,Ajuste por Compra Protegida (BPP),False
ML,POS_113958688449_1 enero 2025 - 1 julio 2025.xlsx_2182,nan,2025-09-06,Ajuste Poscobro,525.0,PAGO,1 enero 2025 - 1 julio 2025.xlsx,,,2026-05-27 15:01:07.423457,,ajustes,Ajuste Poscobro General,True
ML,POS_113958554869_1 enero 2025 - 1 julio 2025.xlsx_2183,2000011887776048,2025-09-06,reconciled,48990.0,PAGO,1 enero 2025 - 1 julio 2025.xlsx,,,2026-05-27 15:01:07.423457,,ajustes,Ajuste Poscobro Conciliado,False
ML,POS_114432812728_1 enero 2025 - 1 julio 2025.xlsx_2184,2000011887127412,2025-08-06,bpp_refunded,35990.0,PAGO,1 enero 2025 - 1 julio 2025.xlsx,,,2026-05-27 15:01:07.423457,,ajustes,Ajuste por Compra Protegida (BPP),False
ML,POS_113950658907_1 enero 2025 - 1 julio 2025.xlsx_2185,2000011886325762,2025-08-06,reconciled,63990.0,PAGO,1 enero 2025 - 1 julio 2025.xlsx,,,2026-05-27 15:01:07.423457,,ajustes,Ajuste Poscobro Conciliado,False
ML,POS_113938265935_1 enero 2025 - 1 julio 2025.xlsx_2186,nan,2025-08-06,Ajuste Poscobro,525.0,PAGO,1 enero 2025 - 1 julio 2025.xlsx,,,2026-05-27 15:01:07.423457,,ajustes,Ajuste Poscobro General,True
ML,POS_113938107379_1 enero 2025 - 1 julio 2025.xlsx_2187,2000011884584832,2025-08-06,reconciled,39990.0,PAGO,1 enero 2025 - 1 julio 2025.xlsx,,,2026-05-27 15:01:07.423457,,ajustes,Ajuste Poscobro Conciliado,False
ML,POS_113935896625_1 enero 2025 - 1 julio 2025.xlsx_2188,nan,2025-08-06,Ajuste Poscobro,441.0,PAGO,1 enero 2025 - 1 julio 2025.xlsx,,,2026-05-27 15:01:07.423457,,ajustes,Ajuste Poscobro General,True
ML,POS_113935633805_1 enero 2025 - 1 julio 2025.xlsx_2189,2000011884051216,2025-08-06,bpp_refunded,47990.0,PAGO,1 enero 2025 - 1 julio 2025.xlsx,,,2026-05-27 15:01:07.423457,,ajustes,Ajuste por Compra Protegida (BPP),False
ML,POS_114408543762_1 enero 2025 - 1 julio 2025.xlsx_2190,2000011883728224,2025-08-06,reconciled,37990.0,PAGO,1 enero 2025 - 1 julio 2025.xlsx,,,2026-05-27 15:01:07.423457,,ajustes,Ajuste Poscobro Conciliado,False
ML,POS_113888670515_1 enero 2025 - 1 julio 2025.xlsx_2191,2000011878842632,2025-08-06,reconciled,35990.0,PAGO,1 enero 2025 - 1 julio 2025.xlsx,,,2026-05-27 15:01:07.423457,,ajustes,Ajuste Poscobro Conciliado,False
ML,POS_114349316374_1 enero 2025 - 1 julio 2025.xlsx_2192,2000011877271276,2025-07-06,bpp_refunded,39990.0,PAGO,1 enero 2025 - 1 julio 2025.xlsx,,,2026-05-27 15:01:07.423457,,ajustes,Ajuste por Compra Protegida (BPP),False
ML,POS_113851957565_1 enero 2025 - 1 julio 2025.xlsx_2194,nan,2025-07-06,Ajuste Poscobro,525.0,PAGO,1 enero 2025 - 1 julio 2025.xlsx,,,2026-05-27 15:01:07.423457,,ajustes,Ajuste Poscobro General,True
ML,POS_114328872544_1 enero 2025 - 1 julio 2025.xlsx_2195,2000011875420612,2025-07-06,bpp_refunded,34990.0,PAGO,1 enero 2025 - 1 julio 2025.xlsx,,,2026-05-27 15:01:07.423457,,ajustes,Ajuste por Compra Protegida (BPP),False
ML,POS_113851050669_1 enero 2025 - 1 julio 2025.xlsx_2196,2000011875361506,2025-07-06,bpp_refunded,55990.0,PAGO,1 enero 2025 - 1 julio 2025.xlsx,,,2026-05-27 15:01:07.423457,,ajustes,Ajuste por Compra Protegida (BPP),False
ML,POS_113845884275_1 enero 2025 - 1 julio 2025.xlsx_2197,2000011874949184,2025-07-06,bpp_refunded,22990.0,PAGO,1 enero 2025 - 1 julio 2025.xlsx,,,2026-05-27 15:01:07.423457,,ajustes,Ajuste por Compra Protegida (BPP),False
ML,POS_113840256733_1 enero 2025 - 1 julio 2025.xlsx_2198,2000011874544564,2025-07-06,reconciled,28990.0,PAGO,1 enero 2025 - 1 julio 2025.xlsx,,,2026-05-27 15:01:07.423457,,ajustes,Ajuste Poscobro Conciliado,False
ML,POS_114310999680_1 enero 2025 - 1 julio 2025.xlsx_2199,2000011874072564,2025-07-06,bpp_refunded,29990.0,PAGO,1 enero 2025 - 1 julio 2025.xlsx,,,2026-05-27 15:01:07.423457,,ajustes,Ajuste por Compra Protegida (BPP),False
ML,POS_114305132412_1 enero 2025 - 1 julio 2025.xlsx_2200,2000011873587870,2025-07-06,bpp_refunded,47990.0,PAGO,1 enero 2025 - 1 julio 2025.xlsx,,,2026-05-27 15:01:07.423457,,ajustes,Ajuste por Compra Protegida (BPP),False
ML,POS_114275306190_1 enero 2025 - 1 julio 2025.xlsx_2201,2000011871048494,2025-07-06,bpp_refunded,35990.0,PAGO,1 enero 2025 - 1 julio 2025.xlsx,,,2026-05-27 15:01:07.423457,,ajustes,Ajuste por Compra Protegida (BPP),False
ML,POS_113610989447_1 enero 2025 - 1 julio 2025.xlsx_2209,2000011854631016,2025-05-06,refund_account_money,39990.0,PAGO,1 enero 2025 - 1 julio 2025.xlsx,,,2026-05-27 15:01:07.423457,,ajustes,Ajuste Poscobro General,True
ML,POS_113604109989_1 enero 2025 - 1 julio 2025.xlsx_2210,2000011853549744,2025-05-06,reconciled,47990.0,PAGO,1 enero 2025 - 1 julio 2025.xlsx,,,2026-05-27 15:01:07.423457,,ajustes,Ajuste Poscobro Conciliado,False
ML,POS_113602194461_1 enero 2025 - 1 julio 2025.xlsx_2211,2000011853308236,2025-05-06,bpp_refunded,33990.0,PAGO,1 enero 2025 - 1 julio 2025.xlsx,,,2026-05-27 15:01:07.423457,,ajustes,Ajuste por Compra Protegida (BPP),False
ML,POS_114065927964_1 enero 2025 - 1 julio 2025.xlsx_2212,2000011851837466,2025-05-06,reconciled,39990.0,PAGO,1 enero 2025 - 1 julio 2025.xlsx,,,2026-05-27 15:01:07.423457,,ajustes,Ajuste Poscobro Conciliado,False
ML,POS_114063851578_1 enero 2025 - 1 julio 2025.xlsx_2213,2000011851718036,2025-05-06,reconciled,34990.0,PAGO,1 enero 2025 - 1 julio 2025.xlsx,,,2026-05-27 15:01:07.423457,,ajustes,Ajuste Poscobro Conciliado,False
ML,POS_114052773654_1 enero 2025 - 1 julio 2025.xlsx_2214,2000011850774334,2025-05-06,bpp_refunded,37990.0,PAGO,1 enero 2025 - 1 julio 2025.xlsx,,,2026-05-27 15:01:07.423457,,ajustes,Ajuste por Compra Protegida (BPP),False
ML,POS_113576031681_1 enero 2025 - 1 julio 2025.xlsx_2215,2000011850739960,2025-05-06,bpp_refunded,22990.0,PAGO,1 enero 2025 - 1 julio 2025.xlsx,,,2026-05-27 15:01:07.423457,,ajustes,Ajuste por Compra Protegida (BPP),False
ML,POS_113574217467_1 enero 2025 - 1 julio 2025.xlsx_2216,2000011850624764,2025-05-06,bpp_refunded,55990.0,PAGO,1 enero 2025 - 1 julio 2025.xlsx,,,2026-05-27 15:01:07.423457,,ajustes,Ajuste por Compra Protegida (BPP),False
ML,POS_114047529052_1 enero 2025 - 1 julio 2025.xlsx_2217,2000011850359400,2025-05-06,reconciled,22990.0,PAGO,1 enero 2025 - 1 julio 2025.xlsx,,,2026-05-27 15:01:07.423457,,ajustes,Ajuste Poscobro Conciliado,False
ML,POS_114038654792_1 enero 2025 - 1 julio 2025.xlsx_2218,2000011849658200,2025-05-06,bpp_refunded,39990.0,PAGO,1 enero 2025 - 1 julio 2025.xlsx,,,2026-05-27 15:01:07.423457,,ajustes,Ajuste por Compra Protegida (BPP),False
ML,POS_114034713226_1 enero 2025 - 1 julio 2025.xlsx_2219,2000011849245436,2025-05-06,compensated,22990.0,PAGO,1 enero 2025 - 1 julio 2025.xlsx,,,2026-05-27 15:01:07.423457,,ajustes,Ajuste Poscobro Conciliado,True
ML,POS_113995493126_1 enero 2025 - 1 julio 2025.xlsx_2220,2000011845666650,2025-05-06,bpp_refunded,44990.0,PAGO,1 enero 2025 - 1 julio 2025.xlsx,,,2026-05-27 15:01:07.423457,,ajustes,Ajuste por Compra Protegida (BPP),False
ML,POS_113494492003_1 enero 2025 - 1 julio 2025.xlsx_2222,2000011843721626,2025-05-06,reconciled,41990.0,PAGO,1 enero 2025 - 1 julio 2025.xlsx,,,2026-05-27 15:01:07.423457,,ajustes,Ajuste Poscobro Conciliado,False
ML,POS_113970950252_1 enero 2025 - 1 julio 2025.xlsx_2223,2000011843739544,2025-05-06,bpp_refunded,35990.0,PAGO,1 enero 2025 - 1 julio 2025.xlsx,,,2026-05-27 15:01:07.423457,,ajustes,Ajuste por Compra Protegida (BPP),False
ML,POS_113956232356_1 enero 2025 - 1 julio 2025.xlsx_2224,2000011842773888,2025-05-06,reconciled,20406.0,PAGO,1 enero 2025 - 1 julio 2025.xlsx,,,2026-05-27 15:01:07.423457,,ajustes,Ajuste Poscobro Conciliado,False
ML,POS_113956170974_1 enero 2025 - 1 julio 2025.xlsx_2225,2000011842773888,2025-05-06,bpp_refunded,2584.0,PAGO,1 enero 2025 - 1 julio 2025.xlsx,,,2026-05-27 15:01:07.423457,,ajustes,Ajuste por Compra Protegida (BPP),False
ML,POS_113955983980_1 enero 2025 - 1 julio 2025.xlsx_2228,2000011842798284,2025-05-06,bpp_refunded,34990.0,PAGO,1 enero 2025 - 1 julio 2025.xlsx,,,2026-05-27 15:01:07.423457,,ajustes,Ajuste por Compra Protegida (BPP),False
ML,POS_113480001209_1 enero 2025 - 1 julio 2025.xlsx_2229,2000011842749724,2025-05-06,reconciled,41990.0,PAGO,1 enero 2025 - 1 julio 2025.xlsx,,,2026-05-27 15:01:07.423457,,ajustes,Ajuste Poscobro Conciliado,False
ML,POS_113476580677_1 enero 2025 - 1 julio 2025.xlsx_2230,2000011842182476,2025-04-06,reconciled,47990.0,PAGO,1 enero 2025 - 1 julio 2025.xlsx,,,2026-05-27 15:01:07.423457,,ajustes,Ajuste Poscobro Conciliado,False
ML,POS_113951348036_1 enero 2025 - 1 julio 2025.xlsx_2231,2000011842024686,2025-04-06,bpp_refunded,28990.0,PAGO,1 enero 2025 - 1 julio 2025.xlsx,,,2026-05-27 15:01:07.423457,,ajustes,Ajuste por Compra Protegida (BPP),False
ML,POS_113473035317_1 enero 2025 - 1 julio 2025.xlsx_2232,2000011841635594,2025-04-06,bpp_refunded,47990.0,PAGO,1 enero 2025 - 1 julio 2025.xlsx,,,2026-05-27 15:01:07.423457,,ajustes,Ajuste por Compra Protegida (BPP),False
ML,POS_113471692353_1 enero 2025 - 1 julio 2025.xlsx_2233,2000011841401106,2025-04-06,reconciled,47990.0,PAGO,1 enero 2025 - 1 julio 2025.xlsx,,,2026-05-27 15:01:07.423457,,ajustes,Ajuste Poscobro Conciliado,False
ML,POS_113471473647_1 enero 2025 - 1 julio 2025.xlsx_2234,2000011841400930,2025-04-06,reconciled,39990.0,PAGO,1 enero 2025 - 1 julio 2025.xlsx,,,2026-05-27 15:01:07.423457,,ajustes,Ajuste Poscobro Conciliado,False
ML,POS_113947141416_1 enero 2025 - 1 julio 2025.xlsx_2235,nan,2025-04-06,Ajuste Poscobro,525.0,PAGO,1 enero 2025 - 1 julio 2025.xlsx,,,2026-05-27 15:01:07.423457,,ajustes,Ajuste Poscobro General,True
ML,POS_113470943619_1 enero 2025 - 1 julio 2025.xlsx_2236,2000011841301218,2025-04-06,reconciled,47990.0,PAGO,1 enero 2025 - 1 julio 2025.xlsx,,,2026-05-27 15:01:07.423457,,ajustes,Ajuste Poscobro Conciliado,False
ML,POS_113470399897_1 enero 2025 - 1 julio 2025.xlsx_2237,2000011841205266,2025-04-06,reconciled,39990.0,PAGO,1 enero 2025 - 1 julio 2025.xlsx,,,2026-05-27 15:01:07.423457,,ajustes,Ajuste Poscobro Conciliado,False
ML,POS_113936431220_1 enero 2025 - 1 julio 2025.xlsx_2238,2000011839879558,2025-04-06,bpp_refunded,39990.0,PAGO,1 enero 2025 - 1 julio 2025.xlsx,,,2026-05-27 15:01:07.423457,,ajustes,Ajuste por Compra Protegida (BPP),False
ML,POS_113927719230_1 enero 2025 - 1 julio 2025.xlsx_2239,2000011838979292,2025-04-06,bpp_refunded,39990.0,PAGO,1 enero 2025 - 1 julio 2025.xlsx,,,2026-05-27 15:01:07.423457,,ajustes,Ajuste por Compra Protegida (BPP),False
ML,POS_113451903045_1 enero 2025 - 1 julio 2025.xlsx_2240,2000011838974766,2025-04-06,bpp_refunded,29990.0,PAGO,1 enero 2025 - 1 julio 2025.xlsx,,,2026-05-27 15:01:07.423457,,ajustes,Ajuste por Compra Protegida (BPP),False
ML,POS_113920610828_1 enero 2025 - 1 julio 2025.xlsx_2241,2000011838319114,2025-04-06,bpp_refunded,25990.0,PAGO,1 enero 2025 - 1 julio 2025.xlsx,,,2026-05-27 15:01:07.423457,,ajustes,Ajuste por Compra Protegida (BPP),False
ML,POS_113918469942_1 enero 2025 - 1 julio 2025.xlsx_2242,2000011838148082,2025-04-06,bpp_refunded,35990.0,PAGO,1 enero 2025 - 1 julio 2025.xlsx,,,2026-05-27 15:01:07.423457,,ajustes,Ajuste por Compra Protegida (BPP),False
ML,POS_113441050231_1 enero 2025 - 1 julio 2025.xlsx_2243,2000011837992264,2025-04-06,bpp_refunded,39990.0,PAGO,1 enero 2025 - 1 julio 2025.xlsx,,,2026-05-27 15:01:07.423457,,ajustes,Ajuste por Compra Protegida (BPP),False
ML,POS_113436316513_1 enero 2025 - 1 julio 2025.xlsx_2247,2000011837547180,2025-04-06,reconciled,47990.0,PAGO,1 enero 2025 - 1 julio 2025.xlsx,,,2026-05-27 15:01:07.423457,,ajustes,Ajuste Poscobro Conciliado,False
ML,POS_113432193605_1 enero 2025 - 1 julio 2025.xlsx_2248,nan,2025-04-06,Ajuste Poscobro,600.0,PAGO,1 enero 2025 - 1 julio 2025.xlsx,,,2026-05-27 15:01:07.423457,,ajustes,Ajuste Poscobro General,True
ML,POS_113431923613_1 enero 2025 - 1 julio 2025.xlsx_2249,2000011837133504,2025-04-06,reconciled,29990.0,PAGO,1 enero 2025 - 1 julio 2025.xlsx,,,2026-05-27 15:01:07.423457,,ajustes,Ajuste Poscobro Conciliado,False
ML,POS_113431951251_1 enero 2025 - 1 julio 2025.xlsx_2250,2000011837161672,2025-04-06,Ajuste Poscobro,8790.0,PAGO,1 enero 2025 - 1 julio 2025.xlsx,,,2026-05-27 15:01:07.423457,,ajustes,Ajuste Poscobro General,True
ML,POS_113428828193_1 enero 2025 - 1 julio 2025.xlsx_2251,2000011836817342,2025-04-06,bpp_refunded,21990.0,PAGO,1 enero 2025 - 1 julio 2025.xlsx,,,2026-05-27 15:01:07.423457,,ajustes,Ajuste por Compra Protegida (BPP),False
ML,POS_113425128735_1 enero 2025 - 1 julio 2025.xlsx_2252,2000011836442082,2025-04-06,reconciled,25990.0,PAGO,1 enero 2025 - 1 julio 2025.xlsx,,,2026-05-27 15:01:07.423457,,ajustes,Ajuste Poscobro Conciliado,False
ML,POS_113423268085_1 enero 2025 - 1 julio 2025.xlsx_2253,2000011836238790,2025-04-06,bpp_refunded,39990.0,PAGO,1 enero 2025 - 1 julio 2025.xlsx,,,2026-05-27 15:01:07.423457,,ajustes,Ajuste por Compra Protegida (BPP),False
ML,POS_113889413560_1 enero 2025 - 1 julio 2025.xlsx_2254,2000011835248274,2025-04-06,bpp_refunded,55990.0,PAGO,1 enero 2025 - 1 julio 2025.xlsx,,,2026-05-27 15:01:07.423457,,ajustes,Ajuste por Compra Protegida (BPP),False
ML,POS_113889301520_1 enero 2025 - 1 julio 2025.xlsx_2255,2000011835219868,2025-04-06,bpp_refunded,19990.0,PAGO,1 enero 2025 - 1 julio 2025.xlsx,,,2026-05-27 15:01:07.423457,,ajustes,Ajuste por Compra Protegida (BPP),False
ML,POS_113887718690_1 enero 2025 - 1 julio 2025.xlsx_2256,2000011835037282,2025-04-06,bpp_refunded,44990.0,PAGO,1 enero 2025 - 1 julio 2025.xlsx,,,2026-05-27 15:01:07.423457,,ajustes,Ajuste por Compra Protegida (BPP),False
ML,POS_113409918553_1 enero 2025 - 1 julio 2025.xlsx_2257,2000011834866040,2025-04-06,reconciled,47990.0,PAGO,1 enero 2025 - 1 julio 2025.xlsx,,,2026-05-27 15:01:07.423457,,ajustes,Ajuste Poscobro Conciliado,False
ML,POS_113394100657_1 enero 2025 - 1 julio 2025.xlsx_2258,2000011833412386,2025-04-06,Ajuste Poscobro,7990.0,PAGO,1 enero 2025 - 1 julio 2025.xlsx,,,2026-05-27 15:01:07.423457,,ajustes,Ajuste Poscobro General,True
ML,POS_113866418316_1 enero 2025 - 1 julio 2025.xlsx_2259,nan,2025-04-06,Ajuste Poscobro,441.0,PAGO,1 enero 2025 - 1 julio 2025.xlsx,,,2026-05-27 15:01:07.423457,,ajustes,Ajuste Poscobro General,True
ML,POS_113390888357_1 enero 2025 - 1 julio 2025.xlsx_2260,2000011833021104,2025-04-06,bpp_refunded,19990.0,PAGO,1 enero 2025 - 1 julio 2025.xlsx,,,2026-05-27 15:01:07.423457,,ajustes,Ajuste por Compra Protegida (BPP),False
ML,POS_113865696424_1 enero 2025 - 1 julio 2025.xlsx_2262,2000011832947190,2025-04-06,reconciled,37990.0,PAGO,1 enero 2025 - 1 julio 2025.xlsx,,,2026-05-27 15:01:07.423457,,ajustes,Ajuste Poscobro Conciliado,False
ML,POS_113383121179_1 enero 2025 - 1 julio 2025.xlsx_2263,2000011832250358,2025-04-06,bpp_refunded,28790.0,PAGO,1 enero 2025 - 1 julio 2025.xlsx,,,2026-05-27 15:01:07.423457,,ajustes,Ajuste por Compra Protegida (BPP),False
ML,POS_113382462317_1 enero 2025 - 1 julio 2025.xlsx_2264,2000011832101732,2025-04-06,reconciled,34990.0,PAGO,1 enero 2025 - 1 julio 2025.xlsx,,,2026-05-27 15:01:07.423457,,ajustes,Ajuste Poscobro Conciliado,False
ML,POS_113375357985_1 enero 2025 - 1 julio 2025.xlsx_2265,2000011831436382,2025-04-06,bpp_refunded,39990.0,PAGO,1 enero 2025 - 1 julio 2025.xlsx,,,2026-05-27 15:01:07.423457,,ajustes,Ajuste por Compra Protegida (BPP),False
ML,POS_113363066339_1 enero 2025 - 1 julio 2025.xlsx_2266,2000011830509992,2025-04-06,reconciled,28790.0,PAGO,1 enero 2025 - 1 julio 2025.xlsx,,,2026-05-27 15:01:07.423457,,ajustes,Ajuste Poscobro Conciliado,False
ML,POS_113833968074_1 enero 2025 - 1 julio 2025.xlsx_2267,2000011830465430,2025-04-06,bpp_refunded,39990.0,PAGO,1 enero 2025 - 1 julio 2025.xlsx,,,2026-05-27 15:01:07.423457,,ajustes,Ajuste por Compra Protegida (BPP),False
ML,POS_113831328146_1 enero 2025 - 1 julio 2025.xlsx_2268,2000011829617056,2025-04-06,reconciled,28790.0,PAGO,1 enero 2025 - 1 julio 2025.xlsx,,,2026-05-27 15:01:07.423457,,ajustes,Ajuste Poscobro Conciliado,False
ML,POS_113358647543_1 enero 2025 - 1 julio 2025.xlsx_2269,2000011829639926,2025-04-06,bpp_refunded,35990.0,PAGO,1 enero 2025 - 1 julio 2025.xlsx,,,2026-05-27 15:01:07.423457,,ajustes,Ajuste por Compra Protegida (BPP),False
ML,POS_113829822408_1 enero 2025 - 1 julio 2025.xlsx_2270,2000011829276036,2025-03-06,bpp_refunded,44610.0,PAGO,1 enero 2025 - 1 julio 2025.xlsx,,,2026-05-27 15:01:07.423457,,ajustes,Ajuste por Compra Protegida (BPP),False
ML,POS_113829730820_1 enero 2025 - 1 julio 2025.xlsx_2271,2000011829243876,2025-03-06,bpp_refunded,37990.0,PAGO,1 enero 2025 - 1 julio 2025.xlsx,,,2026-05-27 15:01:07.423457,,ajustes,Ajuste por Compra Protegida (BPP),False
ML,POS_113824862224_1 enero 2025 - 1 julio 2025.xlsx_2272,2000011828150184,2025-03-06,bpp_refunded,41990.0,PAGO,1 enero 2025 - 1 julio 2025.xlsx,,,2026-05-27 15:01:07.423457,,ajustes,Ajuste por Compra Protegida (BPP),False
ML,POS_113823873178_1 enero 2025 - 1 julio 2025.xlsx_2273,2000011827964612,2025-03-06,bpp_refunded,35990.0,PAGO,1 enero 2025 - 1 julio 2025.xlsx,,,2026-05-27 15:01:07.423457,,ajustes,Ajuste por Compra Protegida (BPP),False
ML,POS_113351072865_1 enero 2025 - 1 julio 2025.xlsx_2274,2000011827885090,2025-03-06,bpp_refunded,28990.0,PAGO,1 enero 2025 - 1 julio 2025.xlsx,,,2026-05-27 15:01:07.423457,,ajustes,Ajuste por Compra Protegida (BPP),False
ML,POS_113817598628_1 enero 2025 - 1 julio 2025.xlsx_2275,2000011826900206,2025-03-06,bpp_refunded,29990.0,PAGO,1 enero 2025 - 1 julio 2025.xlsx,,,2026-05-27 15:01:07.423457,,ajustes,Ajuste por Compra Protegida (BPP),False
ML,POS_113814391048_1 enero 2025 - 1 julio 2025.xlsx_2276,2000011826395618,2025-03-06,bpp_refunded,55990.0,PAGO,1 enero 2025 - 1 julio 2025.xlsx,,,2026-05-27 15:01:07.423457,,ajustes,Ajuste por Compra Protegida (BPP),False
ML,POS_113788795154_1 enero 2025 - 1 julio 2025.xlsx_2277,2000011823602370,2025-03-06,bpp_refunded,39990.0,PAGO,1 enero 2025 - 1 julio 2025.xlsx,,,2026-05-27 15:01:07.423457,,ajustes,Ajuste por Compra Protegida (BPP),False
ML,POS_113307870667_1 enero 2025 - 1 julio 2025.xlsx_2278,2000011822518424,2025-03-06,bpp_refunded,29990.0,PAGO,1 enero 2025 - 1 julio 2025.xlsx,,,2026-05-27 15:01:07.423457,,ajustes,Ajuste por Compra Protegida (BPP),False
ML,POS_113305350567_1 enero 2025 - 1 julio 2025.xlsx_2279,2000011822139978,2025-03-06,reconciled,35990.0,PAGO,1 enero 2025 - 1 julio 2025.xlsx,,,2026-05-27 15:01:07.423457,,ajustes,Ajuste Poscobro Conciliado,False
ML,POS_113769150766_1 enero 2025 - 1 julio 2025.xlsx_2280,nan,2025-03-06,Ajuste Poscobro,600.0,PAGO,1 enero 2025 - 1 julio 2025.xlsx,,,2026-05-27 15:01:07.423457,,ajustes,Ajuste Poscobro General,True
ML,POS_113768906226_1 enero 2025 - 1 julio 2025.xlsx_2281,2000011821023814,2025-03-06,reconciled,24990.0,PAGO,1 enero 2025 - 1 julio 2025.xlsx,,,2026-05-27 15:01:07.423457,,ajustes,Ajuste Poscobro Conciliado,False
ML,POS_113295552137_1 enero 2025 - 1 julio 2025.xlsx_2282,2000011820859610,2025-03-06,reconciled,39990.0,PAGO,1 enero 2025 - 1 julio 2025.xlsx,,,2026-05-27 15:01:07.423457,,ajustes,Ajuste Poscobro Conciliado,False
ML,POS_113765759582_1 enero 2025 - 1 julio 2025.xlsx_2283,2000011820658444,2025-03-06,bpp_refunded,36990.0,PAGO,1 enero 2025 - 1 julio 2025.xlsx,,,2026-05-27 15:01:07.423457,,ajustes,Ajuste por Compra Protegida (BPP),False
ML,POS_113734304494_1 enero 2025 - 1 julio 2025.xlsx_2284,2000011817571906,2025-03-06,bpp_refunded,21990.0,PAGO,1 enero 2025 - 1 julio 2025.xlsx,,,2026-05-27 15:01:07.423457,,ajustes,Ajuste por Compra Protegida (BPP),False
ML,POS_113734151704_1 enero 2025 - 1 julio 2025.xlsx_2285,2000011817580800,2025-03-06,bpp_refunded,28990.0,PAGO,1 enero 2025 - 1 julio 2025.xlsx,,,2026-05-27 15:01:07.423457,,ajustes,Ajuste por Compra Protegida (BPP),False
ML,POS_113255177095_1 enero 2025 - 1 julio 2025.xlsx_2286,2000011816993810,2025-03-06,bpp_refunded,39990.0,PAGO,1 enero 2025 - 1 julio 2025.xlsx,,,2026-05-27 15:01:07.423457,,ajustes,Ajuste por Compra Protegida (BPP),False
ML,POS_113720854622_1 enero 2025 - 1 julio 2025.xlsx_2287,2000011816634592,2025-03-06,bpp_refunded,48990.0,PAGO,1 enero 2025 - 1 julio 2025.xlsx,,,2026-05-27 15:01:07.423457,,ajustes,Ajuste por Compra Protegida (BPP),False
ML,POS_113238499019_1 enero 2025 - 1 julio 2025.xlsx_2288,2000011815480154,2025-02-06,bpp_refunded,55990.0,PAGO,1 enero 2025 - 1 julio 2025.xlsx,,,2026-05-27 15:01:07.423457,,ajustes,Ajuste por Compra Protegida (BPP),False
ML,POS_113710241474_1 enero 2025 - 1 julio 2025.xlsx_2289,2000011815474930,2025-02-06,bpp_refunded,48990.0,PAGO,1 enero 2025 - 1 julio 2025.xlsx,,,2026-05-27 15:01:07.423457,,ajustes,Ajuste por Compra Protegida (BPP),False
ML,POS_113709905262_1 enero 2025 - 1 julio 2025.xlsx_2290,2000011815377710,2025-02-06,bpp_refunded,19990.0,PAGO,1 enero 2025 - 1 julio 2025.xlsx,,,2026-05-27 15:01:07.423457,,ajustes,Ajuste por Compra Protegida (BPP),False
ML,POS_113238252473_1 enero 2025 - 1 julio 2025.xlsx_2291,2000011815388234,2025-02-06,bpp_refunded,22990.0,PAGO,1 enero 2025 - 1 julio 2025.xlsx,,,2026-05-27 15:01:07.423457,,ajustes,Ajuste por Compra Protegida (BPP),False
ML,POS_113237277897_1 enero 2025 - 1 julio 2025.xlsx_2292,nan,2025-02-06,Ajuste Poscobro,441.0,PAGO,1 enero 2025 - 1 julio 2025.xlsx,,,2026-05-27 15:01:07.423457,,ajustes,Ajuste Poscobro General,True
ML,POS_113237314165_1 enero 2025 - 1 julio 2025.xlsx_2293,2000011815162260,2025-02-06,bpp_refunded,34990.0,PAGO,1 enero 2025 - 1 julio 2025.xlsx,,,2026-05-27 15:01:07.423457,,ajustes,Ajuste por Compra Protegida (BPP),False
ML,POS_113708674036_1 enero 2025 - 1 julio 2025.xlsx_2294,nan,2025-02-06,Ajuste Poscobro,2940.0,PAGO,1 enero 2025 - 1 julio 2025.xlsx,,,2026-05-27 15:01:07.423457,,ajustes,Ajuste Poscobro General,True
ML,POS_113236878689_1 enero 2025 - 1 julio 2025.xlsx_2295,2000011815056962,2025-02-06,bpp_refunded,17990.0,PAGO,1 enero 2025 - 1 julio 2025.xlsx,,,2026-05-27 15:01:07.423457,,ajustes,Ajuste por Compra Protegida (BPP),False
ML,POS_113236823289_1 enero 2025 - 1 julio 2025.xlsx_2296,2000011815053898,2025-02-06,bpp_refunded,17990.0,PAGO,1 enero 2025 - 1 julio 2025.xlsx,,,2026-05-27 15:01:07.423457,,ajustes,Ajuste por Compra Protegida (BPP),False
ML,POS_113708400876_1 enero 2025 - 1 julio 2025.xlsx_2297,nan,2025-02-06,Ajuste Poscobro,2940.0,PAGO,1 enero 2025 - 1 julio 2025.xlsx,,,2026-05-27 15:01:07.423457,,ajustes,Ajuste Poscobro General,True
ML,POS_113708326650_1 enero 2025 - 1 julio 2025.xlsx_2298,2000011814983314,2025-02-06,bpp_refunded,15390.0,PAGO,1 enero 2025 - 1 julio 2025.xlsx,,,2026-05-27 15:01:07.423457,,ajustes,Ajuste por Compra Protegida (BPP),False
ML,POS_113236213453_1 enero 2025 - 1 julio 2025.xlsx_2299,2000011814899496,2025-02-06,bpp_refunded,19990.0,PAGO,1 enero 2025 - 1 julio 2025.xlsx,,,2026-05-27 15:01:07.423457,,ajustes,Ajuste por Compra Protegida (BPP),False
ML,POS_113707743114_1 enero 2025 - 1 julio 2025.xlsx_2300,2000011814837440,2025-02-06,bpp_refunded,20290.0,PAGO,1 enero 2025 - 1 julio 2025.xlsx,,,2026-05-27 15:01:07.423457,,ajustes,Ajuste por Compra Protegida (BPP),False
ML,POS_113234457779_1 enero 2025 - 1 julio 2025.xlsx_2301,2000011814521012,2025-02-06,bpp_refunded,39890.0,PAGO,1 enero 2025 - 1 julio 2025.xlsx,,,2026-05-27 15:01:07.423457,,ajustes,Ajuste por Compra Protegida (BPP),False
ML,POS_113706176970_1 enero 2025 - 1 julio 2025.xlsx_2302,2000011814512528,2025-02-06,bpp_refunded,25990.0,PAGO,1 enero 2025 - 1 julio 2025.xlsx,,,2026-05-27 15:01:07.423457,,ajustes,Ajuste por Compra Protegida (BPP),False
ML,POS_113702929442_1 enero 2025 - 1 julio 2025.xlsx_2303,2000011813862516,2025-02-06,bpp_refunded,55990.0,PAGO,1 enero 2025 - 1 julio 2025.xlsx,,,2026-05-27 15:01:07.423457,,ajustes,Ajuste por Compra Protegida (BPP),False
ML,POS_113700010016_1 enero 2025 - 1 julio 2025.xlsx_2304,2000011813363502,2025-02-06,Ajuste Poscobro,7690.0,PAGO,1 enero 2025 - 1 julio 2025.xlsx,,,2026-05-27 15:01:07.423457,,ajustes,Ajuste Poscobro General,True
ML,POS_113227167353_1 enero 2025 - 1 julio 2025.xlsx_2305,2000011813135774,2025-02-06,reconciled,33590.0,PAGO,1 enero 2025 - 1 julio 2025.xlsx,,,2026-05-27 15:01:07.423457,,ajustes,Ajuste Poscobro Conciliado,False
ML,POS_113693017310_1 enero 2025 - 1 julio 2025.xlsx_2306,2000011780683794,2025-02-06,reconciled,39990.0,PAGO,1 enero 2025 - 1 julio 2025.xlsx,,,2026-05-27 15:01:07.423457,,ajustes,Ajuste Poscobro Conciliado,False
ML,POS_113216664719_1 enero 2025 - 1 julio 2025.xlsx_2307,2000011811695412,2025-02-06,bpp_refunded,22990.0,PAGO,1 enero 2025 - 1 julio 2025.xlsx,,,2026-05-27 15:01:07.423457,,ajustes,Ajuste por Compra Protegida (BPP),False
ML,POS_113212846699_1 enero 2025 - 1 julio 2025.xlsx_2308,2000011811263362,2025-02-06,reconciled,40990.0,PAGO,1 enero 2025 - 1 julio 2025.xlsx,,,2026-05-27 15:01:07.423457,,ajustes,Ajuste Poscobro Conciliado,False
ML,POS_113210923905_1 enero 2025 - 1 julio 2025.xlsx_2309,2000011811059870,2025-02-06,reconciled,38990.0,PAGO,1 enero 2025 - 1 julio 2025.xlsx,,,2026-05-27 15:01:07.423457,,ajustes,Ajuste Poscobro Conciliado,False
ML,POS_113681898996_1 enero 2025 - 1 julio 2025.xlsx_2311,2000011810973218,2025-02-06,reconciled,32990.0,PAGO,1 enero 2025 - 1 julio 2025.xlsx,,,2026-05-27 15:01:07.423457,,ajustes,Ajuste Poscobro Conciliado,False
ML,POS_113673232822_1 enero 2025 - 1 julio 2025.xlsx_2313,2000011810163374,2025-02-06,bpp_covered,33590.0,PAGO,1 enero 2025 - 1 julio 2025.xlsx,,,2026-05-27 15:01:07.423457,,ajustes,Ajuste por Compra Protegida (BPP),True
ML,POS_113666328810_1 enero 2025 - 1 julio 2025.xlsx_2314,2000011809483442,2025-02-06,bpp_refunded,29390.0,PAGO,1 enero 2025 - 1 julio 2025.xlsx,,,2026-05-27 15:01:07.423457,,ajustes,Ajuste por Compra Protegida (BPP),False
ML,POS_113194589285_1 enero 2025 - 1 julio 2025.xlsx_2315,2000011809483440,2025-02-06,bpp_refunded,32990.0,PAGO,1 enero 2025 - 1 julio 2025.xlsx,,,2026-05-27 15:01:07.423457,,ajustes,Ajuste por Compra Protegida (BPP),False
ML,POS_113191835871_1 enero 2025 - 1 julio 2025.xlsx_2316,2000011809176092,2025-02-06,bpp_covered,22990.0,PAGO,1 enero 2025 - 1 julio 2025.xlsx,,,2026-05-27 15:01:07.423457,,ajustes,Ajuste por Compra Protegida (BPP),True
ML,POS_113659802626_1 enero 2025 - 1 julio 2025.xlsx_2317,2000011808690688,2025-02-06,reconciled,34532.0,PAGO,1 enero 2025 - 1 julio 2025.xlsx,,,2026-05-27 15:01:07.423457,,ajustes,Ajuste Poscobro Conciliado,False
ML,POS_113659713906_1 enero 2025 - 1 julio 2025.xlsx_2319,2000011808690688,2025-02-06,bpp_refunded,2458.0,PAGO,1 enero 2025 - 1 julio 2025.xlsx,,,2026-05-27 15:01:07.423457,,ajustes,Ajuste por Compra Protegida (BPP),False
ML,POS_113185516683_1 enero 2025 - 1 julio 2025.xlsx_2322,2000011808348704,2025-02-06,bpp_refunded,48990.0,PAGO,1 enero 2025 - 1 julio 2025.xlsx,,,2026-05-27 15:01:07.423457,,ajustes,Ajuste por Compra Protegida (BPP),False
ML,POS_113639530420_1 enero 2025 - 1 julio 2025.xlsx_2323,2000011806242038,2025-02-06,bpp_refunded,19990.0,PAGO,1 enero 2025 - 1 julio 2025.xlsx,,,2026-05-27 15:01:07.423457,,ajustes,Ajuste por Compra Protegida (BPP),False
ML,POS_113157551347_1 enero 2025 - 1 julio 2025.xlsx_2324,nan,2025-02-06,Ajuste Poscobro,525.0,PAGO,1 enero 2025 - 1 julio 2025.xlsx,,,2026-05-27 15:01:07.423457,,ajustes,Ajuste Poscobro General,True
ML,POS_113157328503_1 enero 2025 - 1 julio 2025.xlsx_2325,2000011805171216,2025-02-06,bpp_refunded,20290.0,PAGO,1 enero 2025 - 1 julio 2025.xlsx,,,2026-05-27 15:01:07.423457,,ajustes,Ajuste por Compra Protegida (BPP),False
ML,POS_113157206195_1 enero 2025 - 1 julio 2025.xlsx_2327,2000011805148608,2025-02-06,bpp_refunded,39990.0,PAGO,1 enero 2025 - 1 julio 2025.xlsx,,,2026-05-27 15:01:07.423457,,ajustes,Ajuste por Compra Protegida (BPP),False
ML,POS_113621994670_1 enero 2025 - 1 julio 2025.xlsx_2328,nan,2025-02-06,Ajuste Poscobro,441.0,PAGO,1 enero 2025 - 1 julio 2025.xlsx,,,2026-05-27 15:01:07.423457,,ajustes,Ajuste Poscobro General,True
ML,POS_113150334699_1 enero 2025 - 1 julio 2025.xlsx_2329,2000011804423980,2025-02-06,reconciled,20293.0,PAGO,1 enero 2025 - 1 julio 2025.xlsx,,,2026-05-27 15:01:07.423457,,ajustes,Ajuste Poscobro Conciliado,False
ML,POS_113147135971_1 enero 2025 - 1 julio 2025.xlsx_2330,2000011804117660,2025-02-06,bpp_refunded,32207.0,PAGO,1 enero 2025 - 1 julio 2025.xlsx,,,2026-05-27 15:01:07.423457,,ajustes,Ajuste por Compra Protegida (BPP),False
ML,POS_113618542868_1 enero 2025 - 1 julio 2025.xlsx_2332,2000011804117660,2025-02-06,bpp_refunded,23783.0,PAGO,1 enero 2025 - 1 julio 2025.xlsx,,,2026-05-27 15:01:07.423457,,ajustes,Ajuste por Compra Protegida (BPP),False
ML,POS_113118158793_1 enero 2025 - 1 julio 2025.xlsx_2333,2000011802317084,2025-02-06,bpp_refunded,19990.0,PAGO,1 enero 2025 - 1 julio 2025.xlsx,,,2026-05-27 15:01:07.423457,,ajustes,Ajuste por Compra Protegida (BPP),False
ML,POS_113588703276_1 enero 2025 - 1 julio 2025.xlsx_2334,nan,2025-02-06,Ajuste Poscobro,525.0,PAGO,1 enero 2025 - 1 julio 2025.xlsx,,,2026-05-27 15:01:07.423457,,ajustes,Ajuste Poscobro General,True
ML,POS_113117467435_1 enero 2025 - 1 julio 2025.xlsx_2335,2000011802137044,2025-02-06,bpp_refunded,40990.0,PAGO,1 enero 2025 - 1 julio 2025.xlsx,,,2026-05-27 15:01:07.423457,,ajustes,Ajuste por Compra Protegida (BPP),False
ML,POS_113588640806_1 enero 2025 - 1 julio 2025.xlsx_2336,2000011802113760,2025-02-06,reconciled,40990.0,PAGO,1 enero 2025 - 1 julio 2025.xlsx,,,2026-05-27 15:01:07.423457,,ajustes,Ajuste Poscobro Conciliado,False
ML,POS_113588466024_1 enero 2025 - 1 julio 2025.xlsx_2337,2000011802129752,2025-02-06,bpp_refunded,41990.0,PAGO,1 enero 2025 - 1 julio 2025.xlsx,,,2026-05-27 15:01:07.423457,,ajustes,Ajuste por Compra Protegida (BPP),False
ML,POS_113117312519_1 enero 2025 - 1 julio 2025.xlsx_2338,nan,2025-02-06,bpp_refunded,4194.0,PAGO,1 enero 2025 - 1 julio 2025.xlsx,,,2026-05-27 15:01:07.423457,,ajustes,Ajuste por Compra Protegida (BPP),False
ML,POS_113588380652_1 enero 2025 - 1 julio 2025.xlsx_2339,2000011802098404,2025-02-06,bpp_refunded,13990.0,PAGO,1 enero 2025 - 1 julio 2025.xlsx,,,2026-05-27 15:01:07.423457,,ajustes,Ajuste por Compra Protegida (BPP),False
ML,POS_113117272745_1 enero 2025 - 1 julio 2025.xlsx_2340,2000011802041386,2025-02-06,reconciled,33590.0,PAGO,1 enero 2025 - 1 julio 2025.xlsx,,,2026-05-27 15:01:07.423457,,ajustes,Ajuste Poscobro Conciliado,False
ML,POS_113117089933_1 enero 2025 - 1 julio 2025.xlsx_2341,2000011802066132,2025-02-06,Ajuste Poscobro,41990.0,PAGO,1 enero 2025 - 1 julio 2025.xlsx,,,2026-05-27 15:01:07.423457,,ajustes,Ajuste Poscobro General,True
ML,POS_113587121634_1 enero 2025 - 1 julio 2025.xlsx_2342,2000011801790842,2025-01-06,reconciled,28990.0,PAGO,1 enero 2025 - 1 julio 2025.xlsx,,,2026-05-27 15:01:07.423457,,ajustes,Ajuste Poscobro Conciliado,False
ML,POS_113587063424_1 enero 2025 - 1 julio 2025.xlsx_2343,2000011801797660,2025-01-06,bpp_refunded,22990.0,PAGO,1 enero 2025 - 1 julio 2025.xlsx,,,2026-05-27 15:01:07.423457,,ajustes,Ajuste por Compra Protegida (BPP),False
ML,POS_113586441804_1 enero 2025 - 1 julio 2025.xlsx_2344,2000011801644736,2025-01-06,compensated,22990.0,PAGO,1 enero 2025 - 1 julio 2025.xlsx,,,2026-05-27 15:01:07.423457,,ajustes,Ajuste Poscobro Conciliado,True
ML,POS_113578025106_1 enero 2025 - 1 julio 2025.xlsx_2345,2000011800201490,2025-01-06,bpp_refunded,22990.0,PAGO,1 enero 2025 - 1 julio 2025.xlsx,,,2026-05-27 15:01:07.423457,,ajustes,Ajuste por Compra Protegida (BPP),False
ML,POS_113577818010_1 enero 2025 - 1 julio 2025.xlsx_2346,2000011800184408,2025-01-06,bpp_refunded,39990.0,PAGO,1 enero 2025 - 1 julio 2025.xlsx,,,2026-05-27 15:01:07.423457,,ajustes,Ajuste por Compra Protegida (BPP),False
ML,POS_113562277126_1 enero 2025 - 1 julio 2025.xlsx_2347,nan,2025-01-06,Ajuste Poscobro,525.0,PAGO,1 enero 2025 - 1 julio 2025.xlsx,,,2026-05-27 15:01:07.423457,,ajustes,Ajuste Poscobro General,True
ML,POS_113561963946_1 enero 2025 - 1 julio 2025.xlsx_2348,2000011798190394,2025-01-06,reconciled,34990.0,PAGO,1 enero 2025 - 1 julio 2025.xlsx,,,2026-05-27 15:01:07.423457,,ajustes,Ajuste Poscobro Conciliado,False
ML,POS_113552125356_1 enero 2025 - 1 julio 2025.xlsx_2349,2000011796978796,2025-01-06,reconciled,47990.0,PAGO,1 enero 2025 - 1 julio 2025.xlsx,,,2026-05-27 15:01:07.423457,,ajustes,Ajuste Poscobro Conciliado,False
ML,POS_113076301469_1 enero 2025 - 1 julio 2025.xlsx_2350,nan,2025-01-06,Ajuste Poscobro,441.0,PAGO,1 enero 2025 - 1 julio 2025.xlsx,,,2026-05-27 15:01:07.423457,,ajustes,Ajuste Poscobro General,True
ML,POS_113547160682_1 enero 2025 - 1 julio 2025.xlsx_2351,2000011796362624,2025-01-06,reconciled,47990.0,PAGO,1 enero 2025 - 1 julio 2025.xlsx,,,2026-05-27 15:01:07.423457,,ajustes,Ajuste Poscobro Conciliado,False
ML,POS_113069326263_1 enero 2025 - 1 julio 2025.xlsx_2352,2000011795538614,2025-01-06,bpp_refunded,33990.0,PAGO,1 enero 2025 - 1 julio 2025.xlsx,,,2026-05-27 15:01:07.423457,,ajustes,Ajuste por Compra Protegida (BPP),False
ML,POS_113525813214_1 enero 2025 - 1 julio 2025.xlsx_2353,2000011794237868,2025-01-06,bpp_refunded,14990.0,PAGO,1 enero 2025 - 1 julio 2025.xlsx,,,2026-05-27 15:01:07.423457,,ajustes,Ajuste por Compra Protegida (BPP),False
ML,POS_113051292957_1 enero 2025 - 1 julio 2025.xlsx_2354,2000011793925546,2025-01-06,reconciled,22990.0,PAGO,1 enero 2025 - 1 julio 2025.xlsx,,,2026-05-27 15:01:07.423457,,ajustes,Ajuste Poscobro Conciliado,False
ML,POS_111418331732_1 enero 2025 - 1 julio 2025.xlsx_2611,nan,2025-12-05,Ajuste Poscobro,600.0,PAGO,1 enero 2025 - 1 julio 2025.xlsx,,,2026-05-27 15:01:07.423457,,ajustes,Ajuste Poscobro General,True
ML,POS_110964505637_1 enero 2025 - 1 julio 2025.xlsx_2612,2000011591079858,2025-12-05,reconciled,24990.0,PAGO,1 enero 2025 - 1 julio 2025.xlsx,,,2026-05-27 15:01:07.423457,,ajustes,Ajuste Poscobro Conciliado,False
ML,POS_111411543902_1 enero 2025 - 1 julio 2025.xlsx_2613,2000011589856558,2025-12-05,bpp_refunded,47990.0,PAGO,1 enero 2025 - 1 julio 2025.xlsx,,,2026-05-27 15:01:07.423457,,ajustes,Ajuste por Compra Protegida (BPP),False
ML,POS_110944176469_1 enero 2025 - 1 julio 2025.xlsx_2614,2000011587996920,2025-12-05,bpp_refunded,53990.0,PAGO,1 enero 2025 - 1 julio 2025.xlsx,,,2026-05-27 15:01:07.423457,,ajustes,Ajuste por Compra Protegida (BPP),False
ML,POS_110932939955_1 enero 2025 - 1 julio 2025.xlsx_2615,2000011586876534,2025-12-05,reconciled,53990.0,PAGO,1 enero 2025 - 1 julio 2025.xlsx,,,2026-05-27 15:01:07.423457,,ajustes,Ajuste Poscobro Conciliado,False
ML,POS_110887733259_1 enero 2025 - 1 julio 2025.xlsx_2616,2000011581819060,2025-12-05,reconciled,23990.0,PAGO,1 enero 2025 - 1 julio 2025.xlsx,,,2026-05-27 15:01:07.423457,,ajustes,Ajuste Poscobro Conciliado,False
ML,POS_111341061900_1 enero 2025 - 1 julio 2025.xlsx_2617,2000011581819060,2025-12-05,bpp_refunded,16000.0,PAGO,1 enero 2025 - 1 julio 2025.xlsx,,,2026-05-27 15:01:07.423457,,ajustes,Ajuste por Compra Protegida (BPP),False
ML,POS_111223697386_1 enero 2025 - 1 julio 2025.xlsx_2618,2000011571052832,2025-11-05,bpp_refunded,47990.0,PAGO,1 enero 2025 - 1 julio 2025.xlsx,,,2026-05-27 15:01:07.423457,,ajustes,Ajuste por Compra Protegida (BPP),False
ML,POS_110770892525_1 enero 2025 - 1 julio 2025.xlsx_2619,2000011571049480,2025-11-05,bpp_refunded,45990.0,PAGO,1 enero 2025 - 1 julio 2025.xlsx,,,2026-05-27 15:01:07.423457,,ajustes,Ajuste por Compra Protegida (BPP),False
ML,POS_111218461026_1 enero 2025 - 1 julio 2025.xlsx_2620,2000011570596246,2025-10-05,bpp_refunded,22990.0,PAGO,1 enero 2025 - 1 julio 2025.xlsx,,,2026-05-27 15:01:07.423457,,ajustes,Ajuste por Compra Protegida (BPP),False
ML,POS_111210173510_1 enero 2025 - 1 julio 2025.xlsx_2621,2000011569857802,2025-10-05,bpp_refunded,53990.0,PAGO,1 enero 2025 - 1 julio 2025.xlsx,,,2026-05-27 15:01:07.423457,,ajustes,Ajuste por Compra Protegida (BPP),False
ML,POS_110744590589_1 enero 2025 - 1 julio 2025.xlsx_2622,2000011569003392,2025-10-05,reconciled,27990.0,PAGO,1 enero 2025 - 1 julio 2025.xlsx,,,2026-05-27 15:01:07.423457,,ajustes,Ajuste Poscobro Conciliado,False
ML,POS_110738722027_1 enero 2025 - 1 julio 2025.xlsx_2623,2000011568669492,2025-10-05,reconciled,18140.0,PAGO,1 enero 2025 - 1 julio 2025.xlsx,,,2026-05-27 15:01:07.423457,,ajustes,Ajuste Poscobro Conciliado,False
ML,POS_111191592652_1 enero 2025 - 1 julio 2025.xlsx_2624,2000011568669492,2025-10-05,bpp_refunded,11850.0,PAGO,1 enero 2025 - 1 julio 2025.xlsx,,,2026-05-27 15:01:07.423457,,ajustes,Ajuste por Compra Protegida (BPP),False
ML,POS_110720692557_1 enero 2025 - 1 julio 2025.xlsx_2626,2000011567585968,2025-10-05,bpp_refunded,47990.0,PAGO,1 enero 2025 - 1 julio 2025.xlsx,,,2026-05-27 15:01:07.423457,,ajustes,Ajuste por Compra Protegida (BPP),False
ML,POS_110720596997_1 enero 2025 - 1 julio 2025.xlsx_2627,2000011567593440,2025-10-05,bpp_refunded,47990.0,PAGO,1 enero 2025 - 1 julio 2025.xlsx,,,2026-05-27 15:01:07.423457,,ajustes,Ajuste por Compra Protegida (BPP),False
ML,POS_110715369621_1 enero 2025 - 1 julio 2025.xlsx_2628,nan,2025-10-05,Ajuste Poscobro,525.0,PAGO,1 enero 2025 - 1 julio 2025.xlsx,,,2026-05-27 15:01:07.423457,,ajustes,Ajuste Poscobro General,True
ML,POS_110715234207_1 enero 2025 - 1 julio 2025.xlsx_2629,2000011567222526,2025-10-05,bpp_refunded,47990.0,PAGO,1 enero 2025 - 1 julio 2025.xlsx,,,2026-05-27 15:01:07.423457,,ajustes,Ajuste por Compra Protegida (BPP),False
ML,POS_111167980722_1 enero 2025 - 1 julio 2025.xlsx_2630,2000011567205506,2025-10-05,bpp_refunded,19990.0,PAGO,1 enero 2025 - 1 julio 2025.xlsx,,,2026-05-27 15:01:07.423457,,ajustes,Ajuste por Compra Protegida (BPP),False
ML,POS_111165761852_1 enero 2025 - 1 julio 2025.xlsx_2631,nan,2025-10-05,Ajuste Poscobro,441.0,PAGO,1 enero 2025 - 1 julio 2025.xlsx,,,2026-05-27 15:01:07.423457,,ajustes,Ajuste Poscobro General,True
ML,POS_111165541778_1 enero 2025 - 1 julio 2025.xlsx_2632,2000011567021460,2025-10-05,bpp_refunded,41990.0,PAGO,1 enero 2025 - 1 julio 2025.xlsx,,,2026-05-27 15:01:07.423457,,ajustes,Ajuste por Compra Protegida (BPP),False
ML,POS_110669268131_1 enero 2025 - 1 julio 2025.xlsx_2633,2000011564214600,2025-10-05,reconciled,25990.0,PAGO,1 enero 2025 - 1 julio 2025.xlsx,,,2026-05-27 15:01:07.423457,,ajustes,Ajuste Poscobro Conciliado,False
ML,POS_110657824815_1 enero 2025 - 1 julio 2025.xlsx_2634,2000011563308826,2025-10-05,bpp_refunded,45990.0,PAGO,1 enero 2025 - 1 julio 2025.xlsx,,,2026-05-27 15:01:07.423457,,ajustes,Ajuste por Compra Protegida (BPP),False
ML,POS_111108167730_1 enero 2025 - 1 julio 2025.xlsx_2635,2000011563092534,2025-09-05,reconciled,21990.0,PAGO,1 enero 2025 - 1 julio 2025.xlsx,,,2026-05-27 15:01:07.423457,,ajustes,Ajuste Poscobro Conciliado,False
ML,POS_110651818667_1 enero 2025 - 1 julio 2025.xlsx_2636,2000011562738232,2025-09-05,reconciled,39990.0,PAGO,1 enero 2025 - 1 julio 2025.xlsx,,,2026-05-27 15:01:07.423457,,ajustes,Ajuste Poscobro Conciliado,False
ML,POS_111096111938_1 enero 2025 - 1 julio 2025.xlsx_2637,2000011562058068,2025-09-05,bpp_refunded,22990.0,PAGO,1 enero 2025 - 1 julio 2025.xlsx,,,2026-05-27 15:01:07.423457,,ajustes,Ajuste por Compra Protegida (BPP),False
ML,POS_111094317578_1 enero 2025 - 1 julio 2025.xlsx_2638,2000011561898312,2025-09-05,reconciled,45990.0,PAGO,1 enero 2025 - 1 julio 2025.xlsx,,,2026-05-27 15:01:07.423457,,ajustes,Ajuste Poscobro Conciliado,False
ML,POS_111045139962_1 enero 2025 - 1 julio 2025.xlsx_2639,2000011558343822,2025-09-05,reconciled,39990.0,PAGO,1 enero 2025 - 1 julio 2025.xlsx,,,2026-05-27 15:01:07.423457,,ajustes,Ajuste Poscobro Conciliado,False
ML,POS_111036358644_1 enero 2025 - 1 julio 2025.xlsx_2640,2000011557589358,2025-09-05,bpp_refunded,25990.0,PAGO,1 enero 2025 - 1 julio 2025.xlsx,,,2026-05-27 15:01:07.423457,,ajustes,Ajuste por Compra Protegida (BPP),False
ML,POS_110576159631_1 enero 2025 - 1 julio 2025.xlsx_2641,nan,2025-09-05,Ajuste Poscobro,600.0,PAGO,1 enero 2025 - 1 julio 2025.xlsx,,,2026-05-27 15:01:07.423457,,ajustes,Ajuste Poscobro General,True
ML,POS_111028013024_1 enero 2025 - 1 julio 2025.xlsx_2642,2000011556925758,2025-09-05,reconciled,41990.0,PAGO,1 enero 2025 - 1 julio 2025.xlsx,,,2026-05-27 15:01:07.423457,,ajustes,Ajuste Poscobro Conciliado,False
ML,POS_111026782630_1 enero 2025 - 1 julio 2025.xlsx_2643,nan,2025-09-05,Ajuste Poscobro,441.0,PAGO,1 enero 2025 - 1 julio 2025.xlsx,,,2026-05-27 15:01:07.423457,,ajustes,Ajuste Poscobro General,True
ML,POS_110574060935_1 enero 2025 - 1 julio 2025.xlsx_2644,2000011556787032,2025-09-05,reconciled,43990.0,PAGO,1 enero 2025 - 1 julio 2025.xlsx,,,2026-05-27 15:01:07.423457,,ajustes,Ajuste Poscobro Conciliado,False
ML,POS_110570649615_1 enero 2025 - 1 julio 2025.xlsx_2645,nan,2025-09-05,Ajuste Poscobro,441.0,PAGO,1 enero 2025 - 1 julio 2025.xlsx,,,2026-05-27 15:01:07.423457,,ajustes,Ajuste Poscobro General,True
ML,POS_111022428090_1 enero 2025 - 1 julio 2025.xlsx_2646,2000011556532272,2025-09-05,bpp_refunded,48990.0,PAGO,1 enero 2025 - 1 julio 2025.xlsx,,,2026-05-27 15:01:07.423457,,ajustes,Ajuste por Compra Protegida (BPP),False
ML,POS_110565043163_1 enero 2025 - 1 julio 2025.xlsx_2648,nan,2025-09-05,bpp_refunded,3471.0,PAGO,1 enero 2025 - 1 julio 2025.xlsx,,,2026-05-27 15:01:07.423457,,ajustes,Ajuste por Compra Protegida (BPP),False
ML,POS_110564985595_1 enero 2025 - 1 julio 2025.xlsx_2649,2000011556116624,2025-09-05,bpp_refunded,11990.0,PAGO,1 enero 2025 - 1 julio 2025.xlsx,,,2026-05-27 15:01:07.423457,,ajustes,Ajuste por Compra Protegida (BPP),False
ML,POS_111017396412_1 enero 2025 - 1 julio 2025.xlsx_2650,2000011556109282,2025-09-05,bpp_refunded,11990.0,PAGO,1 enero 2025 - 1 julio 2025.xlsx,,,2026-05-27 15:01:07.423457,,ajustes,Ajuste por Compra Protegida (BPP),False
ML,POS_111016781312_1 enero 2025 - 1 julio 2025.xlsx_2651,2000011556031792,2025-09-05,reconciled,45990.0,PAGO,1 enero 2025 - 1 julio 2025.xlsx,,,2026-05-27 15:01:07.423457,,ajustes,Ajuste Poscobro Conciliado,False
ML,POS_111015395390_1 enero 2025 - 1 julio 2025.xlsx_2652,2000011555947994,2025-09-05,bpp_refunded,34990.0,PAGO,1 enero 2025 - 1 julio 2025.xlsx,,,2026-05-27 15:01:07.423457,,ajustes,Ajuste por Compra Protegida (BPP),False
ML,POS_110563232471_1 enero 2025 - 1 julio 2025.xlsx_2653,2000011555962688,2025-09-05,bpp_refunded,44990.0,PAGO,1 enero 2025 - 1 julio 2025.xlsx,,,2026-05-27 15:01:07.423457,,ajustes,Ajuste por Compra Protegida (BPP),False
ML,POS_111008761962_1 enero 2025 - 1 julio 2025.xlsx_2654,2000011555424828,2025-09-05,bpp_refunded,59990.0,PAGO,1 enero 2025 - 1 julio 2025.xlsx,,,2026-05-27 15:01:07.423457,,ajustes,Ajuste por Compra Protegida (BPP),False
ML,POS_110992629434_1 enero 2025 - 1 julio 2025.xlsx_2655,2000011554299918,2025-09-05,bpp_refunded,35992.0,PAGO,1 enero 2025 - 1 julio 2025.xlsx,,,2026-05-27 15:01:07.423457,,ajustes,Ajuste por Compra Protegida (BPP),False
ML,POS_110992611030_1 enero 2025 - 1 julio 2025.xlsx_2656,2000011554305228,2025-09-05,bpp_refunded,25990.0,PAGO,1 enero 2025 - 1 julio 2025.xlsx,,,2026-05-27 15:01:07.423457,,ajustes,Ajuste por Compra Protegida (BPP),False
ML,POS_110539913417_1 enero 2025 - 1 julio 2025.xlsx_2657,nan,2025-09-05,Ajuste Poscobro,525.0,PAGO,1 enero 2025 - 1 julio 2025.xlsx,,,2026-05-27 15:01:07.423457,,ajustes,Ajuste Poscobro General,True
ML,POS_110539796699_1 enero 2025 - 1 julio 2025.xlsx_2658,2000011554250032,2025-09-05,bpp_refunded,39990.0,PAGO,1 enero 2025 - 1 julio 2025.xlsx,,,2026-05-27 15:01:07.423457,,ajustes,Ajuste por Compra Protegida (BPP),False
ML,POS_110533908345_1 enero 2025 - 1 julio 2025.xlsx_2659,2000011553937860,2025-09-05,reconciled,39990.0,PAGO,1 enero 2025 - 1 julio 2025.xlsx,,,2026-05-27 15:01:07.423457,,ajustes,Ajuste Poscobro Conciliado,False
ML,POS_110977027304_1 enero 2025 - 1 julio 2025.xlsx_2660,nan,2025-09-05,Ajuste Poscobro,600.0,PAGO,1 enero 2025 - 1 julio 2025.xlsx,,,2026-05-27 15:01:07.423457,,ajustes,Ajuste Poscobro General,True
ML,POS_110525380995_1 enero 2025 - 1 julio 2025.xlsx_2661,2000011553666622,2025-09-05,reconciled,37990.0,PAGO,1 enero 2025 - 1 julio 2025.xlsx,,,2026-05-27 15:01:07.423457,,ajustes,Ajuste Poscobro Conciliado,False
ML,POS_110521959381_1 enero 2025 - 1 julio 2025.xlsx_2662,2000011553133378,2025-08-05,bpp_refunded,22990.0,PAGO,1 enero 2025 - 1 julio 2025.xlsx,,,2026-05-27 15:01:07.423457,,ajustes,Ajuste por Compra Protegida (BPP),False
ML,POS_110519680755_1 enero 2025 - 1 julio 2025.xlsx_2664,nan,2025-08-05,Ajuste Poscobro,525.0,PAGO,1 enero 2025 - 1 julio 2025.xlsx,,,2026-05-27 15:01:07.423457,,ajustes,Ajuste Poscobro General,True
ML,POS_110519495901_1 enero 2025 - 1 julio 2025.xlsx_2665,2000011552789932,2025-08-05,bpp_refunded,45990.0,PAGO,1 enero 2025 - 1 julio 2025.xlsx,,,2026-05-27 15:01:07.423457,,ajustes,Ajuste por Compra Protegida (BPP),False
ML,POS_110969093774_1 enero 2025 - 1 julio 2025.xlsx_2667,2000011552540070,2025-08-05,bpp_refunded,22990.0,PAGO,1 enero 2025 - 1 julio 2025.xlsx,,,2026-05-27 15:01:07.423457,,ajustes,Ajuste por Compra Protegida (BPP),False
ML,POS_110515659561_1 enero 2025 - 1 julio 2025.xlsx_2668,2000011552302110,2025-08-05,bpp_refunded,51990.0,PAGO,1 enero 2025 - 1 julio 2025.xlsx,,,2026-05-27 15:01:07.423457,,ajustes,Ajuste por Compra Protegida (BPP),False
ML,POS_110501534743_1 enero 2025 - 1 julio 2025.xlsx_2669,2000011550713754,2025-08-05,reconciled,45990.0,PAGO,1 enero 2025 - 1 julio 2025.xlsx,,,2026-05-27 15:01:07.423457,,ajustes,Ajuste Poscobro Conciliado,False
ML,POS_110499967873_1 enero 2025 - 1 julio 2025.xlsx_2670,nan,2025-08-05,by_admin,1603.81,PAGO,1 enero 2025 - 1 julio 2025.xlsx,,,2026-05-27 15:01:07.423457,,ajustes,Ajuste Poscobro General,True
ML,POS_110951854466_1 enero 2025 - 1 julio 2025.xlsx_2671,2000011550651658,2025-08-05,Ajuste Poscobro,9990.0,PAGO,1 enero 2025 - 1 julio 2025.xlsx,,,2026-05-27 15:01:07.423457,,ajustes,Ajuste Poscobro General,True
ML,POS_110947239722_1 enero 2025 - 1 julio 2025.xlsx_2672,2000011550279694,2025-08-05,reconciled,35992.0,PAGO,1 enero 2025 - 1 julio 2025.xlsx,,,2026-05-27 15:01:07.423457,,ajustes,Ajuste Poscobro Conciliado,False
ML,POS_110945327924_1 enero 2025 - 1 julio 2025.xlsx_2673,nan,2025-08-05,Ajuste Poscobro,600.0,PAGO,1 enero 2025 - 1 julio 2025.xlsx,,,2026-05-27 15:01:07.423457,,ajustes,Ajuste Poscobro General,True
ML,POS_110493818481_1 enero 2025 - 1 julio 2025.xlsx_2674,2000011550142196,2025-08-05,bpp_refunded,45990.0,PAGO,1 enero 2025 - 1 julio 2025.xlsx,,,2026-05-27 15:01:07.423457,,ajustes,Ajuste por Compra Protegida (BPP),False
ML,POS_110932826114_1 enero 2025 - 1 julio 2025.xlsx_2675,2000011549081274,2025-08-05,reconciled,45990.0,PAGO,1 enero 2025 - 1 julio 2025.xlsx,,,2026-05-27 15:01:07.423457,,ajustes,Ajuste Poscobro Conciliado,False
ML,POS_110480988971_1 enero 2025 - 1 julio 2025.xlsx_2676,2000011549063160,2025-08-05,bpp_refunded,52990.0,PAGO,1 enero 2025 - 1 julio 2025.xlsx,,,2026-05-27 15:01:07.423457,,ajustes,Ajuste por Compra Protegida (BPP),False
ML,POS_110480889669_1 enero 2025 - 1 julio 2025.xlsx_2677,2000011549061406,2025-08-05,bpp_refunded,35992.0,PAGO,1 enero 2025 - 1 julio 2025.xlsx,,,2026-05-27 15:01:07.423457,,ajustes,Ajuste por Compra Protegida (BPP),False
ML,POS_110932516826_1 enero 2025 - 1 julio 2025.xlsx_2678,2000011549061400,2025-08-05,bpp_refunded,47990.0,PAGO,1 enero 2025 - 1 julio 2025.xlsx,,,2026-05-27 15:01:07.423457,,ajustes,Ajuste por Compra Protegida (BPP),False
ML,POS_110480393253_1 enero 2025 - 1 julio 2025.xlsx_2679,2000011548998944,2025-08-05,reconciled,25990.0,PAGO,1 enero 2025 - 1 julio 2025.xlsx,,,2026-05-27 15:01:07.423457,,ajustes,Ajuste Poscobro Conciliado,False
ML,POS_110930289880_1 enero 2025 - 1 julio 2025.xlsx_2680,2000011548837180,2025-08-05,bpp_refunded,21990.0,PAGO,1 enero 2025 - 1 julio 2025.xlsx,,,2026-05-27 15:01:07.423457,,ajustes,Ajuste por Compra Protegida (BPP),False
ML,POS_110927320046_1 enero 2025 - 1 julio 2025.xlsx_2681,2000011548588156,2025-08-05,reconciled,43990.0,PAGO,1 enero 2025 - 1 julio 2025.xlsx,,,2026-05-27 15:01:07.423457,,ajustes,Ajuste Poscobro Conciliado,False
ML,POS_110926450064_1 enero 2025 - 1 julio 2025.xlsx_2682,2000011548485268,2025-08-05,bpp_refunded,47990.0,PAGO,1 enero 2025 - 1 julio 2025.xlsx,,,2026-05-27 15:01:07.423457,,ajustes,Ajuste por Compra Protegida (BPP),False
ML,POS_110924068314_1 enero 2025 - 1 julio 2025.xlsx_2683,nan,2025-08-05,Ajuste Poscobro,441.0,PAGO,1 enero 2025 - 1 julio 2025.xlsx,,,2026-05-27 15:01:07.423457,,ajustes,Ajuste Poscobro General,True
ML,POS_110472329355_1 enero 2025 - 1 julio 2025.xlsx_2684,2000011548153190,2025-08-05,bpp_refunded,42990.0,PAGO,1 enero 2025 - 1 julio 2025.xlsx,,,2026-05-27 15:01:07.423457,,ajustes,Ajuste por Compra Protegida (BPP),False
ML,POS_110915024252_1 enero 2025 - 1 julio 2025.xlsx_2685,2000011547188278,2025-08-05,bpp_refunded,29990.0,PAGO,1 enero 2025 - 1 julio 2025.xlsx,,,2026-05-27 15:01:07.423457,,ajustes,Ajuste por Compra Protegida (BPP),False
ML,POS_110457702893_1 enero 2025 - 1 julio 2025.xlsx_2686,nan,2025-08-05,Ajuste Poscobro,441.0,PAGO,1 enero 2025 - 1 julio 2025.xlsx,,,2026-05-27 15:01:07.423457,,ajustes,Ajuste Poscobro General,True
ML,POS_110457478447_1 enero 2025 - 1 julio 2025.xlsx_2687,2000011546529406,2025-08-05,bpp_refunded,43990.0,PAGO,1 enero 2025 - 1 julio 2025.xlsx,,,2026-05-27 15:01:07.423457,,ajustes,Ajuste por Compra Protegida (BPP),False
ML,POS_110905447150_1 enero 2025 - 1 julio 2025.xlsx_2688,2000011546196782,2025-08-05,bpp_refunded,23990.0,PAGO,1 enero 2025 - 1 julio 2025.xlsx,,,2026-05-27 15:01:07.423457,,ajustes,Ajuste por Compra Protegida (BPP),False
ML,POS_110899153926_1 enero 2025 - 1 julio 2025.xlsx_2689,2000011545652722,2025-08-05,bpp_refunded,59990.0,PAGO,1 enero 2025 - 1 julio 2025.xlsx,,,2026-05-27 15:01:07.423457,,ajustes,Ajuste por Compra Protegida (BPP),False
ML,POS_110447920817_1 enero 2025 - 1 julio 2025.xlsx_2690,nan,2025-08-05,Ajuste Poscobro,525.0,PAGO,1 enero 2025 - 1 julio 2025.xlsx,,,2026-05-27 15:01:07.423457,,ajustes,Ajuste Poscobro General,True
ML,POS_110447612945_1 enero 2025 - 1 julio 2025.xlsx_2691,2000011545630374,2025-08-05,bpp_refunded,53990.0,PAGO,1 enero 2025 - 1 julio 2025.xlsx,,,2026-05-27 15:01:07.423457,,ajustes,Ajuste por Compra Protegida (BPP),False
ML,POS_110894516618_1 enero 2025 - 1 julio 2025.xlsx_2692,nan,2025-08-05,Ajuste Poscobro,600.0,PAGO,1 enero 2025 - 1 julio 2025.xlsx,,,2026-05-27 15:01:07.423457,,ajustes,Ajuste Poscobro General,True
ML,POS_110443130161_1 enero 2025 - 1 julio 2025.xlsx_2693,2000011545183852,2025-08-05,reconciled,45990.0,PAGO,1 enero 2025 - 1 julio 2025.xlsx,,,2026-05-27 15:01:07.423457,,ajustes,Ajuste Poscobro Conciliado,False
ML,POS_110439214685_1 enero 2025 - 1 julio 2025.xlsx_2694,2000011544871138,2025-08-05,bpp_refunded,17990.0,PAGO,1 enero 2025 - 1 julio 2025.xlsx,,,2026-05-27 15:01:07.423457,,ajustes,Ajuste por Compra Protegida (BPP),False
ML,POS_110439065359_1 enero 2025 - 1 julio 2025.xlsx_2695,nan,2025-08-05,bpp_refunded,3500.0,PAGO,1 enero 2025 - 1 julio 2025.xlsx,,,2026-05-27 15:01:07.423457,,ajustes,Ajuste por Compra Protegida (BPP),False
ML,POS_110888270050_1 enero 2025 - 1 julio 2025.xlsx_2696,2000011544673242,2025-08-05,reconciled,55990.0,PAGO,1 enero 2025 - 1 julio 2025.xlsx,,,2026-05-27 15:01:07.423457,,ajustes,Ajuste Poscobro Conciliado,False
ML,POS_110881265580_1 enero 2025 - 1 julio 2025.xlsx_2697,2000011544069406,2025-08-05,bpp_refunded,19990.0,PAGO,1 enero 2025 - 1 julio 2025.xlsx,,,2026-05-27 15:01:07.423457,,ajustes,Ajuste por Compra Protegida (BPP),False
ML,POS_110877704230_1 enero 2025 - 1 julio 2025.xlsx_2698,2000011543792294,2025-08-05,bpp_refunded,11990.0,PAGO,1 enero 2025 - 1 julio 2025.xlsx,,,2026-05-27 15:01:07.423457,,ajustes,Ajuste por Compra Protegida (BPP),False
ML,POS_110426756895_1 enero 2025 - 1 julio 2025.xlsx_2699,nan,2025-08-05,bpp_refunded,2940.0,PAGO,1 enero 2025 - 1 julio 2025.xlsx,,,2026-05-27 15:01:07.423457,,ajustes,Ajuste por Compra Protegida (BPP),False
ML,POS_110422029097_1 enero 2025 - 1 julio 2025.xlsx_2700,2000011543366958,2025-08-05,reconciled,23990.0,PAGO,1 enero 2025 - 1 julio 2025.xlsx,,,2026-05-27 15:01:07.423457,,ajustes,Ajuste Poscobro Conciliado,False
ML,POS_110421470681_1 enero 2025 - 1 julio 2025.xlsx_2701,2000011543305706,2025-08-05,bpp_covered,20990.0,PAGO,1 enero 2025 - 1 julio 2025.xlsx,,,2026-05-27 15:01:07.423457,,ajustes,Ajuste por Compra Protegida (BPP),True
ML,POS_110870812124_1 enero 2025 - 1 julio 2025.xlsx_2702,2000011543207820,2025-08-05,bpp_refunded,63990.0,PAGO,1 enero 2025 - 1 julio 2025.xlsx,,,2026-05-27 15:01:07.423457,,ajustes,Ajuste por Compra Protegida (BPP),False
ML,POS_110415092817_1 enero 2025 - 1 julio 2025.xlsx_2703,2000011542841460,2025-08-05,reconciled,31990.0,PAGO,1 enero 2025 - 1 julio 2025.xlsx,,,2026-05-27 15:01:07.423457,,ajustes,Ajuste Poscobro Conciliado,False
ML,POS_110817237482_1 enero 2025 - 1 julio 2025.xlsx_2704,2000011542301384,2025-08-05,reconciled,55990.0,PAGO,1 enero 2025 - 1 julio 2025.xlsx,,,2026-05-27 15:01:07.423457,,ajustes,Ajuste Poscobro Conciliado,False
ML,POS_110344438445_1 enero 2025 - 1 julio 2025.xlsx_2705,nan,2025-07-05,Ajuste Poscobro,525.0,PAGO,1 enero 2025 - 1 julio 2025.xlsx,,,2026-05-27 15:01:07.423457,,ajustes,Ajuste Poscobro General,True
ML,POS_110794414822_1 enero 2025 - 1 julio 2025.xlsx_2706,2000011541390414,2025-07-05,reconciled,24990.0,PAGO,1 enero 2025 - 1 julio 2025.xlsx,,,2026-05-27 15:01:07.423457,,ajustes,Ajuste Poscobro Conciliado,False
ML,POS_110342226823_1 enero 2025 - 1 julio 2025.xlsx_2707,2000011541061514,2025-07-05,bpp_refunded,27990.0,PAGO,1 enero 2025 - 1 julio 2025.xlsx,,,2026-05-27 15:01:07.423457,,ajustes,Ajuste por Compra Protegida (BPP),False
ML,POS_110790508434_1 enero 2025 - 1 julio 2025.xlsx_2708,2000011540940014,2025-07-05,bpp_refunded,63990.0,PAGO,1 enero 2025 - 1 julio 2025.xlsx,,,2026-05-27 15:01:07.423457,,ajustes,Ajuste por Compra Protegida (BPP),False
ML,POS_110786547606_1 enero 2025 - 1 julio 2025.xlsx_2710,nan,2025-07-05,Ajuste Poscobro,525.0,PAGO,1 enero 2025 - 1 julio 2025.xlsx,,,2026-05-27 15:01:07.423457,,ajustes,Ajuste Poscobro General,True
ML,POS_110786472530_1 enero 2025 - 1 julio 2025.xlsx_2711,2000011540309400,2025-07-05,reconciled,45990.0,PAGO,1 enero 2025 - 1 julio 2025.xlsx,,,2026-05-27 15:01:07.423457,,ajustes,Ajuste Poscobro Conciliado,False
ML,POS_110768083686_1 enero 2025 - 1 julio 2025.xlsx_2712,2000011538350216,2025-07-05,bpp_refunded,49990.0,PAGO,1 enero 2025 - 1 julio 2025.xlsx,,,2026-05-27 15:01:07.423457,,ajustes,Ajuste por Compra Protegida (BPP),False
ML,POS_110314354483_1 enero 2025 - 1 julio 2025.xlsx_2713,2000011537923844,2025-07-05,reconciled,21980.0,PAGO,1 enero 2025 - 1 julio 2025.xlsx,,,2026-05-27 15:01:07.423457,,ajustes,Ajuste Poscobro Conciliado,False
ML,POS_110307066193_1 enero 2025 - 1 julio 2025.xlsx_2714,2000011537321100,2025-07-05,bpp_refunded,45990.0,PAGO,1 enero 2025 - 1 julio 2025.xlsx,,,2026-05-27 15:01:07.423457,,ajustes,Ajuste por Compra Protegida (BPP),False
ML,POS_110749750630_1 enero 2025 - 1 julio 2025.xlsx_2715,2000011536800412,2025-07-05,reconciled,45990.0,PAGO,1 enero 2025 - 1 julio 2025.xlsx,,,2026-05-27 15:01:07.423457,,ajustes,Ajuste Poscobro Conciliado,False
ML,POS_110300060669_1 enero 2025 - 1 julio 2025.xlsx_2716,2000011536726802,2025-07-05,bpp_refunded,37990.0,PAGO,1 enero 2025 - 1 julio 2025.xlsx,,,2026-05-27 15:01:07.423457,,ajustes,Ajuste por Compra Protegida (BPP),False
ML,POS_110748784442_1 enero 2025 - 1 julio 2025.xlsx_2717,2000011536695320,2025-07-05,bpp_refunded,45990.0,PAGO,1 enero 2025 - 1 julio 2025.xlsx,,,2026-05-27 15:01:07.423457,,ajustes,Ajuste por Compra Protegida (BPP),False
ML,POS_110297008191_1 enero 2025 - 1 julio 2025.xlsx_2718,2000011536407700,2025-07-05,bpp_refunded,53990.0,PAGO,1 enero 2025 - 1 julio 2025.xlsx,,,2026-05-27 15:01:07.423457,,ajustes,Ajuste por Compra Protegida (BPP),False
ML,POS_110294349639_1 enero 2025 - 1 julio 2025.xlsx_2719,2000011536177812,2025-07-05,bpp_refunded,45990.0,PAGO,1 enero 2025 - 1 julio 2025.xlsx,,,2026-05-27 15:01:07.423457,,ajustes,Ajuste por Compra Protegida (BPP),False
ML,POS_110286051083_1 enero 2025 - 1 julio 2025.xlsx_2720,2000011535335810,2025-07-05,bpp_refunded,22990.0,PAGO,1 enero 2025 - 1 julio 2025.xlsx,,,2026-05-27 15:01:07.423457,,ajustes,Ajuste por Compra Protegida (BPP),False
ML,POS_110272335227_1 enero 2025 - 1 julio 2025.xlsx_2721,2000011534027622,2025-07-05,bpp_refunded,53990.0,PAGO,1 enero 2025 - 1 julio 2025.xlsx,,,2026-05-27 15:01:07.423457,,ajustes,Ajuste por Compra Protegida (BPP),False
ML,POS_110272091939_1 enero 2025 - 1 julio 2025.xlsx_2722,2000011534015430,2025-07-05,bpp_refunded,29990.0,PAGO,1 enero 2025 - 1 julio 2025.xlsx,,,2026-05-27 15:01:07.423457,,ajustes,Ajuste por Compra Protegida (BPP),False
ML,POS_110271188575_1 enero 2025 - 1 julio 2025.xlsx_2723,2000011533913656,2025-07-05,bpp_refunded,22990.0,PAGO,1 enero 2025 - 1 julio 2025.xlsx,,,2026-05-27 15:01:07.423457,,ajustes,Ajuste por Compra Protegida (BPP),False
ML,POS_110259330877_1 enero 2025 - 1 julio 2025.xlsx_2724,2000011532966894,2025-07-05,bpp_refunded,55990.0,PAGO,1 enero 2025 - 1 julio 2025.xlsx,,,2026-05-27 15:01:07.423457,,ajustes,Ajuste por Compra Protegida (BPP),False
ML,POS_110258751579_1 enero 2025 - 1 julio 2025.xlsx_2725,2000011532924580,2025-07-05,reconciled,55990.0,PAGO,1 enero 2025 - 1 julio 2025.xlsx,,,2026-05-27 15:01:07.423457,,ajustes,Ajuste Poscobro Conciliado,False
ML,POS_110254491705_1 enero 2025 - 1 julio 2025.xlsx_2726,2000011532519888,2025-07-05,reconciled,55990.0,PAGO,1 enero 2025 - 1 julio 2025.xlsx,,,2026-05-27 15:01:07.423457,,ajustes,Ajuste Poscobro Conciliado,False
ML,POS_110702201966_1 enero 2025 - 1 julio 2025.xlsx_2727,nan,2025-07-05,Ajuste Poscobro,600.0,PAGO,1 enero 2025 - 1 julio 2025.xlsx,,,2026-05-27 15:01:07.423457,,ajustes,Ajuste Poscobro General,True
ML,POS_110253095801_1 enero 2025 - 1 julio 2025.xlsx_2728,2000011532460196,2025-07-05,bpp_refunded,43990.0,PAGO,1 enero 2025 - 1 julio 2025.xlsx,,,2026-05-27 15:01:07.423457,,ajustes,Ajuste por Compra Protegida (BPP),False
ML,POS_110698347680_1 enero 2025 - 1 julio 2025.xlsx_2729,2000011532152086,2025-07-05,bpp_refunded,46990.0,PAGO,1 enero 2025 - 1 julio 2025.xlsx,,,2026-05-27 15:01:07.423457,,ajustes,Ajuste por Compra Protegida (BPP),False
ML,POS_110682823130_1 enero 2025 - 1 julio 2025.xlsx_2730,nan,2025-07-05,Ajuste Poscobro,441.0,PAGO,1 enero 2025 - 1 julio 2025.xlsx,,,2026-05-27 15:01:07.423457,,ajustes,Ajuste Poscobro General,True
ML,POS_110682697110_1 enero 2025 - 1 julio 2025.xlsx_2731,2000011530763106,2025-07-05,reconciled,63990.0,PAGO,1 enero 2025 - 1 julio 2025.xlsx,,,2026-05-27 15:01:07.423457,,ajustes,Ajuste Poscobro Conciliado,False
ML,POS_110233213137_1 enero 2025 - 1 julio 2025.xlsx_2732,nan,2025-07-05,Ajuste Poscobro,441.0,PAGO,1 enero 2025 - 1 julio 2025.xlsx,,,2026-05-27 15:01:07.423457,,ajustes,Ajuste Poscobro General,True
ML,POS_110233154171_1 enero 2025 - 1 julio 2025.xlsx_2733,2000011530698188,2025-07-05,compensated,41990.0,PAGO,1 enero 2025 - 1 julio 2025.xlsx,,,2026-05-27 15:01:07.423457,,ajustes,Ajuste Poscobro Conciliado,True
ML,POS_110228571721_1 enero 2025 - 1 julio 2025.xlsx_2734,2000011530434642,2025-07-05,compensated,49990.0,PAGO,1 enero 2025 - 1 julio 2025.xlsx,,,2026-05-27 15:01:07.423457,,ajustes,Ajuste Poscobro Conciliado,True
ML,POS_110222498349_1 enero 2025 - 1 julio 2025.xlsx_2735,2000011529977028,2025-07-05,reconciled,43990.0,PAGO,1 enero 2025 - 1 julio 2025.xlsx,,,2026-05-27 15:01:07.423457,,ajustes,Ajuste Poscobro Conciliado,False
ML,POS_110668517194_1 enero 2025 - 1 julio 2025.xlsx_2736,2000011529579266,2025-06-05,reconciled,55990.0,PAGO,1 enero 2025 - 1 julio 2025.xlsx,,,2026-05-27 15:01:07.423457,,ajustes,Ajuste Poscobro Conciliado,False
ML,POS_110219935137_1 enero 2025 - 1 julio 2025.xlsx_2737,2000011529573592,2025-06-05,bpp_refunded,23990.0,PAGO,1 enero 2025 - 1 julio 2025.xlsx,,,2026-05-27 15:01:07.423457,,ajustes,Ajuste por Compra Protegida (BPP),False
ML,POS_110216061179_1 enero 2025 - 1 julio 2025.xlsx_2738,2000011528900500,2025-06-05,bpp_refunded,25990.0,PAGO,1 enero 2025 - 1 julio 2025.xlsx,,,2026-05-27 15:01:07.423457,,ajustes,Ajuste por Compra Protegida (BPP),False
ML,POS_110663963342_1 enero 2025 - 1 julio 2025.xlsx_2739,2000011528842376,2025-06-05,reconciled,47990.0,PAGO,1 enero 2025 - 1 julio 2025.xlsx,,,2026-05-27 15:01:07.423457,,ajustes,Ajuste Poscobro Conciliado,False
ML,POS_110659805982_1 enero 2025 - 1 julio 2025.xlsx_2740,2000011528178858,2025-06-05,reconciled,41990.0,PAGO,1 enero 2025 - 1 julio 2025.xlsx,,,2026-05-27 15:01:07.423457,,ajustes,Ajuste Poscobro Conciliado,False
ML,POS_110659696280_1 enero 2025 - 1 julio 2025.xlsx_2741,2000011528162060,2025-06-05,reconciled,27990.0,PAGO,1 enero 2025 - 1 julio 2025.xlsx,,,2026-05-27 15:01:07.423457,,ajustes,Ajuste Poscobro Conciliado,False
ML,POS_110656394820_1 enero 2025 - 1 julio 2025.xlsx_2742,2000011527696484,2025-06-05,bpp_refunded,51990.0,PAGO,1 enero 2025 - 1 julio 2025.xlsx,,,2026-05-27 15:01:07.423457,,ajustes,Ajuste por Compra Protegida (BPP),False
ML,POS_110208064857_1 enero 2025 - 1 julio 2025.xlsx_2743,2000011527689810,2025-06-05,bpp_refunded,51990.0,PAGO,1 enero 2025 - 1 julio 2025.xlsx,,,2026-05-27 15:01:07.423457,,ajustes,Ajuste por Compra Protegida (BPP),False
ML,POS_110647099878_1 enero 2025 - 1 julio 2025.xlsx_2744,2000011526633422,2025-06-05,bpp_refunded,29990.0,PAGO,1 enero 2025 - 1 julio 2025.xlsx,,,2026-05-27 15:01:07.423457,,ajustes,Ajuste por Compra Protegida (BPP),False
ML,POS_110194894683_1 enero 2025 - 1 julio 2025.xlsx_2745,2000011526268626,2025-06-05,reconciled,55990.0,PAGO,1 enero 2025 - 1 julio 2025.xlsx,,,2026-05-27 15:01:07.423457,,ajustes,Ajuste Poscobro Conciliado,False
ML,POS_110194630175_1 enero 2025 - 1 julio 2025.xlsx_2746,2000011526217726,2025-06-05,bpp_refunded,63990.0,PAGO,1 enero 2025 - 1 julio 2025.xlsx,,,2026-05-27 15:01:07.423457,,ajustes,Ajuste por Compra Protegida (BPP),False
ML,POS_110193111691_1 enero 2025 - 1 julio 2025.xlsx_2747,2000011526128434,2025-06-05,reconciled,59990.0,PAGO,1 enero 2025 - 1 julio 2025.xlsx,,,2026-05-27 15:01:07.423457,,ajustes,Ajuste Poscobro Conciliado,False
ML,POS_110640476638_1 enero 2025 - 1 julio 2025.xlsx_2748,2000011526019596,2025-06-05,bpp_refunded,21495.0,PAGO,1 enero 2025 - 1 julio 2025.xlsx,,,2026-05-27 15:01:07.423457,,ajustes,Ajuste por Compra Protegida (BPP),False
ML,POS_110640337636_1 enero 2025 - 1 julio 2025.xlsx_2749,2000011526019596,2025-06-05,reconciled,21495.0,PAGO,1 enero 2025 - 1 julio 2025.xlsx,,,2026-05-27 15:01:07.423457,,ajustes,Ajuste Poscobro Conciliado,False
ML,POS_110182639059_1 enero 2025 - 1 julio 2025.xlsx_2751,nan,2025-06-05,Ajuste Poscobro,525.0,PAGO,1 enero 2025 - 1 julio 2025.xlsx,,,2026-05-27 15:01:07.423457,,ajustes,Ajuste Poscobro General,True
ML,POS_110182386365_1 enero 2025 - 1 julio 2025.xlsx_2752,2000011525215266,2025-06-05,bpp_refunded,25990.0,PAGO,1 enero 2025 - 1 julio 2025.xlsx,,,2026-05-27 15:01:07.423457,,ajustes,Ajuste por Compra Protegida (BPP),False
ML,POS_110171089701_1 enero 2025 - 1 julio 2025.xlsx_2753,2000011524080172,2025-06-05,bpp_refunded,45990.0,PAGO,1 enero 2025 - 1 julio 2025.xlsx,,,2026-05-27 15:01:07.423457,,ajustes,Ajuste por Compra Protegida (BPP),False
ML,POS_110165426091_1 enero 2025 - 1 julio 2025.xlsx_2754,2000011523413922,2025-06-05,bpp_refunded,17990.0,PAGO,1 enero 2025 - 1 julio 2025.xlsx,,,2026-05-27 15:01:07.423457,,ajustes,Ajuste por Compra Protegida (BPP),False
ML,POS_110605698798_1 enero 2025 - 1 julio 2025.xlsx_2755,2000011522533262,2025-06-05,bpp_refunded,45990.0,PAGO,1 enero 2025 - 1 julio 2025.xlsx,,,2026-05-27 15:01:07.423457,,ajustes,Ajuste por Compra Protegida (BPP),False
ML,POS_110586335958_1 enero 2025 - 1 julio 2025.xlsx_2756,nan,2025-06-05,Ajuste Poscobro,600.0,PAGO,1 enero 2025 - 1 julio 2025.xlsx,,,2026-05-27 15:01:07.423457,,ajustes,Ajuste Poscobro General,True
ML,POS_110138710797_1 enero 2025 - 1 julio 2025.xlsx_2757,2000011520805674,2025-06-05,reconciled,24480.0,PAGO,1 enero 2025 - 1 julio 2025.xlsx,,,2026-05-27 15:01:07.423457,,ajustes,Ajuste Poscobro Conciliado,False
ML,POS_110586250132_1 enero 2025 - 1 julio 2025.xlsx_2758,2000011520787032,2025-06-05,bpp_refunded,51990.0,PAGO,1 enero 2025 - 1 julio 2025.xlsx,,,2026-05-27 15:01:07.423457,,ajustes,Ajuste por Compra Protegida (BPP),False
ML,POS_110138377297_1 enero 2025 - 1 julio 2025.xlsx_2759,2000011520779924,2025-06-05,bpp_refunded,55990.0,PAGO,1 enero 2025 - 1 julio 2025.xlsx,,,2026-05-27 15:01:07.423457,,ajustes,Ajuste por Compra Protegida (BPP),False
ML,POS_110550397502_1 enero 2025 - 1 julio 2025.xlsx_2760,2000011518222020,2025-06-05,bpp_refunded,63990.0,PAGO,1 enero 2025 - 1 julio 2025.xlsx,,,2026-05-27 15:01:07.423457,,ajustes,Ajuste por Compra Protegida (BPP),False
ML,POS_110428305214_1 enero 2025 - 1 julio 2025.xlsx_2774,2000011505971784,2025-04-05,bpp_refunded,47990.0,PAGO,1 enero 2025 - 1 julio 2025.xlsx,,,2026-05-27 15:01:07.423457,,ajustes,Ajuste por Compra Protegida (BPP),False
ML,POS_110422226980_1 enero 2025 - 1 julio 2025.xlsx_2775,2000011504957206,2025-04-05,bpp_refunded,29990.0,PAGO,1 enero 2025 - 1 julio 2025.xlsx,,,2026-05-27 15:01:07.423457,,ajustes,Ajuste por Compra Protegida (BPP),False
ML,POS_109976256625_1 enero 2025 - 1 julio 2025.xlsx_2776,2000011504975384,2025-04-05,bpp_refunded,19990.0,PAGO,1 enero 2025 - 1 julio 2025.xlsx,,,2026-05-27 15:01:07.423457,,ajustes,Ajuste por Compra Protegida (BPP),False
ML,POS_110407045418_1 enero 2025 - 1 julio 2025.xlsx_2777,2000011503080782,2025-04-05,reconciled,17930.0,PAGO,1 enero 2025 - 1 julio 2025.xlsx,,,2026-05-27 15:01:07.423457,,ajustes,Ajuste Poscobro Conciliado,False
ML,POS_109954063813_1 enero 2025 - 1 julio 2025.xlsx_2778,2000011502320216,2025-04-05,Ajuste Poscobro,9990.0,PAGO,1 enero 2025 - 1 julio 2025.xlsx,,,2026-05-27 15:01:07.423457,,ajustes,Ajuste Poscobro General,True
ML,POS_110399987576_1 enero 2025 - 1 julio 2025.xlsx_2779,2000011502318498,2025-04-05,Ajuste Poscobro,9990.0,PAGO,1 enero 2025 - 1 julio 2025.xlsx,,,2026-05-27 15:01:07.423457,,ajustes,Ajuste Poscobro General,True
ML,POS_110399089250_1 enero 2025 - 1 julio 2025.xlsx_2780,2000011502161342,2025-04-05,reconciled,19490.0,PAGO,1 enero 2025 - 1 julio 2025.xlsx,,,2026-05-27 15:01:07.423457,,ajustes,Ajuste Poscobro Conciliado,False
ML,POS_110392960802_1 enero 2025 - 1 julio 2025.xlsx_2781,nan,2025-04-05,Ajuste Poscobro,525.0,PAGO,1 enero 2025 - 1 julio 2025.xlsx,,,2026-05-27 15:01:07.423457,,ajustes,Ajuste Poscobro General,True
ML,POS_109946861321_1 enero 2025 - 1 julio 2025.xlsx_2782,2000011501377336,2025-04-05,bpp_refunded,55990.0,PAGO,1 enero 2025 - 1 julio 2025.xlsx,,,2026-05-27 15:01:07.423457,,ajustes,Ajuste por Compra Protegida (BPP),False
ML,POS_110390682002_1 enero 2025 - 1 julio 2025.xlsx_2783,2000011501158650,2025-04-05,bpp_refunded,29990.0,PAGO,1 enero 2025 - 1 julio 2025.xlsx,,,2026-05-27 15:01:07.423457,,ajustes,Ajuste por Compra Protegida (BPP),False
ML,POS_109943555955_1 enero 2025 - 1 julio 2025.xlsx_2784,2000011501010178,2025-04-05,bpp_refunded,19990.0,PAGO,1 enero 2025 - 1 julio 2025.xlsx,,,2026-05-27 15:01:07.423457,,ajustes,Ajuste por Compra Protegida (BPP),False
ML,POS_110385797418_1 enero 2025 - 1 julio 2025.xlsx_2785,2000011500523976,2025-04-05,reconciled,25990.0,PAGO,1 enero 2025 - 1 julio 2025.xlsx,,,2026-05-27 15:01:07.423457,,ajustes,Ajuste Poscobro Conciliado,False
ML,POS_110380155008_1 enero 2025 - 1 julio 2025.xlsx_2786,2000011500003338,2025-04-05,bpp_refunded,34990.0,PAGO,1 enero 2025 - 1 julio 2025.xlsx,,,2026-05-27 15:01:07.423457,,ajustes,Ajuste por Compra Protegida (BPP),False
ML,POS_110359070422_1 enero 2025 - 1 julio 2025.xlsx_2787,2000011498291772,2025-04-05,reconciled,14930.0,PAGO,1 enero 2025 - 1 julio 2025.xlsx,,,2026-05-27 15:01:07.423457,,ajustes,Ajuste Poscobro Conciliado,False
ML,POS_110349641152_1 enero 2025 - 1 julio 2025.xlsx_2788,2000011497467994,2025-03-05,bpp_refunded,20990.0,PAGO,1 enero 2025 - 1 julio 2025.xlsx,,,2026-05-27 15:01:07.423457,,ajustes,Ajuste por Compra Protegida (BPP),False
ML,POS_110348085666_1 enero 2025 - 1 julio 2025.xlsx_2790,nan,2025-03-05,Ajuste Poscobro,441.0,PAGO,1 enero 2025 - 1 julio 2025.xlsx,,,2026-05-27 15:01:07.423457,,ajustes,Ajuste Poscobro General,True
ML,POS_110347987762_1 enero 2025 - 1 julio 2025.xlsx_2791,2000011497355220,2025-03-05,bpp_refunded,21990.0,PAGO,1 enero 2025 - 1 julio 2025.xlsx,,,2026-05-27 15:01:07.423457,,ajustes,Ajuste por Compra Protegida (BPP),False
ML,POS_109902277289_1 enero 2025 - 1 julio 2025.xlsx_2792,2000011497362816,2025-03-05,bpp_refunded,21990.0,PAGO,1 enero 2025 - 1 julio 2025.xlsx,,,2026-05-27 15:01:07.423457,,ajustes,Ajuste por Compra Protegida (BPP),False
ML,POS_109901285903_1 enero 2025 - 1 julio 2025.xlsx_2793,2000011497255354,2025-03-05,bpp_refunded,20990.0,PAGO,1 enero 2025 - 1 julio 2025.xlsx,,,2026-05-27 15:01:07.423457,,ajustes,Ajuste por Compra Protegida (BPP),False
ML,POS_109899935143_1 enero 2025 - 1 julio 2025.xlsx_2794,2000011497118920,2025-03-05,reconciled,19990.0,PAGO,1 enero 2025 - 1 julio 2025.xlsx,,,2026-05-27 15:01:07.423457,,ajustes,Ajuste Poscobro Conciliado,False
ML,POS_110344678718_1 enero 2025 - 1 julio 2025.xlsx_2795,2000011497060226,2025-03-05,reconciled,47990.0,PAGO,1 enero 2025 - 1 julio 2025.xlsx,,,2026-05-27 15:01:07.423457,,ajustes,Ajuste Poscobro Conciliado,False
ML,POS_110340785606_1 enero 2025 - 1 julio 2025.xlsx_2796,2000011496725284,2025-03-05,reconciled,18780.0,PAGO,1 enero 2025 - 1 julio 2025.xlsx,,,2026-05-27 15:01:07.423457,,ajustes,Ajuste Poscobro Conciliado,False
ML,POS_109859667103_1 enero 2025 - 1 julio 2025.xlsx_2797,2000011494170936,2025-03-05,bpp_refunded,39990.0,PAGO,1 enero 2025 - 1 julio 2025.xlsx,,,2026-05-27 15:01:07.423457,,ajustes,Ajuste por Compra Protegida (BPP),False
ML,POS_110305460694_1 enero 2025 - 1 julio 2025.xlsx_2798,2000011494176306,2025-03-05,bpp_refunded,39990.0,PAGO,1 enero 2025 - 1 julio 2025.xlsx,,,2026-05-27 15:01:07.423457,,ajustes,Ajuste por Compra Protegida (BPP),False
ML,POS_110276758272_1 enero 2025 - 1 julio 2025.xlsx_2799,2000011491925482,2025-03-05,bpp_refunded,45990.0,PAGO,1 enero 2025 - 1 julio 2025.xlsx,,,2026-05-27 15:01:07.423457,,ajustes,Ajuste por Compra Protegida (BPP),False
ML,POS_109798215039_1 enero 2025 - 1 julio 2025.xlsx_2800,2000011488993774,2025-02-05,reconciled,23000.0,PAGO,1 enero 2025 - 1 julio 2025.xlsx,,,2026-05-27 15:01:07.423457,,ajustes,Ajuste Poscobro Conciliado,False
ML,POS_109798266527_1 enero 2025 - 1 julio 2025.xlsx_2801,2000011488993774,2025-02-05,reconciled,22990.0,PAGO,1 enero 2025 - 1 julio 2025.xlsx,,,2026-05-27 15:01:07.423457,,ajustes,Ajuste Poscobro Conciliado,False
ML,POS_110241081854_1 enero 2025 - 1 julio 2025.xlsx_2802,2000011488789462,2025-02-05,bpp_refunded,19990.0,PAGO,1 enero 2025 - 1 julio 2025.xlsx,,,2026-05-27 15:01:07.423457,,ajustes,Ajuste por Compra Protegida (BPP),False
ML,POS_110195300988_1 enero 2025 - 1 julio 2025.xlsx_2803,2000011485193096,2025-02-05,reconciled,39990.0,PAGO,1 enero 2025 - 1 julio 2025.xlsx,,,2026-05-27 15:01:07.423457,,ajustes,Ajuste Poscobro Conciliado,False
ML,POS_109745626807_1 enero 2025 - 1 julio 2025.xlsx_2804,2000011484784952,2025-02-05,bpp_refunded,42990.0,PAGO,1 enero 2025 - 1 julio 2025.xlsx,,,2026-05-27 15:01:07.423457,,ajustes,Ajuste por Compra Protegida (BPP),False
ML,POS_109717225755_1 enero 2025 - 1 julio 2025.xlsx_2805,nan,2025-02-05,Ajuste Poscobro,525.0,PAGO,1 enero 2025 - 1 julio 2025.xlsx,,,2026-05-27 15:01:07.423457,,ajustes,Ajuste Poscobro General,True
ML,POS_110162131548_1 enero 2025 - 1 julio 2025.xlsx_2806,2000011482375234,2025-02-05,bpp_refunded,36990.0,PAGO,1 enero 2025 - 1 julio 2025.xlsx,,,2026-05-27 15:01:07.423457,,ajustes,Ajuste por Compra Protegida (BPP),False
ML,POS_110162079632_1 enero 2025 - 1 julio 2025.xlsx_2807,2000011482369858,2025-02-05,bpp_refunded,36990.0,PAGO,1 enero 2025 - 1 julio 2025.xlsx,,,2026-05-27 15:01:07.423457,,ajustes,Ajuste por Compra Protegida (BPP),False
ML,POS_109692040583_1 enero 2025 - 1 julio 2025.xlsx_2808,nan,2025-02-05,Ajuste Poscobro,441.0,PAGO,1 enero 2025 - 1 julio 2025.xlsx,,,2026-05-27 15:01:07.423457,,ajustes,Ajuste Poscobro General,True
ML,POS_110136786720_1 enero 2025 - 1 julio 2025.xlsx_2809,2000011480501826,2025-02-05,reconciled,29990.0,PAGO,1 enero 2025 - 1 julio 2025.xlsx,,,2026-05-27 15:01:07.423457,,ajustes,Ajuste Poscobro Conciliado,False
ML,POS_109689786309_1 enero 2025 - 1 julio 2025.xlsx_2810,2000011480169334,2025-01-05,bpp_refunded,47990.0,PAGO,1 enero 2025 - 1 julio 2025.xlsx,,,2026-05-27 15:01:07.423457,,ajustes,Ajuste por Compra Protegida (BPP),False
ML,POS_110130675430_1 enero 2025 - 1 julio 2025.xlsx_2811,nan,2025-01-05,Ajuste Poscobro,525.0,PAGO,1 enero 2025 - 1 julio 2025.xlsx,,,2026-05-27 15:01:07.423457,,ajustes,Ajuste Poscobro General,True
ML,POS_110130489546_1 enero 2025 - 1 julio 2025.xlsx_2812,2000011479649522,2025-01-05,compensated,30990.0,PAGO,1 enero 2025 - 1 julio 2025.xlsx,,,2026-05-27 15:01:07.423457,,ajustes,Ajuste Poscobro Conciliado,True
ML,POS_110120929378_1 enero 2025 - 1 julio 2025.xlsx_2813,2000011478569350,2025-01-05,bpp_refunded,27990.0,PAGO,1 enero 2025 - 1 julio 2025.xlsx,,,2026-05-27 15:01:07.423457,,ajustes,Ajuste por Compra Protegida (BPP),False
ML,POS_110115727492_1 enero 2025 - 1 julio 2025.xlsx_2814,2000011478007442,2025-01-05,bpp_refunded,47990.0,PAGO,1 enero 2025 - 1 julio 2025.xlsx,,,2026-05-27 15:01:07.423457,,ajustes,Ajuste por Compra Protegida (BPP),False
ML,POS_109669874989_1 enero 2025 - 1 julio 2025.xlsx_2815,2000011477932250,2025-01-05,bpp_refunded,18990.0,PAGO,1 enero 2025 - 1 julio 2025.xlsx,,,2026-05-27 15:01:07.423457,,ajustes,Ajuste por Compra Protegida (BPP),False
ML,POS_110114741048_1 enero 2025 - 1 julio 2025.xlsx_2816,2000011477932248,2025-01-05,bpp_refunded,18990.0,PAGO,1 enero 2025 - 1 julio 2025.xlsx,,,2026-05-27 15:01:07.423457,,ajustes,Ajuste por Compra Protegida (BPP),False
ML,POS_110108880484_1 enero 2025 - 1 julio 2025.xlsx_2817,nan,2025-01-05,Ajuste Poscobro,600.0,PAGO,1 enero 2025 - 1 julio 2025.xlsx,,,2026-05-27 15:01:07.423457,,ajustes,Ajuste Poscobro General,True
ML,POS_110108665188_1 enero 2025 - 1 julio 2025.xlsx_2818,2000011477325108,2025-01-05,bpp_refunded,45990.0,PAGO,1 enero 2025 - 1 julio 2025.xlsx,,,2026-05-27 15:01:07.423457,,ajustes,Ajuste por Compra Protegida (BPP),False
ML,POS_110106947058_1 enero 2025 - 1 julio 2025.xlsx_2819,2000011477157302,2025-01-05,reconciled,50860.0,PAGO,1 enero 2025 - 1 julio 2025.xlsx,,,2026-05-27 15:01:07.423457,,ajustes,Ajuste Poscobro Conciliado,False
ML,POS_109647687955_1 enero 2025 - 1 julio 2025.xlsx_2820,2000011475562038,2025-01-05,reconciled,59990.0,PAGO,1 enero 2025 - 1 julio 2025.xlsx,,,2026-05-27 15:01:07.423457,,ajustes,Ajuste Poscobro Conciliado,False
ML,POS_109646292549_1 enero 2025 - 1 julio 2025.xlsx_2821,2000011475367124,2025-01-05,bpp_refunded,22990.0,PAGO,1 enero 2025 - 1 julio 2025.xlsx,,,2026-05-27 15:01:07.423457,,ajustes,Ajuste por Compra Protegida (BPP),False
ML,POS_110071962454_1 enero 2025 - 1 julio 2025.xlsx_2822,nan,2025-01-05,Ajuste Poscobro,525.0,PAGO,1 enero 2025 - 1 julio 2025.xlsx,,,2026-05-27 15:01:07.423457,,ajustes,Ajuste Poscobro General,True
ML,POS_110071663694_1 enero 2025 - 1 julio 2025.xlsx_2823,2000011473393704,2025-01-05,reconciled,23990.0,PAGO,1 enero 2025 - 1 julio 2025.xlsx,,,2026-05-27 15:01:07.423457,,ajustes,Ajuste Poscobro Conciliado,False
ML,POS_109625932849_1 enero 2025 - 1 julio 2025.xlsx_2824,2000011473327612,2025-01-05,bpp_refunded,17990.0,PAGO,1 enero 2025 - 1 julio 2025.xlsx,,,2026-05-27 15:01:07.423457,,ajustes,Ajuste por Compra Protegida (BPP),False
ML,POS_109625984267_1 enero 2025 - 1 julio 2025.xlsx_2825,2000011473338924,2025-01-05,bpp_refunded,17990.0,PAGO,1 enero 2025 - 1 julio 2025.xlsx,,,2026-05-27 15:01:07.423457,,ajustes,Ajuste por Compra Protegida (BPP),False
ML,POS_109618471245_1 enero 2025 - 1 julio 2025.xlsx_2826,2000011472663650,2025-01-05,bpp_refunded,22990.0,PAGO,1 enero 2025 - 1 julio 2025.xlsx,,,2026-05-27 15:01:07.423457,,ajustes,Ajuste por Compra Protegida (BPP),False
ML,POS_108205985204_1 enero 2025 - 1 julio 2025.xlsx_3022,2000011303760524,2025-12-04,reconciled,39990.0,PAGO,1 enero 2025 - 1 julio 2025.xlsx,,,2026-05-27 15:01:07.423457,,ajustes,Ajuste Poscobro Conciliado,False
ML,POS_108203369968_1 enero 2025 - 1 julio 2025.xlsx_3023,2000011303559524,2025-12-04,bpp_refunded,56990.0,PAGO,1 enero 2025 - 1 julio 2025.xlsx,,,2026-05-27 15:01:07.423457,,ajustes,Ajuste por Compra Protegida (BPP),False
ML,POS_108198257344_1 enero 2025 - 1 julio 2025.xlsx_3024,2000011303191258,2025-12-04,bpp_refunded,34990.0,PAGO,1 enero 2025 - 1 julio 2025.xlsx,,,2026-05-27 15:01:07.423457,,ajustes,Ajuste por Compra Protegida (BPP),False
ML,POS_107762288323_1 enero 2025 - 1 julio 2025.xlsx_3025,2000011302947436,2025-12-04,bpp_refunded,28990.0,PAGO,1 enero 2025 - 1 julio 2025.xlsx,,,2026-05-27 15:01:07.423457,,ajustes,Ajuste por Compra Protegida (BPP),False
ML,POS_107754567505_1 enero 2025 - 1 julio 2025.xlsx_3026,2000011302444542,2025-12-04,bpp_refunded,16990.0,PAGO,1 enero 2025 - 1 julio 2025.xlsx,,,2026-05-27 15:01:07.423457,,ajustes,Ajuste por Compra Protegida (BPP),False
ML,POS_107754632735_1 enero 2025 - 1 julio 2025.xlsx_3027,nan,2025-12-04,bpp_refunded,1971.0,PAGO,1 enero 2025 - 1 julio 2025.xlsx,,,2026-05-27 15:01:07.423457,,ajustes,Ajuste por Compra Protegida (BPP),False
ML,POS_107740516065_1 enero 2025 - 1 julio 2025.xlsx_3028,2000011301327428,2025-12-04,bpp_refunded,21990.0,PAGO,1 enero 2025 - 1 julio 2025.xlsx,,,2026-05-27 15:01:07.423457,,ajustes,Ajuste por Compra Protegida (BPP),False
ML,POS_107727466745_1 enero 2025 - 1 julio 2025.xlsx_3029,2000011300083096,2025-11-04,bpp_refunded,79990.0,PAGO,1 enero 2025 - 1 julio 2025.xlsx,,,2026-05-27 15:01:07.423457,,ajustes,Ajuste por Compra Protegida (BPP),False
ML,POS_107727402537_1 enero 2025 - 1 julio 2025.xlsx_3030,2000011300086178,2025-11-04,bpp_refunded,79990.0,PAGO,1 enero 2025 - 1 julio 2025.xlsx,,,2026-05-27 15:01:07.423457,,ajustes,Ajuste por Compra Protegida (BPP),False
ML,POS_108150219300_1 enero 2025 - 1 julio 2025.xlsx_3031,2000011299267796,2025-11-04,bpp_refunded,21990.0,PAGO,1 enero 2025 - 1 julio 2025.xlsx,,,2026-05-27 15:01:07.423457,,ajustes,Ajuste por Compra Protegida (BPP),False
ML,POS_108138705544_1 enero 2025 - 1 julio 2025.xlsx_3033,2000011298397868,2025-11-04,bpp_refunded,74990.0,PAGO,1 enero 2025 - 1 julio 2025.xlsx,,,2026-05-27 15:01:07.423457,,ajustes,Ajuste por Compra Protegida (BPP),False
ML,POS_107703304089_1 enero 2025 - 1 julio 2025.xlsx_3034,2000011298245096,2025-11-04,bpp_refunded,21990.0,PAGO,1 enero 2025 - 1 julio 2025.xlsx,,,2026-05-27 15:01:07.423457,,ajustes,Ajuste por Compra Protegida (BPP),False
ML,POS_107702357291_1 enero 2025 - 1 julio 2025.xlsx_3035,2000011298192060,2025-11-04,bpp_refunded,45990.0,PAGO,1 enero 2025 - 1 julio 2025.xlsx,,,2026-05-27 15:01:07.423457,,ajustes,Ajuste por Compra Protegida (BPP),False
ML,POS_107693934277_1 enero 2025 - 1 julio 2025.xlsx_3037,2000011297646142,2025-11-04,reconciled,41990.0,PAGO,1 enero 2025 - 1 julio 2025.xlsx,,,2026-05-27 15:01:07.423457,,ajustes,Ajuste Poscobro Conciliado,False
ML,POS_108085254604_1 enero 2025 - 1 julio 2025.xlsx_3038,2000011294068776,2025-11-04,bpp_refunded,54990.0,PAGO,1 enero 2025 - 1 julio 2025.xlsx,,,2026-05-27 15:01:07.423457,,ajustes,Ajuste por Compra Protegida (BPP),False
ML,POS_108077987300_1 enero 2025 - 1 julio 2025.xlsx_3039,2000011293505366,2025-11-04,reconciled,44990.0,PAGO,1 enero 2025 - 1 julio 2025.xlsx,,,2026-05-27 15:01:07.423457,,ajustes,Ajuste Poscobro Conciliado,False
ML,POS_107621459093_1 enero 2025 - 1 julio 2025.xlsx_3040,2000011291852000,2025-11-04,bpp_refunded,39990.0,PAGO,1 enero 2025 - 1 julio 2025.xlsx,,,2026-05-27 15:01:07.423457,,ajustes,Ajuste por Compra Protegida (BPP),False
ML,POS_108043044252_1 enero 2025 - 1 julio 2025.xlsx_3041,nan,2025-11-04,Ajuste Poscobro,525.0,PAGO,1 enero 2025 - 1 julio 2025.xlsx,,,2026-05-27 15:01:07.423457,,ajustes,Ajuste Poscobro General,True
ML,POS_107610959071_1 enero 2025 - 1 julio 2025.xlsx_3042,2000011291133676,2025-10-04,bpp_refunded,24990.0,PAGO,1 enero 2025 - 1 julio 2025.xlsx,,,2026-05-27 15:01:07.423457,,ajustes,Ajuste por Compra Protegida (BPP),False
ML,POS_108042039294_1 enero 2025 - 1 julio 2025.xlsx_3043,2000011290999700,2025-10-04,bpp_refunded,52990.0,PAGO,1 enero 2025 - 1 julio 2025.xlsx,,,2026-05-27 15:01:07.423457,,ajustes,Ajuste por Compra Protegida (BPP),False
ML,POS_108039139734_1 enero 2025 - 1 julio 2025.xlsx_3044,nan,2025-10-04,Ajuste Poscobro,525.0,PAGO,1 enero 2025 - 1 julio 2025.xlsx,,,2026-05-27 15:01:07.423457,,ajustes,Ajuste Poscobro General,True
ML,POS_108039007832_1 enero 2025 - 1 julio 2025.xlsx_3045,2000011290586916,2025-10-04,bpp_refunded,24990.0,PAGO,1 enero 2025 - 1 julio 2025.xlsx,,,2026-05-27 15:01:07.423457,,ajustes,Ajuste por Compra Protegida (BPP),False
ML,POS_107603691577_1 enero 2025 - 1 julio 2025.xlsx_3046,2000011290132992,2025-10-04,bpp_refunded,49990.0,PAGO,1 enero 2025 - 1 julio 2025.xlsx,,,2026-05-27 15:01:07.423457,,ajustes,Ajuste por Compra Protegida (BPP),False
ML,POS_108012468354_1 enero 2025 - 1 julio 2025.xlsx_3047,2000011287905254,2025-10-04,bpp_refunded,59990.0,PAGO,1 enero 2025 - 1 julio 2025.xlsx,,,2026-05-27 15:01:07.423457,,ajustes,Ajuste por Compra Protegida (BPP),False
ML,POS_107570491669_1 enero 2025 - 1 julio 2025.xlsx_3048,2000011287160204,2025-10-04,reconciled,53990.0,PAGO,1 enero 2025 - 1 julio 2025.xlsx,,,2026-05-27 15:01:07.423457,,ajustes,Ajuste Poscobro Conciliado,False
ML,POS_107983256480_1 enero 2025 - 1 julio 2025.xlsx_3049,2000011285124266,2025-10-04,reconciled,69990.0,PAGO,1 enero 2025 - 1 julio 2025.xlsx,,,2026-05-27 15:01:07.423457,,ajustes,Ajuste Poscobro Conciliado,False
ML,POS_107921418606_1 enero 2025 - 1 julio 2025.xlsx_3050,2000011279777918,2025-09-04,bpp_refunded,29990.0,PAGO,1 enero 2025 - 1 julio 2025.xlsx,,,2026-05-27 15:01:07.423457,,ajustes,Ajuste por Compra Protegida (BPP),False
ML,POS_107901797876_1 enero 2025 - 1 julio 2025.xlsx_3051,2000011277520588,2025-09-04,reconciled,39991.0,PAGO,1 enero 2025 - 1 julio 2025.xlsx,,,2026-05-27 15:01:07.423457,,ajustes,Ajuste Poscobro Conciliado,False
ML,POS_107467786921_1 enero 2025 - 1 julio 2025.xlsx_3054,2000011275559400,2025-09-04,compensated,25990.0,PAGO,1 enero 2025 - 1 julio 2025.xlsx,,,2026-05-27 15:01:07.423457,,ajustes,Ajuste Poscobro Conciliado,True
ML,POS_107886232984_1 enero 2025 - 1 julio 2025.xlsx_3055,nan,2025-09-04,Ajuste Poscobro,525.0,PAGO,1 enero 2025 - 1 julio 2025.xlsx,,,2026-05-27 15:01:07.423457,,ajustes,Ajuste Poscobro General,True
ML,POS_107455238323_1 enero 2025 - 1 julio 2025.xlsx_3056,2000011276154698,2025-09-04,bpp_refunded,46490.0,PAGO,1 enero 2025 - 1 julio 2025.xlsx,,,2026-05-27 15:01:07.423457,,ajustes,Ajuste por Compra Protegida (BPP),False
ML,POS_107439282957_1 enero 2025 - 1 julio 2025.xlsx_3057,nan,2025-09-04,bpp_refunded,5622.0,PAGO,1 enero 2025 - 1 julio 2025.xlsx,,,2026-05-27 15:01:07.423457,,ajustes,Ajuste por Compra Protegida (BPP),False
ML,POS_107439298773_1 enero 2025 - 1 julio 2025.xlsx_3058,2000011274529644,2025-09-04,bpp_refunded,23990.0,PAGO,1 enero 2025 - 1 julio 2025.xlsx,,,2026-05-27 15:01:07.423457,,ajustes,Ajuste por Compra Protegida (BPP),False
ML,POS_107439224981_1 enero 2025 - 1 julio 2025.xlsx_3059,2000011274533400,2025-09-04,bpp_refunded,18990.0,PAGO,1 enero 2025 - 1 julio 2025.xlsx,,,2026-05-27 15:01:07.423457,,ajustes,Ajuste por Compra Protegida (BPP),False
ML,POS_107416846243_1 enero 2025 - 1 julio 2025.xlsx_3060,2000011272378856,2025-09-04,bpp_refunded,45990.0,PAGO,1 enero 2025 - 1 julio 2025.xlsx,,,2026-05-27 15:01:07.423457,,ajustes,Ajuste por Compra Protegida (BPP),False
ML,POS_107409513805_1 enero 2025 - 1 julio 2025.xlsx_3061,2000011271737492,2025-09-04,Ajuste Poscobro,59990.0,PAGO,1 enero 2025 - 1 julio 2025.xlsx,,,2026-05-27 15:01:07.423457,,ajustes,Ajuste Poscobro General,True
ML,POS_107365845111_1 enero 2025 - 1 julio 2025.xlsx_3062,2000011267648736,2025-08-04,bpp_covered,8990.0,PAGO,1 enero 2025 - 1 julio 2025.xlsx,,,2026-05-27 15:01:07.423457,,ajustes,Ajuste por Compra Protegida (BPP),True
ML,POS_107774440366_1 enero 2025 - 1 julio 2025.xlsx_3063,nan,2025-08-04,Ajuste Poscobro,600.0,PAGO,1 enero 2025 - 1 julio 2025.xlsx,,,2026-05-27 15:01:07.423457,,ajustes,Ajuste Poscobro General,True
ML,POS_107344160463_1 enero 2025 - 1 julio 2025.xlsx_3064,2000011265571494,2025-08-04,reconciled,29990.0,PAGO,1 enero 2025 - 1 julio 2025.xlsx,,,2026-05-27 15:01:07.423457,,ajustes,Ajuste Poscobro Conciliado,False
ML,POS_107748932338_1 enero 2025 - 1 julio 2025.xlsx_3065,2000011262793612,2025-08-04,reconciled,8991.0,PAGO,1 enero 2025 - 1 julio 2025.xlsx,,,2026-05-27 15:01:07.423457,,ajustes,Ajuste Poscobro Conciliado,False
ML,POS_107748703572_1 enero 2025 - 1 julio 2025.xlsx_3066,2000011262793612,2025-08-04,reconciled,28499.0,PAGO,1 enero 2025 - 1 julio 2025.xlsx,,,2026-05-27 15:01:07.423457,,ajustes,Ajuste Poscobro Conciliado,False
ML,POS_107745530936_1 enero 2025 - 1 julio 2025.xlsx_3067,2000011262401812,2025-08-04,bpp_refunded,21740.0,PAGO,1 enero 2025 - 1 julio 2025.xlsx,,,2026-05-27 15:01:07.423457,,ajustes,Ajuste por Compra Protegida (BPP),False
ML,POS_107734950166_1 enero 2025 - 1 julio 2025.xlsx_3068,2000011261419514,2025-08-04,bpp_refunded,22490.0,PAGO,1 enero 2025 - 1 julio 2025.xlsx,,,2026-05-27 15:01:07.423457,,ajustes,Ajuste por Compra Protegida (BPP),False
ML,POS_107304843329_1 enero 2025 - 1 julio 2025.xlsx_3069,2000011261430682,2025-08-04,bpp_refunded,31490.0,PAGO,1 enero 2025 - 1 julio 2025.xlsx,,,2026-05-27 15:01:07.423457,,ajustes,Ajuste por Compra Protegida (BPP),False
ML,POS_107302098655_1 enero 2025 - 1 julio 2025.xlsx_3070,2000011261152626,2025-08-04,bpp_refunded,49990.0,PAGO,1 enero 2025 - 1 julio 2025.xlsx,,,2026-05-27 15:01:07.423457,,ajustes,Ajuste por Compra Protegida (BPP),False
ML,POS_107713983544_1 enero 2025 - 1 julio 2025.xlsx_3071,2000011259656092,2025-08-04,compensated,37490.0,PAGO,1 enero 2025 - 1 julio 2025.xlsx,,,2026-05-27 15:01:07.423457,,ajustes,Ajuste Poscobro Conciliado,True
ML,POS_107283623319_1 enero 2025 - 1 julio 2025.xlsx_3072,2000011259523928,2025-08-04,compensated,37490.0,PAGO,1 enero 2025 - 1 julio 2025.xlsx,,,2026-05-27 15:01:07.423457,,ajustes,Ajuste Poscobro Conciliado,True
ML,POS_107712879908_1 enero 2025 - 1 julio 2025.xlsx_3073,2000011259549208,2025-08-04,bpp_refunded,20990.0,PAGO,1 enero 2025 - 1 julio 2025.xlsx,,,2026-05-27 15:01:07.423457,,ajustes,Ajuste por Compra Protegida (BPP),False
ML,POS_107263218519_1 enero 2025 - 1 julio 2025.xlsx_3074,2000011257874798,2025-07-04,bpp_refunded,20990.0,PAGO,1 enero 2025 - 1 julio 2025.xlsx,,,2026-05-27 15:01:07.423457,,ajustes,Ajuste por Compra Protegida (BPP),False
ML,POS_107691185090_1 enero 2025 - 1 julio 2025.xlsx_3075,2000011257668694,2025-07-04,reconciled,22490.0,PAGO,1 enero 2025 - 1 julio 2025.xlsx,,,2026-05-27 15:01:07.423457,,ajustes,Ajuste Poscobro Conciliado,False
ML,POS_107688090922_1 enero 2025 - 1 julio 2025.xlsx_3076,2000011257137048,2025-07-04,bpp_refunded,20990.0,PAGO,1 enero 2025 - 1 julio 2025.xlsx,,,2026-05-27 15:01:07.423457,,ajustes,Ajuste por Compra Protegida (BPP),False
ML,POS_107672984440_1 enero 2025 - 1 julio 2025.xlsx_3077,2000011255126132,2025-07-04,reconciled,49990.0,PAGO,1 enero 2025 - 1 julio 2025.xlsx,,,2026-05-27 15:01:07.423457,,ajustes,Ajuste Poscobro Conciliado,False
ML,POS_107663148752_1 enero 2025 - 1 julio 2025.xlsx_3078,nan,2025-07-04,Ajuste Poscobro,525.0,PAGO,1 enero 2025 - 1 julio 2025.xlsx,,,2026-05-27 15:01:07.423457,,ajustes,Ajuste Poscobro General,True
ML,POS_107662831668_1 enero 2025 - 1 julio 2025.xlsx_3079,2000011254170272,2025-07-04,reconciled,52490.0,PAGO,1 enero 2025 - 1 julio 2025.xlsx,,,2026-05-27 15:01:07.423457,,ajustes,Ajuste Poscobro Conciliado,False
ML,POS_107231772051_1 enero 2025 - 1 julio 2025.xlsx_3080,2000011253998494,2025-07-04,bpp_refunded,20990.0,PAGO,1 enero 2025 - 1 julio 2025.xlsx,,,2026-05-27 15:01:07.423457,,ajustes,Ajuste por Compra Protegida (BPP),False
ML,POS_107231229193_1 enero 2025 - 1 julio 2025.xlsx_3081,2000011253946118,2025-07-04,reconciled,27740.0,PAGO,1 enero 2025 - 1 julio 2025.xlsx,,,2026-05-27 15:01:07.423457,,ajustes,Ajuste Poscobro Conciliado,False
ML,POS_107222819719_1 enero 2025 - 1 julio 2025.xlsx_3082,2000011253135464,2025-07-04,Ajuste Poscobro,40490.0,PAGO,1 enero 2025 - 1 julio 2025.xlsx,,,2026-05-27 15:01:07.423457,,ajustes,Ajuste Poscobro General,True
ML,POS_107218033753_1 enero 2025 - 1 julio 2025.xlsx_3083,2000011252553038,2025-07-04,reconciled,56240.0,PAGO,1 enero 2025 - 1 julio 2025.xlsx,,,2026-05-27 15:01:07.423457,,ajustes,Ajuste Poscobro Conciliado,False
ML,POS_107217679741_1 enero 2025 - 1 julio 2025.xlsx_3084,2000011252501232,2025-07-04,reconciled,56240.0,PAGO,1 enero 2025 - 1 julio 2025.xlsx,,,2026-05-27 15:01:07.423457,,ajustes,Ajuste Poscobro Conciliado,False
ML,POS_107636791696_1 enero 2025 - 1 julio 2025.xlsx_3085,nan,2025-07-04,Ajuste Poscobro,600.0,PAGO,1 enero 2025 - 1 julio 2025.xlsx,,,2026-05-27 15:01:07.423457,,ajustes,Ajuste Poscobro General,True
ML,POS_107207823341_1 enero 2025 - 1 julio 2025.xlsx_3086,2000011251282534,2025-07-04,reconciled,39990.0,PAGO,1 enero 2025 - 1 julio 2025.xlsx,,,2026-05-27 15:01:07.423457,,ajustes,Ajuste Poscobro Conciliado,False
ML,POS_107621345564_1 enero 2025 - 1 julio 2025.xlsx_3087,2000011249678654,2025-07-04,bpp_refunded,48740.0,PAGO,1 enero 2025 - 1 julio 2025.xlsx,,,2026-05-27 15:01:07.423457,,ajustes,Ajuste por Compra Protegida (BPP),False
ML,POS_107192872109_1 enero 2025 - 1 julio 2025.xlsx_3088,2000011249678652,2025-07-04,bpp_refunded,56240.0,PAGO,1 enero 2025 - 1 julio 2025.xlsx,,,2026-05-27 15:01:07.423457,,ajustes,Ajuste por Compra Protegida (BPP),False
ML,POS_107192634187_1 enero 2025 - 1 julio 2025.xlsx_3089,2000011249669574,2025-07-04,bpp_refunded,56240.0,PAGO,1 enero 2025 - 1 julio 2025.xlsx,,,2026-05-27 15:01:07.423457,,ajustes,Ajuste por Compra Protegida (BPP),False
ML,POS_107576712918_1 enero 2025 - 1 julio 2025.xlsx_3090,2000011246166710,2025-06-04,bpp_refunded,7490.0,PAGO,1 enero 2025 - 1 julio 2025.xlsx,,,2026-05-27 15:01:07.423457,,ajustes,Ajuste por Compra Protegida (BPP),False
ML,POS_107576103054_1 enero 2025 - 1 julio 2025.xlsx_3091,2000011246061858,2025-06-04,bpp_refunded,43490.0,PAGO,1 enero 2025 - 1 julio 2025.xlsx,,,2026-05-27 15:01:07.423457,,ajustes,Ajuste por Compra Protegida (BPP),False
ML,POS_107144510957_1 enero 2025 - 1 julio 2025.xlsx_3092,2000011245562044,2025-06-04,bpp_refunded,19990.0,PAGO,1 enero 2025 - 1 julio 2025.xlsx,,,2026-05-27 15:01:07.423457,,ajustes,Ajuste por Compra Protegida (BPP),False
ML,POS_107570596420_1 enero 2025 - 1 julio 2025.xlsx_3093,2000011245230034,2025-06-04,bpp_refunded,49990.0,PAGO,1 enero 2025 - 1 julio 2025.xlsx,,,2026-05-27 15:01:07.423457,,ajustes,Ajuste por Compra Protegida (BPP),False
ML,POS_107568822122_1 enero 2025 - 1 julio 2025.xlsx_3094,nan,2025-06-04,bpp_refunded,2940.0,PAGO,1 enero 2025 - 1 julio 2025.xlsx,,,2026-05-27 15:01:07.423457,,ajustes,Ajuste por Compra Protegida (BPP),False
ML,POS_107140512441_1 enero 2025 - 1 julio 2025.xlsx_3095,2000011244984608,2025-06-04,bpp_refunded,16490.0,PAGO,1 enero 2025 - 1 julio 2025.xlsx,,,2026-05-27 15:01:07.423457,,ajustes,Ajuste por Compra Protegida (BPP),False
ML,POS_107126687451_1 enero 2025 - 1 julio 2025.xlsx_3096,2000011243374332,2025-06-04,bpp_refunded,29240.0,PAGO,1 enero 2025 - 1 julio 2025.xlsx,,,2026-05-27 15:01:07.423457,,ajustes,Ajuste por Compra Protegida (BPP),False
ML,POS_107542794344_1 enero 2025 - 1 julio 2025.xlsx_3097,2000011241925046,2025-06-04,reconciled,40490.0,PAGO,1 enero 2025 - 1 julio 2025.xlsx,,,2026-05-27 15:01:07.423457,,ajustes,Ajuste Poscobro Conciliado,False
ML,POS_107105992617_1 enero 2025 - 1 julio 2025.xlsx_3098,2000011240886720,2025-06-04,reconciled,20990.0,PAGO,1 enero 2025 - 1 julio 2025.xlsx,,,2026-05-27 15:01:07.423457,,ajustes,Ajuste Poscobro Conciliado,False
ML,POS_107105157423_1 enero 2025 - 1 julio 2025.xlsx_3099,2000011240832750,2025-06-04,bpp_refunded,29990.0,PAGO,1 enero 2025 - 1 julio 2025.xlsx,,,2026-05-27 15:01:07.423457,,ajustes,Ajuste por Compra Protegida (BPP),False
ML,POS_107088324359_1 enero 2025 - 1 julio 2025.xlsx_3100,2000011239342746,2025-06-04,bpp_refunded,52490.0,PAGO,1 enero 2025 - 1 julio 2025.xlsx,,,2026-05-27 15:01:07.423457,,ajustes,Ajuste por Compra Protegida (BPP),False
ML,POS_107516453614_1 enero 2025 - 1 julio 2025.xlsx_3101,2000011239340960,2025-06-04,bpp_refunded,20240.0,PAGO,1 enero 2025 - 1 julio 2025.xlsx,,,2026-05-27 15:01:07.423457,,ajustes,Ajuste por Compra Protegida (BPP),False
ML,POS_107076877907_1 enero 2025 - 1 julio 2025.xlsx_3102,2000011238331588,2025-06-04,bpp_refunded,23600.0,PAGO,1 enero 2025 - 1 julio 2025.xlsx,,,2026-05-27 15:01:07.423457,,ajustes,Ajuste por Compra Protegida (BPP),False
ML,POS_107062695073_1 enero 2025 - 1 julio 2025.xlsx_3103,2000011237063338,2025-05-04,bpp_refunded,35990.0,PAGO,1 enero 2025 - 1 julio 2025.xlsx,,,2026-05-27 15:01:07.423457,,ajustes,Ajuste por Compra Protegida (BPP),False
ML,POS_107062603449_1 enero 2025 - 1 julio 2025.xlsx_3104,2000011237061664,2025-05-04,bpp_refunded,35990.0,PAGO,1 enero 2025 - 1 julio 2025.xlsx,,,2026-05-27 15:01:07.423457,,ajustes,Ajuste por Compra Protegida (BPP),False
ML,POS_107489651850_1 enero 2025 - 1 julio 2025.xlsx_3105,2000011236977074,2025-05-04,bpp_refunded,35990.0,PAGO,1 enero 2025 - 1 julio 2025.xlsx,,,2026-05-27 15:01:07.423457,,ajustes,Ajuste por Compra Protegida (BPP),False
ML,POS_107041096927_1 enero 2025 - 1 julio 2025.xlsx_3106,nan,2025-05-04,bpp_refunded,2940.0,PAGO,1 enero 2025 - 1 julio 2025.xlsx,,,2026-05-27 15:01:07.423457,,ajustes,Ajuste por Compra Protegida (BPP),False
ML,POS_107041138603_1 enero 2025 - 1 julio 2025.xlsx_3107,2000011235416826,2025-05-04,bpp_refunded,8240.0,PAGO,1 enero 2025 - 1 julio 2025.xlsx,,,2026-05-27 15:01:07.423457,,ajustes,Ajuste por Compra Protegida (BPP),False
ML,POS_107469125480_1 enero 2025 - 1 julio 2025.xlsx_3108,2000011235418730,2025-05-04,bpp_refunded,8240.0,PAGO,1 enero 2025 - 1 julio 2025.xlsx,,,2026-05-27 15:01:07.423457,,ajustes,Ajuste por Compra Protegida (BPP),False
ML,POS_107023587837_1 enero 2025 - 1 julio 2025.xlsx_3109,2000011234107988,2025-05-04,reconciled,26990.0,PAGO,1 enero 2025 - 1 julio 2025.xlsx,,,2026-05-27 15:01:07.423457,,ajustes,Ajuste Poscobro Conciliado,False
ML,POS_107438128994_1 enero 2025 - 1 julio 2025.xlsx_3110,nan,2025-05-04,Ajuste Poscobro,525.0,PAGO,1 enero 2025 - 1 julio 2025.xlsx,,,2026-05-27 15:01:07.423457,,ajustes,Ajuste Poscobro General,True
ML,POS_107437833686_1 enero 2025 - 1 julio 2025.xlsx_3111,2000011232927744,2025-05-04,bpp_refunded,35990.0,PAGO,1 enero 2025 - 1 julio 2025.xlsx,,,2026-05-27 15:01:07.423457,,ajustes,Ajuste por Compra Protegida (BPP),False
ML,POS_107002283541_1 enero 2025 - 1 julio 2025.xlsx_3112,2000011232386176,2025-05-04,reconciled,42740.0,PAGO,1 enero 2025 - 1 julio 2025.xlsx,,,2026-05-27 15:01:07.423457,,ajustes,Ajuste Poscobro Conciliado,False
ML,POS_107430181322_1 enero 2025 - 1 julio 2025.xlsx_3113,2000011232378350,2025-05-04,bpp_refunded,21150.0,PAGO,1 enero 2025 - 1 julio 2025.xlsx,,,2026-05-27 15:01:07.423457,,ajustes,Ajuste por Compra Protegida (BPP),False
ML,POS_106980196393_1 enero 2025 - 1 julio 2025.xlsx_3114,2000011230812712,2025-05-04,reconciled,44990.0,PAGO,1 enero 2025 - 1 julio 2025.xlsx,,,2026-05-27 15:01:07.423457,,ajustes,Ajuste Poscobro Conciliado,False
ML,POS_106979940749_1 enero 2025 - 1 julio 2025.xlsx_3115,2000011230771586,2025-05-04,reconciled,44990.0,PAGO,1 enero 2025 - 1 julio 2025.xlsx,,,2026-05-27 15:01:07.423457,,ajustes,Ajuste Poscobro Conciliado,False
ML,POS_106973309297_1 enero 2025 - 1 julio 2025.xlsx_3116,2000011230301076,2025-05-04,bpp_refunded,48740.0,PAGO,1 enero 2025 - 1 julio 2025.xlsx,,,2026-05-27 15:01:07.423457,,ajustes,Ajuste por Compra Protegida (BPP),False
ML,POS_106837896005_1 enero 2025 - 1 julio 2025.xlsx_3125,2000011218926928,2025-03-04,reconciled,38992.0,PAGO,1 enero 2025 - 1 julio 2025.xlsx,,,2026-05-27 15:01:07.423457,,ajustes,Ajuste Poscobro Conciliado,False
ML,POS_106826156825_1 enero 2025 - 1 julio 2025.xlsx_3126,2000011217239828,2025-03-04,reconciled,37490.0,PAGO,1 enero 2025 - 1 julio 2025.xlsx,,,2026-05-27 15:01:07.423457,,ajustes,Ajuste Poscobro Conciliado,False
ML,POS_107247740352_1 enero 2025 - 1 julio 2025.xlsx_3127,2000011216737860,2025-03-04,bpp_covered,44990.0,PAGO,1 enero 2025 - 1 julio 2025.xlsx,,,2026-05-27 15:01:07.423457,,ajustes,Ajuste por Compra Protegida (BPP),True
ML,POS_106820716255_1 enero 2025 - 1 julio 2025.xlsx_3128,2000011216752338,2025-03-04,bpp_covered,39740.0,PAGO,1 enero 2025 - 1 julio 2025.xlsx,,,2026-05-27 15:01:07.423457,,ajustes,Ajuste por Compra Protegida (BPP),True
ML,POS_106820644729_1 enero 2025 - 1 julio 2025.xlsx_3129,2000011216752336,2025-03-04,bpp_covered,19490.0,PAGO,1 enero 2025 - 1 julio 2025.xlsx,,,2026-05-27 15:01:07.423457,,ajustes,Ajuste por Compra Protegida (BPP),True
ML,POS_107219080780_1 enero 2025 - 1 julio 2025.xlsx_3130,2000011214322370,2025-03-04,bpp_refunded,33740.0,PAGO,1 enero 2025 - 1 julio 2025.xlsx,,,2026-05-27 15:01:07.423457,,ajustes,Ajuste por Compra Protegida (BPP),False
ML,POS_107212585328_1 enero 2025 - 1 julio 2025.xlsx_3131,2000011213591884,2025-03-04,reconciled,27740.0,PAGO,1 enero 2025 - 1 julio 2025.xlsx,,,2026-05-27 15:01:07.423457,,ajustes,Ajuste Poscobro Conciliado,False
ML,POS_106785104429_1 enero 2025 - 1 julio 2025.xlsx_3132,2000011213487884,2025-03-04,reconciled,20990.0,PAGO,1 enero 2025 - 1 julio 2025.xlsx,,,2026-05-27 15:01:07.423457,,ajustes,Ajuste Poscobro Conciliado,False
ML,POS_107194570358_1 enero 2025 - 1 julio 2025.xlsx_3133,nan,2025-03-04,Ajuste Poscobro,525.0,PAGO,1 enero 2025 - 1 julio 2025.xlsx,,,2026-05-27 15:01:07.423457,,ajustes,Ajuste Poscobro General,True
ML,POS_106767668189_1 enero 2025 - 1 julio 2025.xlsx_3134,2000011211819248,2025-03-04,bpp_refunded,19990.0,PAGO,1 enero 2025 - 1 julio 2025.xlsx,,,2026-05-27 15:01:07.423457,,ajustes,Ajuste por Compra Protegida (BPP),False
ML,POS_107192419332_1 enero 2025 - 1 julio 2025.xlsx_3135,2000011211710556,2025-03-04,bpp_refunded,49990.0,PAGO,1 enero 2025 - 1 julio 2025.xlsx,,,2026-05-27 15:01:07.423457,,ajustes,Ajuste por Compra Protegida (BPP),False
ML,POS_107188416578_1 enero 2025 - 1 julio 2025.xlsx_3136,2000011211334532,2025-03-04,bpp_refunded,39740.0,PAGO,1 enero 2025 - 1 julio 2025.xlsx,,,2026-05-27 15:01:07.423457,,ajustes,Ajuste por Compra Protegida (BPP),False
ML,POS_106761607815_1 enero 2025 - 1 julio 2025.xlsx_3137,2000011211324346,2025-03-04,bpp_refunded,20990.0,PAGO,1 enero 2025 - 1 julio 2025.xlsx,,,2026-05-27 15:01:07.423457,,ajustes,Ajuste por Compra Protegida (BPP),False
ML,POS_106750419163_1 enero 2025 - 1 julio 2025.xlsx_3138,2000011210179018,2025-03-04,bpp_refunded,6740.0,PAGO,1 enero 2025 - 1 julio 2025.xlsx,,,2026-05-27 15:01:07.423457,,ajustes,Ajuste por Compra Protegida (BPP),False
ML,POS_106748113967_1 enero 2025 - 1 julio 2025.xlsx_3139,2000011209941914,2025-03-04,bpp_refunded,43490.0,PAGO,1 enero 2025 - 1 julio 2025.xlsx,,,2026-05-27 15:01:07.423457,,ajustes,Ajuste por Compra Protegida (BPP),False
ML,POS_106746431747_1 enero 2025 - 1 julio 2025.xlsx_3140,2000011209695626,2025-03-04,Ajuste Poscobro,20990.0,PAGO,1 enero 2025 - 1 julio 2025.xlsx,,,2026-05-27 15:01:07.423457,,ajustes,Ajuste Poscobro General,True
ML,POS_107172278322_1 enero 2025 - 1 julio 2025.xlsx_3141,2000011209696666,2025-03-04,reconciled,59990.0,PAGO,1 enero 2025 - 1 julio 2025.xlsx,,,2026-05-27 15:01:07.423457,,ajustes,Ajuste Poscobro Conciliado,False
ML,POS_107169680112_1 enero 2025 - 1 julio 2025.xlsx_3142,nan,2025-03-04,Ajuste Poscobro,441.0,PAGO,1 enero 2025 - 1 julio 2025.xlsx,,,2026-05-27 15:01:07.423457,,ajustes,Ajuste Poscobro General,True
ML,POS_107169462074_1 enero 2025 - 1 julio 2025.xlsx_3143,2000011209422008,2025-03-04,bpp_refunded,21910.0,PAGO,1 enero 2025 - 1 julio 2025.xlsx,,,2026-05-27 15:01:07.423457,,ajustes,Ajuste por Compra Protegida (BPP),False
ML,POS_106731008145_1 enero 2025 - 1 julio 2025.xlsx_3144,2000011208727166,2025-03-04,compensated,52490.0,PAGO,1 enero 2025 - 1 julio 2025.xlsx,,,2026-05-27 15:01:07.423457,,ajustes,Ajuste Poscobro Conciliado,True
ML,POS_107153981744_1 enero 2025 - 1 julio 2025.xlsx_3145,2000011208222854,2025-02-04,bpp_refunded,28490.0,PAGO,1 enero 2025 - 1 julio 2025.xlsx,,,2026-05-27 15:01:07.423457,,ajustes,Ajuste por Compra Protegida (BPP),False
ML,POS_107152246776_1 enero 2025 - 1 julio 2025.xlsx_3146,2000011207946236,2025-02-04,compensated,56240.0,PAGO,1 enero 2025 - 1 julio 2025.xlsx,,,2026-05-27 15:01:07.423457,,ajustes,Ajuste Poscobro Conciliado,True
ML,POS_107150205020_1 enero 2025 - 1 julio 2025.xlsx_3147,2000011207610280,2025-02-04,reconciled,42740.0,PAGO,1 enero 2025 - 1 julio 2025.xlsx,,,2026-05-27 15:01:07.423457,,ajustes,Ajuste Poscobro Conciliado,False
ML,POS_106717382787_1 enero 2025 - 1 julio 2025.xlsx_3148,2000011206618832,2025-02-04,compensated,35990.0,PAGO,1 enero 2025 - 1 julio 2025.xlsx,,,2026-05-27 15:01:07.423457,,ajustes,Ajuste Poscobro Conciliado,True
ML,POS_106708640923_1 enero 2025 - 1 julio 2025.xlsx_3149,2000011205631512,2025-02-04,bpp_refunded,20990.0,PAGO,1 enero 2025 - 1 julio 2025.xlsx,,,2026-05-27 15:01:07.423457,,ajustes,Ajuste por Compra Protegida (BPP),False
ML,POS_107134422590_1 enero 2025 - 1 julio 2025.xlsx_3150,2000011205635328,2025-02-04,bpp_refunded,24740.0,PAGO,1 enero 2025 - 1 julio 2025.xlsx,,,2026-05-27 15:01:07.423457,,ajustes,Ajuste por Compra Protegida (BPP),False
ML,POS_107111326252_1 enero 2025 - 1 julio 2025.xlsx_3151,2000011203127342,2025-02-04,compensated,59990.0,PAGO,1 enero 2025 - 1 julio 2025.xlsx,,,2026-05-27 15:01:07.423457,,ajustes,Ajuste Poscobro Conciliado,True
ML,POS_106681320645_1 enero 2025 - 1 julio 2025.xlsx_3152,2000011202581232,2025-02-04,bpp_refunded,25191.0,PAGO,1 enero 2025 - 1 julio 2025.xlsx,,,2026-05-27 15:01:07.423457,,ajustes,Ajuste por Compra Protegida (BPP),False
ML,POS_107106467590_1 enero 2025 - 1 julio 2025.xlsx_3155,2000011202467748,2025-02-04,reconciled,59990.0,PAGO,1 enero 2025 - 1 julio 2025.xlsx,,,2026-05-27 15:01:07.423457,,ajustes,Ajuste Poscobro Conciliado,False
ML,POS_107105254908_1 enero 2025 - 1 julio 2025.xlsx_3156,2000011202322108,2025-02-04,reconciled,25490.0,PAGO,1 enero 2025 - 1 julio 2025.xlsx,,,2026-05-27 15:01:07.423457,,ajustes,Ajuste Poscobro Conciliado,False
ML,POS_106675011891_1 enero 2025 - 1 julio 2025.xlsx_3157,2000011201735916,2025-02-04,bpp_refunded,42740.0,PAGO,1 enero 2025 - 1 julio 2025.xlsx,,,2026-05-27 15:01:07.423457,,ajustes,Ajuste por Compra Protegida (BPP),False
ML,POS_106672365357_1 enero 2025 - 1 julio 2025.xlsx_3158,2000011201393196,2025-02-04,not_reconciled,59990.0,PAGO,1 enero 2025 - 1 julio 2025.xlsx,,,2026-05-27 15:01:07.423457,,ajustes,Ajuste Poscobro General,True
ML,POS_107093797596_1 enero 2025 - 1 julio 2025.xlsx_3159,2000011201003536,2025-02-04,reconciled,46240.0,PAGO,1 enero 2025 - 1 julio 2025.xlsx,,,2026-05-27 15:01:07.423457,,ajustes,Ajuste Poscobro Conciliado,False
ML,POS_107092173018_1 enero 2025 - 1 julio 2025.xlsx_3160,2000011200809414,2025-02-04,compensated,35990.0,PAGO,1 enero 2025 - 1 julio 2025.xlsx,,,2026-05-27 15:01:07.423457,,ajustes,Ajuste Poscobro Conciliado,True
ML,POS_107068875144_1 enero 2025 - 1 julio 2025.xlsx_3161,2000011198493630,2025-02-04,bpp_refunded,56240.0,PAGO,1 enero 2025 - 1 julio 2025.xlsx,,,2026-05-27 15:01:07.423457,,ajustes,Ajuste por Compra Protegida (BPP),False
ML,POS_106640762939_1 enero 2025 - 1 julio 2025.xlsx_3162,2000011198261590,2025-02-04,bpp_refunded,44990.0,PAGO,1 enero 2025 - 1 julio 2025.xlsx,,,2026-05-27 15:01:07.423457,,ajustes,Ajuste por Compra Protegida (BPP),False
ML,POS_106631215245_1 enero 2025 - 1 julio 2025.xlsx_3163,2000011197698820,2025-02-04,compensated,28990.0,PAGO,1 enero 2025 - 1 julio 2025.xlsx,,,2026-05-27 15:01:07.423457,,ajustes,Ajuste Poscobro Conciliado,True
ML,POS_107056456492_1 enero 2025 - 1 julio 2025.xlsx_3164,2000011197625782,2025-02-04,compensated,28990.0,PAGO,1 enero 2025 - 1 julio 2025.xlsx,,,2026-05-27 15:01:07.423457,,ajustes,Ajuste Poscobro Conciliado,True
ML,POS_107052432812_1 enero 2025 - 1 julio 2025.xlsx_3165,2000011197029510,2025-01-04,bpp_refunded,59990.0,PAGO,1 enero 2025 - 1 julio 2025.xlsx,,,2026-05-27 15:01:07.423457,,ajustes,Ajuste por Compra Protegida (BPP),False
ML,POS_106625505895_1 enero 2025 - 1 julio 2025.xlsx_3166,2000011196727010,2025-01-04,bpp_refunded,42740.0,PAGO,1 enero 2025 - 1 julio 2025.xlsx,,,2026-05-27 15:01:07.423457,,ajustes,Ajuste por Compra Protegida (BPP),False
ML,POS_107043519268_1 enero 2025 - 1 julio 2025.xlsx_3167,2000011195684820,2025-01-04,reconciled,41240.0,PAGO,1 enero 2025 - 1 julio 2025.xlsx,,,2026-05-27 15:01:07.423457,,ajustes,Ajuste Poscobro Conciliado,False
ML,POS_107043102626_1 enero 2025 - 1 julio 2025.xlsx_3168,nan,2025-01-04,Ajuste Poscobro,441.0,PAGO,1 enero 2025 - 1 julio 2025.xlsx,,,2026-05-27 15:01:07.423457,,ajustes,Ajuste Poscobro General,True
ML,POS_106617626797_1 enero 2025 - 1 julio 2025.xlsx_3169,2000011195616572,2025-01-04,compensated,41240.0,PAGO,1 enero 2025 - 1 julio 2025.xlsx,,,2026-05-27 15:01:07.423457,,ajustes,Ajuste Poscobro Conciliado,True
ML,POS_106615258565_1 enero 2025 - 1 julio 2025.xlsx_3170,2000011195320012,2025-01-04,bpp_refunded,20790.0,PAGO,1 enero 2025 - 1 julio 2025.xlsx,,,2026-05-27 15:01:07.423457,,ajustes,Ajuste por Compra Protegida (BPP),False
ML,POS_106610839259_1 enero 2025 - 1 julio 2025.xlsx_3171,2000011194886420,2025-01-04,reconciled,35992.0,PAGO,1 enero 2025 - 1 julio 2025.xlsx,,,2026-05-27 15:01:07.423457,,ajustes,Ajuste Poscobro Conciliado,False
ML,POS_107027373034_1 enero 2025 - 1 julio 2025.xlsx_3172,2000011194130222,2025-01-04,bpp_refunded,25990.0,PAGO,1 enero 2025 - 1 julio 2025.xlsx,,,2026-05-27 15:01:07.423457,,ajustes,Ajuste por Compra Protegida (BPP),False
ML,POS_107017153012_1 enero 2025 - 1 julio 2025.xlsx_3173,2000011193270460,2025-01-04,compensated,41240.0,PAGO,1 enero 2025 - 1 julio 2025.xlsx,,,2026-05-27 15:01:07.423457,,ajustes,Ajuste Poscobro Conciliado,True
ML,POS_107012273658_1 enero 2025 - 1 julio 2025.xlsx_3174,nan,2025-01-04,Ajuste Poscobro,525.0,PAGO,1 enero 2025 - 1 julio 2025.xlsx,,,2026-05-27 15:01:07.423457,,ajustes,Ajuste Poscobro General,True
ML,POS_106586979497_1 enero 2025 - 1 julio 2025.xlsx_3175,2000011192799880,2025-01-04,bpp_refunded,41240.0,PAGO,1 enero 2025 - 1 julio 2025.xlsx,,,2026-05-27 15:01:07.423457,,ajustes,Ajuste por Compra Protegida (BPP),False
ML,POS_106582360091_1 enero 2025 - 1 julio 2025.xlsx_3176,2000011192281424,2025-01-04,Ajuste Poscobro,6740.0,PAGO,1 enero 2025 - 1 julio 2025.xlsx,,,2026-05-27 15:01:07.423457,,ajustes,Ajuste Poscobro General,True
ML,POS_106576409067_1 enero 2025 - 1 julio 2025.xlsx_3177,2000011191549566,2025-01-04,bpp_refunded,24740.0,PAGO,1 enero 2025 - 1 julio 2025.xlsx,,,2026-05-27 15:01:07.423457,,ajustes,Ajuste por Compra Protegida (BPP),False
ML,POS_106575250657_1 enero 2025 - 1 julio 2025.xlsx_3178,2000011191414378,2025-01-04,bpp_refunded,42740.0,PAGO,1 enero 2025 - 1 julio 2025.xlsx,,,2026-05-27 15:01:07.423457,,ajustes,Ajuste por Compra Protegida (BPP),False
ML,POS_106999491684_1 enero 2025 - 1 julio 2025.xlsx_3179,2000011191309172,2025-01-04,bpp_refunded,16490.0,PAGO,1 enero 2025 - 1 julio 2025.xlsx,,,2026-05-27 15:01:07.423457,,ajustes,Ajuste por Compra Protegida (BPP),False
ML,POS_106997180776_1 enero 2025 - 1 julio 2025.xlsx_3180,2000011191020126,2025-01-04,reconciled,42490.0,PAGO,1 enero 2025 - 1 julio 2025.xlsx,,,2026-05-27 15:01:07.423457,,ajustes,Ajuste Poscobro Conciliado,False
ML,POS_106557658251_1 enero 2025 - 1 julio 2025.xlsx_3181,2000011189584130,2025-01-04,bpp_refunded,8240.0,PAGO,1 enero 2025 - 1 julio 2025.xlsx,,,2026-05-27 15:01:07.423457,,ajustes,Ajuste por Compra Protegida (BPP),False
ML,POS_106540034749_1 enero 2025 - 1 julio 2025.xlsx_3182,2000011188086308,2025-01-04,reconciled,25490.0,PAGO,1 enero 2025 - 1 julio 2025.xlsx,,,2026-05-27 15:01:07.423457,,ajustes,Ajuste Poscobro Conciliado,False
ML,POS_106535272825_1 enero 2025 - 1 julio 2025.xlsx_3183,2000011187705188,2025-01-04,reconciled,25490.0,PAGO,1 enero 2025 - 1 julio 2025.xlsx,,,2026-05-27 15:01:07.423457,,ajustes,Ajuste Poscobro Conciliado,False
ML,POS_106956869476_1 enero 2025 - 1 julio 2025.xlsx_3184,nan,2025-01-04,Ajuste Poscobro,525.0,PAGO,1 enero 2025 - 1 julio 2025.xlsx,,,2026-05-27 15:01:07.423457,,ajustes,Ajuste Poscobro General,True
ML,POS_106532245517_1 enero 2025 - 1 julio 2025.xlsx_3185,2000011187518408,2025-01-04,bpp_refunded,20240.0,PAGO,1 enero 2025 - 1 julio 2025.xlsx,,,2026-05-27 15:01:07.423457,,ajustes,Ajuste por Compra Protegida (BPP),False
ML,POS_106532231597_1 enero 2025 - 1 julio 2025.xlsx_3186,2000011187513326,2025-01-04,bpp_refunded,20240.0,PAGO,1 enero 2025 - 1 julio 2025.xlsx,,,2026-05-27 15:01:07.423457,,ajustes,Ajuste por Compra Protegida (BPP),False
ML,POS_106532223627_1 enero 2025 - 1 julio 2025.xlsx_3187,2000011187518406,2025-01-04,bpp_refunded,20240.0,PAGO,1 enero 2025 - 1 julio 2025.xlsx,,,2026-05-27 15:01:07.423457,,ajustes,Ajuste por Compra Protegida (BPP),False
ML,POS_106956826462_1 enero 2025 - 1 julio 2025.xlsx_3188,2000011187505916,2025-01-04,bpp_refunded,40490.0,PAGO,1 enero 2025 - 1 julio 2025.xlsx,,,2026-05-27 15:01:07.423457,,ajustes,Ajuste por Compra Protegida (BPP),False
ML,POS_106956467972_1 enero 2025 - 1 julio 2025.xlsx_3189,2000011187505178,2025-01-04,bpp_refunded,25990.0,PAGO,1 enero 2025 - 1 julio 2025.xlsx,,,2026-05-27 15:01:07.423457,,ajustes,Ajuste por Compra Protegida (BPP),False
ML,POS_106532196433_1 enero 2025 - 1 julio 2025.xlsx_3190,2000011187501408,2025-01-04,bpp_refunded,44990.0,PAGO,1 enero 2025 - 1 julio 2025.xlsx,,,2026-05-27 15:01:07.423457,,ajustes,Ajuste por Compra Protegida (BPP),False
ML,POS_104566980513_1 enero 2025 - 1 julio 2025.xlsx_3469,2000011003022516,2025-12-03,bpp_refunded,49990.0,PAGO,1 enero 2025 - 1 julio 2025.xlsx,,,2026-05-27 15:01:07.423457,,ajustes,Ajuste por Compra Protegida (BPP),False
ML,POS_104566996239_1 enero 2025 - 1 julio 2025.xlsx_3470,2000011003024470,2025-12-03,bpp_refunded,35990.0,PAGO,1 enero 2025 - 1 julio 2025.xlsx,,,2026-05-27 15:01:07.423457,,ajustes,Ajuste por Compra Protegida (BPP),False
ML,POS_104546073331_1 enero 2025 - 1 julio 2025.xlsx_3471,2000011001010742,2025-12-03,compensated,31990.0,PAGO,1 enero 2025 - 1 julio 2025.xlsx,,,2026-05-27 15:01:07.423457,,ajustes,Ajuste Poscobro Conciliado,True
ML,POS_104922875168_1 enero 2025 - 1 julio 2025.xlsx_3472,nan,2025-12-03,Ajuste Poscobro,600.0,PAGO,1 enero 2025 - 1 julio 2025.xlsx,,,2026-05-27 15:01:07.423457,,ajustes,Ajuste Poscobro General,True
ML,POS_104514252015_1 enero 2025 - 1 julio 2025.xlsx_3473,2000010997426792,2025-12-03,bpp_refunded,25990.0,PAGO,1 enero 2025 - 1 julio 2025.xlsx,,,2026-05-27 15:01:07.423457,,ajustes,Ajuste por Compra Protegida (BPP),False
ML,POS_104909978376_1 enero 2025 - 1 julio 2025.xlsx_3474,2000010996284694,2025-12-03,bpp_refunded,18990.0,PAGO,1 enero 2025 - 1 julio 2025.xlsx,,,2026-05-27 15:01:07.423457,,ajustes,Ajuste por Compra Protegida (BPP),False
ML,POS_104901720940_1 enero 2025 - 1 julio 2025.xlsx_3475,2000010995747292,2025-12-03,bpp_refunded,27990.0,PAGO,1 enero 2025 - 1 julio 2025.xlsx,,,2026-05-27 15:01:07.423457,,ajustes,Ajuste por Compra Protegida (BPP),False
ML,POS_104888070926_1 enero 2025 - 1 julio 2025.xlsx_3476,2000010994578008,2025-11-03,bpp_refunded,22990.0,PAGO,1 enero 2025 - 1 julio 2025.xlsx,,,2026-05-27 15:01:07.423457,,ajustes,Ajuste por Compra Protegida (BPP),False
ML,POS_104477972015_1 enero 2025 - 1 julio 2025.xlsx_3477,2000010994256766,2025-11-03,reconciled,49990.0,PAGO,1 enero 2025 - 1 julio 2025.xlsx,,,2026-05-27 15:01:07.423457,,ajustes,Ajuste Poscobro Conciliado,False
ML,POS_104812650070_1 enero 2025 - 1 julio 2025.xlsx_3478,nan,2025-11-03,Ajuste Poscobro,1600.0,PAGO,1 enero 2025 - 1 julio 2025.xlsx,,,2026-05-27 15:01:07.423457,,ajustes,Ajuste Poscobro General,True
ML,POS_104405191339_1 enero 2025 - 1 julio 2025.xlsx_3479,2000010986343626,2025-11-03,reconciled,21390.0,PAGO,1 enero 2025 - 1 julio 2025.xlsx,,,2026-05-27 15:01:07.423457,,ajustes,Ajuste Poscobro Conciliado,False
ML,POS_104801792986_1 enero 2025 - 1 julio 2025.xlsx_3480,2000010985372948,2025-11-03,reconciled,31990.0,PAGO,1 enero 2025 - 1 julio 2025.xlsx,,,2026-05-27 15:01:07.423457,,ajustes,Ajuste Poscobro Conciliado,False
ML,POS_104373347553_1 enero 2025 - 1 julio 2025.xlsx_3481,nan,2025-10-03,Ajuste Poscobro,525.0,PAGO,1 enero 2025 - 1 julio 2025.xlsx,,,2026-05-27 15:01:07.423457,,ajustes,Ajuste Poscobro General,True
ML,POS_104780194964_1 enero 2025 - 1 julio 2025.xlsx_3482,2000010983701188,2025-10-03,reconciled,31990.0,PAGO,1 enero 2025 - 1 julio 2025.xlsx,,,2026-05-27 15:01:07.423457,,ajustes,Ajuste Poscobro Conciliado,False
ML,POS_104372961937_1 enero 2025 - 1 julio 2025.xlsx_3483,2000010983678676,2025-10-03,bpp_refunded,13990.0,PAGO,1 enero 2025 - 1 julio 2025.xlsx,,,2026-05-27 15:01:07.423457,,ajustes,Ajuste por Compra Protegida (BPP),False
ML,POS_104779979406_1 enero 2025 - 1 julio 2025.xlsx_3484,nan,2025-10-03,bpp_refunded,2940.0,PAGO,1 enero 2025 - 1 julio 2025.xlsx,,,2026-05-27 15:01:07.423457,,ajustes,Ajuste por Compra Protegida (BPP),False
ML,POS_104325422181_1 enero 2025 - 1 julio 2025.xlsx_3485,2000010978500410,2025-10-03,bpp_refunded,16990.0,PAGO,1 enero 2025 - 1 julio 2025.xlsx,,,2026-05-27 15:01:07.423457,,ajustes,Ajuste por Compra Protegida (BPP),False
ML,POS_104732212202_1 enero 2025 - 1 julio 2025.xlsx_3486,2000010978492696,2025-10-03,bpp_refunded,20990.0,PAGO,1 enero 2025 - 1 julio 2025.xlsx,,,2026-05-27 15:01:07.423457,,ajustes,Ajuste por Compra Protegida (BPP),False
ML,POS_104306548259_1 enero 2025 - 1 julio 2025.xlsx_3487,2000010976255328,2025-10-03,reconciled,61990.0,PAGO,1 enero 2025 - 1 julio 2025.xlsx,,,2026-05-27 15:01:07.423457,,ajustes,Ajuste Poscobro Conciliado,False
ML,POS_104290974099_1 enero 2025 - 1 julio 2025.xlsx_3488,nan,2025-10-03,Ajuste Poscobro,525.0,PAGO,1 enero 2025 - 1 julio 2025.xlsx,,,2026-05-27 15:01:07.423457,,ajustes,Ajuste Poscobro General,True
ML,POS_104697433746_1 enero 2025 - 1 julio 2025.xlsx_3489,2000010974798958,2025-10-03,bpp_refunded,41990.0,PAGO,1 enero 2025 - 1 julio 2025.xlsx,,,2026-05-27 15:01:07.423457,,ajustes,Ajuste por Compra Protegida (BPP),False
ML,POS_104236849851_1 enero 2025 - 1 julio 2025.xlsx_3490,2000010969846586,2025-09-03,bpp_refunded,39990.0,PAGO,1 enero 2025 - 1 julio 2025.xlsx,,,2026-05-27 15:01:07.423457,,ajustes,Ajuste por Compra Protegida (BPP),False
ML,POS_104642738350_1 enero 2025 - 1 julio 2025.xlsx_3491,2000010969840152,2025-09-03,bpp_refunded,15990.0,PAGO,1 enero 2025 - 1 julio 2025.xlsx,,,2026-05-27 15:01:07.423457,,ajustes,Ajuste por Compra Protegida (BPP),False
ML,POS_104236696533_1 enero 2025 - 1 julio 2025.xlsx_3492,2000010969840150,2025-09-03,bpp_refunded,15990.0,PAGO,1 enero 2025 - 1 julio 2025.xlsx,,,2026-05-27 15:01:07.423457,,ajustes,Ajuste por Compra Protegida (BPP),False
ML,POS_104642734332_1 enero 2025 - 1 julio 2025.xlsx_3493,2000010969836416,2025-09-03,bpp_refunded,15990.0,PAGO,1 enero 2025 - 1 julio 2025.xlsx,,,2026-05-27 15:01:07.423457,,ajustes,Ajuste por Compra Protegida (BPP),False
ML,POS_104615042358_1 enero 2025 - 1 julio 2025.xlsx_3494,2000010966675516,2025-09-03,bpp_refunded,20990.0,PAGO,1 enero 2025 - 1 julio 2025.xlsx,,,2026-05-27 15:01:07.423457,,ajustes,Ajuste por Compra Protegida (BPP),False
ML,POS_104614905986_1 enero 2025 - 1 julio 2025.xlsx_3495,2000010966683204,2025-09-03,bpp_refunded,15990.0,PAGO,1 enero 2025 - 1 julio 2025.xlsx,,,2026-05-27 15:01:07.423457,,ajustes,Ajuste por Compra Protegida (BPP),False
ML,POS_104450821670_1 enero 2025 - 1 julio 2025.xlsx_3496,2000010953695010,2025-07-03,reconciled,44990.0,PAGO,1 enero 2025 - 1 julio 2025.xlsx,,,2026-05-27 15:01:07.423457,,ajustes,Ajuste Poscobro Conciliado,False
ML,POS_104007986979_1 enero 2025 - 1 julio 2025.xlsx_3497,2000010950352416,2025-07-03,reconciled,31990.0,PAGO,1 enero 2025 - 1 julio 2025.xlsx,,,2026-05-27 15:01:07.423457,,ajustes,Ajuste Poscobro Conciliado,False
ML,POS_104410153962_1 enero 2025 - 1 julio 2025.xlsx_3498,2000010950118052,2025-07-03,bpp_covered,34990.0,PAGO,1 enero 2025 - 1 julio 2025.xlsx,,,2026-05-27 15:01:07.423457,,ajustes,Ajuste por Compra Protegida (BPP),True
ML,POS_104410229544_1 enero 2025 - 1 julio 2025.xlsx_3499,2000010950112430,2025-07-03,bpp_covered,34990.0,PAGO,1 enero 2025 - 1 julio 2025.xlsx,,,2026-05-27 15:01:07.423457,,ajustes,Ajuste por Compra Protegida (BPP),True
ML,POS_104408227068_1 enero 2025 - 1 julio 2025.xlsx_3500,2000010949885662,2025-07-03,compensated,44990.0,PAGO,1 enero 2025 - 1 julio 2025.xlsx,,,2026-05-27 15:01:07.423457,,ajustes,Ajuste Poscobro Conciliado,True
ML,POS_104379373252_1 enero 2025 - 1 julio 2025.xlsx_3501,nan,2025-07-03,Ajuste Poscobro,4000.0,PAGO,1 enero 2025 - 1 julio 2025.xlsx,,,2026-05-27 15:01:07.423457,,ajustes,Ajuste Poscobro General,True
ML,POS_104379218746_1 enero 2025 - 1 julio 2025.xlsx_3502,2000010947744220,2025-07-03,bpp_refunded,14990.0,PAGO,1 enero 2025 - 1 julio 2025.xlsx,,,2026-05-27 15:01:07.423457,,ajustes,Ajuste por Compra Protegida (BPP),False
ML,POS_103974321699_1 enero 2025 - 1 julio 2025.xlsx_3503,2000010947735628,2025-07-03,bpp_refunded,12990.0,PAGO,1 enero 2025 - 1 julio 2025.xlsx,,,2026-05-27 15:01:07.423457,,ajustes,Ajuste por Compra Protegida (BPP),False
ML,POS_103974321695_1 enero 2025 - 1 julio 2025.xlsx_3504,2000010947744218,2025-07-03,bpp_refunded,14990.0,PAGO,1 enero 2025 - 1 julio 2025.xlsx,,,2026-05-27 15:01:07.423457,,ajustes,Ajuste por Compra Protegida (BPP),False
ML,POS_104364490148_1 enero 2025 - 1 julio 2025.xlsx_3505,2000010946737172,2025-06-03,bpp_refunded,25990.0,PAGO,1 enero 2025 - 1 julio 2025.xlsx,,,2026-05-27 15:01:07.423457,,ajustes,Ajuste por Compra Protegida (BPP),False
ML,POS_103959531013_1 enero 2025 - 1 julio 2025.xlsx_3506,2000010946739104,2025-06-03,bpp_refunded,29990.0,PAGO,1 enero 2025 - 1 julio 2025.xlsx,,,2026-05-27 15:01:07.423457,,ajustes,Ajuste por Compra Protegida (BPP),False
ML,POS_103947254187_1 enero 2025 - 1 julio 2025.xlsx_3507,2000010945130806,2025-06-03,bpp_refunded,28990.0,PAGO,1 enero 2025 - 1 julio 2025.xlsx,,,2026-05-27 15:01:07.423457,,ajustes,Ajuste por Compra Protegida (BPP),False
ML,POS_103946678053_1 enero 2025 - 1 julio 2025.xlsx_3508,2000010945033464,2025-06-03,compensated,31990.0,PAGO,1 enero 2025 - 1 julio 2025.xlsx,,,2026-05-27 15:01:07.423457,,ajustes,Ajuste Poscobro Conciliado,True
ML,POS_103938322503_1 enero 2025 - 1 julio 2025.xlsx_3509,2000010944304744,2025-06-03,bpp_refunded,28990.0,PAGO,1 enero 2025 - 1 julio 2025.xlsx,,,2026-05-27 15:01:07.423457,,ajustes,Ajuste por Compra Protegida (BPP),False
ML,POS_103938173571_1 enero 2025 - 1 julio 2025.xlsx_3510,2000010944308286,2025-06-03,bpp_refunded,35990.0,PAGO,1 enero 2025 - 1 julio 2025.xlsx,,,2026-05-27 15:01:07.423457,,ajustes,Ajuste por Compra Protegida (BPP),False
ML,POS_103926836821_1 enero 2025 - 1 julio 2025.xlsx_3511,2000010943317212,2025-06-03,reconciled,31990.0,PAGO,1 enero 2025 - 1 julio 2025.xlsx,,,2026-05-27 15:01:07.423457,,ajustes,Ajuste Poscobro Conciliado,False
ML,POS_104321986536_1 enero 2025 - 1 julio 2025.xlsx_3512,2000010942507816,2025-06-03,bpp_refunded,31990.0,PAGO,1 enero 2025 - 1 julio 2025.xlsx,,,2026-05-27 15:01:07.423457,,ajustes,Ajuste por Compra Protegida (BPP),False
ML,POS_104321919252_1 enero 2025 - 1 julio 2025.xlsx_3513,2000010942510876,2025-06-03,bpp_refunded,21990.0,PAGO,1 enero 2025 - 1 julio 2025.xlsx,,,2026-05-27 15:01:07.423457,,ajustes,Ajuste por Compra Protegida (BPP),False
ML,POS_104308698128_1 enero 2025 - 1 julio 2025.xlsx_3514,2000010940919680,2025-06-03,compensated,25990.0,PAGO,1 enero 2025 - 1 julio 2025.xlsx,,,2026-05-27 15:01:07.423457,,ajustes,Ajuste Poscobro Conciliado,True
ML,POS_104302268438_1 enero 2025 - 1 julio 2025.xlsx_3515,2000010940284372,2025-06-03,reconciled,31990.0,PAGO,1 enero 2025 - 1 julio 2025.xlsx,,,2026-05-27 15:01:07.423457,,ajustes,Ajuste Poscobro Conciliado,False
ML,POS_104246408290_1 enero 2025 - 1 julio 2025.xlsx_3516,2000010935417706,2025-05-03,bpp_refunded,20990.0,PAGO,1 enero 2025 - 1 julio 2025.xlsx,,,2026-05-27 15:01:07.423457,,ajustes,Ajuste por Compra Protegida (BPP),False
ML,POS_103779221511_1 enero 2025 - 1 julio 2025.xlsx_3517,2000010928651088,2025-05-03,bpp_refunded,27990.0,PAGO,1 enero 2025 - 1 julio 2025.xlsx,,,2026-05-27 15:01:07.423457,,ajustes,Ajuste por Compra Protegida (BPP),False
ML,POS_104175477120_1 enero 2025 - 1 julio 2025.xlsx_3518,nan,2025-05-03,Ajuste Poscobro,441.0,PAGO,1 enero 2025 - 1 julio 2025.xlsx,,,2026-05-27 15:01:07.423457,,ajustes,Ajuste Poscobro General,True
ML,POS_104175024000_1 enero 2025 - 1 julio 2025.xlsx_3519,2000010927996020,2025-05-03,reconciled,21990.0,PAGO,1 enero 2025 - 1 julio 2025.xlsx,,,2026-05-27 15:01:07.423457,,ajustes,Ajuste Poscobro Conciliado,False
ML,POS_104143592420_1 enero 2025 - 1 julio 2025.xlsx_3520,2000010925835608,2025-04-03,Ajuste Poscobro,29990.0,PAGO,1 enero 2025 - 1 julio 2025.xlsx,,,2026-05-27 15:01:07.423457,,ajustes,Ajuste Poscobro General,True
ML,POS_103740039317_1 enero 2025 - 1 julio 2025.xlsx_3521,2000010925837392,2025-04-03,Ajuste Poscobro,21990.0,PAGO,1 enero 2025 - 1 julio 2025.xlsx,,,2026-05-27 15:01:07.423457,,ajustes,Ajuste Poscobro General,True
ML,POS_103739093631_1 enero 2025 - 1 julio 2025.xlsx_3522,nan,2025-04-03,Ajuste Poscobro,1176.0,PAGO,1 enero 2025 - 1 julio 2025.xlsx,,,2026-05-27 15:01:07.423457,,ajustes,Ajuste Poscobro General,True
ML,POS_104142444076_1 enero 2025 - 1 julio 2025.xlsx_3523,nan,2025-04-03,bpp_refunded,1764.0,PAGO,1 enero 2025 - 1 julio 2025.xlsx,,,2026-05-27 15:01:07.423457,,ajustes,Ajuste por Compra Protegida (BPP),False
ML,POS_104142483644_1 enero 2025 - 1 julio 2025.xlsx_3524,2000010925689242,2025-04-03,bpp_refunded,16990.0,PAGO,1 enero 2025 - 1 julio 2025.xlsx,,,2026-05-27 15:01:07.423457,,ajustes,Ajuste por Compra Protegida (BPP),False
ML,POS_103684570797_1 enero 2025 - 1 julio 2025.xlsx_3525,2000010919297698,2025-04-03,reconciled,25990.0,PAGO,1 enero 2025 - 1 julio 2025.xlsx,,,2026-05-27 15:01:07.423457,,ajustes,Ajuste Poscobro Conciliado,False
ML,POS_103677100255_1 enero 2025 - 1 julio 2025.xlsx_3526,nan,2025-04-03,Ajuste Poscobro,600.0,PAGO,1 enero 2025 - 1 julio 2025.xlsx,,,2026-05-27 15:01:07.423457,,ajustes,Ajuste Poscobro General,True
ML,POS_103676889421_1 enero 2025 - 1 julio 2025.xlsx_3527,2000010918763466,2025-04-03,bpp_refunded,14990.0,PAGO,1 enero 2025 - 1 julio 2025.xlsx,,,2026-05-27 15:01:07.423457,,ajustes,Ajuste por Compra Protegida (BPP),False
ML,POS_103676945155_1 enero 2025 - 1 julio 2025.xlsx_3528,2000010918763464,2025-04-03,bpp_refunded,24990.0,PAGO,1 enero 2025 - 1 julio 2025.xlsx,,,2026-05-27 15:01:07.423457,,ajustes,Ajuste por Compra Protegida (BPP),False
ML,POS_103677006657_1 enero 2025 - 1 julio 2025.xlsx_3529,2000010918772290,2025-04-03,bpp_refunded,12990.0,PAGO,1 enero 2025 - 1 julio 2025.xlsx,,,2026-05-27 15:01:07.423457,,ajustes,Ajuste por Compra Protegida (BPP),False
ML,POS_104072695548_1 enero 2025 - 1 julio 2025.xlsx_3530,nan,2025-04-03,Ajuste Poscobro,525.0,PAGO,1 enero 2025 - 1 julio 2025.xlsx,,,2026-05-27 15:01:07.423457,,ajustes,Ajuste Poscobro General,True
ML,POS_104072650580_1 enero 2025 - 1 julio 2025.xlsx_3531,2000010918063856,2025-04-03,bpp_refunded,24990.0,PAGO,1 enero 2025 - 1 julio 2025.xlsx,,,2026-05-27 15:01:07.423457,,ajustes,Ajuste por Compra Protegida (BPP),False
ML,POS_104071758932_1 enero 2025 - 1 julio 2025.xlsx_3532,nan,2025-04-03,Ajuste Poscobro,525.0,PAGO,1 enero 2025 - 1 julio 2025.xlsx,,,2026-05-27 15:01:07.423457,,ajustes,Ajuste Poscobro General,True
ML,POS_103668349883_1 enero 2025 - 1 julio 2025.xlsx_3533,2000010917876686,2025-04-03,bpp_refunded,24990.0,PAGO,1 enero 2025 - 1 julio 2025.xlsx,,,2026-05-27 15:01:07.423457,,ajustes,Ajuste por Compra Protegida (BPP),False
ML,POS_103570567753_1 enero 2025 - 1 julio 2025.xlsx_3543,2000010908406370,2025-02-03,reconciled,49990.0,PAGO,1 enero 2025 - 1 julio 2025.xlsx,,,2026-05-27 15:01:07.423457,,ajustes,Ajuste Poscobro Conciliado,False
ML,POS_103567311077_1 enero 2025 - 1 julio 2025.xlsx_3544,nan,2025-02-03,bpp_refunded,2371.0,PAGO,1 enero 2025 - 1 julio 2025.xlsx,,,2026-05-27 15:01:07.423457,,ajustes,Ajuste por Compra Protegida (BPP),False
ML,POS_103969420814_1 enero 2025 - 1 julio 2025.xlsx_3545,2000010908048800,2025-02-03,bpp_refunded,12990.0,PAGO,1 enero 2025 - 1 julio 2025.xlsx,,,2026-05-27 15:01:07.423457,,ajustes,Ajuste por Compra Protegida (BPP),False
ML,POS_103567318915_1 enero 2025 - 1 julio 2025.xlsx_3546,2000010908044914,2025-02-03,bpp_refunded,10990.0,PAGO,1 enero 2025 - 1 julio 2025.xlsx,,,2026-05-27 15:01:07.423457,,ajustes,Ajuste por Compra Protegida (BPP),False
ML,POS_103965000576_1 enero 2025 - 1 julio 2025.xlsx_3547,2000010907563782,2025-02-03,bpp_refunded,35990.0,PAGO,1 enero 2025 - 1 julio 2025.xlsx,,,2026-05-27 15:01:07.423457,,ajustes,Ajuste por Compra Protegida (BPP),False
ML,POS_103964885904_1 enero 2025 - 1 julio 2025.xlsx_3548,2000010907572242,2025-02-03,bpp_refunded,28990.0,PAGO,1 enero 2025 - 1 julio 2025.xlsx,,,2026-05-27 15:01:07.423457,,ajustes,Ajuste por Compra Protegida (BPP),False
ML,POS_103562176653_1 enero 2025 - 1 julio 2025.xlsx_3549,nan,2025-02-03,Ajuste Poscobro,441.0,PAGO,1 enero 2025 - 1 julio 2025.xlsx,,,2026-05-27 15:01:07.423457,,ajustes,Ajuste Poscobro General,True
ML,POS_103561939231_1 enero 2025 - 1 julio 2025.xlsx_3550,2000010907486226,2025-02-03,Ajuste Poscobro,113970.0,PAGO,1 enero 2025 - 1 julio 2025.xlsx,,,2026-05-27 15:01:07.423457,,ajustes,Ajuste Poscobro General,True
ML,POS_103549851179_1 enero 2025 - 1 julio 2025.xlsx_3551,nan,2025-02-03,Ajuste Poscobro,441.0,PAGO,1 enero 2025 - 1 julio 2025.xlsx,,,2026-05-27 15:01:07.423457,,ajustes,Ajuste Poscobro General,True
ML,POS_103549718697_1 enero 2025 - 1 julio 2025.xlsx_3552,2000010906385182,2025-02-03,bpp_refunded,20990.0,PAGO,1 enero 2025 - 1 julio 2025.xlsx,,,2026-05-27 15:01:07.423457,,ajustes,Ajuste por Compra Protegida (BPP),False
ML,POS_103892828612_1 enero 2025 - 1 julio 2025.xlsx_3553,2000010901327542,2025-01-03,bpp_refunded,26990.0,PAGO,1 enero 2025 - 1 julio 2025.xlsx,,,2026-05-27 15:01:07.423457,,ajustes,Ajuste por Compra Protegida (BPP),False
ML,POS_103491078643_1 enero 2025 - 1 julio 2025.xlsx_3554,2000010901336164,2025-01-03,bpp_refunded,18990.0,PAGO,1 enero 2025 - 1 julio 2025.xlsx,,,2026-05-27 15:01:07.423457,,ajustes,Ajuste por Compra Protegida (BPP),False
ML,POS_103444996575_1 enero 2025 - 1 julio 2025.xlsx_3555,2000010898242628,2025-01-03,bpp_refunded,26990.0,PAGO,1 enero 2025 - 1 julio 2025.xlsx,,,2026-05-27 15:01:07.423457,,ajustes,Ajuste por Compra Protegida (BPP),False
ML,POS_101785187369_1 enero 2025 - 1 julio 2025.xlsx_3649,2000010741700046,2025-12-02,bpp_refunded,28990.0,PAGO,1 enero 2025 - 1 julio 2025.xlsx,,,2026-05-27 15:01:07.423457,,ajustes,Ajuste por Compra Protegida (BPP),False
ML,POS_101785117879_1 enero 2025 - 1 julio 2025.xlsx_3650,2000010741697158,2025-12-02,bpp_refunded,20990.0,PAGO,1 enero 2025 - 1 julio 2025.xlsx,,,2026-05-27 15:01:07.423457,,ajustes,Ajuste por Compra Protegida (BPP),False
ML,POS_102169585084_1 enero 2025 - 1 julio 2025.xlsx_3651,2000010741619060,2025-12-02,bpp_refunded,20990.0,PAGO,1 enero 2025 - 1 julio 2025.xlsx,,,2026-05-27 15:01:07.423457,,ajustes,Ajuste por Compra Protegida (BPP),False
ML,POS_102122218536_1 enero 2025 - 1 julio 2025.xlsx_3652,2000010736203504,2025-12-02,bpp_refunded,125940.0,PAGO,1 enero 2025 - 1 julio 2025.xlsx,,,2026-05-27 15:01:07.423457,,ajustes,Ajuste por Compra Protegida (BPP),False
ML,POS_101725753743_1 enero 2025 - 1 julio 2025.xlsx_3653,2000010733989114,2025-12-02,bpp_refunded,37990.0,PAGO,1 enero 2025 - 1 julio 2025.xlsx,,,2026-05-27 15:01:07.423457,,ajustes,Ajuste por Compra Protegida (BPP),False
ML,POS_102101427604_1 enero 2025 - 1 julio 2025.xlsx_3654,nan,2025-12-02,Ajuste Poscobro,525.0,PAGO,1 enero 2025 - 1 julio 2025.xlsx,,,2026-05-27 15:01:07.423457,,ajustes,Ajuste Poscobro General,True
ML,POS_101717965343_1 enero 2025 - 1 julio 2025.xlsx_3655,2000010733047328,2025-12-02,bpp_refunded,28990.0,PAGO,1 enero 2025 - 1 julio 2025.xlsx,,,2026-05-27 15:01:07.423457,,ajustes,Ajuste por Compra Protegida (BPP),False
ML,POS_102065233486_1 enero 2025 - 1 julio 2025.xlsx_3656,2000010730330906,2025-11-02,reconciled,25990.0,PAGO,1 enero 2025 - 1 julio 2025.xlsx,,,2026-05-27 15:01:07.423457,,ajustes,Ajuste Poscobro Conciliado,False
ML,POS_102048907528_1 enero 2025 - 1 julio 2025.xlsx_3657,2000010727616954,2025-11-02,compensated,28990.0,PAGO,1 enero 2025 - 1 julio 2025.xlsx,,,2026-05-27 15:01:07.423457,,ajustes,Ajuste Poscobro Conciliado,True
ML,POS_102012810502_1 enero 2025 - 1 julio 2025.xlsx_3658,nan,2025-11-02,Ajuste Poscobro,441.0,PAGO,1 enero 2025 - 1 julio 2025.xlsx,,,2026-05-27 15:01:07.423457,,ajustes,Ajuste Poscobro General,True
ML,POS_101629898097_1 enero 2025 - 1 julio 2025.xlsx_3659,2000010724382756,2025-11-02,bpp_refunded,29990.0,PAGO,1 enero 2025 - 1 julio 2025.xlsx,,,2026-05-27 15:01:07.423457,,ajustes,Ajuste por Compra Protegida (BPP),False
ML,POS_101960280690_1 enero 2025 - 1 julio 2025.xlsx_3660,2000010718233274,2025-10-02,reconciled,20990.0,PAGO,1 enero 2025 - 1 julio 2025.xlsx,,,2026-05-27 15:01:07.423457,,ajustes,Ajuste Poscobro Conciliado,False
ML,POS_101956706380_1 enero 2025 - 1 julio 2025.xlsx_3661,2000010718206084,2025-10-02,bpp_refunded,27990.0,PAGO,1 enero 2025 - 1 julio 2025.xlsx,,,2026-05-27 15:01:07.423457,,ajustes,Ajuste por Compra Protegida (BPP),False
ML,POS_101570432075_1 enero 2025 - 1 julio 2025.xlsx_3662,2000010717210782,2025-10-02,Ajuste Poscobro,16990.0,PAGO,1 enero 2025 - 1 julio 2025.xlsx,,,2026-05-27 15:01:07.423457,,ajustes,Ajuste Poscobro General,True
ML,POS_101537680545_1 enero 2025 - 1 julio 2025.xlsx_3663,2000010714054754,2025-10-02,bpp_refunded,22990.0,PAGO,1 enero 2025 - 1 julio 2025.xlsx,,,2026-05-27 15:01:07.423457,,ajustes,Ajuste por Compra Protegida (BPP),False
ML,POS_101534105235_1 enero 2025 - 1 julio 2025.xlsx_3664,2000010713111054,2025-10-02,bpp_refunded,61990.0,PAGO,1 enero 2025 - 1 julio 2025.xlsx,,,2026-05-27 15:01:07.423457,,ajustes,Ajuste por Compra Protegida (BPP),False
ML,POS_101829885604_1 enero 2025 - 1 julio 2025.xlsx_3665,2000010704975702,2025-09-02,bpp_refunded,22990.0,PAGO,1 enero 2025 - 1 julio 2025.xlsx,,,2026-05-27 15:01:07.423457,,ajustes,Ajuste por Compra Protegida (BPP),False
ML,POS_101829893564_1 enero 2025 - 1 julio 2025.xlsx_3666,2000010704977496,2025-09-02,bpp_refunded,14990.0,PAGO,1 enero 2025 - 1 julio 2025.xlsx,,,2026-05-27 15:01:07.423457,,ajustes,Ajuste por Compra Protegida (BPP),False
ML,POS_101797041668_1 enero 2025 - 1 julio 2025.xlsx_3667,2000010699631852,2025-09-02,compensated,28990.0,PAGO,1 enero 2025 - 1 julio 2025.xlsx,,,2026-05-27 15:01:07.423457,,ajustes,Ajuste Poscobro Conciliado,True
ML,POS_101796846348_1 enero 2025 - 1 julio 2025.xlsx_3668,2000010701336078,2025-09-02,bpp_refunded,20990.0,PAGO,1 enero 2025 - 1 julio 2025.xlsx,,,2026-05-27 15:01:07.423457,,ajustes,Ajuste por Compra Protegida (BPP),False
ML,POS_101416085257_1 enero 2025 - 1 julio 2025.xlsx_3669,2000010701336076,2025-09-02,bpp_refunded,77970.0,PAGO,1 enero 2025 - 1 julio 2025.xlsx,,,2026-05-27 15:01:07.423457,,ajustes,Ajuste por Compra Protegida (BPP),False
ML,POS_101796836556_1 enero 2025 - 1 julio 2025.xlsx_3670,2000010701331066,2025-09-02,bpp_refunded,86970.0,PAGO,1 enero 2025 - 1 julio 2025.xlsx,,,2026-05-27 15:01:07.423457,,ajustes,Ajuste por Compra Protegida (BPP),False
ML,POS_101416037445_1 enero 2025 - 1 julio 2025.xlsx_3671,2000010701336072,2025-09-02,bpp_refunded,57980.0,PAGO,1 enero 2025 - 1 julio 2025.xlsx,,,2026-05-27 15:01:07.423457,,ajustes,Ajuste por Compra Protegida (BPP),False
ML,POS_101416115045_1 enero 2025 - 1 julio 2025.xlsx_3672,2000010701331068,2025-09-02,bpp_refunded,149970.0,PAGO,1 enero 2025 - 1 julio 2025.xlsx,,,2026-05-27 15:01:07.423457,,ajustes,Ajuste por Compra Protegida (BPP),False
ML,POS_101796781192_1 enero 2025 - 1 julio 2025.xlsx_3673,2000010701329042,2025-09-02,bpp_refunded,77970.0,PAGO,1 enero 2025 - 1 julio 2025.xlsx,,,2026-05-27 15:01:07.423457,,ajustes,Ajuste por Compra Protegida (BPP),False
ML,POS_101414592639_1 enero 2025 - 1 julio 2025.xlsx_3674,2000010701191458,2025-09-02,bpp_refunded,57980.0,PAGO,1 enero 2025 - 1 julio 2025.xlsx,,,2026-05-27 15:01:07.423457,,ajustes,Ajuste por Compra Protegida (BPP),False
ML,POS_101789215228_1 enero 2025 - 1 julio 2025.xlsx_3675,nan,2025-09-02,Ajuste Poscobro,525.0,PAGO,1 enero 2025 - 1 julio 2025.xlsx,,,2026-05-27 15:01:07.423457,,ajustes,Ajuste Poscobro General,True
ML,POS_101789117374_1 enero 2025 - 1 julio 2025.xlsx_3676,2000010700677488,2025-09-02,bpp_refunded,22990.0,PAGO,1 enero 2025 - 1 julio 2025.xlsx,,,2026-05-27 15:01:07.423457,,ajustes,Ajuste por Compra Protegida (BPP),False
ML,POS_101758061686_1 enero 2025 - 1 julio 2025.xlsx_3677,2000010698165028,2025-08-02,bpp_refunded,20990.0,PAGO,1 enero 2025 - 1 julio 2025.xlsx,,,2026-05-27 15:01:07.423457,,ajustes,Ajuste por Compra Protegida (BPP),False
ML,POS_101746666466_1 enero 2025 - 1 julio 2025.xlsx_3678,2000010696445108,2025-08-02,bpp_refunded,39990.0,PAGO,1 enero 2025 - 1 julio 2025.xlsx,,,2026-05-27 15:01:07.423457,,ajustes,Ajuste por Compra Protegida (BPP),False
ML,POS_101340243759_1 enero 2025 - 1 julio 2025.xlsx_3679,2000010695057586,2025-08-02,bpp_refunded,21990.0,PAGO,1 enero 2025 - 1 julio 2025.xlsx,,,2026-05-27 15:01:07.423457,,ajustes,Ajuste por Compra Protegida (BPP),False
ML,POS_101261783783_1 enero 2025 - 1 julio 2025.xlsx_3680,2000010688902232,2025-07-02,bpp_refunded,19990.0,PAGO,1 enero 2025 - 1 julio 2025.xlsx,,,2026-05-27 15:01:07.423457,,ajustes,Ajuste por Compra Protegida (BPP),False
ML,POS_101607570756_1 enero 2025 - 1 julio 2025.xlsx_3681,2000010685031040,2025-07-02,reconciled,20990.0,PAGO,1 enero 2025 - 1 julio 2025.xlsx,,,2026-05-27 15:01:07.423457,,ajustes,Ajuste Poscobro Conciliado,False
ML,POS_101211614789_1 enero 2025 - 1 julio 2025.xlsx_3682,2000010684309660,2025-07-02,reconciled,28990.0,PAGO,1 enero 2025 - 1 julio 2025.xlsx,,,2026-05-27 15:01:07.423457,,ajustes,Ajuste Poscobro Conciliado,False
ML,POS_101173064683_1 enero 2025 - 1 julio 2025.xlsx_3683,2000010681094022,2025-06-02,reconciled,26990.0,PAGO,1 enero 2025 - 1 julio 2025.xlsx,,,2026-05-27 15:01:07.423457,,ajustes,Ajuste Poscobro Conciliado,False
ML,POS_101526292352_1 enero 2025 - 1 julio 2025.xlsx_3684,2000010678635842,2025-06-02,bpp_refunded,25990.0,PAGO,1 enero 2025 - 1 julio 2025.xlsx,,,2026-05-27 15:01:07.423457,,ajustes,Ajuste por Compra Protegida (BPP),False
ML,POS_101108701399_1 enero 2025 - 1 julio 2025.xlsx_3685,2000010674580792,2025-06-02,reconciled,20990.0,PAGO,1 enero 2025 - 1 julio 2025.xlsx,,,2026-05-27 15:01:07.423457,,ajustes,Ajuste Poscobro Conciliado,False
ML,POS_101486939246_1 enero 2025 - 1 julio 2025.xlsx_3686,2000010674525084,2025-06-02,bpp_refunded,20480.0,PAGO,1 enero 2025 - 1 julio 2025.xlsx,,,2026-05-27 15:01:07.423457,,ajustes,Ajuste por Compra Protegida (BPP),False
ML,POS_101097670493_1 enero 2025 - 1 julio 2025.xlsx_3687,2000010673595704,2025-06-02,bpp_refunded,15990.0,PAGO,1 enero 2025 - 1 julio 2025.xlsx,,,2026-05-27 15:01:07.423457,,ajustes,Ajuste por Compra Protegida (BPP),False
ML,POS_101097555151_1 enero 2025 - 1 julio 2025.xlsx_3688,2000010673603054,2025-06-02,bpp_refunded,9990.0,PAGO,1 enero 2025 - 1 julio 2025.xlsx,,,2026-05-27 15:01:07.423457,,ajustes,Ajuste por Compra Protegida (BPP),False
ML,POS_101443694162_1 enero 2025 - 1 julio 2025.xlsx_3689,2000010670659794,2025-05-02,bpp_refunded,15990.0,PAGO,1 enero 2025 - 1 julio 2025.xlsx,,,2026-05-27 15:01:07.423457,,ajustes,Ajuste por Compra Protegida (BPP),False
ML,POS_101443551770_1 enero 2025 - 1 julio 2025.xlsx_3690,2000010670668658,2025-05-02,bpp_refunded,15990.0,PAGO,1 enero 2025 - 1 julio 2025.xlsx,,,2026-05-27 15:01:07.423457,,ajustes,Ajuste por Compra Protegida (BPP),False
ML,POS_101062183365_1 enero 2025 - 1 julio 2025.xlsx_3691,nan,2025-05-02,Ajuste Poscobro,525.0,PAGO,1 enero 2025 - 1 julio 2025.xlsx,,,2026-05-27 15:01:07.423457,,ajustes,Ajuste Poscobro General,True
ML,POS_101062118431_1 enero 2025 - 1 julio 2025.xlsx_3692,2000010670143452,2025-05-02,reconciled,24990.0,PAGO,1 enero 2025 - 1 julio 2025.xlsx,,,2026-05-27 15:01:07.423457,,ajustes,Ajuste Poscobro Conciliado,False
ML,POS_101000224339_1 enero 2025 - 1 julio 2025.xlsx_3693,nan,2025-05-02,Ajuste Poscobro,525.0,PAGO,1 enero 2025 - 1 julio 2025.xlsx,,,2026-05-27 15:01:07.423457,,ajustes,Ajuste Poscobro General,True
ML,POS_101000004563_1 enero 2025 - 1 julio 2025.xlsx_3694,2000010663253136,2025-05-02,bpp_refunded,31990.0,PAGO,1 enero 2025 - 1 julio 2025.xlsx,,,2026-05-27 15:01:07.423457,,ajustes,Ajuste por Compra Protegida (BPP),False
ML,POS_101374547576_1 enero 2025 - 1 julio 2025.xlsx_3695,2000010662944302,2025-05-02,reconciled,49990.0,PAGO,1 enero 2025 - 1 julio 2025.xlsx,,,2026-05-27 15:01:07.423457,,ajustes,Ajuste Poscobro Conciliado,False
ML,POS_101366829542_1 enero 2025 - 1 julio 2025.xlsx_3696,2000010662124876,2025-05-02,bpp_refunded,31990.0,PAGO,1 enero 2025 - 1 julio 2025.xlsx,,,2026-05-27 15:01:07.423457,,ajustes,Ajuste por Compra Protegida (BPP),False
ML,POS_101366922906_1 enero 2025 - 1 julio 2025.xlsx_3697,2000010662122950,2025-05-02,bpp_refunded,31990.0,PAGO,1 enero 2025 - 1 julio 2025.xlsx,,,2026-05-27 15:01:07.423457,,ajustes,Ajuste por Compra Protegida (BPP),False
ML,POS_100976677193_1 enero 2025 - 1 julio 2025.xlsx_3698,2000010661126828,2025-05-02,bpp_refunded,24990.0,PAGO,1 enero 2025 - 1 julio 2025.xlsx,,,2026-05-27 15:01:07.423457,,ajustes,Ajuste por Compra Protegida (BPP),False
ML,POS_100908858329_1 enero 2025 - 1 julio 2025.xlsx_3699,2000010653350490,2025-04-02,reconciled,18490.0,PAGO,1 enero 2025 - 1 julio 2025.xlsx,,,2026-05-27 15:01:07.423457,,ajustes,Ajuste Poscobro Conciliado,False
ML,POS_101283871548_1 enero 2025 - 1 julio 2025.xlsx_3700,2000010653159122,2025-04-02,bpp_refunded,35990.0,PAGO,1 enero 2025 - 1 julio 2025.xlsx,,,2026-05-27 15:01:07.423457,,ajustes,Ajuste por Compra Protegida (BPP),False
ML,POS_101245137540_1 enero 2025 - 1 julio 2025.xlsx_3701,2000010650034078,2025-04-02,bpp_refunded,25990.0,PAGO,1 enero 2025 - 1 julio 2025.xlsx,,,2026-05-27 15:01:07.423457,,ajustes,Ajuste por Compra Protegida (BPP),False
ML,POS_100857435301_1 enero 2025 - 1 julio 2025.xlsx_3702,nan,2025-03-02,Ajuste Poscobro,441.0,PAGO,1 enero 2025 - 1 julio 2025.xlsx,,,2026-05-27 15:01:07.423457,,ajustes,Ajuste Poscobro General,True
ML,POS_100857350481_1 enero 2025 - 1 julio 2025.xlsx_3703,2000010648159432,2025-03-02,reconciled,24990.0,PAGO,1 enero 2025 - 1 julio 2025.xlsx,,,2026-05-27 15:01:07.423457,,ajustes,Ajuste Poscobro Conciliado,False
ML,POS_101188549772_1 enero 2025 - 1 julio 2025.xlsx_3704,2000010642629780,2025-03-02,bpp_refunded,9990.0,PAGO,1 enero 2025 - 1 julio 2025.xlsx,,,2026-05-27 15:01:07.423457,,ajustes,Ajuste por Compra Protegida (BPP),False
ML,POS_101063463870_1 enero 2025 - 1 julio 2025.xlsx_3713,nan,2025-01-02,Ajuste Poscobro,441.0,PAGO,1 enero 2025 - 1 julio 2025.xlsx,,,2026-05-27 15:01:07.423457,,ajustes,Ajuste Poscobro General,True
ML,POS_100688003747_1 enero 2025 - 1 julio 2025.xlsx_3714,2000010629594346,2025-01-02,bpp_refunded,119980.0,PAGO,1 enero 2025 - 1 julio 2025.xlsx,,,2026-05-27 15:01:07.423457,,ajustes,Ajuste por Compra Protegida (BPP),False
ML,POS_100687997755_1 enero 2025 - 1 julio 2025.xlsx_3715,2000010629594344,2025-01-02,bpp_refunded,4990.0,PAGO,1 enero 2025 - 1 julio 2025.xlsx,,,2026-05-27 15:01:07.423457,,ajustes,Ajuste por Compra Protegida (BPP),False
ML,POS_100687898887_1 enero 2025 - 1 julio 2025.xlsx_3716,2000010629584508,2025-01-02,bpp_refunded,119980.0,PAGO,1 enero 2025 - 1 julio 2025.xlsx,,,2026-05-27 15:01:07.423457,,ajustes,Ajuste por Compra Protegida (BPP),False
ML,POS_101004002202_1 enero 2025 - 1 julio 2025.xlsx_3717,2000010624746910,2025-01-02,compensated,21980.0,PAGO,1 enero 2025 - 1 julio 2025.xlsx,,,2026-05-27 15:01:07.423457,,ajustes,Ajuste Poscobro Conciliado,True
ML,POS_100987270224_1 enero 2025 - 1 julio 2025.xlsx_3718,2000010622773014,2025-01-02,reconciled,29990.0,PAGO,1 enero 2025 - 1 julio 2025.xlsx,,,2026-05-27 15:01:07.423457,,ajustes,Ajuste Poscobro Conciliado,False
ML,POS_98794977925_1 enero 2025 - 1 julio 2025.xlsx_3851,nan,2025-12-01,Ajuste Poscobro,600.0,PAGO,1 enero 2025 - 1 julio 2025.xlsx,,,2026-05-27 15:01:07.423457,,ajustes,Ajuste Poscobro General,True
ML,POS_98794953207_1 enero 2025 - 1 julio 2025.xlsx_3852,2000010442757368,2025-12-01,bpp_refunded,25990.0,PAGO,1 enero 2025 - 1 julio 2025.xlsx,,,2026-05-27 15:01:07.423457,,ajustes,Ajuste por Compra Protegida (BPP),False
ML,POS_99156987966_1 enero 2025 - 1 julio 2025.xlsx_3853,2000010442766384,2025-12-01,bpp_refunded,14990.0,PAGO,1 enero 2025 - 1 julio 2025.xlsx,,,2026-05-27 15:01:07.423457,,ajustes,Ajuste por Compra Protegida (BPP),False
ML,POS_99146823258_1 enero 2025 - 1 julio 2025.xlsx_3854,2000010441452892,2025-12-01,reconciled,25990.0,PAGO,1 enero 2025 - 1 julio 2025.xlsx,,,2026-05-27 15:01:07.423457,,ajustes,Ajuste Poscobro Conciliado,False
ML,POS_98776571811_1 enero 2025 - 1 julio 2025.xlsx_3855,2000010440429638,2025-12-01,reconciled,22944.0,PAGO,1 enero 2025 - 1 julio 2025.xlsx,,,2026-05-27 15:01:07.423457,,ajustes,Ajuste Poscobro Conciliado,False
ML,POS_98744293949_1 enero 2025 - 1 julio 2025.xlsx_3856,2000010436784270,2025-12-01,bpp_refunded,18990.0,PAGO,1 enero 2025 - 1 julio 2025.xlsx,,,2026-05-27 15:01:07.423457,,ajustes,Ajuste por Compra Protegida (BPP),False
ML,POS_98744317519_1 enero 2025 - 1 julio 2025.xlsx_3857,2000010436781434,2025-12-01,bpp_refunded,25990.0,PAGO,1 enero 2025 - 1 julio 2025.xlsx,,,2026-05-27 15:01:07.423457,,ajustes,Ajuste por Compra Protegida (BPP),False
ML,POS_99100059818_1 enero 2025 - 1 julio 2025.xlsx_3858,2000010436225828,2025-12-01,reconciled,32990.0,PAGO,1 enero 2025 - 1 julio 2025.xlsx,,,2026-05-27 15:01:07.423457,,ajustes,Ajuste Poscobro Conciliado,False
ML,POS_98731816041_1 enero 2025 - 1 julio 2025.xlsx_3859,2000010435643216,2025-12-01,bpp_refunded,20990.0,PAGO,1 enero 2025 - 1 julio 2025.xlsx,,,2026-05-27 15:01:07.423457,,ajustes,Ajuste por Compra Protegida (BPP),False
ML,POS_99059732554_1 enero 2025 - 1 julio 2025.xlsx_3860,2000010432902702,2025-11-01,reconciled,25990.0,PAGO,1 enero 2025 - 1 julio 2025.xlsx,,,2026-05-27 15:01:07.423457,,ajustes,Ajuste Poscobro Conciliado,False
ML,POS_99058625716_1 enero 2025 - 1 julio 2025.xlsx_3861,nan,2025-11-01,Ajuste Poscobro,525.0,PAGO,1 enero 2025 - 1 julio 2025.xlsx,,,2026-05-27 15:01:07.423457,,ajustes,Ajuste Poscobro General,True
ML,POS_99058508800_1 enero 2025 - 1 julio 2025.xlsx_3862,2000010432791300,2025-11-01,reconciled,41990.0,PAGO,1 enero 2025 - 1 julio 2025.xlsx,,,2026-05-27 15:01:07.423457,,ajustes,Ajuste Poscobro Conciliado,False
ML,POS_99032054054_1 enero 2025 - 1 julio 2025.xlsx_3863,nan,2025-11-01,bpp_refunded,4990.0,PAGO,1 enero 2025 - 1 julio 2025.xlsx,,,2026-05-27 15:01:07.423457,,ajustes,Ajuste por Compra Protegida (BPP),False
ML,POS_99032181672_1 enero 2025 - 1 julio 2025.xlsx_3864,2000010430436942,2025-11-01,bpp_refunded,11990.0,PAGO,1 enero 2025 - 1 julio 2025.xlsx,,,2026-05-27 15:01:07.423457,,ajustes,Ajuste por Compra Protegida (BPP),False
ML,POS_99032143174_1 enero 2025 - 1 julio 2025.xlsx_3865,2000010430427638,2025-11-01,bpp_refunded,18990.0,PAGO,1 enero 2025 - 1 julio 2025.xlsx,,,2026-05-27 15:01:07.423457,,ajustes,Ajuste por Compra Protegida (BPP),False
ML,POS_98643512719_1 enero 2025 - 1 julio 2025.xlsx_3866,2000010428346002,2025-11-01,bpp_refunded,20990.0,PAGO,1 enero 2025 - 1 julio 2025.xlsx,,,2026-05-27 15:01:07.423457,,ajustes,Ajuste por Compra Protegida (BPP),False
ML,POS_98961725788_1 enero 2025 - 1 julio 2025.xlsx_3867,2000010424728978,2025-10-01,bpp_refunded,6990.0,PAGO,1 enero 2025 - 1 julio 2025.xlsx,,,2026-05-27 15:01:07.423457,,ajustes,Ajuste por Compra Protegida (BPP),False
ML,POS_98961825138_1 enero 2025 - 1 julio 2025.xlsx_3868,2000010424734360,2025-10-01,bpp_refunded,14990.0,PAGO,1 enero 2025 - 1 julio 2025.xlsx,,,2026-05-27 15:01:07.423457,,ajustes,Ajuste por Compra Protegida (BPP),False
ML,POS_98539896645_1 enero 2025 - 1 julio 2025.xlsx_3869,nan,2025-10-01,Ajuste Poscobro,2940.0,PAGO,1 enero 2025 - 1 julio 2025.xlsx,,,2026-05-27 15:01:07.423457,,ajustes,Ajuste Poscobro General,True
ML,POS_98539629181_1 enero 2025 - 1 julio 2025.xlsx_3870,2000010419792030,2025-10-01,bpp_refunded,17990.0,PAGO,1 enero 2025 - 1 julio 2025.xlsx,,,2026-05-27 15:01:07.423457,,ajustes,Ajuste por Compra Protegida (BPP),False
ML,POS_98539625231_1 enero 2025 - 1 julio 2025.xlsx_3871,2000010419787094,2025-10-01,bpp_refunded,17990.0,PAGO,1 enero 2025 - 1 julio 2025.xlsx,,,2026-05-27 15:01:07.423457,,ajustes,Ajuste por Compra Protegida (BPP),False
ML,POS_98879101190_1 enero 2025 - 1 julio 2025.xlsx_3872,2000010417604880,2025-09-01,bpp_refunded,31990.0,PAGO,1 enero 2025 - 1 julio 2025.xlsx,,,2026-05-27 15:01:07.423457,,ajustes,Ajuste por Compra Protegida (BPP),False
ML,POS_98879111096_1 enero 2025 - 1 julio 2025.xlsx_3873,2000010417604878,2025-09-01,bpp_refunded,36990.0,PAGO,1 enero 2025 - 1 julio 2025.xlsx,,,2026-05-27 15:01:07.423457,,ajustes,Ajuste por Compra Protegida (BPP),False
ML,POS_98879172408_1 enero 2025 - 1 julio 2025.xlsx_3874,2000010417595416,2025-09-01,bpp_refunded,23990.0,PAGO,1 enero 2025 - 1 julio 2025.xlsx,,,2026-05-27 15:01:07.423457,,ajustes,Ajuste por Compra Protegida (BPP),False
ML,POS_98517482973_1 enero 2025 - 1 julio 2025.xlsx_3875,2000010417513598,2025-09-01,bpp_refunded,25990.0,PAGO,1 enero 2025 - 1 julio 2025.xlsx,,,2026-05-27 15:01:07.423457,,ajustes,Ajuste por Compra Protegida (BPP),False
ML,POS_98510529021_1 enero 2025 - 1 julio 2025.xlsx_3876,2000010416763758,2025-09-01,bpp_refunded,20990.0,PAGO,1 enero 2025 - 1 julio 2025.xlsx,,,2026-05-27 15:01:07.423457,,ajustes,Ajuste por Compra Protegida (BPP),False
ML,POS_98506717977_1 enero 2025 - 1 julio 2025.xlsx_3877,nan,2025-09-01,Ajuste Poscobro,525.0,PAGO,1 enero 2025 - 1 julio 2025.xlsx,,,2026-05-27 15:01:07.423457,,ajustes,Ajuste Poscobro General,True
ML,POS_98867607318_1 enero 2025 - 1 julio 2025.xlsx_3878,2000010416403096,2025-09-01,reconciled,41990.0,PAGO,1 enero 2025 - 1 julio 2025.xlsx,,,2026-05-27 15:01:07.423457,,ajustes,Ajuste Poscobro Conciliado,False
ML,POS_98859848474_1 enero 2025 - 1 julio 2025.xlsx_3879,2000010415699844,2025-09-01,bpp_refunded,20990.0,PAGO,1 enero 2025 - 1 julio 2025.xlsx,,,2026-05-27 15:01:07.423457,,ajustes,Ajuste por Compra Protegida (BPP),False
ML,POS_98484858611_1 enero 2025 - 1 julio 2025.xlsx_3880,2000010414295684,2025-09-01,Ajuste Poscobro,23990.0,PAGO,1 enero 2025 - 1 julio 2025.xlsx,,,2026-05-27 15:01:07.423457,,ajustes,Ajuste Poscobro General,True
ML,POS_98826987654_1 enero 2025 - 1 julio 2025.xlsx_3881,2000010412162750,2025-09-01,bpp_refunded,27990.0,PAGO,1 enero 2025 - 1 julio 2025.xlsx,,,2026-05-27 15:01:07.423457,,ajustes,Ajuste por Compra Protegida (BPP),False
ML,POS_98793980560_1 enero 2025 - 1 julio 2025.xlsx_3882,nan,2025-09-01,bpp_refunded,3500.0,PAGO,1 enero 2025 - 1 julio 2025.xlsx,,,2026-05-27 15:01:07.423457,,ajustes,Ajuste por Compra Protegida (BPP),False
ML,POS_98433665663_1 enero 2025 - 1 julio 2025.xlsx_3883,2000010409380638,2025-09-01,bpp_refunded,10990.0,PAGO,1 enero 2025 - 1 julio 2025.xlsx,,,2026-05-27 15:01:07.423457,,ajustes,Ajuste por Compra Protegida (BPP),False
ML,POS_98781350812_1 enero 2025 - 1 julio 2025.xlsx_3884,2000010408231262,2025-08-01,bpp_refunded,13990.0,PAGO,1 enero 2025 - 1 julio 2025.xlsx,,,2026-05-27 15:01:07.423457,,ajustes,Ajuste por Compra Protegida (BPP),False
ML,POS_98781311216_1 enero 2025 - 1 julio 2025.xlsx_3885,2000010408231260,2025-08-01,bpp_refunded,13990.0,PAGO,1 enero 2025 - 1 julio 2025.xlsx,,,2026-05-27 15:01:07.423457,,ajustes,Ajuste por Compra Protegida (BPP),False
ML,POS_98773397336_1 enero 2025 - 1 julio 2025.xlsx_3886,2000010407009364,2025-08-01,bpp_refunded,25990.0,PAGO,1 enero 2025 - 1 julio 2025.xlsx,,,2026-05-27 15:01:07.423457,,ajustes,Ajuste por Compra Protegida (BPP),False
ML,POS_98755949910_1 enero 2025 - 1 julio 2025.xlsx_3887,2000010405135266,2025-08-01,bpp_refunded,21990.0,PAGO,1 enero 2025 - 1 julio 2025.xlsx,,,2026-05-27 15:01:07.423457,,ajustes,Ajuste por Compra Protegida (BPP),False
ML,POS_98722912316_1 enero 2025 - 1 julio 2025.xlsx_3888,2000010401450704,2025-08-01,bpp_refunded,23990.0,PAGO,1 enero 2025 - 1 julio 2025.xlsx,,,2026-05-27 15:01:07.423457,,ajustes,Ajuste por Compra Protegida (BPP),False
ML,POS_98351963643_1 enero 2025 - 1 julio 2025.xlsx_3889,2000010400366752,2025-08-01,bpp_refunded,31990.0,PAGO,1 enero 2025 - 1 julio 2025.xlsx,,,2026-05-27 15:01:07.423457,,ajustes,Ajuste por Compra Protegida (BPP),False
ML,POS_98674255888_1 enero 2025 - 1 julio 2025.xlsx_3890,2000010397171840,2025-07-01,bpp_refunded,20990.0,PAGO,1 enero 2025 - 1 julio 2025.xlsx,,,2026-05-27 15:01:07.423457,,ajustes,Ajuste por Compra Protegida (BPP),False
ML,POS_98672462878_1 enero 2025 - 1 julio 2025.xlsx_3891,nan,2025-07-01,Ajuste Poscobro,525.0,PAGO,1 enero 2025 - 1 julio 2025.xlsx,,,2026-05-27 15:01:07.423457,,ajustes,Ajuste Poscobro General,True
ML,POS_98672307602_1 enero 2025 - 1 julio 2025.xlsx_3892,2000010396839004,2025-07-01,reconciled,20990.0,PAGO,1 enero 2025 - 1 julio 2025.xlsx,,,2026-05-27 15:01:07.423457,,ajustes,Ajuste Poscobro Conciliado,False
ML,POS_98669572670_1 enero 2025 - 1 julio 2025.xlsx_3893,2000010396406574,2025-07-01,reconciled,20990.0,PAGO,1 enero 2025 - 1 julio 2025.xlsx,,,2026-05-27 15:01:07.423457,,ajustes,Ajuste Poscobro Conciliado,False
ML,POS_98305967089_1 enero 2025 - 1 julio 2025.xlsx_3894,2000010395755574,2025-07-01,bpp_refunded,27990.0,PAGO,1 enero 2025 - 1 julio 2025.xlsx,,,2026-05-27 15:01:07.423457,,ajustes,Ajuste por Compra Protegida (BPP),False
ML,POS_98300393467_1 enero 2025 - 1 julio 2025.xlsx_3895,2000010395095734,2025-07-01,reconciled,20990.0,PAGO,1 enero 2025 - 1 julio 2025.xlsx,,,2026-05-27 15:01:07.423457,,ajustes,Ajuste Poscobro Conciliado,False
ML,POS_98649445870_1 enero 2025 - 1 julio 2025.xlsx_3896,2000010394106854,2025-07-01,reconciled,20490.0,PAGO,1 enero 2025 - 1 julio 2025.xlsx,,,2026-05-27 15:01:07.423457,,ajustes,Ajuste Poscobro Conciliado,False
ML,POS_98647191698_1 enero 2025 - 1 julio 2025.xlsx_3897,2000010393896242,2025-07-01,reconciled,15490.0,PAGO,1 enero 2025 - 1 julio 2025.xlsx,,,2026-05-27 15:01:07.423457,,ajustes,Ajuste Poscobro Conciliado,False
ML,POS_98612418044_1 enero 2025 - 1 julio 2025.xlsx_3898,2000010390099308,2025-07-01,bpp_refunded,31990.0,PAGO,1 enero 2025 - 1 julio 2025.xlsx,,,2026-05-27 15:01:07.423457,,ajustes,Ajuste por Compra Protegida (BPP),False
ML,POS_98585919434_1 enero 2025 - 1 julio 2025.xlsx_3899,2000010387842188,2025-07-01,bpp_refunded,16990.0,PAGO,1 enero 2025 - 1 julio 2025.xlsx,,,2026-05-27 15:01:07.423457,,ajustes,Ajuste por Compra Protegida (BPP),False
ML,POS_98227399205_1 enero 2025 - 1 julio 2025.xlsx_3900,2000010387803740,2025-07-01,reconciled,20990.0,PAGO,1 enero 2025 - 1 julio 2025.xlsx,,,2026-05-27 15:01:07.423457,,ajustes,Ajuste Poscobro Conciliado,False
ML,POS_98584984912_1 enero 2025 - 1 julio 2025.xlsx_3901,2000010387754568,2025-07-01,reconciled,20990.0,PAGO,1 enero 2025 - 1 julio 2025.xlsx,,,2026-05-27 15:01:07.423457,,ajustes,Ajuste Poscobro Conciliado,False
ML,POS_98208737371_1 enero 2025 - 1 julio 2025.xlsx_3902,2000010386307714,2025-07-01,bpp_refunded,14990.0,PAGO,1 enero 2025 - 1 julio 2025.xlsx,,,2026-05-27 15:01:07.423457,,ajustes,Ajuste por Compra Protegida (BPP),False
ML,POS_98566858284_1 enero 2025 - 1 julio 2025.xlsx_3903,2000010386307712,2025-07-01,bpp_refunded,16790.0,PAGO,1 enero 2025 - 1 julio 2025.xlsx,,,2026-05-27 15:01:07.423457,,ajustes,Ajuste por Compra Protegida (BPP),False
ML,POS_98208751101_1 enero 2025 - 1 julio 2025.xlsx_3904,2000010386305954,2025-07-01,bpp_refunded,16790.0,PAGO,1 enero 2025 - 1 julio 2025.xlsx,,,2026-05-27 15:01:07.423457,,ajustes,Ajuste por Compra Protegida (BPP),False
ML,POS_98208421841_1 enero 2025 - 1 julio 2025.xlsx_3905,2000010386268620,2025-07-01,bpp_refunded,21384.0,PAGO,1 enero 2025 - 1 julio 2025.xlsx,,,2026-05-27 15:01:07.423457,,ajustes,Ajuste por Compra Protegida (BPP),False
ML,POS_98204309271_1 enero 2025 - 1 julio 2025.xlsx_3906,2000010385528496,2025-06-01,bpp_refunded,15990.0,PAGO,1 enero 2025 - 1 julio 2025.xlsx,,,2026-05-27 15:01:07.423457,,ajustes,Ajuste por Compra Protegida (BPP),False
ML,POS_98204251857_1 enero 2025 - 1 julio 2025.xlsx_3907,2000010385524574,2025-06-01,bpp_refunded,10990.0,PAGO,1 enero 2025 - 1 julio 2025.xlsx,,,2026-05-27 15:01:07.423457,,ajustes,Ajuste por Compra Protegida (BPP),False
ML,POS_98204303419_1 enero 2025 - 1 julio 2025.xlsx_3908,2000010385520676,2025-06-01,bpp_refunded,12990.0,PAGO,1 enero 2025 - 1 julio 2025.xlsx,,,2026-05-27 15:01:07.423457,,ajustes,Ajuste por Compra Protegida (BPP),False
ML,POS_98187574853_1 enero 2025 - 1 julio 2025.xlsx_3909,2000010383383888,2025-06-01,bpp_refunded,20990.0,PAGO,1 enero 2025 - 1 julio 2025.xlsx,,,2026-05-27 15:01:07.423457,,ajustes,Ajuste por Compra Protegida (BPP),False
ML,POS_98159949641_1 enero 2025 - 1 julio 2025.xlsx_3910,2000010380595380,2025-06-01,compensated,15490.0,PAGO,1 enero 2025 - 1 julio 2025.xlsx,,,2026-05-27 15:01:07.423457,,ajustes,Ajuste Poscobro Conciliado,True
ML,POS_98491878518_1 enero 2025 - 1 julio 2025.xlsx_3911,2000010377830980,2025-06-01,bpp_refunded,18990.0,PAGO,1 enero 2025 - 1 julio 2025.xlsx,,,2026-05-27 15:01:07.423457,,ajustes,Ajuste por Compra Protegida (BPP),False
ML,POS_98134117739_1 enero 2025 - 1 julio 2025.xlsx_3912,2000010377829200,2025-06-01,bpp_refunded,18990.0,PAGO,1 enero 2025 - 1 julio 2025.xlsx,,,2026-05-27 15:01:07.423457,,ajustes,Ajuste por Compra Protegida (BPP),False
ML,POS_98106092093_1 enero 2025 - 1 julio 2025.xlsx_3913,nan,2025-06-01,Ajuste Poscobro,3500.0,PAGO,1 enero 2025 - 1 julio 2025.xlsx,,,2026-05-27 15:01:07.423457,,ajustes,Ajuste Poscobro General,True
ML,POS_98106201021_1 enero 2025 - 1 julio 2025.xlsx_3914,2000010375956288,2025-06-01,bpp_refunded,10490.0,PAGO,1 enero 2025 - 1 julio 2025.xlsx,,,2026-05-27 15:01:07.423457,,ajustes,Ajuste por Compra Protegida (BPP),False
ML,POS_98461327804_1 enero 2025 - 1 julio 2025.xlsx_3915,2000010375548846,2025-06-01,reconciled,26490.0,PAGO,1 enero 2025 - 1 julio 2025.xlsx,,,2026-05-27 15:01:07.423457,,ajustes,Ajuste Poscobro Conciliado,False
ML,POS_98100019679_1 enero 2025 - 1 julio 2025.xlsx_3916,2000010374925030,2025-05-01,reconciled,39990.0,PAGO,1 enero 2025 - 1 julio 2025.xlsx,,,2026-05-27 15:01:07.423457,,ajustes,Ajuste Poscobro Conciliado,False
ML,POS_98042614143_1 enero 2025 - 1 julio 2025.xlsx_3917,2000010368527030,2025-05-01,reconciled,17764.0,PAGO,1 enero 2025 - 1 julio 2025.xlsx,,,2026-05-27 15:01:07.423457,,ajustes,Ajuste Poscobro Conciliado,False
ML,POS_98040202843_1 enero 2025 - 1 julio 2025.xlsx_3918,2000010368309826,2025-05-01,bpp_refunded,21990.0,PAGO,1 enero 2025 - 1 julio 2025.xlsx,,,2026-05-27 15:01:07.423457,,ajustes,Ajuste por Compra Protegida (BPP),False
ML,POS_98040104075_1 enero 2025 - 1 julio 2025.xlsx_3919,2000010368309614,2025-05-01,bpp_refunded,51990.0,PAGO,1 enero 2025 - 1 julio 2025.xlsx,,,2026-05-27 15:01:07.423457,,ajustes,Ajuste por Compra Protegida (BPP),False
ML,POS_98040100013_1 enero 2025 - 1 julio 2025.xlsx_3920,2000010368313076,2025-05-01,bpp_refunded,39990.0,PAGO,1 enero 2025 - 1 julio 2025.xlsx,,,2026-05-27 15:01:07.423457,,ajustes,Ajuste por Compra Protegida (BPP),False
ML,POS_98040075997_1 enero 2025 - 1 julio 2025.xlsx_3921,2000010368320556,2025-05-01,bpp_refunded,39990.0,PAGO,1 enero 2025 - 1 julio 2025.xlsx,,,2026-05-27 15:01:07.423457,,ajustes,Ajuste por Compra Protegida (BPP),False
ML,POS_98034194919_1 enero 2025 - 1 julio 2025.xlsx_3922,2000010367654574,2025-05-01,reconciled,45990.0,PAGO,1 enero 2025 - 1 julio 2025.xlsx,,,2026-05-27 15:01:07.423457,,ajustes,Ajuste Poscobro Conciliado,False
ML,POS_98388143538_1 enero 2025 - 1 julio 2025.xlsx_3923,2000010367315050,2025-04-01,reconciled,24990.0,PAGO,1 enero 2025 - 1 julio 2025.xlsx,,,2026-05-27 15:01:07.423457,,ajustes,Ajuste Poscobro Conciliado,False
ML,POS_98011246709_1 enero 2025 - 1 julio 2025.xlsx_3924,2000010365567460,2025-04-01,bpp_refunded,27990.0,PAGO,1 enero 2025 - 1 julio 2025.xlsx,,,2026-05-27 15:01:07.423457,,ajustes,Ajuste por Compra Protegida (BPP),False
ML,POS_97973754453_1 enero 2025 - 1 julio 2025.xlsx_3925,nan,2025-04-01,Ajuste Poscobro,600.0,PAGO,1 enero 2025 - 1 julio 2025.xlsx,,,2026-05-27 15:01:07.423457,,ajustes,Ajuste Poscobro General,True
ML,POS_98330155482_1 enero 2025 - 1 julio 2025.xlsx_3926,2000010361883142,2025-04-01,bpp_refunded,24990.0,PAGO,1 enero 2025 - 1 julio 2025.xlsx,,,2026-05-27 15:01:07.423457,,ajustes,Ajuste por Compra Protegida (BPP),False
ML,POS_98301383164_1 enero 2025 - 1 julio 2025.xlsx_3927,2000010358977942,2025-03-01,bpp_refunded,31990.0,PAGO,1 enero 2025 - 1 julio 2025.xlsx,,,2026-05-27 15:01:07.423457,,ajustes,Ajuste por Compra Protegida (BPP),False
ML,POS_97944150683_1 enero 2025 - 1 julio 2025.xlsx_3928,2000010358897822,2025-03-01,bpp_refunded,24390.0,PAGO,1 enero 2025 - 1 julio 2025.xlsx,,,2026-05-27 15:01:07.423457,,ajustes,Ajuste por Compra Protegida (BPP),False
ML,POS_97941309965_1 enero 2025 - 1 julio 2025.xlsx_3929,nan,2025-03-01,Ajuste Poscobro,600.0,PAGO,1 enero 2025 - 1 julio 2025.xlsx,,,2026-05-27 15:01:07.423457,,ajustes,Ajuste Poscobro General,True
ML,POS_98297821984_1 enero 2025 - 1 julio 2025.xlsx_3930,2000010358558874,2025-03-01,bpp_refunded,21990.0,PAGO,1 enero 2025 - 1 julio 2025.xlsx,,,2026-05-27 15:01:07.423457,,ajustes,Ajuste por Compra Protegida (BPP),False
ML,POS_97936420411_1 enero 2025 - 1 julio 2025.xlsx_3931,nan,2025-03-01,Ajuste Poscobro,441.0,PAGO,1 enero 2025 - 1 julio 2025.xlsx,,,2026-05-27 15:01:07.423457,,ajustes,Ajuste Poscobro General,True
ML,POS_98292729388_1 enero 2025 - 1 julio 2025.xlsx_3932,2000010358018890,2025-03-01,bpp_refunded,23990.0,PAGO,1 enero 2025 - 1 julio 2025.xlsx,,,2026-05-27 15:01:07.423457,,ajustes,Ajuste por Compra Protegida (BPP),False
ML,POS_97936109775_1 enero 2025 - 1 julio 2025.xlsx_3933,2000010358013394,2025-03-01,bpp_refunded,23990.0,PAGO,1 enero 2025 - 1 julio 2025.xlsx,,,2026-05-27 15:01:07.423457,,ajustes,Ajuste por Compra Protegida (BPP),False
ML,POS_98268671036_1 enero 2025 - 1 julio 2025.xlsx_3934,2000010355802572,2025-03-01,bpp_refunded,29990.0,PAGO,1 enero 2025 - 1 julio 2025.xlsx,,,2026-05-27 15:01:07.423457,,ajustes,Ajuste por Compra Protegida (BPP),False
ML,POS_97865243205_1 enero 2025 - 1 julio 2025.xlsx_3935,2000010351302622,2025-03-01,bpp_refunded,17990.0,PAGO,1 enero 2025 - 1 julio 2025.xlsx,,,2026-05-27 15:01:07.423457,,ajustes,Ajuste por Compra Protegida (BPP),False
ML,POS_97848336379_1 enero 2025 - 1 julio 2025.xlsx_3936,nan,2025-03-01,Ajuste Poscobro,600.0,PAGO,1 enero 2025 - 1 julio 2025.xlsx,,,2026-05-27 15:01:07.423457,,ajustes,Ajuste Poscobro General,True
ML,POS_98204175774_1 enero 2025 - 1 julio 2025.xlsx_3937,2000010350007224,2025-03-01,reconciled,36990.0,PAGO,1 enero 2025 - 1 julio 2025.xlsx,,,2026-05-27 15:01:07.423457,,ajustes,Ajuste Poscobro Conciliado,False
ML,POS_97839529503_1 enero 2025 - 1 julio 2025.xlsx_3938,2000010348610718,2025-02-01,reconciled,8990.0,PAGO,1 enero 2025 - 1 julio 2025.xlsx,,,2026-05-27 15:01:07.423457,,ajustes,Ajuste Poscobro Conciliado,False
ML,POS_97838245651_1 enero 2025 - 1 julio 2025.xlsx_3939,nan,2025-02-01,Ajuste Poscobro,525.0,PAGO,1 enero 2025 - 1 julio 2025.xlsx,,,2026-05-27 15:01:07.423457,,ajustes,Ajuste Poscobro General,True
ML,POS_97838344513_1 enero 2025 - 1 julio 2025.xlsx_3940,nan,2025-02-01,Ajuste Poscobro,525.0,PAGO,1 enero 2025 - 1 julio 2025.xlsx,,,2026-05-27 15:01:07.423457,,ajustes,Ajuste Poscobro General,True
ML,POS_97838194545_1 enero 2025 - 1 julio 2025.xlsx_3941,2000010348394836,2025-02-01,bpp_refunded,19990.0,PAGO,1 enero 2025 - 1 julio 2025.xlsx,,,2026-05-27 15:01:07.423457,,ajustes,Ajuste por Compra Protegida (BPP),False
ML,POS_97838111465_1 enero 2025 - 1 julio 2025.xlsx_3942,2000010348402404,2025-02-01,bpp_refunded,28990.0,PAGO,1 enero 2025 - 1 julio 2025.xlsx,,,2026-05-27 15:01:07.423457,,ajustes,Ajuste por Compra Protegida (BPP),False
ML,POS_98178377062_1 enero 2025 - 1 julio 2025.xlsx_3943,nan,2025-02-01,Ajuste Poscobro,1400.0,PAGO,1 enero 2025 - 1 julio 2025.xlsx,,,2026-05-27 15:01:07.423457,,ajustes,Ajuste Poscobro General,True
ML,POS_98178165132_1 enero 2025 - 1 julio 2025.xlsx_3944,2000010346536044,2025-02-01,bpp_refunded,20090.0,PAGO,1 enero 2025 - 1 julio 2025.xlsx,,,2026-05-27 15:01:07.423457,,ajustes,Ajuste por Compra Protegida (BPP),False
ML,POS_97807639569_1 enero 2025 - 1 julio 2025.xlsx_3945,2000010345041268,2025-02-01,bpp_refunded,39990.0,PAGO,1 enero 2025 - 1 julio 2025.xlsx,,,2026-05-27 15:01:07.423457,,ajustes,Ajuste por Compra Protegida (BPP),False
ML,POS_97807838865_1 enero 2025 - 1 julio 2025.xlsx_3946,2000010345044778,2025-02-01,bpp_refunded,26990.0,PAGO,1 enero 2025 - 1 julio 2025.xlsx,,,2026-05-27 15:01:07.423457,,ajustes,Ajuste por Compra Protegida (BPP),False
ML,POS_98129579646_1 enero 2025 - 1 julio 2025.xlsx_3947,2000010341334282,2025-02-01,bpp_refunded,17990.0,PAGO,1 enero 2025 - 1 julio 2025.xlsx,,,2026-05-27 15:01:07.423457,,ajustes,Ajuste por Compra Protegida (BPP),False
ML,POS_98129522034_1 enero 2025 - 1 julio 2025.xlsx_3948,2000010341319822,2025-02-01,bpp_refunded,17990.0,PAGO,1 enero 2025 - 1 julio 2025.xlsx,,,2026-05-27 15:01:07.423457,,ajustes,Ajuste por Compra Protegida (BPP),False
ML,POS_153582144656_1 enero 2026 - 1 mayo 2026.xlsx_149,2000015867167742,2026-12-04,repentant_buyer,34990.0,PAGO,1 enero 2026 - 1 mayo 2026.xlsx,,,2026-05-27 15:01:08.333979,,ajustes,Ajuste por Arrepentimiento,False
ML,POS_153332234645_1 enero 2026 - 1 mayo 2026.xlsx_150,2000015918027254,2026-12-04,repentant_buyer,39990.0,PAGO,1 enero 2026 - 1 mayo 2026.xlsx,,,2026-05-27 15:01:08.333979,,ajustes,Ajuste por Arrepentimiento,False
ML,POS_153596793670_1 enero 2026 - 1 mayo 2026.xlsx_151,2000015869473868,2026-12-04,smaller_than_expected_fashion,24990.0,PAGO,1 enero 2026 - 1 mayo 2026.xlsx,,,2026-05-27 15:01:08.333979,,ajustes,Ajuste por Talla/Garantía,False
ML,POS_154037407772_1 enero 2026 - 1 mayo 2026.xlsx_152,2000015913711558,2026-12-04,repentant_buyer,39990.0,PAGO,1 enero 2026 - 1 mayo 2026.xlsx,,,2026-05-27 15:01:08.333979,,ajustes,Ajuste por Arrepentimiento,False
ML,POS_150786167663_1 enero 2026 - 1 mayo 2026.xlsx_153,2000015660393290,2026-12-04,different_color_or_size_fashion,19990.0,PAGO,1 enero 2026 - 1 mayo 2026.xlsx,,,2026-05-27 15:01:08.333979,,ajustes,Ajuste por Diferencia de Publicación,True
ML,POS_153218738629_1 enero 2026 - 1 mayo 2026.xlsx_154,2000015906274664,2026-12-04,repentant_buyer,28990.0,PAGO,1 enero 2026 - 1 mayo 2026.xlsx,,,2026-05-27 15:01:08.333979,,ajustes,Ajuste por Arrepentimiento,False
ML,POS_152880228782_1 enero 2026 - 1 mayo 2026.xlsx_155,2000015797716136,2026-11-04,smaller_than_expected_fashion,34990.0,PAGO,1 enero 2026 - 1 mayo 2026.xlsx,,,2026-05-27 15:01:08.333979,,ajustes,Ajuste por Talla/Garantía,False
ML,POS_153162695269_1 enero 2026 - 1 mayo 2026.xlsx_156,2000015900946334,2026-11-04,repentant_buyer,39990.0,PAGO,1 enero 2026 - 1 mayo 2026.xlsx,,,2026-05-27 15:01:08.333979,,ajustes,Ajuste por Arrepentimiento,False
ML,POS_153162689309_1 enero 2026 - 1 mayo 2026.xlsx_157,2000015900939534,2026-11-04,repentant_buyer,9990.0,PAGO,1 enero 2026 - 1 mayo 2026.xlsx,,,2026-05-27 15:01:08.333979,,ajustes,Ajuste por Arrepentimiento,False
ML,POS_153253101809_1 enero 2026 - 1 mayo 2026.xlsx_158,2000015909785620,2026-11-04,different_than_published,39990.0,PAGO,1 enero 2026 - 1 mayo 2026.xlsx,,,2026-05-27 15:01:08.333979,,ajustes,Ajuste por Diferencia de Publicación,True
ML,POS_153232959963_1 enero 2026 - 1 mayo 2026.xlsx_159,2000015903622780,2026-11-04,estimated_delivery_out_of_time,29990.0,PAGO,1 enero 2026 - 1 mayo 2026.xlsx,,,2026-05-27 15:01:08.333979,,ajustes,Ajuste por Retraso en Entrega,True
ML,POS_154011721812_1 enero 2026 - 1 mayo 2026.xlsx_160,2000015911422396,2026-11-04,delivered_but_not_receive_package,24990.0,PAGO,1 enero 2026 - 1 mayo 2026.xlsx,,,2026-05-27 15:01:08.333979,,ajustes,Ajuste por Falla en Entrega,True
ML,POS_151682752189_1 enero 2026 - 1 mayo 2026.xlsx_161,2000015750786768,2026-11-04,repentant_buyer,15189.0,PAGO,1 enero 2026 - 1 mayo 2026.xlsx,,,2026-05-27 15:01:08.333979,,ajustes,Ajuste por Arrepentimiento,False
ML,POS_152417712660_1 enero 2026 - 1 mayo 2026.xlsx_162,2000015750786768,2026-11-04,repentant_buyer,20801.0,PAGO,1 enero 2026 - 1 mayo 2026.xlsx,,,2026-05-27 15:01:08.333979,,ajustes,Ajuste por Arrepentimiento,False
ML,POS_153505518230_1 enero 2026 - 1 mayo 2026.xlsx_163,2000015858470136,2026-10-04,repentant_buyer,71990.0,PAGO,1 enero 2026 - 1 mayo 2026.xlsx,,,2026-05-27 15:01:08.333979,,ajustes,Ajuste por Arrepentimiento,False
ML,POS_154116656618_1 enero 2026 - 1 mayo 2026.xlsx_164,2000015920744978,2026-10-04,different_color_or_size_fashion,34990.0,PAGO,1 enero 2026 - 1 mayo 2026.xlsx,,,2026-05-27 15:01:08.333979,,ajustes,Ajuste por Diferencia de Publicación,True
ML,POS_151912315902_1 enero 2026 - 1 mayo 2026.xlsx_165,2000015704249208,2026-10-04,repentant_buyer,29990.0,PAGO,1 enero 2026 - 1 mayo 2026.xlsx,,,2026-05-27 15:01:08.333979,,ajustes,Ajuste por Arrepentimiento,False
ML,POS_153006407395_1 enero 2026 - 1 mayo 2026.xlsx_166,2000015885232726,2026-10-04,repentant_buyer,22990.0,PAGO,1 enero 2026 - 1 mayo 2026.xlsx,,,2026-05-27 15:01:08.333979,,ajustes,Ajuste por Arrepentimiento,False
ML,POS_152616110894_1 enero 2026 - 1 mayo 2026.xlsx_167,2000015773015520,2026-10-04,repentant_buyer,35990.0,PAGO,1 enero 2026 - 1 mayo 2026.xlsx,,,2026-05-27 15:01:08.333979,,ajustes,Ajuste por Arrepentimiento,False
ML,POS_153162659909_1 enero 2026 - 1 mayo 2026.xlsx_168,2000015900948160,2026-10-04,repentant_buyer,31990.0,PAGO,1 enero 2026 - 1 mayo 2026.xlsx,,,2026-05-27 15:01:08.333979,,ajustes,Ajuste por Arrepentimiento,False
ML,POS_153753931724_1 enero 2026 - 1 mayo 2026.xlsx_169,2000015885982166,2026-10-04,repentant_buyer,19990.0,PAGO,1 enero 2026 - 1 mayo 2026.xlsx,,,2026-05-27 15:01:08.333979,,ajustes,Ajuste por Arrepentimiento,False
ML,POS_150980775369_1 enero 2026 - 1 mayo 2026.xlsx_170,2000015682784266,2026-09-04,repentant_buyer,32990.0,PAGO,1 enero 2026 - 1 mayo 2026.xlsx,,,2026-05-27 15:01:08.333979,,ajustes,Ajuste por Arrepentimiento,False
ML,POS_153224660714_1 enero 2026 - 1 mayo 2026.xlsx_171,2000015831637480,2026-09-04,repentant_buyer,39990.0,PAGO,1 enero 2026 - 1 mayo 2026.xlsx,,,2026-05-27 15:01:08.333979,,ajustes,Ajuste por Arrepentimiento,False
ML,POS_153306560801_1 enero 2026 - 1 mayo 2026.xlsx_172,2000015914939182,2026-09-04,undelivered_other,34990.0,PAGO,1 enero 2026 - 1 mayo 2026.xlsx,,,2026-05-27 15:01:08.333979,,ajustes,Ajuste por Falla en Entrega,True
ML,POS_153986032862_1 enero 2026 - 1 mayo 2026.xlsx_173,2000015908301632,2026-09-04,undelivered_repentant_buyer,22990.0,PAGO,1 enero 2026 - 1 mayo 2026.xlsx,,,2026-05-27 15:01:08.333979,,ajustes,Ajuste por Arrepentimiento,True
ML,POS_153012597873_1 enero 2026 - 1 mayo 2026.xlsx_175,2000015886258022,2026-09-04,different_item_other,32990.0,PAGO,1 enero 2026 - 1 mayo 2026.xlsx,,,2026-05-27 15:01:08.333979,,ajustes,Ajuste por Diferencia de Publicación,True
ML,POS_152363294271_1 enero 2026 - 1 mayo 2026.xlsx_176,2000015818484020,2026-09-04,smaller_than_expected_fashion,22990.0,PAGO,1 enero 2026 - 1 mayo 2026.xlsx,,,2026-05-27 15:01:08.333979,,ajustes,Ajuste por Talla/Garantía,False
ML,POS_151795246414_1 enero 2026 - 1 mayo 2026.xlsx_177,2000015693468066,2026-09-04,repentant_buyer,39990.0,PAGO,1 enero 2026 - 1 mayo 2026.xlsx,,,2026-05-27 15:01:08.333979,,ajustes,Ajuste por Arrepentimiento,False
ML,POS_153349738246_1 enero 2026 - 1 mayo 2026.xlsx_178,2000015843337312,2026-09-04,bigger_than_expected_fashion,34390.0,PAGO,1 enero 2026 - 1 mayo 2026.xlsx,,,2026-05-27 15:01:08.333979,,ajustes,Ajuste por Talla/Garantía,False
ML,POS_153164070043_1 enero 2026 - 1 mayo 2026.xlsx_179,2000015901153692,2026-08-04,undelivered_repentant_buyer,119970.0,PAGO,1 enero 2026 - 1 mayo 2026.xlsx,,,2026-05-27 15:01:08.333979,,ajustes,Ajuste por Arrepentimiento,True
ML,POS_153593163836_1 enero 2026 - 1 mayo 2026.xlsx_180,2000015869082374,2026-08-04,different_color_or_size_fashion,29990.0,PAGO,1 enero 2026 - 1 mayo 2026.xlsx,,,2026-05-27 15:01:08.333979,,ajustes,Ajuste por Diferencia de Publicación,True
ML,POS_151934400665_1 enero 2026 - 1 mayo 2026.xlsx_183,2000015777681722,2026-08-04,smaller_than_expected_fashion,31990.0,PAGO,1 enero 2026 - 1 mayo 2026.xlsx,,,2026-05-27 15:01:08.333979,,ajustes,Ajuste por Talla/Garantía,False
ML,POS_153803384066_1 enero 2026 - 1 mayo 2026.xlsx_184,2000015890032978,2026-08-04,different_color_or_size_fashion,11990.0,PAGO,1 enero 2026 - 1 mayo 2026.xlsx,,,2026-05-27 15:01:08.333979,,ajustes,Ajuste por Diferencia de Publicación,True
ML,POS_153512316712_1 enero 2026 - 1 mayo 2026.xlsx_185,2000015859191374,2026-08-04,bigger_than_expected_fashion,34990.0,PAGO,1 enero 2026 - 1 mayo 2026.xlsx,,,2026-05-27 15:01:08.333979,,ajustes,Ajuste por Talla/Garantía,False
ML,POS_152738108958_1 enero 2026 - 1 mayo 2026.xlsx_186,2000015784577242,2026-08-04,repentant_buyer,32990.0,PAGO,1 enero 2026 - 1 mayo 2026.xlsx,,,2026-05-27 15:01:08.333979,,ajustes,Ajuste por Arrepentimiento,False
ML,POS_152463889593_1 enero 2026 - 1 mayo 2026.xlsx_187,2000015829530190,2026-08-04,repentant_buyer,39990.0,PAGO,1 enero 2026 - 1 mayo 2026.xlsx,,,2026-05-27 15:01:08.333979,,ajustes,Ajuste por Arrepentimiento,False
ML,POS_153204360996_1 enero 2026 - 1 mayo 2026.xlsx_188,2000015829526860,2026-08-04,repentant_buyer,26990.0,PAGO,1 enero 2026 - 1 mayo 2026.xlsx,,,2026-05-27 15:01:08.333979,,ajustes,Ajuste por Arrepentimiento,False
ML,POS_152598656943_1 enero 2026 - 1 mayo 2026.xlsx_189,2000015842484864,2026-07-04,different_than_published,29990.0,PAGO,1 enero 2026 - 1 mayo 2026.xlsx,,,2026-05-27 15:01:08.333979,,ajustes,Ajuste por Diferencia de Publicación,True
ML,POS_152949005759_1 enero 2026 - 1 mayo 2026.xlsx_190,2000015878656774,2026-07-04,undelivered_other,25990.0,PAGO,1 enero 2026 - 1 mayo 2026.xlsx,,,2026-05-27 15:01:08.333979,,ajustes,Ajuste por Falla en Entrega,True
ML,POS_152850909265_1 enero 2026 - 1 mayo 2026.xlsx_191,2000015869081800,2026-07-04,smaller_than_expected_fashion,39990.0,PAGO,1 enero 2026 - 1 mayo 2026.xlsx,,,2026-05-27 15:01:08.333979,,ajustes,Ajuste por Talla/Garantía,False
ML,POS_153051839468_1 enero 2026 - 1 mayo 2026.xlsx_192,2000015813522376,2026-07-04,repentant_buyer,55990.0,PAGO,1 enero 2026 - 1 mayo 2026.xlsx,,,2026-05-27 15:01:08.333979,,ajustes,Ajuste por Arrepentimiento,False
ML,POS_150586803958_1 enero 2026 - 1 mayo 2026.xlsx_193,2000015571283632,2026-07-04,repentant_buyer,22490.0,PAGO,1 enero 2026 - 1 mayo 2026.xlsx,,,2026-05-27 15:01:08.333979,,ajustes,Ajuste por Arrepentimiento,False
ML,POS_151497307585_1 enero 2026 - 1 mayo 2026.xlsx_194,2000015734278214,2026-07-04,repentant_buyer,26990.0,PAGO,1 enero 2026 - 1 mayo 2026.xlsx,,,2026-05-27 15:01:08.333979,,ajustes,Ajuste por Arrepentimiento,False
ML,POS_152231477632_1 enero 2026 - 1 mayo 2026.xlsx_195,2000015734269558,2026-07-04,repentant_buyer,9990.0,PAGO,1 enero 2026 - 1 mayo 2026.xlsx,,,2026-05-27 15:01:08.333979,,ajustes,Ajuste por Arrepentimiento,False
ML,POS_150723037968_1 enero 2026 - 1 mayo 2026.xlsx_196,2000015585822744,2026-07-04,repentant_buyer,26990.0,PAGO,1 enero 2026 - 1 mayo 2026.xlsx,,,2026-05-27 15:01:08.333979,,ajustes,Ajuste por Arrepentimiento,False
ML,POS_151967128291_1 enero 2026 - 1 mayo 2026.xlsx_197,2000015781144532,2026-07-04,repentant_buyer,22990.0,PAGO,1 enero 2026 - 1 mayo 2026.xlsx,,,2026-05-27 15:01:08.333979,,ajustes,Ajuste por Arrepentimiento,False
ML,POS_153484629918_1 enero 2026 - 1 mayo 2026.xlsx_198,2000015856545620,2026-07-04,estimated_delivery_out_of_time,25890.0,PAGO,1 enero 2026 - 1 mayo 2026.xlsx,,,2026-05-27 15:01:08.333979,,ajustes,Ajuste por Retraso en Entrega,True
ML,POS_152742886171_1 enero 2026 - 1 mayo 2026.xlsx_199,2000015856545620,2026-07-04,estimated_delivery_out_of_time,4100.0,PAGO,1 enero 2026 - 1 mayo 2026.xlsx,,,2026-05-27 15:01:08.333979,,ajustes,Ajuste por Retraso en Entrega,True
ML,POS_152841789673_1 enero 2026 - 1 mayo 2026.xlsx_202,2000015867618328,2026-06-04,undelivered_other,24990.0,PAGO,1 enero 2026 - 1 mayo 2026.xlsx,,,2026-05-27 15:01:08.333979,,ajustes,Ajuste por Falla en Entrega,True
ML,POS_152748218119_1 enero 2026 - 1 mayo 2026.xlsx_203,2000015857053976,2026-06-04,estimated_delivery_out_of_time,37990.0,PAGO,1 enero 2026 - 1 mayo 2026.xlsx,,,2026-05-27 15:01:08.333979,,ajustes,Ajuste por Retraso en Entrega,True
ML,POS_152748150003_1 enero 2026 - 1 mayo 2026.xlsx_204,2000015857053942,2026-06-04,estimated_delivery_out_of_time,17990.0,PAGO,1 enero 2026 - 1 mayo 2026.xlsx,,,2026-05-27 15:01:08.333979,,ajustes,Ajuste por Retraso en Entrega,True
ML,POS_153317957514_1 enero 2026 - 1 mayo 2026.xlsx_205,2000015840285440,2026-06-04,undelivered_other,26390.0,PAGO,1 enero 2026 - 1 mayo 2026.xlsx,,,2026-05-27 15:01:08.333979,,ajustes,Ajuste por Falla en Entrega,True
ML,POS_153317929870_1 enero 2026 - 1 mayo 2026.xlsx_206,2000015840287202,2026-06-04,undelivered_other,38990.0,PAGO,1 enero 2026 - 1 mayo 2026.xlsx,,,2026-05-27 15:01:08.333979,,ajustes,Ajuste por Falla en Entrega,True
ML,POS_153230108736_1 enero 2026 - 1 mayo 2026.xlsx_207,2000015832212824,2026-06-04,undelivered_other,15783.0,PAGO,1 enero 2026 - 1 mayo 2026.xlsx,,,2026-05-27 15:01:08.333979,,ajustes,Ajuste por Falla en Entrega,True
ML,POS_152489450679_1 enero 2026 - 1 mayo 2026.xlsx_209,2000015832212824,2026-06-04,undelivered_other,9207.0,PAGO,1 enero 2026 - 1 mayo 2026.xlsx,,,2026-05-27 15:01:08.333979,,ajustes,Ajuste por Falla en Entrega,True
ML,POS_152660705693_1 enero 2026 - 1 mayo 2026.xlsx_210,2000015848668062,2026-06-04,different_than_published,19190.0,PAGO,1 enero 2026 - 1 mayo 2026.xlsx,,,2026-05-27 15:01:08.333979,,ajustes,Ajuste por Diferencia de Publicación,True
ML,POS_152588941189_1 enero 2026 - 1 mayo 2026.xlsx_211,2000015841580966,2026-06-04,different_color_or_size_fashion,19590.0,PAGO,1 enero 2026 - 1 mayo 2026.xlsx,,,2026-05-27 15:01:08.333979,,ajustes,Ajuste por Diferencia de Publicación,True
ML,POS_148609482339_1 enero 2026 - 1 mayo 2026.xlsx_212,2000015442990894,2026-06-04,repentant_buyer,38990.0,PAGO,1 enero 2026 - 1 mayo 2026.xlsx,,,2026-05-27 15:01:08.333979,,ajustes,Ajuste por Arrepentimiento,False
ML,POS_152938028030_1 enero 2026 - 1 mayo 2026.xlsx_213,2000015802672026,2026-06-04,smaller_than_expected_fashion,6714.0,PAGO,1 enero 2026 - 1 mayo 2026.xlsx,,,2026-05-27 15:01:08.333979,,ajustes,Ajuste por Talla/Garantía,False
ML,POS_152938014042_1 enero 2026 - 1 mayo 2026.xlsx_214,2000015802672026,2026-06-04,smaller_than_expected_fashion,14276.0,PAGO,1 enero 2026 - 1 mayo 2026.xlsx,,,2026-05-27 15:01:08.333979,,ajustes,Ajuste por Talla/Garantía,False
ML,POS_152008164799_1 enero 2026 - 1 mayo 2026.xlsx_215,2000015785308480,2026-06-04,repentant_buyer,23990.0,PAGO,1 enero 2026 - 1 mayo 2026.xlsx,,,2026-05-27 15:01:08.333979,,ajustes,Ajuste por Arrepentimiento,False
ML,POS_152688138917_1 enero 2026 - 1 mayo 2026.xlsx_216,nan,2026-05-04,undelivered_repentant_buyer,2890.0,PAGO,1 enero 2026 - 1 mayo 2026.xlsx,,,2026-05-27 15:01:08.333979,,ajustes,Ajuste por Arrepentimiento,True
ML,POS_152688043991_1 enero 2026 - 1 mayo 2026.xlsx_217,2000015852188260,2026-05-04,undelivered_repentant_buyer,9990.0,PAGO,1 enero 2026 - 1 mayo 2026.xlsx,,,2026-05-27 15:01:08.333979,,ajustes,Ajuste por Arrepentimiento,True
ML,POS_152205207915_1 enero 2026 - 1 mayo 2026.xlsx_218,2000015803425526,2026-05-04,repentant_buyer,29990.0,PAGO,1 enero 2026 - 1 mayo 2026.xlsx,,,2026-05-27 15:01:08.333979,,ajustes,Ajuste por Arrepentimiento,False
ML,POS_152495350874_1 enero 2026 - 1 mayo 2026.xlsx_219,2000015759487216,2026-05-04,smaller_than_expected_fashion,38990.0,PAGO,1 enero 2026 - 1 mayo 2026.xlsx,,,2026-05-27 15:01:08.333979,,ajustes,Ajuste por Talla/Garantía,False
ML,POS_152461790162_1 enero 2026 - 1 mayo 2026.xlsx_220,2000015756391072,2026-05-04,repentant_buyer,21580.0,PAGO,1 enero 2026 - 1 mayo 2026.xlsx,,,2026-05-27 15:01:08.333979,,ajustes,Ajuste por Arrepentimiento,False
ML,POS_150979649306_1 enero 2026 - 1 mayo 2026.xlsx_221,2000015613253348,2026-05-04,different_than_published,17490.0,PAGO,1 enero 2026 - 1 mayo 2026.xlsx,,,2026-05-27 15:01:08.333979,,ajustes,Ajuste por Diferencia de Publicación,True
ML,POS_152419092707_1 enero 2026 - 1 mayo 2026.xlsx_236,2000015824576814,2026-03-04,undelivered_repentant_buyer,44990.0,PAGO,1 enero 2026 - 1 mayo 2026.xlsx,,,2026-05-27 15:01:08.333979,,ajustes,Ajuste por Arrepentimiento,True
ML,POS_152989539918_1 enero 2026 - 1 mayo 2026.xlsx_237,2000015807967434,2026-03-04,repentant_buyer,41990.0,PAGO,1 enero 2026 - 1 mayo 2026.xlsx,,,2026-05-27 15:01:08.333979,,ajustes,Ajuste por Arrepentimiento,False
ML,POS_151793013689_1 enero 2026 - 1 mayo 2026.xlsx_238,2000015763214406,2026-03-04,repentant_buyer,36990.0,PAGO,1 enero 2026 - 1 mayo 2026.xlsx,,,2026-05-27 15:01:08.333979,,ajustes,Ajuste por Arrepentimiento,False
ML,POS_152867096820_1 enero 2026 - 1 mayo 2026.xlsx_239,2000015796374582,2026-03-04,repentant_buyer,22990.0,PAGO,1 enero 2026 - 1 mayo 2026.xlsx,,,2026-05-27 15:01:08.333979,,ajustes,Ajuste por Arrepentimiento,False
ML,POS_149249738947_1 enero 2026 - 1 mayo 2026.xlsx_240,2000015510061872,2026-03-04,bigger_than_expected_fashion,18990.0,PAGO,1 enero 2026 - 1 mayo 2026.xlsx,,,2026-05-27 15:01:08.333979,,ajustes,Ajuste por Talla/Garantía,False
ML,POS_152371319760_1 enero 2026 - 1 mayo 2026.xlsx_241,2000015746227710,2026-03-04,repentant_buyer,29990.0,PAGO,1 enero 2026 - 1 mayo 2026.xlsx,,,2026-05-27 15:01:08.333979,,ajustes,Ajuste por Arrepentimiento,False
ML,POS_152820916666_1 enero 2026 - 1 mayo 2026.xlsx_242,2000015792209182,2026-03-04,repentant_buyer,36990.0,PAGO,1 enero 2026 - 1 mayo 2026.xlsx,,,2026-05-27 15:01:08.333979,,ajustes,Ajuste por Arrepentimiento,False
ML,POS_152395190790_1 enero 2026 - 1 mayo 2026.xlsx_243,2000015748501074,2026-03-04,repentant_buyer,36990.0,PAGO,1 enero 2026 - 1 mayo 2026.xlsx,,,2026-05-27 15:01:08.333979,,ajustes,Ajuste por Arrepentimiento,False
ML,POS_152347128543_1 enero 2026 - 1 mayo 2026.xlsx_244,2000015816704864,2026-03-04,change_receiver_address,44990.0,PAGO,1 enero 2026 - 1 mayo 2026.xlsx,,,2026-05-27 15:01:08.333979,,ajustes,Ajuste por Cambio de Dirección,True
ML,POS_152147378265_1 enero 2026 - 1 mayo 2026.xlsx_245,2000015798197520,2026-02-04,smaller_than_expected_fashion,36990.0,PAGO,1 enero 2026 - 1 mayo 2026.xlsx,,,2026-05-27 15:01:08.333979,,ajustes,Ajuste por Talla/Garantía,False
ML,POS_152094244265_1 enero 2026 - 1 mayo 2026.xlsx_246,2000015793248452,2026-02-04,repentant_buyer,26990.0,PAGO,1 enero 2026 - 1 mayo 2026.xlsx,,,2026-05-27 15:01:08.333979,,ajustes,Ajuste por Arrepentimiento,False
ML,POS_152032261135_1 enero 2026 - 1 mayo 2026.xlsx_247,2000015788273400,2026-02-04,repentant_buyer,23990.0,PAGO,1 enero 2026 - 1 mayo 2026.xlsx,,,2026-05-27 15:01:08.333979,,ajustes,Ajuste por Arrepentimiento,False
ML,POS_151256059027_1 enero 2026 - 1 mayo 2026.xlsx_248,2000015711737190,2026-02-04,repentant_buyer,36390.0,PAGO,1 enero 2026 - 1 mayo 2026.xlsx,,,2026-05-27 15:01:08.333979,,ajustes,Ajuste por Arrepentimiento,False
ML,POS_149567278235_1 enero 2026 - 1 mayo 2026.xlsx_249,2000015540772866,2026-02-04,bigger_than_expected_fashion,26990.0,PAGO,1 enero 2026 - 1 mayo 2026.xlsx,,,2026-05-27 15:01:08.333979,,ajustes,Ajuste por Talla/Garantía,False
ML,POS_150289138742_1 enero 2026 - 1 mayo 2026.xlsx_250,2000015540769918,2026-02-04,bigger_than_expected_fashion,37990.0,PAGO,1 enero 2026 - 1 mayo 2026.xlsx,,,2026-05-27 15:01:08.333979,,ajustes,Ajuste por Talla/Garantía,False
ML,POS_151787095297_1 enero 2026 - 1 mayo 2026.xlsx_251,2000015762603552,2026-02-04,repentant_buyer,35990.0,PAGO,1 enero 2026 - 1 mayo 2026.xlsx,,,2026-05-27 15:01:08.333979,,ajustes,Ajuste por Arrepentimiento,False
ML,POS_152067622368_1 enero 2026 - 1 mayo 2026.xlsx_252,2000015719811546,2026-02-04,repentant_buyer,32990.0,PAGO,1 enero 2026 - 1 mayo 2026.xlsx,,,2026-05-27 15:01:08.333979,,ajustes,Ajuste por Arrepentimiento,False
ML,POS_148827756716_1 enero 2026 - 1 mayo 2026.xlsx_253,2000015396700966,2026-02-04,repentant_buyer,34990.0,PAGO,1 enero 2026 - 1 mayo 2026.xlsx,,,2026-05-27 15:01:08.333979,,ajustes,Ajuste por Arrepentimiento,False
ML,POS_152927165128_1 enero 2026 - 1 mayo 2026.xlsx_254,2000015801356914,2026-02-04,undelivered_other,34990.0,PAGO,1 enero 2026 - 1 mayo 2026.xlsx,,,2026-05-27 15:01:08.333979,,ajustes,Ajuste por Falla en Entrega,True
ML,POS_149804974414_1 enero 2026 - 1 mayo 2026.xlsx_255,2000015491717364,2026-02-04,repentant_buyer,21990.0,PAGO,1 enero 2026 - 1 mayo 2026.xlsx,,,2026-05-27 15:01:08.333979,,ajustes,Ajuste por Arrepentimiento,False
ML,POS_151859259519_1 enero 2026 - 1 mayo 2026.xlsx_256,2000015769953566,2026-01-04,repentant_buyer,34990.0,PAGO,1 enero 2026 - 1 mayo 2026.xlsx,,,2026-05-27 15:01:08.333979,,ajustes,Ajuste por Arrepentimiento,False
ML,POS_152595461458_1 enero 2026 - 1 mayo 2026.xlsx_257,2000015769957182,2026-01-04,repentant_buyer,39990.0,PAGO,1 enero 2026 - 1 mayo 2026.xlsx,,,2026-05-27 15:01:08.333979,,ajustes,Ajuste por Arrepentimiento,False
ML,POS_151859301371_1 enero 2026 - 1 mayo 2026.xlsx_258,2000015769951798,2026-01-04,repentant_buyer,32990.0,PAGO,1 enero 2026 - 1 mayo 2026.xlsx,,,2026-05-27 15:01:08.333979,,ajustes,Ajuste por Arrepentimiento,False
ML,POS_152416845508_1 enero 2026 - 1 mayo 2026.xlsx_259,2000015750685748,2026-01-04,repentant_buyer,36990.0,PAGO,1 enero 2026 - 1 mayo 2026.xlsx,,,2026-05-27 15:01:08.333979,,ajustes,Ajuste por Arrepentimiento,False
ML,POS_152810725084_1 enero 2026 - 1 mayo 2026.xlsx_260,2000015791334972,2026-01-04,smaller_than_expected_fashion,35990.0,PAGO,1 enero 2026 - 1 mayo 2026.xlsx,,,2026-05-27 15:01:08.333979,,ajustes,Ajuste por Talla/Garantía,False
ML,POS_151801558059_1 enero 2026 - 1 mayo 2026.xlsx_261,2000015764138552,2026-01-04,repentant_buyer,20152.0,PAGO,1 enero 2026 - 1 mayo 2026.xlsx,,,2026-05-27 15:01:08.333979,,ajustes,Ajuste por Arrepentimiento,False
ML,POS_151871955181_1 enero 2026 - 1 mayo 2026.xlsx_264,2000015771709782,2026-01-04,different_item_other,36990.0,PAGO,1 enero 2026 - 1 mayo 2026.xlsx,,,2026-05-27 15:01:08.333979,,ajustes,Ajuste por Diferencia de Publicación,True
ML,POS_152537670550_1 enero 2026 - 1 mayo 2026.xlsx_265,2000015764101616,2026-01-04,bigger_than_expected_fashion,35990.0,PAGO,1 enero 2026 - 1 mayo 2026.xlsx,,,2026-05-27 15:01:08.333979,,ajustes,Ajuste por Talla/Garantía,False
ML,POS_152384025206_1 enero 2026 - 1 mayo 2026.xlsx_266,2000015747349634,2026-01-04,smaller_than_expected_fashion,20790.0,PAGO,1 enero 2026 - 1 mayo 2026.xlsx,,,2026-05-27 15:01:08.333979,,ajustes,Ajuste por Talla/Garantía,False
ML,POS_151880901353_1 enero 2026 - 1 mayo 2026.xlsx_267,2000015773215212,2026-01-04,bigger_than_expected_fashion,34990.0,PAGO,1 enero 2026 - 1 mayo 2026.xlsx,,,2026-05-27 15:01:08.333979,,ajustes,Ajuste por Talla/Garantía,False
ML,POS_151713225557_1 enero 2026 - 1 mayo 2026.xlsx_268,2000015754731234,2026-01-04,repentant_buyer,27990.0,PAGO,1 enero 2026 - 1 mayo 2026.xlsx,,,2026-05-27 15:01:08.333979,,ajustes,Ajuste por Arrepentimiento,False
ML,POS_151713243279_1 enero 2026 - 1 mayo 2026.xlsx_269,2000015754733246,2026-01-04,repentant_buyer,31990.0,PAGO,1 enero 2026 - 1 mayo 2026.xlsx,,,2026-05-27 15:01:08.333979,,ajustes,Ajuste por Arrepentimiento,False
ML,POS_149926999062_1 enero 2026 - 1 mayo 2026.xlsx_388,2000015505275334,2026-12-03,smaller_than_expected_fashion,28990.0,PAGO,1 enero 2026 - 1 mayo 2026.xlsx,,,2026-05-27 15:01:08.333979,,ajustes,Ajuste por Talla/Garantía,False
ML,POS_147678943921_1 enero 2026 - 1 mayo 2026.xlsx_389,2000015346967822,2026-12-03,bigger_than_expected_fashion,16990.0,PAGO,1 enero 2026 - 1 mayo 2026.xlsx,,,2026-05-27 15:01:08.333979,,ajustes,Ajuste por Talla/Garantía,False
ML,POS_148343955091_1 enero 2026 - 1 mayo 2026.xlsx_390,2000015420726100,2026-11-03,smaller_than_expected_fashion,9990.0,PAGO,1 enero 2026 - 1 mayo 2026.xlsx,,,2026-05-27 15:01:08.333979,,ajustes,Ajuste por Talla/Garantía,False
ML,POS_148715071879_1 enero 2026 - 1 mayo 2026.xlsx_391,2000015451907662,2026-11-03,repentant_buyer,35990.0,PAGO,1 enero 2026 - 1 mayo 2026.xlsx,,,2026-05-27 15:01:08.333979,,ajustes,Ajuste por Arrepentimiento,False
ML,POS_147964208123_1 enero 2026 - 1 mayo 2026.xlsx_392,2000015378839132,2026-11-03,repentant_buyer,39990.0,PAGO,1 enero 2026 - 1 mayo 2026.xlsx,,,2026-05-27 15:01:08.333979,,ajustes,Ajuste por Arrepentimiento,False
ML,POS_149440076922_1 enero 2026 - 1 mayo 2026.xlsx_393,2000015452654296,2026-11-03,repentant_buyer,11990.0,PAGO,1 enero 2026 - 1 mayo 2026.xlsx,,,2026-05-27 15:01:08.333979,,ajustes,Ajuste por Arrepentimiento,False
ML,POS_149440088842_1 enero 2026 - 1 mayo 2026.xlsx_394,2000015452654300,2026-11-03,repentant_buyer,24990.0,PAGO,1 enero 2026 - 1 mayo 2026.xlsx,,,2026-05-27 15:01:08.333979,,ajustes,Ajuste por Arrepentimiento,False
ML,POS_149752866792_1 enero 2026 - 1 mayo 2026.xlsx_395,2000015486241240,2026-11-03,smaller_than_expected_fashion,29990.0,PAGO,1 enero 2026 - 1 mayo 2026.xlsx,,,2026-05-27 15:01:08.333979,,ajustes,Ajuste por Talla/Garantía,False
ML,POS_148395772303_1 enero 2026 - 1 mayo 2026.xlsx_396,2000015424786778,2026-11-03,smaller_than_expected_fashion,59940.0,PAGO,1 enero 2026 - 1 mayo 2026.xlsx,,,2026-05-27 15:01:08.333979,,ajustes,Ajuste por Talla/Garantía,False
ML,POS_149442707632_1 enero 2026 - 1 mayo 2026.xlsx_397,2000015452952282,2026-11-03,repentant_buyer,2990.0,PAGO,1 enero 2026 - 1 mayo 2026.xlsx,,,2026-05-27 15:01:08.333979,,ajustes,Ajuste por Arrepentimiento,False
ML,POS_149442695710_1 enero 2026 - 1 mayo 2026.xlsx_398,2000015452952282,2026-11-03,repentant_buyer,29000.0,PAGO,1 enero 2026 - 1 mayo 2026.xlsx,,,2026-05-27 15:01:08.333979,,ajustes,Ajuste por Arrepentimiento,False
ML,POS_148699521147_1 enero 2026 - 1 mayo 2026.xlsx_399,2000015450593682,2026-10-03,repentant_buyer,29990.0,PAGO,1 enero 2026 - 1 mayo 2026.xlsx,,,2026-05-27 15:01:08.333979,,ajustes,Ajuste por Arrepentimiento,False
ML,POS_148870917029_1 enero 2026 - 1 mayo 2026.xlsx_400,2000015468555792,2026-10-03,repentant_buyer,37990.0,PAGO,1 enero 2026 - 1 mayo 2026.xlsx,,,2026-05-27 15:01:08.333979,,ajustes,Ajuste por Arrepentimiento,False
ML,POS_148420225989_1 enero 2026 - 1 mayo 2026.xlsx_401,2000015426929356,2026-10-03,repentant_buyer,16093.0,PAGO,1 enero 2026 - 1 mayo 2026.xlsx,,,2026-05-27 15:01:08.333979,,ajustes,Ajuste por Arrepentimiento,False
ML,POS_148666904245_1 enero 2026 - 1 mayo 2026.xlsx_402,2000015447708540,2026-10-03,repentant_buyer,22990.0,PAGO,1 enero 2026 - 1 mayo 2026.xlsx,,,2026-05-27 15:01:08.333979,,ajustes,Ajuste por Arrepentimiento,False
ML,POS_147438828775_1 enero 2026 - 1 mayo 2026.xlsx_403,2000015325619890,2026-10-03,repentant_buyer,44990.0,PAGO,1 enero 2026 - 1 mayo 2026.xlsx,,,2026-05-27 15:01:08.333979,,ajustes,Ajuste por Arrepentimiento,False
ML,POS_148722999973_1 enero 2026 - 1 mayo 2026.xlsx_404,2000015452653032,2026-10-03,different_color_or_size_fashion,29990.0,PAGO,1 enero 2026 - 1 mayo 2026.xlsx,,,2026-05-27 15:01:08.333979,,ajustes,Ajuste por Diferencia de Publicación,True
ML,POS_145892848691_1 enero 2026 - 1 mayo 2026.xlsx_405,2000015176418682,2026-09-03,smaller_than_expected_fashion,11990.0,PAGO,1 enero 2026 - 1 mayo 2026.xlsx,,,2026-05-27 15:01:08.333979,,ajustes,Ajuste por Talla/Garantía,False
ML,POS_148870774879_1 enero 2026 - 1 mayo 2026.xlsx_406,2000015468543078,2026-09-03,estimated_delivery_out_of_time,24990.0,PAGO,1 enero 2026 - 1 mayo 2026.xlsx,,,2026-05-27 15:01:08.333979,,ajustes,Ajuste por Retraso en Entrega,True
ML,POS_148906352114_1 enero 2026 - 1 mayo 2026.xlsx_407,2000015406002706,2026-09-03,repentant_buyer,42390.0,PAGO,1 enero 2026 - 1 mayo 2026.xlsx,,,2026-05-27 15:01:08.333979,,ajustes,Ajuste por Arrepentimiento,False
ML,POS_148906338204_1 enero 2026 - 1 mayo 2026.xlsx_408,2000015406002706,2026-09-03,repentant_buyer,2600.0,PAGO,1 enero 2026 - 1 mayo 2026.xlsx,,,2026-05-27 15:01:08.333979,,ajustes,Ajuste por Arrepentimiento,False
ML,POS_149017916630_1 enero 2026 - 1 mayo 2026.xlsx_411,2000015416406402,2026-08-03,smaller_than_expected_fashion,31990.0,PAGO,1 enero 2026 - 1 mayo 2026.xlsx,,,2026-05-27 15:01:08.333979,,ajustes,Ajuste por Talla/Garantía,False
ML,POS_148223015329_1 enero 2026 - 1 mayo 2026.xlsx_412,2000015408051634,2026-08-03,repentant_buyer,29990.0,PAGO,1 enero 2026 - 1 mayo 2026.xlsx,,,2026-05-27 15:01:08.333979,,ajustes,Ajuste por Arrepentimiento,False
ML,POS_148937323396_1 enero 2026 - 1 mayo 2026.xlsx_413,2000015408054866,2026-08-03,repentant_buyer,29990.0,PAGO,1 enero 2026 - 1 mayo 2026.xlsx,,,2026-05-27 15:01:08.333979,,ajustes,Ajuste por Arrepentimiento,False
ML,POS_145928761748_1 enero 2026 - 1 mayo 2026.xlsx_414,2000015118465830,2026-08-03,repentant_buyer,27990.0,PAGO,1 enero 2026 - 1 mayo 2026.xlsx,,,2026-05-27 15:01:08.333979,,ajustes,Ajuste por Arrepentimiento,False
ML,POS_146464787909_1 enero 2026 - 1 mayo 2026.xlsx_415,2000015233105778,2026-07-03,repentant_buyer,27990.0,PAGO,1 enero 2026 - 1 mayo 2026.xlsx,,,2026-05-27 15:01:08.333979,,ajustes,Ajuste por Arrepentimiento,False
ML,POS_145769061622_1 enero 2026 - 1 mayo 2026.xlsx_416,2000015102268970,2026-07-03,bigger_than_expected_fashion,43990.0,PAGO,1 enero 2026 - 1 mayo 2026.xlsx,,,2026-05-27 15:01:08.333979,,ajustes,Ajuste por Talla/Garantía,False
ML,POS_148345787147_1 enero 2026 - 1 mayo 2026.xlsx_417,2000015420975474,2026-06-03,repentant_buyer,29990.0,PAGO,1 enero 2026 - 1 mayo 2026.xlsx,,,2026-05-27 15:01:08.333979,,ajustes,Ajuste por Arrepentimiento,False
ML,POS_148842160202_1 enero 2026 - 1 mayo 2026.xlsx_418,2000015398595846,2026-06-03,bigger_than_expected_fashion,13990.0,PAGO,1 enero 2026 - 1 mayo 2026.xlsx,,,2026-05-27 15:01:08.333979,,ajustes,Ajuste por Talla/Garantía,False
ML,POS_149017916630_1 enero 2026 - 1 mayo 2026.xlsx_419,2000015416406402,2026-06-03,delivered_but_not_receive_package,31990.0,PAGO,1 enero 2026 - 1 mayo 2026.xlsx,,,2026-05-27 15:01:08.333979,,ajustes,Ajuste por Falla en Entrega,True
ML,POS_148167910603_1 enero 2026 - 1 mayo 2026.xlsx_420,2000015402609836,2026-06-03,repentant_buyer,28990.0,PAGO,1 enero 2026 - 1 mayo 2026.xlsx,,,2026-05-27 15:01:08.333979,,ajustes,Ajuste por Arrepentimiento,False
ML,POS_148595221094_1 enero 2026 - 1 mayo 2026.xlsx_421,2000015369570266,2026-06-03,smaller_than_expected_fashion,44618.0,PAGO,1 enero 2026 - 1 mayo 2026.xlsx,,,2026-05-27 15:01:08.333979,,ajustes,Ajuste por Talla/Garantía,False
ML,POS_147883288237_1 enero 2026 - 1 mayo 2026.xlsx_422,2000015369570266,2026-06-03,smaller_than_expected_fashion,2372.0,PAGO,1 enero 2026 - 1 mayo 2026.xlsx,,,2026-05-27 15:01:08.333979,,ajustes,Ajuste por Talla/Garantía,False
ML,POS_148444470402_1 enero 2026 - 1 mayo 2026.xlsx_423,2000015354019868,2026-06-03,repentant_buyer,34990.0,PAGO,1 enero 2026 - 1 mayo 2026.xlsx,,,2026-05-27 15:01:08.333979,,ajustes,Ajuste por Arrepentimiento,False
ML,POS_148345543057_1 enero 2026 - 1 mayo 2026.xlsx_424,2000015420935956,2026-06-03,undelivered_repentant_buyer,15990.0,PAGO,1 enero 2026 - 1 mayo 2026.xlsx,,,2026-05-27 15:01:08.333979,,ajustes,Ajuste por Arrepentimiento,True
ML,POS_149060846658_1 enero 2026 - 1 mayo 2026.xlsx_425,2000015420935958,2026-06-03,undelivered_repentant_buyer,34990.0,PAGO,1 enero 2026 - 1 mayo 2026.xlsx,,,2026-05-27 15:01:08.333979,,ajustes,Ajuste por Arrepentimiento,True
ML,POS_148719984250_1 enero 2026 - 1 mayo 2026.xlsx_426,2000015384342178,2026-05-03,repentant_buyer,19990.0,PAGO,1 enero 2026 - 1 mayo 2026.xlsx,,,2026-05-27 15:01:08.333979,,ajustes,Ajuste por Arrepentimiento,False
ML,POS_148243450579_1 enero 2026 - 1 mayo 2026.xlsx_427,2000015410128230,2026-05-03,different_than_published,44990.0,PAGO,1 enero 2026 - 1 mayo 2026.xlsx,,,2026-05-27 15:01:08.333979,,ajustes,Ajuste por Diferencia de Publicación,True
ML,POS_145892916291_1 enero 2026 - 1 mayo 2026.xlsx_428,2000015176408936,2026-05-03,broken_item_fashion,13990.0,PAGO,1 enero 2026 - 1 mayo 2026.xlsx,,,2026-05-27 15:01:08.333979,,ajustes,Ajuste por Producto Dañado/Vacío,False
ML,POS_148998931580_1 enero 2026 - 1 mayo 2026.xlsx_429,2000015414625890,2026-05-03,undelivered_repentant_buyer,18990.0,PAGO,1 enero 2026 - 1 mayo 2026.xlsx,,,2026-05-27 15:01:08.333979,,ajustes,Ajuste por Arrepentimiento,True
ML,POS_147726091245_1 enero 2026 - 1 mayo 2026.xlsx_430,2000015353016914,2026-05-03,repentant_buyer,38990.0,PAGO,1 enero 2026 - 1 mayo 2026.xlsx,,,2026-05-27 15:01:08.333979,,ajustes,Ajuste por Arrepentimiento,False
ML,POS_148064185569_1 enero 2026 - 1 mayo 2026.xlsx_431,2000015391084444,2026-05-03,repentant_buyer,29990.0,PAGO,1 enero 2026 - 1 mayo 2026.xlsx,,,2026-05-27 15:01:08.333979,,ajustes,Ajuste por Arrepentimiento,False
ML,POS_148542201744_1 enero 2026 - 1 mayo 2026.xlsx_432,2000015363383470,2026-05-03,repentant_buyer,29990.0,PAGO,1 enero 2026 - 1 mayo 2026.xlsx,,,2026-05-27 15:01:08.333979,,ajustes,Ajuste por Arrepentimiento,False
ML,POS_147312853989_1 enero 2026 - 1 mayo 2026.xlsx_433,2000015314558146,2026-04-03,repentant_buyer,29990.0,PAGO,1 enero 2026 - 1 mayo 2026.xlsx,,,2026-05-27 15:01:08.333979,,ajustes,Ajuste por Arrepentimiento,False
ML,POS_147723764487_1 enero 2026 - 1 mayo 2026.xlsx_435,2000015352681130,2026-04-03,smaller_than_expected_fashion,9990.0,PAGO,1 enero 2026 - 1 mayo 2026.xlsx,,,2026-05-27 15:01:08.333979,,ajustes,Ajuste por Talla/Garantía,False
ML,POS_147723754665_1 enero 2026 - 1 mayo 2026.xlsx_436,2000015352686440,2026-04-03,smaller_than_expected_fashion,9990.0,PAGO,1 enero 2026 - 1 mayo 2026.xlsx,,,2026-05-27 15:01:08.333979,,ajustes,Ajuste por Talla/Garantía,False
ML,POS_148120845749_1 enero 2026 - 1 mayo 2026.xlsx_437,2000015397666892,2026-04-03,undelivered_other,34990.0,PAGO,1 enero 2026 - 1 mayo 2026.xlsx,,,2026-05-27 15:01:08.333979,,ajustes,Ajuste por Falla en Entrega,True
ML,POS_147801308008_1 enero 2026 - 1 mayo 2026.xlsx_438,2000015298063824,2026-04-03,repentant_buyer,44990.0,PAGO,1 enero 2026 - 1 mayo 2026.xlsx,,,2026-05-27 15:01:08.333979,,ajustes,Ajuste por Arrepentimiento,False
ML,POS_147096998717_1 enero 2026 - 1 mayo 2026.xlsx_439,2000015298063826,2026-04-03,repentant_buyer,26990.0,PAGO,1 enero 2026 - 1 mayo 2026.xlsx,,,2026-05-27 15:01:08.333979,,ajustes,Ajuste por Arrepentimiento,False
ML,POS_146627922079_1 enero 2026 - 1 mayo 2026.xlsx_440,2000015247699956,2026-04-03,different_color_or_size_fashion,23990.0,PAGO,1 enero 2026 - 1 mayo 2026.xlsx,,,2026-05-27 15:01:08.333979,,ajustes,Ajuste por Diferencia de Publicación,True
ML,POS_147678943921_1 enero 2026 - 1 mayo 2026.xlsx_450,2000015346967822,2026-02-03,bigger_than_expected_fashion,16990.0,PAGO,1 enero 2026 - 1 mayo 2026.xlsx,,,2026-05-27 15:01:08.333979,,ajustes,Ajuste por Talla/Garantía,False
ML,POS_147089384869_1 enero 2026 - 1 mayo 2026.xlsx_451,2000015297056210,2026-02-03,repentant_buyer,12990.0,PAGO,1 enero 2026 - 1 mayo 2026.xlsx,,,2026-05-27 15:01:08.333979,,ajustes,Ajuste por Arrepentimiento,False
ML,POS_148376198282_1 enero 2026 - 1 mayo 2026.xlsx_452,2000015345363720,2026-02-03,repentant_buyer,29990.0,PAGO,1 enero 2026 - 1 mayo 2026.xlsx,,,2026-05-27 15:01:08.333979,,ajustes,Ajuste por Arrepentimiento,False
ML,POS_148024541314_1 enero 2026 - 1 mayo 2026.xlsx_453,2000015314933182,2026-02-03,smaller_than_expected_fashion,27990.0,PAGO,1 enero 2026 - 1 mayo 2026.xlsx,,,2026-05-27 15:01:08.333979,,ajustes,Ajuste por Talla/Garantía,False
ML,POS_148024577428_1 enero 2026 - 1 mayo 2026.xlsx_454,2000015314933172,2026-02-03,smaller_than_expected_fashion,13990.0,PAGO,1 enero 2026 - 1 mayo 2026.xlsx,,,2026-05-27 15:01:08.333979,,ajustes,Ajuste por Talla/Garantía,False
ML,POS_146988517191_1 enero 2026 - 1 mayo 2026.xlsx_455,2000015285724446,2026-02-03,missing_item,14990.0,PAGO,1 enero 2026 - 1 mayo 2026.xlsx,,,2026-05-27 15:01:08.333979,,ajustes,Ajuste por Ítem Faltante,True
ML,POS_146623186381_1 enero 2026 - 1 mayo 2026.xlsx_456,2000015247110976,2026-02-03,repentant_buyer,29990.0,PAGO,1 enero 2026 - 1 mayo 2026.xlsx,,,2026-05-27 15:01:08.333979,,ajustes,Ajuste por Arrepentimiento,False
ML,POS_147301320289_1 enero 2026 - 1 mayo 2026.xlsx_457,2000015312990576,2026-02-03,respondent_unanswered,722.0,PAGO,1 enero 2026 - 1 mayo 2026.xlsx,,,2026-05-27 15:01:08.333979,,ajustes,Ajuste por Disputa no Respondida,True
ML,POS_148010062864_1 enero 2026 - 1 mayo 2026.xlsx_458,2000015312990576,2026-02-03,respondent_unanswered,25268.0,PAGO,1 enero 2026 - 1 mayo 2026.xlsx,,,2026-05-27 15:01:08.333979,,ajustes,Ajuste por Disputa no Respondida,True
ML,POS_147302864793_1 enero 2026 - 1 mayo 2026.xlsx_459,2000015312990576,2026-02-03,respondent_unanswered,722.0,PAGO,1 enero 2026 - 1 mayo 2026.xlsx,,,2026-05-27 15:01:08.333979,,ajustes,Ajuste por Disputa no Respondida,True
ML,POS_147302791415_1 enero 2026 - 1 mayo 2026.xlsx_460,2000015312990576,2026-02-03,respondent_unanswered,25268.0,PAGO,1 enero 2026 - 1 mayo 2026.xlsx,,,2026-05-27 15:01:08.333979,,ajustes,Ajuste por Disputa no Respondida,True
ML,POS_148002913358_1 enero 2026 - 1 mayo 2026.xlsx_461,2000015312257608,2026-01-03,repentant_buyer,26990.0,PAGO,1 enero 2026 - 1 mayo 2026.xlsx,,,2026-05-27 15:01:08.333979,,ajustes,Ajuste por Arrepentimiento,False
ML,POS_147294278181_1 enero 2026 - 1 mayo 2026.xlsx_462,2000015312251950,2026-01-03,repentant_buyer,37990.0,PAGO,1 enero 2026 - 1 mayo 2026.xlsx,,,2026-05-27 15:01:08.333979,,ajustes,Ajuste por Arrepentimiento,False
ML,POS_147077846791_1 enero 2026 - 1 mayo 2026.xlsx_463,2000015295540044,2026-01-03,repentant_buyer,34990.0,PAGO,1 enero 2026 - 1 mayo 2026.xlsx,,,2026-05-27 15:01:08.333979,,ajustes,Ajuste por Arrepentimiento,False
ML,POS_147090318693_1 enero 2026 - 1 mayo 2026.xlsx_464,2000015297185350,2026-01-03,repentant_buyer,49990.0,PAGO,1 enero 2026 - 1 mayo 2026.xlsx,,,2026-05-27 15:01:08.333979,,ajustes,Ajuste por Arrepentimiento,False
ML,POS_148087846172_1 enero 2026 - 1 mayo 2026.xlsx_465,2000015320008768,2026-01-03,undelivered_other,22990.0,PAGO,1 enero 2026 - 1 mayo 2026.xlsx,,,2026-05-27 15:01:08.333979,,ajustes,Ajuste por Falla en Entrega,True
ML,POS_148087723028_1 enero 2026 - 1 mayo 2026.xlsx_466,2000015320008766,2026-01-03,undelivered_other,13990.0,PAGO,1 enero 2026 - 1 mayo 2026.xlsx,,,2026-05-27 15:01:08.333979,,ajustes,Ajuste por Falla en Entrega,True
ML,POS_141969888008_1 enero 2026 - 1 mayo 2026.xlsx_544,2000014707353412,2026-12-02,smaller_than_expected_fashion,34990.0,PAGO,1 enero 2026 - 1 mayo 2026.xlsx,,,2026-05-27 15:01:08.333979,,ajustes,Ajuste por Talla/Garantía,False
ML,POS_145139015989_1 enero 2026 - 1 mayo 2026.xlsx_545,2000015108044912,2026-12-02,repentant_buyer,13990.0,PAGO,1 enero 2026 - 1 mayo 2026.xlsx,,,2026-05-27 15:01:08.333979,,ajustes,Ajuste por Arrepentimiento,False
ML,POS_144051029525_1 enero 2026 - 1 mayo 2026.xlsx_546,2000014997226954,2026-12-02,smaller_than_expected_fashion,38990.0,PAGO,1 enero 2026 - 1 mayo 2026.xlsx,,,2026-05-27 15:01:08.333979,,ajustes,Ajuste por Talla/Garantía,False
ML,POS_144914584557_1 enero 2026 - 1 mayo 2026.xlsx_547,2000015084930710,2026-12-02,repentant_buyer,22990.0,PAGO,1 enero 2026 - 1 mayo 2026.xlsx,,,2026-05-27 15:01:08.333979,,ajustes,Ajuste por Arrepentimiento,False
ML,POS_144082714823_1 enero 2026 - 1 mayo 2026.xlsx_548,2000014999657092,2026-12-02,repentant_buyer,38990.0,PAGO,1 enero 2026 - 1 mayo 2026.xlsx,,,2026-05-27 15:01:08.333979,,ajustes,Ajuste por Arrepentimiento,False
ML,POS_142740328441_1 enero 2026 - 1 mayo 2026.xlsx_549,2000014853712202,2026-12-02,repentant_buyer,28990.0,PAGO,1 enero 2026 - 1 mayo 2026.xlsx,,,2026-05-27 15:01:08.333979,,ajustes,Ajuste por Arrepentimiento,False
ML,POS_145203193135_1 enero 2026 - 1 mayo 2026.xlsx_550,2000015115037838,2026-11-02,undelivered_repentant_buyer,17990.0,PAGO,1 enero 2026 - 1 mayo 2026.xlsx,,,2026-05-27 15:01:08.333979,,ajustes,Ajuste por Arrepentimiento,True
ML,POS_145169792730_1 enero 2026 - 1 mayo 2026.xlsx_551,2000015040089400,2026-11-02,repentant_buyer,29990.0,PAGO,1 enero 2026 - 1 mayo 2026.xlsx,,,2026-05-27 15:01:08.333979,,ajustes,Ajuste por Arrepentimiento,False
ML,POS_145405963506_1 enero 2026 - 1 mayo 2026.xlsx_552,2000015062447538,2026-11-02,smaller_than_expected_fashion,38990.0,PAGO,1 enero 2026 - 1 mayo 2026.xlsx,,,2026-05-27 15:01:08.333979,,ajustes,Ajuste por Talla/Garantía,False
ML,POS_145201384909_1 enero 2026 - 1 mayo 2026.xlsx_553,2000015114842938,2026-11-02,undelivered_repentant_buyer,17990.0,PAGO,1 enero 2026 - 1 mayo 2026.xlsx,,,2026-05-27 15:01:08.333979,,ajustes,Ajuste por Arrepentimiento,True
ML,POS_145889122974_1 enero 2026 - 1 mayo 2026.xlsx_554,2000015114473372,2026-11-02,undelivered_repentant_buyer,17990.0,PAGO,1 enero 2026 - 1 mayo 2026.xlsx,,,2026-05-27 15:01:08.333979,,ajustes,Ajuste por Arrepentimiento,True
ML,POS_145198299593_1 enero 2026 - 1 mayo 2026.xlsx_555,nan,2026-11-02,undelivered_repentant_buyer,3990.0,PAGO,1 enero 2026 - 1 mayo 2026.xlsx,,,2026-05-27 15:01:08.333979,,ajustes,Ajuste por Arrepentimiento,True
ML,POS_145886517244_1 enero 2026 - 1 mayo 2026.xlsx_556,2000015114191434,2026-11-02,undelivered_other,17990.0,PAGO,1 enero 2026 - 1 mayo 2026.xlsx,,,2026-05-27 15:01:08.333979,,ajustes,Ajuste por Falla en Entrega,True
ML,POS_145103158621_1 enero 2026 - 1 mayo 2026.xlsx_557,2000015104142240,2026-11-02,bigger_than_expected_fashion,34990.0,PAGO,1 enero 2026 - 1 mayo 2026.xlsx,,,2026-05-27 15:01:08.333979,,ajustes,Ajuste por Talla/Garantía,False
ML,POS_143246524027_1 enero 2026 - 1 mayo 2026.xlsx_558,2000014910663014,2026-11-02,repentant_buyer,24990.0,PAGO,1 enero 2026 - 1 mayo 2026.xlsx,,,2026-05-27 15:01:08.333979,,ajustes,Ajuste por Arrepentimiento,False
ML,POS_144691359013_1 enero 2026 - 1 mayo 2026.xlsx_559,2000015058922024,2026-10-02,repentant_buyer,32990.0,PAGO,1 enero 2026 - 1 mayo 2026.xlsx,,,2026-05-27 15:01:08.333979,,ajustes,Ajuste por Arrepentimiento,False
ML,POS_143280095843_1 enero 2026 - 1 mayo 2026.xlsx_560,2000014913320356,2026-10-02,bigger_than_expected_fashion,38990.0,PAGO,1 enero 2026 - 1 mayo 2026.xlsx,,,2026-05-27 15:01:08.333979,,ajustes,Ajuste por Talla/Garantía,False
ML,POS_143280368573_1 enero 2026 - 1 mayo 2026.xlsx_561,2000014913313976,2026-10-02,bigger_than_expected_fashion,26990.0,PAGO,1 enero 2026 - 1 mayo 2026.xlsx,,,2026-05-27 15:01:08.333979,,ajustes,Ajuste por Talla/Garantía,False
ML,POS_143280211357_1 enero 2026 - 1 mayo 2026.xlsx_562,2000014913319264,2026-10-02,bigger_than_expected_fashion,37990.0,PAGO,1 enero 2026 - 1 mayo 2026.xlsx,,,2026-05-27 15:01:08.333979,,ajustes,Ajuste por Talla/Garantía,False
ML,POS_143957764466_1 enero 2026 - 1 mayo 2026.xlsx_563,2000014913320354,2026-10-02,bigger_than_expected_fashion,26990.0,PAGO,1 enero 2026 - 1 mayo 2026.xlsx,,,2026-05-27 15:01:08.333979,,ajustes,Ajuste por Talla/Garantía,False
ML,POS_143280272925_1 enero 2026 - 1 mayo 2026.xlsx_564,2000014913319262,2026-10-02,bigger_than_expected_fashion,38990.0,PAGO,1 enero 2026 - 1 mayo 2026.xlsx,,,2026-05-27 15:01:08.333979,,ajustes,Ajuste por Talla/Garantía,False
ML,POS_145204560568_1 enero 2026 - 1 mayo 2026.xlsx_565,2000015043416938,2026-10-02,repentant_buyer,28990.0,PAGO,1 enero 2026 - 1 mayo 2026.xlsx,,,2026-05-27 15:01:08.333979,,ajustes,Ajuste por Arrepentimiento,False
ML,POS_144241427966_1 enero 2026 - 1 mayo 2026.xlsx_566,2000014941254480,2026-10-02,smaller_than_expected_fashion,34990.0,PAGO,1 enero 2026 - 1 mayo 2026.xlsx,,,2026-05-27 15:01:08.333979,,ajustes,Ajuste por Talla/Garantía,False
ML,POS_144396398767_1 enero 2026 - 1 mayo 2026.xlsx_567,2000015032378902,2026-10-02,smaller_than_expected_fashion,28990.0,PAGO,1 enero 2026 - 1 mayo 2026.xlsx,,,2026-05-27 15:01:08.333979,,ajustes,Ajuste por Talla/Garantía,False
ML,POS_145138825532_1 enero 2026 - 1 mayo 2026.xlsx_568,2000015037812686,2026-10-02,repentant_buyer,27990.0,PAGO,1 enero 2026 - 1 mayo 2026.xlsx,,,2026-05-27 15:01:08.333979,,ajustes,Ajuste por Arrepentimiento,False
ML,POS_144341912333_1 enero 2026 - 1 mayo 2026.xlsx_569,2000015028030572,2026-09-02,repentant_buyer,20990.0,PAGO,1 enero 2026 - 1 mayo 2026.xlsx,,,2026-05-27 15:01:08.333979,,ajustes,Ajuste por Arrepentimiento,False
ML,POS_144375246876_1 enero 2026 - 1 mayo 2026.xlsx_570,2000014953302086,2026-09-02,smaller_than_expected_fashion,37990.0,PAGO,1 enero 2026 - 1 mayo 2026.xlsx,,,2026-05-27 15:01:08.333979,,ajustes,Ajuste por Talla/Garantía,False
ML,POS_143145940795_1 enero 2026 - 1 mayo 2026.xlsx_571,2000014898880712,2026-09-02,repentant_buyer,25990.0,PAGO,1 enero 2026 - 1 mayo 2026.xlsx,,,2026-05-27 15:01:08.333979,,ajustes,Ajuste por Arrepentimiento,False
ML,POS_142766231759_1 enero 2026 - 1 mayo 2026.xlsx_572,2000014856213628,2026-08-02,repentant_buyer,34990.0,PAGO,1 enero 2026 - 1 mayo 2026.xlsx,,,2026-05-27 15:01:08.333979,,ajustes,Ajuste por Arrepentimiento,False
ML,POS_140957523149_1 enero 2026 - 1 mayo 2026.xlsx_573,2000014669252606,2026-08-02,repentant_buyer,29990.0,PAGO,1 enero 2026 - 1 mayo 2026.xlsx,,,2026-05-27 15:01:08.333979,,ajustes,Ajuste por Arrepentimiento,False
ML,POS_141997168991_1 enero 2026 - 1 mayo 2026.xlsx_574,2000014776892918,2026-08-02,repentant_buyer,15990.0,PAGO,1 enero 2026 - 1 mayo 2026.xlsx,,,2026-05-27 15:01:08.333979,,ajustes,Ajuste por Arrepentimiento,False
ML,POS_143656067701_1 enero 2026 - 1 mayo 2026.xlsx_575,2000014949347720,2026-08-02,repentant_buyer,29990.0,PAGO,1 enero 2026 - 1 mayo 2026.xlsx,,,2026-05-27 15:01:08.333979,,ajustes,Ajuste por Arrepentimiento,False
ML,POS_144718041231_1 enero 2026 - 1 mayo 2026.xlsx_576,2000015062306092,2026-08-02,undelivered_repentant_buyer,34990.0,PAGO,1 enero 2026 - 1 mayo 2026.xlsx,,,2026-05-27 15:01:08.333979,,ajustes,Ajuste por Arrepentimiento,True
ML,POS_144623399559_1 enero 2026 - 1 mayo 2026.xlsx_577,2000015052499982,2026-07-02,undelivered_repentant_buyer,26990.0,PAGO,1 enero 2026 - 1 mayo 2026.xlsx,,,2026-05-27 15:01:08.333979,,ajustes,Ajuste por Arrepentimiento,True
ML,POS_140682048427_1 enero 2026 - 1 mayo 2026.xlsx_578,2000014643460832,2026-07-02,broken_item_fashion,24990.0,PAGO,1 enero 2026 - 1 mayo 2026.xlsx,,,2026-05-27 15:01:08.333979,,ajustes,Ajuste por Producto Dañado/Vacío,False
ML,POS_143847803433_1 enero 2026 - 1 mayo 2026.xlsx_579,2000014972784660,2026-07-02,repentant_buyer,24990.0,PAGO,1 enero 2026 - 1 mayo 2026.xlsx,,,2026-05-27 15:01:08.333979,,ajustes,Ajuste por Arrepentimiento,False
ML,POS_144274719457_1 enero 2026 - 1 mayo 2026.xlsx_580,2000015020821790,2026-07-02,bigger_than_expected_fashion,59990.0,PAGO,1 enero 2026 - 1 mayo 2026.xlsx,,,2026-05-27 15:01:08.333979,,ajustes,Ajuste por Talla/Garantía,False
ML,POS_143110039805_1 enero 2026 - 1 mayo 2026.xlsx_581,2000014895450822,2026-06-02,bigger_than_expected_fashion,15990.0,PAGO,1 enero 2026 - 1 mayo 2026.xlsx,,,2026-05-27 15:01:08.333979,,ajustes,Ajuste por Talla/Garantía,False
ML,POS_143786344658_1 enero 2026 - 1 mayo 2026.xlsx_582,2000014895454748,2026-06-02,bigger_than_expected_fashion,34990.0,PAGO,1 enero 2026 - 1 mayo 2026.xlsx,,,2026-05-27 15:01:08.333979,,ajustes,Ajuste por Talla/Garantía,False
ML,POS_141692837594_1 enero 2026 - 1 mayo 2026.xlsx_583,2000014676887250,2026-06-02,repentant_buyer,31990.0,PAGO,1 enero 2026 - 1 mayo 2026.xlsx,,,2026-05-27 15:01:08.333979,,ajustes,Ajuste por Arrepentimiento,False
ML,POS_141692733806_1 enero 2026 - 1 mayo 2026.xlsx_584,2000014676890756,2026-06-02,dont_want_it_another_cause_fashion,19590.0,PAGO,1 enero 2026 - 1 mayo 2026.xlsx,,,2026-05-27 15:01:08.333979,,ajustes,Ajuste por Arrepentimiento,True
ML,POS_141031884431_1 enero 2026 - 1 mayo 2026.xlsx_585,2000014676887230,2026-06-02,dont_want_it_another_cause_fashion,37990.0,PAGO,1 enero 2026 - 1 mayo 2026.xlsx,,,2026-05-27 15:01:08.333979,,ajustes,Ajuste por Arrepentimiento,True
ML,POS_141692737750_1 enero 2026 - 1 mayo 2026.xlsx_586,2000014676881836,2026-06-02,dont_want_it_another_cause_fashion,36990.0,PAGO,1 enero 2026 - 1 mayo 2026.xlsx,,,2026-05-27 15:01:08.333979,,ajustes,Ajuste por Arrepentimiento,True
ML,POS_144962703224_1 enero 2026 - 1 mayo 2026.xlsx_587,2000015021293714,2026-06-02,out_of_stock,37990.0,PAGO,1 enero 2026 - 1 mayo 2026.xlsx,,,2026-05-27 15:01:08.333979,,ajustes,Ajuste por Falta de Stock,True
ML,POS_144390148951_1 enero 2026 - 1 mayo 2026.xlsx_588,2000015031781198,2026-06-02,undelivered_repentant_buyer,30990.0,PAGO,1 enero 2026 - 1 mayo 2026.xlsx,,,2026-05-27 15:01:08.333979,,ajustes,Ajuste por Arrepentimiento,True
ML,POS_143485313368_1 enero 2026 - 1 mayo 2026.xlsx_589,2000014861041758,2026-06-02,repentant_buyer,15990.0,PAGO,1 enero 2026 - 1 mayo 2026.xlsx,,,2026-05-27 15:01:08.333979,,ajustes,Ajuste por Arrepentimiento,False
ML,POS_144803779802_1 enero 2026 - 1 mayo 2026.xlsx_591,2000015004214702,2026-06-02,smaller_than_expected_fashion,13990.0,PAGO,1 enero 2026 - 1 mayo 2026.xlsx,,,2026-05-27 15:01:08.333979,,ajustes,Ajuste por Talla/Garantía,False
ML,POS_144325385801_1 enero 2026 - 1 mayo 2026.xlsx_592,2000015025891358,2026-05-02,undelivered_repentant_buyer,14990.0,PAGO,1 enero 2026 - 1 mayo 2026.xlsx,,,2026-05-27 15:01:08.333979,,ajustes,Ajuste por Arrepentimiento,True
ML,POS_145009579704_1 enero 2026 - 1 mayo 2026.xlsx_593,2000015025896960,2026-05-02,undelivered_repentant_buyer,29990.0,PAGO,1 enero 2026 - 1 mayo 2026.xlsx,,,2026-05-27 15:01:08.333979,,ajustes,Ajuste por Arrepentimiento,True
ML,POS_144213187518_1 enero 2026 - 1 mayo 2026.xlsx_594,2000014938585512,2026-05-02,repentant_buyer,3855.0,PAGO,1 enero 2026 - 1 mayo 2026.xlsx,,,2026-05-27 15:01:08.333979,,ajustes,Ajuste por Arrepentimiento,False
ML,POS_144213245090_1 enero 2026 - 1 mayo 2026.xlsx_597,2000014938585512,2026-05-02,repentant_buyer,19449.0,PAGO,1 enero 2026 - 1 mayo 2026.xlsx,,,2026-05-27 15:01:08.333979,,ajustes,Ajuste por Arrepentimiento,False
ML,POS_143113376141_1 enero 2026 - 1 mayo 2026.xlsx_598,2000014895921148,2026-05-02,repentant_buyer,18990.0,PAGO,1 enero 2026 - 1 mayo 2026.xlsx,,,2026-05-27 15:01:08.333979,,ajustes,Ajuste por Arrepentimiento,False
ML,POS_141897117194_1 enero 2026 - 1 mayo 2026.xlsx_599,2000014699801818,2026-05-02,repentant_buyer,29361.0,PAGO,1 enero 2026 - 1 mayo 2026.xlsx,,,2026-05-27 15:01:08.333979,,ajustes,Ajuste por Arrepentimiento,False
ML,POS_143892364045_1 enero 2026 - 1 mayo 2026.xlsx_600,2000014978576542,2026-05-02,repentant_buyer,29990.0,PAGO,1 enero 2026 - 1 mayo 2026.xlsx,,,2026-05-27 15:01:08.333979,,ajustes,Ajuste por Arrepentimiento,False
ML,POS_143837018623_1 enero 2026 - 1 mayo 2026.xlsx_601,2000014971115202,2026-04-02,repentant_buyer,20780.0,PAGO,1 enero 2026 - 1 mayo 2026.xlsx,,,2026-05-27 15:01:08.333979,,ajustes,Ajuste por Arrepentimiento,False
ML,POS_143073290301_1 enero 2026 - 1 mayo 2026.xlsx_602,2000014890650096,2026-04-02,dont_want_it_another_cause_fashion,19990.0,PAGO,1 enero 2026 - 1 mayo 2026.xlsx,,,2026-05-27 15:01:08.333979,,ajustes,Ajuste por Arrepentimiento,True
ML,POS_144667056054_1 enero 2026 - 1 mayo 2026.xlsx_603,2000014989131844,2026-04-02,undelivered_other,46990.0,PAGO,1 enero 2026 - 1 mayo 2026.xlsx,,,2026-05-27 15:01:08.333979,,ajustes,Ajuste por Falla en Entrega,True
ML,POS_143357256805_1 enero 2026 - 1 mayo 2026.xlsx_604,2000014921867398,2026-03-02,repentant_buyer,19590.0,PAGO,1 enero 2026 - 1 mayo 2026.xlsx,,,2026-05-27 15:01:08.333979,,ajustes,Ajuste por Arrepentimiento,False
ML,POS_143972336506_1 enero 2026 - 1 mayo 2026.xlsx_605,2000014914885040,2026-03-02,bigger_than_expected_fashion,12990.0,PAGO,1 enero 2026 - 1 mayo 2026.xlsx,,,2026-05-27 15:01:08.333979,,ajustes,Ajuste por Talla/Garantía,False
ML,POS_142766233707_1 enero 2026 - 1 mayo 2026.xlsx_606,2000014856218936,2026-03-02,repentant_buyer,34990.0,PAGO,1 enero 2026 - 1 mayo 2026.xlsx,,,2026-05-27 15:01:08.333979,,ajustes,Ajuste por Arrepentimiento,False
ML,POS_143545649863_1 enero 2026 - 1 mayo 2026.xlsx_607,2000014939775908,2026-03-02,repentant_buyer,38990.0,PAGO,1 enero 2026 - 1 mayo 2026.xlsx,,,2026-05-27 15:01:08.333979,,ajustes,Ajuste por Arrepentimiento,False
ML,POS_142224110316_1 enero 2026 - 1 mayo 2026.xlsx_608,2000014734914358,2026-03-02,repentant_buyer,21990.0,PAGO,1 enero 2026 - 1 mayo 2026.xlsx,,,2026-05-27 15:01:08.333979,,ajustes,Ajuste por Arrepentimiento,False
ML,POS_141137864819_1 enero 2026 - 1 mayo 2026.xlsx_609,2000014689148924,2026-03-02,repentant_buyer,19990.0,PAGO,1 enero 2026 - 1 mayo 2026.xlsx,,,2026-05-27 15:01:08.333979,,ajustes,Ajuste por Arrepentimiento,False
ML,POS_143274324593_1 enero 2026 - 1 mayo 2026.xlsx_610,2000014912651444,2026-03-02,repentant_buyer,16990.0,PAGO,1 enero 2026 - 1 mayo 2026.xlsx,,,2026-05-27 15:01:08.333979,,ajustes,Ajuste por Arrepentimiento,False
ML,POS_143381425769_1 enero 2026 - 1 mayo 2026.xlsx_611,2000014924876934,2026-03-02,smaller_than_expected_fashion,25990.0,PAGO,1 enero 2026 - 1 mayo 2026.xlsx,,,2026-05-27 15:01:08.333979,,ajustes,Ajuste por Talla/Garantía,False
ML,POS_141772201895_1 enero 2026 - 1 mayo 2026.xlsx_620,2000014754214510,2026-01-02,repentant_buyer,29990.0,PAGO,1 enero 2026 - 1 mayo 2026.xlsx,,,2026-05-27 15:01:08.333979,,ajustes,Ajuste por Arrepentimiento,False
ML,POS_142633848792_1 enero 2026 - 1 mayo 2026.xlsx_621,2000014773543804,2026-01-02,repentant_buyer,25990.0,PAGO,1 enero 2026 - 1 mayo 2026.xlsx,,,2026-05-27 15:01:08.333979,,ajustes,Ajuste por Arrepentimiento,False
ML,POS_141965211789_1 enero 2026 - 1 mayo 2026.xlsx_622,2000014773543804,2026-01-02,repentant_buyer,25990.0,PAGO,1 enero 2026 - 1 mayo 2026.xlsx,,,2026-05-27 15:01:08.333979,,ajustes,Ajuste por Arrepentimiento,False
ML,POS_141152539064_1 enero 2026 - 1 mayo 2026.xlsx_782,2000014624397010,2026-12-01,repentant_buyer,29990.0,PAGO,1 enero 2026 - 1 mayo 2026.xlsx,,,2026-05-27 15:01:08.333979,,ajustes,Ajuste por Arrepentimiento,False
ML,POS_139938821855_1 enero 2026 - 1 mayo 2026.xlsx_783,2000014562703178,2026-12-01,smaller_than_expected_fashion,44321.0,PAGO,1 enero 2026 - 1 mayo 2026.xlsx,,,2026-05-27 15:01:08.333979,,ajustes,Ajuste por Talla/Garantía,False
ML,POS_141160085246_1 enero 2026 - 1 mayo 2026.xlsx_784,2000014625226400,2026-12-01,smaller_than_expected_fashion,24990.0,PAGO,1 enero 2026 - 1 mayo 2026.xlsx,,,2026-05-27 15:01:08.333979,,ajustes,Ajuste por Talla/Garantía,False
ML,POS_140536442873_1 enero 2026 - 1 mayo 2026.xlsx_785,2000014628570740,2026-12-01,smaller_than_expected_fashion,16990.0,PAGO,1 enero 2026 - 1 mayo 2026.xlsx,,,2026-05-27 15:01:08.333979,,ajustes,Ajuste por Talla/Garantía,False
ML,POS_140978200728_1 enero 2026 - 1 mayo 2026.xlsx_786,2000014606903194,2026-12-01,bigger_than_expected_fashion,22990.0,PAGO,1 enero 2026 - 1 mayo 2026.xlsx,,,2026-05-27 15:01:08.333979,,ajustes,Ajuste por Talla/Garantía,False
ML,POS_139867429852_1 enero 2026 - 1 mayo 2026.xlsx_787,2000014504035092,2026-12-01,bigger_than_expected_fashion,17990.0,PAGO,1 enero 2026 - 1 mayo 2026.xlsx,,,2026-05-27 15:01:08.333979,,ajustes,Ajuste por Talla/Garantía,False
ML,POS_138127356279_1 enero 2026 - 1 mayo 2026.xlsx_788,2000014406054064,2026-12-01,smaller_than_expected_fashion,19990.0,PAGO,1 enero 2026 - 1 mayo 2026.xlsx,,,2026-05-27 15:01:08.333979,,ajustes,Ajuste por Talla/Garantía,False
ML,POS_138767473914_1 enero 2026 - 1 mayo 2026.xlsx_789,2000014406001296,2026-12-01,smaller_than_expected_fashion,25990.0,PAGO,1 enero 2026 - 1 mayo 2026.xlsx,,,2026-05-27 15:01:08.333979,,ajustes,Ajuste por Talla/Garantía,False
ML,POS_137855750212_1 enero 2026 - 1 mayo 2026.xlsx_790,2000014296453348,2026-12-01,bigger_than_expected_fashion,19990.0,PAGO,1 enero 2026 - 1 mayo 2026.xlsx,,,2026-05-27 15:01:08.333979,,ajustes,Ajuste por Talla/Garantía,False
ML,POS_141571682968_1 enero 2026 - 1 mayo 2026.xlsx_791,2000014664190328,2026-12-01,undelivered_repentant_buyer,15990.0,PAGO,1 enero 2026 - 1 mayo 2026.xlsx,,,2026-05-27 15:01:08.333979,,ajustes,Ajuste por Arrepentimiento,True
ML,POS_138837563365_1 enero 2026 - 1 mayo 2026.xlsx_792,2000014466582414,2026-12-01,bigger_than_expected_fashion,16490.0,PAGO,1 enero 2026 - 1 mayo 2026.xlsx,,,2026-05-27 15:01:08.333979,,ajustes,Ajuste por Talla/Garantía,False
ML,POS_140665291407_1 enero 2026 - 1 mayo 2026.xlsx_793,2000014641842934,2026-11-01,repentant_buyer,19990.0,PAGO,1 enero 2026 - 1 mayo 2026.xlsx,,,2026-05-27 15:01:08.333979,,ajustes,Ajuste por Arrepentimiento,False
ML,POS_139452326063_1 enero 2026 - 1 mayo 2026.xlsx_794,2000014522487970,2026-11-01,broken_item_fashion,20990.0,PAGO,1 enero 2026 - 1 mayo 2026.xlsx,,,2026-05-27 15:01:08.333979,,ajustes,Ajuste por Producto Dañado/Vacío,False
ML,POS_139188570677_1 enero 2026 - 1 mayo 2026.xlsx_795,2000014501152224,2026-11-01,smaller_than_expected_fashion,32990.0,PAGO,1 enero 2026 - 1 mayo 2026.xlsx,,,2026-05-27 15:01:08.333979,,ajustes,Ajuste por Talla/Garantía,False
ML,POS_140990059967_1 enero 2026 - 1 mayo 2026.xlsx_796,2000014673263346,2026-11-01,undelivered_repentant_buyer,15990.0,PAGO,1 enero 2026 - 1 mayo 2026.xlsx,,,2026-05-27 15:01:08.333979,,ajustes,Ajuste por Arrepentimiento,True
ML,POS_140401683549_1 enero 2026 - 1 mayo 2026.xlsx_797,2000014614422660,2026-11-01,smaller_than_expected_fashion,34990.0,PAGO,1 enero 2026 - 1 mayo 2026.xlsx,,,2026-05-27 15:01:08.333979,,ajustes,Ajuste por Talla/Garantía,False
ML,POS_140327548757_1 enero 2026 - 1 mayo 2026.xlsx_798,2000014607051536,2026-11-01,smaller_than_expected_fashion,14990.0,PAGO,1 enero 2026 - 1 mayo 2026.xlsx,,,2026-05-27 15:01:08.333979,,ajustes,Ajuste por Talla/Garantía,False
ML,POS_140979679110_1 enero 2026 - 1 mayo 2026.xlsx_799,2000014607049744,2026-11-01,smaller_than_expected_fashion,21990.0,PAGO,1 enero 2026 - 1 mayo 2026.xlsx,,,2026-05-27 15:01:08.333979,,ajustes,Ajuste por Talla/Garantía,False
ML,POS_140037310334_1 enero 2026 - 1 mayo 2026.xlsx_800,2000014517845622,2026-11-01,smaller_than_expected_fashion,18990.0,PAGO,1 enero 2026 - 1 mayo 2026.xlsx,,,2026-05-27 15:01:08.333979,,ajustes,Ajuste por Talla/Garantía,False
ML,POS_141414403058_1 enero 2026 - 1 mayo 2026.xlsx_801,2000014649823546,2026-11-01,repentant_buyer,21990.0,PAGO,1 enero 2026 - 1 mayo 2026.xlsx,,,2026-05-27 15:01:08.333979,,ajustes,Ajuste por Arrepentimiento,False
ML,POS_141127297146_1 enero 2026 - 1 mayo 2026.xlsx_802,2000014622729192,2026-11-01,estimated_delivery_out_of_time,20691.0,PAGO,1 enero 2026 - 1 mayo 2026.xlsx,,,2026-05-27 15:01:08.333979,,ajustes,Ajuste por Retraso en Entrega,True
ML,POS_140854891069_1 enero 2026 - 1 mayo 2026.xlsx_803,2000014659324578,2026-11-01,estimated_delivery_out_of_time,16990.0,PAGO,1 enero 2026 - 1 mayo 2026.xlsx,,,2026-05-27 15:01:08.333979,,ajustes,Ajuste por Retraso en Entrega,True
ML,POS_140529953113_1 enero 2026 - 1 mayo 2026.xlsx_804,2000014627847068,2026-11-01,dont_want_it_another_cause_fashion,17990.0,PAGO,1 enero 2026 - 1 mayo 2026.xlsx,,,2026-05-27 15:01:08.333979,,ajustes,Ajuste por Arrepentimiento,True
ML,POS_140529845729_1 enero 2026 - 1 mayo 2026.xlsx_805,2000014627854754,2026-11-01,dont_want_it_another_cause_fashion,17990.0,PAGO,1 enero 2026 - 1 mayo 2026.xlsx,,,2026-05-27 15:01:08.333979,,ajustes,Ajuste por Arrepentimiento,True
ML,POS_141305419082_1 enero 2026 - 1 mayo 2026.xlsx_806,2000014639899786,2026-11-01,smaller_than_expected_fashion,29990.0,PAGO,1 enero 2026 - 1 mayo 2026.xlsx,,,2026-05-27 15:01:08.333979,,ajustes,Ajuste por Talla/Garantía,False
ML,POS_140731587091_1 enero 2026 - 1 mayo 2026.xlsx_807,2000014647816776,2026-10-01,estimated_delivery_out_of_time,13990.0,PAGO,1 enero 2026 - 1 mayo 2026.xlsx,,,2026-05-27 15:01:08.333979,,ajustes,Ajuste por Retraso en Entrega,True
ML,POS_140179469155_1 enero 2026 - 1 mayo 2026.xlsx_808,2000014590711658,2026-10-01,smaller_than_expected_fashion,29990.0,PAGO,1 enero 2026 - 1 mayo 2026.xlsx,,,2026-05-27 15:01:08.333979,,ajustes,Ajuste por Talla/Garantía,False
ML,POS_140570477215_1 enero 2026 - 1 mayo 2026.xlsx_809,2000014632659538,2026-10-01,repentant_buyer,34990.0,PAGO,1 enero 2026 - 1 mayo 2026.xlsx,,,2026-05-27 15:01:08.333979,,ajustes,Ajuste por Arrepentimiento,False
ML,POS_140497707471_1 enero 2026 - 1 mayo 2026.xlsx_810,2000014624397022,2026-10-01,missing_item,16990.0,PAGO,1 enero 2026 - 1 mayo 2026.xlsx,,,2026-05-27 15:01:08.333979,,ajustes,Ajuste por Ítem Faltante,True
ML,POS_140091985890_1 enero 2026 - 1 mayo 2026.xlsx_811,2000014522005848,2026-10-01,smaller_than_expected_fashion,29990.0,PAGO,1 enero 2026 - 1 mayo 2026.xlsx,,,2026-05-27 15:01:08.333979,,ajustes,Ajuste por Talla/Garantía,False
ML,POS_139745140313_1 enero 2026 - 1 mayo 2026.xlsx_812,2000014542734050,2026-10-01,repentant_buyer,14990.0,PAGO,1 enero 2026 - 1 mayo 2026.xlsx,,,2026-05-27 15:01:08.333979,,ajustes,Ajuste por Arrepentimiento,False
ML,POS_139119655888_1 enero 2026 - 1 mayo 2026.xlsx_813,2000014441847170,2026-10-01,smaller_than_expected_fashion,9990.0,PAGO,1 enero 2026 - 1 mayo 2026.xlsx,,,2026-05-27 15:01:08.333979,,ajustes,Ajuste por Talla/Garantía,False
ML,POS_141155475806_1 enero 2026 - 1 mayo 2026.xlsx_814,2000014624679864,2026-10-01,bigger_than_expected_fashion,37990.0,PAGO,1 enero 2026 - 1 mayo 2026.xlsx,,,2026-05-27 15:01:08.333979,,ajustes,Ajuste por Talla/Garantía,False
ML,POS_140939032786_1 enero 2026 - 1 mayo 2026.xlsx_815,2000014601969796,2026-10-01,smaller_than_expected_fashion,16990.0,PAGO,1 enero 2026 - 1 mayo 2026.xlsx,,,2026-05-27 15:01:08.333979,,ajustes,Ajuste por Talla/Garantía,False
ML,POS_140287094161_1 enero 2026 - 1 mayo 2026.xlsx_816,2000014601982684,2026-10-01,smaller_than_expected_fashion,22990.0,PAGO,1 enero 2026 - 1 mayo 2026.xlsx,,,2026-05-27 15:01:08.333979,,ajustes,Ajuste por Talla/Garantía,False
ML,POS_139833307686_1 enero 2026 - 1 mayo 2026.xlsx_817,2000014500784714,2026-10-01,bigger_than_expected_fashion,21990.0,PAGO,1 enero 2026 - 1 mayo 2026.xlsx,,,2026-05-27 15:01:08.333979,,ajustes,Ajuste por Talla/Garantía,False
ML,POS_140739397251_1 enero 2026 - 1 mayo 2026.xlsx_818,2000014648434990,2026-09-01,undelivered_repentant_buyer,23990.0,PAGO,1 enero 2026 - 1 mayo 2026.xlsx,,,2026-05-27 15:01:08.333979,,ajustes,Ajuste por Arrepentimiento,True
ML,POS_141099240314_1 enero 2026 - 1 mayo 2026.xlsx_819,2000014619056698,2026-09-01,repentant_buyer,21990.0,PAGO,1 enero 2026 - 1 mayo 2026.xlsx,,,2026-05-27 15:01:08.333979,,ajustes,Ajuste por Arrepentimiento,False
ML,POS_137676996397_1 enero 2026 - 1 mayo 2026.xlsx_820,2000014356999114,2026-09-01,bigger_than_expected_fashion,19990.0,PAGO,1 enero 2026 - 1 mayo 2026.xlsx,,,2026-05-27 15:01:08.333979,,ajustes,Ajuste por Talla/Garantía,False
ML,POS_138314905600_1 enero 2026 - 1 mayo 2026.xlsx_821,2000014357008922,2026-09-01,bigger_than_expected_fashion,58990.0,PAGO,1 enero 2026 - 1 mayo 2026.xlsx,,,2026-05-27 15:01:08.333979,,ajustes,Ajuste por Talla/Garantía,False
ML,POS_140508902871_1 enero 2026 - 1 mayo 2026.xlsx_822,2000014625550782,2026-09-01,smaller_than_expected_fashion,17990.0,PAGO,1 enero 2026 - 1 mayo 2026.xlsx,,,2026-05-27 15:01:08.333979,,ajustes,Ajuste por Talla/Garantía,False
ML,POS_141163606982_1 enero 2026 - 1 mayo 2026.xlsx_823,2000014625547374,2026-09-01,smaller_than_expected_fashion,17990.0,PAGO,1 enero 2026 - 1 mayo 2026.xlsx,,,2026-05-27 15:01:08.333979,,ajustes,Ajuste por Talla/Garantía,False
ML,POS_138839421563_1 enero 2026 - 1 mayo 2026.xlsx_824,2000014466815530,2026-09-01,bigger_than_expected_fashion,34990.0,PAGO,1 enero 2026 - 1 mayo 2026.xlsx,,,2026-05-27 15:01:08.333979,,ajustes,Ajuste por Talla/Garantía,False
ML,POS_140341184629_1 enero 2026 - 1 mayo 2026.xlsx_825,2000014607681132,2026-09-01,repentant_buyer,25990.0,PAGO,1 enero 2026 - 1 mayo 2026.xlsx,,,2026-05-27 15:01:08.333979,,ajustes,Ajuste por Arrepentimiento,False
ML,POS_139543080994_1 enero 2026 - 1 mayo 2026.xlsx_826,2000014471549988,2026-09-01,repentant_buyer,18990.0,PAGO,1 enero 2026 - 1 mayo 2026.xlsx,,,2026-05-27 15:01:08.333979,,ajustes,Ajuste por Arrepentimiento,False
ML,POS_139760136019_1 enero 2026 - 1 mayo 2026.xlsx_827,2000014544402534,2026-09-01,smaller_than_expected_fashion,37681.0,PAGO,1 enero 2026 - 1 mayo 2026.xlsx,,,2026-05-27 15:01:08.333979,,ajustes,Ajuste por Talla/Garantía,False
ML,POS_140186734627_1 enero 2026 - 1 mayo 2026.xlsx_828,2000014591558378,2026-09-01,smaller_than_expected_fashion,25480.0,PAGO,1 enero 2026 - 1 mayo 2026.xlsx,,,2026-05-27 15:01:08.333979,,ajustes,Ajuste por Talla/Garantía,False
ML,POS_140654790873_1 enero 2026 - 1 mayo 2026.xlsx_829,2000014640769564,2026-09-01,out_of_stock,36990.0,PAGO,1 enero 2026 - 1 mayo 2026.xlsx,,,2026-05-27 15:01:08.333979,,ajustes,Ajuste por Falta de Stock,True
ML,POS_140935346678_1 enero 2026 - 1 mayo 2026.xlsx_830,2000014601622446,2026-08-01,smaller_than_expected_fashion,25990.0,PAGO,1 enero 2026 - 1 mayo 2026.xlsx,,,2026-05-27 15:01:08.333979,,ajustes,Ajuste por Talla/Garantía,False
ML,POS_137711562541_1 enero 2026 - 1 mayo 2026.xlsx_831,2000014361349666,2026-08-01,bigger_than_expected_fashion,32990.0,PAGO,1 enero 2026 - 1 mayo 2026.xlsx,,,2026-05-27 15:01:08.333979,,ajustes,Ajuste por Talla/Garantía,False
ML,POS_137545741037_1 enero 2026 - 1 mayo 2026.xlsx_832,2000014339965188,2026-08-01,bigger_than_expected_fashion,25990.0,PAGO,1 enero 2026 - 1 mayo 2026.xlsx,,,2026-05-27 15:01:08.333979,,ajustes,Ajuste por Talla/Garantía,False
ML,POS_140185169139_1 enero 2026 - 1 mayo 2026.xlsx_833,2000014591408490,2026-08-01,smaller_than_expected_fashion,29990.0,PAGO,1 enero 2026 - 1 mayo 2026.xlsx,,,2026-05-27 15:01:08.333979,,ajustes,Ajuste por Talla/Garantía,False
ML,POS_137665810783_1 enero 2026 - 1 mayo 2026.xlsx_834,2000014355276548,2026-08-01,smaller_than_expected_fashion,31492.0,PAGO,1 enero 2026 - 1 mayo 2026.xlsx,,,2026-05-27 15:01:08.333979,,ajustes,Ajuste por Talla/Garantía,False
ML,POS_137686885220_1 enero 2026 - 1 mayo 2026.xlsx_835,2000014278293764,2026-08-01,repentant_buyer,27990.0,PAGO,1 enero 2026 - 1 mayo 2026.xlsx,,,2026-05-27 15:01:08.333979,,ajustes,Ajuste por Arrepentimiento,False
ML,POS_139975622928_1 enero 2026 - 1 mayo 2026.xlsx_836,2000014513734546,2026-08-01,smaller_than_expected_fashion,21990.0,PAGO,1 enero 2026 - 1 mayo 2026.xlsx,,,2026-05-27 15:01:08.333979,,ajustes,Ajuste por Talla/Garantía,False
ML,POS_139327927955_1 enero 2026 - 1 mayo 2026.xlsx_837,2000014513732812,2026-08-01,smaller_than_expected_fashion,37990.0,PAGO,1 enero 2026 - 1 mayo 2026.xlsx,,,2026-05-27 15:01:08.333979,,ajustes,Ajuste por Talla/Garantía,False
ML,POS_140856446842_1 enero 2026 - 1 mayo 2026.xlsx_838,2000014592535386,2026-08-01,smaller_than_expected_fashion,19990.0,PAGO,1 enero 2026 - 1 mayo 2026.xlsx,,,2026-05-27 15:01:08.333979,,ajustes,Ajuste por Talla/Garantía,False
ML,POS_139805708860_1 enero 2026 - 1 mayo 2026.xlsx_839,2000014497571090,2026-07-01,dont_want_it_another_cause_fashion,24990.0,PAGO,1 enero 2026 - 1 mayo 2026.xlsx,,,2026-05-27 15:01:08.333979,,ajustes,Ajuste por Arrepentimiento,True
ML,POS_139808830908_1 enero 2026 - 1 mayo 2026.xlsx_840,2000014497935964,2026-07-01,bigger_than_expected_fashion,14990.0,PAGO,1 enero 2026 - 1 mayo 2026.xlsx,,,2026-05-27 15:01:08.333979,,ajustes,Ajuste por Talla/Garantía,False
ML,POS_138375336300_1 enero 2026 - 1 mayo 2026.xlsx_841,2000014364837120,2026-07-01,bigger_than_expected_fashion,27990.0,PAGO,1 enero 2026 - 1 mayo 2026.xlsx,,,2026-05-27 15:01:08.333979,,ajustes,Ajuste por Talla/Garantía,False
ML,POS_140134068562_1 enero 2026 - 1 mayo 2026.xlsx_842,2000014525171050,2026-07-01,broken_item_fashion,15000.0,PAGO,1 enero 2026 - 1 mayo 2026.xlsx,,,2026-05-27 15:01:08.333979,,ajustes,Ajuste por Producto Dañado/Vacío,False
ML,POS_139485814093_1 enero 2026 - 1 mayo 2026.xlsx_843,2000014525171050,2026-07-01,broken_item_fashion,19990.0,PAGO,1 enero 2026 - 1 mayo 2026.xlsx,,,2026-05-27 15:01:08.333979,,ajustes,Ajuste por Producto Dañado/Vacío,False
ML,POS_140204646265_1 enero 2026 - 1 mayo 2026.xlsx_844,2000014592475604,2026-07-01,bigger_than_expected_fashion,29990.0,PAGO,1 enero 2026 - 1 mayo 2026.xlsx,,,2026-05-27 15:01:08.333979,,ajustes,Ajuste por Talla/Garantía,False
ML,POS_140855881402_1 enero 2026 - 1 mayo 2026.xlsx_845,2000014592477520,2026-07-01,bigger_than_expected_fashion,31990.0,PAGO,1 enero 2026 - 1 mayo 2026.xlsx,,,2026-05-27 15:01:08.333979,,ajustes,Ajuste por Talla/Garantía,False
ML,POS_140835221586_1 enero 2026 - 1 mayo 2026.xlsx_846,2000014591283140,2026-07-01,smaller_than_expected_fashion,29990.0,PAGO,1 enero 2026 - 1 mayo 2026.xlsx,,,2026-05-27 15:01:08.333979,,ajustes,Ajuste por Talla/Garantía,False
ML,POS_137931235576_1 enero 2026 - 1 mayo 2026.xlsx_847,2000014308017080,2026-07-01,smaller_than_expected_fashion,21990.0,PAGO,1 enero 2026 - 1 mayo 2026.xlsx,,,2026-05-27 15:01:08.333979,,ajustes,Ajuste por Talla/Garantía,False
ML,POS_139844682903_1 enero 2026 - 1 mayo 2026.xlsx_848,2000014553699144,2026-07-01,smaller_than_expected_fashion,26990.0,PAGO,1 enero 2026 - 1 mayo 2026.xlsx,,,2026-05-27 15:01:08.333979,,ajustes,Ajuste por Talla/Garantía,False
ML,POS_139867431832_1 enero 2026 - 1 mayo 2026.xlsx_849,2000014504035090,2026-07-01,bigger_than_expected_fashion,21990.0,PAGO,1 enero 2026 - 1 mayo 2026.xlsx,,,2026-05-27 15:01:08.333979,,ajustes,Ajuste por Talla/Garantía,False
ML,POS_140089977962_1 enero 2026 - 1 mayo 2026.xlsx_850,2000014521890778,2026-07-01,repentant_buyer,49990.0,PAGO,1 enero 2026 - 1 mayo 2026.xlsx,,,2026-05-27 15:01:08.333979,,ajustes,Ajuste por Arrepentimiento,False
ML,POS_138585755782_1 enero 2026 - 1 mayo 2026.xlsx_851,2000014388355010,2026-06-01,smaller_than_expected_fashion,36990.0,PAGO,1 enero 2026 - 1 mayo 2026.xlsx,,,2026-05-27 15:01:08.333979,,ajustes,Ajuste por Talla/Garantía,False
ML,POS_139264591253_1 enero 2026 - 1 mayo 2026.xlsx_852,2000014507912522,2026-06-01,smaller_than_expected_fashion,34990.0,PAGO,1 enero 2026 - 1 mayo 2026.xlsx,,,2026-05-27 15:01:08.333979,,ajustes,Ajuste por Talla/Garantía,False
ML,POS_140572444208_1 enero 2026 - 1 mayo 2026.xlsx_853,2000014561123052,2026-06-01,bigger_than_expected_fashion,34990.0,PAGO,1 enero 2026 - 1 mayo 2026.xlsx,,,2026-05-27 15:01:08.333979,,ajustes,Ajuste por Talla/Garantía,False
ML,POS_140887815548_1 enero 2026 - 1 mayo 2026.xlsx_854,2000014595989496,2026-06-01,undelivered_repentant_buyer,34990.0,PAGO,1 enero 2026 - 1 mayo 2026.xlsx,,,2026-05-27 15:01:08.333979,,ajustes,Ajuste por Arrepentimiento,True
ML,POS_140236382753_1 enero 2026 - 1 mayo 2026.xlsx_855,2000014595987598,2026-06-01,undelivered_repentant_buyer,34990.0,PAGO,1 enero 2026 - 1 mayo 2026.xlsx,,,2026-05-27 15:01:08.333979,,ajustes,Ajuste por Arrepentimiento,True
ML,POS_138093934625_1 enero 2026 - 1 mayo 2026.xlsx_856,2000014403159770,2026-06-01,repentant_buyer,21990.0,PAGO,1 enero 2026 - 1 mayo 2026.xlsx,,,2026-05-27 15:01:08.333979,,ajustes,Ajuste por Arrepentimiento,False
ML,POS_139230318043_1 enero 2026 - 1 mayo 2026.xlsx_857,2000014504823070,2026-06-01,smaller_than_expected_fashion,27990.0,PAGO,1 enero 2026 - 1 mayo 2026.xlsx,,,2026-05-27 15:01:08.333979,,ajustes,Ajuste por Talla/Garantía,False
ML,POS_137288702255_1 enero 2026 - 1 mayo 2026.xlsx_858,2000014306465952,2026-06-01,bigger_than_expected_fashion,34990.0,PAGO,1 enero 2026 - 1 mayo 2026.xlsx,,,2026-05-27 15:01:08.333979,,ajustes,Ajuste por Talla/Garantía,False
ML,POS_138210929575_1 enero 2026 - 1 mayo 2026.xlsx_859,2000014414064912,2026-06-01,bigger_than_expected_fashion,25990.0,PAGO,1 enero 2026 - 1 mayo 2026.xlsx,,,2026-05-27 15:01:08.333979,,ajustes,Ajuste por Talla/Garantía,False
ML,POS_138540011730_1 enero 2026 - 1 mayo 2026.xlsx_860,2000014384528498,2026-06-01,smaller_than_expected_fashion,27990.0,PAGO,1 enero 2026 - 1 mayo 2026.xlsx,,,2026-05-27 15:01:08.333979,,ajustes,Ajuste por Talla/Garantía,False
ML,POS_137952908235_1 enero 2026 - 1 mayo 2026.xlsx_861,2000014388947602,2026-05-01,repentant_buyer,20684.0,PAGO,1 enero 2026 - 1 mayo 2026.xlsx,,,2026-05-27 15:01:08.333979,,ajustes,Ajuste por Arrepentimiento,False
ML,POS_138314888747_1 enero 2026 - 1 mayo 2026.xlsx_863,2000014426344564,2026-05-01,repentant_buyer,23990.0,PAGO,1 enero 2026 - 1 mayo 2026.xlsx,,,2026-05-27 15:01:08.333979,,ajustes,Ajuste por Arrepentimiento,False
ML,POS_140061704932_1 enero 2026 - 1 mayo 2026.xlsx_864,2000014519840522,2026-05-01,delivery_date_was_not_met,14990.0,PAGO,1 enero 2026 - 1 mayo 2026.xlsx,,,2026-05-27 15:01:08.333979,,ajustes,Ajuste por Retraso en Entrega,True
ML,POS_139967641700_1 enero 2026 - 1 mayo 2026.xlsx_865,2000014512756798,2026-05-01,smaller_than_expected_fashion,42990.0,PAGO,1 enero 2026 - 1 mayo 2026.xlsx,,,2026-05-27 15:01:08.333979,,ajustes,Ajuste por Talla/Garantía,False
ML,POS_139736965760_1 enero 2026 - 1 mayo 2026.xlsx_866,2000014490121860,2026-05-01,dont_want_it_another_cause_fashion,21990.0,PAGO,1 enero 2026 - 1 mayo 2026.xlsx,,,2026-05-27 15:01:08.333979,,ajustes,Ajuste por Arrepentimiento,True
ML,POS_139736975836_1 enero 2026 - 1 mayo 2026.xlsx_867,2000014490123524,2026-05-01,dont_want_it_another_cause_fashion,24990.0,PAGO,1 enero 2026 - 1 mayo 2026.xlsx,,,2026-05-27 15:01:08.333979,,ajustes,Ajuste por Arrepentimiento,True
ML,POS_140726223808_1 enero 2026 - 1 mayo 2026.xlsx_868,2000014578443750,2026-05-01,undelivered_repentant_buyer,19990.0,PAGO,1 enero 2026 - 1 mayo 2026.xlsx,,,2026-05-27 15:01:08.333979,,ajustes,Ajuste por Arrepentimiento,True
ML,POS_139313517577_1 enero 2026 - 1 mayo 2026.xlsx_869,2000014512149254,2026-05-01,smaller_than_expected_fashion,24990.0,PAGO,1 enero 2026 - 1 mayo 2026.xlsx,,,2026-05-27 15:01:08.333979,,ajustes,Ajuste por Talla/Garantía,False
ML,POS_138873610300_1 enero 2026 - 1 mayo 2026.xlsx_870,2000014416527364,2026-04-01,bigger_than_expected_fashion,16990.0,PAGO,1 enero 2026 - 1 mayo 2026.xlsx,,,2026-05-27 15:01:08.333979,,ajustes,Ajuste por Talla/Garantía,False
ML,POS_139783367318_1 enero 2026 - 1 mayo 2026.xlsx_871,2000014494712136,2026-04-01,smaller_than_expected_fashion,27990.0,PAGO,1 enero 2026 - 1 mayo 2026.xlsx,,,2026-05-27 15:01:08.333979,,ajustes,Ajuste por Talla/Garantía,False
ML,POS_139136330117_1 enero 2026 - 1 mayo 2026.xlsx_872,2000014494712138,2026-04-01,smaller_than_expected_fashion,24990.0,PAGO,1 enero 2026 - 1 mayo 2026.xlsx,,,2026-05-27 15:01:08.333979,,ajustes,Ajuste por Talla/Garantía,False
ML,POS_139783258052_1 enero 2026 - 1 mayo 2026.xlsx_873,2000014494703768,2026-04-01,smaller_than_expected_fashion,24990.0,PAGO,1 enero 2026 - 1 mayo 2026.xlsx,,,2026-05-27 15:01:08.333979,,ajustes,Ajuste por Talla/Garantía,False
ML,POS_137048085693_1 enero 2026 - 1 mayo 2026.xlsx_874,2000014277641780,2026-04-01,repentant_buyer,28990.0,PAGO,1 enero 2026 - 1 mayo 2026.xlsx,,,2026-05-27 15:01:08.333979,,ajustes,Ajuste por Arrepentimiento,False
ML,POS_138625969410_1 enero 2026 - 1 mayo 2026.xlsx_875,2000014392404116,2026-04-01,bigger_than_expected_fashion,21990.0,PAGO,1 enero 2026 - 1 mayo 2026.xlsx,,,2026-05-27 15:01:08.333979,,ajustes,Ajuste por Talla/Garantía,False
ML,POS_139417508935_1 enero 2026 - 1 mayo 2026.xlsx_876,2000014520179268,2026-04-01,estimated_delivery_out_of_time,24990.0,PAGO,1 enero 2026 - 1 mayo 2026.xlsx,,,2026-05-27 15:01:08.333979,,ajustes,Ajuste por Retraso en Entrega,True
ML,POS_139417610211_1 enero 2026 - 1 mayo 2026.xlsx_877,2000014520184616,2026-04-01,estimated_delivery_out_of_time,29990.0,PAGO,1 enero 2026 - 1 mayo 2026.xlsx,,,2026-05-27 15:01:08.333979,,ajustes,Ajuste por Retraso en Entrega,True
ML,POS_137520165517_1 enero 2026 - 1 mayo 2026.xlsx_878,2000014336224986,2026-04-01,bigger_than_expected_fashion,26990.0,PAGO,1 enero 2026 - 1 mayo 2026.xlsx,,,2026-05-27 15:01:08.333979,,ajustes,Ajuste por Talla/Garantía,False
ML,POS_137054838109_1 enero 2026 - 1 mayo 2026.xlsx_879,2000014278510148,2026-04-01,dont_want_it_another_cause_fashion,10000.0,PAGO,1 enero 2026 - 1 mayo 2026.xlsx,,,2026-05-27 15:01:08.333979,,ajustes,Ajuste por Arrepentimiento,True
ML,POS_137054643661_1 enero 2026 - 1 mayo 2026.xlsx_880,2000014278510148,2026-04-01,dont_want_it_another_cause_fashion,17990.0,PAGO,1 enero 2026 - 1 mayo 2026.xlsx,,,2026-05-27 15:01:08.333979,,ajustes,Ajuste por Arrepentimiento,True
ML,POS_139278193467_1 enero 2026 - 1 mayo 2026.xlsx_881,2000014509309916,2026-04-01,smaller_than_expected_fashion,22990.0,PAGO,1 enero 2026 - 1 mayo 2026.xlsx,,,2026-05-27 15:01:08.333979,,ajustes,Ajuste por Talla/Garantía,False
ML,POS_139117142382_1 enero 2026 - 1 mayo 2026.xlsx_882,2000014441458410,2026-04-01,bigger_than_expected_fashion,29990.0,PAGO,1 enero 2026 - 1 mayo 2026.xlsx,,,2026-05-27 15:01:08.333979,,ajustes,Ajuste por Talla/Garantía,False
ML,POS_140144997782_1 enero 2026 - 1 mayo 2026.xlsx_883,2000014525767966,2026-03-01,undelivered_repentant_buyer,25990.0,PAGO,1 enero 2026 - 1 mayo 2026.xlsx,,,2026-05-27 15:01:08.333979,,ajustes,Ajuste por Arrepentimiento,True
ML,POS_137873119439_1 enero 2026 - 1 mayo 2026.xlsx_884,2000014380668454,2026-03-01,repentant_buyer,19990.0,PAGO,1 enero 2026 - 1 mayo 2026.xlsx,,,2026-05-27 15:01:08.333979,,ajustes,Ajuste por Arrepentimiento,False
ML,POS_138085360594_1 enero 2026 - 1 mayo 2026.xlsx_885,2000014327950010,2026-03-01,bigger_than_expected_fashion,13990.0,PAGO,1 enero 2026 - 1 mayo 2026.xlsx,,,2026-05-27 15:01:08.333979,,ajustes,Ajuste por Talla/Garantía,False
ML,POS_139937400900_1 enero 2026 - 1 mayo 2026.xlsx_886,2000014510291634,2026-02-01,smaller_than_expected_fashion,35990.0,PAGO,1 enero 2026 - 1 mayo 2026.xlsx,,,2026-05-27 15:01:08.333979,,ajustes,Ajuste por Talla/Garantía,False
ML,POS_140035244540_1 enero 2026 - 1 mayo 2026.xlsx_887,2000014517715018,2026-02-01,estimated_delivery_out_of_time,14990.0,PAGO,1 enero 2026 - 1 mayo 2026.xlsx,,,2026-05-27 15:01:08.333979,,ajustes,Ajuste por Retraso en Entrega,True
ML,POS_139387310943_1 enero 2026 - 1 mayo 2026.xlsx_888,2000014517707170,2026-02-01,estimated_delivery_out_of_time,16990.0,PAGO,1 enero 2026 - 1 mayo 2026.xlsx,,,2026-05-27 15:01:08.333979,,ajustes,Ajuste por Retraso en Entrega,True
ML,POS_137359078623_1 enero 2026 - 1 mayo 2026.xlsx_889,2000014314476968,2026-02-01,smaller_than_expected_fashion,27990.0,PAGO,1 enero 2026 - 1 mayo 2026.xlsx,,,2026-05-27 15:01:08.333979,,ajustes,Ajuste por Talla/Garantía,False
ML,POS_139212335699_1 enero 2026 - 1 mayo 2026.xlsx_890,2000014503333740,2026-02-01,smaller_than_expected_fashion,29990.0,PAGO,1 enero 2026 - 1 mayo 2026.xlsx,,,2026-05-27 15:01:08.333979,,ajustes,Ajuste por Talla/Garantía,False
ML,POS_139491576838_1 enero 2026 - 1 mayo 2026.xlsx_891,2000014467728090,2026-02-01,smaller_than_expected_fashion,29990.0,PAGO,1 enero 2026 - 1 mayo 2026.xlsx,,,2026-05-27 15:01:08.333979,,ajustes,Ajuste por Talla/Garantía,False
ML,POS_139212495243_1 enero 2026 - 1 mayo 2026.xlsx_892,2000014503347454,2026-02-01,smaller_than_expected_fashion,34990.0,PAGO,1 enero 2026 - 1 mayo 2026.xlsx,,,2026-05-27 15:01:08.333979,,ajustes,Ajuste por Talla/Garantía,False
ML,POS_139792827512_1 enero 2026 - 1 mayo 2026.xlsx_893,2000014495923586,2026-02-01,smaller_than_expected_fashion,11990.0,PAGO,1 enero 2026 - 1 mayo 2026.xlsx,,,2026-05-27 15:01:08.333979,,ajustes,Ajuste por Talla/Garantía,False
ML,POS_139145535785_1 enero 2026 - 1 mayo 2026.xlsx_894,2000014495923588,2026-02-01,smaller_than_expected_fashion,19990.0,PAGO,1 enero 2026 - 1 mayo 2026.xlsx,,,2026-05-27 15:01:08.333979,,ajustes,Ajuste por Talla/Garantía,False
ML,POS_138837615161_1 enero 2026 - 1 mayo 2026.xlsx_895,2000014466580650,2026-02-01,smaller_than_expected_fashion,26990.0,PAGO,1 enero 2026 - 1 mayo 2026.xlsx,,,2026-05-27 15:01:08.333979,,ajustes,Ajuste por Talla/Garantía,False
ML,POS_138836968807_1 enero 2026 - 1 mayo 2026.xlsx_896,2000014466496854,2026-02-01,bigger_than_expected_fashion,16990.0,PAGO,1 enero 2026 - 1 mayo 2026.xlsx,,,2026-05-27 15:01:08.333979,,ajustes,Ajuste por Talla/Garantía,False
ML,POS_138837026181_1 enero 2026 - 1 mayo 2026.xlsx_897,2000014466496856,2026-02-01,bigger_than_expected_fashion,16990.0,PAGO,1 enero 2026 - 1 mayo 2026.xlsx,,,2026-05-27 15:01:08.333979,,ajustes,Ajuste por Talla/Garantía,False
ML,POS_140170946600_1 enero 2026 - 1 mayo 2026.xlsx_898,2000014526809330,2026-02-01,undelivered_repentant_buyer,37990.0,PAGO,1 enero 2026 - 1 mayo 2026.xlsx,,,2026-05-27 15:01:08.333979,,ajustes,Ajuste por Arrepentimiento,True
ML,POS_139049122315_1 enero 2026 - 1 mayo 2026.xlsx_900,2000014486707262,2026-02-01,smaller_than_expected_fashion,36990.0,PAGO,1 enero 2026 - 1 mayo 2026.xlsx,,,2026-05-27 15:01:08.333979,,ajustes,Ajuste por Talla/Garantía,False
ML,POS_154493841940_1 enero 2026 - 1 mayo 2026.xlsx_1030,2000015953985980,2026-12-04,bpp_refunded,9990.0,PAGO,1 enero 2026 - 1 mayo 2026.xlsx,,,2026-05-27 15:01:08.333979,,ajustes,Ajuste por Compra Protegida (BPP),False
ML,POS_153731996125_1 enero 2026 - 1 mayo 2026.xlsx_1031,2000015952338522,2026-12-04,bpp_refunded,44990.0,PAGO,1 enero 2026 - 1 mayo 2026.xlsx,,,2026-05-27 15:01:08.333979,,ajustes,Ajuste por Compra Protegida (BPP),False
ML,POS_153718563481_1 enero 2026 - 1 mayo 2026.xlsx_1032,2000015950724390,2026-12-04,bpp_refunded,24990.0,PAGO,1 enero 2026 - 1 mayo 2026.xlsx,,,2026-05-27 15:01:08.333979,,ajustes,Ajuste por Compra Protegida (BPP),False
ML,POS_154408025114_1 enero 2026 - 1 mayo 2026.xlsx_1033,2000015944685678,2026-12-04,bpp_refunded,28990.0,PAGO,1 enero 2026 - 1 mayo 2026.xlsx,,,2026-05-27 15:01:08.333979,,ajustes,Ajuste por Compra Protegida (BPP),False
ML,POS_154372919688_1 enero 2026 - 1 mayo 2026.xlsx_1034,2000015941626926,2026-11-04,bpp_refunded,39990.0,PAGO,1 enero 2026 - 1 mayo 2026.xlsx,,,2026-05-27 15:01:08.333979,,ajustes,Ajuste por Compra Protegida (BPP),False
ML,POS_154361930256_1 enero 2026 - 1 mayo 2026.xlsx_1035,nan,2026-11-04,Ajuste Poscobro,299.0,PAGO,1 enero 2026 - 1 mayo 2026.xlsx,,,2026-05-27 15:01:08.333979,,ajustes,Ajuste Poscobro General,True
ML,POS_154361586294_1 enero 2026 - 1 mayo 2026.xlsx_1036,2000015940795414,2026-11-04,reconciled,39990.0,PAGO,1 enero 2026 - 1 mayo 2026.xlsx,,,2026-05-27 15:01:08.333979,,ajustes,Ajuste Poscobro Conciliado,False
ML,POS_153610097553_1 enero 2026 - 1 mayo 2026.xlsx_1037,2000015940507490,2026-11-04,bpp_refunded,14114.0,PAGO,1 enero 2026 - 1 mayo 2026.xlsx,,,2026-05-27 15:01:08.333979,,ajustes,Ajuste por Compra Protegida (BPP),False
ML,POS_153610067767_1 enero 2026 - 1 mayo 2026.xlsx_1038,2000015940507490,2026-11-04,reconciled,20876.0,PAGO,1 enero 2026 - 1 mayo 2026.xlsx,,,2026-05-27 15:01:08.333979,,ajustes,Ajuste Poscobro Conciliado,False
ML,POS_154220724298_1 enero 2026 - 1 mayo 2026.xlsx_1039,2000015929074996,2026-10-04,bpp_refunded,26990.0,PAGO,1 enero 2026 - 1 mayo 2026.xlsx,,,2026-05-27 15:01:08.333979,,ajustes,Ajuste por Compra Protegida (BPP),False
ML,POS_154168810614_1 enero 2026 - 1 mayo 2026.xlsx_1040,2000015925133376,2026-10-04,bpp_refunded,59990.0,PAGO,1 enero 2026 - 1 mayo 2026.xlsx,,,2026-05-27 15:01:08.333979,,ajustes,Ajuste por Compra Protegida (BPP),False
ML,POS_154168816536_1 enero 2026 - 1 mayo 2026.xlsx_1041,2000015925127684,2026-10-04,bpp_refunded,69990.0,PAGO,1 enero 2026 - 1 mayo 2026.xlsx,,,2026-05-27 15:01:08.333979,,ajustes,Ajuste por Compra Protegida (BPP),False
ML,POS_154122305682_1 enero 2026 - 1 mayo 2026.xlsx_1042,2000015921230154,2026-10-04,bpp_refunded,44990.0,PAGO,1 enero 2026 - 1 mayo 2026.xlsx,,,2026-05-27 15:01:08.333979,,ajustes,Ajuste por Compra Protegida (BPP),False
ML,POS_153371041185_1 enero 2026 - 1 mayo 2026.xlsx_1043,nan,2026-10-04,Ajuste Poscobro,289.0,PAGO,1 enero 2026 - 1 mayo 2026.xlsx,,,2026-05-27 15:01:08.333979,,ajustes,Ajuste Poscobro General,True
ML,POS_154116656618_1 enero 2026 - 1 mayo 2026.xlsx_1044,2000015920744978,2026-10-04,reconciled,34990.0,PAGO,1 enero 2026 - 1 mayo 2026.xlsx,,,2026-05-27 15:01:08.333979,,ajustes,Ajuste Poscobro Conciliado,False
ML,POS_153342842637_1 enero 2026 - 1 mayo 2026.xlsx_1045,2000015919158672,2026-10-04,bpp_refunded,41990.0,PAGO,1 enero 2026 - 1 mayo 2026.xlsx,,,2026-05-27 15:01:08.333979,,ajustes,Ajuste por Compra Protegida (BPP),False
ML,POS_154084610856_1 enero 2026 - 1 mayo 2026.xlsx_1046,2000015918809438,2026-10-04,reconciled,34990.0,PAGO,1 enero 2026 - 1 mayo 2026.xlsx,,,2026-05-27 15:01:08.333979,,ajustes,Ajuste Poscobro Conciliado,False
ML,POS_153332234645_1 enero 2026 - 1 mayo 2026.xlsx_1047,2000015918027254,2026-09-04,reconciled,39990.0,PAGO,1 enero 2026 - 1 mayo 2026.xlsx,,,2026-05-27 15:01:08.333979,,ajustes,Ajuste Poscobro Conciliado,False
ML,POS_153317737387_1 enero 2026 - 1 mayo 2026.xlsx_1048,2000015916118580,2026-09-04,reconciled,21990.0,PAGO,1 enero 2026 - 1 mayo 2026.xlsx,,,2026-05-27 15:01:08.333979,,ajustes,Ajuste Poscobro Conciliado,False
ML,POS_153306560801_1 enero 2026 - 1 mayo 2026.xlsx_1049,2000015914939182,2026-09-04,bpp_refunded,34990.0,PAGO,1 enero 2026 - 1 mayo 2026.xlsx,,,2026-05-27 15:01:08.333979,,ajustes,Ajuste por Compra Protegida (BPP),False
ML,POS_153298905037_1 enero 2026 - 1 mayo 2026.xlsx_1050,2000015914281812,2026-09-04,bpp_refunded,39990.0,PAGO,1 enero 2026 - 1 mayo 2026.xlsx,,,2026-05-27 15:01:08.333979,,ajustes,Ajuste por Compra Protegida (BPP),False
ML,POS_154044240364_1 enero 2026 - 1 mayo 2026.xlsx_1051,2000015914289356,2026-09-04,bpp_refunded,39990.0,PAGO,1 enero 2026 - 1 mayo 2026.xlsx,,,2026-05-27 15:01:08.333979,,ajustes,Ajuste por Compra Protegida (BPP),False
ML,POS_154037407772_1 enero 2026 - 1 mayo 2026.xlsx_1052,2000015913711558,2026-09-04,bpp_refunded,39990.0,PAGO,1 enero 2026 - 1 mayo 2026.xlsx,,,2026-05-27 15:01:08.333979,,ajustes,Ajuste por Compra Protegida (BPP),False
ML,POS_154011721812_1 enero 2026 - 1 mayo 2026.xlsx_1053,2000015911422396,2026-09-04,reconciled,24990.0,PAGO,1 enero 2026 - 1 mayo 2026.xlsx,,,2026-05-27 15:01:08.333979,,ajustes,Ajuste Poscobro Conciliado,False
ML,POS_153253101809_1 enero 2026 - 1 mayo 2026.xlsx_1054,2000015909785620,2026-09-04,reconciled,39990.0,PAGO,1 enero 2026 - 1 mayo 2026.xlsx,,,2026-05-27 15:01:08.333979,,ajustes,Ajuste Poscobro Conciliado,False
ML,POS_153986032862_1 enero 2026 - 1 mayo 2026.xlsx_1055,2000015908301632,2026-09-04,bpp_refunded,22990.0,PAGO,1 enero 2026 - 1 mayo 2026.xlsx,,,2026-05-27 15:01:08.333979,,ajustes,Ajuste por Compra Protegida (BPP),False
ML,POS_153978300062_1 enero 2026 - 1 mayo 2026.xlsx_1057,nan,2026-09-04,Ajuste Poscobro,289.0,PAGO,1 enero 2026 - 1 mayo 2026.xlsx,,,2026-05-27 15:01:08.333979,,ajustes,Ajuste Poscobro General,True
ML,POS_153232959963_1 enero 2026 - 1 mayo 2026.xlsx_1058,2000015903622780,2026-09-04,reconciled,29990.0,PAGO,1 enero 2026 - 1 mayo 2026.xlsx,,,2026-05-27 15:01:08.333979,,ajustes,Ajuste Poscobro Conciliado,False
ML,POS_153218738629_1 enero 2026 - 1 mayo 2026.xlsx_1059,2000015906274664,2026-09-04,bpp_covered,28990.0,PAGO,1 enero 2026 - 1 mayo 2026.xlsx,,,2026-05-27 15:01:08.333979,,ajustes,Ajuste por Compra Protegida (BPP),True
ML,POS_153950210110_1 enero 2026 - 1 mayo 2026.xlsx_1060,2000015904946068,2026-09-04,reconciled,41990.0,PAGO,1 enero 2026 - 1 mayo 2026.xlsx,,,2026-05-27 15:01:08.333979,,ajustes,Ajuste Poscobro Conciliado,False
ML,POS_153164070043_1 enero 2026 - 1 mayo 2026.xlsx_1061,2000015901153692,2026-08-04,bpp_refunded,119970.0,PAGO,1 enero 2026 - 1 mayo 2026.xlsx,,,2026-05-27 15:01:08.333979,,ajustes,Ajuste por Compra Protegida (BPP),False
ML,POS_153162695269_1 enero 2026 - 1 mayo 2026.xlsx_1062,2000015900946334,2026-08-04,bpp_refunded,39990.0,PAGO,1 enero 2026 - 1 mayo 2026.xlsx,,,2026-05-27 15:01:08.333979,,ajustes,Ajuste por Compra Protegida (BPP),False
ML,POS_153162689309_1 enero 2026 - 1 mayo 2026.xlsx_1063,2000015900939534,2026-08-04,bpp_refunded,9990.0,PAGO,1 enero 2026 - 1 mayo 2026.xlsx,,,2026-05-27 15:01:08.333979,,ajustes,Ajuste por Compra Protegida (BPP),False
ML,POS_153162659909_1 enero 2026 - 1 mayo 2026.xlsx_1064,2000015900948160,2026-08-04,bpp_refunded,31990.0,PAGO,1 enero 2026 - 1 mayo 2026.xlsx,,,2026-05-27 15:01:08.333979,,ajustes,Ajuste por Compra Protegida (BPP),False
ML,POS_153142219083_1 enero 2026 - 1 mayo 2026.xlsx_1065,2000015898509062,2026-08-04,bpp_refunded,39990.0,PAGO,1 enero 2026 - 1 mayo 2026.xlsx,,,2026-05-27 15:01:08.333979,,ajustes,Ajuste por Compra Protegida (BPP),False
ML,POS_153875860688_1 enero 2026 - 1 mayo 2026.xlsx_1066,2000015897551522,2026-08-04,reconciled,31990.0,PAGO,1 enero 2026 - 1 mayo 2026.xlsx,,,2026-05-27 15:01:08.333979,,ajustes,Ajuste Poscobro Conciliado,False
ML,POS_153060216365_1 enero 2026 - 1 mayo 2026.xlsx_1067,nan,2026-08-04,Ajuste Poscobro,1046.0,PAGO,1 enero 2026 - 1 mayo 2026.xlsx,,,2026-05-27 15:01:08.333979,,ajustes,Ajuste Poscobro General,True
ML,POS_153803384066_1 enero 2026 - 1 mayo 2026.xlsx_1068,2000015890032978,2026-08-04,bpp_refunded,11990.0,PAGO,1 enero 2026 - 1 mayo 2026.xlsx,,,2026-05-27 15:01:08.333979,,ajustes,Ajuste por Compra Protegida (BPP),False
ML,POS_153803600208_1 enero 2026 - 1 mayo 2026.xlsx_1069,nan,2026-08-04,bpp_refunded,1944.0,PAGO,1 enero 2026 - 1 mayo 2026.xlsx,,,2026-05-27 15:01:08.333979,,ajustes,Ajuste por Compra Protegida (BPP),False
ML,POS_153796701536_1 enero 2026 - 1 mayo 2026.xlsx_1070,nan,2026-08-04,Ajuste Poscobro,289.0,PAGO,1 enero 2026 - 1 mayo 2026.xlsx,,,2026-05-27 15:01:08.333979,,ajustes,Ajuste Poscobro General,True
ML,POS_153052814467_1 enero 2026 - 1 mayo 2026.xlsx_1071,2000015889310576,2026-08-04,bpp_refunded,34990.0,PAGO,1 enero 2026 - 1 mayo 2026.xlsx,,,2026-05-27 15:01:08.333979,,ajustes,Ajuste por Compra Protegida (BPP),False
ML,POS_153012597873_1 enero 2026 - 1 mayo 2026.xlsx_1072,2000015886258022,2026-08-04,bpp_refunded,32990.0,PAGO,1 enero 2026 - 1 mayo 2026.xlsx,,,2026-05-27 15:01:08.333979,,ajustes,Ajuste por Compra Protegida (BPP),False
ML,POS_153753931724_1 enero 2026 - 1 mayo 2026.xlsx_1073,2000015885982166,2026-07-04,reconciled,19990.0,PAGO,1 enero 2026 - 1 mayo 2026.xlsx,,,2026-05-27 15:01:08.333979,,ajustes,Ajuste Poscobro Conciliado,False
ML,POS_153006407395_1 enero 2026 - 1 mayo 2026.xlsx_1074,2000015885232726,2026-07-04,bpp_refunded,22990.0,PAGO,1 enero 2026 - 1 mayo 2026.xlsx,,,2026-05-27 15:01:08.333979,,ajustes,Ajuste por Compra Protegida (BPP),False
ML,POS_153002551877_1 enero 2026 - 1 mayo 2026.xlsx_1075,2000015884546842,2026-07-04,reconciled,39990.0,PAGO,1 enero 2026 - 1 mayo 2026.xlsx,,,2026-05-27 15:01:08.333979,,ajustes,Ajuste Poscobro Conciliado,False
ML,POS_153741237592_1 enero 2026 - 1 mayo 2026.xlsx_1076,nan,2026-07-04,Ajuste Poscobro,299.0,PAGO,1 enero 2026 - 1 mayo 2026.xlsx,,,2026-05-27 15:01:08.333979,,ajustes,Ajuste Poscobro General,True
ML,POS_153740915684_1 enero 2026 - 1 mayo 2026.xlsx_1077,2000015883785730,2026-07-04,bpp_refunded,37990.0,PAGO,1 enero 2026 - 1 mayo 2026.xlsx,,,2026-05-27 15:01:08.333979,,ajustes,Ajuste por Compra Protegida (BPP),False
ML,POS_152992585663_1 enero 2026 - 1 mayo 2026.xlsx_1078,2000015883061524,2026-07-04,bpp_refunded,17990.0,PAGO,1 enero 2026 - 1 mayo 2026.xlsx,,,2026-05-27 15:01:08.333979,,ajustes,Ajuste por Compra Protegida (BPP),False
ML,POS_152949005759_1 enero 2026 - 1 mayo 2026.xlsx_1079,2000015878656774,2026-07-04,bpp_refunded,25990.0,PAGO,1 enero 2026 - 1 mayo 2026.xlsx,,,2026-05-27 15:01:08.333979,,ajustes,Ajuste por Compra Protegida (BPP),False
ML,POS_153629142574_1 enero 2026 - 1 mayo 2026.xlsx_1080,2000015871674466,2026-07-04,Ajuste Poscobro,34990.0,PAGO,1 enero 2026 - 1 mayo 2026.xlsx,,,2026-05-27 15:01:08.333979,,ajustes,Ajuste Poscobro General,True
ML,POS_152850909265_1 enero 2026 - 1 mayo 2026.xlsx_1081,2000015869081800,2026-07-04,bpp_refunded,39990.0,PAGO,1 enero 2026 - 1 mayo 2026.xlsx,,,2026-05-27 15:01:08.333979,,ajustes,Ajuste por Compra Protegida (BPP),False
ML,POS_153593163836_1 enero 2026 - 1 mayo 2026.xlsx_1082,2000015869082374,2026-07-04,bpp_refunded,29990.0,PAGO,1 enero 2026 - 1 mayo 2026.xlsx,,,2026-05-27 15:01:08.333979,,ajustes,Ajuste por Compra Protegida (BPP),False
ML,POS_152841789673_1 enero 2026 - 1 mayo 2026.xlsx_1085,2000015867618328,2026-06-04,bpp_refunded,24990.0,PAGO,1 enero 2026 - 1 mayo 2026.xlsx,,,2026-05-27 15:01:08.333979,,ajustes,Ajuste por Compra Protegida (BPP),False
ML,POS_153512316712_1 enero 2026 - 1 mayo 2026.xlsx_1086,2000015859191374,2026-06-04,reconciled,34990.0,PAGO,1 enero 2026 - 1 mayo 2026.xlsx,,,2026-05-27 15:01:08.333979,,ajustes,Ajuste Poscobro Conciliado,False
ML,POS_153505518230_1 enero 2026 - 1 mayo 2026.xlsx_1087,2000015858470136,2026-06-04,bpp_refunded,71990.0,PAGO,1 enero 2026 - 1 mayo 2026.xlsx,,,2026-05-27 15:01:08.333979,,ajustes,Ajuste por Compra Protegida (BPP),False
ML,POS_153490491566_1 enero 2026 - 1 mayo 2026.xlsx_1088,nan,2026-06-04,Ajuste Poscobro,3090.0,PAGO,1 enero 2026 - 1 mayo 2026.xlsx,,,2026-05-27 15:01:08.333979,,ajustes,Ajuste Poscobro General,True
ML,POS_153490395220_1 enero 2026 - 1 mayo 2026.xlsx_1089,nan,2026-06-04,Ajuste Poscobro,309.0,PAGO,1 enero 2026 - 1 mayo 2026.xlsx,,,2026-05-27 15:01:08.333979,,ajustes,Ajuste Poscobro General,True
ML,POS_152748150003_1 enero 2026 - 1 mayo 2026.xlsx_1090,2000015857053942,2026-06-04,bpp_refunded,17990.0,PAGO,1 enero 2026 - 1 mayo 2026.xlsx,,,2026-05-27 15:01:08.333979,,ajustes,Ajuste por Compra Protegida (BPP),False
ML,POS_152748218119_1 enero 2026 - 1 mayo 2026.xlsx_1091,2000015857053976,2026-06-04,bpp_refunded,37990.0,PAGO,1 enero 2026 - 1 mayo 2026.xlsx,,,2026-05-27 15:01:08.333979,,ajustes,Ajuste por Compra Protegida (BPP),False
ML,POS_152743151185_1 enero 2026 - 1 mayo 2026.xlsx_1092,nan,2026-06-04,Ajuste Poscobro,289.0,PAGO,1 enero 2026 - 1 mayo 2026.xlsx,,,2026-05-27 15:01:08.333979,,ajustes,Ajuste Poscobro General,True
ML,POS_152742886171_1 enero 2026 - 1 mayo 2026.xlsx_1093,2000015856545620,2026-06-04,bpp_refunded,4100.0,PAGO,1 enero 2026 - 1 mayo 2026.xlsx,,,2026-05-27 15:01:08.333979,,ajustes,Ajuste por Compra Protegida (BPP),False
ML,POS_153484629918_1 enero 2026 - 1 mayo 2026.xlsx_1096,2000015856545620,2026-06-04,bpp_refunded,25890.0,PAGO,1 enero 2026 - 1 mayo 2026.xlsx,,,2026-05-27 15:01:08.333979,,ajustes,Ajuste por Compra Protegida (BPP),False
ML,POS_152688138917_1 enero 2026 - 1 mayo 2026.xlsx_1097,nan,2026-05-04,bpp_refunded,2890.0,PAGO,1 enero 2026 - 1 mayo 2026.xlsx,,,2026-05-27 15:01:08.333979,,ajustes,Ajuste por Compra Protegida (BPP),False
ML,POS_152688043991_1 enero 2026 - 1 mayo 2026.xlsx_1098,2000015852188260,2026-05-04,bpp_refunded,9990.0,PAGO,1 enero 2026 - 1 mayo 2026.xlsx,,,2026-05-27 15:01:08.333979,,ajustes,Ajuste por Compra Protegida (BPP),False
ML,POS_152667672715_1 enero 2026 - 1 mayo 2026.xlsx_1099,2000015849445124,2026-05-04,bpp_refunded,22990.0,PAGO,1 enero 2026 - 1 mayo 2026.xlsx,,,2026-05-27 15:01:08.333979,,ajustes,Ajuste por Compra Protegida (BPP),False
ML,POS_152660705693_1 enero 2026 - 1 mayo 2026.xlsx_1100,2000015848668062,2026-05-04,bpp_refunded,19190.0,PAGO,1 enero 2026 - 1 mayo 2026.xlsx,,,2026-05-27 15:01:08.333979,,ajustes,Ajuste por Compra Protegida (BPP),False
ML,POS_153349738246_1 enero 2026 - 1 mayo 2026.xlsx_1101,2000015843337312,2026-05-04,bpp_refunded,34390.0,PAGO,1 enero 2026 - 1 mayo 2026.xlsx,,,2026-05-27 15:01:08.333979,,ajustes,Ajuste por Compra Protegida (BPP),False
ML,POS_152598656943_1 enero 2026 - 1 mayo 2026.xlsx_1102,2000015842484864,2026-05-04,bpp_refunded,29990.0,PAGO,1 enero 2026 - 1 mayo 2026.xlsx,,,2026-05-27 15:01:08.333979,,ajustes,Ajuste por Compra Protegida (BPP),False
ML,POS_153199264724_1 enero 2026 - 1 mayo 2026.xlsx_1124,2000015828881156,2026-03-04,bpp_refunded,31990.0,PAGO,1 enero 2026 - 1 mayo 2026.xlsx,,,2026-05-27 15:01:08.333979,,ajustes,Ajuste por Compra Protegida (BPP),False
ML,POS_153199205178_1 enero 2026 - 1 mayo 2026.xlsx_1125,2000015828886040,2026-03-04,bpp_refunded,19590.0,PAGO,1 enero 2026 - 1 mayo 2026.xlsx,,,2026-05-27 15:01:08.333979,,ajustes,Ajuste por Compra Protegida (BPP),False
ML,POS_153199222934_1 enero 2026 - 1 mayo 2026.xlsx_1126,2000015828886038,2026-03-04,bpp_refunded,21990.0,PAGO,1 enero 2026 - 1 mayo 2026.xlsx,,,2026-05-27 15:01:08.333979,,ajustes,Ajuste por Compra Protegida (BPP),False
ML,POS_153199074070_1 enero 2026 - 1 mayo 2026.xlsx_1127,2000015828886036,2026-03-04,bpp_refunded,31990.0,PAGO,1 enero 2026 - 1 mayo 2026.xlsx,,,2026-05-27 15:01:08.333979,,ajustes,Ajuste por Compra Protegida (BPP),False
ML,POS_152419092707_1 enero 2026 - 1 mayo 2026.xlsx_1128,2000015824576814,2026-03-04,reconciled,44990.0,PAGO,1 enero 2026 - 1 mayo 2026.xlsx,,,2026-05-27 15:01:08.333979,,ajustes,Ajuste Poscobro Conciliado,False
ML,POS_152363294271_1 enero 2026 - 1 mayo 2026.xlsx_1129,2000015818484020,2026-03-04,bpp_refunded,22990.0,PAGO,1 enero 2026 - 1 mayo 2026.xlsx,,,2026-05-27 15:01:08.333979,,ajustes,Ajuste por Compra Protegida (BPP),False
ML,POS_152347128543_1 enero 2026 - 1 mayo 2026.xlsx_1130,2000015816704864,2026-02-04,bpp_refunded,44990.0,PAGO,1 enero 2026 - 1 mayo 2026.xlsx,,,2026-05-27 15:01:08.333979,,ajustes,Ajuste por Compra Protegida (BPP),False
ML,POS_153083853452_1 enero 2026 - 1 mayo 2026.xlsx_1131,2000015816379292,2026-02-04,reconciled,34990.0,PAGO,1 enero 2026 - 1 mayo 2026.xlsx,,,2026-05-27 15:01:08.333979,,ajustes,Ajuste Poscobro Conciliado,False
ML,POS_153051839468_1 enero 2026 - 1 mayo 2026.xlsx_1132,2000015813522376,2026-02-04,bpp_refunded,55990.0,PAGO,1 enero 2026 - 1 mayo 2026.xlsx,,,2026-05-27 15:01:08.333979,,ajustes,Ajuste por Compra Protegida (BPP),False
ML,POS_152311400239_1 enero 2026 - 1 mayo 2026.xlsx_1133,2000015813461834,2026-02-04,bpp_refunded,35990.0,PAGO,1 enero 2026 - 1 mayo 2026.xlsx,,,2026-05-27 15:01:08.333979,,ajustes,Ajuste por Compra Protegida (BPP),False
ML,POS_152281808457_1 enero 2026 - 1 mayo 2026.xlsx_1134,2000015811031176,2026-02-04,reconciled,34990.0,PAGO,1 enero 2026 - 1 mayo 2026.xlsx,,,2026-05-27 15:01:08.333979,,ajustes,Ajuste Poscobro Conciliado,False
ML,POS_152268419855_1 enero 2026 - 1 mayo 2026.xlsx_1135,2000015809652808,2026-02-04,bpp_refunded,34990.0,PAGO,1 enero 2026 - 1 mayo 2026.xlsx,,,2026-05-27 15:01:08.333979,,ajustes,Ajuste por Compra Protegida (BPP),False
ML,POS_152265485533_1 enero 2026 - 1 mayo 2026.xlsx_1138,2000015809350610,2026-02-04,bpp_refunded,16990.0,PAGO,1 enero 2026 - 1 mayo 2026.xlsx,,,2026-05-27 15:01:08.333979,,ajustes,Ajuste por Compra Protegida (BPP),False
ML,POS_152265531081_1 enero 2026 - 1 mayo 2026.xlsx_1139,2000015809350610,2026-02-04,bpp_refunded,18000.0,PAGO,1 enero 2026 - 1 mayo 2026.xlsx,,,2026-05-27 15:01:08.333979,,ajustes,Ajuste por Compra Protegida (BPP),False
ML,POS_152989539918_1 enero 2026 - 1 mayo 2026.xlsx_1140,2000015807967434,2026-02-04,bpp_refunded,41990.0,PAGO,1 enero 2026 - 1 mayo 2026.xlsx,,,2026-05-27 15:01:08.333979,,ajustes,Ajuste por Compra Protegida (BPP),False
ML,POS_152230410511_1 enero 2026 - 1 mayo 2026.xlsx_1141,2000015806244300,2026-02-04,bpp_refunded,79990.0,PAGO,1 enero 2026 - 1 mayo 2026.xlsx,,,2026-05-27 15:01:08.333979,,ajustes,Ajuste por Compra Protegida (BPP),False
ML,POS_152226802411_1 enero 2026 - 1 mayo 2026.xlsx_1142,2000015805882070,2026-02-04,bpp_refunded,20790.0,PAGO,1 enero 2026 - 1 mayo 2026.xlsx,,,2026-05-27 15:01:08.333979,,ajustes,Ajuste por Compra Protegida (BPP),False
ML,POS_152938028030_1 enero 2026 - 1 mayo 2026.xlsx_1143,2000015802672026,2026-01-04,reconciled,6714.0,PAGO,1 enero 2026 - 1 mayo 2026.xlsx,,,2026-05-27 15:01:08.333979,,ajustes,Ajuste Poscobro Conciliado,False
ML,POS_152938014042_1 enero 2026 - 1 mayo 2026.xlsx_1144,2000015802672026,2026-01-04,bpp_refunded,14276.0,PAGO,1 enero 2026 - 1 mayo 2026.xlsx,,,2026-05-27 15:01:08.333979,,ajustes,Ajuste por Compra Protegida (BPP),False
ML,POS_152188361439_1 enero 2026 - 1 mayo 2026.xlsx_1145,nan,2026-01-04,Ajuste Poscobro,299.0,PAGO,1 enero 2026 - 1 mayo 2026.xlsx,,,2026-05-27 15:01:08.333979,,ajustes,Ajuste Poscobro General,True
ML,POS_152927165128_1 enero 2026 - 1 mayo 2026.xlsx_1146,2000015801356914,2026-01-04,bpp_refunded,34990.0,PAGO,1 enero 2026 - 1 mayo 2026.xlsx,,,2026-05-27 15:01:08.333979,,ajustes,Ajuste por Compra Protegida (BPP),False
ML,POS_152147378265_1 enero 2026 - 1 mayo 2026.xlsx_1147,2000015798197520,2026-01-04,bpp_refunded,36990.0,PAGO,1 enero 2026 - 1 mayo 2026.xlsx,,,2026-05-27 15:01:08.333979,,ajustes,Ajuste por Compra Protegida (BPP),False
ML,POS_152867096820_1 enero 2026 - 1 mayo 2026.xlsx_1148,2000015796374582,2026-01-04,reconciled,22990.0,PAGO,1 enero 2026 - 1 mayo 2026.xlsx,,,2026-05-27 15:01:08.333979,,ajustes,Ajuste Poscobro Conciliado,False
ML,POS_152094244265_1 enero 2026 - 1 mayo 2026.xlsx_1149,2000015793248452,2026-01-04,bpp_refunded,26990.0,PAGO,1 enero 2026 - 1 mayo 2026.xlsx,,,2026-05-27 15:01:08.333979,,ajustes,Ajuste por Compra Protegida (BPP),False
ML,POS_152820916666_1 enero 2026 - 1 mayo 2026.xlsx_1150,2000015792209182,2026-01-04,bpp_refunded,36990.0,PAGO,1 enero 2026 - 1 mayo 2026.xlsx,,,2026-05-27 15:01:08.333979,,ajustes,Ajuste por Compra Protegida (BPP),False
ML,POS_152810725084_1 enero 2026 - 1 mayo 2026.xlsx_1151,2000015791334972,2026-01-04,bpp_refunded,35990.0,PAGO,1 enero 2026 - 1 mayo 2026.xlsx,,,2026-05-27 15:01:08.333979,,ajustes,Ajuste por Compra Protegida (BPP),False
ML,POS_150069455710_1 enero 2026 - 1 mayo 2026.xlsx_1264,2000015520401738,2026-12-03,bpp_refunded,38990.0,PAGO,1 enero 2026 - 1 mayo 2026.xlsx,,,2026-05-27 15:01:08.333979,,ajustes,Ajuste por Compra Protegida (BPP),False
ML,POS_150068592704_1 enero 2026 - 1 mayo 2026.xlsx_1265,2000015520259930,2026-12-03,reconciled,34990.0,PAGO,1 enero 2026 - 1 mayo 2026.xlsx,,,2026-05-27 15:01:08.333979,,ajustes,Ajuste Poscobro Conciliado,False
ML,POS_149342495985_1 enero 2026 - 1 mayo 2026.xlsx_1266,2000015519662282,2026-12-03,reconciled,44990.0,PAGO,1 enero 2026 - 1 mayo 2026.xlsx,,,2026-05-27 15:01:08.333979,,ajustes,Ajuste Poscobro Conciliado,False
ML,POS_150022007594_1 enero 2026 - 1 mayo 2026.xlsx_1267,2000015514932370,2026-12-03,reconciled,6170.0,PAGO,1 enero 2026 - 1 mayo 2026.xlsx,,,2026-05-27 15:01:08.333979,,ajustes,Ajuste Poscobro Conciliado,False
ML,POS_149301780599_1 enero 2026 - 1 mayo 2026.xlsx_1268,2000015514932370,2026-12-03,bpp_refunded,23820.0,PAGO,1 enero 2026 - 1 mayo 2026.xlsx,,,2026-05-27 15:01:08.333979,,ajustes,Ajuste por Compra Protegida (BPP),False
ML,POS_149251249987_1 enero 2026 - 1 mayo 2026.xlsx_1269,2000015510347872,2026-11-03,reconciled,31990.0,PAGO,1 enero 2026 - 1 mayo 2026.xlsx,,,2026-05-27 15:01:08.333979,,ajustes,Ajuste Poscobro Conciliado,False
ML,POS_149249738947_1 enero 2026 - 1 mayo 2026.xlsx_1270,2000015510061872,2026-11-03,bpp_refunded,18990.0,PAGO,1 enero 2026 - 1 mayo 2026.xlsx,,,2026-05-27 15:01:08.333979,,ajustes,Ajuste por Compra Protegida (BPP),False
ML,POS_149222651993_1 enero 2026 - 1 mayo 2026.xlsx_1271,2000015506741522,2026-11-03,bpp_refunded,9990.0,PAGO,1 enero 2026 - 1 mayo 2026.xlsx,,,2026-05-27 15:01:08.333979,,ajustes,Ajuste por Compra Protegida (BPP),False
ML,POS_149222663843_1 enero 2026 - 1 mayo 2026.xlsx_1272,2000015506741522,2026-11-03,bpp_refunded,30000.0,PAGO,1 enero 2026 - 1 mayo 2026.xlsx,,,2026-05-27 15:01:08.333979,,ajustes,Ajuste por Compra Protegida (BPP),False
ML,POS_149926999062_1 enero 2026 - 1 mayo 2026.xlsx_1273,2000015505275334,2026-11-03,reconciled,28990.0,PAGO,1 enero 2026 - 1 mayo 2026.xlsx,,,2026-05-27 15:01:08.333979,,ajustes,Ajuste Poscobro Conciliado,False
ML,POS_149204947983_1 enero 2026 - 1 mayo 2026.xlsx_1274,2000015505064790,2026-11-03,reconciled,14284.0,PAGO,1 enero 2026 - 1 mayo 2026.xlsx,,,2026-05-27 15:01:08.333979,,ajustes,Ajuste Poscobro Conciliado,False
ML,POS_149924834900_1 enero 2026 - 1 mayo 2026.xlsx_1275,2000015505064790,2026-11-03,bpp_refunded,15706.0,PAGO,1 enero 2026 - 1 mayo 2026.xlsx,,,2026-05-27 15:01:08.333979,,ajustes,Ajuste por Compra Protegida (BPP),False
ML,POS_149898574238_1 enero 2026 - 1 mayo 2026.xlsx_1276,2000015501779296,2026-11-03,bpp_refunded,36990.0,PAGO,1 enero 2026 - 1 mayo 2026.xlsx,,,2026-05-27 15:01:08.333979,,ajustes,Ajuste por Compra Protegida (BPP),False
ML,POS_149822402048_1 enero 2026 - 1 mayo 2026.xlsx_1277,2000015494511320,2026-10-03,bpp_refunded,36990.0,PAGO,1 enero 2026 - 1 mayo 2026.xlsx,,,2026-05-27 15:01:08.333979,,ajustes,Ajuste por Compra Protegida (BPP),False
ML,POS_149822481450_1 enero 2026 - 1 mayo 2026.xlsx_1278,2000015494511318,2026-10-03,bpp_refunded,9990.0,PAGO,1 enero 2026 - 1 mayo 2026.xlsx,,,2026-05-27 15:01:08.333979,,ajustes,Ajuste por Compra Protegida (BPP),False
ML,POS_149804974414_1 enero 2026 - 1 mayo 2026.xlsx_1279,2000015491717364,2026-10-03,bpp_refunded,21990.0,PAGO,1 enero 2026 - 1 mayo 2026.xlsx,,,2026-05-27 15:01:08.333979,,ajustes,Ajuste por Compra Protegida (BPP),False
ML,POS_149752866792_1 enero 2026 - 1 mayo 2026.xlsx_1280,2000015486241240,2026-10-03,bpp_refunded,29990.0,PAGO,1 enero 2026 - 1 mayo 2026.xlsx,,,2026-05-27 15:01:08.333979,,ajustes,Ajuste por Compra Protegida (BPP),False
ML,POS_148870917029_1 enero 2026 - 1 mayo 2026.xlsx_1281,2000015468555792,2026-09-03,bpp_refunded,37990.0,PAGO,1 enero 2026 - 1 mayo 2026.xlsx,,,2026-05-27 15:01:08.333979,,ajustes,Ajuste por Compra Protegida (BPP),False
ML,POS_148870774879_1 enero 2026 - 1 mayo 2026.xlsx_1282,2000015468543078,2026-09-03,reconciled,24990.0,PAGO,1 enero 2026 - 1 mayo 2026.xlsx,,,2026-05-27 15:01:08.333979,,ajustes,Ajuste Poscobro Conciliado,False
ML,POS_149442695710_1 enero 2026 - 1 mayo 2026.xlsx_1283,2000015452952282,2026-08-03,bpp_refunded,29000.0,PAGO,1 enero 2026 - 1 mayo 2026.xlsx,,,2026-05-27 15:01:08.333979,,ajustes,Ajuste por Compra Protegida (BPP),False
ML,POS_149442707632_1 enero 2026 - 1 mayo 2026.xlsx_1284,2000015452952282,2026-08-03,reconciled,2990.0,PAGO,1 enero 2026 - 1 mayo 2026.xlsx,,,2026-05-27 15:01:08.333979,,ajustes,Ajuste Poscobro Conciliado,False
ML,POS_149440679082_1 enero 2026 - 1 mayo 2026.xlsx_1285,2000015452700774,2026-08-03,bpp_refunded,59990.0,PAGO,1 enero 2026 - 1 mayo 2026.xlsx,,,2026-05-27 15:01:08.333979,,ajustes,Ajuste por Compra Protegida (BPP),False
ML,POS_149440467294_1 enero 2026 - 1 mayo 2026.xlsx_1286,nan,2026-08-03,Ajuste Poscobro,289.0,PAGO,1 enero 2026 - 1 mayo 2026.xlsx,,,2026-05-27 15:01:08.333979,,ajustes,Ajuste Poscobro General,True
ML,POS_148722999973_1 enero 2026 - 1 mayo 2026.xlsx_1287,2000015452653032,2026-08-03,bpp_refunded,29990.0,PAGO,1 enero 2026 - 1 mayo 2026.xlsx,,,2026-05-27 15:01:08.333979,,ajustes,Ajuste por Compra Protegida (BPP),False
ML,POS_149440088842_1 enero 2026 - 1 mayo 2026.xlsx_1288,2000015452654300,2026-08-03,bpp_refunded,24990.0,PAGO,1 enero 2026 - 1 mayo 2026.xlsx,,,2026-05-27 15:01:08.333979,,ajustes,Ajuste por Compra Protegida (BPP),False
ML,POS_148722991189_1 enero 2026 - 1 mayo 2026.xlsx_1289,2000015452653002,2026-08-03,bpp_refunded,11990.0,PAGO,1 enero 2026 - 1 mayo 2026.xlsx,,,2026-05-27 15:01:08.333979,,ajustes,Ajuste por Compra Protegida (BPP),False
ML,POS_149440005624_1 enero 2026 - 1 mayo 2026.xlsx_1290,2000015452654298,2026-08-03,bpp_refunded,9990.0,PAGO,1 enero 2026 - 1 mayo 2026.xlsx,,,2026-05-27 15:01:08.333979,,ajustes,Ajuste por Compra Protegida (BPP),False
ML,POS_149440076922_1 enero 2026 - 1 mayo 2026.xlsx_1291,2000015452654296,2026-08-03,bpp_refunded,11990.0,PAGO,1 enero 2026 - 1 mayo 2026.xlsx,,,2026-05-27 15:01:08.333979,,ajustes,Ajuste por Compra Protegida (BPP),False
ML,POS_148715071879_1 enero 2026 - 1 mayo 2026.xlsx_1292,2000015451907662,2026-08-03,bpp_refunded,35990.0,PAGO,1 enero 2026 - 1 mayo 2026.xlsx,,,2026-05-27 15:01:08.333979,,ajustes,Ajuste por Compra Protegida (BPP),False
ML,POS_148699521147_1 enero 2026 - 1 mayo 2026.xlsx_1293,2000015450593682,2026-08-03,bpp_refunded,29990.0,PAGO,1 enero 2026 - 1 mayo 2026.xlsx,,,2026-05-27 15:01:08.333979,,ajustes,Ajuste por Compra Protegida (BPP),False
ML,POS_148666904245_1 enero 2026 - 1 mayo 2026.xlsx_1294,2000015447708540,2026-07-03,bpp_refunded,22990.0,PAGO,1 enero 2026 - 1 mayo 2026.xlsx,,,2026-05-27 15:01:08.333979,,ajustes,Ajuste por Compra Protegida (BPP),False
ML,POS_148663256585_1 enero 2026 - 1 mayo 2026.xlsx_1295,2000015447302036,2026-07-03,reconciled,28990.0,PAGO,1 enero 2026 - 1 mayo 2026.xlsx,,,2026-05-27 15:01:08.333979,,ajustes,Ajuste Poscobro Conciliado,False
ML,POS_148609482339_1 enero 2026 - 1 mayo 2026.xlsx_1296,2000015442990894,2026-07-03,reconciled,38990.0,PAGO,1 enero 2026 - 1 mayo 2026.xlsx,,,2026-05-27 15:01:08.333979,,ajustes,Ajuste Poscobro Conciliado,False
ML,POS_148420225989_1 enero 2026 - 1 mayo 2026.xlsx_1297,2000015426929356,2026-06-03,reconciled,16093.0,PAGO,1 enero 2026 - 1 mayo 2026.xlsx,,,2026-05-27 15:01:08.333979,,ajustes,Ajuste Poscobro Conciliado,False
ML,POS_149125535166_1 enero 2026 - 1 mayo 2026.xlsx_1298,2000015426045392,2026-06-03,bpp_refunded,22990.0,PAGO,1 enero 2026 - 1 mayo 2026.xlsx,,,2026-05-27 15:01:08.333979,,ajustes,Ajuste por Compra Protegida (BPP),False
ML,POS_148395772303_1 enero 2026 - 1 mayo 2026.xlsx_1299,2000015424786778,2026-06-03,bpp_refunded,59940.0,PAGO,1 enero 2026 - 1 mayo 2026.xlsx,,,2026-05-27 15:01:08.333979,,ajustes,Ajuste por Compra Protegida (BPP),False
ML,POS_148345787147_1 enero 2026 - 1 mayo 2026.xlsx_1300,2000015420975474,2026-05-03,bpp_refunded,29990.0,PAGO,1 enero 2026 - 1 mayo 2026.xlsx,,,2026-05-27 15:01:08.333979,,ajustes,Ajuste por Compra Protegida (BPP),False
ML,POS_148345680995_1 enero 2026 - 1 mayo 2026.xlsx_1301,nan,2026-05-03,Ajuste Poscobro,289.0,PAGO,1 enero 2026 - 1 mayo 2026.xlsx,,,2026-05-27 15:01:08.333979,,ajustes,Ajuste Poscobro General,True
ML,POS_149060846658_1 enero 2026 - 1 mayo 2026.xlsx_1302,2000015420935958,2026-05-03,bpp_refunded,34990.0,PAGO,1 enero 2026 - 1 mayo 2026.xlsx,,,2026-05-27 15:01:08.333979,,ajustes,Ajuste por Compra Protegida (BPP),False
ML,POS_148345543057_1 enero 2026 - 1 mayo 2026.xlsx_1303,2000015420935956,2026-05-03,bpp_refunded,15990.0,PAGO,1 enero 2026 - 1 mayo 2026.xlsx,,,2026-05-27 15:01:08.333979,,ajustes,Ajuste por Compra Protegida (BPP),False
ML,POS_148343955091_1 enero 2026 - 1 mayo 2026.xlsx_1304,2000015420726100,2026-05-03,bpp_refunded,9990.0,PAGO,1 enero 2026 - 1 mayo 2026.xlsx,,,2026-05-27 15:01:08.333979,,ajustes,Ajuste por Compra Protegida (BPP),False
ML,POS_149058987154_1 enero 2026 - 1 mayo 2026.xlsx_1305,nan,2026-05-03,bpp_refunded,1944.0,PAGO,1 enero 2026 - 1 mayo 2026.xlsx,,,2026-05-27 15:01:08.333979,,ajustes,Ajuste por Compra Protegida (BPP),False
ML,POS_149017916630_1 enero 2026 - 1 mayo 2026.xlsx_1306,2000015416406402,2026-05-03,bpp_refunded,31990.0,PAGO,1 enero 2026 - 1 mayo 2026.xlsx,,,2026-05-27 15:01:08.333979,,ajustes,Ajuste por Compra Protegida (BPP),False
ML,POS_148284351727_1 enero 2026 - 1 mayo 2026.xlsx_1307,nan,2026-05-03,Ajuste Poscobro,2990.0,PAGO,1 enero 2026 - 1 mayo 2026.xlsx,,,2026-05-27 15:01:08.333979,,ajustes,Ajuste Poscobro General,True
ML,POS_148998931580_1 enero 2026 - 1 mayo 2026.xlsx_1308,2000015414625890,2026-05-03,bpp_refunded,18990.0,PAGO,1 enero 2026 - 1 mayo 2026.xlsx,,,2026-05-27 15:01:08.333979,,ajustes,Ajuste por Compra Protegida (BPP),False
ML,POS_148243450579_1 enero 2026 - 1 mayo 2026.xlsx_1309,2000015410128230,2026-05-03,bpp_refunded,44990.0,PAGO,1 enero 2026 - 1 mayo 2026.xlsx,,,2026-05-27 15:01:08.333979,,ajustes,Ajuste por Compra Protegida (BPP),False
ML,POS_148223015329_1 enero 2026 - 1 mayo 2026.xlsx_1310,2000015408051634,2026-05-03,bpp_refunded,29990.0,PAGO,1 enero 2026 - 1 mayo 2026.xlsx,,,2026-05-27 15:01:08.333979,,ajustes,Ajuste por Compra Protegida (BPP),False
ML,POS_148937323396_1 enero 2026 - 1 mayo 2026.xlsx_1311,2000015408054866,2026-05-03,bpp_refunded,29990.0,PAGO,1 enero 2026 - 1 mayo 2026.xlsx,,,2026-05-27 15:01:08.333979,,ajustes,Ajuste por Compra Protegida (BPP),False
ML,POS_148906338204_1 enero 2026 - 1 mayo 2026.xlsx_1312,2000015406002706,2026-05-03,bpp_refunded,2600.0,PAGO,1 enero 2026 - 1 mayo 2026.xlsx,,,2026-05-27 15:01:08.333979,,ajustes,Ajuste por Compra Protegida (BPP),False
ML,POS_148906352114_1 enero 2026 - 1 mayo 2026.xlsx_1313,2000015406002706,2026-05-03,reconciled,42390.0,PAGO,1 enero 2026 - 1 mayo 2026.xlsx,,,2026-05-27 15:01:08.333979,,ajustes,Ajuste Poscobro Conciliado,False
ML,POS_148167910603_1 enero 2026 - 1 mayo 2026.xlsx_1316,2000015402609836,2026-04-03,bpp_refunded,28990.0,PAGO,1 enero 2026 - 1 mayo 2026.xlsx,,,2026-05-27 15:01:08.333979,,ajustes,Ajuste por Compra Protegida (BPP),False
ML,POS_148842160202_1 enero 2026 - 1 mayo 2026.xlsx_1317,2000015398595846,2026-04-03,reconciled,13990.0,PAGO,1 enero 2026 - 1 mayo 2026.xlsx,,,2026-05-27 15:01:08.333979,,ajustes,Ajuste Poscobro Conciliado,False
ML,POS_148120845749_1 enero 2026 - 1 mayo 2026.xlsx_1318,2000015397666892,2026-04-03,compensated,34990.0,PAGO,1 enero 2026 - 1 mayo 2026.xlsx,,,2026-05-27 15:01:08.333979,,ajustes,Ajuste Poscobro Conciliado,True
ML,POS_148827756716_1 enero 2026 - 1 mayo 2026.xlsx_1319,2000015396700966,2026-04-03,bpp_refunded,34990.0,PAGO,1 enero 2026 - 1 mayo 2026.xlsx,,,2026-05-27 15:01:08.333979,,ajustes,Ajuste por Compra Protegida (BPP),False
ML,POS_148109008449_1 enero 2026 - 1 mayo 2026.xlsx_1320,2000015396024578,2026-04-03,bpp_refunded,17990.0,PAGO,1 enero 2026 - 1 mayo 2026.xlsx,,,2026-05-27 15:01:08.333979,,ajustes,Ajuste por Compra Protegida (BPP),False
ML,POS_148822671088_1 enero 2026 - 1 mayo 2026.xlsx_1321,2000015396034188,2026-04-03,bpp_refunded,16990.0,PAGO,1 enero 2026 - 1 mayo 2026.xlsx,,,2026-05-27 15:01:08.333979,,ajustes,Ajuste por Compra Protegida (BPP),False
ML,POS_148064185569_1 enero 2026 - 1 mayo 2026.xlsx_1322,2000015391084444,2026-04-03,bpp_refunded,29990.0,PAGO,1 enero 2026 - 1 mayo 2026.xlsx,,,2026-05-27 15:01:08.333979,,ajustes,Ajuste por Compra Protegida (BPP),False
ML,POS_147883288237_1 enero 2026 - 1 mayo 2026.xlsx_1330,2000015369570266,2026-02-03,bpp_refunded,2372.0,PAGO,1 enero 2026 - 1 mayo 2026.xlsx,,,2026-05-27 15:01:08.333979,,ajustes,Ajuste por Compra Protegida (BPP),False
ML,POS_148595221094_1 enero 2026 - 1 mayo 2026.xlsx_1331,2000015369570266,2026-02-03,bpp_refunded,44618.0,PAGO,1 enero 2026 - 1 mayo 2026.xlsx,,,2026-05-27 15:01:08.333979,,ajustes,Ajuste por Compra Protegida (BPP),False
ML,POS_147836816987_1 enero 2026 - 1 mayo 2026.xlsx_1332,2000015364092164,2026-02-03,bpp_refunded,34990.0,PAGO,1 enero 2026 - 1 mayo 2026.xlsx,,,2026-05-27 15:01:08.333979,,ajustes,Ajuste por Compra Protegida (BPP),False
ML,POS_148444470402_1 enero 2026 - 1 mayo 2026.xlsx_1333,2000015354019868,2026-02-03,bpp_refunded,34990.0,PAGO,1 enero 2026 - 1 mayo 2026.xlsx,,,2026-05-27 15:01:08.333979,,ajustes,Ajuste por Compra Protegida (BPP),False
ML,POS_147726091245_1 enero 2026 - 1 mayo 2026.xlsx_1334,2000015353016914,2026-01-03,bpp_refunded,38990.0,PAGO,1 enero 2026 - 1 mayo 2026.xlsx,,,2026-05-27 15:01:08.333979,,ajustes,Ajuste por Compra Protegida (BPP),False
ML,POS_147723754665_1 enero 2026 - 1 mayo 2026.xlsx_1335,2000015352686440,2026-01-03,bpp_refunded,9990.0,PAGO,1 enero 2026 - 1 mayo 2026.xlsx,,,2026-05-27 15:01:08.333979,,ajustes,Ajuste por Compra Protegida (BPP),False
ML,POS_147723764487_1 enero 2026 - 1 mayo 2026.xlsx_1336,2000015352681130,2026-01-03,bpp_refunded,9990.0,PAGO,1 enero 2026 - 1 mayo 2026.xlsx,,,2026-05-27 15:01:08.333979,,ajustes,Ajuste por Compra Protegida (BPP),False
ML,POS_147678943921_1 enero 2026 - 1 mayo 2026.xlsx_1337,2000015346967822,2026-01-03,reconciled,16990.0,PAGO,1 enero 2026 - 1 mayo 2026.xlsx,,,2026-05-27 15:01:08.333979,,ajustes,Ajuste Poscobro Conciliado,False
ML,POS_148376198282_1 enero 2026 - 1 mayo 2026.xlsx_1338,2000015345363720,2026-01-03,bpp_refunded,29990.0,PAGO,1 enero 2026 - 1 mayo 2026.xlsx,,,2026-05-27 15:01:08.333979,,ajustes,Ajuste por Compra Protegida (BPP),False
ML,POS_145362613239_1 enero 2026 - 1 mayo 2026.xlsx_1409,2000015131422774,2026-12-02,reconciled,17464.0,PAGO,1 enero 2026 - 1 mayo 2026.xlsx,,,2026-05-27 15:01:08.333979,,ajustes,Ajuste Poscobro Conciliado,False
ML,POS_146049976592_1 enero 2026 - 1 mayo 2026.xlsx_1410,2000015130874658,2026-12-02,reconciled,32990.0,PAGO,1 enero 2026 - 1 mayo 2026.xlsx,,,2026-05-27 15:01:08.333979,,ajustes,Ajuste Poscobro Conciliado,False
ML,POS_145993298436_1 enero 2026 - 1 mayo 2026.xlsx_1411,2000015125426772,2026-12-02,bpp_refunded,22990.0,PAGO,1 enero 2026 - 1 mayo 2026.xlsx,,,2026-05-27 15:01:08.333979,,ajustes,Ajuste por Compra Protegida (BPP),False
ML,POS_145288342345_1 enero 2026 - 1 mayo 2026.xlsx_1412,2000015123689076,2026-12-02,bpp_refunded,22990.0,PAGO,1 enero 2026 - 1 mayo 2026.xlsx,,,2026-05-27 15:01:08.333979,,ajustes,Ajuste por Compra Protegida (BPP),False
ML,POS_145944029916_1 enero 2026 - 1 mayo 2026.xlsx_1413,2000015119937286,2026-12-02,reconciled,29990.0,PAGO,1 enero 2026 - 1 mayo 2026.xlsx,,,2026-05-27 15:01:08.333979,,ajustes,Ajuste Poscobro Conciliado,False
ML,POS_145928761748_1 enero 2026 - 1 mayo 2026.xlsx_1414,2000015118465830,2026-12-02,bpp_refunded,27990.0,PAGO,1 enero 2026 - 1 mayo 2026.xlsx,,,2026-05-27 15:01:08.333979,,ajustes,Ajuste por Compra Protegida (BPP),False
ML,POS_145894070480_1 enero 2026 - 1 mayo 2026.xlsx_1415,nan,2026-11-02,Ajuste Poscobro,3090.0,PAGO,1 enero 2026 - 1 mayo 2026.xlsx,,,2026-05-27 15:01:08.333979,,ajustes,Ajuste Poscobro General,True
ML,POS_145203193135_1 enero 2026 - 1 mayo 2026.xlsx_1416,2000015115037838,2026-11-02,bpp_refunded,17990.0,PAGO,1 enero 2026 - 1 mayo 2026.xlsx,,,2026-05-27 15:01:08.333979,,ajustes,Ajuste por Compra Protegida (BPP),False
ML,POS_145201714585_1 enero 2026 - 1 mayo 2026.xlsx_1417,nan,2026-11-02,Ajuste Poscobro,3090.0,PAGO,1 enero 2026 - 1 mayo 2026.xlsx,,,2026-05-27 15:01:08.333979,,ajustes,Ajuste Poscobro General,True
ML,POS_145201384909_1 enero 2026 - 1 mayo 2026.xlsx_1418,2000015114842938,2026-11-02,bpp_refunded,17990.0,PAGO,1 enero 2026 - 1 mayo 2026.xlsx,,,2026-05-27 15:01:08.333979,,ajustes,Ajuste por Compra Protegida (BPP),False
ML,POS_145198299593_1 enero 2026 - 1 mayo 2026.xlsx_1419,nan,2026-11-02,bpp_refunded,3990.0,PAGO,1 enero 2026 - 1 mayo 2026.xlsx,,,2026-05-27 15:01:08.333979,,ajustes,Ajuste por Compra Protegida (BPP),False
ML,POS_145889122974_1 enero 2026 - 1 mayo 2026.xlsx_1420,2000015114473372,2026-11-02,bpp_refunded,17990.0,PAGO,1 enero 2026 - 1 mayo 2026.xlsx,,,2026-05-27 15:01:08.333979,,ajustes,Ajuste por Compra Protegida (BPP),False
ML,POS_145196331393_1 enero 2026 - 1 mayo 2026.xlsx_1421,nan,2026-11-02,Ajuste Poscobro,3090.0,PAGO,1 enero 2026 - 1 mayo 2026.xlsx,,,2026-05-27 15:01:08.333979,,ajustes,Ajuste Poscobro General,True
ML,POS_145886517244_1 enero 2026 - 1 mayo 2026.xlsx_1422,2000015114191434,2026-11-02,bpp_refunded,17990.0,PAGO,1 enero 2026 - 1 mayo 2026.xlsx,,,2026-05-27 15:01:08.333979,,ajustes,Ajuste por Compra Protegida (BPP),False
ML,POS_145139015989_1 enero 2026 - 1 mayo 2026.xlsx_1423,2000015108044912,2026-11-02,bpp_refunded,13990.0,PAGO,1 enero 2026 - 1 mayo 2026.xlsx,,,2026-05-27 15:01:08.333979,,ajustes,Ajuste por Compra Protegida (BPP),False
ML,POS_145117552519_1 enero 2026 - 1 mayo 2026.xlsx_1424,2000015105684276,2026-11-02,bpp_refunded,28990.0,PAGO,1 enero 2026 - 1 mayo 2026.xlsx,,,2026-05-27 15:01:08.333979,,ajustes,Ajuste por Compra Protegida (BPP),False
ML,POS_145801200308_1 enero 2026 - 1 mayo 2026.xlsx_1425,2000015104981592,2026-11-02,bpp_refunded,22990.0,PAGO,1 enero 2026 - 1 mayo 2026.xlsx,,,2026-05-27 15:01:08.333979,,ajustes,Ajuste por Compra Protegida (BPP),False
ML,POS_145800424448_1 enero 2026 - 1 mayo 2026.xlsx_1427,2000015104873748,2026-11-02,reconciled,29990.0,PAGO,1 enero 2026 - 1 mayo 2026.xlsx,,,2026-05-27 15:01:08.333979,,ajustes,Ajuste Poscobro Conciliado,False
ML,POS_145103158621_1 enero 2026 - 1 mayo 2026.xlsx_1428,2000015104142240,2026-11-02,bpp_refunded,34990.0,PAGO,1 enero 2026 - 1 mayo 2026.xlsx,,,2026-05-27 15:01:08.333979,,ajustes,Ajuste por Compra Protegida (BPP),False
ML,POS_145748535452_1 enero 2026 - 1 mayo 2026.xlsx_1429,2000015099891284,2026-10-02,reconciled,20180.0,PAGO,1 enero 2026 - 1 mayo 2026.xlsx,,,2026-05-27 15:01:08.333979,,ajustes,Ajuste Poscobro Conciliado,False
ML,POS_144919112831_1 enero 2026 - 1 mayo 2026.xlsx_1430,2000015085482458,2026-10-02,bpp_refunded,24990.0,PAGO,1 enero 2026 - 1 mayo 2026.xlsx,,,2026-05-27 15:01:08.333979,,ajustes,Ajuste por Compra Protegida (BPP),False
ML,POS_144908238723_1 enero 2026 - 1 mayo 2026.xlsx_1431,2000015083876562,2026-09-02,reconciled,29990.0,PAGO,1 enero 2026 - 1 mayo 2026.xlsx,,,2026-05-27 15:01:08.333979,,ajustes,Ajuste Poscobro Conciliado,False
ML,POS_144902333373_1 enero 2026 - 1 mayo 2026.xlsx_1432,2000015082860820,2026-09-02,bpp_refunded,24990.0,PAGO,1 enero 2026 - 1 mayo 2026.xlsx,,,2026-05-27 15:01:08.333979,,ajustes,Ajuste por Compra Protegida (BPP),False
ML,POS_145528529944_1 enero 2026 - 1 mayo 2026.xlsx_1433,2000015075467992,2026-09-02,reconciled,44990.0,PAGO,1 enero 2026 - 1 mayo 2026.xlsx,,,2026-05-27 15:01:08.333979,,ajustes,Ajuste Poscobro Conciliado,False
ML,POS_145490774318_1 enero 2026 - 1 mayo 2026.xlsx_1434,2000015071339750,2026-09-02,reconciled,22990.0,PAGO,1 enero 2026 - 1 mayo 2026.xlsx,,,2026-05-27 15:01:08.333979,,ajustes,Ajuste Poscobro Conciliado,False
ML,POS_145405963506_1 enero 2026 - 1 mayo 2026.xlsx_1435,2000015062447538,2026-08-02,reconciled,38990.0,PAGO,1 enero 2026 - 1 mayo 2026.xlsx,,,2026-05-27 15:01:08.333979,,ajustes,Ajuste Poscobro Conciliado,False
ML,POS_145404934728_1 enero 2026 - 1 mayo 2026.xlsx_1436,nan,2026-08-02,Ajuste Poscobro,289.0,PAGO,1 enero 2026 - 1 mayo 2026.xlsx,,,2026-05-27 15:01:08.333979,,ajustes,Ajuste Poscobro General,True
ML,POS_144718041231_1 enero 2026 - 1 mayo 2026.xlsx_1437,2000015062306092,2026-08-02,reconciled,34990.0,PAGO,1 enero 2026 - 1 mayo 2026.xlsx,,,2026-05-27 15:01:08.333979,,ajustes,Ajuste Poscobro Conciliado,False
ML,POS_144691359013_1 enero 2026 - 1 mayo 2026.xlsx_1438,2000015058922024,2026-08-02,reconciled,32990.0,PAGO,1 enero 2026 - 1 mayo 2026.xlsx,,,2026-05-27 15:01:08.333979,,ajustes,Ajuste Poscobro Conciliado,False
ML,POS_144623804641_1 enero 2026 - 1 mayo 2026.xlsx_1439,nan,2026-07-02,Ajuste Poscobro,299.0,PAGO,1 enero 2026 - 1 mayo 2026.xlsx,,,2026-05-27 15:01:08.333979,,ajustes,Ajuste Poscobro General,True
ML,POS_144623399559_1 enero 2026 - 1 mayo 2026.xlsx_1440,2000015052499982,2026-07-02,bpp_refunded,26990.0,PAGO,1 enero 2026 - 1 mayo 2026.xlsx,,,2026-05-27 15:01:08.333979,,ajustes,Ajuste por Compra Protegida (BPP),False
ML,POS_145223844864_1 enero 2026 - 1 mayo 2026.xlsx_1441,2000015045137094,2026-07-02,reconciled,26990.0,PAGO,1 enero 2026 - 1 mayo 2026.xlsx,,,2026-05-27 15:01:08.333979,,ajustes,Ajuste Poscobro Conciliado,False
ML,POS_145204560568_1 enero 2026 - 1 mayo 2026.xlsx_1442,2000015043416938,2026-07-02,bpp_refunded,28990.0,PAGO,1 enero 2026 - 1 mayo 2026.xlsx,,,2026-05-27 15:01:08.333979,,ajustes,Ajuste por Compra Protegida (BPP),False
ML,POS_145169792730_1 enero 2026 - 1 mayo 2026.xlsx_1443,2000015040089400,2026-06-02,reconciled,29990.0,PAGO,1 enero 2026 - 1 mayo 2026.xlsx,,,2026-05-27 15:01:08.333979,,ajustes,Ajuste Poscobro Conciliado,False
ML,POS_144396398767_1 enero 2026 - 1 mayo 2026.xlsx_1444,2000015032378902,2026-06-02,reconciled,28990.0,PAGO,1 enero 2026 - 1 mayo 2026.xlsx,,,2026-05-27 15:01:08.333979,,ajustes,Ajuste Poscobro Conciliado,False
ML,POS_144390458215_1 enero 2026 - 1 mayo 2026.xlsx_1445,nan,2026-06-02,Ajuste Poscobro,299.0,PAGO,1 enero 2026 - 1 mayo 2026.xlsx,,,2026-05-27 15:01:08.333979,,ajustes,Ajuste Poscobro General,True
ML,POS_144390148951_1 enero 2026 - 1 mayo 2026.xlsx_1446,2000015031781198,2026-06-02,bpp_refunded,30990.0,PAGO,1 enero 2026 - 1 mayo 2026.xlsx,,,2026-05-27 15:01:08.333979,,ajustes,Ajuste por Compra Protegida (BPP),False
ML,POS_144341912333_1 enero 2026 - 1 mayo 2026.xlsx_1447,2000015028030572,2026-05-02,bpp_refunded,20990.0,PAGO,1 enero 2026 - 1 mayo 2026.xlsx,,,2026-05-27 15:01:08.333979,,ajustes,Ajuste por Compra Protegida (BPP),False
ML,POS_144338261041_1 enero 2026 - 1 mayo 2026.xlsx_1448,2000015027517918,2026-05-02,reconciled,29990.0,PAGO,1 enero 2026 - 1 mayo 2026.xlsx,,,2026-05-27 15:01:08.333979,,ajustes,Ajuste Poscobro Conciliado,False
ML,POS_145009579704_1 enero 2026 - 1 mayo 2026.xlsx_1449,2000015025896960,2026-05-02,bpp_refunded,29990.0,PAGO,1 enero 2026 - 1 mayo 2026.xlsx,,,2026-05-27 15:01:08.333979,,ajustes,Ajuste por Compra Protegida (BPP),False
ML,POS_144325385801_1 enero 2026 - 1 mayo 2026.xlsx_1450,2000015025891358,2026-05-02,bpp_refunded,14990.0,PAGO,1 enero 2026 - 1 mayo 2026.xlsx,,,2026-05-27 15:01:08.333979,,ajustes,Ajuste por Compra Protegida (BPP),False
ML,POS_144962703224_1 enero 2026 - 1 mayo 2026.xlsx_1451,2000015021293714,2026-05-02,reconciled,37990.0,PAGO,1 enero 2026 - 1 mayo 2026.xlsx,,,2026-05-27 15:01:08.333979,,ajustes,Ajuste Poscobro Conciliado,False
ML,POS_144274719457_1 enero 2026 - 1 mayo 2026.xlsx_1452,2000015020821790,2026-05-02,bpp_refunded,59990.0,PAGO,1 enero 2026 - 1 mayo 2026.xlsx,,,2026-05-27 15:01:08.333979,,ajustes,Ajuste por Compra Protegida (BPP),False
ML,POS_144803779802_1 enero 2026 - 1 mayo 2026.xlsx_1453,2000015004214702,2026-04-02,bpp_refunded,13990.0,PAGO,1 enero 2026 - 1 mayo 2026.xlsx,,,2026-05-27 15:01:08.333979,,ajustes,Ajuste por Compra Protegida (BPP),False
ML,POS_144082714823_1 enero 2026 - 1 mayo 2026.xlsx_1454,2000014999657092,2026-04-02,reconciled,38990.0,PAGO,1 enero 2026 - 1 mayo 2026.xlsx,,,2026-05-27 15:01:08.333979,,ajustes,Ajuste Poscobro Conciliado,False
ML,POS_144051029525_1 enero 2026 - 1 mayo 2026.xlsx_1455,2000014997226954,2026-04-02,bpp_refunded,38990.0,PAGO,1 enero 2026 - 1 mayo 2026.xlsx,,,2026-05-27 15:01:08.333979,,ajustes,Ajuste por Compra Protegida (BPP),False
ML,POS_144667518268_1 enero 2026 - 1 mayo 2026.xlsx_1456,nan,2026-03-02,Ajuste Poscobro,309.0,PAGO,1 enero 2026 - 1 mayo 2026.xlsx,,,2026-05-27 15:01:08.333979,,ajustes,Ajuste Poscobro General,True
ML,POS_144667056054_1 enero 2026 - 1 mayo 2026.xlsx_1457,2000014989131844,2026-03-02,bpp_refunded,46990.0,PAGO,1 enero 2026 - 1 mayo 2026.xlsx,,,2026-05-27 15:01:08.333979,,ajustes,Ajuste por Compra Protegida (BPP),False
ML,POS_144444817698_1 enero 2026 - 1 mayo 2026.xlsx_1461,2000014961873486,2026-01-02,bpp_refunded,21990.0,PAGO,1 enero 2026 - 1 mayo 2026.xlsx,,,2026-05-27 15:01:08.333979,,ajustes,Ajuste por Compra Protegida (BPP),False
ML,POS_144375246876_1 enero 2026 - 1 mayo 2026.xlsx_1462,2000014953302086,2026-01-02,bpp_refunded,37990.0,PAGO,1 enero 2026 - 1 mayo 2026.xlsx,,,2026-05-27 15:01:08.333979,,ajustes,Ajuste por Compra Protegida (BPP),False
ML,POS_141137864819_1 enero 2026 - 1 mayo 2026.xlsx_1603,2000014689148924,2026-12-01,bpp_refunded,19990.0,PAGO,1 enero 2026 - 1 mayo 2026.xlsx,,,2026-05-27 15:01:08.333979,,ajustes,Ajuste por Compra Protegida (BPP),False
ML,POS_141118333399_1 enero 2026 - 1 mayo 2026.xlsx_1604,2000014686661202,2026-12-01,bpp_refunded,14990.0,PAGO,1 enero 2026 - 1 mayo 2026.xlsx,,,2026-05-27 15:01:08.333979,,ajustes,Ajuste por Compra Protegida (BPP),False
ML,POS_141779102020_1 enero 2026 - 1 mayo 2026.xlsx_1605,nan,2026-12-01,bpp_refunded,4290.0,PAGO,1 enero 2026 - 1 mayo 2026.xlsx,,,2026-05-27 15:01:08.333979,,ajustes,Ajuste por Compra Protegida (BPP),False
ML,POS_141088052519_1 enero 2026 - 1 mayo 2026.xlsx_1606,2000014683394794,2026-12-01,bpp_refunded,17990.0,PAGO,1 enero 2026 - 1 mayo 2026.xlsx,,,2026-05-27 15:01:08.333979,,ajustes,Ajuste por Compra Protegida (BPP),False
ML,POS_141031884431_1 enero 2026 - 1 mayo 2026.xlsx_1608,2000014676887230,2026-12-01,bpp_refunded,37990.0,PAGO,1 enero 2026 - 1 mayo 2026.xlsx,,,2026-05-27 15:01:08.333979,,ajustes,Ajuste por Compra Protegida (BPP),False
ML,POS_141692733806_1 enero 2026 - 1 mayo 2026.xlsx_1609,2000014676890756,2026-12-01,bpp_refunded,19590.0,PAGO,1 enero 2026 - 1 mayo 2026.xlsx,,,2026-05-27 15:01:08.333979,,ajustes,Ajuste por Compra Protegida (BPP),False
ML,POS_140992188969_1 enero 2026 - 1 mayo 2026.xlsx_1610,2000014673533246,2026-11-01,reconciled,19590.0,PAGO,1 enero 2026 - 1 mayo 2026.xlsx,,,2026-05-27 15:01:08.333979,,ajustes,Ajuste Poscobro Conciliado,False
ML,POS_140990059967_1 enero 2026 - 1 mayo 2026.xlsx_1611,2000014673263346,2026-11-01,bpp_refunded,15990.0,PAGO,1 enero 2026 - 1 mayo 2026.xlsx,,,2026-05-27 15:01:08.333979,,ajustes,Ajuste por Compra Protegida (BPP),False
ML,POS_140985240555_1 enero 2026 - 1 mayo 2026.xlsx_1612,2000014672682374,2026-11-01,Ajuste Poscobro,15990.0,PAGO,1 enero 2026 - 1 mayo 2026.xlsx,,,2026-05-27 15:01:08.333979,,ajustes,Ajuste Poscobro General,True
ML,POS_140971469479_1 enero 2026 - 1 mayo 2026.xlsx_1613,2000014671085630,2026-11-01,bpp_refunded,34990.0,PAGO,1 enero 2026 - 1 mayo 2026.xlsx,,,2026-05-27 15:01:08.333979,,ajustes,Ajuste por Compra Protegida (BPP),False
ML,POS_141625229636_1 enero 2026 - 1 mayo 2026.xlsx_1614,2000014670322204,2026-11-01,bpp_refunded,16990.0,PAGO,1 enero 2026 - 1 mayo 2026.xlsx,,,2026-05-27 15:01:08.333979,,ajustes,Ajuste por Compra Protegida (BPP),False
ML,POS_141625265112_1 enero 2026 - 1 mayo 2026.xlsx_1615,2000014670317498,2026-11-01,bpp_refunded,16990.0,PAGO,1 enero 2026 - 1 mayo 2026.xlsx,,,2026-05-27 15:01:08.333979,,ajustes,Ajuste por Compra Protegida (BPP),False
ML,POS_140957523149_1 enero 2026 - 1 mayo 2026.xlsx_1616,2000014669252606,2026-11-01,reconciled,29990.0,PAGO,1 enero 2026 - 1 mayo 2026.xlsx,,,2026-05-27 15:01:08.333979,,ajustes,Ajuste Poscobro Conciliado,False
ML,POS_141576196592_1 enero 2026 - 1 mayo 2026.xlsx_1617,2000014664658178,2026-11-01,bpp_refunded,21990.0,PAGO,1 enero 2026 - 1 mayo 2026.xlsx,,,2026-05-27 15:01:08.333979,,ajustes,Ajuste por Compra Protegida (BPP),False
ML,POS_140911889381_1 enero 2026 - 1 mayo 2026.xlsx_1618,nan,2026-11-01,Ajuste Poscobro,2890.0,PAGO,1 enero 2026 - 1 mayo 2026.xlsx,,,2026-05-27 15:01:08.333979,,ajustes,Ajuste Poscobro General,True
ML,POS_141571682968_1 enero 2026 - 1 mayo 2026.xlsx_1619,2000014664190328,2026-11-01,bpp_refunded,15990.0,PAGO,1 enero 2026 - 1 mayo 2026.xlsx,,,2026-05-27 15:01:08.333979,,ajustes,Ajuste por Compra Protegida (BPP),False
ML,POS_141553817124_1 enero 2026 - 1 mayo 2026.xlsx_1620,2000014662484090,2026-10-01,reconciled,24990.0,PAGO,1 enero 2026 - 1 mayo 2026.xlsx,,,2026-05-27 15:01:08.333979,,ajustes,Ajuste Poscobro Conciliado,False
ML,POS_140870681567_1 enero 2026 - 1 mayo 2026.xlsx_1621,2000014660571038,2026-10-01,bpp_refunded,34990.0,PAGO,1 enero 2026 - 1 mayo 2026.xlsx,,,2026-05-27 15:01:08.333979,,ajustes,Ajuste por Compra Protegida (BPP),False
ML,POS_140861828299_1 enero 2026 - 1 mayo 2026.xlsx_1622,2000014659885004,2026-10-01,bpp_refunded,29990.0,PAGO,1 enero 2026 - 1 mayo 2026.xlsx,,,2026-05-27 15:01:08.333979,,ajustes,Ajuste por Compra Protegida (BPP),False
ML,POS_141515024752_1 enero 2026 - 1 mayo 2026.xlsx_1623,nan,2026-10-01,Ajuste Poscobro,2890.0,PAGO,1 enero 2026 - 1 mayo 2026.xlsx,,,2026-05-27 15:01:08.333979,,ajustes,Ajuste Poscobro General,True
ML,POS_140854891069_1 enero 2026 - 1 mayo 2026.xlsx_1624,2000014659324578,2026-10-01,bpp_refunded,16990.0,PAGO,1 enero 2026 - 1 mayo 2026.xlsx,,,2026-05-27 15:01:08.333979,,ajustes,Ajuste por Compra Protegida (BPP),False
ML,POS_140765250869_1 enero 2026 - 1 mayo 2026.xlsx_1625,2000014650883624,2026-09-01,reconciled,29990.0,PAGO,1 enero 2026 - 1 mayo 2026.xlsx,,,2026-05-27 15:01:08.333979,,ajustes,Ajuste Poscobro Conciliado,False
ML,POS_141415174880_1 enero 2026 - 1 mayo 2026.xlsx_1626,2000014649934596,2026-09-01,bpp_refunded,21990.0,PAGO,1 enero 2026 - 1 mayo 2026.xlsx,,,2026-05-27 15:01:08.333979,,ajustes,Ajuste por Compra Protegida (BPP),False
ML,POS_141414403058_1 enero 2026 - 1 mayo 2026.xlsx_1627,2000014649823546,2026-09-01,reconciled,21990.0,PAGO,1 enero 2026 - 1 mayo 2026.xlsx,,,2026-05-27 15:01:08.333979,,ajustes,Ajuste Poscobro Conciliado,False
ML,POS_141398898762_1 enero 2026 - 1 mayo 2026.xlsx_1628,nan,2026-09-01,Ajuste Poscobro,299.0,PAGO,1 enero 2026 - 1 mayo 2026.xlsx,,,2026-05-27 15:01:08.333979,,ajustes,Ajuste Poscobro General,True
ML,POS_140739397251_1 enero 2026 - 1 mayo 2026.xlsx_1629,2000014648434990,2026-09-01,reconciled,23990.0,PAGO,1 enero 2026 - 1 mayo 2026.xlsx,,,2026-05-27 15:01:08.333979,,ajustes,Ajuste Poscobro Conciliado,False
ML,POS_140731587091_1 enero 2026 - 1 mayo 2026.xlsx_1630,2000014647816776,2026-09-01,bpp_refunded,13990.0,PAGO,1 enero 2026 - 1 mayo 2026.xlsx,,,2026-05-27 15:01:08.333979,,ajustes,Ajuste por Compra Protegida (BPP),False
ML,POS_141365957640_1 enero 2026 - 1 mayo 2026.xlsx_1631,2000014645595116,2026-09-01,bpp_refunded,9990.0,PAGO,1 enero 2026 - 1 mayo 2026.xlsx,,,2026-05-27 15:01:08.333979,,ajustes,Ajuste por Compra Protegida (BPP),False
ML,POS_140682048427_1 enero 2026 - 1 mayo 2026.xlsx_1632,2000014643460832,2026-09-01,bpp_refunded,24990.0,PAGO,1 enero 2026 - 1 mayo 2026.xlsx,,,2026-05-27 15:01:08.333979,,ajustes,Ajuste por Compra Protegida (BPP),False
ML,POS_140679911051_1 enero 2026 - 1 mayo 2026.xlsx_1633,2000014643273378,2026-09-01,bpp_refunded,24990.0,PAGO,1 enero 2026 - 1 mayo 2026.xlsx,,,2026-05-27 15:01:08.333979,,ajustes,Ajuste por Compra Protegida (BPP),False
ML,POS_140665291407_1 enero 2026 - 1 mayo 2026.xlsx_1635,2000014641842934,2026-09-01,bpp_refunded,19990.0,PAGO,1 enero 2026 - 1 mayo 2026.xlsx,,,2026-05-27 15:01:08.333979,,ajustes,Ajuste por Compra Protegida (BPP),False
ML,POS_141320733696_1 enero 2026 - 1 mayo 2026.xlsx_1636,2000014641543532,2026-09-01,bpp_refunded,17990.0,PAGO,1 enero 2026 - 1 mayo 2026.xlsx,,,2026-05-27 15:01:08.333979,,ajustes,Ajuste por Compra Protegida (BPP),False
ML,POS_141320866802_1 enero 2026 - 1 mayo 2026.xlsx_1637,2000014641539722,2026-09-01,bpp_refunded,15990.0,PAGO,1 enero 2026 - 1 mayo 2026.xlsx,,,2026-05-27 15:01:08.333979,,ajustes,Ajuste por Compra Protegida (BPP),False
ML,POS_140662310185_1 enero 2026 - 1 mayo 2026.xlsx_1638,2000014641546370,2026-09-01,bpp_refunded,14990.0,PAGO,1 enero 2026 - 1 mayo 2026.xlsx,,,2026-05-27 15:01:08.333979,,ajustes,Ajuste por Compra Protegida (BPP),False
ML,POS_140654790873_1 enero 2026 - 1 mayo 2026.xlsx_1639,2000014640769564,2026-09-01,bpp_refunded,36990.0,PAGO,1 enero 2026 - 1 mayo 2026.xlsx,,,2026-05-27 15:01:08.333979,,ajustes,Ajuste por Compra Protegida (BPP),False
ML,POS_141305419082_1 enero 2026 - 1 mayo 2026.xlsx_1640,2000014639899786,2026-09-01,bpp_refunded,29990.0,PAGO,1 enero 2026 - 1 mayo 2026.xlsx,,,2026-05-27 15:01:08.333979,,ajustes,Ajuste por Compra Protegida (BPP),False
ML,POS_141296337460_1 enero 2026 - 1 mayo 2026.xlsx_1641,2000014639107918,2026-09-01,bpp_refunded,23990.0,PAGO,1 enero 2026 - 1 mayo 2026.xlsx,,,2026-05-27 15:01:08.333979,,ajustes,Ajuste por Compra Protegida (BPP),False
ML,POS_140630119547_1 enero 2026 - 1 mayo 2026.xlsx_1642,2000014638782638,2026-09-01,bpp_refunded,21990.0,PAGO,1 enero 2026 - 1 mayo 2026.xlsx,,,2026-05-27 15:01:08.333979,,ajustes,Ajuste por Compra Protegida (BPP),False
ML,POS_141288610656_1 enero 2026 - 1 mayo 2026.xlsx_1643,2000014638782640,2026-09-01,bpp_refunded,16990.0,PAGO,1 enero 2026 - 1 mayo 2026.xlsx,,,2026-05-27 15:01:08.333979,,ajustes,Ajuste por Compra Protegida (BPP),False
ML,POS_140570477215_1 enero 2026 - 1 mayo 2026.xlsx_1644,2000014632659538,2026-08-01,bpp_refunded,34990.0,PAGO,1 enero 2026 - 1 mayo 2026.xlsx,,,2026-05-27 15:01:08.333979,,ajustes,Ajuste por Compra Protegida (BPP),False
ML,POS_140536442873_1 enero 2026 - 1 mayo 2026.xlsx_1645,2000014628570740,2026-08-01,bpp_refunded,16990.0,PAGO,1 enero 2026 - 1 mayo 2026.xlsx,,,2026-05-27 15:01:08.333979,,ajustes,Ajuste por Compra Protegida (BPP),False
ML,POS_140526168767_1 enero 2026 - 1 mayo 2026.xlsx_1646,2000014627424530,2026-08-01,bpp_refunded,23990.0,PAGO,1 enero 2026 - 1 mayo 2026.xlsx,,,2026-05-27 15:01:08.333979,,ajustes,Ajuste por Compra Protegida (BPP),False
ML,POS_141163606982_1 enero 2026 - 1 mayo 2026.xlsx_1647,2000014625547374,2026-08-01,bpp_refunded,17990.0,PAGO,1 enero 2026 - 1 mayo 2026.xlsx,,,2026-05-27 15:01:08.333979,,ajustes,Ajuste por Compra Protegida (BPP),False
ML,POS_140508902871_1 enero 2026 - 1 mayo 2026.xlsx_1648,2000014625550782,2026-08-01,bpp_refunded,17990.0,PAGO,1 enero 2026 - 1 mayo 2026.xlsx,,,2026-05-27 15:01:08.333979,,ajustes,Ajuste por Compra Protegida (BPP),False
ML,POS_141160085246_1 enero 2026 - 1 mayo 2026.xlsx_1649,2000014625226400,2026-08-01,reconciled,24990.0,PAGO,1 enero 2026 - 1 mayo 2026.xlsx,,,2026-05-27 15:01:08.333979,,ajustes,Ajuste Poscobro Conciliado,False
ML,POS_140505059945_1 enero 2026 - 1 mayo 2026.xlsx_1650,2000014625162262,2026-08-01,bpp_refunded,22990.0,PAGO,1 enero 2026 - 1 mayo 2026.xlsx,,,2026-05-27 15:01:08.333979,,ajustes,Ajuste por Compra Protegida (BPP),False
ML,POS_141155475806_1 enero 2026 - 1 mayo 2026.xlsx_1651,2000014624679864,2026-08-01,reconciled,37990.0,PAGO,1 enero 2026 - 1 mayo 2026.xlsx,,,2026-05-27 15:01:08.333979,,ajustes,Ajuste Poscobro Conciliado,False
ML,POS_140497707471_1 enero 2026 - 1 mayo 2026.xlsx_1652,2000014624397022,2026-08-01,bpp_refunded,16990.0,PAGO,1 enero 2026 - 1 mayo 2026.xlsx,,,2026-05-27 15:01:08.333979,,ajustes,Ajuste por Compra Protegida (BPP),False
ML,POS_141152539064_1 enero 2026 - 1 mayo 2026.xlsx_1653,2000014624397010,2026-08-01,bpp_refunded,29990.0,PAGO,1 enero 2026 - 1 mayo 2026.xlsx,,,2026-05-27 15:01:08.333979,,ajustes,Ajuste por Compra Protegida (BPP),False
ML,POS_141127297146_1 enero 2026 - 1 mayo 2026.xlsx_1654,2000014622729192,2026-08-01,bpp_refunded,20691.0,PAGO,1 enero 2026 - 1 mayo 2026.xlsx,,,2026-05-27 15:01:08.333979,,ajustes,Ajuste por Compra Protegida (BPP),False
ML,POS_141099240314_1 enero 2026 - 1 mayo 2026.xlsx_1655,2000014619056698,2026-07-01,bpp_refunded,21990.0,PAGO,1 enero 2026 - 1 mayo 2026.xlsx,,,2026-05-27 15:01:08.333979,,ajustes,Ajuste por Compra Protegida (BPP),False
ML,POS_140401683549_1 enero 2026 - 1 mayo 2026.xlsx_1656,2000014614422660,2026-07-01,bpp_refunded,34990.0,PAGO,1 enero 2026 - 1 mayo 2026.xlsx,,,2026-05-27 15:01:08.333979,,ajustes,Ajuste por Compra Protegida (BPP),False
ML,POS_140341184629_1 enero 2026 - 1 mayo 2026.xlsx_1657,2000014607681132,2026-07-01,bpp_refunded,25990.0,PAGO,1 enero 2026 - 1 mayo 2026.xlsx,,,2026-05-27 15:01:08.333979,,ajustes,Ajuste por Compra Protegida (BPP),False
ML,POS_140979679110_1 enero 2026 - 1 mayo 2026.xlsx_1658,2000014607049744,2026-07-01,bpp_refunded,21990.0,PAGO,1 enero 2026 - 1 mayo 2026.xlsx,,,2026-05-27 15:01:08.333979,,ajustes,Ajuste por Compra Protegida (BPP),False
ML,POS_140327548757_1 enero 2026 - 1 mayo 2026.xlsx_1659,2000014607051536,2026-07-01,bpp_refunded,14990.0,PAGO,1 enero 2026 - 1 mayo 2026.xlsx,,,2026-05-27 15:01:08.333979,,ajustes,Ajuste por Compra Protegida (BPP),False
ML,POS_140978200728_1 enero 2026 - 1 mayo 2026.xlsx_1660,2000014606903194,2026-07-01,bpp_refunded,22990.0,PAGO,1 enero 2026 - 1 mayo 2026.xlsx,,,2026-05-27 15:01:08.333979,,ajustes,Ajuste por Compra Protegida (BPP),False
ML,POS_140325895399_1 enero 2026 - 1 mayo 2026.xlsx_1661,2000014606905044,2026-07-01,bpp_refunded,14990.0,PAGO,1 enero 2026 - 1 mayo 2026.xlsx,,,2026-05-27 15:01:08.333979,,ajustes,Ajuste por Compra Protegida (BPP),False
ML,POS_140287094161_1 enero 2026 - 1 mayo 2026.xlsx_1662,2000014601982684,2026-06-01,bpp_refunded,22990.0,PAGO,1 enero 2026 - 1 mayo 2026.xlsx,,,2026-05-27 15:01:08.333979,,ajustes,Ajuste por Compra Protegida (BPP),False
ML,POS_140939032786_1 enero 2026 - 1 mayo 2026.xlsx_1663,2000014601969796,2026-06-01,bpp_refunded,16990.0,PAGO,1 enero 2026 - 1 mayo 2026.xlsx,,,2026-05-27 15:01:08.333979,,ajustes,Ajuste por Compra Protegida (BPP),False
ML,POS_140935346678_1 enero 2026 - 1 mayo 2026.xlsx_1664,2000014601622446,2026-06-01,bpp_refunded,25990.0,PAGO,1 enero 2026 - 1 mayo 2026.xlsx,,,2026-05-27 15:01:08.333979,,ajustes,Ajuste por Compra Protegida (BPP),False
ML,POS_140236382753_1 enero 2026 - 1 mayo 2026.xlsx_1665,2000014595987598,2026-06-01,bpp_refunded,34990.0,PAGO,1 enero 2026 - 1 mayo 2026.xlsx,,,2026-05-27 15:01:08.333979,,ajustes,Ajuste por Compra Protegida (BPP),False
ML,POS_140887815548_1 enero 2026 - 1 mayo 2026.xlsx_1666,2000014595989496,2026-06-01,bpp_refunded,34990.0,PAGO,1 enero 2026 - 1 mayo 2026.xlsx,,,2026-05-27 15:01:08.333979,,ajustes,Ajuste por Compra Protegida (BPP),False
ML,POS_140856446842_1 enero 2026 - 1 mayo 2026.xlsx_1667,2000014592535386,2026-06-01,reconciled,19990.0,PAGO,1 enero 2026 - 1 mayo 2026.xlsx,,,2026-05-27 15:01:08.333979,,ajustes,Ajuste Poscobro Conciliado,False
ML,POS_140855881402_1 enero 2026 - 1 mayo 2026.xlsx_1668,2000014592477520,2026-06-01,bpp_refunded,31990.0,PAGO,1 enero 2026 - 1 mayo 2026.xlsx,,,2026-05-27 15:01:08.333979,,ajustes,Ajuste por Compra Protegida (BPP),False
ML,POS_140204646265_1 enero 2026 - 1 mayo 2026.xlsx_1669,2000014592475604,2026-06-01,bpp_refunded,29990.0,PAGO,1 enero 2026 - 1 mayo 2026.xlsx,,,2026-05-27 15:01:08.333979,,ajustes,Ajuste por Compra Protegida (BPP),False
ML,POS_140186734627_1 enero 2026 - 1 mayo 2026.xlsx_1670,2000014591558378,2026-06-01,reconciled,25480.0,PAGO,1 enero 2026 - 1 mayo 2026.xlsx,,,2026-05-27 15:01:08.333979,,ajustes,Ajuste Poscobro Conciliado,False
ML,POS_140835221586_1 enero 2026 - 1 mayo 2026.xlsx_1671,2000014591283140,2026-06-01,reconciled,29990.0,PAGO,1 enero 2026 - 1 mayo 2026.xlsx,,,2026-05-27 15:01:08.333979,,ajustes,Ajuste Poscobro Conciliado,False
ML,POS_140179469155_1 enero 2026 - 1 mayo 2026.xlsx_1672,2000014590711658,2026-05-01,bpp_refunded,29990.0,PAGO,1 enero 2026 - 1 mayo 2026.xlsx,,,2026-05-27 15:01:08.333979,,ajustes,Ajuste por Compra Protegida (BPP),False
ML,POS_140779131824_1 enero 2026 - 1 mayo 2026.xlsx_1673,2000014584683142,2026-05-01,Ajuste Poscobro,12990.0,PAGO,1 enero 2026 - 1 mayo 2026.xlsx,,,2026-05-27 15:01:08.333979,,ajustes,Ajuste Poscobro General,True
ML,POS_140128252977_1 enero 2026 - 1 mayo 2026.xlsx_1674,2000014584677476,2026-05-01,Ajuste Poscobro,15990.0,PAGO,1 enero 2026 - 1 mayo 2026.xlsx,,,2026-05-27 15:01:08.333979,,ajustes,Ajuste Poscobro General,True
ML,POS_140119244053_1 enero 2026 - 1 mayo 2026.xlsx_1675,nan,2026-05-01,bpp_refunded,1469.5,PAGO,1 enero 2026 - 1 mayo 2026.xlsx,,,2026-05-27 15:01:08.333979,,ajustes,Ajuste por Compra Protegida (BPP),False
ML,POS_140119374643_1 enero 2026 - 1 mayo 2026.xlsx_1676,2000014583580900,2026-05-01,bpp_refunded,14990.0,PAGO,1 enero 2026 - 1 mayo 2026.xlsx,,,2026-05-27 15:01:08.333979,,ajustes,Ajuste por Compra Protegida (BPP),False
ML,POS_140726223808_1 enero 2026 - 1 mayo 2026.xlsx_1677,2000014578443750,2026-05-01,bpp_refunded,19990.0,PAGO,1 enero 2026 - 1 mayo 2026.xlsx,,,2026-05-27 15:01:08.333979,,ajustes,Ajuste por Compra Protegida (BPP),False
ML,POS_140658148762_1 enero 2026 - 1 mayo 2026.xlsx_1678,2000014571351196,2026-04-01,bpp_refunded,19990.0,PAGO,1 enero 2026 - 1 mayo 2026.xlsx,,,2026-05-27 15:01:08.333979,,ajustes,Ajuste por Compra Protegida (BPP),False
ML,POS_140601660226_1 enero 2026 - 1 mayo 2026.xlsx_1679,2000014564370274,2026-04-01,bpp_refunded,36990.0,PAGO,1 enero 2026 - 1 mayo 2026.xlsx,,,2026-05-27 15:01:08.333979,,ajustes,Ajuste por Compra Protegida (BPP),False
ML,POS_139938821855_1 enero 2026 - 1 mayo 2026.xlsx_1680,2000014562703178,2026-03-01,bpp_refunded,44321.0,PAGO,1 enero 2026 - 1 mayo 2026.xlsx,,,2026-05-27 15:01:08.333979,,ajustes,Ajuste por Compra Protegida (BPP),False
ML,POS_140572444208_1 enero 2026 - 1 mayo 2026.xlsx_1681,2000014561123052,2026-03-01,bpp_refunded,34990.0,PAGO,1 enero 2026 - 1 mayo 2026.xlsx,,,2026-05-27 15:01:08.333979,,ajustes,Ajuste por Compra Protegida (BPP),False
ML,POS_139844682903_1 enero 2026 - 1 mayo 2026.xlsx_1682,2000014553699144,2026-03-01,bpp_refunded,26990.0,PAGO,1 enero 2026 - 1 mayo 2026.xlsx,,,2026-05-27 15:01:08.333979,,ajustes,Ajuste por Compra Protegida (BPP),False
ML,POS_139760136019_1 enero 2026 - 1 mayo 2026.xlsx_1683,2000014544402534,2026-02-01,reconciled,37681.0,PAGO,1 enero 2026 - 1 mayo 2026.xlsx,,,2026-05-27 15:01:08.333979,,ajustes,Ajuste Poscobro Conciliado,False
ML,POS_139745140313_1 enero 2026 - 1 mayo 2026.xlsx_1684,2000014542734050,2026-02-01,reconciled,14990.0,PAGO,1 enero 2026 - 1 mayo 2026.xlsx,,,2026-05-27 15:01:08.333979,,ajustes,Ajuste Poscobro Conciliado,False
ML,POS_112514005618_1 julio 2025 - 1 enero 2026.xlsx_4,2000011669169396,2025-02-07,INVALID_AUTHORIZATION,38990.0,PAGO,1 julio 2025 - 1 enero 2026.xlsx,,,2026-05-27 15:01:20.503007,,ajustes,Ajuste Poscobro General,True
ML,POS_112454193188_1 julio 2025 - 1 enero 2026.xlsx_5,2000011690095834,2025-01-07,ppv_covered_melienvio,19990.0,PAGO,1 julio 2025 - 1 enero 2026.xlsx,,,2026-05-27 15:01:20.503007,,ajustes,Ajuste por Compra Protegida (BPP),True
ML,POS_137443064100_1 julio 2025 - 1 enero 2026.xlsx_453,2000014249509078,2025-11-12,smaller_than_expected_fashion,23990.0,PAGO,1 julio 2025 - 1 enero 2026.xlsx,,,2026-05-27 15:01:20.503007,,ajustes,Ajuste por Talla/Garantía,False
ML,POS_135815172220_1 julio 2025 - 1 enero 2026.xlsx_454,2000014059428288,2025-11-12,smaller_than_expected_fashion,23790.0,PAGO,1 julio 2025 - 1 enero 2026.xlsx,,,2026-05-27 15:01:20.503007,,ajustes,Ajuste por Talla/Garantía,False
ML,POS_136601576977_1 julio 2025 - 1 enero 2026.xlsx_455,2000014226042862,2025-11-12,bigger_than_expected_fashion,32990.0,PAGO,1 julio 2025 - 1 enero 2026.xlsx,,,2026-05-27 15:01:20.503007,,ajustes,Ajuste por Talla/Garantía,False
ML,POS_136583536459_1 julio 2025 - 1 enero 2026.xlsx_456,2000014223154260,2025-11-12,bigger_than_expected_fashion,34990.0,PAGO,1 julio 2025 - 1 enero 2026.xlsx,,,2026-05-27 15:01:20.503007,,ajustes,Ajuste por Talla/Garantía,False
ML,POS_137289373586_1 julio 2025 - 1 enero 2026.xlsx_457,2000014232106508,2025-11-12,smaller_than_expected_fashion,22390.0,PAGO,1 julio 2025 - 1 enero 2026.xlsx,,,2026-05-27 15:01:20.503007,,ajustes,Ajuste por Talla/Garantía,False
ML,POS_135886954251_1 julio 2025 - 1 enero 2026.xlsx_458,2000014145902036,2025-11-12,repentant_buyer,26590.0,PAGO,1 julio 2025 - 1 enero 2026.xlsx,,,2026-05-27 15:01:20.503007,,ajustes,Ajuste por Arrepentimiento,False
ML,POS_136509638668_1 julio 2025 - 1 enero 2026.xlsx_459,2000014145900288,2025-11-12,smaller_than_expected_fashion,18840.0,PAGO,1 julio 2025 - 1 enero 2026.xlsx,,,2026-05-27 15:01:20.503007,,ajustes,Ajuste por Talla/Garantía,False
ML,POS_136456748721_1 julio 2025 - 1 enero 2026.xlsx_460,2000014208195174,2025-11-12,repentant_buyer,21990.0,PAGO,1 julio 2025 - 1 enero 2026.xlsx,,,2026-05-27 15:01:20.503007,,ajustes,Ajuste por Arrepentimiento,False
ML,POS_136654280221_1 julio 2025 - 1 enero 2026.xlsx_461,2000014231454122,2025-11-12,smaller_than_expected_fashion,43390.0,PAGO,1 julio 2025 - 1 enero 2026.xlsx,,,2026-05-27 15:01:20.503007,,ajustes,Ajuste por Talla/Garantía,False
ML,POS_137517733392_1 julio 2025 - 1 enero 2026.xlsx_462,2000014257947692,2025-11-12,undelivered_repentant_buyer,21990.0,PAGO,1 julio 2025 - 1 enero 2026.xlsx,,,2026-05-27 15:01:20.503007,,ajustes,Ajuste por Arrepentimiento,True
ML,POS_136091831008_1 julio 2025 - 1 enero 2026.xlsx_463,2000014097414406,2025-11-12,smaller_than_expected_fashion,20990.0,PAGO,1 julio 2025 - 1 enero 2026.xlsx,,,2026-05-27 15:01:20.503007,,ajustes,Ajuste por Talla/Garantía,False
ML,POS_136091729640_1 julio 2025 - 1 enero 2026.xlsx_464,2000014097414408,2025-11-12,smaller_than_expected_fashion,29990.0,PAGO,1 julio 2025 - 1 enero 2026.xlsx,,,2026-05-27 15:01:20.503007,,ajustes,Ajuste por Talla/Garantía,False
ML,POS_136835262969_1 julio 2025 - 1 enero 2026.xlsx_465,2000014252401382,2025-11-12,estimated_delivery_out_of_time,26990.0,PAGO,1 julio 2025 - 1 enero 2026.xlsx,,,2026-05-27 15:01:20.503007,,ajustes,Ajuste por Retraso en Entrega,True
ML,POS_136788560493_1 julio 2025 - 1 enero 2026.xlsx_466,2000014246980940,2025-11-12,dont_want_it_another_cause_fashion,15990.0,PAGO,1 julio 2025 - 1 enero 2026.xlsx,,,2026-05-27 15:01:20.503007,,ajustes,Ajuste por Arrepentimiento,True
ML,POS_136170586245_1 julio 2025 - 1 enero 2026.xlsx_467,2000014172593334,2025-11-12,bigger_than_expected_fashion,30392.0,PAGO,1 julio 2025 - 1 enero 2026.xlsx,,,2026-05-27 15:01:20.503007,,ajustes,Ajuste por Talla/Garantía,False
ML,POS_136082546567_1 julio 2025 - 1 enero 2026.xlsx_468,2000014164587756,2025-11-12,different_item_other,29990.0,PAGO,1 julio 2025 - 1 enero 2026.xlsx,,,2026-05-27 15:01:20.503007,,ajustes,Ajuste por Diferencia de Publicación,True
ML,POS_136904617536_1 julio 2025 - 1 enero 2026.xlsx_469,2000014183646412,2025-11-12,dont_want_it_another_cause_fashion,22990.0,PAGO,1 julio 2025 - 1 enero 2026.xlsx,,,2026-05-27 15:01:20.503007,,ajustes,Ajuste por Arrepentimiento,True
ML,POS_137165759820_1 julio 2025 - 1 enero 2026.xlsx_470,2000014217522768,2025-11-12,bigger_than_expected_fashion,16090.0,PAGO,1 julio 2025 - 1 enero 2026.xlsx,,,2026-05-27 15:01:20.503007,,ajustes,Ajuste por Talla/Garantía,False
ML,POS_136599375409_1 julio 2025 - 1 enero 2026.xlsx_471,2000014225648568,2025-11-12,repentant_buyer,31490.0,PAGO,1 julio 2025 - 1 enero 2026.xlsx,,,2026-05-27 15:01:20.503007,,ajustes,Ajuste por Arrepentimiento,False
ML,POS_136536780001_1 julio 2025 - 1 enero 2026.xlsx_473,2000014217511362,2025-11-12,smaller_than_expected_fashion,26590.0,PAGO,1 julio 2025 - 1 enero 2026.xlsx,,,2026-05-27 15:01:20.503007,,ajustes,Ajuste por Talla/Garantía,False
ML,POS_134957293203_1 julio 2025 - 1 enero 2026.xlsx_474,2000014025888248,2025-11-12,smaller_than_expected_fashion,24633.0,PAGO,1 julio 2025 - 1 enero 2026.xlsx,,,2026-05-27 15:01:20.503007,,ajustes,Ajuste por Talla/Garantía,False
ML,POS_135835824213_1 julio 2025 - 1 enero 2026.xlsx_477,2000014140177054,2025-11-12,estimated_delivery_out_of_time,31490.0,PAGO,1 julio 2025 - 1 enero 2026.xlsx,,,2026-05-27 15:01:20.503007,,ajustes,Ajuste por Retraso en Entrega,True
ML,POS_136554383581_1 julio 2025 - 1 enero 2026.xlsx_478,2000014219866304,2025-11-12,repentant_buyer,31490.0,PAGO,1 julio 2025 - 1 enero 2026.xlsx,,,2026-05-27 15:01:20.503007,,ajustes,Ajuste por Arrepentimiento,False
ML,POS_136816163521_1 julio 2025 - 1 enero 2026.xlsx_479,2000014249969988,2025-11-12,undelivered_repentant_buyer,19990.0,PAGO,1 julio 2025 - 1 enero 2026.xlsx,,,2026-05-27 15:01:20.503007,,ajustes,Ajuste por Arrepentimiento,True
ML,POS_137290357306_1 julio 2025 - 1 enero 2026.xlsx_480,2000014232210286,2025-11-12,undelivered_repentant_buyer,21930.0,PAGO,1 julio 2025 - 1 enero 2026.xlsx,,,2026-05-27 15:01:20.503007,,ajustes,Ajuste por Arrepentimiento,True
ML,POS_136661112697_1 julio 2025 - 1 enero 2026.xlsx_481,2000014232210286,2025-11-12,undelivered_repentant_buyer,6060.0,PAGO,1 julio 2025 - 1 enero 2026.xlsx,,,2026-05-27 15:01:20.503007,,ajustes,Ajuste por Arrepentimiento,True
ML,POS_135995296369_1 julio 2025 - 1 enero 2026.xlsx_484,2000014156507032,2025-11-12,dont_want_it_another_cause_fashion,25592.0,PAGO,1 julio 2025 - 1 enero 2026.xlsx,,,2026-05-27 15:01:20.503007,,ajustes,Ajuste por Arrepentimiento,True
ML,POS_137110254412_1 julio 2025 - 1 enero 2026.xlsx_485,2000014210740654,2025-11-12,repentant_buyer,9990.0,PAGO,1 julio 2025 - 1 enero 2026.xlsx,,,2026-05-27 15:01:20.503007,,ajustes,Ajuste por Arrepentimiento,False
ML,POS_136483983429_1 julio 2025 - 1 enero 2026.xlsx_486,2000014210740652,2025-11-12,repentant_buyer,9990.0,PAGO,1 julio 2025 - 1 enero 2026.xlsx,,,2026-05-27 15:01:20.503007,,ajustes,Ajuste por Arrepentimiento,False
ML,POS_137110280348_1 julio 2025 - 1 enero 2026.xlsx_487,2000014210742378,2025-11-12,repentant_buyer,9990.0,PAGO,1 julio 2025 - 1 enero 2026.xlsx,,,2026-05-27 15:01:20.503007,,ajustes,Ajuste por Arrepentimiento,False
ML,POS_136634007909_1 julio 2025 - 1 enero 2026.xlsx_488,2000014229195760,2025-11-12,repentant_buyer,24742.0,PAGO,1 julio 2025 - 1 enero 2026.xlsx,,,2026-05-27 15:01:20.503007,,ajustes,Ajuste por Arrepentimiento,False
ML,POS_133495146564_1 julio 2025 - 1 enero 2026.xlsx_489,2000013782332008,2025-11-12,smaller_than_expected_fashion,19990.0,PAGO,1 julio 2025 - 1 enero 2026.xlsx,,,2026-05-27 15:01:20.503007,,ajustes,Ajuste por Talla/Garantía,False
ML,POS_132888179797_1 julio 2025 - 1 enero 2026.xlsx_490,2000013782344340,2025-11-12,smaller_than_expected_fashion,36990.0,PAGO,1 julio 2025 - 1 enero 2026.xlsx,,,2026-05-27 15:01:20.503007,,ajustes,Ajuste por Talla/Garantía,False
ML,POS_133495061028_1 julio 2025 - 1 enero 2026.xlsx_491,2000013782337090,2025-11-12,smaller_than_expected_fashion,36990.0,PAGO,1 julio 2025 - 1 enero 2026.xlsx,,,2026-05-27 15:01:20.503007,,ajustes,Ajuste por Talla/Garantía,False
ML,POS_136850394256_1 julio 2025 - 1 enero 2026.xlsx_492,2000014177608194,2025-11-12,smaller_than_expected_fashion,25990.0,PAGO,1 julio 2025 - 1 enero 2026.xlsx,,,2026-05-27 15:01:20.503007,,ajustes,Ajuste por Talla/Garantía,False
ML,POS_136225070241_1 julio 2025 - 1 enero 2026.xlsx_493,2000014177419212,2025-11-12,smaller_than_expected_fashion,25990.0,PAGO,1 julio 2025 - 1 enero 2026.xlsx,,,2026-05-27 15:01:20.503007,,ajustes,Ajuste por Talla/Garantía,False
ML,POS_132888287373_1 julio 2025 - 1 enero 2026.xlsx_494,2000013782350206,2025-11-12,smaller_than_expected_fashion,19990.0,PAGO,1 julio 2025 - 1 enero 2026.xlsx,,,2026-05-27 15:01:20.503007,,ajustes,Ajuste por Talla/Garantía,False
ML,POS_133495102824_1 julio 2025 - 1 enero 2026.xlsx_495,2000013782342680,2025-11-12,smaller_than_expected_fashion,19990.0,PAGO,1 julio 2025 - 1 enero 2026.xlsx,,,2026-05-27 15:01:20.503007,,ajustes,Ajuste por Talla/Garantía,False
ML,POS_135903725787_1 julio 2025 - 1 enero 2026.xlsx_496,2000014147929344,2025-11-12,repentant_buyer,31490.0,PAGO,1 julio 2025 - 1 enero 2026.xlsx,,,2026-05-27 15:01:20.503007,,ajustes,Ajuste por Arrepentimiento,False
ML,POS_136914072428_1 julio 2025 - 1 enero 2026.xlsx_497,2000014184971172,2025-11-12,smaller_than_expected_fashion,13990.0,PAGO,1 julio 2025 - 1 enero 2026.xlsx,,,2026-05-27 15:01:20.503007,,ajustes,Ajuste por Talla/Garantía,False
ML,POS_137059579216_1 julio 2025 - 1 enero 2026.xlsx_498,2000014204373476,2025-10-12,bigger_than_expected_fashion,21990.0,PAGO,1 julio 2025 - 1 enero 2026.xlsx,,,2026-05-27 15:01:20.503007,,ajustes,Ajuste por Talla/Garantía,False
ML,POS_136539467183_1 julio 2025 - 1 enero 2026.xlsx_499,2000014217841764,2025-10-12,broken_item_fashion,31490.0,PAGO,1 julio 2025 - 1 enero 2026.xlsx,,,2026-05-27 15:01:20.503007,,ajustes,Ajuste por Producto Dañado/Vacío,False
ML,POS_136572989403_1 julio 2025 - 1 enero 2026.xlsx_500,2000014221937052,2025-10-12,smaller_than_expected_fashion,22390.0,PAGO,1 julio 2025 - 1 enero 2026.xlsx,,,2026-05-27 15:01:20.503007,,ajustes,Ajuste por Talla/Garantía,False
ML,POS_133487713752_1 julio 2025 - 1 enero 2026.xlsx_501,2000013780654208,2025-10-12,smaller_than_expected_fashion,32990.0,PAGO,1 julio 2025 - 1 enero 2026.xlsx,,,2026-05-27 15:01:20.503007,,ajustes,Ajuste por Talla/Garantía,False
ML,POS_135271874486_1 julio 2025 - 1 enero 2026.xlsx_502,2000013987272332,2025-10-12,smaller_than_expected_fashion,39990.0,PAGO,1 julio 2025 - 1 enero 2026.xlsx,,,2026-05-27 15:01:20.503007,,ajustes,Ajuste por Talla/Garantía,False
ML,POS_135138160265_1 julio 2025 - 1 enero 2026.xlsx_503,2000014052353518,2025-10-12,smaller_than_expected_fashion,31490.0,PAGO,1 julio 2025 - 1 enero 2026.xlsx,,,2026-05-27 15:01:20.503007,,ajustes,Ajuste por Talla/Garantía,False
ML,POS_136082078610_1 julio 2025 - 1 enero 2026.xlsx_504,2000014095428654,2025-10-12,repentant_buyer,33374.0,PAGO,1 julio 2025 - 1 enero 2026.xlsx,,,2026-05-27 15:01:20.503007,,ajustes,Ajuste por Arrepentimiento,False
ML,POS_136082026916_1 julio 2025 - 1 enero 2026.xlsx_505,2000014095428654,2025-10-12,repentant_buyer,4616.0,PAGO,1 julio 2025 - 1 enero 2026.xlsx,,,2026-05-27 15:01:20.503007,,ajustes,Ajuste por Arrepentimiento,False
ML,POS_136559224133_1 julio 2025 - 1 enero 2026.xlsx_506,2000014220426274,2025-10-12,repentant_buyer,31490.0,PAGO,1 julio 2025 - 1 enero 2026.xlsx,,,2026-05-27 15:01:20.503007,,ajustes,Ajuste por Arrepentimiento,False
ML,POS_135875808875_1 julio 2025 - 1 enero 2026.xlsx_507,2000014144786934,2025-10-12,bigger_than_expected_fashion,31490.0,PAGO,1 julio 2025 - 1 enero 2026.xlsx,,,2026-05-27 15:01:20.503007,,ajustes,Ajuste por Talla/Garantía,False
ML,POS_135441575333_1 julio 2025 - 1 enero 2026.xlsx_508,2000014090130208,2025-10-12,bigger_than_expected_fashion,27590.0,PAGO,1 julio 2025 - 1 enero 2026.xlsx,,,2026-05-27 15:01:20.503007,,ajustes,Ajuste por Talla/Garantía,False
ML,POS_136041109442_1 julio 2025 - 1 enero 2026.xlsx_509,2000014090130208,2025-10-12,bigger_than_expected_fashion,27590.0,PAGO,1 julio 2025 - 1 enero 2026.xlsx,,,2026-05-27 15:01:20.503007,,ajustes,Ajuste por Talla/Garantía,False
ML,POS_137228203966_1 julio 2025 - 1 enero 2026.xlsx_510,2000014225640442,2025-10-12,smaller_than_expected_fashion,35190.0,PAGO,1 julio 2025 - 1 enero 2026.xlsx,,,2026-05-27 15:01:20.503007,,ajustes,Ajuste por Talla/Garantía,False
ML,POS_132730710917_1 julio 2025 - 1 enero 2026.xlsx_511,2000013759311746,2025-10-12,smaller_than_expected_fashion,35990.0,PAGO,1 julio 2025 - 1 enero 2026.xlsx,,,2026-05-27 15:01:20.503007,,ajustes,Ajuste por Talla/Garantía,False
ML,POS_136453051212_1 julio 2025 - 1 enero 2026.xlsx_512,2000014139565814,2025-10-12,smaller_than_expected_fashion,17490.0,PAGO,1 julio 2025 - 1 enero 2026.xlsx,,,2026-05-27 15:01:20.503007,,ajustes,Ajuste por Talla/Garantía,False
ML,POS_135091014135_1 julio 2025 - 1 enero 2026.xlsx_513,2000014045770002,2025-10-12,bigger_than_expected_fashion,23390.0,PAGO,1 julio 2025 - 1 enero 2026.xlsx,,,2026-05-27 15:01:20.503007,,ajustes,Ajuste por Talla/Garantía,False
ML,POS_135505614319_1 julio 2025 - 1 enero 2026.xlsx_514,2000014100778044,2025-10-12,smaller_than_expected_fashion,16090.0,PAGO,1 julio 2025 - 1 enero 2026.xlsx,,,2026-05-27 15:01:20.503007,,ajustes,Ajuste por Talla/Garantía,False
ML,POS_136123234816_1 julio 2025 - 1 enero 2026.xlsx_515,2000014100778058,2025-10-12,smaller_than_expected_fashion,23390.0,PAGO,1 julio 2025 - 1 enero 2026.xlsx,,,2026-05-27 15:01:20.503007,,ajustes,Ajuste por Talla/Garantía,False
ML,POS_135462067199_1 julio 2025 - 1 enero 2026.xlsx_516,2000014094859500,2025-10-12,dont_want_it_another_cause_fashion,19990.0,PAGO,1 julio 2025 - 1 enero 2026.xlsx,,,2026-05-27 15:01:20.503007,,ajustes,Ajuste por Arrepentimiento,True
ML,POS_136078587174_1 julio 2025 - 1 enero 2026.xlsx_517,2000014094870812,2025-10-12,dont_want_it_another_cause_fashion,22990.0,PAGO,1 julio 2025 - 1 enero 2026.xlsx,,,2026-05-27 15:01:20.503007,,ajustes,Ajuste por Arrepentimiento,True
ML,POS_136907874178_1 julio 2025 - 1 enero 2026.xlsx_518,2000014184073588,2025-10-12,bigger_than_expected_fashion,32990.0,PAGO,1 julio 2025 - 1 enero 2026.xlsx,,,2026-05-27 15:01:20.503007,,ajustes,Ajuste por Talla/Garantía,False
ML,POS_136604349421_1 julio 2025 - 1 enero 2026.xlsx_519,2000014226548734,2025-09-12,undelivered_repentant_buyer,36990.0,PAGO,1 julio 2025 - 1 enero 2026.xlsx,,,2026-05-27 15:01:20.503007,,ajustes,Ajuste por Arrepentimiento,True
ML,POS_136861830092_1 julio 2025 - 1 enero 2026.xlsx_520,2000014178867502,2025-09-12,smaller_than_expected_fashion,48990.0,PAGO,1 julio 2025 - 1 enero 2026.xlsx,,,2026-05-27 15:01:20.503007,,ajustes,Ajuste por Talla/Garantía,False
ML,POS_136237361854_1 julio 2025 - 1 enero 2026.xlsx_521,2000014115393774,2025-09-12,smaller_than_expected_fashion,27990.0,PAGO,1 julio 2025 - 1 enero 2026.xlsx,,,2026-05-27 15:01:20.503007,,ajustes,Ajuste por Talla/Garantía,False
ML,POS_135473974817_1 julio 2025 - 1 enero 2026.xlsx_522,2000014097111868,2025-09-12,dont_want_it_another_cause_fashion,23990.0,PAGO,1 julio 2025 - 1 enero 2026.xlsx,,,2026-05-27 15:01:20.503007,,ajustes,Ajuste por Arrepentimiento,True
ML,POS_134987893819_1 julio 2025 - 1 enero 2026.xlsx_523,2000014030323944,2025-09-12,bigger_than_expected_fashion,31490.0,PAGO,1 julio 2025 - 1 enero 2026.xlsx,,,2026-05-27 15:01:20.503007,,ajustes,Ajuste por Talla/Garantía,False
ML,POS_134988064725_1 julio 2025 - 1 enero 2026.xlsx_524,2000014030348096,2025-09-12,bigger_than_expected_fashion,27590.0,PAGO,1 julio 2025 - 1 enero 2026.xlsx,,,2026-05-27 15:01:20.503007,,ajustes,Ajuste por Talla/Garantía,False
ML,POS_136960125834_1 julio 2025 - 1 enero 2026.xlsx_525,2000014191501786,2025-09-12,repentant_buyer,33990.0,PAGO,1 julio 2025 - 1 enero 2026.xlsx,,,2026-05-27 15:01:20.503007,,ajustes,Ajuste por Arrepentimiento,False
ML,POS_136383728405_1 julio 2025 - 1 enero 2026.xlsx_526,2000014196933726,2025-09-12,bigger_than_expected_fashion,17990.0,PAGO,1 julio 2025 - 1 enero 2026.xlsx,,,2026-05-27 15:01:20.503007,,ajustes,Ajuste por Talla/Garantía,False
ML,POS_136383562995_1 julio 2025 - 1 enero 2026.xlsx_527,2000014196942094,2025-09-12,bigger_than_expected_fashion,21990.0,PAGO,1 julio 2025 - 1 enero 2026.xlsx,,,2026-05-27 15:01:20.503007,,ajustes,Ajuste por Talla/Garantía,False
ML,POS_135331442391_1 julio 2025 - 1 enero 2026.xlsx_528,2000014079041952,2025-09-12,dont_want_it_another_cause_fashion,29990.0,PAGO,1 julio 2025 - 1 enero 2026.xlsx,,,2026-05-27 15:01:20.503007,,ajustes,Ajuste por Arrepentimiento,True
ML,POS_136527651766_1 julio 2025 - 1 enero 2026.xlsx_529,2000014148139566,2025-09-12,smaller_than_expected_fashion,27990.0,PAGO,1 julio 2025 - 1 enero 2026.xlsx,,,2026-05-27 15:01:20.503007,,ajustes,Ajuste por Talla/Garantía,False
ML,POS_135918701976_1 julio 2025 - 1 enero 2026.xlsx_530,2000014073754922,2025-09-12,bigger_than_expected_fashion,19990.0,PAGO,1 julio 2025 - 1 enero 2026.xlsx,,,2026-05-27 15:01:20.503007,,ajustes,Ajuste por Talla/Garantía,False
ML,POS_136962502272_1 julio 2025 - 1 enero 2026.xlsx_531,2000014191793590,2025-09-12,broken_item_fashion,33990.0,PAGO,1 julio 2025 - 1 enero 2026.xlsx,,,2026-05-27 15:01:20.503007,,ajustes,Ajuste por Producto Dañado/Vacío,False
ML,POS_136424025857_1 julio 2025 - 1 enero 2026.xlsx_532,2000014202984978,2025-09-12,smaller_than_expected_fashion,22990.0,PAGO,1 julio 2025 - 1 enero 2026.xlsx,,,2026-05-27 15:01:20.503007,,ajustes,Ajuste por Talla/Garantía,False
ML,POS_135089948061_1 julio 2025 - 1 enero 2026.xlsx_533,2000014045633712,2025-09-12,dont_want_it_another_cause_fashion,27590.0,PAGO,1 julio 2025 - 1 enero 2026.xlsx,,,2026-05-27 15:01:20.503007,,ajustes,Ajuste por Arrepentimiento,True
ML,POS_132591112787_1 julio 2025 - 1 enero 2026.xlsx_534,2000013744151268,2025-09-12,different_than_published,16990.0,PAGO,1 julio 2025 - 1 enero 2026.xlsx,,,2026-05-27 15:01:20.503007,,ajustes,Ajuste por Diferencia de Publicación,True
ML,POS_135341295149_1 julio 2025 - 1 enero 2026.xlsx_537,2000014080452686,2025-09-12,dont_want_it_another_cause_fashion,19790.0,PAGO,1 julio 2025 - 1 enero 2026.xlsx,,,2026-05-27 15:01:20.503007,,ajustes,Ajuste por Arrepentimiento,True
ML,POS_135349706590_1 julio 2025 - 1 enero 2026.xlsx_538,2000013996616784,2025-09-12,dont_want_it_another_cause_fashion,25190.0,PAGO,1 julio 2025 - 1 enero 2026.xlsx,,,2026-05-27 15:01:20.503007,,ajustes,Ajuste por Arrepentimiento,True
ML,POS_135980297818_1 julio 2025 - 1 enero 2026.xlsx_539,2000014082213482,2025-09-12,bigger_than_expected_fashion,21590.0,PAGO,1 julio 2025 - 1 enero 2026.xlsx,,,2026-05-27 15:01:20.503007,,ajustes,Ajuste por Talla/Garantía,False
ML,POS_135364352213_1 julio 2025 - 1 enero 2026.xlsx_540,2000014082213484,2025-09-12,smaller_than_expected_fashion,26990.0,PAGO,1 julio 2025 - 1 enero 2026.xlsx,,,2026-05-27 15:01:20.503007,,ajustes,Ajuste por Talla/Garantía,False
ML,POS_136960125834_1 julio 2025 - 1 enero 2026.xlsx_541,2000014191501786,2025-09-12,repentant_buyer,33990.0,PAGO,1 julio 2025 - 1 enero 2026.xlsx,,,2026-05-27 15:01:20.503007,,ajustes,Ajuste por Arrepentimiento,False
ML,POS_137161952146_1 julio 2025 - 1 enero 2026.xlsx_542,2000014216896806,2025-09-12,undelivered_repentant_buyer,9990.0,PAGO,1 julio 2025 - 1 enero 2026.xlsx,,,2026-05-27 15:01:20.503007,,ajustes,Ajuste por Arrepentimiento,True
ML,POS_137161759956_1 julio 2025 - 1 enero 2026.xlsx_543,2000014216900430,2025-09-12,undelivered_repentant_buyer,9990.0,PAGO,1 julio 2025 - 1 enero 2026.xlsx,,,2026-05-27 15:01:20.503007,,ajustes,Ajuste por Arrepentimiento,True
ML,POS_137161799158_1 julio 2025 - 1 enero 2026.xlsx_544,2000014216895212,2025-09-12,undelivered_repentant_buyer,9990.0,PAGO,1 julio 2025 - 1 enero 2026.xlsx,,,2026-05-27 15:01:20.503007,,ajustes,Ajuste por Arrepentimiento,True
ML,POS_135444739341_1 julio 2025 - 1 enero 2026.xlsx_545,2000014092527832,2025-09-12,smaller_than_expected_fashion,26990.0,PAGO,1 julio 2025 - 1 enero 2026.xlsx,,,2026-05-27 15:01:20.503007,,ajustes,Ajuste por Talla/Garantía,False
ML,POS_135444924733_1 julio 2025 - 1 enero 2026.xlsx_546,2000014092525898,2025-09-12,smaller_than_expected_fashion,29990.0,PAGO,1 julio 2025 - 1 enero 2026.xlsx,,,2026-05-27 15:01:20.503007,,ajustes,Ajuste por Talla/Garantía,False
ML,POS_135243602769_1 julio 2025 - 1 enero 2026.xlsx_547,2000014065178240,2025-09-12,bigger_than_expected_fashion,18890.0,PAGO,1 julio 2025 - 1 enero 2026.xlsx,,,2026-05-27 15:01:20.503007,,ajustes,Ajuste por Talla/Garantía,False
ML,POS_135859568026_1 julio 2025 - 1 enero 2026.xlsx_548,2000014065155694,2025-09-12,bigger_than_expected_fashion,27990.0,PAGO,1 julio 2025 - 1 enero 2026.xlsx,,,2026-05-27 15:01:20.503007,,ajustes,Ajuste por Talla/Garantía,False
ML,POS_135329866705_1 julio 2025 - 1 enero 2026.xlsx_549,2000014078725598,2025-09-12,bigger_than_expected_fashion,29390.0,PAGO,1 julio 2025 - 1 enero 2026.xlsx,,,2026-05-27 15:01:20.503007,,ajustes,Ajuste por Talla/Garantía,False
ML,POS_135352920807_1 julio 2025 - 1 enero 2026.xlsx_550,2000014081076590,2025-09-12,smaller_than_expected_fashion,17990.0,PAGO,1 julio 2025 - 1 enero 2026.xlsx,,,2026-05-27 15:01:20.503007,,ajustes,Ajuste por Talla/Garantía,False
ML,POS_136138748439_1 julio 2025 - 1 enero 2026.xlsx_551,2000014169500242,2025-09-12,estimated_delivery_out_of_time,10995.0,PAGO,1 julio 2025 - 1 enero 2026.xlsx,,,2026-05-27 15:01:20.503007,,ajustes,Ajuste por Retraso en Entrega,True
ML,POS_136762808554_1 julio 2025 - 1 enero 2026.xlsx_552,2000014169500242,2025-09-12,estimated_delivery_out_of_time,10995.0,PAGO,1 julio 2025 - 1 enero 2026.xlsx,,,2026-05-27 15:01:20.503007,,ajustes,Ajuste por Retraso en Entrega,True
ML,POS_134333193452_1 julio 2025 - 1 enero 2026.xlsx_553,2000013884274910,2025-09-12,smaller_than_expected_fashion,30990.0,PAGO,1 julio 2025 - 1 enero 2026.xlsx,,,2026-05-27 15:01:20.503007,,ajustes,Ajuste por Talla/Garantía,False
ML,POS_133722557079_1 julio 2025 - 1 enero 2026.xlsx_554,2000013884274910,2025-09-12,smaller_than_expected_fashion,6000.0,PAGO,1 julio 2025 - 1 enero 2026.xlsx,,,2026-05-27 15:01:20.503007,,ajustes,Ajuste por Talla/Garantía,False
ML,POS_136558841080_1 julio 2025 - 1 enero 2026.xlsx_555,2000014150851092,2025-09-12,different_color_or_size_fashion,22990.0,PAGO,1 julio 2025 - 1 enero 2026.xlsx,,,2026-05-27 15:01:20.503007,,ajustes,Ajuste por Diferencia de Publicación,True
ML,POS_135887023944_1 julio 2025 - 1 enero 2026.xlsx_556,2000014068563106,2025-09-12,smaller_than_expected_fashion,23090.0,PAGO,1 julio 2025 - 1 enero 2026.xlsx,,,2026-05-27 15:01:20.503007,,ajustes,Ajuste por Talla/Garantía,False
ML,POS_135841776529_1 julio 2025 - 1 enero 2026.xlsx_557,2000014141023648,2025-09-12,smaller_than_expected_fashion,39890.0,PAGO,1 julio 2025 - 1 enero 2026.xlsx,,,2026-05-27 15:01:20.503007,,ajustes,Ajuste por Talla/Garantía,False
ML,POS_135992823004_1 julio 2025 - 1 enero 2026.xlsx_558,2000014083630332,2025-09-12,smaller_than_expected_fashion,20990.0,PAGO,1 julio 2025 - 1 enero 2026.xlsx,,,2026-05-27 15:01:20.503007,,ajustes,Ajuste por Talla/Garantía,False
ML,POS_135767349045_1 julio 2025 - 1 enero 2026.xlsx_559,2000014133200004,2025-09-12,smaller_than_expected_fashion,24742.0,PAGO,1 julio 2025 - 1 enero 2026.xlsx,,,2026-05-27 15:01:20.503007,,ajustes,Ajuste por Talla/Garantía,False
ML,POS_135618154937_1 julio 2025 - 1 enero 2026.xlsx_560,2000014115474844,2025-09-12,dont_want_it_another_cause_fashion,20990.0,PAGO,1 julio 2025 - 1 enero 2026.xlsx,,,2026-05-27 15:01:20.503007,,ajustes,Ajuste por Arrepentimiento,True
ML,POS_135885376349_1 julio 2025 - 1 enero 2026.xlsx_561,2000014145740076,2025-08-12,repentant_buyer,32990.0,PAGO,1 julio 2025 - 1 enero 2026.xlsx,,,2026-05-27 15:01:20.503007,,ajustes,Ajuste por Arrepentimiento,False
ML,POS_135721781363_1 julio 2025 - 1 enero 2026.xlsx_562,2000014127322914,2025-08-12,bigger_than_expected_fashion,21760.0,PAGO,1 julio 2025 - 1 enero 2026.xlsx,,,2026-05-27 15:01:20.503007,,ajustes,Ajuste por Talla/Garantía,False
ML,POS_134179253522_1 julio 2025 - 1 enero 2026.xlsx_564,2000013862632538,2025-08-12,bigger_than_expected_fashion,35990.0,PAGO,1 julio 2025 - 1 enero 2026.xlsx,,,2026-05-27 15:01:20.503007,,ajustes,Ajuste por Talla/Garantía,False
ML,POS_136075381183_1 julio 2025 - 1 enero 2026.xlsx_565,2000014163767494,2025-08-12,smaller_than_expected_fashion,33990.0,PAGO,1 julio 2025 - 1 enero 2026.xlsx,,,2026-05-27 15:01:20.503007,,ajustes,Ajuste por Talla/Garantía,False
ML,POS_135748336998_1 julio 2025 - 1 enero 2026.xlsx_566,2000014051810070,2025-08-12,smaller_than_expected_fashion,25190.0,PAGO,1 julio 2025 - 1 enero 2026.xlsx,,,2026-05-27 15:01:20.503007,,ajustes,Ajuste por Talla/Garantía,False
ML,POS_135132364413_1 julio 2025 - 1 enero 2026.xlsx_567,2000014051804476,2025-08-12,smaller_than_expected_fashion,22390.0,PAGO,1 julio 2025 - 1 enero 2026.xlsx,,,2026-05-27 15:01:20.503007,,ajustes,Ajuste por Talla/Garantía,False
ML,POS_135487325621_1 julio 2025 - 1 enero 2026.xlsx_568,2000014099504636,2025-08-12,bigger_than_expected_fashion,34990.0,PAGO,1 julio 2025 - 1 enero 2026.xlsx,,,2026-05-27 15:01:20.503007,,ajustes,Ajuste por Talla/Garantía,False
ML,POS_136103973736_1 julio 2025 - 1 enero 2026.xlsx_569,2000014099499324,2025-08-12,smaller_than_expected_fashion,31492.0,PAGO,1 julio 2025 - 1 enero 2026.xlsx,,,2026-05-27 15:01:20.503007,,ajustes,Ajuste por Talla/Garantía,False
ML,POS_136382505848_1 julio 2025 - 1 enero 2026.xlsx_570,2000014132497214,2025-08-12,undelivered_repentant_buyer,11844.0,PAGO,1 julio 2025 - 1 enero 2026.xlsx,,,2026-05-27 15:01:20.503007,,ajustes,Ajuste por Arrepentimiento,True
ML,POS_136478572804_1 julio 2025 - 1 enero 2026.xlsx_571,2000014142847332,2025-08-12,repentant_buyer,34990.0,PAGO,1 julio 2025 - 1 enero 2026.xlsx,,,2026-05-27 15:01:20.503007,,ajustes,Ajuste por Arrepentimiento,False
ML,POS_135637160929_1 julio 2025 - 1 enero 2026.xlsx_572,2000014117154790,2025-08-12,smaller_than_expected_fashion,16090.0,PAGO,1 julio 2025 - 1 enero 2026.xlsx,,,2026-05-27 15:01:20.503007,,ajustes,Ajuste por Talla/Garantía,False
ML,POS_136191031983_1 julio 2025 - 1 enero 2026.xlsx_573,2000014174299138,2025-08-12,smaller_than_expected_fashion,25990.0,PAGO,1 julio 2025 - 1 enero 2026.xlsx,,,2026-05-27 15:01:20.503007,,ajustes,Ajuste por Talla/Garantía,False
ML,POS_135813692474_1 julio 2025 - 1 enero 2026.xlsx_574,2000014059260674,2025-08-12,smaller_than_expected_fashion,31490.0,PAGO,1 julio 2025 - 1 enero 2026.xlsx,,,2026-05-27 15:01:20.503007,,ajustes,Ajuste por Talla/Garantía,False
ML,POS_136836393084_1 julio 2025 - 1 enero 2026.xlsx_575,2000014176128252,2025-08-12,repentant_buyer,4519.0,PAGO,1 julio 2025 - 1 enero 2026.xlsx,,,2026-05-27 15:01:20.503007,,ajustes,Ajuste por Arrepentimiento,False
ML,POS_136836387020_1 julio 2025 - 1 enero 2026.xlsx_578,2000014176128252,2025-08-12,repentant_buyer,19471.0,PAGO,1 julio 2025 - 1 enero 2026.xlsx,,,2026-05-27 15:01:20.503007,,ajustes,Ajuste por Arrepentimiento,False
ML,POS_136403951450_1 julio 2025 - 1 enero 2026.xlsx_579,2000014134325074,2025-08-12,smaller_than_expected_fashion,35190.0,PAGO,1 julio 2025 - 1 enero 2026.xlsx,,,2026-05-27 15:01:20.503007,,ajustes,Ajuste por Talla/Garantía,False
ML,POS_136183542755_1 julio 2025 - 1 enero 2026.xlsx_580,2000014173674896,2025-08-12,smaller_than_expected_fashion,8000.0,PAGO,1 julio 2025 - 1 enero 2026.xlsx,,,2026-05-27 15:01:20.503007,,ajustes,Ajuste por Talla/Garantía,False
ML,POS_136807265198_1 julio 2025 - 1 enero 2026.xlsx_583,2000014173674896,2025-08-12,smaller_than_expected_fashion,28990.0,PAGO,1 julio 2025 - 1 enero 2026.xlsx,,,2026-05-27 15:01:20.503007,,ajustes,Ajuste por Talla/Garantía,False
ML,POS_136909774894_1 julio 2025 - 1 enero 2026.xlsx_584,2000014184373216,2025-08-12,repentant_buyer,31990.0,PAGO,1 julio 2025 - 1 enero 2026.xlsx,,,2026-05-27 15:01:20.503007,,ajustes,Ajuste por Arrepentimiento,False
ML,POS_136502657222_1 julio 2025 - 1 enero 2026.xlsx_585,2000014145195738,2025-08-12,dont_want_it_another_cause_fashion,67990.0,PAGO,1 julio 2025 - 1 enero 2026.xlsx,,,2026-05-27 15:01:20.503007,,ajustes,Ajuste por Arrepentimiento,True
ML,POS_136306396387_1 julio 2025 - 1 enero 2026.xlsx_586,2000014187192168,2025-08-12,undelivered_other,28990.0,PAGO,1 julio 2025 - 1 enero 2026.xlsx,,,2026-05-27 15:01:20.503007,,ajustes,Ajuste por Falla en Entrega,True
ML,POS_135380265059_1 julio 2025 - 1 enero 2026.xlsx_587,2000014084070508,2025-08-12,repentant_buyer,23180.0,PAGO,1 julio 2025 - 1 enero 2026.xlsx,,,2026-05-27 15:01:20.503007,,ajustes,Ajuste por Arrepentimiento,False
ML,POS_134631346640_1 julio 2025 - 1 enero 2026.xlsx_588,2000013915938684,2025-07-12,repentant_buyer,45990.0,PAGO,1 julio 2025 - 1 enero 2026.xlsx,,,2026-05-27 15:01:20.503007,,ajustes,Ajuste por Arrepentimiento,False
ML,POS_136030013980_1 julio 2025 - 1 enero 2026.xlsx_589,2000014088525784,2025-07-12,bigger_than_expected_fashion,20038.0,PAGO,1 julio 2025 - 1 enero 2026.xlsx,,,2026-05-27 15:01:20.503007,,ajustes,Ajuste por Talla/Garantía,False
ML,POS_136030109338_1 julio 2025 - 1 enero 2026.xlsx_590,2000014088525784,2025-07-12,bigger_than_expected_fashion,1552.0,PAGO,1 julio 2025 - 1 enero 2026.xlsx,,,2026-05-27 15:01:20.503007,,ajustes,Ajuste por Talla/Garantía,False
ML,POS_133532955697_1 julio 2025 - 1 enero 2026.xlsx_593,2000013857424550,2025-07-12,smaller_than_expected_fashion,19990.0,PAGO,1 julio 2025 - 1 enero 2026.xlsx,,,2026-05-27 15:01:20.503007,,ajustes,Ajuste por Talla/Garantía,False
ML,POS_135762617312_1 julio 2025 - 1 enero 2026.xlsx_594,2000014053242634,2025-07-12,repentant_buyer,35190.0,PAGO,1 julio 2025 - 1 enero 2026.xlsx,,,2026-05-27 15:01:20.503007,,ajustes,Ajuste por Arrepentimiento,False
ML,POS_133106634470_1 julio 2025 - 1 enero 2026.xlsx_595,2000013734185436,2025-07-12,bigger_than_expected_fashion,31992.0,PAGO,1 julio 2025 - 1 enero 2026.xlsx,,,2026-05-27 15:01:20.503007,,ajustes,Ajuste por Talla/Garantía,False
ML,POS_134765530167_1 julio 2025 - 1 enero 2026.xlsx_596,2000014000403990,2025-07-12,smaller_than_expected_fashion,23390.0,PAGO,1 julio 2025 - 1 enero 2026.xlsx,,,2026-05-27 15:01:20.503007,,ajustes,Ajuste por Talla/Garantía,False
ML,POS_135380533278_1 julio 2025 - 1 enero 2026.xlsx_597,2000014000416110,2025-07-12,smaller_than_expected_fashion,25190.0,PAGO,1 julio 2025 - 1 enero 2026.xlsx,,,2026-05-27 15:01:20.503007,,ajustes,Ajuste por Talla/Garantía,False
ML,POS_136899230080_1 julio 2025 - 1 enero 2026.xlsx_598,2000014182859526,2025-07-12,undelivered_repentant_buyer,28990.0,PAGO,1 julio 2025 - 1 enero 2026.xlsx,,,2026-05-27 15:01:20.503007,,ajustes,Ajuste por Arrepentimiento,True
ML,POS_132498234067_1 julio 2025 - 1 enero 2026.xlsx_599,2000013733718668,2025-07-12,bigger_than_expected_fashion,35990.0,PAGO,1 julio 2025 - 1 enero 2026.xlsx,,,2026-05-27 15:01:20.503007,,ajustes,Ajuste por Talla/Garantía,False
ML,POS_135966165911_1 julio 2025 - 1 enero 2026.xlsx_600,2000014153620262,2025-07-12,smaller_than_expected_fashion,25190.0,PAGO,1 julio 2025 - 1 enero 2026.xlsx,,,2026-05-27 15:01:20.503007,,ajustes,Ajuste por Talla/Garantía,False
ML,POS_135966167775_1 julio 2025 - 1 enero 2026.xlsx_601,2000014153607482,2025-07-12,smaller_than_expected_fashion,17390.0,PAGO,1 julio 2025 - 1 enero 2026.xlsx,,,2026-05-27 15:01:20.503007,,ajustes,Ajuste por Talla/Garantía,False
ML,POS_135690392137_1 julio 2025 - 1 enero 2026.xlsx_602,2000014123191632,2025-07-12,smaller_than_expected_fashion,31492.0,PAGO,1 julio 2025 - 1 enero 2026.xlsx,,,2026-05-27 15:01:20.503007,,ajustes,Ajuste por Talla/Garantía,False
ML,POS_135250679617_1 julio 2025 - 1 enero 2026.xlsx_603,2000014066094656,2025-07-12,repentant_buyer,9990.0,PAGO,1 julio 2025 - 1 enero 2026.xlsx,,,2026-05-27 15:01:20.503007,,ajustes,Ajuste por Arrepentimiento,False
ML,POS_135042618605_1 julio 2025 - 1 enero 2026.xlsx_604,2000014038559956,2025-07-12,bigger_than_expected_fashion,24490.0,PAGO,1 julio 2025 - 1 enero 2026.xlsx,,,2026-05-27 15:01:20.503007,,ajustes,Ajuste por Talla/Garantía,False
ML,POS_135995015611_1 julio 2025 - 1 enero 2026.xlsx_605,2000014156487592,2025-07-12,bigger_than_expected_fashion,21990.0,PAGO,1 julio 2025 - 1 enero 2026.xlsx,,,2026-05-27 15:01:20.503007,,ajustes,Ajuste por Talla/Garantía,False
ML,POS_136496070210_1 julio 2025 - 1 enero 2026.xlsx_606,2000014144572296,2025-06-12,dont_want_it_another_cause_fashion,22390.0,PAGO,1 julio 2025 - 1 enero 2026.xlsx,,,2026-05-27 15:01:20.503007,,ajustes,Ajuste por Arrepentimiento,True
ML,POS_135218019635_1 julio 2025 - 1 enero 2026.xlsx_607,2000014061634956,2025-06-12,dont_want_it_another_cause_fashion,31990.0,PAGO,1 julio 2025 - 1 enero 2026.xlsx,,,2026-05-27 15:01:20.503007,,ajustes,Ajuste por Arrepentimiento,True
ML,POS_136367864752_1 julio 2025 - 1 enero 2026.xlsx_608,2000014130214178,2025-06-12,broken_item_fashion,25990.0,PAGO,1 julio 2025 - 1 enero 2026.xlsx,,,2026-05-27 15:01:20.503007,,ajustes,Ajuste por Producto Dañado/Vacío,False
ML,POS_136224558898_1 julio 2025 - 1 enero 2026.xlsx_609,2000014113213262,2025-06-12,dont_want_it_another_cause_fashion,31490.0,PAGO,1 julio 2025 - 1 enero 2026.xlsx,,,2026-05-27 15:01:20.503007,,ajustes,Ajuste por Arrepentimiento,True
ML,POS_136357771686_1 julio 2025 - 1 enero 2026.xlsx_610,2000014128996934,2025-06-12,smaller_than_expected_fashion,24990.0,PAGO,1 julio 2025 - 1 enero 2026.xlsx,,,2026-05-27 15:01:20.503007,,ajustes,Ajuste por Talla/Garantía,False
ML,POS_136357791362_1 julio 2025 - 1 enero 2026.xlsx_611,2000014128995060,2025-06-12,smaller_than_expected_fashion,20790.0,PAGO,1 julio 2025 - 1 enero 2026.xlsx,,,2026-05-27 15:01:20.503007,,ajustes,Ajuste por Talla/Garantía,False
ML,POS_135736885401_1 julio 2025 - 1 enero 2026.xlsx_612,2000014128996932,2025-06-12,smaller_than_expected_fashion,9990.0,PAGO,1 julio 2025 - 1 enero 2026.xlsx,,,2026-05-27 15:01:20.503007,,ajustes,Ajuste por Talla/Garantía,False
ML,POS_136357868536_1 julio 2025 - 1 enero 2026.xlsx_613,2000014128985738,2025-06-12,smaller_than_expected_fashion,21990.0,PAGO,1 julio 2025 - 1 enero 2026.xlsx,,,2026-05-27 15:01:20.503007,,ajustes,Ajuste por Talla/Garantía,False
ML,POS_136357842680_1 julio 2025 - 1 enero 2026.xlsx_614,2000014128985736,2025-06-12,smaller_than_expected_fashion,19790.0,PAGO,1 julio 2025 - 1 enero 2026.xlsx,,,2026-05-27 15:01:20.503007,,ajustes,Ajuste por Talla/Garantía,False
ML,POS_136357801068_1 julio 2025 - 1 enero 2026.xlsx_615,2000014128987686,2025-06-12,smaller_than_expected_fashion,9990.0,PAGO,1 julio 2025 - 1 enero 2026.xlsx,,,2026-05-27 15:01:20.503007,,ajustes,Ajuste por Talla/Garantía,False
ML,POS_136316342150_1 julio 2025 - 1 enero 2026.xlsx_616,2000014123994442,2025-06-12,different_color_or_size_fashion,20000.0,PAGO,1 julio 2025 - 1 enero 2026.xlsx,,,2026-05-27 15:01:20.503007,,ajustes,Ajuste por Diferencia de Publicación,True
ML,POS_136316330408_1 julio 2025 - 1 enero 2026.xlsx_617,2000014123994442,2025-06-12,different_color_or_size_fashion,3790.0,PAGO,1 julio 2025 - 1 enero 2026.xlsx,,,2026-05-27 15:01:20.503007,,ajustes,Ajuste por Diferencia de Publicación,True
ML,POS_136440726674_1 julio 2025 - 1 enero 2026.xlsx_618,2000014123994442,2025-06-12,different_color_or_size_fashion,23790.0,PAGO,1 julio 2025 - 1 enero 2026.xlsx,,,2026-05-27 15:01:20.503007,,ajustes,Ajuste por Diferencia de Publicación,True
ML,POS_133922932284_1 julio 2025 - 1 enero 2026.xlsx_619,2000013830217176,2025-06-12,broken_item_fashion,29990.0,PAGO,1 julio 2025 - 1 enero 2026.xlsx,,,2026-05-27 15:01:20.503007,,ajustes,Ajuste por Producto Dañado/Vacío,False
ML,POS_135745120559_1 julio 2025 - 1 enero 2026.xlsx_620,2000014129998130,2025-06-12,bigger_than_expected_fashion,35190.0,PAGO,1 julio 2025 - 1 enero 2026.xlsx,,,2026-05-27 15:01:20.503007,,ajustes,Ajuste por Talla/Garantía,False
ML,POS_132307966563_1 julio 2025 - 1 enero 2026.xlsx_621,2000013717117024,2025-05-12,smaller_than_expected_fashion,19990.0,PAGO,1 julio 2025 - 1 enero 2026.xlsx,,,2026-05-27 15:01:20.503007,,ajustes,Ajuste por Talla/Garantía,False
ML,POS_134110587390_1 julio 2025 - 1 enero 2026.xlsx_622,2000013852219020,2025-05-12,smaller_than_expected_fashion,39990.0,PAGO,1 julio 2025 - 1 enero 2026.xlsx,,,2026-05-27 15:01:20.503007,,ajustes,Ajuste por Talla/Garantía,False
ML,POS_133501974639_1 julio 2025 - 1 enero 2026.xlsx_623,2000013852215230,2025-05-12,smaller_than_expected_fashion,17990.0,PAGO,1 julio 2025 - 1 enero 2026.xlsx,,,2026-05-27 15:01:20.503007,,ajustes,Ajuste por Talla/Garantía,False
ML,POS_133748980602_1 julio 2025 - 1 enero 2026.xlsx_624,2000013811397578,2025-05-12,smaller_than_expected_fashion,29990.0,PAGO,1 julio 2025 - 1 enero 2026.xlsx,,,2026-05-27 15:01:20.503007,,ajustes,Ajuste por Talla/Garantía,False
ML,POS_133748940846_1 julio 2025 - 1 enero 2026.xlsx_625,2000013811394002,2025-05-12,smaller_than_expected_fashion,39990.0,PAGO,1 julio 2025 - 1 enero 2026.xlsx,,,2026-05-27 15:01:20.503007,,ajustes,Ajuste por Talla/Garantía,False
ML,POS_133748980602_1 julio 2025 - 1 enero 2026.xlsx_626,2000013811397578,2025-05-12,smaller_than_expected_fashion,29990.0,PAGO,1 julio 2025 - 1 enero 2026.xlsx,,,2026-05-27 15:01:20.503007,,ajustes,Ajuste por Talla/Garantía,False
ML,POS_135264160263_1 julio 2025 - 1 enero 2026.xlsx_627,2000014067692266,2025-05-12,smaller_than_expected_fashion,34990.0,PAGO,1 julio 2025 - 1 enero 2026.xlsx,,,2026-05-27 15:01:20.503007,,ajustes,Ajuste por Talla/Garantía,False
ML,POS_135689847064_1 julio 2025 - 1 enero 2026.xlsx_628,2000014042671132,2025-05-12,bigger_than_expected_fashion,27990.0,PAGO,1 julio 2025 - 1 enero 2026.xlsx,,,2026-05-27 15:01:20.503007,,ajustes,Ajuste por Talla/Garantía,False
ML,POS_135073833973_1 julio 2025 - 1 enero 2026.xlsx_629,2000014042678306,2025-05-12,bigger_than_expected_fashion,34990.0,PAGO,1 julio 2025 - 1 enero 2026.xlsx,,,2026-05-27 15:01:20.503007,,ajustes,Ajuste por Talla/Garantía,False
ML,POS_136319430052_1 julio 2025 - 1 enero 2026.xlsx_630,2000014124469462,2025-05-12,dont_want_it_another_cause_fashion,31490.0,PAGO,1 julio 2025 - 1 enero 2026.xlsx,,,2026-05-27 15:01:20.503007,,ajustes,Ajuste por Arrepentimiento,True
ML,POS_135460557967_1 julio 2025 - 1 enero 2026.xlsx_631,2000014094645010,2025-05-12,bigger_than_expected_fashion,20990.0,PAGO,1 julio 2025 - 1 enero 2026.xlsx,,,2026-05-27 15:01:20.503007,,ajustes,Ajuste por Talla/Garantía,False
ML,POS_136048387956_1 julio 2025 - 1 enero 2026.xlsx_632,2000014091032624,2025-05-12,smaller_than_expected_fashion,14990.0,PAGO,1 julio 2025 - 1 enero 2026.xlsx,,,2026-05-27 15:01:20.503007,,ajustes,Ajuste por Talla/Garantía,False
ML,POS_135431911887_1 julio 2025 - 1 enero 2026.xlsx_633,2000014091027254,2025-05-12,smaller_than_expected_fashion,22190.0,PAGO,1 julio 2025 - 1 enero 2026.xlsx,,,2026-05-27 15:01:20.503007,,ajustes,Ajuste por Talla/Garantía,False
ML,POS_135690835129_1 julio 2025 - 1 enero 2026.xlsx_634,2000014123287544,2025-05-12,repentant_buyer,9990.0,PAGO,1 julio 2025 - 1 enero 2026.xlsx,,,2026-05-27 15:01:20.503007,,ajustes,Ajuste por Arrepentimiento,False
ML,POS_136060837838_1 julio 2025 - 1 enero 2026.xlsx_635,2000014092483600,2025-05-12,dont_want_it_another_cause_fashion,22790.0,PAGO,1 julio 2025 - 1 enero 2026.xlsx,,,2026-05-27 15:01:20.503007,,ajustes,Ajuste por Arrepentimiento,True
ML,POS_135249326455_1 julio 2025 - 1 enero 2026.xlsx_636,2000014065861530,2025-05-12,smaller_than_expected_fashion,10000.0,PAGO,1 julio 2025 - 1 enero 2026.xlsx,,,2026-05-27 15:01:20.503007,,ajustes,Ajuste por Talla/Garantía,False
ML,POS_135249179477_1 julio 2025 - 1 enero 2026.xlsx_637,2000014065861530,2025-05-12,smaller_than_expected_fashion,18790.0,PAGO,1 julio 2025 - 1 enero 2026.xlsx,,,2026-05-27 15:01:20.503007,,ajustes,Ajuste por Talla/Garantía,False
ML,POS_134123711816_1 julio 2025 - 1 enero 2026.xlsx_638,2000013854338866,2025-05-12,smaller_than_expected_fashion,25990.0,PAGO,1 julio 2025 - 1 enero 2026.xlsx,,,2026-05-27 15:01:20.503007,,ajustes,Ajuste por Talla/Garantía,False
ML,POS_136422032358_1 julio 2025 - 1 enero 2026.xlsx_639,2000014136040408,2025-05-12,smaller_than_expected_fashion,16801.0,PAGO,1 julio 2025 - 1 enero 2026.xlsx,,,2026-05-27 15:01:20.503007,,ajustes,Ajuste por Talla/Garantía,False
ML,POS_136421933590_1 julio 2025 - 1 enero 2026.xlsx_640,2000014136040408,2025-05-12,smaller_than_expected_fashion,1389.0,PAGO,1 julio 2025 - 1 enero 2026.xlsx,,,2026-05-27 15:01:20.503007,,ajustes,Ajuste por Talla/Garantía,False
ML,POS_136089791990_1 julio 2025 - 1 enero 2026.xlsx_643,2000014096955336,2025-05-12,smaller_than_expected_fashion,27590.0,PAGO,1 julio 2025 - 1 enero 2026.xlsx,,,2026-05-27 15:01:20.503007,,ajustes,Ajuste por Talla/Garantía,False
ML,POS_135761620833_1 julio 2025 - 1 enero 2026.xlsx_645,2000014132567556,2025-05-12,smaller_than_expected_fashion,28790.0,PAGO,1 julio 2025 - 1 enero 2026.xlsx,,,2026-05-27 15:01:20.503007,,ajustes,Ajuste por Talla/Garantía,False
ML,POS_136342906224_1 julio 2025 - 1 enero 2026.xlsx_646,2000014127356426,2025-05-12,smaller_than_expected_fashion,26590.0,PAGO,1 julio 2025 - 1 enero 2026.xlsx,,,2026-05-27 15:01:20.503007,,ajustes,Ajuste por Talla/Garantía,False
ML,POS_131802108515_1 julio 2025 - 1 enero 2026.xlsx_647,2000013660217402,2025-04-12,bigger_than_expected_fashion,27990.0,PAGO,1 julio 2025 - 1 enero 2026.xlsx,,,2026-05-27 15:01:20.503007,,ajustes,Ajuste por Talla/Garantía,False
ML,POS_131802150519_1 julio 2025 - 1 enero 2026.xlsx_648,2000013660217316,2025-04-12,smaller_than_expected_fashion,39990.0,PAGO,1 julio 2025 - 1 enero 2026.xlsx,,,2026-05-27 15:01:20.503007,,ajustes,Ajuste por Talla/Garantía,False
ML,POS_136268531156_1 julio 2025 - 1 enero 2026.xlsx_649,2000014118238098,2025-04-12,repentant_buyer,27990.0,PAGO,1 julio 2025 - 1 enero 2026.xlsx,,,2026-05-27 15:01:20.503007,,ajustes,Ajuste por Arrepentimiento,False
ML,POS_135616266069_1 julio 2025 - 1 enero 2026.xlsx_650,2000014115154514,2025-04-12,dont_want_it_another_cause_fashion,49990.0,PAGO,1 julio 2025 - 1 enero 2026.xlsx,,,2026-05-27 15:01:20.503007,,ajustes,Ajuste por Arrepentimiento,True
ML,POS_136081357134_1 julio 2025 - 1 enero 2026.xlsx_651,2000014095311230,2025-04-12,smaller_than_expected_fashion,29390.0,PAGO,1 julio 2025 - 1 enero 2026.xlsx,,,2026-05-27 15:01:20.503007,,ajustes,Ajuste por Talla/Garantía,False
ML,POS_135417770261_1 julio 2025 - 1 enero 2026.xlsx_652,2000014089158116,2025-04-12,dont_want_it_another_cause_fashion,29390.0,PAGO,1 julio 2025 - 1 enero 2026.xlsx,,,2026-05-27 15:01:20.503007,,ajustes,Ajuste por Arrepentimiento,True
ML,POS_135658969307_1 julio 2025 - 1 enero 2026.xlsx_653,2000014119405276,2025-04-12,different_item_other,24490.0,PAGO,1 julio 2025 - 1 enero 2026.xlsx,,,2026-05-27 15:01:20.503007,,ajustes,Ajuste por Diferencia de Publicación,True
ML,POS_136347004114_1 julio 2025 - 1 enero 2026.xlsx_654,2000014127777198,2025-04-12,smaller_than_expected_fashion,29790.0,PAGO,1 julio 2025 - 1 enero 2026.xlsx,,,2026-05-27 15:01:20.503007,,ajustes,Ajuste por Talla/Garantía,False
ML,POS_135871556727_1 julio 2025 - 1 enero 2026.xlsx_657,2000014144366726,2025-04-12,undelivered_repentant_buyer,16490.0,PAGO,1 julio 2025 - 1 enero 2026.xlsx,,,2026-05-27 15:01:20.503007,,ajustes,Ajuste por Arrepentimiento,True
ML,POS_135988878632_1 julio 2025 - 1 enero 2026.xlsx_658,2000014083136730,2025-04-12,broken_item_fashion,14990.0,PAGO,1 julio 2025 - 1 enero 2026.xlsx,,,2026-05-27 15:01:20.503007,,ajustes,Ajuste por Producto Dañado/Vacío,False
ML,POS_136326029386_1 julio 2025 - 1 enero 2026.xlsx_659,2000014125323616,2025-04-12,different_color_or_size_fashion,25190.0,PAGO,1 julio 2025 - 1 enero 2026.xlsx,,,2026-05-27 15:01:20.503007,,ajustes,Ajuste por Diferencia de Publicación,True
ML,POS_135470771463_1 julio 2025 - 1 enero 2026.xlsx_660,2000014096468034,2025-04-12,smaller_than_expected_fashion,27590.0,PAGO,1 julio 2025 - 1 enero 2026.xlsx,,,2026-05-27 15:01:20.503007,,ajustes,Ajuste por Talla/Garantía,False
ML,POS_136087382928_1 julio 2025 - 1 enero 2026.xlsx_661,2000014096468032,2025-04-12,smaller_than_expected_fashion,34190.0,PAGO,1 julio 2025 - 1 enero 2026.xlsx,,,2026-05-27 15:01:20.503007,,ajustes,Ajuste por Talla/Garantía,False
ML,POS_135421596247_1 julio 2025 - 1 enero 2026.xlsx_662,2000014089692394,2025-04-12,bigger_than_expected_fashion,21590.0,PAGO,1 julio 2025 - 1 enero 2026.xlsx,,,2026-05-27 15:01:20.503007,,ajustes,Ajuste por Talla/Garantía,False
ML,POS_135836512062_1 julio 2025 - 1 enero 2026.xlsx_663,2000014061927978,2025-04-12,repentant_buyer,28790.0,PAGO,1 julio 2025 - 1 enero 2026.xlsx,,,2026-05-27 15:01:20.503007,,ajustes,Ajuste por Arrepentimiento,False
ML,POS_133676480944_1 julio 2025 - 1 enero 2026.xlsx_664,2000013802526042,2025-04-12,repentant_buyer,32990.0,PAGO,1 julio 2025 - 1 enero 2026.xlsx,,,2026-05-27 15:01:20.503007,,ajustes,Ajuste por Arrepentimiento,False
ML,POS_132770796297_1 julio 2025 - 1 enero 2026.xlsx_665,2000013764358218,2025-04-12,smaller_than_expected_fashion,27990.0,PAGO,1 julio 2025 - 1 enero 2026.xlsx,,,2026-05-27 15:01:20.503007,,ajustes,Ajuste por Talla/Garantía,False
ML,POS_135813576129_1 julio 2025 - 1 enero 2026.xlsx_666,2000014137527526,2025-04-12,change_receiver_address,27990.0,PAGO,1 julio 2025 - 1 enero 2026.xlsx,,,2026-05-27 15:01:20.503007,,ajustes,Ajuste por Cambio de Dirección,True
ML,POS_135251010507_1 julio 2025 - 1 enero 2026.xlsx_667,2000014066097364,2025-04-12,repentant_buyer,34890.0,PAGO,1 julio 2025 - 1 enero 2026.xlsx,,,2026-05-27 15:01:20.503007,,ajustes,Ajuste por Arrepentimiento,False
ML,POS_136123227954_1 julio 2025 - 1 enero 2026.xlsx_668,2000014100779240,2025-04-12,smaller_than_expected_fashion,19590.0,PAGO,1 julio 2025 - 1 enero 2026.xlsx,,,2026-05-27 15:01:20.503007,,ajustes,Ajuste por Talla/Garantía,False
ML,POS_135407555047_1 julio 2025 - 1 enero 2026.xlsx_669,2000014087592994,2025-04-12,bigger_than_expected_fashion,25190.0,PAGO,1 julio 2025 - 1 enero 2026.xlsx,,,2026-05-27 15:01:20.503007,,ajustes,Ajuste por Talla/Garantía,False
ML,POS_135658969307_1 julio 2025 - 1 enero 2026.xlsx_670,2000014119405276,2025-04-12,delivery_date_was_not_met,24490.0,PAGO,1 julio 2025 - 1 enero 2026.xlsx,,,2026-05-27 15:01:20.503007,,ajustes,Ajuste por Retraso en Entrega,True
ML,POS_135087828887_1 julio 2025 - 1 enero 2026.xlsx_671,2000014045181320,2025-04-12,smaller_than_expected_fashion,31990.0,PAGO,1 julio 2025 - 1 enero 2026.xlsx,,,2026-05-27 15:01:20.503007,,ajustes,Ajuste por Talla/Garantía,False
ML,POS_135182416010_1 julio 2025 - 1 enero 2026.xlsx_672,2000013975704666,2025-04-12,dont_want_it_another_cause_fashion,39990.0,PAGO,1 julio 2025 - 1 enero 2026.xlsx,,,2026-05-27 15:01:20.503007,,ajustes,Ajuste por Arrepentimiento,True
ML,POS_135906760010_1 julio 2025 - 1 enero 2026.xlsx_673,2000014071805230,2025-04-12,smaller_than_expected_fashion,28790.0,PAGO,1 julio 2025 - 1 enero 2026.xlsx,,,2026-05-27 15:01:20.503007,,ajustes,Ajuste por Talla/Garantía,False
ML,POS_135376243915_1 julio 2025 - 1 enero 2026.xlsx_674,2000014083575572,2025-04-12,bigger_than_expected_fashion,19790.0,PAGO,1 julio 2025 - 1 enero 2026.xlsx,,,2026-05-27 15:01:20.503007,,ajustes,Ajuste por Talla/Garantía,False
ML,POS_135376628449_1 julio 2025 - 1 enero 2026.xlsx_675,2000014083575572,2025-04-12,bigger_than_expected_fashion,19790.0,PAGO,1 julio 2025 - 1 enero 2026.xlsx,,,2026-05-27 15:01:20.503007,,ajustes,Ajuste por Talla/Garantía,False
ML,POS_135992602462_1 julio 2025 - 1 enero 2026.xlsx_676,2000014083575572,2025-04-12,bigger_than_expected_fashion,19790.0,PAGO,1 julio 2025 - 1 enero 2026.xlsx,,,2026-05-27 15:01:20.503007,,ajustes,Ajuste por Talla/Garantía,False
ML,POS_135028307789_1 julio 2025 - 1 enero 2026.xlsx_677,2000014036659268,2025-04-12,dont_want_it_another_cause_fashion,36790.0,PAGO,1 julio 2025 - 1 enero 2026.xlsx,,,2026-05-27 15:01:20.503007,,ajustes,Ajuste por Arrepentimiento,True
ML,POS_136284332448_1 julio 2025 - 1 enero 2026.xlsx_678,2000014119995010,2025-03-12,change_receiver_address,20790.0,PAGO,1 julio 2025 - 1 enero 2026.xlsx,,,2026-05-27 15:01:20.503007,,ajustes,Ajuste por Cambio de Dirección,True
ML,POS_135664132787_1 julio 2025 - 1 enero 2026.xlsx_679,2000014119995008,2025-03-12,change_receiver_address,18190.0,PAGO,1 julio 2025 - 1 enero 2026.xlsx,,,2026-05-27 15:01:20.503007,,ajustes,Ajuste por Cambio de Dirección,True
ML,POS_135659358353_1 julio 2025 - 1 enero 2026.xlsx_680,2000014119446324,2025-03-12,estimated_delivery_out_of_time,25190.0,PAGO,1 julio 2025 - 1 enero 2026.xlsx,,,2026-05-27 15:01:20.503007,,ajustes,Ajuste por Retraso en Entrega,True
ML,POS_136151060314_1 julio 2025 - 1 enero 2026.xlsx_681,2000014103888004,2025-03-12,bigger_than_expected_fashion,26990.0,PAGO,1 julio 2025 - 1 enero 2026.xlsx,,,2026-05-27 15:01:20.503007,,ajustes,Ajuste por Talla/Garantía,False
ML,POS_135532632895_1 julio 2025 - 1 enero 2026.xlsx_682,2000014103888004,2025-03-12,bigger_than_expected_fashion,26990.0,PAGO,1 julio 2025 - 1 enero 2026.xlsx,,,2026-05-27 15:01:20.503007,,ajustes,Ajuste por Talla/Garantía,False
ML,POS_136015245678_1 julio 2025 - 1 enero 2026.xlsx_683,2000014086261126,2025-03-12,smaller_than_expected_fashion,37190.0,PAGO,1 julio 2025 - 1 enero 2026.xlsx,,,2026-05-27 15:01:20.503007,,ajustes,Ajuste por Talla/Garantía,False
ML,POS_135433168707_1 julio 2025 - 1 enero 2026.xlsx_684,2000014091161994,2025-03-12,smaller_than_expected_fashion,17990.0,PAGO,1 julio 2025 - 1 enero 2026.xlsx,,,2026-05-27 15:01:20.503007,,ajustes,Ajuste por Talla/Garantía,False
ML,POS_135290078077_1 julio 2025 - 1 enero 2026.xlsx_685,2000014071721496,2025-03-12,dont_want_it_another_cause_fashion,31490.0,PAGO,1 julio 2025 - 1 enero 2026.xlsx,,,2026-05-27 15:01:20.503007,,ajustes,Ajuste por Arrepentimiento,True
ML,POS_135356793017_1 julio 2025 - 1 enero 2026.xlsx_686,2000014081452412,2025-03-12,delivered_but_not_receive_package,26990.0,PAGO,1 julio 2025 - 1 enero 2026.xlsx,,,2026-05-27 15:01:20.503007,,ajustes,Ajuste por Falla en Entrega,True
ML,POS_136284009206_1 julio 2025 - 1 enero 2026.xlsx_687,2000014119980076,2025-03-12,estimated_delivery_out_of_time,27990.0,PAGO,1 julio 2025 - 1 enero 2026.xlsx,,,2026-05-27 15:01:20.503007,,ajustes,Ajuste por Retraso en Entrega,True
ML,POS_134626816177_1 julio 2025 - 1 enero 2026.xlsx_688,2000013983048930,2025-03-12,repentant_buyer,21814.0,PAGO,1 julio 2025 - 1 enero 2026.xlsx,,,2026-05-27 15:01:20.503007,,ajustes,Ajuste por Arrepentimiento,False
ML,POS_134626760517_1 julio 2025 - 1 enero 2026.xlsx_689,2000013983048930,2025-03-12,repentant_buyer,18176.0,PAGO,1 julio 2025 - 1 enero 2026.xlsx,,,2026-05-27 15:01:20.503007,,ajustes,Ajuste por Arrepentimiento,False
ML,POS_134626454279_1 julio 2025 - 1 enero 2026.xlsx_690,2000013983048930,2025-03-12,repentant_buyer,21815.0,PAGO,1 julio 2025 - 1 enero 2026.xlsx,,,2026-05-27 15:01:20.503007,,ajustes,Ajuste por Arrepentimiento,False
ML,POS_135241092836_1 julio 2025 - 1 enero 2026.xlsx_691,2000013983048930,2025-03-12,repentant_buyer,18175.0,PAGO,1 julio 2025 - 1 enero 2026.xlsx,,,2026-05-27 15:01:20.503007,,ajustes,Ajuste por Arrepentimiento,False
ML,POS_136052975188_1 julio 2025 - 1 enero 2026.xlsx_692,2000014091543620,2025-03-12,repentant_buyer,26390.0,PAGO,1 julio 2025 - 1 enero 2026.xlsx,,,2026-05-27 15:01:20.503007,,ajustes,Ajuste por Arrepentimiento,False
ML,POS_136053132752_1 julio 2025 - 1 enero 2026.xlsx_693,2000014091543620,2025-03-12,repentant_buyer,26390.0,PAGO,1 julio 2025 - 1 enero 2026.xlsx,,,2026-05-27 15:01:20.503007,,ajustes,Ajuste por Arrepentimiento,False
ML,POS_136090226580_1 julio 2025 - 1 enero 2026.xlsx_694,2000014097038556,2025-03-12,smaller_than_expected_fashion,26390.0,PAGO,1 julio 2025 - 1 enero 2026.xlsx,,,2026-05-27 15:01:20.503007,,ajustes,Ajuste por Talla/Garantía,False
ML,POS_135368644039_1 julio 2025 - 1 enero 2026.xlsx_695,2000014082718870,2025-03-12,bigger_than_expected_fashion,26990.0,PAGO,1 julio 2025 - 1 enero 2026.xlsx,,,2026-05-27 15:01:20.503007,,ajustes,Ajuste por Talla/Garantía,False
ML,POS_135136067750_1 julio 2025 - 1 enero 2026.xlsx_696,2000013970827788,2025-03-12,bigger_than_expected_fashion,16990.0,PAGO,1 julio 2025 - 1 enero 2026.xlsx,,,2026-05-27 15:01:20.503007,,ajustes,Ajuste por Talla/Garantía,False
ML,POS_136014499452_1 julio 2025 - 1 enero 2026.xlsx_697,2000014086184196,2025-03-12,smaller_than_expected_fashion,19790.0,PAGO,1 julio 2025 - 1 enero 2026.xlsx,,,2026-05-27 15:01:20.503007,,ajustes,Ajuste por Talla/Garantía,False
ML,POS_135458471683_1 julio 2025 - 1 enero 2026.xlsx_698,2000014094344716,2025-03-12,bigger_than_expected_fashion,25190.0,PAGO,1 julio 2025 - 1 enero 2026.xlsx,,,2026-05-27 15:01:20.503007,,ajustes,Ajuste por Talla/Garantía,False
ML,POS_135033012045_1 julio 2025 - 1 enero 2026.xlsx_699,2000014037309664,2025-03-12,dont_want_it_another_cause_fashion,34990.0,PAGO,1 julio 2025 - 1 enero 2026.xlsx,,,2026-05-27 15:01:20.503007,,ajustes,Ajuste por Arrepentimiento,True
ML,POS_136204026142_1 julio 2025 - 1 enero 2026.xlsx_700,2000014110751014,2025-03-12,smaller_than_expected_fashion,18190.0,PAGO,1 julio 2025 - 1 enero 2026.xlsx,,,2026-05-27 15:01:20.503007,,ajustes,Ajuste por Talla/Garantía,False
ML,POS_135299394751_1 julio 2025 - 1 enero 2026.xlsx_701,2000014073221684,2025-03-12,repentant_buyer,31490.0,PAGO,1 julio 2025 - 1 enero 2026.xlsx,,,2026-05-27 15:01:20.503007,,ajustes,Ajuste por Arrepentimiento,False
ML,POS_136056157188_1 julio 2025 - 1 enero 2026.xlsx_702,2000014091923344,2025-03-12,smaller_than_expected_fashion,29990.0,PAGO,1 julio 2025 - 1 enero 2026.xlsx,,,2026-05-27 15:01:20.503007,,ajustes,Ajuste por Talla/Garantía,False
ML,POS_135570055794_1 julio 2025 - 1 enero 2026.xlsx_703,2000014025517048,2025-03-12,dont_want_it_another_cause_fashion,36790.0,PAGO,1 julio 2025 - 1 enero 2026.xlsx,,,2026-05-27 15:01:20.503007,,ajustes,Ajuste por Arrepentimiento,True
ML,POS_136142132034_1 julio 2025 - 1 enero 2026.xlsx_704,2000014102910658,2025-03-12,smaller_than_expected_fashion,21664.0,PAGO,1 julio 2025 - 1 enero 2026.xlsx,,,2026-05-27 15:01:20.503007,,ajustes,Ajuste por Talla/Garantía,False
ML,POS_135665243392_1 julio 2025 - 1 enero 2026.xlsx_705,2000014039460678,2025-03-12,repentant_buyer,19990.0,PAGO,1 julio 2025 - 1 enero 2026.xlsx,,,2026-05-27 15:01:20.503007,,ajustes,Ajuste por Arrepentimiento,False
ML,POS_135933547544_1 julio 2025 - 1 enero 2026.xlsx_706,nan,2025-03-12,smaller_than_expected_fashion,2572.0,PAGO,1 julio 2025 - 1 enero 2026.xlsx,,,2026-05-27 15:01:20.503007,,ajustes,Ajuste por Talla/Garantía,False
ML,POS_135317518515_1 julio 2025 - 1 enero 2026.xlsx_707,2000014076121872,2025-03-12,smaller_than_expected_fashion,9990.0,PAGO,1 julio 2025 - 1 enero 2026.xlsx,,,2026-05-27 15:01:20.503007,,ajustes,Ajuste por Talla/Garantía,False
ML,POS_135933575412_1 julio 2025 - 1 enero 2026.xlsx_708,2000014076121870,2025-03-12,smaller_than_expected_fashion,16490.0,PAGO,1 julio 2025 - 1 enero 2026.xlsx,,,2026-05-27 15:01:20.503007,,ajustes,Ajuste por Talla/Garantía,False
ML,POS_131646758757_1 julio 2025 - 1 enero 2026.xlsx_709,2000013641627930,2025-03-12,dont_want_it_another_cause_fashion,9990.0,PAGO,1 julio 2025 - 1 enero 2026.xlsx,,,2026-05-27 15:01:20.503007,,ajustes,Ajuste por Arrepentimiento,True
ML,POS_131646709291_1 julio 2025 - 1 enero 2026.xlsx_710,2000013641629732,2025-03-12,dont_want_it_another_cause_fashion,9990.0,PAGO,1 julio 2025 - 1 enero 2026.xlsx,,,2026-05-27 15:01:20.503007,,ajustes,Ajuste por Arrepentimiento,True
ML,POS_131646748901_1 julio 2025 - 1 enero 2026.xlsx_711,2000013641632698,2025-03-12,dont_want_it_another_cause_fashion,12990.0,PAGO,1 julio 2025 - 1 enero 2026.xlsx,,,2026-05-27 15:01:20.503007,,ajustes,Ajuste por Arrepentimiento,True
ML,POS_132244876910_1 julio 2025 - 1 enero 2026.xlsx_712,2000013641632696,2025-03-12,dont_want_it_another_cause_fashion,9990.0,PAGO,1 julio 2025 - 1 enero 2026.xlsx,,,2026-05-27 15:01:20.503007,,ajustes,Ajuste por Arrepentimiento,True
ML,POS_131646810225_1 julio 2025 - 1 enero 2026.xlsx_713,2000013641638020,2025-03-12,dont_want_it_another_cause_fashion,9990.0,PAGO,1 julio 2025 - 1 enero 2026.xlsx,,,2026-05-27 15:01:20.503007,,ajustes,Ajuste por Arrepentimiento,True
ML,POS_131646814195_1 julio 2025 - 1 enero 2026.xlsx_714,2000013641632694,2025-03-12,dont_want_it_another_cause_fashion,9990.0,PAGO,1 julio 2025 - 1 enero 2026.xlsx,,,2026-05-27 15:01:20.503007,,ajustes,Ajuste por Arrepentimiento,True
ML,POS_135087378733_1 julio 2025 - 1 enero 2026.xlsx_715,2000014045108934,2025-03-12,smaller_than_expected_fashion,18890.0,PAGO,1 julio 2025 - 1 enero 2026.xlsx,,,2026-05-27 15:01:20.503007,,ajustes,Ajuste por Talla/Garantía,False
ML,POS_135864661614_1 julio 2025 - 1 enero 2026.xlsx_716,2000014065810788,2025-03-12,smaller_than_expected_fashion,26590.0,PAGO,1 julio 2025 - 1 enero 2026.xlsx,,,2026-05-27 15:01:20.503007,,ajustes,Ajuste por Talla/Garantía,False
ML,POS_135564012751_1 julio 2025 - 1 enero 2026.xlsx_717,2000014108272908,2025-03-12,undelivered_other,27990.0,PAGO,1 julio 2025 - 1 enero 2026.xlsx,,,2026-05-27 15:01:20.503007,,ajustes,Ajuste por Falla en Entrega,True
ML,POS_133666549613_1 julio 2025 - 1 enero 2026.xlsx_718,2000013877603142,2025-03-12,bigger_than_expected_fashion,32990.0,PAGO,1 julio 2025 - 1 enero 2026.xlsx,,,2026-05-27 15:01:20.503007,,ajustes,Ajuste por Talla/Garantía,False
ML,POS_135465012285_1 julio 2025 - 1 enero 2026.xlsx_719,2000014095344312,2025-03-12,smaller_than_expected_fashion,22190.0,PAGO,1 julio 2025 - 1 enero 2026.xlsx,,,2026-05-27 15:01:20.503007,,ajustes,Ajuste por Talla/Garantía,False
ML,POS_135464801491_1 julio 2025 - 1 enero 2026.xlsx_720,2000014095344298,2025-03-12,bigger_than_expected_fashion,21590.0,PAGO,1 julio 2025 - 1 enero 2026.xlsx,,,2026-05-27 15:01:20.503007,,ajustes,Ajuste por Talla/Garantía,False
ML,POS_135464340637_1 julio 2025 - 1 enero 2026.xlsx_721,2000014095240060,2025-02-12,smaller_than_expected_fashion,20990.0,PAGO,1 julio 2025 - 1 enero 2026.xlsx,,,2026-05-27 15:01:20.503007,,ajustes,Ajuste por Talla/Garantía,False
ML,POS_135931366120_1 julio 2025 - 1 enero 2026.xlsx_722,2000014075727786,2025-02-12,repentant_buyer,22390.0,PAGO,1 julio 2025 - 1 enero 2026.xlsx,,,2026-05-27 15:01:20.503007,,ajustes,Ajuste por Arrepentimiento,False
ML,POS_135257655909_1 julio 2025 - 1 enero 2026.xlsx_723,2000014066947136,2025-02-12,bigger_than_expected_fashion,32990.0,PAGO,1 julio 2025 - 1 enero 2026.xlsx,,,2026-05-27 15:01:20.503007,,ajustes,Ajuste por Talla/Garantía,False
ML,POS_135943125998_1 julio 2025 - 1 enero 2026.xlsx_724,2000014078099602,2025-02-12,smaller_than_expected_fashion,24490.0,PAGO,1 julio 2025 - 1 enero 2026.xlsx,,,2026-05-27 15:01:20.503007,,ajustes,Ajuste por Talla/Garantía,False
ML,POS_135943135892_1 julio 2025 - 1 enero 2026.xlsx_725,2000014078103066,2025-02-12,smaller_than_expected_fashion,31490.0,PAGO,1 julio 2025 - 1 enero 2026.xlsx,,,2026-05-27 15:01:20.503007,,ajustes,Ajuste por Talla/Garantía,False
ML,POS_135327059209_1 julio 2025 - 1 enero 2026.xlsx_726,2000014078106410,2025-02-12,smaller_than_expected_fashion,19990.0,PAGO,1 julio 2025 - 1 enero 2026.xlsx,,,2026-05-27 15:01:20.503007,,ajustes,Ajuste por Talla/Garantía,False
ML,POS_135472228043_1 julio 2025 - 1 enero 2026.xlsx_727,2000014096804060,2025-02-12,different_than_published,29990.0,PAGO,1 julio 2025 - 1 enero 2026.xlsx,,,2026-05-27 15:01:20.503007,,ajustes,Ajuste por Diferencia de Publicación,True
ML,POS_135938883314_1 julio 2025 - 1 enero 2026.xlsx_728,2000014077115404,2025-02-12,smaller_than_expected_fashion,24690.0,PAGO,1 julio 2025 - 1 enero 2026.xlsx,,,2026-05-27 15:01:20.503007,,ajustes,Ajuste por Talla/Garantía,False
ML,POS_135976146872_1 julio 2025 - 1 enero 2026.xlsx_729,2000014081759866,2025-02-12,repentant_buyer,25190.0,PAGO,1 julio 2025 - 1 enero 2026.xlsx,,,2026-05-27 15:01:20.503007,,ajustes,Ajuste por Arrepentimiento,False
ML,POS_135321335027_1 julio 2025 - 1 enero 2026.xlsx_730,2000014076831308,2025-02-12,smaller_than_expected_fashion,22990.0,PAGO,1 julio 2025 - 1 enero 2026.xlsx,,,2026-05-27 15:01:20.503007,,ajustes,Ajuste por Talla/Garantía,False
ML,POS_135505614319_1 julio 2025 - 1 enero 2026.xlsx_731,2000014100778044,2025-02-12,smaller_than_expected_fashion,16090.0,PAGO,1 julio 2025 - 1 enero 2026.xlsx,,,2026-05-27 15:01:20.503007,,ajustes,Ajuste por Talla/Garantía,False
ML,POS_136123234816_1 julio 2025 - 1 enero 2026.xlsx_732,2000014100778058,2025-02-12,smaller_than_expected_fashion,23390.0,PAGO,1 julio 2025 - 1 enero 2026.xlsx,,,2026-05-27 15:01:20.503007,,ajustes,Ajuste por Talla/Garantía,False
ML,POS_134658822911_1 julio 2025 - 1 enero 2026.xlsx_733,2000013987638370,2025-02-12,repentant_buyer,23090.0,PAGO,1 julio 2025 - 1 enero 2026.xlsx,,,2026-05-27 15:01:20.503007,,ajustes,Ajuste por Arrepentimiento,False
ML,POS_135964317540_1 julio 2025 - 1 enero 2026.xlsx_734,2000014080753764,2025-02-12,estimated_delivery_out_of_time,26990.0,PAGO,1 julio 2025 - 1 enero 2026.xlsx,,,2026-05-27 15:01:20.503007,,ajustes,Ajuste por Retraso en Entrega,True
ML,POS_136043789804_1 julio 2025 - 1 enero 2026.xlsx_735,2000014090461452,2025-02-12,smaller_than_expected_fashion,26990.0,PAGO,1 julio 2025 - 1 enero 2026.xlsx,,,2026-05-27 15:01:20.503007,,ajustes,Ajuste por Talla/Garantía,False
ML,POS_136043873178_1 julio 2025 - 1 enero 2026.xlsx_736,2000014090465072,2025-02-12,smaller_than_expected_fashion,27590.0,PAGO,1 julio 2025 - 1 enero 2026.xlsx,,,2026-05-27 15:01:20.503007,,ajustes,Ajuste por Talla/Garantía,False
ML,POS_135567301534_1 julio 2025 - 1 enero 2026.xlsx_737,2000014025163758,2025-02-12,smaller_than_expected_fashion,26990.0,PAGO,1 julio 2025 - 1 enero 2026.xlsx,,,2026-05-27 15:01:20.503007,,ajustes,Ajuste por Talla/Garantía,False
ML,POS_135567552318_1 julio 2025 - 1 enero 2026.xlsx_738,2000014025163760,2025-02-12,smaller_than_expected_fashion,29590.0,PAGO,1 julio 2025 - 1 enero 2026.xlsx,,,2026-05-27 15:01:20.503007,,ajustes,Ajuste por Talla/Garantía,False
ML,POS_134951764887_1 julio 2025 - 1 enero 2026.xlsx_739,2000014025165722,2025-02-12,smaller_than_expected_fashion,17992.0,PAGO,1 julio 2025 - 1 enero 2026.xlsx,,,2026-05-27 15:01:20.503007,,ajustes,Ajuste por Talla/Garantía,False
ML,POS_135567363164_1 julio 2025 - 1 enero 2026.xlsx_740,2000014025178596,2025-02-12,smaller_than_expected_fashion,11990.0,PAGO,1 julio 2025 - 1 enero 2026.xlsx,,,2026-05-27 15:01:20.503007,,ajustes,Ajuste por Talla/Garantía,False
ML,POS_134951790731_1 julio 2025 - 1 enero 2026.xlsx_741,2000014025163762,2025-02-12,smaller_than_expected_fashion,16090.0,PAGO,1 julio 2025 - 1 enero 2026.xlsx,,,2026-05-27 15:01:20.503007,,ajustes,Ajuste por Talla/Garantía,False
ML,POS_134951713193_1 julio 2025 - 1 enero 2026.xlsx_742,2000014025165720,2025-02-12,smaller_than_expected_fashion,36790.0,PAGO,1 julio 2025 - 1 enero 2026.xlsx,,,2026-05-27 15:01:20.503007,,ajustes,Ajuste por Talla/Garantía,False
ML,POS_135567331300_1 julio 2025 - 1 enero 2026.xlsx_743,2000014025178598,2025-02-12,smaller_than_expected_fashion,22390.0,PAGO,1 julio 2025 - 1 enero 2026.xlsx,,,2026-05-27 15:01:20.503007,,ajustes,Ajuste por Talla/Garantía,False
ML,POS_135567450594_1 julio 2025 - 1 enero 2026.xlsx_744,2000014025169600,2025-02-12,smaller_than_expected_fashion,25190.0,PAGO,1 julio 2025 - 1 enero 2026.xlsx,,,2026-05-27 15:01:20.503007,,ajustes,Ajuste por Talla/Garantía,False
ML,POS_135535369324_1 julio 2025 - 1 enero 2026.xlsx_745,2000014020625028,2025-02-12,smaller_than_expected_fashion,19790.0,PAGO,1 julio 2025 - 1 enero 2026.xlsx,,,2026-05-27 15:01:20.503007,,ajustes,Ajuste por Talla/Garantía,False
ML,POS_135969376480_1 julio 2025 - 1 enero 2026.xlsx_746,2000014081085948,2025-02-12,repentant_buyer,22190.0,PAGO,1 julio 2025 - 1 enero 2026.xlsx,,,2026-05-27 15:01:20.503007,,ajustes,Ajuste por Arrepentimiento,False
ML,POS_133733926351_1 julio 2025 - 1 enero 2026.xlsx_747,2000013885694288,2025-02-12,different_color_or_size_fashion,34990.0,PAGO,1 julio 2025 - 1 enero 2026.xlsx,,,2026-05-27 15:01:20.503007,,ajustes,Ajuste por Diferencia de Publicación,True
ML,POS_133951149282_1 julio 2025 - 1 enero 2026.xlsx_748,2000013833679318,2025-02-12,bigger_than_expected_fashion,32990.0,PAGO,1 julio 2025 - 1 enero 2026.xlsx,,,2026-05-27 15:01:20.503007,,ajustes,Ajuste por Talla/Garantía,False
ML,POS_134137798374_1 julio 2025 - 1 enero 2026.xlsx_749,2000013856602324,2025-02-12,bigger_than_expected_fashion,27990.0,PAGO,1 julio 2025 - 1 enero 2026.xlsx,,,2026-05-27 15:01:20.503007,,ajustes,Ajuste por Talla/Garantía,False
ML,POS_133528932641_1 julio 2025 - 1 enero 2026.xlsx_750,2000013856591840,2025-02-12,repentant_buyer,35990.0,PAGO,1 julio 2025 - 1 enero 2026.xlsx,,,2026-05-27 15:01:20.503007,,ajustes,Ajuste por Arrepentimiento,False
ML,POS_135140803903_1 julio 2025 - 1 enero 2026.xlsx_751,2000014052666478,2025-02-12,bigger_than_expected_fashion,29590.0,PAGO,1 julio 2025 - 1 enero 2026.xlsx,,,2026-05-27 15:01:20.503007,,ajustes,Ajuste por Talla/Garantía,False
ML,POS_134301581632_1 julio 2025 - 1 enero 2026.xlsx_752,2000013880937854,2025-02-12,bigger_than_expected_fashion,29990.0,PAGO,1 julio 2025 - 1 enero 2026.xlsx,,,2026-05-27 15:01:20.503007,,ajustes,Ajuste por Talla/Garantía,False
ML,POS_135174509261_1 julio 2025 - 1 enero 2026.xlsx_753,2000014056692958,2025-02-12,smaller_than_expected_fashion,31490.0,PAGO,1 julio 2025 - 1 enero 2026.xlsx,,,2026-05-27 15:01:20.503007,,ajustes,Ajuste por Talla/Garantía,False
ML,POS_135134298101_1 julio 2025 - 1 enero 2026.xlsx_754,2000014051988494,2025-02-12,smaller_than_expected_fashion,18893.0,PAGO,1 julio 2025 - 1 enero 2026.xlsx,,,2026-05-27 15:01:20.503007,,ajustes,Ajuste por Talla/Garantía,False
ML,POS_135095513303_1 julio 2025 - 1 enero 2026.xlsx_757,2000014046749344,2025-02-12,bigger_than_expected_fashion,39190.0,PAGO,1 julio 2025 - 1 enero 2026.xlsx,,,2026-05-27 15:01:20.503007,,ajustes,Ajuste por Talla/Garantía,False
ML,POS_133854431206_1 julio 2025 - 1 enero 2026.xlsx_758,2000013823219240,2025-02-12,repentant_buyer,48990.0,PAGO,1 julio 2025 - 1 enero 2026.xlsx,,,2026-05-27 15:01:20.503007,,ajustes,Ajuste por Arrepentimiento,False
ML,POS_135499656450_1 julio 2025 - 1 enero 2026.xlsx_759,2000014015948820,2025-02-12,bigger_than_expected_fashion,24490.0,PAGO,1 julio 2025 - 1 enero 2026.xlsx,,,2026-05-27 15:01:20.503007,,ajustes,Ajuste por Talla/Garantía,False
ML,POS_134678777621_1 julio 2025 - 1 enero 2026.xlsx_760,2000013989390450,2025-02-12,broken_item_fashion,2383.0,PAGO,1 julio 2025 - 1 enero 2026.xlsx,,,2026-05-27 15:01:20.503007,,ajustes,Ajuste por Producto Dañado/Vacío,False
ML,POS_135293956364_1 julio 2025 - 1 enero 2026.xlsx_764,2000013989390450,2025-02-12,broken_item_fashion,24107.0,PAGO,1 julio 2025 - 1 enero 2026.xlsx,,,2026-05-27 15:01:20.503007,,ajustes,Ajuste por Producto Dañado/Vacío,False
ML,POS_135141012657_1 julio 2025 - 1 enero 2026.xlsx_766,2000014052651616,2025-02-12,repentant_buyer,22390.0,PAGO,1 julio 2025 - 1 enero 2026.xlsx,,,2026-05-27 15:01:20.503007,,ajustes,Ajuste por Arrepentimiento,False
ML,POS_133661348821_1 julio 2025 - 1 enero 2026.xlsx_767,2000013876053178,2025-02-12,smaller_than_expected_fashion,35990.0,PAGO,1 julio 2025 - 1 enero 2026.xlsx,,,2026-05-27 15:01:20.503007,,ajustes,Ajuste por Talla/Garantía,False
ML,POS_135827550810_1 julio 2025 - 1 enero 2026.xlsx_768,2000014060814336,2025-02-12,smaller_than_expected_fashion,31490.0,PAGO,1 julio 2025 - 1 enero 2026.xlsx,,,2026-05-27 15:01:20.503007,,ajustes,Ajuste por Talla/Garantía,False
ML,POS_135475004961_1 julio 2025 - 1 enero 2026.xlsx_769,2000014097321304,2025-01-12,undelivered_repentant_buyer,16043.0,PAGO,1 julio 2025 - 1 enero 2026.xlsx,,,2026-05-27 15:01:20.503007,,ajustes,Ajuste por Arrepentimiento,True
ML,POS_135475106273_1 julio 2025 - 1 enero 2026.xlsx_770,2000014097321304,2025-01-12,undelivered_repentant_buyer,9237.0,PAGO,1 julio 2025 - 1 enero 2026.xlsx,,,2026-05-27 15:01:20.503007,,ajustes,Ajuste por Arrepentimiento,True
ML,POS_135466360391_1 julio 2025 - 1 enero 2026.xlsx_771,2000014095578636,2025-01-12,undelivered_repentant_buyer,26990.0,PAGO,1 julio 2025 - 1 enero 2026.xlsx,,,2026-05-27 15:01:20.503007,,ajustes,Ajuste por Arrepentimiento,True
ML,POS_136087198492_1 julio 2025 - 1 enero 2026.xlsx_772,2000014096400520,2025-01-12,undelivered_repentant_buyer,17390.0,PAGO,1 julio 2025 - 1 enero 2026.xlsx,,,2026-05-27 15:01:20.503007,,ajustes,Ajuste por Arrepentimiento,True
ML,POS_135227061903_1 julio 2025 - 1 enero 2026.xlsx_773,2000014062904486,2025-01-12,smaller_than_expected_fashion,26590.0,PAGO,1 julio 2025 - 1 enero 2026.xlsx,,,2026-05-27 15:01:20.503007,,ajustes,Ajuste por Talla/Garantía,False
ML,POS_135170161815_1 julio 2025 - 1 enero 2026.xlsx_774,2000014056186366,2025-01-12,dont_want_it_another_cause_fashion,39190.0,PAGO,1 julio 2025 - 1 enero 2026.xlsx,,,2026-05-27 15:01:20.503007,,ajustes,Ajuste por Arrepentimiento,True
ML,POS_135063232277_1 julio 2025 - 1 enero 2026.xlsx_775,2000014041191070,2025-01-12,smaller_than_expected_fashion,20990.0,PAGO,1 julio 2025 - 1 enero 2026.xlsx,,,2026-05-27 15:01:20.503007,,ajustes,Ajuste por Talla/Garantía,False
ML,POS_135803489754_1 julio 2025 - 1 enero 2026.xlsx_776,2000014058104260,2025-01-12,smaller_than_expected_fashion,27990.0,PAGO,1 julio 2025 - 1 enero 2026.xlsx,,,2026-05-27 15:01:20.503007,,ajustes,Ajuste por Talla/Garantía,False
ML,POS_134931128473_1 julio 2025 - 1 enero 2026.xlsx_777,2000014023195456,2025-01-12,smaller_than_expected_fashion,25190.0,PAGO,1 julio 2025 - 1 enero 2026.xlsx,,,2026-05-27 15:01:20.503007,,ajustes,Ajuste por Talla/Garantía,False
ML,POS_135266163985_1 julio 2025 - 1 enero 2026.xlsx_778,2000014067947512,2025-01-12,bigger_than_expected_fashion,18840.0,PAGO,1 julio 2025 - 1 enero 2026.xlsx,,,2026-05-27 15:01:20.503007,,ajustes,Ajuste por Talla/Garantía,False
ML,POS_135685969432_1 julio 2025 - 1 enero 2026.xlsx_779,2000014042120942,2025-01-12,smaller_than_expected_fashion,27990.0,PAGO,1 julio 2025 - 1 enero 2026.xlsx,,,2026-05-27 15:01:20.503007,,ajustes,Ajuste por Talla/Garantía,False
ML,POS_135708889608_1 julio 2025 - 1 enero 2026.xlsx_780,2000014046221556,2025-01-12,bigger_than_expected_fashion,34990.0,PAGO,1 julio 2025 - 1 enero 2026.xlsx,,,2026-05-27 15:01:20.503007,,ajustes,Ajuste por Talla/Garantía,False
ML,POS_135230418451_1 julio 2025 - 1 enero 2026.xlsx_781,2000014063360314,2025-01-12,repentant_buyer,27990.0,PAGO,1 julio 2025 - 1 enero 2026.xlsx,,,2026-05-27 15:01:20.503007,,ajustes,Ajuste por Arrepentimiento,False
ML,POS_135279766645_1 julio 2025 - 1 enero 2026.xlsx_782,2000014069919284,2025-01-12,repentant_buyer,36790.0,PAGO,1 julio 2025 - 1 enero 2026.xlsx,,,2026-05-27 15:01:20.503007,,ajustes,Ajuste por Arrepentimiento,False
ML,POS_135213812749_1 julio 2025 - 1 enero 2026.xlsx_783,2000014061079694,2025-01-12,smaller_than_expected_fashion,26990.0,PAGO,1 julio 2025 - 1 enero 2026.xlsx,,,2026-05-27 15:01:20.503007,,ajustes,Ajuste por Talla/Garantía,False
ML,POS_135213645873_1 julio 2025 - 1 enero 2026.xlsx_784,2000014061079692,2025-01-12,smaller_than_expected_fashion,26990.0,PAGO,1 julio 2025 - 1 enero 2026.xlsx,,,2026-05-27 15:01:20.503007,,ajustes,Ajuste por Talla/Garantía,False
ML,POS_135815466528_1 julio 2025 - 1 enero 2026.xlsx_785,2000014059459294,2025-01-12,smaller_than_expected_fashion,25190.0,PAGO,1 julio 2025 - 1 enero 2026.xlsx,,,2026-05-27 15:01:20.503007,,ajustes,Ajuste por Talla/Garantía,False
ML,POS_135728842094_1 julio 2025 - 1 enero 2026.xlsx_786,2000014049698130,2025-01-12,repentant_buyer,35190.0,PAGO,1 julio 2025 - 1 enero 2026.xlsx,,,2026-05-27 15:01:20.503007,,ajustes,Ajuste por Arrepentimiento,False
ML,POS_135584312820_1 julio 2025 - 1 enero 2026.xlsx_787,2000014027590214,2025-01-12,smaller_than_expected_fashion,15990.0,PAGO,1 julio 2025 - 1 enero 2026.xlsx,,,2026-05-27 15:01:20.503007,,ajustes,Ajuste por Talla/Garantía,False
ML,POS_135584296964_1 julio 2025 - 1 enero 2026.xlsx_788,2000014027573034,2025-01-12,smaller_than_expected_fashion,31490.0,PAGO,1 julio 2025 - 1 enero 2026.xlsx,,,2026-05-27 15:01:20.503007,,ajustes,Ajuste por Talla/Garantía,False
ML,POS_132728192484_1 julio 2025 - 1 enero 2026.xlsx_789,2000013698106274,2025-01-12,dont_want_it_another_cause_fashion,39990.0,PAGO,1 julio 2025 - 1 enero 2026.xlsx,,,2026-05-27 15:01:20.503007,,ajustes,Ajuste por Arrepentimiento,True
ML,POS_132728051618_1 julio 2025 - 1 enero 2026.xlsx_790,2000013698100658,2025-01-12,dont_want_it_another_cause_fashion,39990.0,PAGO,1 julio 2025 - 1 enero 2026.xlsx,,,2026-05-27 15:01:20.503007,,ajustes,Ajuste por Arrepentimiento,True
ML,POS_135269648288_1 julio 2025 - 1 enero 2026.xlsx_791,2000013986842606,2025-01-12,bigger_than_expected_fashion,34990.0,PAGO,1 julio 2025 - 1 enero 2026.xlsx,,,2026-05-27 15:01:20.503007,,ajustes,Ajuste por Talla/Garantía,False
ML,POS_135165295929_1 julio 2025 - 1 enero 2026.xlsx_792,2000014055574310,2025-01-12,undelivered_repentant_buyer,27590.0,PAGO,1 julio 2025 - 1 enero 2026.xlsx,,,2026-05-27 15:01:20.503007,,ajustes,Ajuste por Arrepentimiento,True
ML,POS_134606793576_1 julio 2025 - 1 enero 2026.xlsx_793,2000013913119584,2025-01-12,smaller_than_expected_fashion,39990.0,PAGO,1 julio 2025 - 1 enero 2026.xlsx,,,2026-05-27 15:01:20.503007,,ajustes,Ajuste por Talla/Garantía,False
ML,POS_135381202601_1 julio 2025 - 1 enero 2026.xlsx_795,2000014084170694,2025-01-12,undelivered_repentant_buyer,21590.0,PAGO,1 julio 2025 - 1 enero 2026.xlsx,,,2026-05-27 15:01:20.503007,,ajustes,Ajuste por Arrepentimiento,True
ML,POS_134657738723_1 julio 2025 - 1 enero 2026.xlsx_796,2000013987413182,2025-01-12,smaller_than_expected_fashion,25990.0,PAGO,1 julio 2025 - 1 enero 2026.xlsx,,,2026-05-27 15:01:20.503007,,ajustes,Ajuste por Talla/Garantía,False
ML,POS_135569314966_1 julio 2025 - 1 enero 2026.xlsx_797,2000014025408274,2025-01-12,smaller_than_expected_fashion,39990.0,PAGO,1 julio 2025 - 1 enero 2026.xlsx,,,2026-05-27 15:01:20.503007,,ajustes,Ajuste por Talla/Garantía,False
ML,POS_135381422284_1 julio 2025 - 1 enero 2026.xlsx_798,2000014000508434,2025-01-12,dont_want_it_another_cause_fashion,23390.0,PAGO,1 julio 2025 - 1 enero 2026.xlsx,,,2026-05-27 15:01:20.503007,,ajustes,Ajuste por Arrepentimiento,True
ML,POS_133770814190_1 julio 2025 - 1 enero 2026.xlsx_799,2000013814577638,2025-01-12,repentant_buyer,34990.0,PAGO,1 julio 2025 - 1 enero 2026.xlsx,,,2026-05-27 15:01:20.503007,,ajustes,Ajuste por Arrepentimiento,False
ML,POS_135360440717_1 julio 2025 - 1 enero 2026.xlsx_800,2000014081826450,2025-01-12,unauthorized_purchase,27590.0,PAGO,1 julio 2025 - 1 enero 2026.xlsx,,,2026-05-27 15:01:20.503007,,ajustes,Ajuste por Disputa no Respondida,True
ML,POS_135360510673_1 julio 2025 - 1 enero 2026.xlsx_801,2000014081828334,2025-01-12,unauthorized_purchase,39990.0,PAGO,1 julio 2025 - 1 enero 2026.xlsx,,,2026-05-27 15:01:20.503007,,ajustes,Ajuste por Disputa no Respondida,True
ML,POS_132712267985_1 julio 2025 - 1 enero 2026.xlsx_1217,2000013757292170,2025-12-11,repentant_buyer,36990.0,PAGO,1 julio 2025 - 1 enero 2026.xlsx,,,2026-05-27 15:01:20.503007,,ajustes,Ajuste por Arrepentimiento,False
ML,POS_132728192484_1 julio 2025 - 1 enero 2026.xlsx_1218,2000013698106274,2025-12-11,smaller_than_expected_fashion,39990.0,PAGO,1 julio 2025 - 1 enero 2026.xlsx,,,2026-05-27 15:01:20.503007,,ajustes,Ajuste por Talla/Garantía,False
ML,POS_132728051618_1 julio 2025 - 1 enero 2026.xlsx_1219,2000013698100658,2025-12-11,smaller_than_expected_fashion,39990.0,PAGO,1 julio 2025 - 1 enero 2026.xlsx,,,2026-05-27 15:01:20.503007,,ajustes,Ajuste por Talla/Garantía,False
ML,POS_133209694168_1 julio 2025 - 1 enero 2026.xlsx_1220,2000013746426928,2025-12-11,smaller_than_expected_fashion,9990.0,PAGO,1 julio 2025 - 1 enero 2026.xlsx,,,2026-05-27 15:01:20.503007,,ajustes,Ajuste por Talla/Garantía,False
ML,POS_133209583984_1 julio 2025 - 1 enero 2026.xlsx_1221,2000013746423352,2025-12-11,smaller_than_expected_fashion,9990.0,PAGO,1 julio 2025 - 1 enero 2026.xlsx,,,2026-05-27 15:01:20.503007,,ajustes,Ajuste por Talla/Garantía,False
ML,POS_132605529763_1 julio 2025 - 1 enero 2026.xlsx_1222,2000013746423354,2025-12-11,smaller_than_expected_fashion,19990.0,PAGO,1 julio 2025 - 1 enero 2026.xlsx,,,2026-05-27 15:01:20.503007,,ajustes,Ajuste por Talla/Garantía,False
ML,POS_132605660209_1 julio 2025 - 1 enero 2026.xlsx_1223,2000013746426926,2025-12-11,smaller_than_expected_fashion,9990.0,PAGO,1 julio 2025 - 1 enero 2026.xlsx,,,2026-05-27 15:01:20.503007,,ajustes,Ajuste por Talla/Garantía,False
ML,POS_132449792329_1 julio 2025 - 1 enero 2026.xlsx_1224,2000013729672470,2025-12-11,smaller_than_expected_fashion,22990.0,PAGO,1 julio 2025 - 1 enero 2026.xlsx,,,2026-05-27 15:01:20.503007,,ajustes,Ajuste por Talla/Garantía,False
ML,POS_132449754757_1 julio 2025 - 1 enero 2026.xlsx_1225,2000013729672472,2025-12-11,smaller_than_expected_fashion,19990.0,PAGO,1 julio 2025 - 1 enero 2026.xlsx,,,2026-05-27 15:01:20.503007,,ajustes,Ajuste por Talla/Garantía,False
ML,POS_133244765316_1 julio 2025 - 1 enero 2026.xlsx_1226,2000013748898676,2025-12-11,smaller_than_expected_fashion,22990.0,PAGO,1 julio 2025 - 1 enero 2026.xlsx,,,2026-05-27 15:01:20.503007,,ajustes,Ajuste por Talla/Garantía,False
ML,POS_132332455877_1 julio 2025 - 1 enero 2026.xlsx_1227,2000013719270856,2025-12-11,bigger_than_expected_fashion,39990.0,PAGO,1 julio 2025 - 1 enero 2026.xlsx,,,2026-05-27 15:01:20.503007,,ajustes,Ajuste por Talla/Garantía,False
ML,POS_133244058846_1 julio 2025 - 1 enero 2026.xlsx_1228,2000013748898668,2025-12-11,smaller_than_expected_fashion,19990.0,PAGO,1 julio 2025 - 1 enero 2026.xlsx,,,2026-05-27 15:01:20.503007,,ajustes,Ajuste por Talla/Garantía,False
ML,POS_132727604931_1 julio 2025 - 1 enero 2026.xlsx_1229,2000013758907842,2025-12-11,smaller_than_expected_fashion,19990.0,PAGO,1 julio 2025 - 1 enero 2026.xlsx,,,2026-05-27 15:01:20.503007,,ajustes,Ajuste por Talla/Garantía,False
ML,POS_133294539678_1 julio 2025 - 1 enero 2026.xlsx_1230,2000013754836180,2025-12-11,repentant_buyer,19990.0,PAGO,1 julio 2025 - 1 enero 2026.xlsx,,,2026-05-27 15:01:20.503007,,ajustes,Ajuste por Arrepentimiento,False
ML,POS_132811974611_1 julio 2025 - 1 enero 2026.xlsx_1231,2000013770076138,2025-12-11,repentant_buyer,19990.0,PAGO,1 julio 2025 - 1 enero 2026.xlsx,,,2026-05-27 15:01:20.503007,,ajustes,Ajuste por Arrepentimiento,False
ML,POS_132831841647_1 julio 2025 - 1 enero 2026.xlsx_1233,2000013773470692,2025-12-11,smaller_than_expected_fashion,39990.0,PAGO,1 julio 2025 - 1 enero 2026.xlsx,,,2026-05-27 15:01:20.503007,,ajustes,Ajuste por Talla/Garantía,False
ML,POS_132494278212_1 julio 2025 - 1 enero 2026.xlsx_1234,2000013670999944,2025-12-11,smaller_than_expected_fashion,27990.0,PAGO,1 julio 2025 - 1 enero 2026.xlsx,,,2026-05-27 15:01:20.503007,,ajustes,Ajuste por Talla/Garantía,False
ML,POS_132755748195_1 julio 2025 - 1 enero 2026.xlsx_1235,2000013763424316,2025-12-11,smaller_than_expected_fashion,21990.0,PAGO,1 julio 2025 - 1 enero 2026.xlsx,,,2026-05-27 15:01:20.503007,,ajustes,Ajuste por Talla/Garantía,False
ML,POS_132591225445_1 julio 2025 - 1 enero 2026.xlsx_1236,2000013744198668,2025-12-11,different_color_or_size_fashion,29990.0,PAGO,1 julio 2025 - 1 enero 2026.xlsx,,,2026-05-27 15:01:20.503007,,ajustes,Ajuste por Diferencia de Publicación,True
ML,POS_132911123652_1 julio 2025 - 1 enero 2026.xlsx_1239,2000013717184146,2025-12-11,bigger_than_expected_fashion,22990.0,PAGO,1 julio 2025 - 1 enero 2026.xlsx,,,2026-05-27 15:01:20.503007,,ajustes,Ajuste por Talla/Garantía,False
ML,POS_133394062006_1 julio 2025 - 1 enero 2026.xlsx_1240,2000013766520946,2025-12-11,bigger_than_expected_fashion,21335.0,PAGO,1 julio 2025 - 1 enero 2026.xlsx,,,2026-05-27 15:01:20.503007,,ajustes,Ajuste por Talla/Garantía,False
ML,POS_133394026016_1 julio 2025 - 1 enero 2026.xlsx_1241,2000013766520946,2025-12-11,bigger_than_expected_fashion,21655.0,PAGO,1 julio 2025 - 1 enero 2026.xlsx,,,2026-05-27 15:01:20.503007,,ajustes,Ajuste por Talla/Garantía,False
ML,POS_132658851601_1 julio 2025 - 1 enero 2026.xlsx_1242,2000013750998370,2025-12-11,smaller_than_expected_fashion,9990.0,PAGO,1 julio 2025 - 1 enero 2026.xlsx,,,2026-05-27 15:01:20.503007,,ajustes,Ajuste por Talla/Garantía,False
ML,POS_133207926998_1 julio 2025 - 1 enero 2026.xlsx_1243,2000013746142972,2025-12-11,smaller_than_expected_fashion,35990.0,PAGO,1 julio 2025 - 1 enero 2026.xlsx,,,2026-05-27 15:01:20.503007,,ajustes,Ajuste por Talla/Garantía,False
ML,POS_131659550200_1 julio 2025 - 1 enero 2026.xlsx_1244,2000013588290026,2025-12-11,repentant_buyer,34990.0,PAGO,1 julio 2025 - 1 enero 2026.xlsx,,,2026-05-27 15:01:20.503007,,ajustes,Ajuste por Arrepentimiento,False
ML,POS_131659546254_1 julio 2025 - 1 enero 2026.xlsx_1245,2000013588277876,2025-12-11,repentant_buyer,48990.0,PAGO,1 julio 2025 - 1 enero 2026.xlsx,,,2026-05-27 15:01:20.503007,,ajustes,Ajuste por Arrepentimiento,False
ML,POS_131659443678_1 julio 2025 - 1 enero 2026.xlsx_1246,2000013588284872,2025-12-11,repentant_buyer,48990.0,PAGO,1 julio 2025 - 1 enero 2026.xlsx,,,2026-05-27 15:01:20.503007,,ajustes,Ajuste por Arrepentimiento,False
ML,POS_132748396017_1 julio 2025 - 1 enero 2026.xlsx_1247,2000013762358460,2025-12-11,bigger_than_expected_fashion,35990.0,PAGO,1 julio 2025 - 1 enero 2026.xlsx,,,2026-05-27 15:01:20.503007,,ajustes,Ajuste por Talla/Garantía,False
ML,POS_132609692553_1 julio 2025 - 1 enero 2026.xlsx_1248,2000013746998162,2025-12-11,repentant_buyer,28990.0,PAGO,1 julio 2025 - 1 enero 2026.xlsx,,,2026-05-27 15:01:20.503007,,ajustes,Ajuste por Arrepentimiento,False
ML,POS_133213724484_1 julio 2025 - 1 enero 2026.xlsx_1249,2000013746998160,2025-12-11,repentant_buyer,28990.0,PAGO,1 julio 2025 - 1 enero 2026.xlsx,,,2026-05-27 15:01:20.503007,,ajustes,Ajuste por Arrepentimiento,False
ML,POS_133213674758_1 julio 2025 - 1 enero 2026.xlsx_1250,2000013746994930,2025-12-11,repentant_buyer,39990.0,PAGO,1 julio 2025 - 1 enero 2026.xlsx,,,2026-05-27 15:01:20.503007,,ajustes,Ajuste por Arrepentimiento,False
ML,POS_133213754394_1 julio 2025 - 1 enero 2026.xlsx_1251,2000013746994928,2025-12-11,repentant_buyer,19990.0,PAGO,1 julio 2025 - 1 enero 2026.xlsx,,,2026-05-27 15:01:20.503007,,ajustes,Ajuste por Arrepentimiento,False
ML,POS_132609451659_1 julio 2025 - 1 enero 2026.xlsx_1252,2000013746991696,2025-12-11,repentant_buyer,27990.0,PAGO,1 julio 2025 - 1 enero 2026.xlsx,,,2026-05-27 15:01:20.503007,,ajustes,Ajuste por Arrepentimiento,False
ML,POS_132609483521_1 julio 2025 - 1 enero 2026.xlsx_1253,2000013746998158,2025-12-11,repentant_buyer,22990.0,PAGO,1 julio 2025 - 1 enero 2026.xlsx,,,2026-05-27 15:01:20.503007,,ajustes,Ajuste por Arrepentimiento,False
ML,POS_132221315171_1 julio 2025 - 1 enero 2026.xlsx_1279,2000013708773332,2025-10-11,smaller_than_expected_fashion,22990.0,PAGO,1 julio 2025 - 1 enero 2026.xlsx,,,2026-05-27 15:01:20.503007,,ajustes,Ajuste por Talla/Garantía,False
ML,POS_132221277407_1 julio 2025 - 1 enero 2026.xlsx_1280,2000013708776982,2025-10-11,smaller_than_expected_fashion,22990.0,PAGO,1 julio 2025 - 1 enero 2026.xlsx,,,2026-05-27 15:01:20.503007,,ajustes,Ajuste por Talla/Garantía,False
ML,POS_131933563189_1 julio 2025 - 1 enero 2026.xlsx_1281,2000013676036682,2025-10-11,bigger_than_expected_fashion,26990.0,PAGO,1 julio 2025 - 1 enero 2026.xlsx,,,2026-05-27 15:01:20.503007,,ajustes,Ajuste por Talla/Garantía,False
ML,POS_132814155252_1 julio 2025 - 1 enero 2026.xlsx_1283,2000013707371016,2025-10-11,dont_want_it_another_cause_fashion,17990.0,PAGO,1 julio 2025 - 1 enero 2026.xlsx,,,2026-05-27 15:01:20.503007,,ajustes,Ajuste por Arrepentimiento,True
ML,POS_132814196810_1 julio 2025 - 1 enero 2026.xlsx_1284,2000013707371014,2025-10-11,dont_want_it_another_cause_fashion,39990.0,PAGO,1 julio 2025 - 1 enero 2026.xlsx,,,2026-05-27 15:01:20.503007,,ajustes,Ajuste por Arrepentimiento,True
ML,POS_132716621265_1 julio 2025 - 1 enero 2026.xlsx_1285,2000013757722088,2025-10-11,undelivered_repentant_buyer,19990.0,PAGO,1 julio 2025 - 1 enero 2026.xlsx,,,2026-05-27 15:01:20.503007,,ajustes,Ajuste por Arrepentimiento,True
ML,POS_131933772339_1 julio 2025 - 1 enero 2026.xlsx_1286,2000013676039290,2025-10-11,bigger_than_expected_fashion,28990.0,PAGO,1 julio 2025 - 1 enero 2026.xlsx,,,2026-05-27 15:01:20.503007,,ajustes,Ajuste por Talla/Garantía,False
ML,POS_132950074128_1 julio 2025 - 1 enero 2026.xlsx_1287,2000013720409716,2025-10-11,bigger_than_expected_fashion,34990.0,PAGO,1 julio 2025 - 1 enero 2026.xlsx,,,2026-05-27 15:01:20.503007,,ajustes,Ajuste por Talla/Garantía,False
ML,POS_132720625152_1 julio 2025 - 1 enero 2026.xlsx_1288,2000013697231210,2025-10-11,smaller_than_expected_fashion,25990.0,PAGO,1 julio 2025 - 1 enero 2026.xlsx,,,2026-05-27 15:01:20.503007,,ajustes,Ajuste por Talla/Garantía,False
ML,POS_132581950662_1 julio 2025 - 1 enero 2026.xlsx_1289,2000013681053716,2025-10-11,bigger_than_expected_fashion,25990.0,PAGO,1 julio 2025 - 1 enero 2026.xlsx,,,2026-05-27 15:01:20.503007,,ajustes,Ajuste por Talla/Garantía,False
ML,POS_131912440043_1 julio 2025 - 1 enero 2026.xlsx_1290,2000013672919680,2025-10-11,dont_want_it_another_cause_fashion,31990.0,PAGO,1 julio 2025 - 1 enero 2026.xlsx,,,2026-05-27 15:01:20.503007,,ajustes,Ajuste por Arrepentimiento,True
ML,POS_132720534478_1 julio 2025 - 1 enero 2026.xlsx_1291,2000013697236498,2025-10-11,smaller_than_expected_fashion,21990.0,PAGO,1 julio 2025 - 1 enero 2026.xlsx,,,2026-05-27 15:01:20.503007,,ajustes,Ajuste por Talla/Garantía,False
ML,POS_132677264392_1 julio 2025 - 1 enero 2026.xlsx_1292,2000013692240510,2025-10-11,bigger_than_expected_fashion,35990.0,PAGO,1 julio 2025 - 1 enero 2026.xlsx,,,2026-05-27 15:01:20.503007,,ajustes,Ajuste por Talla/Garantía,False
ML,POS_132220335211_1 julio 2025 - 1 enero 2026.xlsx_1293,2000013708614744,2025-09-11,bigger_than_expected_fashion,39990.0,PAGO,1 julio 2025 - 1 enero 2026.xlsx,,,2026-05-27 15:01:20.503007,,ajustes,Ajuste por Talla/Garantía,False
ML,POS_130926554943_1 julio 2025 - 1 enero 2026.xlsx_1294,2000013571375668,2025-09-11,bigger_than_expected_fashion,41990.0,PAGO,1 julio 2025 - 1 enero 2026.xlsx,,,2026-05-27 15:01:20.503007,,ajustes,Ajuste por Talla/Garantía,False
ML,POS_131972191917_1 julio 2025 - 1 enero 2026.xlsx_1295,2000013679849820,2025-09-11,smaller_than_expected_fashion,22990.0,PAGO,1 julio 2025 - 1 enero 2026.xlsx,,,2026-05-27 15:01:20.503007,,ajustes,Ajuste por Talla/Garantía,False
ML,POS_132865985256_1 julio 2025 - 1 enero 2026.xlsx_1296,2000013712298048,2025-09-11,smaller_than_expected_fashion,19990.0,PAGO,1 julio 2025 - 1 enero 2026.xlsx,,,2026-05-27 15:01:20.503007,,ajustes,Ajuste por Talla/Garantía,False
ML,POS_130973187073_1 julio 2025 - 1 enero 2026.xlsx_1297,2000013576872940,2025-09-11,bigger_than_expected_fashion,38990.0,PAGO,1 julio 2025 - 1 enero 2026.xlsx,,,2026-05-27 15:01:20.503007,,ajustes,Ajuste por Talla/Garantía,False
ML,POS_132187500406_1 julio 2025 - 1 enero 2026.xlsx_1299,2000013635160236,2025-09-11,bigger_than_expected_fashion,49990.0,PAGO,1 julio 2025 - 1 enero 2026.xlsx,,,2026-05-27 15:01:20.503007,,ajustes,Ajuste por Talla/Garantía,False
ML,POS_132073152672_1 julio 2025 - 1 enero 2026.xlsx_1301,2000013626472088,2025-09-11,smaller_than_expected_fashion,35990.0,PAGO,1 julio 2025 - 1 enero 2026.xlsx,,,2026-05-27 15:01:20.503007,,ajustes,Ajuste por Talla/Garantía,False
ML,POS_132812590890_1 julio 2025 - 1 enero 2026.xlsx_1302,2000013707164874,2025-09-11,repentant_buyer,19990.0,PAGO,1 julio 2025 - 1 enero 2026.xlsx,,,2026-05-27 15:01:20.503007,,ajustes,Ajuste por Arrepentimiento,False
ML,POS_132404630548_1 julio 2025 - 1 enero 2026.xlsx_1303,2000013660986622,2025-09-11,dont_want_it_another_cause_fashion,26990.0,PAGO,1 julio 2025 - 1 enero 2026.xlsx,,,2026-05-27 15:01:20.503007,,ajustes,Ajuste por Arrepentimiento,True
ML,POS_132186282443_1 julio 2025 - 1 enero 2026.xlsx_1304,2000013704660046,2025-09-11,smaller_than_expected_fashion,39990.0,PAGO,1 julio 2025 - 1 enero 2026.xlsx,,,2026-05-27 15:01:20.503007,,ajustes,Ajuste por Talla/Garantía,False
ML,POS_131732764329_1 julio 2025 - 1 enero 2026.xlsx_1305,2000013650910026,2025-09-11,smaller_than_expected_fashion,19990.0,PAGO,1 julio 2025 - 1 enero 2026.xlsx,,,2026-05-27 15:01:20.503007,,ajustes,Ajuste por Talla/Garantía,False
ML,POS_132159804695_1 julio 2025 - 1 enero 2026.xlsx_1306,2000013701873606,2025-08-11,smaller_than_expected_fashion,39990.0,PAGO,1 julio 2025 - 1 enero 2026.xlsx,,,2026-05-27 15:01:20.503007,,ajustes,Ajuste por Talla/Garantía,False
ML,POS_132675867440_1 julio 2025 - 1 enero 2026.xlsx_1307,2000013692208014,2025-08-11,dont_want_it_another_cause_fashion,19990.0,PAGO,1 julio 2025 - 1 enero 2026.xlsx,,,2026-05-27 15:01:20.503007,,ajustes,Ajuste por Arrepentimiento,True
ML,POS_131401233401_1 julio 2025 - 1 enero 2026.xlsx_1308,2000013620858326,2025-08-11,smaller_than_expected_fashion,1127.0,PAGO,1 julio 2025 - 1 enero 2026.xlsx,,,2026-05-27 15:01:20.503007,,ajustes,Ajuste por Talla/Garantía,False
ML,POS_131998667370_1 julio 2025 - 1 enero 2026.xlsx_1311,2000013620858326,2025-08-11,smaller_than_expected_fashion,25863.0,PAGO,1 julio 2025 - 1 enero 2026.xlsx,,,2026-05-27 15:01:20.503007,,ajustes,Ajuste por Talla/Garantía,False
ML,POS_131851657989_1 julio 2025 - 1 enero 2026.xlsx_1312,2000013665234774,2025-08-11,smaller_than_expected_fashion,39990.0,PAGO,1 julio 2025 - 1 enero 2026.xlsx,,,2026-05-27 15:01:20.503007,,ajustes,Ajuste por Talla/Garantía,False
ML,POS_132450564156_1 julio 2025 - 1 enero 2026.xlsx_1313,2000013665231040,2025-08-11,smaller_than_expected_fashion,35990.0,PAGO,1 julio 2025 - 1 enero 2026.xlsx,,,2026-05-27 15:01:20.503007,,ajustes,Ajuste por Talla/Garantía,False
ML,POS_132450546334_1 julio 2025 - 1 enero 2026.xlsx_1314,2000013665236678,2025-08-11,smaller_than_expected_fashion,25990.0,PAGO,1 julio 2025 - 1 enero 2026.xlsx,,,2026-05-27 15:01:20.503007,,ajustes,Ajuste por Talla/Garantía,False
ML,POS_129077859695_1 julio 2025 - 1 enero 2026.xlsx_1315,2000013384599440,2025-07-11,repentant_buyer,39990.0,PAGO,1 julio 2025 - 1 enero 2026.xlsx,,,2026-05-27 15:01:20.503007,,ajustes,Ajuste por Arrepentimiento,False
ML,POS_132531494820_1 julio 2025 - 1 enero 2026.xlsx_1316,2000013675727986,2025-07-11,smaller_than_expected_fashion,26990.0,PAGO,1 julio 2025 - 1 enero 2026.xlsx,,,2026-05-27 15:01:20.503007,,ajustes,Ajuste por Talla/Garantía,False
ML,POS_131334635499_1 julio 2025 - 1 enero 2026.xlsx_1317,2000013615012582,2025-07-11,bigger_than_expected_fashion,19990.0,PAGO,1 julio 2025 - 1 enero 2026.xlsx,,,2026-05-27 15:01:20.503007,,ajustes,Ajuste por Talla/Garantía,False
ML,POS_131334728927_1 julio 2025 - 1 enero 2026.xlsx_1318,2000013615008938,2025-07-11,bigger_than_expected_fashion,22990.0,PAGO,1 julio 2025 - 1 enero 2026.xlsx,,,2026-05-27 15:01:20.503007,,ajustes,Ajuste por Talla/Garantía,False
ML,POS_131411970422_1 julio 2025 - 1 enero 2026.xlsx_1319,2000013559899360,2025-07-11,bigger_than_expected_fashion,35990.0,PAGO,1 julio 2025 - 1 enero 2026.xlsx,,,2026-05-27 15:01:20.503007,,ajustes,Ajuste por Talla/Garantía,False
ML,POS_131997497553_1 julio 2025 - 1 enero 2026.xlsx_1320,2000013682788554,2025-07-11,different_than_published,29990.0,PAGO,1 julio 2025 - 1 enero 2026.xlsx,,,2026-05-27 15:01:20.503007,,ajustes,Ajuste por Diferencia de Publicación,True
ML,POS_132562230292_1 julio 2025 - 1 enero 2026.xlsx_1321,2000013678831928,2025-07-11,smaller_than_expected_fashion,19990.0,PAGO,1 julio 2025 - 1 enero 2026.xlsx,,,2026-05-27 15:01:20.503007,,ajustes,Ajuste por Talla/Garantía,False
ML,POS_129657871200_1 julio 2025 - 1 enero 2026.xlsx_1322,2000013385350344,2025-07-11,not_match_size_guide_fashion,20790.0,PAGO,1 julio 2025 - 1 enero 2026.xlsx,,,2026-05-27 15:01:20.503007,,ajustes,Ajuste por Talla/Garantía,True
ML,POS_132452649186_1 julio 2025 - 1 enero 2026.xlsx_1323,2000013665504518,2025-07-11,bigger_than_expected_fashion,19990.0,PAGO,1 julio 2025 - 1 enero 2026.xlsx,,,2026-05-27 15:01:20.503007,,ajustes,Ajuste por Talla/Garantía,False
ML,POS_132172536630_1 julio 2025 - 1 enero 2026.xlsx_1324,2000013633949884,2025-06-11,bigger_than_expected_fashion,32990.0,PAGO,1 julio 2025 - 1 enero 2026.xlsx,,,2026-05-27 15:01:20.503007,,ajustes,Ajuste por Talla/Garantía,False
ML,POS_132533239786_1 julio 2025 - 1 enero 2026.xlsx_1325,2000013676106114,2025-06-11,repentant_buyer,31990.0,PAGO,1 julio 2025 - 1 enero 2026.xlsx,,,2026-05-27 15:01:20.503007,,ajustes,Ajuste por Arrepentimiento,False
ML,POS_131835690639_1 julio 2025 - 1 enero 2026.xlsx_1326,2000013663380476,2025-06-11,smaller_than_expected_fashion,19990.0,PAGO,1 julio 2025 - 1 enero 2026.xlsx,,,2026-05-27 15:01:20.503007,,ajustes,Ajuste por Talla/Garantía,False
ML,POS_131705640225_1 julio 2025 - 1 enero 2026.xlsx_1328,2000013647628540,2025-06-11,repentant_buyer,28990.0,PAGO,1 julio 2025 - 1 enero 2026.xlsx,,,2026-05-27 15:01:20.503007,,ajustes,Ajuste por Arrepentimiento,False
ML,POS_132675151144_1 julio 2025 - 1 enero 2026.xlsx_1329,2000013692062236,2025-06-11,different_color_or_size_fashion,34990.0,PAGO,1 julio 2025 - 1 enero 2026.xlsx,,,2026-05-27 15:01:20.503007,,ajustes,Ajuste por Diferencia de Publicación,True
ML,POS_129628538374_1 julio 2025 - 1 enero 2026.xlsx_1330,2000013382512610,2025-06-11,smaller_than_expected_fashion,32990.0,PAGO,1 julio 2025 - 1 enero 2026.xlsx,,,2026-05-27 15:01:20.503007,,ajustes,Ajuste por Talla/Garantía,False
ML,POS_132258728466_1 julio 2025 - 1 enero 2026.xlsx_1331,2000013643320810,2025-06-11,bigger_than_expected_fashion,34990.0,PAGO,1 julio 2025 - 1 enero 2026.xlsx,,,2026-05-27 15:01:20.503007,,ajustes,Ajuste por Talla/Garantía,False
ML,POS_132258622840_1 julio 2025 - 1 enero 2026.xlsx_1332,2000013643320808,2025-06-11,different_color_or_size_fashion,39990.0,PAGO,1 julio 2025 - 1 enero 2026.xlsx,,,2026-05-27 15:01:20.503007,,ajustes,Ajuste por Diferencia de Publicación,True
ML,POS_129004056053_1 julio 2025 - 1 enero 2026.xlsx_1333,2000013378061080,2025-06-11,bigger_than_expected_fashion,26990.0,PAGO,1 julio 2025 - 1 enero 2026.xlsx,,,2026-05-27 15:01:20.503007,,ajustes,Ajuste por Talla/Garantía,False
ML,POS_132758848558_1 julio 2025 - 1 enero 2026.xlsx_1335,2000013701542032,2025-06-11,undelivered_other,29990.0,PAGO,1 julio 2025 - 1 enero 2026.xlsx,,,2026-05-27 15:01:20.503007,,ajustes,Ajuste por Falla en Entrega,True
ML,POS_132761378674_1 julio 2025 - 1 enero 2026.xlsx_1336,2000013701821804,2025-06-11,undelivered_other,39990.0,PAGO,1 julio 2025 - 1 enero 2026.xlsx,,,2026-05-27 15:01:20.503007,,ajustes,Ajuste por Falla en Entrega,True
ML,POS_131826907422_1 julio 2025 - 1 enero 2026.xlsx_1337,2000013605130522,2025-06-11,bigger_than_expected_fashion,29990.0,PAGO,1 julio 2025 - 1 enero 2026.xlsx,,,2026-05-27 15:01:20.503007,,ajustes,Ajuste por Talla/Garantía,False
ML,POS_130961967636_1 julio 2025 - 1 enero 2026.xlsx_1338,2000013517602866,2025-06-11,smaller_than_expected_fashion,19990.0,PAGO,1 julio 2025 - 1 enero 2026.xlsx,,,2026-05-27 15:01:20.503007,,ajustes,Ajuste por Talla/Garantía,False
ML,POS_132206223788_1 julio 2025 - 1 enero 2026.xlsx_1339,2000013636934010,2025-06-11,smaller_than_expected_fashion,34990.0,PAGO,1 julio 2025 - 1 enero 2026.xlsx,,,2026-05-27 15:01:20.503007,,ajustes,Ajuste por Talla/Garantía,False
ML,POS_132039020368_1 julio 2025 - 1 enero 2026.xlsx_1340,2000013623655080,2025-06-11,smaller_than_expected_fashion,29990.0,PAGO,1 julio 2025 - 1 enero 2026.xlsx,,,2026-05-27 15:01:20.503007,,ajustes,Ajuste por Talla/Garantía,False
ML,POS_131227087641_1 julio 2025 - 1 enero 2026.xlsx_1341,2000013604611770,2025-06-11,smaller_than_expected_fashion,45990.0,PAGO,1 julio 2025 - 1 enero 2026.xlsx,,,2026-05-27 15:01:20.503007,,ajustes,Ajuste por Talla/Garantía,False
ML,POS_131852123105_1 julio 2025 - 1 enero 2026.xlsx_1342,2000013665262040,2025-06-11,smaller_than_expected_fashion,39990.0,PAGO,1 julio 2025 - 1 enero 2026.xlsx,,,2026-05-27 15:01:20.503007,,ajustes,Ajuste por Talla/Garantía,False
ML,POS_132496285470_1 julio 2025 - 1 enero 2026.xlsx_1343,2000013671247536,2025-06-11,smaller_than_expected_fashion,34990.0,PAGO,1 julio 2025 - 1 enero 2026.xlsx,,,2026-05-27 15:01:20.503007,,ajustes,Ajuste por Talla/Garantía,False
ML,POS_132496247654_1 julio 2025 - 1 enero 2026.xlsx_1344,2000013671245722,2025-06-11,smaller_than_expected_fashion,18990.0,PAGO,1 julio 2025 - 1 enero 2026.xlsx,,,2026-05-27 15:01:20.503007,,ajustes,Ajuste por Talla/Garantía,False
ML,POS_131896986631_1 julio 2025 - 1 enero 2026.xlsx_1345,2000013671245720,2025-06-11,different_color_or_size_fashion,29990.0,PAGO,1 julio 2025 - 1 enero 2026.xlsx,,,2026-05-27 15:01:20.503007,,ajustes,Ajuste por Diferencia de Publicación,True
ML,POS_132123066914_1 julio 2025 - 1 enero 2026.xlsx_1346,2000013630267774,2025-06-11,bigger_than_expected_fashion,21990.0,PAGO,1 julio 2025 - 1 enero 2026.xlsx,,,2026-05-27 15:01:20.503007,,ajustes,Ajuste por Talla/Garantía,False
ML,POS_129093912196_1 julio 2025 - 1 enero 2026.xlsx_1347,2000013328401278,2025-06-11,smaller_than_expected_fashion,34990.0,PAGO,1 julio 2025 - 1 enero 2026.xlsx,,,2026-05-27 15:01:20.503007,,ajustes,Ajuste por Talla/Garantía,False
ML,POS_132539097796_1 julio 2025 - 1 enero 2026.xlsx_1348,2000013677238638,2025-05-11,dont_want_it_another_cause_fashion,27990.0,PAGO,1 julio 2025 - 1 enero 2026.xlsx,,,2026-05-27 15:01:20.503007,,ajustes,Ajuste por Arrepentimiento,True
ML,POS_131713231345_1 julio 2025 - 1 enero 2026.xlsx_1352,2000013648560532,2025-05-11,repentant_buyer,19990.0,PAGO,1 julio 2025 - 1 enero 2026.xlsx,,,2026-05-27 15:01:20.503007,,ajustes,Ajuste por Arrepentimiento,False
ML,POS_132432885198_1 julio 2025 - 1 enero 2026.xlsx_1353,2000013663223642,2025-05-11,smaller_than_expected_fashion,29990.0,PAGO,1 julio 2025 - 1 enero 2026.xlsx,,,2026-05-27 15:01:20.503007,,ajustes,Ajuste por Talla/Garantía,False
ML,POS_130115290531_1 julio 2025 - 1 enero 2026.xlsx_1354,2000013482918640,2025-05-11,smaller_than_expected_fashion,22499.0,PAGO,1 julio 2025 - 1 enero 2026.xlsx,,,2026-05-27 15:01:20.503007,,ajustes,Ajuste por Talla/Garantía,False
ML,POS_130056416575_1 julio 2025 - 1 enero 2026.xlsx_1355,2000013482918640,2025-05-11,smaller_than_expected_fashion,14990.0,PAGO,1 julio 2025 - 1 enero 2026.xlsx,,,2026-05-27 15:01:20.503007,,ajustes,Ajuste por Talla/Garantía,False
ML,POS_130694217218_1 julio 2025 - 1 enero 2026.xlsx_1356,2000013482918640,2025-05-11,smaller_than_expected_fashion,14491.0,PAGO,1 julio 2025 - 1 enero 2026.xlsx,,,2026-05-27 15:01:20.503007,,ajustes,Ajuste por Talla/Garantía,False
ML,POS_130635205794_1 julio 2025 - 1 enero 2026.xlsx_1357,2000013482918640,2025-05-11,smaller_than_expected_fashion,22000.0,PAGO,1 julio 2025 - 1 enero 2026.xlsx,,,2026-05-27 15:01:20.503007,,ajustes,Ajuste por Talla/Garantía,False
ML,POS_131807536865_1 julio 2025 - 1 enero 2026.xlsx_1358,2000013661261504,2025-05-11,smaller_than_expected_fashion,32990.0,PAGO,1 julio 2025 - 1 enero 2026.xlsx,,,2026-05-27 15:01:20.503007,,ajustes,Ajuste por Talla/Garantía,False
ML,POS_132074348387_1 julio 2025 - 1 enero 2026.xlsx_1359,2000013691891450,2025-05-11,undelivered_repentant_buyer,22990.0,PAGO,1 julio 2025 - 1 enero 2026.xlsx,,,2026-05-27 15:01:20.503007,,ajustes,Ajuste por Arrepentimiento,True
ML,POS_131893335761_1 julio 2025 - 1 enero 2026.xlsx_1360,2000013670858834,2025-05-11,bigger_than_expected_fashion,29990.0,PAGO,1 julio 2025 - 1 enero 2026.xlsx,,,2026-05-27 15:01:20.503007,,ajustes,Ajuste por Talla/Garantía,False
ML,POS_132530780180_1 julio 2025 - 1 enero 2026.xlsx_1361,2000013675600410,2025-05-11,smaller_than_expected_fashion,29990.0,PAGO,1 julio 2025 - 1 enero 2026.xlsx,,,2026-05-27 15:01:20.503007,,ajustes,Ajuste por Talla/Garantía,False
ML,POS_131938642179_1 julio 2025 - 1 enero 2026.xlsx_1362,2000013677022084,2025-05-11,missing_item,17990.0,PAGO,1 julio 2025 - 1 enero 2026.xlsx,,,2026-05-27 15:01:20.503007,,ajustes,Ajuste por Ítem Faltante,True
ML,POS_132453992296_1 julio 2025 - 1 enero 2026.xlsx_1363,2000013665637950,2025-05-11,different_color_or_size_fashion,29990.0,PAGO,1 julio 2025 - 1 enero 2026.xlsx,,,2026-05-27 15:01:20.503007,,ajustes,Ajuste por Diferencia de Publicación,True
ML,POS_132396618190_1 julio 2025 - 1 enero 2026.xlsx_1364,2000013659436596,2025-05-11,bigger_than_expected_fashion,41990.0,PAGO,1 julio 2025 - 1 enero 2026.xlsx,,,2026-05-27 15:01:20.503007,,ajustes,Ajuste por Talla/Garantía,False
ML,POS_131342936713_1 julio 2025 - 1 enero 2026.xlsx_1365,2000013615592284,2025-05-11,smaller_than_expected_fashion,45990.0,PAGO,1 julio 2025 - 1 enero 2026.xlsx,,,2026-05-27 15:01:20.503007,,ajustes,Ajuste por Talla/Garantía,False
ML,POS_132494493676_1 julio 2025 - 1 enero 2026.xlsx_1366,2000013671037042,2025-05-11,undelivered_repentant_buyer,1296.0,PAGO,1 julio 2025 - 1 enero 2026.xlsx,,,2026-05-27 15:01:20.503007,,ajustes,Ajuste por Arrepentimiento,True
ML,POS_131894986081_1 julio 2025 - 1 enero 2026.xlsx_1369,2000013671037042,2025-05-11,undelivered_repentant_buyer,28694.0,PAGO,1 julio 2025 - 1 enero 2026.xlsx,,,2026-05-27 15:01:20.503007,,ajustes,Ajuste por Arrepentimiento,True
ML,POS_132019210524_1 julio 2025 - 1 enero 2026.xlsx_1370,2000013622298962,2025-05-11,dont_want_it_another_cause_fashion,19990.0,PAGO,1 julio 2025 - 1 enero 2026.xlsx,,,2026-05-27 15:01:20.503007,,ajustes,Ajuste por Arrepentimiento,True
ML,POS_130902471593_1 julio 2025 - 1 enero 2026.xlsx_1371,2000013568522544,2025-05-11,dont_want_it_another_cause_fashion,25990.0,PAGO,1 julio 2025 - 1 enero 2026.xlsx,,,2026-05-27 15:01:20.503007,,ajustes,Ajuste por Arrepentimiento,True
ML,POS_130017729995_1 julio 2025 - 1 enero 2026.xlsx_1372,2000013479847468,2025-05-11,dont_want_it_another_cause_fashion,12990.0,PAGO,1 julio 2025 - 1 enero 2026.xlsx,,,2026-05-27 15:01:20.503007,,ajustes,Ajuste por Arrepentimiento,True
ML,POS_130018080141_1 julio 2025 - 1 enero 2026.xlsx_1373,2000013479847466,2025-05-11,dont_want_it_another_cause_fashion,53990.0,PAGO,1 julio 2025 - 1 enero 2026.xlsx,,,2026-05-27 15:01:20.503007,,ajustes,Ajuste por Arrepentimiento,True
ML,POS_132234066616_1 julio 2025 - 1 enero 2026.xlsx_1374,2000013640266720,2025-04-11,smaller_than_expected_fashion,21990.0,PAGO,1 julio 2025 - 1 enero 2026.xlsx,,,2026-05-27 15:01:20.503007,,ajustes,Ajuste por Talla/Garantía,False
ML,POS_132155775060_1 julio 2025 - 1 enero 2026.xlsx_1375,2000013632655746,2025-04-11,different_than_published,32990.0,PAGO,1 julio 2025 - 1 enero 2026.xlsx,,,2026-05-27 15:01:20.503007,,ajustes,Ajuste por Diferencia de Publicación,True
ML,POS_130262113247_1 julio 2025 - 1 enero 2026.xlsx_1376,2000013505062854,2025-04-11,bigger_than_expected_fashion,31490.0,PAGO,1 julio 2025 - 1 enero 2026.xlsx,,,2026-05-27 15:01:20.503007,,ajustes,Ajuste por Talla/Garantía,False
ML,POS_130841999906_1 julio 2025 - 1 enero 2026.xlsx_1377,2000013505060994,2025-04-11,bigger_than_expected_fashion,34990.0,PAGO,1 julio 2025 - 1 enero 2026.xlsx,,,2026-05-27 15:01:20.503007,,ajustes,Ajuste por Talla/Garantía,False
ML,POS_131910008550_1 julio 2025 - 1 enero 2026.xlsx_1378,2000013613563746,2025-04-11,smaller_than_expected_fashion,32990.0,PAGO,1 julio 2025 - 1 enero 2026.xlsx,,,2026-05-27 15:01:20.503007,,ajustes,Ajuste por Talla/Garantía,False
ML,POS_131844368973_1 julio 2025 - 1 enero 2026.xlsx_1379,2000013664322650,2025-04-11,smaller_than_expected_fashion,19990.0,PAGO,1 julio 2025 - 1 enero 2026.xlsx,,,2026-05-27 15:01:20.503007,,ajustes,Ajuste por Talla/Garantía,False
ML,POS_132443015396_1 julio 2025 - 1 enero 2026.xlsx_1380,2000013664311162,2025-04-11,dont_want_it_another_cause_fashion,14990.0,PAGO,1 julio 2025 - 1 enero 2026.xlsx,,,2026-05-27 15:01:20.503007,,ajustes,Ajuste por Arrepentimiento,True
ML,POS_131888702271_1 julio 2025 - 1 enero 2026.xlsx_1381,2000013670298558,2025-04-11,undelivered_repentant_buyer,13080.0,PAGO,1 julio 2025 - 1 enero 2026.xlsx,,,2026-05-27 15:01:20.503007,,ajustes,Ajuste por Arrepentimiento,True
ML,POS_131184591031_1 julio 2025 - 1 enero 2026.xlsx_1382,2000013600655730,2025-04-11,bigger_than_expected_fashion,55990.0,PAGO,1 julio 2025 - 1 enero 2026.xlsx,,,2026-05-27 15:01:20.503007,,ajustes,Ajuste por Talla/Garantía,False
ML,POS_132377359732_1 julio 2025 - 1 enero 2026.xlsx_1383,2000013656772178,2025-04-11,smaller_than_expected_fashion,19990.0,PAGO,1 julio 2025 - 1 enero 2026.xlsx,,,2026-05-27 15:01:20.503007,,ajustes,Ajuste por Talla/Garantía,False
ML,POS_131771078771_1 julio 2025 - 1 enero 2026.xlsx_1384,2000013655893768,2025-04-11,different_color_or_size_fashion,29990.0,PAGO,1 julio 2025 - 1 enero 2026.xlsx,,,2026-05-27 15:01:20.503007,,ajustes,Ajuste por Diferencia de Publicación,True
ML,POS_130704562533_1 julio 2025 - 1 enero 2026.xlsx_1385,2000013548273362,2025-04-11,smaller_than_expected_fashion,39990.0,PAGO,1 julio 2025 - 1 enero 2026.xlsx,,,2026-05-27 15:01:20.503007,,ajustes,Ajuste por Talla/Garantía,False
ML,POS_131768454576_1 julio 2025 - 1 enero 2026.xlsx_1386,2000013599269614,2025-04-11,smaller_than_expected_fashion,29990.0,PAGO,1 julio 2025 - 1 enero 2026.xlsx,,,2026-05-27 15:01:20.503007,,ajustes,Ajuste por Talla/Garantía,False
ML,POS_131631984562_1 julio 2025 - 1 enero 2026.xlsx_1387,2000013584804878,2025-04-11,bigger_than_expected_fashion,44990.0,PAGO,1 julio 2025 - 1 enero 2026.xlsx,,,2026-05-27 15:01:20.503007,,ajustes,Ajuste por Talla/Garantía,False
ML,POS_131778989532_1 julio 2025 - 1 enero 2026.xlsx_1388,2000013600659412,2025-04-11,bigger_than_expected_fashion,39990.0,PAGO,1 julio 2025 - 1 enero 2026.xlsx,,,2026-05-27 15:01:20.503007,,ajustes,Ajuste por Talla/Garantía,False
ML,POS_131692016916_1 julio 2025 - 1 enero 2026.xlsx_1389,2000013591019984,2025-04-11,repentant_buyer,56990.0,PAGO,1 julio 2025 - 1 enero 2026.xlsx,,,2026-05-27 15:01:20.503007,,ajustes,Ajuste por Arrepentimiento,False
ML,POS_131374596031_1 julio 2025 - 1 enero 2026.xlsx_1390,2000013618324686,2025-04-11,repentant_buyer,32990.0,PAGO,1 julio 2025 - 1 enero 2026.xlsx,,,2026-05-27 15:01:20.503007,,ajustes,Ajuste por Arrepentimiento,False
ML,POS_131971824658_1 julio 2025 - 1 enero 2026.xlsx_1391,2000013618321016,2025-04-11,repentant_buyer,32990.0,PAGO,1 julio 2025 - 1 enero 2026.xlsx,,,2026-05-27 15:01:20.503007,,ajustes,Ajuste por Arrepentimiento,False
ML,POS_128393209321_1 julio 2025 - 1 enero 2026.xlsx_1392,2000013312775604,2025-04-11,bigger_than_expected_fashion,22990.0,PAGO,1 julio 2025 - 1 enero 2026.xlsx,,,2026-05-27 15:01:20.503007,,ajustes,Ajuste por Talla/Garantía,False
ML,POS_131532582099_1 julio 2025 - 1 enero 2026.xlsx_1393,2000013630866808,2025-04-11,smaller_than_expected_fashion,35990.0,PAGO,1 julio 2025 - 1 enero 2026.xlsx,,,2026-05-27 15:01:20.503007,,ajustes,Ajuste por Talla/Garantía,False
ML,POS_130951904339_1 julio 2025 - 1 enero 2026.xlsx_1394,2000013575155930,2025-04-11,smaller_than_expected_fashion,44990.0,PAGO,1 julio 2025 - 1 enero 2026.xlsx,,,2026-05-27 15:01:20.503007,,ajustes,Ajuste por Talla/Garantía,False
ML,POS_128964444033_1 julio 2025 - 1 enero 2026.xlsx_1395,2000013374755766,2025-03-11,different_color_or_size_fashion,24990.0,PAGO,1 julio 2025 - 1 enero 2026.xlsx,,,2026-05-27 15:01:20.503007,,ajustes,Ajuste por Diferencia de Publicación,True
ML,POS_132050780840_1 julio 2025 - 1 enero 2026.xlsx_1396,2000013624620454,2025-03-11,dont_want_it_another_cause_fashion,2298.0,PAGO,1 julio 2025 - 1 enero 2026.xlsx,,,2026-05-27 15:01:20.503007,,ajustes,Ajuste por Arrepentimiento,True
ML,POS_132050820458_1 julio 2025 - 1 enero 2026.xlsx_1397,2000013624620454,2025-03-11,dont_want_it_another_cause_fashion,27692.0,PAGO,1 julio 2025 - 1 enero 2026.xlsx,,,2026-05-27 15:01:20.503007,,ajustes,Ajuste por Arrepentimiento,True
ML,POS_131054834995_1 julio 2025 - 1 enero 2026.xlsx_1398,2000013586319130,2025-03-11,smaller_than_expected_fashion,14184.0,PAGO,1 julio 2025 - 1 enero 2026.xlsx,,,2026-05-27 15:01:20.503007,,ajustes,Ajuste por Talla/Garantía,False
ML,POS_131552482611_1 julio 2025 - 1 enero 2026.xlsx_1399,2000013632263222,2025-03-11,bigger_than_expected_fashion,23990.0,PAGO,1 julio 2025 - 1 enero 2026.xlsx,,,2026-05-27 15:01:20.503007,,ajustes,Ajuste por Talla/Garantía,False
ML,POS_128634560375_1 julio 2025 - 1 enero 2026.xlsx_1400,2000013341056586,2025-03-11,bigger_than_expected_fashion,18190.0,PAGO,1 julio 2025 - 1 enero 2026.xlsx,,,2026-05-27 15:01:20.503007,,ajustes,Ajuste por Talla/Garantía,False
ML,POS_131274690261_1 julio 2025 - 1 enero 2026.xlsx_1401,2000013609815446,2025-03-11,bigger_than_expected_fashion,32990.0,PAGO,1 julio 2025 - 1 enero 2026.xlsx,,,2026-05-27 15:01:20.503007,,ajustes,Ajuste por Talla/Garantía,False
ML,POS_129105465124_1 julio 2025 - 1 enero 2026.xlsx_1402,2000013329318000,2025-03-11,smaller_than_expected_fashion,24070.0,PAGO,1 julio 2025 - 1 enero 2026.xlsx,,,2026-05-27 15:01:20.503007,,ajustes,Ajuste por Talla/Garantía,False
ML,POS_132300547484_1 julio 2025 - 1 enero 2026.xlsx_1403,2000013647259690,2025-03-11,undelivered_other,39990.0,PAGO,1 julio 2025 - 1 enero 2026.xlsx,,,2026-05-27 15:01:20.503007,,ajustes,Ajuste por Falla en Entrega,True
ML,POS_132155807688_1 julio 2025 - 1 enero 2026.xlsx_1404,2000013632668160,2025-03-11,undelivered_repentant_buyer,22990.0,PAGO,1 julio 2025 - 1 enero 2026.xlsx,,,2026-05-27 15:01:20.503007,,ajustes,Ajuste por Arrepentimiento,True
ML,POS_131642822611_1 julio 2025 - 1 enero 2026.xlsx_1405,2000013641144204,2025-02-11,undelivered_repentant_buyer,25990.0,PAGO,1 julio 2025 - 1 enero 2026.xlsx,,,2026-05-27 15:01:20.503007,,ajustes,Ajuste por Arrepentimiento,True
ML,POS_130381788145_1 julio 2025 - 1 enero 2026.xlsx_1407,2000013518185748,2025-02-11,smaller_than_expected_fashion,34990.0,PAGO,1 julio 2025 - 1 enero 2026.xlsx,,,2026-05-27 15:01:20.503007,,ajustes,Ajuste por Talla/Garantía,False
ML,POS_130674906225_1 julio 2025 - 1 enero 2026.xlsx_1408,2000013545658858,2025-02-11,smaller_than_expected_fashion,21990.0,PAGO,1 julio 2025 - 1 enero 2026.xlsx,,,2026-05-27 15:01:20.503007,,ajustes,Ajuste por Talla/Garantía,False
ML,POS_131262754602_1 julio 2025 - 1 enero 2026.xlsx_1409,2000013545658858,2025-02-11,smaller_than_expected_fashion,21990.0,PAGO,1 julio 2025 - 1 enero 2026.xlsx,,,2026-05-27 15:01:20.503007,,ajustes,Ajuste por Talla/Garantía,False
ML,POS_131636798915_1 julio 2025 - 1 enero 2026.xlsx_1410,2000013640341874,2025-02-11,undelivered_repentant_buyer,25990.0,PAGO,1 julio 2025 - 1 enero 2026.xlsx,,,2026-05-27 15:01:20.503007,,ajustes,Ajuste por Arrepentimiento,True
ML,POS_129373158017_1 julio 2025 - 1 enero 2026.xlsx_1411,2000013417000538,2025-02-11,smaller_than_expected_fashion,27990.0,PAGO,1 julio 2025 - 1 enero 2026.xlsx,,,2026-05-27 15:01:20.503007,,ajustes,Ajuste por Talla/Garantía,False
ML,POS_129421560151_1 julio 2025 - 1 enero 2026.xlsx_1412,2000013421986278,2025-02-11,smaller_than_expected_fashion,31990.0,PAGO,1 julio 2025 - 1 enero 2026.xlsx,,,2026-05-27 15:01:20.503007,,ajustes,Ajuste por Talla/Garantía,False
ML,POS_129387336107_1 julio 2025 - 1 enero 2026.xlsx_1413,2000013418807748,2025-01-11,bigger_than_expected_fashion,22990.0,PAGO,1 julio 2025 - 1 enero 2026.xlsx,,,2026-05-27 15:01:20.503007,,ajustes,Ajuste por Talla/Garantía,False
ML,POS_128632448809_1 julio 2025 - 1 enero 2026.xlsx_1414,2000013340707964,2025-01-11,bigger_than_expected_fashion,34990.0,PAGO,1 julio 2025 - 1 enero 2026.xlsx,,,2026-05-27 15:01:20.503007,,ajustes,Ajuste por Talla/Garantía,False
ML,POS_131244636425_1 julio 2025 - 1 enero 2026.xlsx_1415,2000013606426386,2025-01-11,repentant_buyer,43990.0,PAGO,1 julio 2025 - 1 enero 2026.xlsx,,,2026-05-27 15:01:20.503007,,ajustes,Ajuste por Arrepentimiento,False
ML,POS_130915489487_1 julio 2025 - 1 enero 2026.xlsx_1416,2000013570242082,2025-01-11,dont_want_it_another_cause_fashion,25990.0,PAGO,1 julio 2025 - 1 enero 2026.xlsx,,,2026-05-27 15:01:20.503007,,ajustes,Ajuste por Arrepentimiento,True
ML,POS_129685273046_1 julio 2025 - 1 enero 2026.xlsx_1417,2000013388797932,2025-01-11,repentant_buyer,22390.0,PAGO,1 julio 2025 - 1 enero 2026.xlsx,,,2026-05-27 15:01:20.503007,,ajustes,Ajuste por Arrepentimiento,False
ML,POS_131822505736_1 julio 2025 - 1 enero 2026.xlsx_1418,2000013604609776,2025-01-11,repentant_buyer,45990.0,PAGO,1 julio 2025 - 1 enero 2026.xlsx,,,2026-05-27 15:01:20.503007,,ajustes,Ajuste por Arrepentimiento,False
ML,POS_129143083990_1 julio 2025 - 1 enero 2026.xlsx_1679,2000013333658188,2025-12-10,smaller_than_expected_fashion,34990.0,PAGO,1 julio 2025 - 1 enero 2026.xlsx,,,2026-05-27 15:01:20.503007,,ajustes,Ajuste por Talla/Garantía,False
ML,POS_128707615643_1 julio 2025 - 1 enero 2026.xlsx_1680,2000013348766636,2025-12-10,bigger_than_expected_fashion,41990.0,PAGO,1 julio 2025 - 1 enero 2026.xlsx,,,2026-05-27 15:01:20.503007,,ajustes,Ajuste por Talla/Garantía,False
ML,POS_129247008718_1 julio 2025 - 1 enero 2026.xlsx_1681,2000013345348650,2025-12-10,bigger_than_expected_fashion,29990.0,PAGO,1 julio 2025 - 1 enero 2026.xlsx,,,2026-05-27 15:01:20.503007,,ajustes,Ajuste por Talla/Garantía,False
ML,POS_128319241721_1 julio 2025 - 1 enero 2026.xlsx_1682,2000013304391168,2025-12-10,dont_want_it_another_cause_fashion,39990.0,PAGO,1 julio 2025 - 1 enero 2026.xlsx,,,2026-05-27 15:01:20.503007,,ajustes,Ajuste por Arrepentimiento,True
ML,POS_128642056709_1 julio 2025 - 1 enero 2026.xlsx_1683,2000013342285188,2025-12-10,bigger_than_expected_fashion,34990.0,PAGO,1 julio 2025 - 1 enero 2026.xlsx,,,2026-05-27 15:01:20.503007,,ajustes,Ajuste por Talla/Garantía,False
ML,POS_129472231102_1 julio 2025 - 1 enero 2026.xlsx_1684,2000013368634620,2025-12-10,smaller_than_expected_fashion,5790.0,PAGO,1 julio 2025 - 1 enero 2026.xlsx,,,2026-05-27 15:01:20.503007,,ajustes,Ajuste por Talla/Garantía,False
ML,POS_128899974027_1 julio 2025 - 1 enero 2026.xlsx_1685,2000013368634620,2025-12-10,smaller_than_expected_fashion,15000.0,PAGO,1 julio 2025 - 1 enero 2026.xlsx,,,2026-05-27 15:01:20.503007,,ajustes,Ajuste por Talla/Garantía,False
ML,POS_128901188369_1 julio 2025 - 1 enero 2026.xlsx_1686,2000013368764466,2025-12-10,change_receiver_address,12990.0,PAGO,1 julio 2025 - 1 enero 2026.xlsx,,,2026-05-27 15:01:20.503007,,ajustes,Ajuste por Cambio de Dirección,True
ML,POS_128901192359_1 julio 2025 - 1 enero 2026.xlsx_1687,2000013368759578,2025-12-10,change_receiver_address,9590.0,PAGO,1 julio 2025 - 1 enero 2026.xlsx,,,2026-05-27 15:01:20.503007,,ajustes,Ajuste por Cambio de Dirección,True
ML,POS_129474068398_1 julio 2025 - 1 enero 2026.xlsx_1688,2000013368759580,2025-12-10,change_receiver_address,5990.0,PAGO,1 julio 2025 - 1 enero 2026.xlsx,,,2026-05-27 15:01:20.503007,,ajustes,Ajuste por Cambio de Dirección,True
ML,POS_128786392293_1 julio 2025 - 1 enero 2026.xlsx_1689,2000013357202990,2025-12-10,item_not_useful_fashion_different_change,26990.0,PAGO,1 julio 2025 - 1 enero 2026.xlsx,,,2026-05-27 15:01:20.503007,,ajustes,Ajuste por Arrepentimiento,True
ML,POS_126598948928_1 julio 2025 - 1 enero 2026.xlsx_1690,2000013083297364,2025-12-10,dont_want_it_another_cause_fashion,37990.0,PAGO,1 julio 2025 - 1 enero 2026.xlsx,,,2026-05-27 15:01:20.503007,,ajustes,Ajuste por Arrepentimiento,True
ML,POS_126599058430_1 julio 2025 - 1 enero 2026.xlsx_1691,2000013083297364,2025-12-10,dont_want_it_another_cause_fashion,37990.0,PAGO,1 julio 2025 - 1 enero 2026.xlsx,,,2026-05-27 15:01:20.503007,,ajustes,Ajuste por Arrepentimiento,True
ML,POS_126043642043_1 julio 2025 - 1 enero 2026.xlsx_1692,2000013083297364,2025-12-10,dont_want_it_another_cause_fashion,37990.0,PAGO,1 julio 2025 - 1 enero 2026.xlsx,,,2026-05-27 15:01:20.503007,,ajustes,Ajuste por Arrepentimiento,True
ML,POS_128285281631_1 julio 2025 - 1 enero 2026.xlsx_1693,2000013300237484,2025-12-10,bigger_than_expected_fashion,27590.0,PAGO,1 julio 2025 - 1 enero 2026.xlsx,,,2026-05-27 15:01:20.503007,,ajustes,Ajuste por Talla/Garantía,False
ML,POS_128864387680_1 julio 2025 - 1 enero 2026.xlsx_1694,2000013301591844,2025-12-10,smaller_than_expected_fashion,29990.0,PAGO,1 julio 2025 - 1 enero 2026.xlsx,,,2026-05-27 15:01:20.503007,,ajustes,Ajuste por Talla/Garantía,False
ML,POS_128295839267_1 julio 2025 - 1 enero 2026.xlsx_1695,2000013301591844,2025-12-10,smaller_than_expected_fashion,29990.0,PAGO,1 julio 2025 - 1 enero 2026.xlsx,,,2026-05-27 15:01:20.503007,,ajustes,Ajuste por Talla/Garantía,False
ML,POS_128388667351_1 julio 2025 - 1 enero 2026.xlsx_1696,2000013312351474,2025-12-10,dont_want_it_another_cause_fashion,27990.0,PAGO,1 julio 2025 - 1 enero 2026.xlsx,,,2026-05-27 15:01:20.503007,,ajustes,Ajuste por Arrepentimiento,True
ML,POS_128388742949_1 julio 2025 - 1 enero 2026.xlsx_1697,2000013312349550,2025-12-10,bigger_than_expected_fashion,28790.0,PAGO,1 julio 2025 - 1 enero 2026.xlsx,,,2026-05-27 15:01:20.503007,,ajustes,Ajuste por Talla/Garantía,False
ML,POS_128644200013_1 julio 2025 - 1 enero 2026.xlsx_1698,2000013342706966,2025-12-10,item_not_useful_fashion_different_change,34990.0,PAGO,1 julio 2025 - 1 enero 2026.xlsx,,,2026-05-27 15:01:20.503007,,ajustes,Ajuste por Arrepentimiento,True
ML,POS_128644343175_1 julio 2025 - 1 enero 2026.xlsx_1699,2000013342706966,2025-12-10,item_not_useful_fashion_different_change,34990.0,PAGO,1 julio 2025 - 1 enero 2026.xlsx,,,2026-05-27 15:01:20.503007,,ajustes,Ajuste por Arrepentimiento,True
ML,POS_128813288172_1 julio 2025 - 1 enero 2026.xlsx_1700,2000013295947802,2025-12-10,dont_want_it_another_cause_fashion,28790.0,PAGO,1 julio 2025 - 1 enero 2026.xlsx,,,2026-05-27 15:01:20.503007,,ajustes,Ajuste por Arrepentimiento,True
ML,POS_128219061491_1 julio 2025 - 1 enero 2026.xlsx_1701,2000013294074864,2025-12-10,bigger_than_expected_fashion,23190.0,PAGO,1 julio 2025 - 1 enero 2026.xlsx,,,2026-05-27 15:01:20.503007,,ajustes,Ajuste por Talla/Garantía,False
ML,POS_128219057579_1 julio 2025 - 1 enero 2026.xlsx_1702,2000013294069562,2025-12-10,bigger_than_expected_fashion,20790.0,PAGO,1 julio 2025 - 1 enero 2026.xlsx,,,2026-05-27 15:01:20.503007,,ajustes,Ajuste por Talla/Garantía,False
ML,POS_128226802451_1 julio 2025 - 1 enero 2026.xlsx_1703,2000013295102676,2025-12-10,smaller_than_expected_fashion,33390.0,PAGO,1 julio 2025 - 1 enero 2026.xlsx,,,2026-05-27 15:01:20.503007,,ajustes,Ajuste por Talla/Garantía,False
ML,POS_127966595471_1 julio 2025 - 1 enero 2026.xlsx_1704,2000013269887882,2025-12-10,dont_want_it_another_cause_fashion,48990.0,PAGO,1 julio 2025 - 1 enero 2026.xlsx,,,2026-05-27 15:01:20.503007,,ajustes,Ajuste por Arrepentimiento,True
ML,POS_128600271927_1 julio 2025 - 1 enero 2026.xlsx_1705,2000013337300416,2025-12-10,smaller_than_expected_fashion,31490.0,PAGO,1 julio 2025 - 1 enero 2026.xlsx,,,2026-05-27 15:01:20.503007,,ajustes,Ajuste por Talla/Garantía,False
ML,POS_128990752668_1 julio 2025 - 1 enero 2026.xlsx_1706,2000013315954948,2025-11-10,dont_want_it_another_cause_fashion,39990.0,PAGO,1 julio 2025 - 1 enero 2026.xlsx,,,2026-05-27 15:01:20.503007,,ajustes,Ajuste por Arrepentimiento,True
ML,POS_129207343640_1 julio 2025 - 1 enero 2026.xlsx_1707,2000013341367714,2025-11-10,bigger_than_expected_fashion,34990.0,PAGO,1 julio 2025 - 1 enero 2026.xlsx,,,2026-05-27 15:01:20.503007,,ajustes,Ajuste por Talla/Garantía,False
ML,POS_128493863511_1 julio 2025 - 1 enero 2026.xlsx_1708,2000013324812144,2025-11-10,bigger_than_expected_fashion,28790.0,PAGO,1 julio 2025 - 1 enero 2026.xlsx,,,2026-05-27 15:01:20.503007,,ajustes,Ajuste por Talla/Garantía,False
ML,POS_128493936833_1 julio 2025 - 1 enero 2026.xlsx_1709,2000013324806578,2025-11-10,smaller_than_expected_fashion,28790.0,PAGO,1 julio 2025 - 1 enero 2026.xlsx,,,2026-05-27 15:01:20.503007,,ajustes,Ajuste por Talla/Garantía,False
ML,POS_129559791882_1 julio 2025 - 1 enero 2026.xlsx_1710,2000013376645230,2025-11-10,undelivered_repentant_buyer,33590.0,PAGO,1 julio 2025 - 1 enero 2026.xlsx,,,2026-05-27 15:01:20.503007,,ajustes,Ajuste por Arrepentimiento,True
ML,POS_128281839193_1 julio 2025 - 1 enero 2026.xlsx_1711,2000013299825148,2025-11-10,dont_want_it_another_cause_fashion,35990.0,PAGO,1 julio 2025 - 1 enero 2026.xlsx,,,2026-05-27 15:01:20.503007,,ajustes,Ajuste por Arrepentimiento,True
ML,POS_129334092434_1 julio 2025 - 1 enero 2026.xlsx_1712,2000013354450102,2025-11-10,item_not_useful_fashion_different_change,24990.0,PAGO,1 julio 2025 - 1 enero 2026.xlsx,,,2026-05-27 15:01:20.503007,,ajustes,Ajuste por Arrepentimiento,True
ML,POS_128257733543_1 julio 2025 - 1 enero 2026.xlsx_1713,2000013297196620,2025-11-10,bigger_than_expected_fashion,49990.0,PAGO,1 julio 2025 - 1 enero 2026.xlsx,,,2026-05-27 15:01:20.503007,,ajustes,Ajuste por Talla/Garantía,False
ML,POS_129532148264_1 julio 2025 - 1 enero 2026.xlsx_1714,2000013374404216,2025-11-10,undelivered_repentant_buyer,35990.0,PAGO,1 julio 2025 - 1 enero 2026.xlsx,,,2026-05-27 15:01:20.503007,,ajustes,Ajuste por Arrepentimiento,True
ML,POS_128294521557_1 julio 2025 - 1 enero 2026.xlsx_1715,2000013301470022,2025-11-10,bigger_than_expected_fashion,27590.0,PAGO,1 julio 2025 - 1 enero 2026.xlsx,,,2026-05-27 15:01:20.503007,,ajustes,Ajuste por Talla/Garantía,False
ML,POS_129519036946_1 julio 2025 - 1 enero 2026.xlsx_1716,2000013373434372,2025-11-10,undelivered_repentant_buyer,23190.0,PAGO,1 julio 2025 - 1 enero 2026.xlsx,,,2026-05-27 15:01:20.503007,,ajustes,Ajuste por Arrepentimiento,True
ML,POS_128769847553_1 julio 2025 - 1 enero 2026.xlsx_1717,2000013355214408,2025-11-10,bigger_than_expected_fashion,22490.0,PAGO,1 julio 2025 - 1 enero 2026.xlsx,,,2026-05-27 15:01:20.503007,,ajustes,Ajuste por Talla/Garantía,False
ML,POS_129057346296_1 julio 2025 - 1 enero 2026.xlsx_1718,2000013323863288,2025-11-10,bigger_than_expected_fashion,28490.0,PAGO,1 julio 2025 - 1 enero 2026.xlsx,,,2026-05-27 15:01:20.503007,,ajustes,Ajuste por Talla/Garantía,False
ML,POS_129206983282_1 julio 2025 - 1 enero 2026.xlsx_1719,2000013341320852,2025-11-10,dont_want_it_another_cause_fashion,38490.0,PAGO,1 julio 2025 - 1 enero 2026.xlsx,,,2026-05-27 15:01:20.503007,,ajustes,Ajuste por Arrepentimiento,True
ML,POS_128996201884_1 julio 2025 - 1 enero 2026.xlsx_1736,2000013316598658,2025-09-10,bigger_than_expected_fashion,15000.0,PAGO,1 julio 2025 - 1 enero 2026.xlsx,,,2026-05-27 15:01:20.503007,,ajustes,Ajuste por Talla/Garantía,False
ML,POS_128426487799_1 julio 2025 - 1 enero 2026.xlsx_1737,2000013316598658,2025-09-10,bigger_than_expected_fashion,9990.0,PAGO,1 julio 2025 - 1 enero 2026.xlsx,,,2026-05-27 15:01:20.503007,,ajustes,Ajuste por Talla/Garantía,False
ML,POS_128672254125_1 julio 2025 - 1 enero 2026.xlsx_1738,2000013344982444,2025-09-10,dont_want_it_another_cause_fashion,15590.0,PAGO,1 julio 2025 - 1 enero 2026.xlsx,,,2026-05-27 15:01:20.503007,,ajustes,Ajuste por Arrepentimiento,True
ML,POS_128414577039_1 julio 2025 - 1 enero 2026.xlsx_1739,2000013315247846,2025-09-10,smaller_than_expected_fashion,21490.0,PAGO,1 julio 2025 - 1 enero 2026.xlsx,,,2026-05-27 15:01:20.503007,,ajustes,Ajuste por Talla/Garantía,False
ML,POS_128747424922_1 julio 2025 - 1 enero 2026.xlsx_1740,2000013288762002,2025-09-10,bigger_than_expected_fashion,19990.0,PAGO,1 julio 2025 - 1 enero 2026.xlsx,,,2026-05-27 15:01:20.503007,,ajustes,Ajuste por Talla/Garantía,False
ML,POS_128935377708_1 julio 2025 - 1 enero 2026.xlsx_1741,2000013310780058,2025-09-10,bigger_than_expected_fashion,24990.0,PAGO,1 julio 2025 - 1 enero 2026.xlsx,,,2026-05-27 15:01:20.503007,,ajustes,Ajuste por Talla/Garantía,False
ML,POS_128624734355_1 julio 2025 - 1 enero 2026.xlsx_1742,2000013336913298,2025-09-10,different_color_or_size_fashion,24070.0,PAGO,1 julio 2025 - 1 enero 2026.xlsx,,,2026-05-27 15:01:20.503007,,ajustes,Ajuste por Diferencia de Publicación,True
ML,POS_129167484332_1 julio 2025 - 1 enero 2026.xlsx_1743,2000013336913298,2025-09-10,different_color_or_size_fashion,24070.0,PAGO,1 julio 2025 - 1 enero 2026.xlsx,,,2026-05-27 15:01:20.503007,,ajustes,Ajuste por Diferencia de Publicación,True
ML,POS_129195220232_1 julio 2025 - 1 enero 2026.xlsx_1744,2000013336913298,2025-09-10,different_color_or_size_fashion,24070.0,PAGO,1 julio 2025 - 1 enero 2026.xlsx,,,2026-05-27 15:01:20.503007,,ajustes,Ajuste por Diferencia de Publicación,True
ML,POS_128961991276_1 julio 2025 - 1 enero 2026.xlsx_1745,2000013312675956,2025-09-10,bigger_than_expected_fashion,27990.0,PAGO,1 julio 2025 - 1 enero 2026.xlsx,,,2026-05-27 15:01:20.503007,,ajustes,Ajuste por Talla/Garantía,False
ML,POS_128420865143_1 julio 2025 - 1 enero 2026.xlsx_1746,2000013315952982,2025-09-10,different_color_or_size_fashion,20790.0,PAGO,1 julio 2025 - 1 enero 2026.xlsx,,,2026-05-27 15:01:20.503007,,ajustes,Ajuste por Diferencia de Publicación,True
ML,POS_125014679697_1 julio 2025 - 1 enero 2026.xlsx_1747,2000012984740402,2025-09-10,not_match_size_guide_fashion,41990.0,PAGO,1 julio 2025 - 1 enero 2026.xlsx,,,2026-05-27 15:01:20.503007,,ajustes,Ajuste por Talla/Garantía,True
ML,POS_129126161308_1 julio 2025 - 1 enero 2026.xlsx_1748,2000013331686030,2025-09-10,respondent_unanswered,39990.0,PAGO,1 julio 2025 - 1 enero 2026.xlsx,,,2026-05-27 15:01:20.503007,,ajustes,Ajuste por Disputa no Respondida,True
ML,POS_128763349640_1 julio 2025 - 1 enero 2026.xlsx_1749,2000013290764798,2025-09-10,smaller_than_expected_fashion,43990.0,PAGO,1 julio 2025 - 1 enero 2026.xlsx,,,2026-05-27 15:01:20.503007,,ajustes,Ajuste por Talla/Garantía,False
ML,POS_128359672037_1 julio 2025 - 1 enero 2026.xlsx_1750,2000013309454198,2025-09-10,dont_want_it_another_cause_fashion,34990.0,PAGO,1 julio 2025 - 1 enero 2026.xlsx,,,2026-05-27 15:01:20.503007,,ajustes,Ajuste por Arrepentimiento,True
ML,POS_129222230268_1 julio 2025 - 1 enero 2026.xlsx_1751,2000013343712010,2025-09-10,undelivered_repentant_buyer,39990.0,PAGO,1 julio 2025 - 1 enero 2026.xlsx,,,2026-05-27 15:01:20.503007,,ajustes,Ajuste por Arrepentimiento,True
ML,POS_128926900280_1 julio 2025 - 1 enero 2026.xlsx_1752,2000013309052970,2025-08-10,smaller_than_expected_fashion,25590.0,PAGO,1 julio 2025 - 1 enero 2026.xlsx,,,2026-05-27 15:01:20.503007,,ajustes,Ajuste por Talla/Garantía,False
ML,POS_128926932138_1 julio 2025 - 1 enero 2026.xlsx_1753,2000013309060084,2025-08-10,smaller_than_expected_fashion,25590.0,PAGO,1 julio 2025 - 1 enero 2026.xlsx,,,2026-05-27 15:01:20.503007,,ajustes,Ajuste por Talla/Garantía,False
ML,POS_129012536012_1 julio 2025 - 1 enero 2026.xlsx_1754,2000013318823332,2025-08-10,bigger_than_expected_fashion,28790.0,PAGO,1 julio 2025 - 1 enero 2026.xlsx,,,2026-05-27 15:01:20.503007,,ajustes,Ajuste por Talla/Garantía,False
ML,POS_129003280256_1 julio 2025 - 1 enero 2026.xlsx_1755,2000013317445456,2025-08-10,bigger_than_expected_fashion,28990.0,PAGO,1 julio 2025 - 1 enero 2026.xlsx,,,2026-05-27 15:01:20.503007,,ajustes,Ajuste por Talla/Garantía,False
ML,POS_127306833867_1 julio 2025 - 1 enero 2026.xlsx_1756,2000013201761940,2025-08-10,smaller_than_expected_fashion,23990.0,PAGO,1 julio 2025 - 1 enero 2026.xlsx,,,2026-05-27 15:01:20.503007,,ajustes,Ajuste por Talla/Garantía,False
ML,POS_128554718361_1 julio 2025 - 1 enero 2026.xlsx_1757,2000013331543254,2025-08-10,respondent_unanswered,20180.0,PAGO,1 julio 2025 - 1 enero 2026.xlsx,,,2026-05-27 15:01:20.503007,,ajustes,Ajuste por Disputa no Respondida,True
ML,POS_129126281564_1 julio 2025 - 1 enero 2026.xlsx_1758,2000013331698506,2025-08-10,not_match_size_guide_fashion,18984.0,PAGO,1 julio 2025 - 1 enero 2026.xlsx,,,2026-05-27 15:01:20.503007,,ajustes,Ajuste por Talla/Garantía,True
ML,POS_128891442846_1 julio 2025 - 1 enero 2026.xlsx_1759,2000013304789868,2025-08-10,smaller_than_expected_fashion,27990.0,PAGO,1 julio 2025 - 1 enero 2026.xlsx,,,2026-05-27 15:01:20.503007,,ajustes,Ajuste por Talla/Garantía,False
ML,POS_129032326018_1 julio 2025 - 1 enero 2026.xlsx_1760,2000013321220530,2025-08-10,smaller_than_expected_fashion,26390.0,PAGO,1 julio 2025 - 1 enero 2026.xlsx,,,2026-05-27 15:01:20.503007,,ajustes,Ajuste por Talla/Garantía,False
ML,POS_128932743684_1 julio 2025 - 1 enero 2026.xlsx_1761,2000013310190820,2025-08-10,bigger_than_expected_fashion,20480.0,PAGO,1 julio 2025 - 1 enero 2026.xlsx,,,2026-05-27 15:01:20.503007,,ajustes,Ajuste por Talla/Garantía,False
ML,POS_128363423915_1 julio 2025 - 1 enero 2026.xlsx_1762,2000013310190820,2025-08-10,bigger_than_expected_fashion,1000.0,PAGO,1 julio 2025 - 1 enero 2026.xlsx,,,2026-05-27 15:01:20.503007,,ajustes,Ajuste por Talla/Garantía,False
ML,POS_129173612690_1 julio 2025 - 1 enero 2026.xlsx_1763,2000013337547496,2025-08-10,undelivered_repentant_buyer,18890.0,PAGO,1 julio 2025 - 1 enero 2026.xlsx,,,2026-05-27 15:01:20.503007,,ajustes,Ajuste por Arrepentimiento,True
ML,POS_129173602850_1 julio 2025 - 1 enero 2026.xlsx_1764,2000013337547494,2025-08-10,undelivered_repentant_buyer,18890.0,PAGO,1 julio 2025 - 1 enero 2026.xlsx,,,2026-05-27 15:01:20.503007,,ajustes,Ajuste por Arrepentimiento,True
ML,POS_128963734014_1 julio 2025 - 1 enero 2026.xlsx_1765,2000013312895748,2025-08-10,smaller_than_expected_fashion,27590.0,PAGO,1 julio 2025 - 1 enero 2026.xlsx,,,2026-05-27 15:01:20.503007,,ajustes,Ajuste por Talla/Garantía,False
ML,POS_128933472768_1 julio 2025 - 1 enero 2026.xlsx_1766,2000013310344476,2025-08-10,bigger_than_expected_fashion,9990.0,PAGO,1 julio 2025 - 1 enero 2026.xlsx,,,2026-05-27 15:01:20.503007,,ajustes,Ajuste por Talla/Garantía,False
ML,POS_128933323602_1 julio 2025 - 1 enero 2026.xlsx_1767,2000013310340724,2025-08-10,bigger_than_expected_fashion,18990.0,PAGO,1 julio 2025 - 1 enero 2026.xlsx,,,2026-05-27 15:01:20.503007,,ajustes,Ajuste por Talla/Garantía,False
ML,POS_129153002120_1 julio 2025 - 1 enero 2026.xlsx_1768,2000013335023758,2025-08-10,undelivered_repentant_buyer,34990.0,PAGO,1 julio 2025 - 1 enero 2026.xlsx,,,2026-05-27 15:01:20.503007,,ajustes,Ajuste por Arrepentimiento,True
ML,POS_128412260615_1 julio 2025 - 1 enero 2026.xlsx_1769,2000013314966390,2025-08-10,bigger_than_expected_fashion,39990.0,PAGO,1 julio 2025 - 1 enero 2026.xlsx,,,2026-05-27 15:01:20.503007,,ajustes,Ajuste por Talla/Garantía,False
ML,POS_128790485664_1 julio 2025 - 1 enero 2026.xlsx_1770,2000013294583498,2025-08-10,item_not_useful_fashion_different_change,37790.0,PAGO,1 julio 2025 - 1 enero 2026.xlsx,,,2026-05-27 15:01:20.503007,,ajustes,Ajuste por Arrepentimiento,True
ML,POS_128842022462_1 julio 2025 - 1 enero 2026.xlsx_1771,2000013298914084,2025-08-10,bigger_than_expected_fashion,29990.0,PAGO,1 julio 2025 - 1 enero 2026.xlsx,,,2026-05-27 15:01:20.503007,,ajustes,Ajuste por Talla/Garantía,False
ML,POS_127967965353_1 julio 2025 - 1 enero 2026.xlsx_1772,2000013270009040,2025-08-10,smaller_than_expected_fashion,34990.0,PAGO,1 julio 2025 - 1 enero 2026.xlsx,,,2026-05-27 15:01:20.503007,,ajustes,Ajuste por Talla/Garantía,False
ML,POS_128220821387_1 julio 2025 - 1 enero 2026.xlsx_1773,2000013294373942,2025-08-10,bigger_than_expected_fashion,27590.0,PAGO,1 julio 2025 - 1 enero 2026.xlsx,,,2026-05-27 15:01:20.503007,,ajustes,Ajuste por Talla/Garantía,False
ML,POS_128441331340_1 julio 2025 - 1 enero 2026.xlsx_1774,2000013261724586,2025-08-10,broken_item_fashion,28990.0,PAGO,1 julio 2025 - 1 enero 2026.xlsx,,,2026-05-27 15:01:20.503007,,ajustes,Ajuste por Producto Dañado/Vacío,False
ML,POS_128402766207_1 julio 2025 - 1 enero 2026.xlsx_1775,2000013313823072,2025-07-10,smaller_than_expected_fashion,20790.0,PAGO,1 julio 2025 - 1 enero 2026.xlsx,,,2026-05-27 15:01:20.503007,,ajustes,Ajuste por Talla/Garantía,False
ML,POS_127413055084_1 julio 2025 - 1 enero 2026.xlsx_1776,2000013159965822,2025-07-10,dont_want_it_another_cause_fashion,28990.0,PAGO,1 julio 2025 - 1 enero 2026.xlsx,,,2026-05-27 15:01:20.503007,,ajustes,Ajuste por Arrepentimiento,True
ML,POS_126852895233_1 julio 2025 - 1 enero 2026.xlsx_1777,2000013159967412,2025-07-10,dont_want_it_another_cause_fashion,25990.0,PAGO,1 julio 2025 - 1 enero 2026.xlsx,,,2026-05-27 15:01:20.503007,,ajustes,Ajuste por Arrepentimiento,True
ML,POS_126852874801_1 julio 2025 - 1 enero 2026.xlsx_1778,2000013159965810,2025-07-10,dont_want_it_another_cause_fashion,28990.0,PAGO,1 julio 2025 - 1 enero 2026.xlsx,,,2026-05-27 15:01:20.503007,,ajustes,Ajuste por Arrepentimiento,True
ML,POS_126852849163_1 julio 2025 - 1 enero 2026.xlsx_1779,2000013159965812,2025-07-10,dont_want_it_another_cause_fashion,25990.0,PAGO,1 julio 2025 - 1 enero 2026.xlsx,,,2026-05-27 15:01:20.503007,,ajustes,Ajuste por Arrepentimiento,True
ML,POS_128573695082_1 julio 2025 - 1 enero 2026.xlsx_1780,2000013273403932,2025-07-10,dont_want_it_another_cause_fashion,47990.0,PAGO,1 julio 2025 - 1 enero 2026.xlsx,,,2026-05-27 15:01:20.503007,,ajustes,Ajuste por Arrepentimiento,True
ML,POS_128301862625_1 julio 2025 - 1 enero 2026.xlsx_1781,2000013302437064,2025-07-10,smaller_than_expected_fashion,33590.0,PAGO,1 julio 2025 - 1 enero 2026.xlsx,,,2026-05-27 15:01:20.503007,,ajustes,Ajuste por Talla/Garantía,False
ML,POS_128927939350_1 julio 2025 - 1 enero 2026.xlsx_1782,2000013309275074,2025-07-10,smaller_than_expected_fashion,27990.0,PAGO,1 julio 2025 - 1 enero 2026.xlsx,,,2026-05-27 15:01:20.503007,,ajustes,Ajuste por Talla/Garantía,False
ML,POS_128358895649_1 julio 2025 - 1 enero 2026.xlsx_1783,2000013309269942,2025-07-10,smaller_than_expected_fashion,27990.0,PAGO,1 julio 2025 - 1 enero 2026.xlsx,,,2026-05-27 15:01:20.503007,,ajustes,Ajuste por Talla/Garantía,False
ML,POS_128479072438_1 julio 2025 - 1 enero 2026.xlsx_1784,2000013265088972,2025-07-10,dont_want_it_another_cause_fashion,45990.0,PAGO,1 julio 2025 - 1 enero 2026.xlsx,,,2026-05-27 15:01:20.503007,,ajustes,Ajuste por Arrepentimiento,True
ML,POS_128220465825_1 julio 2025 - 1 enero 2026.xlsx_1785,2000013294324378,2025-07-10,smaller_than_expected_fashion,20790.0,PAGO,1 julio 2025 - 1 enero 2026.xlsx,,,2026-05-27 15:01:20.503007,,ajustes,Ajuste por Talla/Garantía,False
ML,POS_128788455962_1 julio 2025 - 1 enero 2026.xlsx_1786,2000013294284756,2025-07-10,smaller_than_expected_fashion,26990.0,PAGO,1 julio 2025 - 1 enero 2026.xlsx,,,2026-05-27 15:01:20.503007,,ajustes,Ajuste por Talla/Garantía,False
ML,POS_128825802262_1 julio 2025 - 1 enero 2026.xlsx_1790,2000013297133790,2025-07-10,item_not_useful_fashion_different_change,29990.0,PAGO,1 julio 2025 - 1 enero 2026.xlsx,,,2026-05-27 15:01:20.503007,,ajustes,Ajuste por Arrepentimiento,True
ML,POS_128799035060_1 julio 2025 - 1 enero 2026.xlsx_1791,2000013295306974,2025-07-10,smaller_than_expected_fashion,29990.0,PAGO,1 julio 2025 - 1 enero 2026.xlsx,,,2026-05-27 15:01:20.503007,,ajustes,Ajuste por Talla/Garantía,False
ML,POS_128466661010_1 julio 2025 - 1 enero 2026.xlsx_1792,2000013264006180,2025-07-10,bigger_than_expected_fashion,19990.0,PAGO,1 julio 2025 - 1 enero 2026.xlsx,,,2026-05-27 15:01:20.503007,,ajustes,Ajuste por Talla/Garantía,False
ML,POS_128363818761_1 julio 2025 - 1 enero 2026.xlsx_1793,2000013310235490,2025-07-10,out_of_stock,19080.0,PAGO,1 julio 2025 - 1 enero 2026.xlsx,,,2026-05-27 15:01:20.503007,,ajustes,Ajuste por Falta de Stock,True
ML,POS_128130846313_1 julio 2025 - 1 enero 2026.xlsx_1794,2000013283806794,2025-07-10,smaller_than_expected_fashion,25990.0,PAGO,1 julio 2025 - 1 enero 2026.xlsx,,,2026-05-27 15:01:20.503007,,ajustes,Ajuste por Talla/Garantía,False
ML,POS_128263059825_1 julio 2025 - 1 enero 2026.xlsx_1795,2000013297782446,2025-06-10,different_color_or_size_fashion,24990.0,PAGO,1 julio 2025 - 1 enero 2026.xlsx,,,2026-05-27 15:01:20.503007,,ajustes,Ajuste por Diferencia de Publicación,True
ML,POS_128597839374_1 julio 2025 - 1 enero 2026.xlsx_1796,2000013275512216,2025-06-10,bigger_than_expected_fashion,43990.0,PAGO,1 julio 2025 - 1 enero 2026.xlsx,,,2026-05-27 15:01:20.503007,,ajustes,Ajuste por Talla/Garantía,False
ML,POS_127553913833_1 julio 2025 - 1 enero 2026.xlsx_1798,2000013228388444,2025-06-10,bigger_than_expected_fashion,24990.0,PAGO,1 julio 2025 - 1 enero 2026.xlsx,,,2026-05-27 15:01:20.503007,,ajustes,Ajuste por Talla/Garantía,False
ML,POS_128919515012_1 julio 2025 - 1 enero 2026.xlsx_1799,2000013307869178,2025-06-10,undelivered_other,39990.0,PAGO,1 julio 2025 - 1 enero 2026.xlsx,,,2026-05-27 15:01:20.503007,,ajustes,Ajuste por Falla en Entrega,True
ML,POS_128247458707_1 julio 2025 - 1 enero 2026.xlsx_1800,2000013296159660,2025-06-10,smaller_than_expected_fashion,33590.0,PAGO,1 julio 2025 - 1 enero 2026.xlsx,,,2026-05-27 15:01:20.503007,,ajustes,Ajuste por Talla/Garantía,False
ML,POS_128683914596_1 julio 2025 - 1 enero 2026.xlsx_1801,2000013282419388,2025-06-10,smaller_than_expected_fashion,49990.0,PAGO,1 julio 2025 - 1 enero 2026.xlsx,,,2026-05-27 15:01:20.503007,,ajustes,Ajuste por Talla/Garantía,False
ML,POS_128283153607_1 julio 2025 - 1 enero 2026.xlsx_1802,2000013299972862,2025-06-10,undelivered_repentant_buyer,26390.0,PAGO,1 julio 2025 - 1 enero 2026.xlsx,,,2026-05-27 15:01:20.503007,,ajustes,Ajuste por Arrepentimiento,True
ML,POS_124892885898_1 julio 2025 - 1 enero 2026.xlsx_1804,2000012921803176,2025-06-10,bigger_than_expected_fashion,39990.0,PAGO,1 julio 2025 - 1 enero 2026.xlsx,,,2026-05-27 15:01:20.503007,,ajustes,Ajuste por Talla/Garantía,False
ML,POS_128226154100_1 julio 2025 - 1 enero 2026.xlsx_1805,2000013239595828,2025-06-10,bigger_than_expected_fashion,49990.0,PAGO,1 julio 2025 - 1 enero 2026.xlsx,,,2026-05-27 15:01:20.503007,,ajustes,Ajuste por Talla/Garantía,False
ML,POS_127849196339_1 julio 2025 - 1 enero 2026.xlsx_1806,2000013259463086,2025-06-10,dont_want_it_another_cause_fashion,44990.0,PAGO,1 julio 2025 - 1 enero 2026.xlsx,,,2026-05-27 15:01:20.503007,,ajustes,Ajuste por Arrepentimiento,True
ML,POS_127761600455_1 julio 2025 - 1 enero 2026.xlsx_1807,2000013249855552,2025-06-10,smaller_than_expected_fashion,49990.0,PAGO,1 julio 2025 - 1 enero 2026.xlsx,,,2026-05-27 15:01:20.503007,,ajustes,Ajuste por Talla/Garantía,False
ML,POS_128114143077_1 julio 2025 - 1 enero 2026.xlsx_1808,2000013282235712,2025-05-10,undelivered_repentant_buyer,11990.0,PAGO,1 julio 2025 - 1 enero 2026.xlsx,,,2026-05-27 15:01:20.503007,,ajustes,Ajuste por Arrepentimiento,True
ML,POS_128114137063_1 julio 2025 - 1 enero 2026.xlsx_1809,2000013282239096,2025-05-10,undelivered_repentant_buyer,10990.0,PAGO,1 julio 2025 - 1 enero 2026.xlsx,,,2026-05-27 15:01:20.503007,,ajustes,Ajuste por Arrepentimiento,True
ML,POS_128114190681_1 julio 2025 - 1 enero 2026.xlsx_1810,2000013282235710,2025-05-10,undelivered_repentant_buyer,11990.0,PAGO,1 julio 2025 - 1 enero 2026.xlsx,,,2026-05-27 15:01:20.503007,,ajustes,Ajuste por Arrepentimiento,True
ML,POS_128114186611_1 julio 2025 - 1 enero 2026.xlsx_1811,2000013282239094,2025-05-10,undelivered_repentant_buyer,10990.0,PAGO,1 julio 2025 - 1 enero 2026.xlsx,,,2026-05-27 15:01:20.503007,,ajustes,Ajuste por Arrepentimiento,True
ML,POS_125656244867_1 julio 2025 - 1 enero 2026.xlsx_1812,2000013043842848,2025-04-10,not_match_size_guide_fashion,31990.0,PAGO,1 julio 2025 - 1 enero 2026.xlsx,,,2026-05-27 15:01:20.503007,,ajustes,Ajuste por Talla/Garantía,True
ML,POS_128099910973_1 julio 2025 - 1 enero 2026.xlsx_1813,2000013281069838,2025-04-10,undelivered_repentant_buyer,32475.0,PAGO,1 julio 2025 - 1 enero 2026.xlsx,,,2026-05-27 15:01:20.503007,,ajustes,Ajuste por Arrepentimiento,True
ML,POS_128667538976_1 julio 2025 - 1 enero 2026.xlsx_1814,2000013281069838,2025-04-10,undelivered_repentant_buyer,2515.0,PAGO,1 julio 2025 - 1 enero 2026.xlsx,,,2026-05-27 15:01:20.503007,,ajustes,Ajuste por Arrepentimiento,True
ML,POS_128667495488_1 julio 2025 - 1 enero 2026.xlsx_1817,2000013281069838,2025-04-10,undelivered_repentant_buyer,32475.0,PAGO,1 julio 2025 - 1 enero 2026.xlsx,,,2026-05-27 15:01:20.503007,,ajustes,Ajuste por Arrepentimiento,True
ML,POS_128099936621_1 julio 2025 - 1 enero 2026.xlsx_1818,2000013281069838,2025-04-10,undelivered_repentant_buyer,2515.0,PAGO,1 julio 2025 - 1 enero 2026.xlsx,,,2026-05-27 15:01:20.503007,,ajustes,Ajuste por Arrepentimiento,True
ML,POS_127750022159_1 julio 2025 - 1 enero 2026.xlsx_1821,2000013248639994,2025-04-10,smaller_than_expected_fashion,34990.0,PAGO,1 julio 2025 - 1 enero 2026.xlsx,,,2026-05-27 15:01:20.503007,,ajustes,Ajuste por Talla/Garantía,False
ML,POS_128508372734_1 julio 2025 - 1 enero 2026.xlsx_1822,2000013267975402,2025-04-10,bigger_than_expected_fashion,41990.0,PAGO,1 julio 2025 - 1 enero 2026.xlsx,,,2026-05-27 15:01:20.503007,,ajustes,Ajuste por Talla/Garantía,False
ML,POS_127844050565_1 julio 2025 - 1 enero 2026.xlsx_1823,2000013258763184,2025-04-10,smaller_than_expected_fashion,24990.0,PAGO,1 julio 2025 - 1 enero 2026.xlsx,,,2026-05-27 15:01:20.503007,,ajustes,Ajuste por Talla/Garantía,False
ML,POS_127771329435_1 julio 2025 - 1 enero 2026.xlsx_1824,2000013250982970,2025-04-10,repentant_buyer,24990.0,PAGO,1 julio 2025 - 1 enero 2026.xlsx,,,2026-05-27 15:01:20.503007,,ajustes,Ajuste por Arrepentimiento,False
ML,POS_127728896043_1 julio 2025 - 1 enero 2026.xlsx_1825,2000013247522056,2025-04-10,smaller_than_expected_fashion,37990.0,PAGO,1 julio 2025 - 1 enero 2026.xlsx,,,2026-05-27 15:01:20.503007,,ajustes,Ajuste por Talla/Garantía,False
ML,POS_127569321491_1 julio 2025 - 1 enero 2026.xlsx_1826,2000013229995236,2025-04-10,smaller_than_expected_fashion,39990.0,PAGO,1 julio 2025 - 1 enero 2026.xlsx,,,2026-05-27 15:01:20.503007,,ajustes,Ajuste por Talla/Garantía,False
ML,POS_127601565860_1 julio 2025 - 1 enero 2026.xlsx_1827,2000013178088740,2025-03-10,different_color_or_size_fashion_change,29990.0,PAGO,1 julio 2025 - 1 enero 2026.xlsx,,,2026-05-27 15:01:20.503007,,ajustes,Ajuste por Diferencia de Publicación,True
ML,POS_128154164392_1 julio 2025 - 1 enero 2026.xlsx_1828,2000013232996918,2025-03-10,different_item_other,49990.0,PAGO,1 julio 2025 - 1 enero 2026.xlsx,,,2026-05-27 15:01:20.503007,,ajustes,Ajuste por Diferencia de Publicación,True
ML,POS_128409617724_1 julio 2025 - 1 enero 2026.xlsx_1829,2000013258721436,2025-03-10,smaller_than_expected_fashion,35990.0,PAGO,1 julio 2025 - 1 enero 2026.xlsx,,,2026-05-27 15:01:20.503007,,ajustes,Ajuste por Talla/Garantía,False
ML,POS_128138882248_1 julio 2025 - 1 enero 2026.xlsx_1830,2000013230699168,2025-03-10,different_color_or_size_fashion,35990.0,PAGO,1 julio 2025 - 1 enero 2026.xlsx,,,2026-05-27 15:01:20.503007,,ajustes,Ajuste por Diferencia de Publicación,True
ML,POS_127846737987_1 julio 2025 - 1 enero 2026.xlsx_1831,2000013259135836,2025-03-10,smaller_than_expected_fashion,48990.0,PAGO,1 julio 2025 - 1 enero 2026.xlsx,,,2026-05-27 15:01:20.503007,,ajustes,Ajuste por Talla/Garantía,False
ML,POS_127577422941_1 julio 2025 - 1 enero 2026.xlsx_1832,2000013231145490,2025-03-10,bigger_than_expected_fashion,28990.0,PAGO,1 julio 2025 - 1 enero 2026.xlsx,,,2026-05-27 15:01:20.503007,,ajustes,Ajuste por Talla/Garantía,False
ML,POS_127631892215_1 julio 2025 - 1 enero 2026.xlsx_1833,2000013236308866,2025-03-10,bigger_than_expected_fashion,18024.0,PAGO,1 julio 2025 - 1 enero 2026.xlsx,,,2026-05-27 15:01:20.503007,,ajustes,Ajuste por Talla/Garantía,False
ML,POS_128196732292_1 julio 2025 - 1 enero 2026.xlsx_1834,2000013236308866,2025-03-10,bigger_than_expected_fashion,15966.0,PAGO,1 julio 2025 - 1 enero 2026.xlsx,,,2026-05-27 15:01:20.503007,,ajustes,Ajuste por Talla/Garantía,False
ML,POS_127135279323_1 julio 2025 - 1 enero 2026.xlsx_1835,2000013186465128,2025-03-10,bigger_than_expected_fashion,37990.0,PAGO,1 julio 2025 - 1 enero 2026.xlsx,,,2026-05-27 15:01:20.503007,,ajustes,Ajuste por Talla/Garantía,False
ML,POS_128317056268_1 julio 2025 - 1 enero 2026.xlsx_1836,2000013248787236,2025-03-10,item_not_useful_fashion_different_change,37990.0,PAGO,1 julio 2025 - 1 enero 2026.xlsx,,,2026-05-27 15:01:20.503007,,ajustes,Ajuste por Arrepentimiento,True
ML,POS_128362712742_1 julio 2025 - 1 enero 2026.xlsx_1837,2000013253928258,2025-03-10,smaller_than_expected_fashion,49990.0,PAGO,1 julio 2025 - 1 enero 2026.xlsx,,,2026-05-27 15:01:20.503007,,ajustes,Ajuste por Talla/Garantía,False
ML,POS_127890082902_1 julio 2025 - 1 enero 2026.xlsx_1838,2000013204359348,2025-03-10,dont_want_it_another_cause_fashion,20480.0,PAGO,1 julio 2025 - 1 enero 2026.xlsx,,,2026-05-27 15:01:20.503007,,ajustes,Ajuste por Arrepentimiento,True
ML,POS_128311887474_1 julio 2025 - 1 enero 2026.xlsx_1839,2000013248336306,2025-03-10,dont_want_it_another_cause_fashion,29990.0,PAGO,1 julio 2025 - 1 enero 2026.xlsx,,,2026-05-27 15:01:20.503007,,ajustes,Ajuste por Arrepentimiento,True
ML,POS_128275866916_1 julio 2025 - 1 enero 2026.xlsx_1840,2000013244728732,2025-03-10,item_not_useful_fashion_different_change,41990.0,PAGO,1 julio 2025 - 1 enero 2026.xlsx,,,2026-05-27 15:01:20.503007,,ajustes,Ajuste por Arrepentimiento,True
ML,POS_127577428051_1 julio 2025 - 1 enero 2026.xlsx_1841,2000013231130012,2025-03-10,smaller_than_expected_fashion,29990.0,PAGO,1 julio 2025 - 1 enero 2026.xlsx,,,2026-05-27 15:01:20.503007,,ajustes,Ajuste por Talla/Garantía,False
ML,POS_127543731318_1 julio 2025 - 1 enero 2026.xlsx_1842,2000013173010194,2025-03-10,smaller_than_expected_fashion,34990.0,PAGO,1 julio 2025 - 1 enero 2026.xlsx,,,2026-05-27 15:01:20.503007,,ajustes,Ajuste por Talla/Garantía,False
ML,POS_128423045908_1 julio 2025 - 1 enero 2026.xlsx_1843,nan,2025-02-10,unauthorized_purchase,3490.0,PAGO,1 julio 2025 - 1 enero 2026.xlsx,,,2026-05-27 15:01:20.503007,,ajustes,Ajuste por Disputa no Respondida,True
ML,POS_128423055930_1 julio 2025 - 1 enero 2026.xlsx_1844,2000013260623416,2025-02-10,unauthorized_purchase,9990.0,PAGO,1 julio 2025 - 1 enero 2026.xlsx,,,2026-05-27 15:01:20.503007,,ajustes,Ajuste por Disputa no Respondida,True
ML,POS_127856861947_1 julio 2025 - 1 enero 2026.xlsx_1845,2000013260624594,2025-02-10,unauthorized_purchase,9990.0,PAGO,1 julio 2025 - 1 enero 2026.xlsx,,,2026-05-27 15:01:20.503007,,ajustes,Ajuste por Disputa no Respondida,True
ML,POS_127610641243_1 julio 2025 - 1 enero 2026.xlsx_1846,2000013234165890,2025-02-10,bigger_than_expected_fashion,49990.0,PAGO,1 julio 2025 - 1 enero 2026.xlsx,,,2026-05-27 15:01:20.503007,,ajustes,Ajuste por Talla/Garantía,False
ML,POS_128391434050_1 julio 2025 - 1 enero 2026.xlsx_1847,2000013256856378,2025-02-10,estimated_delivery_out_of_time,39990.0,PAGO,1 julio 2025 - 1 enero 2026.xlsx,,,2026-05-27 15:01:20.503007,,ajustes,Ajuste por Retraso en Entrega,True
ML,POS_126634051871_1 julio 2025 - 1 enero 2026.xlsx_1848,2000013137168908,2025-02-10,dont_want_it_another_cause_fashion,39990.0,PAGO,1 julio 2025 - 1 enero 2026.xlsx,,,2026-05-27 15:01:20.503007,,ajustes,Ajuste por Arrepentimiento,True
ML,POS_127581376227_1 julio 2025 - 1 enero 2026.xlsx_1849,2000013231793398,2025-02-10,different_color_or_size_fashion,37990.0,PAGO,1 julio 2025 - 1 enero 2026.xlsx,,,2026-05-27 15:01:20.503007,,ajustes,Ajuste por Diferencia de Publicación,True
ML,POS_127759979380_1 julio 2025 - 1 enero 2026.xlsx_1850,2000013191874418,2025-02-10,bigger_than_expected_fashion,37990.0,PAGO,1 julio 2025 - 1 enero 2026.xlsx,,,2026-05-27 15:01:20.503007,,ajustes,Ajuste por Talla/Garantía,False
ML,POS_127243221591_1 julio 2025 - 1 enero 2026.xlsx_1851,2000013195494978,2025-02-10,different_color_or_size_fashion,39990.0,PAGO,1 julio 2025 - 1 enero 2026.xlsx,,,2026-05-27 15:01:20.503007,,ajustes,Ajuste por Diferencia de Publicación,True
ML,POS_127508333489_1 julio 2025 - 1 enero 2026.xlsx_1852,2000013223312834,2025-02-10,bigger_than_expected_fashion,41990.0,PAGO,1 julio 2025 - 1 enero 2026.xlsx,,,2026-05-27 15:01:20.503007,,ajustes,Ajuste por Talla/Garantía,False
ML,POS_128244452386_1 julio 2025 - 1 enero 2026.xlsx_1853,2000013241591716,2025-01-10,undelivered_repentant_buyer,21990.0,PAGO,1 julio 2025 - 1 enero 2026.xlsx,,,2026-05-27 15:01:20.503007,,ajustes,Ajuste por Arrepentimiento,True
ML,POS_128020767946_1 julio 2025 - 1 enero 2026.xlsx_1854,2000013219082588,2025-01-10,different_than_published,47990.0,PAGO,1 julio 2025 - 1 enero 2026.xlsx,,,2026-05-27 15:01:20.503007,,ajustes,Ajuste por Diferencia de Publicación,True
ML,POS_127997550516_1 julio 2025 - 1 enero 2026.xlsx_1855,2000013215583268,2025-01-10,smaller_than_expected_fashion,37990.0,PAGO,1 julio 2025 - 1 enero 2026.xlsx,,,2026-05-27 15:01:20.503007,,ajustes,Ajuste por Talla/Garantía,False
ML,POS_127537781069_1 julio 2025 - 1 enero 2026.xlsx_1856,2000013226888056,2025-01-10,smaller_than_expected_fashion,31990.0,PAGO,1 julio 2025 - 1 enero 2026.xlsx,,,2026-05-27 15:01:20.503007,,ajustes,Ajuste por Talla/Garantía,False
ML,POS_127537706017_1 julio 2025 - 1 enero 2026.xlsx_1857,2000013226882144,2025-01-10,dont_want_it_another_cause_fashion,35990.0,PAGO,1 julio 2025 - 1 enero 2026.xlsx,,,2026-05-27 15:01:20.503007,,ajustes,Ajuste por Arrepentimiento,True
ML,POS_127947293206_1 julio 2025 - 1 enero 2026.xlsx_1858,2000013209551762,2025-01-10,bigger_than_expected_fashion,24990.0,PAGO,1 julio 2025 - 1 enero 2026.xlsx,,,2026-05-27 15:01:20.503007,,ajustes,Ajuste por Talla/Garantía,False
ML,POS_127627081420_1 julio 2025 - 1 enero 2026.xlsx_1859,2000013180412592,2025-01-10,smaller_than_expected_fashion,14990.0,PAGO,1 julio 2025 - 1 enero 2026.xlsx,,,2026-05-27 15:01:20.503007,,ajustes,Ajuste por Talla/Garantía,False
ML,POS_127627154252_1 julio 2025 - 1 enero 2026.xlsx_1861,2000013180412592,2025-01-10,smaller_than_expected_fashion,9000.0,PAGO,1 julio 2025 - 1 enero 2026.xlsx,,,2026-05-27 15:01:20.503007,,ajustes,Ajuste por Talla/Garantía,False
ML,POS_127065668743_1 julio 2025 - 1 enero 2026.xlsx_1862,2000013180412592,2025-01-10,smaller_than_expected_fashion,23990.0,PAGO,1 julio 2025 - 1 enero 2026.xlsx,,,2026-05-27 15:01:20.503007,,ajustes,Ajuste por Talla/Garantía,False
ML,POS_125389534993_1 julio 2025 - 1 enero 2026.xlsx_1863,2000013020556744,2025-01-10,smaller_than_expected_fashion,35990.0,PAGO,1 julio 2025 - 1 enero 2026.xlsx,,,2026-05-27 15:01:20.503007,,ajustes,Ajuste por Talla/Garantía,False
ML,POS_125579749672_1 julio 2025 - 1 enero 2026.xlsx_2016,2000012987058080,2025-12-09,smaller_than_expected_fashion,49990.0,PAGO,1 julio 2025 - 1 enero 2026.xlsx,,,2026-05-27 15:01:20.503007,,ajustes,Ajuste por Talla/Garantía,False
ML,POS_125729839678_1 julio 2025 - 1 enero 2026.xlsx_2017,2000013002274304,2025-12-09,bigger_than_expected_fashion,34990.0,PAGO,1 julio 2025 - 1 enero 2026.xlsx,,,2026-05-27 15:01:20.503007,,ajustes,Ajuste por Talla/Garantía,False
ML,POS_124964853625_1 julio 2025 - 1 enero 2026.xlsx_2018,2000012978611726,2025-12-09,bigger_than_expected_fashion,29990.0,PAGO,1 julio 2025 - 1 enero 2026.xlsx,,,2026-05-27 15:01:20.503007,,ajustes,Ajuste por Talla/Garantía,False
ML,POS_124964941037_1 julio 2025 - 1 enero 2026.xlsx_2019,2000012978611724,2025-12-09,bigger_than_expected_fashion,33990.0,PAGO,1 julio 2025 - 1 enero 2026.xlsx,,,2026-05-27 15:01:20.503007,,ajustes,Ajuste por Talla/Garantía,False
ML,POS_125375602912_1 julio 2025 - 1 enero 2026.xlsx_2020,2000012963732366,2025-12-09,bigger_than_expected_fashion,24990.0,PAGO,1 julio 2025 - 1 enero 2026.xlsx,,,2026-05-27 15:01:20.503007,,ajustes,Ajuste por Talla/Garantía,False
ML,POS_124928990343_1 julio 2025 - 1 enero 2026.xlsx_2021,2000012974552368,2025-12-09,smaller_than_expected_fashion,39990.0,PAGO,1 julio 2025 - 1 enero 2026.xlsx,,,2026-05-27 15:01:20.503007,,ajustes,Ajuste por Talla/Garantía,False
ML,POS_125454424432_1 julio 2025 - 1 enero 2026.xlsx_2022,2000012973288280,2025-11-09,bigger_than_expected_fashion,34990.0,PAGO,1 julio 2025 - 1 enero 2026.xlsx,,,2026-05-27 15:01:20.503007,,ajustes,Ajuste por Talla/Garantía,False
ML,POS_125587248426_1 julio 2025 - 1 enero 2026.xlsx_2023,2000012988348924,2025-11-09,smaller_than_expected_fashion,12804.0,PAGO,1 julio 2025 - 1 enero 2026.xlsx,,,2026-05-27 15:01:20.503007,,ajustes,Ajuste por Talla/Garantía,False
ML,POS_125039127303_1 julio 2025 - 1 enero 2026.xlsx_2024,2000012988348924,2025-11-09,smaller_than_expected_fashion,9186.0,PAGO,1 julio 2025 - 1 enero 2026.xlsx,,,2026-05-27 15:01:20.503007,,ajustes,Ajuste por Talla/Garantía,False
ML,POS_125163509601_1 julio 2025 - 1 enero 2026.xlsx_2025,2000013000002876,2025-11-09,smaller_than_expected_fashion,22990.0,PAGO,1 julio 2025 - 1 enero 2026.xlsx,,,2026-05-27 15:01:20.503007,,ajustes,Ajuste por Talla/Garantía,False
ML,POS_125024013477_1 julio 2025 - 1 enero 2026.xlsx_2026,2000012985842718,2025-11-09,bigger_than_expected_fashion,55990.0,PAGO,1 julio 2025 - 1 enero 2026.xlsx,,,2026-05-27 15:01:20.503007,,ajustes,Ajuste por Talla/Garantía,False
ML,POS_124896663001_1 julio 2025 - 1 enero 2026.xlsx_2027,2000012971516672,2025-11-09,different_color_or_size_fashion,24990.0,PAGO,1 julio 2025 - 1 enero 2026.xlsx,,,2026-05-27 15:01:20.503007,,ajustes,Ajuste por Diferencia de Publicación,True
ML,POS_124887648103_1 julio 2025 - 1 enero 2026.xlsx_2028,2000012970252554,2025-11-09,smaller_than_expected_fashion,34990.0,PAGO,1 julio 2025 - 1 enero 2026.xlsx,,,2026-05-27 15:01:20.503007,,ajustes,Ajuste por Talla/Garantía,False
ML,POS_125161957184_1 julio 2025 - 1 enero 2026.xlsx_2029,2000012943750370,2025-11-09,smaller_than_expected_fashion,39990.0,PAGO,1 julio 2025 - 1 enero 2026.xlsx,,,2026-05-27 15:01:20.503007,,ajustes,Ajuste por Talla/Garantía,False
ML,POS_123235599606_1 julio 2025 - 1 enero 2026.xlsx_2030,2000012758192460,2025-11-09,smaller_than_expected_fashion,43990.0,PAGO,1 julio 2025 - 1 enero 2026.xlsx,,,2026-05-27 15:01:20.503007,,ajustes,Ajuste por Talla/Garantía,False
ML,POS_124423096848_1 julio 2025 - 1 enero 2026.xlsx_2031,2000012872697038,2025-11-09,bigger_than_expected_fashion,19990.0,PAGO,1 julio 2025 - 1 enero 2026.xlsx,,,2026-05-27 15:01:20.503007,,ajustes,Ajuste por Talla/Garantía,False
ML,POS_124504978754_1 julio 2025 - 1 enero 2026.xlsx_2032,2000012880824634,2025-11-09,smaller_than_expected_fashion,44990.0,PAGO,1 julio 2025 - 1 enero 2026.xlsx,,,2026-05-27 15:01:20.503007,,ajustes,Ajuste por Talla/Garantía,False
ML,POS_124504969010_1 julio 2025 - 1 enero 2026.xlsx_2033,2000012880813858,2025-11-09,smaller_than_expected_fashion,34990.0,PAGO,1 julio 2025 - 1 enero 2026.xlsx,,,2026-05-27 15:01:20.503007,,ajustes,Ajuste por Talla/Garantía,False
ML,POS_125414006774_1 julio 2025 - 1 enero 2026.xlsx_2034,2000012968112984,2025-11-09,smaller_than_expected_fashion,42990.0,PAGO,1 julio 2025 - 1 enero 2026.xlsx,,,2026-05-27 15:01:20.503007,,ajustes,Ajuste por Talla/Garantía,False
ML,POS_124866320669_1 julio 2025 - 1 enero 2026.xlsx_2035,2000012968118546,2025-11-09,smaller_than_expected_fashion,51990.0,PAGO,1 julio 2025 - 1 enero 2026.xlsx,,,2026-05-27 15:01:20.503007,,ajustes,Ajuste por Talla/Garantía,False
ML,POS_124866384195_1 julio 2025 - 1 enero 2026.xlsx_2036,2000012968120476,2025-11-09,smaller_than_expected_fashion,20990.0,PAGO,1 julio 2025 - 1 enero 2026.xlsx,,,2026-05-27 15:01:20.503007,,ajustes,Ajuste por Talla/Garantía,False
ML,POS_124866340511_1 julio 2025 - 1 enero 2026.xlsx_2037,2000012968122092,2025-11-09,smaller_than_expected_fashion,11990.0,PAGO,1 julio 2025 - 1 enero 2026.xlsx,,,2026-05-27 15:01:20.503007,,ajustes,Ajuste por Talla/Garantía,False
ML,POS_122705909965_1 julio 2025 - 1 enero 2026.xlsx_2038,2000012759072270,2025-11-09,bigger_than_expected_fashion,41990.0,PAGO,1 julio 2025 - 1 enero 2026.xlsx,,,2026-05-27 15:01:20.503007,,ajustes,Ajuste por Talla/Garantía,False
ML,POS_125389555142_1 julio 2025 - 1 enero 2026.xlsx_2039,2000012965385110,2025-11-09,bigger_than_expected_fashion,49990.0,PAGO,1 julio 2025 - 1 enero 2026.xlsx,,,2026-05-27 15:01:20.503007,,ajustes,Ajuste por Talla/Garantía,False
ML,POS_125183483395_1 julio 2025 - 1 enero 2026.xlsx_2040,2000013002637052,2025-11-09,unauthorized_purchase,26990.0,PAGO,1 julio 2025 - 1 enero 2026.xlsx,,,2026-05-27 15:01:20.503007,,ajustes,Ajuste por Disputa no Respondida,True
ML,POS_124402433068_1 julio 2025 - 1 enero 2026.xlsx_2041,2000012870988936,2025-10-09,bigger_than_expected_fashion,28990.0,PAGO,1 julio 2025 - 1 enero 2026.xlsx,,,2026-05-27 15:01:20.503007,,ajustes,Ajuste por Talla/Garantía,False
ML,POS_123860482487_1 julio 2025 - 1 enero 2026.xlsx_2042,2000012870988934,2025-10-09,bigger_than_expected_fashion,44990.0,PAGO,1 julio 2025 - 1 enero 2026.xlsx,,,2026-05-27 15:01:20.503007,,ajustes,Ajuste por Talla/Garantía,False
ML,POS_124389405781_1 julio 2025 - 1 enero 2026.xlsx_2043,2000012926304632,2025-10-09,bigger_than_expected_fashion,19990.0,PAGO,1 julio 2025 - 1 enero 2026.xlsx,,,2026-05-27 15:01:20.503007,,ajustes,Ajuste por Talla/Garantía,False
ML,POS_125268820848_1 julio 2025 - 1 enero 2026.xlsx_2044,2000012953006672,2025-10-09,smaller_than_expected_fashion,53990.0,PAGO,1 julio 2025 - 1 enero 2026.xlsx,,,2026-05-27 15:01:20.503007,,ajustes,Ajuste por Talla/Garantía,False
ML,POS_124798124102_1 julio 2025 - 1 enero 2026.xlsx_2045,2000012913076584,2025-10-09,item_not_useful_fashion_different_change,24990.0,PAGO,1 julio 2025 - 1 enero 2026.xlsx,,,2026-05-27 15:01:20.503007,,ajustes,Ajuste por Arrepentimiento,True
ML,POS_124834696855_1 julio 2025 - 1 enero 2026.xlsx_2046,2000012964452578,2025-10-09,smaller_than_expected_fashion,39990.0,PAGO,1 julio 2025 - 1 enero 2026.xlsx,,,2026-05-27 15:01:20.503007,,ajustes,Ajuste por Talla/Garantía,False
ML,POS_125397729500_1 julio 2025 - 1 enero 2026.xlsx_2047,2000012966425708,2025-10-09,smaller_than_expected_fashion,39990.0,PAGO,1 julio 2025 - 1 enero 2026.xlsx,,,2026-05-27 15:01:20.503007,,ajustes,Ajuste por Talla/Garantía,False
ML,POS_124668414706_1 julio 2025 - 1 enero 2026.xlsx_2048,2000012899483592,2025-10-09,smaller_than_expected_fashion,32490.0,PAGO,1 julio 2025 - 1 enero 2026.xlsx,,,2026-05-27 15:01:20.503007,,ajustes,Ajuste por Talla/Garantía,False
ML,POS_125039245067_1 julio 2025 - 1 enero 2026.xlsx_2049,2000012988374444,2025-10-09,bigger_than_expected_fashion,33990.0,PAGO,1 julio 2025 - 1 enero 2026.xlsx,,,2026-05-27 15:01:20.503007,,ajustes,Ajuste por Talla/Garantía,False
ML,POS_125667223666_1 julio 2025 - 1 enero 2026.xlsx_2050,2000012995742208,2025-10-09,undelivered_repentant_buyer,34990.0,PAGO,1 julio 2025 - 1 enero 2026.xlsx,,,2026-05-27 15:01:20.503007,,ajustes,Ajuste por Arrepentimiento,True
ML,POS_125505794884_1 julio 2025 - 1 enero 2026.xlsx_2051,2000012977830540,2025-10-09,item_not_useful_fashion_different_change,25990.0,PAGO,1 julio 2025 - 1 enero 2026.xlsx,,,2026-05-27 15:01:20.503007,,ajustes,Ajuste por Arrepentimiento,True
ML,POS_124604315829_1 julio 2025 - 1 enero 2026.xlsx_2052,2000012942750658,2025-10-09,bigger_than_expected_fashion,24990.0,PAGO,1 julio 2025 - 1 enero 2026.xlsx,,,2026-05-27 15:01:20.503007,,ajustes,Ajuste por Talla/Garantía,False
ML,POS_124603803971_1 julio 2025 - 1 enero 2026.xlsx_2053,2000012942750658,2025-10-09,bigger_than_expected_fashion,24990.0,PAGO,1 julio 2025 - 1 enero 2026.xlsx,,,2026-05-27 15:01:20.503007,,ajustes,Ajuste por Talla/Garantía,False
ML,POS_124504978754_1 julio 2025 - 1 enero 2026.xlsx_2054,2000012880824634,2025-10-09,smaller_than_expected_fashion,44990.0,PAGO,1 julio 2025 - 1 enero 2026.xlsx,,,2026-05-27 15:01:20.503007,,ajustes,Ajuste por Talla/Garantía,False
ML,POS_124504969010_1 julio 2025 - 1 enero 2026.xlsx_2055,2000012880813858,2025-10-09,smaller_than_expected_fashion,34990.0,PAGO,1 julio 2025 - 1 enero 2026.xlsx,,,2026-05-27 15:01:20.503007,,ajustes,Ajuste por Talla/Garantía,False
ML,POS_125301695964_1 julio 2025 - 1 enero 2026.xlsx_2056,2000012957060422,2025-10-09,bigger_than_expected_fashion,31490.0,PAGO,1 julio 2025 - 1 enero 2026.xlsx,,,2026-05-27 15:01:20.503007,,ajustes,Ajuste por Talla/Garantía,False
ML,POS_124532100841_1 julio 2025 - 1 enero 2026.xlsx_2057,2000012936802106,2025-10-09,bigger_than_expected_fashion,27990.0,PAGO,1 julio 2025 - 1 enero 2026.xlsx,,,2026-05-27 15:01:20.503007,,ajustes,Ajuste por Talla/Garantía,False
ML,POS_124116144217_1 julio 2025 - 1 enero 2026.xlsx_2068,2000012897916552,2025-08-09,different_color_or_size_fashion,19990.0,PAGO,1 julio 2025 - 1 enero 2026.xlsx,,,2026-05-27 15:01:20.503007,,ajustes,Ajuste por Diferencia de Publicación,True
ML,POS_124762566871_1 julio 2025 - 1 enero 2026.xlsx_2069,2000012958192662,2025-08-09,smaller_than_expected_fashion,44990.0,PAGO,1 julio 2025 - 1 enero 2026.xlsx,,,2026-05-27 15:01:20.503007,,ajustes,Ajuste por Talla/Garantía,False
ML,POS_125309331782_1 julio 2025 - 1 enero 2026.xlsx_2070,2000012958192660,2025-08-09,smaller_than_expected_fashion,49990.0,PAGO,1 julio 2025 - 1 enero 2026.xlsx,,,2026-05-27 15:01:20.503007,,ajustes,Ajuste por Talla/Garantía,False
ML,POS_124992232068_1 julio 2025 - 1 enero 2026.xlsx_2071,2000012930110858,2025-08-09,bigger_than_expected_fashion,33990.0,PAGO,1 julio 2025 - 1 enero 2026.xlsx,,,2026-05-27 15:01:20.503007,,ajustes,Ajuste por Talla/Garantía,False
ML,POS_123576006681_1 julio 2025 - 1 enero 2026.xlsx_2072,2000012843909240,2025-08-09,smaller_than_expected_fashion,34990.0,PAGO,1 julio 2025 - 1 enero 2026.xlsx,,,2026-05-27 15:01:20.503007,,ajustes,Ajuste por Talla/Garantía,False
ML,POS_125305381692_1 julio 2025 - 1 enero 2026.xlsx_2073,2000012957576326,2025-08-09,undelivered_repentant_buyer,44990.0,PAGO,1 julio 2025 - 1 enero 2026.xlsx,,,2026-05-27 15:01:20.503007,,ajustes,Ajuste por Arrepentimiento,True
ML,POS_124677842353_1 julio 2025 - 1 enero 2026.xlsx_2074,2000012948759936,2025-07-09,unauthorized_purchase,26990.0,PAGO,1 julio 2025 - 1 enero 2026.xlsx,,,2026-05-27 15:01:20.503007,,ajustes,Ajuste por Disputa no Respondida,True
ML,POS_124861180910_1 julio 2025 - 1 enero 2026.xlsx_2075,2000012918403168,2025-07-09,smaller_than_expected_fashion,14990.0,PAGO,1 julio 2025 - 1 enero 2026.xlsx,,,2026-05-27 15:01:20.503007,,ajustes,Ajuste por Talla/Garantía,False
ML,POS_124740035450_1 julio 2025 - 1 enero 2026.xlsx_2076,2000012906206132,2025-07-09,bigger_than_expected_fashion,26990.0,PAGO,1 julio 2025 - 1 enero 2026.xlsx,,,2026-05-27 15:01:20.503007,,ajustes,Ajuste por Talla/Garantía,False
ML,POS_123846840888_1 julio 2025 - 1 enero 2026.xlsx_2077,2000012816913456,2025-07-09,different_color_or_size_fashion,26990.0,PAGO,1 julio 2025 - 1 enero 2026.xlsx,,,2026-05-27 15:01:20.503007,,ajustes,Ajuste por Diferencia de Publicación,True
ML,POS_125210686034_1 julio 2025 - 1 enero 2026.xlsx_2078,2000012947521244,2025-06-09,undelivered_repentant_buyer,23990.0,PAGO,1 julio 2025 - 1 enero 2026.xlsx,,,2026-05-27 15:01:20.503007,,ajustes,Ajuste por Arrepentimiento,True
ML,POS_124972021256_1 julio 2025 - 1 enero 2026.xlsx_2079,2000012928414296,2025-06-09,broken_item_fashion,37990.0,PAGO,1 julio 2025 - 1 enero 2026.xlsx,,,2026-05-27 15:01:20.503007,,ajustes,Ajuste por Producto Dañado/Vacío,False
ML,POS_123770904421_1 julio 2025 - 1 enero 2026.xlsx_2083,2000012860686868,2025-06-09,bigger_than_expected_fashion,28000.0,PAGO,1 julio 2025 - 1 enero 2026.xlsx,,,2026-05-27 15:01:20.503007,,ajustes,Ajuste por Talla/Garantía,False
ML,POS_124312526930_1 julio 2025 - 1 enero 2026.xlsx_2084,2000012860686868,2025-06-09,bigger_than_expected_fashion,5990.0,PAGO,1 julio 2025 - 1 enero 2026.xlsx,,,2026-05-27 15:01:20.503007,,ajustes,Ajuste por Talla/Garantía,False
ML,POS_124335958253_1 julio 2025 - 1 enero 2026.xlsx_2085,2000012920697012,2025-06-09,smaller_than_expected_fashion,33990.0,PAGO,1 julio 2025 - 1 enero 2026.xlsx,,,2026-05-27 15:01:20.503007,,ajustes,Ajuste por Talla/Garantía,False
ML,POS_124446474457_1 julio 2025 - 1 enero 2026.xlsx_2086,2000012930088736,2025-06-09,bigger_than_expected_fashion,19990.0,PAGO,1 julio 2025 - 1 enero 2026.xlsx,,,2026-05-27 15:01:20.503007,,ajustes,Ajuste por Talla/Garantía,False
ML,POS_124918572772_1 julio 2025 - 1 enero 2026.xlsx_2087,2000012924078864,2025-06-09,smaller_than_expected_fashion,21990.0,PAGO,1 julio 2025 - 1 enero 2026.xlsx,,,2026-05-27 15:01:20.503007,,ajustes,Ajuste por Talla/Garantía,False
ML,POS_124805690262_1 julio 2025 - 1 enero 2026.xlsx_2088,2000012913824394,2025-06-09,bigger_than_expected_fashion,42990.0,PAGO,1 julio 2025 - 1 enero 2026.xlsx,,,2026-05-27 15:01:20.503007,,ajustes,Ajuste por Talla/Garantía,False
ML,POS_124397824752_1 julio 2025 - 1 enero 2026.xlsx_2089,2000012870233212,2025-06-09,bigger_than_expected_fashion,48990.0,PAGO,1 julio 2025 - 1 enero 2026.xlsx,,,2026-05-27 15:01:20.503007,,ajustes,Ajuste por Talla/Garantía,False
ML,POS_124324580040_1 julio 2025 - 1 enero 2026.xlsx_2090,2000012861951734,2025-06-09,bigger_than_expected_fashion,41990.0,PAGO,1 julio 2025 - 1 enero 2026.xlsx,,,2026-05-27 15:01:20.503007,,ajustes,Ajuste por Talla/Garantía,False
ML,POS_124250037005_1 julio 2025 - 1 enero 2026.xlsx_2091,2000012912406008,2025-06-09,smaller_than_expected_fashion,39990.0,PAGO,1 julio 2025 - 1 enero 2026.xlsx,,,2026-05-27 15:01:20.503007,,ajustes,Ajuste por Talla/Garantía,False
ML,POS_124246406985_1 julio 2025 - 1 enero 2026.xlsx_2092,2000012911831766,2025-06-09,dont_want_it_another_cause_fashion,29990.0,PAGO,1 julio 2025 - 1 enero 2026.xlsx,,,2026-05-27 15:01:20.503007,,ajustes,Ajuste por Arrepentimiento,True
ML,POS_125111093590_1 julio 2025 - 1 enero 2026.xlsx_2093,2000012921283790,2025-06-09,undelivered_other,26990.0,PAGO,1 julio 2025 - 1 enero 2026.xlsx,,,2026-05-27 15:01:20.503007,,ajustes,Ajuste por Falla en Entrega,True
ML,POS_124524619463_1 julio 2025 - 1 enero 2026.xlsx_2094,2000012936176968,2025-05-09,unauthorized_purchase,39990.0,PAGO,1 julio 2025 - 1 enero 2026.xlsx,,,2026-05-27 15:01:20.503007,,ajustes,Ajuste por Disputa no Respondida,True
ML,POS_121881454161_1 julio 2025 - 1 enero 2026.xlsx_2095,2000012675634150,2025-05-09,bigger_than_expected_fashion,43990.0,PAGO,1 julio 2025 - 1 enero 2026.xlsx,,,2026-05-27 15:01:20.503007,,ajustes,Ajuste por Talla/Garantía,False
ML,POS_124720785264_1 julio 2025 - 1 enero 2026.xlsx_2096,2000012903833802,2025-05-09,bigger_than_expected_fashion,24990.0,PAGO,1 julio 2025 - 1 enero 2026.xlsx,,,2026-05-27 15:01:20.503007,,ajustes,Ajuste por Talla/Garantía,False
ML,POS_123994969197_1 julio 2025 - 1 enero 2026.xlsx_2097,2000012885121384,2025-05-09,bigger_than_expected_fashion,23990.0,PAGO,1 julio 2025 - 1 enero 2026.xlsx,,,2026-05-27 15:01:20.503007,,ajustes,Ajuste por Talla/Garantía,False
ML,POS_124388730445_1 julio 2025 - 1 enero 2026.xlsx_2098,2000012926226516,2025-05-09,smaller_than_expected_fashion,35990.0,PAGO,1 julio 2025 - 1 enero 2026.xlsx,,,2026-05-27 15:01:20.503007,,ajustes,Ajuste por Talla/Garantía,False
ML,POS_124933851480_1 julio 2025 - 1 enero 2026.xlsx_2099,2000012926225026,2025-05-09,smaller_than_expected_fashion,28990.0,PAGO,1 julio 2025 - 1 enero 2026.xlsx,,,2026-05-27 15:01:20.503007,,ajustes,Ajuste por Talla/Garantía,False
ML,POS_123852863145_1 julio 2025 - 1 enero 2026.xlsx_2100,2000012869844422,2025-05-09,smaller_than_expected_fashion,31990.0,PAGO,1 julio 2025 - 1 enero 2026.xlsx,,,2026-05-27 15:01:20.503007,,ajustes,Ajuste por Talla/Garantía,False
ML,POS_124876750182_1 julio 2025 - 1 enero 2026.xlsx_2101,2000012920229384,2025-05-09,smaller_than_expected_fashion,35990.0,PAGO,1 julio 2025 - 1 enero 2026.xlsx,,,2026-05-27 15:01:20.503007,,ajustes,Ajuste por Talla/Garantía,False
ML,POS_124029110413_1 julio 2025 - 1 enero 2026.xlsx_2102,2000012888443612,2025-05-09,bigger_than_expected_fashion,31490.0,PAGO,1 julio 2025 - 1 enero 2026.xlsx,,,2026-05-27 15:01:20.503007,,ajustes,Ajuste por Talla/Garantía,False
ML,POS_123223418191_1 julio 2025 - 1 enero 2026.xlsx_2103,2000012808720560,2025-05-09,bigger_than_expected_fashion,41990.0,PAGO,1 julio 2025 - 1 enero 2026.xlsx,,,2026-05-27 15:01:20.503007,,ajustes,Ajuste por Talla/Garantía,False
ML,POS_124538344686_1 julio 2025 - 1 enero 2026.xlsx_2104,2000012885260562,2025-04-09,smaller_than_expected_fashion,23990.0,PAGO,1 julio 2025 - 1 enero 2026.xlsx,,,2026-05-27 15:01:20.503007,,ajustes,Ajuste por Talla/Garantía,False
ML,POS_124538319176_1 julio 2025 - 1 enero 2026.xlsx_2105,2000012885255374,2025-04-09,smaller_than_expected_fashion,25990.0,PAGO,1 julio 2025 - 1 enero 2026.xlsx,,,2026-05-27 15:01:20.503007,,ajustes,Ajuste por Talla/Garantía,False
ML,POS_120654362029_1 julio 2025 - 1 enero 2026.xlsx_2106,2000012557328434,2025-04-09,bigger_than_expected_fashion,39990.0,PAGO,1 julio 2025 - 1 enero 2026.xlsx,,,2026-05-27 15:01:20.503007,,ajustes,Ajuste por Talla/Garantía,False
ML,POS_124648007808_1 julio 2025 - 1 enero 2026.xlsx_2107,2000012896279710,2025-04-09,smaller_than_expected_fashion,21990.0,PAGO,1 julio 2025 - 1 enero 2026.xlsx,,,2026-05-27 15:01:20.503007,,ajustes,Ajuste por Talla/Garantía,False
ML,POS_124232053469_1 julio 2025 - 1 enero 2026.xlsx_2108,2000012909980012,2025-04-09,dont_want_it_another_cause_fashion,49990.0,PAGO,1 julio 2025 - 1 enero 2026.xlsx,,,2026-05-27 15:01:20.503007,,ajustes,Ajuste por Arrepentimiento,True
ML,POS_124111336816_1 julio 2025 - 1 enero 2026.xlsx_2109,2000012843455028,2025-04-09,smaller_than_expected_fashion,23617.0,PAGO,1 julio 2025 - 1 enero 2026.xlsx,,,2026-05-27 15:01:20.503007,,ajustes,Ajuste por Talla/Garantía,False
ML,POS_124399177068_1 julio 2025 - 1 enero 2026.xlsx_2110,2000012870443446,2025-04-09,bigger_than_expected_fashion,33990.0,PAGO,1 julio 2025 - 1 enero 2026.xlsx,,,2026-05-27 15:01:20.503007,,ajustes,Ajuste por Talla/Garantía,False
ML,POS_123840544437_1 julio 2025 - 1 enero 2026.xlsx_2111,2000012868244846,2025-04-09,bigger_than_expected_fashion,33990.0,PAGO,1 julio 2025 - 1 enero 2026.xlsx,,,2026-05-27 15:01:20.503007,,ajustes,Ajuste por Talla/Garantía,False
ML,POS_123758154417_1 julio 2025 - 1 enero 2026.xlsx_2112,2000012859580136,2025-04-09,not_match_size_guide_fashion,41990.0,PAGO,1 julio 2025 - 1 enero 2026.xlsx,,,2026-05-27 15:01:20.503007,,ajustes,Ajuste por Talla/Garantía,True
ML,POS_124658755468_1 julio 2025 - 1 enero 2026.xlsx_2113,2000012897762934,2025-04-09,bigger_than_expected_fashion,41990.0,PAGO,1 julio 2025 - 1 enero 2026.xlsx,,,2026-05-27 15:01:20.503007,,ajustes,Ajuste por Talla/Garantía,False
ML,POS_123528474367_1 julio 2025 - 1 enero 2026.xlsx_2114,2000012840651990,2025-03-09,different_color_or_size_fashion,37990.0,PAGO,1 julio 2025 - 1 enero 2026.xlsx,,,2026-05-27 15:01:20.503007,,ajustes,Ajuste por Diferencia de Publicación,True
ML,POS_124317235318_1 julio 2025 - 1 enero 2026.xlsx_2115,2000012861174700,2025-03-09,bigger_than_expected_fashion,39990.0,PAGO,1 julio 2025 - 1 enero 2026.xlsx,,,2026-05-27 15:01:20.503007,,ajustes,Ajuste por Talla/Garantía,False
ML,POS_123775314095_1 julio 2025 - 1 enero 2026.xlsx_2116,2000012861170898,2025-03-09,bigger_than_expected_fashion,42990.0,PAGO,1 julio 2025 - 1 enero 2026.xlsx,,,2026-05-27 15:01:20.503007,,ajustes,Ajuste por Talla/Garantía,False
ML,POS_123767673907_1 julio 2025 - 1 enero 2026.xlsx_2117,2000012860387488,2025-03-09,bigger_than_expected_fashion,39990.0,PAGO,1 julio 2025 - 1 enero 2026.xlsx,,,2026-05-27 15:01:20.503007,,ajustes,Ajuste por Talla/Garantía,False
ML,POS_122191288255_1 julio 2025 - 1 enero 2026.xlsx_2118,2000012703760424,2025-03-09,smaller_than_expected_fashion,29990.0,PAGO,1 julio 2025 - 1 enero 2026.xlsx,,,2026-05-27 15:01:20.503007,,ajustes,Ajuste por Talla/Garantía,False
ML,POS_123204797107_1 julio 2025 - 1 enero 2026.xlsx_2119,2000012806500704,2025-03-09,bigger_than_expected_fashion,39990.0,PAGO,1 julio 2025 - 1 enero 2026.xlsx,,,2026-05-27 15:01:20.503007,,ajustes,Ajuste por Talla/Garantía,False
ML,POS_124317466598_1 julio 2025 - 1 enero 2026.xlsx_2120,2000012861169628,2025-03-09,bigger_than_expected_fashion,41990.0,PAGO,1 julio 2025 - 1 enero 2026.xlsx,,,2026-05-27 15:01:20.503007,,ajustes,Ajuste por Talla/Garantía,False
ML,POS_124317279518_1 julio 2025 - 1 enero 2026.xlsx_2121,2000012861172912,2025-03-09,bigger_than_expected_fashion,39990.0,PAGO,1 julio 2025 - 1 enero 2026.xlsx,,,2026-05-27 15:01:20.503007,,ajustes,Ajuste por Talla/Garantía,False
ML,POS_124370320292_1 julio 2025 - 1 enero 2026.xlsx_2122,2000012866676220,2025-03-09,different_color_or_size_fashion,49990.0,PAGO,1 julio 2025 - 1 enero 2026.xlsx,,,2026-05-27 15:01:20.503007,,ajustes,Ajuste por Diferencia de Publicación,True
ML,POS_123798173871_1 julio 2025 - 1 enero 2026.xlsx_2123,2000012863420062,2025-03-09,broken_item_fashion,27990.0,PAGO,1 julio 2025 - 1 enero 2026.xlsx,,,2026-05-27 15:01:20.503007,,ajustes,Ajuste por Producto Dañado/Vacío,False
ML,POS_124363491404_1 julio 2025 - 1 enero 2026.xlsx_2124,2000012865798284,2025-03-09,bigger_than_expected_fashion,35990.0,PAGO,1 julio 2025 - 1 enero 2026.xlsx,,,2026-05-27 15:01:20.503007,,ajustes,Ajuste por Talla/Garantía,False
ML,POS_123997153897_1 julio 2025 - 1 enero 2026.xlsx_2125,2000012885568314,2025-03-09,bigger_than_expected_fashion,19990.0,PAGO,1 julio 2025 - 1 enero 2026.xlsx,,,2026-05-27 15:01:20.503007,,ajustes,Ajuste por Talla/Garantía,False
ML,POS_124689314004_1 julio 2025 - 1 enero 2026.xlsx_2126,2000012900641586,2025-03-09,undelivered_repentant_buyer,39990.0,PAGO,1 julio 2025 - 1 enero 2026.xlsx,,,2026-05-27 15:01:20.503007,,ajustes,Ajuste por Arrepentimiento,True
ML,POS_123443352766_1 julio 2025 - 1 enero 2026.xlsx_2127,2000012776037912,2025-02-09,bigger_than_expected_fashion,26990.0,PAGO,1 julio 2025 - 1 enero 2026.xlsx,,,2026-05-27 15:01:20.503007,,ajustes,Ajuste por Talla/Garantía,False
ML,POS_124655307262_1 julio 2025 - 1 enero 2026.xlsx_2128,2000012897240444,2025-02-09,change_receiver_address,49990.0,PAGO,1 julio 2025 - 1 enero 2026.xlsx,,,2026-05-27 15:01:20.503007,,ajustes,Ajuste por Cambio de Dirección,True
ML,POS_123971862817_1 julio 2025 - 1 enero 2026.xlsx_2129,2000012881767760,2025-02-09,different_color_or_size_fashion,55990.0,PAGO,1 julio 2025 - 1 enero 2026.xlsx,,,2026-05-27 15:01:20.503007,,ajustes,Ajuste por Diferencia de Publicación,True
ML,POS_121120823210_1 julio 2025 - 1 enero 2026.xlsx_2130,2000012551022008,2025-02-09,bigger_than_expected_fashion,24990.0,PAGO,1 julio 2025 - 1 enero 2026.xlsx,,,2026-05-27 15:01:20.503007,,ajustes,Ajuste por Talla/Garantía,False
ML,POS_123690900395_1 julio 2025 - 1 enero 2026.xlsx_2131,2000012854166002,2025-02-09,smaller_than_expected_fashion,14990.0,PAGO,1 julio 2025 - 1 enero 2026.xlsx,,,2026-05-27 15:01:20.503007,,ajustes,Ajuste por Talla/Garantía,False
ML,POS_124490611470_1 julio 2025 - 1 enero 2026.xlsx_2132,2000012879313244,2025-02-09,estimated_delivery_out_of_time,47990.0,PAGO,1 julio 2025 - 1 enero 2026.xlsx,,,2026-05-27 15:01:20.503007,,ajustes,Ajuste por Retraso en Entrega,True
ML,POS_124309062488_1 julio 2025 - 1 enero 2026.xlsx_2133,2000012860356636,2025-02-09,bigger_than_expected_fashion,37990.0,PAGO,1 julio 2025 - 1 enero 2026.xlsx,,,2026-05-27 15:01:20.503007,,ajustes,Ajuste por Talla/Garantía,False
ML,POS_121876940319_1 julio 2025 - 1 enero 2026.xlsx_2134,2000012674931794,2025-01-09,bigger_than_expected_fashion,37990.0,PAGO,1 julio 2025 - 1 enero 2026.xlsx,,,2026-05-27 15:01:20.503007,,ajustes,Ajuste por Talla/Garantía,False
ML,POS_123710610707_1 julio 2025 - 1 enero 2026.xlsx_2135,2000012855632150,2025-01-09,bigger_than_expected_fashion,20990.0,PAGO,1 julio 2025 - 1 enero 2026.xlsx,,,2026-05-27 15:01:20.503007,,ajustes,Ajuste por Talla/Garantía,False
ML,POS_122629769655_1 julio 2025 - 1 enero 2026.xlsx_2136,2000012750644370,2025-01-09,broken_item_fashion,49990.0,PAGO,1 julio 2025 - 1 enero 2026.xlsx,,,2026-05-27 15:01:20.503007,,ajustes,Ajuste por Producto Dañado/Vacío,False
ML,POS_123569528497_1 julio 2025 - 1 enero 2026.xlsx_2137,2000012843372388,2025-01-09,smaller_than_expected_fashion,49990.0,PAGO,1 julio 2025 - 1 enero 2026.xlsx,,,2026-05-27 15:01:20.503007,,ajustes,Ajuste por Talla/Garantía,False
ML,POS_124032591320_1 julio 2025 - 1 enero 2026.xlsx_2138,2000012836484744,2025-01-09,bigger_than_expected_fashion,24990.0,PAGO,1 julio 2025 - 1 enero 2026.xlsx,,,2026-05-27 15:01:20.503007,,ajustes,Ajuste por Talla/Garantía,False
ML,POS_122073933008_1 julio 2025 - 1 enero 2026.xlsx_2139,2000012647007462,2025-01-09,dont_want_it_another_cause_fashion,21990.0,PAGO,1 julio 2025 - 1 enero 2026.xlsx,,,2026-05-27 15:01:20.503007,,ajustes,Ajuste por Arrepentimiento,True
ML,POS_124410387572_1 julio 2025 - 1 enero 2026.xlsx_2140,2000012872136720,2025-01-09,undelivered_repentant_buyer,25990.0,PAGO,1 julio 2025 - 1 enero 2026.xlsx,,,2026-05-27 15:01:20.503007,,ajustes,Ajuste por Arrepentimiento,True
ML,POS_121418124815_1 julio 2025 - 1 enero 2026.xlsx_2294,2000012632220454,2025-12-08,dont_want_it_another_cause_fashion,35990.0,PAGO,1 julio 2025 - 1 enero 2026.xlsx,,,2026-05-27 15:01:20.503007,,ajustes,Ajuste por Arrepentimiento,True
ML,POS_121271332081_1 julio 2025 - 1 enero 2026.xlsx_2295,2000012616242536,2025-12-08,bigger_than_expected_fashion,19984.0,PAGO,1 julio 2025 - 1 enero 2026.xlsx,,,2026-05-27 15:01:20.503007,,ajustes,Ajuste por Talla/Garantía,False
ML,POS_120857215183_1 julio 2025 - 1 enero 2026.xlsx_2296,2000012577468862,2025-12-08,bigger_than_expected_fashion,55990.0,PAGO,1 julio 2025 - 1 enero 2026.xlsx,,,2026-05-27 15:01:20.503007,,ajustes,Ajuste por Talla/Garantía,False
ML,POS_121788248834_1 julio 2025 - 1 enero 2026.xlsx_2297,2000012615569742,2025-12-08,item_not_useful_fashion_different_change,27990.0,PAGO,1 julio 2025 - 1 enero 2026.xlsx,,,2026-05-27 15:01:20.503007,,ajustes,Ajuste por Arrepentimiento,True
ML,POS_121788213482_1 julio 2025 - 1 enero 2026.xlsx_2298,2000012615569740,2025-12-08,item_not_useful_fashion_different_change,28990.0,PAGO,1 julio 2025 - 1 enero 2026.xlsx,,,2026-05-27 15:01:20.503007,,ajustes,Ajuste por Arrepentimiento,True
ML,POS_121265636841_1 julio 2025 - 1 enero 2026.xlsx_2299,2000012615573258,2025-12-08,bigger_than_expected_fashion,14990.0,PAGO,1 julio 2025 - 1 enero 2026.xlsx,,,2026-05-27 15:01:20.503007,,ajustes,Ajuste por Talla/Garantía,False
ML,POS_121847800464_1 julio 2025 - 1 enero 2026.xlsx_2300,2000012621128040,2025-12-08,smaller_than_expected_fashion,26990.0,PAGO,1 julio 2025 - 1 enero 2026.xlsx,,,2026-05-27 15:01:20.503007,,ajustes,Ajuste por Talla/Garantía,False
ML,POS_121769109768_1 julio 2025 - 1 enero 2026.xlsx_2301,2000012613358326,2025-12-08,smaller_than_expected_fashion,35990.0,PAGO,1 julio 2025 - 1 enero 2026.xlsx,,,2026-05-27 15:01:20.503007,,ajustes,Ajuste por Talla/Garantía,False
ML,POS_121604149386_1 julio 2025 - 1 enero 2026.xlsx_2302,2000012599697454,2025-12-08,different_color_or_size_fashion,44990.0,PAGO,1 julio 2025 - 1 enero 2026.xlsx,,,2026-05-27 15:01:20.503007,,ajustes,Ajuste por Diferencia de Publicación,True
ML,POS_121233720841_1 julio 2025 - 1 enero 2026.xlsx_2303,2000012612090292,2025-12-08,bigger_than_expected_fashion,19990.0,PAGO,1 julio 2025 - 1 enero 2026.xlsx,,,2026-05-27 15:01:20.503007,,ajustes,Ajuste por Talla/Garantía,False
ML,POS_121756496486_1 julio 2025 - 1 enero 2026.xlsx_2304,2000012612090292,2025-12-08,bigger_than_expected_fashion,19990.0,PAGO,1 julio 2025 - 1 enero 2026.xlsx,,,2026-05-27 15:01:20.503007,,ajustes,Ajuste por Talla/Garantía,False
ML,POS_121079297791_1 julio 2025 - 1 enero 2026.xlsx_2305,2000012599365968,2025-12-08,smaller_than_expected_fashion,28990.0,PAGO,1 julio 2025 - 1 enero 2026.xlsx,,,2026-05-27 15:01:20.503007,,ajustes,Ajuste por Talla/Garantía,False
ML,POS_121669755738_1 julio 2025 - 1 enero 2026.xlsx_2306,2000012605140966,2025-12-08,smaller_than_expected_fashion,55990.0,PAGO,1 julio 2025 - 1 enero 2026.xlsx,,,2026-05-27 15:01:20.503007,,ajustes,Ajuste por Talla/Garantía,False
ML,POS_119752142541_1 julio 2025 - 1 enero 2026.xlsx_2307,2000012463977642,2025-12-08,bigger_than_expected_fashion,28790.0,PAGO,1 julio 2025 - 1 enero 2026.xlsx,,,2026-05-27 15:01:20.503007,,ajustes,Ajuste por Talla/Garantía,False
ML,POS_121316428018_1 julio 2025 - 1 enero 2026.xlsx_2308,2000012572094242,2025-11-08,bigger_than_expected_fashion,37990.0,PAGO,1 julio 2025 - 1 enero 2026.xlsx,,,2026-05-27 15:01:20.503007,,ajustes,Ajuste por Talla/Garantía,False
ML,POS_120722946638_1 julio 2025 - 1 enero 2026.xlsx_2309,2000012510608198,2025-11-08,bigger_than_expected_fashion,27996.0,PAGO,1 julio 2025 - 1 enero 2026.xlsx,,,2026-05-27 15:01:20.503007,,ajustes,Ajuste por Talla/Garantía,False
ML,POS_120937938519_1 julio 2025 - 1 enero 2026.xlsx_2310,2000012586496080,2025-11-08,dont_want_it_another_cause_fashion,29990.0,PAGO,1 julio 2025 - 1 enero 2026.xlsx,,,2026-05-27 15:01:20.503007,,ajustes,Ajuste por Arrepentimiento,True
ML,POS_119806637710_1 julio 2025 - 1 enero 2026.xlsx_2311,2000012420054896,2025-11-08,bigger_than_expected_fashion,31990.0,PAGO,1 julio 2025 - 1 enero 2026.xlsx,,,2026-05-27 15:01:20.503007,,ajustes,Ajuste por Talla/Garantía,False
ML,POS_119804598176_1 julio 2025 - 1 enero 2026.xlsx_2312,2000012420054896,2025-11-08,bigger_than_expected_fashion,31990.0,PAGO,1 julio 2025 - 1 enero 2026.xlsx,,,2026-05-27 15:01:20.503007,,ajustes,Ajuste por Talla/Garantía,False
ML,POS_118883920960_1 julio 2025 - 1 enero 2026.xlsx_2313,2000012329770250,2025-11-08,bigger_than_expected_fashion,35990.0,PAGO,1 julio 2025 - 1 enero 2026.xlsx,,,2026-05-27 15:01:20.503007,,ajustes,Ajuste por Talla/Garantía,False
ML,POS_121439552902_1 julio 2025 - 1 enero 2026.xlsx_2314,2000012583788078,2025-11-08,bigger_than_expected_fashion,47990.0,PAGO,1 julio 2025 - 1 enero 2026.xlsx,,,2026-05-27 15:01:20.503007,,ajustes,Ajuste por Talla/Garantía,False
ML,POS_121315787256_1 julio 2025 - 1 enero 2026.xlsx_2315,2000012571994034,2025-11-08,smaller_than_expected_fashion,10000.0,PAGO,1 julio 2025 - 1 enero 2026.xlsx,,,2026-05-27 15:01:20.503007,,ajustes,Ajuste por Talla/Garantía,False
ML,POS_120795625711_1 julio 2025 - 1 enero 2026.xlsx_2316,2000012571994034,2025-11-08,smaller_than_expected_fashion,11280.0,PAGO,1 julio 2025 - 1 enero 2026.xlsx,,,2026-05-27 15:01:20.503007,,ajustes,Ajuste por Talla/Garantía,False
ML,POS_119681810973_1 julio 2025 - 1 enero 2026.xlsx_2317,2000012456223516,2025-11-08,bigger_than_expected_fashion,24143.0,PAGO,1 julio 2025 - 1 enero 2026.xlsx,,,2026-05-27 15:01:20.503007,,ajustes,Ajuste por Talla/Garantía,False
ML,POS_120983392595_1 julio 2025 - 1 enero 2026.xlsx_2318,2000012590015004,2025-11-08,bigger_than_expected_fashion,33990.0,PAGO,1 julio 2025 - 1 enero 2026.xlsx,,,2026-05-27 15:01:20.503007,,ajustes,Ajuste por Talla/Garantía,False
ML,POS_121857380286_1 julio 2025 - 1 enero 2026.xlsx_2319,2000012622095470,2025-11-08,undelivered_repentant_buyer,31990.0,PAGO,1 julio 2025 - 1 enero 2026.xlsx,,,2026-05-27 15:01:20.503007,,ajustes,Ajuste por Arrepentimiento,True
ML,POS_120897694164_1 julio 2025 - 1 enero 2026.xlsx_2320,2000012526719076,2025-11-08,bigger_than_expected_fashion,27996.0,PAGO,1 julio 2025 - 1 enero 2026.xlsx,,,2026-05-27 15:01:20.503007,,ajustes,Ajuste por Talla/Garantía,False
ML,POS_121077558967_1 julio 2025 - 1 enero 2026.xlsx_2321,2000012599205282,2025-11-08,bigger_than_expected_fashion,34990.0,PAGO,1 julio 2025 - 1 enero 2026.xlsx,,,2026-05-27 15:01:20.503007,,ajustes,Ajuste por Talla/Garantía,False
ML,POS_121175167660_1 julio 2025 - 1 enero 2026.xlsx_2322,2000012557543750,2025-11-08,bigger_than_expected_fashion,37990.0,PAGO,1 julio 2025 - 1 enero 2026.xlsx,,,2026-05-27 15:01:20.503007,,ajustes,Ajuste por Talla/Garantía,False
ML,POS_120655799035_1 julio 2025 - 1 enero 2026.xlsx_2323,2000012557543750,2025-11-08,bigger_than_expected_fashion,37990.0,PAGO,1 julio 2025 - 1 enero 2026.xlsx,,,2026-05-27 15:01:20.503007,,ajustes,Ajuste por Talla/Garantía,False
ML,POS_120146579224_1 julio 2025 - 1 enero 2026.xlsx_2324,2000012450238932,2025-10-08,bigger_than_expected_fashion,13690.0,PAGO,1 julio 2025 - 1 enero 2026.xlsx,,,2026-05-27 15:01:20.503007,,ajustes,Ajuste por Talla/Garantía,False
ML,POS_120808959860_1 julio 2025 - 1 enero 2026.xlsx_2325,2000012517737782,2025-10-08,dont_want_it_another_cause_fashion,28790.0,PAGO,1 julio 2025 - 1 enero 2026.xlsx,,,2026-05-27 15:01:20.503007,,ajustes,Ajuste por Arrepentimiento,True
ML,POS_121217449307_1 julio 2025 - 1 enero 2026.xlsx_2326,2000012610806334,2025-10-08,undelivered_repentant_buyer,29990.0,PAGO,1 julio 2025 - 1 enero 2026.xlsx,,,2026-05-27 15:01:20.503007,,ajustes,Ajuste por Arrepentimiento,True
ML,POS_121744529330_1 julio 2025 - 1 enero 2026.xlsx_2327,2000012611157582,2025-10-08,undelivered_repentant_buyer,29990.0,PAGO,1 julio 2025 - 1 enero 2026.xlsx,,,2026-05-27 15:01:20.503007,,ajustes,Ajuste por Arrepentimiento,True
ML,POS_120719149243_1 julio 2025 - 1 enero 2026.xlsx_2328,2000012563351366,2025-10-08,smaller_than_expected_fashion,16000.0,PAGO,1 julio 2025 - 1 enero 2026.xlsx,,,2026-05-27 15:01:20.503007,,ajustes,Ajuste por Talla/Garantía,False
ML,POS_120719133351_1 julio 2025 - 1 enero 2026.xlsx_2330,2000012563351366,2025-10-08,smaller_than_expected_fashion,15490.0,PAGO,1 julio 2025 - 1 enero 2026.xlsx,,,2026-05-27 15:01:20.503007,,ajustes,Ajuste por Talla/Garantía,False
ML,POS_120168559813_1 julio 2025 - 1 enero 2026.xlsx_2331,2000012507115214,2025-10-08,bigger_than_expected_fashion,17490.0,PAGO,1 julio 2025 - 1 enero 2026.xlsx,,,2026-05-27 15:01:20.503007,,ajustes,Ajuste por Talla/Garantía,False
ML,POS_120168706725_1 julio 2025 - 1 enero 2026.xlsx_2332,2000012507115214,2025-10-08,bigger_than_expected_fashion,5000.0,PAGO,1 julio 2025 - 1 enero 2026.xlsx,,,2026-05-27 15:01:20.503007,,ajustes,Ajuste por Talla/Garantía,False
ML,POS_120571135984_1 julio 2025 - 1 enero 2026.xlsx_2333,2000012496951672,2025-10-08,smaller_than_expected_fashion,53990.0,PAGO,1 julio 2025 - 1 enero 2026.xlsx,,,2026-05-27 15:01:20.503007,,ajustes,Ajuste por Talla/Garantía,False
ML,POS_121292882270_1 julio 2025 - 1 enero 2026.xlsx_2334,2000012569003558,2025-09-08,smaller_than_expected_fashion,34990.0,PAGO,1 julio 2025 - 1 enero 2026.xlsx,,,2026-05-27 15:01:20.503007,,ajustes,Ajuste por Talla/Garantía,False
ML,POS_120964528133_1 julio 2025 - 1 enero 2026.xlsx_2335,2000012588098134,2025-09-08,bigger_than_expected_fashion,39990.0,PAGO,1 julio 2025 - 1 enero 2026.xlsx,,,2026-05-27 15:01:20.503007,,ajustes,Ajuste por Talla/Garantía,False
ML,POS_120169579413_1 julio 2025 - 1 enero 2026.xlsx_2336,2000012507208832,2025-09-08,bigger_than_expected_fashion,22490.0,PAGO,1 julio 2025 - 1 enero 2026.xlsx,,,2026-05-27 15:01:20.503007,,ajustes,Ajuste por Talla/Garantía,False
ML,POS_121570909736_1 julio 2025 - 1 enero 2026.xlsx_2337,2000012596500750,2025-09-08,undelivered_repentant_buyer,21990.0,PAGO,1 julio 2025 - 1 enero 2026.xlsx,,,2026-05-27 15:01:20.503007,,ajustes,Ajuste por Arrepentimiento,True
ML,POS_120561429617_1 julio 2025 - 1 enero 2026.xlsx_2338,2000012546324078,2025-09-08,different_than_published,49990.0,PAGO,1 julio 2025 - 1 enero 2026.xlsx,,,2026-05-27 15:01:20.503007,,ajustes,Ajuste por Diferencia de Publicación,True
ML,POS_121209519598_1 julio 2025 - 1 enero 2026.xlsx_2350,2000012560235338,2025-07-08,different_color_or_size_fashion_change,35990.0,PAGO,1 julio 2025 - 1 enero 2026.xlsx,,,2026-05-27 15:01:20.503007,,ajustes,Ajuste por Diferencia de Publicación,True
ML,POS_119661843849_1 julio 2025 - 1 enero 2026.xlsx_2351,2000012453841062,2025-07-08,smaller_than_expected_fashion,29694.0,PAGO,1 julio 2025 - 1 enero 2026.xlsx,,,2026-05-27 15:01:20.503007,,ajustes,Ajuste por Talla/Garantía,False
ML,POS_121181031036_1 julio 2025 - 1 enero 2026.xlsx_2352,2000012558469066,2025-07-08,bigger_than_expected_fashion,33990.0,PAGO,1 julio 2025 - 1 enero 2026.xlsx,,,2026-05-27 15:01:20.503007,,ajustes,Ajuste por Talla/Garantía,False
ML,POS_120760768013_1 julio 2025 - 1 enero 2026.xlsx_2353,2000012567939118,2025-07-08,bigger_than_expected_fashion,34990.0,PAGO,1 julio 2025 - 1 enero 2026.xlsx,,,2026-05-27 15:01:20.503007,,ajustes,Ajuste por Talla/Garantía,False
ML,POS_120657879298_1 julio 2025 - 1 enero 2026.xlsx_2354,2000012504815524,2025-07-08,bigger_than_expected_fashion,26290.0,PAGO,1 julio 2025 - 1 enero 2026.xlsx,,,2026-05-27 15:01:20.503007,,ajustes,Ajuste por Talla/Garantía,False
ML,POS_121409450912_1 julio 2025 - 1 enero 2026.xlsx_2355,2000012581055272,2025-07-08,undelivered_repentant_buyer,31490.0,PAGO,1 julio 2025 - 1 enero 2026.xlsx,,,2026-05-27 15:01:20.503007,,ajustes,Ajuste por Arrepentimiento,True
ML,POS_121318308678_1 julio 2025 - 1 enero 2026.xlsx_2356,2000012572369386,2025-07-08,bigger_than_expected_fashion,24990.0,PAGO,1 julio 2025 - 1 enero 2026.xlsx,,,2026-05-27 15:01:20.503007,,ajustes,Ajuste por Talla/Garantía,False
ML,POS_120687198145_1 julio 2025 - 1 enero 2026.xlsx_2357,2000012559984154,2025-07-08,bigger_than_expected_fashion,34990.0,PAGO,1 julio 2025 - 1 enero 2026.xlsx,,,2026-05-27 15:01:20.503007,,ajustes,Ajuste por Talla/Garantía,False
ML,POS_121160437388_1 julio 2025 - 1 enero 2026.xlsx_2358,2000012555330820,2025-07-08,bigger_than_expected_fashion,8500.0,PAGO,1 julio 2025 - 1 enero 2026.xlsx,,,2026-05-27 15:01:20.503007,,ajustes,Ajuste por Talla/Garantía,False
ML,POS_120641009741_1 julio 2025 - 1 enero 2026.xlsx_2359,2000012555330820,2025-07-08,bigger_than_expected_fashion,22990.0,PAGO,1 julio 2025 - 1 enero 2026.xlsx,,,2026-05-27 15:01:20.503007,,ajustes,Ajuste por Talla/Garantía,False
ML,POS_120634500025_1 julio 2025 - 1 enero 2026.xlsx_2360,2000012554546618,2025-07-08,bigger_than_expected_fashion,47990.0,PAGO,1 julio 2025 - 1 enero 2026.xlsx,,,2026-05-27 15:01:20.503007,,ajustes,Ajuste por Talla/Garantía,False
ML,POS_121053135628_1 julio 2025 - 1 enero 2026.xlsx_2361,2000012544712656,2025-07-08,bigger_than_expected_fashion,34990.0,PAGO,1 julio 2025 - 1 enero 2026.xlsx,,,2026-05-27 15:01:20.503007,,ajustes,Ajuste por Talla/Garantía,False
ML,POS_120901062318_1 julio 2025 - 1 enero 2026.xlsx_2362,2000012527100994,2025-07-08,smaller_than_expected_fashion,12490.0,PAGO,1 julio 2025 - 1 enero 2026.xlsx,,,2026-05-27 15:01:20.503007,,ajustes,Ajuste por Talla/Garantía,False
ML,POS_120901080156_1 julio 2025 - 1 enero 2026.xlsx_2363,2000012527100994,2025-07-08,smaller_than_expected_fashion,12490.0,PAGO,1 julio 2025 - 1 enero 2026.xlsx,,,2026-05-27 15:01:20.503007,,ajustes,Ajuste por Talla/Garantía,False
ML,POS_119501918985_1 julio 2025 - 1 enero 2026.xlsx_2364,2000012437203370,2025-07-08,broken_item_fashion,49990.0,PAGO,1 julio 2025 - 1 enero 2026.xlsx,,,2026-05-27 15:01:20.503007,,ajustes,Ajuste por Producto Dañado/Vacío,False
ML,POS_120581038140_1 julio 2025 - 1 enero 2026.xlsx_2365,2000012498363064,2025-07-08,bigger_than_expected_fashion,23390.0,PAGO,1 julio 2025 - 1 enero 2026.xlsx,,,2026-05-27 15:01:20.503007,,ajustes,Ajuste por Talla/Garantía,False
ML,POS_120917601914_1 julio 2025 - 1 enero 2026.xlsx_2366,2000012529496534,2025-07-08,different_color_or_size_fashion,32990.0,PAGO,1 julio 2025 - 1 enero 2026.xlsx,,,2026-05-27 15:01:20.503007,,ajustes,Ajuste por Diferencia de Publicación,True
ML,POS_120917746428_1 julio 2025 - 1 enero 2026.xlsx_2367,2000012529496534,2025-07-08,different_color_or_size_fashion,32990.0,PAGO,1 julio 2025 - 1 enero 2026.xlsx,,,2026-05-27 15:01:20.503007,,ajustes,Ajuste por Diferencia de Publicación,True
ML,POS_120400377879_1 julio 2025 - 1 enero 2026.xlsx_2368,2000012529496534,2025-07-08,different_color_or_size_fashion,32990.0,PAGO,1 julio 2025 - 1 enero 2026.xlsx,,,2026-05-27 15:01:20.503007,,ajustes,Ajuste por Diferencia de Publicación,True
ML,POS_120292317587_1 julio 2025 - 1 enero 2026.xlsx_2369,2000012517798894,2025-07-08,bigger_than_expected_fashion,38990.0,PAGO,1 julio 2025 - 1 enero 2026.xlsx,,,2026-05-27 15:01:20.503007,,ajustes,Ajuste por Talla/Garantía,False
ML,POS_120245536905_1 julio 2025 - 1 enero 2026.xlsx_2370,2000012513946154,2025-06-08,bigger_than_expected_fashion,33054.0,PAGO,1 julio 2025 - 1 enero 2026.xlsx,,,2026-05-27 15:01:20.503007,,ajustes,Ajuste por Talla/Garantía,False
ML,POS_120663806704_1 julio 2025 - 1 enero 2026.xlsx_2371,2000012505416312,2025-06-08,bigger_than_expected_fashion,17490.0,PAGO,1 julio 2025 - 1 enero 2026.xlsx,,,2026-05-27 15:01:20.503007,,ajustes,Ajuste por Talla/Garantía,False
ML,POS_120146987407_1 julio 2025 - 1 enero 2026.xlsx_2372,nan,2025-06-08,bigger_than_expected_fashion,2891.0,PAGO,1 julio 2025 - 1 enero 2026.xlsx,,,2026-05-27 15:01:20.503007,,ajustes,Ajuste por Talla/Garantía,False
ML,POS_120663597974_1 julio 2025 - 1 enero 2026.xlsx_2373,2000012505416310,2025-06-08,bigger_than_expected_fashion,17490.0,PAGO,1 julio 2025 - 1 enero 2026.xlsx,,,2026-05-27 15:01:20.503007,,ajustes,Ajuste por Talla/Garantía,False
ML,POS_120598758327_1 julio 2025 - 1 enero 2026.xlsx_2374,2000012550660814,2025-06-08,different_color_or_size_fashion,31490.0,PAGO,1 julio 2025 - 1 enero 2026.xlsx,,,2026-05-27 15:01:20.503007,,ajustes,Ajuste por Diferencia de Publicación,True
ML,POS_120247122349_1 julio 2025 - 1 enero 2026.xlsx_2375,2000012514045110,2025-06-08,different_color_or_size_fashion,27996.0,PAGO,1 julio 2025 - 1 enero 2026.xlsx,,,2026-05-27 15:01:20.503007,,ajustes,Ajuste por Diferencia de Publicación,True
ML,POS_118705945876_1 julio 2025 - 1 enero 2026.xlsx_2376,2000012308746582,2025-06-08,bigger_than_expected_fashion,55990.0,PAGO,1 julio 2025 - 1 enero 2026.xlsx,,,2026-05-27 15:01:20.503007,,ajustes,Ajuste por Talla/Garantía,False
ML,POS_120181702317_1 julio 2025 - 1 enero 2026.xlsx_2377,2000012508117032,2025-06-08,bigger_than_expected_fashion,22490.0,PAGO,1 julio 2025 - 1 enero 2026.xlsx,,,2026-05-27 15:01:20.503007,,ajustes,Ajuste por Talla/Garantía,False
ML,POS_120545489902_1 julio 2025 - 1 enero 2026.xlsx_2378,2000012494326166,2025-06-08,dont_want_it_another_cause_fashion,27890.0,PAGO,1 julio 2025 - 1 enero 2026.xlsx,,,2026-05-27 15:01:20.503007,,ajustes,Ajuste por Arrepentimiento,True
ML,POS_120029414889_1 julio 2025 - 1 enero 2026.xlsx_2379,2000012494326166,2025-06-08,dont_want_it_another_cause_fashion,27890.0,PAGO,1 julio 2025 - 1 enero 2026.xlsx,,,2026-05-27 15:01:20.503007,,ajustes,Ajuste por Arrepentimiento,True
ML,POS_120196609741_1 julio 2025 - 1 enero 2026.xlsx_2380,2000012509553096,2025-06-08,bigger_than_expected_fashion,27996.0,PAGO,1 julio 2025 - 1 enero 2026.xlsx,,,2026-05-27 15:01:20.503007,,ajustes,Ajuste por Talla/Garantía,False
ML,POS_120906898510_1 julio 2025 - 1 enero 2026.xlsx_2381,2000012527861488,2025-06-08,dont_want_it_another_cause_fashion,49990.0,PAGO,1 julio 2025 - 1 enero 2026.xlsx,,,2026-05-27 15:01:20.503007,,ajustes,Ajuste por Arrepentimiento,True
ML,POS_119743849979_1 julio 2025 - 1 enero 2026.xlsx_2382,2000012463021584,2025-06-08,bigger_than_expected_fashion,4790.0,PAGO,1 julio 2025 - 1 enero 2026.xlsx,,,2026-05-27 15:01:20.503007,,ajustes,Ajuste por Talla/Garantía,False
ML,POS_120258080436_1 julio 2025 - 1 enero 2026.xlsx_2383,2000012463021584,2025-06-08,bigger_than_expected_fashion,20000.0,PAGO,1 julio 2025 - 1 enero 2026.xlsx,,,2026-05-27 15:01:20.503007,,ajustes,Ajuste por Talla/Garantía,False
ML,POS_120149730117_1 julio 2025 - 1 enero 2026.xlsx_2384,2000012505650752,2025-05-08,different_color_or_size_fashion,28990.0,PAGO,1 julio 2025 - 1 enero 2026.xlsx,,,2026-05-27 15:01:20.503007,,ajustes,Ajuste por Diferencia de Publicación,True
ML,POS_120149601043_1 julio 2025 - 1 enero 2026.xlsx_2385,2000012505652528,2025-05-08,different_color_or_size_fashion,49990.0,PAGO,1 julio 2025 - 1 enero 2026.xlsx,,,2026-05-27 15:01:20.503007,,ajustes,Ajuste por Diferencia de Publicación,True
ML,POS_120666029556_1 julio 2025 - 1 enero 2026.xlsx_2386,2000012505650750,2025-05-08,different_color_or_size_fashion,32990.0,PAGO,1 julio 2025 - 1 enero 2026.xlsx,,,2026-05-27 15:01:20.503007,,ajustes,Ajuste por Diferencia de Publicación,True
ML,POS_118696653379_1 julio 2025 - 1 enero 2026.xlsx_2387,2000012358094296,2025-05-08,item_not_useful_fashion_different_change,48990.0,PAGO,1 julio 2025 - 1 enero 2026.xlsx,,,2026-05-27 15:01:20.503007,,ajustes,Ajuste por Arrepentimiento,True
ML,POS_119981113891_1 julio 2025 - 1 enero 2026.xlsx_2388,2000012489008350,2025-05-08,bigger_than_expected_fashion,27996.0,PAGO,1 julio 2025 - 1 enero 2026.xlsx,,,2026-05-27 15:01:20.503007,,ajustes,Ajuste por Talla/Garantía,False
ML,POS_120675121802_1 julio 2025 - 1 enero 2026.xlsx_2389,2000012506389856,2025-05-08,bigger_than_expected_fashion,38990.0,PAGO,1 julio 2025 - 1 enero 2026.xlsx,,,2026-05-27 15:01:20.503007,,ajustes,Ajuste por Talla/Garantía,False
ML,POS_120675100014_1 julio 2025 - 1 enero 2026.xlsx_2390,2000012506389860,2025-05-08,bigger_than_expected_fashion,13790.0,PAGO,1 julio 2025 - 1 enero 2026.xlsx,,,2026-05-27 15:01:20.503007,,ajustes,Ajuste por Talla/Garantía,False
ML,POS_120675216858_1 julio 2025 - 1 enero 2026.xlsx_2391,2000012506389858,2025-05-08,bigger_than_expected_fashion,27490.0,PAGO,1 julio 2025 - 1 enero 2026.xlsx,,,2026-05-27 15:01:20.503007,,ajustes,Ajuste por Talla/Garantía,False
ML,POS_120675216858_1 julio 2025 - 1 enero 2026.xlsx_2392,2000012506389858,2025-05-08,different_than_published,27490.0,PAGO,1 julio 2025 - 1 enero 2026.xlsx,,,2026-05-27 15:01:20.503007,,ajustes,Ajuste por Diferencia de Publicación,True
ML,POS_118763640617_1 julio 2025 - 1 enero 2026.xlsx_2393,2000012363313298,2025-05-08,smaller_than_expected_fashion,25990.0,PAGO,1 julio 2025 - 1 enero 2026.xlsx,,,2026-05-27 15:01:20.503007,,ajustes,Ajuste por Talla/Garantía,False
ML,POS_120371821811_1 julio 2025 - 1 enero 2026.xlsx_2394,2000012525663962,2025-05-08,bigger_than_expected_fashion,27996.0,PAGO,1 julio 2025 - 1 enero 2026.xlsx,,,2026-05-27 15:01:20.503007,,ajustes,Ajuste por Talla/Garantía,False
ML,POS_120889358600_1 julio 2025 - 1 enero 2026.xlsx_2395,2000012525663932,2025-05-08,bigger_than_expected_fashion,27996.0,PAGO,1 julio 2025 - 1 enero 2026.xlsx,,,2026-05-27 15:01:20.503007,,ajustes,Ajuste por Talla/Garantía,False
ML,POS_119992847988_1 julio 2025 - 1 enero 2026.xlsx_2396,2000012435671852,2025-05-08,bigger_than_expected_fashion,31990.0,PAGO,1 julio 2025 - 1 enero 2026.xlsx,,,2026-05-27 15:01:20.503007,,ajustes,Ajuste por Talla/Garantía,False
ML,POS_120585086581_1 julio 2025 - 1 enero 2026.xlsx_2397,2000012548885786,2025-05-08,undelivered_repentant_buyer,19990.0,PAGO,1 julio 2025 - 1 enero 2026.xlsx,,,2026-05-27 15:01:20.503007,,ajustes,Ajuste por Arrepentimiento,True
ML,POS_118083758577_1 julio 2025 - 1 enero 2026.xlsx_2398,2000012295352540,2025-05-08,dont_want_it_another_cause_fashion,55990.0,PAGO,1 julio 2025 - 1 enero 2026.xlsx,,,2026-05-27 15:01:20.503007,,ajustes,Ajuste por Arrepentimiento,True
ML,POS_120811799706_1 julio 2025 - 1 enero 2026.xlsx_2399,2000012517980370,2025-05-08,bigger_than_expected_fashion,34990.0,PAGO,1 julio 2025 - 1 enero 2026.xlsx,,,2026-05-27 15:01:20.503007,,ajustes,Ajuste por Talla/Garantía,False
ML,POS_120811936136_1 julio 2025 - 1 enero 2026.xlsx_2400,2000012517976776,2025-05-08,bigger_than_expected_fashion,44990.0,PAGO,1 julio 2025 - 1 enero 2026.xlsx,,,2026-05-27 15:01:20.503007,,ajustes,Ajuste por Talla/Garantía,False
ML,POS_120811859170_1 julio 2025 - 1 enero 2026.xlsx_2401,2000012517980372,2025-05-08,bigger_than_expected_fashion,25990.0,PAGO,1 julio 2025 - 1 enero 2026.xlsx,,,2026-05-27 15:01:20.503007,,ajustes,Ajuste por Talla/Garantía,False
ML,POS_120914945500_1 julio 2025 - 1 enero 2026.xlsx_2402,2000012529020766,2025-05-08,broken_item_fashion,19290.0,PAGO,1 julio 2025 - 1 enero 2026.xlsx,,,2026-05-27 15:01:20.503007,,ajustes,Ajuste por Producto Dañado/Vacío,False
ML,POS_119763707035_1 julio 2025 - 1 enero 2026.xlsx_2403,2000012465359954,2025-05-08,bigger_than_expected_fashion,27190.0,PAGO,1 julio 2025 - 1 enero 2026.xlsx,,,2026-05-27 15:01:20.503007,,ajustes,Ajuste por Talla/Garantía,False
ML,POS_121049228442_1 julio 2025 - 1 enero 2026.xlsx_2404,2000012544274518,2025-05-08,undelivered_other,49990.0,PAGO,1 julio 2025 - 1 enero 2026.xlsx,,,2026-05-27 15:01:20.503007,,ajustes,Ajuste por Falla en Entrega,True
ML,POS_118090866270_1 julio 2025 - 1 enero 2026.xlsx_2405,2000012249470114,2025-05-08,smaller_than_expected_fashion,31490.0,PAGO,1 julio 2025 - 1 enero 2026.xlsx,,,2026-05-27 15:01:20.503007,,ajustes,Ajuste por Talla/Garantía,False
ML,POS_119828749564_1 julio 2025 - 1 enero 2026.xlsx_2406,2000012421512162,2025-05-08,bigger_than_expected_fashion,37990.0,PAGO,1 julio 2025 - 1 enero 2026.xlsx,,,2026-05-27 15:01:20.503007,,ajustes,Ajuste por Talla/Garantía,False
ML,POS_119169845237_1 julio 2025 - 1 enero 2026.xlsx_2407,2000012406966432,2025-04-08,bigger_than_expected_fashion,34990.0,PAGO,1 julio 2025 - 1 enero 2026.xlsx,,,2026-05-27 15:01:20.503007,,ajustes,Ajuste por Talla/Garantía,False
ML,POS_120449067736_1 julio 2025 - 1 enero 2026.xlsx_2408,2000012484775574,2025-04-08,bigger_than_expected_fashion,32990.0,PAGO,1 julio 2025 - 1 enero 2026.xlsx,,,2026-05-27 15:01:20.503007,,ajustes,Ajuste por Talla/Garantía,False
ML,POS_119768539763_1 julio 2025 - 1 enero 2026.xlsx_2409,2000012466044656,2025-04-08,not_match_size_guide_fashion,23619.0,PAGO,1 julio 2025 - 1 enero 2026.xlsx,,,2026-05-27 15:01:20.503007,,ajustes,Ajuste por Talla/Garantía,True
ML,POS_120282767486_1 julio 2025 - 1 enero 2026.xlsx_2410,2000012466044656,2025-04-08,not_match_size_guide_fashion,16723.0,PAGO,1 julio 2025 - 1 enero 2026.xlsx,,,2026-05-27 15:01:20.503007,,ajustes,Ajuste por Talla/Garantía,True
ML,POS_119824352611_1 julio 2025 - 1 enero 2026.xlsx_2412,2000012473377296,2025-04-08,bigger_than_expected_fashion,22090.0,PAGO,1 julio 2025 - 1 enero 2026.xlsx,,,2026-05-27 15:01:20.503007,,ajustes,Ajuste por Talla/Garantía,False
ML,POS_120403028507_1 julio 2025 - 1 enero 2026.xlsx_2413,2000012529963432,2025-04-08,bigger_than_expected_fashion,31190.0,PAGO,1 julio 2025 - 1 enero 2026.xlsx,,,2026-05-27 15:01:20.503007,,ajustes,Ajuste por Talla/Garantía,False
ML,POS_120143467509_1 julio 2025 - 1 enero 2026.xlsx_2414,2000012505070068,2025-04-08,missing_invoice,25414.0,PAGO,1 julio 2025 - 1 enero 2026.xlsx,,,2026-05-27 15:01:20.503007,,ajustes,Ajuste Poscobro General,True
ML,POS_120429711390_1 julio 2025 - 1 enero 2026.xlsx_2415,2000012482333426,2025-04-08,bigger_than_expected_fashion,39990.0,PAGO,1 julio 2025 - 1 enero 2026.xlsx,,,2026-05-27 15:01:20.503007,,ajustes,Ajuste por Talla/Garantía,False
ML,POS_120189997811_1 julio 2025 - 1 enero 2026.xlsx_2416,2000012508894866,2025-04-08,bigger_than_expected_fashion,21836.0,PAGO,1 julio 2025 - 1 enero 2026.xlsx,,,2026-05-27 15:01:20.503007,,ajustes,Ajuste por Talla/Garantía,False
ML,POS_120190196399_1 julio 2025 - 1 enero 2026.xlsx_2417,2000012508894864,2025-04-08,bigger_than_expected_fashion,22995.0,PAGO,1 julio 2025 - 1 enero 2026.xlsx,,,2026-05-27 15:01:20.503007,,ajustes,Ajuste por Talla/Garantía,False
ML,POS_119708900949_1 julio 2025 - 1 enero 2026.xlsx_2418,2000012460019426,2025-04-08,bigger_than_expected_fashion,23990.0,PAGO,1 julio 2025 - 1 enero 2026.xlsx,,,2026-05-27 15:01:20.503007,,ajustes,Ajuste por Talla/Garantía,False
ML,POS_117918921573_1 julio 2025 - 1 enero 2026.xlsx_2419,2000012278268504,2025-04-08,bigger_than_expected_fashion,34990.0,PAGO,1 julio 2025 - 1 enero 2026.xlsx,,,2026-05-27 15:01:20.503007,,ajustes,Ajuste por Talla/Garantía,False
ML,POS_120445310428_1 julio 2025 - 1 enero 2026.xlsx_2420,2000012483675742,2025-04-08,dont_want_it_another_cause_fashion,26290.0,PAGO,1 julio 2025 - 1 enero 2026.xlsx,,,2026-05-27 15:01:20.503007,,ajustes,Ajuste por Arrepentimiento,True
ML,POS_119926374679_1 julio 2025 - 1 enero 2026.xlsx_2421,2000012483675742,2025-04-08,dont_want_it_another_cause_fashion,26290.0,PAGO,1 julio 2025 - 1 enero 2026.xlsx,,,2026-05-27 15:01:20.503007,,ajustes,Ajuste por Arrepentimiento,True
ML,POS_120491110372_1 julio 2025 - 1 enero 2026.xlsx_2422,2000012483675742,2025-04-08,dont_want_it_another_cause_fashion,26290.0,PAGO,1 julio 2025 - 1 enero 2026.xlsx,,,2026-05-27 15:01:20.503007,,ajustes,Ajuste por Arrepentimiento,True
ML,POS_120441688732_1 julio 2025 - 1 enero 2026.xlsx_2423,2000012483675742,2025-04-08,dont_want_it_another_cause_fashion,26290.0,PAGO,1 julio 2025 - 1 enero 2026.xlsx,,,2026-05-27 15:01:20.503007,,ajustes,Ajuste por Arrepentimiento,True
ML,POS_120454121676_1 julio 2025 - 1 enero 2026.xlsx_2424,2000012483675742,2025-04-08,dont_want_it_another_cause_fashion,26290.0,PAGO,1 julio 2025 - 1 enero 2026.xlsx,,,2026-05-27 15:01:20.503007,,ajustes,Ajuste por Arrepentimiento,True
ML,POS_119926281933_1 julio 2025 - 1 enero 2026.xlsx_2425,2000012483675742,2025-04-08,dont_want_it_another_cause_fashion,26290.0,PAGO,1 julio 2025 - 1 enero 2026.xlsx,,,2026-05-27 15:01:20.503007,,ajustes,Ajuste por Arrepentimiento,True
ML,POS_119938465041_1 julio 2025 - 1 enero 2026.xlsx_2426,2000012483675742,2025-04-08,dont_want_it_another_cause_fashion,26290.0,PAGO,1 julio 2025 - 1 enero 2026.xlsx,,,2026-05-27 15:01:20.503007,,ajustes,Ajuste por Arrepentimiento,True
ML,POS_120331803386_1 julio 2025 - 1 enero 2026.xlsx_2427,2000012472109818,2025-04-08,smaller_than_expected_fashion,61990.0,PAGO,1 julio 2025 - 1 enero 2026.xlsx,,,2026-05-27 15:01:20.503007,,ajustes,Ajuste por Talla/Garantía,False
ML,POS_120566967118_1 julio 2025 - 1 enero 2026.xlsx_2428,2000012496474968,2025-04-08,bigger_than_expected_fashion,33054.0,PAGO,1 julio 2025 - 1 enero 2026.xlsx,,,2026-05-27 15:01:20.503007,,ajustes,Ajuste por Talla/Garantía,False
ML,POS_119650030019_1 julio 2025 - 1 enero 2026.xlsx_2429,2000012452139340,2025-04-08,bigger_than_expected_fashion,24790.0,PAGO,1 julio 2025 - 1 enero 2026.xlsx,,,2026-05-27 15:01:20.503007,,ajustes,Ajuste por Talla/Garantía,False
ML,POS_119277462533_1 julio 2025 - 1 enero 2026.xlsx_2430,2000012417925166,2025-04-08,bigger_than_expected_fashion,23990.0,PAGO,1 julio 2025 - 1 enero 2026.xlsx,,,2026-05-27 15:01:20.503007,,ajustes,Ajuste por Talla/Garantía,False
ML,POS_120057235681_1 julio 2025 - 1 enero 2026.xlsx_2431,2000012497275572,2025-04-08,bigger_than_expected_fashion,31090.0,PAGO,1 julio 2025 - 1 enero 2026.xlsx,,,2026-05-27 15:01:20.503007,,ajustes,Ajuste por Talla/Garantía,False
ML,POS_120402515883_1 julio 2025 - 1 enero 2026.xlsx_2433,2000012529894692,2025-03-08,undelivered_repentant_buyer,27996.0,PAGO,1 julio 2025 - 1 enero 2026.xlsx,,,2026-05-27 15:01:20.503007,,ajustes,Ajuste por Arrepentimiento,True
ML,POS_119780723439_1 julio 2025 - 1 enero 2026.xlsx_2434,2000012467714738,2025-03-08,smaller_than_expected_fashion,23390.0,PAGO,1 julio 2025 - 1 enero 2026.xlsx,,,2026-05-27 15:01:20.503007,,ajustes,Ajuste por Talla/Garantía,False
ML,POS_119775850003_1 julio 2025 - 1 enero 2026.xlsx_2435,2000012467092548,2025-03-08,smaller_than_expected_fashion,28790.0,PAGO,1 julio 2025 - 1 enero 2026.xlsx,,,2026-05-27 15:01:20.503007,,ajustes,Ajuste por Talla/Garantía,False
ML,POS_120045340311_1 julio 2025 - 1 enero 2026.xlsx_2436,2000012495805934,2025-03-08,bigger_than_expected_fashion,31190.0,PAGO,1 julio 2025 - 1 enero 2026.xlsx,,,2026-05-27 15:01:20.503007,,ajustes,Ajuste por Talla/Garantía,False
ML,POS_117120720599_1 julio 2025 - 1 enero 2026.xlsx_2437,2000012197803194,2025-03-08,dont_want_it_another_cause_fashion,28990.0,PAGO,1 julio 2025 - 1 enero 2026.xlsx,,,2026-05-27 15:01:20.503007,,ajustes,Ajuste por Arrepentimiento,True
ML,POS_119181391577_1 julio 2025 - 1 enero 2026.xlsx_2438,2000012408804646,2025-03-08,bigger_than_expected_fashion,41990.0,PAGO,1 julio 2025 - 1 enero 2026.xlsx,,,2026-05-27 15:01:20.503007,,ajustes,Ajuste por Talla/Garantía,False
ML,POS_119667228529_1 julio 2025 - 1 enero 2026.xlsx_2439,2000012454572720,2025-03-08,bigger_than_expected_fashion,26290.0,PAGO,1 julio 2025 - 1 enero 2026.xlsx,,,2026-05-27 15:01:20.503007,,ajustes,Ajuste por Talla/Garantía,False
ML,POS_120180789368_1 julio 2025 - 1 enero 2026.xlsx_2440,2000012454572720,2025-03-08,bigger_than_expected_fashion,26290.0,PAGO,1 julio 2025 - 1 enero 2026.xlsx,,,2026-05-27 15:01:20.503007,,ajustes,Ajuste por Talla/Garantía,False
ML,POS_117313069194_1 julio 2025 - 1 enero 2026.xlsx_2441,2000012172933254,2025-03-08,bigger_than_expected_fashion,37990.0,PAGO,1 julio 2025 - 1 enero 2026.xlsx,,,2026-05-27 15:01:20.503007,,ajustes,Ajuste por Talla/Garantía,False
ML,POS_120746602174_1 julio 2025 - 1 enero 2026.xlsx_2442,2000012512741132,2025-03-08,different_color_or_size_fashion_change,33054.0,PAGO,1 julio 2025 - 1 enero 2026.xlsx,,,2026-05-27 15:01:20.503007,,ajustes,Ajuste por Diferencia de Publicación,True
ML,POS_120575089890_1 julio 2025 - 1 enero 2026.xlsx_2443,2000012497546420,2025-03-08,dont_want_it_another_cause_fashion,24290.0,PAGO,1 julio 2025 - 1 enero 2026.xlsx,,,2026-05-27 15:01:20.503007,,ajustes,Ajuste por Arrepentimiento,True
ML,POS_120043563280_1 julio 2025 - 1 enero 2026.xlsx_2444,2000012439822924,2025-03-08,smaller_than_expected_fashion,14990.0,PAGO,1 julio 2025 - 1 enero 2026.xlsx,,,2026-05-27 15:01:20.503007,,ajustes,Ajuste por Talla/Garantía,False
ML,POS_120336984454_1 julio 2025 - 1 enero 2026.xlsx_2445,2000012473076100,2025-03-08,bigger_than_expected_fashion,23315.0,PAGO,1 julio 2025 - 1 enero 2026.xlsx,,,2026-05-27 15:01:20.503007,,ajustes,Ajuste por Talla/Garantía,False
ML,POS_120565470594_1 julio 2025 - 1 enero 2026.xlsx_2446,2000012496276784,2025-03-08,not_match_size_guide_fashion,25414.0,PAGO,1 julio 2025 - 1 enero 2026.xlsx,,,2026-05-27 15:01:20.503007,,ajustes,Ajuste por Talla/Garantía,True
ML,POS_119987993897_1 julio 2025 - 1 enero 2026.xlsx_2447,2000012489736084,2025-02-08,bigger_than_expected_fashion,24381.0,PAGO,1 julio 2025 - 1 enero 2026.xlsx,,,2026-05-27 15:01:20.503007,,ajustes,Ajuste por Talla/Garantía,False
ML,POS_120504262550_1 julio 2025 - 1 enero 2026.xlsx_2448,2000012489736084,2025-02-08,bigger_than_expected_fashion,31609.0,PAGO,1 julio 2025 - 1 enero 2026.xlsx,,,2026-05-27 15:01:20.503007,,ajustes,Ajuste por Talla/Garantía,False
ML,POS_120323438866_1 julio 2025 - 1 enero 2026.xlsx_2449,2000012469254610,2025-02-08,bigger_than_expected_fashion,32990.0,PAGO,1 julio 2025 - 1 enero 2026.xlsx,,,2026-05-27 15:01:20.503007,,ajustes,Ajuste por Talla/Garantía,False
ML,POS_119795275195_1 julio 2025 - 1 enero 2026.xlsx_2450,2000012469254610,2025-02-08,bigger_than_expected_fashion,32990.0,PAGO,1 julio 2025 - 1 enero 2026.xlsx,,,2026-05-27 15:01:20.503007,,ajustes,Ajuste por Talla/Garantía,False
ML,POS_120170466715_1 julio 2025 - 1 enero 2026.xlsx_2451,2000012507259050,2025-02-08,undelivered_repentant_buyer,22490.0,PAGO,1 julio 2025 - 1 enero 2026.xlsx,,,2026-05-27 15:01:20.503007,,ajustes,Ajuste por Arrepentimiento,True
ML,POS_120640339806_1 julio 2025 - 1 enero 2026.xlsx_2452,2000012502984300,2025-02-08,item_not_useful_fashion_different_change,31190.0,PAGO,1 julio 2025 - 1 enero 2026.xlsx,,,2026-05-27 15:01:20.503007,,ajustes,Ajuste por Arrepentimiento,True
ML,POS_120628053774_1 julio 2025 - 1 enero 2026.xlsx_2453,2000012501811926,2025-02-08,bigger_than_expected_fashion,27996.0,PAGO,1 julio 2025 - 1 enero 2026.xlsx,,,2026-05-27 15:01:20.503007,,ajustes,Ajuste por Talla/Garantía,False
ML,POS_119688841666_1 julio 2025 - 1 enero 2026.xlsx_2454,2000012408374982,2025-02-08,bigger_than_expected_fashion,23790.0,PAGO,1 julio 2025 - 1 enero 2026.xlsx,,,2026-05-27 15:01:20.503007,,ajustes,Ajuste por Talla/Garantía,False
ML,POS_119835958330_1 julio 2025 - 1 enero 2026.xlsx_2455,2000012422088930,2025-02-08,smaller_than_expected_fashion,34990.0,PAGO,1 julio 2025 - 1 enero 2026.xlsx,,,2026-05-27 15:01:20.503007,,ajustes,Ajuste por Talla/Garantía,False
ML,POS_120047878987_1 julio 2025 - 1 enero 2026.xlsx_2456,2000012496111706,2025-02-08,dont_want_it_another_cause_fashion,23996.0,PAGO,1 julio 2025 - 1 enero 2026.xlsx,,,2026-05-27 15:01:20.503007,,ajustes,Ajuste por Arrepentimiento,True
ML,POS_119596932715_1 julio 2025 - 1 enero 2026.xlsx_2457,2000012447564182,2025-02-08,not_match_size_guide_fashion,31058.0,PAGO,1 julio 2025 - 1 enero 2026.xlsx,,,2026-05-27 15:01:20.503007,,ajustes,Ajuste por Talla/Garantía,True
ML,POS_118635554761_1 julio 2025 - 1 enero 2026.xlsx_2458,2000012353340462,2025-02-08,bigger_than_expected_fashion,22246.0,PAGO,1 julio 2025 - 1 enero 2026.xlsx,,,2026-05-27 15:01:20.503007,,ajustes,Ajuste por Talla/Garantía,False
ML,POS_119142308588_1 julio 2025 - 1 enero 2026.xlsx_2459,2000012353340462,2025-02-08,bigger_than_expected_fashion,20744.0,PAGO,1 julio 2025 - 1 enero 2026.xlsx,,,2026-05-27 15:01:20.503007,,ajustes,Ajuste por Talla/Garantía,False
ML,POS_119820994303_1 julio 2025 - 1 enero 2026.xlsx_2460,2000012472804380,2025-02-08,bigger_than_expected_fashion,27996.0,PAGO,1 julio 2025 - 1 enero 2026.xlsx,,,2026-05-27 15:01:20.503007,,ajustes,Ajuste por Talla/Garantía,False
ML,POS_120625269432_1 julio 2025 - 1 enero 2026.xlsx_2461,2000012501585752,2025-01-08,bigger_than_expected_fashion,26290.0,PAGO,1 julio 2025 - 1 enero 2026.xlsx,,,2026-05-27 15:01:20.503007,,ajustes,Ajuste por Talla/Garantía,False
ML,POS_120108535909_1 julio 2025 - 1 enero 2026.xlsx_2462,2000012501583792,2025-01-08,bigger_than_expected_fashion,33054.0,PAGO,1 julio 2025 - 1 enero 2026.xlsx,,,2026-05-27 15:01:20.503007,,ajustes,Ajuste por Talla/Garantía,False
ML,POS_119435431372_1 julio 2025 - 1 enero 2026.xlsx_2463,2000012380351094,2025-01-08,smaller_than_expected_fashion,30990.0,PAGO,1 julio 2025 - 1 enero 2026.xlsx,,,2026-05-27 15:01:20.503007,,ajustes,Ajuste por Talla/Garantía,False
ML,POS_119993614871_1 julio 2025 - 1 enero 2026.xlsx_2464,2000012490271942,2025-01-08,different_color_or_size_fashion_change,22490.0,PAGO,1 julio 2025 - 1 enero 2026.xlsx,,,2026-05-27 15:01:20.503007,,ajustes,Ajuste por Diferencia de Publicación,True
ML,POS_119862509513_1 julio 2025 - 1 enero 2026.xlsx_2465,2000012476408226,2025-01-08,item_not_useful_fashion_different_change,26290.0,PAGO,1 julio 2025 - 1 enero 2026.xlsx,,,2026-05-27 15:01:20.503007,,ajustes,Ajuste por Arrepentimiento,True
ML,POS_119877027141_1 julio 2025 - 1 enero 2026.xlsx_2466,2000012478066122,2025-01-08,bigger_than_expected_fashion,37990.0,PAGO,1 julio 2025 - 1 enero 2026.xlsx,,,2026-05-27 15:01:20.503007,,ajustes,Ajuste por Talla/Garantía,False
ML,POS_119880918887_1 julio 2025 - 1 enero 2026.xlsx_2467,2000012478582562,2025-01-08,bigger_than_expected_fashion,22490.0,PAGO,1 julio 2025 - 1 enero 2026.xlsx,,,2026-05-27 15:01:20.503007,,ajustes,Ajuste por Talla/Garantía,False
ML,POS_120395923784_1 julio 2025 - 1 enero 2026.xlsx_2468,2000012478582564,2025-01-08,bigger_than_expected_fashion,24290.0,PAGO,1 julio 2025 - 1 enero 2026.xlsx,,,2026-05-27 15:01:20.503007,,ajustes,Ajuste por Talla/Garantía,False
ML,POS_120395978802_1 julio 2025 - 1 enero 2026.xlsx_2469,2000012478590308,2025-01-08,bigger_than_expected_fashion,26990.0,PAGO,1 julio 2025 - 1 enero 2026.xlsx,,,2026-05-27 15:01:20.503007,,ajustes,Ajuste por Talla/Garantía,False
ML,POS_120206364064_1 julio 2025 - 1 enero 2026.xlsx_2470,2000012457459684,2025-01-08,smaller_than_expected_fashion,27490.0,PAGO,1 julio 2025 - 1 enero 2026.xlsx,,,2026-05-27 15:01:20.503007,,ajustes,Ajuste por Talla/Garantía,False
ML,POS_116720273065_1 julio 2025 - 1 enero 2026.xlsx_2471,2000012161965318,2025-01-08,bigger_than_expected_fashion,47990.0,PAGO,1 julio 2025 - 1 enero 2026.xlsx,,,2026-05-27 15:01:20.503007,,ajustes,Ajuste por Talla/Garantía,False
ML,POS_117574910990_1 julio 2025 - 1 enero 2026.xlsx_2710,2000012193898070,2025-12-07,smaller_than_expected_fashion,21990.0,PAGO,1 julio 2025 - 1 enero 2026.xlsx,,,2026-05-27 15:01:20.503007,,ajustes,Ajuste por Talla/Garantía,False
ML,POS_116362790391_1 julio 2025 - 1 enero 2026.xlsx_2711,2000012122583996,2025-12-07,smaller_than_expected_fashion,21590.0,PAGO,1 julio 2025 - 1 enero 2026.xlsx,,,2026-05-27 15:01:20.503007,,ajustes,Ajuste por Talla/Garantía,False
ML,POS_117868821661_1 julio 2025 - 1 enero 2026.xlsx_2712,2000012274237830,2025-12-07,undelivered_repentant_buyer,49990.0,PAGO,1 julio 2025 - 1 enero 2026.xlsx,,,2026-05-27 15:01:20.503007,,ajustes,Ajuste por Arrepentimiento,True
ML,POS_118210418060_1 julio 2025 - 1 enero 2026.xlsx_2713,2000012260568830,2025-12-07,bigger_than_expected_fashion,34990.0,PAGO,1 julio 2025 - 1 enero 2026.xlsx,,,2026-05-27 15:01:20.503007,,ajustes,Ajuste por Talla/Garantía,False
ML,POS_117765656733_1 julio 2025 - 1 enero 2026.xlsx_2714,2000012265648336,2025-12-07,bigger_than_expected_fashion,29000.0,PAGO,1 julio 2025 - 1 enero 2026.xlsx,,,2026-05-27 15:01:20.503007,,ajustes,Ajuste por Talla/Garantía,False
ML,POS_117771981893_1 julio 2025 - 1 enero 2026.xlsx_2716,2000012265648336,2025-12-07,bigger_than_expected_fashion,20000.0,PAGO,1 julio 2025 - 1 enero 2026.xlsx,,,2026-05-27 15:01:20.503007,,ajustes,Ajuste por Talla/Garantía,False
ML,POS_118267497904_1 julio 2025 - 1 enero 2026.xlsx_2717,2000012265648336,2025-12-07,bigger_than_expected_fashion,19990.0,PAGO,1 julio 2025 - 1 enero 2026.xlsx,,,2026-05-27 15:01:20.503007,,ajustes,Ajuste por Talla/Garantía,False
ML,POS_117772066857_1 julio 2025 - 1 enero 2026.xlsx_2718,2000012265648336,2025-12-07,bigger_than_expected_fashion,28990.0,PAGO,1 julio 2025 - 1 enero 2026.xlsx,,,2026-05-27 15:01:20.503007,,ajustes,Ajuste por Talla/Garantía,False
ML,POS_118177969418_1 julio 2025 - 1 enero 2026.xlsx_2720,2000012258546068,2025-11-07,bigger_than_expected_fashion,24990.0,PAGO,1 julio 2025 - 1 enero 2026.xlsx,,,2026-05-27 15:01:20.503007,,ajustes,Ajuste por Talla/Garantía,False
ML,POS_117876827016_1 julio 2025 - 1 enero 2026.xlsx_2721,2000012226995250,2025-11-07,dont_want_it_another_cause_fashion,29990.0,PAGO,1 julio 2025 - 1 enero 2026.xlsx,,,2026-05-27 15:01:20.503007,,ajustes,Ajuste por Arrepentimiento,True
ML,POS_117492214351_1 julio 2025 - 1 enero 2026.xlsx_2722,2000012239058592,2025-11-07,bigger_than_expected_fashion,35990.0,PAGO,1 julio 2025 - 1 enero 2026.xlsx,,,2026-05-27 15:01:20.503007,,ajustes,Ajuste por Talla/Garantía,False
ML,POS_118236670884_1 julio 2025 - 1 enero 2026.xlsx_2723,2000012262787166,2025-11-07,undelivered_other,34990.0,PAGO,1 julio 2025 - 1 enero 2026.xlsx,,,2026-05-27 15:01:20.503007,,ajustes,Ajuste por Falla en Entrega,True
ML,POS_117963561524_1 julio 2025 - 1 enero 2026.xlsx_2724,2000012235826952,2025-11-07,dont_want_it_another_cause_fashion,27192.0,PAGO,1 julio 2025 - 1 enero 2026.xlsx,,,2026-05-27 15:01:20.503007,,ajustes,Ajuste por Arrepentimiento,True
ML,POS_117729499758_1 julio 2025 - 1 enero 2026.xlsx_2726,2000012210047384,2025-11-07,bigger_than_expected_fashion,24990.0,PAGO,1 julio 2025 - 1 enero 2026.xlsx,,,2026-05-27 15:01:20.503007,,ajustes,Ajuste por Talla/Garantía,False
ML,POS_117401595921_1 julio 2025 - 1 enero 2026.xlsx_2727,2000012229263160,2025-11-07,item_not_useful_fashion_different_change,37990.0,PAGO,1 julio 2025 - 1 enero 2026.xlsx,,,2026-05-27 15:01:20.503007,,ajustes,Ajuste por Arrepentimiento,True
ML,POS_117804369950_1 julio 2025 - 1 enero 2026.xlsx_2728,2000012220366628,2025-11-07,bigger_than_expected_fashion,23990.0,PAGO,1 julio 2025 - 1 enero 2026.xlsx,,,2026-05-27 15:01:20.503007,,ajustes,Ajuste por Talla/Garantía,False
ML,POS_118042213064_1 julio 2025 - 1 enero 2026.xlsx_2729,2000012245395514,2025-11-07,smaller_than_expected_fashion,34990.0,PAGO,1 julio 2025 - 1 enero 2026.xlsx,,,2026-05-27 15:01:20.503007,,ajustes,Ajuste por Talla/Garantía,False
ML,POS_118003398382_1 julio 2025 - 1 enero 2026.xlsx_2730,2000012240525058,2025-10-07,bigger_than_expected_fashion,33990.0,PAGO,1 julio 2025 - 1 enero 2026.xlsx,,,2026-05-27 15:01:20.503007,,ajustes,Ajuste por Talla/Garantía,False
ML,POS_116416355459_1 julio 2025 - 1 enero 2026.xlsx_2731,2000012128168728,2025-10-07,different_color_or_size_fashion,19190.0,PAGO,1 julio 2025 - 1 enero 2026.xlsx,,,2026-05-27 15:01:20.503007,,ajustes,Ajuste por Diferencia de Publicación,True
ML,POS_116416313861_1 julio 2025 - 1 enero 2026.xlsx_2732,2000012128161624,2025-10-07,different_color_or_size_fashion,25190.0,PAGO,1 julio 2025 - 1 enero 2026.xlsx,,,2026-05-27 15:01:20.503007,,ajustes,Ajuste por Diferencia de Publicación,True
ML,POS_117584244451_1 julio 2025 - 1 enero 2026.xlsx_2733,2000012248854054,2025-10-07,bigger_than_expected_fashion,33990.0,PAGO,1 julio 2025 - 1 enero 2026.xlsx,,,2026-05-27 15:01:20.503007,,ajustes,Ajuste por Talla/Garantía,False
ML,POS_117307618975_1 julio 2025 - 1 enero 2026.xlsx_2735,2000012220479546,2025-10-07,different_than_published,23990.0,PAGO,1 julio 2025 - 1 enero 2026.xlsx,,,2026-05-27 15:01:20.503007,,ajustes,Ajuste por Diferencia de Publicación,True
ML,POS_117595641805_1 julio 2025 - 1 enero 2026.xlsx_2737,2000012249887048,2025-10-07,dont_want_it_another_cause_fashion,1463.0,PAGO,1 julio 2025 - 1 enero 2026.xlsx,,,2026-05-27 15:01:20.503007,,ajustes,Ajuste por Arrepentimiento,True
ML,POS_117595739139_1 julio 2025 - 1 enero 2026.xlsx_2740,2000012249887048,2025-10-07,dont_want_it_another_cause_fashion,40527.0,PAGO,1 julio 2025 - 1 enero 2026.xlsx,,,2026-05-27 15:01:20.503007,,ajustes,Ajuste por Arrepentimiento,True
ML,POS_117921628762_1 julio 2025 - 1 enero 2026.xlsx_2741,2000012231416550,2025-10-07,bigger_than_expected_fashion,34990.0,PAGO,1 julio 2025 - 1 enero 2026.xlsx,,,2026-05-27 15:01:20.503007,,ajustes,Ajuste por Talla/Garantía,False
ML,POS_117430223237_1 julio 2025 - 1 enero 2026.xlsx_2742,2000012232441012,2025-10-07,dont_want_it_another_cause_fashion,19980.0,PAGO,1 julio 2025 - 1 enero 2026.xlsx,,,2026-05-27 15:01:20.503007,,ajustes,Ajuste por Arrepentimiento,True
ML,POS_118009434392_1 julio 2025 - 1 enero 2026.xlsx_2743,2000012241212266,2025-10-07,bigger_than_expected_fashion,37990.0,PAGO,1 julio 2025 - 1 enero 2026.xlsx,,,2026-05-27 15:01:20.503007,,ajustes,Ajuste por Talla/Garantía,False
ML,POS_117597438310_1 julio 2025 - 1 enero 2026.xlsx_2744,2000012195943032,2025-10-07,dont_want_it_another_cause_fashion,34990.0,PAGO,1 julio 2025 - 1 enero 2026.xlsx,,,2026-05-27 15:01:20.503007,,ajustes,Ajuste por Arrepentimiento,True
ML,POS_117224452423_1 julio 2025 - 1 enero 2026.xlsx_2745,2000012209153278,2025-10-07,item_not_useful_fashion_different_change,21990.0,PAGO,1 julio 2025 - 1 enero 2026.xlsx,,,2026-05-27 15:01:20.503007,,ajustes,Ajuste por Arrepentimiento,True
ML,POS_116811776709_1 julio 2025 - 1 enero 2026.xlsx_2746,2000012171972752,2025-10-07,bigger_than_expected_fashion,38990.0,PAGO,1 julio 2025 - 1 enero 2026.xlsx,,,2026-05-27 15:01:20.503007,,ajustes,Ajuste por Talla/Garantía,False
ML,POS_117335448549_1 julio 2025 - 1 enero 2026.xlsx_2747,2000012222486840,2025-10-07,bigger_than_expected_fashion,33990.0,PAGO,1 julio 2025 - 1 enero 2026.xlsx,,,2026-05-27 15:01:20.503007,,ajustes,Ajuste por Talla/Garantía,False
ML,POS_117982892632_1 julio 2025 - 1 enero 2026.xlsx_2748,2000012237903462,2025-10-07,bigger_than_expected_fashion,34990.0,PAGO,1 julio 2025 - 1 enero 2026.xlsx,,,2026-05-27 15:01:20.503007,,ajustes,Ajuste por Talla/Garantía,False
ML,POS_117801551164_1 julio 2025 - 1 enero 2026.xlsx_2749,2000012219715630,2025-09-07,bigger_than_expected_fashion,19990.0,PAGO,1 julio 2025 - 1 enero 2026.xlsx,,,2026-05-27 15:01:20.503007,,ajustes,Ajuste por Talla/Garantía,False
ML,POS_117971944428_1 julio 2025 - 1 enero 2026.xlsx_2750,2000012236748092,2025-09-07,bigger_than_expected_fashion,28990.0,PAGO,1 julio 2025 - 1 enero 2026.xlsx,,,2026-05-27 15:01:20.503007,,ajustes,Ajuste por Talla/Garantía,False
ML,POS_117301307127_1 julio 2025 - 1 enero 2026.xlsx_2751,2000012219168588,2025-09-07,different_color_or_size_fashion_change,44990.0,PAGO,1 julio 2025 - 1 enero 2026.xlsx,,,2026-05-27 15:01:20.503007,,ajustes,Ajuste por Diferencia de Publicación,True
ML,POS_117435668109_1 julio 2025 - 1 enero 2026.xlsx_2752,2000012233300906,2025-09-07,undelivered_other,47990.0,PAGO,1 julio 2025 - 1 enero 2026.xlsx,,,2026-05-27 15:01:20.503007,,ajustes,Ajuste por Falla en Entrega,True
ML,POS_117655189644_1 julio 2025 - 1 enero 2026.xlsx_2753,2000012202201648,2025-09-07,smaller_than_expected_fashion,31490.0,PAGO,1 julio 2025 - 1 enero 2026.xlsx,,,2026-05-27 15:01:20.503007,,ajustes,Ajuste por Talla/Garantía,False
ML,POS_117169805563_1 julio 2025 - 1 enero 2026.xlsx_2754,2000012203882942,2025-09-07,bigger_than_expected_fashion,63990.0,PAGO,1 julio 2025 - 1 enero 2026.xlsx,,,2026-05-27 15:01:20.503007,,ajustes,Ajuste por Talla/Garantía,False
ML,POS_116503679518_1 julio 2025 - 1 enero 2026.xlsx_2755,2000012090048576,2025-09-07,smaller_than_expected_fashion,24990.0,PAGO,1 julio 2025 - 1 enero 2026.xlsx,,,2026-05-27 15:01:20.503007,,ajustes,Ajuste por Talla/Garantía,False
ML,POS_117499519490_1 julio 2025 - 1 enero 2026.xlsx_2756,2000012187843836,2025-08-07,not_match_size_guide_fashion,29990.0,PAGO,1 julio 2025 - 1 enero 2026.xlsx,,,2026-05-27 15:01:20.503007,,ajustes,Ajuste por Talla/Garantía,True
ML,POS_117165790803_1 julio 2025 - 1 enero 2026.xlsx_2757,2000012203293580,2025-08-07,bigger_than_expected_fashion,37990.0,PAGO,1 julio 2025 - 1 enero 2026.xlsx,,,2026-05-27 15:01:20.503007,,ajustes,Ajuste por Talla/Garantía,False
ML,POS_116799069006_1 julio 2025 - 1 enero 2026.xlsx_2758,2000012116477600,2025-08-07,not_match_size_guide_fashion,39990.0,PAGO,1 julio 2025 - 1 enero 2026.xlsx,,,2026-05-27 15:01:20.503007,,ajustes,Ajuste por Talla/Garantía,True
ML,POS_114436774368_1 julio 2025 - 1 enero 2026.xlsx_2759,2000011887891576,2025-08-07,bigger_than_expected_fashion,59990.0,PAGO,1 julio 2025 - 1 enero 2026.xlsx,,,2026-05-27 15:01:20.503007,,ajustes,Ajuste por Talla/Garantía,False
ML,POS_117664669028_1 julio 2025 - 1 enero 2026.xlsx_2760,2000012203576380,2025-08-07,item_not_useful_fashion_different_change,31990.0,PAGO,1 julio 2025 - 1 enero 2026.xlsx,,,2026-05-27 15:01:20.503007,,ajustes,Ajuste por Arrepentimiento,True
ML,POS_117297617371_1 julio 2025 - 1 enero 2026.xlsx_2761,2000012218439264,2025-08-07,different_color_or_size_fashion,38990.0,PAGO,1 julio 2025 - 1 enero 2026.xlsx,,,2026-05-27 15:01:20.503007,,ajustes,Ajuste por Diferencia de Publicación,True
ML,POS_117416511475_1 julio 2025 - 1 enero 2026.xlsx_2762,2000012230656978,2025-08-07,change_receiver_address,21342.0,PAGO,1 julio 2025 - 1 enero 2026.xlsx,,,2026-05-27 15:01:20.503007,,ajustes,Ajuste por Cambio de Dirección,True
ML,POS_117416435267_1 julio 2025 - 1 enero 2026.xlsx_2763,2000012230658342,2025-08-07,change_receiver_address,22990.0,PAGO,1 julio 2025 - 1 enero 2026.xlsx,,,2026-05-27 15:01:20.503007,,ajustes,Ajuste por Cambio de Dirección,True
ML,POS_116817723512_1 julio 2025 - 1 enero 2026.xlsx_2764,2000012119409952,2025-08-07,different_than_published,26990.0,PAGO,1 julio 2025 - 1 enero 2026.xlsx,,,2026-05-27 15:01:20.503007,,ajustes,Ajuste por Diferencia de Publicación,True
ML,POS_117130937895_1 julio 2025 - 1 enero 2026.xlsx_2765,2000012199028500,2025-08-07,bigger_than_expected_fashion,32445.0,PAGO,1 julio 2025 - 1 enero 2026.xlsx,,,2026-05-27 15:01:20.503007,,ajustes,Ajuste por Talla/Garantía,False
ML,POS_117130955515_1 julio 2025 - 1 enero 2026.xlsx_2766,2000012199028500,2025-08-07,bigger_than_expected_fashion,2545.0,PAGO,1 julio 2025 - 1 enero 2026.xlsx,,,2026-05-27 15:01:20.503007,,ajustes,Ajuste por Talla/Garantía,False
ML,POS_117209157955_1 julio 2025 - 1 enero 2026.xlsx_2769,2000012207573496,2025-08-07,bigger_than_expected_fashion,34990.0,PAGO,1 julio 2025 - 1 enero 2026.xlsx,,,2026-05-27 15:01:20.503007,,ajustes,Ajuste por Talla/Garantía,False
ML,POS_117654097484_1 julio 2025 - 1 enero 2026.xlsx_2770,2000012202126870,2025-08-07,dont_want_it_another_cause_fashion,6990.0,PAGO,1 julio 2025 - 1 enero 2026.xlsx,,,2026-05-27 15:01:20.503007,,ajustes,Ajuste por Arrepentimiento,True
ML,POS_117790905936_1 julio 2025 - 1 enero 2026.xlsx_2771,2000012217711642,2025-08-07,dont_want_it_another_cause_fashion,31990.0,PAGO,1 julio 2025 - 1 enero 2026.xlsx,,,2026-05-27 15:01:20.503007,,ajustes,Ajuste por Arrepentimiento,True
ML,POS_116730687325_1 julio 2025 - 1 enero 2026.xlsx_2772,2000012163006096,2025-08-07,bigger_than_expected_fashion,37990.0,PAGO,1 julio 2025 - 1 enero 2026.xlsx,,,2026-05-27 15:01:20.503007,,ajustes,Ajuste por Talla/Garantía,False
ML,POS_117564496914_1 julio 2025 - 1 enero 2026.xlsx_2773,2000012192924632,2025-08-07,empty_box,28990.0,PAGO,1 julio 2025 - 1 enero 2026.xlsx,,,2026-05-27 15:01:20.503007,,ajustes,Ajuste por Producto Dañado/Vacío,True
ML,POS_117149883789_1 julio 2025 - 1 enero 2026.xlsx_2774,2000012201247098,2025-08-07,bigger_than_expected_fashion,34990.0,PAGO,1 julio 2025 - 1 enero 2026.xlsx,,,2026-05-27 15:01:20.503007,,ajustes,Ajuste por Talla/Garantía,False
ML,POS_113948421457_1 julio 2025 - 1 enero 2026.xlsx_2775,2000011886038086,2025-08-07,bigger_than_expected_fashion,29990.0,PAGO,1 julio 2025 - 1 enero 2026.xlsx,,,2026-05-27 15:01:20.503007,,ajustes,Ajuste por Talla/Garantía,False
ML,POS_117449687366_1 julio 2025 - 1 enero 2026.xlsx_2794,2000012183693390,2025-06-07,smaller_than_expected_fashion,31490.0,PAGO,1 julio 2025 - 1 enero 2026.xlsx,,,2026-05-27 15:01:20.503007,,ajustes,Ajuste por Talla/Garantía,False
ML,POS_116054643137_1 julio 2025 - 1 enero 2026.xlsx_2795,2000012093063998,2025-06-07,smaller_than_expected_fashion,50990.0,PAGO,1 julio 2025 - 1 enero 2026.xlsx,,,2026-05-27 15:01:20.503007,,ajustes,Ajuste por Talla/Garantía,False
ML,POS_117373411624_1 julio 2025 - 1 enero 2026.xlsx_2797,2000012177363996,2025-05-07,dont_want_it_another_cause_fashion,41990.0,PAGO,1 julio 2025 - 1 enero 2026.xlsx,,,2026-05-27 15:01:20.503007,,ajustes,Ajuste por Arrepentimiento,True
ML,POS_116877732833_1 julio 2025 - 1 enero 2026.xlsx_2798,2000012177363996,2025-05-07,dont_want_it_another_cause_fashion,41990.0,PAGO,1 julio 2025 - 1 enero 2026.xlsx,,,2026-05-27 15:01:20.503007,,ajustes,Ajuste por Arrepentimiento,True
ML,POS_117373814350_1 julio 2025 - 1 enero 2026.xlsx_2799,2000012177363996,2025-05-07,dont_want_it_another_cause_fashion,41990.0,PAGO,1 julio 2025 - 1 enero 2026.xlsx,,,2026-05-27 15:01:20.503007,,ajustes,Ajuste por Arrepentimiento,True
ML,POS_117077412527_1 julio 2025 - 1 enero 2026.xlsx_2800,2000012193781312,2025-05-07,undelivered_repentant_buyer,24990.0,PAGO,1 julio 2025 - 1 enero 2026.xlsx,,,2026-05-27 15:01:20.503007,,ajustes,Ajuste por Arrepentimiento,True
ML,POS_116762193743_1 julio 2025 - 1 enero 2026.xlsx_2801,2000012166678438,2025-05-07,not_match_size_guide_fashion,29990.0,PAGO,1 julio 2025 - 1 enero 2026.xlsx,,,2026-05-27 15:01:20.503007,,ajustes,Ajuste por Talla/Garantía,True
ML,POS_117257576112_1 julio 2025 - 1 enero 2026.xlsx_2802,2000012166671272,2025-05-07,not_match_size_guide_fashion,29990.0,PAGO,1 julio 2025 - 1 enero 2026.xlsx,,,2026-05-27 15:01:20.503007,,ajustes,Ajuste por Talla/Garantía,True
ML,POS_117443464650_1 julio 2025 - 1 enero 2026.xlsx_2803,2000012183067964,2025-05-07,bigger_than_expected_fashion,29990.0,PAGO,1 julio 2025 - 1 enero 2026.xlsx,,,2026-05-27 15:01:20.503007,,ajustes,Ajuste por Talla/Garantía,False
ML,POS_116730247201_1 julio 2025 - 1 enero 2026.xlsx_2804,2000012162917594,2025-05-07,different_color_or_size_fashion,22990.0,PAGO,1 julio 2025 - 1 enero 2026.xlsx,,,2026-05-27 15:01:20.503007,,ajustes,Ajuste por Diferencia de Publicación,True
ML,POS_117225162780_1 julio 2025 - 1 enero 2026.xlsx_2805,2000012162917594,2025-05-07,different_color_or_size_fashion,22990.0,PAGO,1 julio 2025 - 1 enero 2026.xlsx,,,2026-05-27 15:01:20.503007,,ajustes,Ajuste por Diferencia de Publicación,True
ML,POS_116886441618_1 julio 2025 - 1 enero 2026.xlsx_2806,2000012126007398,2025-05-07,bigger_than_expected_fashion,25990.0,PAGO,1 julio 2025 - 1 enero 2026.xlsx,,,2026-05-27 15:01:20.503007,,ajustes,Ajuste por Talla/Garantía,False
ML,POS_116393903391_1 julio 2025 - 1 enero 2026.xlsx_2807,2000012126007396,2025-05-07,bigger_than_expected_fashion,35990.0,PAGO,1 julio 2025 - 1 enero 2026.xlsx,,,2026-05-27 15:01:20.503007,,ajustes,Ajuste por Talla/Garantía,False
ML,POS_116886467274_1 julio 2025 - 1 enero 2026.xlsx_2808,2000012126011020,2025-05-07,smaller_than_expected_fashion,32990.0,PAGO,1 julio 2025 - 1 enero 2026.xlsx,,,2026-05-27 15:01:20.503007,,ajustes,Ajuste por Talla/Garantía,False
ML,POS_116393901335_1 julio 2025 - 1 enero 2026.xlsx_2809,2000012126012712,2025-05-07,bigger_than_expected_fashion,47990.0,PAGO,1 julio 2025 - 1 enero 2026.xlsx,,,2026-05-27 15:01:20.503007,,ajustes,Ajuste por Talla/Garantía,False
ML,POS_116986469902_1 julio 2025 - 1 enero 2026.xlsx_2810,2000012136494282,2025-05-07,smaller_than_expected_fashion,26990.0,PAGO,1 julio 2025 - 1 enero 2026.xlsx,,,2026-05-27 15:01:20.503007,,ajustes,Ajuste por Talla/Garantía,False
ML,POS_116950722161_1 julio 2025 - 1 enero 2026.xlsx_2811,2000012183426362,2025-05-07,not_match_size_guide_fashion,46990.0,PAGO,1 julio 2025 - 1 enero 2026.xlsx,,,2026-05-27 15:01:20.503007,,ajustes,Ajuste por Talla/Garantía,True
ML,POS_116950485415_1 julio 2025 - 1 enero 2026.xlsx_2812,2000012183426362,2025-05-07,not_match_size_guide_fashion,9000.0,PAGO,1 julio 2025 - 1 enero 2026.xlsx,,,2026-05-27 15:01:20.503007,,ajustes,Ajuste por Talla/Garantía,True
ML,POS_117313069194_1 julio 2025 - 1 enero 2026.xlsx_2813,2000012172933254,2025-05-07,bigger_than_expected_fashion,37990.0,PAGO,1 julio 2025 - 1 enero 2026.xlsx,,,2026-05-27 15:01:20.503007,,ajustes,Ajuste por Talla/Garantía,False
ML,POS_113833968074_1 julio 2025 - 1 enero 2026.xlsx_2814,2000011830465430,2025-05-07,repentant_buyer,39990.0,PAGO,1 julio 2025 - 1 enero 2026.xlsx,,,2026-05-27 15:01:20.503007,,ajustes,Ajuste por Arrepentimiento,False
ML,POS_116444163163_1 julio 2025 - 1 enero 2026.xlsx_2815,2000012132248792,2025-05-07,bigger_than_expected_fashion,29990.0,PAGO,1 julio 2025 - 1 enero 2026.xlsx,,,2026-05-27 15:01:20.503007,,ajustes,Ajuste por Talla/Garantía,False
ML,POS_117290536106_1 julio 2025 - 1 enero 2026.xlsx_2816,2000012169948794,2025-05-07,bigger_than_expected_fashion,20990.0,PAGO,1 julio 2025 - 1 enero 2026.xlsx,,,2026-05-27 15:01:20.503007,,ajustes,Ajuste por Talla/Garantía,False
ML,POS_117290500404_1 julio 2025 - 1 enero 2026.xlsx_2817,2000012169948794,2025-05-07,bigger_than_expected_fashion,25000.0,PAGO,1 julio 2025 - 1 enero 2026.xlsx,,,2026-05-27 15:01:20.503007,,ajustes,Ajuste por Talla/Garantía,False
ML,POS_115506859371_1 julio 2025 - 1 enero 2026.xlsx_2818,2000012035872596,2025-05-07,bigger_than_expected_fashion,45990.0,PAGO,1 julio 2025 - 1 enero 2026.xlsx,,,2026-05-27 15:01:20.503007,,ajustes,Ajuste por Talla/Garantía,False
ML,POS_116705350965_1 julio 2025 - 1 enero 2026.xlsx_2819,2000012161073426,2025-05-07,bigger_than_expected_fashion,29990.0,PAGO,1 julio 2025 - 1 enero 2026.xlsx,,,2026-05-27 15:01:20.503007,,ajustes,Ajuste por Talla/Garantía,False
ML,POS_117163776688_1 julio 2025 - 1 enero 2026.xlsx_2820,2000012156402128,2025-04-07,bigger_than_expected_fashion,25990.0,PAGO,1 julio 2025 - 1 enero 2026.xlsx,,,2026-05-27 15:01:20.503007,,ajustes,Ajuste por Talla/Garantía,False
ML,POS_116915364369_1 julio 2025 - 1 enero 2026.xlsx_2821,2000012180718144,2025-04-07,undelivered_repentant_buyer,37990.0,PAGO,1 julio 2025 - 1 enero 2026.xlsx,,,2026-05-27 15:01:20.503007,,ajustes,Ajuste por Arrepentimiento,True
ML,POS_117051922146_1 julio 2025 - 1 enero 2026.xlsx_2822,2000012143774492,2025-04-07,dont_want_it_another_cause_fashion,44990.0,PAGO,1 julio 2025 - 1 enero 2026.xlsx,,,2026-05-27 15:01:20.503007,,ajustes,Ajuste por Arrepentimiento,True
ML,POS_117051819934_1 julio 2025 - 1 enero 2026.xlsx_2823,2000012143770612,2025-04-07,dont_want_it_another_cause_fashion,34990.0,PAGO,1 julio 2025 - 1 enero 2026.xlsx,,,2026-05-27 15:01:20.503007,,ajustes,Ajuste por Arrepentimiento,True
ML,POS_116558284751_1 julio 2025 - 1 enero 2026.xlsx_2824,2000012143774490,2025-04-07,dont_want_it_another_cause_fashion,25990.0,PAGO,1 julio 2025 - 1 enero 2026.xlsx,,,2026-05-27 15:01:20.503007,,ajustes,Ajuste por Arrepentimiento,True
ML,POS_116864693506_1 julio 2025 - 1 enero 2026.xlsx_2825,2000012123505180,2025-04-07,dont_want_it_another_cause_fashion,29990.0,PAGO,1 julio 2025 - 1 enero 2026.xlsx,,,2026-05-27 15:01:20.503007,,ajustes,Ajuste por Arrepentimiento,True
ML,POS_116851720185_1 julio 2025 - 1 enero 2026.xlsx_2826,2000012175119382,2025-04-07,undelivered_repentant_buyer,54990.0,PAGO,1 julio 2025 - 1 enero 2026.xlsx,,,2026-05-27 15:01:20.503007,,ajustes,Ajuste por Arrepentimiento,True
ML,POS_117189101430_1 julio 2025 - 1 enero 2026.xlsx_2827,2000012160162294,2025-04-07,bigger_than_expected_fashion,33462.0,PAGO,1 julio 2025 - 1 enero 2026.xlsx,,,2026-05-27 15:01:20.503007,,ajustes,Ajuste por Talla/Garantía,False
ML,POS_116694716359_1 julio 2025 - 1 enero 2026.xlsx_2828,2000012160162294,2025-04-07,bigger_than_expected_fashion,33462.0,PAGO,1 julio 2025 - 1 enero 2026.xlsx,,,2026-05-27 15:01:20.503007,,ajustes,Ajuste por Talla/Garantía,False
ML,POS_116694547595_1 julio 2025 - 1 enero 2026.xlsx_2829,2000012160162294,2025-04-07,bigger_than_expected_fashion,1528.0,PAGO,1 julio 2025 - 1 enero 2026.xlsx,,,2026-05-27 15:01:20.503007,,ajustes,Ajuste por Talla/Garantía,False
ML,POS_116694627821_1 julio 2025 - 1 enero 2026.xlsx_2831,2000012160162294,2025-04-07,bigger_than_expected_fashion,1528.0,PAGO,1 julio 2025 - 1 enero 2026.xlsx,,,2026-05-27 15:01:20.503007,,ajustes,Ajuste por Talla/Garantía,False
ML,POS_117182417096_1 julio 2025 - 1 enero 2026.xlsx_2833,2000012158924060,2025-04-07,broken_item_fashion,29990.0,PAGO,1 julio 2025 - 1 enero 2026.xlsx,,,2026-05-27 15:01:20.503007,,ajustes,Ajuste por Producto Dañado/Vacío,False
ML,POS_116850464430_1 julio 2025 - 1 enero 2026.xlsx_2834,2000012122154524,2025-04-07,item_not_useful_fashion_different_change,29990.0,PAGO,1 julio 2025 - 1 enero 2026.xlsx,,,2026-05-27 15:01:20.503007,,ajustes,Ajuste por Arrepentimiento,True
ML,POS_113382462317_1 julio 2025 - 1 enero 2026.xlsx_2835,2000011832101732,2025-04-07,bigger_than_expected_fashion,34990.0,PAGO,1 julio 2025 - 1 enero 2026.xlsx,,,2026-05-27 15:01:20.503007,,ajustes,Ajuste por Talla/Garantía,False
ML,POS_116280790927_1 julio 2025 - 1 enero 2026.xlsx_2836,2000012113180774,2025-04-07,bigger_than_expected_fashion,33990.0,PAGO,1 julio 2025 - 1 enero 2026.xlsx,,,2026-05-27 15:01:20.503007,,ajustes,Ajuste por Talla/Garantía,False
ML,POS_116346025725_1 julio 2025 - 1 enero 2026.xlsx_2837,2000012120824144,2025-04-07,bigger_than_expected_fashion,24990.0,PAGO,1 julio 2025 - 1 enero 2026.xlsx,,,2026-05-27 15:01:20.503007,,ajustes,Ajuste por Talla/Garantía,False
ML,POS_116752554584_1 julio 2025 - 1 enero 2026.xlsx_2838,2000012111200972,2025-04-07,smaller_than_expected_fashion,32990.0,PAGO,1 julio 2025 - 1 enero 2026.xlsx,,,2026-05-27 15:01:20.503007,,ajustes,Ajuste por Talla/Garantía,False
ML,POS_116752528830_1 julio 2025 - 1 enero 2026.xlsx_2839,2000012111193760,2025-04-07,smaller_than_expected_fashion,19990.0,PAGO,1 julio 2025 - 1 enero 2026.xlsx,,,2026-05-27 15:01:20.503007,,ajustes,Ajuste por Talla/Garantía,False
ML,POS_115891191697_1 julio 2025 - 1 enero 2026.xlsx_2840,2000012077366582,2025-03-07,bigger_than_expected_fashion,33990.0,PAGO,1 julio 2025 - 1 enero 2026.xlsx,,,2026-05-27 15:01:20.503007,,ajustes,Ajuste por Talla/Garantía,False
ML,POS_116260517225_1 julio 2025 - 1 enero 2026.xlsx_2841,2000012111200966,2025-03-07,smaller_than_expected_fashion,31490.0,PAGO,1 julio 2025 - 1 enero 2026.xlsx,,,2026-05-27 15:01:20.503007,,ajustes,Ajuste por Talla/Garantía,False
ML,POS_116752604730_1 julio 2025 - 1 enero 2026.xlsx_2842,2000012111198902,2025-03-07,smaller_than_expected_fashion,43990.0,PAGO,1 julio 2025 - 1 enero 2026.xlsx,,,2026-05-27 15:01:20.503007,,ajustes,Ajuste por Talla/Garantía,False
ML,POS_116260558567_1 julio 2025 - 1 enero 2026.xlsx_2843,2000012111202724,2025-03-07,smaller_than_expected_fashion,12990.0,PAGO,1 julio 2025 - 1 enero 2026.xlsx,,,2026-05-27 15:01:20.503007,,ajustes,Ajuste por Talla/Garantía,False
ML,POS_116782921785_1 julio 2025 - 1 enero 2026.xlsx_2844,2000012168833112,2025-03-07,undelivered_other,19990.0,PAGO,1 julio 2025 - 1 enero 2026.xlsx,,,2026-05-27 15:01:20.503007,,ajustes,Ajuste por Falla en Entrega,True
ML,POS_117278285358_1 julio 2025 - 1 enero 2026.xlsx_2845,2000012168829536,2025-03-07,undelivered_other,19990.0,PAGO,1 julio 2025 - 1 enero 2026.xlsx,,,2026-05-27 15:01:20.503007,,ajustes,Ajuste por Falla en Entrega,True
ML,POS_117197733132_1 julio 2025 - 1 enero 2026.xlsx_2846,2000012160999764,2025-03-07,bigger_than_expected_fashion,25990.0,PAGO,1 julio 2025 - 1 enero 2026.xlsx,,,2026-05-27 15:01:20.503007,,ajustes,Ajuste por Talla/Garantía,False
ML,POS_117200933096_1 julio 2025 - 1 enero 2026.xlsx_2847,2000012161146620,2025-03-07,dont_want_it_another_cause_fashion,24990.0,PAGO,1 julio 2025 - 1 enero 2026.xlsx,,,2026-05-27 15:01:20.503007,,ajustes,Ajuste por Arrepentimiento,True
ML,POS_117200971022_1 julio 2025 - 1 enero 2026.xlsx_2848,2000012161146624,2025-03-07,dont_want_it_another_cause_fashion,24990.0,PAGO,1 julio 2025 - 1 enero 2026.xlsx,,,2026-05-27 15:01:20.503007,,ajustes,Ajuste por Arrepentimiento,True
ML,POS_117201020900_1 julio 2025 - 1 enero 2026.xlsx_2849,2000012161146622,2025-03-07,dont_want_it_another_cause_fashion,19990.0,PAGO,1 julio 2025 - 1 enero 2026.xlsx,,,2026-05-27 15:01:20.503007,,ajustes,Ajuste por Arrepentimiento,True
ML,POS_117200962996_1 julio 2025 - 1 enero 2026.xlsx_2850,2000012161146618,2025-03-07,dont_want_it_another_cause_fashion,21990.0,PAGO,1 julio 2025 - 1 enero 2026.xlsx,,,2026-05-27 15:01:20.503007,,ajustes,Ajuste por Arrepentimiento,True
ML,POS_117109849788_1 julio 2025 - 1 enero 2026.xlsx_2851,2000012150237454,2025-03-07,bigger_than_expected_fashion,19980.0,PAGO,1 julio 2025 - 1 enero 2026.xlsx,,,2026-05-27 15:01:20.503007,,ajustes,Ajuste por Talla/Garantía,False
ML,POS_114874801592_1 julio 2025 - 1 enero 2026.xlsx_2852,2000011933414544,2025-03-07,bigger_than_expected_fashion,45990.0,PAGO,1 julio 2025 - 1 enero 2026.xlsx,,,2026-05-27 15:01:20.503007,,ajustes,Ajuste por Talla/Garantía,False
ML,POS_116105460049_1 julio 2025 - 1 enero 2026.xlsx_2853,2000012097728424,2025-03-07,bigger_than_expected_fashion,33990.0,PAGO,1 julio 2025 - 1 enero 2026.xlsx,,,2026-05-27 15:01:20.503007,,ajustes,Ajuste por Talla/Garantía,False
ML,POS_116361643479_1 julio 2025 - 1 enero 2026.xlsx_2854,2000012122501506,2025-03-07,different_color_or_size_fashion,25990.0,PAGO,1 julio 2025 - 1 enero 2026.xlsx,,,2026-05-27 15:01:20.503007,,ajustes,Ajuste por Diferencia de Publicación,True
ML,POS_116925604252_1 julio 2025 - 1 enero 2026.xlsx_2855,2000012130212390,2025-03-07,smaller_than_expected_fashion,29990.0,PAGO,1 julio 2025 - 1 enero 2026.xlsx,,,2026-05-27 15:01:20.503007,,ajustes,Ajuste por Talla/Garantía,False
ML,POS_116925604908_1 julio 2025 - 1 enero 2026.xlsx_2856,2000012130212390,2025-03-07,smaller_than_expected_fashion,29990.0,PAGO,1 julio 2025 - 1 enero 2026.xlsx,,,2026-05-27 15:01:20.503007,,ajustes,Ajuste por Talla/Garantía,False
ML,POS_116437947501_1 julio 2025 - 1 enero 2026.xlsx_2857,2000012131086524,2025-03-07,bigger_than_expected_fashion,25190.0,PAGO,1 julio 2025 - 1 enero 2026.xlsx,,,2026-05-27 15:01:20.503007,,ajustes,Ajuste por Talla/Garantía,False
ML,POS_116930548876_1 julio 2025 - 1 enero 2026.xlsx_2858,2000012131085300,2025-03-07,bigger_than_expected_fashion,29990.0,PAGO,1 julio 2025 - 1 enero 2026.xlsx,,,2026-05-27 15:01:20.503007,,ajustes,Ajuste por Talla/Garantía,False
ML,POS_116937174028_1 julio 2025 - 1 enero 2026.xlsx_2859,2000012132341286,2025-03-07,bigger_than_expected_fashion,24990.0,PAGO,1 julio 2025 - 1 enero 2026.xlsx,,,2026-05-27 15:01:20.503007,,ajustes,Ajuste por Talla/Garantía,False
ML,POS_116694140387_1 julio 2025 - 1 enero 2026.xlsx_2860,2000012160041576,2025-02-07,undelivered_repentant_buyer,29990.0,PAGO,1 julio 2025 - 1 enero 2026.xlsx,,,2026-05-27 15:01:20.503007,,ajustes,Ajuste por Arrepentimiento,True
ML,POS_116829137928_1 julio 2025 - 1 enero 2026.xlsx_2861,2000012120044646,2025-02-07,item_not_useful_fashion_different_change,23032.0,PAGO,1 julio 2025 - 1 enero 2026.xlsx,,,2026-05-27 15:01:20.503007,,ajustes,Ajuste por Arrepentimiento,True
ML,POS_116134088395_1 julio 2025 - 1 enero 2026.xlsx_2863,2000012100175952,2025-02-07,bigger_than_expected_fashion,29990.0,PAGO,1 julio 2025 - 1 enero 2026.xlsx,,,2026-05-27 15:01:20.503007,,ajustes,Ajuste por Talla/Garantía,False
ML,POS_117104005160_1 julio 2025 - 1 enero 2026.xlsx_2864,2000012149566738,2025-02-07,bigger_than_expected_fashion,32990.0,PAGO,1 julio 2025 - 1 enero 2026.xlsx,,,2026-05-27 15:01:20.503007,,ajustes,Ajuste por Talla/Garantía,False
ML,POS_116231259799_1 julio 2025 - 1 enero 2026.xlsx_2865,2000012108360638,2025-02-07,smaller_than_expected_fashion,21592.0,PAGO,1 julio 2025 - 1 enero 2026.xlsx,,,2026-05-27 15:01:20.503007,,ajustes,Ajuste por Talla/Garantía,False
ML,POS_116609904491_1 julio 2025 - 1 enero 2026.xlsx_2866,2000012149570164,2025-02-07,bigger_than_expected_fashion,59990.0,PAGO,1 julio 2025 - 1 enero 2026.xlsx,,,2026-05-27 15:01:20.503007,,ajustes,Ajuste por Talla/Garantía,False
ML,POS_116609896553_1 julio 2025 - 1 enero 2026.xlsx_2867,2000012149557946,2025-02-07,bigger_than_expected_fashion,31990.0,PAGO,1 julio 2025 - 1 enero 2026.xlsx,,,2026-05-27 15:01:20.503007,,ajustes,Ajuste por Talla/Garantía,False
ML,POS_117104007276_1 julio 2025 - 1 enero 2026.xlsx_2868,2000012149570166,2025-02-07,bigger_than_expected_fashion,38990.0,PAGO,1 julio 2025 - 1 enero 2026.xlsx,,,2026-05-27 15:01:20.503007,,ajustes,Ajuste por Talla/Garantía,False
ML,POS_113750146165_1 julio 2025 - 1 enero 2026.xlsx_2869,2000011866830456,2025-02-07,item_not_useful_fashion_different_change,35990.0,PAGO,1 julio 2025 - 1 enero 2026.xlsx,,,2026-05-27 15:01:20.503007,,ajustes,Ajuste por Arrepentimiento,True
ML,POS_117066249846_1 julio 2025 - 1 enero 2026.xlsx_2870,2000012146386722,2025-02-07,smaller_than_expected_fashion,10990.0,PAGO,1 julio 2025 - 1 enero 2026.xlsx,,,2026-05-27 15:01:20.503007,,ajustes,Ajuste por Talla/Garantía,False
ML,POS_116854428938_1 julio 2025 - 1 enero 2026.xlsx_2871,2000012122495590,2025-02-07,different_color_or_size_fashion,29990.0,PAGO,1 julio 2025 - 1 enero 2026.xlsx,,,2026-05-27 15:01:20.503007,,ajustes,Ajuste por Diferencia de Publicación,True
ML,POS_116932559028_1 julio 2025 - 1 enero 2026.xlsx_2872,2000012131458246,2025-02-07,dont_want_it_another_cause_fashion,30990.0,PAGO,1 julio 2025 - 1 enero 2026.xlsx,,,2026-05-27 15:01:20.503007,,ajustes,Ajuste por Arrepentimiento,True
ML,POS_116936785698_1 julio 2025 - 1 enero 2026.xlsx_2874,2000012132252422,2025-02-07,item_not_useful_fashion_different_change,31990.0,PAGO,1 julio 2025 - 1 enero 2026.xlsx,,,2026-05-27 15:01:20.503007,,ajustes,Ajuste por Arrepentimiento,True
ML,POS_116817545710_1 julio 2025 - 1 enero 2026.xlsx_2875,2000012119389036,2025-02-07,smaller_than_expected_fashion,32990.0,PAGO,1 julio 2025 - 1 enero 2026.xlsx,,,2026-05-27 15:01:20.503007,,ajustes,Ajuste por Talla/Garantía,False
ML,POS_116814212160_1 julio 2025 - 1 enero 2026.xlsx_2879,2000012118788922,2025-02-07,bigger_than_expected_fashion,21824.0,PAGO,1 julio 2025 - 1 enero 2026.xlsx,,,2026-05-27 15:01:20.503007,,ajustes,Ajuste por Talla/Garantía,False
ML,POS_116814392126_1 julio 2025 - 1 enero 2026.xlsx_2880,2000012118788922,2025-02-07,bigger_than_expected_fashion,21824.0,PAGO,1 julio 2025 - 1 enero 2026.xlsx,,,2026-05-27 15:01:20.503007,,ajustes,Ajuste por Talla/Garantía,False
ML,POS_116444492225_1 julio 2025 - 1 enero 2026.xlsx_2881,2000012132304590,2025-02-07,bigger_than_expected_fashion,20990.0,PAGO,1 julio 2025 - 1 enero 2026.xlsx,,,2026-05-27 15:01:20.503007,,ajustes,Ajuste por Talla/Garantía,False
ML,POS_116665562830_1 julio 2025 - 1 enero 2026.xlsx_2882,2000012103627818,2025-02-07,bigger_than_expected_fashion,16495.0,PAGO,1 julio 2025 - 1 enero 2026.xlsx,,,2026-05-27 15:01:20.503007,,ajustes,Ajuste por Talla/Garantía,False
ML,POS_116173884455_1 julio 2025 - 1 enero 2026.xlsx_2883,2000012103627818,2025-02-07,bigger_than_expected_fashion,8495.0,PAGO,1 julio 2025 - 1 enero 2026.xlsx,,,2026-05-27 15:01:20.503007,,ajustes,Ajuste por Talla/Garantía,False
ML,POS_117116912710_1 julio 2025 - 1 enero 2026.xlsx_2884,2000012150977352,2025-02-07,undelivered_repentant_buyer,43990.0,PAGO,1 julio 2025 - 1 enero 2026.xlsx,,,2026-05-27 15:01:20.503007,,ajustes,Ajuste por Arrepentimiento,True
ML,POS_115863887466_1 julio 2025 - 1 enero 2026.xlsx_2885,2000012025321808,2025-02-07,different_color_or_size_fashion,34990.0,PAGO,1 julio 2025 - 1 enero 2026.xlsx,,,2026-05-27 15:01:20.503007,,ajustes,Ajuste por Diferencia de Publicación,True
ML,POS_116785577284_1 julio 2025 - 1 enero 2026.xlsx_2886,2000012114818820,2025-02-07,bigger_than_expected_fashion,34990.0,PAGO,1 julio 2025 - 1 enero 2026.xlsx,,,2026-05-27 15:01:20.503007,,ajustes,Ajuste por Talla/Garantía,False
ML,POS_116487250693_1 julio 2025 - 1 enero 2026.xlsx_2887,2000012135843576,2025-02-07,smaller_than_expected_fashion,16980.0,PAGO,1 julio 2025 - 1 enero 2026.xlsx,,,2026-05-27 15:01:20.503007,,ajustes,Ajuste por Talla/Garantía,False
ML,POS_116980547474_1 julio 2025 - 1 enero 2026.xlsx_2888,2000012135843576,2025-02-07,smaller_than_expected_fashion,5010.0,PAGO,1 julio 2025 - 1 enero 2026.xlsx,,,2026-05-27 15:01:20.503007,,ajustes,Ajuste por Talla/Garantía,False
ML,POS_114408543762_1 julio 2025 - 1 enero 2026.xlsx_2889,2000011883728224,2025-02-07,bigger_than_expected_fashion,37990.0,PAGO,1 julio 2025 - 1 enero 2026.xlsx,,,2026-05-27 15:01:20.503007,,ajustes,Ajuste por Talla/Garantía,False
ML,POS_116318338475_1 julio 2025 - 1 enero 2026.xlsx_2890,2000012118103254,2025-02-07,bigger_than_expected_fashion,37990.0,PAGO,1 julio 2025 - 1 enero 2026.xlsx,,,2026-05-27 15:01:20.503007,,ajustes,Ajuste por Talla/Garantía,False
ML,POS_116412953987_1 julio 2025 - 1 enero 2026.xlsx_2891,2000012127858858,2025-02-07,bigger_than_expected_fashion,31790.0,PAGO,1 julio 2025 - 1 enero 2026.xlsx,,,2026-05-27 15:01:20.503007,,ajustes,Ajuste por Talla/Garantía,False
ML,POS_116423639134_1 julio 2025 - 1 enero 2026.xlsx_2892,2000012081200744,2025-02-07,smaller_than_expected_fashion,21990.0,PAGO,1 julio 2025 - 1 enero 2026.xlsx,,,2026-05-27 15:01:20.503007,,ajustes,Ajuste por Talla/Garantía,False
ML,POS_114544271386_1 julio 2025 - 1 enero 2026.xlsx_2893,2000011898407382,2025-01-07,bigger_than_expected_fashion,20990.0,PAGO,1 julio 2025 - 1 enero 2026.xlsx,,,2026-05-27 15:01:20.503007,,ajustes,Ajuste por Talla/Garantía,False
ML,POS_114544234000_1 julio 2025 - 1 enero 2026.xlsx_2894,2000011898403856,2025-01-07,bigger_than_expected_fashion,20990.0,PAGO,1 julio 2025 - 1 enero 2026.xlsx,,,2026-05-27 15:01:20.503007,,ajustes,Ajuste por Talla/Garantía,False
ML,POS_116934810700_1 julio 2025 - 1 enero 2026.xlsx_2895,2000012131809116,2025-01-07,bigger_than_expected_fashion,29990.0,PAGO,1 julio 2025 - 1 enero 2026.xlsx,,,2026-05-27 15:01:20.503007,,ajustes,Ajuste por Talla/Garantía,False
ML,POS_116316248537_1 julio 2025 - 1 enero 2026.xlsx_2896,2000012117797326,2025-01-07,dont_want_it_another_cause_fashion,34990.0,PAGO,1 julio 2025 - 1 enero 2026.xlsx,,,2026-05-27 15:01:20.503007,,ajustes,Ajuste por Arrepentimiento,True
ML,POS_116316274195_1 julio 2025 - 1 enero 2026.xlsx_2897,2000012117797324,2025-01-07,item_not_useful_fashion_different_change,33990.0,PAGO,1 julio 2025 - 1 enero 2026.xlsx,,,2026-05-27 15:01:20.503007,,ajustes,Ajuste por Arrepentimiento,True
ML,POS_115676323377_1 julio 2025 - 1 enero 2026.xlsx_2898,2000012054500508,2025-01-07,dont_want_it_another_cause_fashion,47990.0,PAGO,1 julio 2025 - 1 enero 2026.xlsx,,,2026-05-27 15:01:20.503007,,ajustes,Ajuste por Arrepentimiento,True
ML,POS_116187774687_1 julio 2025 - 1 enero 2026.xlsx_2899,2000012104844216,2025-01-07,smaller_than_expected_fashion,42990.0,PAGO,1 julio 2025 - 1 enero 2026.xlsx,,,2026-05-27 15:01:20.503007,,ajustes,Ajuste por Talla/Garantía,False
ML,POS_113561963946_1 julio 2025 - 1 enero 2026.xlsx_2901,2000011798190394,2025-01-07,smaller_than_expected_fashion,34990.0,PAGO,1 julio 2025 - 1 enero 2026.xlsx,,,2026-05-27 15:01:20.503007,,ajustes,Ajuste por Talla/Garantía,False
ML,POS_116320444092_1 julio 2025 - 1 enero 2026.xlsx_2902,2000012070667280,2025-01-07,bigger_than_expected_fashion,47990.0,PAGO,1 julio 2025 - 1 enero 2026.xlsx,,,2026-05-27 15:01:20.503007,,ajustes,Ajuste por Talla/Garantía,False
ML,POS_137539759902_1 julio 2025 - 1 enero 2026.xlsx_3292,nan,2025-11-12,Ajuste Poscobro,299.0,PAGO,1 julio 2025 - 1 enero 2026.xlsx,,,2026-05-27 15:01:20.503007,,ajustes,Ajuste Poscobro General,True
ML,POS_136906705143_1 julio 2025 - 1 enero 2026.xlsx_3293,2000014260898294,2025-11-12,reconciled,25990.0,PAGO,1 julio 2025 - 1 enero 2026.xlsx,,,2026-05-27 15:01:20.503007,,ajustes,Ajuste Poscobro Conciliado,False
ML,POS_136906106691_1 julio 2025 - 1 enero 2026.xlsx_3294,2000014260768046,2025-11-12,reconciled,28990.0,PAGO,1 julio 2025 - 1 enero 2026.xlsx,,,2026-05-27 15:01:20.503007,,ajustes,Ajuste Poscobro Conciliado,False
ML,POS_136903365709_1 julio 2025 - 1 enero 2026.xlsx_3295,2000014260334714,2025-11-12,bpp_refunded,15990.0,PAGO,1 julio 2025 - 1 enero 2026.xlsx,,,2026-05-27 15:01:20.503007,,ajustes,Ajuste por Compra Protegida (BPP),False
ML,POS_137529560118_1 julio 2025 - 1 enero 2026.xlsx_3296,2000014259340476,2025-11-12,bpp_refunded,23990.0,PAGO,1 julio 2025 - 1 enero 2026.xlsx,,,2026-05-27 15:01:20.503007,,ajustes,Ajuste por Compra Protegida (BPP),False
ML,POS_137529470392_1 julio 2025 - 1 enero 2026.xlsx_3297,2000014259285604,2025-11-12,reconciled,21990.0,PAGO,1 julio 2025 - 1 enero 2026.xlsx,,,2026-05-27 15:01:20.503007,,ajustes,Ajuste Poscobro Conciliado,False
ML,POS_136890136281_1 julio 2025 - 1 enero 2026.xlsx_3298,2000014258515304,2025-11-12,bpp_refunded,49990.0,PAGO,1 julio 2025 - 1 enero 2026.xlsx,,,2026-05-27 15:01:20.503007,,ajustes,Ajuste por Compra Protegida (BPP),False
ML,POS_137517970048_1 julio 2025 - 1 enero 2026.xlsx_3299,nan,2025-11-12,Ajuste Poscobro,299.0,PAGO,1 julio 2025 - 1 enero 2026.xlsx,,,2026-05-27 15:01:20.503007,,ajustes,Ajuste Poscobro General,True
ML,POS_137517733392_1 julio 2025 - 1 enero 2026.xlsx_3300,2000014257947692,2025-11-12,bpp_refunded,21990.0,PAGO,1 julio 2025 - 1 enero 2026.xlsx,,,2026-05-27 15:01:20.503007,,ajustes,Ajuste por Compra Protegida (BPP),False
ML,POS_136876539797_1 julio 2025 - 1 enero 2026.xlsx_3301,2000014257031480,2025-11-12,bpp_refunded,29990.0,PAGO,1 julio 2025 - 1 enero 2026.xlsx,,,2026-05-27 15:01:20.503007,,ajustes,Ajuste por Compra Protegida (BPP),False
ML,POS_136876373199_1 julio 2025 - 1 enero 2026.xlsx_3303,2000014257025778,2025-11-12,bpp_refunded,27990.0,PAGO,1 julio 2025 - 1 enero 2026.xlsx,,,2026-05-27 15:01:20.503007,,ajustes,Ajuste por Compra Protegida (BPP),False
ML,POS_137502888426_1 julio 2025 - 1 enero 2026.xlsx_3304,2000014256405846,2025-11-12,bpp_refunded,18990.0,PAGO,1 julio 2025 - 1 enero 2026.xlsx,,,2026-05-27 15:01:20.503007,,ajustes,Ajuste por Compra Protegida (BPP),False
ML,POS_137502643922_1 julio 2025 - 1 enero 2026.xlsx_3305,2000014256414672,2025-11-12,bpp_refunded,36990.0,PAGO,1 julio 2025 - 1 enero 2026.xlsx,,,2026-05-27 15:01:20.503007,,ajustes,Ajuste por Compra Protegida (BPP),False
ML,POS_137492405452_1 julio 2025 - 1 enero 2026.xlsx_3306,2000014255353800,2025-11-12,reconciled,31890.0,PAGO,1 julio 2025 - 1 enero 2026.xlsx,,,2026-05-27 15:01:20.503007,,ajustes,Ajuste Poscobro Conciliado,False
ML,POS_136859321543_1 julio 2025 - 1 enero 2026.xlsx_3307,2000014255353800,2025-11-12,bpp_covered,3100.0,PAGO,1 julio 2025 - 1 enero 2026.xlsx,,,2026-05-27 15:01:20.503007,,ajustes,Ajuste por Compra Protegida (BPP),True
ML,POS_136853662449_1 julio 2025 - 1 enero 2026.xlsx_3310,2000014254755724,2025-11-12,bpp_refunded,19990.0,PAGO,1 julio 2025 - 1 enero 2026.xlsx,,,2026-05-27 15:01:20.503007,,ajustes,Ajuste por Compra Protegida (BPP),False
ML,POS_137484048092_1 julio 2025 - 1 enero 2026.xlsx_3311,2000014254467992,2025-11-12,bpp_refunded,29990.0,PAGO,1 julio 2025 - 1 enero 2026.xlsx,,,2026-05-27 15:01:20.503007,,ajustes,Ajuste por Compra Protegida (BPP),False
ML,POS_137468053100_1 julio 2025 - 1 enero 2026.xlsx_3312,nan,2025-11-12,Ajuste Poscobro,299.0,PAGO,1 julio 2025 - 1 enero 2026.xlsx,,,2026-05-27 15:01:20.503007,,ajustes,Ajuste Poscobro General,True
ML,POS_136835262969_1 julio 2025 - 1 enero 2026.xlsx_3313,2000014252401382,2025-11-12,bpp_refunded,26990.0,PAGO,1 julio 2025 - 1 enero 2026.xlsx,,,2026-05-27 15:01:20.503007,,ajustes,Ajuste por Compra Protegida (BPP),False
ML,POS_136816163521_1 julio 2025 - 1 enero 2026.xlsx_3314,2000014249969988,2025-11-12,bpp_refunded,19990.0,PAGO,1 julio 2025 - 1 enero 2026.xlsx,,,2026-05-27 15:01:20.503007,,ajustes,Ajuste por Compra Protegida (BPP),False
ML,POS_137443064100_1 julio 2025 - 1 enero 2026.xlsx_3315,2000014249509078,2025-11-12,reconciled,23990.0,PAGO,1 julio 2025 - 1 enero 2026.xlsx,,,2026-05-27 15:01:20.503007,,ajustes,Ajuste Poscobro Conciliado,False
ML,POS_137433464684_1 julio 2025 - 1 enero 2026.xlsx_3316,2000014248460642,2025-11-12,bpp_refunded,36990.0,PAGO,1 julio 2025 - 1 enero 2026.xlsx,,,2026-05-27 15:01:20.503007,,ajustes,Ajuste por Compra Protegida (BPP),False
ML,POS_137432712440_1 julio 2025 - 1 enero 2026.xlsx_3317,2000014248353572,2025-11-12,reconciled,19990.0,PAGO,1 julio 2025 - 1 enero 2026.xlsx,,,2026-05-27 15:01:20.503007,,ajustes,Ajuste Poscobro Conciliado,False
ML,POS_136788560493_1 julio 2025 - 1 enero 2026.xlsx_3318,2000014246980940,2025-11-12,bpp_refunded,15990.0,PAGO,1 julio 2025 - 1 enero 2026.xlsx,,,2026-05-27 15:01:20.503007,,ajustes,Ajuste por Compra Protegida (BPP),False
ML,POS_137391705952_1 julio 2025 - 1 enero 2026.xlsx_3319,2000014244673236,2025-11-12,bpp_refunded,13990.0,PAGO,1 julio 2025 - 1 enero 2026.xlsx,,,2026-05-27 15:01:20.503007,,ajustes,Ajuste por Compra Protegida (BPP),False
ML,POS_136760813931_1 julio 2025 - 1 enero 2026.xlsx_3320,2000014244667794,2025-11-12,bpp_refunded,18840.0,PAGO,1 julio 2025 - 1 enero 2026.xlsx,,,2026-05-27 15:01:20.503007,,ajustes,Ajuste por Compra Protegida (BPP),False
ML,POS_137386873912_1 julio 2025 - 1 enero 2026.xlsx_3321,2000014243858594,2025-10-12,bpp_refunded,24742.0,PAGO,1 julio 2025 - 1 enero 2026.xlsx,,,2026-05-27 15:01:20.503007,,ajustes,Ajuste por Compra Protegida (BPP),False
ML,POS_136732724343_1 julio 2025 - 1 enero 2026.xlsx_3322,2000014240618030,2025-10-12,bpp_refunded,13990.0,PAGO,1 julio 2025 - 1 enero 2026.xlsx,,,2026-05-27 15:01:20.503007,,ajustes,Ajuste por Compra Protegida (BPP),False
ML,POS_136704184327_1 julio 2025 - 1 enero 2026.xlsx_3325,2000014237679352,2025-10-12,reconciled,31490.0,PAGO,1 julio 2025 - 1 enero 2026.xlsx,,,2026-05-27 15:01:20.503007,,ajustes,Ajuste Poscobro Conciliado,False
ML,POS_136703154231_1 julio 2025 - 1 enero 2026.xlsx_3326,2000014237570734,2025-10-12,bpp_refunded,36790.0,PAGO,1 julio 2025 - 1 enero 2026.xlsx,,,2026-05-27 15:01:20.503007,,ajustes,Ajuste por Compra Protegida (BPP),False
ML,POS_137333338560_1 julio 2025 - 1 enero 2026.xlsx_3327,2000014237569024,2025-10-12,bpp_refunded,31990.0,PAGO,1 julio 2025 - 1 enero 2026.xlsx,,,2026-05-27 15:01:20.503007,,ajustes,Ajuste por Compra Protegida (BPP),False
ML,POS_137333221276_1 julio 2025 - 1 enero 2026.xlsx_3328,2000014237561526,2025-10-12,bpp_refunded,37990.0,PAGO,1 julio 2025 - 1 enero 2026.xlsx,,,2026-05-27 15:01:20.503007,,ajustes,Ajuste por Compra Protegida (BPP),False
ML,POS_136703008719_1 julio 2025 - 1 enero 2026.xlsx_3329,2000014237569026,2025-10-12,bpp_refunded,37990.0,PAGO,1 julio 2025 - 1 enero 2026.xlsx,,,2026-05-27 15:01:20.503007,,ajustes,Ajuste por Compra Protegida (BPP),False
ML,POS_137316316304_1 julio 2025 - 1 enero 2026.xlsx_3330,2000014235431526,2025-10-12,reconciled,19990.0,PAGO,1 julio 2025 - 1 enero 2026.xlsx,,,2026-05-27 15:01:20.503007,,ajustes,Ajuste Poscobro Conciliado,False
ML,POS_137306375530_1 julio 2025 - 1 enero 2026.xlsx_3331,2000014234069154,2025-10-12,bpp_refunded,18890.0,PAGO,1 julio 2025 - 1 enero 2026.xlsx,,,2026-05-27 15:01:20.503007,,ajustes,Ajuste por Compra Protegida (BPP),False
ML,POS_136677106413_1 julio 2025 - 1 enero 2026.xlsx_3332,2000014234065468,2025-10-12,bpp_refunded,21990.0,PAGO,1 julio 2025 - 1 enero 2026.xlsx,,,2026-05-27 15:01:20.503007,,ajustes,Ajuste por Compra Protegida (BPP),False
ML,POS_136677056953_1 julio 2025 - 1 enero 2026.xlsx_3333,2000014234059730,2025-10-12,bpp_refunded,17990.0,PAGO,1 julio 2025 - 1 enero 2026.xlsx,,,2026-05-27 15:01:20.503007,,ajustes,Ajuste por Compra Protegida (BPP),False
ML,POS_136677092457_1 julio 2025 - 1 enero 2026.xlsx_3334,2000014234071072,2025-10-12,bpp_refunded,29990.0,PAGO,1 julio 2025 - 1 enero 2026.xlsx,,,2026-05-27 15:01:20.503007,,ajustes,Ajuste por Compra Protegida (BPP),False
ML,POS_136676943967_1 julio 2025 - 1 enero 2026.xlsx_3335,2000014234065498,2025-10-12,bpp_refunded,18190.0,PAGO,1 julio 2025 - 1 enero 2026.xlsx,,,2026-05-27 15:01:20.503007,,ajustes,Ajuste por Compra Protegida (BPP),False
ML,POS_136664581487_1 julio 2025 - 1 enero 2026.xlsx_3336,2000014232565174,2025-10-12,reconciled,2790.0,PAGO,1 julio 2025 - 1 enero 2026.xlsx,,,2026-05-27 15:01:20.503007,,ajustes,Ajuste Poscobro Conciliado,False
ML,POS_136664567511_1 julio 2025 - 1 enero 2026.xlsx_3337,2000014232565174,2025-10-12,bpp_refunded,26000.0,PAGO,1 julio 2025 - 1 enero 2026.xlsx,,,2026-05-27 15:01:20.503007,,ajustes,Ajuste por Compra Protegida (BPP),False
ML,POS_136661629093_1 julio 2025 - 1 enero 2026.xlsx_3338,nan,2025-10-12,Ajuste Poscobro,289.0,PAGO,1 julio 2025 - 1 enero 2026.xlsx,,,2026-05-27 15:01:20.503007,,ajustes,Ajuste Poscobro General,True
ML,POS_137290357306_1 julio 2025 - 1 enero 2026.xlsx_3339,2000014232210286,2025-10-12,bpp_refunded,21930.0,PAGO,1 julio 2025 - 1 enero 2026.xlsx,,,2026-05-27 15:01:20.503007,,ajustes,Ajuste por Compra Protegida (BPP),False
ML,POS_136661112697_1 julio 2025 - 1 enero 2026.xlsx_3340,2000014232210286,2025-10-12,bpp_refunded,6060.0,PAGO,1 julio 2025 - 1 enero 2026.xlsx,,,2026-05-27 15:01:20.503007,,ajustes,Ajuste por Compra Protegida (BPP),False
ML,POS_137289373586_1 julio 2025 - 1 enero 2026.xlsx_3343,2000014232106508,2025-10-12,bpp_refunded,22390.0,PAGO,1 julio 2025 - 1 enero 2026.xlsx,,,2026-05-27 15:01:20.503007,,ajustes,Ajuste por Compra Protegida (BPP),False
ML,POS_136654280221_1 julio 2025 - 1 enero 2026.xlsx_3344,2000014231454122,2025-10-12,bpp_refunded,43390.0,PAGO,1 julio 2025 - 1 enero 2026.xlsx,,,2026-05-27 15:01:20.503007,,ajustes,Ajuste por Compra Protegida (BPP),False
ML,POS_136637684431_1 julio 2025 - 1 enero 2026.xlsx_3345,2000014229575784,2025-10-12,bpp_refunded,27990.0,PAGO,1 julio 2025 - 1 enero 2026.xlsx,,,2026-05-27 15:01:20.503007,,ajustes,Ajuste por Compra Protegida (BPP),False
ML,POS_137259742008_1 julio 2025 - 1 enero 2026.xlsx_3346,2000014228906912,2025-10-12,reconciled,20990.0,PAGO,1 julio 2025 - 1 enero 2026.xlsx,,,2026-05-27 15:01:20.503007,,ajustes,Ajuste Poscobro Conciliado,False
ML,POS_136604349421_1 julio 2025 - 1 enero 2026.xlsx_3347,2000014226548734,2025-09-12,bpp_refunded,36990.0,PAGO,1 julio 2025 - 1 enero 2026.xlsx,,,2026-05-27 15:01:20.503007,,ajustes,Ajuste por Compra Protegida (BPP),False
ML,POS_136601576977_1 julio 2025 - 1 enero 2026.xlsx_3348,2000014226042862,2025-09-12,bpp_refunded,32990.0,PAGO,1 julio 2025 - 1 enero 2026.xlsx,,,2026-05-27 15:01:20.503007,,ajustes,Ajuste por Compra Protegida (BPP),False
ML,POS_137228379470_1 julio 2025 - 1 enero 2026.xlsx_3349,2000014225660946,2025-09-12,bpp_refunded,9990.0,PAGO,1 julio 2025 - 1 enero 2026.xlsx,,,2026-05-27 15:01:20.503007,,ajustes,Ajuste por Compra Protegida (BPP),False
ML,POS_137228458200_1 julio 2025 - 1 enero 2026.xlsx_3350,2000014225668474,2025-09-12,bpp_refunded,32990.0,PAGO,1 julio 2025 - 1 enero 2026.xlsx,,,2026-05-27 15:01:20.503007,,ajustes,Ajuste por Compra Protegida (BPP),False
ML,POS_136599495235_1 julio 2025 - 1 enero 2026.xlsx_3351,2000014225655350,2025-09-12,bpp_refunded,9990.0,PAGO,1 julio 2025 - 1 enero 2026.xlsx,,,2026-05-27 15:01:20.503007,,ajustes,Ajuste por Compra Protegida (BPP),False
ML,POS_137228440760_1 julio 2025 - 1 enero 2026.xlsx_3352,2000014225664858,2025-09-12,bpp_refunded,9990.0,PAGO,1 julio 2025 - 1 enero 2026.xlsx,,,2026-05-27 15:01:20.503007,,ajustes,Ajuste por Compra Protegida (BPP),False
ML,POS_136599495221_1 julio 2025 - 1 enero 2026.xlsx_3353,2000014225657206,2025-09-12,bpp_refunded,32990.0,PAGO,1 julio 2025 - 1 enero 2026.xlsx,,,2026-05-27 15:01:20.503007,,ajustes,Ajuste por Compra Protegida (BPP),False
ML,POS_137228430194_1 julio 2025 - 1 enero 2026.xlsx_3354,2000014225668538,2025-09-12,bpp_refunded,16090.0,PAGO,1 julio 2025 - 1 enero 2026.xlsx,,,2026-05-27 15:01:20.503007,,ajustes,Ajuste por Compra Protegida (BPP),False
ML,POS_137228376714_1 julio 2025 - 1 enero 2026.xlsx_3355,2000014225657304,2025-09-12,bpp_refunded,16090.0,PAGO,1 julio 2025 - 1 enero 2026.xlsx,,,2026-05-27 15:01:20.503007,,ajustes,Ajuste por Compra Protegida (BPP),False
ML,POS_136599375409_1 julio 2025 - 1 enero 2026.xlsx_3356,2000014225648568,2025-09-12,bpp_refunded,31490.0,PAGO,1 julio 2025 - 1 enero 2026.xlsx,,,2026-05-27 15:01:20.503007,,ajustes,Ajuste por Compra Protegida (BPP),False
ML,POS_136597774619_1 julio 2025 - 1 enero 2026.xlsx_3358,2000014225288302,2025-09-12,bpp_refunded,23390.0,PAGO,1 julio 2025 - 1 enero 2026.xlsx,,,2026-05-27 15:01:20.503007,,ajustes,Ajuste por Compra Protegida (BPP),False
ML,POS_137221158978_1 julio 2025 - 1 enero 2026.xlsx_3359,2000014224405840,2025-09-12,bpp_refunded,31492.0,PAGO,1 julio 2025 - 1 enero 2026.xlsx,,,2026-05-27 15:01:20.503007,,ajustes,Ajuste por Compra Protegida (BPP),False
ML,POS_137218336676_1 julio 2025 - 1 enero 2026.xlsx_3360,2000014223995640,2025-09-12,bpp_refunded,31490.0,PAGO,1 julio 2025 - 1 enero 2026.xlsx,,,2026-05-27 15:01:20.503007,,ajustes,Ajuste por Compra Protegida (BPP),False
ML,POS_136583536459_1 julio 2025 - 1 enero 2026.xlsx_3361,2000014223154260,2025-09-12,reconciled,34990.0,PAGO,1 julio 2025 - 1 enero 2026.xlsx,,,2026-05-27 15:01:20.503007,,ajustes,Ajuste Poscobro Conciliado,False
ML,POS_136572989403_1 julio 2025 - 1 enero 2026.xlsx_3362,2000014221937052,2025-09-12,bpp_refunded,22390.0,PAGO,1 julio 2025 - 1 enero 2026.xlsx,,,2026-05-27 15:01:20.503007,,ajustes,Ajuste por Compra Protegida (BPP),False
ML,POS_136562597881_1 julio 2025 - 1 enero 2026.xlsx_3363,2000014220818136,2025-09-12,bpp_refunded,32990.0,PAGO,1 julio 2025 - 1 enero 2026.xlsx,,,2026-05-27 15:01:20.503007,,ajustes,Ajuste por Compra Protegida (BPP),False
ML,POS_137188634754_1 julio 2025 - 1 enero 2026.xlsx_3364,2000014220499128,2025-09-12,bpp_refunded,31490.0,PAGO,1 julio 2025 - 1 enero 2026.xlsx,,,2026-05-27 15:01:20.503007,,ajustes,Ajuste por Compra Protegida (BPP),False
ML,POS_136559224133_1 julio 2025 - 1 enero 2026.xlsx_3365,2000014220426274,2025-09-12,bpp_refunded,31490.0,PAGO,1 julio 2025 - 1 enero 2026.xlsx,,,2026-05-27 15:01:20.503007,,ajustes,Ajuste por Compra Protegida (BPP),False
ML,POS_136554383581_1 julio 2025 - 1 enero 2026.xlsx_3366,2000014219866304,2025-09-12,bpp_refunded,31490.0,PAGO,1 julio 2025 - 1 enero 2026.xlsx,,,2026-05-27 15:01:20.503007,,ajustes,Ajuste por Compra Protegida (BPP),False
ML,POS_137181262268_1 julio 2025 - 1 enero 2026.xlsx_3367,2000014219666558,2025-09-12,bpp_refunded,13990.0,PAGO,1 julio 2025 - 1 enero 2026.xlsx,,,2026-05-27 15:01:20.503007,,ajustes,Ajuste por Compra Protegida (BPP),False
ML,POS_137181224580_1 julio 2025 - 1 enero 2026.xlsx_3368,2000014219662674,2025-09-12,bpp_refunded,21990.0,PAGO,1 julio 2025 - 1 enero 2026.xlsx,,,2026-05-27 15:01:20.503007,,ajustes,Ajuste por Compra Protegida (BPP),False
ML,POS_136539623031_1 julio 2025 - 1 enero 2026.xlsx_3369,nan,2025-09-12,Ajuste Poscobro,289.0,PAGO,1 julio 2025 - 1 enero 2026.xlsx,,,2026-05-27 15:01:20.503007,,ajustes,Ajuste Poscobro General,True
ML,POS_136539467183_1 julio 2025 - 1 enero 2026.xlsx_3370,2000014217841764,2025-09-12,bpp_refunded,31490.0,PAGO,1 julio 2025 - 1 enero 2026.xlsx,,,2026-05-27 15:01:20.503007,,ajustes,Ajuste por Compra Protegida (BPP),False
ML,POS_137165759820_1 julio 2025 - 1 enero 2026.xlsx_3371,2000014217522768,2025-09-12,bpp_covered,16090.0,PAGO,1 julio 2025 - 1 enero 2026.xlsx,,,2026-05-27 15:01:20.503007,,ajustes,Ajuste por Compra Protegida (BPP),True
ML,POS_136536780001_1 julio 2025 - 1 enero 2026.xlsx_3372,2000014217511362,2025-09-12,bpp_refunded,26590.0,PAGO,1 julio 2025 - 1 enero 2026.xlsx,,,2026-05-27 15:01:20.503007,,ajustes,Ajuste por Compra Protegida (BPP),False
ML,POS_136533794629_1 julio 2025 - 1 enero 2026.xlsx_3373,2000014217001618,2025-09-12,bpp_refunded,20790.0,PAGO,1 julio 2025 - 1 enero 2026.xlsx,,,2026-05-27 15:01:20.503007,,ajustes,Ajuste por Compra Protegida (BPP),False
ML,POS_137161759956_1 julio 2025 - 1 enero 2026.xlsx_3374,2000014216900430,2025-09-12,bpp_refunded,9990.0,PAGO,1 julio 2025 - 1 enero 2026.xlsx,,,2026-05-27 15:01:20.503007,,ajustes,Ajuste por Compra Protegida (BPP),False
ML,POS_137161952146_1 julio 2025 - 1 enero 2026.xlsx_3375,2000014216896806,2025-09-12,bpp_refunded,9990.0,PAGO,1 julio 2025 - 1 enero 2026.xlsx,,,2026-05-27 15:01:20.503007,,ajustes,Ajuste por Compra Protegida (BPP),False
ML,POS_137161799158_1 julio 2025 - 1 enero 2026.xlsx_3376,2000014216895212,2025-09-12,bpp_refunded,9990.0,PAGO,1 julio 2025 - 1 enero 2026.xlsx,,,2026-05-27 15:01:20.503007,,ajustes,Ajuste por Compra Protegida (BPP),False
ML,POS_137124257606_1 julio 2025 - 1 enero 2026.xlsx_3377,2000014212259570,2025-09-12,reconciled,26590.0,PAGO,1 julio 2025 - 1 enero 2026.xlsx,,,2026-05-27 15:01:20.503007,,ajustes,Ajuste Poscobro Conciliado,False
ML,POS_136495673731_1 julio 2025 - 1 enero 2026.xlsx_3378,2000014212163896,2025-09-12,bpp_refunded,39990.0,PAGO,1 julio 2025 - 1 enero 2026.xlsx,,,2026-05-27 15:01:20.503007,,ajustes,Ajuste por Compra Protegida (BPP),False
ML,POS_137110254412_1 julio 2025 - 1 enero 2026.xlsx_3379,2000014210740654,2025-09-12,bpp_refunded,9990.0,PAGO,1 julio 2025 - 1 enero 2026.xlsx,,,2026-05-27 15:01:20.503007,,ajustes,Ajuste por Compra Protegida (BPP),False
ML,POS_137110280348_1 julio 2025 - 1 enero 2026.xlsx_3380,2000014210742378,2025-09-12,bpp_refunded,9990.0,PAGO,1 julio 2025 - 1 enero 2026.xlsx,,,2026-05-27 15:01:20.503007,,ajustes,Ajuste por Compra Protegida (BPP),False
ML,POS_136483983429_1 julio 2025 - 1 enero 2026.xlsx_3381,2000014210740652,2025-09-12,bpp_refunded,9990.0,PAGO,1 julio 2025 - 1 enero 2026.xlsx,,,2026-05-27 15:01:20.503007,,ajustes,Ajuste por Compra Protegida (BPP),False
ML,POS_137059579216_1 julio 2025 - 1 enero 2026.xlsx_3382,2000014204373476,2025-08-12,bpp_refunded,21990.0,PAGO,1 julio 2025 - 1 enero 2026.xlsx,,,2026-05-27 15:01:20.503007,,ajustes,Ajuste por Compra Protegida (BPP),False
ML,POS_136424582303_1 julio 2025 - 1 enero 2026.xlsx_3383,2000014203023108,2025-08-12,Ajuste Poscobro,28990.0,PAGO,1 julio 2025 - 1 enero 2026.xlsx,,,2026-05-27 15:01:20.503007,,ajustes,Ajuste Poscobro General,True
ML,POS_136424025857_1 julio 2025 - 1 enero 2026.xlsx_3384,2000014202984978,2025-08-12,bpp_refunded,22990.0,PAGO,1 julio 2025 - 1 enero 2026.xlsx,,,2026-05-27 15:01:20.503007,,ajustes,Ajuste por Compra Protegida (BPP),False
ML,POS_137044117976_1 julio 2025 - 1 enero 2026.xlsx_3385,2000014202264786,2025-08-12,reconciled,25990.0,PAGO,1 julio 2025 - 1 enero 2026.xlsx,,,2026-05-27 15:01:20.503007,,ajustes,Ajuste Poscobro Conciliado,False
ML,POS_136383728405_1 julio 2025 - 1 enero 2026.xlsx_3386,2000014196933726,2025-08-12,bpp_refunded,17990.0,PAGO,1 julio 2025 - 1 enero 2026.xlsx,,,2026-05-27 15:01:20.503007,,ajustes,Ajuste por Compra Protegida (BPP),False
ML,POS_136383562995_1 julio 2025 - 1 enero 2026.xlsx_3387,2000014196942094,2025-08-12,bpp_refunded,21990.0,PAGO,1 julio 2025 - 1 enero 2026.xlsx,,,2026-05-27 15:01:20.503007,,ajustes,Ajuste por Compra Protegida (BPP),False
ML,POS_136362734231_1 julio 2025 - 1 enero 2026.xlsx_3388,2000014194393036,2025-08-12,Ajuste Poscobro,14990.0,PAGO,1 julio 2025 - 1 enero 2026.xlsx,,,2026-05-27 15:01:20.503007,,ajustes,Ajuste Poscobro General,True
ML,POS_136962502272_1 julio 2025 - 1 enero 2026.xlsx_3389,2000014191793590,2025-08-12,reconciled,33990.0,PAGO,1 julio 2025 - 1 enero 2026.xlsx,,,2026-05-27 15:01:20.503007,,ajustes,Ajuste Poscobro Conciliado,False
ML,POS_136960125834_1 julio 2025 - 1 enero 2026.xlsx_3390,2000014191501786,2025-08-12,bpp_refunded,33990.0,PAGO,1 julio 2025 - 1 enero 2026.xlsx,,,2026-05-27 15:01:20.503007,,ajustes,Ajuste por Compra Protegida (BPP),False
ML,POS_136306396387_1 julio 2025 - 1 enero 2026.xlsx_3391,2000014187192168,2025-07-12,reconciled,28990.0,PAGO,1 julio 2025 - 1 enero 2026.xlsx,,,2026-05-27 15:01:20.503007,,ajustes,Ajuste Poscobro Conciliado,False
ML,POS_136907874178_1 julio 2025 - 1 enero 2026.xlsx_3392,2000014184073588,2025-07-12,reconciled,32990.0,PAGO,1 julio 2025 - 1 enero 2026.xlsx,,,2026-05-27 15:01:20.503007,,ajustes,Ajuste Poscobro Conciliado,False
ML,POS_136904617536_1 julio 2025 - 1 enero 2026.xlsx_3393,2000014183646412,2025-07-12,reconciled,22990.0,PAGO,1 julio 2025 - 1 enero 2026.xlsx,,,2026-05-27 15:01:20.503007,,ajustes,Ajuste Poscobro Conciliado,False
ML,POS_136899230080_1 julio 2025 - 1 enero 2026.xlsx_3394,2000014182859526,2025-07-12,bpp_refunded,28990.0,PAGO,1 julio 2025 - 1 enero 2026.xlsx,,,2026-05-27 15:01:20.503007,,ajustes,Ajuste por Compra Protegida (BPP),False
ML,POS_136894507538_1 julio 2025 - 1 enero 2026.xlsx_3395,2000014182293312,2025-07-12,bpp_refunded,34990.0,PAGO,1 julio 2025 - 1 enero 2026.xlsx,,,2026-05-27 15:01:20.503007,,ajustes,Ajuste por Compra Protegida (BPP),False
ML,POS_136264721427_1 julio 2025 - 1 enero 2026.xlsx_3396,2000014181665760,2025-07-12,bpp_refunded,22990.0,PAGO,1 julio 2025 - 1 enero 2026.xlsx,,,2026-05-27 15:01:20.503007,,ajustes,Ajuste por Compra Protegida (BPP),False
ML,POS_136861830092_1 julio 2025 - 1 enero 2026.xlsx_3397,2000014178867502,2025-07-12,bpp_refunded,48990.0,PAGO,1 julio 2025 - 1 enero 2026.xlsx,,,2026-05-27 15:01:20.503007,,ajustes,Ajuste por Compra Protegida (BPP),False
ML,POS_136836387020_1 julio 2025 - 1 enero 2026.xlsx_3398,2000014176128252,2025-06-12,reconciled,19471.0,PAGO,1 julio 2025 - 1 enero 2026.xlsx,,,2026-05-27 15:01:20.503007,,ajustes,Ajuste Poscobro Conciliado,False
ML,POS_136836393084_1 julio 2025 - 1 enero 2026.xlsx_3399,2000014176128252,2025-06-12,bpp_refunded,4519.0,PAGO,1 julio 2025 - 1 enero 2026.xlsx,,,2026-05-27 15:01:20.503007,,ajustes,Ajuste por Compra Protegida (BPP),False
ML,POS_136191031983_1 julio 2025 - 1 enero 2026.xlsx_3402,2000014174299138,2025-06-12,bpp_refunded,25990.0,PAGO,1 julio 2025 - 1 enero 2026.xlsx,,,2026-05-27 15:01:20.503007,,ajustes,Ajuste por Compra Protegida (BPP),False
ML,POS_136183542755_1 julio 2025 - 1 enero 2026.xlsx_3403,2000014173674896,2025-06-12,bpp_refunded,8000.0,PAGO,1 julio 2025 - 1 enero 2026.xlsx,,,2026-05-27 15:01:20.503007,,ajustes,Ajuste por Compra Protegida (BPP),False
ML,POS_136807265198_1 julio 2025 - 1 enero 2026.xlsx_3405,2000014173674896,2025-06-12,bpp_refunded,28990.0,PAGO,1 julio 2025 - 1 enero 2026.xlsx,,,2026-05-27 15:01:20.503007,,ajustes,Ajuste por Compra Protegida (BPP),False
ML,POS_136170586245_1 julio 2025 - 1 enero 2026.xlsx_3407,2000014172593334,2025-06-12,reconciled,30392.0,PAGO,1 julio 2025 - 1 enero 2026.xlsx,,,2026-05-27 15:01:20.503007,,ajustes,Ajuste Poscobro Conciliado,False
ML,POS_136152998805_1 julio 2025 - 1 enero 2026.xlsx_3408,2000014170879776,2025-06-12,bpp_refunded,27990.0,PAGO,1 julio 2025 - 1 enero 2026.xlsx,,,2026-05-27 15:01:20.503007,,ajustes,Ajuste por Compra Protegida (BPP),False
ML,POS_136153028261_1 julio 2025 - 1 enero 2026.xlsx_3409,2000014170887408,2025-06-12,bpp_refunded,21990.0,PAGO,1 julio 2025 - 1 enero 2026.xlsx,,,2026-05-27 15:01:20.503007,,ajustes,Ajuste por Compra Protegida (BPP),False
ML,POS_136138748439_1 julio 2025 - 1 enero 2026.xlsx_3410,2000014169500242,2025-06-12,bpp_refunded,10995.0,PAGO,1 julio 2025 - 1 enero 2026.xlsx,,,2026-05-27 15:01:20.503007,,ajustes,Ajuste por Compra Protegida (BPP),False
ML,POS_136762808554_1 julio 2025 - 1 enero 2026.xlsx_3411,2000014169500242,2025-06-12,reconciled,10995.0,PAGO,1 julio 2025 - 1 enero 2026.xlsx,,,2026-05-27 15:01:20.503007,,ajustes,Ajuste Poscobro Conciliado,False
ML,POS_136726767990_1 julio 2025 - 1 enero 2026.xlsx_3412,2000014166595888,2025-06-12,reconciled,19990.0,PAGO,1 julio 2025 - 1 enero 2026.xlsx,,,2026-05-27 15:01:20.503007,,ajustes,Ajuste Poscobro Conciliado,False
ML,POS_136082546567_1 julio 2025 - 1 enero 2026.xlsx_3413,2000014164587756,2025-06-12,bpp_refunded,29990.0,PAGO,1 julio 2025 - 1 enero 2026.xlsx,,,2026-05-27 15:01:20.503007,,ajustes,Ajuste por Compra Protegida (BPP),False
ML,POS_136075381183_1 julio 2025 - 1 enero 2026.xlsx_3414,2000014163767494,2025-05-12,bpp_refunded,33990.0,PAGO,1 julio 2025 - 1 enero 2026.xlsx,,,2026-05-27 15:01:20.503007,,ajustes,Ajuste por Compra Protegida (BPP),False
ML,POS_136010823531_1 julio 2025 - 1 enero 2026.xlsx_3415,2000014158208392,2025-05-12,reconciled,39990.0,PAGO,1 julio 2025 - 1 enero 2026.xlsx,,,2026-05-27 15:01:20.503007,,ajustes,Ajuste Poscobro Conciliado,False
ML,POS_135995296369_1 julio 2025 - 1 enero 2026.xlsx_3416,2000014156507032,2025-05-12,reconciled,25592.0,PAGO,1 julio 2025 - 1 enero 2026.xlsx,,,2026-05-27 15:01:20.503007,,ajustes,Ajuste Poscobro Conciliado,False
ML,POS_135995015611_1 julio 2025 - 1 enero 2026.xlsx_3417,2000014156487592,2025-05-12,reconciled,21990.0,PAGO,1 julio 2025 - 1 enero 2026.xlsx,,,2026-05-27 15:01:20.503007,,ajustes,Ajuste Poscobro Conciliado,False
ML,POS_136614431162_1 julio 2025 - 1 enero 2026.xlsx_3418,2000014156061994,2025-05-12,Ajuste Poscobro,22990.0,PAGO,1 julio 2025 - 1 enero 2026.xlsx,,,2026-05-27 15:01:20.503007,,ajustes,Ajuste Poscobro General,True
ML,POS_135966165911_1 julio 2025 - 1 enero 2026.xlsx_3419,2000014153620262,2025-05-12,bpp_refunded,25190.0,PAGO,1 julio 2025 - 1 enero 2026.xlsx,,,2026-05-27 15:01:20.503007,,ajustes,Ajuste por Compra Protegida (BPP),False
ML,POS_135966167775_1 julio 2025 - 1 enero 2026.xlsx_3420,2000014153607482,2025-05-12,bpp_refunded,17390.0,PAGO,1 julio 2025 - 1 enero 2026.xlsx,,,2026-05-27 15:01:20.503007,,ajustes,Ajuste por Compra Protegida (BPP),False
ML,POS_135903725787_1 julio 2025 - 1 enero 2026.xlsx_3421,2000014147929344,2025-04-12,bpp_refunded,31490.0,PAGO,1 julio 2025 - 1 enero 2026.xlsx,,,2026-05-27 15:01:20.503007,,ajustes,Ajuste por Compra Protegida (BPP),False
ML,POS_135901660037_1 julio 2025 - 1 enero 2026.xlsx_3422,2000014147670994,2025-04-12,bpp_refunded,34990.0,PAGO,1 julio 2025 - 1 enero 2026.xlsx,,,2026-05-27 15:01:20.503007,,ajustes,Ajuste por Compra Protegida (BPP),False
ML,POS_135886954251_1 julio 2025 - 1 enero 2026.xlsx_3423,2000014145902036,2025-04-12,bpp_refunded,26590.0,PAGO,1 julio 2025 - 1 enero 2026.xlsx,,,2026-05-27 15:01:20.503007,,ajustes,Ajuste por Compra Protegida (BPP),False
ML,POS_136509638668_1 julio 2025 - 1 enero 2026.xlsx_3424,2000014145900288,2025-04-12,bpp_refunded,18840.0,PAGO,1 julio 2025 - 1 enero 2026.xlsx,,,2026-05-27 15:01:20.503007,,ajustes,Ajuste por Compra Protegida (BPP),False
ML,POS_135885376349_1 julio 2025 - 1 enero 2026.xlsx_3425,2000014145740076,2025-04-12,reconciled,32990.0,PAGO,1 julio 2025 - 1 enero 2026.xlsx,,,2026-05-27 15:01:20.503007,,ajustes,Ajuste Poscobro Conciliado,False
ML,POS_136502657222_1 julio 2025 - 1 enero 2026.xlsx_3426,2000014145195738,2025-04-12,bpp_refunded,67990.0,PAGO,1 julio 2025 - 1 enero 2026.xlsx,,,2026-05-27 15:01:20.503007,,ajustes,Ajuste por Compra Protegida (BPP),False
ML,POS_135875808875_1 julio 2025 - 1 enero 2026.xlsx_3427,2000014144786934,2025-04-12,reconciled,31490.0,PAGO,1 julio 2025 - 1 enero 2026.xlsx,,,2026-05-27 15:01:20.503007,,ajustes,Ajuste Poscobro Conciliado,False
ML,POS_136496070210_1 julio 2025 - 1 enero 2026.xlsx_3428,2000014144572296,2025-04-12,bpp_refunded,22390.0,PAGO,1 julio 2025 - 1 enero 2026.xlsx,,,2026-05-27 15:01:20.503007,,ajustes,Ajuste por Compra Protegida (BPP),False
ML,POS_135871556727_1 julio 2025 - 1 enero 2026.xlsx_3429,2000014144366726,2025-04-12,bpp_refunded,16490.0,PAGO,1 julio 2025 - 1 enero 2026.xlsx,,,2026-05-27 15:01:20.503007,,ajustes,Ajuste por Compra Protegida (BPP),False
ML,POS_136486974610_1 julio 2025 - 1 enero 2026.xlsx_3430,nan,2025-04-12,refunded,1208.0,PAGO,1 julio 2025 - 1 enero 2026.xlsx,,,2026-05-27 15:01:20.503007,,ajustes,Ajuste Poscobro General,True
ML,POS_135845448649_1 julio 2025 - 1 enero 2026.xlsx_3431,nan,2025-04-12,Ajuste Poscobro,299.0,PAGO,1 julio 2025 - 1 enero 2026.xlsx,,,2026-05-27 15:01:20.503007,,ajustes,Ajuste Poscobro General,True
ML,POS_135841776529_1 julio 2025 - 1 enero 2026.xlsx_3432,2000014141023648,2025-04-12,reconciled,39890.0,PAGO,1 julio 2025 - 1 enero 2026.xlsx,,,2026-05-27 15:01:20.503007,,ajustes,Ajuste Poscobro Conciliado,False
ML,POS_135835824213_1 julio 2025 - 1 enero 2026.xlsx_3433,2000014140177054,2025-04-12,reconciled,31490.0,PAGO,1 julio 2025 - 1 enero 2026.xlsx,,,2026-05-27 15:01:20.503007,,ajustes,Ajuste Poscobro Conciliado,False
ML,POS_136453138226_1 julio 2025 - 1 enero 2026.xlsx_3434,nan,2025-04-12,bpp_refunded,5790.0,PAGO,1 julio 2025 - 1 enero 2026.xlsx,,,2026-05-27 15:01:20.503007,,ajustes,Ajuste por Compra Protegida (BPP),False
ML,POS_136453051212_1 julio 2025 - 1 enero 2026.xlsx_3435,2000014139565814,2025-04-12,bpp_refunded,17490.0,PAGO,1 julio 2025 - 1 enero 2026.xlsx,,,2026-05-27 15:01:20.503007,,ajustes,Ajuste por Compra Protegida (BPP),False
ML,POS_136440992790_1 julio 2025 - 1 enero 2026.xlsx_3436,nan,2025-04-12,Ajuste Poscobro,299.0,PAGO,1 julio 2025 - 1 enero 2026.xlsx,,,2026-05-27 15:01:20.503007,,ajustes,Ajuste Poscobro General,True
ML,POS_136440726674_1 julio 2025 - 1 enero 2026.xlsx_3437,2000014123994442,2025-04-12,reconciled,23790.0,PAGO,1 julio 2025 - 1 enero 2026.xlsx,,,2026-05-27 15:01:20.503007,,ajustes,Ajuste Poscobro Conciliado,False
ML,POS_135813576129_1 julio 2025 - 1 enero 2026.xlsx_3438,2000014137527526,2025-04-12,bpp_refunded,27990.0,PAGO,1 julio 2025 - 1 enero 2026.xlsx,,,2026-05-27 15:01:20.503007,,ajustes,Ajuste por Compra Protegida (BPP),False
ML,POS_136422032358_1 julio 2025 - 1 enero 2026.xlsx_3439,2000014136040408,2025-04-12,reconciled,16801.0,PAGO,1 julio 2025 - 1 enero 2026.xlsx,,,2026-05-27 15:01:20.503007,,ajustes,Ajuste Poscobro Conciliado,False
ML,POS_136421933590_1 julio 2025 - 1 enero 2026.xlsx_3440,2000014136040408,2025-04-12,bpp_refunded,1389.0,PAGO,1 julio 2025 - 1 enero 2026.xlsx,,,2026-05-27 15:01:20.503007,,ajustes,Ajuste por Compra Protegida (BPP),False
ML,POS_136403951450_1 julio 2025 - 1 enero 2026.xlsx_3443,2000014134325074,2025-04-12,bpp_refunded,35190.0,PAGO,1 julio 2025 - 1 enero 2026.xlsx,,,2026-05-27 15:01:20.503007,,ajustes,Ajuste por Compra Protegida (BPP),False
ML,POS_136382505848_1 julio 2025 - 1 enero 2026.xlsx_3444,2000014132497214,2025-03-12,reconciled,11844.0,PAGO,1 julio 2025 - 1 enero 2026.xlsx,,,2026-05-27 15:01:20.503007,,ajustes,Ajuste Poscobro Conciliado,False
ML,POS_135761620833_1 julio 2025 - 1 enero 2026.xlsx_3445,2000014132567556,2025-03-12,bpp_refunded,28790.0,PAGO,1 julio 2025 - 1 enero 2026.xlsx,,,2026-05-27 15:01:20.503007,,ajustes,Ajuste por Compra Protegida (BPP),False
ML,POS_136372715106_1 julio 2025 - 1 enero 2026.xlsx_3446,2000014130869804,2025-03-12,bpp_refunded,11990.0,PAGO,1 julio 2025 - 1 enero 2026.xlsx,,,2026-05-27 15:01:20.503007,,ajustes,Ajuste por Compra Protegida (BPP),False
ML,POS_135750137583_1 julio 2025 - 1 enero 2026.xlsx_3447,2000014130669554,2025-03-12,bpp_refunded,28790.0,PAGO,1 julio 2025 - 1 enero 2026.xlsx,,,2026-05-27 15:01:20.503007,,ajustes,Ajuste por Compra Protegida (BPP),False
ML,POS_135745120559_1 julio 2025 - 1 enero 2026.xlsx_3448,2000014129998130,2025-03-12,reconciled,35190.0,PAGO,1 julio 2025 - 1 enero 2026.xlsx,,,2026-05-27 15:01:20.503007,,ajustes,Ajuste Poscobro Conciliado,False
ML,POS_136357771686_1 julio 2025 - 1 enero 2026.xlsx_3449,2000014128996934,2025-03-12,bpp_refunded,24990.0,PAGO,1 julio 2025 - 1 enero 2026.xlsx,,,2026-05-27 15:01:20.503007,,ajustes,Ajuste por Compra Protegida (BPP),False
ML,POS_136357842680_1 julio 2025 - 1 enero 2026.xlsx_3450,2000014128985736,2025-03-12,bpp_refunded,19790.0,PAGO,1 julio 2025 - 1 enero 2026.xlsx,,,2026-05-27 15:01:20.503007,,ajustes,Ajuste por Compra Protegida (BPP),False
ML,POS_136347004114_1 julio 2025 - 1 enero 2026.xlsx_3451,2000014127777198,2025-03-12,reconciled,29790.0,PAGO,1 julio 2025 - 1 enero 2026.xlsx,,,2026-05-27 15:01:20.503007,,ajustes,Ajuste Poscobro Conciliado,False
ML,POS_135721781363_1 julio 2025 - 1 enero 2026.xlsx_3454,2000014127322914,2025-03-12,reconciled,21760.0,PAGO,1 julio 2025 - 1 enero 2026.xlsx,,,2026-05-27 15:01:20.503007,,ajustes,Ajuste Poscobro Conciliado,False
ML,POS_136326243684_1 julio 2025 - 1 enero 2026.xlsx_3456,nan,2025-03-12,Ajuste Poscobro,299.0,PAGO,1 julio 2025 - 1 enero 2026.xlsx,,,2026-05-27 15:01:20.503007,,ajustes,Ajuste Poscobro General,True
ML,POS_136326029386_1 julio 2025 - 1 enero 2026.xlsx_3457,2000014125323616,2025-03-12,bpp_refunded,25190.0,PAGO,1 julio 2025 - 1 enero 2026.xlsx,,,2026-05-27 15:01:20.503007,,ajustes,Ajuste por Compra Protegida (BPP),False
ML,POS_136316342150_1 julio 2025 - 1 enero 2026.xlsx_3458,2000014123994442,2025-03-12,compensated,20000.0,PAGO,1 julio 2025 - 1 enero 2026.xlsx,,,2026-05-27 15:01:20.503007,,ajustes,Ajuste Poscobro Conciliado,True
ML,POS_136284570910_1 julio 2025 - 1 enero 2026.xlsx_3459,nan,2025-03-12,Ajuste Poscobro,309.0,PAGO,1 julio 2025 - 1 enero 2026.xlsx,,,2026-05-27 15:01:20.503007,,ajustes,Ajuste Poscobro General,True
ML,POS_135664095867_1 julio 2025 - 1 enero 2026.xlsx_3460,nan,2025-03-12,Ajuste Poscobro,309.0,PAGO,1 julio 2025 - 1 enero 2026.xlsx,,,2026-05-27 15:01:20.503007,,ajustes,Ajuste Poscobro General,True
ML,POS_136284332448_1 julio 2025 - 1 enero 2026.xlsx_3461,2000014119995010,2025-03-12,bpp_refunded,20790.0,PAGO,1 julio 2025 - 1 enero 2026.xlsx,,,2026-05-27 15:01:20.503007,,ajustes,Ajuste por Compra Protegida (BPP),False
ML,POS_135664132787_1 julio 2025 - 1 enero 2026.xlsx_3462,2000014119995008,2025-03-12,bpp_refunded,18190.0,PAGO,1 julio 2025 - 1 enero 2026.xlsx,,,2026-05-27 15:01:20.503007,,ajustes,Ajuste por Compra Protegida (BPP),False
ML,POS_136284009206_1 julio 2025 - 1 enero 2026.xlsx_3463,2000014119980076,2025-03-12,compensated,27990.0,PAGO,1 julio 2025 - 1 enero 2026.xlsx,,,2026-05-27 15:01:20.503007,,ajustes,Ajuste Poscobro Conciliado,True
ML,POS_135659600703_1 julio 2025 - 1 enero 2026.xlsx_3464,nan,2025-03-12,Ajuste Poscobro,289.0,PAGO,1 julio 2025 - 1 enero 2026.xlsx,,,2026-05-27 15:01:20.503007,,ajustes,Ajuste Poscobro General,True
ML,POS_136279609450_1 julio 2025 - 1 enero 2026.xlsx_3465,nan,2025-03-12,Ajuste Poscobro,309.0,PAGO,1 julio 2025 - 1 enero 2026.xlsx,,,2026-05-27 15:01:20.503007,,ajustes,Ajuste Poscobro General,True
ML,POS_135659358353_1 julio 2025 - 1 enero 2026.xlsx_3466,2000014119446324,2025-03-12,reconciled,25190.0,PAGO,1 julio 2025 - 1 enero 2026.xlsx,,,2026-05-27 15:01:20.503007,,ajustes,Ajuste Poscobro Conciliado,False
ML,POS_135658969307_1 julio 2025 - 1 enero 2026.xlsx_3467,2000014119405276,2025-03-12,bpp_refunded,24490.0,PAGO,1 julio 2025 - 1 enero 2026.xlsx,,,2026-05-27 15:01:20.503007,,ajustes,Ajuste por Compra Protegida (BPP),False
ML,POS_136268531156_1 julio 2025 - 1 enero 2026.xlsx_3468,2000014118238098,2025-03-12,bpp_refunded,27990.0,PAGO,1 julio 2025 - 1 enero 2026.xlsx,,,2026-05-27 15:01:20.503007,,ajustes,Ajuste por Compra Protegida (BPP),False
ML,POS_135637160929_1 julio 2025 - 1 enero 2026.xlsx_3469,2000014117154790,2025-03-12,bpp_refunded,16090.0,PAGO,1 julio 2025 - 1 enero 2026.xlsx,,,2026-05-27 15:01:20.503007,,ajustes,Ajuste por Compra Protegida (BPP),False
ML,POS_135618154937_1 julio 2025 - 1 enero 2026.xlsx_3470,2000014115474844,2025-02-12,bpp_refunded,20990.0,PAGO,1 julio 2025 - 1 enero 2026.xlsx,,,2026-05-27 15:01:20.503007,,ajustes,Ajuste por Compra Protegida (BPP),False
ML,POS_136237361854_1 julio 2025 - 1 enero 2026.xlsx_3471,2000014115393774,2025-02-12,bpp_refunded,27990.0,PAGO,1 julio 2025 - 1 enero 2026.xlsx,,,2026-05-27 15:01:20.503007,,ajustes,Ajuste por Compra Protegida (BPP),False
ML,POS_135616266069_1 julio 2025 - 1 enero 2026.xlsx_3472,2000014115154514,2025-02-12,bpp_refunded,49990.0,PAGO,1 julio 2025 - 1 enero 2026.xlsx,,,2026-05-27 15:01:20.503007,,ajustes,Ajuste por Compra Protegida (BPP),False
ML,POS_135606838749_1 julio 2025 - 1 enero 2026.xlsx_3473,2000014113458580,2025-02-12,bpp_refunded,35190.0,PAGO,1 julio 2025 - 1 enero 2026.xlsx,,,2026-05-27 15:01:20.503007,,ajustes,Ajuste por Compra Protegida (BPP),False
ML,POS_136224558898_1 julio 2025 - 1 enero 2026.xlsx_3474,2000014113213262,2025-02-12,bpp_refunded,31490.0,PAGO,1 julio 2025 - 1 enero 2026.xlsx,,,2026-05-27 15:01:20.503007,,ajustes,Ajuste por Compra Protegida (BPP),False
ML,POS_136204026142_1 julio 2025 - 1 enero 2026.xlsx_3475,2000014110751014,2025-02-12,reconciled,18190.0,PAGO,1 julio 2025 - 1 enero 2026.xlsx,,,2026-05-27 15:01:20.503007,,ajustes,Ajuste Poscobro Conciliado,False
ML,POS_136189862688_1 julio 2025 - 1 enero 2026.xlsx_3476,nan,2025-02-12,Ajuste Poscobro,309.0,PAGO,1 julio 2025 - 1 enero 2026.xlsx,,,2026-05-27 15:01:20.503007,,ajustes,Ajuste Poscobro General,True
ML,POS_135564012751_1 julio 2025 - 1 enero 2026.xlsx_3477,2000014108272908,2025-02-12,reconciled,27990.0,PAGO,1 julio 2025 - 1 enero 2026.xlsx,,,2026-05-27 15:01:20.503007,,ajustes,Ajuste Poscobro Conciliado,False
ML,POS_136151060314_1 julio 2025 - 1 enero 2026.xlsx_3478,2000014103888004,2025-02-12,reconciled,26990.0,PAGO,1 julio 2025 - 1 enero 2026.xlsx,,,2026-05-27 15:01:20.503007,,ajustes,Ajuste Poscobro Conciliado,False
ML,POS_136142132034_1 julio 2025 - 1 enero 2026.xlsx_3479,2000014102910658,2025-02-12,bpp_refunded,21664.0,PAGO,1 julio 2025 - 1 enero 2026.xlsx,,,2026-05-27 15:01:20.503007,,ajustes,Ajuste por Compra Protegida (BPP),False
ML,POS_136123227954_1 julio 2025 - 1 enero 2026.xlsx_3480,2000014100779240,2025-02-12,bpp_refunded,19590.0,PAGO,1 julio 2025 - 1 enero 2026.xlsx,,,2026-05-27 15:01:20.503007,,ajustes,Ajuste por Compra Protegida (BPP),False
ML,POS_136103973736_1 julio 2025 - 1 enero 2026.xlsx_3481,2000014099499324,2025-02-12,bpp_refunded,31492.0,PAGO,1 julio 2025 - 1 enero 2026.xlsx,,,2026-05-27 15:01:20.503007,,ajustes,Ajuste por Compra Protegida (BPP),False
ML,POS_135487325621_1 julio 2025 - 1 enero 2026.xlsx_3482,2000014099504636,2025-02-12,bpp_refunded,34990.0,PAGO,1 julio 2025 - 1 enero 2026.xlsx,,,2026-05-27 15:01:20.503007,,ajustes,Ajuste por Compra Protegida (BPP),False
ML,POS_136091729640_1 julio 2025 - 1 enero 2026.xlsx_3483,2000014097414408,2025-01-12,bpp_refunded,29990.0,PAGO,1 julio 2025 - 1 enero 2026.xlsx,,,2026-05-27 15:01:20.503007,,ajustes,Ajuste por Compra Protegida (BPP),False
ML,POS_136091831008_1 julio 2025 - 1 enero 2026.xlsx_3484,2000014097414406,2025-01-12,bpp_refunded,20990.0,PAGO,1 julio 2025 - 1 enero 2026.xlsx,,,2026-05-27 15:01:20.503007,,ajustes,Ajuste por Compra Protegida (BPP),False
ML,POS_135475004961_1 julio 2025 - 1 enero 2026.xlsx_3485,2000014097321304,2025-01-12,bpp_refunded,16043.0,PAGO,1 julio 2025 - 1 enero 2026.xlsx,,,2026-05-27 15:01:20.503007,,ajustes,Ajuste por Compra Protegida (BPP),False
ML,POS_135475106273_1 julio 2025 - 1 enero 2026.xlsx_3486,2000014097321304,2025-01-12,compensated,9237.0,PAGO,1 julio 2025 - 1 enero 2026.xlsx,,,2026-05-27 15:01:20.503007,,ajustes,Ajuste Poscobro Conciliado,True
ML,POS_135473974817_1 julio 2025 - 1 enero 2026.xlsx_3487,2000014097111868,2025-01-12,bpp_refunded,23990.0,PAGO,1 julio 2025 - 1 enero 2026.xlsx,,,2026-05-27 15:01:20.503007,,ajustes,Ajuste por Compra Protegida (BPP),False
ML,POS_136090226580_1 julio 2025 - 1 enero 2026.xlsx_3488,2000014097038556,2025-01-12,bpp_refunded,26390.0,PAGO,1 julio 2025 - 1 enero 2026.xlsx,,,2026-05-27 15:01:20.503007,,ajustes,Ajuste por Compra Protegida (BPP),False
ML,POS_136089791990_1 julio 2025 - 1 enero 2026.xlsx_3489,2000014096955336,2025-01-12,bpp_refunded,27590.0,PAGO,1 julio 2025 - 1 enero 2026.xlsx,,,2026-05-27 15:01:20.503007,,ajustes,Ajuste por Compra Protegida (BPP),False
ML,POS_135472228043_1 julio 2025 - 1 enero 2026.xlsx_3491,2000014096804060,2025-01-12,bpp_refunded,29990.0,PAGO,1 julio 2025 - 1 enero 2026.xlsx,,,2026-05-27 15:01:20.503007,,ajustes,Ajuste por Compra Protegida (BPP),False
ML,POS_136087382928_1 julio 2025 - 1 enero 2026.xlsx_3492,2000014096468032,2025-01-12,bpp_refunded,34190.0,PAGO,1 julio 2025 - 1 enero 2026.xlsx,,,2026-05-27 15:01:20.503007,,ajustes,Ajuste por Compra Protegida (BPP),False
ML,POS_135470771463_1 julio 2025 - 1 enero 2026.xlsx_3493,2000014096468034,2025-01-12,bpp_refunded,27590.0,PAGO,1 julio 2025 - 1 enero 2026.xlsx,,,2026-05-27 15:01:20.503007,,ajustes,Ajuste por Compra Protegida (BPP),False
ML,POS_136087198492_1 julio 2025 - 1 enero 2026.xlsx_3494,2000014096400520,2025-01-12,bpp_refunded,17390.0,PAGO,1 julio 2025 - 1 enero 2026.xlsx,,,2026-05-27 15:01:20.503007,,ajustes,Ajuste por Compra Protegida (BPP),False
ML,POS_135466360391_1 julio 2025 - 1 enero 2026.xlsx_3495,2000014095578636,2025-01-12,reconciled,26990.0,PAGO,1 julio 2025 - 1 enero 2026.xlsx,,,2026-05-27 15:01:20.503007,,ajustes,Ajuste Poscobro Conciliado,False
ML,POS_136081793030_1 julio 2025 - 1 enero 2026.xlsx_3496,2000014095402762,2025-01-12,bpp_refunded,29990.0,PAGO,1 julio 2025 - 1 enero 2026.xlsx,,,2026-05-27 15:01:20.503007,,ajustes,Ajuste por Compra Protegida (BPP),False
ML,POS_135464801491_1 julio 2025 - 1 enero 2026.xlsx_3497,2000014095344298,2025-01-12,bpp_refunded,21590.0,PAGO,1 julio 2025 - 1 enero 2026.xlsx,,,2026-05-27 15:01:20.503007,,ajustes,Ajuste por Compra Protegida (BPP),False
ML,POS_135465012285_1 julio 2025 - 1 enero 2026.xlsx_3498,2000014095344312,2025-01-12,bpp_refunded,22190.0,PAGO,1 julio 2025 - 1 enero 2026.xlsx,,,2026-05-27 15:01:20.503007,,ajustes,Ajuste por Compra Protegida (BPP),False
ML,POS_136081357134_1 julio 2025 - 1 enero 2026.xlsx_3499,2000014095311230,2025-01-12,reconciled,29390.0,PAGO,1 julio 2025 - 1 enero 2026.xlsx,,,2026-05-27 15:01:20.503007,,ajustes,Ajuste Poscobro Conciliado,False
ML,POS_135464340637_1 julio 2025 - 1 enero 2026.xlsx_3500,2000014095240060,2025-01-12,reconciled,20990.0,PAGO,1 julio 2025 - 1 enero 2026.xlsx,,,2026-05-27 15:01:20.503007,,ajustes,Ajuste Poscobro Conciliado,False
ML,POS_136078587174_1 julio 2025 - 1 enero 2026.xlsx_3501,2000014094870812,2025-01-12,bpp_refunded,22990.0,PAGO,1 julio 2025 - 1 enero 2026.xlsx,,,2026-05-27 15:01:20.503007,,ajustes,Ajuste por Compra Protegida (BPP),False
ML,POS_135462067199_1 julio 2025 - 1 enero 2026.xlsx_3502,2000014094859500,2025-01-12,bpp_refunded,19990.0,PAGO,1 julio 2025 - 1 enero 2026.xlsx,,,2026-05-27 15:01:20.503007,,ajustes,Ajuste por Compra Protegida (BPP),False
ML,POS_135460557967_1 julio 2025 - 1 enero 2026.xlsx_3503,2000014094645010,2025-01-12,bpp_refunded,20990.0,PAGO,1 julio 2025 - 1 enero 2026.xlsx,,,2026-05-27 15:01:20.503007,,ajustes,Ajuste por Compra Protegida (BPP),False
ML,POS_135460317969_1 julio 2025 - 1 enero 2026.xlsx_3504,2000014094606980,2025-01-12,reconciled,20390.0,PAGO,1 julio 2025 - 1 enero 2026.xlsx,,,2026-05-27 15:01:20.503007,,ajustes,Ajuste Poscobro Conciliado,False
ML,POS_136073813552_1 julio 2025 - 1 enero 2026.xlsx_3505,2000014094147176,2025-01-12,reconciled,13990.0,PAGO,1 julio 2025 - 1 enero 2026.xlsx,,,2026-05-27 15:01:20.503007,,ajustes,Ajuste Poscobro Conciliado,False
ML,POS_135453076985_1 julio 2025 - 1 enero 2026.xlsx_3508,2000014093577350,2025-01-12,Ajuste Poscobro,11990.0,PAGO,1 julio 2025 - 1 enero 2026.xlsx,,,2026-05-27 15:01:20.503007,,ajustes,Ajuste Poscobro General,True
ML,POS_136064505734_1 julio 2025 - 1 enero 2026.xlsx_3509,2000014092934636,2025-01-12,reconciled,20990.0,PAGO,1 julio 2025 - 1 enero 2026.xlsx,,,2026-05-27 15:01:20.503007,,ajustes,Ajuste Poscobro Conciliado,False
ML,POS_135444924733_1 julio 2025 - 1 enero 2026.xlsx_3510,2000014092525898,2025-01-12,bpp_refunded,29990.0,PAGO,1 julio 2025 - 1 enero 2026.xlsx,,,2026-05-27 15:01:20.503007,,ajustes,Ajuste por Compra Protegida (BPP),False
ML,POS_135444739341_1 julio 2025 - 1 enero 2026.xlsx_3511,2000014092527832,2025-01-12,bpp_refunded,26990.0,PAGO,1 julio 2025 - 1 enero 2026.xlsx,,,2026-05-27 15:01:20.503007,,ajustes,Ajuste por Compra Protegida (BPP),False
ML,POS_136060837838_1 julio 2025 - 1 enero 2026.xlsx_3512,2000014092483600,2025-01-12,reconciled,22790.0,PAGO,1 julio 2025 - 1 enero 2026.xlsx,,,2026-05-27 15:01:20.503007,,ajustes,Ajuste Poscobro Conciliado,False
ML,POS_135441575333_1 julio 2025 - 1 enero 2026.xlsx_3513,2000014090130208,2025-01-12,bpp_refunded,27590.0,PAGO,1 julio 2025 - 1 enero 2026.xlsx,,,2026-05-27 15:01:20.503007,,ajustes,Ajuste por Compra Protegida (BPP),False
ML,POS_136056157188_1 julio 2025 - 1 enero 2026.xlsx_3514,2000014091923344,2025-01-12,reconciled,29990.0,PAGO,1 julio 2025 - 1 enero 2026.xlsx,,,2026-05-27 15:01:20.503007,,ajustes,Ajuste Poscobro Conciliado,False
ML,POS_136053132752_1 julio 2025 - 1 enero 2026.xlsx_3515,2000014091543620,2025-01-12,bpp_refunded,26390.0,PAGO,1 julio 2025 - 1 enero 2026.xlsx,,,2026-05-27 15:01:20.503007,,ajustes,Ajuste por Compra Protegida (BPP),False
ML,POS_135435618137_1 julio 2025 - 1 enero 2026.xlsx_3516,2000014091448204,2025-01-12,Ajuste Poscobro,16190.0,PAGO,1 julio 2025 - 1 enero 2026.xlsx,,,2026-05-27 15:01:20.503007,,ajustes,Ajuste Poscobro General,True
ML,POS_135433168707_1 julio 2025 - 1 enero 2026.xlsx_3517,2000014091161994,2025-01-12,bpp_refunded,17990.0,PAGO,1 julio 2025 - 1 enero 2026.xlsx,,,2026-05-27 15:01:20.503007,,ajustes,Ajuste por Compra Protegida (BPP),False
ML,POS_135431911887_1 julio 2025 - 1 enero 2026.xlsx_3518,2000014091027254,2025-01-12,bpp_refunded,22190.0,PAGO,1 julio 2025 - 1 enero 2026.xlsx,,,2026-05-27 15:01:20.503007,,ajustes,Ajuste por Compra Protegida (BPP),False
ML,POS_136048387956_1 julio 2025 - 1 enero 2026.xlsx_3519,2000014091032624,2025-01-12,bpp_refunded,14990.0,PAGO,1 julio 2025 - 1 enero 2026.xlsx,,,2026-05-27 15:01:20.503007,,ajustes,Ajuste por Compra Protegida (BPP),False
ML,POS_136048686112_1 julio 2025 - 1 enero 2026.xlsx_3520,2000014091030742,2025-01-12,bpp_refunded,10190.0,PAGO,1 julio 2025 - 1 enero 2026.xlsx,,,2026-05-27 15:01:20.503007,,ajustes,Ajuste por Compra Protegida (BPP),False
ML,POS_136043789804_1 julio 2025 - 1 enero 2026.xlsx_3521,2000014090461452,2025-01-12,bpp_refunded,26990.0,PAGO,1 julio 2025 - 1 enero 2026.xlsx,,,2026-05-27 15:01:20.503007,,ajustes,Ajuste por Compra Protegida (BPP),False
ML,POS_136043873178_1 julio 2025 - 1 enero 2026.xlsx_3522,2000014090465072,2025-01-12,bpp_refunded,27590.0,PAGO,1 julio 2025 - 1 enero 2026.xlsx,,,2026-05-27 15:01:20.503007,,ajustes,Ajuste por Compra Protegida (BPP),False
ML,POS_135421596247_1 julio 2025 - 1 enero 2026.xlsx_3523,2000014089692394,2025-01-12,reconciled,21590.0,PAGO,1 julio 2025 - 1 enero 2026.xlsx,,,2026-05-27 15:01:20.503007,,ajustes,Ajuste Poscobro Conciliado,False
ML,POS_135417770261_1 julio 2025 - 1 enero 2026.xlsx_3524,2000014089158116,2025-01-12,bpp_refunded,29390.0,PAGO,1 julio 2025 - 1 enero 2026.xlsx,,,2026-05-27 15:01:20.503007,,ajustes,Ajuste por Compra Protegida (BPP),False
ML,POS_136030013980_1 julio 2025 - 1 enero 2026.xlsx_3525,2000014088525784,2025-01-12,bpp_refunded,20038.0,PAGO,1 julio 2025 - 1 enero 2026.xlsx,,,2026-05-27 15:01:20.503007,,ajustes,Ajuste por Compra Protegida (BPP),False
ML,POS_136030109338_1 julio 2025 - 1 enero 2026.xlsx_3526,2000014088525784,2025-01-12,bpp_refunded,1552.0,PAGO,1 julio 2025 - 1 enero 2026.xlsx,,,2026-05-27 15:01:20.503007,,ajustes,Ajuste por Compra Protegida (BPP),False
ML,POS_136028597346_1 julio 2025 - 1 enero 2026.xlsx_3529,2000014088338140,2025-01-12,bpp_refunded,22190.0,PAGO,1 julio 2025 - 1 enero 2026.xlsx,,,2026-05-27 15:01:20.503007,,ajustes,Ajuste por Compra Protegida (BPP),False
ML,POS_135407555047_1 julio 2025 - 1 enero 2026.xlsx_3530,2000014087592994,2025-01-12,bpp_refunded,25190.0,PAGO,1 julio 2025 - 1 enero 2026.xlsx,,,2026-05-27 15:01:20.503007,,ajustes,Ajuste por Compra Protegida (BPP),False
ML,POS_136022371672_1 julio 2025 - 1 enero 2026.xlsx_3531,2000014087361306,2025-01-12,reconciled,20990.0,PAGO,1 julio 2025 - 1 enero 2026.xlsx,,,2026-05-27 15:01:20.503007,,ajustes,Ajuste Poscobro Conciliado,False
ML,POS_135405076553_1 julio 2025 - 1 enero 2026.xlsx_3532,2000014087192904,2025-01-12,reconciled,26990.0,PAGO,1 julio 2025 - 1 enero 2026.xlsx,,,2026-05-27 15:01:20.503007,,ajustes,Ajuste Poscobro Conciliado,False
ML,POS_135398901593_1 julio 2025 - 1 enero 2026.xlsx_3533,2000014086281440,2025-01-12,bpp_refunded,22190.0,PAGO,1 julio 2025 - 1 enero 2026.xlsx,,,2026-05-27 15:01:20.503007,,ajustes,Ajuste por Compra Protegida (BPP),False
ML,POS_136015245678_1 julio 2025 - 1 enero 2026.xlsx_3534,2000014086261126,2025-01-12,reconciled,37190.0,PAGO,1 julio 2025 - 1 enero 2026.xlsx,,,2026-05-27 15:01:20.503007,,ajustes,Ajuste Poscobro Conciliado,False
ML,POS_135389656941_1 julio 2025 - 1 enero 2026.xlsx_3535,2000014085089878,2025-01-12,bpp_refunded,22190.0,PAGO,1 julio 2025 - 1 enero 2026.xlsx,,,2026-05-27 15:01:20.503007,,ajustes,Ajuste por Compra Protegida (BPP),False
ML,POS_135381173617_1 julio 2025 - 1 enero 2026.xlsx_3536,2000014084171944,2025-01-12,bpp_refunded,19790.0,PAGO,1 julio 2025 - 1 enero 2026.xlsx,,,2026-05-27 15:01:20.503007,,ajustes,Ajuste por Compra Protegida (BPP),False
ML,POS_135997525196_1 julio 2025 - 1 enero 2026.xlsx_3537,2000014084188418,2025-01-12,bpp_refunded,21590.0,PAGO,1 julio 2025 - 1 enero 2026.xlsx,,,2026-05-27 15:01:20.503007,,ajustes,Ajuste por Compra Protegida (BPP),False
ML,POS_135381202601_1 julio 2025 - 1 enero 2026.xlsx_3538,2000014084170694,2025-01-12,bpp_refunded,21590.0,PAGO,1 julio 2025 - 1 enero 2026.xlsx,,,2026-05-27 15:01:20.503007,,ajustes,Ajuste por Compra Protegida (BPP),False
ML,POS_135376628449_1 julio 2025 - 1 enero 2026.xlsx_3539,2000014083575572,2025-01-12,bpp_refunded,19790.0,PAGO,1 julio 2025 - 1 enero 2026.xlsx,,,2026-05-27 15:01:20.503007,,ajustes,Ajuste por Compra Protegida (BPP),False
ML,POS_135992823004_1 julio 2025 - 1 enero 2026.xlsx_3540,2000014083630332,2025-01-12,bpp_refunded,20990.0,PAGO,1 julio 2025 - 1 enero 2026.xlsx,,,2026-05-27 15:01:20.503007,,ajustes,Ajuste por Compra Protegida (BPP),False
ML,POS_135988878632_1 julio 2025 - 1 enero 2026.xlsx_3541,2000014083136730,2025-01-12,bpp_refunded,14990.0,PAGO,1 julio 2025 - 1 enero 2026.xlsx,,,2026-05-27 15:01:20.503007,,ajustes,Ajuste por Compra Protegida (BPP),False
ML,POS_135368644039_1 julio 2025 - 1 enero 2026.xlsx_3542,2000014082718870,2025-01-12,bpp_refunded,26990.0,PAGO,1 julio 2025 - 1 enero 2026.xlsx,,,2026-05-27 15:01:20.503007,,ajustes,Ajuste por Compra Protegida (BPP),False
ML,POS_135368256467_1 julio 2025 - 1 enero 2026.xlsx_3543,2000014082668054,2025-01-12,reconciled,25190.0,PAGO,1 julio 2025 - 1 enero 2026.xlsx,,,2026-05-27 15:01:20.503007,,ajustes,Ajuste Poscobro Conciliado,False
ML,POS_135980297818_1 julio 2025 - 1 enero 2026.xlsx_3544,2000014082213482,2025-01-12,bpp_covered,21590.0,PAGO,1 julio 2025 - 1 enero 2026.xlsx,,,2026-05-27 15:01:20.503007,,ajustes,Ajuste por Compra Protegida (BPP),True
ML,POS_135364352213_1 julio 2025 - 1 enero 2026.xlsx_3545,2000014082213484,2025-01-12,bpp_covered,26990.0,PAGO,1 julio 2025 - 1 enero 2026.xlsx,,,2026-05-27 15:01:20.503007,,ajustes,Ajuste por Compra Protegida (BPP),True
ML,POS_135360510673_1 julio 2025 - 1 enero 2026.xlsx_3546,2000014081828334,2025-01-12,bpp_refunded,39990.0,PAGO,1 julio 2025 - 1 enero 2026.xlsx,,,2026-05-27 15:01:20.503007,,ajustes,Ajuste por Compra Protegida (BPP),False
ML,POS_135360440717_1 julio 2025 - 1 enero 2026.xlsx_3547,2000014081826450,2025-01-12,bpp_refunded,27590.0,PAGO,1 julio 2025 - 1 enero 2026.xlsx,,,2026-05-27 15:01:20.503007,,ajustes,Ajuste por Compra Protegida (BPP),False
ML,POS_135976146872_1 julio 2025 - 1 enero 2026.xlsx_3548,2000014081759866,2025-01-12,bpp_refunded,25190.0,PAGO,1 julio 2025 - 1 enero 2026.xlsx,,,2026-05-27 15:01:20.503007,,ajustes,Ajuste por Compra Protegida (BPP),False
ML,POS_135356793017_1 julio 2025 - 1 enero 2026.xlsx_3549,2000014081452412,2025-01-12,bpp_refunded,26990.0,PAGO,1 julio 2025 - 1 enero 2026.xlsx,,,2026-05-27 15:01:20.503007,,ajustes,Ajuste por Compra Protegida (BPP),False
ML,POS_135969376480_1 julio 2025 - 1 enero 2026.xlsx_3550,2000014081085948,2025-01-12,bpp_refunded,22190.0,PAGO,1 julio 2025 - 1 enero 2026.xlsx,,,2026-05-27 15:01:20.503007,,ajustes,Ajuste por Compra Protegida (BPP),False
ML,POS_135352920807_1 julio 2025 - 1 enero 2026.xlsx_3551,2000014081076590,2025-01-12,bpp_refunded,17990.0,PAGO,1 julio 2025 - 1 enero 2026.xlsx,,,2026-05-27 15:01:20.503007,,ajustes,Ajuste por Compra Protegida (BPP),False
ML,POS_135964317540_1 julio 2025 - 1 enero 2026.xlsx_3552,2000014080753764,2025-01-12,bpp_refunded,26990.0,PAGO,1 julio 2025 - 1 enero 2026.xlsx,,,2026-05-27 15:01:20.503007,,ajustes,Ajuste por Compra Protegida (BPP),False
ML,POS_135341295149_1 julio 2025 - 1 enero 2026.xlsx_3553,2000014080452686,2025-01-12,bpp_refunded,19790.0,PAGO,1 julio 2025 - 1 enero 2026.xlsx,,,2026-05-27 15:01:20.503007,,ajustes,Ajuste por Compra Protegida (BPP),False
ML,POS_133624733194_1 julio 2025 - 1 enero 2026.xlsx_3952,2000013796912800,2025-12-11,bpp_refunded,35990.0,PAGO,1 julio 2025 - 1 enero 2026.xlsx,,,2026-05-27 15:01:20.503007,,ajustes,Ajuste por Compra Protegida (BPP),False
ML,POS_133016850247_1 julio 2025 - 1 enero 2026.xlsx_3953,2000013796914148,2025-12-11,bpp_refunded,19990.0,PAGO,1 julio 2025 - 1 enero 2026.xlsx,,,2026-05-27 15:01:20.503007,,ajustes,Ajuste por Compra Protegida (BPP),False
ML,POS_133010344231_1 julio 2025 - 1 enero 2026.xlsx_3954,nan,2025-12-11,Ajuste Poscobro,289.0,PAGO,1 julio 2025 - 1 enero 2026.xlsx,,,2026-05-27 15:01:20.503007,,ajustes,Ajuste Poscobro General,True
ML,POS_133617709104_1 julio 2025 - 1 enero 2026.xlsx_3955,2000013795917770,2025-12-11,reconciled,39990.0,PAGO,1 julio 2025 - 1 enero 2026.xlsx,,,2026-05-27 15:01:20.503007,,ajustes,Ajuste Poscobro Conciliado,False
ML,POS_132991209051_1 julio 2025 - 1 enero 2026.xlsx_3956,2000013793899674,2025-12-11,reconciled,45990.0,PAGO,1 julio 2025 - 1 enero 2026.xlsx,,,2026-05-27 15:01:20.503007,,ajustes,Ajuste Poscobro Conciliado,False
ML,POS_132983748929_1 julio 2025 - 1 enero 2026.xlsx_3957,nan,2025-12-11,bpp_refunded,2990.0,PAGO,1 julio 2025 - 1 enero 2026.xlsx,,,2026-05-27 15:01:20.503007,,ajustes,Ajuste por Compra Protegida (BPP),False
ML,POS_132983727179_1 julio 2025 - 1 enero 2026.xlsx_3958,2000013793259574,2025-12-11,bpp_refunded,9990.0,PAGO,1 julio 2025 - 1 enero 2026.xlsx,,,2026-05-27 15:01:20.503007,,ajustes,Ajuste por Compra Protegida (BPP),False
ML,POS_133582530650_1 julio 2025 - 1 enero 2026.xlsx_3959,2000013792346108,2025-12-11,bpp_refunded,19990.0,PAGO,1 julio 2025 - 1 enero 2026.xlsx,,,2026-05-27 15:01:20.503007,,ajustes,Ajuste por Compra Protegida (BPP),False
ML,POS_132972356277_1 julio 2025 - 1 enero 2026.xlsx_3960,2000013792013344,2025-12-11,bpp_refunded,39990.0,PAGO,1 julio 2025 - 1 enero 2026.xlsx,,,2026-05-27 15:01:20.503007,,ajustes,Ajuste por Compra Protegida (BPP),False
ML,POS_133579984558_1 julio 2025 - 1 enero 2026.xlsx_3961,2000013792026708,2025-12-11,bpp_refunded,28990.0,PAGO,1 julio 2025 - 1 enero 2026.xlsx,,,2026-05-27 15:01:20.503007,,ajustes,Ajuste por Compra Protegida (BPP),False
ML,POS_133572498846_1 julio 2025 - 1 enero 2026.xlsx_3962,2000013790988122,2025-12-11,bpp_refunded,29990.0,PAGO,1 julio 2025 - 1 enero 2026.xlsx,,,2026-05-27 15:01:20.503007,,ajustes,Ajuste por Compra Protegida (BPP),False
ML,POS_132964796847_1 julio 2025 - 1 enero 2026.xlsx_3963,2000013790988120,2025-12-11,bpp_refunded,9990.0,PAGO,1 julio 2025 - 1 enero 2026.xlsx,,,2026-05-27 15:01:20.503007,,ajustes,Ajuste por Compra Protegida (BPP),False
ML,POS_133572469092_1 julio 2025 - 1 enero 2026.xlsx_3964,2000013790981072,2025-12-11,bpp_refunded,31990.0,PAGO,1 julio 2025 - 1 enero 2026.xlsx,,,2026-05-27 15:01:20.503007,,ajustes,Ajuste por Compra Protegida (BPP),False
ML,POS_132964772301_1 julio 2025 - 1 enero 2026.xlsx_3965,2000013790981092,2025-12-11,bpp_refunded,17990.0,PAGO,1 julio 2025 - 1 enero 2026.xlsx,,,2026-05-27 15:01:20.503007,,ajustes,Ajuste por Compra Protegida (BPP),False
ML,POS_132927550157_1 julio 2025 - 1 enero 2026.xlsx_3966,2000013786354080,2025-12-11,reconciled,45990.0,PAGO,1 julio 2025 - 1 enero 2026.xlsx,,,2026-05-27 15:01:20.503007,,ajustes,Ajuste Poscobro Conciliado,False
ML,POS_132924156627_1 julio 2025 - 1 enero 2026.xlsx_3967,2000013785977844,2025-12-11,bpp_refunded,33990.0,PAGO,1 julio 2025 - 1 enero 2026.xlsx,,,2026-05-27 15:01:20.503007,,ajustes,Ajuste por Compra Protegida (BPP),False
ML,POS_132924160543_1 julio 2025 - 1 enero 2026.xlsx_3968,2000013785980686,2025-12-11,bpp_refunded,48990.0,PAGO,1 julio 2025 - 1 enero 2026.xlsx,,,2026-05-27 15:01:20.503007,,ajustes,Ajuste por Compra Protegida (BPP),False
ML,POS_133531385762_1 julio 2025 - 1 enero 2026.xlsx_3969,2000013785982584,2025-12-11,bpp_refunded,33990.0,PAGO,1 julio 2025 - 1 enero 2026.xlsx,,,2026-05-27 15:01:20.503007,,ajustes,Ajuste por Compra Protegida (BPP),False
ML,POS_132924035209_1 julio 2025 - 1 enero 2026.xlsx_3970,2000013785986450,2025-12-11,bpp_refunded,36990.0,PAGO,1 julio 2025 - 1 enero 2026.xlsx,,,2026-05-27 15:01:20.503007,,ajustes,Ajuste por Compra Protegida (BPP),False
ML,POS_132922531321_1 julio 2025 - 1 enero 2026.xlsx_3971,2000013785818840,2025-12-11,bpp_refunded,9990.0,PAGO,1 julio 2025 - 1 enero 2026.xlsx,,,2026-05-27 15:01:20.503007,,ajustes,Ajuste por Compra Protegida (BPP),False
ML,POS_132922714113_1 julio 2025 - 1 enero 2026.xlsx_3972,2000013785818838,2025-12-11,bpp_refunded,9990.0,PAGO,1 julio 2025 - 1 enero 2026.xlsx,,,2026-05-27 15:01:20.503007,,ajustes,Ajuste por Compra Protegida (BPP),False
ML,POS_132917870793_1 julio 2025 - 1 enero 2026.xlsx_3973,2000013785255884,2025-12-11,bpp_refunded,3600.0,PAGO,1 julio 2025 - 1 enero 2026.xlsx,,,2026-05-27 15:01:20.503007,,ajustes,Ajuste por Compra Protegida (BPP),False
ML,POS_132917740011_1 julio 2025 - 1 enero 2026.xlsx_3974,2000013785255884,2025-12-11,reconciled,42390.0,PAGO,1 julio 2025 - 1 enero 2026.xlsx,,,2026-05-27 15:01:20.503007,,ajustes,Ajuste Poscobro Conciliado,False
ML,POS_133510313360_1 julio 2025 - 1 enero 2026.xlsx_3977,2000013784155714,2025-12-11,reconciled,29990.0,PAGO,1 julio 2025 - 1 enero 2026.xlsx,,,2026-05-27 15:01:20.503007,,ajustes,Ajuste Poscobro Conciliado,False
ML,POS_133354910942_1 julio 2025 - 1 enero 2026.xlsx_4008,2000013762504704,2025-10-11,reconciled,27990.0,PAGO,1 julio 2025 - 1 enero 2026.xlsx,,,2026-05-27 15:01:20.503007,,ajustes,Ajuste Poscobro Conciliado,False
ML,POS_132748396017_1 julio 2025 - 1 enero 2026.xlsx_4009,2000013762358460,2025-10-11,bpp_refunded,35990.0,PAGO,1 julio 2025 - 1 enero 2026.xlsx,,,2026-05-27 15:01:20.503007,,ajustes,Ajuste por Compra Protegida (BPP),False
ML,POS_132745553971_1 julio 2025 - 1 enero 2026.xlsx_4010,2000013761682540,2025-10-11,bpp_refunded,16990.0,PAGO,1 julio 2025 - 1 enero 2026.xlsx,,,2026-05-27 15:01:20.503007,,ajustes,Ajuste por Compra Protegida (BPP),False
ML,POS_133351027354_1 julio 2025 - 1 enero 2026.xlsx_4011,2000013761649770,2025-10-11,reconciled,45990.0,PAGO,1 julio 2025 - 1 enero 2026.xlsx,,,2026-05-27 15:01:20.503007,,ajustes,Ajuste Poscobro Conciliado,False
ML,POS_132741032109_1 julio 2025 - 1 enero 2026.xlsx_4012,2000013760811680,2025-10-11,bpp_refunded,35990.0,PAGO,1 julio 2025 - 1 enero 2026.xlsx,,,2026-05-27 15:01:20.503007,,ajustes,Ajuste por Compra Protegida (BPP),False
ML,POS_132738334399_1 julio 2025 - 1 enero 2026.xlsx_4013,2000013760367928,2025-10-11,bpp_refunded,19990.0,PAGO,1 julio 2025 - 1 enero 2026.xlsx,,,2026-05-27 15:01:20.503007,,ajustes,Ajuste por Compra Protegida (BPP),False
ML,POS_132732940223_1 julio 2025 - 1 enero 2026.xlsx_4015,2000013759586620,2025-10-11,bpp_refunded,27990.0,PAGO,1 julio 2025 - 1 enero 2026.xlsx,,,2026-05-27 15:01:20.503007,,ajustes,Ajuste por Compra Protegida (BPP),False
ML,POS_132727604931_1 julio 2025 - 1 enero 2026.xlsx_4016,2000013758907842,2025-10-11,reconciled,19990.0,PAGO,1 julio 2025 - 1 enero 2026.xlsx,,,2026-05-27 15:01:20.503007,,ajustes,Ajuste Poscobro Conciliado,False
ML,POS_132716621265_1 julio 2025 - 1 enero 2026.xlsx_4017,2000013757722088,2025-10-11,bpp_refunded,19990.0,PAGO,1 julio 2025 - 1 enero 2026.xlsx,,,2026-05-27 15:01:20.503007,,ajustes,Ajuste por Compra Protegida (BPP),False
ML,POS_132712267985_1 julio 2025 - 1 enero 2026.xlsx_4018,2000013757292170,2025-10-11,bpp_refunded,36990.0,PAGO,1 julio 2025 - 1 enero 2026.xlsx,,,2026-05-27 15:01:20.503007,,ajustes,Ajuste por Compra Protegida (BPP),False
ML,POS_133317786288_1 julio 2025 - 1 enero 2026.xlsx_4019,2000013757272368,2025-10-11,bpp_refunded,35990.0,PAGO,1 julio 2025 - 1 enero 2026.xlsx,,,2026-05-27 15:01:20.503007,,ajustes,Ajuste por Compra Protegida (BPP),False
ML,POS_133317606912_1 julio 2025 - 1 enero 2026.xlsx_4020,2000013757270468,2025-10-11,bpp_refunded,27990.0,PAGO,1 julio 2025 - 1 enero 2026.xlsx,,,2026-05-27 15:01:20.503007,,ajustes,Ajuste por Compra Protegida (BPP),False
ML,POS_132702902819_1 julio 2025 - 1 enero 2026.xlsx_4021,2000013756365240,2025-10-11,bpp_refunded,34990.0,PAGO,1 julio 2025 - 1 enero 2026.xlsx,,,2026-05-27 15:01:20.503007,,ajustes,Ajuste por Compra Protegida (BPP),False
ML,POS_133279227038_1 julio 2025 - 1 enero 2026.xlsx_4022,2000013752807540,2025-10-11,reconciled,33990.0,PAGO,1 julio 2025 - 1 enero 2026.xlsx,,,2026-05-27 15:01:20.503007,,ajustes,Ajuste Poscobro Conciliado,False
ML,POS_133278496058_1 julio 2025 - 1 enero 2026.xlsx_4023,2000013752726232,2025-10-11,bpp_refunded,32990.0,PAGO,1 julio 2025 - 1 enero 2026.xlsx,,,2026-05-27 15:01:20.503007,,ajustes,Ajuste por Compra Protegida (BPP),False
ML,POS_132671054447_1 julio 2025 - 1 enero 2026.xlsx_4024,2000013752386294,2025-10-11,bpp_refunded,47980.0,PAGO,1 julio 2025 - 1 enero 2026.xlsx,,,2026-05-27 15:01:20.503007,,ajustes,Ajuste por Compra Protegida (BPP),False
ML,POS_132664670177_1 julio 2025 - 1 enero 2026.xlsx_4025,2000013751634096,2025-10-11,bpp_refunded,25990.0,PAGO,1 julio 2025 - 1 enero 2026.xlsx,,,2026-05-27 15:01:20.503007,,ajustes,Ajuste por Compra Protegida (BPP),False
ML,POS_132658793889_1 julio 2025 - 1 enero 2026.xlsx_4026,2000013750996508,2025-10-11,bpp_refunded,9990.0,PAGO,1 julio 2025 - 1 enero 2026.xlsx,,,2026-05-27 15:01:20.503007,,ajustes,Ajuste por Compra Protegida (BPP),False
ML,POS_132658851601_1 julio 2025 - 1 enero 2026.xlsx_4027,2000013750998370,2025-10-11,bpp_refunded,9990.0,PAGO,1 julio 2025 - 1 enero 2026.xlsx,,,2026-05-27 15:01:20.503007,,ajustes,Ajuste por Compra Protegida (BPP),False
ML,POS_132658936917_1 julio 2025 - 1 enero 2026.xlsx_4028,2000013750996506,2025-10-11,bpp_refunded,9990.0,PAGO,1 julio 2025 - 1 enero 2026.xlsx,,,2026-05-27 15:01:20.503007,,ajustes,Ajuste por Compra Protegida (BPP),False
ML,POS_132659004211_1 julio 2025 - 1 enero 2026.xlsx_4029,2000013750990926,2025-10-11,bpp_refunded,9990.0,PAGO,1 julio 2025 - 1 enero 2026.xlsx,,,2026-05-27 15:01:20.503007,,ajustes,Ajuste por Compra Protegida (BPP),False
ML,POS_133244765316_1 julio 2025 - 1 enero 2026.xlsx_4030,2000013748898676,2025-10-11,bpp_refunded,22990.0,PAGO,1 julio 2025 - 1 enero 2026.xlsx,,,2026-05-27 15:01:20.503007,,ajustes,Ajuste por Compra Protegida (BPP),False
ML,POS_133244058846_1 julio 2025 - 1 enero 2026.xlsx_4031,2000013748898668,2025-10-11,bpp_refunded,19990.0,PAGO,1 julio 2025 - 1 enero 2026.xlsx,,,2026-05-27 15:01:20.503007,,ajustes,Ajuste por Compra Protegida (BPP),False
ML,POS_132609692553_1 julio 2025 - 1 enero 2026.xlsx_4032,2000013746998162,2025-10-11,bpp_refunded,28990.0,PAGO,1 julio 2025 - 1 enero 2026.xlsx,,,2026-05-27 15:01:20.503007,,ajustes,Ajuste por Compra Protegida (BPP),False
ML,POS_133213724484_1 julio 2025 - 1 enero 2026.xlsx_4033,2000013746998160,2025-10-11,bpp_refunded,28990.0,PAGO,1 julio 2025 - 1 enero 2026.xlsx,,,2026-05-27 15:01:20.503007,,ajustes,Ajuste por Compra Protegida (BPP),False
ML,POS_132609483521_1 julio 2025 - 1 enero 2026.xlsx_4034,2000013746998158,2025-10-11,bpp_refunded,22990.0,PAGO,1 julio 2025 - 1 enero 2026.xlsx,,,2026-05-27 15:01:20.503007,,ajustes,Ajuste por Compra Protegida (BPP),False
ML,POS_133213674758_1 julio 2025 - 1 enero 2026.xlsx_4035,2000013746994930,2025-10-11,bpp_refunded,39990.0,PAGO,1 julio 2025 - 1 enero 2026.xlsx,,,2026-05-27 15:01:20.503007,,ajustes,Ajuste por Compra Protegida (BPP),False
ML,POS_133213613408_1 julio 2025 - 1 enero 2026.xlsx_4036,2000013746991698,2025-10-11,bpp_refunded,19990.0,PAGO,1 julio 2025 - 1 enero 2026.xlsx,,,2026-05-27 15:01:20.503007,,ajustes,Ajuste por Compra Protegida (BPP),False
ML,POS_133213754394_1 julio 2025 - 1 enero 2026.xlsx_4037,2000013746994928,2025-10-11,bpp_refunded,19990.0,PAGO,1 julio 2025 - 1 enero 2026.xlsx,,,2026-05-27 15:01:20.503007,,ajustes,Ajuste por Compra Protegida (BPP),False
ML,POS_132605660209_1 julio 2025 - 1 enero 2026.xlsx_4038,2000013746426926,2025-09-11,bpp_refunded,9990.0,PAGO,1 julio 2025 - 1 enero 2026.xlsx,,,2026-05-27 15:01:20.503007,,ajustes,Ajuste por Compra Protegida (BPP),False
ML,POS_133209583984_1 julio 2025 - 1 enero 2026.xlsx_4039,2000013746423352,2025-09-11,bpp_refunded,9990.0,PAGO,1 julio 2025 - 1 enero 2026.xlsx,,,2026-05-27 15:01:20.503007,,ajustes,Ajuste por Compra Protegida (BPP),False
ML,POS_133209694168_1 julio 2025 - 1 enero 2026.xlsx_4040,2000013746426928,2025-09-11,bpp_refunded,9990.0,PAGO,1 julio 2025 - 1 enero 2026.xlsx,,,2026-05-27 15:01:20.503007,,ajustes,Ajuste por Compra Protegida (BPP),False
ML,POS_132605529763_1 julio 2025 - 1 enero 2026.xlsx_4041,2000013746423354,2025-09-11,bpp_refunded,19990.0,PAGO,1 julio 2025 - 1 enero 2026.xlsx,,,2026-05-27 15:01:20.503007,,ajustes,Ajuste por Compra Protegida (BPP),False
ML,POS_133207926998_1 julio 2025 - 1 enero 2026.xlsx_4042,2000013746142972,2025-09-11,reconciled,35990.0,PAGO,1 julio 2025 - 1 enero 2026.xlsx,,,2026-05-27 15:01:20.503007,,ajustes,Ajuste Poscobro Conciliado,False
ML,POS_133200457604_1 julio 2025 - 1 enero 2026.xlsx_4043,2000013744922476,2025-09-11,bpp_refunded,21990.0,PAGO,1 julio 2025 - 1 enero 2026.xlsx,,,2026-05-27 15:01:20.503007,,ajustes,Ajuste por Compra Protegida (BPP),False
ML,POS_132596408305_1 julio 2025 - 1 enero 2026.xlsx_4044,2000013744903804,2025-09-11,bpp_refunded,20990.0,PAGO,1 julio 2025 - 1 enero 2026.xlsx,,,2026-05-27 15:01:20.503007,,ajustes,Ajuste por Compra Protegida (BPP),False
ML,POS_132591225445_1 julio 2025 - 1 enero 2026.xlsx_4045,2000013744198668,2025-09-11,bpp_refunded,29990.0,PAGO,1 julio 2025 - 1 enero 2026.xlsx,,,2026-05-27 15:01:20.503007,,ajustes,Ajuste por Compra Protegida (BPP),False
ML,POS_132591112787_1 julio 2025 - 1 enero 2026.xlsx_4048,2000013744151268,2025-09-11,bpp_refunded,16990.0,PAGO,1 julio 2025 - 1 enero 2026.xlsx,,,2026-05-27 15:01:20.503007,,ajustes,Ajuste por Compra Protegida (BPP),False
ML,POS_133181514396_1 julio 2025 - 1 enero 2026.xlsx_4051,2000013742478874,2025-09-11,bpp_refunded,19990.0,PAGO,1 julio 2025 - 1 enero 2026.xlsx,,,2026-05-27 15:01:20.503007,,ajustes,Ajuste por Compra Protegida (BPP),False
ML,POS_133159104576_1 julio 2025 - 1 enero 2026.xlsx_4052,2000013739506156,2025-09-11,bpp_refunded,25990.0,PAGO,1 julio 2025 - 1 enero 2026.xlsx,,,2026-05-27 15:01:20.503007,,ajustes,Ajuste por Compra Protegida (BPP),False
ML,POS_133156757088_1 julio 2025 - 1 enero 2026.xlsx_4053,2000013739198424,2025-09-11,bpp_refunded,27990.0,PAGO,1 julio 2025 - 1 enero 2026.xlsx,,,2026-05-27 15:01:20.503007,,ajustes,Ajuste por Compra Protegida (BPP),False
ML,POS_133106634470_1 julio 2025 - 1 enero 2026.xlsx_4054,2000013734185436,2025-08-11,reconciled,31992.0,PAGO,1 julio 2025 - 1 enero 2026.xlsx,,,2026-05-27 15:01:20.503007,,ajustes,Ajuste Poscobro Conciliado,False
ML,POS_132501756693_1 julio 2025 - 1 enero 2026.xlsx_4055,2000013734084102,2025-08-11,bpp_refunded,27990.0,PAGO,1 julio 2025 - 1 enero 2026.xlsx,,,2026-05-27 15:01:20.503007,,ajustes,Ajuste por Compra Protegida (BPP),False
ML,POS_132499020397_1 julio 2025 - 1 enero 2026.xlsx_4056,2000013733774626,2025-08-11,bpp_refunded,9990.0,PAGO,1 julio 2025 - 1 enero 2026.xlsx,,,2026-05-27 15:01:20.503007,,ajustes,Ajuste por Compra Protegida (BPP),False
ML,POS_132498234067_1 julio 2025 - 1 enero 2026.xlsx_4059,2000013733718668,2025-08-11,bpp_refunded,35990.0,PAGO,1 julio 2025 - 1 enero 2026.xlsx,,,2026-05-27 15:01:20.503007,,ajustes,Ajuste por Compra Protegida (BPP),False
ML,POS_132487353273_1 julio 2025 - 1 enero 2026.xlsx_4060,2000013732722702,2025-08-11,bpp_refunded,39990.0,PAGO,1 julio 2025 - 1 enero 2026.xlsx,,,2026-05-27 15:01:20.503007,,ajustes,Ajuste por Compra Protegida (BPP),False
ML,POS_133089076958_1 julio 2025 - 1 enero 2026.xlsx_4061,2000013732564430,2025-08-11,reconciled,37990.0,PAGO,1 julio 2025 - 1 enero 2026.xlsx,,,2026-05-27 15:01:20.503007,,ajustes,Ajuste Poscobro Conciliado,False
ML,POS_132472602083_1 julio 2025 - 1 enero 2026.xlsx_4062,2000013731562708,2025-08-11,reconciled,13990.0,PAGO,1 julio 2025 - 1 enero 2026.xlsx,,,2026-05-27 15:01:20.503007,,ajustes,Ajuste Poscobro Conciliado,False
ML,POS_132468870895_1 julio 2025 - 1 enero 2026.xlsx_4063,2000013731235548,2025-08-11,bpp_refunded,27990.0,PAGO,1 julio 2025 - 1 enero 2026.xlsx,,,2026-05-27 15:01:20.503007,,ajustes,Ajuste por Compra Protegida (BPP),False
ML,POS_132449754757_1 julio 2025 - 1 enero 2026.xlsx_4066,2000013729672472,2025-08-11,bpp_refunded,19990.0,PAGO,1 julio 2025 - 1 enero 2026.xlsx,,,2026-05-27 15:01:20.503007,,ajustes,Ajuste por Compra Protegida (BPP),False
ML,POS_132449792329_1 julio 2025 - 1 enero 2026.xlsx_4067,2000013729672470,2025-08-11,bpp_refunded,22990.0,PAGO,1 julio 2025 - 1 enero 2026.xlsx,,,2026-05-27 15:01:20.503007,,ajustes,Ajuste por Compra Protegida (BPP),False
ML,POS_132380732475_1 julio 2025 - 1 enero 2026.xlsx_4068,2000013723696320,2025-08-11,bpp_refunded,19990.0,PAGO,1 julio 2025 - 1 enero 2026.xlsx,,,2026-05-27 15:01:20.503007,,ajustes,Ajuste por Compra Protegida (BPP),False
ML,POS_132950074128_1 julio 2025 - 1 enero 2026.xlsx_4069,2000013720409716,2025-07-11,bpp_refunded,34990.0,PAGO,1 julio 2025 - 1 enero 2026.xlsx,,,2026-05-27 15:01:20.503007,,ajustes,Ajuste por Compra Protegida (BPP),False
ML,POS_132332455877_1 julio 2025 - 1 enero 2026.xlsx_4070,2000013719270856,2025-07-11,reconciled,39990.0,PAGO,1 julio 2025 - 1 enero 2026.xlsx,,,2026-05-27 15:01:20.503007,,ajustes,Ajuste Poscobro Conciliado,False
ML,POS_132929580590_1 julio 2025 - 1 enero 2026.xlsx_4071,2000013718803414,2025-07-11,bpp_refunded,24990.0,PAGO,1 julio 2025 - 1 enero 2026.xlsx,,,2026-05-27 15:01:20.503007,,ajustes,Ajuste por Compra Protegida (BPP),False
ML,POS_132911123652_1 julio 2025 - 1 enero 2026.xlsx_4074,2000013717184146,2025-07-11,reconciled,22990.0,PAGO,1 julio 2025 - 1 enero 2026.xlsx,,,2026-05-27 15:01:20.503007,,ajustes,Ajuste Poscobro Conciliado,False
ML,POS_132895692800_1 julio 2025 - 1 enero 2026.xlsx_4075,2000013715343124,2025-07-11,bpp_refunded,35990.0,PAGO,1 julio 2025 - 1 enero 2026.xlsx,,,2026-05-27 15:01:20.503007,,ajustes,Ajuste por Compra Protegida (BPP),False
ML,POS_132283586329_1 julio 2025 - 1 enero 2026.xlsx_4076,2000013714358628,2025-07-11,reconciled,22990.0,PAGO,1 julio 2025 - 1 enero 2026.xlsx,,,2026-05-27 15:01:20.503007,,ajustes,Ajuste Poscobro Conciliado,False
ML,POS_132277723281_1 julio 2025 - 1 enero 2026.xlsx_4077,2000013713761630,2025-07-11,bpp_refunded,41990.0,PAGO,1 julio 2025 - 1 enero 2026.xlsx,,,2026-05-27 15:01:20.503007,,ajustes,Ajuste por Compra Protegida (BPP),False
ML,POS_132865985256_1 julio 2025 - 1 enero 2026.xlsx_4078,2000013712298048,2025-07-11,reconciled,19990.0,PAGO,1 julio 2025 - 1 enero 2026.xlsx,,,2026-05-27 15:01:20.503007,,ajustes,Ajuste Poscobro Conciliado,False
ML,POS_132824510946_1 julio 2025 - 1 enero 2026.xlsx_4079,2000013708958384,2025-06-11,bpp_refunded,16990.0,PAGO,1 julio 2025 - 1 enero 2026.xlsx,,,2026-05-27 15:01:20.503007,,ajustes,Ajuste por Compra Protegida (BPP),False
ML,POS_132221315171_1 julio 2025 - 1 enero 2026.xlsx_4080,2000013708773332,2025-06-11,bpp_refunded,22990.0,PAGO,1 julio 2025 - 1 enero 2026.xlsx,,,2026-05-27 15:01:20.503007,,ajustes,Ajuste por Compra Protegida (BPP),False
ML,POS_132221277407_1 julio 2025 - 1 enero 2026.xlsx_4081,2000013708776982,2025-06-11,bpp_refunded,22990.0,PAGO,1 julio 2025 - 1 enero 2026.xlsx,,,2026-05-27 15:01:20.503007,,ajustes,Ajuste por Compra Protegida (BPP),False
ML,POS_132220335211_1 julio 2025 - 1 enero 2026.xlsx_4082,2000013708614744,2025-06-11,bpp_refunded,39990.0,PAGO,1 julio 2025 - 1 enero 2026.xlsx,,,2026-05-27 15:01:20.503007,,ajustes,Ajuste por Compra Protegida (BPP),False
ML,POS_132816966206_1 julio 2025 - 1 enero 2026.xlsx_4083,2000013707713954,2025-06-11,reconciled,32990.0,PAGO,1 julio 2025 - 1 enero 2026.xlsx,,,2026-05-27 15:01:20.503007,,ajustes,Ajuste Poscobro Conciliado,False
ML,POS_132814155252_1 julio 2025 - 1 enero 2026.xlsx_4084,2000013707371016,2025-06-11,bpp_refunded,17990.0,PAGO,1 julio 2025 - 1 enero 2026.xlsx,,,2026-05-27 15:01:20.503007,,ajustes,Ajuste por Compra Protegida (BPP),False
ML,POS_132814196810_1 julio 2025 - 1 enero 2026.xlsx_4085,2000013707371014,2025-06-11,bpp_refunded,39990.0,PAGO,1 julio 2025 - 1 enero 2026.xlsx,,,2026-05-27 15:01:20.503007,,ajustes,Ajuste por Compra Protegida (BPP),False
ML,POS_132812590890_1 julio 2025 - 1 enero 2026.xlsx_4086,2000013707164874,2025-06-11,bpp_refunded,19990.0,PAGO,1 julio 2025 - 1 enero 2026.xlsx,,,2026-05-27 15:01:20.503007,,ajustes,Ajuste por Compra Protegida (BPP),False
ML,POS_132186282443_1 julio 2025 - 1 enero 2026.xlsx_4087,2000013704660046,2025-06-11,reconciled,39990.0,PAGO,1 julio 2025 - 1 enero 2026.xlsx,,,2026-05-27 15:01:20.503007,,ajustes,Ajuste Poscobro Conciliado,False
ML,POS_132159804695_1 julio 2025 - 1 enero 2026.xlsx_4088,2000013701873606,2025-06-11,reconciled,39990.0,PAGO,1 julio 2025 - 1 enero 2026.xlsx,,,2026-05-27 15:01:20.503007,,ajustes,Ajuste Poscobro Conciliado,False
ML,POS_132761378674_1 julio 2025 - 1 enero 2026.xlsx_4089,2000013701821804,2025-06-11,compensated,39990.0,PAGO,1 julio 2025 - 1 enero 2026.xlsx,,,2026-05-27 15:01:20.503007,,ajustes,Ajuste Poscobro Conciliado,True
ML,POS_132758848558_1 julio 2025 - 1 enero 2026.xlsx_4090,2000013701542032,2025-06-11,bpp_refunded,29990.0,PAGO,1 julio 2025 - 1 enero 2026.xlsx,,,2026-05-27 15:01:20.503007,,ajustes,Ajuste por Compra Protegida (BPP),False
ML,POS_132148176421_1 julio 2025 - 1 enero 2026.xlsx_4091,2000013700395584,2025-06-11,bpp_refunded,34990.0,PAGO,1 julio 2025 - 1 enero 2026.xlsx,,,2026-05-27 15:01:20.503007,,ajustes,Ajuste por Compra Protegida (BPP),False
ML,POS_132742491934_1 julio 2025 - 1 enero 2026.xlsx_4092,2000013699602498,2025-06-11,bpp_refunded,45990.0,PAGO,1 julio 2025 - 1 enero 2026.xlsx,,,2026-05-27 15:01:20.503007,,ajustes,Ajuste por Compra Protegida (BPP),False
ML,POS_132728192484_1 julio 2025 - 1 enero 2026.xlsx_4093,2000013698106274,2025-06-11,bpp_refunded,39990.0,PAGO,1 julio 2025 - 1 enero 2026.xlsx,,,2026-05-27 15:01:20.503007,,ajustes,Ajuste por Compra Protegida (BPP),False
ML,POS_132728051618_1 julio 2025 - 1 enero 2026.xlsx_4094,2000013698100658,2025-06-11,bpp_refunded,39990.0,PAGO,1 julio 2025 - 1 enero 2026.xlsx,,,2026-05-27 15:01:20.503007,,ajustes,Ajuste por Compra Protegida (BPP),False
ML,POS_132720534478_1 julio 2025 - 1 enero 2026.xlsx_4095,2000013697236498,2025-06-11,bpp_refunded,21990.0,PAGO,1 julio 2025 - 1 enero 2026.xlsx,,,2026-05-27 15:01:20.503007,,ajustes,Ajuste por Compra Protegida (BPP),False
ML,POS_132111840341_1 julio 2025 - 1 enero 2026.xlsx_4096,2000013696341574,2025-06-11,bpp_refunded,34990.0,PAGO,1 julio 2025 - 1 enero 2026.xlsx,,,2026-05-27 15:01:20.503007,,ajustes,Ajuste por Compra Protegida (BPP),False
ML,POS_132675867440_1 julio 2025 - 1 enero 2026.xlsx_4097,2000013692208014,2025-05-11,bpp_refunded,19990.0,PAGO,1 julio 2025 - 1 enero 2026.xlsx,,,2026-05-27 15:01:20.503007,,ajustes,Ajuste por Compra Protegida (BPP),False
ML,POS_132074441251_1 julio 2025 - 1 enero 2026.xlsx_4098,nan,2025-05-11,Ajuste Poscobro,309.0,PAGO,1 julio 2025 - 1 enero 2026.xlsx,,,2026-05-27 15:01:20.503007,,ajustes,Ajuste Poscobro General,True
ML,POS_132074348387_1 julio 2025 - 1 enero 2026.xlsx_4099,2000013691891450,2025-05-11,reconciled,22990.0,PAGO,1 julio 2025 - 1 enero 2026.xlsx,,,2026-05-27 15:01:20.503007,,ajustes,Ajuste Poscobro Conciliado,False
ML,POS_132072946897_1 julio 2025 - 1 enero 2026.xlsx_4100,2000013691695056,2025-05-11,Ajuste Poscobro,29990.0,PAGO,1 julio 2025 - 1 enero 2026.xlsx,,,2026-05-27 15:01:20.503007,,ajustes,Ajuste Poscobro General,True
ML,POS_132065744965_1 julio 2025 - 1 enero 2026.xlsx_4101,2000013690702852,2025-05-11,reconciled,29990.0,PAGO,1 julio 2025 - 1 enero 2026.xlsx,,,2026-05-27 15:01:20.503007,,ajustes,Ajuste Poscobro Conciliado,False
ML,POS_132035491819_1 julio 2025 - 1 enero 2026.xlsx_4102,2000013687533092,2025-05-11,reconciled,33990.0,PAGO,1 julio 2025 - 1 enero 2026.xlsx,,,2026-05-27 15:01:20.503007,,ajustes,Ajuste Poscobro Conciliado,False
ML,POS_132010759651_1 julio 2025 - 1 enero 2026.xlsx_4103,2000013684389988,2025-05-11,reconciled,39990.0,PAGO,1 julio 2025 - 1 enero 2026.xlsx,,,2026-05-27 15:01:20.503007,,ajustes,Ajuste Poscobro Conciliado,False
ML,POS_131997497553_1 julio 2025 - 1 enero 2026.xlsx_4104,2000013682788554,2025-05-11,bpp_refunded,29990.0,PAGO,1 julio 2025 - 1 enero 2026.xlsx,,,2026-05-27 15:01:20.503007,,ajustes,Ajuste por Compra Protegida (BPP),False
ML,POS_131993849565_1 julio 2025 - 1 enero 2026.xlsx_4105,2000013682363806,2025-05-11,bpp_refunded,15000.0,PAGO,1 julio 2025 - 1 enero 2026.xlsx,,,2026-05-27 15:01:20.503007,,ajustes,Ajuste por Compra Protegida (BPP),False
ML,POS_132593638844_1 julio 2025 - 1 enero 2026.xlsx_4106,2000013682363806,2025-05-11,reconciled,12990.0,PAGO,1 julio 2025 - 1 enero 2026.xlsx,,,2026-05-27 15:01:20.503007,,ajustes,Ajuste Poscobro Conciliado,False
ML,POS_132581950662_1 julio 2025 - 1 enero 2026.xlsx_4107,2000013681053716,2025-05-11,bpp_refunded,25990.0,PAGO,1 julio 2025 - 1 enero 2026.xlsx,,,2026-05-27 15:01:20.503007,,ajustes,Ajuste por Compra Protegida (BPP),False
ML,POS_131975150125_1 julio 2025 - 1 enero 2026.xlsx_4108,2000013680179700,2025-05-11,reconciled,39990.0,PAGO,1 julio 2025 - 1 enero 2026.xlsx,,,2026-05-27 15:01:20.503007,,ajustes,Ajuste Poscobro Conciliado,False
ML,POS_131972191917_1 julio 2025 - 1 enero 2026.xlsx_4109,2000013679849820,2025-05-11,reconciled,22990.0,PAGO,1 julio 2025 - 1 enero 2026.xlsx,,,2026-05-27 15:01:20.503007,,ajustes,Ajuste Poscobro Conciliado,False
ML,POS_132564971660_1 julio 2025 - 1 enero 2026.xlsx_4110,2000013679117796,2025-05-11,bpp_refunded,21990.0,PAGO,1 julio 2025 - 1 enero 2026.xlsx,,,2026-05-27 15:01:20.503007,,ajustes,Ajuste por Compra Protegida (BPP),False
ML,POS_132562230292_1 julio 2025 - 1 enero 2026.xlsx_4111,2000013678831928,2025-05-11,bpp_refunded,19990.0,PAGO,1 julio 2025 - 1 enero 2026.xlsx,,,2026-05-27 15:01:20.503007,,ajustes,Ajuste por Compra Protegida (BPP),False
ML,POS_131938609027_1 julio 2025 - 1 enero 2026.xlsx_4112,nan,2025-04-11,Ajuste Poscobro,309.0,PAGO,1 julio 2025 - 1 enero 2026.xlsx,,,2026-05-27 15:01:20.503007,,ajustes,Ajuste Poscobro General,True
ML,POS_131938642179_1 julio 2025 - 1 enero 2026.xlsx_4113,2000013677022084,2025-04-11,Ajuste Poscobro,17990.0,PAGO,1 julio 2025 - 1 enero 2026.xlsx,,,2026-05-27 15:01:20.503007,,ajustes,Ajuste Poscobro General,True
ML,POS_132534742216_1 julio 2025 - 1 enero 2026.xlsx_4114,2000013676339284,2025-04-11,bpp_refunded,17990.0,PAGO,1 julio 2025 - 1 enero 2026.xlsx,,,2026-05-27 15:01:20.503007,,ajustes,Ajuste por Compra Protegida (BPP),False
ML,POS_131935278127_1 julio 2025 - 1 enero 2026.xlsx_4115,2000013676339286,2025-04-11,bpp_refunded,9990.0,PAGO,1 julio 2025 - 1 enero 2026.xlsx,,,2026-05-27 15:01:20.503007,,ajustes,Ajuste por Compra Protegida (BPP),False
ML,POS_132533239786_1 julio 2025 - 1 enero 2026.xlsx_4116,2000013676106114,2025-04-11,reconciled,31990.0,PAGO,1 julio 2025 - 1 enero 2026.xlsx,,,2026-05-27 15:01:20.503007,,ajustes,Ajuste Poscobro Conciliado,False
ML,POS_131933772339_1 julio 2025 - 1 enero 2026.xlsx_4117,2000013676039290,2025-04-11,bpp_refunded,28990.0,PAGO,1 julio 2025 - 1 enero 2026.xlsx,,,2026-05-27 15:01:20.503007,,ajustes,Ajuste por Compra Protegida (BPP),False
ML,POS_131933563189_1 julio 2025 - 1 enero 2026.xlsx_4118,2000013676036682,2025-04-11,bpp_refunded,26990.0,PAGO,1 julio 2025 - 1 enero 2026.xlsx,,,2026-05-27 15:01:20.503007,,ajustes,Ajuste por Compra Protegida (BPP),False
ML,POS_132531494820_1 julio 2025 - 1 enero 2026.xlsx_4120,2000013675727986,2025-04-11,bpp_refunded,26990.0,PAGO,1 julio 2025 - 1 enero 2026.xlsx,,,2026-05-27 15:01:20.503007,,ajustes,Ajuste por Compra Protegida (BPP),False
ML,POS_132496247654_1 julio 2025 - 1 enero 2026.xlsx_4121,2000013671245722,2025-04-11,bpp_refunded,18990.0,PAGO,1 julio 2025 - 1 enero 2026.xlsx,,,2026-05-27 15:01:20.503007,,ajustes,Ajuste por Compra Protegida (BPP),False
ML,POS_132496285470_1 julio 2025 - 1 enero 2026.xlsx_4122,2000013671247536,2025-04-11,bpp_refunded,34990.0,PAGO,1 julio 2025 - 1 enero 2026.xlsx,,,2026-05-27 15:01:20.503007,,ajustes,Ajuste por Compra Protegida (BPP),False
ML,POS_131896986631_1 julio 2025 - 1 enero 2026.xlsx_4123,2000013671245720,2025-04-11,bpp_refunded,29990.0,PAGO,1 julio 2025 - 1 enero 2026.xlsx,,,2026-05-27 15:01:20.503007,,ajustes,Ajuste por Compra Protegida (BPP),False
ML,POS_132494493676_1 julio 2025 - 1 enero 2026.xlsx_4124,2000013671037042,2025-04-11,bpp_refunded,1296.0,PAGO,1 julio 2025 - 1 enero 2026.xlsx,,,2026-05-27 15:01:20.503007,,ajustes,Ajuste por Compra Protegida (BPP),False
ML,POS_131894986081_1 julio 2025 - 1 enero 2026.xlsx_4126,2000013671037042,2025-04-11,bpp_refunded,28694.0,PAGO,1 julio 2025 - 1 enero 2026.xlsx,,,2026-05-27 15:01:20.503007,,ajustes,Ajuste por Compra Protegida (BPP),False
ML,POS_132494278212_1 julio 2025 - 1 enero 2026.xlsx_4128,2000013670999944,2025-04-11,bpp_refunded,27990.0,PAGO,1 julio 2025 - 1 enero 2026.xlsx,,,2026-05-27 15:01:20.503007,,ajustes,Ajuste por Compra Protegida (BPP),False
ML,POS_131893335761_1 julio 2025 - 1 enero 2026.xlsx_4129,2000013670858834,2025-04-11,reconciled,29990.0,PAGO,1 julio 2025 - 1 enero 2026.xlsx,,,2026-05-27 15:01:20.503007,,ajustes,Ajuste Poscobro Conciliado,False
ML,POS_131888702271_1 julio 2025 - 1 enero 2026.xlsx_4130,2000013670298558,2025-04-11,bpp_refunded,13080.0,PAGO,1 julio 2025 - 1 enero 2026.xlsx,,,2026-05-27 15:01:20.503007,,ajustes,Ajuste por Compra Protegida (BPP),False
ML,POS_131869290917_1 julio 2025 - 1 enero 2026.xlsx_4131,2000013667464256,2025-04-11,bpp_refunded,15990.0,PAGO,1 julio 2025 - 1 enero 2026.xlsx,,,2026-05-27 15:01:20.503007,,ajustes,Ajuste por Compra Protegida (BPP),False
ML,POS_132453992296_1 julio 2025 - 1 enero 2026.xlsx_4132,2000013665637950,2025-04-11,bpp_refunded,29990.0,PAGO,1 julio 2025 - 1 enero 2026.xlsx,,,2026-05-27 15:01:20.503007,,ajustes,Ajuste por Compra Protegida (BPP),False
ML,POS_132452649186_1 julio 2025 - 1 enero 2026.xlsx_4133,2000013665504518,2025-04-11,reconciled,19990.0,PAGO,1 julio 2025 - 1 enero 2026.xlsx,,,2026-05-27 15:01:20.503007,,ajustes,Ajuste Poscobro Conciliado,False
ML,POS_131852123105_1 julio 2025 - 1 enero 2026.xlsx_4134,2000013665262040,2025-04-11,bpp_refunded,39990.0,PAGO,1 julio 2025 - 1 enero 2026.xlsx,,,2026-05-27 15:01:20.503007,,ajustes,Ajuste por Compra Protegida (BPP),False
ML,POS_131851657989_1 julio 2025 - 1 enero 2026.xlsx_4135,2000013665234774,2025-04-11,bpp_refunded,39990.0,PAGO,1 julio 2025 - 1 enero 2026.xlsx,,,2026-05-27 15:01:20.503007,,ajustes,Ajuste por Compra Protegida (BPP),False
ML,POS_132450546334_1 julio 2025 - 1 enero 2026.xlsx_4136,2000013665236678,2025-04-11,bpp_refunded,25990.0,PAGO,1 julio 2025 - 1 enero 2026.xlsx,,,2026-05-27 15:01:20.503007,,ajustes,Ajuste por Compra Protegida (BPP),False
ML,POS_132450564156_1 julio 2025 - 1 enero 2026.xlsx_4137,2000013665231040,2025-04-11,bpp_refunded,35990.0,PAGO,1 julio 2025 - 1 enero 2026.xlsx,,,2026-05-27 15:01:20.503007,,ajustes,Ajuste por Compra Protegida (BPP),False
ML,POS_131844368973_1 julio 2025 - 1 enero 2026.xlsx_4138,2000013664322650,2025-04-11,bpp_refunded,19990.0,PAGO,1 julio 2025 - 1 enero 2026.xlsx,,,2026-05-27 15:01:20.503007,,ajustes,Ajuste por Compra Protegida (BPP),False
ML,POS_131844430517_1 julio 2025 - 1 enero 2026.xlsx_4139,2000013664328080,2025-04-11,bpp_refunded,34990.0,PAGO,1 julio 2025 - 1 enero 2026.xlsx,,,2026-05-27 15:01:20.503007,,ajustes,Ajuste por Compra Protegida (BPP),False
ML,POS_132443015396_1 julio 2025 - 1 enero 2026.xlsx_4140,2000013664311162,2025-04-11,bpp_refunded,14990.0,PAGO,1 julio 2025 - 1 enero 2026.xlsx,,,2026-05-27 15:01:20.503007,,ajustes,Ajuste por Compra Protegida (BPP),False
ML,POS_131835690639_1 julio 2025 - 1 enero 2026.xlsx_4141,2000013663380476,2025-04-11,bpp_refunded,19990.0,PAGO,1 julio 2025 - 1 enero 2026.xlsx,,,2026-05-27 15:01:20.503007,,ajustes,Ajuste por Compra Protegida (BPP),False
ML,POS_132432885198_1 julio 2025 - 1 enero 2026.xlsx_4143,2000013663223642,2025-04-11,bpp_refunded,29990.0,PAGO,1 julio 2025 - 1 enero 2026.xlsx,,,2026-05-27 15:01:20.503007,,ajustes,Ajuste por Compra Protegida (BPP),False
ML,POS_131807536865_1 julio 2025 - 1 enero 2026.xlsx_4144,2000013661261504,2025-04-11,reconciled,32990.0,PAGO,1 julio 2025 - 1 enero 2026.xlsx,,,2026-05-27 15:01:20.503007,,ajustes,Ajuste Poscobro Conciliado,False
ML,POS_132404630548_1 julio 2025 - 1 enero 2026.xlsx_4145,2000013660986622,2025-03-11,bpp_refunded,26990.0,PAGO,1 julio 2025 - 1 enero 2026.xlsx,,,2026-05-27 15:01:20.503007,,ajustes,Ajuste por Compra Protegida (BPP),False
ML,POS_131798248303_1 julio 2025 - 1 enero 2026.xlsx_4146,2000013659453068,2025-03-11,reconciled,10000.0,PAGO,1 julio 2025 - 1 enero 2026.xlsx,,,2026-05-27 15:01:20.503007,,ajustes,Ajuste Poscobro Conciliado,False
ML,POS_132396828120_1 julio 2025 - 1 enero 2026.xlsx_4147,2000013659453068,2025-03-11,reconciled,9990.0,PAGO,1 julio 2025 - 1 enero 2026.xlsx,,,2026-05-27 15:01:20.503007,,ajustes,Ajuste Poscobro Conciliado,False
ML,POS_132396618190_1 julio 2025 - 1 enero 2026.xlsx_4148,2000013659436596,2025-03-11,reconciled,41990.0,PAGO,1 julio 2025 - 1 enero 2026.xlsx,,,2026-05-27 15:01:20.503007,,ajustes,Ajuste Poscobro Conciliado,False
ML,POS_132377359732_1 julio 2025 - 1 enero 2026.xlsx_4149,2000013656772178,2025-03-11,reconciled,19990.0,PAGO,1 julio 2025 - 1 enero 2026.xlsx,,,2026-05-27 15:01:20.503007,,ajustes,Ajuste Poscobro Conciliado,False
ML,POS_131771078771_1 julio 2025 - 1 enero 2026.xlsx_4150,2000013655893768,2025-03-11,reconciled,29990.0,PAGO,1 julio 2025 - 1 enero 2026.xlsx,,,2026-05-27 15:01:20.503007,,ajustes,Ajuste Poscobro Conciliado,False
ML,POS_131732764329_1 julio 2025 - 1 enero 2026.xlsx_4151,2000013650910026,2025-03-11,bpp_refunded,19990.0,PAGO,1 julio 2025 - 1 enero 2026.xlsx,,,2026-05-27 15:01:20.503007,,ajustes,Ajuste por Compra Protegida (BPP),False
ML,POS_132326447130_1 julio 2025 - 1 enero 2026.xlsx_4152,2000013650332956,2025-03-11,Ajuste Poscobro,19990.0,PAGO,1 julio 2025 - 1 enero 2026.xlsx,,,2026-05-27 15:01:20.503007,,ajustes,Ajuste Poscobro General,True
ML,POS_131713231345_1 julio 2025 - 1 enero 2026.xlsx_4153,2000013648560532,2025-03-11,bpp_refunded,19990.0,PAGO,1 julio 2025 - 1 enero 2026.xlsx,,,2026-05-27 15:01:20.503007,,ajustes,Ajuste por Compra Protegida (BPP),False
ML,POS_132300547484_1 julio 2025 - 1 enero 2026.xlsx_4154,2000013647259690,2025-03-11,reconciled,39990.0,PAGO,1 julio 2025 - 1 enero 2026.xlsx,,,2026-05-27 15:01:20.503007,,ajustes,Ajuste Poscobro Conciliado,False
ML,POS_132258728466_1 julio 2025 - 1 enero 2026.xlsx_4155,2000013643320810,2025-02-11,bpp_refunded,34990.0,PAGO,1 julio 2025 - 1 enero 2026.xlsx,,,2026-05-27 15:01:20.503007,,ajustes,Ajuste por Compra Protegida (BPP),False
ML,POS_132258622840_1 julio 2025 - 1 enero 2026.xlsx_4156,2000013643320808,2025-02-11,bpp_refunded,39990.0,PAGO,1 julio 2025 - 1 enero 2026.xlsx,,,2026-05-27 15:01:20.503007,,ajustes,Ajuste por Compra Protegida (BPP),False
ML,POS_131657976323_1 julio 2025 - 1 enero 2026.xlsx_4157,2000013642997296,2025-02-11,bpp_refunded,33990.0,PAGO,1 julio 2025 - 1 enero 2026.xlsx,,,2026-05-27 15:01:20.503007,,ajustes,Ajuste por Compra Protegida (BPP),False
ML,POS_131656680493_1 julio 2025 - 1 enero 2026.xlsx_4158,2000013642856046,2025-02-11,reconciled,34990.0,PAGO,1 julio 2025 - 1 enero 2026.xlsx,,,2026-05-27 15:01:20.503007,,ajustes,Ajuste Poscobro Conciliado,False
ML,POS_132244876910_1 julio 2025 - 1 enero 2026.xlsx_4159,2000013641632696,2025-02-11,bpp_refunded,9990.0,PAGO,1 julio 2025 - 1 enero 2026.xlsx,,,2026-05-27 15:01:20.503007,,ajustes,Ajuste por Compra Protegida (BPP),False
ML,POS_131646814195_1 julio 2025 - 1 enero 2026.xlsx_4160,2000013641632694,2025-02-11,bpp_refunded,9990.0,PAGO,1 julio 2025 - 1 enero 2026.xlsx,,,2026-05-27 15:01:20.503007,,ajustes,Ajuste por Compra Protegida (BPP),False
ML,POS_131646709291_1 julio 2025 - 1 enero 2026.xlsx_4161,2000013641629732,2025-02-11,bpp_refunded,9990.0,PAGO,1 julio 2025 - 1 enero 2026.xlsx,,,2026-05-27 15:01:20.503007,,ajustes,Ajuste por Compra Protegida (BPP),False
ML,POS_131642822611_1 julio 2025 - 1 enero 2026.xlsx_4162,2000013641144204,2025-02-11,bpp_refunded,25990.0,PAGO,1 julio 2025 - 1 enero 2026.xlsx,,,2026-05-27 15:01:20.503007,,ajustes,Ajuste por Compra Protegida (BPP),False
ML,POS_131636798915_1 julio 2025 - 1 enero 2026.xlsx_4164,2000013640341874,2025-02-11,bpp_refunded,25990.0,PAGO,1 julio 2025 - 1 enero 2026.xlsx,,,2026-05-27 15:01:20.503007,,ajustes,Ajuste por Compra Protegida (BPP),False
ML,POS_132234066616_1 julio 2025 - 1 enero 2026.xlsx_4165,2000013640266720,2025-02-11,bpp_refunded,21990.0,PAGO,1 julio 2025 - 1 enero 2026.xlsx,,,2026-05-27 15:01:20.503007,,ajustes,Ajuste por Compra Protegida (BPP),False
ML,POS_132206223788_1 julio 2025 - 1 enero 2026.xlsx_4166,2000013636934010,2025-02-11,bpp_refunded,34990.0,PAGO,1 julio 2025 - 1 enero 2026.xlsx,,,2026-05-27 15:01:20.503007,,ajustes,Ajuste por Compra Protegida (BPP),False
ML,POS_132187500406_1 julio 2025 - 1 enero 2026.xlsx_4167,2000013635160236,2025-02-11,bpp_refunded,49990.0,PAGO,1 julio 2025 - 1 enero 2026.xlsx,,,2026-05-27 15:01:20.503007,,ajustes,Ajuste por Compra Protegida (BPP),False
ML,POS_132172536630_1 julio 2025 - 1 enero 2026.xlsx_4169,2000013633949884,2025-01-11,reconciled,32990.0,PAGO,1 julio 2025 - 1 enero 2026.xlsx,,,2026-05-27 15:01:20.503007,,ajustes,Ajuste Poscobro Conciliado,False
ML,POS_131564070135_1 julio 2025 - 1 enero 2026.xlsx_4170,2000013633091070,2025-01-11,bpp_refunded,35990.0,PAGO,1 julio 2025 - 1 enero 2026.xlsx,,,2026-05-27 15:01:20.503007,,ajustes,Ajuste por Compra Protegida (BPP),False
ML,POS_132155807688_1 julio 2025 - 1 enero 2026.xlsx_4171,2000013632668160,2025-01-11,bpp_refunded,22990.0,PAGO,1 julio 2025 - 1 enero 2026.xlsx,,,2026-05-27 15:01:20.503007,,ajustes,Ajuste por Compra Protegida (BPP),False
ML,POS_132155775060_1 julio 2025 - 1 enero 2026.xlsx_4172,2000013632655746,2025-01-11,bpp_refunded,32990.0,PAGO,1 julio 2025 - 1 enero 2026.xlsx,,,2026-05-27 15:01:20.503007,,ajustes,Ajuste por Compra Protegida (BPP),False
ML,POS_131552482611_1 julio 2025 - 1 enero 2026.xlsx_4173,2000013632263222,2025-01-11,reconciled,23990.0,PAGO,1 julio 2025 - 1 enero 2026.xlsx,,,2026-05-27 15:01:20.503007,,ajustes,Ajuste Poscobro Conciliado,False
ML,POS_132147784642_1 julio 2025 - 1 enero 2026.xlsx_4174,2000013632103824,2025-01-11,bpp_refunded,18990.0,PAGO,1 julio 2025 - 1 enero 2026.xlsx,,,2026-05-27 15:01:20.503007,,ajustes,Ajuste por Compra Protegida (BPP),False
ML,POS_131532582099_1 julio 2025 - 1 enero 2026.xlsx_4175,2000013630866808,2025-01-11,reconciled,35990.0,PAGO,1 julio 2025 - 1 enero 2026.xlsx,,,2026-05-27 15:01:20.503007,,ajustes,Ajuste Poscobro Conciliado,False
ML,POS_132123066914_1 julio 2025 - 1 enero 2026.xlsx_4176,2000013630267774,2025-01-11,bpp_refunded,21990.0,PAGO,1 julio 2025 - 1 enero 2026.xlsx,,,2026-05-27 15:01:20.503007,,ajustes,Ajuste por Compra Protegida (BPP),False
ML,POS_131523321823_1 julio 2025 - 1 enero 2026.xlsx_4177,2000013630107336,2025-01-11,bpp_refunded,17990.0,PAGO,1 julio 2025 - 1 enero 2026.xlsx,,,2026-05-27 15:01:20.503007,,ajustes,Ajuste por Compra Protegida (BPP),False
ML,POS_131477181363_1 julio 2025 - 1 enero 2026.xlsx_4178,2000013626596750,2025-01-11,bpp_refunded,45990.0,PAGO,1 julio 2025 - 1 enero 2026.xlsx,,,2026-05-27 15:01:20.503007,,ajustes,Ajuste por Compra Protegida (BPP),False
ML,POS_129705053778_1 julio 2025 - 1 enero 2026.xlsx_4350,2000013391550756,2025-12-10,bpp_refunded,19990.0,PAGO,1 julio 2025 - 1 enero 2026.xlsx,,,2026-05-27 15:01:20.503007,,ajustes,Ajuste por Compra Protegida (BPP),False
ML,POS_129705092684_1 julio 2025 - 1 enero 2026.xlsx_4351,2000013391541686,2025-12-10,bpp_refunded,23190.0,PAGO,1 julio 2025 - 1 enero 2026.xlsx,,,2026-05-27 15:01:20.503007,,ajustes,Ajuste por Compra Protegida (BPP),False
ML,POS_129703776124_1 julio 2025 - 1 enero 2026.xlsx_4352,nan,2025-12-10,Ajuste Poscobro,598.0,PAGO,1 julio 2025 - 1 enero 2026.xlsx,,,2026-05-27 15:01:20.503007,,ajustes,Ajuste Poscobro General,True
ML,POS_129703596636_1 julio 2025 - 1 enero 2026.xlsx_4353,2000013391291634,2025-12-10,bpp_refunded,27590.0,PAGO,1 julio 2025 - 1 enero 2026.xlsx,,,2026-05-27 15:01:20.503007,,ajustes,Ajuste por Compra Protegida (BPP),False
ML,POS_129125007457_1 julio 2025 - 1 enero 2026.xlsx_4354,nan,2025-12-10,Ajuste Poscobro,598.0,PAGO,1 julio 2025 - 1 enero 2026.xlsx,,,2026-05-27 15:01:20.503007,,ajustes,Ajuste Poscobro General,True
ML,POS_129124856981_1 julio 2025 - 1 enero 2026.xlsx_4355,2000013390448066,2025-12-10,reconciled,33590.0,PAGO,1 julio 2025 - 1 enero 2026.xlsx,,,2026-05-27 15:01:20.503007,,ajustes,Ajuste Poscobro Conciliado,False
ML,POS_129123778283_1 julio 2025 - 1 enero 2026.xlsx_4356,nan,2025-12-10,Ajuste Poscobro,598.0,PAGO,1 julio 2025 - 1 enero 2026.xlsx,,,2026-05-27 15:01:20.503007,,ajustes,Ajuste Poscobro General,True
ML,POS_129696607520_1 julio 2025 - 1 enero 2026.xlsx_4357,2000013390233254,2025-12-10,reconciled,34990.0,PAGO,1 julio 2025 - 1 enero 2026.xlsx,,,2026-05-27 15:01:20.503007,,ajustes,Ajuste Poscobro Conciliado,False
ML,POS_129683617878_1 julio 2025 - 1 enero 2026.xlsx_4358,2000013388613200,2025-12-10,reconciled,26390.0,PAGO,1 julio 2025 - 1 enero 2026.xlsx,,,2026-05-27 15:01:20.503007,,ajustes,Ajuste Poscobro Conciliado,False
ML,POS_129680054354_1 julio 2025 - 1 enero 2026.xlsx_4359,2000013388167124,2025-12-10,bpp_refunded,26990.0,PAGO,1 julio 2025 - 1 enero 2026.xlsx,,,2026-05-27 15:01:20.503007,,ajustes,Ajuste por Compra Protegida (BPP),False
ML,POS_129099253293_1 julio 2025 - 1 enero 2026.xlsx_4360,2000013387240660,2025-12-10,reconciled,21490.0,PAGO,1 julio 2025 - 1 enero 2026.xlsx,,,2026-05-27 15:01:20.503007,,ajustes,Ajuste Poscobro Conciliado,False
ML,POS_129670748692_1 julio 2025 - 1 enero 2026.xlsx_4361,2000013386997498,2025-12-10,bpp_refunded,33590.0,PAGO,1 julio 2025 - 1 enero 2026.xlsx,,,2026-05-27 15:01:20.503007,,ajustes,Ajuste por Compra Protegida (BPP),False
ML,POS_129668899274_1 julio 2025 - 1 enero 2026.xlsx_4362,2000013386784464,2025-12-10,bpp_refunded,23190.0,PAGO,1 julio 2025 - 1 enero 2026.xlsx,,,2026-05-27 15:01:20.503007,,ajustes,Ajuste por Compra Protegida (BPP),False
ML,POS_129089968979_1 julio 2025 - 1 enero 2026.xlsx_4363,2000013385981550,2025-12-10,reconciled,29990.0,PAGO,1 julio 2025 - 1 enero 2026.xlsx,,,2026-05-27 15:01:20.503007,,ajustes,Ajuste Poscobro Conciliado,False
ML,POS_129084969445_1 julio 2025 - 1 enero 2026.xlsx_4364,nan,2025-12-10,Ajuste Poscobro,598.0,PAGO,1 julio 2025 - 1 enero 2026.xlsx,,,2026-05-27 15:01:20.503007,,ajustes,Ajuste Poscobro General,True
ML,POS_129657871200_1 julio 2025 - 1 enero 2026.xlsx_4365,2000013385350344,2025-12-10,reconciled,20790.0,PAGO,1 julio 2025 - 1 enero 2026.xlsx,,,2026-05-27 15:01:20.503007,,ajustes,Ajuste Poscobro Conciliado,False
ML,POS_129082848779_1 julio 2025 - 1 enero 2026.xlsx_4366,2000013385111774,2025-12-10,bpp_refunded,39990.0,PAGO,1 julio 2025 - 1 enero 2026.xlsx,,,2026-05-27 15:01:20.503007,,ajustes,Ajuste por Compra Protegida (BPP),False
ML,POS_129077859695_1 julio 2025 - 1 enero 2026.xlsx_4367,2000013384599440,2025-12-10,bpp_refunded,39990.0,PAGO,1 julio 2025 - 1 enero 2026.xlsx,,,2026-05-27 15:01:20.503007,,ajustes,Ajuste por Compra Protegida (BPP),False
ML,POS_129628538374_1 julio 2025 - 1 enero 2026.xlsx_4368,2000013382512610,2025-12-10,reconciled,32990.0,PAGO,1 julio 2025 - 1 enero 2026.xlsx,,,2026-05-27 15:01:20.503007,,ajustes,Ajuste Poscobro Conciliado,False
ML,POS_129612791734_1 julio 2025 - 1 enero 2026.xlsx_4369,2000013380854366,2025-11-10,bpp_refunded,16487.0,PAGO,1 julio 2025 - 1 enero 2026.xlsx,,,2026-05-27 15:01:20.503007,,ajustes,Ajuste por Compra Protegida (BPP),False
ML,POS_129040042235_1 julio 2025 - 1 enero 2026.xlsx_4370,2000013380854366,2025-11-10,reconciled,12303.0,PAGO,1 julio 2025 - 1 enero 2026.xlsx,,,2026-05-27 15:01:20.503007,,ajustes,Ajuste Poscobro Conciliado,False
ML,POS_129603155834_1 julio 2025 - 1 enero 2026.xlsx_4371,nan,2025-11-10,Ajuste Poscobro,598.0,PAGO,1 julio 2025 - 1 enero 2026.xlsx,,,2026-05-27 15:01:20.503007,,ajustes,Ajuste Poscobro General,True
ML,POS_129029905575_1 julio 2025 - 1 enero 2026.xlsx_4372,2000013380065002,2025-11-10,bpp_refunded,20990.0,PAGO,1 julio 2025 - 1 enero 2026.xlsx,,,2026-05-27 15:01:20.503007,,ajustes,Ajuste por Compra Protegida (BPP),False
ML,POS_129004056053_1 julio 2025 - 1 enero 2026.xlsx_4373,2000013378061080,2025-11-10,bpp_refunded,26990.0,PAGO,1 julio 2025 - 1 enero 2026.xlsx,,,2026-05-27 15:01:20.503007,,ajustes,Ajuste por Compra Protegida (BPP),False
ML,POS_129559791882_1 julio 2025 - 1 enero 2026.xlsx_4375,2000013376645230,2025-11-10,bpp_refunded,33590.0,PAGO,1 julio 2025 - 1 enero 2026.xlsx,,,2026-05-27 15:01:20.503007,,ajustes,Ajuste por Compra Protegida (BPP),False
ML,POS_128984499537_1 julio 2025 - 1 enero 2026.xlsx_4376,2000013376409830,2025-11-10,bpp_refunded,22390.0,PAGO,1 julio 2025 - 1 enero 2026.xlsx,,,2026-05-27 15:01:20.503007,,ajustes,Ajuste por Compra Protegida (BPP),False
ML,POS_128984367999_1 julio 2025 - 1 enero 2026.xlsx_4377,2000013376426246,2025-11-10,reconciled,33590.0,PAGO,1 julio 2025 - 1 enero 2026.xlsx,,,2026-05-27 15:01:20.503007,,ajustes,Ajuste Poscobro Conciliado,False
ML,POS_129545159524_1 julio 2025 - 1 enero 2026.xlsx_4378,2000013375356130,2025-11-10,bpp_refunded,27990.0,PAGO,1 julio 2025 - 1 enero 2026.xlsx,,,2026-05-27 15:01:20.503007,,ajustes,Ajuste por Compra Protegida (BPP),False
ML,POS_128964444033_1 julio 2025 - 1 enero 2026.xlsx_4379,2000013374755766,2025-11-10,bpp_refunded,24990.0,PAGO,1 julio 2025 - 1 enero 2026.xlsx,,,2026-05-27 15:01:20.503007,,ajustes,Ajuste por Compra Protegida (BPP),False
ML,POS_128959798695_1 julio 2025 - 1 enero 2026.xlsx_4380,2000013374419902,2025-11-10,bpp_refunded,39990.0,PAGO,1 julio 2025 - 1 enero 2026.xlsx,,,2026-05-27 15:01:20.503007,,ajustes,Ajuste por Compra Protegida (BPP),False
ML,POS_129532148264_1 julio 2025 - 1 enero 2026.xlsx_4381,2000013374404216,2025-11-10,bpp_refunded,35990.0,PAGO,1 julio 2025 - 1 enero 2026.xlsx,,,2026-05-27 15:01:20.503007,,ajustes,Ajuste por Compra Protegida (BPP),False
ML,POS_128946429109_1 julio 2025 - 1 enero 2026.xlsx_4382,nan,2025-11-10,Ajuste Poscobro,598.0,PAGO,1 julio 2025 - 1 enero 2026.xlsx,,,2026-05-27 15:01:20.503007,,ajustes,Ajuste Poscobro General,True
ML,POS_129519036946_1 julio 2025 - 1 enero 2026.xlsx_4383,2000013373434372,2025-11-10,bpp_refunded,23190.0,PAGO,1 julio 2025 - 1 enero 2026.xlsx,,,2026-05-27 15:01:20.503007,,ajustes,Ajuste por Compra Protegida (BPP),False
ML,POS_129518295578_1 julio 2025 - 1 enero 2026.xlsx_4384,2000013373392212,2025-11-10,bpp_refunded,22490.0,PAGO,1 julio 2025 - 1 enero 2026.xlsx,,,2026-05-27 15:01:20.503007,,ajustes,Ajuste por Compra Protegida (BPP),False
ML,POS_128935570833_1 julio 2025 - 1 enero 2026.xlsx_4385,2000013372527436,2025-11-10,bpp_refunded,28790.0,PAGO,1 julio 2025 - 1 enero 2026.xlsx,,,2026-05-27 15:01:20.503007,,ajustes,Ajuste por Compra Protegida (BPP),False
ML,POS_129499664090_1 julio 2025 - 1 enero 2026.xlsx_4386,2000013371680440,2025-11-10,reconciled,20990.0,PAGO,1 julio 2025 - 1 enero 2026.xlsx,,,2026-05-27 15:01:20.503007,,ajustes,Ajuste Poscobro Conciliado,False
ML,POS_129497294388_1 julio 2025 - 1 enero 2026.xlsx_4387,2000013371313788,2025-11-10,reconciled,22180.0,PAGO,1 julio 2025 - 1 enero 2026.xlsx,,,2026-05-27 15:01:20.503007,,ajustes,Ajuste Poscobro Conciliado,False
ML,POS_129360934304_1 julio 2025 - 1 enero 2026.xlsx_4403,2000013357597068,2025-09-10,bpp_refunded,9990.0,PAGO,1 julio 2025 - 1 enero 2026.xlsx,,,2026-05-27 15:01:20.503007,,ajustes,Ajuste por Compra Protegida (BPP),False
ML,POS_129360948194_1 julio 2025 - 1 enero 2026.xlsx_4404,nan,2025-09-10,bpp_refunded,3294.0,PAGO,1 julio 2025 - 1 enero 2026.xlsx,,,2026-05-27 15:01:20.503007,,ajustes,Ajuste por Compra Protegida (BPP),False
ML,POS_128786392293_1 julio 2025 - 1 enero 2026.xlsx_4405,2000013357202990,2025-09-10,bpp_refunded,26990.0,PAGO,1 julio 2025 - 1 enero 2026.xlsx,,,2026-05-27 15:01:20.503007,,ajustes,Ajuste por Compra Protegida (BPP),False
ML,POS_128784946519_1 julio 2025 - 1 enero 2026.xlsx_4406,2000013356996934,2025-09-10,reconciled,29390.0,PAGO,1 julio 2025 - 1 enero 2026.xlsx,,,2026-05-27 15:01:20.503007,,ajustes,Ajuste Poscobro Conciliado,False
ML,POS_128770286169_1 julio 2025 - 1 enero 2026.xlsx_4407,nan,2025-09-10,Ajuste Poscobro,523.0,PAGO,1 julio 2025 - 1 enero 2026.xlsx,,,2026-05-27 15:01:20.503007,,ajustes,Ajuste Poscobro General,True
ML,POS_128769847553_1 julio 2025 - 1 enero 2026.xlsx_4408,2000013355214408,2025-09-10,bpp_refunded,22490.0,PAGO,1 julio 2025 - 1 enero 2026.xlsx,,,2026-05-27 15:01:20.503007,,ajustes,Ajuste por Compra Protegida (BPP),False
ML,POS_129334092434_1 julio 2025 - 1 enero 2026.xlsx_4409,2000013354450102,2025-09-10,bpp_refunded,24990.0,PAGO,1 julio 2025 - 1 enero 2026.xlsx,,,2026-05-27 15:01:20.503007,,ajustes,Ajuste por Compra Protegida (BPP),False
ML,POS_128744799121_1 julio 2025 - 1 enero 2026.xlsx_4410,nan,2025-09-10,Ajuste Poscobro,523.0,PAGO,1 julio 2025 - 1 enero 2026.xlsx,,,2026-05-27 15:01:20.503007,,ajustes,Ajuste Poscobro General,True
ML,POS_128744431697_1 julio 2025 - 1 enero 2026.xlsx_4411,2000013352874226,2025-09-10,reconciled,39990.0,PAGO,1 julio 2025 - 1 enero 2026.xlsx,,,2026-05-27 15:01:20.503007,,ajustes,Ajuste Poscobro Conciliado,False
ML,POS_128736613247_1 julio 2025 - 1 enero 2026.xlsx_4412,nan,2025-09-10,Ajuste Poscobro,523.0,PAGO,1 julio 2025 - 1 enero 2026.xlsx,,,2026-05-27 15:01:20.503007,,ajustes,Ajuste Poscobro General,True
ML,POS_129307545260_1 julio 2025 - 1 enero 2026.xlsx_4413,2000013352162160,2025-09-10,reconciled,27990.0,PAGO,1 julio 2025 - 1 enero 2026.xlsx,,,2026-05-27 15:01:20.503007,,ajustes,Ajuste Poscobro Conciliado,False
ML,POS_129285976696_1 julio 2025 - 1 enero 2026.xlsx_4414,2000013349618474,2025-09-10,reconciled,28790.0,PAGO,1 julio 2025 - 1 enero 2026.xlsx,,,2026-05-27 15:01:20.503007,,ajustes,Ajuste Poscobro Conciliado,False
ML,POS_128712665609_1 julio 2025 - 1 enero 2026.xlsx_4415,nan,2025-09-10,Ajuste Poscobro,448.0,PAGO,1 julio 2025 - 1 enero 2026.xlsx,,,2026-05-27 15:01:20.503007,,ajustes,Ajuste Poscobro General,True
ML,POS_128712659643_1 julio 2025 - 1 enero 2026.xlsx_4416,nan,2025-09-10,Ajuste Poscobro,448.0,PAGO,1 julio 2025 - 1 enero 2026.xlsx,,,2026-05-27 15:01:20.503007,,ajustes,Ajuste Poscobro General,True
ML,POS_129283890590_1 julio 2025 - 1 enero 2026.xlsx_4417,2000013349338814,2025-09-10,bpp_refunded,35990.0,PAGO,1 julio 2025 - 1 enero 2026.xlsx,,,2026-05-27 15:01:20.503007,,ajustes,Ajuste por Compra Protegida (BPP),False
ML,POS_128712449439_1 julio 2025 - 1 enero 2026.xlsx_4418,2000013349338788,2025-09-10,bpp_refunded,35990.0,PAGO,1 julio 2025 - 1 enero 2026.xlsx,,,2026-05-27 15:01:20.503007,,ajustes,Ajuste por Compra Protegida (BPP),False
ML,POS_128707615643_1 julio 2025 - 1 enero 2026.xlsx_4419,2000013348766636,2025-09-10,bpp_refunded,41990.0,PAGO,1 julio 2025 - 1 enero 2026.xlsx,,,2026-05-27 15:01:20.503007,,ajustes,Ajuste por Compra Protegida (BPP),False
ML,POS_128676884555_1 julio 2025 - 1 enero 2026.xlsx_4420,2000013345425444,2025-09-10,bpp_refunded,29990.0,PAGO,1 julio 2025 - 1 enero 2026.xlsx,,,2026-05-27 15:01:20.503007,,ajustes,Ajuste por Compra Protegida (BPP),False
ML,POS_129247008718_1 julio 2025 - 1 enero 2026.xlsx_4421,2000013345348650,2025-09-10,bpp_refunded,29990.0,PAGO,1 julio 2025 - 1 enero 2026.xlsx,,,2026-05-27 15:01:20.503007,,ajustes,Ajuste por Compra Protegida (BPP),False
ML,POS_128672409783_1 julio 2025 - 1 enero 2026.xlsx_4422,nan,2025-09-10,Ajuste Poscobro,3990.0,PAGO,1 julio 2025 - 1 enero 2026.xlsx,,,2026-05-27 15:01:20.503007,,ajustes,Ajuste Poscobro General,True
ML,POS_128672254125_1 julio 2025 - 1 enero 2026.xlsx_4423,2000013344982444,2025-09-10,bpp_refunded,15590.0,PAGO,1 julio 2025 - 1 enero 2026.xlsx,,,2026-05-27 15:01:20.503007,,ajustes,Ajuste por Compra Protegida (BPP),False
ML,POS_129222296516_1 julio 2025 - 1 enero 2026.xlsx_4424,2000013343772346,2025-09-10,bpp_refunded,19192.0,PAGO,1 julio 2025 - 1 enero 2026.xlsx,,,2026-05-27 15:01:20.503007,,ajustes,Ajuste por Compra Protegida (BPP),False
ML,POS_129222230268_1 julio 2025 - 1 enero 2026.xlsx_4425,2000013343712010,2025-09-10,bpp_refunded,39990.0,PAGO,1 julio 2025 - 1 enero 2026.xlsx,,,2026-05-27 15:01:20.503007,,ajustes,Ajuste por Compra Protegida (BPP),False
ML,POS_128651135227_1 julio 2025 - 1 enero 2026.xlsx_4426,2000013343697470,2025-09-10,reconciled,33590.0,PAGO,1 julio 2025 - 1 enero 2026.xlsx,,,2026-05-27 15:01:20.503007,,ajustes,Ajuste Poscobro Conciliado,False
ML,POS_129215756864_1 julio 2025 - 1 enero 2026.xlsx_4427,2000013342892570,2025-08-10,bpp_refunded,16790.0,PAGO,1 julio 2025 - 1 enero 2026.xlsx,,,2026-05-27 15:01:20.503007,,ajustes,Ajuste por Compra Protegida (BPP),False
ML,POS_128644999965_1 julio 2025 - 1 enero 2026.xlsx_4428,2000013342892572,2025-08-10,bpp_refunded,16790.0,PAGO,1 julio 2025 - 1 enero 2026.xlsx,,,2026-05-27 15:01:20.503007,,ajustes,Ajuste por Compra Protegida (BPP),False
ML,POS_128644934303_1 julio 2025 - 1 enero 2026.xlsx_4429,2000013342821598,2025-08-10,bpp_refunded,34990.0,PAGO,1 julio 2025 - 1 enero 2026.xlsx,,,2026-05-27 15:01:20.503007,,ajustes,Ajuste por Compra Protegida (BPP),False
ML,POS_128644814609_1 julio 2025 - 1 enero 2026.xlsx_4430,2000013342830952,2025-08-10,Ajuste Poscobro,34990.0,PAGO,1 julio 2025 - 1 enero 2026.xlsx,,,2026-05-27 15:01:20.503007,,ajustes,Ajuste Poscobro General,True
ML,POS_128644343175_1 julio 2025 - 1 enero 2026.xlsx_4431,2000013342706966,2025-08-10,bpp_refunded,34990.0,PAGO,1 julio 2025 - 1 enero 2026.xlsx,,,2026-05-27 15:01:20.503007,,ajustes,Ajuste por Compra Protegida (BPP),False
ML,POS_128643635711_1 julio 2025 - 1 enero 2026.xlsx_4432,2000013342571974,2025-08-10,reconciled,21490.0,PAGO,1 julio 2025 - 1 enero 2026.xlsx,,,2026-05-27 15:01:20.503007,,ajustes,Ajuste Poscobro Conciliado,False
ML,POS_129213269610_1 julio 2025 - 1 enero 2026.xlsx_4433,2000013342397254,2025-08-10,bpp_refunded,19990.0,PAGO,1 julio 2025 - 1 enero 2026.xlsx,,,2026-05-27 15:01:20.503007,,ajustes,Ajuste por Compra Protegida (BPP),False
ML,POS_128642056709_1 julio 2025 - 1 enero 2026.xlsx_4434,2000013342285188,2025-08-10,bpp_refunded,34990.0,PAGO,1 julio 2025 - 1 enero 2026.xlsx,,,2026-05-27 15:01:20.503007,,ajustes,Ajuste por Compra Protegida (BPP),False
ML,POS_128641926061_1 julio 2025 - 1 enero 2026.xlsx_4435,2000013342293436,2025-08-10,bpp_refunded,25790.0,PAGO,1 julio 2025 - 1 enero 2026.xlsx,,,2026-05-27 15:01:20.503007,,ajustes,Ajuste por Compra Protegida (BPP),False
ML,POS_129211104486_1 julio 2025 - 1 enero 2026.xlsx_4436,2000013342010818,2025-08-10,bpp_refunded,15040.0,PAGO,1 julio 2025 - 1 enero 2026.xlsx,,,2026-05-27 15:01:20.503007,,ajustes,Ajuste por Compra Protegida (BPP),False
ML,POS_129210618462_1 julio 2025 - 1 enero 2026.xlsx_4437,2000013341918194,2025-08-10,reconciled,37990.0,PAGO,1 julio 2025 - 1 enero 2026.xlsx,,,2026-05-27 15:01:20.503007,,ajustes,Ajuste Poscobro Conciliado,False
ML,POS_128639616989_1 julio 2025 - 1 enero 2026.xlsx_4438,2000013341872338,2025-08-10,bpp_refunded,34990.0,PAGO,1 julio 2025 - 1 enero 2026.xlsx,,,2026-05-27 15:01:20.503007,,ajustes,Ajuste por Compra Protegida (BPP),False
ML,POS_129208688886_1 julio 2025 - 1 enero 2026.xlsx_4439,2000013341575294,2025-08-10,bpp_refunded,15390.0,PAGO,1 julio 2025 - 1 enero 2026.xlsx,,,2026-05-27 15:01:20.503007,,ajustes,Ajuste por Compra Protegida (BPP),False
ML,POS_128636759433_1 julio 2025 - 1 enero 2026.xlsx_4440,2000013341369976,2025-08-10,reconciled,29329.0,PAGO,1 julio 2025 - 1 enero 2026.xlsx,,,2026-05-27 15:01:20.503007,,ajustes,Ajuste Poscobro Conciliado,False
ML,POS_128636816659_1 julio 2025 - 1 enero 2026.xlsx_4441,2000013341369976,2025-08-10,bpp_refunded,2161.0,PAGO,1 julio 2025 - 1 enero 2026.xlsx,,,2026-05-27 15:01:20.503007,,ajustes,Ajuste por Compra Protegida (BPP),False
ML,POS_129207343640_1 julio 2025 - 1 enero 2026.xlsx_4444,2000013341367714,2025-08-10,bpp_refunded,34990.0,PAGO,1 julio 2025 - 1 enero 2026.xlsx,,,2026-05-27 15:01:20.503007,,ajustes,Ajuste por Compra Protegida (BPP),False
ML,POS_129207436168_1 julio 2025 - 1 enero 2026.xlsx_4445,2000013341351812,2025-08-10,bpp_refunded,26490.0,PAGO,1 julio 2025 - 1 enero 2026.xlsx,,,2026-05-27 15:01:20.503007,,ajustes,Ajuste por Compra Protegida (BPP),False
ML,POS_129206983282_1 julio 2025 - 1 enero 2026.xlsx_4446,2000013341320852,2025-08-10,reconciled,38490.0,PAGO,1 julio 2025 - 1 enero 2026.xlsx,,,2026-05-27 15:01:20.503007,,ajustes,Ajuste Poscobro Conciliado,False
ML,POS_129203860578_1 julio 2025 - 1 enero 2026.xlsx_4447,2000013340846770,2025-08-10,bpp_refunded,34990.0,PAGO,1 julio 2025 - 1 enero 2026.xlsx,,,2026-05-27 15:01:20.503007,,ajustes,Ajuste por Compra Protegida (BPP),False
ML,POS_128630360501_1 julio 2025 - 1 enero 2026.xlsx_4448,2000013340447082,2025-08-10,bpp_refunded,28490.0,PAGO,1 julio 2025 - 1 enero 2026.xlsx,,,2026-05-27 15:01:20.503007,,ajustes,Ajuste por Compra Protegida (BPP),False
ML,POS_129195680418_1 julio 2025 - 1 enero 2026.xlsx_4449,2000013339802142,2025-08-10,reconciled,20290.0,PAGO,1 julio 2025 - 1 enero 2026.xlsx,,,2026-05-27 15:01:20.503007,,ajustes,Ajuste Poscobro Conciliado,False
ML,POS_128624734355_1 julio 2025 - 1 enero 2026.xlsx_4450,2000013336913298,2025-08-10,reconciled,24070.0,PAGO,1 julio 2025 - 1 enero 2026.xlsx,,,2026-05-27 15:01:20.503007,,ajustes,Ajuste Poscobro Conciliado,False
ML,POS_128623436629_1 julio 2025 - 1 enero 2026.xlsx_4451,nan,2025-08-10,Ajuste Poscobro,1196.0,PAGO,1 julio 2025 - 1 enero 2026.xlsx,,,2026-05-27 15:01:20.503007,,ajustes,Ajuste Poscobro General,True
ML,POS_128623041523_1 julio 2025 - 1 enero 2026.xlsx_4452,2000013339584656,2025-08-10,bpp_refunded,21564.0,PAGO,1 julio 2025 - 1 enero 2026.xlsx,,,2026-05-27 15:01:20.503007,,ajustes,Ajuste por Compra Protegida (BPP),False
ML,POS_129181925360_1 julio 2025 - 1 enero 2026.xlsx_4453,2000013338364474,2025-08-10,reconciled,22490.0,PAGO,1 julio 2025 - 1 enero 2026.xlsx,,,2026-05-27 15:01:20.503007,,ajustes,Ajuste Poscobro Conciliado,False
ML,POS_129173602850_1 julio 2025 - 1 enero 2026.xlsx_4454,2000013337547494,2025-08-10,bpp_refunded,18890.0,PAGO,1 julio 2025 - 1 enero 2026.xlsx,,,2026-05-27 15:01:20.503007,,ajustes,Ajuste por Compra Protegida (BPP),False
ML,POS_129173612690_1 julio 2025 - 1 enero 2026.xlsx_4455,2000013337547496,2025-08-10,bpp_refunded,18890.0,PAGO,1 julio 2025 - 1 enero 2026.xlsx,,,2026-05-27 15:01:20.503007,,ajustes,Ajuste por Compra Protegida (BPP),False
ML,POS_128602698393_1 julio 2025 - 1 enero 2026.xlsx_4456,nan,2025-08-10,bpp_refunded,3490.0,PAGO,1 julio 2025 - 1 enero 2026.xlsx,,,2026-05-27 15:01:20.503007,,ajustes,Ajuste por Compra Protegida (BPP),False
ML,POS_128602614901_1 julio 2025 - 1 enero 2026.xlsx_4457,2000013337514820,2025-08-10,bpp_refunded,18890.0,PAGO,1 julio 2025 - 1 enero 2026.xlsx,,,2026-05-27 15:01:20.503007,,ajustes,Ajuste por Compra Protegida (BPP),False
ML,POS_128600271927_1 julio 2025 - 1 enero 2026.xlsx_4458,2000013337300416,2025-08-10,bpp_refunded,31490.0,PAGO,1 julio 2025 - 1 enero 2026.xlsx,,,2026-05-27 15:01:20.503007,,ajustes,Ajuste por Compra Protegida (BPP),False
ML,POS_128593572313_1 julio 2025 - 1 enero 2026.xlsx_4459,2000013336564206,2025-08-10,bpp_refunded,34990.0,PAGO,1 julio 2025 - 1 enero 2026.xlsx,,,2026-05-27 15:01:20.503007,,ajustes,Ajuste por Compra Protegida (BPP),False
ML,POS_129154306634_1 julio 2025 - 1 enero 2026.xlsx_4460,2000013335231828,2025-08-10,bpp_refunded,28490.0,PAGO,1 julio 2025 - 1 enero 2026.xlsx,,,2026-05-27 15:01:20.503007,,ajustes,Ajuste por Compra Protegida (BPP),False
ML,POS_129153002120_1 julio 2025 - 1 enero 2026.xlsx_4461,2000013335023758,2025-08-10,compensated,34990.0,PAGO,1 julio 2025 - 1 enero 2026.xlsx,,,2026-05-27 15:01:20.503007,,ajustes,Ajuste Poscobro Conciliado,True
ML,POS_128579483087_1 julio 2025 - 1 enero 2026.xlsx_4462,2000013334591860,2025-08-10,bpp_refunded,25190.0,PAGO,1 julio 2025 - 1 enero 2026.xlsx,,,2026-05-27 15:01:20.503007,,ajustes,Ajuste por Compra Protegida (BPP),False
ML,POS_129143083990_1 julio 2025 - 1 enero 2026.xlsx_4463,2000013333658188,2025-08-10,reconciled,34990.0,PAGO,1 julio 2025 - 1 enero 2026.xlsx,,,2026-05-27 15:01:20.503007,,ajustes,Ajuste Poscobro Conciliado,False
ML,POS_129126596840_1 julio 2025 - 1 enero 2026.xlsx_4464,nan,2025-08-10,Ajuste Poscobro,1196.0,PAGO,1 julio 2025 - 1 enero 2026.xlsx,,,2026-05-27 15:01:20.503007,,ajustes,Ajuste Poscobro General,True
ML,POS_129126510250_1 julio 2025 - 1 enero 2026.xlsx_4465,nan,2025-08-10,Ajuste Poscobro,523.0,PAGO,1 julio 2025 - 1 enero 2026.xlsx,,,2026-05-27 15:01:20.503007,,ajustes,Ajuste Poscobro General,True
ML,POS_129126281564_1 julio 2025 - 1 enero 2026.xlsx_4466,2000013331698506,2025-08-10,reconciled,18984.0,PAGO,1 julio 2025 - 1 enero 2026.xlsx,,,2026-05-27 15:01:20.503007,,ajustes,Ajuste Poscobro Conciliado,False
ML,POS_129126161308_1 julio 2025 - 1 enero 2026.xlsx_4467,2000013331686030,2025-08-10,bpp_refunded,39990.0,PAGO,1 julio 2025 - 1 enero 2026.xlsx,,,2026-05-27 15:01:20.503007,,ajustes,Ajuste por Compra Protegida (BPP),False
ML,POS_128554718361_1 julio 2025 - 1 enero 2026.xlsx_4468,2000013331543254,2025-08-10,reconciled,20180.0,PAGO,1 julio 2025 - 1 enero 2026.xlsx,,,2026-05-27 15:01:20.503007,,ajustes,Ajuste Poscobro Conciliado,False
ML,POS_128551056787_1 julio 2025 - 1 enero 2026.xlsx_4469,2000013331128822,2025-08-10,bpp_refunded,31490.0,PAGO,1 julio 2025 - 1 enero 2026.xlsx,,,2026-05-27 15:01:20.503007,,ajustes,Ajuste por Compra Protegida (BPP),False
ML,POS_129120711516_1 julio 2025 - 1 enero 2026.xlsx_4470,2000013331045996,2025-08-10,bpp_refunded,15990.0,PAGO,1 julio 2025 - 1 enero 2026.xlsx,,,2026-05-27 15:01:20.503007,,ajustes,Ajuste por Compra Protegida (BPP),False
ML,POS_128543989623_1 julio 2025 - 1 enero 2026.xlsx_4471,2000013330267616,2025-08-10,reconciled,26990.0,PAGO,1 julio 2025 - 1 enero 2026.xlsx,,,2026-05-27 15:01:20.503007,,ajustes,Ajuste Poscobro Conciliado,False
ML,POS_128542257673_1 julio 2025 - 1 enero 2026.xlsx_4472,2000013330038526,2025-08-10,reconciled,34990.0,PAGO,1 julio 2025 - 1 enero 2026.xlsx,,,2026-05-27 15:01:20.503007,,ajustes,Ajuste Poscobro Conciliado,False
ML,POS_129105465124_1 julio 2025 - 1 enero 2026.xlsx_4473,2000013329318000,2025-08-10,bpp_covered,24070.0,PAGO,1 julio 2025 - 1 enero 2026.xlsx,,,2026-05-27 15:01:20.503007,,ajustes,Ajuste por Compra Protegida (BPP),True
ML,POS_128534974877_1 julio 2025 - 1 enero 2026.xlsx_4474,2000013329298120,2025-08-10,Ajuste Poscobro,34990.0,PAGO,1 julio 2025 - 1 enero 2026.xlsx,,,2026-05-27 15:01:20.503007,,ajustes,Ajuste Poscobro General,True
ML,POS_128531217139_1 julio 2025 - 1 enero 2026.xlsx_4475,2000013328938982,2025-08-10,reconciled,34990.0,PAGO,1 julio 2025 - 1 enero 2026.xlsx,,,2026-05-27 15:01:20.503007,,ajustes,Ajuste Poscobro Conciliado,False
ML,POS_129093912196_1 julio 2025 - 1 enero 2026.xlsx_4476,2000013328401278,2025-08-10,reconciled,34990.0,PAGO,1 julio 2025 - 1 enero 2026.xlsx,,,2026-05-27 15:01:20.503007,,ajustes,Ajuste Poscobro Conciliado,False
ML,POS_129073798514_1 julio 2025 - 1 enero 2026.xlsx_4477,2000013326461352,2025-07-10,bpp_refunded,29990.0,PAGO,1 julio 2025 - 1 enero 2026.xlsx,,,2026-05-27 15:01:20.503007,,ajustes,Ajuste por Compra Protegida (BPP),False
ML,POS_129072575134_1 julio 2025 - 1 enero 2026.xlsx_4478,nan,2025-07-10,Ajuste Poscobro,448.0,PAGO,1 julio 2025 - 1 enero 2026.xlsx,,,2026-05-27 15:01:20.503007,,ajustes,Ajuste Poscobro General,True
ML,POS_129072432782_1 julio 2025 - 1 enero 2026.xlsx_4479,2000013326230220,2025-07-10,reconciled,27990.0,PAGO,1 julio 2025 - 1 enero 2026.xlsx,,,2026-05-27 15:01:20.503007,,ajustes,Ajuste Poscobro Conciliado,False
ML,POS_129068233280_1 julio 2025 - 1 enero 2026.xlsx_4480,2000013325506578,2025-07-10,bpp_refunded,27990.0,PAGO,1 julio 2025 - 1 enero 2026.xlsx,,,2026-05-27 15:01:20.503007,,ajustes,Ajuste por Compra Protegida (BPP),False
ML,POS_128494594477_1 julio 2025 - 1 enero 2026.xlsx_4481,nan,2025-07-10,Ajuste Poscobro,448.0,PAGO,1 julio 2025 - 1 enero 2026.xlsx,,,2026-05-27 15:01:20.503007,,ajustes,Ajuste Poscobro General,True
ML,POS_128494324749_1 julio 2025 - 1 enero 2026.xlsx_4482,2000013324858736,2025-07-10,reconciled,37990.0,PAGO,1 julio 2025 - 1 enero 2026.xlsx,,,2026-05-27 15:01:20.503007,,ajustes,Ajuste Poscobro Conciliado,False
ML,POS_129064060694_1 julio 2025 - 1 enero 2026.xlsx_4483,2000013324809406,2025-07-10,bpp_refunded,34990.0,PAGO,1 julio 2025 - 1 enero 2026.xlsx,,,2026-05-27 15:01:20.503007,,ajustes,Ajuste por Compra Protegida (BPP),False
ML,POS_128493883879_1 julio 2025 - 1 enero 2026.xlsx_4484,2000013324812790,2025-07-10,bpp_refunded,23190.0,PAGO,1 julio 2025 - 1 enero 2026.xlsx,,,2026-05-27 15:01:20.503007,,ajustes,Ajuste por Compra Protegida (BPP),False
ML,POS_129063958006_1 julio 2025 - 1 enero 2026.xlsx_4485,2000013324807174,2025-07-10,bpp_refunded,23190.0,PAGO,1 julio 2025 - 1 enero 2026.xlsx,,,2026-05-27 15:01:20.503007,,ajustes,Ajuste por Compra Protegida (BPP),False
ML,POS_128493863511_1 julio 2025 - 1 enero 2026.xlsx_4486,2000013324812144,2025-07-10,bpp_refunded,28790.0,PAGO,1 julio 2025 - 1 enero 2026.xlsx,,,2026-05-27 15:01:20.503007,,ajustes,Ajuste por Compra Protegida (BPP),False
ML,POS_128493936833_1 julio 2025 - 1 enero 2026.xlsx_4487,2000013324806578,2025-07-10,bpp_refunded,28790.0,PAGO,1 julio 2025 - 1 enero 2026.xlsx,,,2026-05-27 15:01:20.503007,,ajustes,Ajuste por Compra Protegida (BPP),False
ML,POS_128492307175_1 julio 2025 - 1 enero 2026.xlsx_4488,2000013324537822,2025-07-10,bpp_refunded,28790.0,PAGO,1 julio 2025 - 1 enero 2026.xlsx,,,2026-05-27 15:01:20.503007,,ajustes,Ajuste por Compra Protegida (BPP),False
ML,POS_129057346296_1 julio 2025 - 1 enero 2026.xlsx_4489,2000013323863288,2025-07-10,bpp_refunded,28490.0,PAGO,1 julio 2025 - 1 enero 2026.xlsx,,,2026-05-27 15:01:20.503007,,ajustes,Ajuste por Compra Protegida (BPP),False
ML,POS_128486679563_1 julio 2025 - 1 enero 2026.xlsx_4490,2000013323804962,2025-07-10,bpp_refunded,39990.0,PAGO,1 julio 2025 - 1 enero 2026.xlsx,,,2026-05-27 15:01:20.503007,,ajustes,Ajuste por Compra Protegida (BPP),False
ML,POS_129012536012_1 julio 2025 - 1 enero 2026.xlsx_4491,2000013318823332,2025-07-10,bpp_refunded,28790.0,PAGO,1 julio 2025 - 1 enero 2026.xlsx,,,2026-05-27 15:01:20.503007,,ajustes,Ajuste por Compra Protegida (BPP),False
ML,POS_128433770519_1 julio 2025 - 1 enero 2026.xlsx_4492,nan,2025-07-10,Ajuste Poscobro,523.0,PAGO,1 julio 2025 - 1 enero 2026.xlsx,,,2026-05-27 15:01:20.503007,,ajustes,Ajuste Poscobro General,True
ML,POS_129003280256_1 julio 2025 - 1 enero 2026.xlsx_4493,2000013317445456,2025-07-10,bpp_refunded,28990.0,PAGO,1 julio 2025 - 1 enero 2026.xlsx,,,2026-05-27 15:01:20.503007,,ajustes,Ajuste por Compra Protegida (BPP),False
ML,POS_128426487799_1 julio 2025 - 1 enero 2026.xlsx_4494,2000013316598658,2025-07-10,reconciled,9990.0,PAGO,1 julio 2025 - 1 enero 2026.xlsx,,,2026-05-27 15:01:20.503007,,ajustes,Ajuste Poscobro Conciliado,False
ML,POS_128996201884_1 julio 2025 - 1 enero 2026.xlsx_4495,2000013316598658,2025-07-10,bpp_refunded,15000.0,PAGO,1 julio 2025 - 1 enero 2026.xlsx,,,2026-05-27 15:01:20.503007,,ajustes,Ajuste por Compra Protegida (BPP),False
ML,POS_128991220236_1 julio 2025 - 1 enero 2026.xlsx_4496,nan,2025-07-10,Ajuste Poscobro,523.0,PAGO,1 julio 2025 - 1 enero 2026.xlsx,,,2026-05-27 15:01:20.503007,,ajustes,Ajuste Poscobro General,True
ML,POS_128420865143_1 julio 2025 - 1 enero 2026.xlsx_4497,2000013315952982,2025-07-10,bpp_refunded,20790.0,PAGO,1 julio 2025 - 1 enero 2026.xlsx,,,2026-05-27 15:01:20.503007,,ajustes,Ajuste por Compra Protegida (BPP),False
ML,POS_128990752668_1 julio 2025 - 1 enero 2026.xlsx_4498,2000013315954948,2025-07-10,bpp_refunded,39990.0,PAGO,1 julio 2025 - 1 enero 2026.xlsx,,,2026-05-27 15:01:20.503007,,ajustes,Ajuste por Compra Protegida (BPP),False
ML,POS_128414976827_1 julio 2025 - 1 enero 2026.xlsx_4499,nan,2025-07-10,Ajuste Poscobro,448.0,PAGO,1 julio 2025 - 1 enero 2026.xlsx,,,2026-05-27 15:01:20.503007,,ajustes,Ajuste Poscobro General,True
ML,POS_128414577039_1 julio 2025 - 1 enero 2026.xlsx_4500,2000013315247846,2025-07-10,bpp_refunded,21490.0,PAGO,1 julio 2025 - 1 enero 2026.xlsx,,,2026-05-27 15:01:20.503007,,ajustes,Ajuste por Compra Protegida (BPP),False
ML,POS_128412260615_1 julio 2025 - 1 enero 2026.xlsx_4501,2000013314966390,2025-07-10,bpp_refunded,39990.0,PAGO,1 julio 2025 - 1 enero 2026.xlsx,,,2026-05-27 15:01:20.503007,,ajustes,Ajuste por Compra Protegida (BPP),False
ML,POS_128980667170_1 julio 2025 - 1 enero 2026.xlsx_4502,2000013314823612,2025-07-10,bpp_refunded,38490.0,PAGO,1 julio 2025 - 1 enero 2026.xlsx,,,2026-05-27 15:01:20.503007,,ajustes,Ajuste por Compra Protegida (BPP),False
ML,POS_128401696991_1 julio 2025 - 1 enero 2026.xlsx_4503,2000013313694756,2025-07-10,bpp_refunded,9990.0,PAGO,1 julio 2025 - 1 enero 2026.xlsx,,,2026-05-27 15:01:20.503007,,ajustes,Ajuste por Compra Protegida (BPP),False
ML,POS_128396747669_1 julio 2025 - 1 enero 2026.xlsx_4504,2000013313175198,2025-07-10,bpp_refunded,35990.0,PAGO,1 julio 2025 - 1 enero 2026.xlsx,,,2026-05-27 15:01:20.503007,,ajustes,Ajuste por Compra Protegida (BPP),False
ML,POS_128965721200_1 julio 2025 - 1 enero 2026.xlsx_4505,2000013313102302,2025-07-10,reconciled,33590.0,PAGO,1 julio 2025 - 1 enero 2026.xlsx,,,2026-05-27 15:01:20.503007,,ajustes,Ajuste Poscobro Conciliado,False
ML,POS_128963734014_1 julio 2025 - 1 enero 2026.xlsx_4506,2000013312895748,2025-07-10,bpp_refunded,27590.0,PAGO,1 julio 2025 - 1 enero 2026.xlsx,,,2026-05-27 15:01:20.503007,,ajustes,Ajuste por Compra Protegida (BPP),False
ML,POS_128393209321_1 julio 2025 - 1 enero 2026.xlsx_4507,2000013312775604,2025-07-10,bpp_refunded,22990.0,PAGO,1 julio 2025 - 1 enero 2026.xlsx,,,2026-05-27 15:01:20.503007,,ajustes,Ajuste por Compra Protegida (BPP),False
ML,POS_128392567893_1 julio 2025 - 1 enero 2026.xlsx_4508,nan,2025-07-10,Ajuste Poscobro,523.0,PAGO,1 julio 2025 - 1 enero 2026.xlsx,,,2026-05-27 15:01:20.503007,,ajustes,Ajuste Poscobro General,True
ML,POS_128961991276_1 julio 2025 - 1 enero 2026.xlsx_4509,2000013312675956,2025-07-10,bpp_refunded,27990.0,PAGO,1 julio 2025 - 1 enero 2026.xlsx,,,2026-05-27 15:01:20.503007,,ajustes,Ajuste por Compra Protegida (BPP),False
ML,POS_128388667351_1 julio 2025 - 1 enero 2026.xlsx_4510,2000013312351474,2025-07-10,bpp_refunded,27990.0,PAGO,1 julio 2025 - 1 enero 2026.xlsx,,,2026-05-27 15:01:20.503007,,ajustes,Ajuste por Compra Protegida (BPP),False
ML,POS_128388742949_1 julio 2025 - 1 enero 2026.xlsx_4511,2000013312349550,2025-07-10,bpp_refunded,28790.0,PAGO,1 julio 2025 - 1 enero 2026.xlsx,,,2026-05-27 15:01:20.503007,,ajustes,Ajuste por Compra Protegida (BPP),False
ML,POS_128951464386_1 julio 2025 - 1 enero 2026.xlsx_4512,2000013311893060,2025-07-10,Ajuste Poscobro,35990.0,PAGO,1 julio 2025 - 1 enero 2026.xlsx,,,2026-05-27 15:01:20.503007,,ajustes,Ajuste Poscobro General,True
ML,POS_128938502988_1 julio 2025 - 1 enero 2026.xlsx_4513,2000013311225452,2025-07-10,bpp_refunded,39990.0,PAGO,1 julio 2025 - 1 enero 2026.xlsx,,,2026-05-27 15:01:20.503007,,ajustes,Ajuste por Compra Protegida (BPP),False
ML,POS_128935613224_1 julio 2025 - 1 enero 2026.xlsx_4514,2000013310808508,2025-06-10,bpp_refunded,34990.0,PAGO,1 julio 2025 - 1 enero 2026.xlsx,,,2026-05-27 15:01:20.503007,,ajustes,Ajuste por Compra Protegida (BPP),False
ML,POS_128935657076_1 julio 2025 - 1 enero 2026.xlsx_4515,2000013310810250,2025-06-10,bpp_refunded,20790.0,PAGO,1 julio 2025 - 1 enero 2026.xlsx,,,2026-05-27 15:01:20.503007,,ajustes,Ajuste por Compra Protegida (BPP),False
ML,POS_128933472768_1 julio 2025 - 1 enero 2026.xlsx_4516,2000013310344476,2025-06-10,bpp_refunded,9990.0,PAGO,1 julio 2025 - 1 enero 2026.xlsx,,,2026-05-27 15:01:20.503007,,ajustes,Ajuste por Compra Protegida (BPP),False
ML,POS_128933323602_1 julio 2025 - 1 enero 2026.xlsx_4517,2000013310340724,2025-06-10,bpp_refunded,18990.0,PAGO,1 julio 2025 - 1 enero 2026.xlsx,,,2026-05-27 15:01:20.503007,,ajustes,Ajuste por Compra Protegida (BPP),False
ML,POS_128363818761_1 julio 2025 - 1 enero 2026.xlsx_4518,2000013310235490,2025-06-10,bpp_refunded,19080.0,PAGO,1 julio 2025 - 1 enero 2026.xlsx,,,2026-05-27 15:01:20.503007,,ajustes,Ajuste por Compra Protegida (BPP),False
ML,POS_128363423915_1 julio 2025 - 1 enero 2026.xlsx_4519,2000013310190820,2025-06-10,bpp_refunded,1000.0,PAGO,1 julio 2025 - 1 enero 2026.xlsx,,,2026-05-27 15:01:20.503007,,ajustes,Ajuste por Compra Protegida (BPP),False
ML,POS_128932743684_1 julio 2025 - 1 enero 2026.xlsx_4520,2000013310190820,2025-06-10,reconciled,20480.0,PAGO,1 julio 2025 - 1 enero 2026.xlsx,,,2026-05-27 15:01:20.503007,,ajustes,Ajuste Poscobro Conciliado,False
ML,POS_128929782204_1 julio 2025 - 1 enero 2026.xlsx_4521,2000013309568506,2025-06-10,reconciled,28790.0,PAGO,1 julio 2025 - 1 enero 2026.xlsx,,,2026-05-27 15:01:20.503007,,ajustes,Ajuste Poscobro Conciliado,False
ML,POS_128359672037_1 julio 2025 - 1 enero 2026.xlsx_4522,2000013309454198,2025-06-10,bpp_refunded,34990.0,PAGO,1 julio 2025 - 1 enero 2026.xlsx,,,2026-05-27 15:01:20.503007,,ajustes,Ajuste por Compra Protegida (BPP),False
ML,POS_128359105675_1 julio 2025 - 1 enero 2026.xlsx_4523,nan,2025-06-10,Ajuste Poscobro,448.0,PAGO,1 julio 2025 - 1 enero 2026.xlsx,,,2026-05-27 15:01:20.503007,,ajustes,Ajuste Poscobro General,True
ML,POS_128359180711_1 julio 2025 - 1 enero 2026.xlsx_4524,nan,2025-06-10,Ajuste Poscobro,448.0,PAGO,1 julio 2025 - 1 enero 2026.xlsx,,,2026-05-27 15:01:20.503007,,ajustes,Ajuste Poscobro General,True
ML,POS_128927939350_1 julio 2025 - 1 enero 2026.xlsx_4525,2000013309275074,2025-06-10,bpp_refunded,27990.0,PAGO,1 julio 2025 - 1 enero 2026.xlsx,,,2026-05-27 15:01:20.503007,,ajustes,Ajuste por Compra Protegida (BPP),False
ML,POS_128358895649_1 julio 2025 - 1 enero 2026.xlsx_4526,2000013309269942,2025-06-10,bpp_refunded,27990.0,PAGO,1 julio 2025 - 1 enero 2026.xlsx,,,2026-05-27 15:01:20.503007,,ajustes,Ajuste por Compra Protegida (BPP),False
ML,POS_128358631181_1 julio 2025 - 1 enero 2026.xlsx_4527,2000013309216128,2025-06-10,Ajuste Poscobro,39990.0,PAGO,1 julio 2025 - 1 enero 2026.xlsx,,,2026-05-27 15:01:20.503007,,ajustes,Ajuste Poscobro General,True
ML,POS_128926900280_1 julio 2025 - 1 enero 2026.xlsx_4528,2000013309052970,2025-06-10,bpp_refunded,25590.0,PAGO,1 julio 2025 - 1 enero 2026.xlsx,,,2026-05-27 15:01:20.503007,,ajustes,Ajuste por Compra Protegida (BPP),False
ML,POS_128926932138_1 julio 2025 - 1 enero 2026.xlsx_4529,2000013309060084,2025-06-10,bpp_refunded,25590.0,PAGO,1 julio 2025 - 1 enero 2026.xlsx,,,2026-05-27 15:01:20.503007,,ajustes,Ajuste por Compra Protegida (BPP),False
ML,POS_128351717815_1 julio 2025 - 1 enero 2026.xlsx_4530,2000013308081276,2025-06-10,reconciled,23990.0,PAGO,1 julio 2025 - 1 enero 2026.xlsx,,,2026-05-27 15:01:20.503007,,ajustes,Ajuste Poscobro Conciliado,False
ML,POS_128919515012_1 julio 2025 - 1 enero 2026.xlsx_4531,2000013307869178,2025-06-10,bpp_refunded,39990.0,PAGO,1 julio 2025 - 1 enero 2026.xlsx,,,2026-05-27 15:01:20.503007,,ajustes,Ajuste por Compra Protegida (BPP),False
ML,POS_128891442846_1 julio 2025 - 1 enero 2026.xlsx_4532,2000013304789868,2025-06-10,reconciled,27990.0,PAGO,1 julio 2025 - 1 enero 2026.xlsx,,,2026-05-27 15:01:20.503007,,ajustes,Ajuste Poscobro Conciliado,False
ML,POS_128319241721_1 julio 2025 - 1 enero 2026.xlsx_4533,2000013304391168,2025-06-10,bpp_refunded,39990.0,PAGO,1 julio 2025 - 1 enero 2026.xlsx,,,2026-05-27 15:01:20.503007,,ajustes,Ajuste por Compra Protegida (BPP),False
ML,POS_128301862625_1 julio 2025 - 1 enero 2026.xlsx_4534,2000013302437064,2025-06-10,bpp_refunded,33590.0,PAGO,1 julio 2025 - 1 enero 2026.xlsx,,,2026-05-27 15:01:20.503007,,ajustes,Ajuste por Compra Protegida (BPP),False
ML,POS_128295839267_1 julio 2025 - 1 enero 2026.xlsx_4535,2000013301591844,2025-06-10,reconciled,29990.0,PAGO,1 julio 2025 - 1 enero 2026.xlsx,,,2026-05-27 15:01:20.503007,,ajustes,Ajuste Poscobro Conciliado,False
ML,POS_128294521557_1 julio 2025 - 1 enero 2026.xlsx_4536,2000013301470022,2025-06-10,reconciled,27590.0,PAGO,1 julio 2025 - 1 enero 2026.xlsx,,,2026-05-27 15:01:20.503007,,ajustes,Ajuste Poscobro Conciliado,False
ML,POS_128854358912_1 julio 2025 - 1 enero 2026.xlsx_4537,nan,2025-06-10,Ajuste Poscobro,598.0,PAGO,1 julio 2025 - 1 enero 2026.xlsx,,,2026-05-27 15:01:20.503007,,ajustes,Ajuste Poscobro General,True
ML,POS_128285281631_1 julio 2025 - 1 enero 2026.xlsx_4538,2000013300237484,2025-06-10,bpp_refunded,27590.0,PAGO,1 julio 2025 - 1 enero 2026.xlsx,,,2026-05-27 15:01:20.503007,,ajustes,Ajuste por Compra Protegida (BPP),False
ML,POS_128283153607_1 julio 2025 - 1 enero 2026.xlsx_4539,2000013299972862,2025-06-10,bpp_refunded,26390.0,PAGO,1 julio 2025 - 1 enero 2026.xlsx,,,2026-05-27 15:01:20.503007,,ajustes,Ajuste por Compra Protegida (BPP),False
ML,POS_128282428895_1 julio 2025 - 1 enero 2026.xlsx_4541,2000013299882514,2025-06-10,bpp_refunded,35990.0,PAGO,1 julio 2025 - 1 enero 2026.xlsx,,,2026-05-27 15:01:20.503007,,ajustes,Ajuste por Compra Protegida (BPP),False
ML,POS_128850976746_1 julio 2025 - 1 enero 2026.xlsx_4542,2000013299882512,2025-06-10,bpp_refunded,39990.0,PAGO,1 julio 2025 - 1 enero 2026.xlsx,,,2026-05-27 15:01:20.503007,,ajustes,Ajuste por Compra Protegida (BPP),False
ML,POS_128282476429_1 julio 2025 - 1 enero 2026.xlsx_4543,2000013299867750,2025-06-10,bpp_refunded,39990.0,PAGO,1 julio 2025 - 1 enero 2026.xlsx,,,2026-05-27 15:01:20.503007,,ajustes,Ajuste por Compra Protegida (BPP),False
ML,POS_128281839193_1 julio 2025 - 1 enero 2026.xlsx_4544,2000013299825148,2025-06-10,bpp_refunded,35990.0,PAGO,1 julio 2025 - 1 enero 2026.xlsx,,,2026-05-27 15:01:20.503007,,ajustes,Ajuste por Compra Protegida (BPP),False
ML,POS_128842022462_1 julio 2025 - 1 enero 2026.xlsx_4545,2000013298914084,2025-06-10,bpp_refunded,29990.0,PAGO,1 julio 2025 - 1 enero 2026.xlsx,,,2026-05-27 15:01:20.503007,,ajustes,Ajuste por Compra Protegida (BPP),False
ML,POS_128833024948_1 julio 2025 - 1 enero 2026.xlsx_4546,2000013297941038,2025-06-10,bpp_refunded,29990.0,PAGO,1 julio 2025 - 1 enero 2026.xlsx,,,2026-05-27 15:01:20.503007,,ajustes,Ajuste por Compra Protegida (BPP),False
ML,POS_128263311109_1 julio 2025 - 1 enero 2026.xlsx_4547,nan,2025-06-10,Ajuste Poscobro,523.0,PAGO,1 julio 2025 - 1 enero 2026.xlsx,,,2026-05-27 15:01:20.503007,,ajustes,Ajuste Poscobro General,True
ML,POS_128263059825_1 julio 2025 - 1 enero 2026.xlsx_4548,2000013297782446,2025-06-10,reconciled,24990.0,PAGO,1 julio 2025 - 1 enero 2026.xlsx,,,2026-05-27 15:01:20.503007,,ajustes,Ajuste Poscobro Conciliado,False
ML,POS_128257733543_1 julio 2025 - 1 enero 2026.xlsx_4549,2000013297196620,2025-06-10,bpp_refunded,49990.0,PAGO,1 julio 2025 - 1 enero 2026.xlsx,,,2026-05-27 15:01:20.503007,,ajustes,Ajuste por Compra Protegida (BPP),False
ML,POS_128825802262_1 julio 2025 - 1 enero 2026.xlsx_4550,2000013297133790,2025-06-10,bpp_refunded,29990.0,PAGO,1 julio 2025 - 1 enero 2026.xlsx,,,2026-05-27 15:01:20.503007,,ajustes,Ajuste por Compra Protegida (BPP),False
ML,POS_128247553811_1 julio 2025 - 1 enero 2026.xlsx_4551,nan,2025-06-10,Ajuste Poscobro,523.0,PAGO,1 julio 2025 - 1 enero 2026.xlsx,,,2026-05-27 15:01:20.503007,,ajustes,Ajuste Poscobro General,True
ML,POS_128247458707_1 julio 2025 - 1 enero 2026.xlsx_4552,2000013296159660,2025-06-10,bpp_refunded,33590.0,PAGO,1 julio 2025 - 1 enero 2026.xlsx,,,2026-05-27 15:01:20.503007,,ajustes,Ajuste por Compra Protegida (BPP),False
ML,POS_128813427198_1 julio 2025 - 1 enero 2026.xlsx_4553,nan,2025-06-10,Ajuste Poscobro,448.0,PAGO,1 julio 2025 - 1 enero 2026.xlsx,,,2026-05-27 15:01:20.503007,,ajustes,Ajuste Poscobro General,True
ML,POS_128813288172_1 julio 2025 - 1 enero 2026.xlsx_4554,2000013295947802,2025-06-10,bpp_refunded,28790.0,PAGO,1 julio 2025 - 1 enero 2026.xlsx,,,2026-05-27 15:01:20.503007,,ajustes,Ajuste por Compra Protegida (BPP),False
ML,POS_128799035060_1 julio 2025 - 1 enero 2026.xlsx_4555,2000013295306974,2025-06-10,reconciled,29990.0,PAGO,1 julio 2025 - 1 enero 2026.xlsx,,,2026-05-27 15:01:20.503007,,ajustes,Ajuste Poscobro Conciliado,False
ML,POS_128795686996_1 julio 2025 - 1 enero 2026.xlsx_4556,2000013295195386,2025-06-10,bpp_refunded,39990.0,PAGO,1 julio 2025 - 1 enero 2026.xlsx,,,2026-05-27 15:01:20.503007,,ajustes,Ajuste por Compra Protegida (BPP),False
ML,POS_128226802451_1 julio 2025 - 1 enero 2026.xlsx_4557,2000013295102676,2025-06-10,bpp_refunded,33390.0,PAGO,1 julio 2025 - 1 enero 2026.xlsx,,,2026-05-27 15:01:20.503007,,ajustes,Ajuste por Compra Protegida (BPP),False
ML,POS_128790485664_1 julio 2025 - 1 enero 2026.xlsx_4558,2000013294583498,2025-06-10,bpp_refunded,37790.0,PAGO,1 julio 2025 - 1 enero 2026.xlsx,,,2026-05-27 15:01:20.503007,,ajustes,Ajuste por Compra Protegida (BPP),False
ML,POS_128221518937_1 julio 2025 - 1 enero 2026.xlsx_4559,2000013294489084,2025-05-10,bpp_refunded,19790.0,PAGO,1 julio 2025 - 1 enero 2026.xlsx,,,2026-05-27 15:01:20.503007,,ajustes,Ajuste por Compra Protegida (BPP),False
ML,POS_128220821387_1 julio 2025 - 1 enero 2026.xlsx_4560,2000013294373942,2025-05-10,bpp_refunded,27590.0,PAGO,1 julio 2025 - 1 enero 2026.xlsx,,,2026-05-27 15:01:20.503007,,ajustes,Ajuste por Compra Protegida (BPP),False
ML,POS_128220465825_1 julio 2025 - 1 enero 2026.xlsx_4561,2000013294324378,2025-05-10,reconciled,20790.0,PAGO,1 julio 2025 - 1 enero 2026.xlsx,,,2026-05-27 15:01:20.503007,,ajustes,Ajuste Poscobro Conciliado,False
ML,POS_128220413625_1 julio 2025 - 1 enero 2026.xlsx_4562,nan,2025-05-10,Ajuste Poscobro,598.0,PAGO,1 julio 2025 - 1 enero 2026.xlsx,,,2026-05-27 15:01:20.503007,,ajustes,Ajuste Poscobro General,True
ML,POS_128788455962_1 julio 2025 - 1 enero 2026.xlsx_4563,2000013294284756,2025-05-10,bpp_refunded,26990.0,PAGO,1 julio 2025 - 1 enero 2026.xlsx,,,2026-05-27 15:01:20.503007,,ajustes,Ajuste por Compra Protegida (BPP),False
ML,POS_128204143197_1 julio 2025 - 1 enero 2026.xlsx_4567,2000013291866206,2025-05-10,reconciled,33990.0,PAGO,1 julio 2025 - 1 enero 2026.xlsx,,,2026-05-27 15:01:20.503007,,ajustes,Ajuste Poscobro Conciliado,False
ML,POS_128763349640_1 julio 2025 - 1 enero 2026.xlsx_4568,2000013290764798,2025-05-10,bpp_refunded,43990.0,PAGO,1 julio 2025 - 1 enero 2026.xlsx,,,2026-05-27 15:01:20.503007,,ajustes,Ajuste por Compra Protegida (BPP),False
ML,POS_128759572942_1 julio 2025 - 1 enero 2026.xlsx_4569,2000013290302680,2025-05-10,bpp_refunded,34990.0,PAGO,1 julio 2025 - 1 enero 2026.xlsx,,,2026-05-27 15:01:20.503007,,ajustes,Ajuste por Compra Protegida (BPP),False
ML,POS_128747424922_1 julio 2025 - 1 enero 2026.xlsx_4570,2000013288762002,2025-05-10,bpp_refunded,19990.0,PAGO,1 julio 2025 - 1 enero 2026.xlsx,,,2026-05-27 15:01:20.503007,,ajustes,Ajuste por Compra Protegida (BPP),False
ML,POS_128683914596_1 julio 2025 - 1 enero 2026.xlsx_4571,2000013282419388,2025-04-10,reconciled,49990.0,PAGO,1 julio 2025 - 1 enero 2026.xlsx,,,2026-05-27 15:01:20.503007,,ajustes,Ajuste Poscobro Conciliado,False
ML,POS_128681920146_1 julio 2025 - 1 enero 2026.xlsx_4572,nan,2025-04-10,Ajuste Poscobro,2990.0,PAGO,1 julio 2025 - 1 enero 2026.xlsx,,,2026-05-27 15:01:20.503007,,ajustes,Ajuste Poscobro General,True
ML,POS_128114143077_1 julio 2025 - 1 enero 2026.xlsx_4573,2000013282235712,2025-04-10,bpp_refunded,11990.0,PAGO,1 julio 2025 - 1 enero 2026.xlsx,,,2026-05-27 15:01:20.503007,,ajustes,Ajuste por Compra Protegida (BPP),False
ML,POS_128114190681_1 julio 2025 - 1 enero 2026.xlsx_4574,2000013282235710,2025-04-10,bpp_refunded,11990.0,PAGO,1 julio 2025 - 1 enero 2026.xlsx,,,2026-05-27 15:01:20.503007,,ajustes,Ajuste por Compra Protegida (BPP),False
ML,POS_128114137063_1 julio 2025 - 1 enero 2026.xlsx_4575,2000013282239096,2025-04-10,bpp_refunded,10990.0,PAGO,1 julio 2025 - 1 enero 2026.xlsx,,,2026-05-27 15:01:20.503007,,ajustes,Ajuste por Compra Protegida (BPP),False
ML,POS_128114186611_1 julio 2025 - 1 enero 2026.xlsx_4576,2000013282239094,2025-04-10,bpp_refunded,10990.0,PAGO,1 julio 2025 - 1 enero 2026.xlsx,,,2026-05-27 15:01:20.503007,,ajustes,Ajuste por Compra Protegida (BPP),False
ML,POS_128099936621_1 julio 2025 - 1 enero 2026.xlsx_4577,2000013281069838,2025-04-10,bpp_refunded,2515.0,PAGO,1 julio 2025 - 1 enero 2026.xlsx,,,2026-05-27 15:01:20.503007,,ajustes,Ajuste por Compra Protegida (BPP),False
ML,POS_128099910973_1 julio 2025 - 1 enero 2026.xlsx_4580,2000013281069838,2025-04-10,reconciled,32475.0,PAGO,1 julio 2025 - 1 enero 2026.xlsx,,,2026-05-27 15:01:20.503007,,ajustes,Ajuste Poscobro Conciliado,False
ML,POS_128089705083_1 julio 2025 - 1 enero 2026.xlsx_4581,2000013280336836,2025-04-10,bpp_refunded,19990.0,PAGO,1 julio 2025 - 1 enero 2026.xlsx,,,2026-05-27 15:01:20.503007,,ajustes,Ajuste por Compra Protegida (BPP),False
ML,POS_128071932123_1 julio 2025 - 1 enero 2026.xlsx_4582,nan,2025-04-10,Ajuste Poscobro,523.0,PAGO,1 julio 2025 - 1 enero 2026.xlsx,,,2026-05-27 15:01:20.503007,,ajustes,Ajuste Poscobro General,True
ML,POS_128071674873_1 julio 2025 - 1 enero 2026.xlsx_4583,2000013278839620,2025-04-10,reconciled,48990.0,PAGO,1 julio 2025 - 1 enero 2026.xlsx,,,2026-05-27 15:01:20.503007,,ajustes,Ajuste Poscobro Conciliado,False
ML,POS_128030778389_1 julio 2025 - 1 enero 2026.xlsx_4584,nan,2025-04-10,Ajuste Poscobro,448.0,PAGO,1 julio 2025 - 1 enero 2026.xlsx,,,2026-05-27 15:01:20.503007,,ajustes,Ajuste Poscobro General,True
ML,POS_128597839374_1 julio 2025 - 1 enero 2026.xlsx_4585,2000013275512216,2025-04-10,reconciled,43990.0,PAGO,1 julio 2025 - 1 enero 2026.xlsx,,,2026-05-27 15:01:20.503007,,ajustes,Ajuste Poscobro Conciliado,False
ML,POS_128027339621_1 julio 2025 - 1 enero 2026.xlsx_4587,2000013275268186,2025-04-10,bpp_refunded,53990.0,PAGO,1 julio 2025 - 1 enero 2026.xlsx,,,2026-05-27 15:01:20.503007,,ajustes,Ajuste por Compra Protegida (BPP),False
ML,POS_128573695082_1 julio 2025 - 1 enero 2026.xlsx_4588,2000013273403932,2025-04-10,bpp_refunded,47990.0,PAGO,1 julio 2025 - 1 enero 2026.xlsx,,,2026-05-27 15:01:20.503007,,ajustes,Ajuste por Compra Protegida (BPP),False
ML,POS_127967965353_1 julio 2025 - 1 enero 2026.xlsx_4589,2000013270009040,2025-03-10,bpp_refunded,34990.0,PAGO,1 julio 2025 - 1 enero 2026.xlsx,,,2026-05-27 15:01:20.503007,,ajustes,Ajuste por Compra Protegida (BPP),False
ML,POS_127966595471_1 julio 2025 - 1 enero 2026.xlsx_4590,2000013269887882,2025-03-10,reconciled,48990.0,PAGO,1 julio 2025 - 1 enero 2026.xlsx,,,2026-05-27 15:01:20.503007,,ajustes,Ajuste Poscobro Conciliado,False
ML,POS_128479072438_1 julio 2025 - 1 enero 2026.xlsx_4591,2000013265088972,2025-03-10,bpp_refunded,45990.0,PAGO,1 julio 2025 - 1 enero 2026.xlsx,,,2026-05-27 15:01:20.503007,,ajustes,Ajuste por Compra Protegida (BPP),False
ML,POS_128441331340_1 julio 2025 - 1 enero 2026.xlsx_4592,2000013261724586,2025-03-10,bpp_refunded,28990.0,PAGO,1 julio 2025 - 1 enero 2026.xlsx,,,2026-05-27 15:01:20.503007,,ajustes,Ajuste por Compra Protegida (BPP),False
ML,POS_127849196339_1 julio 2025 - 1 enero 2026.xlsx_4593,2000013259463086,2025-02-10,bpp_refunded,44990.0,PAGO,1 julio 2025 - 1 enero 2026.xlsx,,,2026-05-27 15:01:20.503007,,ajustes,Ajuste por Compra Protegida (BPP),False
ML,POS_128413237326_1 julio 2025 - 1 enero 2026.xlsx_4594,nan,2025-02-10,Ajuste Poscobro,448.0,PAGO,1 julio 2025 - 1 enero 2026.xlsx,,,2026-05-27 15:01:20.503007,,ajustes,Ajuste Poscobro General,True
ML,POS_127846737987_1 julio 2025 - 1 enero 2026.xlsx_4595,2000013259135836,2025-02-10,bpp_refunded,48990.0,PAGO,1 julio 2025 - 1 enero 2026.xlsx,,,2026-05-27 15:01:20.503007,,ajustes,Ajuste por Compra Protegida (BPP),False
ML,POS_127844050565_1 julio 2025 - 1 enero 2026.xlsx_4596,2000013258763184,2025-02-10,bpp_refunded,24990.0,PAGO,1 julio 2025 - 1 enero 2026.xlsx,,,2026-05-27 15:01:20.503007,,ajustes,Ajuste por Compra Protegida (BPP),False
ML,POS_128409617724_1 julio 2025 - 1 enero 2026.xlsx_4597,2000013258721436,2025-02-10,bpp_refunded,35990.0,PAGO,1 julio 2025 - 1 enero 2026.xlsx,,,2026-05-27 15:01:20.503007,,ajustes,Ajuste por Compra Protegida (BPP),False
ML,POS_128391434050_1 julio 2025 - 1 enero 2026.xlsx_4598,2000013256856378,2025-02-10,bpp_refunded,39990.0,PAGO,1 julio 2025 - 1 enero 2026.xlsx,,,2026-05-27 15:01:20.503007,,ajustes,Ajuste por Compra Protegida (BPP),False
ML,POS_127771329435_1 julio 2025 - 1 enero 2026.xlsx_4599,2000013250982970,2025-02-10,reconciled,24990.0,PAGO,1 julio 2025 - 1 enero 2026.xlsx,,,2026-05-27 15:01:20.503007,,ajustes,Ajuste Poscobro Conciliado,False
ML,POS_127761600455_1 julio 2025 - 1 enero 2026.xlsx_4600,2000013249855552,2025-02-10,bpp_refunded,49990.0,PAGO,1 julio 2025 - 1 enero 2026.xlsx,,,2026-05-27 15:01:20.503007,,ajustes,Ajuste por Compra Protegida (BPP),False
ML,POS_127750022159_1 julio 2025 - 1 enero 2026.xlsx_4601,2000013248639994,2025-02-10,bpp_refunded,34990.0,PAGO,1 julio 2025 - 1 enero 2026.xlsx,,,2026-05-27 15:01:20.503007,,ajustes,Ajuste por Compra Protegida (BPP),False
ML,POS_127746534047_1 julio 2025 - 1 enero 2026.xlsx_4602,nan,2025-02-10,Ajuste Poscobro,523.0,PAGO,1 julio 2025 - 1 enero 2026.xlsx,,,2026-05-27 15:01:20.503007,,ajustes,Ajuste Poscobro General,True
ML,POS_128311887474_1 julio 2025 - 1 enero 2026.xlsx_4603,2000013248336306,2025-02-10,bpp_refunded,29990.0,PAGO,1 julio 2025 - 1 enero 2026.xlsx,,,2026-05-27 15:01:20.503007,,ajustes,Ajuste por Compra Protegida (BPP),False
ML,POS_127728896043_1 julio 2025 - 1 enero 2026.xlsx_4604,2000013247522056,2025-02-10,bpp_refunded,37990.0,PAGO,1 julio 2025 - 1 enero 2026.xlsx,,,2026-05-27 15:01:20.503007,,ajustes,Ajuste por Compra Protegida (BPP),False
ML,POS_127721011177_1 julio 2025 - 1 enero 2026.xlsx_4605,2000013246338334,2025-01-10,reconciled,37990.0,PAGO,1 julio 2025 - 1 enero 2026.xlsx,,,2026-05-27 15:01:20.503007,,ajustes,Ajuste Poscobro Conciliado,False
ML,POS_128275866916_1 julio 2025 - 1 enero 2026.xlsx_4606,2000013244728732,2025-01-10,bpp_refunded,41990.0,PAGO,1 julio 2025 - 1 enero 2026.xlsx,,,2026-05-27 15:01:20.503007,,ajustes,Ajuste por Compra Protegida (BPP),False
ML,POS_128265023374_1 julio 2025 - 1 enero 2026.xlsx_4607,2000013243449896,2025-01-10,bpp_refunded,19990.0,PAGO,1 julio 2025 - 1 enero 2026.xlsx,,,2026-05-27 15:01:20.503007,,ajustes,Ajuste por Compra Protegida (BPP),False
ML,POS_127679409579_1 julio 2025 - 1 enero 2026.xlsx_4609,nan,2025-01-10,Ajuste Poscobro,598.0,PAGO,1 julio 2025 - 1 enero 2026.xlsx,,,2026-05-27 15:01:20.503007,,ajustes,Ajuste Poscobro General,True
ML,POS_128244452386_1 julio 2025 - 1 enero 2026.xlsx_4610,2000013241591716,2025-01-10,bpp_refunded,21990.0,PAGO,1 julio 2025 - 1 enero 2026.xlsx,,,2026-05-27 15:01:20.503007,,ajustes,Ajuste por Compra Protegida (BPP),False
ML,POS_128226154100_1 julio 2025 - 1 enero 2026.xlsx_4611,2000013239595828,2025-01-10,bpp_refunded,49990.0,PAGO,1 julio 2025 - 1 enero 2026.xlsx,,,2026-05-27 15:01:20.503007,,ajustes,Ajuste por Compra Protegida (BPP),False
ML,POS_127642694993_1 julio 2025 - 1 enero 2026.xlsx_4612,nan,2025-01-10,bpp_covered,10532.0,PAGO,1 julio 2025 - 1 enero 2026.xlsx,,,2026-05-27 15:01:20.503007,,ajustes,Ajuste por Compra Protegida (BPP),True
ML,POS_127642691003_1 julio 2025 - 1 enero 2026.xlsx_4613,2000013237422764,2025-01-10,bpp_covered,26990.0,PAGO,1 julio 2025 - 1 enero 2026.xlsx,,,2026-05-27 15:01:20.503007,,ajustes,Ajuste por Compra Protegida (BPP),True
ML,POS_128196732292_1 julio 2025 - 1 enero 2026.xlsx_4614,2000013236308866,2025-01-10,reconciled,15966.0,PAGO,1 julio 2025 - 1 enero 2026.xlsx,,,2026-05-27 15:01:20.503007,,ajustes,Ajuste Poscobro Conciliado,False
ML,POS_127631892215_1 julio 2025 - 1 enero 2026.xlsx_4615,2000013236308866,2025-01-10,bpp_refunded,18024.0,PAGO,1 julio 2025 - 1 enero 2026.xlsx,,,2026-05-27 15:01:20.503007,,ajustes,Ajuste por Compra Protegida (BPP),False
ML,POS_127610641243_1 julio 2025 - 1 enero 2026.xlsx_4616,2000013234165890,2025-01-10,bpp_refunded,49990.0,PAGO,1 julio 2025 - 1 enero 2026.xlsx,,,2026-05-27 15:01:20.503007,,ajustes,Ajuste por Compra Protegida (BPP),False
ML,POS_125446760109_1 julio 2025 - 1 enero 2026.xlsx_4759,2000013025042812,2025-12-09,reconciled,44990.0,PAGO,1 julio 2025 - 1 enero 2026.xlsx,,,2026-05-27 15:01:20.503007,,ajustes,Ajuste Poscobro Conciliado,False
ML,POS_125391568357_1 julio 2025 - 1 enero 2026.xlsx_4760,2000013020739698,2025-12-09,bpp_refunded,35990.0,PAGO,1 julio 2025 - 1 enero 2026.xlsx,,,2026-05-27 15:01:20.503007,,ajustes,Ajuste por Compra Protegida (BPP),False
ML,POS_125389534993_1 julio 2025 - 1 enero 2026.xlsx_4761,2000013020556744,2025-12-09,reconciled,35990.0,PAGO,1 julio 2025 - 1 enero 2026.xlsx,,,2026-05-27 15:01:20.503007,,ajustes,Ajuste Poscobro Conciliado,False
ML,POS_125385870489_1 julio 2025 - 1 enero 2026.xlsx_4762,2000013020177540,2025-12-09,bpp_refunded,34990.0,PAGO,1 julio 2025 - 1 enero 2026.xlsx,,,2026-05-27 15:01:20.503007,,ajustes,Ajuste por Compra Protegida (BPP),False
ML,POS_125316425337_1 julio 2025 - 1 enero 2026.xlsx_4763,2000013014992624,2025-11-09,bpp_refunded,44990.0,PAGO,1 julio 2025 - 1 enero 2026.xlsx,,,2026-05-27 15:01:20.503007,,ajustes,Ajuste por Compra Protegida (BPP),False
ML,POS_125314555617_1 julio 2025 - 1 enero 2026.xlsx_4764,2000013014728008,2025-11-09,bpp_refunded,24990.0,PAGO,1 julio 2025 - 1 enero 2026.xlsx,,,2026-05-27 15:01:20.503007,,ajustes,Ajuste por Compra Protegida (BPP),False
ML,POS_125312010929_1 julio 2025 - 1 enero 2026.xlsx_4765,2000013014380344,2025-11-09,bpp_refunded,63990.0,PAGO,1 julio 2025 - 1 enero 2026.xlsx,,,2026-05-27 15:01:20.503007,,ajustes,Ajuste por Compra Protegida (BPP),False
ML,POS_125813775630_1 julio 2025 - 1 enero 2026.xlsx_4766,2000013009863600,2025-11-09,bpp_refunded,29990.0,PAGO,1 julio 2025 - 1 enero 2026.xlsx,,,2026-05-27 15:01:20.503007,,ajustes,Ajuste por Compra Protegida (BPP),False
ML,POS_125224558249_1 julio 2025 - 1 enero 2026.xlsx_4767,nan,2025-11-09,Ajuste Poscobro,523.0,PAGO,1 julio 2025 - 1 enero 2026.xlsx,,,2026-05-27 15:01:20.503007,,ajustes,Ajuste Poscobro General,True
ML,POS_125773592906_1 julio 2025 - 1 enero 2026.xlsx_4768,2000013005571386,2025-11-09,bpp_refunded,49990.0,PAGO,1 julio 2025 - 1 enero 2026.xlsx,,,2026-05-27 15:01:20.503007,,ajustes,Ajuste por Compra Protegida (BPP),False
ML,POS_125732596946_1 julio 2025 - 1 enero 2026.xlsx_4769,nan,2025-10-09,Ajuste Poscobro,523.0,PAGO,1 julio 2025 - 1 enero 2026.xlsx,,,2026-05-27 15:01:20.503007,,ajustes,Ajuste Poscobro General,True
ML,POS_125183483395_1 julio 2025 - 1 enero 2026.xlsx_4770,2000013002637052,2025-10-09,reconciled,26990.0,PAGO,1 julio 2025 - 1 enero 2026.xlsx,,,2026-05-27 15:01:20.503007,,ajustes,Ajuste Poscobro Conciliado,False
ML,POS_125729839678_1 julio 2025 - 1 enero 2026.xlsx_4771,2000013002274304,2025-10-09,reconciled,34990.0,PAGO,1 julio 2025 - 1 enero 2026.xlsx,,,2026-05-27 15:01:20.503007,,ajustes,Ajuste Poscobro Conciliado,False
ML,POS_125163753781_1 julio 2025 - 1 enero 2026.xlsx_4772,nan,2025-10-09,Ajuste Poscobro,448.0,PAGO,1 julio 2025 - 1 enero 2026.xlsx,,,2026-05-27 15:01:20.503007,,ajustes,Ajuste Poscobro General,True
ML,POS_125163509601_1 julio 2025 - 1 enero 2026.xlsx_4773,2000013000002876,2025-10-09,bpp_refunded,22990.0,PAGO,1 julio 2025 - 1 enero 2026.xlsx,,,2026-05-27 15:01:20.503007,,ajustes,Ajuste por Compra Protegida (BPP),False
ML,POS_125699512228_1 julio 2025 - 1 enero 2026.xlsx_4774,2000012998824424,2025-10-09,bpp_refunded,22990.0,PAGO,1 julio 2025 - 1 enero 2026.xlsx,,,2026-05-27 15:01:20.503007,,ajustes,Ajuste por Compra Protegida (BPP),False
ML,POS_125695316216_1 julio 2025 - 1 enero 2026.xlsx_4775,nan,2025-10-09,Ajuste Poscobro,448.0,PAGO,1 julio 2025 - 1 enero 2026.xlsx,,,2026-05-27 15:01:20.503007,,ajustes,Ajuste Poscobro General,True
ML,POS_125694777910_1 julio 2025 - 1 enero 2026.xlsx_4776,2000012998452730,2025-10-09,bpp_refunded,37990.0,PAGO,1 julio 2025 - 1 enero 2026.xlsx,,,2026-05-27 15:01:20.503007,,ajustes,Ajuste por Compra Protegida (BPP),False
ML,POS_125146051915_1 julio 2025 - 1 enero 2026.xlsx_4777,2000012998451842,2025-10-09,bpp_refunded,31990.0,PAGO,1 julio 2025 - 1 enero 2026.xlsx,,,2026-05-27 15:01:20.503007,,ajustes,Ajuste por Compra Protegida (BPP),False
ML,POS_125667223666_1 julio 2025 - 1 enero 2026.xlsx_4778,2000012995742208,2025-10-09,bpp_refunded,34990.0,PAGO,1 julio 2025 - 1 enero 2026.xlsx,,,2026-05-27 15:01:20.503007,,ajustes,Ajuste por Compra Protegida (BPP),False
ML,POS_125085121735_1 julio 2025 - 1 enero 2026.xlsx_4779,nan,2025-10-09,Ajuste Poscobro,448.0,PAGO,1 julio 2025 - 1 enero 2026.xlsx,,,2026-05-27 15:01:20.503007,,ajustes,Ajuste Poscobro General,True
ML,POS_125085045397_1 julio 2025 - 1 enero 2026.xlsx_4780,nan,2025-10-09,Ajuste Poscobro,448.0,PAGO,1 julio 2025 - 1 enero 2026.xlsx,,,2026-05-27 15:01:20.503007,,ajustes,Ajuste Poscobro General,True
ML,POS_125084982733_1 julio 2025 - 1 enero 2026.xlsx_4781,2000012992162946,2025-10-09,bpp_refunded,31990.0,PAGO,1 julio 2025 - 1 enero 2026.xlsx,,,2026-05-27 15:01:20.503007,,ajustes,Ajuste por Compra Protegida (BPP),False
ML,POS_125084815213_1 julio 2025 - 1 enero 2026.xlsx_4782,2000012992155592,2025-10-09,bpp_refunded,25990.0,PAGO,1 julio 2025 - 1 enero 2026.xlsx,,,2026-05-27 15:01:20.503007,,ajustes,Ajuste por Compra Protegida (BPP),False
ML,POS_125079089881_1 julio 2025 - 1 enero 2026.xlsx_4783,nan,2025-10-09,Ajuste Poscobro,523.0,PAGO,1 julio 2025 - 1 enero 2026.xlsx,,,2026-05-27 15:01:20.503007,,ajustes,Ajuste Poscobro General,True
ML,POS_125079172263_1 julio 2025 - 1 enero 2026.xlsx_4784,nan,2025-10-09,Ajuste Poscobro,523.0,PAGO,1 julio 2025 - 1 enero 2026.xlsx,,,2026-05-27 15:01:20.503007,,ajustes,Ajuste Poscobro General,True
ML,POS_125078992723_1 julio 2025 - 1 enero 2026.xlsx_4785,2000012991594972,2025-10-09,bpp_refunded,44990.0,PAGO,1 julio 2025 - 1 enero 2026.xlsx,,,2026-05-27 15:01:20.503007,,ajustes,Ajuste por Compra Protegida (BPP),False
ML,POS_125627354588_1 julio 2025 - 1 enero 2026.xlsx_4786,2000012991594978,2025-10-09,bpp_refunded,39990.0,PAGO,1 julio 2025 - 1 enero 2026.xlsx,,,2026-05-27 15:01:20.503007,,ajustes,Ajuste por Compra Protegida (BPP),False
ML,POS_125046440189_1 julio 2025 - 1 enero 2026.xlsx_4787,2000012989568724,2025-10-09,bpp_refunded,38490.0,PAGO,1 julio 2025 - 1 enero 2026.xlsx,,,2026-05-27 15:01:20.503007,,ajustes,Ajuste por Compra Protegida (BPP),False
ML,POS_124896663001_1 julio 2025 - 1 enero 2026.xlsx_4806,2000012971516672,2025-08-09,bpp_refunded,24990.0,PAGO,1 julio 2025 - 1 enero 2026.xlsx,,,2026-05-27 15:01:20.503007,,ajustes,Ajuste por Compra Protegida (BPP),False
ML,POS_124887648103_1 julio 2025 - 1 enero 2026.xlsx_4807,2000012970252554,2025-08-09,reconciled,34990.0,PAGO,1 julio 2025 - 1 enero 2026.xlsx,,,2026-05-27 15:01:20.503007,,ajustes,Ajuste Poscobro Conciliado,False
ML,POS_124866320669_1 julio 2025 - 1 enero 2026.xlsx_4808,2000012968118546,2025-08-09,bpp_refunded,51990.0,PAGO,1 julio 2025 - 1 enero 2026.xlsx,,,2026-05-27 15:01:20.503007,,ajustes,Ajuste por Compra Protegida (BPP),False
ML,POS_124866384195_1 julio 2025 - 1 enero 2026.xlsx_4809,2000012968120476,2025-08-09,bpp_refunded,20990.0,PAGO,1 julio 2025 - 1 enero 2026.xlsx,,,2026-05-27 15:01:20.503007,,ajustes,Ajuste por Compra Protegida (BPP),False
ML,POS_125414006774_1 julio 2025 - 1 enero 2026.xlsx_4810,2000012968112984,2025-08-09,bpp_refunded,42990.0,PAGO,1 julio 2025 - 1 enero 2026.xlsx,,,2026-05-27 15:01:20.503007,,ajustes,Ajuste por Compra Protegida (BPP),False
ML,POS_124866340511_1 julio 2025 - 1 enero 2026.xlsx_4811,2000012968122092,2025-08-09,bpp_refunded,11990.0,PAGO,1 julio 2025 - 1 enero 2026.xlsx,,,2026-05-27 15:01:20.503007,,ajustes,Ajuste por Compra Protegida (BPP),False
ML,POS_125397729500_1 julio 2025 - 1 enero 2026.xlsx_4812,2000012966425708,2025-08-09,reconciled,39990.0,PAGO,1 julio 2025 - 1 enero 2026.xlsx,,,2026-05-27 15:01:20.503007,,ajustes,Ajuste Poscobro Conciliado,False
ML,POS_125389555142_1 julio 2025 - 1 enero 2026.xlsx_4813,2000012965385110,2025-08-09,reconciled,49990.0,PAGO,1 julio 2025 - 1 enero 2026.xlsx,,,2026-05-27 15:01:20.503007,,ajustes,Ajuste Poscobro Conciliado,False
ML,POS_124834696855_1 julio 2025 - 1 enero 2026.xlsx_4814,2000012964452578,2025-08-09,reconciled,39990.0,PAGO,1 julio 2025 - 1 enero 2026.xlsx,,,2026-05-27 15:01:20.503007,,ajustes,Ajuste Poscobro Conciliado,False
ML,POS_125375602912_1 julio 2025 - 1 enero 2026.xlsx_4815,2000012963732366,2025-08-09,bpp_refunded,24990.0,PAGO,1 julio 2025 - 1 enero 2026.xlsx,,,2026-05-27 15:01:20.503007,,ajustes,Ajuste por Compra Protegida (BPP),False
ML,POS_124823633499_1 julio 2025 - 1 enero 2026.xlsx_4816,2000012963258822,2025-08-09,bpp_refunded,35990.0,PAGO,1 julio 2025 - 1 enero 2026.xlsx,,,2026-05-27 15:01:20.503007,,ajustes,Ajuste por Compra Protegida (BPP),False
ML,POS_125313687592_1 julio 2025 - 1 enero 2026.xlsx_4817,2000012958904296,2025-07-09,reconciled,29990.0,PAGO,1 julio 2025 - 1 enero 2026.xlsx,,,2026-05-27 15:01:20.503007,,ajustes,Ajuste Poscobro Conciliado,False
ML,POS_125309421492_1 julio 2025 - 1 enero 2026.xlsx_4818,2000012958187796,2025-07-09,bpp_refunded,49990.0,PAGO,1 julio 2025 - 1 enero 2026.xlsx,,,2026-05-27 15:01:20.503007,,ajustes,Ajuste por Compra Protegida (BPP),False
ML,POS_124762652265_1 julio 2025 - 1 enero 2026.xlsx_4819,2000012958187794,2025-07-09,bpp_refunded,49990.0,PAGO,1 julio 2025 - 1 enero 2026.xlsx,,,2026-05-27 15:01:20.503007,,ajustes,Ajuste por Compra Protegida (BPP),False
ML,POS_124762566871_1 julio 2025 - 1 enero 2026.xlsx_4820,2000012958192662,2025-07-09,bpp_refunded,44990.0,PAGO,1 julio 2025 - 1 enero 2026.xlsx,,,2026-05-27 15:01:20.503007,,ajustes,Ajuste por Compra Protegida (BPP),False
ML,POS_125309331782_1 julio 2025 - 1 enero 2026.xlsx_4821,2000012958192660,2025-07-09,bpp_refunded,49990.0,PAGO,1 julio 2025 - 1 enero 2026.xlsx,,,2026-05-27 15:01:20.503007,,ajustes,Ajuste por Compra Protegida (BPP),False
ML,POS_125307028578_1 julio 2025 - 1 enero 2026.xlsx_4822,2000012957695442,2025-07-09,reconciled,38490.0,PAGO,1 julio 2025 - 1 enero 2026.xlsx,,,2026-05-27 15:01:20.503007,,ajustes,Ajuste Poscobro Conciliado,False
ML,POS_125305381692_1 julio 2025 - 1 enero 2026.xlsx_4823,2000012957576326,2025-07-09,bpp_refunded,44990.0,PAGO,1 julio 2025 - 1 enero 2026.xlsx,,,2026-05-27 15:01:20.503007,,ajustes,Ajuste por Compra Protegida (BPP),False
ML,POS_125302100352_1 julio 2025 - 1 enero 2026.xlsx_4824,2000012957090872,2025-07-09,bpp_refunded,30990.0,PAGO,1 julio 2025 - 1 enero 2026.xlsx,,,2026-05-27 15:01:20.503007,,ajustes,Ajuste por Compra Protegida (BPP),False
ML,POS_125301695964_1 julio 2025 - 1 enero 2026.xlsx_4825,2000012957060422,2025-07-09,bpp_refunded,31490.0,PAGO,1 julio 2025 - 1 enero 2026.xlsx,,,2026-05-27 15:01:20.503007,,ajustes,Ajuste por Compra Protegida (BPP),False
ML,POS_125279073878_1 julio 2025 - 1 enero 2026.xlsx_4826,2000012954300046,2025-07-09,bpp_refunded,44990.0,PAGO,1 julio 2025 - 1 enero 2026.xlsx,,,2026-05-27 15:01:20.503007,,ajustes,Ajuste por Compra Protegida (BPP),False
ML,POS_124729759621_1 julio 2025 - 1 enero 2026.xlsx_4827,2000012953963342,2025-07-09,bpp_refunded,29990.0,PAGO,1 julio 2025 - 1 enero 2026.xlsx,,,2026-05-27 15:01:20.503007,,ajustes,Ajuste por Compra Protegida (BPP),False
ML,POS_125269925456_1 julio 2025 - 1 enero 2026.xlsx_4828,2000012953147194,2025-07-09,reconciled,34990.0,PAGO,1 julio 2025 - 1 enero 2026.xlsx,,,2026-05-27 15:01:20.503007,,ajustes,Ajuste Poscobro Conciliado,False
ML,POS_125268820848_1 julio 2025 - 1 enero 2026.xlsx_4829,2000012953006672,2025-07-09,reconciled,53990.0,PAGO,1 julio 2025 - 1 enero 2026.xlsx,,,2026-05-27 15:01:20.503007,,ajustes,Ajuste Poscobro Conciliado,False
ML,POS_124721916245_1 julio 2025 - 1 enero 2026.xlsx_4830,nan,2025-07-09,Ajuste Poscobro,598.0,PAGO,1 julio 2025 - 1 enero 2026.xlsx,,,2026-05-27 15:01:20.503007,,ajustes,Ajuste Poscobro General,True
ML,POS_125268388654_1 julio 2025 - 1 enero 2026.xlsx_4831,2000012952939940,2025-07-09,bpp_refunded,29990.0,PAGO,1 julio 2025 - 1 enero 2026.xlsx,,,2026-05-27 15:01:20.503007,,ajustes,Ajuste por Compra Protegida (BPP),False
ML,POS_124719265599_1 julio 2025 - 1 enero 2026.xlsx_4832,2000012952660902,2025-07-09,reconciled,34990.0,PAGO,1 julio 2025 - 1 enero 2026.xlsx,,,2026-05-27 15:01:20.503007,,ajustes,Ajuste Poscobro Conciliado,False
ML,POS_125224410476_1 julio 2025 - 1 enero 2026.xlsx_4833,nan,2025-07-09,Ajuste Poscobro,523.0,PAGO,1 julio 2025 - 1 enero 2026.xlsx,,,2026-05-27 15:01:20.503007,,ajustes,Ajuste Poscobro General,True
ML,POS_124677842353_1 julio 2025 - 1 enero 2026.xlsx_4834,2000012948759936,2025-07-09,bpp_refunded,26990.0,PAGO,1 julio 2025 - 1 enero 2026.xlsx,,,2026-05-27 15:01:20.503007,,ajustes,Ajuste por Compra Protegida (BPP),False
ML,POS_125210686034_1 julio 2025 - 1 enero 2026.xlsx_4835,2000012947521244,2025-06-09,bpp_refunded,23990.0,PAGO,1 julio 2025 - 1 enero 2026.xlsx,,,2026-05-27 15:01:20.503007,,ajustes,Ajuste por Compra Protegida (BPP),False
ML,POS_125161957184_1 julio 2025 - 1 enero 2026.xlsx_4836,2000012943750370,2025-06-09,bpp_refunded,39990.0,PAGO,1 julio 2025 - 1 enero 2026.xlsx,,,2026-05-27 15:01:20.503007,,ajustes,Ajuste por Compra Protegida (BPP),False
ML,POS_125150998846_1 julio 2025 - 1 enero 2026.xlsx_4837,nan,2025-06-09,Ajuste Poscobro,598.0,PAGO,1 julio 2025 - 1 enero 2026.xlsx,,,2026-05-27 15:01:20.503007,,ajustes,Ajuste Poscobro General,True
ML,POS_124604315829_1 julio 2025 - 1 enero 2026.xlsx_4838,2000012942750658,2025-06-09,reconciled,24990.0,PAGO,1 julio 2025 - 1 enero 2026.xlsx,,,2026-05-27 15:01:20.503007,,ajustes,Ajuste Poscobro Conciliado,False
ML,POS_124564776797_1 julio 2025 - 1 enero 2026.xlsx_4839,nan,2025-06-09,Ajuste Poscobro,448.0,PAGO,1 julio 2025 - 1 enero 2026.xlsx,,,2026-05-27 15:01:20.503007,,ajustes,Ajuste Poscobro General,True
ML,POS_125111093590_1 julio 2025 - 1 enero 2026.xlsx_4840,2000012921283790,2025-06-09,reconciled,26990.0,PAGO,1 julio 2025 - 1 enero 2026.xlsx,,,2026-05-27 15:01:20.503007,,ajustes,Ajuste Poscobro Conciliado,False
ML,POS_124563773019_1 julio 2025 - 1 enero 2026.xlsx_4841,2000012939757474,2025-06-09,bpp_refunded,49990.0,PAGO,1 julio 2025 - 1 enero 2026.xlsx,,,2026-05-27 15:01:20.503007,,ajustes,Ajuste por Compra Protegida (BPP),False
ML,POS_124532100841_1 julio 2025 - 1 enero 2026.xlsx_4842,2000012936802106,2025-05-09,reconciled,27990.0,PAGO,1 julio 2025 - 1 enero 2026.xlsx,,,2026-05-27 15:01:20.503007,,ajustes,Ajuste Poscobro Conciliado,False
ML,POS_125070951448_1 julio 2025 - 1 enero 2026.xlsx_4843,nan,2025-05-09,Ajuste Poscobro,448.0,PAGO,1 julio 2025 - 1 enero 2026.xlsx,,,2026-05-27 15:01:20.503007,,ajustes,Ajuste Poscobro General,True
ML,POS_124524619463_1 julio 2025 - 1 enero 2026.xlsx_4844,2000012936176968,2025-05-09,compensated,39990.0,PAGO,1 julio 2025 - 1 enero 2026.xlsx,,,2026-05-27 15:01:20.503007,,ajustes,Ajuste Poscobro Conciliado,True
ML,POS_124998215334_1 julio 2025 - 1 enero 2026.xlsx_4845,2000012930580890,2025-05-09,bpp_refunded,55990.0,PAGO,1 julio 2025 - 1 enero 2026.xlsx,,,2026-05-27 15:01:20.503007,,ajustes,Ajuste por Compra Protegida (BPP),False
ML,POS_124992232068_1 julio 2025 - 1 enero 2026.xlsx_4846,2000012930110858,2025-05-09,bpp_refunded,33990.0,PAGO,1 julio 2025 - 1 enero 2026.xlsx,,,2026-05-27 15:01:20.503007,,ajustes,Ajuste por Compra Protegida (BPP),False
ML,POS_124446474457_1 julio 2025 - 1 enero 2026.xlsx_4847,2000012930088736,2025-05-09,bpp_refunded,19990.0,PAGO,1 julio 2025 - 1 enero 2026.xlsx,,,2026-05-27 15:01:20.503007,,ajustes,Ajuste por Compra Protegida (BPP),False
ML,POS_124934792388_1 julio 2025 - 1 enero 2026.xlsx_4848,nan,2025-04-09,Ajuste Poscobro,448.0,PAGO,1 julio 2025 - 1 enero 2026.xlsx,,,2026-05-27 15:01:20.503007,,ajustes,Ajuste Poscobro General,True
ML,POS_124389405781_1 julio 2025 - 1 enero 2026.xlsx_4849,2000012926304632,2025-04-09,bpp_refunded,19990.0,PAGO,1 julio 2025 - 1 enero 2026.xlsx,,,2026-05-27 15:01:20.503007,,ajustes,Ajuste por Compra Protegida (BPP),False
ML,POS_124388730445_1 julio 2025 - 1 enero 2026.xlsx_4850,2000012926226516,2025-04-09,bpp_refunded,35990.0,PAGO,1 julio 2025 - 1 enero 2026.xlsx,,,2026-05-27 15:01:20.503007,,ajustes,Ajuste por Compra Protegida (BPP),False
ML,POS_124933851480_1 julio 2025 - 1 enero 2026.xlsx_4851,2000012926225026,2025-04-09,bpp_refunded,28990.0,PAGO,1 julio 2025 - 1 enero 2026.xlsx,,,2026-05-27 15:01:20.503007,,ajustes,Ajuste por Compra Protegida (BPP),False
ML,POS_124929730722_1 julio 2025 - 1 enero 2026.xlsx_4852,2000012925606222,2025-04-09,bpp_refunded,39990.0,PAGO,1 julio 2025 - 1 enero 2026.xlsx,,,2026-05-27 15:01:20.503007,,ajustes,Ajuste por Compra Protegida (BPP),False
ML,POS_124923402216_1 julio 2025 - 1 enero 2026.xlsx_4853,2000012924672904,2025-04-09,reconciled,19990.0,PAGO,1 julio 2025 - 1 enero 2026.xlsx,,,2026-05-27 15:01:20.503007,,ajustes,Ajuste Poscobro Conciliado,False
ML,POS_124923305018_1 julio 2025 - 1 enero 2026.xlsx_4854,2000012924672904,2025-04-09,bpp_refunded,25000.0,PAGO,1 julio 2025 - 1 enero 2026.xlsx,,,2026-05-27 15:01:20.503007,,ajustes,Ajuste por Compra Protegida (BPP),False
ML,POS_124918572772_1 julio 2025 - 1 enero 2026.xlsx_4855,2000012924078864,2025-04-09,bpp_refunded,21990.0,PAGO,1 julio 2025 - 1 enero 2026.xlsx,,,2026-05-27 15:01:20.503007,,ajustes,Ajuste por Compra Protegida (BPP),False
ML,POS_124892885898_1 julio 2025 - 1 enero 2026.xlsx_4856,2000012921803176,2025-04-09,bpp_refunded,39990.0,PAGO,1 julio 2025 - 1 enero 2026.xlsx,,,2026-05-27 15:01:20.503007,,ajustes,Ajuste por Compra Protegida (BPP),False
ML,POS_124335958253_1 julio 2025 - 1 enero 2026.xlsx_4857,2000012920697012,2025-04-09,bpp_refunded,33990.0,PAGO,1 julio 2025 - 1 enero 2026.xlsx,,,2026-05-27 15:01:20.503007,,ajustes,Ajuste por Compra Protegida (BPP),False
ML,POS_124876750182_1 julio 2025 - 1 enero 2026.xlsx_4858,2000012920229384,2025-04-09,reconciled,35990.0,PAGO,1 julio 2025 - 1 enero 2026.xlsx,,,2026-05-27 15:01:20.503007,,ajustes,Ajuste Poscobro Conciliado,False
ML,POS_124316319491_1 julio 2025 - 1 enero 2026.xlsx_4859,nan,2025-04-09,bpp_refunded,4312.0,PAGO,1 julio 2025 - 1 enero 2026.xlsx,,,2026-05-27 15:01:20.503007,,ajustes,Ajuste por Compra Protegida (BPP),False
ML,POS_124861180910_1 julio 2025 - 1 enero 2026.xlsx_4860,2000012918403168,2025-04-09,bpp_refunded,14990.0,PAGO,1 julio 2025 - 1 enero 2026.xlsx,,,2026-05-27 15:01:20.503007,,ajustes,Ajuste por Compra Protegida (BPP),False
ML,POS_124303616357_1 julio 2025 - 1 enero 2026.xlsx_4861,2000012917087840,2025-04-09,bpp_refunded,31990.0,PAGO,1 julio 2025 - 1 enero 2026.xlsx,,,2026-05-27 15:01:20.503007,,ajustes,Ajuste por Compra Protegida (BPP),False
ML,POS_124805690262_1 julio 2025 - 1 enero 2026.xlsx_4862,2000012913824394,2025-04-09,reconciled,42990.0,PAGO,1 julio 2025 - 1 enero 2026.xlsx,,,2026-05-27 15:01:20.503007,,ajustes,Ajuste Poscobro Conciliado,False
ML,POS_124798124102_1 julio 2025 - 1 enero 2026.xlsx_4863,2000012913076584,2025-03-09,bpp_refunded,24990.0,PAGO,1 julio 2025 - 1 enero 2026.xlsx,,,2026-05-27 15:01:20.503007,,ajustes,Ajuste por Compra Protegida (BPP),False
ML,POS_124794527412_1 julio 2025 - 1 enero 2026.xlsx_4864,nan,2025-03-09,Ajuste Poscobro,523.0,PAGO,1 julio 2025 - 1 enero 2026.xlsx,,,2026-05-27 15:01:20.503007,,ajustes,Ajuste Poscobro General,True
ML,POS_124250037005_1 julio 2025 - 1 enero 2026.xlsx_4865,2000012912406008,2025-03-09,reconciled,39990.0,PAGO,1 julio 2025 - 1 enero 2026.xlsx,,,2026-05-27 15:01:20.503007,,ajustes,Ajuste Poscobro Conciliado,False
ML,POS_124246406985_1 julio 2025 - 1 enero 2026.xlsx_4866,2000012911831766,2025-03-09,bpp_refunded,29990.0,PAGO,1 julio 2025 - 1 enero 2026.xlsx,,,2026-05-27 15:01:20.503007,,ajustes,Ajuste por Compra Protegida (BPP),False
ML,POS_124243741455_1 julio 2025 - 1 enero 2026.xlsx_4867,2000012911415846,2025-03-09,bpp_refunded,31990.0,PAGO,1 julio 2025 - 1 enero 2026.xlsx,,,2026-05-27 15:01:20.503007,,ajustes,Ajuste por Compra Protegida (BPP),False
ML,POS_124776718188_1 julio 2025 - 1 enero 2026.xlsx_4868,nan,2025-03-09,Ajuste Poscobro,448.0,PAGO,1 julio 2025 - 1 enero 2026.xlsx,,,2026-05-27 15:01:20.503007,,ajustes,Ajuste Poscobro General,True
ML,POS_124232053469_1 julio 2025 - 1 enero 2026.xlsx_4869,2000012909980012,2025-03-09,bpp_refunded,49990.0,PAGO,1 julio 2025 - 1 enero 2026.xlsx,,,2026-05-27 15:01:20.503007,,ajustes,Ajuste por Compra Protegida (BPP),False
ML,POS_124776315474_1 julio 2025 - 1 enero 2026.xlsx_4870,2000012910003006,2025-03-09,bpp_refunded,13990.0,PAGO,1 julio 2025 - 1 enero 2026.xlsx,,,2026-05-27 15:01:20.503007,,ajustes,Ajuste por Compra Protegida (BPP),False
ML,POS_124740035450_1 julio 2025 - 1 enero 2026.xlsx_4871,2000012906206132,2025-03-09,bpp_refunded,26990.0,PAGO,1 julio 2025 - 1 enero 2026.xlsx,,,2026-05-27 15:01:20.503007,,ajustes,Ajuste por Compra Protegida (BPP),False
ML,POS_124176965905_1 julio 2025 - 1 enero 2026.xlsx_4872,nan,2025-03-09,Ajuste Poscobro,523.0,PAGO,1 julio 2025 - 1 enero 2026.xlsx,,,2026-05-27 15:01:20.503007,,ajustes,Ajuste Poscobro General,True
ML,POS_124720785264_1 julio 2025 - 1 enero 2026.xlsx_4873,2000012903833802,2025-03-09,bpp_refunded,24990.0,PAGO,1 julio 2025 - 1 enero 2026.xlsx,,,2026-05-27 15:01:20.503007,,ajustes,Ajuste por Compra Protegida (BPP),False
ML,POS_124701676160_1 julio 2025 - 1 enero 2026.xlsx_4874,2000012901806524,2025-03-09,bpp_refunded,34990.0,PAGO,1 julio 2025 - 1 enero 2026.xlsx,,,2026-05-27 15:01:20.503007,,ajustes,Ajuste por Compra Protegida (BPP),False
ML,POS_124157789239_1 julio 2025 - 1 enero 2026.xlsx_4875,2000012901808484,2025-03-09,bpp_refunded,49990.0,PAGO,1 julio 2025 - 1 enero 2026.xlsx,,,2026-05-27 15:01:20.503007,,ajustes,Ajuste por Compra Protegida (BPP),False
ML,POS_124157795227_1 julio 2025 - 1 enero 2026.xlsx_4876,2000012901808466,2025-03-09,bpp_refunded,25990.0,PAGO,1 julio 2025 - 1 enero 2026.xlsx,,,2026-05-27 15:01:20.503007,,ajustes,Ajuste por Compra Protegida (BPP),False
ML,POS_124146088137_1 julio 2025 - 1 enero 2026.xlsx_4877,nan,2025-03-09,Ajuste Poscobro,523.0,PAGO,1 julio 2025 - 1 enero 2026.xlsx,,,2026-05-27 15:01:20.503007,,ajustes,Ajuste Poscobro General,True
ML,POS_124689314004_1 julio 2025 - 1 enero 2026.xlsx_4878,2000012900641586,2025-03-09,compensated,39990.0,PAGO,1 julio 2025 - 1 enero 2026.xlsx,,,2026-05-27 15:01:20.503007,,ajustes,Ajuste Poscobro Conciliado,True
ML,POS_124668572682_1 julio 2025 - 1 enero 2026.xlsx_4879,nan,2025-02-09,Ajuste Poscobro,523.0,PAGO,1 julio 2025 - 1 enero 2026.xlsx,,,2026-05-27 15:01:20.503007,,ajustes,Ajuste Poscobro General,True
ML,POS_124668414706_1 julio 2025 - 1 enero 2026.xlsx_4880,2000012899483592,2025-02-09,bpp_refunded,32490.0,PAGO,1 julio 2025 - 1 enero 2026.xlsx,,,2026-05-27 15:01:20.503007,,ajustes,Ajuste por Compra Protegida (BPP),False
ML,POS_124116144217_1 julio 2025 - 1 enero 2026.xlsx_4881,2000012897916552,2025-02-09,bpp_refunded,19990.0,PAGO,1 julio 2025 - 1 enero 2026.xlsx,,,2026-05-27 15:01:20.503007,,ajustes,Ajuste por Compra Protegida (BPP),False
ML,POS_124658755468_1 julio 2025 - 1 enero 2026.xlsx_4882,2000012897762934,2025-02-09,reconciled,41990.0,PAGO,1 julio 2025 - 1 enero 2026.xlsx,,,2026-05-27 15:01:20.503007,,ajustes,Ajuste Poscobro Conciliado,False
ML,POS_124655307262_1 julio 2025 - 1 enero 2026.xlsx_4883,2000012897240444,2025-02-09,bpp_refunded,49990.0,PAGO,1 julio 2025 - 1 enero 2026.xlsx,,,2026-05-27 15:01:20.503007,,ajustes,Ajuste por Compra Protegida (BPP),False
ML,POS_124648007808_1 julio 2025 - 1 enero 2026.xlsx_4884,2000012896279710,2025-02-09,reconciled,21990.0,PAGO,1 julio 2025 - 1 enero 2026.xlsx,,,2026-05-27 15:01:20.503007,,ajustes,Ajuste Poscobro Conciliado,False
ML,POS_124101417239_1 julio 2025 - 1 enero 2026.xlsx_4885,2000012895954930,2025-02-09,reconciled,43990.0,PAGO,1 julio 2025 - 1 enero 2026.xlsx,,,2026-05-27 15:01:20.503007,,ajustes,Ajuste Poscobro Conciliado,False
ML,POS_124029110413_1 julio 2025 - 1 enero 2026.xlsx_4886,2000012888443612,2025-02-09,bpp_refunded,31490.0,PAGO,1 julio 2025 - 1 enero 2026.xlsx,,,2026-05-27 15:01:20.503007,,ajustes,Ajuste por Compra Protegida (BPP),False
ML,POS_123997364559_1 julio 2025 - 1 enero 2026.xlsx_4887,nan,2025-01-09,Ajuste Poscobro,598.0,PAGO,1 julio 2025 - 1 enero 2026.xlsx,,,2026-05-27 15:01:20.503007,,ajustes,Ajuste Poscobro General,True
ML,POS_123997153897_1 julio 2025 - 1 enero 2026.xlsx_4888,2000012885568314,2025-01-09,bpp_refunded,19990.0,PAGO,1 julio 2025 - 1 enero 2026.xlsx,,,2026-05-27 15:01:20.503007,,ajustes,Ajuste por Compra Protegida (BPP),False
ML,POS_124538344686_1 julio 2025 - 1 enero 2026.xlsx_4889,2000012885260562,2025-01-09,bpp_refunded,23990.0,PAGO,1 julio 2025 - 1 enero 2026.xlsx,,,2026-05-27 15:01:20.503007,,ajustes,Ajuste por Compra Protegida (BPP),False
ML,POS_124538319176_1 julio 2025 - 1 enero 2026.xlsx_4890,2000012885255374,2025-01-09,bpp_refunded,25990.0,PAGO,1 julio 2025 - 1 enero 2026.xlsx,,,2026-05-27 15:01:20.503007,,ajustes,Ajuste por Compra Protegida (BPP),False
ML,POS_123994969197_1 julio 2025 - 1 enero 2026.xlsx_4891,2000012885121384,2025-01-09,bpp_refunded,23990.0,PAGO,1 julio 2025 - 1 enero 2026.xlsx,,,2026-05-27 15:01:20.503007,,ajustes,Ajuste por Compra Protegida (BPP),False
ML,POS_123975350255_1 julio 2025 - 1 enero 2026.xlsx_4892,2000012882156686,2025-01-09,bpp_refunded,37990.0,PAGO,1 julio 2025 - 1 enero 2026.xlsx,,,2026-05-27 15:01:20.503007,,ajustes,Ajuste por Compra Protegida (BPP),False
ML,POS_123971862817_1 julio 2025 - 1 enero 2026.xlsx_4893,2000012881767760,2025-01-09,reconciled,55990.0,PAGO,1 julio 2025 - 1 enero 2026.xlsx,,,2026-05-27 15:01:20.503007,,ajustes,Ajuste Poscobro Conciliado,False
ML,POS_124504978754_1 julio 2025 - 1 enero 2026.xlsx_4894,2000012880824634,2025-01-09,bpp_refunded,44990.0,PAGO,1 julio 2025 - 1 enero 2026.xlsx,,,2026-05-27 15:01:20.503007,,ajustes,Ajuste por Compra Protegida (BPP),False
ML,POS_124504969010_1 julio 2025 - 1 enero 2026.xlsx_4895,2000012880813858,2025-01-09,bpp_refunded,34990.0,PAGO,1 julio 2025 - 1 enero 2026.xlsx,,,2026-05-27 15:01:20.503007,,ajustes,Ajuste por Compra Protegida (BPP),False
ML,POS_123948467715_1 julio 2025 - 1 enero 2026.xlsx_4896,nan,2025-01-09,Ajuste Poscobro,523.0,PAGO,1 julio 2025 - 1 enero 2026.xlsx,,,2026-05-27 15:01:20.503007,,ajustes,Ajuste Poscobro General,True
ML,POS_123948448959_1 julio 2025 - 1 enero 2026.xlsx_4897,2000012879370238,2025-01-09,bpp_refunded,33990.0,PAGO,1 julio 2025 - 1 enero 2026.xlsx,,,2026-05-27 15:01:20.503007,,ajustes,Ajuste por Compra Protegida (BPP),False
ML,POS_124490611470_1 julio 2025 - 1 enero 2026.xlsx_4898,2000012879313244,2025-01-09,bpp_refunded,47990.0,PAGO,1 julio 2025 - 1 enero 2026.xlsx,,,2026-05-27 15:01:20.503007,,ajustes,Ajuste por Compra Protegida (BPP),False
ML,POS_124423096848_1 julio 2025 - 1 enero 2026.xlsx_4899,2000012872697038,2025-01-09,bpp_refunded,19990.0,PAGO,1 julio 2025 - 1 enero 2026.xlsx,,,2026-05-27 15:01:20.503007,,ajustes,Ajuste por Compra Protegida (BPP),False
ML,POS_124410387572_1 julio 2025 - 1 enero 2026.xlsx_4900,2000012872136720,2025-01-09,bpp_refunded,25990.0,PAGO,1 julio 2025 - 1 enero 2026.xlsx,,,2026-05-27 15:01:20.503007,,ajustes,Ajuste por Compra Protegida (BPP),False
ML,POS_122073933008_1 julio 2025 - 1 enero 2026.xlsx_5051,2000012647007462,2025-12-08,reconciled,21990.0,PAGO,1 julio 2025 - 1 enero 2026.xlsx,,,2026-05-27 15:01:20.503007,,ajustes,Ajuste Poscobro Conciliado,False
ML,POS_121491239239_1 julio 2025 - 1 enero 2026.xlsx_5052,2000012639717154,2025-12-08,bpp_refunded,41990.0,PAGO,1 julio 2025 - 1 enero 2026.xlsx,,,2026-05-27 15:01:20.503007,,ajustes,Ajuste por Compra Protegida (BPP),False
ML,POS_122004318466_1 julio 2025 - 1 enero 2026.xlsx_5053,nan,2025-12-08,Ajuste Poscobro,523.0,PAGO,1 julio 2025 - 1 enero 2026.xlsx,,,2026-05-27 15:01:20.503007,,ajustes,Ajuste Poscobro General,True
ML,POS_121479824057_1 julio 2025 - 1 enero 2026.xlsx_5054,2000012638205188,2025-12-08,reconciled,29990.0,PAGO,1 julio 2025 - 1 enero 2026.xlsx,,,2026-05-27 15:01:20.503007,,ajustes,Ajuste Poscobro Conciliado,False
ML,POS_121430108469_1 julio 2025 - 1 enero 2026.xlsx_5055,nan,2025-12-08,Ajuste Poscobro,448.0,PAGO,1 julio 2025 - 1 enero 2026.xlsx,,,2026-05-27 15:01:20.503007,,ajustes,Ajuste Poscobro General,True
ML,POS_121429741743_1 julio 2025 - 1 enero 2026.xlsx_5056,2000012633960538,2025-12-08,bpp_refunded,29990.0,PAGO,1 julio 2025 - 1 enero 2026.xlsx,,,2026-05-27 15:01:20.503007,,ajustes,Ajuste por Compra Protegida (BPP),False
ML,POS_121946758028_1 julio 2025 - 1 enero 2026.xlsx_5057,2000012633104302,2025-11-08,bpp_refunded,35990.0,PAGO,1 julio 2025 - 1 enero 2026.xlsx,,,2026-05-27 15:01:20.503007,,ajustes,Ajuste por Compra Protegida (BPP),False
ML,POS_121421252733_1 julio 2025 - 1 enero 2026.xlsx_5058,nan,2025-11-08,Ajuste Poscobro,2990.0,PAGO,1 julio 2025 - 1 enero 2026.xlsx,,,2026-05-27 15:01:20.503007,,ajustes,Ajuste Poscobro General,True
ML,POS_121421103799_1 julio 2025 - 1 enero 2026.xlsx_5059,2000012632745130,2025-11-08,bpp_refunded,12990.0,PAGO,1 julio 2025 - 1 enero 2026.xlsx,,,2026-05-27 15:01:20.503007,,ajustes,Ajuste por Compra Protegida (BPP),False
ML,POS_121944755394_1 julio 2025 - 1 enero 2026.xlsx_5060,2000012632746938,2025-11-08,bpp_refunded,11990.0,PAGO,1 julio 2025 - 1 enero 2026.xlsx,,,2026-05-27 15:01:20.503007,,ajustes,Ajuste por Compra Protegida (BPP),False
ML,POS_121418124815_1 julio 2025 - 1 enero 2026.xlsx_5061,2000012632220454,2025-11-08,bpp_refunded,35990.0,PAGO,1 julio 2025 - 1 enero 2026.xlsx,,,2026-05-27 15:01:20.503007,,ajustes,Ajuste por Compra Protegida (BPP),False
ML,POS_121941911092_1 julio 2025 - 1 enero 2026.xlsx_5062,2000012632224198,2025-11-08,bpp_refunded,23990.0,PAGO,1 julio 2025 - 1 enero 2026.xlsx,,,2026-05-27 15:01:20.503007,,ajustes,Ajuste por Compra Protegida (BPP),False
ML,POS_121410891171_1 julio 2025 - 1 enero 2026.xlsx_5063,2000012631018292,2025-11-08,bpp_refunded,21990.0,PAGO,1 julio 2025 - 1 enero 2026.xlsx,,,2026-05-27 15:01:20.503007,,ajustes,Ajuste por Compra Protegida (BPP),False
ML,POS_121876218518_1 julio 2025 - 1 enero 2026.xlsx_5064,2000012624095438,2025-11-08,reconciled,30990.0,PAGO,1 julio 2025 - 1 enero 2026.xlsx,,,2026-05-27 15:01:20.503007,,ajustes,Ajuste Poscobro Conciliado,False
ML,POS_121857380286_1 julio 2025 - 1 enero 2026.xlsx_5065,2000012622095470,2025-11-08,reconciled,31990.0,PAGO,1 julio 2025 - 1 enero 2026.xlsx,,,2026-05-27 15:01:20.503007,,ajustes,Ajuste Poscobro Conciliado,False
ML,POS_121847800464_1 julio 2025 - 1 enero 2026.xlsx_5066,2000012621128040,2025-11-08,bpp_refunded,26990.0,PAGO,1 julio 2025 - 1 enero 2026.xlsx,,,2026-05-27 15:01:20.503007,,ajustes,Ajuste por Compra Protegida (BPP),False
ML,POS_121283518161_1 julio 2025 - 1 enero 2026.xlsx_5067,2000012617767048,2025-10-08,bpp_refunded,16990.0,PAGO,1 julio 2025 - 1 enero 2026.xlsx,,,2026-05-27 15:01:20.503007,,ajustes,Ajuste por Compra Protegida (BPP),False
ML,POS_121271332081_1 julio 2025 - 1 enero 2026.xlsx_5068,2000012616242536,2025-10-08,bpp_refunded,19984.0,PAGO,1 julio 2025 - 1 enero 2026.xlsx,,,2026-05-27 15:01:20.503007,,ajustes,Ajuste por Compra Protegida (BPP),False
ML,POS_121788248834_1 julio 2025 - 1 enero 2026.xlsx_5069,2000012615569742,2025-10-08,bpp_refunded,27990.0,PAGO,1 julio 2025 - 1 enero 2026.xlsx,,,2026-05-27 15:01:20.503007,,ajustes,Ajuste por Compra Protegida (BPP),False
ML,POS_121788213482_1 julio 2025 - 1 enero 2026.xlsx_5070,2000012615569740,2025-10-08,bpp_refunded,28990.0,PAGO,1 julio 2025 - 1 enero 2026.xlsx,,,2026-05-27 15:01:20.503007,,ajustes,Ajuste por Compra Protegida (BPP),False
ML,POS_121258651719_1 julio 2025 - 1 enero 2026.xlsx_5071,2000012614800030,2025-10-08,bpp_refunded,2000.0,PAGO,1 julio 2025 - 1 enero 2026.xlsx,,,2026-05-27 15:01:20.503007,,ajustes,Ajuste por Compra Protegida (BPP),False
ML,POS_121781341178_1 julio 2025 - 1 enero 2026.xlsx_5072,2000012614800030,2025-10-08,reconciled,46990.0,PAGO,1 julio 2025 - 1 enero 2026.xlsx,,,2026-05-27 15:01:20.503007,,ajustes,Ajuste Poscobro Conciliado,False
ML,POS_121769272006_1 julio 2025 - 1 enero 2026.xlsx_5073,nan,2025-10-08,Ajuste Poscobro,523.0,PAGO,1 julio 2025 - 1 enero 2026.xlsx,,,2026-05-27 15:01:20.503007,,ajustes,Ajuste Poscobro General,True
ML,POS_121769109768_1 julio 2025 - 1 enero 2026.xlsx_5074,2000012613358326,2025-10-08,reconciled,35990.0,PAGO,1 julio 2025 - 1 enero 2026.xlsx,,,2026-05-27 15:01:20.503007,,ajustes,Ajuste Poscobro Conciliado,False
ML,POS_121756496486_1 julio 2025 - 1 enero 2026.xlsx_5075,2000012612090292,2025-10-08,reconciled,19990.0,PAGO,1 julio 2025 - 1 enero 2026.xlsx,,,2026-05-27 15:01:20.503007,,ajustes,Ajuste Poscobro Conciliado,False
ML,POS_121744529330_1 julio 2025 - 1 enero 2026.xlsx_5076,2000012611157582,2025-10-08,reconciled,29990.0,PAGO,1 julio 2025 - 1 enero 2026.xlsx,,,2026-05-27 15:01:20.503007,,ajustes,Ajuste Poscobro Conciliado,False
ML,POS_121217449307_1 julio 2025 - 1 enero 2026.xlsx_5077,2000012610806334,2025-10-08,bpp_refunded,29990.0,PAGO,1 julio 2025 - 1 enero 2026.xlsx,,,2026-05-27 15:01:20.503007,,ajustes,Ajuste por Compra Protegida (BPP),False
ML,POS_121207357293_1 julio 2025 - 1 enero 2026.xlsx_5078,2000012610004316,2025-10-08,bpp_refunded,49990.0,PAGO,1 julio 2025 - 1 enero 2026.xlsx,,,2026-05-27 15:01:20.503007,,ajustes,Ajuste por Compra Protegida (BPP),False
ML,POS_121196981691_1 julio 2025 - 1 enero 2026.xlsx_5079,2000012608997016,2025-09-08,bpp_refunded,21990.0,PAGO,1 julio 2025 - 1 enero 2026.xlsx,,,2026-05-27 15:01:20.503007,,ajustes,Ajuste por Compra Protegida (BPP),False
ML,POS_121718048076_1 julio 2025 - 1 enero 2026.xlsx_5080,2000012608856790,2025-09-08,reconciled,31490.0,PAGO,1 julio 2025 - 1 enero 2026.xlsx,,,2026-05-27 15:01:20.503007,,ajustes,Ajuste Poscobro Conciliado,False
ML,POS_121669755738_1 julio 2025 - 1 enero 2026.xlsx_5081,2000012605140966,2025-09-08,bpp_refunded,55990.0,PAGO,1 julio 2025 - 1 enero 2026.xlsx,,,2026-05-27 15:01:20.503007,,ajustes,Ajuste por Compra Protegida (BPP),False
ML,POS_121107728073_1 julio 2025 - 1 enero 2026.xlsx_5082,2000012602076422,2025-09-08,bpp_refunded,11990.0,PAGO,1 julio 2025 - 1 enero 2026.xlsx,,,2026-05-27 15:01:20.503007,,ajustes,Ajuste por Compra Protegida (BPP),False
ML,POS_121107781323_1 julio 2025 - 1 enero 2026.xlsx_5083,2000012602076420,2025-09-08,bpp_refunded,11990.0,PAGO,1 julio 2025 - 1 enero 2026.xlsx,,,2026-05-27 15:01:20.503007,,ajustes,Ajuste por Compra Protegida (BPP),False
ML,POS_121107737821_1 julio 2025 - 1 enero 2026.xlsx_5084,2000012602065888,2025-09-08,bpp_refunded,21990.0,PAGO,1 julio 2025 - 1 enero 2026.xlsx,,,2026-05-27 15:01:20.503007,,ajustes,Ajuste por Compra Protegida (BPP),False
ML,POS_121609513944_1 julio 2025 - 1 enero 2026.xlsx_5085,2000012600334766,2025-09-08,bpp_refunded,26990.0,PAGO,1 julio 2025 - 1 enero 2026.xlsx,,,2026-05-27 15:01:20.503007,,ajustes,Ajuste por Compra Protegida (BPP),False
ML,POS_120937935005_1 julio 2025 - 1 enero 2026.xlsx_5097,nan,2025-07-08,Ajuste Poscobro,598.0,PAGO,1 julio 2025 - 1 enero 2026.xlsx,,,2026-05-27 15:01:20.503007,,ajustes,Ajuste Poscobro General,True
ML,POS_120937938519_1 julio 2025 - 1 enero 2026.xlsx_5098,2000012586496080,2025-07-08,bpp_refunded,29990.0,PAGO,1 julio 2025 - 1 enero 2026.xlsx,,,2026-05-27 15:01:20.503007,,ajustes,Ajuste por Compra Protegida (BPP),False
ML,POS_121439552902_1 julio 2025 - 1 enero 2026.xlsx_5099,2000012583788078,2025-07-08,reconciled,47990.0,PAGO,1 julio 2025 - 1 enero 2026.xlsx,,,2026-05-27 15:01:20.503007,,ajustes,Ajuste Poscobro Conciliado,False
ML,POS_121409450912_1 julio 2025 - 1 enero 2026.xlsx_5100,2000012581055272,2025-07-08,bpp_refunded,31490.0,PAGO,1 julio 2025 - 1 enero 2026.xlsx,,,2026-05-27 15:01:20.503007,,ajustes,Ajuste por Compra Protegida (BPP),False
ML,POS_120857215183_1 julio 2025 - 1 enero 2026.xlsx_5101,2000012577468862,2025-07-08,reconciled,55990.0,PAGO,1 julio 2025 - 1 enero 2026.xlsx,,,2026-05-27 15:01:20.503007,,ajustes,Ajuste Poscobro Conciliado,False
ML,POS_120848184321_1 julio 2025 - 1 enero 2026.xlsx_5102,2000012576547936,2025-07-08,bpp_refunded,29990.0,PAGO,1 julio 2025 - 1 enero 2026.xlsx,,,2026-05-27 15:01:20.503007,,ajustes,Ajuste por Compra Protegida (BPP),False
ML,POS_120837800997_1 julio 2025 - 1 enero 2026.xlsx_5103,2000012575496068,2025-07-08,reconciled,17480.0,PAGO,1 julio 2025 - 1 enero 2026.xlsx,,,2026-05-27 15:01:20.503007,,ajustes,Ajuste Poscobro Conciliado,False
ML,POS_121356465196_1 julio 2025 - 1 enero 2026.xlsx_5104,2000012575182946,2025-07-08,reconciled,33990.0,PAGO,1 julio 2025 - 1 enero 2026.xlsx,,,2026-05-27 15:01:20.503007,,ajustes,Ajuste Poscobro Conciliado,False
ML,POS_121348131962_1 julio 2025 - 1 enero 2026.xlsx_5105,2000012574424038,2025-07-08,bpp_refunded,45990.0,PAGO,1 julio 2025 - 1 enero 2026.xlsx,,,2026-05-27 15:01:20.503007,,ajustes,Ajuste por Compra Protegida (BPP),False
ML,POS_121324263480_1 julio 2025 - 1 enero 2026.xlsx_5106,2000012573242220,2025-07-08,reconciled,31490.0,PAGO,1 julio 2025 - 1 enero 2026.xlsx,,,2026-05-27 15:01:20.503007,,ajustes,Ajuste Poscobro Conciliado,False
ML,POS_121319240322_1 julio 2025 - 1 enero 2026.xlsx_5107,2000012572558610,2025-06-08,bpp_refunded,33990.0,PAGO,1 julio 2025 - 1 enero 2026.xlsx,,,2026-05-27 15:01:20.503007,,ajustes,Ajuste por Compra Protegida (BPP),False
ML,POS_121318308678_1 julio 2025 - 1 enero 2026.xlsx_5108,2000012572369386,2025-06-08,bpp_refunded,24990.0,PAGO,1 julio 2025 - 1 enero 2026.xlsx,,,2026-05-27 15:01:20.503007,,ajustes,Ajuste por Compra Protegida (BPP),False
ML,POS_120796404939_1 julio 2025 - 1 enero 2026.xlsx_5109,2000012572118804,2025-06-08,bpp_refunded,23990.0,PAGO,1 julio 2025 - 1 enero 2026.xlsx,,,2026-05-27 15:01:20.503007,,ajustes,Ajuste por Compra Protegida (BPP),False
ML,POS_121316579102_1 julio 2025 - 1 enero 2026.xlsx_5110,2000012572120046,2025-06-08,bpp_refunded,19990.0,PAGO,1 julio 2025 - 1 enero 2026.xlsx,,,2026-05-27 15:01:20.503007,,ajustes,Ajuste por Compra Protegida (BPP),False
ML,POS_120796307379_1 julio 2025 - 1 enero 2026.xlsx_5111,2000012572122018,2025-06-08,bpp_refunded,23990.0,PAGO,1 julio 2025 - 1 enero 2026.xlsx,,,2026-05-27 15:01:20.503007,,ajustes,Ajuste por Compra Protegida (BPP),False
ML,POS_121316428018_1 julio 2025 - 1 enero 2026.xlsx_5112,2000012572094242,2025-06-08,bpp_refunded,37990.0,PAGO,1 julio 2025 - 1 enero 2026.xlsx,,,2026-05-27 15:01:20.503007,,ajustes,Ajuste por Compra Protegida (BPP),False
ML,POS_120795625711_1 julio 2025 - 1 enero 2026.xlsx_5113,2000012571994034,2025-06-08,reconciled,11280.0,PAGO,1 julio 2025 - 1 enero 2026.xlsx,,,2026-05-27 15:01:20.503007,,ajustes,Ajuste Poscobro Conciliado,False
ML,POS_121315787256_1 julio 2025 - 1 enero 2026.xlsx_5114,2000012571994034,2025-06-08,bpp_refunded,10000.0,PAGO,1 julio 2025 - 1 enero 2026.xlsx,,,2026-05-27 15:01:20.503007,,ajustes,Ajuste por Compra Protegida (BPP),False
ML,POS_121309565650_1 julio 2025 - 1 enero 2026.xlsx_5115,2000012571026586,2025-06-08,reconciled,25990.0,PAGO,1 julio 2025 - 1 enero 2026.xlsx,,,2026-05-27 15:01:20.503007,,ajustes,Ajuste Poscobro Conciliado,False
ML,POS_121292882270_1 julio 2025 - 1 enero 2026.xlsx_5116,2000012569003558,2025-06-08,reconciled,34990.0,PAGO,1 julio 2025 - 1 enero 2026.xlsx,,,2026-05-27 15:01:20.503007,,ajustes,Ajuste Poscobro Conciliado,False
ML,POS_120760768013_1 julio 2025 - 1 enero 2026.xlsx_5117,2000012567939118,2025-06-08,bpp_refunded,34990.0,PAGO,1 julio 2025 - 1 enero 2026.xlsx,,,2026-05-27 15:01:20.503007,,ajustes,Ajuste por Compra Protegida (BPP),False
ML,POS_120719149243_1 julio 2025 - 1 enero 2026.xlsx_5118,2000012563351366,2025-06-08,bpp_refunded,16000.0,PAGO,1 julio 2025 - 1 enero 2026.xlsx,,,2026-05-27 15:01:20.503007,,ajustes,Ajuste por Compra Protegida (BPP),False
ML,POS_120719133351_1 julio 2025 - 1 enero 2026.xlsx_5120,2000012563351366,2025-06-08,bpp_refunded,15490.0,PAGO,1 julio 2025 - 1 enero 2026.xlsx,,,2026-05-27 15:01:20.503007,,ajustes,Ajuste por Compra Protegida (BPP),False
ML,POS_121233183252_1 julio 2025 - 1 enero 2026.xlsx_5121,2000012562703582,2025-06-08,reconciled,34990.0,PAGO,1 julio 2025 - 1 enero 2026.xlsx,,,2026-05-27 15:01:20.503007,,ajustes,Ajuste Poscobro Conciliado,False
ML,POS_121209519598_1 julio 2025 - 1 enero 2026.xlsx_5122,2000012560235338,2025-06-08,bpp_refunded,35990.0,PAGO,1 julio 2025 - 1 enero 2026.xlsx,,,2026-05-27 15:01:20.503007,,ajustes,Ajuste por Compra Protegida (BPP),False
ML,POS_120687198145_1 julio 2025 - 1 enero 2026.xlsx_5123,2000012559984154,2025-06-08,bpp_refunded,34990.0,PAGO,1 julio 2025 - 1 enero 2026.xlsx,,,2026-05-27 15:01:20.503007,,ajustes,Ajuste por Compra Protegida (BPP),False
ML,POS_121181031036_1 julio 2025 - 1 enero 2026.xlsx_5124,2000012558469066,2025-06-08,bpp_refunded,33990.0,PAGO,1 julio 2025 - 1 enero 2026.xlsx,,,2026-05-27 15:01:20.503007,,ajustes,Ajuste por Compra Protegida (BPP),False
ML,POS_121175167660_1 julio 2025 - 1 enero 2026.xlsx_5125,2000012557543750,2025-05-08,reconciled,37990.0,PAGO,1 julio 2025 - 1 enero 2026.xlsx,,,2026-05-27 15:01:20.503007,,ajustes,Ajuste Poscobro Conciliado,False
ML,POS_121160437388_1 julio 2025 - 1 enero 2026.xlsx_5126,2000012555330820,2025-05-08,reconciled,8500.0,PAGO,1 julio 2025 - 1 enero 2026.xlsx,,,2026-05-27 15:01:20.503007,,ajustes,Ajuste Poscobro Conciliado,False
ML,POS_120641009741_1 julio 2025 - 1 enero 2026.xlsx_5127,2000012555330820,2025-05-08,bpp_refunded,22990.0,PAGO,1 julio 2025 - 1 enero 2026.xlsx,,,2026-05-27 15:01:20.503007,,ajustes,Ajuste por Compra Protegida (BPP),False
ML,POS_120634500025_1 julio 2025 - 1 enero 2026.xlsx_5128,2000012554546618,2025-05-08,reconciled,47990.0,PAGO,1 julio 2025 - 1 enero 2026.xlsx,,,2026-05-27 15:01:20.503007,,ajustes,Ajuste Poscobro Conciliado,False
ML,POS_120598917429_1 julio 2025 - 1 enero 2026.xlsx_5129,nan,2025-05-08,Ajuste Poscobro,523.0,PAGO,1 julio 2025 - 1 enero 2026.xlsx,,,2026-05-27 15:01:20.503007,,ajustes,Ajuste Poscobro General,True
ML,POS_120598758327_1 julio 2025 - 1 enero 2026.xlsx_5130,2000012550660814,2025-05-08,bpp_refunded,31490.0,PAGO,1 julio 2025 - 1 enero 2026.xlsx,,,2026-05-27 15:01:20.503007,,ajustes,Ajuste por Compra Protegida (BPP),False
ML,POS_120585086581_1 julio 2025 - 1 enero 2026.xlsx_5131,2000012548885786,2025-05-08,reconciled,19990.0,PAGO,1 julio 2025 - 1 enero 2026.xlsx,,,2026-05-27 15:01:20.503007,,ajustes,Ajuste Poscobro Conciliado,False
ML,POS_120561429617_1 julio 2025 - 1 enero 2026.xlsx_5132,2000012546324078,2025-05-08,reconciled,49990.0,PAGO,1 julio 2025 - 1 enero 2026.xlsx,,,2026-05-27 15:01:20.503007,,ajustes,Ajuste Poscobro Conciliado,False
ML,POS_121053135628_1 julio 2025 - 1 enero 2026.xlsx_5133,2000012544712656,2025-05-08,bpp_refunded,34990.0,PAGO,1 julio 2025 - 1 enero 2026.xlsx,,,2026-05-27 15:01:20.503007,,ajustes,Ajuste por Compra Protegida (BPP),False
ML,POS_121049228442_1 julio 2025 - 1 enero 2026.xlsx_5134,2000012544274518,2025-05-08,reconciled,49990.0,PAGO,1 julio 2025 - 1 enero 2026.xlsx,,,2026-05-27 15:01:20.503007,,ajustes,Ajuste Poscobro Conciliado,False
ML,POS_120995859992_1 julio 2025 - 1 enero 2026.xlsx_5135,nan,2025-04-08,Ajuste Poscobro,448.0,PAGO,1 julio 2025 - 1 enero 2026.xlsx,,,2026-05-27 15:01:20.503007,,ajustes,Ajuste Poscobro General,True
ML,POS_120477585701_1 julio 2025 - 1 enero 2026.xlsx_5136,2000012537282192,2025-04-08,reconciled,21990.0,PAGO,1 julio 2025 - 1 enero 2026.xlsx,,,2026-05-27 15:01:20.503007,,ajustes,Ajuste Poscobro Conciliado,False
ML,POS_120403164225_1 julio 2025 - 1 enero 2026.xlsx_5137,nan,2025-03-08,Ajuste Poscobro,523.0,PAGO,1 julio 2025 - 1 enero 2026.xlsx,,,2026-05-27 15:01:20.503007,,ajustes,Ajuste Poscobro General,True
ML,POS_120403028507_1 julio 2025 - 1 enero 2026.xlsx_5138,2000012529963432,2025-03-08,bpp_refunded,31190.0,PAGO,1 julio 2025 - 1 enero 2026.xlsx,,,2026-05-27 15:01:20.503007,,ajustes,Ajuste por Compra Protegida (BPP),False
ML,POS_120402675097_1 julio 2025 - 1 enero 2026.xlsx_5139,nan,2025-03-08,Ajuste Poscobro,598.0,PAGO,1 julio 2025 - 1 enero 2026.xlsx,,,2026-05-27 15:01:20.503007,,ajustes,Ajuste Poscobro General,True
ML,POS_120402515883_1 julio 2025 - 1 enero 2026.xlsx_5140,2000012529894692,2025-03-08,compensated,27996.0,PAGO,1 julio 2025 - 1 enero 2026.xlsx,,,2026-05-27 15:01:20.503007,,ajustes,Ajuste Poscobro Conciliado,True
ML,POS_120917746428_1 julio 2025 - 1 enero 2026.xlsx_5141,2000012529496534,2025-03-08,reconciled,32990.0,PAGO,1 julio 2025 - 1 enero 2026.xlsx,,,2026-05-27 15:01:20.503007,,ajustes,Ajuste Poscobro Conciliado,False
ML,POS_120914945500_1 julio 2025 - 1 enero 2026.xlsx_5142,2000012529020766,2025-03-08,bpp_refunded,19290.0,PAGO,1 julio 2025 - 1 enero 2026.xlsx,,,2026-05-27 15:01:20.503007,,ajustes,Ajuste por Compra Protegida (BPP),False
ML,POS_120397268061_1 julio 2025 - 1 enero 2026.xlsx_5143,nan,2025-03-08,bpp_refunded,3990.0,PAGO,1 julio 2025 - 1 enero 2026.xlsx,,,2026-05-27 15:01:20.503007,,ajustes,Ajuste por Compra Protegida (BPP),False
ML,POS_120906981936_1 julio 2025 - 1 enero 2026.xlsx_5144,nan,2025-03-08,Ajuste Poscobro,448.0,PAGO,1 julio 2025 - 1 enero 2026.xlsx,,,2026-05-27 15:01:20.503007,,ajustes,Ajuste Poscobro General,True
ML,POS_120906898510_1 julio 2025 - 1 enero 2026.xlsx_5145,2000012527861488,2025-03-08,bpp_refunded,49990.0,PAGO,1 julio 2025 - 1 enero 2026.xlsx,,,2026-05-27 15:01:20.503007,,ajustes,Ajuste por Compra Protegida (BPP),False
ML,POS_120901062318_1 julio 2025 - 1 enero 2026.xlsx_5146,2000012527100994,2025-03-08,reconciled,12490.0,PAGO,1 julio 2025 - 1 enero 2026.xlsx,,,2026-05-27 15:01:20.503007,,ajustes,Ajuste Poscobro Conciliado,False
ML,POS_120901080156_1 julio 2025 - 1 enero 2026.xlsx_5147,2000012527100994,2025-03-08,bpp_refunded,12490.0,PAGO,1 julio 2025 - 1 enero 2026.xlsx,,,2026-05-27 15:01:20.503007,,ajustes,Ajuste por Compra Protegida (BPP),False
ML,POS_120897785622_1 julio 2025 - 1 enero 2026.xlsx_5148,nan,2025-03-08,Ajuste Poscobro,523.0,PAGO,1 julio 2025 - 1 enero 2026.xlsx,,,2026-05-27 15:01:20.503007,,ajustes,Ajuste Poscobro General,True
ML,POS_120897694164_1 julio 2025 - 1 enero 2026.xlsx_5149,2000012526719076,2025-03-08,bpp_refunded,27996.0,PAGO,1 julio 2025 - 1 enero 2026.xlsx,,,2026-05-27 15:01:20.503007,,ajustes,Ajuste por Compra Protegida (BPP),False
ML,POS_120889358600_1 julio 2025 - 1 enero 2026.xlsx_5150,2000012525663932,2025-03-08,bpp_refunded,27996.0,PAGO,1 julio 2025 - 1 enero 2026.xlsx,,,2026-05-27 15:01:20.503007,,ajustes,Ajuste por Compra Protegida (BPP),False
ML,POS_120371821811_1 julio 2025 - 1 enero 2026.xlsx_5151,2000012525663962,2025-03-08,bpp_refunded,27996.0,PAGO,1 julio 2025 - 1 enero 2026.xlsx,,,2026-05-27 15:01:20.503007,,ajustes,Ajuste por Compra Protegida (BPP),False
ML,POS_120863866918_1 julio 2025 - 1 enero 2026.xlsx_5152,2000012522713136,2025-03-08,bpp_refunded,24905.0,PAGO,1 julio 2025 - 1 enero 2026.xlsx,,,2026-05-27 15:01:20.503007,,ajustes,Ajuste por Compra Protegida (BPP),False
ML,POS_120346684487_1 julio 2025 - 1 enero 2026.xlsx_5153,2000012522720326,2025-03-08,bpp_refunded,24905.0,PAGO,1 julio 2025 - 1 enero 2026.xlsx,,,2026-05-27 15:01:20.503007,,ajustes,Ajuste por Compra Protegida (BPP),False
ML,POS_120294941095_1 julio 2025 - 1 enero 2026.xlsx_5154,nan,2025-02-08,Ajuste Poscobro,448.0,PAGO,1 julio 2025 - 1 enero 2026.xlsx,,,2026-05-27 15:01:20.503007,,ajustes,Ajuste Poscobro General,True
ML,POS_120811859170_1 julio 2025 - 1 enero 2026.xlsx_5155,2000012517980372,2025-02-08,bpp_refunded,25990.0,PAGO,1 julio 2025 - 1 enero 2026.xlsx,,,2026-05-27 15:01:20.503007,,ajustes,Ajuste por Compra Protegida (BPP),False
ML,POS_120811799706_1 julio 2025 - 1 enero 2026.xlsx_5156,2000012517980370,2025-02-08,bpp_refunded,34990.0,PAGO,1 julio 2025 - 1 enero 2026.xlsx,,,2026-05-27 15:01:20.503007,,ajustes,Ajuste por Compra Protegida (BPP),False
ML,POS_120292317587_1 julio 2025 - 1 enero 2026.xlsx_5157,2000012517798894,2025-02-08,bpp_refunded,38990.0,PAGO,1 julio 2025 - 1 enero 2026.xlsx,,,2026-05-27 15:01:20.503007,,ajustes,Ajuste por Compra Protegida (BPP),False
ML,POS_120292212259_1 julio 2025 - 1 enero 2026.xlsx_5158,nan,2025-02-08,Ajuste Poscobro,523.0,PAGO,1 julio 2025 - 1 enero 2026.xlsx,,,2026-05-27 15:01:20.503007,,ajustes,Ajuste Poscobro General,True
ML,POS_120808959860_1 julio 2025 - 1 enero 2026.xlsx_5159,2000012517737782,2025-02-08,bpp_refunded,28790.0,PAGO,1 julio 2025 - 1 enero 2026.xlsx,,,2026-05-27 15:01:20.503007,,ajustes,Ajuste por Compra Protegida (BPP),False
ML,POS_120795162270_1 julio 2025 - 1 enero 2026.xlsx_5160,2000012516743350,2025-02-08,Ajuste Poscobro,27190.0,PAGO,1 julio 2025 - 1 enero 2026.xlsx,,,2026-05-27 15:01:20.503007,,ajustes,Ajuste Poscobro General,True
ML,POS_120247387329_1 julio 2025 - 1 enero 2026.xlsx_5161,nan,2025-02-08,Ajuste Poscobro,523.0,PAGO,1 julio 2025 - 1 enero 2026.xlsx,,,2026-05-27 15:01:20.503007,,ajustes,Ajuste Poscobro General,True
ML,POS_120247122349_1 julio 2025 - 1 enero 2026.xlsx_5162,2000012514045110,2025-02-08,bpp_refunded,27996.0,PAGO,1 julio 2025 - 1 enero 2026.xlsx,,,2026-05-27 15:01:20.503007,,ajustes,Ajuste por Compra Protegida (BPP),False
ML,POS_120245536905_1 julio 2025 - 1 enero 2026.xlsx_5163,2000012513946154,2025-02-08,reconciled,33054.0,PAGO,1 julio 2025 - 1 enero 2026.xlsx,,,2026-05-27 15:01:20.503007,,ajustes,Ajuste Poscobro Conciliado,False
ML,POS_120746602174_1 julio 2025 - 1 enero 2026.xlsx_5164,2000012512741132,2025-02-08,bpp_refunded,33054.0,PAGO,1 julio 2025 - 1 enero 2026.xlsx,,,2026-05-27 15:01:20.503007,,ajustes,Ajuste por Compra Protegida (BPP),False
ML,POS_120211286101_1 julio 2025 - 1 enero 2026.xlsx_5165,2000012511177108,2025-02-08,bpp_refunded,37094.0,PAGO,1 julio 2025 - 1 enero 2026.xlsx,,,2026-05-27 15:01:20.503007,,ajustes,Ajuste por Compra Protegida (BPP),False
ML,POS_120722946638_1 julio 2025 - 1 enero 2026.xlsx_5166,2000012510608198,2025-02-08,reconciled,27996.0,PAGO,1 julio 2025 - 1 enero 2026.xlsx,,,2026-05-27 15:01:20.503007,,ajustes,Ajuste Poscobro Conciliado,False
ML,POS_120196609741_1 julio 2025 - 1 enero 2026.xlsx_5167,2000012509553096,2025-01-08,reconciled,27996.0,PAGO,1 julio 2025 - 1 enero 2026.xlsx,,,2026-05-27 15:01:20.503007,,ajustes,Ajuste Poscobro Conciliado,False
ML,POS_120707192962_1 julio 2025 - 1 enero 2026.xlsx_5168,nan,2025-01-08,Ajuste Poscobro,448.0,PAGO,1 julio 2025 - 1 enero 2026.xlsx,,,2026-05-27 15:01:20.503007,,ajustes,Ajuste Poscobro General,True
ML,POS_120189997811_1 julio 2025 - 1 enero 2026.xlsx_5169,2000012508894866,2025-01-08,bpp_refunded,21836.0,PAGO,1 julio 2025 - 1 enero 2026.xlsx,,,2026-05-27 15:01:20.503007,,ajustes,Ajuste por Compra Protegida (BPP),False
ML,POS_120190196399_1 julio 2025 - 1 enero 2026.xlsx_5170,2000012508894864,2025-01-08,bpp_refunded,22995.0,PAGO,1 julio 2025 - 1 enero 2026.xlsx,,,2026-05-27 15:01:20.503007,,ajustes,Ajuste por Compra Protegida (BPP),False
ML,POS_120181702317_1 julio 2025 - 1 enero 2026.xlsx_5171,2000012508117032,2025-01-08,reconciled,22490.0,PAGO,1 julio 2025 - 1 enero 2026.xlsx,,,2026-05-27 15:01:20.503007,,ajustes,Ajuste Poscobro Conciliado,False
ML,POS_120170466715_1 julio 2025 - 1 enero 2026.xlsx_5172,2000012507259050,2025-01-08,reconciled,22490.0,PAGO,1 julio 2025 - 1 enero 2026.xlsx,,,2026-05-27 15:01:20.503007,,ajustes,Ajuste Poscobro Conciliado,False
ML,POS_120675100014_1 julio 2025 - 1 enero 2026.xlsx_5173,2000012506389860,2025-01-08,bpp_refunded,13790.0,PAGO,1 julio 2025 - 1 enero 2026.xlsx,,,2026-05-27 15:01:20.503007,,ajustes,Ajuste por Compra Protegida (BPP),False
ML,POS_120675121802_1 julio 2025 - 1 enero 2026.xlsx_5174,2000012506389856,2025-01-08,bpp_refunded,38990.0,PAGO,1 julio 2025 - 1 enero 2026.xlsx,,,2026-05-27 15:01:20.503007,,ajustes,Ajuste por Compra Protegida (BPP),False
ML,POS_120152705545_1 julio 2025 - 1 enero 2026.xlsx_5175,2000012505928638,2025-01-08,Ajuste Poscobro,26990.0,PAGO,1 julio 2025 - 1 enero 2026.xlsx,,,2026-05-27 15:01:20.503007,,ajustes,Ajuste Poscobro General,True
ML,POS_120666029556_1 julio 2025 - 1 enero 2026.xlsx_5176,2000012505650750,2025-01-08,bpp_refunded,32990.0,PAGO,1 julio 2025 - 1 enero 2026.xlsx,,,2026-05-27 15:01:20.503007,,ajustes,Ajuste por Compra Protegida (BPP),False
ML,POS_120149730117_1 julio 2025 - 1 enero 2026.xlsx_5177,2000012505650752,2025-01-08,bpp_refunded,28990.0,PAGO,1 julio 2025 - 1 enero 2026.xlsx,,,2026-05-27 15:01:20.503007,,ajustes,Ajuste por Compra Protegida (BPP),False
ML,POS_120149601043_1 julio 2025 - 1 enero 2026.xlsx_5178,2000012505652528,2025-01-08,bpp_refunded,49990.0,PAGO,1 julio 2025 - 1 enero 2026.xlsx,,,2026-05-27 15:01:20.503007,,ajustes,Ajuste por Compra Protegida (BPP),False
ML,POS_120149488879_1 julio 2025 - 1 enero 2026.xlsx_5179,2000012505609248,2025-01-08,reconciled,27190.0,PAGO,1 julio 2025 - 1 enero 2026.xlsx,,,2026-05-27 15:01:20.503007,,ajustes,Ajuste Poscobro Conciliado,False
ML,POS_120146987407_1 julio 2025 - 1 enero 2026.xlsx_5180,nan,2025-01-08,bpp_refunded,2891.0,PAGO,1 julio 2025 - 1 enero 2026.xlsx,,,2026-05-27 15:01:20.503007,,ajustes,Ajuste por Compra Protegida (BPP),False
ML,POS_120663806704_1 julio 2025 - 1 enero 2026.xlsx_5181,2000012505416312,2025-01-08,bpp_refunded,17490.0,PAGO,1 julio 2025 - 1 enero 2026.xlsx,,,2026-05-27 15:01:20.503007,,ajustes,Ajuste por Compra Protegida (BPP),False
ML,POS_120663597974_1 julio 2025 - 1 enero 2026.xlsx_5182,2000012505416310,2025-01-08,bpp_refunded,17490.0,PAGO,1 julio 2025 - 1 enero 2026.xlsx,,,2026-05-27 15:01:20.503007,,ajustes,Ajuste por Compra Protegida (BPP),False
ML,POS_120657879298_1 julio 2025 - 1 enero 2026.xlsx_5183,2000012504815524,2025-01-08,bpp_refunded,26290.0,PAGO,1 julio 2025 - 1 enero 2026.xlsx,,,2026-05-27 15:01:20.503007,,ajustes,Ajuste por Compra Protegida (BPP),False
ML,POS_120640339806_1 julio 2025 - 1 enero 2026.xlsx_5184,2000012502984300,2025-01-08,bpp_refunded,31190.0,PAGO,1 julio 2025 - 1 enero 2026.xlsx,,,2026-05-27 15:01:20.503007,,ajustes,Ajuste por Compra Protegida (BPP),False
ML,POS_120628053774_1 julio 2025 - 1 enero 2026.xlsx_5185,2000012501811926,2025-01-08,reconciled,27996.0,PAGO,1 julio 2025 - 1 enero 2026.xlsx,,,2026-05-27 15:01:20.503007,,ajustes,Ajuste Poscobro Conciliado,False
ML,POS_120625424056_1 julio 2025 - 1 enero 2026.xlsx_5186,nan,2025-01-08,Ajuste Poscobro,598.0,PAGO,1 julio 2025 - 1 enero 2026.xlsx,,,2026-05-27 15:01:20.503007,,ajustes,Ajuste Poscobro General,True
ML,POS_120625509026_1 julio 2025 - 1 enero 2026.xlsx_5187,nan,2025-01-08,Ajuste Poscobro,598.0,PAGO,1 julio 2025 - 1 enero 2026.xlsx,,,2026-05-27 15:01:20.503007,,ajustes,Ajuste Poscobro General,True
ML,POS_120625269432_1 julio 2025 - 1 enero 2026.xlsx_5188,2000012501585752,2025-01-08,bpp_refunded,26290.0,PAGO,1 julio 2025 - 1 enero 2026.xlsx,,,2026-05-27 15:01:20.503007,,ajustes,Ajuste por Compra Protegida (BPP),False
ML,POS_120108535909_1 julio 2025 - 1 enero 2026.xlsx_5189,2000012501583792,2025-01-08,bpp_refunded,33054.0,PAGO,1 julio 2025 - 1 enero 2026.xlsx,,,2026-05-27 15:01:20.503007,,ajustes,Ajuste por Compra Protegida (BPP),False
ML,POS_117918921573_1 julio 2025 - 1 enero 2026.xlsx_5455,2000012278268504,2025-12-07,reconciled,34990.0,PAGO,1 julio 2025 - 1 enero 2026.xlsx,,,2026-05-27 15:01:20.503007,,ajustes,Ajuste Poscobro Conciliado,False
ML,POS_118377417246_1 julio 2025 - 1 enero 2026.xlsx_5456,2000012274766732,2025-12-07,reconciled,30990.0,PAGO,1 julio 2025 - 1 enero 2026.xlsx,,,2026-05-27 15:01:20.503007,,ajustes,Ajuste Poscobro Conciliado,False
ML,POS_117868821661_1 julio 2025 - 1 enero 2026.xlsx_5457,2000012274237830,2025-12-07,bpp_refunded,49990.0,PAGO,1 julio 2025 - 1 enero 2026.xlsx,,,2026-05-27 15:01:20.503007,,ajustes,Ajuste por Compra Protegida (BPP),False
ML,POS_117860991905_1 julio 2025 - 1 enero 2026.xlsx_5458,2000012273597622,2025-12-07,bpp_refunded,47990.0,PAGO,1 julio 2025 - 1 enero 2026.xlsx,,,2026-05-27 15:01:20.503007,,ajustes,Ajuste por Compra Protegida (BPP),False
ML,POS_117861092751_1 julio 2025 - 1 enero 2026.xlsx_5459,2000012273597620,2025-12-07,bpp_refunded,41990.0,PAGO,1 julio 2025 - 1 enero 2026.xlsx,,,2026-05-27 15:01:20.503007,,ajustes,Ajuste por Compra Protegida (BPP),False
ML,POS_117858066753_1 julio 2025 - 1 enero 2026.xlsx_5460,2000012273329694,2025-12-07,bpp_refunded,34990.0,PAGO,1 julio 2025 - 1 enero 2026.xlsx,,,2026-05-27 15:01:20.503007,,ajustes,Ajuste por Compra Protegida (BPP),False
ML,POS_117854283435_1 julio 2025 - 1 enero 2026.xlsx_5461,2000012273000004,2025-12-07,bpp_refunded,45990.0,PAGO,1 julio 2025 - 1 enero 2026.xlsx,,,2026-05-27 15:01:20.503007,,ajustes,Ajuste por Compra Protegida (BPP),False
ML,POS_117854292461_1 julio 2025 - 1 enero 2026.xlsx_5462,2000012273008684,2025-12-07,bpp_refunded,33990.0,PAGO,1 julio 2025 - 1 enero 2026.xlsx,,,2026-05-27 15:01:20.503007,,ajustes,Ajuste por Compra Protegida (BPP),False
ML,POS_118355658038_1 julio 2025 - 1 enero 2026.xlsx_5463,2000012272907392,2025-12-07,reconciled,48990.0,PAGO,1 julio 2025 - 1 enero 2026.xlsx,,,2026-05-27 15:01:20.503007,,ajustes,Ajuste Poscobro Conciliado,False
ML,POS_117841202871_1 julio 2025 - 1 enero 2026.xlsx_5464,2000012271981364,2025-12-07,reconciled,39990.0,PAGO,1 julio 2025 - 1 enero 2026.xlsx,,,2026-05-27 15:01:20.503007,,ajustes,Ajuste Poscobro Conciliado,False
ML,POS_118307022618_1 julio 2025 - 1 enero 2026.xlsx_5465,2000012268790160,2025-11-07,bpp_refunded,19990.0,PAGO,1 julio 2025 - 1 enero 2026.xlsx,,,2026-05-27 15:01:20.503007,,ajustes,Ajuste por Compra Protegida (BPP),False
ML,POS_118236670884_1 julio 2025 - 1 enero 2026.xlsx_5466,2000012262787166,2025-11-07,bpp_refunded,34990.0,PAGO,1 julio 2025 - 1 enero 2026.xlsx,,,2026-05-27 15:01:20.503007,,ajustes,Ajuste por Compra Protegida (BPP),False
ML,POS_118210418060_1 julio 2025 - 1 enero 2026.xlsx_5467,2000012260568830,2025-11-07,bpp_refunded,34990.0,PAGO,1 julio 2025 - 1 enero 2026.xlsx,,,2026-05-27 15:01:20.503007,,ajustes,Ajuste por Compra Protegida (BPP),False
ML,POS_117694746713_1 julio 2025 - 1 enero 2026.xlsx_5468,2000012259540498,2025-11-07,bpp_refunded,26990.0,PAGO,1 julio 2025 - 1 enero 2026.xlsx,,,2026-05-27 15:01:20.503007,,ajustes,Ajuste por Compra Protegida (BPP),False
ML,POS_118179467994_1 julio 2025 - 1 enero 2026.xlsx_5469,nan,2025-11-07,Ajuste Poscobro,523.0,PAGO,1 julio 2025 - 1 enero 2026.xlsx,,,2026-05-27 15:01:20.503007,,ajustes,Ajuste Poscobro General,True
ML,POS_117678107931_1 julio 2025 - 1 enero 2026.xlsx_5470,2000012258695946,2025-11-07,reconciled,32495.0,PAGO,1 julio 2025 - 1 enero 2026.xlsx,,,2026-05-27 15:01:20.503007,,ajustes,Ajuste Poscobro Conciliado,False
ML,POS_117677164009_1 julio 2025 - 1 enero 2026.xlsx_5471,2000012258652144,2025-11-07,bpp_covered,5990.0,PAGO,1 julio 2025 - 1 enero 2026.xlsx,,,2026-05-27 15:01:20.503007,,ajustes,Ajuste por Compra Protegida (BPP),True
ML,POS_117676744793_1 julio 2025 - 1 enero 2026.xlsx_5472,nan,2025-11-07,Ajuste Poscobro,448.0,PAGO,1 julio 2025 - 1 enero 2026.xlsx,,,2026-05-27 15:01:20.503007,,ajustes,Ajuste Poscobro General,True
ML,POS_118177969418_1 julio 2025 - 1 enero 2026.xlsx_5473,2000012258546068,2025-11-07,bpp_refunded,24990.0,PAGO,1 julio 2025 - 1 enero 2026.xlsx,,,2026-05-27 15:01:20.503007,,ajustes,Ajuste por Compra Protegida (BPP),False
ML,POS_117674639327_1 julio 2025 - 1 enero 2026.xlsx_5474,2000012258218644,2025-10-07,bpp_refunded,30990.0,PAGO,1 julio 2025 - 1 enero 2026.xlsx,,,2026-05-27 15:01:20.503007,,ajustes,Ajuste por Compra Protegida (BPP),False
ML,POS_117650947829_1 julio 2025 - 1 enero 2026.xlsx_5475,2000012255265694,2025-10-07,refund_account_money,34990.0,PAGO,1 julio 2025 - 1 enero 2026.xlsx,,,2026-05-27 15:01:20.503007,,ajustes,Ajuste Poscobro General,True
ML,POS_117621745599_1 julio 2025 - 1 enero 2026.xlsx_5476,2000012252753032,2025-10-07,bpp_refunded,13990.0,PAGO,1 julio 2025 - 1 enero 2026.xlsx,,,2026-05-27 15:01:20.503007,,ajustes,Ajuste por Compra Protegida (BPP),False
ML,POS_117602656657_1 julio 2025 - 1 enero 2026.xlsx_5477,2000012250523118,2025-10-07,Ajuste Poscobro,28990.0,PAGO,1 julio 2025 - 1 enero 2026.xlsx,,,2026-05-27 15:01:20.503007,,ajustes,Ajuste Poscobro General,True
ML,POS_117596079913_1 julio 2025 - 1 enero 2026.xlsx_5478,nan,2025-10-07,Ajuste Poscobro,448.0,PAGO,1 julio 2025 - 1 enero 2026.xlsx,,,2026-05-27 15:01:20.503007,,ajustes,Ajuste Poscobro General,True
ML,POS_117595641805_1 julio 2025 - 1 enero 2026.xlsx_5479,2000012249887048,2025-10-07,bpp_refunded,1463.0,PAGO,1 julio 2025 - 1 enero 2026.xlsx,,,2026-05-27 15:01:20.503007,,ajustes,Ajuste por Compra Protegida (BPP),False
ML,POS_117595739139_1 julio 2025 - 1 enero 2026.xlsx_5481,2000012249887048,2025-10-07,reconciled,40527.0,PAGO,1 julio 2025 - 1 enero 2026.xlsx,,,2026-05-27 15:01:20.503007,,ajustes,Ajuste Poscobro Conciliado,False
ML,POS_117591139033_1 julio 2025 - 1 enero 2026.xlsx_5483,nan,2025-10-07,Ajuste Poscobro,523.0,PAGO,1 julio 2025 - 1 enero 2026.xlsx,,,2026-05-27 15:01:20.503007,,ajustes,Ajuste Poscobro General,True
ML,POS_118090866270_1 julio 2025 - 1 enero 2026.xlsx_5484,2000012249470114,2025-10-07,bpp_refunded,31490.0,PAGO,1 julio 2025 - 1 enero 2026.xlsx,,,2026-05-27 15:01:20.503007,,ajustes,Ajuste por Compra Protegida (BPP),False
ML,POS_117574391457_1 julio 2025 - 1 enero 2026.xlsx_5485,2000012247930048,2025-10-07,reconciled,34990.0,PAGO,1 julio 2025 - 1 enero 2026.xlsx,,,2026-05-27 15:01:20.503007,,ajustes,Ajuste Poscobro Conciliado,False
ML,POS_118069164992_1 julio 2025 - 1 enero 2026.xlsx_5486,2000012247511420,2025-10-07,Ajuste Poscobro,24990.0,PAGO,1 julio 2025 - 1 enero 2026.xlsx,,,2026-05-27 15:01:20.503007,,ajustes,Ajuste Poscobro General,True
ML,POS_118069002084_1 julio 2025 - 1 enero 2026.xlsx_5487,2000012247513264,2025-10-07,Ajuste Poscobro,17990.0,PAGO,1 julio 2025 - 1 enero 2026.xlsx,,,2026-05-27 15:01:20.503007,,ajustes,Ajuste Poscobro General,True
ML,POS_117542918539_1 julio 2025 - 1 enero 2026.xlsx_5488,nan,2025-09-07,Ajuste Poscobro,523.0,PAGO,1 julio 2025 - 1 enero 2026.xlsx,,,2026-05-27 15:01:20.503007,,ajustes,Ajuste Poscobro General,True
ML,POS_118042213064_1 julio 2025 - 1 enero 2026.xlsx_5489,2000012245395514,2025-09-07,reconciled,34990.0,PAGO,1 julio 2025 - 1 enero 2026.xlsx,,,2026-05-27 15:01:20.503007,,ajustes,Ajuste Poscobro Conciliado,False
ML,POS_118040911464_1 julio 2025 - 1 enero 2026.xlsx_5490,2000012245196684,2025-09-07,reconciled,28990.0,PAGO,1 julio 2025 - 1 enero 2026.xlsx,,,2026-05-27 15:01:20.503007,,ajustes,Ajuste Poscobro Conciliado,False
ML,POS_118025995610_1 julio 2025 - 1 enero 2026.xlsx_5491,2000012243049200,2025-09-07,bpp_refunded,44990.0,PAGO,1 julio 2025 - 1 enero 2026.xlsx,,,2026-05-27 15:01:20.503007,,ajustes,Ajuste por Compra Protegida (BPP),False
ML,POS_118009434392_1 julio 2025 - 1 enero 2026.xlsx_5492,2000012241212266,2025-09-07,reconciled,37990.0,PAGO,1 julio 2025 - 1 enero 2026.xlsx,,,2026-05-27 15:01:20.503007,,ajustes,Ajuste Poscobro Conciliado,False
ML,POS_117504789503_1 julio 2025 - 1 enero 2026.xlsx_5493,2000012240628844,2025-09-07,bpp_refunded,34990.0,PAGO,1 julio 2025 - 1 enero 2026.xlsx,,,2026-05-27 15:01:20.503007,,ajustes,Ajuste por Compra Protegida (BPP),False
ML,POS_118003398382_1 julio 2025 - 1 enero 2026.xlsx_5494,2000012240525058,2025-09-07,reconciled,33990.0,PAGO,1 julio 2025 - 1 enero 2026.xlsx,,,2026-05-27 15:01:20.503007,,ajustes,Ajuste Poscobro Conciliado,False
ML,POS_117497125157_1 julio 2025 - 1 enero 2026.xlsx_5495,nan,2025-09-07,Ajuste Poscobro,448.0,PAGO,1 julio 2025 - 1 enero 2026.xlsx,,,2026-05-27 15:01:20.503007,,ajustes,Ajuste Poscobro General,True
ML,POS_117996420274_1 julio 2025 - 1 enero 2026.xlsx_5496,2000012239658720,2025-09-07,reconciled,48990.0,PAGO,1 julio 2025 - 1 enero 2026.xlsx,,,2026-05-27 15:01:20.503007,,ajustes,Ajuste Poscobro Conciliado,False
ML,POS_117492214351_1 julio 2025 - 1 enero 2026.xlsx_5497,2000012239058592,2025-09-07,bpp_refunded,35990.0,PAGO,1 julio 2025 - 1 enero 2026.xlsx,,,2026-05-27 15:01:20.503007,,ajustes,Ajuste por Compra Protegida (BPP),False
ML,POS_117982892632_1 julio 2025 - 1 enero 2026.xlsx_5498,2000012237903462,2025-09-07,reconciled,34990.0,PAGO,1 julio 2025 - 1 enero 2026.xlsx,,,2026-05-27 15:01:20.503007,,ajustes,Ajuste Poscobro Conciliado,False
ML,POS_117972073334_1 julio 2025 - 1 enero 2026.xlsx_5499,nan,2025-09-07,Ajuste Poscobro,598.0,PAGO,1 julio 2025 - 1 enero 2026.xlsx,,,2026-05-27 15:01:20.503007,,ajustes,Ajuste Poscobro General,True
ML,POS_117971944428_1 julio 2025 - 1 enero 2026.xlsx_5500,2000012236748092,2025-09-07,reconciled,28990.0,PAGO,1 julio 2025 - 1 enero 2026.xlsx,,,2026-05-27 15:01:20.503007,,ajustes,Ajuste Poscobro Conciliado,False
ML,POS_117471248243_1 julio 2025 - 1 enero 2026.xlsx_5501,2000012236598182,2025-09-07,reconciled,49990.0,PAGO,1 julio 2025 - 1 enero 2026.xlsx,,,2026-05-27 15:01:20.503007,,ajustes,Ajuste Poscobro Conciliado,False
ML,POS_117464512087_1 julio 2025 - 1 enero 2026.xlsx_5502,nan,2025-09-07,Ajuste Poscobro,523.0,PAGO,1 julio 2025 - 1 enero 2026.xlsx,,,2026-05-27 15:01:20.503007,,ajustes,Ajuste Poscobro General,True
ML,POS_117963561524_1 julio 2025 - 1 enero 2026.xlsx_5503,2000012235826952,2025-09-07,reconciled,27192.0,PAGO,1 julio 2025 - 1 enero 2026.xlsx,,,2026-05-27 15:01:20.503007,,ajustes,Ajuste Poscobro Conciliado,False
ML,POS_117435668109_1 julio 2025 - 1 enero 2026.xlsx_5505,2000012233300906,2025-08-07,reconciled,47990.0,PAGO,1 julio 2025 - 1 enero 2026.xlsx,,,2026-05-27 15:01:20.503007,,ajustes,Ajuste Poscobro Conciliado,False
ML,POS_117435448599_1 julio 2025 - 1 enero 2026.xlsx_5506,nan,2025-08-07,Ajuste Poscobro,448.0,PAGO,1 julio 2025 - 1 enero 2026.xlsx,,,2026-05-27 15:01:20.503007,,ajustes,Ajuste Poscobro General,True
ML,POS_117933947626_1 julio 2025 - 1 enero 2026.xlsx_5507,2000012233274262,2025-08-07,bpp_refunded,49990.0,PAGO,1 julio 2025 - 1 enero 2026.xlsx,,,2026-05-27 15:01:20.503007,,ajustes,Ajuste por Compra Protegida (BPP),False
ML,POS_117435313639_1 julio 2025 - 1 enero 2026.xlsx_5508,2000012233274258,2025-08-07,bpp_refunded,44990.0,PAGO,1 julio 2025 - 1 enero 2026.xlsx,,,2026-05-27 15:01:20.503007,,ajustes,Ajuste por Compra Protegida (BPP),False
ML,POS_117933913924_1 julio 2025 - 1 enero 2026.xlsx_5509,2000012233274260,2025-08-07,bpp_refunded,49990.0,PAGO,1 julio 2025 - 1 enero 2026.xlsx,,,2026-05-27 15:01:20.503007,,ajustes,Ajuste por Compra Protegida (BPP),False
ML,POS_117432556847_1 julio 2025 - 1 enero 2026.xlsx_5510,2000012232819984,2025-08-07,bpp_refunded,35990.0,PAGO,1 julio 2025 - 1 enero 2026.xlsx,,,2026-05-27 15:01:20.503007,,ajustes,Ajuste por Compra Protegida (BPP),False
ML,POS_117430223237_1 julio 2025 - 1 enero 2026.xlsx_5511,2000012232441012,2025-08-07,partially_bpp_refunded,19980.0,PAGO,1 julio 2025 - 1 enero 2026.xlsx,,,2026-05-27 15:01:20.503007,,ajustes,Ajuste por Compra Protegida (BPP),True
ML,POS_117424905391_1 julio 2025 - 1 enero 2026.xlsx_5512,2000012231716902,2025-08-07,bpp_refunded,25990.0,PAGO,1 julio 2025 - 1 enero 2026.xlsx,,,2026-05-27 15:01:20.503007,,ajustes,Ajuste por Compra Protegida (BPP),False
ML,POS_117923850448_1 julio 2025 - 1 enero 2026.xlsx_5513,2000012231716904,2025-08-07,bpp_covered,34990.0,PAGO,1 julio 2025 - 1 enero 2026.xlsx,,,2026-05-27 15:01:20.503007,,ajustes,Ajuste por Compra Protegida (BPP),True
ML,POS_117921628762_1 julio 2025 - 1 enero 2026.xlsx_5514,2000012231416550,2025-08-07,reconciled,34990.0,PAGO,1 julio 2025 - 1 enero 2026.xlsx,,,2026-05-27 15:01:20.503007,,ajustes,Ajuste Poscobro Conciliado,False
ML,POS_117416511475_1 julio 2025 - 1 enero 2026.xlsx_5515,2000012230656978,2025-08-07,bpp_refunded,21342.0,PAGO,1 julio 2025 - 1 enero 2026.xlsx,,,2026-05-27 15:01:20.503007,,ajustes,Ajuste por Compra Protegida (BPP),False
ML,POS_117416435267_1 julio 2025 - 1 enero 2026.xlsx_5516,2000012230658342,2025-08-07,bpp_refunded,22990.0,PAGO,1 julio 2025 - 1 enero 2026.xlsx,,,2026-05-27 15:01:20.503007,,ajustes,Ajuste por Compra Protegida (BPP),False
ML,POS_117401595921_1 julio 2025 - 1 enero 2026.xlsx_5517,2000012229263160,2025-08-07,bpp_refunded,37990.0,PAGO,1 julio 2025 - 1 enero 2026.xlsx,,,2026-05-27 15:01:20.503007,,ajustes,Ajuste por Compra Protegida (BPP),False
ML,POS_117876827016_1 julio 2025 - 1 enero 2026.xlsx_5518,2000012226995250,2025-08-07,reconciled,29990.0,PAGO,1 julio 2025 - 1 enero 2026.xlsx,,,2026-05-27 15:01:20.503007,,ajustes,Ajuste Poscobro Conciliado,False
ML,POS_117335448549_1 julio 2025 - 1 enero 2026.xlsx_5519,2000012222486840,2025-08-07,bpp_refunded,33990.0,PAGO,1 julio 2025 - 1 enero 2026.xlsx,,,2026-05-27 15:01:20.503007,,ajustes,Ajuste por Compra Protegida (BPP),False
ML,POS_117307618975_1 julio 2025 - 1 enero 2026.xlsx_5520,2000012220479546,2025-08-07,reconciled,23990.0,PAGO,1 julio 2025 - 1 enero 2026.xlsx,,,2026-05-27 15:01:20.503007,,ajustes,Ajuste Poscobro Conciliado,False
ML,POS_117804369950_1 julio 2025 - 1 enero 2026.xlsx_5522,2000012220366628,2025-08-07,bpp_refunded,23990.0,PAGO,1 julio 2025 - 1 enero 2026.xlsx,,,2026-05-27 15:01:20.503007,,ajustes,Ajuste por Compra Protegida (BPP),False
ML,POS_117173372503_1 julio 2025 - 1 enero 2026.xlsx_5536,2000012204513436,2025-06-07,Ajuste Poscobro,41990.0,PAGO,1 julio 2025 - 1 enero 2026.xlsx,,,2026-05-27 15:01:20.503007,,ajustes,Ajuste Poscobro General,True
ML,POS_117668037416_1 julio 2025 - 1 enero 2026.xlsx_5537,2000012204092814,2025-06-07,reconciled,37990.0,PAGO,1 julio 2025 - 1 enero 2026.xlsx,,,2026-05-27 15:01:20.503007,,ajustes,Ajuste Poscobro Conciliado,False
ML,POS_117169020519_1 julio 2025 - 1 enero 2026.xlsx_5538,2000012203787982,2025-06-07,bpp_refunded,7990.0,PAGO,1 julio 2025 - 1 enero 2026.xlsx,,,2026-05-27 15:01:20.503007,,ajustes,Ajuste por Compra Protegida (BPP),False
ML,POS_117664669028_1 julio 2025 - 1 enero 2026.xlsx_5539,2000012203576380,2025-06-07,bpp_refunded,31990.0,PAGO,1 julio 2025 - 1 enero 2026.xlsx,,,2026-05-27 15:01:20.503007,,ajustes,Ajuste por Compra Protegida (BPP),False
ML,POS_117165790803_1 julio 2025 - 1 enero 2026.xlsx_5540,2000012203293580,2025-06-07,bpp_refunded,37990.0,PAGO,1 julio 2025 - 1 enero 2026.xlsx,,,2026-05-27 15:01:20.503007,,ajustes,Ajuste por Compra Protegida (BPP),False
ML,POS_117661588122_1 julio 2025 - 1 enero 2026.xlsx_5541,2000012203084184,2025-06-07,reconciled,13000.0,PAGO,1 julio 2025 - 1 enero 2026.xlsx,,,2026-05-27 15:01:20.503007,,ajustes,Ajuste Poscobro Conciliado,False
ML,POS_117164502505_1 julio 2025 - 1 enero 2026.xlsx_5542,2000012203084184,2025-06-07,reconciled,10990.0,PAGO,1 julio 2025 - 1 enero 2026.xlsx,,,2026-05-27 15:01:20.503007,,ajustes,Ajuste Poscobro Conciliado,False
ML,POS_117162026777_1 julio 2025 - 1 enero 2026.xlsx_5543,2000012202722728,2025-06-07,reconciled,34990.0,PAGO,1 julio 2025 - 1 enero 2026.xlsx,,,2026-05-27 15:01:20.503007,,ajustes,Ajuste Poscobro Conciliado,False
ML,POS_117655189644_1 julio 2025 - 1 enero 2026.xlsx_5544,2000012202201648,2025-06-07,bpp_refunded,31490.0,PAGO,1 julio 2025 - 1 enero 2026.xlsx,,,2026-05-27 15:01:20.503007,,ajustes,Ajuste por Compra Protegida (BPP),False
ML,POS_117654097484_1 julio 2025 - 1 enero 2026.xlsx_5545,2000012202126870,2025-06-07,bpp_refunded,6990.0,PAGO,1 julio 2025 - 1 enero 2026.xlsx,,,2026-05-27 15:01:20.503007,,ajustes,Ajuste por Compra Protegida (BPP),False
ML,POS_117645426410_1 julio 2025 - 1 enero 2026.xlsx_5546,nan,2025-06-07,Ajuste Poscobro,523.0,PAGO,1 julio 2025 - 1 enero 2026.xlsx,,,2026-05-27 15:01:20.503007,,ajustes,Ajuste Poscobro General,True
ML,POS_117147824059_1 julio 2025 - 1 enero 2026.xlsx_5547,2000012201024772,2025-06-07,reconciled,24990.0,PAGO,1 julio 2025 - 1 enero 2026.xlsx,,,2026-05-27 15:01:20.503007,,ajustes,Ajuste Poscobro Conciliado,False
ML,POS_117130937895_1 julio 2025 - 1 enero 2026.xlsx_5548,2000012199028500,2025-06-07,reconciled,32445.0,PAGO,1 julio 2025 - 1 enero 2026.xlsx,,,2026-05-27 15:01:20.503007,,ajustes,Ajuste Poscobro Conciliado,False
ML,POS_117130955515_1 julio 2025 - 1 enero 2026.xlsx_5549,2000012199028500,2025-06-07,bpp_refunded,2545.0,PAGO,1 julio 2025 - 1 enero 2026.xlsx,,,2026-05-27 15:01:20.503007,,ajustes,Ajuste por Compra Protegida (BPP),False
ML,POS_117120720599_1 julio 2025 - 1 enero 2026.xlsx_5552,2000012197803194,2025-06-07,reconciled,28990.0,PAGO,1 julio 2025 - 1 enero 2026.xlsx,,,2026-05-27 15:01:20.503007,,ajustes,Ajuste Poscobro Conciliado,False
ML,POS_117609081316_1 julio 2025 - 1 enero 2026.xlsx_5553,2000012196994254,2025-06-07,reconciled,41990.0,PAGO,1 julio 2025 - 1 enero 2026.xlsx,,,2026-05-27 15:01:20.503007,,ajustes,Ajuste Poscobro Conciliado,False
ML,POS_117597438310_1 julio 2025 - 1 enero 2026.xlsx_5554,2000012195943032,2025-06-07,bpp_refunded,34990.0,PAGO,1 julio 2025 - 1 enero 2026.xlsx,,,2026-05-27 15:01:20.503007,,ajustes,Ajuste por Compra Protegida (BPP),False
ML,POS_117574910990_1 julio 2025 - 1 enero 2026.xlsx_5555,2000012193898070,2025-05-07,bpp_refunded,21990.0,PAGO,1 julio 2025 - 1 enero 2026.xlsx,,,2026-05-27 15:01:20.503007,,ajustes,Ajuste por Compra Protegida (BPP),False
ML,POS_117077412527_1 julio 2025 - 1 enero 2026.xlsx_5556,2000012193781312,2025-05-07,bpp_refunded,24990.0,PAGO,1 julio 2025 - 1 enero 2026.xlsx,,,2026-05-27 15:01:20.503007,,ajustes,Ajuste por Compra Protegida (BPP),False
ML,POS_117562224220_1 julio 2025 - 1 enero 2026.xlsx_5557,nan,2025-05-07,Ajuste Poscobro,6500.0,PAGO,1 julio 2025 - 1 enero 2026.xlsx,,,2026-05-27 15:01:20.503007,,ajustes,Ajuste Poscobro General,True
ML,POS_117057326895_1 julio 2025 - 1 enero 2026.xlsx_5558,2000012192116948,2025-05-07,bpp_refunded,23990.0,PAGO,1 julio 2025 - 1 enero 2026.xlsx,,,2026-05-27 15:01:20.503007,,ajustes,Ajuste por Compra Protegida (BPP),False
ML,POS_117057261417_1 julio 2025 - 1 enero 2026.xlsx_5559,2000012192116946,2025-05-07,Ajuste Poscobro,23990.0,PAGO,1 julio 2025 - 1 enero 2026.xlsx,,,2026-05-27 15:01:20.503007,,ajustes,Ajuste Poscobro General,True
ML,POS_117057261405_1 julio 2025 - 1 enero 2026.xlsx_5560,2000012192113328,2025-05-07,bpp_refunded,23990.0,PAGO,1 julio 2025 - 1 enero 2026.xlsx,,,2026-05-27 15:01:20.503007,,ajustes,Ajuste por Compra Protegida (BPP),False
ML,POS_117517212520_1 julio 2025 - 1 enero 2026.xlsx_5561,2000012189292586,2025-05-07,bpp_refunded,37990.0,PAGO,1 julio 2025 - 1 enero 2026.xlsx,,,2026-05-27 15:01:20.503007,,ajustes,Ajuste por Compra Protegida (BPP),False
ML,POS_117499519490_1 julio 2025 - 1 enero 2026.xlsx_5562,2000012187843836,2025-05-07,bpp_refunded,29990.0,PAGO,1 julio 2025 - 1 enero 2026.xlsx,,,2026-05-27 15:01:20.503007,,ajustes,Ajuste por Compra Protegida (BPP),False
ML,POS_116997057091_1 julio 2025 - 1 enero 2026.xlsx_5563,2000012187461636,2025-05-07,bpp_refunded,19990.0,PAGO,1 julio 2025 - 1 enero 2026.xlsx,,,2026-05-27 15:01:20.503007,,ajustes,Ajuste por Compra Protegida (BPP),False
ML,POS_116986710205_1 julio 2025 - 1 enero 2026.xlsx_5564,2000012186750490,2025-05-07,Ajuste Poscobro,19990.0,PAGO,1 julio 2025 - 1 enero 2026.xlsx,,,2026-05-27 15:01:20.503007,,ajustes,Ajuste Poscobro General,True
ML,POS_116983338027_1 julio 2025 - 1 enero 2026.xlsx_5565,nan,2025-05-07,Ajuste Poscobro,598.0,PAGO,1 julio 2025 - 1 enero 2026.xlsx,,,2026-05-27 15:01:20.503007,,ajustes,Ajuste Poscobro General,True
ML,POS_116983245259_1 julio 2025 - 1 enero 2026.xlsx_5566,2000012186467262,2025-05-07,reconciled,37990.0,PAGO,1 julio 2025 - 1 enero 2026.xlsx,,,2026-05-27 15:01:20.503007,,ajustes,Ajuste Poscobro Conciliado,False
ML,POS_116969790819_1 julio 2025 - 1 enero 2026.xlsx_5567,2000012185420262,2025-05-07,Ajuste Poscobro,23990.0,PAGO,1 julio 2025 - 1 enero 2026.xlsx,,,2026-05-27 15:01:20.503007,,ajustes,Ajuste Poscobro General,True
ML,POS_116969737487_1 julio 2025 - 1 enero 2026.xlsx_5568,2000012185420264,2025-05-07,Ajuste Poscobro,22990.0,PAGO,1 julio 2025 - 1 enero 2026.xlsx,,,2026-05-27 15:01:20.503007,,ajustes,Ajuste Poscobro General,True
ML,POS_116964810835_1 julio 2025 - 1 enero 2026.xlsx_5569,nan,2025-05-07,Ajuste Poscobro,523.0,PAGO,1 julio 2025 - 1 enero 2026.xlsx,,,2026-05-27 15:01:20.503007,,ajustes,Ajuste Poscobro General,True
ML,POS_117460781594_1 julio 2025 - 1 enero 2026.xlsx_5570,2000012184920220,2025-05-07,bpp_refunded,24990.0,PAGO,1 julio 2025 - 1 enero 2026.xlsx,,,2026-05-27 15:01:20.503007,,ajustes,Ajuste por Compra Protegida (BPP),False
ML,POS_116960282585_1 julio 2025 - 1 enero 2026.xlsx_5571,2000012184407352,2025-04-07,Ajuste Poscobro,4990.0,PAGO,1 julio 2025 - 1 enero 2026.xlsx,,,2026-05-27 15:01:20.503007,,ajustes,Ajuste Poscobro General,True
ML,POS_116959212237_1 julio 2025 - 1 enero 2026.xlsx_5572,nan,2025-04-07,Ajuste Poscobro,523.0,PAGO,1 julio 2025 - 1 enero 2026.xlsx,,,2026-05-27 15:01:20.503007,,ajustes,Ajuste Poscobro General,True
ML,POS_116958989127_1 julio 2025 - 1 enero 2026.xlsx_5573,nan,2025-04-07,Ajuste Poscobro,448.0,PAGO,1 julio 2025 - 1 enero 2026.xlsx,,,2026-05-27 15:01:20.503007,,ajustes,Ajuste Poscobro General,True
ML,POS_116959076153_1 julio 2025 - 1 enero 2026.xlsx_5574,2000012184243796,2025-04-07,reconciled,33990.0,PAGO,1 julio 2025 - 1 enero 2026.xlsx,,,2026-05-27 15:01:20.503007,,ajustes,Ajuste Poscobro Conciliado,False
ML,POS_117455151142_1 julio 2025 - 1 enero 2026.xlsx_5575,2000012184290090,2025-04-07,bpp_refunded,28990.0,PAGO,1 julio 2025 - 1 enero 2026.xlsx,,,2026-05-27 15:01:20.503007,,ajustes,Ajuste por Compra Protegida (BPP),False
ML,POS_117449687366_1 julio 2025 - 1 enero 2026.xlsx_5576,2000012183693390,2025-04-07,reconciled,31490.0,PAGO,1 julio 2025 - 1 enero 2026.xlsx,,,2026-05-27 15:01:20.503007,,ajustes,Ajuste Poscobro Conciliado,False
ML,POS_116950722161_1 julio 2025 - 1 enero 2026.xlsx_5577,2000012183426362,2025-04-07,bpp_refunded,46990.0,PAGO,1 julio 2025 - 1 enero 2026.xlsx,,,2026-05-27 15:01:20.503007,,ajustes,Ajuste por Compra Protegida (BPP),False
ML,POS_116950485415_1 julio 2025 - 1 enero 2026.xlsx_5578,2000012183426362,2025-04-07,bpp_refunded,9000.0,PAGO,1 julio 2025 - 1 enero 2026.xlsx,,,2026-05-27 15:01:20.503007,,ajustes,Ajuste por Compra Protegida (BPP),False
ML,POS_117443464650_1 julio 2025 - 1 enero 2026.xlsx_5579,2000012183067964,2025-04-07,reconciled,29990.0,PAGO,1 julio 2025 - 1 enero 2026.xlsx,,,2026-05-27 15:01:20.503007,,ajustes,Ajuste Poscobro Conciliado,False
ML,POS_117412669054_1 julio 2025 - 1 enero 2026.xlsx_5580,2000012180802928,2025-04-07,bpp_refunded,23990.0,PAGO,1 julio 2025 - 1 enero 2026.xlsx,,,2026-05-27 15:01:20.503007,,ajustes,Ajuste por Compra Protegida (BPP),False
ML,POS_117411201258_1 julio 2025 - 1 enero 2026.xlsx_5581,2000012180717246,2025-04-07,bpp_refunded,49990.0,PAGO,1 julio 2025 - 1 enero 2026.xlsx,,,2026-05-27 15:01:20.503007,,ajustes,Ajuste por Compra Protegida (BPP),False
ML,POS_116915364369_1 julio 2025 - 1 enero 2026.xlsx_5582,2000012180718144,2025-04-07,bpp_refunded,37990.0,PAGO,1 julio 2025 - 1 enero 2026.xlsx,,,2026-05-27 15:01:20.503007,,ajustes,Ajuste por Compra Protegida (BPP),False
ML,POS_117373814350_1 julio 2025 - 1 enero 2026.xlsx_5583,2000012177363996,2025-04-07,bpp_refunded,41990.0,PAGO,1 julio 2025 - 1 enero 2026.xlsx,,,2026-05-27 15:01:20.503007,,ajustes,Ajuste por Compra Protegida (BPP),False
ML,POS_116851720185_1 julio 2025 - 1 enero 2026.xlsx_5584,2000012175119382,2025-04-07,reconciled,54990.0,PAGO,1 julio 2025 - 1 enero 2026.xlsx,,,2026-05-27 15:01:20.503007,,ajustes,Ajuste Poscobro Conciliado,False
ML,POS_117317415604_1 julio 2025 - 1 enero 2026.xlsx_5585,nan,2025-04-07,Ajuste Poscobro,448.0,PAGO,1 julio 2025 - 1 enero 2026.xlsx,,,2026-05-27 15:01:20.503007,,ajustes,Ajuste Poscobro General,True
ML,POS_116822068465_1 julio 2025 - 1 enero 2026.xlsx_5586,2000012173603422,2025-04-07,bpp_refunded,28990.0,PAGO,1 julio 2025 - 1 enero 2026.xlsx,,,2026-05-27 15:01:20.503007,,ajustes,Ajuste por Compra Protegida (BPP),False
ML,POS_116817835219_1 julio 2025 - 1 enero 2026.xlsx_5587,nan,2025-03-07,Ajuste Poscobro,598.0,PAGO,1 julio 2025 - 1 enero 2026.xlsx,,,2026-05-27 15:01:20.503007,,ajustes,Ajuste Poscobro General,True
ML,POS_117313069194_1 julio 2025 - 1 enero 2026.xlsx_5588,2000012172933254,2025-03-07,bpp_refunded,37990.0,PAGO,1 julio 2025 - 1 enero 2026.xlsx,,,2026-05-27 15:01:20.503007,,ajustes,Ajuste por Compra Protegida (BPP),False
ML,POS_116811776709_1 julio 2025 - 1 enero 2026.xlsx_5589,2000012171972752,2025-03-07,reconciled,38990.0,PAGO,1 julio 2025 - 1 enero 2026.xlsx,,,2026-05-27 15:01:20.503007,,ajustes,Ajuste Poscobro Conciliado,False
ML,POS_116800629575_1 julio 2025 - 1 enero 2026.xlsx_5590,2000012170548508,2025-03-07,bpp_refunded,19990.0,PAGO,1 julio 2025 - 1 enero 2026.xlsx,,,2026-05-27 15:01:20.503007,,ajustes,Ajuste por Compra Protegida (BPP),False
ML,POS_117290536106_1 julio 2025 - 1 enero 2026.xlsx_5591,2000012169948794,2025-03-07,reconciled,20990.0,PAGO,1 julio 2025 - 1 enero 2026.xlsx,,,2026-05-27 15:01:20.503007,,ajustes,Ajuste Poscobro Conciliado,False
ML,POS_117290500404_1 julio 2025 - 1 enero 2026.xlsx_5592,2000012169948794,2025-03-07,bpp_refunded,25000.0,PAGO,1 julio 2025 - 1 enero 2026.xlsx,,,2026-05-27 15:01:20.503007,,ajustes,Ajuste por Compra Protegida (BPP),False
ML,POS_117278602914_1 julio 2025 - 1 enero 2026.xlsx_5593,nan,2025-03-07,Ajuste Poscobro,523.0,PAGO,1 julio 2025 - 1 enero 2026.xlsx,,,2026-05-27 15:01:20.503007,,ajustes,Ajuste Poscobro General,True
ML,POS_117278285358_1 julio 2025 - 1 enero 2026.xlsx_5594,2000012168829536,2025-03-07,bpp_refunded,19990.0,PAGO,1 julio 2025 - 1 enero 2026.xlsx,,,2026-05-27 15:01:20.503007,,ajustes,Ajuste por Compra Protegida (BPP),False
ML,POS_116782921785_1 julio 2025 - 1 enero 2026.xlsx_5595,2000012168833112,2025-03-07,bpp_refunded,19990.0,PAGO,1 julio 2025 - 1 enero 2026.xlsx,,,2026-05-27 15:01:20.503007,,ajustes,Ajuste por Compra Protegida (BPP),False
ML,POS_116762193743_1 julio 2025 - 1 enero 2026.xlsx_5596,2000012166678438,2025-03-07,bpp_refunded,29990.0,PAGO,1 julio 2025 - 1 enero 2026.xlsx,,,2026-05-27 15:01:20.503007,,ajustes,Ajuste por Compra Protegida (BPP),False
ML,POS_117257576112_1 julio 2025 - 1 enero 2026.xlsx_5597,2000012166671272,2025-03-07,bpp_refunded,29990.0,PAGO,1 julio 2025 - 1 enero 2026.xlsx,,,2026-05-27 15:01:20.503007,,ajustes,Ajuste por Compra Protegida (BPP),False
ML,POS_116752862641_1 julio 2025 - 1 enero 2026.xlsx_5598,nan,2025-03-07,Ajuste Poscobro,523.0,PAGO,1 julio 2025 - 1 enero 2026.xlsx,,,2026-05-27 15:01:20.503007,,ajustes,Ajuste Poscobro General,True
ML,POS_117247853070_1 julio 2025 - 1 enero 2026.xlsx_5599,2000012165409668,2025-03-07,bpp_refunded,18990.0,PAGO,1 julio 2025 - 1 enero 2026.xlsx,,,2026-05-27 15:01:20.503007,,ajustes,Ajuste por Compra Protegida (BPP),False
ML,POS_116730687325_1 julio 2025 - 1 enero 2026.xlsx_5602,2000012163006096,2025-03-07,bpp_refunded,37990.0,PAGO,1 julio 2025 - 1 enero 2026.xlsx,,,2026-05-27 15:01:20.503007,,ajustes,Ajuste por Compra Protegida (BPP),False
ML,POS_116730247201_1 julio 2025 - 1 enero 2026.xlsx_5603,2000012162917594,2025-03-07,bpp_refunded,22990.0,PAGO,1 julio 2025 - 1 enero 2026.xlsx,,,2026-05-27 15:01:20.503007,,ajustes,Ajuste por Compra Protegida (BPP),False
ML,POS_116720273065_1 julio 2025 - 1 enero 2026.xlsx_5604,2000012161965318,2025-03-07,reconciled,47990.0,PAGO,1 julio 2025 - 1 enero 2026.xlsx,,,2026-05-27 15:01:20.503007,,ajustes,Ajuste Poscobro Conciliado,False
ML,POS_116706552373_1 julio 2025 - 1 enero 2026.xlsx_5605,nan,2025-03-07,Ajuste Poscobro,523.0,PAGO,1 julio 2025 - 1 enero 2026.xlsx,,,2026-05-27 15:01:20.503007,,ajustes,Ajuste Poscobro General,True
ML,POS_117200971022_1 julio 2025 - 1 enero 2026.xlsx_5606,2000012161146624,2025-03-07,bpp_refunded,24990.0,PAGO,1 julio 2025 - 1 enero 2026.xlsx,,,2026-05-27 15:01:20.503007,,ajustes,Ajuste por Compra Protegida (BPP),False
ML,POS_117200933096_1 julio 2025 - 1 enero 2026.xlsx_5607,2000012161146620,2025-03-07,bpp_refunded,24990.0,PAGO,1 julio 2025 - 1 enero 2026.xlsx,,,2026-05-27 15:01:20.503007,,ajustes,Ajuste por Compra Protegida (BPP),False
ML,POS_117201020900_1 julio 2025 - 1 enero 2026.xlsx_5608,2000012161146622,2025-03-07,bpp_refunded,19990.0,PAGO,1 julio 2025 - 1 enero 2026.xlsx,,,2026-05-27 15:01:20.503007,,ajustes,Ajuste por Compra Protegida (BPP),False
ML,POS_116705350965_1 julio 2025 - 1 enero 2026.xlsx_5609,2000012161073426,2025-03-07,bpp_refunded,29990.0,PAGO,1 julio 2025 - 1 enero 2026.xlsx,,,2026-05-27 15:01:20.503007,,ajustes,Ajuste por Compra Protegida (BPP),False
ML,POS_117197737642_1 julio 2025 - 1 enero 2026.xlsx_5610,nan,2025-03-07,Ajuste Poscobro,523.0,PAGO,1 julio 2025 - 1 enero 2026.xlsx,,,2026-05-27 15:01:20.503007,,ajustes,Ajuste Poscobro General,True
ML,POS_117197733132_1 julio 2025 - 1 enero 2026.xlsx_5611,2000012160999764,2025-03-07,reconciled,25990.0,PAGO,1 julio 2025 - 1 enero 2026.xlsx,,,2026-05-27 15:01:20.503007,,ajustes,Ajuste Poscobro Conciliado,False
ML,POS_116694716359_1 julio 2025 - 1 enero 2026.xlsx_5612,2000012160162294,2025-02-07,reconciled,33462.0,PAGO,1 julio 2025 - 1 enero 2026.xlsx,,,2026-05-27 15:01:20.503007,,ajustes,Ajuste Poscobro Conciliado,False
ML,POS_116694627821_1 julio 2025 - 1 enero 2026.xlsx_5613,2000012160162294,2025-02-07,bpp_refunded,1528.0,PAGO,1 julio 2025 - 1 enero 2026.xlsx,,,2026-05-27 15:01:20.503007,,ajustes,Ajuste por Compra Protegida (BPP),False
ML,POS_116694140387_1 julio 2025 - 1 enero 2026.xlsx_5615,2000012160041576,2025-02-07,bpp_refunded,29990.0,PAGO,1 julio 2025 - 1 enero 2026.xlsx,,,2026-05-27 15:01:20.503007,,ajustes,Ajuste por Compra Protegida (BPP),False
ML,POS_117182579514_1 julio 2025 - 1 enero 2026.xlsx_5616,nan,2025-02-07,Ajuste Poscobro,523.0,PAGO,1 julio 2025 - 1 enero 2026.xlsx,,,2026-05-27 15:01:20.503007,,ajustes,Ajuste Poscobro General,True
ML,POS_117182417096_1 julio 2025 - 1 enero 2026.xlsx_5617,2000012158924060,2025-02-07,bpp_refunded,29990.0,PAGO,1 julio 2025 - 1 enero 2026.xlsx,,,2026-05-27 15:01:20.503007,,ajustes,Ajuste por Compra Protegida (BPP),False
ML,POS_116678546213_1 julio 2025 - 1 enero 2026.xlsx_5618,2000012157448930,2025-02-07,reconciled,33990.0,PAGO,1 julio 2025 - 1 enero 2026.xlsx,,,2026-05-27 15:01:20.503007,,ajustes,Ajuste Poscobro Conciliado,False
ML,POS_117163776688_1 julio 2025 - 1 enero 2026.xlsx_5619,2000012156402128,2025-02-07,reconciled,25990.0,PAGO,1 julio 2025 - 1 enero 2026.xlsx,,,2026-05-27 15:01:20.503007,,ajustes,Ajuste Poscobro Conciliado,False
ML,POS_116645085743_1 julio 2025 - 1 enero 2026.xlsx_5620,2000012153926096,2025-02-07,reconciled,33990.0,PAGO,1 julio 2025 - 1 enero 2026.xlsx,,,2026-05-27 15:01:20.503007,,ajustes,Ajuste Poscobro Conciliado,False
ML,POS_117138831382_1 julio 2025 - 1 enero 2026.xlsx_5621,nan,2025-02-07,bpp_refunded,3451.0,PAGO,1 julio 2025 - 1 enero 2026.xlsx,,,2026-05-27 15:01:20.503007,,ajustes,Ajuste por Compra Protegida (BPP),False
ML,POS_117138823390_1 julio 2025 - 1 enero 2026.xlsx_5622,2000012153834178,2025-02-07,bpp_refunded,6990.0,PAGO,1 julio 2025 - 1 enero 2026.xlsx,,,2026-05-27 15:01:20.503007,,ajustes,Ajuste por Compra Protegida (BPP),False
ML,POS_117116912710_1 julio 2025 - 1 enero 2026.xlsx_5623,2000012150977352,2025-02-07,compensated,43990.0,PAGO,1 julio 2025 - 1 enero 2026.xlsx,,,2026-05-27 15:01:20.503007,,ajustes,Ajuste Poscobro Conciliado,True
ML,POS_117109849788_1 julio 2025 - 1 enero 2026.xlsx_5624,2000012150237454,2025-02-07,bpp_refunded,19980.0,PAGO,1 julio 2025 - 1 enero 2026.xlsx,,,2026-05-27 15:01:20.503007,,ajustes,Ajuste por Compra Protegida (BPP),False
ML,POS_117104534566_1 julio 2025 - 1 enero 2026.xlsx_5625,2000012149619928,2025-02-07,Ajuste Poscobro,19990.0,PAGO,1 julio 2025 - 1 enero 2026.xlsx,,,2026-05-27 15:01:20.503007,,ajustes,Ajuste Poscobro General,True
ML,POS_117104336216_1 julio 2025 - 1 enero 2026.xlsx_5626,nan,2025-02-07,Ajuste Poscobro,448.0,PAGO,1 julio 2025 - 1 enero 2026.xlsx,,,2026-05-27 15:01:20.503007,,ajustes,Ajuste Poscobro General,True
ML,POS_117104300440_1 julio 2025 - 1 enero 2026.xlsx_5627,nan,2025-02-07,Ajuste Poscobro,448.0,PAGO,1 julio 2025 - 1 enero 2026.xlsx,,,2026-05-27 15:01:20.503007,,ajustes,Ajuste Poscobro General,True
ML,POS_116609896553_1 julio 2025 - 1 enero 2026.xlsx_5628,2000012149557946,2025-02-07,bpp_refunded,31990.0,PAGO,1 julio 2025 - 1 enero 2026.xlsx,,,2026-05-27 15:01:20.503007,,ajustes,Ajuste por Compra Protegida (BPP),False
ML,POS_116609904491_1 julio 2025 - 1 enero 2026.xlsx_5629,2000012149570164,2025-02-07,bpp_refunded,59990.0,PAGO,1 julio 2025 - 1 enero 2026.xlsx,,,2026-05-27 15:01:20.503007,,ajustes,Ajuste por Compra Protegida (BPP),False
ML,POS_117104005160_1 julio 2025 - 1 enero 2026.xlsx_5630,2000012149566738,2025-02-07,bpp_refunded,32990.0,PAGO,1 julio 2025 - 1 enero 2026.xlsx,,,2026-05-27 15:01:20.503007,,ajustes,Ajuste por Compra Protegida (BPP),False
ML,POS_116594557591_1 julio 2025 - 1 enero 2026.xlsx_5631,2000012148097428,2025-02-07,bpp_refunded,19990.0,PAGO,1 julio 2025 - 1 enero 2026.xlsx,,,2026-05-27 15:01:20.503007,,ajustes,Ajuste por Compra Protegida (BPP),False
ML,POS_116594530373_1 julio 2025 - 1 enero 2026.xlsx_5632,2000012148091942,2025-02-07,bpp_refunded,39990.0,PAGO,1 julio 2025 - 1 enero 2026.xlsx,,,2026-05-27 15:01:20.503007,,ajustes,Ajuste por Compra Protegida (BPP),False
ML,POS_117066249846_1 julio 2025 - 1 enero 2026.xlsx_5633,2000012146386722,2025-02-07,bpp_refunded,10990.0,PAGO,1 julio 2025 - 1 enero 2026.xlsx,,,2026-05-27 15:01:20.503007,,ajustes,Ajuste por Compra Protegida (BPP),False
ML,POS_116570511701_1 julio 2025 - 1 enero 2026.xlsx_5634,2000012145923064,2025-01-07,bpp_refunded,33990.0,PAGO,1 julio 2025 - 1 enero 2026.xlsx,,,2026-05-27 15:01:20.503007,,ajustes,Ajuste por Compra Protegida (BPP),False
ML,POS_117051819934_1 julio 2025 - 1 enero 2026.xlsx_5635,2000012143770612,2025-01-07,bpp_refunded,34990.0,PAGO,1 julio 2025 - 1 enero 2026.xlsx,,,2026-05-27 15:01:20.503007,,ajustes,Ajuste por Compra Protegida (BPP),False
ML,POS_117051922146_1 julio 2025 - 1 enero 2026.xlsx_5636,2000012143774492,2025-01-07,bpp_refunded,44990.0,PAGO,1 julio 2025 - 1 enero 2026.xlsx,,,2026-05-27 15:01:20.503007,,ajustes,Ajuste por Compra Protegida (BPP),False
ML,POS_116558284751_1 julio 2025 - 1 enero 2026.xlsx_5637,2000012143774490,2025-01-07,bpp_refunded,25990.0,PAGO,1 julio 2025 - 1 enero 2026.xlsx,,,2026-05-27 15:01:20.503007,,ajustes,Ajuste por Compra Protegida (BPP),False
ML,POS_117049427476_1 julio 2025 - 1 enero 2026.xlsx_5638,nan,2025-01-07,Ajuste Poscobro,525.0,PAGO,1 julio 2025 - 1 enero 2026.xlsx,,,2026-05-27 15:01:20.503007,,ajustes,Ajuste Poscobro General,True
ML,POS_116555932321_1 julio 2025 - 1 enero 2026.xlsx_5639,nan,2025-01-07,Ajuste Poscobro,525.0,PAGO,1 julio 2025 - 1 enero 2026.xlsx,,,2026-05-27 15:01:20.503007,,ajustes,Ajuste Poscobro General,True
ML,POS_117049292900_1 julio 2025 - 1 enero 2026.xlsx_5640,2000012143390850,2025-01-07,bpp_refunded,19990.0,PAGO,1 julio 2025 - 1 enero 2026.xlsx,,,2026-05-27 15:01:20.503007,,ajustes,Ajuste por Compra Protegida (BPP),False
ML,POS_116555668543_1 julio 2025 - 1 enero 2026.xlsx_5641,2000012143394642,2025-01-07,bpp_refunded,29990.0,PAGO,1 julio 2025 - 1 enero 2026.xlsx,,,2026-05-27 15:01:20.503007,,ajustes,Ajuste por Compra Protegida (BPP),False
ML,POS_117049253066_1 julio 2025 - 1 enero 2026.xlsx_5642,2000012143390824,2025-01-07,bpp_refunded,33990.0,PAGO,1 julio 2025 - 1 enero 2026.xlsx,,,2026-05-27 15:01:20.503007,,ajustes,Ajuste por Compra Protegida (BPP),False
ML,POS_117004346270_1 julio 2025 - 1 enero 2026.xlsx_5643,2000012138531290,2025-01-07,bpp_refunded,29990.0,PAGO,1 julio 2025 - 1 enero 2026.xlsx,,,2026-05-27 15:01:20.503007,,ajustes,Ajuste por Compra Protegida (BPP),False
ML,POS_116980781410_1 julio 2025 - 1 enero 2026.xlsx_5645,nan,2025-01-07,Ajuste Poscobro,525.0,PAGO,1 julio 2025 - 1 enero 2026.xlsx,,,2026-05-27 15:01:20.503007,,ajustes,Ajuste Poscobro General,True
ML,POS_116487250693_1 julio 2025 - 1 enero 2026.xlsx_5646,2000012135843576,2025-01-07,reconciled,16980.0,PAGO,1 julio 2025 - 1 enero 2026.xlsx,,,2026-05-27 15:01:20.503007,,ajustes,Ajuste Poscobro Conciliado,False
ML,POS_116980547474_1 julio 2025 - 1 enero 2026.xlsx_5647,2000012135843576,2025-01-07,bpp_refunded,5010.0,PAGO,1 julio 2025 - 1 enero 2026.xlsx,,,2026-05-27 15:01:20.503007,,ajustes,Ajuste por Compra Protegida (BPP),False
ML,POS_116975827248_1 julio 2025 - 1 enero 2026.xlsx_5648,2000012135397018,2025-01-07,reconciled,33990.0,PAGO,1 julio 2025 - 1 enero 2026.xlsx,,,2026-05-27 15:01:20.503007,,ajustes,Ajuste Poscobro Conciliado,False
ML,POS_116941315138_1 julio 2025 - 1 enero 2026.xlsx_5649,2000012133043416,2025-01-07,bpp_refunded,47990.0,PAGO,1 julio 2025 - 1 enero 2026.xlsx,,,2026-05-27 15:01:20.503007,,ajustes,Ajuste por Compra Protegida (BPP),False
